example_id,participant_group_id,record_id,prediction_timestamp_us,outer_fold,seed,architecture_id,schedule_id,label,raw_logit,raw_probability,selected_epoch,experiment_id,checkpoint_sha256
004f0e72a3341532b60b926202aed0f09d4baf5395f750c5c42015237a0155e0,MITDB_P101,101,455000000,1,20260927,MODEL_V2_TCN_MEANMAX,MODEL_V2_OPTIMIZER_CORRECTED_V1,0,-4.63686466217041,0.009595068171620369,18,V2-006-OPT-CORR-F01-S20260927,d65f8f5184d943417a4896f0ae87b47606c0ece1ba004892a72656bfd313bf60
0058da084ecaa4ed6e831273040e395df4313666daa5fa8fbb8db8f5db0d9abb,MITDB_P210,210,430000000,1,20260927,MODEL_V2_TCN_MEANMAX,MODEL_V2_OPTIMIZER_CORRECTED_V1,1,6.6520771980285645,0.9987102746963501,18,V2-006-OPT-CORR-F01-S20260927,d65f8f5184d943417a4896f0ae87b47606c0ece1ba004892a72656bfd313bf60
0093818d3e1601471b17ae156e80620560393d709bf115909c6a0dce6cc402ba,MITDB_P101,101,820000000,1,20260927,MODEL_V2_TCN_MEANMAX,MODEL_V2_OPTIMIZER_CORRECTED_V1,0,-5.911890029907227,0.0026997572276741266,18,V2-006-OPT-CORR-F01-S20260927,d65f8f5184d943417a4896f0ae87b47606c0ece1ba004892a72656bfd313bf60
00ae779719f9d7ca5a369deeac1ee1c955379bd2d28f812d55c35b369ef2a708,MITDB_P122,122,1525000000,1,20260927,MODEL_V2_TCN_MEANMAX,MODEL_V2_OPTIMIZER_CORRECTED_V1,0,-6.607761383056641,0.0013480308698490262,18,V2-006-OPT-CORR-F01-S20260927,d65f8f5184d943417a4896f0ae87b47606c0ece1ba004892a72656bfd313bf60
00b1ddf61b4f5b40c6ead7c737cdd9cc67eb57988d01922daa1b7f1855fe47ab,MITDB_P122,122,1100000000,1,20260927,MODEL_V2_TCN_MEANMAX,MODEL_V2_OPTIMIZER_CORRECTED_V1,0,-6.830291748046875,0.0010793765541166067,18,V2-006-OPT-CORR-F01-S20260927,d65f8f5184d943417a4896f0ae87b47606c0ece1ba004892a72656bfd313bf60
00b9e294facd004d92a67d54f134e66823f3c3be6e19c84929f4017f94e23b36,MITDB_P207,207,1335000000,1,20260927,MODEL_V2_TCN_MEANMAX,MODEL_V2_OPTIMIZER_CORRECTED_V1,0,7.25288200378418,0.9992923736572266,18,V2-006-OPT-CORR-F01-S20260927,d65f8f5184d943417a4896f0ae87b47606c0ece1ba004892a72656bfd313bf60
00c6f88a3c9e3181841c9cb0b1b9ac74f5a842662b4e173ff1aea965500dc44b,MITDB_P207,207,935000000,1,20260927,MODEL_V2_TCN_MEANMAX,MODEL_V2_OPTIMIZER_CORRECTED_V1,0,8.061478614807129,0.9996846914291382,18,V2-006-OPT-CORR-F01-S20260927,d65f8f5184d943417a4896f0ae87b47606c0ece1ba004892a72656bfd313bf60
00cad43840164a642a62600c27fb5a8765258841d7989ea54b702efc205e6433,MITDB_P101,101,910000000,1,20260927,MODEL_V2_TCN_MEANMAX,MODEL_V2_OPTIMIZER_CORRECTED_V1,0,-6.623283386230469,0.0013272959040477872,18,V2-006-OPT-CORR-F01-S20260927,d65f8f5184d943417a4896f0ae87b47606c0ece1ba004892a72656bfd313bf60
00d57cc33e9930052ef55995a3ef088ab70a194ef41f0778e492cf20a14eeed2,MITDB_P118,118,920000000,1,20260927,MODEL_V2_TCN_MEANMAX,MODEL_V2_OPTIMIZER_CORRECTED_V1,1,7.043370723724365,0.9991275668144226,18,V2-006-OPT-CORR-F01-S20260927,d65f8f5184d943417a4896f0ae87b47606c0ece1ba004892a72656bfd313bf60
01322123f884dc5193d5867086e151c70012b58d1fa08b062c1c1ba4225c6a01,MITDB_P119,119,1380000000,1,20260927,MODEL_V2_TCN_MEANMAX,MODEL_V2_OPTIMIZER_CORRECTED_V1,1,16.482181549072266,0.9999998807907104,18,V2-006-OPT-CORR-F01-S20260927,d65f8f5184d943417a4896f0ae87b47606c0ece1ba004892a72656bfd313bf60
01348621cbb07fa6f67968f763ba636475f9ec744d65ca8df5370c5f85657d26,MITDB_P207,207,720000000,1,20260927,MODEL_V2_TCN_MEANMAX,MODEL_V2_OPTIMIZER_CORRECTED_V1,0,8.794119834899902,0.9998483657836914,18,V2-006-OPT-CORR-F01-S20260927,d65f8f5184d943417a4896f0ae87b47606c0ece1ba004892a72656bfd313bf60
016eb9baaa10eae1da05263145bc6a6e66a13810852a7e3e8bd7669ae0dba295,MITDB_P118,118,570000000,1,20260927,MODEL_V2_TCN_MEANMAX,MODEL_V2_OPTIMIZER_CORRECTED_V1,1,4.982779502868652,0.993191659450531,18,V2-006-OPT-CORR-F01-S20260927,d65f8f5184d943417a4896f0ae87b47606c0ece1ba004892a72656bfd313bf60
017584353a17bf9160bec0ea574f2ca01b02d1d60c6ca000d9e3c4ca3dc6718a,MITDB_P118,118,1635000000,1,20260927,MODEL_V2_TCN_MEANMAX,MODEL_V2_OPTIMIZER_CORRECTED_V1,0,1.7439534664154053,0.8511885404586792,18,V2-006-OPT-CORR-F01-S20260927,d65f8f5184d943417a4896f0ae87b47606c0ece1ba004892a72656bfd313bf60
0175ba28a2e492a05fd0cc75eb8b6b44742ef39b94ee55f27e24f0f4fbaf5025,MITDB_P119,119,735000000,1,20260927,MODEL_V2_TCN_MEANMAX,MODEL_V2_OPTIMIZER_CORRECTED_V1,1,17.20630645751953,1.0,18,V2-006-OPT-CORR-F01-S20260927,d65f8f5184d943417a4896f0ae87b47606c0ece1ba004892a72656bfd313bf60
0194db2264790fb63692b7b2e9638a2b4d0a258f78b19248a8c66098f326420f,MITDB_P122,122,1530000000,1,20260927,MODEL_V2_TCN_MEANMAX,MODEL_V2_OPTIMIZER_CORRECTED_V1,0,-6.886878967285156,0.0010200542164966464,18,V2-006-OPT-CORR-F01-S20260927,d65f8f5184d943417a4896f0ae87b47606c0ece1ba004892a72656bfd313bf60
01a540e4fa9d2eb1353d6a69c1ec0b380008ddde662c4030475130a3827ac6a5,MITDB_P118,118,745000000,1,20260927,MODEL_V2_TCN_MEANMAX,MODEL_V2_OPTIMIZER_CORRECTED_V1,1,4.292657375335693,0.9865157604217529,18,V2-006-OPT-CORR-F01-S20260927,d65f8f5184d943417a4896f0ae87b47606c0ece1ba004892a72656bfd313bf60
01adeb8e5543b84320279961b57dd9823d28073570789683fd7cf826894dbd79,MITDB_P101,101,1530000000,1,20260927,MODEL_V2_TCN_MEANMAX,MODEL_V2_OPTIMIZER_CORRECTED_V1,0,-6.239277362823486,0.0019474650034680963,18,V2-006-OPT-CORR-F01-S20260927,d65f8f5184d943417a4896f0ae87b47606c0ece1ba004892a72656bfd313bf60
01e48f65be3e84ebdd8bdfb2a7a08ec5c7489b2f59acdc6e99eaff9da58a12b1,MITDB_P207,207,1045000000,1,20260927,MODEL_V2_TCN_MEANMAX,MODEL_V2_OPTIMIZER_CORRECTED_V1,0,7.221697807312012,0.9992700219154358,18,V2-006-OPT-CORR-F01-S20260927,d65f8f5184d943417a4896f0ae87b47606c0ece1ba004892a72656bfd313bf60
01fc0c0f4485b91e9c1fdaf70b6c3acfe3555957e9b32d6f1527b6c55c451b0d,MITDB_P119,119,1340000000,1,20260927,MODEL_V2_TCN_MEANMAX,MODEL_V2_OPTIMIZER_CORRECTED_V1,1,14.2417573928833,0.9999994039535522,18,V2-006-OPT-CORR-F01-S20260927,d65f8f5184d943417a4896f0ae87b47606c0ece1ba004892a72656bfd313bf60
02110cb8aef53269a204e3e5cf7e7306801cc36e5a04ef25a9ff8840334e101b,MITDB_P122,122,455000000,1,20260927,MODEL_V2_TCN_MEANMAX,MODEL_V2_OPTIMIZER_CORRECTED_V1,0,-8.147445678710938,0.00028939006733708084,18,V2-006-OPT-CORR-F01-S20260927,d65f8f5184d943417a4896f0ae87b47606c0ece1ba004892a72656bfd313bf60
027ab5a6bb3fc37867e5ab35ed962cce49270a06c5525c4b5c7d5845ba4a832f,MITDB_P119,119,270000000,1,20260927,MODEL_V2_TCN_MEANMAX,MODEL_V2_OPTIMIZER_CORRECTED_V1,1,16.32162857055664,0.9999998807907104,18,V2-006-OPT-CORR-F01-S20260927,d65f8f5184d943417a4896f0ae87b47606c0ece1ba004892a72656bfd313bf60
027d57051e62ba4113c7dcc04d42bf689a9da5cd1eee0950d5fb613f74061ad9,MITDB_P210,210,265000000,1,20260927,MODEL_V2_TCN_MEANMAX,MODEL_V2_OPTIMIZER_CORRECTED_V1,1,3.2462189197540283,0.9625369906425476,18,V2-006-OPT-CORR-F01-S20260927,d65f8f5184d943417a4896f0ae87b47606c0ece1ba004892a72656bfd313bf60
02b634306bf9f9daad330132a6ba184a60c82d5cb9002b97691e73e0d4fe034a,MITDB_P210,210,670000000,1,20260927,MODEL_V2_TCN_MEANMAX,MODEL_V2_OPTIMIZER_CORRECTED_V1,0,0.4792635142803192,0.6175739169120789,18,V2-006-OPT-CORR-F01-S20260927,d65f8f5184d943417a4896f0ae87b47606c0ece1ba004892a72656bfd313bf60
02d2ad9ba6540ad177811e933a7465e059fba0b08e8b4bbae378a205bef108f9,MITDB_P118,118,1490000000,1,20260927,MODEL_V2_TCN_MEANMAX,MODEL_V2_OPTIMIZER_CORRECTED_V1,0,0.44937947392463684,0.6104916930198669,18,V2-006-OPT-CORR-F01-S20260927,d65f8f5184d943417a4896f0ae87b47606c0ece1ba004892a72656bfd313bf60
02d8b7029142f838e97d188630649a252a7c37537c7964f5bbda112004cabf27,MITDB_P118,118,900000000,1,20260927,MODEL_V2_TCN_MEANMAX,MODEL_V2_OPTIMIZER_CORRECTED_V1,0,4.291393280029297,0.9864989519119263,18,V2-006-OPT-CORR-F01-S20260927,d65f8f5184d943417a4896f0ae87b47606c0ece1ba004892a72656bfd313bf60
03052d41b345c0d824bcc9397a2b89184e3d5ec54be65d51fdb8ce293243f37c,MITDB_P210,210,820000000,1,20260927,MODEL_V2_TCN_MEANMAX,MODEL_V2_OPTIMIZER_CORRECTED_V1,0,2.6968908309936523,0.9368429780006409,18,V2-006-OPT-CORR-F01-S20260927,d65f8f5184d943417a4896f0ae87b47606c0ece1ba004892a72656bfd313bf60
0324ceb93a60f13786855006de31f20f5af38170c43676c97d32b45b1043d584,MITDB_P119,119,1280000000,1,20260927,MODEL_V2_TCN_MEANMAX,MODEL_V2_OPTIMIZER_CORRECTED_V1,1,17.201948165893555,1.0,18,V2-006-OPT-CORR-F01-S20260927,d65f8f5184d943417a4896f0ae87b47606c0ece1ba004892a72656bfd313bf60
0328daead3cd5e3355cb4e21b0305caf748c2c86ccdd68c3da9b1b4ead4d3f31,MITDB_P119,119,1635000000,1,20260927,MODEL_V2_TCN_MEANMAX,MODEL_V2_OPTIMIZER_CORRECTED_V1,1,16.619531631469727,0.9999998807907104,18,V2-006-OPT-CORR-F01-S20260927,d65f8f5184d943417a4896f0ae87b47606c0ece1ba004892a72656bfd313bf60
036bdd1ca32d72dcb97a0ccd370ac85424fc7ecf21c6c5f39dcc21df50f91cf4,MITDB_P119,119,1435000000,1,20260927,MODEL_V2_TCN_MEANMAX,MODEL_V2_OPTIMIZER_CORRECTED_V1,1,16.10774803161621,0.9999998807907104,18,V2-006-OPT-CORR-F01-S20260927,d65f8f5184d943417a4896f0ae87b47606c0ece1ba004892a72656bfd313bf60
03ca8024415765d5b228a51c76365010d60d34d2ba85c13e1cec3dd150e636e9,MITDB_P207,207,740000000,1,20260927,MODEL_V2_TCN_MEANMAX,MODEL_V2_OPTIMIZER_CORRECTED_V1,0,6.456603527069092,0.9984323382377625,18,V2-006-OPT-CORR-F01-S20260927,d65f8f5184d943417a4896f0ae87b47606c0ece1ba004892a72656bfd313bf60
040d30b7eb4597d50a9b0ae28f32001c4440de4a668d081f7cddc04189b0e7bf,MITDB_P210,210,830000000,1,20260927,MODEL_V2_TCN_MEANMAX,MODEL_V2_OPTIMIZER_CORRECTED_V1,1,3.144814968109131,0.9587039947509766,18,V2-006-OPT-CORR-F01-S20260927,d65f8f5184d943417a4896f0ae87b47606c0ece1ba004892a72656bfd313bf60
041f8edd135e210409170306c7cca3ea3bb29bfeaea5996ef81466a0cc5b3f85,MITDB_P119,119,20000000,1,20260927,MODEL_V2_TCN_MEANMAX,MODEL_V2_OPTIMIZER_CORRECTED_V1,1,14.783707618713379,0.9999996423721313,18,V2-006-OPT-CORR-F01-S20260927,d65f8f5184d943417a4896f0ae87b47606c0ece1ba004892a72656bfd313bf60
042f5b01c220ad5f114573385e64f36525d0e7087eca2f8b43ecdbc1625c485f,MITDB_P207,207,1085000000,1,20260927,MODEL_V2_TCN_MEANMAX,MODEL_V2_OPTIMIZER_CORRECTED_V1,0,7.546574115753174,0.999472439289093,18,V2-006-OPT-CORR-F01-S20260927,d65f8f5184d943417a4896f0ae87b47606c0ece1ba004892a72656bfd313bf60
0433a8228705ced2ab6348d1c3e37cd3e6693b6e22c4829d6bd1805ca7ce5406,MITDB_P118,118,1750000000,1,20260927,MODEL_V2_TCN_MEANMAX,MODEL_V2_OPTIMIZER_CORRECTED_V1,1,-0.18667903542518616,0.4534653425216675,18,V2-006-OPT-CORR-F01-S20260927,d65f8f5184d943417a4896f0ae87b47606c0ece1ba004892a72656bfd313bf60
04693ee34603c842f2307cbf7b4cc61db7952ad082a3e50ddbf230a0500592ae,MITDB_P118,118,90000000,1,20260927,MODEL_V2_TCN_MEANMAX,MODEL_V2_OPTIMIZER_CORRECTED_V1,0,4.0578765869140625,0.9830080270767212,18,V2-006-OPT-CORR-F01-S20260927,d65f8f5184d943417a4896f0ae87b47606c0ece1ba004892a72656bfd313bf60
04895e51fb10c4d87649ab9a515e1144cf4a8794e8f394805c55ad53cdc74d6e,MITDB_P210,210,485000000,1,20260927,MODEL_V2_TCN_MEANMAX,MODEL_V2_OPTIMIZER_CORRECTED_V1,0,-0.07847073674201965,0.4803923964500427,18,V2-006-OPT-CORR-F01-S20260927,d65f8f5184d943417a4896f0ae87b47606c0ece1ba004892a72656bfd313bf60
04948b58ed3cdf5914330bc1fd9e3c20d0bf75ef00464e0cedd6e9a973fc5258,MITDB_P118,118,1245000000,1,20260927,MODEL_V2_TCN_MEANMAX,MODEL_V2_OPTIMIZER_CORRECTED_V1,1,6.292768478393555,0.9981537461280823,18,V2-006-OPT-CORR-F01-S20260927,d65f8f5184d943417a4896f0ae87b47606c0ece1ba004892a72656bfd313bf60
049d6f81367fdd5205fde7162721a2c5f133ce8e7b831cea118fb4bf36157586,MITDB_P118,118,555000000,1,20260927,MODEL_V2_TCN_MEANMAX,MODEL_V2_OPTIMIZER_CORRECTED_V1,1,6.479013442993164,0.9984670281410217,18,V2-006-OPT-CORR-F01-S20260927,d65f8f5184d943417a4896f0ae87b47606c0ece1ba004892a72656bfd313bf60
04a6cbc5bb5d7f10ae06d8bc249036fa62aaa15409d16ab88c0c3825a5992978,MITDB_P119,119,1540000000,1,20260927,MODEL_V2_TCN_MEANMAX,MODEL_V2_OPTIMIZER_CORRECTED_V1,1,15.353937149047852,0.9999997615814209,18,V2-006-OPT-CORR-F01-S20260927,d65f8f5184d943417a4896f0ae87b47606c0ece1ba004892a72656bfd313bf60
04b9d908871962dd776fd616e831b6cec432925bd2b12abdfab7af91bf095f77,MITDB_P119,119,350000000,1,20260927,MODEL_V2_TCN_MEANMAX,MODEL_V2_OPTIMIZER_CORRECTED_V1,1,14.446693420410156,0.9999995231628418,18,V2-006-OPT-CORR-F01-S20260927,d65f8f5184d943417a4896f0ae87b47606c0ece1ba004892a72656bfd313bf60
04cd3b7b8f4ee7ef8f0bc847cb0e65b490a6b94993c0a70cfa3257c3d09d0c50,MITDB_P119,119,1030000000,1,20260927,MODEL_V2_TCN_MEANMAX,MODEL_V2_OPTIMIZER_CORRECTED_V1,1,17.25249671936035,1.0,18,V2-006-OPT-CORR-F01-S20260927,d65f8f5184d943417a4896f0ae87b47606c0ece1ba004892a72656bfd313bf60
04dd2d53c66e77b78a7c7d4c745da1a07678e7b8869b9668e0f0e1c6c22ba3d7,MITDB_P101,101,1365000000,1,20260927,MODEL_V2_TCN_MEANMAX,MODEL_V2_OPTIMIZER_CORRECTED_V1,0,-6.820315361022949,0.0010901868809014559,18,V2-006-OPT-CORR-F01-S20260927,d65f8f5184d943417a4896f0ae87b47606c0ece1ba004892a72656bfd313bf60
04dd5541620614e328fa654975e8d6af7267061477187ff8999c98f811548a38,MITDB_P210,210,460000000,1,20260927,MODEL_V2_TCN_MEANMAX,MODEL_V2_OPTIMIZER_CORRECTED_V1,1,2.7691261768341064,0.9409845471382141,18,V2-006-OPT-CORR-F01-S20260927,d65f8f5184d943417a4896f0ae87b47606c0ece1ba004892a72656bfd313bf60
053a647454f69d6cf90f6dbf1a376ee556f4df64558fbfa6018615c5115f1654,MITDB_P101,101,725000000,1,20260927,MODEL_V2_TCN_MEANMAX,MODEL_V2_OPTIMIZER_CORRECTED_V1,0,-5.874916076660156,0.002801161492243409,18,V2-006-OPT-CORR-F01-S20260927,d65f8f5184d943417a4896f0ae87b47606c0ece1ba004892a72656bfd313bf60
053d7d6fcf910137d9825e972140a48ba5a451ae7db4163acbc2582e6ab4350a,MITDB_P118,118,1785000000,1,20260927,MODEL_V2_TCN_MEANMAX,MODEL_V2_OPTIMIZER_CORRECTED_V1,1,8.601214408874512,0.9998161196708679,18,V2-006-OPT-CORR-F01-S20260927,d65f8f5184d943417a4896f0ae87b47606c0ece1ba004892a72656bfd313bf60
0559c6a15f9d3233c5b13b97cd044dba5868fe12f98ea1697da1a4de9077916f,MITDB_P210,210,1255000000,1,20260927,MODEL_V2_TCN_MEANMAX,MODEL_V2_OPTIMIZER_CORRECTED_V1,0,-4.233976364135742,0.014287547208368778,18,V2-006-OPT-CORR-F01-S20260927,d65f8f5184d943417a4896f0ae87b47606c0ece1ba004892a72656bfd313bf60
055bdea068878242218b2f73b0661fa38f73957af2e72a6da391b9f3de710894,MITDB_P101,101,930000000,1,20260927,MODEL_V2_TCN_MEANMAX,MODEL_V2_OPTIMIZER_CORRECTED_V1,0,-4.838544845581055,0.007856356911361217,18,V2-006-OPT-CORR-F01-S20260927,d65f8f5184d943417a4896f0ae87b47606c0ece1ba004892a72656bfd313bf60
056ab87ad7c43eb1b815ab4a49067034668cb75891038ff91fabb0ae9b9eb5a1,MITDB_P119,119,865000000,1,20260927,MODEL_V2_TCN_MEANMAX,MODEL_V2_OPTIMIZER_CORRECTED_V1,1,16.959869384765625,1.0,18,V2-006-OPT-CORR-F01-S20260927,d65f8f5184d943417a4896f0ae87b47606c0ece1ba004892a72656bfd313bf60
056b5aeb24189f4cba35b7f964a2ed1ebf79f33e60848abf5865c926f3180960,MITDB_P119,119,1795000000,1,20260927,MODEL_V2_TCN_MEANMAX,MODEL_V2_OPTIMIZER_CORRECTED_V1,1,20.60495376586914,1.0,18,V2-006-OPT-CORR-F01-S20260927,d65f8f5184d943417a4896f0ae87b47606c0ece1ba004892a72656bfd313bf60
056f4d093e28aa2d63b6b1860b564f61c73dd2e82de54c886c54a0b6ff8268cf,MITDB_P207,207,860000000,1,20260927,MODEL_V2_TCN_MEANMAX,MODEL_V2_OPTIMIZER_CORRECTED_V1,0,8.404624938964844,0.9997761845588684,18,V2-006-OPT-CORR-F01-S20260927,d65f8f5184d943417a4896f0ae87b47606c0ece1ba004892a72656bfd313bf60
05a95bb1a71e137b07ec820a4f630edcdf23dea3dc0b80347dc8c0ec0c0b9640,MITDB_P118,118,610000000,1,20260927,MODEL_V2_TCN_MEANMAX,MODEL_V2_OPTIMIZER_CORRECTED_V1,1,9.745306968688965,0.9999414682388306,18,V2-006-OPT-CORR-F01-S20260927,d65f8f5184d943417a4896f0ae87b47606c0ece1ba004892a72656bfd313bf60
05dcc19e202933b47a7c73276fe2725ed06a88c76d146155d2b6483dd146d045,MITDB_P210,210,225000000,1,20260927,MODEL_V2_TCN_MEANMAX,MODEL_V2_OPTIMIZER_CORRECTED_V1,1,3.7592062950134277,0.9772284030914307,18,V2-006-OPT-CORR-F01-S20260927,d65f8f5184d943417a4896f0ae87b47606c0ece1ba004892a72656bfd313bf60
05dd15e8fa25a5acc711b31ff6e3c3928fd454930b99abae56e44f93815d3e8a,MITDB_P119,119,585000000,1,20260927,MODEL_V2_TCN_MEANMAX,MODEL_V2_OPTIMIZER_CORRECTED_V1,1,13.725933074951172,0.999998927116394,18,V2-006-OPT-CORR-F01-S20260927,d65f8f5184d943417a4896f0ae87b47606c0ece1ba004892a72656bfd313bf60
05f137be206465f816905334622f5858095faf6e8bcab220a83ac246541bfb44,MITDB_P207,207,1295000000,1,20260927,MODEL_V2_TCN_MEANMAX,MODEL_V2_OPTIMIZER_CORRECTED_V1,0,7.039894104003906,0.9991245865821838,18,V2-006-OPT-CORR-F01-S20260927,d65f8f5184d943417a4896f0ae87b47606c0ece1ba004892a72656bfd313bf60
0605d5b3d401516ea8200edcdf89d5fdafd7c47695c468e292d31891680562d5,MITDB_P210,210,505000000,1,20260927,MODEL_V2_TCN_MEANMAX,MODEL_V2_OPTIMIZER_CORRECTED_V1,1,9.285511016845703,0.9999072551727295,18,V2-006-OPT-CORR-F01-S20260927,d65f8f5184d943417a4896f0ae87b47606c0ece1ba004892a72656bfd313bf60
064102bab9c9c65d029e423d9e6c8cf62222c7ea956e5a1a5b82e572c205d037,MITDB_P122,122,500000000,1,20260927,MODEL_V2_TCN_MEANMAX,MODEL_V2_OPTIMIZER_CORRECTED_V1,0,-7.738080978393555,0.00043571737478487194,18,V2-006-OPT-CORR-F01-S20260927,d65f8f5184d943417a4896f0ae87b47606c0ece1ba004892a72656bfd313bf60
06518646745b9c4d833d64b46e84cd76e56f58a531b74e4150b9e1dc946f890c,MITDB_P101,101,665000000,1,20260927,MODEL_V2_TCN_MEANMAX,MODEL_V2_OPTIMIZER_CORRECTED_V1,0,-5.506868362426758,0.004042390733957291,18,V2-006-OPT-CORR-F01-S20260927,d65f8f5184d943417a4896f0ae87b47606c0ece1ba004892a72656bfd313bf60
068fd804594d60ec950376b7bf58b94a21ba0fe8d55755920ecade4db73e25ac,MITDB_P101,101,1110000000,1,20260927,MODEL_V2_TCN_MEANMAX,MODEL_V2_OPTIMIZER_CORRECTED_V1,0,-6.39833927154541,0.0016615536296740174,18,V2-006-OPT-CORR-F01-S20260927,d65f8f5184d943417a4896f0ae87b47606c0ece1ba004892a72656bfd313bf60
0691ba28b4822b038a4a1a61852ac6b5c5f5ab722746cc71e7e715d00bc6d625,MITDB_P207,207,210000000,1,20260927,MODEL_V2_TCN_MEANMAX,MODEL_V2_OPTIMIZER_CORRECTED_V1,1,15.996978759765625,0.9999998807907104,18,V2-006-OPT-CORR-F01-S20260927,d65f8f5184d943417a4896f0ae87b47606c0ece1ba004892a72656bfd313bf60
06b91fd51eb3c348829eb0e8e1b616ba4d9cbd0e95e9eff4d2619a5d7e02f630,MITDB_P101,101,440000000,1,20260927,MODEL_V2_TCN_MEANMAX,MODEL_V2_OPTIMIZER_CORRECTED_V1,0,-6.444533348083496,0.001586664468050003,18,V2-006-OPT-CORR-F01-S20260927,d65f8f5184d943417a4896f0ae87b47606c0ece1ba004892a72656bfd313bf60
06bfeac5a2f208d7ea01761fb1d2356a48a2c5b86bae286a5dd17a60f6e78deb,MITDB_P207,207,1530000000,1,20260927,MODEL_V2_TCN_MEANMAX,MODEL_V2_OPTIMIZER_CORRECTED_V1,0,4.953824520111084,0.9929931163787842,18,V2-006-OPT-CORR-F01-S20260927,d65f8f5184d943417a4896f0ae87b47606c0ece1ba004892a72656bfd313bf60
06c0819359864c887662065967104d85d7805e7141714fb3a47988717c2f0429,MITDB_P101,101,1075000000,1,20260927,MODEL_V2_TCN_MEANMAX,MODEL_V2_OPTIMIZER_CORRECTED_V1,0,-5.376128196716309,0.004604398272931576,18,V2-006-OPT-CORR-F01-S20260927,d65f8f5184d943417a4896f0ae87b47606c0ece1ba004892a72656bfd313bf60
06f628113805962b16cd26018796f1187822c3c34563e18d73edea853546af25,MITDB_P118,118,970000000,1,20260927,MODEL_V2_TCN_MEANMAX,MODEL_V2_OPTIMIZER_CORRECTED_V1,1,7.868276596069336,0.9996174573898315,18,V2-006-OPT-CORR-F01-S20260927,d65f8f5184d943417a4896f0ae87b47606c0ece1ba004892a72656bfd313bf60
071509e6206944a85d8a2da3b06f431cc6937e9bec9b64a45cdc533f9be83320,MITDB_P119,119,395000000,1,20260927,MODEL_V2_TCN_MEANMAX,MODEL_V2_OPTIMIZER_CORRECTED_V1,1,13.824163436889648,0.9999990463256836,18,V2-006-OPT-CORR-F01-S20260927,d65f8f5184d943417a4896f0ae87b47606c0ece1ba004892a72656bfd313bf60
071c46fcffaf19147b9f776215cc15a3edc8ba0f7ed1cdad18a963c3a227df74,MITDB_P101,101,825000000,1,20260927,MODEL_V2_TCN_MEANMAX,MODEL_V2_OPTIMIZER_CORRECTED_V1,0,-5.848293304443359,0.0028765201568603516,18,V2-006-OPT-CORR-F01-S20260927,d65f8f5184d943417a4896f0ae87b47606c0ece1ba004892a72656bfd313bf60
075a6a7472d621c258036ada6b7b4eb8e398b177100ef2393e0f32dfa76c3a81,MITDB_P101,101,1660000000,1,20260927,MODEL_V2_TCN_MEANMAX,MODEL_V2_OPTIMIZER_CORRECTED_V1,0,-6.410057067871094,0.0016422293847426772,18,V2-006-OPT-CORR-F01-S20260927,d65f8f5184d943417a4896f0ae87b47606c0ece1ba004892a72656bfd313bf60
07d3ce86ceb8dd6ef9541e2c551b9a320e30b639c90a9232246dae51b0185597,MITDB_P210,210,555000000,1,20260927,MODEL_V2_TCN_MEANMAX,MODEL_V2_OPTIMIZER_CORRECTED_V1,1,8.176822662353516,0.999718964099884,18,V2-006-OPT-CORR-F01-S20260927,d65f8f5184d943417a4896f0ae87b47606c0ece1ba004892a72656bfd313bf60
07e3b5b42541a86ae14e47d00349cc3c16c49a6ae3bc0e96f7acdf05cfefcc61,MITDB_P118,118,750000000,1,20260927,MODEL_V2_TCN_MEANMAX,MODEL_V2_OPTIMIZER_CORRECTED_V1,1,4.981682300567627,0.9931842684745789,18,V2-006-OPT-CORR-F01-S20260927,d65f8f5184d943417a4896f0ae87b47606c0ece1ba004892a72656bfd313bf60
089ee93618163a7755f5989aeb186bd9d474b9040b7ed02057a4f86a02b5ed31,MITDB_P101,101,1165000000,1,20260927,MODEL_V2_TCN_MEANMAX,MODEL_V2_OPTIMIZER_CORRECTED_V1,0,-6.51522159576416,0.0014785383827984333,18,V2-006-OPT-CORR-F01-S20260927,d65f8f5184d943417a4896f0ae87b47606c0ece1ba004892a72656bfd313bf60
08b6a04a131ca20f0011082bf7dd777bb6ab20fba0a271d22549339931c6121c,MITDB_P207,207,1095000000,1,20260927,MODEL_V2_TCN_MEANMAX,MODEL_V2_OPTIMIZER_CORRECTED_V1,0,7.757556915283203,0.9995726943016052,18,V2-006-OPT-CORR-F01-S20260927,d65f8f5184d943417a4896f0ae87b47606c0ece1ba004892a72656bfd313bf60
08c5049ff479c2e42d31906b34cd6ed31d065283343ef3669decd6f2829ad65d,MITDB_P119,119,110000000,1,20260927,MODEL_V2_TCN_MEANMAX,MODEL_V2_OPTIMIZER_CORRECTED_V1,0,-7.024883270263672,0.0008886808645911515,18,V2-006-OPT-CORR-F01-S20260927,d65f8f5184d943417a4896f0ae87b47606c0ece1ba004892a72656bfd313bf60
08ec7da27b106dfe18afc1dda267c4dfe6918112ab37c1d3c60c6f03cfc151e9,MITDB_P207,207,325000000,1,20260927,MODEL_V2_TCN_MEANMAX,MODEL_V2_OPTIMIZER_CORRECTED_V1,0,9.75837230682373,0.9999421834945679,18,V2-006-OPT-CORR-F01-S20260927,d65f8f5184d943417a4896f0ae87b47606c0ece1ba004892a72656bfd313bf60
0930d32cdef1be164fa7987ce15e69d498e5bcc58143921d28af2d8a8210fff3,MITDB_P122,122,1365000000,1,20260927,MODEL_V2_TCN_MEANMAX,MODEL_V2_OPTIMIZER_CORRECTED_V1,0,-6.376332759857178,0.001698461128398776,18,V2-006-OPT-CORR-F01-S20260927,d65f8f5184d943417a4896f0ae87b47606c0ece1ba004892a72656bfd313bf60
099a67d453f00c9426879360cd3ced20f272e8e69dd654a1cde598207f0da07e,MITDB_P118,118,765000000,1,20260927,MODEL_V2_TCN_MEANMAX,MODEL_V2_OPTIMIZER_CORRECTED_V1,1,7.395010471343994,0.9993860721588135,18,V2-006-OPT-CORR-F01-S20260927,d65f8f5184d943417a4896f0ae87b47606c0ece1ba004892a72656bfd313bf60
09c13d5f85884cc96b51bdce7f47a34f8736efc3d86da62b57a2dc638624534b,MITDB_P101,101,1130000000,1,20260927,MODEL_V2_TCN_MEANMAX,MODEL_V2_OPTIMIZER_CORRECTED_V1,0,-5.673187255859375,0.003425121773034334,18,V2-006-OPT-CORR-F01-S20260927,d65f8f5184d943417a4896f0ae87b47606c0ece1ba004892a72656bfd313bf60
0a004eb978f3399700460c94b9dc10513edf7a3060ef216c5a8e1c97741721c1,MITDB_P210,210,75000000,1,20260927,MODEL_V2_TCN_MEANMAX,MODEL_V2_OPTIMIZER_CORRECTED_V1,1,3.225501298904419,0.961782693862915,18,V2-006-OPT-CORR-F01-S20260927,d65f8f5184d943417a4896f0ae87b47606c0ece1ba004892a72656bfd313bf60
0a2e95de675bc0553b927a372fac97cfa0c1fffd78015ee844bc18c42cfbfd68,MITDB_P210,210,685000000,1,20260927,MODEL_V2_TCN_MEANMAX,MODEL_V2_OPTIMIZER_CORRECTED_V1,1,2.7405381202697754,0.939376711845398,18,V2-006-OPT-CORR-F01-S20260927,d65f8f5184d943417a4896f0ae87b47606c0ece1ba004892a72656bfd313bf60
0a570849d999ea470b072d23cd7ba4b31c0cbba373bd337f5df586d40108f6b5,MITDB_P119,119,460000000,1,20260927,MODEL_V2_TCN_MEANMAX,MODEL_V2_OPTIMIZER_CORRECTED_V1,1,16.61939239501953,0.9999998807907104,18,V2-006-OPT-CORR-F01-S20260927,d65f8f5184d943417a4896f0ae87b47606c0ece1ba004892a72656bfd313bf60
0a9a216e19ee85bbdf5d5f5df2eaba557862be8a0729ec7ce452b441f28b085f,MITDB_P210,210,10000000,1,20260927,MODEL_V2_TCN_MEANMAX,MODEL_V2_OPTIMIZER_CORRECTED_V1,1,2.0440335273742676,0.8853433728218079,18,V2-006-OPT-CORR-F01-S20260927,d65f8f5184d943417a4896f0ae87b47606c0ece1ba004892a72656bfd313bf60
0ab0ab9f671153208142647b6042abc44ae919410f041bb8cf3911eccc1c65da,MITDB_P119,119,65000000,1,20260927,MODEL_V2_TCN_MEANMAX,MODEL_V2_OPTIMIZER_CORRECTED_V1,1,15.356861114501953,0.9999997615814209,18,V2-006-OPT-CORR-F01-S20260927,d65f8f5184d943417a4896f0ae87b47606c0ece1ba004892a72656bfd313bf60
0ac9d3cc2d6a836ae592135af9b94f620777a1329ea8d49105579d572e50e89c,MITDB_P207,207,1040000000,1,20260927,MODEL_V2_TCN_MEANMAX,MODEL_V2_OPTIMIZER_CORRECTED_V1,0,5.4821271896362305,0.9958567023277283,18,V2-006-OPT-CORR-F01-S20260927,d65f8f5184d943417a4896f0ae87b47606c0ece1ba004892a72656bfd313bf60
0ad0bd97d54fb3c3e3a55dcb2a379b99b1c3edcea9c7fd28a07f01bf5a43fc6e,MITDB_P118,118,375000000,1,20260927,MODEL_V2_TCN_MEANMAX,MODEL_V2_OPTIMIZER_CORRECTED_V1,0,6.41395378112793,0.9983641505241394,18,V2-006-OPT-CORR-F01-S20260927,d65f8f5184d943417a4896f0ae87b47606c0ece1ba004892a72656bfd313bf60
0af9f8ebacd0b04a3e8a2dde58c41755e35e4064107e045720045bb2bd487525,MITDB_P119,119,640000000,1,20260927,MODEL_V2_TCN_MEANMAX,MODEL_V2_OPTIMIZER_CORRECTED_V1,1,15.463068962097168,0.9999997615814209,18,V2-006-OPT-CORR-F01-S20260927,d65f8f5184d943417a4896f0ae87b47606c0ece1ba004892a72656bfd313bf60
0b0ffe4b77fdead546aae0eb4b70fedbdb7fc3f6a9fb2b066def853a330760c3,MITDB_P122,122,620000000,1,20260927,MODEL_V2_TCN_MEANMAX,MODEL_V2_OPTIMIZER_CORRECTED_V1,0,-6.503559589385986,0.0014958560932427645,18,V2-006-OPT-CORR-F01-S20260927,d65f8f5184d943417a4896f0ae87b47606c0ece1ba004892a72656bfd313bf60
0b61e4293a814b8810eabc3136fb955cca8607c465991b949bcbf67fbfc503f1,MITDB_P207,207,1025000000,1,20260927,MODEL_V2_TCN_MEANMAX,MODEL_V2_OPTIMIZER_CORRECTED_V1,0,7.597933769226074,0.999498724937439,18,V2-006-OPT-CORR-F01-S20260927,d65f8f5184d943417a4896f0ae87b47606c0ece1ba004892a72656bfd313bf60
0b87be3f70c27bedbdfe760a743e1edbe3acb4028f17db40bc66689b41075381,MITDB_P207,207,340000000,1,20260927,MODEL_V2_TCN_MEANMAX,MODEL_V2_OPTIMIZER_CORRECTED_V1,0,6.543252944946289,0.9985622763633728,18,V2-006-OPT-CORR-F01-S20260927,d65f8f5184d943417a4896f0ae87b47606c0ece1ba004892a72656bfd313bf60
0bf15aaea74ecd902ef20f18e290df8cd75563e741551f4db542354760f647ce,MITDB_P122,122,470000000,1,20260927,MODEL_V2_TCN_MEANMAX,MODEL_V2_OPTIMIZER_CORRECTED_V1,0,-8.681568145751953,0.00016965597751550376,18,V2-006-OPT-CORR-F01-S20260927,d65f8f5184d943417a4896f0ae87b47606c0ece1ba004892a72656bfd313bf60
0bf1ade80e16272b01d54830268d898db455690604396413d2159bfcf01bc522,MITDB_P101,101,770000000,1,20260927,MODEL_V2_TCN_MEANMAX,MODEL_V2_OPTIMIZER_CORRECTED_V1,0,-6.38335657119751,0.0016865931684151292,18,V2-006-OPT-CORR-F01-S20260927,d65f8f5184d943417a4896f0ae87b47606c0ece1ba004892a72656bfd313bf60
0c2d54bb959235a26cb5cf0ea3d09fea36a1d1d99a7aa7c7a6f625eea15ad7f7,MITDB_P118,118,1630000000,1,20260927,MODEL_V2_TCN_MEANMAX,MODEL_V2_OPTIMIZER_CORRECTED_V1,1,6.018962383270264,0.9975736737251282,18,V2-006-OPT-CORR-F01-S20260927,d65f8f5184d943417a4896f0ae87b47606c0ece1ba004892a72656bfd313bf60
0c3067a44f39b2473fdefb99a93a1b0d97802da49e92fa36a9a40b1117d9df2f,MITDB_P210,210,965000000,1,20260927,MODEL_V2_TCN_MEANMAX,MODEL_V2_OPTIMIZER_CORRECTED_V1,1,13.01362419128418,0.9999977350234985,18,V2-006-OPT-CORR-F01-S20260927,d65f8f5184d943417a4896f0ae87b47606c0ece1ba004892a72656bfd313bf60
0c47e63666b657fbe6dc0253f020455b73b37ad612f489461ec723fbe6d8b175,MITDB_P122,122,1305000000,1,20260927,MODEL_V2_TCN_MEANMAX,MODEL_V2_OPTIMIZER_CORRECTED_V1,0,-6.87623405456543,0.0010309593053534627,18,V2-006-OPT-CORR-F01-S20260927,d65f8f5184d943417a4896f0ae87b47606c0ece1ba004892a72656bfd313bf60
0c525e71256b0d01bf659e204f5db90f5715ff4f9406af05c7f730d5eda5258f,MITDB_P101,101,460000000,1,20260927,MODEL_V2_TCN_MEANMAX,MODEL_V2_OPTIMIZER_CORRECTED_V1,0,-5.8122124671936035,0.0029818874318152666,18,V2-006-OPT-CORR-F01-S20260927,d65f8f5184d943417a4896f0ae87b47606c0ece1ba004892a72656bfd313bf60
0c5a83b3fd94abeaf5260c0cc8d8289e69fe59b7cd062f506b4744042c6546db,MITDB_P118,118,1165000000,1,20260927,MODEL_V2_TCN_MEANMAX,MODEL_V2_OPTIMIZER_CORRECTED_V1,0,4.107430458068848,0.9838162064552307,18,V2-006-OPT-CORR-F01-S20260927,d65f8f5184d943417a4896f0ae87b47606c0ece1ba004892a72656bfd313bf60
0c717b0d524b7e9691990e657928ee93f74af1ca440a97da97f677c3726ecd0a,MITDB_P122,122,635000000,1,20260927,MODEL_V2_TCN_MEANMAX,MODEL_V2_OPTIMIZER_CORRECTED_V1,0,-6.541947364807129,0.0014396028127521276,18,V2-006-OPT-CORR-F01-S20260927,d65f8f5184d943417a4896f0ae87b47606c0ece1ba004892a72656bfd313bf60
0ca36ac0ba820d3a1a0f72429ab15dcc4d7c86494f891939e65bcedcffb0df92,MITDB_P119,119,1020000000,1,20260927,MODEL_V2_TCN_MEANMAX,MODEL_V2_OPTIMIZER_CORRECTED_V1,1,18.016311645507812,1.0,18,V2-006-OPT-CORR-F01-S20260927,d65f8f5184d943417a4896f0ae87b47606c0ece1ba004892a72656bfd313bf60
0ca3997d66e77f66089c3bd2a62071b14c1b57b5898aa677b7d4ba26a2d52659,MITDB_P101,101,635000000,1,20260927,MODEL_V2_TCN_MEANMAX,MODEL_V2_OPTIMIZER_CORRECTED_V1,0,-6.577237606048584,0.0013897543540224433,18,V2-006-OPT-CORR-F01-S20260927,d65f8f5184d943417a4896f0ae87b47606c0ece1ba004892a72656bfd313bf60
0cb9259c83cda1ab6affa43974e2bccc24210ce82dbea1a856b2605786b0b0d2,MITDB_P119,119,665000000,1,20260927,MODEL_V2_TCN_MEANMAX,MODEL_V2_OPTIMIZER_CORRECTED_V1,0,-6.9690656661987305,0.0009396474924869835,18,V2-006-OPT-CORR-F01-S20260927,d65f8f5184d943417a4896f0ae87b47606c0ece1ba004892a72656bfd313bf60
0ccc191f3f5093a636b71c100d1e095cc94283e3ce76230cba0c663b6bbecd54,MITDB_P118,118,1585000000,1,20260927,MODEL_V2_TCN_MEANMAX,MODEL_V2_OPTIMIZER_CORRECTED_V1,0,0.32936254143714905,0.5816042423248291,18,V2-006-OPT-CORR-F01-S20260927,d65f8f5184d943417a4896f0ae87b47606c0ece1ba004892a72656bfd313bf60
0ccfab1407eb598f291e6739ff8b52ffee450a6d7cf12e31062164f7f4c23498,MITDB_P122,122,335000000,1,20260927,MODEL_V2_TCN_MEANMAX,MODEL_V2_OPTIMIZER_CORRECTED_V1,0,-6.749624252319336,0.0011699493043124676,18,V2-006-OPT-CORR-F01-S20260927,d65f8f5184d943417a4896f0ae87b47606c0ece1ba004892a72656bfd313bf60
0cdd92acc970df3576e7e878fc8cc9691784e683658f27564b6eb967ddc4708a,MITDB_P119,119,190000000,1,20260927,MODEL_V2_TCN_MEANMAX,MODEL_V2_OPTIMIZER_CORRECTED_V1,1,14.980181694030762,0.9999996423721313,18,V2-006-OPT-CORR-F01-S20260927,d65f8f5184d943417a4896f0ae87b47606c0ece1ba004892a72656bfd313bf60
0ce5c327d94ccb2987be9ea1ea6ab14906b80f4f5bfa2279993823dd6292201a,MITDB_P207,207,100000000,1,20260927,MODEL_V2_TCN_MEANMAX,MODEL_V2_OPTIMIZER_CORRECTED_V1,1,10.331350326538086,0.9999674558639526,18,V2-006-OPT-CORR-F01-S20260927,d65f8f5184d943417a4896f0ae87b47606c0ece1ba004892a72656bfd313bf60
0d11670effd06ae44dab3ca2d7b6daae88139a7aeda35e4b75f37251154e6b4e,MITDB_P118,118,385000000,1,20260927,MODEL_V2_TCN_MEANMAX,MODEL_V2_OPTIMIZER_CORRECTED_V1,0,5.429315567016602,0.995633065700531,18,V2-006-OPT-CORR-F01-S20260927,d65f8f5184d943417a4896f0ae87b47606c0ece1ba004892a72656bfd313bf60
0d6d3eedf5f074551f596cd4e68c42903b6be7fa158cbec97c61b0b9aad0f5e5,MITDB_P101,101,675000000,1,20260927,MODEL_V2_TCN_MEANMAX,MODEL_V2_OPTIMIZER_CORRECTED_V1,0,-5.604599952697754,0.0036673934664577246,18,V2-006-OPT-CORR-F01-S20260927,d65f8f5184d943417a4896f0ae87b47606c0ece1ba004892a72656bfd313bf60
0d82300addafa9b00609de9558399442fe9c98ed499d27182d115baa165d8b23,MITDB_P118,118,880000000,1,20260927,MODEL_V2_TCN_MEANMAX,MODEL_V2_OPTIMIZER_CORRECTED_V1,1,6.358526229858398,0.998271107673645,18,V2-006-OPT-CORR-F01-S20260927,d65f8f5184d943417a4896f0ae87b47606c0ece1ba004892a72656bfd313bf60
0dcff58d4b72c9241091c17c7fcef6761cacb81eb9cb25dd1e5e2fced7b23ba7,MITDB_P118,118,1535000000,1,20260927,MODEL_V2_TCN_MEANMAX,MODEL_V2_OPTIMIZER_CORRECTED_V1,1,2.019033432006836,0.8827810287475586,18,V2-006-OPT-CORR-F01-S20260927,d65f8f5184d943417a4896f0ae87b47606c0ece1ba004892a72656bfd313bf60
0de2ab27efb2d3224678157a48d8841ce47398399f602491c4c4be422b8f7544,MITDB_P119,119,1770000000,1,20260927,MODEL_V2_TCN_MEANMAX,MODEL_V2_OPTIMIZER_CORRECTED_V1,1,16.28226089477539,0.9999998807907104,18,V2-006-OPT-CORR-F01-S20260927,d65f8f5184d943417a4896f0ae87b47606c0ece1ba004892a72656bfd313bf60
0e067ff5bfae7d8cdf0a67fbfae04f75d8e493201e03d3a960f1d9eb840f5b99,MITDB_P207,207,770000000,1,20260927,MODEL_V2_TCN_MEANMAX,MODEL_V2_OPTIMIZER_CORRECTED_V1,0,7.121026039123535,0.9991927742958069,18,V2-006-OPT-CORR-F01-S20260927,d65f8f5184d943417a4896f0ae87b47606c0ece1ba004892a72656bfd313bf60
0e2b4403114f4c8be1a98e42e4249c5ac68f3894b9ca0053096e1d848d1e4961,MITDB_P210,210,1110000000,1,20260927,MODEL_V2_TCN_MEANMAX,MODEL_V2_OPTIMIZER_CORRECTED_V1,1,12.032272338867188,0.9999940395355225,18,V2-006-OPT-CORR-F01-S20260927,d65f8f5184d943417a4896f0ae87b47606c0ece1ba004892a72656bfd313bf60
0e62736a895c8582d338a3425404ab466768fee13c9dbcf821ea225d65b80765,MITDB_P118,118,1410000000,1,20260927,MODEL_V2_TCN_MEANMAX,MODEL_V2_OPTIMIZER_CORRECTED_V1,1,4.926087379455566,0.9927974343299866,18,V2-006-OPT-CORR-F01-S20260927,d65f8f5184d943417a4896f0ae87b47606c0ece1ba004892a72656bfd313bf60
0e66ef398d41aa95f2a089d8a4124707c7966f6a01466e9542d2b46e659f1fa0,MITDB_P210,210,1455000000,1,20260927,MODEL_V2_TCN_MEANMAX,MODEL_V2_OPTIMIZER_CORRECTED_V1,0,-1.875728964805603,0.13288022577762604,18,V2-006-OPT-CORR-F01-S20260927,d65f8f5184d943417a4896f0ae87b47606c0ece1ba004892a72656bfd313bf60
0ea45462ad3e863be4bc3e3569693a4b66fe7d0c9f0a16e9f487ef3f8843db80,MITDB_P122,122,1005000000,1,20260927,MODEL_V2_TCN_MEANMAX,MODEL_V2_OPTIMIZER_CORRECTED_V1,0,-8.638340950012207,0.00017714922432787716,18,V2-006-OPT-CORR-F01-S20260927,d65f8f5184d943417a4896f0ae87b47606c0ece1ba004892a72656bfd313bf60
0ebfdd9d981f98b3197d57cd061d5f22f04494518cf000a22c82bb2356c1e94e,MITDB_P118,118,320000000,1,20260927,MODEL_V2_TCN_MEANMAX,MODEL_V2_OPTIMIZER_CORRECTED_V1,0,2.985036849975586,0.9518935680389404,18,V2-006-OPT-CORR-F01-S20260927,d65f8f5184d943417a4896f0ae87b47606c0ece1ba004892a72656bfd313bf60
0ec012f7f57ba4bd0b0f65e2600b2625e25291e810580827807fcf10ffa151dd,MITDB_P210,210,1540000000,1,20260927,MODEL_V2_TCN_MEANMAX,MODEL_V2_OPTIMIZER_CORRECTED_V1,1,4.3448286056518555,0.9871923923492432,18,V2-006-OPT-CORR-F01-S20260927,d65f8f5184d943417a4896f0ae87b47606c0ece1ba004892a72656bfd313bf60
0eec4a2e199566664041687afcb711c944fd0cb2d89a13824ae0ad1dfe873247,MITDB_P119,119,1615000000,1,20260927,MODEL_V2_TCN_MEANMAX,MODEL_V2_OPTIMIZER_CORRECTED_V1,1,18.073272705078125,1.0,18,V2-006-OPT-CORR-F01-S20260927,d65f8f5184d943417a4896f0ae87b47606c0ece1ba004892a72656bfd313bf60
0f386dc74b34dbb9d7c682c455f064f82185d8fb2c34989bec945deb7766dac7,MITDB_P122,122,680000000,1,20260927,MODEL_V2_TCN_MEANMAX,MODEL_V2_OPTIMIZER_CORRECTED_V1,0,-7.105568885803223,0.0008198500727303326,18,V2-006-OPT-CORR-F01-S20260927,d65f8f5184d943417a4896f0ae87b47606c0ece1ba004892a72656bfd313bf60
0f4268489f0c327daab6683aea33ba1d59e0afd07d4cf95b561b91571c492119,MITDB_P122,122,1625000000,1,20260927,MODEL_V2_TCN_MEANMAX,MODEL_V2_OPTIMIZER_CORRECTED_V1,0,-6.387488842010498,0.0016796498093754053,18,V2-006-OPT-CORR-F01-S20260927,d65f8f5184d943417a4896f0ae87b47606c0ece1ba004892a72656bfd313bf60
0f55ce5d45efb668cef2119ac8f3e5246a128cf43dd28d27c154829120e37f0a,MITDB_P118,118,800000000,1,20260927,MODEL_V2_TCN_MEANMAX,MODEL_V2_OPTIMIZER_CORRECTED_V1,1,5.218050956726074,0.994611382484436,18,V2-006-OPT-CORR-F01-S20260927,d65f8f5184d943417a4896f0ae87b47606c0ece1ba004892a72656bfd313bf60
0f7e272e9fb21039b497bbc7041c94e37a09b53f4d4f885da6997f7849b31f3f,MITDB_P119,119,1245000000,1,20260927,MODEL_V2_TCN_MEANMAX,MODEL_V2_OPTIMIZER_CORRECTED_V1,1,17.554553985595703,1.0,18,V2-006-OPT-CORR-F01-S20260927,d65f8f5184d943417a4896f0ae87b47606c0ece1ba004892a72656bfd313bf60
0faa07781eec482be3a4440a795d7630c5817461097e532e47588ecdc67b4a05,MITDB_P118,118,100000000,1,20260927,MODEL_V2_TCN_MEANMAX,MODEL_V2_OPTIMIZER_CORRECTED_V1,1,5.198152542114258,0.9945036172866821,18,V2-006-OPT-CORR-F01-S20260927,d65f8f5184d943417a4896f0ae87b47606c0ece1ba004892a72656bfd313bf60
0faa6e3fa9d02247453774d1da0682c466182055a71863ae3e0c4f0ace21fd7b,MITDB_P210,210,1735000000,1,20260927,MODEL_V2_TCN_MEANMAX,MODEL_V2_OPTIMIZER_CORRECTED_V1,1,2.458876132965088,0.9212081432342529,18,V2-006-OPT-CORR-F01-S20260927,d65f8f5184d943417a4896f0ae87b47606c0ece1ba004892a72656bfd313bf60
0fb6e731d11c4cc83eee7b4788fd8ca86d0b8bbddb460aa675bb6e8c66d59ed9,MITDB_P210,210,380000000,1,20260927,MODEL_V2_TCN_MEANMAX,MODEL_V2_OPTIMIZER_CORRECTED_V1,0,3.3795785903930664,0.9670602083206177,18,V2-006-OPT-CORR-F01-S20260927,d65f8f5184d943417a4896f0ae87b47606c0ece1ba004892a72656bfd313bf60
0fed147163e22827cc9551253257e0ff35ee72d6de234003efd3cddc393b0cd4,MITDB_P101,101,450000000,1,20260927,MODEL_V2_TCN_MEANMAX,MODEL_V2_OPTIMIZER_CORRECTED_V1,0,-5.217703819274902,0.005390544421970844,18,V2-006-OPT-CORR-F01-S20260927,d65f8f5184d943417a4896f0ae87b47606c0ece1ba004892a72656bfd313bf60
100cbe74d5b74a39be5c1abc2f617e34104687996b204fe1f4eac872dd70cf07,MITDB_P101,101,1375000000,1,20260927,MODEL_V2_TCN_MEANMAX,MODEL_V2_OPTIMIZER_CORRECTED_V1,0,-5.906977653503418,0.00271301600150764,18,V2-006-OPT-CORR-F01-S20260927,d65f8f5184d943417a4896f0ae87b47606c0ece1ba004892a72656bfd313bf60
1064312e8bbcfc1b94cfae7a40da706f8b3892db4aff5075156de4db645c1a77,MITDB_P210,210,45000000,1,20260927,MODEL_V2_TCN_MEANMAX,MODEL_V2_OPTIMIZER_CORRECTED_V1,0,3.9972801208496094,0.9819657206535339,18,V2-006-OPT-CORR-F01-S20260927,d65f8f5184d943417a4896f0ae87b47606c0ece1ba004892a72656bfd313bf60
108f1a6f06c9c003431e8e64d77bf8031326b7145d94292f739d39e8a48d0614,MITDB_P101,101,1100000000,1,20260927,MODEL_V2_TCN_MEANMAX,MODEL_V2_OPTIMIZER_CORRECTED_V1,0,-6.755496025085449,0.0011631076922640204,18,V2-006-OPT-CORR-F01-S20260927,d65f8f5184d943417a4896f0ae87b47606c0ece1ba004892a72656bfd313bf60
10be414e9c20f0d4ac1ee5aafea60abef1007ecc8da75d8d2f3543aab1d2465c,MITDB_P101,101,1650000000,1,20260927,MODEL_V2_TCN_MEANMAX,MODEL_V2_OPTIMIZER_CORRECTED_V1,0,-6.175717353820801,0.0020749992690980434,18,V2-006-OPT-CORR-F01-S20260927,d65f8f5184d943417a4896f0ae87b47606c0ece1ba004892a72656bfd313bf60
10c791cbb30313a055e8807651aab53a02db0a79d6d0babd5a3f35997b7e211e,MITDB_P119,119,165000000,1,20260927,MODEL_V2_TCN_MEANMAX,MODEL_V2_OPTIMIZER_CORRECTED_V1,1,14.373732566833496,0.9999994039535522,18,V2-006-OPT-CORR-F01-S20260927,d65f8f5184d943417a4896f0ae87b47606c0ece1ba004892a72656bfd313bf60
10f6dc6688dc9b809a885b16958be32f971bb1a9cf219efed57af8381cd3c884,MITDB_P119,119,445000000,1,20260927,MODEL_V2_TCN_MEANMAX,MODEL_V2_OPTIMIZER_CORRECTED_V1,1,15.240795135498047,0.9999997615814209,18,V2-006-OPT-CORR-F01-S20260927,d65f8f5184d943417a4896f0ae87b47606c0ece1ba004892a72656bfd313bf60
111086ffc63d4dca6b1e79881da284c652f59dbe184e24c5e68c92b6c412b985,MITDB_P118,118,205000000,1,20260927,MODEL_V2_TCN_MEANMAX,MODEL_V2_OPTIMIZER_CORRECTED_V1,1,7.870368957519531,0.9996181726455688,18,V2-006-OPT-CORR-F01-S20260927,d65f8f5184d943417a4896f0ae87b47606c0ece1ba004892a72656bfd313bf60
112b44b515c15dc0d9b9ed8c0ab6e65a4bfe4dbaf284f327d5d76a35e677ef83,MITDB_P101,101,410000000,1,20260927,MODEL_V2_TCN_MEANMAX,MODEL_V2_OPTIMIZER_CORRECTED_V1,0,-5.558206558227539,0.00384087604470551,18,V2-006-OPT-CORR-F01-S20260927,d65f8f5184d943417a4896f0ae87b47606c0ece1ba004892a72656bfd313bf60
114ef1ba8c782dbc4e81dbaa56ee811d6cb8b79a19b018dbbc5432bc607b1e6b,MITDB_P122,122,910000000,1,20260927,MODEL_V2_TCN_MEANMAX,MODEL_V2_OPTIMIZER_CORRECTED_V1,0,-6.207156658172607,0.002010906580835581,18,V2-006-OPT-CORR-F01-S20260927,d65f8f5184d943417a4896f0ae87b47606c0ece1ba004892a72656bfd313bf60
11628bf1512b4f5739ba00741b9c1b9c8d6276d0fd03886528a39fe85f6b24de,MITDB_P210,210,1265000000,1,20260927,MODEL_V2_TCN_MEANMAX,MODEL_V2_OPTIMIZER_CORRECTED_V1,1,-0.2959143817424774,0.4265565276145935,18,V2-006-OPT-CORR-F01-S20260927,d65f8f5184d943417a4896f0ae87b47606c0ece1ba004892a72656bfd313bf60
117071ecabae240683c7d66e965b9aa7a168b3603a2db2a8c888d558954b1079,MITDB_P119,119,1100000000,1,20260927,MODEL_V2_TCN_MEANMAX,MODEL_V2_OPTIMIZER_CORRECTED_V1,1,15.647525787353516,0.9999998807907104,18,V2-006-OPT-CORR-F01-S20260927,d65f8f5184d943417a4896f0ae87b47606c0ece1ba004892a72656bfd313bf60
118072eb873b65ee154b276cdb8c5e7037b5b340db5462ea02375cec8e26646f,MITDB_P101,101,1480000000,1,20260927,MODEL_V2_TCN_MEANMAX,MODEL_V2_OPTIMIZER_CORRECTED_V1,1,-2.095933437347412,0.1094926968216896,18,V2-006-OPT-CORR-F01-S20260927,d65f8f5184d943417a4896f0ae87b47606c0ece1ba004892a72656bfd313bf60
11b90b721c6a1ee9411a24fbcf4f08d77a8cf720d6a5755960cbe7558c792e7d,MITDB_P122,122,1010000000,1,20260927,MODEL_V2_TCN_MEANMAX,MODEL_V2_OPTIMIZER_CORRECTED_V1,0,-8.618728637695312,0.00018065719632431865,18,V2-006-OPT-CORR-F01-S20260927,d65f8f5184d943417a4896f0ae87b47606c0ece1ba004892a72656bfd313bf60
11d8181cb3ae4289ca81549b30fb3e9fd03d7e8325acf2a596f9a820d4565c50,MITDB_P207,207,1505000000,1,20260927,MODEL_V2_TCN_MEANMAX,MODEL_V2_OPTIMIZER_CORRECTED_V1,0,6.87574577331543,0.9989686012268066,18,V2-006-OPT-CORR-F01-S20260927,d65f8f5184d943417a4896f0ae87b47606c0ece1ba004892a72656bfd313bf60
12001e764bcde4c5fa427b2015d50597e75216728512dd1f9546632facd86dc8,MITDB_P122,122,1245000000,1,20260927,MODEL_V2_TCN_MEANMAX,MODEL_V2_OPTIMIZER_CORRECTED_V1,0,-8.236778259277344,0.0002646657230798155,18,V2-006-OPT-CORR-F01-S20260927,d65f8f5184d943417a4896f0ae87b47606c0ece1ba004892a72656bfd313bf60
1219e115293950a03f51277be7c12cd4cf6db6b44e51919e860bbb45526c7577,MITDB_P101,101,1225000000,1,20260927,MODEL_V2_TCN_MEANMAX,MODEL_V2_OPTIMIZER_CORRECTED_V1,0,-4.970250129699707,0.006893560755997896,18,V2-006-OPT-CORR-F01-S20260927,d65f8f5184d943417a4896f0ae87b47606c0ece1ba004892a72656bfd313bf60
124fca82fa3db37fa310cd5b6aaddc2d9a1d3af10acbdb0c483033ef0646eef8,MITDB_P210,210,1805000000,1,20260927,MODEL_V2_TCN_MEANMAX,MODEL_V2_OPTIMIZER_CORRECTED_V1,1,9.133134841918945,0.999891996383667,18,V2-006-OPT-CORR-F01-S20260927,d65f8f5184d943417a4896f0ae87b47606c0ece1ba004892a72656bfd313bf60
12556c21103c7e75c7c1f1c60ea17f5bded26d04756efb672b60c0db56b8550d,MITDB_P118,118,810000000,1,20260927,MODEL_V2_TCN_MEANMAX,MODEL_V2_OPTIMIZER_CORRECTED_V1,0,2.4749746322631836,0.9223687648773193,18,V2-006-OPT-CORR-F01-S20260927,d65f8f5184d943417a4896f0ae87b47606c0ece1ba004892a72656bfd313bf60
1285935829368ecfed2460d0c521326b83f85121e1a2c15086e067fe5902afd1,MITDB_P207,207,725000000,1,20260927,MODEL_V2_TCN_MEANMAX,MODEL_V2_OPTIMIZER_CORRECTED_V1,0,7.1487555503845215,0.999214768409729,18,V2-006-OPT-CORR-F01-S20260927,d65f8f5184d943417a4896f0ae87b47606c0ece1ba004892a72656bfd313bf60
12a014f156f7636a2877483cb02b5b5440b8bec17deab84975bc043c5d7f0978,MITDB_P118,118,1745000000,1,20260927,MODEL_V2_TCN_MEANMAX,MODEL_V2_OPTIMIZER_CORRECTED_V1,1,-0.4047400653362274,0.40017402172088623,18,V2-006-OPT-CORR-F01-S20260927,d65f8f5184d943417a4896f0ae87b47606c0ece1ba004892a72656bfd313bf60
12a5241ec7976fa747194deddea38ac4e8a22638c5078d27ca4b41c08eaf2b80,MITDB_P122,122,1565000000,1,20260927,MODEL_V2_TCN_MEANMAX,MODEL_V2_OPTIMIZER_CORRECTED_V1,0,-8.595059394836426,0.00018498340796213597,18,V2-006-OPT-CORR-F01-S20260927,d65f8f5184d943417a4896f0ae87b47606c0ece1ba004892a72656bfd313bf60
12d0beb05c84f764c0a5544fdde80ae019c887de1bf55356f358f5f64ed978dd,MITDB_P119,119,805000000,1,20260927,MODEL_V2_TCN_MEANMAX,MODEL_V2_OPTIMIZER_CORRECTED_V1,1,6.503936767578125,0.9985047578811646,18,V2-006-OPT-CORR-F01-S20260927,d65f8f5184d943417a4896f0ae87b47606c0ece1ba004892a72656bfd313bf60
1300da49d79ad214e07168b951ee37cd46601b6f9f9e224ae4cb82aa7d8227ab,MITDB_P210,210,1655000000,1,20260927,MODEL_V2_TCN_MEANMAX,MODEL_V2_OPTIMIZER_CORRECTED_V1,1,-0.45324015617370605,0.38859066367149353,18,V2-006-OPT-CORR-F01-S20260927,d65f8f5184d943417a4896f0ae87b47606c0ece1ba004892a72656bfd313bf60
1325ea252e4b38592c6ccb2c6441544078ceca2f05fbe2066698ab26028220cd,MITDB_P119,119,335000000,1,20260927,MODEL_V2_TCN_MEANMAX,MODEL_V2_OPTIMIZER_CORRECTED_V1,1,16.407758712768555,0.9999998807907104,18,V2-006-OPT-CORR-F01-S20260927,d65f8f5184d943417a4896f0ae87b47606c0ece1ba004892a72656bfd313bf60
1344dac94303bca6e610763a7a670e37d2a3ea203485b5b98eaa28f768a22b00,MITDB_P207,207,430000000,1,20260927,MODEL_V2_TCN_MEANMAX,MODEL_V2_OPTIMIZER_CORRECTED_V1,0,7.526432991027832,0.9994615912437439,18,V2-006-OPT-CORR-F01-S20260927,d65f8f5184d943417a4896f0ae87b47606c0ece1ba004892a72656bfd313bf60
1381270f21553704ec8a4264cbb339b212a8ef34d1e04386168e17f5fb93d1c1,MITDB_P210,210,970000000,1,20260927,MODEL_V2_TCN_MEANMAX,MODEL_V2_OPTIMIZER_CORRECTED_V1,1,13.92464828491211,0.9999990463256836,18,V2-006-OPT-CORR-F01-S20260927,d65f8f5184d943417a4896f0ae87b47606c0ece1ba004892a72656bfd313bf60
13fdc90dac686893fce02c7f0a9ae4097630e1bf25ae3a4141b032907b822d3a,MITDB_P207,207,1035000000,1,20260927,MODEL_V2_TCN_MEANMAX,MODEL_V2_OPTIMIZER_CORRECTED_V1,0,6.036530494689941,0.9976159334182739,18,V2-006-OPT-CORR-F01-S20260927,d65f8f5184d943417a4896f0ae87b47606c0ece1ba004892a72656bfd313bf60
13ffdea4f067b66246ab594fb6600d82928894adf64b3c991061dc2be23545f0,MITDB_P101,101,610000000,1,20260927,MODEL_V2_TCN_MEANMAX,MODEL_V2_OPTIMIZER_CORRECTED_V1,0,-5.868453025817871,0.0028192729223519564,18,V2-006-OPT-CORR-F01-S20260927,d65f8f5184d943417a4896f0ae87b47606c0ece1ba004892a72656bfd313bf60
141b8f4940a006eac0d7b4b4e68fa6f7c665514b768df22090f9dcff5a052a86,MITDB_P118,118,1235000000,1,20260927,MODEL_V2_TCN_MEANMAX,MODEL_V2_OPTIMIZER_CORRECTED_V1,0,4.600490093231201,0.9900529980659485,18,V2-006-OPT-CORR-F01-S20260927,d65f8f5184d943417a4896f0ae87b47606c0ece1ba004892a72656bfd313bf60
143b509391e4bd7d7cc7a20c32b72103db08061657c4cbbc09d64dba6a358804,MITDB_P101,101,85000000,1,20260927,MODEL_V2_TCN_MEANMAX,MODEL_V2_OPTIMIZER_CORRECTED_V1,0,-6.557559490203857,0.0014173337258398533,18,V2-006-OPT-CORR-F01-S20260927,d65f8f5184d943417a4896f0ae87b47606c0ece1ba004892a72656bfd313bf60
144c73d64c26e4f36c24d6706bbbd31c951c2f8d89faa522b848483800fb51cf,MITDB_P101,101,1090000000,1,20260927,MODEL_V2_TCN_MEANMAX,MODEL_V2_OPTIMIZER_CORRECTED_V1,0,-5.922664165496826,0.00267090299166739,18,V2-006-OPT-CORR-F01-S20260927,d65f8f5184d943417a4896f0ae87b47606c0ece1ba004892a72656bfd313bf60
14545a1fdf4a53f406cb012dd880c2a359eebffb286b1567cf4fe8db5f12d3a0,MITDB_P210,210,365000000,1,20260927,MODEL_V2_TCN_MEANMAX,MODEL_V2_OPTIMIZER_CORRECTED_V1,1,3.745781421661377,0.9769277572631836,18,V2-006-OPT-CORR-F01-S20260927,d65f8f5184d943417a4896f0ae87b47606c0ece1ba004892a72656bfd313bf60
146fb438e5287c34a3f6f658812c0c3519b1b83eb72843b9b7c1575c77d3fabf,MITDB_P210,210,295000000,1,20260927,MODEL_V2_TCN_MEANMAX,MODEL_V2_OPTIMIZER_CORRECTED_V1,0,0.6419262886047363,0.655188798904419,18,V2-006-OPT-CORR-F01-S20260927,d65f8f5184d943417a4896f0ae87b47606c0ece1ba004892a72656bfd313bf60
149fe631dd4b983ed84bcd06a4a320c5d4cf013c1c1617a0bbff10d131e874a6,MITDB_P119,119,120000000,1,20260927,MODEL_V2_TCN_MEANMAX,MODEL_V2_OPTIMIZER_CORRECTED_V1,1,16.410022735595703,0.9999998807907104,18,V2-006-OPT-CORR-F01-S20260927,d65f8f5184d943417a4896f0ae87b47606c0ece1ba004892a72656bfd313bf60
14d559b6ad12e83a57ccaecf10eb190a1a6aaaddcec9e45835dfc1ce6eae467e,MITDB_P122,122,515000000,1,20260927,MODEL_V2_TCN_MEANMAX,MODEL_V2_OPTIMIZER_CORRECTED_V1,0,-7.1120195388793945,0.000814582803286612,18,V2-006-OPT-CORR-F01-S20260927,d65f8f5184d943417a4896f0ae87b47606c0ece1ba004892a72656bfd313bf60
14e01f378f23a54a332e0801e5da4f446ab39e0d42bd84fc70e957cc523af820,MITDB_P122,122,1615000000,1,20260927,MODEL_V2_TCN_MEANMAX,MODEL_V2_OPTIMIZER_CORRECTED_V1,0,-6.519222736358643,0.0014726431109011173,18,V2-006-OPT-CORR-F01-S20260927,d65f8f5184d943417a4896f0ae87b47606c0ece1ba004892a72656bfd313bf60
14edd33c09461d0181ef35c5353b169e486a6ecaa26cf922c0412f8494bb8491,MITDB_P101,101,170000000,1,20260927,MODEL_V2_TCN_MEANMAX,MODEL_V2_OPTIMIZER_CORRECTED_V1,0,-6.073326110839844,0.0022982049267739058,18,V2-006-OPT-CORR-F01-S20260927,d65f8f5184d943417a4896f0ae87b47606c0ece1ba004892a72656bfd313bf60
15736666eb8a736c6b975d73326de8fe6b7c903f501b0843e4858c20d6fc66b0,MITDB_P118,118,1725000000,1,20260927,MODEL_V2_TCN_MEANMAX,MODEL_V2_OPTIMIZER_CORRECTED_V1,0,-1.7880070209503174,0.14331723749637604,18,V2-006-OPT-CORR-F01-S20260927,d65f8f5184d943417a4896f0ae87b47606c0ece1ba004892a72656bfd313bf60
15bfce991edcabb16f2031112092eafab7c1b2330ad5c04fd033201f66a61184,MITDB_P119,119,1560000000,1,20260927,MODEL_V2_TCN_MEANMAX,MODEL_V2_OPTIMIZER_CORRECTED_V1,1,18.084028244018555,1.0,18,V2-006-OPT-CORR-F01-S20260927,d65f8f5184d943417a4896f0ae87b47606c0ece1ba004892a72656bfd313bf60
15dc8bbb7eda2edf9c35248673e2d1532b94b50bfb51e390e5681ea47843909b,MITDB_P119,119,775000000,1,20260927,MODEL_V2_TCN_MEANMAX,MODEL_V2_OPTIMIZER_CORRECTED_V1,1,14.181062698364258,0.9999992847442627,18,V2-006-OPT-CORR-F01-S20260927,d65f8f5184d943417a4896f0ae87b47606c0ece1ba004892a72656bfd313bf60
1633b3816f6ea4cdbda4ff10ecec7a79b8ee5b392a6851dfbd2c35183210623a,MITDB_P207,207,820000000,1,20260927,MODEL_V2_TCN_MEANMAX,MODEL_V2_OPTIMIZER_CORRECTED_V1,0,8.389028549194336,0.9997727274894714,18,V2-006-OPT-CORR-F01-S20260927,d65f8f5184d943417a4896f0ae87b47606c0ece1ba004892a72656bfd313bf60
1670dfd4ebe9948adbabc104ff3e0f3570baba0f00a7fe6c9e7d41efbed7c0fb,MITDB_P210,210,715000000,1,20260927,MODEL_V2_TCN_MEANMAX,MODEL_V2_OPTIMIZER_CORRECTED_V1,0,2.107027769088745,0.8915843963623047,18,V2-006-OPT-CORR-F01-S20260927,d65f8f5184d943417a4896f0ae87b47606c0ece1ba004892a72656bfd313bf60
16e0922356da123bacc29e96c4c52a1cad470708721228e39fbfd67ba573b2c5,MITDB_P210,210,945000000,1,20260927,MODEL_V2_TCN_MEANMAX,MODEL_V2_OPTIMIZER_CORRECTED_V1,1,-0.06914660334587097,0.4827202260494232,18,V2-006-OPT-CORR-F01-S20260927,d65f8f5184d943417a4896f0ae87b47606c0ece1ba004892a72656bfd313bf60
173d0e87183b7433024e087e1674b5b527caff2b3cde128211380f0a0fb0054a,MITDB_P119,119,1605000000,1,20260927,MODEL_V2_TCN_MEANMAX,MODEL_V2_OPTIMIZER_CORRECTED_V1,1,19.375150680541992,1.0,18,V2-006-OPT-CORR-F01-S20260927,d65f8f5184d943417a4896f0ae87b47606c0ece1ba004892a72656bfd313bf60
1752108051c6f0bc96a8374a37179161f5ef8efb4f59c836012945494996dadf,MITDB_P122,122,170000000,1,20260927,MODEL_V2_TCN_MEANMAX,MODEL_V2_OPTIMIZER_CORRECTED_V1,0,-9.712396621704102,6.052480966900475e-05,18,V2-006-OPT-CORR-F01-S20260927,d65f8f5184d943417a4896f0ae87b47606c0ece1ba004892a72656bfd313bf60
175d5b09060b1107b3176cf3e7d681cbbb13f46c9b071e02590e5671077d8fbb,MITDB_P119,119,565000000,1,20260927,MODEL_V2_TCN_MEANMAX,MODEL_V2_OPTIMIZER_CORRECTED_V1,1,16.323179244995117,0.9999998807907104,18,V2-006-OPT-CORR-F01-S20260927,d65f8f5184d943417a4896f0ae87b47606c0ece1ba004892a72656bfd313bf60
179eba3d8d931ffbd0df00a0e2cd9dad9437f8dfe4153fad070444bde822fd7c,MITDB_P118,118,940000000,1,20260927,MODEL_V2_TCN_MEANMAX,MODEL_V2_OPTIMIZER_CORRECTED_V1,0,5.3797221183776855,0.9954120516777039,18,V2-006-OPT-CORR-F01-S20260927,d65f8f5184d943417a4896f0ae87b47606c0ece1ba004892a72656bfd313bf60
17b9d130e7c5621a7da1bcebdf04f86e81c387c18d390d08aa966a989c3bf278,MITDB_P101,101,1495000000,1,20260927,MODEL_V2_TCN_MEANMAX,MODEL_V2_OPTIMIZER_CORRECTED_V1,0,-5.612042427062988,0.0036402991972863674,18,V2-006-OPT-CORR-F01-S20260927,d65f8f5184d943417a4896f0ae87b47606c0ece1ba004892a72656bfd313bf60
17f1f686942dc159e02f020068a810f287548ac27fc65f73517598cff320a6f5,MITDB_P119,119,885000000,1,20260927,MODEL_V2_TCN_MEANMAX,MODEL_V2_OPTIMIZER_CORRECTED_V1,1,15.348211288452148,0.9999997615814209,18,V2-006-OPT-CORR-F01-S20260927,d65f8f5184d943417a4896f0ae87b47606c0ece1ba004892a72656bfd313bf60
1801b25fceac920eeb5c0c7a4bcf5cc2b164338f81b908fa4d796c880bc3491d,MITDB_P122,122,815000000,1,20260927,MODEL_V2_TCN_MEANMAX,MODEL_V2_OPTIMIZER_CORRECTED_V1,0,-8.458908081054688,0.0002119584969477728,18,V2-006-OPT-CORR-F01-S20260927,d65f8f5184d943417a4896f0ae87b47606c0ece1ba004892a72656bfd313bf60
18131fd448ab29deae98511c1de989f271e19361400b220aed5fbdc44c53bdae,MITDB_P207,207,535000000,1,20260927,MODEL_V2_TCN_MEANMAX,MODEL_V2_OPTIMIZER_CORRECTED_V1,0,11.400102615356445,0.9999887943267822,18,V2-006-OPT-CORR-F01-S20260927,d65f8f5184d943417a4896f0ae87b47606c0ece1ba004892a72656bfd313bf60
1818ed238623df7c01fa2bb3f66c4d14acedc4fef57469f18cb5479c46180f71,MITDB_P122,122,700000000,1,20260927,MODEL_V2_TCN_MEANMAX,MODEL_V2_OPTIMIZER_CORRECTED_V1,0,-6.075215816497803,0.0022938759066164494,18,V2-006-OPT-CORR-F01-S20260927,d65f8f5184d943417a4896f0ae87b47606c0ece1ba004892a72656bfd313bf60
181dbf5d2477c74646daa5e0160a83fd8ee51b3a48983f6ed203baff665d49b9,MITDB_P210,210,235000000,1,20260927,MODEL_V2_TCN_MEANMAX,MODEL_V2_OPTIMIZER_CORRECTED_V1,1,4.432035446166992,0.9882494211196899,18,V2-006-OPT-CORR-F01-S20260927,d65f8f5184d943417a4896f0ae87b47606c0ece1ba004892a72656bfd313bf60
18267792f39d232e56db6bdf48c0ad30dc40b67793ee482bbae01180724345ab,MITDB_P210,210,1155000000,1,20260927,MODEL_V2_TCN_MEANMAX,MODEL_V2_OPTIMIZER_CORRECTED_V1,0,1.8029507398605347,0.8585077524185181,18,V2-006-OPT-CORR-F01-S20260927,d65f8f5184d943417a4896f0ae87b47606c0ece1ba004892a72656bfd313bf60
183a6a2885bf3e3ae92421e4d4e3354cb750a149beef15d0ab1b099fdfecf886,MITDB_P118,118,1055000000,1,20260927,MODEL_V2_TCN_MEANMAX,MODEL_V2_OPTIMIZER_CORRECTED_V1,1,5.02931022644043,0.9934992790222168,18,V2-006-OPT-CORR-F01-S20260927,d65f8f5184d943417a4896f0ae87b47606c0ece1ba004892a72656bfd313bf60
186f135ad754a8663830d6e5972fb34c8fc6eb052788813cd4cff144a41a436f,MITDB_P122,122,640000000,1,20260927,MODEL_V2_TCN_MEANMAX,MODEL_V2_OPTIMIZER_CORRECTED_V1,0,-7.0390305519104,0.0008762079523876309,18,V2-006-OPT-CORR-F01-S20260927,d65f8f5184d943417a4896f0ae87b47606c0ece1ba004892a72656bfd313bf60
1895c15c4bdb83279ede47a5264466775cf876a1c4a331057d114e8e5dae122d,MITDB_P122,122,1765000000,1,20260927,MODEL_V2_TCN_MEANMAX,MODEL_V2_OPTIMIZER_CORRECTED_V1,0,-7.100595951080322,0.0008239339222200215,18,V2-006-OPT-CORR-F01-S20260927,d65f8f5184d943417a4896f0ae87b47606c0ece1ba004892a72656bfd313bf60
18b0952d88e1214e553e71a70d87425fd17bafc38f5074ee4aa60560e4ae5125,MITDB_P122,122,1220000000,1,20260927,MODEL_V2_TCN_MEANMAX,MODEL_V2_OPTIMIZER_CORRECTED_V1,0,-6.845682144165039,0.0010629091411828995,18,V2-006-OPT-CORR-F01-S20260927,d65f8f5184d943417a4896f0ae87b47606c0ece1ba004892a72656bfd313bf60
18bd53361e1ec64c6cff19b7cf0d0b19dd99418ca42a2ade1088f3fe5b1e35ef,MITDB_P210,210,1700000000,1,20260927,MODEL_V2_TCN_MEANMAX,MODEL_V2_OPTIMIZER_CORRECTED_V1,1,8.168195724487305,0.999716579914093,18,V2-006-OPT-CORR-F01-S20260927,d65f8f5184d943417a4896f0ae87b47606c0ece1ba004892a72656bfd313bf60
18d322ff49936a66d24a9a55ba356ae57f01e6d3c526918545a38be72cfdcdf7,MITDB_P119,119,990000000,1,20260927,MODEL_V2_TCN_MEANMAX,MODEL_V2_OPTIMIZER_CORRECTED_V1,1,15.238883972167969,0.9999997615814209,18,V2-006-OPT-CORR-F01-S20260927,d65f8f5184d943417a4896f0ae87b47606c0ece1ba004892a72656bfd313bf60
18ff8ee65c10760ce8154a9bfe99362b75e5591989c645ec30290889d7c7044b,MITDB_P119,119,1250000000,1,20260927,MODEL_V2_TCN_MEANMAX,MODEL_V2_OPTIMIZER_CORRECTED_V1,1,17.363210678100586,1.0,18,V2-006-OPT-CORR-F01-S20260927,d65f8f5184d943417a4896f0ae87b47606c0ece1ba004892a72656bfd313bf60
191a89efbad10a290925a1a6faf89a3258ecdd8f86b0e5f155f9bcbadd077053,MITDB_P101,101,45000000,1,20260927,MODEL_V2_TCN_MEANMAX,MODEL_V2_OPTIMIZER_CORRECTED_V1,0,-5.20060920715332,0.005482975859194994,18,V2-006-OPT-CORR-F01-S20260927,d65f8f5184d943417a4896f0ae87b47606c0ece1ba004892a72656bfd313bf60
1921ef7ea0199062d28ff6b36705593d01a3fa8462e04760b68169d7d133e6e3,MITDB_P122,122,450000000,1,20260927,MODEL_V2_TCN_MEANMAX,MODEL_V2_OPTIMIZER_CORRECTED_V1,0,-9.071798324584961,0.00011484660353744403,18,V2-006-OPT-CORR-F01-S20260927,d65f8f5184d943417a4896f0ae87b47606c0ece1ba004892a72656bfd313bf60
1933a7222258e4d144c2030fae8567eb57e8294fb4db01cbf61a0fc031aafe5f,MITDB_P101,101,1210000000,1,20260927,MODEL_V2_TCN_MEANMAX,MODEL_V2_OPTIMIZER_CORRECTED_V1,0,-5.988890647888184,0.002500176429748535,18,V2-006-OPT-CORR-F01-S20260927,d65f8f5184d943417a4896f0ae87b47606c0ece1ba004892a72656bfd313bf60
19341e548048c8ffe28abea8b5f9d42850bec694c6445af0a2f6b61696dc3c26,MITDB_P122,122,1685000000,1,20260927,MODEL_V2_TCN_MEANMAX,MODEL_V2_OPTIMIZER_CORRECTED_V1,0,-6.656461238861084,0.0012840372510254383,18,V2-006-OPT-CORR-F01-S20260927,d65f8f5184d943417a4896f0ae87b47606c0ece1ba004892a72656bfd313bf60
193aa259e442c4c6143628c6eee2fde7c2ffa64b9f3ec3a82291bc0aec667da4,MITDB_P207,207,1100000000,1,20260927,MODEL_V2_TCN_MEANMAX,MODEL_V2_OPTIMIZER_CORRECTED_V1,0,7.037790775299072,0.999122679233551,18,V2-006-OPT-CORR-F01-S20260927,d65f8f5184d943417a4896f0ae87b47606c0ece1ba004892a72656bfd313bf60
1942f538e7edf8eb1524180b6b253a87f43c0e402196689c13a1f808b193b1ce,MITDB_P207,207,800000000,1,20260927,MODEL_V2_TCN_MEANMAX,MODEL_V2_OPTIMIZER_CORRECTED_V1,0,7.965559005737305,0.9996528625488281,18,V2-006-OPT-CORR-F01-S20260927,d65f8f5184d943417a4896f0ae87b47606c0ece1ba004892a72656bfd313bf60
194c2b7beaec9a819bd304b9d064fda03c6b767db1a6a4b84307671e2e989aea,MITDB_P122,122,840000000,1,20260927,MODEL_V2_TCN_MEANMAX,MODEL_V2_OPTIMIZER_CORRECTED_V1,0,-7.454901218414307,0.0005782642401754856,18,V2-006-OPT-CORR-F01-S20260927,d65f8f5184d943417a4896f0ae87b47606c0ece1ba004892a72656bfd313bf60
195da67c9d3e602f4ad7fd134ff465653c0209c7dea14e6de3323331d2a42a8e,MITDB_P101,101,1730000000,1,20260927,MODEL_V2_TCN_MEANMAX,MODEL_V2_OPTIMIZER_CORRECTED_V1,0,-4.2402777671813965,0.014199073426425457,18,V2-006-OPT-CORR-F01-S20260927,d65f8f5184d943417a4896f0ae87b47606c0ece1ba004892a72656bfd313bf60
1973cc593aceaa8d4b9af69c77a06df032e12d58fe9389157a4f4977f054a070,MITDB_P210,210,1420000000,1,20260927,MODEL_V2_TCN_MEANMAX,MODEL_V2_OPTIMIZER_CORRECTED_V1,0,-3.4888811111450195,0.029630258679389954,18,V2-006-OPT-CORR-F01-S20260927,d65f8f5184d943417a4896f0ae87b47606c0ece1ba004892a72656bfd313bf60
19a0983259c24d4664805efa28e959d927a8c8d63c8761144fbcb34d02dfe1b2,MITDB_P101,101,780000000,1,20260927,MODEL_V2_TCN_MEANMAX,MODEL_V2_OPTIMIZER_CORRECTED_V1,0,-6.324804306030273,0.0017881137318909168,18,V2-006-OPT-CORR-F01-S20260927,d65f8f5184d943417a4896f0ae87b47606c0ece1ba004892a72656bfd313bf60
19bfbc8d75d1ae1417b52837690e6b11ac1bebf596b17a3b2951bc3b7dd6dc60,MITDB_P210,210,495000000,1,20260927,MODEL_V2_TCN_MEANMAX,MODEL_V2_OPTIMIZER_CORRECTED_V1,1,3.092766046524048,0.9565933346748352,18,V2-006-OPT-CORR-F01-S20260927,d65f8f5184d943417a4896f0ae87b47606c0ece1ba004892a72656bfd313bf60
19f53ab16dbdfc2cf33c13a65fa0cb771d45db920292d6f215985d2a290b48db,MITDB_P118,118,1200000000,1,20260927,MODEL_V2_TCN_MEANMAX,MODEL_V2_OPTIMIZER_CORRECTED_V1,1,3.4226605892181396,0.9684052467346191,18,V2-006-OPT-CORR-F01-S20260927,d65f8f5184d943417a4896f0ae87b47606c0ece1ba004892a72656bfd313bf60
1a014fad79f196915e0eb8bfe0849aa7baf404ae7bc9a2cf55737cb4aa2ac25b,MITDB_P101,101,695000000,1,20260927,MODEL_V2_TCN_MEANMAX,MODEL_V2_OPTIMIZER_CORRECTED_V1,0,-6.414273262023926,0.0016353311948478222,18,V2-006-OPT-CORR-F01-S20260927,d65f8f5184d943417a4896f0ae87b47606c0ece1ba004892a72656bfd313bf60
1a240d6f1f3458507f8ab9c647803ba257ffcdebfb130743d0d214018d2920a4,MITDB_P119,119,1230000000,1,20260927,MODEL_V2_TCN_MEANMAX,MODEL_V2_OPTIMIZER_CORRECTED_V1,1,19.494022369384766,1.0,18,V2-006-OPT-CORR-F01-S20260927,d65f8f5184d943417a4896f0ae87b47606c0ece1ba004892a72656bfd313bf60
1a272012262eb87958501bb3497f8a01e4db1f20c9bb449f70995a11d722b3ee,MITDB_P101,101,1295000000,1,20260927,MODEL_V2_TCN_MEANMAX,MODEL_V2_OPTIMIZER_CORRECTED_V1,0,-6.232504367828369,0.0019606740679591894,18,V2-006-OPT-CORR-F01-S20260927,d65f8f5184d943417a4896f0ae87b47606c0ece1ba004892a72656bfd313bf60
1a3ad08abd531b0168f0babd98b16c7769fb7b0d3410f21676b518c6d46e397c,MITDB_P118,118,505000000,1,20260927,MODEL_V2_TCN_MEANMAX,MODEL_V2_OPTIMIZER_CORRECTED_V1,1,4.2282891273498535,0.9856321811676025,18,V2-006-OPT-CORR-F01-S20260927,d65f8f5184d943417a4896f0ae87b47606c0ece1ba004892a72656bfd313bf60
1a80e0ad9b08e55818f8c3f7a926c52976cea9836e7b72a4a93f04672645c6e2,MITDB_P118,118,45000000,1,20260927,MODEL_V2_TCN_MEANMAX,MODEL_V2_OPTIMIZER_CORRECTED_V1,0,3.759047508239746,0.9772248864173889,18,V2-006-OPT-CORR-F01-S20260927,d65f8f5184d943417a4896f0ae87b47606c0ece1ba004892a72656bfd313bf60
1ae1cf4c1862ff3a5f764f412d716d2e220b85426fd23b4bca878cc9f66cf64a,MITDB_P210,210,1205000000,1,20260927,MODEL_V2_TCN_MEANMAX,MODEL_V2_OPTIMIZER_CORRECTED_V1,0,-4.540544509887695,0.01055500004440546,18,V2-006-OPT-CORR-F01-S20260927,d65f8f5184d943417a4896f0ae87b47606c0ece1ba004892a72656bfd313bf60
1b01b35ec9b1bd88fd19a3e897e52c1de03bc404c962d7c4a3109f7cd2eda2b2,MITDB_P118,118,1250000000,1,20260927,MODEL_V2_TCN_MEANMAX,MODEL_V2_OPTIMIZER_CORRECTED_V1,1,5.481841564178467,0.9958555102348328,18,V2-006-OPT-CORR-F01-S20260927,d65f8f5184d943417a4896f0ae87b47606c0ece1ba004892a72656bfd313bf60
1b2758b54caae393450b747b0fc14eebe1ecc9a96c070a676dcf92f43a9dbb61,MITDB_P122,122,585000000,1,20260927,MODEL_V2_TCN_MEANMAX,MODEL_V2_OPTIMIZER_CORRECTED_V1,0,-9.328794479370117,8.8821368990466e-05,18,V2-006-OPT-CORR-F01-S20260927,d65f8f5184d943417a4896f0ae87b47606c0ece1ba004892a72656bfd313bf60
1b3eba7a8c2718563689d0903e1b647adf047c74e344862e0060874b93ce7af0,MITDB_P118,118,1045000000,1,20260927,MODEL_V2_TCN_MEANMAX,MODEL_V2_OPTIMIZER_CORRECTED_V1,0,3.9393224716186523,0.9809101223945618,18,V2-006-OPT-CORR-F01-S20260927,d65f8f5184d943417a4896f0ae87b47606c0ece1ba004892a72656bfd313bf60
1b592c26d4d21979faec53ef2a89e7a0e84b8dd4714db383d9a65fc684df5533,MITDB_P207,207,1435000000,1,20260927,MODEL_V2_TCN_MEANMAX,MODEL_V2_OPTIMIZER_CORRECTED_V1,0,5.232260704040527,0.9946869611740112,18,V2-006-OPT-CORR-F01-S20260927,d65f8f5184d943417a4896f0ae87b47606c0ece1ba004892a72656bfd313bf60
1b6cd06b7996b2c8238b87cc9dc303d4dd3d7dcda3ab70f2913b94c872a53a30,MITDB_P122,122,1070000000,1,20260927,MODEL_V2_TCN_MEANMAX,MODEL_V2_OPTIMIZER_CORRECTED_V1,0,-7.084128379821777,0.0008376030018553138,18,V2-006-OPT-CORR-F01-S20260927,d65f8f5184d943417a4896f0ae87b47606c0ece1ba004892a72656bfd313bf60
1b707886812202e74db17e5443ff76fec2699246900f2d72fbc2981fa75795b0,MITDB_P207,207,1735000000,1,20260927,MODEL_V2_TCN_MEANMAX,MODEL_V2_OPTIMIZER_CORRECTED_V1,1,0.6562108993530273,0.6584087610244751,18,V2-006-OPT-CORR-F01-S20260927,d65f8f5184d943417a4896f0ae87b47606c0ece1ba004892a72656bfd313bf60
1b7364a74e27e1fee632a6001da3daa2d50b9370a1287284f53000339e8dbc7d,MITDB_P118,118,300000000,1,20260927,MODEL_V2_TCN_MEANMAX,MODEL_V2_OPTIMIZER_CORRECTED_V1,0,2.9118130207061768,0.9484273195266724,18,V2-006-OPT-CORR-F01-S20260927,d65f8f5184d943417a4896f0ae87b47606c0ece1ba004892a72656bfd313bf60
1bc743650d07d0c5681236a94ad7452d352ada1326d63e465777ad7f4104dcf4,MITDB_P119,119,970000000,1,20260927,MODEL_V2_TCN_MEANMAX,MODEL_V2_OPTIMIZER_CORRECTED_V1,1,12.59781265258789,0.9999966621398926,18,V2-006-OPT-CORR-F01-S20260927,d65f8f5184d943417a4896f0ae87b47606c0ece1ba004892a72656bfd313bf60
1bcca7b39dd6bf9753825c94b2ae43b6efdb1618d14e40d5a2841e81e8ee5b5e,MITDB_P118,118,1565000000,1,20260927,MODEL_V2_TCN_MEANMAX,MODEL_V2_OPTIMIZER_CORRECTED_V1,0,1.298774003982544,0.7856285572052002,18,V2-006-OPT-CORR-F01-S20260927,d65f8f5184d943417a4896f0ae87b47606c0ece1ba004892a72656bfd313bf60
1bf55780ed16fb3ba9e3a11e58ffe53e901c98b78a225b3f87cb74e6695d434f,MITDB_P210,210,720000000,1,20260927,MODEL_V2_TCN_MEANMAX,MODEL_V2_OPTIMIZER_CORRECTED_V1,0,0.7910629510879517,0.6880595088005066,18,V2-006-OPT-CORR-F01-S20260927,d65f8f5184d943417a4896f0ae87b47606c0ece1ba004892a72656bfd313bf60
1c13d45399b91c5cc5cb5a4b64729bfd23a2f4dcc8b8ef4a0a0838f5992382a4,MITDB_P207,207,1520000000,1,20260927,MODEL_V2_TCN_MEANMAX,MODEL_V2_OPTIMIZER_CORRECTED_V1,0,6.698331832885742,0.9987685084342957,18,V2-006-OPT-CORR-F01-S20260927,d65f8f5184d943417a4896f0ae87b47606c0ece1ba004892a72656bfd313bf60
1c2efaee80de2691b0c6d83bd91e3da50a3d28bb4b325ec359fdc0e7ff81e96e,MITDB_P207,207,240000000,1,20260927,MODEL_V2_TCN_MEANMAX,MODEL_V2_OPTIMIZER_CORRECTED_V1,1,14.498879432678223,0.9999995231628418,18,V2-006-OPT-CORR-F01-S20260927,d65f8f5184d943417a4896f0ae87b47606c0ece1ba004892a72656bfd313bf60
1c42f531d6f3e78836b696b2a9e53da5645e00abfadcf2ce6ae7f2f59dac4172,MITDB_P118,118,500000000,1,20260927,MODEL_V2_TCN_MEANMAX,MODEL_V2_OPTIMIZER_CORRECTED_V1,1,5.731367588043213,0.9967678785324097,18,V2-006-OPT-CORR-F01-S20260927,d65f8f5184d943417a4896f0ae87b47606c0ece1ba004892a72656bfd313bf60
1ca11db5c3d021e980664d0f22886fff20dd2189290d38118f8f04110238f3e7,MITDB_P118,118,55000000,1,20260927,MODEL_V2_TCN_MEANMAX,MODEL_V2_OPTIMIZER_CORRECTED_V1,0,1.0775306224822998,0.7460263967514038,18,V2-006-OPT-CORR-F01-S20260927,d65f8f5184d943417a4896f0ae87b47606c0ece1ba004892a72656bfd313bf60
1caaa91f034115366195f3d34c8f3a25d5b45bf5b22b624b1a7fd17d8172f0db,MITDB_P207,207,845000000,1,20260927,MODEL_V2_TCN_MEANMAX,MODEL_V2_OPTIMIZER_CORRECTED_V1,0,7.965489387512207,0.9996528625488281,18,V2-006-OPT-CORR-F01-S20260927,d65f8f5184d943417a4896f0ae87b47606c0ece1ba004892a72656bfd313bf60
1cdc238495ffe6fb1f9af616c2b1627f620c7524d29d879ed17632e748ee31e9,MITDB_P122,122,1050000000,1,20260927,MODEL_V2_TCN_MEANMAX,MODEL_V2_OPTIMIZER_CORRECTED_V1,0,-6.842316150665283,0.0010664891451597214,18,V2-006-OPT-CORR-F01-S20260927,d65f8f5184d943417a4896f0ae87b47606c0ece1ba004892a72656bfd313bf60
1d2936fe1e922b8e139e2582d8b6db99d88aa3a6cc8370839bd7808c42362867,MITDB_P122,122,1645000000,1,20260927,MODEL_V2_TCN_MEANMAX,MODEL_V2_OPTIMIZER_CORRECTED_V1,0,-6.354557991027832,0.001735785393975675,18,V2-006-OPT-CORR-F01-S20260927,d65f8f5184d943417a4896f0ae87b47606c0ece1ba004892a72656bfd313bf60
1d2ccb1f2efc3e5f476ae5f972a96188e9f3c7522aff219f6f635789d26e2eb1,MITDB_P210,210,1405000000,1,20260927,MODEL_V2_TCN_MEANMAX,MODEL_V2_OPTIMIZER_CORRECTED_V1,0,-0.8473348617553711,0.29999223351478577,18,V2-006-OPT-CORR-F01-S20260927,d65f8f5184d943417a4896f0ae87b47606c0ece1ba004892a72656bfd313bf60
1d3b56c2de289bce913b6fd1c2f3b64a0c2e07a7e293341ae3f01322cf6ec27e,MITDB_P118,118,565000000,1,20260927,MODEL_V2_TCN_MEANMAX,MODEL_V2_OPTIMIZER_CORRECTED_V1,1,7.893876075744629,0.9996271133422852,18,V2-006-OPT-CORR-F01-S20260927,d65f8f5184d943417a4896f0ae87b47606c0ece1ba004892a72656bfd313bf60
1dd17bd61083b9d6c83f6738d210d61a889fb8cc70c11a30c608e9994fe9fb18,MITDB_P118,118,695000000,1,20260927,MODEL_V2_TCN_MEANMAX,MODEL_V2_OPTIMIZER_CORRECTED_V1,0,-0.37414565682411194,0.4075396656990051,18,V2-006-OPT-CORR-F01-S20260927,d65f8f5184d943417a4896f0ae87b47606c0ece1ba004892a72656bfd313bf60
1de8e1ddc51bfe64ab2a458da8d4f5bd6a24034c2b67abd359a8fe3dd3538bb3,MITDB_P101,101,1125000000,1,20260927,MODEL_V2_TCN_MEANMAX,MODEL_V2_OPTIMIZER_CORRECTED_V1,0,-5.91370964050293,0.0026948621962219477,18,V2-006-OPT-CORR-F01-S20260927,d65f8f5184d943417a4896f0ae87b47606c0ece1ba004892a72656bfd313bf60
1e18883aefb1556b5543c8b0635ea4e1bd40e826cdbcbfe5178b63f659e99cb9,MITDB_P207,207,495000000,1,20260927,MODEL_V2_TCN_MEANMAX,MODEL_V2_OPTIMIZER_CORRECTED_V1,0,9.312926292419434,0.9999097585678101,18,V2-006-OPT-CORR-F01-S20260927,d65f8f5184d943417a4896f0ae87b47606c0ece1ba004892a72656bfd313bf60
1e22fa49c7d7e4d9f38d42620aadc6e3049b7d7f5cbe5db66196fbb85ef537a7,MITDB_P207,207,380000000,1,20260927,MODEL_V2_TCN_MEANMAX,MODEL_V2_OPTIMIZER_CORRECTED_V1,0,11.036293983459473,0.9999839067459106,18,V2-006-OPT-CORR-F01-S20260927,d65f8f5184d943417a4896f0ae87b47606c0ece1ba004892a72656bfd313bf60
1e5d61924a1d71a7276952c6511c5ba878c315c20d6df31c935e99fb25cbff8a,MITDB_P119,119,815000000,1,20260927,MODEL_V2_TCN_MEANMAX,MODEL_V2_OPTIMIZER_CORRECTED_V1,0,-6.515050888061523,0.0014787904219701886,18,V2-006-OPT-CORR-F01-S20260927,d65f8f5184d943417a4896f0ae87b47606c0ece1ba004892a72656bfd313bf60
1e781ee847ed359c1e475d2041ca396de6fbb762ab986c75648bb45bb408e7b9,MITDB_P210,210,350000000,1,20260927,MODEL_V2_TCN_MEANMAX,MODEL_V2_OPTIMIZER_CORRECTED_V1,0,-0.4805327355861664,0.3821263015270233,18,V2-006-OPT-CORR-F01-S20260927,d65f8f5184d943417a4896f0ae87b47606c0ece1ba004892a72656bfd313bf60
1e81f3f94cde63f26096b1872388f02aff9086190b5d8a616f83c5b7729aa44d,MITDB_P119,119,675000000,1,20260927,MODEL_V2_TCN_MEANMAX,MODEL_V2_OPTIMIZER_CORRECTED_V1,1,16.784805297851562,1.0,18,V2-006-OPT-CORR-F01-S20260927,d65f8f5184d943417a4896f0ae87b47606c0ece1ba004892a72656bfd313bf60
1ebeaa05806cd261adc34077cb85faef059aa301cb2320c7417e08968f20f10b,MITDB_P210,210,1580000000,1,20260927,MODEL_V2_TCN_MEANMAX,MODEL_V2_OPTIMIZER_CORRECTED_V1,1,-0.38579317927360535,0.4047304391860962,18,V2-006-OPT-CORR-F01-S20260927,d65f8f5184d943417a4896f0ae87b47606c0ece1ba004892a72656bfd313bf60
1ecad01b453d0e1ea86ac47571b701db992d91605f7394cfc08ff680a46298e7,MITDB_P118,118,130000000,1,20260927,MODEL_V2_TCN_MEANMAX,MODEL_V2_OPTIMIZER_CORRECTED_V1,0,3.8085827827453613,0.9783016443252563,18,V2-006-OPT-CORR-F01-S20260927,d65f8f5184d943417a4896f0ae87b47606c0ece1ba004892a72656bfd313bf60
1effd0d1e27ce26a1139c4f48e40534adfa613b96478f6fe6b62c71d7ce5e151,MITDB_P118,118,1640000000,1,20260927,MODEL_V2_TCN_MEANMAX,MODEL_V2_OPTIMIZER_CORRECTED_V1,0,-0.1307869851589203,0.4673497974872589,18,V2-006-OPT-CORR-F01-S20260927,d65f8f5184d943417a4896f0ae87b47606c0ece1ba004892a72656bfd313bf60
1f0e82835d1b6dc5d462a06871ad7210b7a9c385830cf1c18dfaa2f0af66c6fa,MITDB_P207,207,95000000,1,20260927,MODEL_V2_TCN_MEANMAX,MODEL_V2_OPTIMIZER_CORRECTED_V1,1,10.436214447021484,0.9999706745147705,18,V2-006-OPT-CORR-F01-S20260927,d65f8f5184d943417a4896f0ae87b47606c0ece1ba004892a72656bfd313bf60
1f5b0ce4a235f9bbf4e39fecd5f3f08f6f8831f3ecb05a240ac008b4cd559a36,MITDB_P119,119,295000000,1,20260927,MODEL_V2_TCN_MEANMAX,MODEL_V2_OPTIMIZER_CORRECTED_V1,1,15.450688362121582,0.9999997615814209,18,V2-006-OPT-CORR-F01-S20260927,d65f8f5184d943417a4896f0ae87b47606c0ece1ba004892a72656bfd313bf60
1f8e49c4261919deadadb4769ddda894e747d2e58beeee05c7255fbb1b0ed1ac,MITDB_P122,122,510000000,1,20260927,MODEL_V2_TCN_MEANMAX,MODEL_V2_OPTIMIZER_CORRECTED_V1,0,-6.8100104331970215,0.001101466827094555,18,V2-006-OPT-CORR-F01-S20260927,d65f8f5184d943417a4896f0ae87b47606c0ece1ba004892a72656bfd313bf60
1f91ba6925cb74656721f24e968cc15804ad87099be9e791f6a6852d079efcc5,MITDB_P210,210,1785000000,1,20260927,MODEL_V2_TCN_MEANMAX,MODEL_V2_OPTIMIZER_CORRECTED_V1,1,0.9962471723556519,0.7303200364112854,18,V2-006-OPT-CORR-F01-S20260927,d65f8f5184d943417a4896f0ae87b47606c0ece1ba004892a72656bfd313bf60
1fc25bf8f05d456a6463a3032725d89f0008d1724a91fcfb31051d8227e48255,MITDB_P207,207,795000000,1,20260927,MODEL_V2_TCN_MEANMAX,MODEL_V2_OPTIMIZER_CORRECTED_V1,0,8.691064834594727,0.9998319149017334,18,V2-006-OPT-CORR-F01-S20260927,d65f8f5184d943417a4896f0ae87b47606c0ece1ba004892a72656bfd313bf60
1fc368b8f740685096d4ec87f229ab6f401898a0cb31900e956cdc39a45ea0c7,MITDB_P118,118,1175000000,1,20260927,MODEL_V2_TCN_MEANMAX,MODEL_V2_OPTIMIZER_CORRECTED_V1,1,4.508752822875977,0.9891077280044556,18,V2-006-OPT-CORR-F01-S20260927,d65f8f5184d943417a4896f0ae87b47606c0ece1ba004892a72656bfd313bf60
1fe5366f022f4a51fccdeae86a8bc5c0dd9462efb4c4af34b9f55f04dd5ccb01,MITDB_P122,122,760000000,1,20260927,MODEL_V2_TCN_MEANMAX,MODEL_V2_OPTIMIZER_CORRECTED_V1,0,-8.175138473510742,0.0002814882027450949,18,V2-006-OPT-CORR-F01-S20260927,d65f8f5184d943417a4896f0ae87b47606c0ece1ba004892a72656bfd313bf60
1ff80ad79897138d01b1ffccf5a90fdf34ae99e9bc9d33faa77ad5dfdb07cc2a,MITDB_P101,101,1080000000,1,20260927,MODEL_V2_TCN_MEANMAX,MODEL_V2_OPTIMIZER_CORRECTED_V1,0,-5.8284759521484375,0.0029339247848838568,18,V2-006-OPT-CORR-F01-S20260927,d65f8f5184d943417a4896f0ae87b47606c0ece1ba004892a72656bfd313bf60
2015b0f60a96ce65733f556ac6896486fc95f2ce772c207c5395a82cda397b42,MITDB_P119,119,1430000000,1,20260927,MODEL_V2_TCN_MEANMAX,MODEL_V2_OPTIMIZER_CORRECTED_V1,1,16.044790267944336,0.9999998807907104,18,V2-006-OPT-CORR-F01-S20260927,d65f8f5184d943417a4896f0ae87b47606c0ece1ba004892a72656bfd313bf60
20197d3cad6aed7a4411b64eb087410352da6eea86f9179863cd046adb3f8d9e,MITDB_P207,207,475000000,1,20260927,MODEL_V2_TCN_MEANMAX,MODEL_V2_OPTIMIZER_CORRECTED_V1,0,12.110690116882324,0.9999945163726807,18,V2-006-OPT-CORR-F01-S20260927,d65f8f5184d943417a4896f0ae87b47606c0ece1ba004892a72656bfd313bf60
20199f806e9a7d3968f6d1cc3fc56b0412e497cf6ee47c1902f7eac4e754dc47,MITDB_P122,122,625000000,1,20260927,MODEL_V2_TCN_MEANMAX,MODEL_V2_OPTIMIZER_CORRECTED_V1,0,-6.2350358963012695,0.0019557264167815447,18,V2-006-OPT-CORR-F01-S20260927,d65f8f5184d943417a4896f0ae87b47606c0ece1ba004892a72656bfd313bf60
201ac87723a3b2e317959a5eadf7080d5ba2ad485b54e56676aada060872cf61,MITDB_P122,122,865000000,1,20260927,MODEL_V2_TCN_MEANMAX,MODEL_V2_OPTIMIZER_CORRECTED_V1,0,-8.548343658447266,0.00019382836762815714,18,V2-006-OPT-CORR-F01-S20260927,d65f8f5184d943417a4896f0ae87b47606c0ece1ba004892a72656bfd313bf60
201f39c96cc38b494b2faef583c3f9cec0a7a9bbc5ac61c625e31cdfeda414e9,MITDB_P210,210,940000000,1,20260927,MODEL_V2_TCN_MEANMAX,MODEL_V2_OPTIMIZER_CORRECTED_V1,1,0.08253386616706848,0.5206217765808105,18,V2-006-OPT-CORR-F01-S20260927,d65f8f5184d943417a4896f0ae87b47606c0ece1ba004892a72656bfd313bf60
208a7b707e4d38924ad6db4ef546fdd41eac48ce985478787589cc2c4b5e1913,MITDB_P101,101,70000000,1,20260927,MODEL_V2_TCN_MEANMAX,MODEL_V2_OPTIMIZER_CORRECTED_V1,0,-6.332625389099121,0.0017742080381140113,18,V2-006-OPT-CORR-F01-S20260927,d65f8f5184d943417a4896f0ae87b47606c0ece1ba004892a72656bfd313bf60
20a2549fe57ce78cbc89ebc64fb820d260db1c47ba750f5e54ac9b7d45989bb8,MITDB_P119,119,525000000,1,20260927,MODEL_V2_TCN_MEANMAX,MODEL_V2_OPTIMIZER_CORRECTED_V1,0,-7.141048431396484,0.0007912947330623865,18,V2-006-OPT-CORR-F01-S20260927,d65f8f5184d943417a4896f0ae87b47606c0ece1ba004892a72656bfd313bf60
20cecb41846533238937750ce3a2d7b8610b090c434d6776ff2f39419a65bd25,MITDB_P119,119,35000000,1,20260927,MODEL_V2_TCN_MEANMAX,MODEL_V2_OPTIMIZER_CORRECTED_V1,1,12.025514602661133,0.9999940395355225,18,V2-006-OPT-CORR-F01-S20260927,d65f8f5184d943417a4896f0ae87b47606c0ece1ba004892a72656bfd313bf60
20d1682e72adf30af4a697cd996389f106394aa0396c9b322f5ba76c1fe258bc,MITDB_P101,101,835000000,1,20260927,MODEL_V2_TCN_MEANMAX,MODEL_V2_OPTIMIZER_CORRECTED_V1,0,-5.613330364227295,0.0036356309428811073,18,V2-006-OPT-CORR-F01-S20260927,d65f8f5184d943417a4896f0ae87b47606c0ece1ba004892a72656bfd313bf60
20d2cfeb9eded91ed7d9d2afca24ca0bd62c31ea417d1bfdaf53aea5bdcb487f,MITDB_P207,207,1690000000,1,20260927,MODEL_V2_TCN_MEANMAX,MODEL_V2_OPTIMIZER_CORRECTED_V1,1,-3.7919135093688965,0.022055011242628098,18,V2-006-OPT-CORR-F01-S20260927,d65f8f5184d943417a4896f0ae87b47606c0ece1ba004892a72656bfd313bf60
20e780e793dc64f47ecca6043ad7ba62cdc6a3c5cc264f194f4386382aa2458a,MITDB_P210,210,620000000,1,20260927,MODEL_V2_TCN_MEANMAX,MODEL_V2_OPTIMIZER_CORRECTED_V1,1,2.0177695751190186,0.8826501369476318,18,V2-006-OPT-CORR-F01-S20260927,d65f8f5184d943417a4896f0ae87b47606c0ece1ba004892a72656bfd313bf60
21078dae2a4d4ec8dee6d097189798af6d13cf9a2ecc821625741fc12ef9e901,MITDB_P207,207,515000000,1,20260927,MODEL_V2_TCN_MEANMAX,MODEL_V2_OPTIMIZER_CORRECTED_V1,0,12.18864631652832,0.9999948740005493,18,V2-006-OPT-CORR-F01-S20260927,d65f8f5184d943417a4896f0ae87b47606c0ece1ba004892a72656bfd313bf60
211fafb31181a5b91dec105730e5c88c2dfe218776cd43bd1be3bc95df92437c,MITDB_P118,118,1675000000,1,20260927,MODEL_V2_TCN_MEANMAX,MODEL_V2_OPTIMIZER_CORRECTED_V1,1,0.01828661561012268,0.5045714974403381,18,V2-006-OPT-CORR-F01-S20260927,d65f8f5184d943417a4896f0ae87b47606c0ece1ba004892a72656bfd313bf60
213c3025d8e6ac51e99dc8e40d5d0c811f94c22abc75da95ba8c0c858cb1a357,MITDB_P210,210,550000000,1,20260927,MODEL_V2_TCN_MEANMAX,MODEL_V2_OPTIMIZER_CORRECTED_V1,1,1.9414653778076172,0.8745130300521851,18,V2-006-OPT-CORR-F01-S20260927,d65f8f5184d943417a4896f0ae87b47606c0ece1ba004892a72656bfd313bf60
2169b1762c03a995357be243263cc667c5b729dd2e40d6fdf02b480e3b4fe95c,MITDB_P210,210,1570000000,1,20260927,MODEL_V2_TCN_MEANMAX,MODEL_V2_OPTIMIZER_CORRECTED_V1,1,-1.6744170188903809,0.1578361541032791,18,V2-006-OPT-CORR-F01-S20260927,d65f8f5184d943417a4896f0ae87b47606c0ece1ba004892a72656bfd313bf60
217c40efb7493ed59cf8f424c4e0071e1bd240738522bd4807d7c720bca6fc0f,MITDB_P119,119,1110000000,1,20260927,MODEL_V2_TCN_MEANMAX,MODEL_V2_OPTIMIZER_CORRECTED_V1,1,16.89905548095703,1.0,18,V2-006-OPT-CORR-F01-S20260927,d65f8f5184d943417a4896f0ae87b47606c0ece1ba004892a72656bfd313bf60
21981cbad2254f41d802802a3d8ffd7c3124c0bdede449f75db617d3c2895c16,MITDB_P119,119,1335000000,1,20260927,MODEL_V2_TCN_MEANMAX,MODEL_V2_OPTIMIZER_CORRECTED_V1,1,14.348746299743652,0.9999994039535522,18,V2-006-OPT-CORR-F01-S20260927,d65f8f5184d943417a4896f0ae87b47606c0ece1ba004892a72656bfd313bf60
2199fb26358eac5125293ea7a3c2606094b8b200c0f22369f51354d574210db0,MITDB_P119,119,830000000,1,20260927,MODEL_V2_TCN_MEANMAX,MODEL_V2_OPTIMIZER_CORRECTED_V1,1,14.209665298461914,0.9999992847442627,18,V2-006-OPT-CORR-F01-S20260927,d65f8f5184d943417a4896f0ae87b47606c0ece1ba004892a72656bfd313bf60
21a975f485600358676e746b25203f33643d5e3778bf57f17728847b11389253,MITDB_P207,207,870000000,1,20260927,MODEL_V2_TCN_MEANMAX,MODEL_V2_OPTIMIZER_CORRECTED_V1,0,8.207386016845703,0.9997274279594421,18,V2-006-OPT-CORR-F01-S20260927,d65f8f5184d943417a4896f0ae87b47606c0ece1ba004892a72656bfd313bf60
21c4d13196e432112846c2897f8c13cb7befda383471ffcd8f0a847ffe5148c7,MITDB_P122,122,950000000,1,20260927,MODEL_V2_TCN_MEANMAX,MODEL_V2_OPTIMIZER_CORRECTED_V1,0,-7.607123374938965,0.0004966524429619312,18,V2-006-OPT-CORR-F01-S20260927,d65f8f5184d943417a4896f0ae87b47606c0ece1ba004892a72656bfd313bf60
21e64190897967a556a7e79be979086d4aeb0c2de692841e206f129cde4d5768,MITDB_P210,210,835000000,1,20260927,MODEL_V2_TCN_MEANMAX,MODEL_V2_OPTIMIZER_CORRECTED_V1,1,8.121500015258789,0.9997029900550842,18,V2-006-OPT-CORR-F01-S20260927,d65f8f5184d943417a4896f0ae87b47606c0ece1ba004892a72656bfd313bf60
22524b1f86866899bcef4e6f7ea2cf61b4816f6f5b8bf732983f62dfa23ee743,MITDB_P101,101,785000000,1,20260927,MODEL_V2_TCN_MEANMAX,MODEL_V2_OPTIMIZER_CORRECTED_V1,0,-6.268373489379883,0.0018917233683168888,18,V2-006-OPT-CORR-F01-S20260927,d65f8f5184d943417a4896f0ae87b47606c0ece1ba004892a72656bfd313bf60
2268f17bd9c26dcc08e6319fa2f5420edf2d71cd4d53c88aa71be967f1135bec,MITDB_P101,101,1625000000,1,20260927,MODEL_V2_TCN_MEANMAX,MODEL_V2_OPTIMIZER_CORRECTED_V1,0,-5.722116470336914,0.0032621007412672043,18,V2-006-OPT-CORR-F01-S20260927,d65f8f5184d943417a4896f0ae87b47606c0ece1ba004892a72656bfd313bf60
226c880cc1688b635d3087561622ee91d71ee0d7d13167b515bf9400eceb1860,MITDB_P118,118,1555000000,1,20260927,MODEL_V2_TCN_MEANMAX,MODEL_V2_OPTIMIZER_CORRECTED_V1,1,2.9660239219665527,0.9510153532028198,18,V2-006-OPT-CORR-F01-S20260927,d65f8f5184d943417a4896f0ae87b47606c0ece1ba004892a72656bfd313bf60
226db3375f6de9d82b1fe0b41db7a4253d872a47ac6174847449e80b82786621,MITDB_P207,207,1300000000,1,20260927,MODEL_V2_TCN_MEANMAX,MODEL_V2_OPTIMIZER_CORRECTED_V1,0,7.459391117095947,0.9994243383407593,18,V2-006-OPT-CORR-F01-S20260927,d65f8f5184d943417a4896f0ae87b47606c0ece1ba004892a72656bfd313bf60
2279d00b9e50ba9b80958a0d0991bcfea571bd1fb7b66c2a4a3a334fa01b7dbf,MITDB_P118,118,1450000000,1,20260927,MODEL_V2_TCN_MEANMAX,MODEL_V2_OPTIMIZER_CORRECTED_V1,0,1.6236084699630737,0.8352921605110168,18,V2-006-OPT-CORR-F01-S20260927,d65f8f5184d943417a4896f0ae87b47606c0ece1ba004892a72656bfd313bf60
22af3f4cee5483c362453cc2745b4e154514b7606490a5b9b636872d4c2a7d4b,MITDB_P118,118,35000000,1,20260927,MODEL_V2_TCN_MEANMAX,MODEL_V2_OPTIMIZER_CORRECTED_V1,1,2.8210501670837402,0.9438027739524841,18,V2-006-OPT-CORR-F01-S20260927,d65f8f5184d943417a4896f0ae87b47606c0ece1ba004892a72656bfd313bf60
22dd3e0fccfe21eb9dff457b6433b9173190c536a5cc73d616b6282fd9212320,MITDB_P122,122,485000000,1,20260927,MODEL_V2_TCN_MEANMAX,MODEL_V2_OPTIMIZER_CORRECTED_V1,0,-8.529481887817383,0.00019751826766878366,18,V2-006-OPT-CORR-F01-S20260927,d65f8f5184d943417a4896f0ae87b47606c0ece1ba004892a72656bfd313bf60
23145fa1ddf031410d2473d7963e80c50920c508d98f223981b82b5684796e6f,MITDB_P118,118,365000000,1,20260927,MODEL_V2_TCN_MEANMAX,MODEL_V2_OPTIMIZER_CORRECTED_V1,1,8.720964431762695,0.9998369216918945,18,V2-006-OPT-CORR-F01-S20260927,d65f8f5184d943417a4896f0ae87b47606c0ece1ba004892a72656bfd313bf60
233bfb9e286247c38c1369273cf6d8cb18a469e4e85bed14e012ce3bf08c1d22,MITDB_P210,210,15000000,1,20260927,MODEL_V2_TCN_MEANMAX,MODEL_V2_OPTIMIZER_CORRECTED_V1,1,2.9723520278930664,0.9513093829154968,18,V2-006-OPT-CORR-F01-S20260927,d65f8f5184d943417a4896f0ae87b47606c0ece1ba004892a72656bfd313bf60
23527d200c59bac52734448c103846ce09d8409e11ca3515270f7c8b06e895d5,MITDB_P207,207,235000000,1,20260927,MODEL_V2_TCN_MEANMAX,MODEL_V2_OPTIMIZER_CORRECTED_V1,1,12.515830993652344,0.9999963045120239,18,V2-006-OPT-CORR-F01-S20260927,d65f8f5184d943417a4896f0ae87b47606c0ece1ba004892a72656bfd313bf60
237074f7ba7848ff1de52f5cf17f20f1e21e5072146e066d23eb15908968cd66,MITDB_P210,210,1185000000,1,20260927,MODEL_V2_TCN_MEANMAX,MODEL_V2_OPTIMIZER_CORRECTED_V1,1,14.103815078735352,0.9999992847442627,18,V2-006-OPT-CORR-F01-S20260927,d65f8f5184d943417a4896f0ae87b47606c0ece1ba004892a72656bfd313bf60
23a803b7c2e32f01d182f6931e40b9ccd673294246b6666fef74c5bf757c78b1,MITDB_P101,101,1560000000,1,20260927,MODEL_V2_TCN_MEANMAX,MODEL_V2_OPTIMIZER_CORRECTED_V1,0,-5.9539971351623535,0.002588726580142975,18,V2-006-OPT-CORR-F01-S20260927,d65f8f5184d943417a4896f0ae87b47606c0ece1ba004892a72656bfd313bf60
23b2bd767c2c4d18d25f40fa089a7101200ff86844d9da57eefc7100f2d2ee98,MITDB_P207,207,75000000,1,20260927,MODEL_V2_TCN_MEANMAX,MODEL_V2_OPTIMIZER_CORRECTED_V1,1,7.465697765350342,0.999427855014801,18,V2-006-OPT-CORR-F01-S20260927,d65f8f5184d943417a4896f0ae87b47606c0ece1ba004892a72656bfd313bf60
23b89173338b5452b42f1aa1248d42b664e1999f28ce92088f7aa6531da40387,MITDB_P119,119,1115000000,1,20260927,MODEL_V2_TCN_MEANMAX,MODEL_V2_OPTIMIZER_CORRECTED_V1,1,14.068563461303711,0.9999991655349731,18,V2-006-OPT-CORR-F01-S20260927,d65f8f5184d943417a4896f0ae87b47606c0ece1ba004892a72656bfd313bf60
23bf91810469948a0629e15398f7ab092bfd1a41525f0f427de7ab90765214b4,MITDB_P122,122,1630000000,1,20260927,MODEL_V2_TCN_MEANMAX,MODEL_V2_OPTIMIZER_CORRECTED_V1,0,-5.973593711853027,0.0025386177003383636,18,V2-006-OPT-CORR-F01-S20260927,d65f8f5184d943417a4896f0ae87b47606c0ece1ba004892a72656bfd313bf60
23cadb7a70d6f4c55f2a9e0fc023aae7fa6ec2a34fcb9667bb2566852ee89739,MITDB_P210,210,155000000,1,20260927,MODEL_V2_TCN_MEANMAX,MODEL_V2_OPTIMIZER_CORRECTED_V1,0,-0.10897687077522278,0.472782701253891,18,V2-006-OPT-CORR-F01-S20260927,d65f8f5184d943417a4896f0ae87b47606c0ece1ba004892a72656bfd313bf60
243ed474d8e7e34f3bad4473b866ab32652a6fa8f961136feeff6b5fb3943cb9,MITDB_P119,119,545000000,1,20260927,MODEL_V2_TCN_MEANMAX,MODEL_V2_OPTIMIZER_CORRECTED_V1,0,-6.476096153259277,0.001537442789413035,18,V2-006-OPT-CORR-F01-S20260927,d65f8f5184d943417a4896f0ae87b47606c0ece1ba004892a72656bfd313bf60
245b92b8b737c7b45bdfdefdf03bf71353269fb56315de5c0c47ccb305fa763c,MITDB_P207,207,920000000,1,20260927,MODEL_V2_TCN_MEANMAX,MODEL_V2_OPTIMIZER_CORRECTED_V1,0,6.667953968048096,0.9987305998802185,18,V2-006-OPT-CORR-F01-S20260927,d65f8f5184d943417a4896f0ae87b47606c0ece1ba004892a72656bfd313bf60
249dad28504ec5a21cb05388bbccb1f325c16de2918b63be149f2fad2fceb12b,MITDB_P118,118,690000000,1,20260927,MODEL_V2_TCN_MEANMAX,MODEL_V2_OPTIMIZER_CORRECTED_V1,0,1.1005935668945312,0.7503713369369507,18,V2-006-OPT-CORR-F01-S20260927,d65f8f5184d943417a4896f0ae87b47606c0ece1ba004892a72656bfd313bf60
24b2b00a7a04785a3ddc914c5097485316e318a9f5284dffbb43a6f5601070e4,MITDB_P101,101,1360000000,1,20260927,MODEL_V2_TCN_MEANMAX,MODEL_V2_OPTIMIZER_CORRECTED_V1,0,-6.1342573165893555,0.0021626469679176807,18,V2-006-OPT-CORR-F01-S20260927,d65f8f5184d943417a4896f0ae87b47606c0ece1ba004892a72656bfd313bf60
24b8e588ff547c0e762e4065f45b58d7750c57d5cb82242c0d233f2a110cc509,MITDB_P210,210,1035000000,1,20260927,MODEL_V2_TCN_MEANMAX,MODEL_V2_OPTIMIZER_CORRECTED_V1,1,19.94132423400879,1.0,18,V2-006-OPT-CORR-F01-S20260927,d65f8f5184d943417a4896f0ae87b47606c0ece1ba004892a72656bfd313bf60
24bb44889ca1030f80870347a5d5a56c11736a5aacfe9551adafd6c979f9d1e2,MITDB_P210,210,1575000000,1,20260927,MODEL_V2_TCN_MEANMAX,MODEL_V2_OPTIMIZER_CORRECTED_V1,1,2.071389675140381,0.8880911469459534,18,V2-006-OPT-CORR-F01-S20260927,d65f8f5184d943417a4896f0ae87b47606c0ece1ba004892a72656bfd313bf60
24dc2a6007666ae886422e4a7562ede670859e4bbadb32aca1857bb427cc39be,MITDB_P118,118,215000000,1,20260927,MODEL_V2_TCN_MEANMAX,MODEL_V2_OPTIMIZER_CORRECTED_V1,0,1.8828730583190918,0.8679407835006714,18,V2-006-OPT-CORR-F01-S20260927,d65f8f5184d943417a4896f0ae87b47606c0ece1ba004892a72656bfd313bf60
24e74dd98eff8d9aa543cbc5feb6c4eebedc9068ee6f535fcb6b7c0c10f93b10,MITDB_P118,118,1590000000,1,20260927,MODEL_V2_TCN_MEANMAX,MODEL_V2_OPTIMIZER_CORRECTED_V1,1,7.331282138824463,0.9993457198143005,18,V2-006-OPT-CORR-F01-S20260927,d65f8f5184d943417a4896f0ae87b47606c0ece1ba004892a72656bfd313bf60
25220deb10da791b63b82fee6a864c2f22948e841ebb5370d09af24083cbda07,MITDB_P118,118,1580000000,1,20260927,MODEL_V2_TCN_MEANMAX,MODEL_V2_OPTIMIZER_CORRECTED_V1,0,0.13747933506965637,0.534315824508667,18,V2-006-OPT-CORR-F01-S20260927,d65f8f5184d943417a4896f0ae87b47606c0ece1ba004892a72656bfd313bf60
25448353db114a586a7e671a8bee62a6cf4895d4463efafd9b122bc1b8203b40,MITDB_P207,207,510000000,1,20260927,MODEL_V2_TCN_MEANMAX,MODEL_V2_OPTIMIZER_CORRECTED_V1,0,8.76526927947998,0.999843955039978,18,V2-006-OPT-CORR-F01-S20260927,d65f8f5184d943417a4896f0ae87b47606c0ece1ba004892a72656bfd313bf60
2545261ee07bcb1996aa219bf4820c20ef711043a30f3c2cfefd684240b97368,MITDB_P210,210,275000000,1,20260927,MODEL_V2_TCN_MEANMAX,MODEL_V2_OPTIMIZER_CORRECTED_V1,1,2.8549318313598633,0.945573091506958,18,V2-006-OPT-CORR-F01-S20260927,d65f8f5184d943417a4896f0ae87b47606c0ece1ba004892a72656bfd313bf60
256386f64af9da1c9a08ad1a87860616ef1ff26a57eac9916f372b65fe43ae4d,MITDB_P122,122,1340000000,1,20260927,MODEL_V2_TCN_MEANMAX,MODEL_V2_OPTIMIZER_CORRECTED_V1,0,-6.7178239822387695,0.0012077062856405973,18,V2-006-OPT-CORR-F01-S20260927,d65f8f5184d943417a4896f0ae87b47606c0ece1ba004892a72656bfd313bf60
25807fe26a9ddfa236217bbb18c8d72450302b9e81445d4e22c8b00758dfdca5,MITDB_P122,122,1400000000,1,20260927,MODEL_V2_TCN_MEANMAX,MODEL_V2_OPTIMIZER_CORRECTED_V1,0,-7.3660173416137695,0.0006319820531643927,18,V2-006-OPT-CORR-F01-S20260927,d65f8f5184d943417a4896f0ae87b47606c0ece1ba004892a72656bfd313bf60
2580cfeb5bec957df5a0bc5586eb7eada2558f8332301b0151ed32cc6c088756,MITDB_P210,210,1220000000,1,20260927,MODEL_V2_TCN_MEANMAX,MODEL_V2_OPTIMIZER_CORRECTED_V1,1,-4.225191116333008,0.014411802403628826,18,V2-006-OPT-CORR-F01-S20260927,d65f8f5184d943417a4896f0ae87b47606c0ece1ba004892a72656bfd313bf60
2594766451a28aca0561dbe0d04332be755e3e690dc207ea75a3fd9892d6c1b0,MITDB_P119,119,770000000,1,20260927,MODEL_V2_TCN_MEANMAX,MODEL_V2_OPTIMIZER_CORRECTED_V1,1,12.22201919555664,0.9999951124191284,18,V2-006-OPT-CORR-F01-S20260927,d65f8f5184d943417a4896f0ae87b47606c0ece1ba004892a72656bfd313bf60
2595858fcaa72bb0a79f3a183efd9aa68540dd24d9a5ab36cb354b341be2c1fa,MITDB_P118,118,1030000000,1,20260927,MODEL_V2_TCN_MEANMAX,MODEL_V2_OPTIMIZER_CORRECTED_V1,0,3.278637409210205,0.9636886715888977,18,V2-006-OPT-CORR-F01-S20260927,d65f8f5184d943417a4896f0ae87b47606c0ece1ba004892a72656bfd313bf60
259e02e30a2d0ae90d3218fa3815ecabda24ca0ff1f52af03452b29689ccdf21,MITDB_P101,101,580000000,1,20260927,MODEL_V2_TCN_MEANMAX,MODEL_V2_OPTIMIZER_CORRECTED_V1,0,-6.261802673339844,0.0019041708437725902,18,V2-006-OPT-CORR-F01-S20260927,d65f8f5184d943417a4896f0ae87b47606c0ece1ba004892a72656bfd313bf60
25d6e29e9c25263b38155fc926e6cb33371a88b20d8afbc3223f9f2cc461f63e,MITDB_P122,122,1175000000,1,20260927,MODEL_V2_TCN_MEANMAX,MODEL_V2_OPTIMIZER_CORRECTED_V1,0,-8.543212890625,0.00019482521747704595,18,V2-006-OPT-CORR-F01-S20260927,d65f8f5184d943417a4896f0ae87b47606c0ece1ba004892a72656bfd313bf60
260a66d410ebffa9d5a32fe623559221e2119f82ae6e31de50d2cf3af80ee68a,MITDB_P207,207,1260000000,1,20260927,MODEL_V2_TCN_MEANMAX,MODEL_V2_OPTIMIZER_CORRECTED_V1,0,6.731453895568848,0.9988086223602295,18,V2-006-OPT-CORR-F01-S20260927,d65f8f5184d943417a4896f0ae87b47606c0ece1ba004892a72656bfd313bf60
26239f32816bda6a36b2e3404d3519b2f9765c49e050c602ea0db69f165b5e15,MITDB_P122,122,1320000000,1,20260927,MODEL_V2_TCN_MEANMAX,MODEL_V2_OPTIMIZER_CORRECTED_V1,0,-6.748077392578125,0.0011717582819983363,18,V2-006-OPT-CORR-F01-S20260927,d65f8f5184d943417a4896f0ae87b47606c0ece1ba004892a72656bfd313bf60
264e0a312d9d0433fdac7aa7c249c5a9990b9df2ceaceca2434710a9d0094a89,MITDB_P101,101,1065000000,1,20260927,MODEL_V2_TCN_MEANMAX,MODEL_V2_OPTIMIZER_CORRECTED_V1,0,-7.235611438751221,0.0007199479732662439,18,V2-006-OPT-CORR-F01-S20260927,d65f8f5184d943417a4896f0ae87b47606c0ece1ba004892a72656bfd313bf60
265eb1169cd822484b64ce32ff2712edaf6375c8c84caa521d1a374fa095f540,MITDB_P101,101,960000000,1,20260927,MODEL_V2_TCN_MEANMAX,MODEL_V2_OPTIMIZER_CORRECTED_V1,0,-6.519404888153076,0.0014723752392455935,18,V2-006-OPT-CORR-F01-S20260927,d65f8f5184d943417a4896f0ae87b47606c0ece1ba004892a72656bfd313bf60
2683c246f44ef02a792b79ea4143d1a63c4558b72f3aa0ccfb18a49d6eff82d4,MITDB_P101,101,970000000,1,20260927,MODEL_V2_TCN_MEANMAX,MODEL_V2_OPTIMIZER_CORRECTED_V1,0,-7.450576305389404,0.0005807691486552358,18,V2-006-OPT-CORR-F01-S20260927,d65f8f5184d943417a4896f0ae87b47606c0ece1ba004892a72656bfd313bf60
26de2880cbc35604892042007cda951a634bbfd4a7c5809187176ff626083776,MITDB_P119,119,870000000,1,20260927,MODEL_V2_TCN_MEANMAX,MODEL_V2_OPTIMIZER_CORRECTED_V1,1,14.954757690429688,0.9999996423721313,18,V2-006-OPT-CORR-F01-S20260927,d65f8f5184d943417a4896f0ae87b47606c0ece1ba004892a72656bfd313bf60
26e09e5a1f5e4c62b79aaa43519daa379cafe2c87eb7d51d0be51682a41d86db,MITDB_P122,122,25000000,1,20260927,MODEL_V2_TCN_MEANMAX,MODEL_V2_OPTIMIZER_CORRECTED_V1,0,-7.356746673583984,0.0006378644611686468,18,V2-006-OPT-CORR-F01-S20260927,d65f8f5184d943417a4896f0ae87b47606c0ece1ba004892a72656bfd313bf60
270fc4aebce9b59c8e821c6171911a87751ec13f0e6a4a00da00c09ccf40f4e5,MITDB_P119,119,1315000000,1,20260927,MODEL_V2_TCN_MEANMAX,MODEL_V2_OPTIMIZER_CORRECTED_V1,1,19.42555809020996,1.0,18,V2-006-OPT-CORR-F01-S20260927,d65f8f5184d943417a4896f0ae87b47606c0ece1ba004892a72656bfd313bf60
2723059361c3c5594bf93e191edbaa664337c42830e08db02630e56e99901d71,MITDB_P122,122,100000000,1,20260927,MODEL_V2_TCN_MEANMAX,MODEL_V2_OPTIMIZER_CORRECTED_V1,0,-7.838926792144775,0.00039393649785779417,18,V2-006-OPT-CORR-F01-S20260927,d65f8f5184d943417a4896f0ae87b47606c0ece1ba004892a72656bfd313bf60
275317077c7dc6b000a6917c32e7461d82fbb477ea2711e15bb008bfeac32c12,MITDB_P122,122,600000000,1,20260927,MODEL_V2_TCN_MEANMAX,MODEL_V2_OPTIMIZER_CORRECTED_V1,0,-8.4967041015625,0.0002040984109044075,18,V2-006-OPT-CORR-F01-S20260927,d65f8f5184d943417a4896f0ae87b47606c0ece1ba004892a72656bfd313bf60
27bc8bfbd36196b84f381207a9bca322d2a56c38554fe5bb7e386af05033706b,MITDB_P122,122,1690000000,1,20260927,MODEL_V2_TCN_MEANMAX,MODEL_V2_OPTIMIZER_CORRECTED_V1,0,-7.369781970977783,0.0006296088686212897,18,V2-006-OPT-CORR-F01-S20260927,d65f8f5184d943417a4896f0ae87b47606c0ece1ba004892a72656bfd313bf60
27e0d56934d90422d6e883ed08e22068697b00f78f1eb9ce187354f407084673,MITDB_P101,101,1645000000,1,20260927,MODEL_V2_TCN_MEANMAX,MODEL_V2_OPTIMIZER_CORRECTED_V1,0,-4.3837127685546875,0.012325136922299862,18,V2-006-OPT-CORR-F01-S20260927,d65f8f5184d943417a4896f0ae87b47606c0ece1ba004892a72656bfd313bf60
27e3d8643034caf6c2acffe67c5d1e8eb467c792f0e37fbd58a827cf46cfa513,MITDB_P207,207,365000000,1,20260927,MODEL_V2_TCN_MEANMAX,MODEL_V2_OPTIMIZER_CORRECTED_V1,0,12.21141242980957,0.9999949932098389,18,V2-006-OPT-CORR-F01-S20260927,d65f8f5184d943417a4896f0ae87b47606c0ece1ba004892a72656bfd313bf60
2807606a1623f8d913f27229126bae84422f78103a1221bc2a299eac7f78aca3,MITDB_P210,210,135000000,1,20260927,MODEL_V2_TCN_MEANMAX,MODEL_V2_OPTIMIZER_CORRECTED_V1,1,16.999187469482422,1.0,18,V2-006-OPT-CORR-F01-S20260927,d65f8f5184d943417a4896f0ae87b47606c0ece1ba004892a72656bfd313bf60
2815455a67c2c9d96a8167bdd43dd1b846ec833223b445ebb1ff18c8b43686ea,MITDB_P207,207,620000000,1,20260927,MODEL_V2_TCN_MEANMAX,MODEL_V2_OPTIMIZER_CORRECTED_V1,0,9.278766632080078,0.9999066591262817,18,V2-006-OPT-CORR-F01-S20260927,d65f8f5184d943417a4896f0ae87b47606c0ece1ba004892a72656bfd313bf60
281a53a4e9d52d8f413a26db669c5cce7214fd27b8397a4de0b4911be0976235,MITDB_P119,119,345000000,1,20260927,MODEL_V2_TCN_MEANMAX,MODEL_V2_OPTIMIZER_CORRECTED_V1,1,14.722051620483398,0.9999996423721313,18,V2-006-OPT-CORR-F01-S20260927,d65f8f5184d943417a4896f0ae87b47606c0ece1ba004892a72656bfd313bf60
281ab8d95259a0658e75507cb20626bfea433ef53e0ba23913f0688be41a83c9,MITDB_P207,207,1060000000,1,20260927,MODEL_V2_TCN_MEANMAX,MODEL_V2_OPTIMIZER_CORRECTED_V1,0,8.050699234008789,0.9996812343597412,18,V2-006-OPT-CORR-F01-S20260927,d65f8f5184d943417a4896f0ae87b47606c0ece1ba004892a72656bfd313bf60
28507c505d50b0f04238325bb177c4b71217dad0cb12b6e64da66d3b1301e0e1,MITDB_P210,210,1005000000,1,20260927,MODEL_V2_TCN_MEANMAX,MODEL_V2_OPTIMIZER_CORRECTED_V1,1,-3.2990894317626953,0.03560243919491768,18,V2-006-OPT-CORR-F01-S20260927,d65f8f5184d943417a4896f0ae87b47606c0ece1ba004892a72656bfd313bf60
2854cdb786cee7e940e5ba00080f59c215c7a38d8a0b287143b5cb6ac8bd391e,MITDB_P119,119,930000000,1,20260927,MODEL_V2_TCN_MEANMAX,MODEL_V2_OPTIMIZER_CORRECTED_V1,1,15.923542022705078,0.9999998807907104,18,V2-006-OPT-CORR-F01-S20260927,d65f8f5184d943417a4896f0ae87b47606c0ece1ba004892a72656bfd313bf60
286baf46ce390a5c7aff4dba2cc7a56dfa71d6536b78de29c6c6875ebb2860f6,MITDB_P101,101,585000000,1,20260927,MODEL_V2_TCN_MEANMAX,MODEL_V2_OPTIMIZER_CORRECTED_V1,0,-6.6622772216796875,0.00127660040743649,18,V2-006-OPT-CORR-F01-S20260927,d65f8f5184d943417a4896f0ae87b47606c0ece1ba004892a72656bfd313bf60
286e70804bd931bba7278f49aa659385f6fd83ebbe11f103692c8316d6bcda8b,MITDB_P119,119,1705000000,1,20260927,MODEL_V2_TCN_MEANMAX,MODEL_V2_OPTIMIZER_CORRECTED_V1,1,14.596757888793945,0.9999995231628418,18,V2-006-OPT-CORR-F01-S20260927,d65f8f5184d943417a4896f0ae87b47606c0ece1ba004892a72656bfd313bf60
2878dc133ae5106839f9ca57c7eea5f476ddf0ce911e7947a3d7f05d41e0451f,MITDB_P207,207,1485000000,1,20260927,MODEL_V2_TCN_MEANMAX,MODEL_V2_OPTIMIZER_CORRECTED_V1,0,6.101436614990234,0.997765302658081,18,V2-006-OPT-CORR-F01-S20260927,d65f8f5184d943417a4896f0ae87b47606c0ece1ba004892a72656bfd313bf60
28909bf264a12196084a211582fd253dc397415508a880dd872989b137ccba61,MITDB_P210,210,765000000,1,20260927,MODEL_V2_TCN_MEANMAX,MODEL_V2_OPTIMIZER_CORRECTED_V1,1,-0.6730295419692993,0.33781880140304565,18,V2-006-OPT-CORR-F01-S20260927,d65f8f5184d943417a4896f0ae87b47606c0ece1ba004892a72656bfd313bf60
28b2ee7ceae40199d0adef89de7e48dd6db6ca86f9b0297064e8098239adec78,MITDB_P122,122,1135000000,1,20260927,MODEL_V2_TCN_MEANMAX,MODEL_V2_OPTIMIZER_CORRECTED_V1,0,-7.974827766418457,0.00034389583743177354,18,V2-006-OPT-CORR-F01-S20260927,d65f8f5184d943417a4896f0ae87b47606c0ece1ba004892a72656bfd313bf60
28f77f272df32e3ef71b3efc83c6d65ab2bf9d53d7483f556b5693f2bd6d7cb8,MITDB_P101,101,190000000,1,20260927,MODEL_V2_TCN_MEANMAX,MODEL_V2_OPTIMIZER_CORRECTED_V1,0,-6.295191764831543,0.0018417570972815156,18,V2-006-OPT-CORR-F01-S20260927,d65f8f5184d943417a4896f0ae87b47606c0ece1ba004892a72656bfd313bf60
292174fef24c0e8d306011c5617404584d3dab0206babc0f13c7bdda16c1dbc5,MITDB_P210,210,1600000000,1,20260927,MODEL_V2_TCN_MEANMAX,MODEL_V2_OPTIMIZER_CORRECTED_V1,0,-0.6859887838363647,0.33492597937583923,18,V2-006-OPT-CORR-F01-S20260927,d65f8f5184d943417a4896f0ae87b47606c0ece1ba004892a72656bfd313bf60
292a70e3540559311c16268dcd388e920a86dd5c0db0699c262b082b9bf080ca,MITDB_P119,119,1775000000,1,20260927,MODEL_V2_TCN_MEANMAX,MODEL_V2_OPTIMIZER_CORRECTED_V1,1,16.057571411132812,0.9999998807907104,18,V2-006-OPT-CORR-F01-S20260927,d65f8f5184d943417a4896f0ae87b47606c0ece1ba004892a72656bfd313bf60
2935da279937ea76805315e32eb6c01283162f4d22c2c09a7c11cbd0026d71c8,MITDB_P118,118,1380000000,1,20260927,MODEL_V2_TCN_MEANMAX,MODEL_V2_OPTIMIZER_CORRECTED_V1,0,0.9540104866027832,0.7219210267066956,18,V2-006-OPT-CORR-F01-S20260927,d65f8f5184d943417a4896f0ae87b47606c0ece1ba004892a72656bfd313bf60
2948abeff561c44b05c97239783e8c564d14e8ede23196500cd6861fd8548790,MITDB_P118,118,1090000000,1,20260927,MODEL_V2_TCN_MEANMAX,MODEL_V2_OPTIMIZER_CORRECTED_V1,0,4.501187801361084,0.9890260100364685,18,V2-006-OPT-CORR-F01-S20260927,d65f8f5184d943417a4896f0ae87b47606c0ece1ba004892a72656bfd313bf60
294c8b4731f4af335901fc794b3b5298a7fb44647d39a3272b4c205b0277c428,MITDB_P122,122,875000000,1,20260927,MODEL_V2_TCN_MEANMAX,MODEL_V2_OPTIMIZER_CORRECTED_V1,0,-8.75407600402832,0.00015779184468556195,18,V2-006-OPT-CORR-F01-S20260927,d65f8f5184d943417a4896f0ae87b47606c0ece1ba004892a72656bfd313bf60
297ab1f3bbde96b7cf15ca54030a9cd75d1db5f345526c20f1cc4053cd7b0926,MITDB_P207,207,1410000000,1,20260927,MODEL_V2_TCN_MEANMAX,MODEL_V2_OPTIMIZER_CORRECTED_V1,0,6.778498649597168,0.9988633394241333,18,V2-006-OPT-CORR-F01-S20260927,d65f8f5184d943417a4896f0ae87b47606c0ece1ba004892a72656bfd313bf60
29c14901c91221908a52c10f41d4cc6bacffea054a5a009485926e7ba1a74b25,MITDB_P119,119,1805000000,1,20260927,MODEL_V2_TCN_MEANMAX,MODEL_V2_OPTIMIZER_CORRECTED_V1,0,-7.079258918762207,0.0008416881319135427,18,V2-006-OPT-CORR-F01-S20260927,d65f8f5184d943417a4896f0ae87b47606c0ece1ba004892a72656bfd313bf60
29d8b15f9da728f3f75088b41e1c87b910ca85b52d66e28e029e49ec620de092,MITDB_P118,118,780000000,1,20260927,MODEL_V2_TCN_MEANMAX,MODEL_V2_OPTIMIZER_CORRECTED_V1,1,9.943676948547363,0.999951958656311,18,V2-006-OPT-CORR-F01-S20260927,d65f8f5184d943417a4896f0ae87b47606c0ece1ba004892a72656bfd313bf60
29dc18ce57e0287a771866a1f400851fa50cf5439346e2dc4a21de0a8bb7f652,MITDB_P101,101,915000000,1,20260927,MODEL_V2_TCN_MEANMAX,MODEL_V2_OPTIMIZER_CORRECTED_V1,0,-6.541201114654541,0.0014406760456040502,18,V2-006-OPT-CORR-F01-S20260927,d65f8f5184d943417a4896f0ae87b47606c0ece1ba004892a72656bfd313bf60
29f04943f7cc918a87207d3ded10764ab654da0edb96d5274419ec50a0f32d73,MITDB_P119,119,390000000,1,20260927,MODEL_V2_TCN_MEANMAX,MODEL_V2_OPTIMIZER_CORRECTED_V1,1,16.418792724609375,0.9999998807907104,18,V2-006-OPT-CORR-F01-S20260927,d65f8f5184d943417a4896f0ae87b47606c0ece1ba004892a72656bfd313bf60
29f82ea0e42165b1d64dd2170c28a62da7d53fb766c0ef21e26282a046adc95f,MITDB_P118,118,530000000,1,20260927,MODEL_V2_TCN_MEANMAX,MODEL_V2_OPTIMIZER_CORRECTED_V1,0,-0.5897732973098755,0.35668689012527466,18,V2-006-OPT-CORR-F01-S20260927,d65f8f5184d943417a4896f0ae87b47606c0ece1ba004892a72656bfd313bf60
2a105831a5988984dc90d63e4d4002ce5e0d7cbc098947f7ea9557f10da7732a,MITDB_P207,207,1180000000,1,20260927,MODEL_V2_TCN_MEANMAX,MODEL_V2_OPTIMIZER_CORRECTED_V1,0,7.220824241638184,0.9992693066596985,18,V2-006-OPT-CORR-F01-S20260927,d65f8f5184d943417a4896f0ae87b47606c0ece1ba004892a72656bfd313bf60
2a16e8ed0dc46eb26b83e681fff930f275694c1935872bb0b0c3e52a4c2ae32c,MITDB_P210,210,1460000000,1,20260927,MODEL_V2_TCN_MEANMAX,MODEL_V2_OPTIMIZER_CORRECTED_V1,1,9.763982772827148,0.9999425411224365,18,V2-006-OPT-CORR-F01-S20260927,d65f8f5184d943417a4896f0ae87b47606c0ece1ba004892a72656bfd313bf60
2a4c22572530edc77d61794d1807a3a11b4fbb4b8f137d61f3c4e4218a29c5ae,MITDB_P119,119,1220000000,1,20260927,MODEL_V2_TCN_MEANMAX,MODEL_V2_OPTIMIZER_CORRECTED_V1,1,16.223163604736328,0.9999998807907104,18,V2-006-OPT-CORR-F01-S20260927,d65f8f5184d943417a4896f0ae87b47606c0ece1ba004892a72656bfd313bf60
2a837add3eb7a1b317688e52ca2f381593134b60d44e4011d7d2a1354f6b1203,MITDB_P122,122,880000000,1,20260927,MODEL_V2_TCN_MEANMAX,MODEL_V2_OPTIMIZER_CORRECTED_V1,0,-7.40449857711792,0.0006081390893086791,18,V2-006-OPT-CORR-F01-S20260927,d65f8f5184d943417a4896f0ae87b47606c0ece1ba004892a72656bfd313bf60
2a94ecc3318733b38bc403bdbea8b0180f19af401c69b688f92689579d5105e9,MITDB_P207,207,1140000000,1,20260927,MODEL_V2_TCN_MEANMAX,MODEL_V2_OPTIMIZER_CORRECTED_V1,0,5.9277238845825195,0.9973425269126892,18,V2-006-OPT-CORR-F01-S20260927,d65f8f5184d943417a4896f0ae87b47606c0ece1ba004892a72656bfd313bf60
2aa991221b57b4144d6d916e2ab1118e50d58a48a79418e0b56673d91a8d706b,MITDB_P207,207,115000000,1,20260927,MODEL_V2_TCN_MEANMAX,MODEL_V2_OPTIMIZER_CORRECTED_V1,0,6.153054237365723,0.9978775978088379,18,V2-006-OPT-CORR-F01-S20260927,d65f8f5184d943417a4896f0ae87b47606c0ece1ba004892a72656bfd313bf60
2aac86a098bd8f97e0a525dc79f5d4d72f60b7aecde90abc4e077ce79c262310,MITDB_P118,118,475000000,1,20260927,MODEL_V2_TCN_MEANMAX,MODEL_V2_OPTIMIZER_CORRECTED_V1,0,5.336000919342041,0.9952079653739929,18,V2-006-OPT-CORR-F01-S20260927,d65f8f5184d943417a4896f0ae87b47606c0ece1ba004892a72656bfd313bf60
2ad719ca3ed6815a6b21dd00bbb337ba350e859f34456320ccb3085d42446964,MITDB_P210,210,1195000000,1,20260927,MODEL_V2_TCN_MEANMAX,MODEL_V2_OPTIMIZER_CORRECTED_V1,1,0.7133866548538208,0.6711490154266357,18,V2-006-OPT-CORR-F01-S20260927,d65f8f5184d943417a4896f0ae87b47606c0ece1ba004892a72656bfd313bf60
2af47610d8893d390d35524b23e19b6270ff21ead3dc0a7dba312a9be04d7981,MITDB_P210,210,840000000,1,20260927,MODEL_V2_TCN_MEANMAX,MODEL_V2_OPTIMIZER_CORRECTED_V1,1,7.345515251159668,0.999354898929596,18,V2-006-OPT-CORR-F01-S20260927,d65f8f5184d943417a4896f0ae87b47606c0ece1ba004892a72656bfd313bf60
2b268a7b1bc9e1c21ab887ad10952da40b12e06cdc3c55703133b52de02d93d6,MITDB_P118,118,1160000000,1,20260927,MODEL_V2_TCN_MEANMAX,MODEL_V2_OPTIMIZER_CORRECTED_V1,0,0.8743239641189575,0.7056446075439453,18,V2-006-OPT-CORR-F01-S20260927,d65f8f5184d943417a4896f0ae87b47606c0ece1ba004892a72656bfd313bf60
2b270cc287ee4304ee4474c9e8b8b6b67a44ac46be9ac38bc38ddefebe254b1f,MITDB_P101,101,800000000,1,20260927,MODEL_V2_TCN_MEANMAX,MODEL_V2_OPTIMIZER_CORRECTED_V1,0,-4.834630966186523,0.007886923849582672,18,V2-006-OPT-CORR-F01-S20260927,d65f8f5184d943417a4896f0ae87b47606c0ece1ba004892a72656bfd313bf60
2b4f338600a938efbd319424e5d9c17041a02081a45e3a6e3d39d7a6d2afb386,MITDB_P101,101,925000000,1,20260927,MODEL_V2_TCN_MEANMAX,MODEL_V2_OPTIMIZER_CORRECTED_V1,0,-6.528313636779785,0.0014593355590477586,18,V2-006-OPT-CORR-F01-S20260927,d65f8f5184d943417a4896f0ae87b47606c0ece1ba004892a72656bfd313bf60
2b5f9d0d8708468726e1c216823ff11ad104399d83fdf8466ced5150c28cebed,MITDB_P119,119,755000000,1,20260927,MODEL_V2_TCN_MEANMAX,MODEL_V2_OPTIMIZER_CORRECTED_V1,1,14.216862678527832,0.9999992847442627,18,V2-006-OPT-CORR-F01-S20260927,d65f8f5184d943417a4896f0ae87b47606c0ece1ba004892a72656bfd313bf60
2b692b6a57e97268ecb597de64a64db1298f0f2d2196d3c65dacccd0ab759d5d,MITDB_P118,118,120000000,1,20260927,MODEL_V2_TCN_MEANMAX,MODEL_V2_OPTIMIZER_CORRECTED_V1,1,6.057927131652832,0.9976662397384644,18,V2-006-OPT-CORR-F01-S20260927,d65f8f5184d943417a4896f0ae87b47606c0ece1ba004892a72656bfd313bf60
2b6e0fefa95d0172166aa97412a7b84526ee63ebb8035e28fb65774bfb35da2e,MITDB_P122,122,965000000,1,20260927,MODEL_V2_TCN_MEANMAX,MODEL_V2_OPTIMIZER_CORRECTED_V1,0,-8.27191162109375,0.0002555309038143605,18,V2-006-OPT-CORR-F01-S20260927,d65f8f5184d943417a4896f0ae87b47606c0ece1ba004892a72656bfd313bf60
2b70cbc820d5c673068e9d1cd74c30fc2af41e65b7f50ebd0a3526865f1bdffa,MITDB_P122,122,1545000000,1,20260927,MODEL_V2_TCN_MEANMAX,MODEL_V2_OPTIMIZER_CORRECTED_V1,0,-8.083112716674805,0.00030861335108056664,18,V2-006-OPT-CORR-F01-S20260927,d65f8f5184d943417a4896f0ae87b47606c0ece1ba004892a72656bfd313bf60
2b723e407651b33c75990dd5d9a0285978a52ec190a2fd8393a7e480a6e9a502,MITDB_P210,210,1760000000,1,20260927,MODEL_V2_TCN_MEANMAX,MODEL_V2_OPTIMIZER_CORRECTED_V1,1,9.60498046875,0.9999326467514038,18,V2-006-OPT-CORR-F01-S20260927,d65f8f5184d943417a4896f0ae87b47606c0ece1ba004892a72656bfd313bf60
2ba0decaa3229044556f020700947098cbd70bb9e3c48eff8728c09cdbe48087,MITDB_P207,207,1480000000,1,20260927,MODEL_V2_TCN_MEANMAX,MODEL_V2_OPTIMIZER_CORRECTED_V1,0,6.802175521850586,0.9988898634910583,18,V2-006-OPT-CORR-F01-S20260927,d65f8f5184d943417a4896f0ae87b47606c0ece1ba004892a72656bfd313bf60
2ba62b7f5fc1a49ced4558c58abb5a2b2a6ea3924194535460bac47a26050e10,MITDB_P101,101,1380000000,1,20260927,MODEL_V2_TCN_MEANMAX,MODEL_V2_OPTIMIZER_CORRECTED_V1,0,-6.611144542694092,0.0013434841530397534,18,V2-006-OPT-CORR-F01-S20260927,d65f8f5184d943417a4896f0ae87b47606c0ece1ba004892a72656bfd313bf60
2bd35c2713cb20ccee0129acb7a5ca27bfec581984d91ef3b5c478319f0bf49a,MITDB_P101,101,760000000,1,20260927,MODEL_V2_TCN_MEANMAX,MODEL_V2_OPTIMIZER_CORRECTED_V1,0,-6.502231597900391,0.0014978409744799137,18,V2-006-OPT-CORR-F01-S20260927,d65f8f5184d943417a4896f0ae87b47606c0ece1ba004892a72656bfd313bf60
2be142592e8d65a36cd7b43ea8828e811bcf1d32accbc1d0f64802db8acc7ffe,MITDB_P101,101,35000000,1,20260927,MODEL_V2_TCN_MEANMAX,MODEL_V2_OPTIMIZER_CORRECTED_V1,0,-5.832198143005371,0.002923056483268738,18,V2-006-OPT-CORR-F01-S20260927,d65f8f5184d943417a4896f0ae87b47606c0ece1ba004892a72656bfd313bf60
2bedd98441b29248223eba2b20ed622b5d81c49cb639bf09054b9a74dfaa22a6,MITDB_P122,122,1745000000,1,20260927,MODEL_V2_TCN_MEANMAX,MODEL_V2_OPTIMIZER_CORRECTED_V1,0,-7.879621982574463,0.00037823294405825436,18,V2-006-OPT-CORR-F01-S20260927,d65f8f5184d943417a4896f0ae87b47606c0ece1ba004892a72656bfd313bf60
2bf4f89dab61171b0dd0d49abdb161c115ee67dafeffa94f3b988509c8d92101,MITDB_P210,210,625000000,1,20260927,MODEL_V2_TCN_MEANMAX,MODEL_V2_OPTIMIZER_CORRECTED_V1,1,0.03028300404548645,0.5075701475143433,18,V2-006-OPT-CORR-F01-S20260927,d65f8f5184d943417a4896f0ae87b47606c0ece1ba004892a72656bfd313bf60
2bf776aba2025fe4957a075ffca064dfc58c113330f61c358b932f32e04c028c,MITDB_P207,207,1245000000,1,20260927,MODEL_V2_TCN_MEANMAX,MODEL_V2_OPTIMIZER_CORRECTED_V1,0,6.258678436279297,0.9980898499488831,18,V2-006-OPT-CORR-F01-S20260927,d65f8f5184d943417a4896f0ae87b47606c0ece1ba004892a72656bfd313bf60
2bfe23c357d8340ac483aa99cfa7162b3e6ddf66d514e013f08577addbafb75c,MITDB_P210,210,590000000,1,20260927,MODEL_V2_TCN_MEANMAX,MODEL_V2_OPTIMIZER_CORRECTED_V1,0,-2.1331424713134766,0.10591703653335571,18,V2-006-OPT-CORR-F01-S20260927,d65f8f5184d943417a4896f0ae87b47606c0ece1ba004892a72656bfd313bf60
2c189abcaeeb2633419b218c46a0199cf5dbff865ded8b57fc6a767e8b96fac0,MITDB_P119,119,1165000000,1,20260927,MODEL_V2_TCN_MEANMAX,MODEL_V2_OPTIMIZER_CORRECTED_V1,1,13.192972183227539,0.9999980926513672,18,V2-006-OPT-CORR-F01-S20260927,d65f8f5184d943417a4896f0ae87b47606c0ece1ba004892a72656bfd313bf60
2c32215c7c44ab3d2bde8dfa79038ab42a8fa09f32bbe13e462724038caac0b8,MITDB_P118,118,1465000000,1,20260927,MODEL_V2_TCN_MEANMAX,MODEL_V2_OPTIMIZER_CORRECTED_V1,0,0.011562913656234741,0.5028907060623169,18,V2-006-OPT-CORR-F01-S20260927,d65f8f5184d943417a4896f0ae87b47606c0ece1ba004892a72656bfd313bf60
2c3a657a6930b1510e1e076bf7efe46e6fc81bff8c583ef4a1b6f67cfa5cbf52,MITDB_P119,119,385000000,1,20260927,MODEL_V2_TCN_MEANMAX,MODEL_V2_OPTIMIZER_CORRECTED_V1,1,13.562538146972656,0.9999986886978149,18,V2-006-OPT-CORR-F01-S20260927,d65f8f5184d943417a4896f0ae87b47606c0ece1ba004892a72656bfd313bf60
2c640e1aeaee4733543bdfcfdf4b03a4c77d38a50c2b7bc486842a59a123ab87,MITDB_P210,210,885000000,1,20260927,MODEL_V2_TCN_MEANMAX,MODEL_V2_OPTIMIZER_CORRECTED_V1,1,19.00139045715332,1.0,18,V2-006-OPT-CORR-F01-S20260927,d65f8f5184d943417a4896f0ae87b47606c0ece1ba004892a72656bfd313bf60
2c68919fe440b4d85dc3043ca4ebc43765d1a255987447c45cfb62be2a161684,MITDB_P101,101,230000000,1,20260927,MODEL_V2_TCN_MEANMAX,MODEL_V2_OPTIMIZER_CORRECTED_V1,0,-6.815849304199219,0.0010950613068416715,18,V2-006-OPT-CORR-F01-S20260927,d65f8f5184d943417a4896f0ae87b47606c0ece1ba004892a72656bfd313bf60
2c7984fdf9929b41d52708e9744c8f7f35f28633d46e2ee2301ca08d7d1f5e22,MITDB_P101,101,475000000,1,20260927,MODEL_V2_TCN_MEANMAX,MODEL_V2_OPTIMIZER_CORRECTED_V1,0,-6.164062023162842,0.0020992744248360395,18,V2-006-OPT-CORR-F01-S20260927,d65f8f5184d943417a4896f0ae87b47606c0ece1ba004892a72656bfd313bf60
2cbf4228e4c02ba5fd83ecfee67934ac13070e5296223261e0c1e3bb7a94db8f,MITDB_P118,118,1155000000,1,20260927,MODEL_V2_TCN_MEANMAX,MODEL_V2_OPTIMIZER_CORRECTED_V1,0,2.9547834396362305,0.9504891037940979,18,V2-006-OPT-CORR-F01-S20260927,d65f8f5184d943417a4896f0ae87b47606c0ece1ba004892a72656bfd313bf60
2cd3fcf04fafb80bedfb90ce57050e64bf99ea83f537232b17327ec8a3fe5310,MITDB_P101,101,65000000,1,20260927,MODEL_V2_TCN_MEANMAX,MODEL_V2_OPTIMIZER_CORRECTED_V1,0,-6.140965461730957,0.002148219384253025,18,V2-006-OPT-CORR-F01-S20260927,d65f8f5184d943417a4896f0ae87b47606c0ece1ba004892a72656bfd313bf60
2ceae0165125e593919f8edd3b70a12a53fbad38dd3ec52fa6fa61db21c61f87,MITDB_P207,207,530000000,1,20260927,MODEL_V2_TCN_MEANMAX,MODEL_V2_OPTIMIZER_CORRECTED_V1,0,11.458915710449219,0.99998939037323,18,V2-006-OPT-CORR-F01-S20260927,d65f8f5184d943417a4896f0ae87b47606c0ece1ba004892a72656bfd313bf60
2d3e7e95d8b2b0ef5d3dc1489afa95aef96a88e200deb38b0300b15fef965329,MITDB_P101,101,1220000000,1,20260927,MODEL_V2_TCN_MEANMAX,MODEL_V2_OPTIMIZER_CORRECTED_V1,0,-4.952301025390625,0.00701753469184041,18,V2-006-OPT-CORR-F01-S20260927,d65f8f5184d943417a4896f0ae87b47606c0ece1ba004892a72656bfd313bf60
2d9d6c6711955eedf7ce7f764d488f599022c63cc2d82d25179554ae4a4fef67,MITDB_P101,101,650000000,1,20260927,MODEL_V2_TCN_MEANMAX,MODEL_V2_OPTIMIZER_CORRECTED_V1,0,-6.294753551483154,0.0018425628077238798,18,V2-006-OPT-CORR-F01-S20260927,d65f8f5184d943417a4896f0ae87b47606c0ece1ba004892a72656bfd313bf60
2dacbe0c3fe31fbb41107ed1e5ead2d59ede398427f82b05f16fdc3278cf99ff,MITDB_P118,118,1720000000,1,20260927,MODEL_V2_TCN_MEANMAX,MODEL_V2_OPTIMIZER_CORRECTED_V1,1,4.9283246994018555,0.9928134083747864,18,V2-006-OPT-CORR-F01-S20260927,d65f8f5184d943417a4896f0ae87b47606c0ece1ba004892a72656bfd313bf60
2dd0eeccffb35344b721c3926144090e048385a0381d62aca2852fa8dd300226,MITDB_P119,119,205000000,1,20260927,MODEL_V2_TCN_MEANMAX,MODEL_V2_OPTIMIZER_CORRECTED_V1,1,13.638237953186035,0.9999988079071045,18,V2-006-OPT-CORR-F01-S20260927,d65f8f5184d943417a4896f0ae87b47606c0ece1ba004892a72656bfd313bf60
2dd6c258c4b13c2da3b10b641856a7e31d56847dab878d77445b41cbc8f890f4,MITDB_P118,118,70000000,1,20260927,MODEL_V2_TCN_MEANMAX,MODEL_V2_OPTIMIZER_CORRECTED_V1,0,2.143880844116211,0.8950955271720886,18,V2-006-OPT-CORR-F01-S20260927,d65f8f5184d943417a4896f0ae87b47606c0ece1ba004892a72656bfd313bf60
2ddce2d6a43d17fa83113adbb1849703d138a852cd221d2c792485ec1b7fec63,MITDB_P122,122,695000000,1,20260927,MODEL_V2_TCN_MEANMAX,MODEL_V2_OPTIMIZER_CORRECTED_V1,0,-5.915828704833984,0.002689173212274909,18,V2-006-OPT-CORR-F01-S20260927,d65f8f5184d943417a4896f0ae87b47606c0ece1ba004892a72656bfd313bf60
2de38e698d460207bc670cb744fdf8dd6a7b501d92779f93042eb271ab7fc8af,MITDB_P101,101,1395000000,1,20260927,MODEL_V2_TCN_MEANMAX,MODEL_V2_OPTIMIZER_CORRECTED_V1,0,-6.706781387329102,0.001221099984832108,18,V2-006-OPT-CORR-F01-S20260927,d65f8f5184d943417a4896f0ae87b47606c0ece1ba004892a72656bfd313bf60
2de53d54f415d2604dc8b56d6d213b6b7e3a3a98c94722cf8736e87d2e41b5ef,MITDB_P118,118,1225000000,1,20260927,MODEL_V2_TCN_MEANMAX,MODEL_V2_OPTIMIZER_CORRECTED_V1,0,3.8200302124023438,0.9785433411598206,18,V2-006-OPT-CORR-F01-S20260927,d65f8f5184d943417a4896f0ae87b47606c0ece1ba004892a72656bfd313bf60
2e1756bda2e5baeaa15d0383ebdabddc3ceae1eff41935682d16849138f652b7,MITDB_P119,119,940000000,1,20260927,MODEL_V2_TCN_MEANMAX,MODEL_V2_OPTIMIZER_CORRECTED_V1,0,-7.378054141998291,0.0006244253600016236,18,V2-006-OPT-CORR-F01-S20260927,d65f8f5184d943417a4896f0ae87b47606c0ece1ba004892a72656bfd313bf60
2e18f5bc2923d50f16026fa88dce4e316276c3356a9be52110118a4e9d9daabe,MITDB_P122,122,565000000,1,20260927,MODEL_V2_TCN_MEANMAX,MODEL_V2_OPTIMIZER_CORRECTED_V1,0,-9.060408592224121,0.0001161620020866394,18,V2-006-OPT-CORR-F01-S20260927,d65f8f5184d943417a4896f0ae87b47606c0ece1ba004892a72656bfd313bf60
2e3d5a9f3f332fce9d2364e9fee8aa3293e7a6e144a2b766f755de3f7ea8a24b,MITDB_P118,118,1115000000,1,20260927,MODEL_V2_TCN_MEANMAX,MODEL_V2_OPTIMIZER_CORRECTED_V1,1,3.4505343437194824,0.9692471027374268,18,V2-006-OPT-CORR-F01-S20260927,d65f8f5184d943417a4896f0ae87b47606c0ece1ba004892a72656bfd313bf60
2e7d59ba5b9498dc1cf404e06e520ff4a92fac03c2f6ad7f904eab69e9b99c23,MITDB_P118,118,1120000000,1,20260927,MODEL_V2_TCN_MEANMAX,MODEL_V2_OPTIMIZER_CORRECTED_V1,0,3.137964963912964,0.9584318995475769,18,V2-006-OPT-CORR-F01-S20260927,d65f8f5184d943417a4896f0ae87b47606c0ece1ba004892a72656bfd313bf60
2ede2d153e90754eea771c7d4f4961ad5afe86f258c7a7903e36d702c4124d06,MITDB_P207,207,1080000000,1,20260927,MODEL_V2_TCN_MEANMAX,MODEL_V2_OPTIMIZER_CORRECTED_V1,0,7.453028678894043,0.9994206428527832,18,V2-006-OPT-CORR-F01-S20260927,d65f8f5184d943417a4896f0ae87b47606c0ece1ba004892a72656bfd313bf60
2f3178feda32e9c59340f993abcf8b0b757fcb2d193bca23a4f75361ca38f228,MITDB_P207,207,410000000,1,20260927,MODEL_V2_TCN_MEANMAX,MODEL_V2_OPTIMIZER_CORRECTED_V1,0,11.102423667907715,0.9999849796295166,18,V2-006-OPT-CORR-F01-S20260927,d65f8f5184d943417a4896f0ae87b47606c0ece1ba004892a72656bfd313bf60
2f8f08865e00991653d5ece526c4dcbea3dab1573dfdecdd5cf195924fff192a,MITDB_P122,122,990000000,1,20260927,MODEL_V2_TCN_MEANMAX,MODEL_V2_OPTIMIZER_CORRECTED_V1,0,-6.594799995422363,0.001365593052469194,18,V2-006-OPT-CORR-F01-S20260927,d65f8f5184d943417a4896f0ae87b47606c0ece1ba004892a72656bfd313bf60
2fdb66613ebb5bd451318a97dc312fee7e287d42d153392d7a0adceb0930b5bb,MITDB_P122,122,1370000000,1,20260927,MODEL_V2_TCN_MEANMAX,MODEL_V2_OPTIMIZER_CORRECTED_V1,0,-5.750274658203125,0.003171814139932394,18,V2-006-OPT-CORR-F01-S20260927,d65f8f5184d943417a4896f0ae87b47606c0ece1ba004892a72656bfd313bf60
2fe3c81e841f00bb411253dea2836b5c72ba54939e14b131bda0eaecebb01f8d,MITDB_P119,119,1625000000,1,20260927,MODEL_V2_TCN_MEANMAX,MODEL_V2_OPTIMIZER_CORRECTED_V1,1,18.802385330200195,1.0,18,V2-006-OPT-CORR-F01-S20260927,d65f8f5184d943417a4896f0ae87b47606c0ece1ba004892a72656bfd313bf60
2fe434817e2ba0326483a628808e0fd488f9dffb716126cbdc106d60c884f207,MITDB_P101,101,1140000000,1,20260927,MODEL_V2_TCN_MEANMAX,MODEL_V2_OPTIMIZER_CORRECTED_V1,0,-6.156673908233643,0.002114808652549982,18,V2-006-OPT-CORR-F01-S20260927,d65f8f5184d943417a4896f0ae87b47606c0ece1ba004892a72656bfd313bf60
3018cb98fad7fb6be6a6b371596564546b44a659772f8cf7de508010abc7d8c8,MITDB_P207,207,385000000,1,20260927,MODEL_V2_TCN_MEANMAX,MODEL_V2_OPTIMIZER_CORRECTED_V1,0,11.82067584991455,0.9999926090240479,18,V2-006-OPT-CORR-F01-S20260927,d65f8f5184d943417a4896f0ae87b47606c0ece1ba004892a72656bfd313bf60
303cd99c0a858db19910eb7cefa32767e21859b1f101d3453bf14472515f6f17,MITDB_P119,119,705000000,1,20260927,MODEL_V2_TCN_MEANMAX,MODEL_V2_OPTIMIZER_CORRECTED_V1,0,-7.043853759765625,0.000871995696797967,18,V2-006-OPT-CORR-F01-S20260927,d65f8f5184d943417a4896f0ae87b47606c0ece1ba004892a72656bfd313bf60
303d618c4fbe2594bdc9546fdadbcb9c730523fc5f57bf2c299a8d8de983874d,MITDB_P210,210,1390000000,1,20260927,MODEL_V2_TCN_MEANMAX,MODEL_V2_OPTIMIZER_CORRECTED_V1,1,4.526579856872559,0.9892981052398682,18,V2-006-OPT-CORR-F01-S20260927,d65f8f5184d943417a4896f0ae87b47606c0ece1ba004892a72656bfd313bf60
3044826128c926b7f09a506ec829196e8723215872336b323cf4287d083e0b8a,MITDB_P101,101,135000000,1,20260927,MODEL_V2_TCN_MEANMAX,MODEL_V2_OPTIMIZER_CORRECTED_V1,0,-5.287956237792969,0.005026679486036301,18,V2-006-OPT-CORR-F01-S20260927,d65f8f5184d943417a4896f0ae87b47606c0ece1ba004892a72656bfd313bf60
30572c28e5444b75747d04d42d64ccfe36b0f801a77961418bf79183647364b6,MITDB_P119,119,1025000000,1,20260927,MODEL_V2_TCN_MEANMAX,MODEL_V2_OPTIMIZER_CORRECTED_V1,1,14.505607604980469,0.9999995231628418,18,V2-006-OPT-CORR-F01-S20260927,d65f8f5184d943417a4896f0ae87b47606c0ece1ba004892a72656bfd313bf60
30871d909d8c54c4965dd9feda77b12b8bd0172e9e7cdbaa3826d530912c0e35,MITDB_P210,210,1485000000,1,20260927,MODEL_V2_TCN_MEANMAX,MODEL_V2_OPTIMIZER_CORRECTED_V1,0,-4.333626747131348,0.012949977070093155,18,V2-006-OPT-CORR-F01-S20260927,d65f8f5184d943417a4896f0ae87b47606c0ece1ba004892a72656bfd313bf60
3089929a353ce8a7c71773b51dc64c327ff9dc735d1c2f5ddd4e1e26c9e8d2fa,MITDB_P207,207,1650000000,1,20260927,MODEL_V2_TCN_MEANMAX,MODEL_V2_OPTIMIZER_CORRECTED_V1,1,5.717557907104492,0.9967231154441833,18,V2-006-OPT-CORR-F01-S20260927,d65f8f5184d943417a4896f0ae87b47606c0ece1ba004892a72656bfd313bf60
30a8e65c52f56ac404599672c6788f8078de47fcf9b51a2893d9582add180568,MITDB_P210,210,1620000000,1,20260927,MODEL_V2_TCN_MEANMAX,MODEL_V2_OPTIMIZER_CORRECTED_V1,1,1.7218348979949951,0.8483650088310242,18,V2-006-OPT-CORR-F01-S20260927,d65f8f5184d943417a4896f0ae87b47606c0ece1ba004892a72656bfd313bf60
30b1cd5a4bdcb4f69b1b2db2ed6e2f8daa7af2381f13a1cd0749a7fe56dcd975,MITDB_P101,101,955000000,1,20260927,MODEL_V2_TCN_MEANMAX,MODEL_V2_OPTIMIZER_CORRECTED_V1,0,-6.91448974609375,0.0009923025500029325,18,V2-006-OPT-CORR-F01-S20260927,d65f8f5184d943417a4896f0ae87b47606c0ece1ba004892a72656bfd313bf60
30ba23f0c8145629c4ceb5f33861586bd43bd3da88a2d24d565325bbd52b0088,MITDB_P207,207,605000000,1,20260927,MODEL_V2_TCN_MEANMAX,MODEL_V2_OPTIMIZER_CORRECTED_V1,0,10.709234237670898,0.999977707862854,18,V2-006-OPT-CORR-F01-S20260927,d65f8f5184d943417a4896f0ae87b47606c0ece1ba004892a72656bfd313bf60
30e9fff621207deb3d09474f77023e92318404af88dbe7be8d381384ebcf882d,MITDB_P118,118,635000000,1,20260927,MODEL_V2_TCN_MEANMAX,MODEL_V2_OPTIMIZER_CORRECTED_V1,1,5.7867279052734375,0.9969413876533508,18,V2-006-OPT-CORR-F01-S20260927,d65f8f5184d943417a4896f0ae87b47606c0ece1ba004892a72656bfd313bf60
30febcbf3d542ba68439d1f921037e1ffbc007a14440aa341d08f6890ea89cf6,MITDB_P119,119,785000000,1,20260927,MODEL_V2_TCN_MEANMAX,MODEL_V2_OPTIMIZER_CORRECTED_V1,1,15.251080513000488,0.9999997615814209,18,V2-006-OPT-CORR-F01-S20260927,d65f8f5184d943417a4896f0ae87b47606c0ece1ba004892a72656bfd313bf60
31118379c9b619375d478414afae81b46d558fdd392505e6f35c108f7d998fff,MITDB_P101,101,1790000000,1,20260927,MODEL_V2_TCN_MEANMAX,MODEL_V2_OPTIMIZER_CORRECTED_V1,0,-6.720830917358398,0.0012040844885632396,18,V2-006-OPT-CORR-F01-S20260927,d65f8f5184d943417a4896f0ae87b47606c0ece1ba004892a72656bfd313bf60
3177012117f70511f249474fc408289f6dd3d20ebb924e01a77d44faf196e293,MITDB_P118,118,1425000000,1,20260927,MODEL_V2_TCN_MEANMAX,MODEL_V2_OPTIMIZER_CORRECTED_V1,1,4.82497501373291,0.9920371770858765,18,V2-006-OPT-CORR-F01-S20260927,d65f8f5184d943417a4896f0ae87b47606c0ece1ba004892a72656bfd313bf60
31b4170dee523fe9b4dd83ff79fe163c46bc84dbf1997e6bb43b6332bcdfb91b,MITDB_P119,119,600000000,1,20260927,MODEL_V2_TCN_MEANMAX,MODEL_V2_OPTIMIZER_CORRECTED_V1,1,15.403963088989258,0.9999997615814209,18,V2-006-OPT-CORR-F01-S20260927,d65f8f5184d943417a4896f0ae87b47606c0ece1ba004892a72656bfd313bf60
31d37b3cfe897942996ae93b3f9383052c7f7badf561eaafd3e4b5e46934dd7a,MITDB_P101,101,115000000,1,20260927,MODEL_V2_TCN_MEANMAX,MODEL_V2_OPTIMIZER_CORRECTED_V1,0,-3.608274221420288,0.026383614167571068,18,V2-006-OPT-CORR-F01-S20260927,d65f8f5184d943417a4896f0ae87b47606c0ece1ba004892a72656bfd313bf60
31f6d474fe5083ab64ee695d4f3d40173ddab0f819068f1626c59bcc7eef966c,MITDB_P118,118,895000000,1,20260927,MODEL_V2_TCN_MEANMAX,MODEL_V2_OPTIMIZER_CORRECTED_V1,1,4.0722222328186035,0.9832459688186646,18,V2-006-OPT-CORR-F01-S20260927,d65f8f5184d943417a4896f0ae87b47606c0ece1ba004892a72656bfd313bf60
325f153b5e92b0ea98d75bf645d8d12cc8d53ec196da34669886b02433304850,MITDB_P210,210,805000000,1,20260927,MODEL_V2_TCN_MEANMAX,MODEL_V2_OPTIMIZER_CORRECTED_V1,1,4.411507606506348,0.9880087375640869,18,V2-006-OPT-CORR-F01-S20260927,d65f8f5184d943417a4896f0ae87b47606c0ece1ba004892a72656bfd313bf60
326e9a67b8cddf3c1244c830abbdf9598d334398e72a06586c1cde981f969d76,MITDB_P118,118,1125000000,1,20260927,MODEL_V2_TCN_MEANMAX,MODEL_V2_OPTIMIZER_CORRECTED_V1,0,2.972527027130127,0.9513174891471863,18,V2-006-OPT-CORR-F01-S20260927,d65f8f5184d943417a4896f0ae87b47606c0ece1ba004892a72656bfd313bf60
329e173889f8e1271f2ed2a0f0cda004353c2e38c670c0760fdd2be403c1a5d3,MITDB_P122,122,750000000,1,20260927,MODEL_V2_TCN_MEANMAX,MODEL_V2_OPTIMIZER_CORRECTED_V1,0,-8.068245887756348,0.0003132342535536736,18,V2-006-OPT-CORR-F01-S20260927,d65f8f5184d943417a4896f0ae87b47606c0ece1ba004892a72656bfd313bf60
32a4ea3ec9da3e93ab68d3a4a47828c150c14a702c6e56f36558d799b0b34cd2,MITDB_P118,118,1595000000,1,20260927,MODEL_V2_TCN_MEANMAX,MODEL_V2_OPTIMIZER_CORRECTED_V1,1,7.267426490783691,0.9993026256561279,18,V2-006-OPT-CORR-F01-S20260927,d65f8f5184d943417a4896f0ae87b47606c0ece1ba004892a72656bfd313bf60
32fc282aebe1f7cd269d3e23093d0d5dac2f7f9df3f9522901fa68a3fce77804,MITDB_P210,210,55000000,1,20260927,MODEL_V2_TCN_MEANMAX,MODEL_V2_OPTIMIZER_CORRECTED_V1,1,6.701132774353027,0.9987719655036926,18,V2-006-OPT-CORR-F01-S20260927,d65f8f5184d943417a4896f0ae87b47606c0ece1ba004892a72656bfd313bf60
330c46b623394403f3491cec9a20157f8b81c4bd53701349fd4712ba2067ad12,MITDB_P101,101,1175000000,1,20260927,MODEL_V2_TCN_MEANMAX,MODEL_V2_OPTIMIZER_CORRECTED_V1,0,-6.482123851776123,0.0015282174572348595,18,V2-006-OPT-CORR-F01-S20260927,d65f8f5184d943417a4896f0ae87b47606c0ece1ba004892a72656bfd313bf60
3320a83e55d1c35e22c0e067f224bf150f38ca4b6be6270aa02fa985e9a6cdfb,MITDB_P118,118,65000000,1,20260927,MODEL_V2_TCN_MEANMAX,MODEL_V2_OPTIMIZER_CORRECTED_V1,0,1.8339710235595703,0.8622340559959412,18,V2-006-OPT-CORR-F01-S20260927,d65f8f5184d943417a4896f0ae87b47606c0ece1ba004892a72656bfd313bf60
332c4c36d45fe4f9508eddca59b7b60046bb98cf7f0cb143cb15b58d98564604,MITDB_P122,122,1700000000,1,20260927,MODEL_V2_TCN_MEANMAX,MODEL_V2_OPTIMIZER_CORRECTED_V1,0,-8.064971923828125,0.000314261153107509,18,V2-006-OPT-CORR-F01-S20260927,d65f8f5184d943417a4896f0ae87b47606c0ece1ba004892a72656bfd313bf60
33303e04c4f913fa7e360fc0bb317b9eb77c5aba01e66a69665e4312b9214856,MITDB_P101,101,1710000000,1,20260927,MODEL_V2_TCN_MEANMAX,MODEL_V2_OPTIMIZER_CORRECTED_V1,0,-6.648282051086426,0.0012945689959451556,18,V2-006-OPT-CORR-F01-S20260927,d65f8f5184d943417a4896f0ae87b47606c0ece1ba004892a72656bfd313bf60
33443a226f9a8816f62f18aa3cc1f2fd99ac6d145bbc6530e76efdded6265b12,MITDB_P119,119,1465000000,1,20260927,MODEL_V2_TCN_MEANMAX,MODEL_V2_OPTIMIZER_CORRECTED_V1,1,16.106399536132812,0.9999998807907104,18,V2-006-OPT-CORR-F01-S20260927,d65f8f5184d943417a4896f0ae87b47606c0ece1ba004892a72656bfd313bf60
3357ef4691b4ad9b44fe6acb3aaf8fa60bb966235bfe957d637549e8a68486ec,MITDB_P210,210,635000000,1,20260927,MODEL_V2_TCN_MEANMAX,MODEL_V2_OPTIMIZER_CORRECTED_V1,0,-0.9773681163787842,0.2734143137931824,18,V2-006-OPT-CORR-F01-S20260927,d65f8f5184d943417a4896f0ae87b47606c0ece1ba004892a72656bfd313bf60
335b7c57f363e5dff6743cc680a6b1bd7aa49cf90e47601b523df5af92fab515,MITDB_P207,207,1090000000,1,20260927,MODEL_V2_TCN_MEANMAX,MODEL_V2_OPTIMIZER_CORRECTED_V1,0,7.87529182434082,0.9996200799942017,18,V2-006-OPT-CORR-F01-S20260927,d65f8f5184d943417a4896f0ae87b47606c0ece1ba004892a72656bfd313bf60
3384e3bc002f75fe24fce0313479d35b7c827dc6e05aa43c17287811c16e7c4b,MITDB_P101,101,535000000,1,20260927,MODEL_V2_TCN_MEANMAX,MODEL_V2_OPTIMIZER_CORRECTED_V1,0,-6.415221691131592,0.001633783453144133,18,V2-006-OPT-CORR-F01-S20260927,d65f8f5184d943417a4896f0ae87b47606c0ece1ba004892a72656bfd313bf60
33b32e5e2e282fa0b98dfc87c08598a754f578cb18dc440d78bb6f92b0eb2db9,MITDB_P207,207,595000000,1,20260927,MODEL_V2_TCN_MEANMAX,MODEL_V2_OPTIMIZER_CORRECTED_V1,0,11.374448776245117,0.9999885559082031,18,V2-006-OPT-CORR-F01-S20260927,d65f8f5184d943417a4896f0ae87b47606c0ece1ba004892a72656bfd313bf60
33d9fe6359dbfaa09d8326f9b7edd7b2011fd02de6bb3705281e7a13f596566e,MITDB_P210,210,1745000000,1,20260927,MODEL_V2_TCN_MEANMAX,MODEL_V2_OPTIMIZER_CORRECTED_V1,0,-1.0761393308639526,0.2542373239994049,18,V2-006-OPT-CORR-F01-S20260927,d65f8f5184d943417a4896f0ae87b47606c0ece1ba004892a72656bfd313bf60
3406e31c696c2bde4739d9f61b943efcc82f06f4d10b4e267ef5075c1d8bdd4a,MITDB_P122,122,1440000000,1,20260927,MODEL_V2_TCN_MEANMAX,MODEL_V2_OPTIMIZER_CORRECTED_V1,0,-7.323249340057373,0.0006595787708647549,18,V2-006-OPT-CORR-F01-S20260927,d65f8f5184d943417a4896f0ae87b47606c0ece1ba004892a72656bfd313bf60
3413ed330e5615f1688620aca34aac988625b3c27363ee8480cf57922183bd7b,MITDB_P210,210,1480000000,1,20260927,MODEL_V2_TCN_MEANMAX,MODEL_V2_OPTIMIZER_CORRECTED_V1,0,3.184415340423584,0.9602435827255249,18,V2-006-OPT-CORR-F01-S20260927,d65f8f5184d943417a4896f0ae87b47606c0ece1ba004892a72656bfd313bf60
345c7830dcec1e488a15dac6977b61e92c08d1c05f3a5ff65721de7db9073c40,MITDB_P118,118,630000000,1,20260927,MODEL_V2_TCN_MEANMAX,MODEL_V2_OPTIMIZER_CORRECTED_V1,1,4.77415657043457,0.9916254878044128,18,V2-006-OPT-CORR-F01-S20260927,d65f8f5184d943417a4896f0ae87b47606c0ece1ba004892a72656bfd313bf60
346cfad6b6ca7be0fb19f0e14d14bd0bcb9a6ea07c6b8ff703e8cba23669afbc,MITDB_P122,122,1670000000,1,20260927,MODEL_V2_TCN_MEANMAX,MODEL_V2_OPTIMIZER_CORRECTED_V1,0,-6.678088188171387,0.001256600022315979,18,V2-006-OPT-CORR-F01-S20260927,d65f8f5184d943417a4896f0ae87b47606c0ece1ba004892a72656bfd313bf60
3478bfb7855d0383c3af2298fe6e50acc000a0c5d9641b69c7dccee0a44da2f2,MITDB_P122,122,505000000,1,20260927,MODEL_V2_TCN_MEANMAX,MODEL_V2_OPTIMIZER_CORRECTED_V1,0,-7.131277084350586,0.0007990584708750248,18,V2-006-OPT-CORR-F01-S20260927,d65f8f5184d943417a4896f0ae87b47606c0ece1ba004892a72656bfd313bf60
34a313c7ac9add7a24b8f725ceeaf7d742bd6cd344a8bb74062ed96c0e7da821,MITDB_P210,210,160000000,1,20260927,MODEL_V2_TCN_MEANMAX,MODEL_V2_OPTIMIZER_CORRECTED_V1,0,-0.43570318818092346,0.3927652835845947,18,V2-006-OPT-CORR-F01-S20260927,d65f8f5184d943417a4896f0ae87b47606c0ece1ba004892a72656bfd313bf60
34e47603bed4a1ee4bbc8a1a3788e13c634f3aedc41319d8c64a361c394a7b02,MITDB_P210,210,375000000,1,20260927,MODEL_V2_TCN_MEANMAX,MODEL_V2_OPTIMIZER_CORRECTED_V1,0,3.293480396270752,0.9642044901847839,18,V2-006-OPT-CORR-F01-S20260927,d65f8f5184d943417a4896f0ae87b47606c0ece1ba004892a72656bfd313bf60
34e899a14c869500d073c880869f062d3bead546920982ebec6f7ba640ec03a1,MITDB_P119,119,1275000000,1,20260927,MODEL_V2_TCN_MEANMAX,MODEL_V2_OPTIMIZER_CORRECTED_V1,1,15.598942756652832,0.9999998807907104,18,V2-006-OPT-CORR-F01-S20260927,d65f8f5184d943417a4896f0ae87b47606c0ece1ba004892a72656bfd313bf60
34f004dc9fb2bb4638e92294b942576aea8d1261057d826a7f3fc48b1ba3e72b,MITDB_P119,119,890000000,1,20260927,MODEL_V2_TCN_MEANMAX,MODEL_V2_OPTIMIZER_CORRECTED_V1,1,15.86038589477539,0.9999998807907104,18,V2-006-OPT-CORR-F01-S20260927,d65f8f5184d943417a4896f0ae87b47606c0ece1ba004892a72656bfd313bf60
35280ba9199bdf393c8529ddf88db26c0fa37311d2a2312482e72b702e4003d5,MITDB_P122,122,415000000,1,20260927,MODEL_V2_TCN_MEANMAX,MODEL_V2_OPTIMIZER_CORRECTED_V1,0,-6.56654167175293,0.00140467775054276,18,V2-006-OPT-CORR-F01-S20260927,d65f8f5184d943417a4896f0ae87b47606c0ece1ba004892a72656bfd313bf60
357d3dc31d7f499357b72b17fad19f4b1ec710235f72a4e612ccf2051151b602,MITDB_P207,207,390000000,1,20260927,MODEL_V2_TCN_MEANMAX,MODEL_V2_OPTIMIZER_CORRECTED_V1,0,11.294201850891113,0.9999876022338867,18,V2-006-OPT-CORR-F01-S20260927,d65f8f5184d943417a4896f0ae87b47606c0ece1ba004892a72656bfd313bf60
357df1a9af4d16a67ae706ee33d9b95c4d0ed0c9da92f60452de719abd4f0a16,MITDB_P210,210,700000000,1,20260927,MODEL_V2_TCN_MEANMAX,MODEL_V2_OPTIMIZER_CORRECTED_V1,0,2.8391456604003906,0.9447548985481262,18,V2-006-OPT-CORR-F01-S20260927,d65f8f5184d943417a4896f0ae87b47606c0ece1ba004892a72656bfd313bf60
35e48a2575fcfb1c9f696e8903ae4303d4aea7ff3637996e7121502031c20377,MITDB_P118,118,1765000000,1,20260927,MODEL_V2_TCN_MEANMAX,MODEL_V2_OPTIMIZER_CORRECTED_V1,0,1.6666615009307861,0.8411301970481873,18,V2-006-OPT-CORR-F01-S20260927,d65f8f5184d943417a4896f0ae87b47606c0ece1ba004892a72656bfd313bf60
360169e9603308604fbb7071bac4dd01b0f70717111b185451710c9073ee8c47,MITDB_P119,119,1385000000,1,20260927,MODEL_V2_TCN_MEANMAX,MODEL_V2_OPTIMIZER_CORRECTED_V1,1,17.158472061157227,1.0,18,V2-006-OPT-CORR-F01-S20260927,d65f8f5184d943417a4896f0ae87b47606c0ece1ba004892a72656bfd313bf60
3604e9fd22c00d92c2340b5fefbad06d19acd8bbbf821e8cecc209da45c061b5,MITDB_P207,207,1270000000,1,20260927,MODEL_V2_TCN_MEANMAX,MODEL_V2_OPTIMIZER_CORRECTED_V1,0,7.64393424987793,0.9995212554931641,18,V2-006-OPT-CORR-F01-S20260927,d65f8f5184d943417a4896f0ae87b47606c0ece1ba004892a72656bfd313bf60
362839ce6da7aa01147de7a151c3bbe173a5b8a3fbbf92103863b8ee832e3ace,MITDB_P122,122,75000000,1,20260927,MODEL_V2_TCN_MEANMAX,MODEL_V2_OPTIMIZER_CORRECTED_V1,0,-8.052131652832031,0.00031832107924856246,18,V2-006-OPT-CORR-F01-S20260927,d65f8f5184d943417a4896f0ae87b47606c0ece1ba004892a72656bfd313bf60
36460e0fa1028978a23e3fb388989de50d78f01fcac1709934a3db83d0602fa3,MITDB_P118,118,975000000,1,20260927,MODEL_V2_TCN_MEANMAX,MODEL_V2_OPTIMIZER_CORRECTED_V1,1,6.300084114074707,0.9981671571731567,18,V2-006-OPT-CORR-F01-S20260927,d65f8f5184d943417a4896f0ae87b47606c0ece1ba004892a72656bfd313bf60
3666219641bc48d6b9afe54eb8dd76f14cfb91f736545c9019f389eb2381bae3,MITDB_P207,207,220000000,1,20260927,MODEL_V2_TCN_MEANMAX,MODEL_V2_OPTIMIZER_CORRECTED_V1,1,17.178691864013672,1.0,18,V2-006-OPT-CORR-F01-S20260927,d65f8f5184d943417a4896f0ae87b47606c0ece1ba004892a72656bfd313bf60
368ce7c741896a297d2b923b01c62f1538ac9933145eb744f4f589999cadc82b,MITDB_P118,118,1500000000,1,20260927,MODEL_V2_TCN_MEANMAX,MODEL_V2_OPTIMIZER_CORRECTED_V1,0,-0.5236562490463257,0.3719976842403412,18,V2-006-OPT-CORR-F01-S20260927,d65f8f5184d943417a4896f0ae87b47606c0ece1ba004892a72656bfd313bf60
369704bdf6e8a59374185d8f252097202d685efde4187e2aa6ab7fd30bd5b626,MITDB_P122,122,1015000000,1,20260927,MODEL_V2_TCN_MEANMAX,MODEL_V2_OPTIMIZER_CORRECTED_V1,0,-8.45283031463623,0.00021325038687791675,18,V2-006-OPT-CORR-F01-S20260927,d65f8f5184d943417a4896f0ae87b47606c0ece1ba004892a72656bfd313bf60
371f68be46c0ce2d3265df911c60f77724c48cb6ebb235aca4af692526896273,MITDB_P101,101,1070000000,1,20260927,MODEL_V2_TCN_MEANMAX,MODEL_V2_OPTIMIZER_CORRECTED_V1,0,-7.116373062133789,0.0008110470953397453,18,V2-006-OPT-CORR-F01-S20260927,d65f8f5184d943417a4896f0ae87b47606c0ece1ba004892a72656bfd313bf60
372eaadbb47505374aac8c7f4c71fd2a2b2b1693a0c63b74ccf6243a07dfa7f3,MITDB_P119,119,910000000,1,20260927,MODEL_V2_TCN_MEANMAX,MODEL_V2_OPTIMIZER_CORRECTED_V1,1,16.564619064331055,0.9999998807907104,18,V2-006-OPT-CORR-F01-S20260927,d65f8f5184d943417a4896f0ae87b47606c0ece1ba004892a72656bfd313bf60
3731e1d74fb2a02aa3337684a97e6192a0298b057f51c58cef6b365b6f56da5c,MITDB_P122,122,655000000,1,20260927,MODEL_V2_TCN_MEANMAX,MODEL_V2_OPTIMIZER_CORRECTED_V1,0,-8.102574348449707,0.00030266708927229047,18,V2-006-OPT-CORR-F01-S20260927,d65f8f5184d943417a4896f0ae87b47606c0ece1ba004892a72656bfd313bf60
3762d3d164c45984376992e06f44a152411be80e5a8922f4d1d656496ee1dd66,MITDB_P210,210,545000000,1,20260927,MODEL_V2_TCN_MEANMAX,MODEL_V2_OPTIMIZER_CORRECTED_V1,1,0.9332613945007324,0.7177364826202393,18,V2-006-OPT-CORR-F01-S20260927,d65f8f5184d943417a4896f0ae87b47606c0ece1ba004892a72656bfd313bf60
37923da200194fb8678cdaf0c0176df11f41b8641a9c79fa763cf0f16d24c77b,MITDB_P118,118,915000000,1,20260927,MODEL_V2_TCN_MEANMAX,MODEL_V2_OPTIMIZER_CORRECTED_V1,0,4.24830436706543,0.9859128594398499,18,V2-006-OPT-CORR-F01-S20260927,d65f8f5184d943417a4896f0ae87b47606c0ece1ba004892a72656bfd313bf60
3793c2e4231aec99e509085f523fe0284e49f445eb52e397d2f6f521ac4fc7af,MITDB_P118,118,225000000,1,20260927,MODEL_V2_TCN_MEANMAX,MODEL_V2_OPTIMIZER_CORRECTED_V1,1,1.0873569250106812,0.747883677482605,18,V2-006-OPT-CORR-F01-S20260927,d65f8f5184d943417a4896f0ae87b47606c0ece1ba004892a72656bfd313bf60
379501bf1963a22db325fe121b504a4aff5d5ef34e65fc296c8989cc0bfc8213,MITDB_P101,101,1715000000,1,20260927,MODEL_V2_TCN_MEANMAX,MODEL_V2_OPTIMIZER_CORRECTED_V1,0,-6.438046932220459,0.0015969732776284218,18,V2-006-OPT-CORR-F01-S20260927,d65f8f5184d943417a4896f0ae87b47606c0ece1ba004892a72656bfd313bf60
379be643438476b3151a2104e4f519c003c50e0438c5649d253a8b35c370339c,MITDB_P119,119,105000000,1,20260927,MODEL_V2_TCN_MEANMAX,MODEL_V2_OPTIMIZER_CORRECTED_V1,0,-7.742076873779297,0.000433980516390875,18,V2-006-OPT-CORR-F01-S20260927,d65f8f5184d943417a4896f0ae87b47606c0ece1ba004892a72656bfd313bf60
37eee85061e7de3663cd0de81a72cbe991971ffe95136be1647d424c2f7c34a6,MITDB_P210,210,1010000000,1,20260927,MODEL_V2_TCN_MEANMAX,MODEL_V2_OPTIMIZER_CORRECTED_V1,1,-4.702528953552246,0.008990737609565258,18,V2-006-OPT-CORR-F01-S20260927,d65f8f5184d943417a4896f0ae87b47606c0ece1ba004892a72656bfd313bf60
38481fc60096d60f2f86d5e66e4bf252e476715a8c4fe419c2904f41e97ff3d2,MITDB_P210,210,120000000,1,20260927,MODEL_V2_TCN_MEANMAX,MODEL_V2_OPTIMIZER_CORRECTED_V1,0,4.3885498046875,0.9877336025238037,18,V2-006-OPT-CORR-F01-S20260927,d65f8f5184d943417a4896f0ae87b47606c0ece1ba004892a72656bfd313bf60
384d126c34f5bf85e6adb2ef4e30f8b882f841d19a308dc24ae9558b683f5827,MITDB_P210,210,880000000,1,20260927,MODEL_V2_TCN_MEANMAX,MODEL_V2_OPTIMIZER_CORRECTED_V1,1,19.68783187866211,1.0,18,V2-006-OPT-CORR-F01-S20260927,d65f8f5184d943417a4896f0ae87b47606c0ece1ba004892a72656bfd313bf60
3855251640b3b753f62b441397306ccbba618290dd465ed34da793191d70544b,MITDB_P122,122,1330000000,1,20260927,MODEL_V2_TCN_MEANMAX,MODEL_V2_OPTIMIZER_CORRECTED_V1,0,-6.7722625732421875,0.0011437911307439208,18,V2-006-OPT-CORR-F01-S20260927,d65f8f5184d943417a4896f0ae87b47606c0ece1ba004892a72656bfd313bf60
38736b73c532048672bb5cc46edf4e5a65c38971fb926903d5c028ebdba6e92a,MITDB_P101,101,995000000,1,20260927,MODEL_V2_TCN_MEANMAX,MODEL_V2_OPTIMIZER_CORRECTED_V1,0,-5.923783302307129,0.0026679234579205513,18,V2-006-OPT-CORR-F01-S20260927,d65f8f5184d943417a4896f0ae87b47606c0ece1ba004892a72656bfd313bf60
387ed0bbe7e638f18ec14da66df40ba338af36767dc0d41bd3e93057190e1176,MITDB_P119,119,260000000,1,20260927,MODEL_V2_TCN_MEANMAX,MODEL_V2_OPTIMIZER_CORRECTED_V1,1,16.332168579101562,0.9999998807907104,18,V2-006-OPT-CORR-F01-S20260927,d65f8f5184d943417a4896f0ae87b47606c0ece1ba004892a72656bfd313bf60
38a13532252dbe4ca1d9c6acf3522fd1b7d46fb8fb0abb23178930a629fec71a,MITDB_P118,118,1790000000,1,20260927,MODEL_V2_TCN_MEANMAX,MODEL_V2_OPTIMIZER_CORRECTED_V1,0,2.9857163429260254,0.9519246816635132,18,V2-006-OPT-CORR-F01-S20260927,d65f8f5184d943417a4896f0ae87b47606c0ece1ba004892a72656bfd313bf60
38e7b5d9144a795e1ccd26711e5d33dcc327a41cdb56c04a795a879cf9e0e218,MITDB_P118,118,1515000000,1,20260927,MODEL_V2_TCN_MEANMAX,MODEL_V2_OPTIMIZER_CORRECTED_V1,0,1.0550627708435059,0.7417459487915039,18,V2-006-OPT-CORR-F01-S20260927,d65f8f5184d943417a4896f0ae87b47606c0ece1ba004892a72656bfd313bf60
38ff0a25589faa595784cc4666107214e172d9094927ceb2e6a4ffd552cf3e6e,MITDB_P207,207,1730000000,1,20260927,MODEL_V2_TCN_MEANMAX,MODEL_V2_OPTIMIZER_CORRECTED_V1,1,-0.39322492480278015,0.40294119715690613,18,V2-006-OPT-CORR-F01-S20260927,d65f8f5184d943417a4896f0ae87b47606c0ece1ba004892a72656bfd313bf60
390cb14919af71cefdeb1d6295a38487e550709bf89c7f33ec0b6a6859f98b52,MITDB_P118,118,1275000000,1,20260927,MODEL_V2_TCN_MEANMAX,MODEL_V2_OPTIMIZER_CORRECTED_V1,0,1.911860466003418,0.871228039264679,18,V2-006-OPT-CORR-F01-S20260927,d65f8f5184d943417a4896f0ae87b47606c0ece1ba004892a72656bfd313bf60
39322e0dfe7d5efb32c6c3fa7a8ed5330f162ecd0c06377748ad474738380f9d,MITDB_P101,101,155000000,1,20260927,MODEL_V2_TCN_MEANMAX,MODEL_V2_OPTIMIZER_CORRECTED_V1,0,-5.437958717346191,0.004329524468630552,18,V2-006-OPT-CORR-F01-S20260927,d65f8f5184d943417a4896f0ae87b47606c0ece1ba004892a72656bfd313bf60
39707d8b948c038a5c0151e473d9412430b2bb191f9a6f40c1d0d5e3fbdbd94b,MITDB_P210,210,1470000000,1,20260927,MODEL_V2_TCN_MEANMAX,MODEL_V2_OPTIMIZER_CORRECTED_V1,0,-0.6750019788742065,0.3373776972293854,18,V2-006-OPT-CORR-F01-S20260927,d65f8f5184d943417a4896f0ae87b47606c0ece1ba004892a72656bfd313bf60
39adce17f7b61966bcb20b4dae4c6a2e12f7fa1d0f8153ab76d23117b7a50870,MITDB_P101,101,545000000,1,20260927,MODEL_V2_TCN_MEANMAX,MODEL_V2_OPTIMIZER_CORRECTED_V1,0,-6.180283546447754,0.002065565437078476,18,V2-006-OPT-CORR-F01-S20260927,d65f8f5184d943417a4896f0ae87b47606c0ece1ba004892a72656bfd313bf60
39d817d559c3fe10ab3a0fefbc0a907579f52cea5ac7cde08a9aa7db531d4471,MITDB_P101,101,1755000000,1,20260927,MODEL_V2_TCN_MEANMAX,MODEL_V2_OPTIMIZER_CORRECTED_V1,0,-6.436570167541504,0.001599329523742199,18,V2-006-OPT-CORR-F01-S20260927,d65f8f5184d943417a4896f0ae87b47606c0ece1ba004892a72656bfd313bf60
39ef7b0c7e77d896b1fc9dc257f99ac594ad274fc2cf4d5609c54307631d43db,MITDB_P101,101,805000000,1,20260927,MODEL_V2_TCN_MEANMAX,MODEL_V2_OPTIMIZER_CORRECTED_V1,0,-4.129123687744141,0.015841970220208168,18,V2-006-OPT-CORR-F01-S20260927,d65f8f5184d943417a4896f0ae87b47606c0ece1ba004892a72656bfd313bf60
3a0c3b27323fc025ff4753e03ffdf50887eea490f0ae02d66eb0cb424c8eb04f,MITDB_P210,210,925000000,1,20260927,MODEL_V2_TCN_MEANMAX,MODEL_V2_OPTIMIZER_CORRECTED_V1,0,-2.2525992393493652,0.09512548893690109,18,V2-006-OPT-CORR-F01-S20260927,d65f8f5184d943417a4896f0ae87b47606c0ece1ba004892a72656bfd313bf60
3a10433b7d7242396d469c97a4babe92e6a6988a0eb4cb079c393328449dd713,MITDB_P101,101,920000000,1,20260927,MODEL_V2_TCN_MEANMAX,MODEL_V2_OPTIMIZER_CORRECTED_V1,0,-6.468140602111816,0.0015497037675231695,18,V2-006-OPT-CORR-F01-S20260927,d65f8f5184d943417a4896f0ae87b47606c0ece1ba004892a72656bfd313bf60
3a1f74719f9d97ebfe9da25a8c7cf8bea205007a7ae2bca1df3a89ec424b3ccc,MITDB_P210,210,245000000,1,20260927,MODEL_V2_TCN_MEANMAX,MODEL_V2_OPTIMIZER_CORRECTED_V1,1,10.330488204956055,0.9999673366546631,18,V2-006-OPT-CORR-F01-S20260927,d65f8f5184d943417a4896f0ae87b47606c0ece1ba004892a72656bfd313bf60
3a26d17666b8a411f39ef159a9dea9161e4143c03ec54bae229f5f8286a2fc66,MITDB_P118,118,535000000,1,20260927,MODEL_V2_TCN_MEANMAX,MODEL_V2_OPTIMIZER_CORRECTED_V1,1,3.046241283416748,0.9546199440956116,18,V2-006-OPT-CORR-F01-S20260927,d65f8f5184d943417a4896f0ae87b47606c0ece1ba004892a72656bfd313bf60
3a4d9be4693454e9e96d6e8188d8174d4d90ff578f3aaafea8d80b770026456c,MITDB_P210,210,1120000000,1,20260927,MODEL_V2_TCN_MEANMAX,MODEL_V2_OPTIMIZER_CORRECTED_V1,1,11.884490966796875,0.999993085861206,18,V2-006-OPT-CORR-F01-S20260927,d65f8f5184d943417a4896f0ae87b47606c0ece1ba004892a72656bfd313bf60
3a5635857cab9da08b15854959703357ef607f66ef2c6674ee22335579c48b5b,MITDB_P118,118,30000000,1,20260927,MODEL_V2_TCN_MEANMAX,MODEL_V2_OPTIMIZER_CORRECTED_V1,0,4.290177345275879,0.9864826798439026,18,V2-006-OPT-CORR-F01-S20260927,d65f8f5184d943417a4896f0ae87b47606c0ece1ba004892a72656bfd313bf60
3a79df8c79a3aca0d60a1bc53569bb2e5352e8b98cc81a5e1532e62a8b6a838c,MITDB_P122,122,1705000000,1,20260927,MODEL_V2_TCN_MEANMAX,MODEL_V2_OPTIMIZER_CORRECTED_V1,0,-8.436027526855469,0.00021686307445634156,18,V2-006-OPT-CORR-F01-S20260927,d65f8f5184d943417a4896f0ae87b47606c0ece1ba004892a72656bfd313bf60
3a9bb97a962752cb14b7386669bb2081054cb6128e3a84fbe64d0cb21fc40008,MITDB_P122,122,275000000,1,20260927,MODEL_V2_TCN_MEANMAX,MODEL_V2_OPTIMIZER_CORRECTED_V1,0,-8.809350967407227,0.00014930784527678043,18,V2-006-OPT-CORR-F01-S20260927,d65f8f5184d943417a4896f0ae87b47606c0ece1ba004892a72656bfd313bf60
3aff5584c8f66220324a99eb1e59e39dc8c99dd30657b95c0bb6925638bdd6f1,MITDB_P119,119,1045000000,1,20260927,MODEL_V2_TCN_MEANMAX,MODEL_V2_OPTIMIZER_CORRECTED_V1,1,14.041122436523438,0.9999991655349731,18,V2-006-OPT-CORR-F01-S20260927,d65f8f5184d943417a4896f0ae87b47606c0ece1ba004892a72656bfd313bf60
3b29a893064ceb02ed7b959c70799da58026531180655b93e18578e38a67f5e7,MITDB_P118,118,1730000000,1,20260927,MODEL_V2_TCN_MEANMAX,MODEL_V2_OPTIMIZER_CORRECTED_V1,0,-1.3327239751815796,0.20870913565158844,18,V2-006-OPT-CORR-F01-S20260927,d65f8f5184d943417a4896f0ae87b47606c0ece1ba004892a72656bfd313bf60
3b7c4cfdaf5510f8fff6a14ed08086cd487f3ab121d7f693bb4a146648716ef9,MITDB_P119,119,1740000000,1,20260927,MODEL_V2_TCN_MEANMAX,MODEL_V2_OPTIMIZER_CORRECTED_V1,0,-7.16414737701416,0.0007732401718385518,18,V2-006-OPT-CORR-F01-S20260927,d65f8f5184d943417a4896f0ae87b47606c0ece1ba004892a72656bfd313bf60
3b84a53c6e6f94193d66acbafe8a5da2ad96b5e2cd8e48bc281e2cf2b900d835,MITDB_P101,101,850000000,1,20260927,MODEL_V2_TCN_MEANMAX,MODEL_V2_OPTIMIZER_CORRECTED_V1,0,-5.969700813293457,0.002548494376242161,18,V2-006-OPT-CORR-F01-S20260927,d65f8f5184d943417a4896f0ae87b47606c0ece1ba004892a72656bfd313bf60
3bb0214926e7b5925d85e81c42a90cbcad7e276d80cd17a9caa97a297ad84fbf,MITDB_P122,122,675000000,1,20260927,MODEL_V2_TCN_MEANMAX,MODEL_V2_OPTIMIZER_CORRECTED_V1,0,-7.001498222351074,0.0009096885332837701,18,V2-006-OPT-CORR-F01-S20260927,d65f8f5184d943417a4896f0ae87b47606c0ece1ba004892a72656bfd313bf60
3bdfb557a0786db6b22316b7ead90fb2005668238af92d5bb6f905059a80cf86,MITDB_P122,122,595000000,1,20260927,MODEL_V2_TCN_MEANMAX,MODEL_V2_OPTIMIZER_CORRECTED_V1,0,-8.767353057861328,0.00015571100811939687,18,V2-006-OPT-CORR-F01-S20260927,d65f8f5184d943417a4896f0ae87b47606c0ece1ba004892a72656bfd313bf60
3c06b3e87e3e85c3bdd8eef74f86849d97dc5acf11456126843a6bc33ea482f2,MITDB_P210,210,1615000000,1,20260927,MODEL_V2_TCN_MEANMAX,MODEL_V2_OPTIMIZER_CORRECTED_V1,1,2.2155683040618896,0.9016388654708862,18,V2-006-OPT-CORR-F01-S20260927,d65f8f5184d943417a4896f0ae87b47606c0ece1ba004892a72656bfd313bf60
3c11386e2a80ff5883d43f43f50151576acbb3451ba6c25787b2fd2474d445a4,MITDB_P210,210,200000000,1,20260927,MODEL_V2_TCN_MEANMAX,MODEL_V2_OPTIMIZER_CORRECTED_V1,0,-0.6844741106033325,0.3352634608745575,18,V2-006-OPT-CORR-F01-S20260927,d65f8f5184d943417a4896f0ae87b47606c0ece1ba004892a72656bfd313bf60
3c1f73f435ef9a61158fb1f7c027015968e79f615f7436d8d7c5593fc0531ab7,MITDB_P122,122,1790000000,1,20260927,MODEL_V2_TCN_MEANMAX,MODEL_V2_OPTIMIZER_CORRECTED_V1,0,-6.517161846160889,0.0014756766613572836,18,V2-006-OPT-CORR-F01-S20260927,d65f8f5184d943417a4896f0ae87b47606c0ece1ba004892a72656bfd313bf60
3c387df1237b1f8455f44384379d4785a9e3f35ac0dae483f5203498bdd281b9,MITDB_P210,210,850000000,1,20260927,MODEL_V2_TCN_MEANMAX,MODEL_V2_OPTIMIZER_CORRECTED_V1,0,-4.257347106933594,0.013962116092443466,18,V2-006-OPT-CORR-F01-S20260927,d65f8f5184d943417a4896f0ae87b47606c0ece1ba004892a72656bfd313bf60
3c4c055b5e78ac4ff5435ae450f65a8030ba7bc7ab2a5c8d367e4fe29d86e737,MITDB_P118,118,185000000,1,20260927,MODEL_V2_TCN_MEANMAX,MODEL_V2_OPTIMIZER_CORRECTED_V1,0,4.417100429534912,0.9880747199058533,18,V2-006-OPT-CORR-F01-S20260927,d65f8f5184d943417a4896f0ae87b47606c0ece1ba004892a72656bfd313bf60
3c4fb499266e2580f9a9c524b996bfa5aa5ec792850c9716526d66adf0d5b47a,MITDB_P101,101,95000000,1,20260927,MODEL_V2_TCN_MEANMAX,MODEL_V2_OPTIMIZER_CORRECTED_V1,0,-5.218967437744141,0.005383773241192102,18,V2-006-OPT-CORR-F01-S20260927,d65f8f5184d943417a4896f0ae87b47606c0ece1ba004892a72656bfd313bf60
3c754d56825e96e2761d7e7e05ddb94056840d1ec412d2646ff5687809362d10,MITDB_P119,119,630000000,1,20260927,MODEL_V2_TCN_MEANMAX,MODEL_V2_OPTIMIZER_CORRECTED_V1,1,18.128864288330078,1.0,18,V2-006-OPT-CORR-F01-S20260927,d65f8f5184d943417a4896f0ae87b47606c0ece1ba004892a72656bfd313bf60
3cbfb079955a4080cd159de796f58c838d7162379f9b930ab992a1898e26f1b1,MITDB_P118,118,600000000,1,20260927,MODEL_V2_TCN_MEANMAX,MODEL_V2_OPTIMIZER_CORRECTED_V1,0,6.621427536010742,0.998670220375061,18,V2-006-OPT-CORR-F01-S20260927,d65f8f5184d943417a4896f0ae87b47606c0ece1ba004892a72656bfd313bf60
3cc710cbe2437bd369201580a2835ba01441947593897bceab2113b7ba9a0b07,MITDB_P122,122,20000000,1,20260927,MODEL_V2_TCN_MEANMAX,MODEL_V2_OPTIMIZER_CORRECTED_V1,0,-7.333887577056885,0.0006526037468574941,18,V2-006-OPT-CORR-F01-S20260927,d65f8f5184d943417a4896f0ae87b47606c0ece1ba004892a72656bfd313bf60
3ccc91972bbacde746840b89b056e1f49b3ae3f27fb129d1af4fd3fad54ef520,MITDB_P122,122,665000000,1,20260927,MODEL_V2_TCN_MEANMAX,MODEL_V2_OPTIMIZER_CORRECTED_V1,0,-7.869515895843506,0.0003820733109023422,18,V2-006-OPT-CORR-F01-S20260927,d65f8f5184d943417a4896f0ae87b47606c0ece1ba004892a72656bfd313bf60
3d01dcb3f420fc0e6bf6373c9c4f7c677103ede2b9991963fa32c52c86205a45,MITDB_P119,119,740000000,1,20260927,MODEL_V2_TCN_MEANMAX,MODEL_V2_OPTIMIZER_CORRECTED_V1,1,14.494352340698242,0.9999995231628418,18,V2-006-OPT-CORR-F01-S20260927,d65f8f5184d943417a4896f0ae87b47606c0ece1ba004892a72656bfd313bf60
3d163355ab387bee3208b6e0c3145961982b9631db1396ad1d546d08b247c475,MITDB_P101,101,385000000,1,20260927,MODEL_V2_TCN_MEANMAX,MODEL_V2_OPTIMIZER_CORRECTED_V1,1,8.752290725708008,0.9998419284820557,18,V2-006-OPT-CORR-F01-S20260927,d65f8f5184d943417a4896f0ae87b47606c0ece1ba004892a72656bfd313bf60
3d27ea636353a1d81372919ed4989938a738c49013f02428dcf286d2376b28c3,MITDB_P101,101,345000000,1,20260927,MODEL_V2_TCN_MEANMAX,MODEL_V2_OPTIMIZER_CORRECTED_V1,0,-5.997307777404785,0.0024792724289000034,18,V2-006-OPT-CORR-F01-S20260927,d65f8f5184d943417a4896f0ae87b47606c0ece1ba004892a72656bfd313bf60
3d31caae4d287e1eb8808c53eced088038157391fabc338b544c86cfb3e5214a,MITDB_P119,119,730000000,1,20260927,MODEL_V2_TCN_MEANMAX,MODEL_V2_OPTIMIZER_CORRECTED_V1,1,15.732337951660156,0.9999998807907104,18,V2-006-OPT-CORR-F01-S20260927,d65f8f5184d943417a4896f0ae87b47606c0ece1ba004892a72656bfd313bf60
3d41e284d0fcf38cc6f77c841c25abac26416789cedd1dbe504ee72b364e7f2d,MITDB_P101,101,1570000000,1,20260927,MODEL_V2_TCN_MEANMAX,MODEL_V2_OPTIMIZER_CORRECTED_V1,0,-6.622838020324707,0.0013278863625600934,18,V2-006-OPT-CORR-F01-S20260927,d65f8f5184d943417a4896f0ae87b47606c0ece1ba004892a72656bfd313bf60
3d56498b6157bb70919188460babe43c97f1a1a61592793942e0df96168d19c8,MITDB_P122,122,1660000000,1,20260927,MODEL_V2_TCN_MEANMAX,MODEL_V2_OPTIMIZER_CORRECTED_V1,0,-5.653116226196289,0.003494319273158908,18,V2-006-OPT-CORR-F01-S20260927,d65f8f5184d943417a4896f0ae87b47606c0ece1ba004892a72656bfd313bf60
3dfb6b2501aa70a18b2ae53dda5bce4b04e55a9fb6b935684e55a35a8fc2e61d,MITDB_P207,207,110000000,1,20260927,MODEL_V2_TCN_MEANMAX,MODEL_V2_OPTIMIZER_CORRECTED_V1,0,6.730599880218506,0.9988076686859131,18,V2-006-OPT-CORR-F01-S20260927,d65f8f5184d943417a4896f0ae87b47606c0ece1ba004892a72656bfd313bf60
3e0e54c279f186f38f9e63ecbf1b4560323c2c6521ac8241bedd39e72159bbe8,MITDB_P118,118,360000000,1,20260927,MODEL_V2_TCN_MEANMAX,MODEL_V2_OPTIMIZER_CORRECTED_V1,1,10.286321640014648,0.9999659061431885,18,V2-006-OPT-CORR-F01-S20260927,d65f8f5184d943417a4896f0ae87b47606c0ece1ba004892a72656bfd313bf60
3e21372ebd5fee0b5d20350a12259116053e799a373e2d24ff7a0ceb1020dbcf,MITDB_P210,210,1800000000,1,20260927,MODEL_V2_TCN_MEANMAX,MODEL_V2_OPTIMIZER_CORRECTED_V1,1,10.269685745239258,0.9999653100967407,18,V2-006-OPT-CORR-F01-S20260927,d65f8f5184d943417a4896f0ae87b47606c0ece1ba004892a72656bfd313bf60
3e27199385320b0549a30abe271c978721ad1830e589c95beb3b8f655da0cfb4,MITDB_P122,122,1020000000,1,20260927,MODEL_V2_TCN_MEANMAX,MODEL_V2_OPTIMIZER_CORRECTED_V1,0,-8.597599029541016,0.00018451431242283434,18,V2-006-OPT-CORR-F01-S20260927,d65f8f5184d943417a4896f0ae87b47606c0ece1ba004892a72656bfd313bf60
3e4bd91de2b04d3936b7eb35318fb700066a8b4df6e711848b8a129d83324895,MITDB_P101,101,555000000,1,20260927,MODEL_V2_TCN_MEANMAX,MODEL_V2_OPTIMIZER_CORRECTED_V1,0,-6.687992095947266,0.0012442315928637981,18,V2-006-OPT-CORR-F01-S20260927,d65f8f5184d943417a4896f0ae87b47606c0ece1ba004892a72656bfd313bf60
3e8b0744fdc9a9fa9d43e1c5f2f8bc271a9cb304c0551012696b35720a75f06d,MITDB_P122,122,365000000,1,20260927,MODEL_V2_TCN_MEANMAX,MODEL_V2_OPTIMIZER_CORRECTED_V1,0,-8.414290428161621,0.00022162760433275253,18,V2-006-OPT-CORR-F01-S20260927,d65f8f5184d943417a4896f0ae87b47606c0ece1ba004892a72656bfd313bf60
3ed3780ee68117b40a816559e517ee405cbb105958a7fa2eb265651dced52a70,MITDB_P118,118,1190000000,1,20260927,MODEL_V2_TCN_MEANMAX,MODEL_V2_OPTIMIZER_CORRECTED_V1,0,5.321198463439941,0.9951369166374207,18,V2-006-OPT-CORR-F01-S20260927,d65f8f5184d943417a4896f0ae87b47606c0ece1ba004892a72656bfd313bf60
3ed8d871e9f6fc09efb6af29655c6f9f6080ce1558d836ee02e0ae43e0a4a086,MITDB_P101,101,1290000000,1,20260927,MODEL_V2_TCN_MEANMAX,MODEL_V2_OPTIMIZER_CORRECTED_V1,0,-6.996626853942871,0.0009141266345977783,18,V2-006-OPT-CORR-F01-S20260927,d65f8f5184d943417a4896f0ae87b47606c0ece1ba004892a72656bfd313bf60
3eda50563299b3dad4377c6cb3ce0bb3ac116fc1e17ff722d3e100c0b120bf8c,MITDB_P122,122,670000000,1,20260927,MODEL_V2_TCN_MEANMAX,MODEL_V2_OPTIMIZER_CORRECTED_V1,0,-7.382174015045166,0.0006218596827238798,18,V2-006-OPT-CORR-F01-S20260927,d65f8f5184d943417a4896f0ae87b47606c0ece1ba004892a72656bfd313bf60
3edcbe6c2857ab0e7f54b48583c2951cf57cceea2c8078e1cdc4436a48ec810c,MITDB_P119,119,465000000,1,20260927,MODEL_V2_TCN_MEANMAX,MODEL_V2_OPTIMIZER_CORRECTED_V1,1,15.473010063171387,0.9999997615814209,18,V2-006-OPT-CORR-F01-S20260927,d65f8f5184d943417a4896f0ae87b47606c0ece1ba004892a72656bfd313bf60
3ee1d7e27b37a1b7ed84d081ad4cf8b5e9bf7a3805f810aecc30555248e422bf,MITDB_P101,101,1425000000,1,20260927,MODEL_V2_TCN_MEANMAX,MODEL_V2_OPTIMIZER_CORRECTED_V1,0,-6.520660400390625,0.001470530522055924,18,V2-006-OPT-CORR-F01-S20260927,d65f8f5184d943417a4896f0ae87b47606c0ece1ba004892a72656bfd313bf60
3eebaf49e78d4ed948387b78fdebbdb96b10f72364c3c7e6e9d5c6d4ba6715a8,MITDB_P122,122,1655000000,1,20260927,MODEL_V2_TCN_MEANMAX,MODEL_V2_OPTIMIZER_CORRECTED_V1,0,-5.91765022277832,0.002684292383491993,18,V2-006-OPT-CORR-F01-S20260927,d65f8f5184d943417a4896f0ae87b47606c0ece1ba004892a72656bfd313bf60
3efca8f044424d33eb1e50a71211a8c2ba73f608557dc419e306311dd448debc,MITDB_P122,122,1215000000,1,20260927,MODEL_V2_TCN_MEANMAX,MODEL_V2_OPTIMIZER_CORRECTED_V1,0,-6.658886909484863,0.0012809302425011992,18,V2-006-OPT-CORR-F01-S20260927,d65f8f5184d943417a4896f0ae87b47606c0ece1ba004892a72656bfd313bf60
3f062b0358e9508f3116d275188725d341692cc29e0b17e1a31ee82b63a63e11,MITDB_P122,122,45000000,1,20260927,MODEL_V2_TCN_MEANMAX,MODEL_V2_OPTIMIZER_CORRECTED_V1,0,-8.428898811340332,0.0002184142213081941,18,V2-006-OPT-CORR-F01-S20260927,d65f8f5184d943417a4896f0ae87b47606c0ece1ba004892a72656bfd313bf60
3f2ed7dc485ecac0dfae17ae9ea200fb4d0183bef5bfaa20880af28cb6a5c24b,MITDB_P118,118,405000000,1,20260927,MODEL_V2_TCN_MEANMAX,MODEL_V2_OPTIMIZER_CORRECTED_V1,0,0.4268859922885895,0.6051298379898071,18,V2-006-OPT-CORR-F01-S20260927,d65f8f5184d943417a4896f0ae87b47606c0ece1ba004892a72656bfd313bf60
3f4e202f15c9f7a132bfee0277664801218209c7d82814dda88e007da9d616c6,MITDB_P119,119,1720000000,1,20260927,MODEL_V2_TCN_MEANMAX,MODEL_V2_OPTIMIZER_CORRECTED_V1,1,21.42574119567871,1.0,18,V2-006-OPT-CORR-F01-S20260927,d65f8f5184d943417a4896f0ae87b47606c0ece1ba004892a72656bfd313bf60
3f6f6be4a7ed918d4f7e1905066ca85c992016c9c9b1d67e450bc10653b2bd06,MITDB_P210,210,865000000,1,20260927,MODEL_V2_TCN_MEANMAX,MODEL_V2_OPTIMIZER_CORRECTED_V1,1,-0.8693958520889282,0.29538002610206604,18,V2-006-OPT-CORR-F01-S20260927,d65f8f5184d943417a4896f0ae87b47606c0ece1ba004892a72656bfd313bf60
3f86afa96845c8f4f585910c00b3bcb9f68e1d7cb5ec5c98fc3e411cc9126563,MITDB_P119,119,1700000000,1,20260927,MODEL_V2_TCN_MEANMAX,MODEL_V2_OPTIMIZER_CORRECTED_V1,1,17.780532836914062,1.0,18,V2-006-OPT-CORR-F01-S20260927,d65f8f5184d943417a4896f0ae87b47606c0ece1ba004892a72656bfd313bf60
3facaeaa449bd0ba7f3999288b0ffcdf00164e545eac11edcf7b69f5efc0fcf3,MITDB_P122,122,1180000000,1,20260927,MODEL_V2_TCN_MEANMAX,MODEL_V2_OPTIMIZER_CORRECTED_V1,0,-8.643064498901367,0.00017631457012612373,18,V2-006-OPT-CORR-F01-S20260927,d65f8f5184d943417a4896f0ae87b47606c0ece1ba004892a72656bfd313bf60
3fe37452b213154f0596cf119309a394f6b72d055b108dc31f335d265bead726,MITDB_P118,118,1520000000,1,20260927,MODEL_V2_TCN_MEANMAX,MODEL_V2_OPTIMIZER_CORRECTED_V1,0,-0.3381095230579376,0.4162687659263611,18,V2-006-OPT-CORR-F01-S20260927,d65f8f5184d943417a4896f0ae87b47606c0ece1ba004892a72656bfd313bf60
400d7b65cf5651f75dab3ea578745f0fb1e6e5af3dab527e15ca292bb159f262,MITDB_P210,210,860000000,1,20260927,MODEL_V2_TCN_MEANMAX,MODEL_V2_OPTIMIZER_CORRECTED_V1,1,4.990949630737305,0.9932466745376587,18,V2-006-OPT-CORR-F01-S20260927,d65f8f5184d943417a4896f0ae87b47606c0ece1ba004892a72656bfd313bf60
40120c3d5504817b4fecc2c8c13a45668ab7120c2a95b2b4dd537ba5d397985b,MITDB_P122,122,995000000,1,20260927,MODEL_V2_TCN_MEANMAX,MODEL_V2_OPTIMIZER_CORRECTED_V1,0,-6.770925521850586,0.0011453196639195085,18,V2-006-OPT-CORR-F01-S20260927,d65f8f5184d943417a4896f0ae87b47606c0ece1ba004892a72656bfd313bf60
40133413355ac492ea80316045fc916d5ada91f201519aec9f3a0e33cd5a7a1d,MITDB_P210,210,535000000,1,20260927,MODEL_V2_TCN_MEANMAX,MODEL_V2_OPTIMIZER_CORRECTED_V1,0,-1.9447557926177979,0.12512631714344025,18,V2-006-OPT-CORR-F01-S20260927,d65f8f5184d943417a4896f0ae87b47606c0ece1ba004892a72656bfd313bf60
40288514d726c42b0623c71e9fd9c9595b7e3f40e20dda2a07f9c92fac3e282d,MITDB_P118,118,1315000000,1,20260927,MODEL_V2_TCN_MEANMAX,MODEL_V2_OPTIMIZER_CORRECTED_V1,0,1.3345723152160645,0.7915959358215332,18,V2-006-OPT-CORR-F01-S20260927,d65f8f5184d943417a4896f0ae87b47606c0ece1ba004892a72656bfd313bf60
402b7482453fa4fa5f789d88d65364100c33218ce1ad1871dff754b908c206a4,MITDB_P122,122,1035000000,1,20260927,MODEL_V2_TCN_MEANMAX,MODEL_V2_OPTIMIZER_CORRECTED_V1,0,-7.101344108581543,0.0008233182597905397,18,V2-006-OPT-CORR-F01-S20260927,d65f8f5184d943417a4896f0ae87b47606c0ece1ba004892a72656bfd313bf60
404fbc4f2985da43c9e8b975c420c3c348dc29533c8f504e95409cc973b47fc2,MITDB_P118,118,380000000,1,20260927,MODEL_V2_TCN_MEANMAX,MODEL_V2_OPTIMIZER_CORRECTED_V1,0,5.924266338348389,0.9973334074020386,18,V2-006-OPT-CORR-F01-S20260927,d65f8f5184d943417a4896f0ae87b47606c0ece1ba004892a72656bfd313bf60
405140a9ac17e93e4494ffc448212ddd9d0da55763eb4827b7b24f5686664c21,MITDB_P119,119,1035000000,1,20260927,MODEL_V2_TCN_MEANMAX,MODEL_V2_OPTIMIZER_CORRECTED_V1,0,-6.595415115356445,0.0013647542800754309,18,V2-006-OPT-CORR-F01-S20260927,d65f8f5184d943417a4896f0ae87b47606c0ece1ba004892a72656bfd313bf60
40588ececabb2c7323754c92790c2b501060a6c28be37290131e4286fd73823d,MITDB_P122,122,690000000,1,20260927,MODEL_V2_TCN_MEANMAX,MODEL_V2_OPTIMIZER_CORRECTED_V1,0,-6.024804592132568,0.0024121913593262434,18,V2-006-OPT-CORR-F01-S20260927,d65f8f5184d943417a4896f0ae87b47606c0ece1ba004892a72656bfd313bf60
4059771f28c0da992dfb7337d839ff95624c7a459b526907706c5de0837df490,MITDB_P101,101,1305000000,1,20260927,MODEL_V2_TCN_MEANMAX,MODEL_V2_OPTIMIZER_CORRECTED_V1,0,-5.765254974365234,0.0031248009763658047,18,V2-006-OPT-CORR-F01-S20260927,d65f8f5184d943417a4896f0ae87b47606c0ece1ba004892a72656bfd313bf60
407d280c0613ee5147ffa840d54308168b4e11d53b0132441462b549d1eabb2e,MITDB_P210,210,1310000000,1,20260927,MODEL_V2_TCN_MEANMAX,MODEL_V2_OPTIMIZER_CORRECTED_V1,0,-3.3950581550598145,0.03245026618242264,18,V2-006-OPT-CORR-F01-S20260927,d65f8f5184d943417a4896f0ae87b47606c0ece1ba004892a72656bfd313bf60
40890cc19cbee23d26bedae2956f1cb1de7ac4714eb4460440f4a4f1d29aae6a,MITDB_P119,119,290000000,1,20260927,MODEL_V2_TCN_MEANMAX,MODEL_V2_OPTIMIZER_CORRECTED_V1,1,14.552985191345215,0.9999995231628418,18,V2-006-OPT-CORR-F01-S20260927,d65f8f5184d943417a4896f0ae87b47606c0ece1ba004892a72656bfd313bf60
40b75bd68c5c3d8d8650fe383a847790639a9efec6c8330b58b7911deea421cd,MITDB_P119,119,45000000,1,20260927,MODEL_V2_TCN_MEANMAX,MODEL_V2_OPTIMIZER_CORRECTED_V1,1,13.693442344665527,0.999998927116394,18,V2-006-OPT-CORR-F01-S20260927,d65f8f5184d943417a4896f0ae87b47606c0ece1ba004892a72656bfd313bf60
40de567b6136982c275a7cb9d717a5e54bba546bb6cba37675224aee475d2501,MITDB_P207,207,1475000000,1,20260927,MODEL_V2_TCN_MEANMAX,MODEL_V2_OPTIMIZER_CORRECTED_V1,0,6.328214168548584,0.9982178807258606,18,V2-006-OPT-CORR-F01-S20260927,d65f8f5184d943417a4896f0ae87b47606c0ece1ba004892a72656bfd313bf60
40e628377696a985f0002d501f5ffb662b24e53abc8ed742a63e6d655de33c18,MITDB_P207,207,1155000000,1,20260927,MODEL_V2_TCN_MEANMAX,MODEL_V2_OPTIMIZER_CORRECTED_V1,0,7.834524154663086,0.9996044039726257,18,V2-006-OPT-CORR-F01-S20260927,d65f8f5184d943417a4896f0ae87b47606c0ece1ba004892a72656bfd313bf60
40f1a8b644a82165b37351a0d875e6fc199dd6b5922e579deef6f718cbe5bdb6,MITDB_P207,207,490000000,1,20260927,MODEL_V2_TCN_MEANMAX,MODEL_V2_OPTIMIZER_CORRECTED_V1,0,10.770634651184082,0.9999790191650391,18,V2-006-OPT-CORR-F01-S20260927,d65f8f5184d943417a4896f0ae87b47606c0ece1ba004892a72656bfd313bf60
40fe053192cf2d1cda21579d4dfca078708e43f194d8f1a6ebc35352970ec7ab,MITDB_P122,122,745000000,1,20260927,MODEL_V2_TCN_MEANMAX,MODEL_V2_OPTIMIZER_CORRECTED_V1,0,-7.5329179763793945,0.0005348881240934134,18,V2-006-OPT-CORR-F01-S20260927,d65f8f5184d943417a4896f0ae87b47606c0ece1ba004892a72656bfd313bf60
4141a7081fe2e844e1cf94a0aecf9d16af60669288f2e3bef60ad773fd52b805,MITDB_P101,101,975000000,1,20260927,MODEL_V2_TCN_MEANMAX,MODEL_V2_OPTIMIZER_CORRECTED_V1,0,-6.590505123138428,0.0013714625965803862,18,V2-006-OPT-CORR-F01-S20260927,d65f8f5184d943417a4896f0ae87b47606c0ece1ba004892a72656bfd313bf60
4166ff9d230df2f20220ebfb740e3f9fe29722d7f85efbab909a5361cacb9fd0,MITDB_P210,210,1345000000,1,20260927,MODEL_V2_TCN_MEANMAX,MODEL_V2_OPTIMIZER_CORRECTED_V1,1,7.329677581787109,0.9993446469306946,18,V2-006-OPT-CORR-F01-S20260927,d65f8f5184d943417a4896f0ae87b47606c0ece1ba004892a72656bfd313bf60
416dbb75e0ce170691d7f1f9ce569af71e4542b6bc042d59f3de57c709daf714,MITDB_P207,207,1430000000,1,20260927,MODEL_V2_TCN_MEANMAX,MODEL_V2_OPTIMIZER_CORRECTED_V1,0,4.975412845611572,0.9931417107582092,18,V2-006-OPT-CORR-F01-S20260927,d65f8f5184d943417a4896f0ae87b47606c0ece1ba004892a72656bfd313bf60
418825203eb800ce8fcf1b71de8e49a7e66c157bf6fd7df6d5c42593c33cbae5,MITDB_P118,118,1400000000,1,20260927,MODEL_V2_TCN_MEANMAX,MODEL_V2_OPTIMIZER_CORRECTED_V1,1,6.421130657196045,0.9983757734298706,18,V2-006-OPT-CORR-F01-S20260927,d65f8f5184d943417a4896f0ae87b47606c0ece1ba004892a72656bfd313bf60
41bc5752d586c3678a170a4df22d8acfc181588df64b3e9c7aa93b1fba10482a,MITDB_P122,122,1740000000,1,20260927,MODEL_V2_TCN_MEANMAX,MODEL_V2_OPTIMIZER_CORRECTED_V1,0,-7.126635551452637,0.0008027729345485568,18,V2-006-OPT-CORR-F01-S20260927,d65f8f5184d943417a4896f0ae87b47606c0ece1ba004892a72656bfd313bf60
41eab9cc89a4ad959ffc534a7d6001981eb106fdb01dcd593397fb9d684fc5bc,MITDB_P210,210,1445000000,1,20260927,MODEL_V2_TCN_MEANMAX,MODEL_V2_OPTIMIZER_CORRECTED_V1,0,-3.745213747024536,0.023085065186023712,18,V2-006-OPT-CORR-F01-S20260927,d65f8f5184d943417a4896f0ae87b47606c0ece1ba004892a72656bfd313bf60
41ec0c2cfcdace53549d4f5bf3da3387aecbe15c4b1425eb0eb380fc77f1d4f8,MITDB_P118,118,1615000000,1,20260927,MODEL_V2_TCN_MEANMAX,MODEL_V2_OPTIMIZER_CORRECTED_V1,0,4.5459489822387695,0.9895012974739075,18,V2-006-OPT-CORR-F01-S20260927,d65f8f5184d943417a4896f0ae87b47606c0ece1ba004892a72656bfd313bf60
420ffc12860cc89b0c80e90ebf59b9e69bde559e3a2b9671ad02cc3122da8a2c,MITDB_P210,210,415000000,1,20260927,MODEL_V2_TCN_MEANMAX,MODEL_V2_OPTIMIZER_CORRECTED_V1,0,-0.7734405994415283,0.3157353103160858,18,V2-006-OPT-CORR-F01-S20260927,d65f8f5184d943417a4896f0ae87b47606c0ece1ba004892a72656bfd313bf60
421630e3ba6adddc346f687020177af9f099c0a8fb472b17c0d9945c21077922,MITDB_P119,119,1780000000,1,20260927,MODEL_V2_TCN_MEANMAX,MODEL_V2_OPTIMIZER_CORRECTED_V1,1,17.296052932739258,1.0,18,V2-006-OPT-CORR-F01-S20260927,d65f8f5184d943417a4896f0ae87b47606c0ece1ba004892a72656bfd313bf60
421baa5c031c83a8b8de9e3599e3a0cf8ff4dfde8e435abce58d0807b19c91c6,MITDB_P118,118,715000000,1,20260927,MODEL_V2_TCN_MEANMAX,MODEL_V2_OPTIMIZER_CORRECTED_V1,0,-0.6045650243759155,0.353300005197525,18,V2-006-OPT-CORR-F01-S20260927,d65f8f5184d943417a4896f0ae87b47606c0ece1ba004892a72656bfd313bf60
422ad2af457362d182b9f99a35a2a1e4e67260f2a714c92951fa8af9c5d213c1,MITDB_P207,207,485000000,1,20260927,MODEL_V2_TCN_MEANMAX,MODEL_V2_OPTIMIZER_CORRECTED_V1,0,10.108186721801758,0.9999592304229736,18,V2-006-OPT-CORR-F01-S20260927,d65f8f5184d943417a4896f0ae87b47606c0ece1ba004892a72656bfd313bf60
425c1a138b4eb5fbd637b3dfe009b720dad3aebf49a6ee1706d0816e4cef948c,MITDB_P210,210,1015000000,1,20260927,MODEL_V2_TCN_MEANMAX,MODEL_V2_OPTIMIZER_CORRECTED_V1,0,-5.314553260803223,0.004895393270999193,18,V2-006-OPT-CORR-F01-S20260927,d65f8f5184d943417a4896f0ae87b47606c0ece1ba004892a72656bfd313bf60
42a7caed65efe4a1d5ad58beab0cd35549a69c65aee810b176146675211f48e0,MITDB_P119,119,1765000000,1,20260927,MODEL_V2_TCN_MEANMAX,MODEL_V2_OPTIMIZER_CORRECTED_V1,1,17.53866958618164,1.0,18,V2-006-OPT-CORR-F01-S20260927,d65f8f5184d943417a4896f0ae87b47606c0ece1ba004892a72656bfd313bf60
42d719f6be0f5a8e55aa1dc4238093ff5c626c559bcd71db3f4506ed4f36ecb5,MITDB_P122,122,1300000000,1,20260927,MODEL_V2_TCN_MEANMAX,MODEL_V2_OPTIMIZER_CORRECTED_V1,0,-6.659255504608154,0.001280458876863122,18,V2-006-OPT-CORR-F01-S20260927,d65f8f5184d943417a4896f0ae87b47606c0ece1ba004892a72656bfd313bf60
42db1667012a5f991db1ffc68004a711026bdc5855cf84977795804f0ef71465,MITDB_P122,122,930000000,1,20260927,MODEL_V2_TCN_MEANMAX,MODEL_V2_OPTIMIZER_CORRECTED_V1,0,-7.546403884887695,0.0005277268355712295,18,V2-006-OPT-CORR-F01-S20260927,d65f8f5184d943417a4896f0ae87b47606c0ece1ba004892a72656bfd313bf60
42e044d4a37e27e4547cfe20658a15cb00ebd04f161658bd44f50807edd76d0d,MITDB_P122,122,825000000,1,20260927,MODEL_V2_TCN_MEANMAX,MODEL_V2_OPTIMIZER_CORRECTED_V1,0,-8.245923042297363,0.0002622570900712162,18,V2-006-OPT-CORR-F01-S20260927,d65f8f5184d943417a4896f0ae87b47606c0ece1ba004892a72656bfd313bf60
42fb0197a927931b7b17230ef839835ccf9c082695d8de819196a28f3d5fd225,MITDB_P122,122,430000000,1,20260927,MODEL_V2_TCN_MEANMAX,MODEL_V2_OPTIMIZER_CORRECTED_V1,0,-6.88543701171875,0.0010215245420113206,18,V2-006-OPT-CORR-F01-S20260927,d65f8f5184d943417a4896f0ae87b47606c0ece1ba004892a72656bfd313bf60
4326ba265216e055f686be6c44cfbe9f1acf40a43305222da252abae7275527b,MITDB_P119,119,935000000,1,20260927,MODEL_V2_TCN_MEANMAX,MODEL_V2_OPTIMIZER_CORRECTED_V1,1,17.04931640625,1.0,18,V2-006-OPT-CORR-F01-S20260927,d65f8f5184d943417a4896f0ae87b47606c0ece1ba004892a72656bfd313bf60
435800c392dc55b6158b5aaaafc577af2b58db39a3c5d26947d8bc26ddd6be9d,MITDB_P210,210,915000000,1,20260927,MODEL_V2_TCN_MEANMAX,MODEL_V2_OPTIMIZER_CORRECTED_V1,1,-3.0580101013183594,0.04487290978431702,18,V2-006-OPT-CORR-F01-S20260927,d65f8f5184d943417a4896f0ae87b47606c0ece1ba004892a72656bfd313bf60
43600c09c7ac81b4f5d011abf53c4bc4bbb3154e99fdd235bf8348f998433144,MITDB_P119,119,195000000,1,20260927,MODEL_V2_TCN_MEANMAX,MODEL_V2_OPTIMIZER_CORRECTED_V1,1,12.829641342163086,0.9999973773956299,18,V2-006-OPT-CORR-F01-S20260927,d65f8f5184d943417a4896f0ae87b47606c0ece1ba004892a72656bfd313bf60
43a624b1d9374925347e3f06f4eacb788cca28b9f7a24e231838bc69a9206094,MITDB_P207,207,1215000000,1,20260927,MODEL_V2_TCN_MEANMAX,MODEL_V2_OPTIMIZER_CORRECTED_V1,0,7.531493663787842,0.9994643330574036,18,V2-006-OPT-CORR-F01-S20260927,d65f8f5184d943417a4896f0ae87b47606c0ece1ba004892a72656bfd313bf60
43d3ebbfdfe49a5e02ab3cc6f96d9eea2fab30da5e5a93d8cac18a63cf27922f,MITDB_P118,118,1700000000,1,20260927,MODEL_V2_TCN_MEANMAX,MODEL_V2_OPTIMIZER_CORRECTED_V1,0,-1.713631272315979,0.15269331634044647,18,V2-006-OPT-CORR-F01-S20260927,d65f8f5184d943417a4896f0ae87b47606c0ece1ba004892a72656bfd313bf60
43e1333bf80c3ca96325c0444269c5cef9cf92707df0ae5c2d20b34ce7cbcddb,MITDB_P122,122,1425000000,1,20260927,MODEL_V2_TCN_MEANMAX,MODEL_V2_OPTIMIZER_CORRECTED_V1,0,-7.332192420959473,0.0006537102162837982,18,V2-006-OPT-CORR-F01-S20260927,d65f8f5184d943417a4896f0ae87b47606c0ece1ba004892a72656bfd313bf60
4413e60e37ac33be671ea78f52dfc402ba59f6af0e652ef9e02a37aeb74fe8da,MITDB_P207,207,1005000000,1,20260927,MODEL_V2_TCN_MEANMAX,MODEL_V2_OPTIMIZER_CORRECTED_V1,0,6.636468887329102,0.9986900687217712,18,V2-006-OPT-CORR-F01-S20260927,d65f8f5184d943417a4896f0ae87b47606c0ece1ba004892a72656bfd313bf60
44172aeb741c9984179e28b5a4c95447502cc285aa98714919bbf99993a27656,MITDB_P101,101,1235000000,1,20260927,MODEL_V2_TCN_MEANMAX,MODEL_V2_OPTIMIZER_CORRECTED_V1,0,-6.7347731590271,0.0011874331394210458,18,V2-006-OPT-CORR-F01-S20260927,d65f8f5184d943417a4896f0ae87b47606c0ece1ba004892a72656bfd313bf60
4418e227a3f68e6dff192d393925cef9b071cd56617f02c2bc5ef1eadc2b34e4,MITDB_P118,118,460000000,1,20260927,MODEL_V2_TCN_MEANMAX,MODEL_V2_OPTIMIZER_CORRECTED_V1,0,0.3641469180583954,0.5900439023971558,18,V2-006-OPT-CORR-F01-S20260927,d65f8f5184d943417a4896f0ae87b47606c0ece1ba004892a72656bfd313bf60
441d6ea8795860a52bbc02addeb6515be8df5eac2f39b978822d53ae7d4df4b0,MITDB_P122,122,1430000000,1,20260927,MODEL_V2_TCN_MEANMAX,MODEL_V2_OPTIMIZER_CORRECTED_V1,0,-7.797088146209717,0.0004107610147912055,18,V2-006-OPT-CORR-F01-S20260927,d65f8f5184d943417a4896f0ae87b47606c0ece1ba004892a72656bfd313bf60
444af5d3877b170587ec57e8f60fcaef498f7146f92aaf4bdbe7176d84d0a3bd,MITDB_P210,210,1055000000,1,20260927,MODEL_V2_TCN_MEANMAX,MODEL_V2_OPTIMIZER_CORRECTED_V1,1,10.600479125976562,0.9999750852584839,18,V2-006-OPT-CORR-F01-S20260927,d65f8f5184d943417a4896f0ae87b47606c0ece1ba004892a72656bfd313bf60
4466071cf11552fb266367135c00b3e20bad8f4faf954e7a8bb08102c306b5d7,MITDB_P101,101,1390000000,1,20260927,MODEL_V2_TCN_MEANMAX,MODEL_V2_OPTIMIZER_CORRECTED_V1,0,-6.366334438323975,0.0017154988599941134,18,V2-006-OPT-CORR-F01-S20260927,d65f8f5184d943417a4896f0ae87b47606c0ece1ba004892a72656bfd313bf60
4475a62c50c0d57a07325a42b4482321274c73c4100755bada31f42e58b6592e,MITDB_P207,207,950000000,1,20260927,MODEL_V2_TCN_MEANMAX,MODEL_V2_OPTIMIZER_CORRECTED_V1,0,7.98223876953125,0.9996587038040161,18,V2-006-OPT-CORR-F01-S20260927,d65f8f5184d943417a4896f0ae87b47606c0ece1ba004892a72656bfd313bf60
44ba993c5e25f4b3d3c4f25ada192df00e3b054116aa001b973d34aa5272a723,MITDB_P101,101,1270000000,1,20260927,MODEL_V2_TCN_MEANMAX,MODEL_V2_OPTIMIZER_CORRECTED_V1,0,-6.369283676147461,0.001710455515421927,18,V2-006-OPT-CORR-F01-S20260927,d65f8f5184d943417a4896f0ae87b47606c0ece1ba004892a72656bfd313bf60
44f9c309713f064418fee932b2435d34c9f3ea0b14c5a0abad513b7dfd2bade3,MITDB_P119,119,1160000000,1,20260927,MODEL_V2_TCN_MEANMAX,MODEL_V2_OPTIMIZER_CORRECTED_V1,1,13.9566650390625,0.9999991655349731,18,V2-006-OPT-CORR-F01-S20260927,d65f8f5184d943417a4896f0ae87b47606c0ece1ba004892a72656bfd313bf60
4526a8b6b47282338090f4a18c69d7c00d4ec4aa61183e5c4503b7d1edef9714,MITDB_P119,119,1440000000,1,20260927,MODEL_V2_TCN_MEANMAX,MODEL_V2_OPTIMIZER_CORRECTED_V1,1,17.48232078552246,1.0,18,V2-006-OPT-CORR-F01-S20260927,d65f8f5184d943417a4896f0ae87b47606c0ece1ba004892a72656bfd313bf60
4533fbf552a8389f00483e0cc953cd98ff1bd41d298ac216e32d5e0fcb3da819,MITDB_P207,207,780000000,1,20260927,MODEL_V2_TCN_MEANMAX,MODEL_V2_OPTIMIZER_CORRECTED_V1,0,6.919759273529053,0.99901282787323,18,V2-006-OPT-CORR-F01-S20260927,d65f8f5184d943417a4896f0ae87b47606c0ece1ba004892a72656bfd313bf60
454f682bab9f04cc1b540d8e904d8aa7d816083951a64afe2264d3b9c0d706eb,MITDB_P101,101,1085000000,1,20260927,MODEL_V2_TCN_MEANMAX,MODEL_V2_OPTIMIZER_CORRECTED_V1,0,-5.907304763793945,0.0027121310122311115,18,V2-006-OPT-CORR-F01-S20260927,d65f8f5184d943417a4896f0ae87b47606c0ece1ba004892a72656bfd313bf60
4550ce5c1973db5e572643a326155b735a4f1da4fab10ffc9e0e6fdadfdd792a,MITDB_P101,101,1665000000,1,20260927,MODEL_V2_TCN_MEANMAX,MODEL_V2_OPTIMIZER_CORRECTED_V1,0,-6.952844619750977,0.0009549991809763014,18,V2-006-OPT-CORR-F01-S20260927,d65f8f5184d943417a4896f0ae87b47606c0ece1ba004892a72656bfd313bf60
45646970d31094a6d867212c7a96735e1ed5f90dea8ea309eeeb9cfafb3bdefa,MITDB_P210,210,1475000000,1,20260927,MODEL_V2_TCN_MEANMAX,MODEL_V2_OPTIMIZER_CORRECTED_V1,0,3.5912375450134277,0.9731752276420593,18,V2-006-OPT-CORR-F01-S20260927,d65f8f5184d943417a4896f0ae87b47606c0ece1ba004892a72656bfd313bf60
4569b12e30d0931c8b9547579f9c92230ba98d8fa166cd97945c1d66a64d3ec9,MITDB_P210,210,935000000,1,20260927,MODEL_V2_TCN_MEANMAX,MODEL_V2_OPTIMIZER_CORRECTED_V1,1,0.951361894607544,0.7213889360427856,18,V2-006-OPT-CORR-F01-S20260927,d65f8f5184d943417a4896f0ae87b47606c0ece1ba004892a72656bfd313bf60
45863c038a32485524918bf82e89fa5ec657e7004c3ed81550a40ddf7b0fcac0,MITDB_P210,210,1290000000,1,20260927,MODEL_V2_TCN_MEANMAX,MODEL_V2_OPTIMIZER_CORRECTED_V1,1,4.11948823928833,0.9840070605278015,18,V2-006-OPT-CORR-F01-S20260927,d65f8f5184d943417a4896f0ae87b47606c0ece1ba004892a72656bfd313bf60
45cedddfaf58c554f033392e685ad62828b232d55e1941db111f819152feb770,MITDB_P207,207,895000000,1,20260927,MODEL_V2_TCN_MEANMAX,MODEL_V2_OPTIMIZER_CORRECTED_V1,0,8.433246612548828,0.9997825026512146,18,V2-006-OPT-CORR-F01-S20260927,d65f8f5184d943417a4896f0ae87b47606c0ece1ba004892a72656bfd313bf60
45e75f0577881f73fa51ba1bdd032dcb521a49dbb322bc04f9023efa906d5d9d,MITDB_P101,101,280000000,1,20260927,MODEL_V2_TCN_MEANMAX,MODEL_V2_OPTIMIZER_CORRECTED_V1,0,-5.9605302810668945,0.002571912482380867,18,V2-006-OPT-CORR-F01-S20260927,d65f8f5184d943417a4896f0ae87b47606c0ece1ba004892a72656bfd313bf60
45fd36a281ac424238bb824a24900bd3fe51851d0e118ce00847e2d2909b304f,MITDB_P118,118,1195000000,1,20260927,MODEL_V2_TCN_MEANMAX,MODEL_V2_OPTIMIZER_CORRECTED_V1,0,4.589883804321289,0.989948034286499,18,V2-006-OPT-CORR-F01-S20260927,d65f8f5184d943417a4896f0ae87b47606c0ece1ba004892a72656bfd313bf60
463d8f21d5180d21af108a6affc85424957595266decc441150ad2d7e2a985ec,MITDB_P101,101,260000000,1,20260927,MODEL_V2_TCN_MEANMAX,MODEL_V2_OPTIMIZER_CORRECTED_V1,0,-5.5297675132751465,0.003951237071305513,18,V2-006-OPT-CORR-F01-S20260927,d65f8f5184d943417a4896f0ae87b47606c0ece1ba004892a72656bfd313bf60
467cebe6914129f75a2076e699b09aad184352f2614063e9f6b10428f57514a6,MITDB_P210,210,185000000,1,20260927,MODEL_V2_TCN_MEANMAX,MODEL_V2_OPTIMIZER_CORRECTED_V1,0,-2.8013648986816406,0.05725046247243881,18,V2-006-OPT-CORR-F01-S20260927,d65f8f5184d943417a4896f0ae87b47606c0ece1ba004892a72656bfd313bf60
46863b97576acfd8263fbe6d194bf5e2853f758c479ac1402388471908266a88,MITDB_P207,207,350000000,1,20260927,MODEL_V2_TCN_MEANMAX,MODEL_V2_OPTIMIZER_CORRECTED_V1,0,8.27195930480957,0.9997444748878479,18,V2-006-OPT-CORR-F01-S20260927,d65f8f5184d943417a4896f0ae87b47606c0ece1ba004892a72656bfd313bf60
4699261e197a0231e8ffe7c8c75cfe2e64241bda24656435e77ce6a6311b454d,MITDB_P119,119,285000000,1,20260927,MODEL_V2_TCN_MEANMAX,MODEL_V2_OPTIMIZER_CORRECTED_V1,1,16.634838104248047,0.9999998807907104,18,V2-006-OPT-CORR-F01-S20260927,d65f8f5184d943417a4896f0ae87b47606c0ece1ba004892a72656bfd313bf60
46f5ae6b4ddb5543416a93a422eca7e3e4e619b60a7645dfe703cda64e6d2357,MITDB_P210,210,695000000,1,20260927,MODEL_V2_TCN_MEANMAX,MODEL_V2_OPTIMIZER_CORRECTED_V1,1,3.3397679328918457,0.9657681584358215,18,V2-006-OPT-CORR-F01-S20260927,d65f8f5184d943417a4896f0ae87b47606c0ece1ba004892a72656bfd313bf60
46f8d7aac0da156812aa455671474e43cfa5d97d21858641e5ba7a903cb10185,MITDB_P119,119,895000000,1,20260927,MODEL_V2_TCN_MEANMAX,MODEL_V2_OPTIMIZER_CORRECTED_V1,1,19.042051315307617,1.0,18,V2-006-OPT-CORR-F01-S20260927,d65f8f5184d943417a4896f0ae87b47606c0ece1ba004892a72656bfd313bf60
470b257bf8234485985683058d04e07dc004be4ce739367237d54953720364f7,MITDB_P118,118,1375000000,1,20260927,MODEL_V2_TCN_MEANMAX,MODEL_V2_OPTIMIZER_CORRECTED_V1,1,5.459246635437012,0.9957613348960876,18,V2-006-OPT-CORR-F01-S20260927,d65f8f5184d943417a4896f0ae87b47606c0ece1ba004892a72656bfd313bf60
470d0083d2b6831d5d80e75d03e22476c1668bbaf911fe8ea72837cf759532ea,MITDB_P119,119,1685000000,1,20260927,MODEL_V2_TCN_MEANMAX,MODEL_V2_OPTIMIZER_CORRECTED_V1,1,16.62812042236328,0.9999998807907104,18,V2-006-OPT-CORR-F01-S20260927,d65f8f5184d943417a4896f0ae87b47606c0ece1ba004892a72656bfd313bf60
47199f9fd45a2d29799373d393d8f63ebc35207d2042a8910819bbc766925c49,MITDB_P119,119,1130000000,1,20260927,MODEL_V2_TCN_MEANMAX,MODEL_V2_OPTIMIZER_CORRECTED_V1,1,14.620565414428711,0.9999995231628418,18,V2-006-OPT-CORR-F01-S20260927,d65f8f5184d943417a4896f0ae87b47606c0ece1ba004892a72656bfd313bf60
472082dd93c1bab11e0d2a0e9545486453620ceb2d8f0c5a44caa34a60b2fe21,MITDB_P101,101,550000000,1,20260927,MODEL_V2_TCN_MEANMAX,MODEL_V2_OPTIMIZER_CORRECTED_V1,0,-6.756399631500244,0.0011620584409683943,18,V2-006-OPT-CORR-F01-S20260927,d65f8f5184d943417a4896f0ae87b47606c0ece1ba004892a72656bfd313bf60
474c7a358501d3d9d9b4040eb985eb8e0c4d5f88b8fdb9b9d1e1c1fb2518656a,MITDB_P122,122,1080000000,1,20260927,MODEL_V2_TCN_MEANMAX,MODEL_V2_OPTIMIZER_CORRECTED_V1,0,-7.543818473815918,0.0005290922708809376,18,V2-006-OPT-CORR-F01-S20260927,d65f8f5184d943417a4896f0ae87b47606c0ece1ba004892a72656bfd313bf60
474e9d5a7a1832ef1793db1cd2d09c6e7ef811ea5a49f25b2429443e2bba4518,MITDB_P119,119,900000000,1,20260927,MODEL_V2_TCN_MEANMAX,MODEL_V2_OPTIMIZER_CORRECTED_V1,1,13.080533027648926,0.9999979734420776,18,V2-006-OPT-CORR-F01-S20260927,d65f8f5184d943417a4896f0ae87b47606c0ece1ba004892a72656bfd313bf60
47a0ccd0c2a2a86343d1c4bbf0650ff420574a130d0eb6f4f3541ca87a0cbbee,MITDB_P101,101,1215000000,1,20260927,MODEL_V2_TCN_MEANMAX,MODEL_V2_OPTIMIZER_CORRECTED_V1,0,-4.897681713104248,0.0074085695669054985,18,V2-006-OPT-CORR-F01-S20260927,d65f8f5184d943417a4896f0ae87b47606c0ece1ba004892a72656bfd313bf60
47a18bc6484a96b6d9cddc618ed655f37067b8922184dbd85987e004e297ee9d,MITDB_P122,122,1515000000,1,20260927,MODEL_V2_TCN_MEANMAX,MODEL_V2_OPTIMIZER_CORRECTED_V1,0,-6.90822696685791,0.0009985303040593863,18,V2-006-OPT-CORR-F01-S20260927,d65f8f5184d943417a4896f0ae87b47606c0ece1ba004892a72656bfd313bf60
47a1d4652dfc297c01e5ec15c3ca648b29865185d5027c46f932be6161f7bf10,MITDB_P210,210,1215000000,1,20260927,MODEL_V2_TCN_MEANMAX,MODEL_V2_OPTIMIZER_CORRECTED_V1,1,17.954151153564453,1.0,18,V2-006-OPT-CORR-F01-S20260927,d65f8f5184d943417a4896f0ae87b47606c0ece1ba004892a72656bfd313bf60
47d37eba3f4cb7e7ca3c9de34fac9a2bc46900cc951a6f5fb46f3460e19f9017,MITDB_P118,118,265000000,1,20260927,MODEL_V2_TCN_MEANMAX,MODEL_V2_OPTIMIZER_CORRECTED_V1,0,0.4293369948863983,0.6057153344154358,18,V2-006-OPT-CORR-F01-S20260927,d65f8f5184d943417a4896f0ae87b47606c0ece1ba004892a72656bfd313bf60
47eaa07e689ce17f441eea08738dc6f80115352b9058b048a621ca826f36c1dc,MITDB_P119,119,1170000000,1,20260927,MODEL_V2_TCN_MEANMAX,MODEL_V2_OPTIMIZER_CORRECTED_V1,1,17.958587646484375,1.0,18,V2-006-OPT-CORR-F01-S20260927,d65f8f5184d943417a4896f0ae87b47606c0ece1ba004892a72656bfd313bf60
4804e7c927ede2171d72b63be3a9ae980e2d2dba11c79d49675aeeeeb493d2de,MITDB_P118,118,255000000,1,20260927,MODEL_V2_TCN_MEANMAX,MODEL_V2_OPTIMIZER_CORRECTED_V1,0,1.2060472965240479,0.7695988416671753,18,V2-006-OPT-CORR-F01-S20260927,d65f8f5184d943417a4896f0ae87b47606c0ece1ba004892a72656bfd313bf60
4818e716bff84c7a2b29ca379ded52fcda76a0bff0d77bfa855cdfa4c7726dd1,MITDB_P207,207,1375000000,1,20260927,MODEL_V2_TCN_MEANMAX,MODEL_V2_OPTIMIZER_CORRECTED_V1,0,5.724674224853516,0.9967461824417114,18,V2-006-OPT-CORR-F01-S20260927,d65f8f5184d943417a4896f0ae87b47606c0ece1ba004892a72656bfd313bf60
48280f19ea15c8d95ab4f8bf4771ed7c501b50cfe8f5e7ac2da1d1085ddeabd8,MITDB_P207,207,225000000,1,20260927,MODEL_V2_TCN_MEANMAX,MODEL_V2_OPTIMIZER_CORRECTED_V1,1,14.964530944824219,0.9999996423721313,18,V2-006-OPT-CORR-F01-S20260927,d65f8f5184d943417a4896f0ae87b47606c0ece1ba004892a72656bfd313bf60
489cceb356998977427e2d55bf018cd4c01050bf080304dbb1fc95703aab7419,MITDB_P118,118,560000000,1,20260927,MODEL_V2_TCN_MEANMAX,MODEL_V2_OPTIMIZER_CORRECTED_V1,1,7.172616004943848,0.9992332458496094,18,V2-006-OPT-CORR-F01-S20260927,d65f8f5184d943417a4896f0ae87b47606c0ece1ba004892a72656bfd313bf60
48b9e1c1ab9ab996a74c3e2336e17ac8f816f215a7ef55579f1b1a85229d021c,MITDB_P210,210,115000000,1,20260927,MODEL_V2_TCN_MEANMAX,MODEL_V2_OPTIMIZER_CORRECTED_V1,0,0.5616962909698486,0.6368449330329895,18,V2-006-OPT-CORR-F01-S20260927,d65f8f5184d943417a4896f0ae87b47606c0ece1ba004892a72656bfd313bf60
48cc8d919705d3685ed70f32eb1459ea4b0e298ea8baa78273b5018ded00a85f,MITDB_P122,122,1680000000,1,20260927,MODEL_V2_TCN_MEANMAX,MODEL_V2_OPTIMIZER_CORRECTED_V1,0,-6.660284519195557,0.0012791436165571213,18,V2-006-OPT-CORR-F01-S20260927,d65f8f5184d943417a4896f0ae87b47606c0ece1ba004892a72656bfd313bf60
48d23192954a3fc5aedbd0922517ab7297232116afe59b719a650bc9cb56a71d,MITDB_P101,101,1045000000,1,20260927,MODEL_V2_TCN_MEANMAX,MODEL_V2_OPTIMIZER_CORRECTED_V1,0,-6.376110076904297,0.0016988387797027826,18,V2-006-OPT-CORR-F01-S20260927,d65f8f5184d943417a4896f0ae87b47606c0ece1ba004892a72656bfd313bf60
48de8b4b333c590457720efd549687f97653f6b5db6fd9953efc1653cddccf8e,MITDB_P210,210,1725000000,1,20260927,MODEL_V2_TCN_MEANMAX,MODEL_V2_OPTIMIZER_CORRECTED_V1,0,-1.1810460090637207,0.23486417531967163,18,V2-006-OPT-CORR-F01-S20260927,d65f8f5184d943417a4896f0ae87b47606c0ece1ba004892a72656bfd313bf60
48e9486fbd6fa7a429b094e83ef22a694d5c1b7cd029ee23ed2622b07808d41f,MITDB_P101,101,1525000000,1,20260927,MODEL_V2_TCN_MEANMAX,MODEL_V2_OPTIMIZER_CORRECTED_V1,0,-6.382833957672119,0.0016874733846634626,18,V2-006-OPT-CORR-F01-S20260927,d65f8f5184d943417a4896f0ae87b47606c0ece1ba004892a72656bfd313bf60
4905328a895349204830fb0e6cf75f6015950a5a0a5b5b1aae723e9d4d4060ce,MITDB_P119,119,1660000000,1,20260927,MODEL_V2_TCN_MEANMAX,MODEL_V2_OPTIMIZER_CORRECTED_V1,1,19.659435272216797,1.0,18,V2-006-OPT-CORR-F01-S20260927,d65f8f5184d943417a4896f0ae87b47606c0ece1ba004892a72656bfd313bf60
491f16674e00740d47803aaf73c13062c2dfa90d851a4f3d6404293b61ff3a1f,MITDB_P210,210,1075000000,1,20260927,MODEL_V2_TCN_MEANMAX,MODEL_V2_OPTIMIZER_CORRECTED_V1,0,-2.777456521987915,0.05855460837483406,18,V2-006-OPT-CORR-F01-S20260927,d65f8f5184d943417a4896f0ae87b47606c0ece1ba004892a72656bfd313bf60
49633b193ae8f72731144d260dcf11f5c00b0e3b01d8e394f0302a4ecee8516b,MITDB_P122,122,785000000,1,20260927,MODEL_V2_TCN_MEANMAX,MODEL_V2_OPTIMIZER_CORRECTED_V1,0,-8.466326713562012,0.00021039220155216753,18,V2-006-OPT-CORR-F01-S20260927,d65f8f5184d943417a4896f0ae87b47606c0ece1ba004892a72656bfd313bf60
49797465c310c50f99fb40da2dc32692ad57d557f0405f6f6427c4460ae91980,MITDB_P210,210,1080000000,1,20260927,MODEL_V2_TCN_MEANMAX,MODEL_V2_OPTIMIZER_CORRECTED_V1,1,4.10280179977417,0.983742356300354,18,V2-006-OPT-CORR-F01-S20260927,d65f8f5184d943417a4896f0ae87b47606c0ece1ba004892a72656bfd313bf60
499f24294695d8bde0698cab9ed9e03e29192e3d344c79d8e55a221131f5c74b,MITDB_P119,119,715000000,1,20260927,MODEL_V2_TCN_MEANMAX,MODEL_V2_OPTIMIZER_CORRECTED_V1,1,17.019357681274414,1.0,18,V2-006-OPT-CORR-F01-S20260927,d65f8f5184d943417a4896f0ae87b47606c0ece1ba004892a72656bfd313bf60
49c268f6f41a7d19045cbd08b4bc225377f77c5af20577625073aa88de0cce1b,MITDB_P118,118,285000000,1,20260927,MODEL_V2_TCN_MEANMAX,MODEL_V2_OPTIMIZER_CORRECTED_V1,1,5.530887603759766,0.9960530996322632,18,V2-006-OPT-CORR-F01-S20260927,d65f8f5184d943417a4896f0ae87b47606c0ece1ba004892a72656bfd313bf60
49f0ae7ff42eed140dec0aeca70fc388670abd73a574f61fdea3047afa9af4c8,MITDB_P119,119,920000000,1,20260927,MODEL_V2_TCN_MEANMAX,MODEL_V2_OPTIMIZER_CORRECTED_V1,1,17.700824737548828,1.0,18,V2-006-OPT-CORR-F01-S20260927,d65f8f5184d943417a4896f0ae87b47606c0ece1ba004892a72656bfd313bf60
49f4c847c7ee0865747b132fccb83e486fa056a14b7847ed286480ef0fd368b1,MITDB_P210,210,1100000000,1,20260927,MODEL_V2_TCN_MEANMAX,MODEL_V2_OPTIMIZER_CORRECTED_V1,1,10.589189529418945,0.9999748468399048,18,V2-006-OPT-CORR-F01-S20260927,d65f8f5184d943417a4896f0ae87b47606c0ece1ba004892a72656bfd313bf60
49f5c2229f93db803bee4e666d668bc327003145f68658d8198b2b1d7262e475,MITDB_P210,210,1670000000,1,20260927,MODEL_V2_TCN_MEANMAX,MODEL_V2_OPTIMIZER_CORRECTED_V1,1,11.75831413269043,0.9999921321868896,18,V2-006-OPT-CORR-F01-S20260927,d65f8f5184d943417a4896f0ae87b47606c0ece1ba004892a72656bfd313bf60
4a0d404ad709032f75dc45397c118cfad86ec484f13a26ee298cda2e575191c5,MITDB_P122,122,1350000000,1,20260927,MODEL_V2_TCN_MEANMAX,MODEL_V2_OPTIMIZER_CORRECTED_V1,0,-6.106823921203613,0.002222663490101695,18,V2-006-OPT-CORR-F01-S20260927,d65f8f5184d943417a4896f0ae87b47606c0ece1ba004892a72656bfd313bf60
4a0e79e9064b923a7a94760eba817c9166f3c211c76eaaed64c95c09172cf223,MITDB_P118,118,815000000,1,20260927,MODEL_V2_TCN_MEANMAX,MODEL_V2_OPTIMIZER_CORRECTED_V1,1,2.7455687522888184,0.9396626353263855,18,V2-006-OPT-CORR-F01-S20260927,d65f8f5184d943417a4896f0ae87b47606c0ece1ba004892a72656bfd313bf60
4a2ed49dabe88d9e07ba20e768758d475833b144a572122f09503944e29d1a9a,MITDB_P119,119,1690000000,1,20260927,MODEL_V2_TCN_MEANMAX,MODEL_V2_OPTIMIZER_CORRECTED_V1,1,17.313640594482422,1.0,18,V2-006-OPT-CORR-F01-S20260927,d65f8f5184d943417a4896f0ae87b47606c0ece1ba004892a72656bfd313bf60
4a5b2ae6138cdf8d95f230178bb8eff252af74545479e721c0f5a854cdc3dcd3,MITDB_P118,118,1510000000,1,20260927,MODEL_V2_TCN_MEANMAX,MODEL_V2_OPTIMIZER_CORRECTED_V1,0,0.9901000261306763,0.7291076183319092,18,V2-006-OPT-CORR-F01-S20260927,d65f8f5184d943417a4896f0ae87b47606c0ece1ba004892a72656bfd313bf60
4a7cce7d4994aba8b5d25397b4fb0678f6b5343f5c84c0a84588974b160bccdf,MITDB_P118,118,1625000000,1,20260927,MODEL_V2_TCN_MEANMAX,MODEL_V2_OPTIMIZER_CORRECTED_V1,1,3.7689201831817627,0.977443516254425,18,V2-006-OPT-CORR-F01-S20260927,d65f8f5184d943417a4896f0ae87b47606c0ece1ba004892a72656bfd313bf60
4a8b56f12e17713d983affa32c717f633f1865db6cfeb3c2e98d0164025e0cd4,MITDB_P119,119,1505000000,1,20260927,MODEL_V2_TCN_MEANMAX,MODEL_V2_OPTIMIZER_CORRECTED_V1,1,19.911285400390625,1.0,18,V2-006-OPT-CORR-F01-S20260927,d65f8f5184d943417a4896f0ae87b47606c0ece1ba004892a72656bfd313bf60
4a9abfa791a10daf9307ce276a99bae708632ebed24564e6057a79ddc28bc9d3,MITDB_P118,118,1370000000,1,20260927,MODEL_V2_TCN_MEANMAX,MODEL_V2_OPTIMIZER_CORRECTED_V1,1,5.0603485107421875,0.9936966300010681,18,V2-006-OPT-CORR-F01-S20260927,d65f8f5184d943417a4896f0ae87b47606c0ece1ba004892a72656bfd313bf60
4a9fa27e141d6ab7b0fdb3824b8ae30051d944532c9927b0f56e7f7e9748a69f,MITDB_P207,207,395000000,1,20260927,MODEL_V2_TCN_MEANMAX,MODEL_V2_OPTIMIZER_CORRECTED_V1,0,10.177190780639648,0.9999619722366333,18,V2-006-OPT-CORR-F01-S20260927,d65f8f5184d943417a4896f0ae87b47606c0ece1ba004892a72656bfd313bf60
4aa59013d39d3db175941c76cb6cf443d29dbb4992938a5c71cf924fea88e884,MITDB_P118,118,1310000000,1,20260927,MODEL_V2_TCN_MEANMAX,MODEL_V2_OPTIMIZER_CORRECTED_V1,0,3.3641281127929688,0.9665644764900208,18,V2-006-OPT-CORR-F01-S20260927,d65f8f5184d943417a4896f0ae87b47606c0ece1ba004892a72656bfd313bf60
4aad4603235a40b6f23a9068ff3072b5af9805bf0e83cf074cbb31db33098ae3,MITDB_P118,118,305000000,1,20260927,MODEL_V2_TCN_MEANMAX,MODEL_V2_OPTIMIZER_CORRECTED_V1,0,4.09208345413208,0.9835700392723083,18,V2-006-OPT-CORR-F01-S20260927,d65f8f5184d943417a4896f0ae87b47606c0ece1ba004892a72656bfd313bf60
4addb3dea0662f35bf54fdbcbccd999ad6e622087337e6114dfe3d15220bd203,MITDB_P210,210,600000000,1,20260927,MODEL_V2_TCN_MEANMAX,MODEL_V2_OPTIMIZER_CORRECTED_V1,0,1.5015208721160889,0.8178011775016785,18,V2-006-OPT-CORR-F01-S20260927,d65f8f5184d943417a4896f0ae87b47606c0ece1ba004892a72656bfd313bf60
4af676c19e53932702a82d737df82231c1d6f1ae23f87b04a5b84ac8e025c59a,MITDB_P101,101,335000000,1,20260927,MODEL_V2_TCN_MEANMAX,MODEL_V2_OPTIMIZER_CORRECTED_V1,0,-5.861141204833984,0.0028399035800248384,18,V2-006-OPT-CORR-F01-S20260927,d65f8f5184d943417a4896f0ae87b47606c0ece1ba004892a72656bfd313bf60
4b2b306675329a113825999f6cdae0676e538639ac4aa9e6604be102e8f4a4e7,MITDB_P119,119,435000000,1,20260927,MODEL_V2_TCN_MEANMAX,MODEL_V2_OPTIMIZER_CORRECTED_V1,1,18.216625213623047,1.0,18,V2-006-OPT-CORR-F01-S20260927,d65f8f5184d943417a4896f0ae87b47606c0ece1ba004892a72656bfd313bf60
4b4264fe6528576b711aefacd584cdc0c792d121f4e3415b08cee8fe8940f56d,MITDB_P119,119,1785000000,1,20260927,MODEL_V2_TCN_MEANMAX,MODEL_V2_OPTIMIZER_CORRECTED_V1,1,20.185882568359375,1.0,18,V2-006-OPT-CORR-F01-S20260927,d65f8f5184d943417a4896f0ae87b47606c0ece1ba004892a72656bfd313bf60
4b87bf8bd89546a61f595bb6d2ada8deb03a024f5e3081468f3f1b7ff191af51,MITDB_P119,119,310000000,1,20260927,MODEL_V2_TCN_MEANMAX,MODEL_V2_OPTIMIZER_CORRECTED_V1,1,14.305020332336426,0.9999994039535522,18,V2-006-OPT-CORR-F01-S20260927,d65f8f5184d943417a4896f0ae87b47606c0ece1ba004892a72656bfd313bf60
4bc24aadafeddfd25ea9f10b8d592baf4a751da33c42be885e1bae0415731a95,MITDB_P101,101,740000000,1,20260927,MODEL_V2_TCN_MEANMAX,MODEL_V2_OPTIMIZER_CORRECTED_V1,0,-6.197461128234863,0.0020304585341364145,18,V2-006-OPT-CORR-F01-S20260927,d65f8f5184d943417a4896f0ae87b47606c0ece1ba004892a72656bfd313bf60
4bd920cc8aa24288f9a69c55a0db1bf9f644ad0eeb82e8e411a01d2cc68055c5,MITDB_P119,119,1545000000,1,20260927,MODEL_V2_TCN_MEANMAX,MODEL_V2_OPTIMIZER_CORRECTED_V1,1,16.64236068725586,1.0,18,V2-006-OPT-CORR-F01-S20260927,d65f8f5184d943417a4896f0ae87b47606c0ece1ba004892a72656bfd313bf60
4bdfaba4bdc6ce31ce0c6f6ddce535da2b1ae14ab9b627792e8929c2cb506ec8,MITDB_P119,119,1070000000,1,20260927,MODEL_V2_TCN_MEANMAX,MODEL_V2_OPTIMIZER_CORRECTED_V1,1,17.206655502319336,1.0,18,V2-006-OPT-CORR-F01-S20260927,d65f8f5184d943417a4896f0ae87b47606c0ece1ba004892a72656bfd313bf60
4c032fc1a3c0cdbdda86a1e3e550a19c590ec2996b32b04752f121eed54bf31f,MITDB_P101,101,290000000,1,20260927,MODEL_V2_TCN_MEANMAX,MODEL_V2_OPTIMIZER_CORRECTED_V1,0,-6.700591087341309,0.0012286730343475938,18,V2-006-OPT-CORR-F01-S20260927,d65f8f5184d943417a4896f0ae87b47606c0ece1ba004892a72656bfd313bf60
4c0a941dca66a20e4e8862c14b3ecfc95c45c02dc22d78be0a0df15404d10a9b,MITDB_P118,118,980000000,1,20260927,MODEL_V2_TCN_MEANMAX,MODEL_V2_OPTIMIZER_CORRECTED_V1,1,6.363309860229492,0.998279333114624,18,V2-006-OPT-CORR-F01-S20260927,d65f8f5184d943417a4896f0ae87b47606c0ece1ba004892a72656bfd313bf60
4c1635b439e7a7a2858deb41547f84e1f17d4dbe36cb97afb7074ac3310a5c3e,MITDB_P210,210,1375000000,1,20260927,MODEL_V2_TCN_MEANMAX,MODEL_V2_OPTIMIZER_CORRECTED_V1,1,3.9989137649536133,0.9819945693016052,18,V2-006-OPT-CORR-F01-S20260927,d65f8f5184d943417a4896f0ae87b47606c0ece1ba004892a72656bfd313bf60
4c659d05c7a1cecdf747e53ca8628aa2d6cb1d1488d5f83d50158f9ec37153bd,MITDB_P207,207,125000000,1,20260927,MODEL_V2_TCN_MEANMAX,MODEL_V2_OPTIMIZER_CORRECTED_V1,0,8.507966995239258,0.9997982382774353,18,V2-006-OPT-CORR-F01-S20260927,d65f8f5184d943417a4896f0ae87b47606c0ece1ba004892a72656bfd313bf60
4c96c2c0c9441d88ce2af2605f2e1318b6cf1c5b95d955cee72bd2c357a000d1,MITDB_P101,101,1055000000,1,20260927,MODEL_V2_TCN_MEANMAX,MODEL_V2_OPTIMIZER_CORRECTED_V1,0,-6.7288713455200195,0.001194453565403819,18,V2-006-OPT-CORR-F01-S20260927,d65f8f5184d943417a4896f0ae87b47606c0ece1ba004892a72656bfd313bf60
4cf610b3bc617f564dd3c358b1e2ed3582a912f91a3db264163d5b83b94f2051,MITDB_P207,207,145000000,1,20260927,MODEL_V2_TCN_MEANMAX,MODEL_V2_OPTIMIZER_CORRECTED_V1,1,16.39020538330078,0.9999998807907104,18,V2-006-OPT-CORR-F01-S20260927,d65f8f5184d943417a4896f0ae87b47606c0ece1ba004892a72656bfd313bf60
4d1afe43b0bc08abb548613bdef4970a9819850b07b97970f8fbf46afc2865ac,MITDB_P101,101,735000000,1,20260927,MODEL_V2_TCN_MEANMAX,MODEL_V2_OPTIMIZER_CORRECTED_V1,0,-6.230597496032715,0.001964408904314041,18,V2-006-OPT-CORR-F01-S20260927,d65f8f5184d943417a4896f0ae87b47606c0ece1ba004892a72656bfd313bf60
4d2d405ec758888077d65732deed19bf9fc7364f4612413e22e4d2647263708e,MITDB_P118,118,135000000,1,20260927,MODEL_V2_TCN_MEANMAX,MODEL_V2_OPTIMIZER_CORRECTED_V1,0,5.455497741699219,0.9957454800605774,18,V2-006-OPT-CORR-F01-S20260927,d65f8f5184d943417a4896f0ae87b47606c0ece1ba004892a72656bfd313bf60
4d59ac93c1d86fe763b9c689cdf8c1dabff6c35ee18b846c503577187353c38d,MITDB_P210,210,1105000000,1,20260927,MODEL_V2_TCN_MEANMAX,MODEL_V2_OPTIMIZER_CORRECTED_V1,1,7.797091484069824,0.9995892643928528,18,V2-006-OPT-CORR-F01-S20260927,d65f8f5184d943417a4896f0ae87b47606c0ece1ba004892a72656bfd313bf60
4d70a9754f457177f783fb5b482a62ac53ed0bce8b9fd30ba1fa2a1ae7db8454,MITDB_P207,207,990000000,1,20260927,MODEL_V2_TCN_MEANMAX,MODEL_V2_OPTIMIZER_CORRECTED_V1,0,7.68614387512207,0.9995410442352295,18,V2-006-OPT-CORR-F01-S20260927,d65f8f5184d943417a4896f0ae87b47606c0ece1ba004892a72656bfd313bf60
4da14374fc985ba25afb7de4ad9314a525a2c70b6e0460303c14c8ae761d1c2f,MITDB_P101,101,1010000000,1,20260927,MODEL_V2_TCN_MEANMAX,MODEL_V2_OPTIMIZER_CORRECTED_V1,0,-7.105266571044922,0.0008200977463275194,18,V2-006-OPT-CORR-F01-S20260927,d65f8f5184d943417a4896f0ae87b47606c0ece1ba004892a72656bfd313bf60
4da80528f04df82debfda3f7a1ec0800fa5b4e890d8af4a347b1e79b8f12a07e,MITDB_P122,122,590000000,1,20260927,MODEL_V2_TCN_MEANMAX,MODEL_V2_OPTIMIZER_CORRECTED_V1,0,-8.793407440185547,0.00015170704864431173,18,V2-006-OPT-CORR-F01-S20260927,d65f8f5184d943417a4896f0ae87b47606c0ece1ba004892a72656bfd313bf60
4dc068d60350b806af034f989095cec0058455e3db4c424a2269fe24fabbfd1a,MITDB_P118,118,1735000000,1,20260927,MODEL_V2_TCN_MEANMAX,MODEL_V2_OPTIMIZER_CORRECTED_V1,1,2.943711996078491,0.9499654173851013,18,V2-006-OPT-CORR-F01-S20260927,d65f8f5184d943417a4896f0ae87b47606c0ece1ba004892a72656bfd313bf60
4dd8bcb9ac348a51eac57615119718e83f09604fbf228c67a92bd358a8779c89,MITDB_P122,122,560000000,1,20260927,MODEL_V2_TCN_MEANMAX,MODEL_V2_OPTIMIZER_CORRECTED_V1,0,-8.870040893554688,0.00014051709149498492,18,V2-006-OPT-CORR-F01-S20260927,d65f8f5184d943417a4896f0ae87b47606c0ece1ba004892a72656bfd313bf60
4e1c9e8066fa20af755a47c6ad5e9eb0eb7e29dec2bf9b11f24bd795c7809c31,MITDB_P122,122,820000000,1,20260927,MODEL_V2_TCN_MEANMAX,MODEL_V2_OPTIMIZER_CORRECTED_V1,0,-8.220623970031738,0.0002689747780095786,18,V2-006-OPT-CORR-F01-S20260927,d65f8f5184d943417a4896f0ae87b47606c0ece1ba004892a72656bfd313bf60
4e321e06d1b341855c02cc5026a8bba1b5418618549881c0cbf44a5e5e291f70,MITDB_P101,101,1550000000,1,20260927,MODEL_V2_TCN_MEANMAX,MODEL_V2_OPTIMIZER_CORRECTED_V1,0,-6.375625133514404,0.0016996613703668118,18,V2-006-OPT-CORR-F01-S20260927,d65f8f5184d943417a4896f0ae87b47606c0ece1ba004892a72656bfd313bf60
4e64ea2bfac1d97601d7416edfdf0afcd3df00fac5198e6c6a9c409bf9026cbf,MITDB_P210,210,1415000000,1,20260927,MODEL_V2_TCN_MEANMAX,MODEL_V2_OPTIMIZER_CORRECTED_V1,1,4.4000139236450195,0.9878717660903931,18,V2-006-OPT-CORR-F01-S20260927,d65f8f5184d943417a4896f0ae87b47606c0ece1ba004892a72656bfd313bf60
4e6b51cdcfa538917712839cd4eeddb548205c19fc194d4e5bc1920022a9003e,MITDB_P122,122,30000000,1,20260927,MODEL_V2_TCN_MEANMAX,MODEL_V2_OPTIMIZER_CORRECTED_V1,0,-6.790413856506348,0.0011232402175664902,18,V2-006-OPT-CORR-F01-S20260927,d65f8f5184d943417a4896f0ae87b47606c0ece1ba004892a72656bfd313bf60
4e9d90d7cc07a14ffc3575c05ba5f0ffbbfc55aec481e56a8bf7132a99a9ffe7,MITDB_P210,210,530000000,1,20260927,MODEL_V2_TCN_MEANMAX,MODEL_V2_OPTIMIZER_CORRECTED_V1,0,0.4797212779521942,0.6176820397377014,18,V2-006-OPT-CORR-F01-S20260927,d65f8f5184d943417a4896f0ae87b47606c0ece1ba004892a72656bfd313bf60
4ea568427ef0962cc472e9857d1a3968a2e8bd7de8613d4d8729bc2164ce36aa,MITDB_P119,119,1300000000,1,20260927,MODEL_V2_TCN_MEANMAX,MODEL_V2_OPTIMIZER_CORRECTED_V1,1,17.83218765258789,1.0,18,V2-006-OPT-CORR-F01-S20260927,d65f8f5184d943417a4896f0ae87b47606c0ece1ba004892a72656bfd313bf60
4f00779684f778f391f5464b0c79e5feb7cf7183ac5d4cce7afd09b3863a63f8,MITDB_P122,122,305000000,1,20260927,MODEL_V2_TCN_MEANMAX,MODEL_V2_OPTIMIZER_CORRECTED_V1,0,-10.048738479614258,4.323839311837219e-05,18,V2-006-OPT-CORR-F01-S20260927,d65f8f5184d943417a4896f0ae87b47606c0ece1ba004892a72656bfd313bf60
4f03fb6e1ffa48ab5ea65aea57f3003c95747c03c3bf20a48879a713c4d4e7df,MITDB_P122,122,300000000,1,20260927,MODEL_V2_TCN_MEANMAX,MODEL_V2_OPTIMIZER_CORRECTED_V1,0,-9.70971393585205,6.0687387303914875e-05,18,V2-006-OPT-CORR-F01-S20260927,d65f8f5184d943417a4896f0ae87b47606c0ece1ba004892a72656bfd313bf60
4f08801b0fbd4aa4d39159e86bc24b882efa6bf67e6fac2cced78c8db772214a,MITDB_P122,122,1145000000,1,20260927,MODEL_V2_TCN_MEANMAX,MODEL_V2_OPTIMIZER_CORRECTED_V1,0,-7.751360893249512,0.0004299718129914254,18,V2-006-OPT-CORR-F01-S20260927,d65f8f5184d943417a4896f0ae87b47606c0ece1ba004892a72656bfd313bf60
4fbd4df20e3b81505788b6525531fb68ca8ba25dea2310cb4e06a0e09dd8b210,MITDB_P101,101,1605000000,1,20260927,MODEL_V2_TCN_MEANMAX,MODEL_V2_OPTIMIZER_CORRECTED_V1,0,-6.6427202224731445,0.001301779760979116,18,V2-006-OPT-CORR-F01-S20260927,d65f8f5184d943417a4896f0ae87b47606c0ece1ba004892a72656bfd313bf60
4fffa2cd6e26789752885dd761c46fdea122ae58effa7416ccce73baaafe691f,MITDB_P122,122,1570000000,1,20260927,MODEL_V2_TCN_MEANMAX,MODEL_V2_OPTIMIZER_CORRECTED_V1,0,-8.75202465057373,0.00015811581397429109,18,V2-006-OPT-CORR-F01-S20260927,d65f8f5184d943417a4896f0ae87b47606c0ece1ba004892a72656bfd313bf60
5016a4a6fb05af1d574e1ed7b4501577f43f52bf2b8524800b12f75e10fbcb2b,MITDB_P118,118,775000000,1,20260927,MODEL_V2_TCN_MEANMAX,MODEL_V2_OPTIMIZER_CORRECTED_V1,1,8.888618469238281,0.9998620748519897,18,V2-006-OPT-CORR-F01-S20260927,d65f8f5184d943417a4896f0ae87b47606c0ece1ba004892a72656bfd313bf60
501d4771ec39829f6ff30e2e5d318396aef835fadec058093d66c8cd09f08d29,MITDB_P122,122,755000000,1,20260927,MODEL_V2_TCN_MEANMAX,MODEL_V2_OPTIMIZER_CORRECTED_V1,0,-8.545989990234375,0.00019428502127993852,18,V2-006-OPT-CORR-F01-S20260927,d65f8f5184d943417a4896f0ae87b47606c0ece1ba004892a72656bfd313bf60
505612ed03180fa35a17169311d3c48ea6c565ff7fa5217899bee32ca906101e,MITDB_P122,122,1675000000,1,20260927,MODEL_V2_TCN_MEANMAX,MODEL_V2_OPTIMIZER_CORRECTED_V1,0,-6.6269755363464355,0.0013224108843132854,18,V2-006-OPT-CORR-F01-S20260927,d65f8f5184d943417a4896f0ae87b47606c0ece1ba004892a72656bfd313bf60
505ca89144f05f64fade28beed0ced596efa2e939681e3e79b7f7bda2a78500b,MITDB_P210,210,1400000000,1,20260927,MODEL_V2_TCN_MEANMAX,MODEL_V2_OPTIMIZER_CORRECTED_V1,0,-0.7411074638366699,0.32276201248168945,18,V2-006-OPT-CORR-F01-S20260927,d65f8f5184d943417a4896f0ae87b47606c0ece1ba004892a72656bfd313bf60
50706b8cee8e362343230e3035fde51a2966ee9744aae1bf172f2f4ff2220c93,MITDB_P210,210,385000000,1,20260927,MODEL_V2_TCN_MEANMAX,MODEL_V2_OPTIMIZER_CORRECTED_V1,0,-0.9330627918243408,0.28230375051498413,18,V2-006-OPT-CORR-F01-S20260927,d65f8f5184d943417a4896f0ae87b47606c0ece1ba004892a72656bfd313bf60
5073d634e5920f456f65900b6004b37880fffb71cc3febd945593a53cec66bfa,MITDB_P207,207,1495000000,1,20260927,MODEL_V2_TCN_MEANMAX,MODEL_V2_OPTIMIZER_CORRECTED_V1,0,6.055003643035889,0.99765944480896,18,V2-006-OPT-CORR-F01-S20260927,d65f8f5184d943417a4896f0ae87b47606c0ece1ba004892a72656bfd313bf60
50baba6fb35158c87ff31ed4240f114cd9f14a602cef4c81c3d65847543eec2b,MITDB_P122,122,1695000000,1,20260927,MODEL_V2_TCN_MEANMAX,MODEL_V2_OPTIMIZER_CORRECTED_V1,0,-7.783304214477539,0.0004164597485214472,18,V2-006-OPT-CORR-F01-S20260927,d65f8f5184d943417a4896f0ae87b47606c0ece1ba004892a72656bfd313bf60
50ca7857b6eb63f701f208f86fad7638536234eab8f1d5c7fade308f128f49be,MITDB_P101,101,1120000000,1,20260927,MODEL_V2_TCN_MEANMAX,MODEL_V2_OPTIMIZER_CORRECTED_V1,0,-6.783651828765869,0.0011308527318760753,18,V2-006-OPT-CORR-F01-S20260927,d65f8f5184d943417a4896f0ae87b47606c0ece1ba004892a72656bfd313bf60
50f5540da0ba81ef3159cad354b7157417ecaf9bdc55504367b47765ca8570bc,MITDB_P101,101,1145000000,1,20260927,MODEL_V2_TCN_MEANMAX,MODEL_V2_OPTIMIZER_CORRECTED_V1,0,-6.189303874969482,0.0020470551680773497,18,V2-006-OPT-CORR-F01-S20260927,d65f8f5184d943417a4896f0ae87b47606c0ece1ba004892a72656bfd313bf60
513d4a0400118f46cb4882fbf2f48367087a75e65fc71fb117e706cca11c7154,MITDB_P207,207,10000000,1,20260927,MODEL_V2_TCN_MEANMAX,MODEL_V2_OPTIMIZER_CORRECTED_V1,1,12.747356414794922,0.9999971389770508,18,V2-006-OPT-CORR-F01-S20260927,d65f8f5184d943417a4896f0ae87b47606c0ece1ba004892a72656bfd313bf60
5172b59074bb26cd1ed6adeed6cb78443e8a7a3f6eb22931ec8d14c78955fcb2,MITDB_P101,101,680000000,1,20260927,MODEL_V2_TCN_MEANMAX,MODEL_V2_OPTIMIZER_CORRECTED_V1,0,-5.713273048400879,0.0032909815199673176,18,V2-006-OPT-CORR-F01-S20260927,d65f8f5184d943417a4896f0ae87b47606c0ece1ba004892a72656bfd313bf60
518e6e4afaa6b2fe23db7e3c0003bf137aea2188e2230bb6983a43a2614ac327,MITDB_P101,101,1185000000,1,20260927,MODEL_V2_TCN_MEANMAX,MODEL_V2_OPTIMIZER_CORRECTED_V1,0,-6.937947750091553,0.0009693183237686753,18,V2-006-OPT-CORR-F01-S20260927,d65f8f5184d943417a4896f0ae87b47606c0ece1ba004892a72656bfd313bf60
5199fd7248fc0b69d5b185f34884951776bca6517bc0d768bb52532e102718c0,MITDB_P207,207,30000000,1,20260927,MODEL_V2_TCN_MEANMAX,MODEL_V2_OPTIMIZER_CORRECTED_V1,1,10.215066909790039,0.9999634027481079,18,V2-006-OPT-CORR-F01-S20260927,d65f8f5184d943417a4896f0ae87b47606c0ece1ba004892a72656bfd313bf60
519b82931eec1d2ab06de2a63ae4aedef98f0ea241b64191a6080c08b067513c,MITDB_P118,118,180000000,1,20260927,MODEL_V2_TCN_MEANMAX,MODEL_V2_OPTIMIZER_CORRECTED_V1,0,4.688166618347168,0.9908803701400757,18,V2-006-OPT-CORR-F01-S20260927,d65f8f5184d943417a4896f0ae87b47606c0ece1ba004892a72656bfd313bf60
51a1bdf3c7ef440632423305931eed18540caae1d6e5da8363108da1b6ef4154,MITDB_P119,119,140000000,1,20260927,MODEL_V2_TCN_MEANMAX,MODEL_V2_OPTIMIZER_CORRECTED_V1,1,15.278350830078125,0.9999997615814209,18,V2-006-OPT-CORR-F01-S20260927,d65f8f5184d943417a4896f0ae87b47606c0ece1ba004892a72656bfd313bf60
51c358e1e6da9e7c037d63ee42fd9fd3b85d50259f7642037c4032add101b6bd,MITDB_P101,101,720000000,1,20260927,MODEL_V2_TCN_MEANMAX,MODEL_V2_OPTIMIZER_CORRECTED_V1,0,-4.643540382385254,0.009531836025416851,18,V2-006-OPT-CORR-F01-S20260927,d65f8f5184d943417a4896f0ae87b47606c0ece1ba004892a72656bfd313bf60
522e3f774a9a74e8c6436b4dbee9a7603edda57cac3fdc38debb40548519c497,MITDB_P119,119,540000000,1,20260927,MODEL_V2_TCN_MEANMAX,MODEL_V2_OPTIMIZER_CORRECTED_V1,0,-6.979617118835449,0.0009297941578552127,18,V2-006-OPT-CORR-F01-S20260927,d65f8f5184d943417a4896f0ae87b47606c0ece1ba004892a72656bfd313bf60
52685123233a98a86cd25211b338fff10f60d97c301649feaa92a674c08e9f33,MITDB_P118,118,585000000,1,20260927,MODEL_V2_TCN_MEANMAX,MODEL_V2_OPTIMIZER_CORRECTED_V1,0,7.230278491973877,0.9992762207984924,18,V2-006-OPT-CORR-F01-S20260927,d65f8f5184d943417a4896f0ae87b47606c0ece1ba004892a72656bfd313bf60
5270758025db7e0ef2f6d2b2c60cf5090e8b8dbf48da8bd0fcf14396e22d7e91,MITDB_P118,118,850000000,1,20260927,MODEL_V2_TCN_MEANMAX,MODEL_V2_OPTIMIZER_CORRECTED_V1,1,6.124281406402588,0.997815728187561,18,V2-006-OPT-CORR-F01-S20260927,d65f8f5184d943417a4896f0ae87b47606c0ece1ba004892a72656bfd313bf60
529509846804a163f3668d0099b8134d977174dd87e20fb6deb4b59276c9f8a9,MITDB_P122,122,1420000000,1,20260927,MODEL_V2_TCN_MEANMAX,MODEL_V2_OPTIMIZER_CORRECTED_V1,0,-7.098682403564453,0.0008255107677541673,18,V2-006-OPT-CORR-F01-S20260927,d65f8f5184d943417a4896f0ae87b47606c0ece1ba004892a72656bfd313bf60
5297ef261eec92cf219cb127068723a8ea338aedce3c54686729a97b9d4d8458,MITDB_P101,101,900000000,1,20260927,MODEL_V2_TCN_MEANMAX,MODEL_V2_OPTIMIZER_CORRECTED_V1,0,-5.678540229797363,0.003406898584216833,18,V2-006-OPT-CORR-F01-S20260927,d65f8f5184d943417a4896f0ae87b47606c0ece1ba004892a72656bfd313bf60
529d7ad9ca72c25cfa1f5db21b3fdeae070b035c38f5f58bd80d71e13ef6f927,MITDB_P119,119,1585000000,1,20260927,MODEL_V2_TCN_MEANMAX,MODEL_V2_OPTIMIZER_CORRECTED_V1,1,16.443798065185547,0.9999998807907104,18,V2-006-OPT-CORR-F01-S20260927,d65f8f5184d943417a4896f0ae87b47606c0ece1ba004892a72656bfd313bf60
52b52229cbe6a4e77fa7c8fc716a159483e9c4e4aee9834ac2605b6cb40acac1,MITDB_P119,119,840000000,1,20260927,MODEL_V2_TCN_MEANMAX,MODEL_V2_OPTIMIZER_CORRECTED_V1,1,13.510557174682617,0.9999986886978149,18,V2-006-OPT-CORR-F01-S20260927,d65f8f5184d943417a4896f0ae87b47606c0ece1ba004892a72656bfd313bf60
52e8da69834dea688d877677cc3ebc068681256b330dfa4adfbbbd35c93c2b79,MITDB_P101,101,1060000000,1,20260927,MODEL_V2_TCN_MEANMAX,MODEL_V2_OPTIMIZER_CORRECTED_V1,0,-6.677649974822998,0.0012571500847116113,18,V2-006-OPT-CORR-F01-S20260927,d65f8f5184d943417a4896f0ae87b47606c0ece1ba004892a72656bfd313bf60
5320048de6ba7f58cd38c0aaf97a1946d4f81e841e9d7f619a18cc1dc0acaf09,MITDB_P119,119,450000000,1,20260927,MODEL_V2_TCN_MEANMAX,MODEL_V2_OPTIMIZER_CORRECTED_V1,1,14.514745712280273,0.9999995231628418,18,V2-006-OPT-CORR-F01-S20260927,d65f8f5184d943417a4896f0ae87b47606c0ece1ba004892a72656bfd313bf60
53270d0c9af4f8bd5b93bfdfa92f28c21ab94baa8c42fe50624516c241a3e64f,MITDB_P207,207,995000000,1,20260927,MODEL_V2_TCN_MEANMAX,MODEL_V2_OPTIMIZER_CORRECTED_V1,0,7.485278129577637,0.9994390606880188,18,V2-006-OPT-CORR-F01-S20260927,d65f8f5184d943417a4896f0ae87b47606c0ece1ba004892a72656bfd313bf60
534d74dc815ddd19f5c59340a21767a6379d57ae630a2610d44ba2a4e0b24289,MITDB_P207,207,1240000000,1,20260927,MODEL_V2_TCN_MEANMAX,MODEL_V2_OPTIMIZER_CORRECTED_V1,0,5.715531349182129,0.9967164397239685,18,V2-006-OPT-CORR-F01-S20260927,d65f8f5184d943417a4896f0ae87b47606c0ece1ba004892a72656bfd313bf60
53653850d3257f22ddf38abd353b1885467409cac12daf7ac521d884b1c21d48,MITDB_P210,210,1140000000,1,20260927,MODEL_V2_TCN_MEANMAX,MODEL_V2_OPTIMIZER_CORRECTED_V1,1,-1.13487708568573,0.2432621717453003,18,V2-006-OPT-CORR-F01-S20260927,d65f8f5184d943417a4896f0ae87b47606c0ece1ba004892a72656bfd313bf60
536b402c9437ba8e45af84e9d07afb4c88282837e4b77555d6ce0299a205c6ff,MITDB_P207,207,1275000000,1,20260927,MODEL_V2_TCN_MEANMAX,MODEL_V2_OPTIMIZER_CORRECTED_V1,0,6.912362098693848,0.9990056157112122,18,V2-006-OPT-CORR-F01-S20260927,d65f8f5184d943417a4896f0ae87b47606c0ece1ba004892a72656bfd313bf60
536f8253ab2b9a2cf6edeba3416ac1c5b2c1bee9132b11205da40c8e74f27e26,MITDB_P207,207,1145000000,1,20260927,MODEL_V2_TCN_MEANMAX,MODEL_V2_OPTIMIZER_CORRECTED_V1,0,7.678544998168945,0.9995375871658325,18,V2-006-OPT-CORR-F01-S20260927,d65f8f5184d943417a4896f0ae87b47606c0ece1ba004892a72656bfd313bf60
538d0771f49ca240c3f0457f3d2022cb2a9059cece683b97919594b8ce8b4db3,MITDB_P122,122,580000000,1,20260927,MODEL_V2_TCN_MEANMAX,MODEL_V2_OPTIMIZER_CORRECTED_V1,0,-8.837957382202148,0.00014509781613014638,18,V2-006-OPT-CORR-F01-S20260927,d65f8f5184d943417a4896f0ae87b47606c0ece1ba004892a72656bfd313bf60
53b0b104272e2d5051082a48a0203fd4fe95afcd5d0e81a02e7c2232ad9e3e8e,MITDB_P101,101,775000000,1,20260927,MODEL_V2_TCN_MEANMAX,MODEL_V2_OPTIMIZER_CORRECTED_V1,0,-6.124093055725098,0.002184692770242691,18,V2-006-OPT-CORR-F01-S20260927,d65f8f5184d943417a4896f0ae87b47606c0ece1ba004892a72656bfd313bf60
53f0a6400cf6b08063b02a06df2dd8c9c36551ba756925f4112117dedb463c1e,MITDB_P119,119,720000000,1,20260927,MODEL_V2_TCN_MEANMAX,MODEL_V2_OPTIMIZER_CORRECTED_V1,1,15.093341827392578,0.9999997615814209,18,V2-006-OPT-CORR-F01-S20260927,d65f8f5184d943417a4896f0ae87b47606c0ece1ba004892a72656bfd313bf60
540dedb8f564b2aa8754dedc80f12be22e55081556b9a834bba1306a684a1eef,MITDB_P118,118,1605000000,1,20260927,MODEL_V2_TCN_MEANMAX,MODEL_V2_OPTIMIZER_CORRECTED_V1,0,1.653130054473877,0.8393136262893677,18,V2-006-OPT-CORR-F01-S20260927,d65f8f5184d943417a4896f0ae87b47606c0ece1ba004892a72656bfd313bf60
542aa31a35253b2c5384de3cbfb97ec58ae17179cdf59e2e27fd937de5770bf5,MITDB_P207,207,185000000,1,20260927,MODEL_V2_TCN_MEANMAX,MODEL_V2_OPTIMIZER_CORRECTED_V1,1,7.376255989074707,0.9993744492530823,18,V2-006-OPT-CORR-F01-S20260927,d65f8f5184d943417a4896f0ae87b47606c0ece1ba004892a72656bfd313bf60
5474240614063a8ec2794d71cb743ceff667b7179728d97ec5942572baaeb507,MITDB_P210,210,270000000,1,20260927,MODEL_V2_TCN_MEANMAX,MODEL_V2_OPTIMIZER_CORRECTED_V1,1,0.8641585111618042,0.7035287618637085,18,V2-006-OPT-CORR-F01-S20260927,d65f8f5184d943417a4896f0ae87b47606c0ece1ba004892a72656bfd313bf60
5481d6a60aaefdf5b6bddb1e8a765e33292412140fe3781e4bde0375002edd29,MITDB_P122,122,265000000,1,20260927,MODEL_V2_TCN_MEANMAX,MODEL_V2_OPTIMIZER_CORRECTED_V1,0,-9.35700798034668,8.635063568362966e-05,18,V2-006-OPT-CORR-F01-S20260927,d65f8f5184d943417a4896f0ae87b47606c0ece1ba004892a72656bfd313bf60
5481fadac78c440ec7c8aa04d3c91657a91a689e8c70ef1c8416eac127fd716c,MITDB_P118,118,930000000,1,20260927,MODEL_V2_TCN_MEANMAX,MODEL_V2_OPTIMIZER_CORRECTED_V1,0,3.069854259490967,0.9556319713592529,18,V2-006-OPT-CORR-F01-S20260927,d65f8f5184d943417a4896f0ae87b47606c0ece1ba004892a72656bfd313bf60
54976d5f3f8ae9c68618fe1d5ded5c0ad893c910b0937aa9bbd0898d0bed367c,MITDB_P207,207,810000000,1,20260927,MODEL_V2_TCN_MEANMAX,MODEL_V2_OPTIMIZER_CORRECTED_V1,0,7.0628886222839355,0.999144434928894,18,V2-006-OPT-CORR-F01-S20260927,d65f8f5184d943417a4896f0ae87b47606c0ece1ba004892a72656bfd313bf60
549db351325dcb38e79993212c4fb31f44b625164f7c2ff858f167ac1cd907a5,MITDB_P207,207,1220000000,1,20260927,MODEL_V2_TCN_MEANMAX,MODEL_V2_OPTIMIZER_CORRECTED_V1,0,6.331255912780762,0.9982233643531799,18,V2-006-OPT-CORR-F01-S20260927,d65f8f5184d943417a4896f0ae87b47606c0ece1ba004892a72656bfd313bf60
54fca4b160d5c438713b74a422a0b002d42f8123f5ffd8a55bbc10a74772928a,MITDB_P207,207,1680000000,1,20260927,MODEL_V2_TCN_MEANMAX,MODEL_V2_OPTIMIZER_CORRECTED_V1,1,-1.7676539421081543,0.1458343267440796,18,V2-006-OPT-CORR-F01-S20260927,d65f8f5184d943417a4896f0ae87b47606c0ece1ba004892a72656bfd313bf60
552ce3f5e7f40d038c25d8c4fef45299a2036835f120fc91843fd7f703d1c3cf,MITDB_P122,122,185000000,1,20260927,MODEL_V2_TCN_MEANMAX,MODEL_V2_OPTIMIZER_CORRECTED_V1,0,-9.499524116516113,7.488184928661212e-05,18,V2-006-OPT-CORR-F01-S20260927,d65f8f5184d943417a4896f0ae87b47606c0ece1ba004892a72656bfd313bf60
5530e6e834affb1a7f05762f24327152494a9072830b3b7055a09a486b1a88e5,MITDB_P118,118,1755000000,1,20260927,MODEL_V2_TCN_MEANMAX,MODEL_V2_OPTIMIZER_CORRECTED_V1,0,-0.18458345532417297,0.45398470759391785,18,V2-006-OPT-CORR-F01-S20260927,d65f8f5184d943417a4896f0ae87b47606c0ece1ba004892a72656bfd313bf60
5559e1e951a294decd2a9df99395854f9d5a6badf18f52aa5f86b0eeef88d3ee,MITDB_P210,210,475000000,1,20260927,MODEL_V2_TCN_MEANMAX,MODEL_V2_OPTIMIZER_CORRECTED_V1,1,0.21289989352226257,0.5530248284339905,18,V2-006-OPT-CORR-F01-S20260927,d65f8f5184d943417a4896f0ae87b47606c0ece1ba004892a72656bfd313bf60
556579e071c4474c0b6ec362414cc38f2290866c9c8da22cb2e119ffa6fdcc83,MITDB_P118,118,1330000000,1,20260927,MODEL_V2_TCN_MEANMAX,MODEL_V2_OPTIMIZER_CORRECTED_V1,0,2.6689887046813965,0.9351717233657837,18,V2-006-OPT-CORR-F01-S20260927,d65f8f5184d943417a4896f0ae87b47606c0ece1ba004892a72656bfd313bf60
557b16ed37ef266cd206dbeab28eb98d9e7c5a092a38c1ec1be5bbc5eaa0b78e,MITDB_P118,118,1210000000,1,20260927,MODEL_V2_TCN_MEANMAX,MODEL_V2_OPTIMIZER_CORRECTED_V1,0,2.388235569000244,0.9159258008003235,18,V2-006-OPT-CORR-F01-S20260927,d65f8f5184d943417a4896f0ae87b47606c0ece1ba004892a72656bfd313bf60
557c24c65ae6098bbddaf40125f222eb23b847c50edbb9411d76ceaeaed51cbc,MITDB_P122,122,570000000,1,20260927,MODEL_V2_TCN_MEANMAX,MODEL_V2_OPTIMIZER_CORRECTED_V1,0,-8.494901657104492,0.00020446655980776995,18,V2-006-OPT-CORR-F01-S20260927,d65f8f5184d943417a4896f0ae87b47606c0ece1ba004892a72656bfd313bf60
55bec11b856464ef6863bf745ba147d3ea5bb02660e047d262f60ff2902be723,MITDB_P122,122,905000000,1,20260927,MODEL_V2_TCN_MEANMAX,MODEL_V2_OPTIMIZER_CORRECTED_V1,0,-7.252849578857422,0.0007076524780131876,18,V2-006-OPT-CORR-F01-S20260927,d65f8f5184d943417a4896f0ae87b47606c0ece1ba004892a72656bfd313bf60
55ee09723a7aad141f5f4d0237ec503958cdd3415de98a285b36d2b157ced3a3,MITDB_P210,210,65000000,1,20260927,MODEL_V2_TCN_MEANMAX,MODEL_V2_OPTIMIZER_CORRECTED_V1,0,9.956859588623047,0.9999525547027588,18,V2-006-OPT-CORR-F01-S20260927,d65f8f5184d943417a4896f0ae87b47606c0ece1ba004892a72656bfd313bf60
56001adb4254eb4e646820c908b7b2fd1812f559b98a61cc7596ccb0bf0664b2,MITDB_P119,119,1265000000,1,20260927,MODEL_V2_TCN_MEANMAX,MODEL_V2_OPTIMIZER_CORRECTED_V1,1,19.489574432373047,1.0,18,V2-006-OPT-CORR-F01-S20260927,d65f8f5184d943417a4896f0ae87b47606c0ece1ba004892a72656bfd313bf60
5626b6e0c837b7bc01a6465e9bed97edef095a52c9e967aecff20d5645ef2354,MITDB_P210,210,810000000,1,20260927,MODEL_V2_TCN_MEANMAX,MODEL_V2_OPTIMIZER_CORRECTED_V1,1,6.285741806030273,0.998140811920166,18,V2-006-OPT-CORR-F01-S20260927,d65f8f5184d943417a4896f0ae87b47606c0ece1ba004892a72656bfd313bf60
562999ec634d9ee7e31ebb2178af800d7775bf296b7422c789a16abd75a9aa97,MITDB_P119,119,1040000000,1,20260927,MODEL_V2_TCN_MEANMAX,MODEL_V2_OPTIMIZER_CORRECTED_V1,0,-7.40034294128418,0.0006106700166128576,18,V2-006-OPT-CORR-F01-S20260927,d65f8f5184d943417a4896f0ae87b47606c0ece1ba004892a72656bfd313bf60
562d1392a79b1d7d2428703a21742fb3aee40e3786be41c3c3ba78f3acd66dc1,MITDB_P118,118,260000000,1,20260927,MODEL_V2_TCN_MEANMAX,MODEL_V2_OPTIMIZER_CORRECTED_V1,0,-0.16053208708763123,0.4599529504776001,18,V2-006-OPT-CORR-F01-S20260927,d65f8f5184d943417a4896f0ae87b47606c0ece1ba004892a72656bfd313bf60
562f170f3f29aa862de40499f66713c676217950ae263a8dbf3d3594e3f14d84,MITDB_P101,101,30000000,1,20260927,MODEL_V2_TCN_MEANMAX,MODEL_V2_OPTIMIZER_CORRECTED_V1,0,-6.66202974319458,0.0012769160093739629,18,V2-006-OPT-CORR-F01-S20260927,d65f8f5184d943417a4896f0ae87b47606c0ece1ba004892a72656bfd313bf60
56424880ea65c5c38d4b2d722e74ee0dcdb3bae8d22ecf115aa98451c1b76df6,MITDB_P122,122,1345000000,1,20260927,MODEL_V2_TCN_MEANMAX,MODEL_V2_OPTIMIZER_CORRECTED_V1,0,-6.4167656898498535,0.0016312669031322002,18,V2-006-OPT-CORR-F01-S20260927,d65f8f5184d943417a4896f0ae87b47606c0ece1ba004892a72656bfd313bf60
564f7a35d39bc37a48905c82d69a7ace3cf11d20a8b54b11651c6120a2484578,MITDB_P207,207,35000000,1,20260927,MODEL_V2_TCN_MEANMAX,MODEL_V2_OPTIMIZER_CORRECTED_V1,1,12.442075729370117,0.9999960660934448,18,V2-006-OPT-CORR-F01-S20260927,d65f8f5184d943417a4896f0ae87b47606c0ece1ba004892a72656bfd313bf60
56588f2624509701676a5f32166767224e7c53bb81dd3fee57bb538c17ae18fb,MITDB_P210,210,580000000,1,20260927,MODEL_V2_TCN_MEANMAX,MODEL_V2_OPTIMIZER_CORRECTED_V1,0,-1.9647295475006104,0.12295611202716827,18,V2-006-OPT-CORR-F01-S20260927,d65f8f5184d943417a4896f0ae87b47606c0ece1ba004892a72656bfd313bf60
566d9a476287e5d4bde3fec0c19fddeeca68c004309abe71fa52ab33c79a7529,MITDB_P210,210,890000000,1,20260927,MODEL_V2_TCN_MEANMAX,MODEL_V2_OPTIMIZER_CORRECTED_V1,0,0.5293252468109131,0.6293257474899292,18,V2-006-OPT-CORR-F01-S20260927,d65f8f5184d943417a4896f0ae87b47606c0ece1ba004892a72656bfd313bf60
568d6a6e04ce3b91d870fd80124bda027cb228d02eed3cb3cec4014659315ae7,MITDB_P101,101,1610000000,1,20260927,MODEL_V2_TCN_MEANMAX,MODEL_V2_OPTIMIZER_CORRECTED_V1,0,-6.439289093017578,0.0015949938679113984,18,V2-006-OPT-CORR-F01-S20260927,d65f8f5184d943417a4896f0ae87b47606c0ece1ba004892a72656bfd313bf60
56afd6027250423c2ca8940f537d44bf3ee072b51707b1891c3d6a390e062c2e,MITDB_P101,101,1320000000,1,20260927,MODEL_V2_TCN_MEANMAX,MODEL_V2_OPTIMIZER_CORRECTED_V1,0,-6.262186050415039,0.0019034423166885972,18,V2-006-OPT-CORR-F01-S20260927,d65f8f5184d943417a4896f0ae87b47606c0ece1ba004892a72656bfd313bf60
56b721c5a1226846b7a8adf480418047f6e1b516a293640d8412ec3b437812e2,MITDB_P118,118,755000000,1,20260927,MODEL_V2_TCN_MEANMAX,MODEL_V2_OPTIMIZER_CORRECTED_V1,1,5.056523323059082,0.9936726093292236,18,V2-006-OPT-CORR-F01-S20260927,d65f8f5184d943417a4896f0ae87b47606c0ece1ba004892a72656bfd313bf60
56dbddd9353fa4d64e682b5f7ec04c63a5ab1d8b9f27a78bdf59aec242b39e8f,MITDB_P122,122,1780000000,1,20260927,MODEL_V2_TCN_MEANMAX,MODEL_V2_OPTIMIZER_CORRECTED_V1,0,-6.210309982299805,0.0020045882556587458,18,V2-006-OPT-CORR-F01-S20260927,d65f8f5184d943417a4896f0ae87b47606c0ece1ba004892a72656bfd313bf60
576d3a7ac253bed04af9a49ea08b53d3a55f46e49c2764e8e552f1d84d981af0,MITDB_P118,118,1395000000,1,20260927,MODEL_V2_TCN_MEANMAX,MODEL_V2_OPTIMIZER_CORRECTED_V1,1,6.1093244552612305,0.9977828860282898,18,V2-006-OPT-CORR-F01-S20260927,d65f8f5184d943417a4896f0ae87b47606c0ece1ba004892a72656bfd313bf60
5774e11708fc7efcbfdf60cb2bec58f477fd36b8be6c9e82319f1f16b2fba190,MITDB_P207,207,690000000,1,20260927,MODEL_V2_TCN_MEANMAX,MODEL_V2_OPTIMIZER_CORRECTED_V1,0,9.001134872436523,0.9998767375946045,18,V2-006-OPT-CORR-F01-S20260927,d65f8f5184d943417a4896f0ae87b47606c0ece1ba004892a72656bfd313bf60
57b08e168061d61619c2ffaf01b4f70b5eaca998957831073d5cea5627309dd1,MITDB_P119,119,1000000000,1,20260927,MODEL_V2_TCN_MEANMAX,MODEL_V2_OPTIMIZER_CORRECTED_V1,1,14.746221542358398,0.9999996423721313,18,V2-006-OPT-CORR-F01-S20260927,d65f8f5184d943417a4896f0ae87b47606c0ece1ba004892a72656bfd313bf60
57f335d5b6b59de53707bf5f5ba10e50cf69f8f8e3f91673a4ac8708e60e08e0,MITDB_P118,118,590000000,1,20260927,MODEL_V2_TCN_MEANMAX,MODEL_V2_OPTIMIZER_CORRECTED_V1,0,6.845611572265625,0.9989370703697205,18,V2-006-OPT-CORR-F01-S20260927,d65f8f5184d943417a4896f0ae87b47606c0ece1ba004892a72656bfd313bf60
57f5a54380ef5a4baf13e1d5602037f116513b3f392857a4ebb4f5b7db9b464b,MITDB_P119,119,1050000000,1,20260927,MODEL_V2_TCN_MEANMAX,MODEL_V2_OPTIMIZER_CORRECTED_V1,1,15.977699279785156,0.9999998807907104,18,V2-006-OPT-CORR-F01-S20260927,d65f8f5184d943417a4896f0ae87b47606c0ece1ba004892a72656bfd313bf60
5833cd260efbb1c3b12ac57a498e630f38f7c893339b0601596fc6c9722e55f9,MITDB_P207,207,1465000000,1,20260927,MODEL_V2_TCN_MEANMAX,MODEL_V2_OPTIMIZER_CORRECTED_V1,0,6.259266376495361,0.9980910420417786,18,V2-006-OPT-CORR-F01-S20260927,d65f8f5184d943417a4896f0ae87b47606c0ece1ba004892a72656bfd313bf60
58720fde0f5434c005902a04d6f70bc313a82b6171578f51780b50fb41114972,MITDB_P122,122,80000000,1,20260927,MODEL_V2_TCN_MEANMAX,MODEL_V2_OPTIMIZER_CORRECTED_V1,0,-8.129980087280273,0.0002944873122032732,18,V2-006-OPT-CORR-F01-S20260927,d65f8f5184d943417a4896f0ae87b47606c0ece1ba004892a72656bfd313bf60
5872dcc92e0a46cf196a42f5b39ba44fe8fd4b13ce84fb96c9b7a537721c8bcd,MITDB_P207,207,785000000,1,20260927,MODEL_V2_TCN_MEANMAX,MODEL_V2_OPTIMIZER_CORRECTED_V1,0,9.224599838256836,0.9999014139175415,18,V2-006-OPT-CORR-F01-S20260927,d65f8f5184d943417a4896f0ae87b47606c0ece1ba004892a72656bfd313bf60
58a0b302ac25be0ab59613f49be9426fe7f9899780db9edc569a201d2b015cb4,MITDB_P118,118,1405000000,1,20260927,MODEL_V2_TCN_MEANMAX,MODEL_V2_OPTIMIZER_CORRECTED_V1,1,5.572248458862305,0.9962124824523926,18,V2-006-OPT-CORR-F01-S20260927,d65f8f5184d943417a4896f0ae87b47606c0ece1ba004892a72656bfd313bf60
58a899b53a5b0ae2bc32add0dc9184ad92561c605866c599d86708f9ffa7a179,MITDB_P101,101,595000000,1,20260927,MODEL_V2_TCN_MEANMAX,MODEL_V2_OPTIMIZER_CORRECTED_V1,0,-6.204651832580566,0.0020159396808594465,18,V2-006-OPT-CORR-F01-S20260927,d65f8f5184d943417a4896f0ae87b47606c0ece1ba004892a72656bfd313bf60
58e4aa43fc446a8247953676de72b768f4da6ab52da134dc1ecc8d56bdfff687,MITDB_P101,101,840000000,1,20260927,MODEL_V2_TCN_MEANMAX,MODEL_V2_OPTIMIZER_CORRECTED_V1,0,-6.60598611831665,0.001350422971881926,18,V2-006-OPT-CORR-F01-S20260927,d65f8f5184d943417a4896f0ae87b47606c0ece1ba004892a72656bfd313bf60
58f2bcb6847390ee52b59f0b63befd1867cfe5d29e4609deef85c230aa17c968,MITDB_P207,207,1705000000,1,20260927,MODEL_V2_TCN_MEANMAX,MODEL_V2_OPTIMIZER_CORRECTED_V1,1,-1.7665834426879883,0.14596772193908691,18,V2-006-OPT-CORR-F01-S20260927,d65f8f5184d943417a4896f0ae87b47606c0ece1ba004892a72656bfd313bf60
590d89988ed2b0e1ad6978033e9c98e6d868e9f733a8a2bd509602850d9b687a,MITDB_P119,119,95000000,1,20260927,MODEL_V2_TCN_MEANMAX,MODEL_V2_OPTIMIZER_CORRECTED_V1,1,16.141109466552734,0.9999998807907104,18,V2-006-OPT-CORR-F01-S20260927,d65f8f5184d943417a4896f0ae87b47606c0ece1ba004892a72656bfd313bf60
59ea02ebe5ea85ed86aaa2babb90eb0af20ea3f73937effc8351770f2a789ea7,MITDB_P207,207,585000000,1,20260927,MODEL_V2_TCN_MEANMAX,MODEL_V2_OPTIMIZER_CORRECTED_V1,0,10.819927215576172,0.9999799728393555,18,V2-006-OPT-CORR-F01-S20260927,d65f8f5184d943417a4896f0ae87b47606c0ece1ba004892a72656bfd313bf60
59f04ea7b004b52a3c0b532a1ec5dacccc42a34f6180589434920c9ab3d46e4c,MITDB_P101,101,375000000,1,20260927,MODEL_V2_TCN_MEANMAX,MODEL_V2_OPTIMIZER_CORRECTED_V1,0,-6.672477722167969,0.00126366107724607,18,V2-006-OPT-CORR-F01-S20260927,d65f8f5184d943417a4896f0ae87b47606c0ece1ba004892a72656bfd313bf60
59f571b3cfe2a2c3be23380399edbef439cc519c5b95a3b54a2aa277b133fa14,MITDB_P207,207,310000000,1,20260927,MODEL_V2_TCN_MEANMAX,MODEL_V2_OPTIMIZER_CORRECTED_V1,0,10.811702728271484,0.9999798536300659,18,V2-006-OPT-CORR-F01-S20260927,d65f8f5184d943417a4896f0ae87b47606c0ece1ba004892a72656bfd313bf60
59fa3db8652f39545466b4d71f9108e13625ceae81bdbb5bb88037ef29833a2d,MITDB_P119,119,1075000000,1,20260927,MODEL_V2_TCN_MEANMAX,MODEL_V2_OPTIMIZER_CORRECTED_V1,1,17.692005157470703,1.0,18,V2-006-OPT-CORR-F01-S20260927,d65f8f5184d943417a4896f0ae87b47606c0ece1ba004892a72656bfd313bf60
5a13de024f2dddf9e204b145ede78ad79029d7387eee3589f17871f764043ff3,MITDB_P119,119,950000000,1,20260927,MODEL_V2_TCN_MEANMAX,MODEL_V2_OPTIMIZER_CORRECTED_V1,1,16.117202758789062,0.9999998807907104,18,V2-006-OPT-CORR-F01-S20260927,d65f8f5184d943417a4896f0ae87b47606c0ece1ba004892a72656bfd313bf60
5a1b189efe8e3b73b1a4f4e23abefafafe3b94b4b89f65e758be914331093dff,MITDB_P118,118,230000000,1,20260927,MODEL_V2_TCN_MEANMAX,MODEL_V2_OPTIMIZER_CORRECTED_V1,1,2.098594903945923,0.8907665610313416,18,V2-006-OPT-CORR-F01-S20260927,d65f8f5184d943417a4896f0ae87b47606c0ece1ba004892a72656bfd313bf60
5a1bdcd44407476f4611b1db800be411964a187c742d696a7ea1d7516983d487,MITDB_P210,210,420000000,1,20260927,MODEL_V2_TCN_MEANMAX,MODEL_V2_OPTIMIZER_CORRECTED_V1,0,-1.4932548999786377,0.1834336817264557,18,V2-006-OPT-CORR-F01-S20260927,d65f8f5184d943417a4896f0ae87b47606c0ece1ba004892a72656bfd313bf60
5a267ce6587276237870057c48d943ae6f2ca3f823b3cbdb649a0525657ee982,MITDB_P101,101,965000000,1,20260927,MODEL_V2_TCN_MEANMAX,MODEL_V2_OPTIMIZER_CORRECTED_V1,0,-6.9156036376953125,0.0009911989327520132,18,V2-006-OPT-CORR-F01-S20260927,d65f8f5184d943417a4896f0ae87b47606c0ece1ba004892a72656bfd313bf60
5a2a71c81307e8ccc2616b7fef84d31669b182e720a1df10919f5ef894d8e8d9,MITDB_P101,101,365000000,1,20260927,MODEL_V2_TCN_MEANMAX,MODEL_V2_OPTIMIZER_CORRECTED_V1,0,-6.446724891662598,0.0015831965720281005,18,V2-006-OPT-CORR-F01-S20260927,d65f8f5184d943417a4896f0ae87b47606c0ece1ba004892a72656bfd313bf60
5a41a5e8d689a59ad7c3b615498040b5a88373ef1706416ecb3c5e54d9bef5b3,MITDB_P122,122,10000000,1,20260927,MODEL_V2_TCN_MEANMAX,MODEL_V2_OPTIMIZER_CORRECTED_V1,0,-6.759122848510742,0.001158901839517057,18,V2-006-OPT-CORR-F01-S20260927,d65f8f5184d943417a4896f0ae87b47606c0ece1ba004892a72656bfd313bf60
5a59011aecac5acaa58063ae44a9c6bcb7d2c831138eebddf9d72380a4e64991,MITDB_P119,119,1575000000,1,20260927,MODEL_V2_TCN_MEANMAX,MODEL_V2_OPTIMIZER_CORRECTED_V1,1,18.702550888061523,1.0,18,V2-006-OPT-CORR-F01-S20260927,d65f8f5184d943417a4896f0ae87b47606c0ece1ba004892a72656bfd313bf60
5a740b8d8817d0fc5b2b76bc235ba02876cbf21e3240949604059f296365be9e,MITDB_P119,119,1445000000,1,20260927,MODEL_V2_TCN_MEANMAX,MODEL_V2_OPTIMIZER_CORRECTED_V1,1,17.39065933227539,1.0,18,V2-006-OPT-CORR-F01-S20260927,d65f8f5184d943417a4896f0ae87b47606c0ece1ba004892a72656bfd313bf60
5a85d6779d05d4f02884f67376a3863595979f89efc8a58565dcb0d52241e297,MITDB_P101,101,75000000,1,20260927,MODEL_V2_TCN_MEANMAX,MODEL_V2_OPTIMIZER_CORRECTED_V1,0,-6.315159797668457,0.0018054114188998938,18,V2-006-OPT-CORR-F01-S20260927,d65f8f5184d943417a4896f0ae87b47606c0ece1ba004892a72656bfd313bf60
5a90c9561d7d2835c6e0de80d2fdab4739ff2e5a6a9721c924349604d2d62c37,MITDB_P122,122,1520000000,1,20260927,MODEL_V2_TCN_MEANMAX,MODEL_V2_OPTIMIZER_CORRECTED_V1,0,-6.815805912017822,0.0010951088042929769,18,V2-006-OPT-CORR-F01-S20260927,d65f8f5184d943417a4896f0ae87b47606c0ece1ba004892a72656bfd313bf60
5a9a859e7d8ea5210f05723cbf89b3062efc2a820b26fa159e51bddb938a76ec,MITDB_P210,210,775000000,1,20260927,MODEL_V2_TCN_MEANMAX,MODEL_V2_OPTIMIZER_CORRECTED_V1,1,-1.2186131477355957,0.22818060219287872,18,V2-006-OPT-CORR-F01-S20260927,d65f8f5184d943417a4896f0ae87b47606c0ece1ba004892a72656bfd313bf60
5aaaef413424b2f628c10efed3a80830bae05783d8d337eedb7a9aae49a02391,MITDB_P118,118,1485000000,1,20260927,MODEL_V2_TCN_MEANMAX,MODEL_V2_OPTIMIZER_CORRECTED_V1,1,1.2467905282974243,0.7767438292503357,18,V2-006-OPT-CORR-F01-S20260927,d65f8f5184d943417a4896f0ae87b47606c0ece1ba004892a72656bfd313bf60
5ab8c00f7c2c7905e71ffe236fa723083b66af696f62c516437ac4daeca48a71,MITDB_P122,122,975000000,1,20260927,MODEL_V2_TCN_MEANMAX,MODEL_V2_OPTIMIZER_CORRECTED_V1,0,-8.2920503616333,0.0002504375879652798,18,V2-006-OPT-CORR-F01-S20260927,d65f8f5184d943417a4896f0ae87b47606c0ece1ba004892a72656bfd313bf60
5abdbbcb86639c2de1615a74c2955f100304010987417e6d81577dd217e4e605,MITDB_P210,210,50000000,1,20260927,MODEL_V2_TCN_MEANMAX,MODEL_V2_OPTIMIZER_CORRECTED_V1,1,7.037660598754883,0.9991225600242615,18,V2-006-OPT-CORR-F01-S20260927,d65f8f5184d943417a4896f0ae87b47606c0ece1ba004892a72656bfd313bf60
5adcb4b5026ca67f28d4ad76d49b9204f2acce01122bcdf68c7531d9e9a6910d,MITDB_P207,207,435000000,1,20260927,MODEL_V2_TCN_MEANMAX,MODEL_V2_OPTIMIZER_CORRECTED_V1,0,12.789262771606445,0.9999972581863403,18,V2-006-OPT-CORR-F01-S20260927,d65f8f5184d943417a4896f0ae87b47606c0ece1ba004892a72656bfd313bf60
5af238028fc71fd513a773635d124e0500733d20f8dbdf0d24f2de23fef34f9c,MITDB_P101,101,420000000,1,20260927,MODEL_V2_TCN_MEANMAX,MODEL_V2_OPTIMIZER_CORRECTED_V1,0,-5.199188709259033,0.005490727256983519,18,V2-006-OPT-CORR-F01-S20260927,d65f8f5184d943417a4896f0ae87b47606c0ece1ba004892a72656bfd313bf60
5af7d7ed885f8b52e47d06291a9dada538981c1e75afaa00a3ce77a5a39dce05,MITDB_P122,122,925000000,1,20260927,MODEL_V2_TCN_MEANMAX,MODEL_V2_OPTIMIZER_CORRECTED_V1,0,-7.223529815673828,0.0007286924519576132,18,V2-006-OPT-CORR-F01-S20260927,d65f8f5184d943417a4896f0ae87b47606c0ece1ba004892a72656bfd313bf60
5afdfba4967dc32a3f65a727e5f69682b1547493a50421233f6e5102cf5cfe32,MITDB_P119,119,1495000000,1,20260927,MODEL_V2_TCN_MEANMAX,MODEL_V2_OPTIMIZER_CORRECTED_V1,1,14.296871185302734,0.9999994039535522,18,V2-006-OPT-CORR-F01-S20260927,d65f8f5184d943417a4896f0ae87b47606c0ece1ba004892a72656bfd313bf60
5b06d70b64b4d2754f083c61e842cd12bd0a2b84dc4e7f28859c511a2787350a,MITDB_P119,119,160000000,1,20260927,MODEL_V2_TCN_MEANMAX,MODEL_V2_OPTIMIZER_CORRECTED_V1,1,16.97331428527832,1.0,18,V2-006-OPT-CORR-F01-S20260927,d65f8f5184d943417a4896f0ae87b47606c0ece1ba004892a72656bfd313bf60
5b0d250294b38d6ed73eb9697fa84c83b210410d07df64f579f5b86e1779b14a,MITDB_P101,101,1430000000,1,20260927,MODEL_V2_TCN_MEANMAX,MODEL_V2_OPTIMIZER_CORRECTED_V1,0,-6.734395980834961,0.0011878806399181485,18,V2-006-OPT-CORR-F01-S20260927,d65f8f5184d943417a4896f0ae87b47606c0ece1ba004892a72656bfd313bf60
5b433934b790391624c05a673672e218769ad9f745f65c1e6525d086de4754d2,MITDB_P210,210,1275000000,1,20260927,MODEL_V2_TCN_MEANMAX,MODEL_V2_OPTIMIZER_CORRECTED_V1,1,4.2564544677734375,0.9860256314277649,18,V2-006-OPT-CORR-F01-S20260927,d65f8f5184d943417a4896f0ae87b47606c0ece1ba004892a72656bfd313bf60
5b44f9f23ab7926078d1d6b998083c4b0056f678d96e7e99d3278f7f0cbb76ac,MITDB_P122,122,660000000,1,20260927,MODEL_V2_TCN_MEANMAX,MODEL_V2_OPTIMIZER_CORRECTED_V1,0,-8.234333038330078,0.00026531348703429103,18,V2-006-OPT-CORR-F01-S20260927,d65f8f5184d943417a4896f0ae87b47606c0ece1ba004892a72656bfd313bf60
5b4e65a225f6ab947d10e8d83363c2be2d8c687195b78561081450f2007e4a44,MITDB_P119,119,515000000,1,20260927,MODEL_V2_TCN_MEANMAX,MODEL_V2_OPTIMIZER_CORRECTED_V1,0,-7.46448278427124,0.0005727531970478594,18,V2-006-OPT-CORR-F01-S20260927,d65f8f5184d943417a4896f0ae87b47606c0ece1ba004892a72656bfd313bf60
5b9a49fa54247f7eaa8c9075aa1c31666d841ac537cd813caba2183168dc67b7,MITDB_P118,118,170000000,1,20260927,MODEL_V2_TCN_MEANMAX,MODEL_V2_OPTIMIZER_CORRECTED_V1,1,3.982102870941162,0.9816949367523193,18,V2-006-OPT-CORR-F01-S20260927,d65f8f5184d943417a4896f0ae87b47606c0ece1ba004892a72656bfd313bf60
5b9bcde9384bddc2c4db012ec882523911e098d15c922f5e5d71e99bbfd100ae,MITDB_P210,210,205000000,1,20260927,MODEL_V2_TCN_MEANMAX,MODEL_V2_OPTIMIZER_CORRECTED_V1,1,3.587653636932373,0.9730815291404724,18,V2-006-OPT-CORR-F01-S20260927,d65f8f5184d943417a4896f0ae87b47606c0ece1ba004892a72656bfd313bf60
5ba5ee64d224b428185c16302cc2432a59aab5ecea031373b0cb50741ef05035,MITDB_P119,119,495000000,1,20260927,MODEL_V2_TCN_MEANMAX,MODEL_V2_OPTIMIZER_CORRECTED_V1,0,-7.395478248596191,0.0006136461743153632,18,V2-006-OPT-CORR-F01-S20260927,d65f8f5184d943417a4896f0ae87b47606c0ece1ba004892a72656bfd313bf60
5be863fd3f33e35d6ef6064a256c3fb659c1e1856e4caa0b5a95597a992f0ec8,MITDB_P119,119,1395000000,1,20260927,MODEL_V2_TCN_MEANMAX,MODEL_V2_OPTIMIZER_CORRECTED_V1,1,15.801847457885742,0.9999998807907104,18,V2-006-OPT-CORR-F01-S20260927,d65f8f5184d943417a4896f0ae87b47606c0ece1ba004892a72656bfd313bf60
5bee5886049abb12d576f3bcf4f0d124f5cfb42479be9bedcdc671bb858d2429,MITDB_P101,101,730000000,1,20260927,MODEL_V2_TCN_MEANMAX,MODEL_V2_OPTIMIZER_CORRECTED_V1,0,-6.180279731750488,0.00206557335332036,18,V2-006-OPT-CORR-F01-S20260927,d65f8f5184d943417a4896f0ae87b47606c0ece1ba004892a72656bfd313bf60
5c40ced0bc56a4a8653bbefb3ffaeb62cfea2f17525d6d196c58ce9af5bb8fba,MITDB_P119,119,1455000000,1,20260927,MODEL_V2_TCN_MEANMAX,MODEL_V2_OPTIMIZER_CORRECTED_V1,1,15.458282470703125,0.9999997615814209,18,V2-006-OPT-CORR-F01-S20260927,d65f8f5184d943417a4896f0ae87b47606c0ece1ba004892a72656bfd313bf60
5c5ac7bcf67637aaf8f1e2400f1fb8852d8155498b72d04a50e69d18b95f1d93,MITDB_P118,118,625000000,1,20260927,MODEL_V2_TCN_MEANMAX,MODEL_V2_OPTIMIZER_CORRECTED_V1,0,5.662139415740967,0.9965369701385498,18,V2-006-OPT-CORR-F01-S20260927,d65f8f5184d943417a4896f0ae87b47606c0ece1ba004892a72656bfd313bf60
5c6cf3b1fa1e85eb2de13d7ad8a2ad09cc664573506807399c84702d2238151f,MITDB_P119,119,635000000,1,20260927,MODEL_V2_TCN_MEANMAX,MODEL_V2_OPTIMIZER_CORRECTED_V1,1,17.559762954711914,1.0,18,V2-006-OPT-CORR-F01-S20260927,d65f8f5184d943417a4896f0ae87b47606c0ece1ba004892a72656bfd313bf60
5c76d27e5ba3bc8ae590a7563ce166863ae8af840e626e557fd98693aaad20a4,MITDB_P207,207,1780000000,1,20260927,MODEL_V2_TCN_MEANMAX,MODEL_V2_OPTIMIZER_CORRECTED_V1,1,0.3508564531803131,0.5868252515792847,18,V2-006-OPT-CORR-F01-S20260927,d65f8f5184d943417a4896f0ae87b47606c0ece1ba004892a72656bfd313bf60
5c9390c9a3d91def8a139a2c7df3e2242c0347f0026d8f4bc45836e78d2c9ebe,MITDB_P118,118,655000000,1,20260927,MODEL_V2_TCN_MEANMAX,MODEL_V2_OPTIMIZER_CORRECTED_V1,1,5.451280117034912,0.9957275390625,18,V2-006-OPT-CORR-F01-S20260927,d65f8f5184d943417a4896f0ae87b47606c0ece1ba004892a72656bfd313bf60
5c9dca1aca91ef94aa9a696fb339b6e578bd6724dac54e9e9147d3accec8ea49,MITDB_P207,207,85000000,1,20260927,MODEL_V2_TCN_MEANMAX,MODEL_V2_OPTIMIZER_CORRECTED_V1,1,12.372281074523926,0.9999957084655762,18,V2-006-OPT-CORR-F01-S20260927,d65f8f5184d943417a4896f0ae87b47606c0ece1ba004892a72656bfd313bf60
5cad77b106d5f79e9ba5875c1cb66b62ca5776ad4bb419250f678319bb10b7d1,MITDB_P101,101,175000000,1,20260927,MODEL_V2_TCN_MEANMAX,MODEL_V2_OPTIMIZER_CORRECTED_V1,0,-6.597769737243652,0.0013615490170195699,18,V2-006-OPT-CORR-F01-S20260927,d65f8f5184d943417a4896f0ae87b47606c0ece1ba004892a72656bfd313bf60
5cd2c3b64f723ca01a6acf31804f87bb150ef2e2582246f1dc44aa9281cc3f75,MITDB_P119,119,510000000,1,20260927,MODEL_V2_TCN_MEANMAX,MODEL_V2_OPTIMIZER_CORRECTED_V1,0,-6.512768745422363,0.0014821641379967332,18,V2-006-OPT-CORR-F01-S20260927,d65f8f5184d943417a4896f0ae87b47606c0ece1ba004892a72656bfd313bf60
5ce10a22a87e7a744b6d38d79735e532c54dbd427aa18e7859dd5d494bfd9abb,MITDB_P207,207,545000000,1,20260927,MODEL_V2_TCN_MEANMAX,MODEL_V2_OPTIMIZER_CORRECTED_V1,0,11.65182876586914,0.9999912977218628,18,V2-006-OPT-CORR-F01-S20260927,d65f8f5184d943417a4896f0ae87b47606c0ece1ba004892a72656bfd313bf60
5cee1f66b3d90d1b8b78b8f2a5fc6065e8e0c9a38deeec7e3bfc7adb876de316,MITDB_P207,207,1125000000,1,20260927,MODEL_V2_TCN_MEANMAX,MODEL_V2_OPTIMIZER_CORRECTED_V1,0,7.066732406616211,0.9991476535797119,18,V2-006-OPT-CORR-F01-S20260927,d65f8f5184d943417a4896f0ae87b47606c0ece1ba004892a72656bfd313bf60
5d2fce09160330bc058c9b3161f015ab7807f78e06256cab36bb84fc28f99cdb,MITDB_P122,122,1395000000,1,20260927,MODEL_V2_TCN_MEANMAX,MODEL_V2_OPTIMIZER_CORRECTED_V1,0,-8.004351615905762,0.00033389448071829975,18,V2-006-OPT-CORR-F01-S20260927,d65f8f5184d943417a4896f0ae87b47606c0ece1ba004892a72656bfd313bf60
5d344992b432a8abb54073f518f3b89839c5aac96ec33a8b3bfe6e592dd851eb,MITDB_P118,118,1430000000,1,20260927,MODEL_V2_TCN_MEANMAX,MODEL_V2_OPTIMIZER_CORRECTED_V1,1,6.1103386878967285,0.9977850914001465,18,V2-006-OPT-CORR-F01-S20260927,d65f8f5184d943417a4896f0ae87b47606c0ece1ba004892a72656bfd313bf60
5d965be578f8191a26a7af7a928160b86dd8245f75d2a8acbfdb3585ced99fd3,MITDB_P119,119,1015000000,1,20260927,MODEL_V2_TCN_MEANMAX,MODEL_V2_OPTIMIZER_CORRECTED_V1,0,-7.048137664794922,0.0008682712796144187,18,V2-006-OPT-CORR-F01-S20260927,d65f8f5184d943417a4896f0ae87b47606c0ece1ba004892a72656bfd313bf60
5d9cd1b58bb63e31f5c1b0b04f15687fa98d48f51e05b113db87acacf713bbb3,MITDB_P101,101,465000000,1,20260927,MODEL_V2_TCN_MEANMAX,MODEL_V2_OPTIMIZER_CORRECTED_V1,0,-6.536195755004883,0.0014478947268798947,18,V2-006-OPT-CORR-F01-S20260927,d65f8f5184d943417a4896f0ae87b47606c0ece1ba004892a72656bfd313bf60
5dae5e5a36bd76d5a862b444f792eb6dc5faafa0938c05ee0906c82cade1bf85,MITDB_P210,210,440000000,1,20260927,MODEL_V2_TCN_MEANMAX,MODEL_V2_OPTIMIZER_CORRECTED_V1,0,-0.30795231461524963,0.42361462116241455,18,V2-006-OPT-CORR-F01-S20260927,d65f8f5184d943417a4896f0ae87b47606c0ece1ba004892a72656bfd313bf60
5db6de9544f1e136b43c668d5742d5df5e9a4862a0fce85d672cf53a8a00546b,MITDB_P207,207,215000000,1,20260927,MODEL_V2_TCN_MEANMAX,MODEL_V2_OPTIMIZER_CORRECTED_V1,1,17.50403594970703,1.0,18,V2-006-OPT-CORR-F01-S20260927,d65f8f5184d943417a4896f0ae87b47606c0ece1ba004892a72656bfd313bf60
5dbaecbd3b98893089407f64cc2e5caed7e7f74973ac189519c341095a6bd3a1,MITDB_P119,119,50000000,1,20260927,MODEL_V2_TCN_MEANMAX,MODEL_V2_OPTIMIZER_CORRECTED_V1,1,15.419281005859375,0.9999997615814209,18,V2-006-OPT-CORR-F01-S20260927,d65f8f5184d943417a4896f0ae87b47606c0ece1ba004892a72656bfd313bf60
5dcfc4a89d8c781906bb95d3768fea600a73710b980a9f1178ae4884c53599ce,MITDB_P119,119,520000000,1,20260927,MODEL_V2_TCN_MEANMAX,MODEL_V2_OPTIMIZER_CORRECTED_V1,0,-7.296050548553467,0.0006777524249628186,18,V2-006-OPT-CORR-F01-S20260927,d65f8f5184d943417a4896f0ae87b47606c0ece1ba004892a72656bfd313bf60
5de587a80ab73afaab3431f80c521c274c2256ad7d886fe2f2912c955955c14a,MITDB_P122,122,385000000,1,20260927,MODEL_V2_TCN_MEANMAX,MODEL_V2_OPTIMIZER_CORRECTED_V1,0,-6.52036190032959,0.0014709688257426023,18,V2-006-OPT-CORR-F01-S20260927,d65f8f5184d943417a4896f0ae87b47606c0ece1ba004892a72656bfd313bf60
5e45233afec47e24620e626f4c0e1ecbd85a2fdb8ecaf76f46b375b466de9edb,MITDB_P122,122,165000000,1,20260927,MODEL_V2_TCN_MEANMAX,MODEL_V2_OPTIMIZER_CORRECTED_V1,0,-8.77060317993164,0.00015520582383032888,18,V2-006-OPT-CORR-F01-S20260927,d65f8f5184d943417a4896f0ae87b47606c0ece1ba004892a72656bfd313bf60
5e5296701ea70d8d2ce68a8f11a4022d3b574081117fbbd97463b1424035f6a5,MITDB_P118,118,925000000,1,20260927,MODEL_V2_TCN_MEANMAX,MODEL_V2_OPTIMIZER_CORRECTED_V1,1,6.0649871826171875,0.9976825714111328,18,V2-006-OPT-CORR-F01-S20260927,d65f8f5184d943417a4896f0ae87b47606c0ece1ba004892a72656bfd313bf60
5e71ca22d61386c0e8568f7907a5349fecd368e5c103bbe233cc87be407fc7b6,MITDB_P101,101,430000000,1,20260927,MODEL_V2_TCN_MEANMAX,MODEL_V2_OPTIMIZER_CORRECTED_V1,0,-6.304466247558594,0.0018247858388349414,18,V2-006-OPT-CORR-F01-S20260927,d65f8f5184d943417a4896f0ae87b47606c0ece1ba004892a72656bfd313bf60
5ea1fc333add1c4897e460656bfb3f7aa699491db38fd783021b6ceda298c41b,MITDB_P118,118,1525000000,1,20260927,MODEL_V2_TCN_MEANMAX,MODEL_V2_OPTIMIZER_CORRECTED_V1,0,-0.057182639837265015,0.48570820689201355,18,V2-006-OPT-CORR-F01-S20260927,d65f8f5184d943417a4896f0ae87b47606c0ece1ba004892a72656bfd313bf60
5eb24a55e940c50e55f09efc8e7343f6df955b42fe6531ac87fd0e83cc5652ed,MITDB_P210,210,1300000000,1,20260927,MODEL_V2_TCN_MEANMAX,MODEL_V2_OPTIMIZER_CORRECTED_V1,1,-0.2548501193523407,0.43663010001182556,18,V2-006-OPT-CORR-F01-S20260927,d65f8f5184d943417a4896f0ae87b47606c0ece1ba004892a72656bfd313bf60
5ee1c714706ea1082c3c56e83d6fced29384b3b9f9163205eda0035acaef9853,MITDB_P207,207,890000000,1,20260927,MODEL_V2_TCN_MEANMAX,MODEL_V2_OPTIMIZER_CORRECTED_V1,0,7.649762153625488,0.9995241165161133,18,V2-006-OPT-CORR-F01-S20260927,d65f8f5184d943417a4896f0ae87b47606c0ece1ba004892a72656bfd313bf60
5f39733e4d3edbf9aed7a70adeeb058b85c8c9d8339b9ce7c221d095f509948e,MITDB_P207,207,315000000,1,20260927,MODEL_V2_TCN_MEANMAX,MODEL_V2_OPTIMIZER_CORRECTED_V1,0,12.4439058303833,0.9999960660934448,18,V2-006-OPT-CORR-F01-S20260927,d65f8f5184d943417a4896f0ae87b47606c0ece1ba004892a72656bfd313bf60
5f3f7ba2678b772e0bc2a346aaa7be61259d65718f3ee2b7cb851412f3f10881,MITDB_P207,207,550000000,1,20260927,MODEL_V2_TCN_MEANMAX,MODEL_V2_OPTIMIZER_CORRECTED_V1,0,11.544073104858398,0.9999903440475464,18,V2-006-OPT-CORR-F01-S20260927,d65f8f5184d943417a4896f0ae87b47606c0ece1ba004892a72656bfd313bf60
5f47b45791f80c47925bd9022a8d4544217e12aba709e1f67daf75f557df21ec,MITDB_P119,119,1600000000,1,20260927,MODEL_V2_TCN_MEANMAX,MODEL_V2_OPTIMIZER_CORRECTED_V1,1,17.995603561401367,1.0,18,V2-006-OPT-CORR-F01-S20260927,d65f8f5184d943417a4896f0ae87b47606c0ece1ba004892a72656bfd313bf60
5f63f1905b2256a1b4d483884844e33ee7ddfae4d9c63458a4e21e7aa2e8da0a,MITDB_P118,118,420000000,1,20260927,MODEL_V2_TCN_MEANMAX,MODEL_V2_OPTIMIZER_CORRECTED_V1,0,-1.2858352661132812,0.216558575630188,18,V2-006-OPT-CORR-F01-S20260927,d65f8f5184d943417a4896f0ae87b47606c0ece1ba004892a72656bfd313bf60
5f68e99ca5fe087189f7b0d1cd765c7feedd30a820075cdd623d41916cd5a26b,MITDB_P101,101,790000000,1,20260927,MODEL_V2_TCN_MEANMAX,MODEL_V2_OPTIMIZER_CORRECTED_V1,0,-6.443994998931885,0.0015875175595283508,18,V2-006-OPT-CORR-F01-S20260927,d65f8f5184d943417a4896f0ae87b47606c0ece1ba004892a72656bfd313bf60
5f6b752c40ee0d1c1a787a2a92c2423bc342e8e1c4b25de3f9d71660171fee77,MITDB_P101,101,225000000,1,20260927,MODEL_V2_TCN_MEANMAX,MODEL_V2_OPTIMIZER_CORRECTED_V1,0,-6.185276031494141,0.002055299933999777,18,V2-006-OPT-CORR-F01-S20260927,d65f8f5184d943417a4896f0ae87b47606c0ece1ba004892a72656bfd313bf60
5f8cd162937dee78b1fd634e2c777c4968f4fa471ef7fffeffcd96af52b0ea24,MITDB_P119,119,1195000000,1,20260927,MODEL_V2_TCN_MEANMAX,MODEL_V2_OPTIMIZER_CORRECTED_V1,1,16.504722595214844,0.9999998807907104,18,V2-006-OPT-CORR-F01-S20260927,d65f8f5184d943417a4896f0ae87b47606c0ece1ba004892a72656bfd313bf60
5fa656a8cf736eb8fdcaf71b5a81af54962eb636788ef5889d53ae5b208acf75,MITDB_P210,210,895000000,1,20260927,MODEL_V2_TCN_MEANMAX,MODEL_V2_OPTIMIZER_CORRECTED_V1,0,-0.12040373682975769,0.4699353873729706,18,V2-006-OPT-CORR-F01-S20260927,d65f8f5184d943417a4896f0ae87b47606c0ece1ba004892a72656bfd313bf60
5fc544411f024fc5131920984962c7da9bec6fe3c5d96ad8b1a544781c7f6d61,MITDB_P119,119,10000000,1,20260927,MODEL_V2_TCN_MEANMAX,MODEL_V2_OPTIMIZER_CORRECTED_V1,1,17.724300384521484,1.0,18,V2-006-OPT-CORR-F01-S20260927,d65f8f5184d943417a4896f0ae87b47606c0ece1ba004892a72656bfd313bf60
5fd6f68edfd4f4bf9093d9099d476cfd7cf901669d08d98749739e9d48a1fbfd,MITDB_P210,210,1170000000,1,20260927,MODEL_V2_TCN_MEANMAX,MODEL_V2_OPTIMIZER_CORRECTED_V1,1,3.142423629760742,0.9586091041564941,18,V2-006-OPT-CORR-F01-S20260927,d65f8f5184d943417a4896f0ae87b47606c0ece1ba004892a72656bfd313bf60
5fda1d9c0fc086f2cd5c8620c3b40a72e985344670de4d5d7116dd779e4af5be,MITDB_P101,101,990000000,1,20260927,MODEL_V2_TCN_MEANMAX,MODEL_V2_OPTIMIZER_CORRECTED_V1,0,-5.424110412597656,0.004389632493257523,18,V2-006-OPT-CORR-F01-S20260927,d65f8f5184d943417a4896f0ae87b47606c0ece1ba004892a72656bfd313bf60
5ffe8b0cb895c7fda0853b809735bbde3117c2cda8030b0e76e031d095915c92,MITDB_P119,119,1200000000,1,20260927,MODEL_V2_TCN_MEANMAX,MODEL_V2_OPTIMIZER_CORRECTED_V1,1,18.184385299682617,1.0,18,V2-006-OPT-CORR-F01-S20260927,d65f8f5184d943417a4896f0ae87b47606c0ece1ba004892a72656bfd313bf60
6016767e7c8e1c5b6dff64230fa737ab10b9ba9a315d267611af9bf0c564f2dd,MITDB_P122,122,270000000,1,20260927,MODEL_V2_TCN_MEANMAX,MODEL_V2_OPTIMIZER_CORRECTED_V1,0,-9.531227111816406,7.254527736222371e-05,18,V2-006-OPT-CORR-F01-S20260927,d65f8f5184d943417a4896f0ae87b47606c0ece1ba004892a72656bfd313bf60
601b01426c28b9d5643bb5ed6b5283f32ae19b22107588ec62c7775a81de39fb,MITDB_P118,118,1460000000,1,20260927,MODEL_V2_TCN_MEANMAX,MODEL_V2_OPTIMIZER_CORRECTED_V1,0,-0.2706904113292694,0.4327375888824463,18,V2-006-OPT-CORR-F01-S20260927,d65f8f5184d943417a4896f0ae87b47606c0ece1ba004892a72656bfd313bf60
6026f419562c2fe91c66ea4fd90be2b31b08b10c159d44b21fd72ccf7439a625,MITDB_P119,119,875000000,1,20260927,MODEL_V2_TCN_MEANMAX,MODEL_V2_OPTIMIZER_CORRECTED_V1,1,17.036731719970703,1.0,18,V2-006-OPT-CORR-F01-S20260927,d65f8f5184d943417a4896f0ae87b47606c0ece1ba004892a72656bfd313bf60
6036c0eae0496d438be1c8c2710473b69e4ba0ed1479ac431b830a575707b459,MITDB_P101,101,1020000000,1,20260927,MODEL_V2_TCN_MEANMAX,MODEL_V2_OPTIMIZER_CORRECTED_V1,0,-6.604560375213623,0.0013523470843210816,18,V2-006-OPT-CORR-F01-S20260927,d65f8f5184d943417a4896f0ae87b47606c0ece1ba004892a72656bfd313bf60
6092ec22fb74aea317c82bd79710007b90923c6fbda30808acb8d01523e0f26b,MITDB_P207,207,1265000000,1,20260927,MODEL_V2_TCN_MEANMAX,MODEL_V2_OPTIMIZER_CORRECTED_V1,0,7.357032299041748,0.9993622899055481,18,V2-006-OPT-CORR-F01-S20260927,d65f8f5184d943417a4896f0ae87b47606c0ece1ba004892a72656bfd313bf60
60a8849696dcba12ae4f9c277cde6801e21a63e10c4426a2caaac0b3e538332c,MITDB_P210,210,335000000,1,20260927,MODEL_V2_TCN_MEANMAX,MODEL_V2_OPTIMIZER_CORRECTED_V1,1,13.742606163024902,0.999998927116394,18,V2-006-OPT-CORR-F01-S20260927,d65f8f5184d943417a4896f0ae87b47606c0ece1ba004892a72656bfd313bf60
60ef9a27b4433e5fbd2fa74b8ff60d90257665c2a8d2a36ea0e8f4c27dd149fb,MITDB_P210,210,455000000,1,20260927,MODEL_V2_TCN_MEANMAX,MODEL_V2_OPTIMIZER_CORRECTED_V1,1,2.0224883556365967,0.8831380605697632,18,V2-006-OPT-CORR-F01-S20260927,d65f8f5184d943417a4896f0ae87b47606c0ece1ba004892a72656bfd313bf60
60f95e2f6df8556060a28351fbeaeda26b9d86ead00233e0e1d4823f3c48ad5d,MITDB_P101,101,1485000000,1,20260927,MODEL_V2_TCN_MEANMAX,MODEL_V2_OPTIMIZER_CORRECTED_V1,1,-2.0125482082366943,0.11789172142744064,18,V2-006-OPT-CORR-F01-S20260927,d65f8f5184d943417a4896f0ae87b47606c0ece1ba004892a72656bfd313bf60
611ac10c98bd46441b3aa2fcd7361e43c17526ee8224e5a62513ef07c7ca749e,MITDB_P122,122,1335000000,1,20260927,MODEL_V2_TCN_MEANMAX,MODEL_V2_OPTIMIZER_CORRECTED_V1,0,-6.819588661193848,0.001090978505089879,18,V2-006-OPT-CORR-F01-S20260927,d65f8f5184d943417a4896f0ae87b47606c0ece1ba004892a72656bfd313bf60
6134d115c6813bb6b7e58c81cffb85c6bd919dfcc116904da2ffe357d303ab93,MITDB_P122,122,1310000000,1,20260927,MODEL_V2_TCN_MEANMAX,MODEL_V2_OPTIMIZER_CORRECTED_V1,0,-6.856966972351074,0.0010509943822398782,18,V2-006-OPT-CORR-F01-S20260927,d65f8f5184d943417a4896f0ae87b47606c0ece1ba004892a72656bfd313bf60
61398a5752df7a163511bd15f98072f663b2ab14e566aa57365b11abb2fd5f82,MITDB_P207,207,1670000000,1,20260927,MODEL_V2_TCN_MEANMAX,MODEL_V2_OPTIMIZER_CORRECTED_V1,1,-2.4572389125823975,0.07891079038381577,18,V2-006-OPT-CORR-F01-S20260927,d65f8f5184d943417a4896f0ae87b47606c0ece1ba004892a72656bfd313bf60
613b5032b199a3e0a70e2352413ea114eb3c30680f65bf1edb2eb20d4c25fc40,MITDB_P210,210,1330000000,1,20260927,MODEL_V2_TCN_MEANMAX,MODEL_V2_OPTIMIZER_CORRECTED_V1,0,-0.5643088221549988,0.3625510632991791,18,V2-006-OPT-CORR-F01-S20260927,d65f8f5184d943417a4896f0ae87b47606c0ece1ba004892a72656bfd313bf60
614a21523e3a693502d85c46027cfb064ffc6b7678c18ad9123eaee3ec8f7ea6,MITDB_P101,101,1475000000,1,20260927,MODEL_V2_TCN_MEANMAX,MODEL_V2_OPTIMIZER_CORRECTED_V1,0,-6.19124698638916,0.0020430893637239933,18,V2-006-OPT-CORR-F01-S20260927,d65f8f5184d943417a4896f0ae87b47606c0ece1ba004892a72656bfd313bf60
616e45383b08c600c50306dd5c754e5004466be661872c31dd20e12ef01c21af,MITDB_P119,119,1080000000,1,20260927,MODEL_V2_TCN_MEANMAX,MODEL_V2_OPTIMIZER_CORRECTED_V1,1,19.571989059448242,1.0,18,V2-006-OPT-CORR-F01-S20260927,d65f8f5184d943417a4896f0ae87b47606c0ece1ba004892a72656bfd313bf60
61a9b13f92ee3af755a0d0a97aabec8d5e1a41f0753c23901947f3034b27f137,MITDB_P207,207,715000000,1,20260927,MODEL_V2_TCN_MEANMAX,MODEL_V2_OPTIMIZER_CORRECTED_V1,0,8.128281593322754,0.9997050166130066,18,V2-006-OPT-CORR-F01-S20260927,d65f8f5184d943417a4896f0ae87b47606c0ece1ba004892a72656bfd313bf60
61bb1b42c913a533cb633a243c58f57555d772b3d92906a432ad5de08278d63f,MITDB_P207,207,1470000000,1,20260927,MODEL_V2_TCN_MEANMAX,MODEL_V2_OPTIMIZER_CORRECTED_V1,0,6.26249885559082,0.9980971217155457,18,V2-006-OPT-CORR-F01-S20260927,d65f8f5184d943417a4896f0ae87b47606c0ece1ba004892a72656bfd313bf60
61bbba8e59b81c29849c99bbe5e702e137aad16453dcd59bafdab2be43635571,MITDB_P119,119,975000000,1,20260927,MODEL_V2_TCN_MEANMAX,MODEL_V2_OPTIMIZER_CORRECTED_V1,1,13.839942932128906,0.9999990463256836,18,V2-006-OPT-CORR-F01-S20260927,d65f8f5184d943417a4896f0ae87b47606c0ece1ba004892a72656bfd313bf60
6235fa60e19e372d2584708a061ca893ea65687f17cbda81fd050b300857eb18,MITDB_P118,118,480000000,1,20260927,MODEL_V2_TCN_MEANMAX,MODEL_V2_OPTIMIZER_CORRECTED_V1,0,0.9910470247268677,0.7292947173118591,18,V2-006-OPT-CORR-F01-S20260927,d65f8f5184d943417a4896f0ae87b47606c0ece1ba004892a72656bfd313bf60
623a5a68199b30fd206e31909219fd75fe381836182086beffc2691feb23c2f1,MITDB_P210,210,565000000,1,20260927,MODEL_V2_TCN_MEANMAX,MODEL_V2_OPTIMIZER_CORRECTED_V1,1,4.150890350341797,0.9844937920570374,18,V2-006-OPT-CORR-F01-S20260927,d65f8f5184d943417a4896f0ae87b47606c0ece1ba004892a72656bfd313bf60
62541d87c5a7781f09971a45240fe90893a7427cf79d8d01f017df7cba0357af,MITDB_P101,101,710000000,1,20260927,MODEL_V2_TCN_MEANMAX,MODEL_V2_OPTIMIZER_CORRECTED_V1,0,-6.329493522644043,0.0017797633772715926,18,V2-006-OPT-CORR-F01-S20260927,d65f8f5184d943417a4896f0ae87b47606c0ece1ba004892a72656bfd313bf60
6268960a8b5003bc81637ce97016c0b02aa0bcfb4007178a925ea629acb336c6,MITDB_P118,118,785000000,1,20260927,MODEL_V2_TCN_MEANMAX,MODEL_V2_OPTIMIZER_CORRECTED_V1,1,7.417331695556641,0.9993996620178223,18,V2-006-OPT-CORR-F01-S20260927,d65f8f5184d943417a4896f0ae87b47606c0ece1ba004892a72656bfd313bf60
62695711072d282ccb4a87c70b4fc0bbf584bd665c98bda86d94b4c5594bbb7d,MITDB_P210,210,130000000,1,20260927,MODEL_V2_TCN_MEANMAX,MODEL_V2_OPTIMIZER_CORRECTED_V1,1,17.365678787231445,1.0,18,V2-006-OPT-CORR-F01-S20260927,d65f8f5184d943417a4896f0ae87b47606c0ece1ba004892a72656bfd313bf60
6279db685c81377c9178b67af4713509e87558f840597fc9e1477038a06b1c7a,MITDB_P122,122,1110000000,1,20260927,MODEL_V2_TCN_MEANMAX,MODEL_V2_OPTIMIZER_CORRECTED_V1,0,-8.233175277709961,0.0002656207652762532,18,V2-006-OPT-CORR-F01-S20260927,d65f8f5184d943417a4896f0ae87b47606c0ece1ba004892a72656bfd313bf60
62b0b3ffaa8d8eaade1e8c011ea78e494fc9128f84fcf168245b94fcacab058f,MITDB_P119,119,695000000,1,20260927,MODEL_V2_TCN_MEANMAX,MODEL_V2_OPTIMIZER_CORRECTED_V1,1,17.824642181396484,1.0,18,V2-006-OPT-CORR-F01-S20260927,d65f8f5184d943417a4896f0ae87b47606c0ece1ba004892a72656bfd313bf60
62b2e799ed82ee71680ffbc76f3bb7b8ea6fdff8d59494cf2d22e1b8a3da9079,MITDB_P210,210,1225000000,1,20260927,MODEL_V2_TCN_MEANMAX,MODEL_V2_OPTIMIZER_CORRECTED_V1,1,2.042814254760742,0.8852195739746094,18,V2-006-OPT-CORR-F01-S20260927,d65f8f5184d943417a4896f0ae87b47606c0ece1ba004892a72656bfd313bf60
62c8161e7bfa5d29186fc4b49f37f5707440fb4b879bdb1b7cddaf119577dc8d,MITDB_P118,118,705000000,1,20260927,MODEL_V2_TCN_MEANMAX,MODEL_V2_OPTIMIZER_CORRECTED_V1,1,0.9654748439788818,0.7242165803909302,18,V2-006-OPT-CORR-F01-S20260927,d65f8f5184d943417a4896f0ae87b47606c0ece1ba004892a72656bfd313bf60
62cf16acd83c2813d39fab9101d0f7d0a8779563b6683b7c487a69ed59210a3d,MITDB_P119,119,40000000,1,20260927,MODEL_V2_TCN_MEANMAX,MODEL_V2_OPTIMIZER_CORRECTED_V1,1,13.390249252319336,0.9999984502792358,18,V2-006-OPT-CORR-F01-S20260927,d65f8f5184d943417a4896f0ae87b47606c0ece1ba004892a72656bfd313bf60
62d5f23700214c6580613fe494e46df63dddfa42ff8464a4b66f2a1273d47b99,MITDB_P122,122,225000000,1,20260927,MODEL_V2_TCN_MEANMAX,MODEL_V2_OPTIMIZER_CORRECTED_V1,0,-8.424500465393066,0.00021937677229288965,18,V2-006-OPT-CORR-F01-S20260927,d65f8f5184d943417a4896f0ae87b47606c0ece1ba004892a72656bfd313bf60
630fd2390d9b593d529f9b4981b2d34b2f964b688bc2dcecf776771efd95475d,MITDB_P101,101,795000000,1,20260927,MODEL_V2_TCN_MEANMAX,MODEL_V2_OPTIMIZER_CORRECTED_V1,0,-6.364444732666016,0.001718738116323948,18,V2-006-OPT-CORR-F01-S20260927,d65f8f5184d943417a4896f0ae87b47606c0ece1ba004892a72656bfd313bf60
6331a774e53f564fef9743d925bf8c2b4f0076aea2b37bc0d29b24cd60c7fb48,MITDB_P122,122,200000000,1,20260927,MODEL_V2_TCN_MEANMAX,MODEL_V2_OPTIMIZER_CORRECTED_V1,0,-9.368351936340332,8.537669782526791e-05,18,V2-006-OPT-CORR-F01-S20260927,d65f8f5184d943417a4896f0ae87b47606c0ece1ba004892a72656bfd313bf60
634b001dbc0e4d93cd24e4b5c2dafc1a4fd00f82ed3b60d9cbfee453ab363cb2,MITDB_P101,101,540000000,1,20260927,MODEL_V2_TCN_MEANMAX,MODEL_V2_OPTIMIZER_CORRECTED_V1,0,-5.960112571716309,0.0025729844346642494,18,V2-006-OPT-CORR-F01-S20260927,d65f8f5184d943417a4896f0ae87b47606c0ece1ba004892a72656bfd313bf60
6360b27009ab0ddff2e09cef9d166844c1367057be9d1156fa19a798d89b1b6d,MITDB_P207,207,140000000,1,20260927,MODEL_V2_TCN_MEANMAX,MODEL_V2_OPTIMIZER_CORRECTED_V1,1,13.192926406860352,0.9999980926513672,18,V2-006-OPT-CORR-F01-S20260927,d65f8f5184d943417a4896f0ae87b47606c0ece1ba004892a72656bfd313bf60
6374c5759647e87a8c075cf511ba74e6747ceb3e6e51a4e92fda7435a656d9e2,MITDB_P122,122,405000000,1,20260927,MODEL_V2_TCN_MEANMAX,MODEL_V2_OPTIMIZER_CORRECTED_V1,0,-7.044430255889893,0.0008714935393072665,18,V2-006-OPT-CORR-F01-S20260927,d65f8f5184d943417a4896f0ae87b47606c0ece1ba004892a72656bfd313bf60
639a816804659ae68ceaaff4fd4eec97f1fea44764504fd3e977feff9ec61766,MITDB_P210,210,1730000000,1,20260927,MODEL_V2_TCN_MEANMAX,MODEL_V2_OPTIMIZER_CORRECTED_V1,0,-0.33413609862327576,0.4172345697879791,18,V2-006-OPT-CORR-F01-S20260927,d65f8f5184d943417a4896f0ae87b47606c0ece1ba004892a72656bfd313bf60
63c615e96c6a97b942103e682f9a14972745f0db8d4de22855ab496ad947b3dd,MITDB_P119,119,1500000000,1,20260927,MODEL_V2_TCN_MEANMAX,MODEL_V2_OPTIMIZER_CORRECTED_V1,1,14.829869270324707,0.9999996423721313,18,V2-006-OPT-CORR-F01-S20260927,d65f8f5184d943417a4896f0ae87b47606c0ece1ba004892a72656bfd313bf60
63d1907937e407ea7fb2f1ca9641d811cfb0a5146ba2f78fa660fefde1dd4dec,MITDB_P101,101,355000000,1,20260927,MODEL_V2_TCN_MEANMAX,MODEL_V2_OPTIMIZER_CORRECTED_V1,0,-6.444077014923096,0.0015873875236138701,18,V2-006-OPT-CORR-F01-S20260927,d65f8f5184d943417a4896f0ae87b47606c0ece1ba004892a72656bfd313bf60
640afa4d432ae0ea795d5b78fac99451f80b220b9bafa6f3a5229d8768b414e4,MITDB_P119,119,25000000,1,20260927,MODEL_V2_TCN_MEANMAX,MODEL_V2_OPTIMIZER_CORRECTED_V1,1,16.811031341552734,1.0,18,V2-006-OPT-CORR-F01-S20260927,d65f8f5184d943417a4896f0ae87b47606c0ece1ba004892a72656bfd313bf60
64132ecc8eac299622ffc9db4dce8ccdb20cfd6df9217eeab8ba10b806e8cfa9,MITDB_P207,207,1785000000,1,20260927,MODEL_V2_TCN_MEANMAX,MODEL_V2_OPTIMIZER_CORRECTED_V1,1,-0.6025434732437134,0.3537620007991791,18,V2-006-OPT-CORR-F01-S20260927,d65f8f5184d943417a4896f0ae87b47606c0ece1ba004892a72656bfd313bf60
642e69e0b75144ce7982e6c68ce1923b8ddd7dae20e77ce8041e07a073bbfa2c,MITDB_P101,101,15000000,1,20260927,MODEL_V2_TCN_MEANMAX,MODEL_V2_OPTIMIZER_CORRECTED_V1,0,-6.365009784698486,0.0017177688423544168,18,V2-006-OPT-CORR-F01-S20260927,d65f8f5184d943417a4896f0ae87b47606c0ece1ba004892a72656bfd313bf60
64449ae3ae7d2111ab35810cfb3856c880325d150acce640a25bb5d379707737,MITDB_P118,118,1365000000,1,20260927,MODEL_V2_TCN_MEANMAX,MODEL_V2_OPTIMIZER_CORRECTED_V1,1,2.3612112998962402,0.913821280002594,18,V2-006-OPT-CORR-F01-S20260927,d65f8f5184d943417a4896f0ae87b47606c0ece1ba004892a72656bfd313bf60
644aca91004f1ec57b5af1c4a8ac945ab966eb87a7e79f7c564667963915effe,MITDB_P101,101,755000000,1,20260927,MODEL_V2_TCN_MEANMAX,MODEL_V2_OPTIMIZER_CORRECTED_V1,0,-6.2499895095825195,0.0019267548341304064,18,V2-006-OPT-CORR-F01-S20260927,d65f8f5184d943417a4896f0ae87b47606c0ece1ba004892a72656bfd313bf60
645b8361d3b1b2bf5497446567bb3a5bd14af0849c7a5344a1f66c14b4309c2c,MITDB_P207,207,975000000,1,20260927,MODEL_V2_TCN_MEANMAX,MODEL_V2_OPTIMIZER_CORRECTED_V1,0,9.406303405761719,0.99991774559021,18,V2-006-OPT-CORR-F01-S20260927,d65f8f5184d943417a4896f0ae87b47606c0ece1ba004892a72656bfd313bf60
645c88762b4c62b2de42eff6d10aeccf0c4bc22dc0e908b60830eeea95152330,MITDB_P122,122,705000000,1,20260927,MODEL_V2_TCN_MEANMAX,MODEL_V2_OPTIMIZER_CORRECTED_V1,0,-5.639432430267334,0.003542293095961213,18,V2-006-OPT-CORR-F01-S20260927,d65f8f5184d943417a4896f0ae87b47606c0ece1ba004892a72656bfd313bf60
6468c1a1bc3d84e659763320cbc5d9df4d6df8d69d88ed09e9a8ce2347de3d51,MITDB_P210,210,480000000,1,20260927,MODEL_V2_TCN_MEANMAX,MODEL_V2_OPTIMIZER_CORRECTED_V1,1,0.7283124923706055,0.6744348406791687,18,V2-006-OPT-CORR-F01-S20260927,d65f8f5184d943417a4896f0ae87b47606c0ece1ba004892a72656bfd313bf60
6469f0fed3004fb742fe5490001eb13f86e584bb588153e4bdc3716d426f767e,MITDB_P118,118,1015000000,1,20260927,MODEL_V2_TCN_MEANMAX,MODEL_V2_OPTIMIZER_CORRECTED_V1,1,1.6999757289886475,0.8455315232276917,18,V2-006-OPT-CORR-F01-S20260927,d65f8f5184d943417a4896f0ae87b47606c0ece1ba004892a72656bfd313bf60
6486af5aafab42ab72490092fcc651a49e59813a2d96827c00d700b737861856,MITDB_P118,118,40000000,1,20260927,MODEL_V2_TCN_MEANMAX,MODEL_V2_OPTIMIZER_CORRECTED_V1,1,2.7086968421936035,0.9375379085540771,18,V2-006-OPT-CORR-F01-S20260927,d65f8f5184d943417a4896f0ae87b47606c0ece1ba004892a72656bfd313bf60
64acbac0934237e5137b2568454dee9dc4952e63d5c87d6650a0e112626d3881,MITDB_P210,210,575000000,1,20260927,MODEL_V2_TCN_MEANMAX,MODEL_V2_OPTIMIZER_CORRECTED_V1,0,-0.7066117525100708,0.3303479552268982,18,V2-006-OPT-CORR-F01-S20260927,d65f8f5184d943417a4896f0ae87b47606c0ece1ba004892a72656bfd313bf60
64b53b5916c58aa7cb3d7bb308da8885122c51551848d98e9458b1b8891d8936,MITDB_P101,101,470000000,1,20260927,MODEL_V2_TCN_MEANMAX,MODEL_V2_OPTIMIZER_CORRECTED_V1,0,-6.540284156799316,0.0014419957296922803,18,V2-006-OPT-CORR-F01-S20260927,d65f8f5184d943417a4896f0ae87b47606c0ece1ba004892a72656bfd313bf60
64bb1874dd05d0de7de622d97de17069c634d3f312058c5143c9af29bcdc9a5f,MITDB_P119,119,1755000000,1,20260927,MODEL_V2_TCN_MEANMAX,MODEL_V2_OPTIMIZER_CORRECTED_V1,0,-7.106724262237549,0.0008189041400328279,18,V2-006-OPT-CORR-F01-S20260927,d65f8f5184d943417a4896f0ae87b47606c0ece1ba004892a72656bfd313bf60
64dedce5c98b4cb257a890806bd6eea67bc34e616f238410ae34e29f1eda6c7c,MITDB_P210,210,1090000000,1,20260927,MODEL_V2_TCN_MEANMAX,MODEL_V2_OPTIMIZER_CORRECTED_V1,1,14.227228164672852,0.9999992847442627,18,V2-006-OPT-CORR-F01-S20260927,d65f8f5184d943417a4896f0ae87b47606c0ece1ba004892a72656bfd313bf60
65100e6660d7a18e101229f6c456e98f15d5afe43f2e2dde4c9aac6815a809c7,MITDB_P210,210,1250000000,1,20260927,MODEL_V2_TCN_MEANMAX,MODEL_V2_OPTIMIZER_CORRECTED_V1,0,-4.48728084564209,0.011126015335321426,18,V2-006-OPT-CORR-F01-S20260927,d65f8f5184d943417a4896f0ae87b47606c0ece1ba004892a72656bfd313bf60
651230cd81d8a80a2894563ca1cb8b72a33a5f36dea6a9d721d84678c06cefbb,MITDB_P207,207,1380000000,1,20260927,MODEL_V2_TCN_MEANMAX,MODEL_V2_OPTIMIZER_CORRECTED_V1,0,6.202884674072266,0.997980535030365,18,V2-006-OPT-CORR-F01-S20260927,d65f8f5184d943417a4896f0ae87b47606c0ece1ba004892a72656bfd313bf60
6525d05295c29423a2f612546b84b4997eb896ded3eb14d31088d482ede190a2,MITDB_P101,101,150000000,1,20260927,MODEL_V2_TCN_MEANMAX,MODEL_V2_OPTIMIZER_CORRECTED_V1,0,-4.6605939865112305,0.009372172877192497,18,V2-006-OPT-CORR-F01-S20260927,d65f8f5184d943417a4896f0ae87b47606c0ece1ba004892a72656bfd313bf60
6537218709619abad8052372a12b8d99b25090811f22806e5bd3e66fc681cd99,MITDB_P122,122,390000000,1,20260927,MODEL_V2_TCN_MEANMAX,MODEL_V2_OPTIMIZER_CORRECTED_V1,0,-6.6649017333984375,0.001273258705623448,18,V2-006-OPT-CORR-F01-S20260927,d65f8f5184d943417a4896f0ae87b47606c0ece1ba004892a72656bfd313bf60
65440b4c1d38ec30d9e68d5a2c6b38892a56485373db3bf47167cb9a6166b52f,MITDB_P122,122,1460000000,1,20260927,MODEL_V2_TCN_MEANMAX,MODEL_V2_OPTIMIZER_CORRECTED_V1,0,-5.768526554107666,0.0031146262772381306,18,V2-006-OPT-CORR-F01-S20260927,d65f8f5184d943417a4896f0ae87b47606c0ece1ba004892a72656bfd313bf60
6545e598220752ed4c1434796a5f50bb4fbd075ea64cd6294466dcc0c02bbc3c,MITDB_P118,118,1075000000,1,20260927,MODEL_V2_TCN_MEANMAX,MODEL_V2_OPTIMIZER_CORRECTED_V1,0,2.122342109680176,0.89305579662323,18,V2-006-OPT-CORR-F01-S20260927,d65f8f5184d943417a4896f0ae87b47606c0ece1ba004892a72656bfd313bf60
657f830efc80bd038f2b6b26e81dc3f0f92365fd9aeb088734a5720731f883fa,MITDB_P101,101,745000000,1,20260927,MODEL_V2_TCN_MEANMAX,MODEL_V2_OPTIMIZER_CORRECTED_V1,0,-6.109669208526611,0.0022163623943924904,18,V2-006-OPT-CORR-F01-S20260927,d65f8f5184d943417a4896f0ae87b47606c0ece1ba004892a72656bfd313bf60
6580d34242449127bc6a1da8adf1978d04757dea313a882ee13fe787aed2abc5,MITDB_P122,122,475000000,1,20260927,MODEL_V2_TCN_MEANMAX,MODEL_V2_OPTIMIZER_CORRECTED_V1,0,-9.332659721374512,8.84787441464141e-05,18,V2-006-OPT-CORR-F01-S20260927,d65f8f5184d943417a4896f0ae87b47606c0ece1ba004892a72656bfd313bf60
65de1d9be1690490a113af8c983b29e34871af6dc502a6612b4daa151044c2db,MITDB_P210,210,1660000000,1,20260927,MODEL_V2_TCN_MEANMAX,MODEL_V2_OPTIMIZER_CORRECTED_V1,1,8.417794227600098,0.9997791647911072,18,V2-006-OPT-CORR-F01-S20260927,d65f8f5184d943417a4896f0ae87b47606c0ece1ba004892a72656bfd313bf60
660c2c25ae80f90b4a96eec5573e28c1f9014b5a882bc6959ae4e7baa18694e4,MITDB_P207,207,130000000,1,20260927,MODEL_V2_TCN_MEANMAX,MODEL_V2_OPTIMIZER_CORRECTED_V1,1,9.090802192687988,0.9998873472213745,18,V2-006-OPT-CORR-F01-S20260927,d65f8f5184d943417a4896f0ae87b47606c0ece1ba004892a72656bfd313bf60
6617a3af29c48bb8fa4a589e6c71a15e70aac4c2450ca44394102157482ed886,MITDB_P210,210,960000000,1,20260927,MODEL_V2_TCN_MEANMAX,MODEL_V2_OPTIMIZER_CORRECTED_V1,0,0.8629517555236816,0.7032769918441772,18,V2-006-OPT-CORR-F01-S20260927,d65f8f5184d943417a4896f0ae87b47606c0ece1ba004892a72656bfd313bf60
6661bc0b339372c8c09375a7eeec7323ea999b43b3b917c57d2d4c2dafa7f28d,MITDB_P207,207,1255000000,1,20260927,MODEL_V2_TCN_MEANMAX,MODEL_V2_OPTIMIZER_CORRECTED_V1,0,7.517331600189209,0.9994567036628723,18,V2-006-OPT-CORR-F01-S20260927,d65f8f5184d943417a4896f0ae87b47606c0ece1ba004892a72656bfd313bf60
669c051ef288d23bf4d2b6f0e2760a06f8577dd1d843d22c5f93e1cafd54f100,MITDB_P101,101,25000000,1,20260927,MODEL_V2_TCN_MEANMAX,MODEL_V2_OPTIMIZER_CORRECTED_V1,0,-6.691359996795654,0.0012400534469634295,18,V2-006-OPT-CORR-F01-S20260927,d65f8f5184d943417a4896f0ae87b47606c0ece1ba004892a72656bfd313bf60
66a3f2d48174700707e0d14c7e3e33171d93abbd96834959d61012dde8b5501b,MITDB_P210,210,100000000,1,20260927,MODEL_V2_TCN_MEANMAX,MODEL_V2_OPTIMIZER_CORRECTED_V1,1,6.206799507141113,0.9979883432388306,18,V2-006-OPT-CORR-F01-S20260927,d65f8f5184d943417a4896f0ae87b47606c0ece1ba004892a72656bfd313bf60
66a411de4be13d6247830fd2ec193a9ee72c1b1e25b6b8b19dcc0cd25e4a9f05,MITDB_P207,207,745000000,1,20260927,MODEL_V2_TCN_MEANMAX,MODEL_V2_OPTIMIZER_CORRECTED_V1,0,7.730814456939697,0.9995611310005188,18,V2-006-OPT-CORR-F01-S20260927,d65f8f5184d943417a4896f0ae87b47606c0ece1ba004892a72656bfd313bf60
66c5b5b3ca5cd67db25bb6964f9921adf11790fa88075fefc330e10bb362aaea,MITDB_P119,119,1595000000,1,20260927,MODEL_V2_TCN_MEANMAX,MODEL_V2_OPTIMIZER_CORRECTED_V1,1,17.812475204467773,1.0,18,V2-006-OPT-CORR-F01-S20260927,d65f8f5184d943417a4896f0ae87b47606c0ece1ba004892a72656bfd313bf60
66cb5b88b11c2665a8dd7cc13ef4ce785fb81950ae2ce7596ce751bc02b886fd,MITDB_P207,207,1365000000,1,20260927,MODEL_V2_TCN_MEANMAX,MODEL_V2_OPTIMIZER_CORRECTED_V1,0,7.91164493560791,0.9996336698532104,18,V2-006-OPT-CORR-F01-S20260927,d65f8f5184d943417a4896f0ae87b47606c0ece1ba004892a72656bfd313bf60
66dbadba9131817fe5b0d8c849b06afdf4abbf0a32113e4da53afa3261d5518e,MITDB_P119,119,1745000000,1,20260927,MODEL_V2_TCN_MEANMAX,MODEL_V2_OPTIMIZER_CORRECTED_V1,0,-8.03654956817627,0.00032331841066479683,18,V2-006-OPT-CORR-F01-S20260927,d65f8f5184d943417a4896f0ae87b47606c0ece1ba004892a72656bfd313bf60
66df0092ad7df392c5cf3a4845cb239baebc1c99347bedf0a61bb46c6a87274f,MITDB_P122,122,920000000,1,20260927,MODEL_V2_TCN_MEANMAX,MODEL_V2_OPTIMIZER_CORRECTED_V1,0,-6.213174343109131,0.0019988662097603083,18,V2-006-OPT-CORR-F01-S20260927,d65f8f5184d943417a4896f0ae87b47606c0ece1ba004892a72656bfd313bf60
66e3eb637a683eaafbe49b53d578b4db87eb88bd111f871629447672ed837053,MITDB_P207,207,1350000000,1,20260927,MODEL_V2_TCN_MEANMAX,MODEL_V2_OPTIMIZER_CORRECTED_V1,0,7.068039894104004,0.9991488456726074,18,V2-006-OPT-CORR-F01-S20260927,d65f8f5184d943417a4896f0ae87b47606c0ece1ba004892a72656bfd313bf60
66f4a8e46716eb729539d03b3bc10d6442d0195f3df3003c48d10eb673ab2d4a,MITDB_P207,207,700000000,1,20260927,MODEL_V2_TCN_MEANMAX,MODEL_V2_OPTIMIZER_CORRECTED_V1,0,9.325189590454102,0.999910831451416,18,V2-006-OPT-CORR-F01-S20260927,d65f8f5184d943417a4896f0ae87b47606c0ece1ba004892a72656bfd313bf60
672199c1892efb0eea9db5becce87bb620f17c643faa6e0b260601450a76aa73,MITDB_P210,210,305000000,1,20260927,MODEL_V2_TCN_MEANMAX,MODEL_V2_OPTIMIZER_CORRECTED_V1,1,4.938982009887695,0.9928890466690063,18,V2-006-OPT-CORR-F01-S20260927,d65f8f5184d943417a4896f0ae87b47606c0ece1ba004892a72656bfd313bf60
67238be2f25c50985d31e1f66d954c30e3ba2906a3e0c69e4f49ad694ec9c2fc,MITDB_P210,210,60000000,1,20260927,MODEL_V2_TCN_MEANMAX,MODEL_V2_OPTIMIZER_CORRECTED_V1,1,8.846223831176758,0.9998561143875122,18,V2-006-OPT-CORR-F01-S20260927,d65f8f5184d943417a4896f0ae87b47606c0ece1ba004892a72656bfd313bf60
672b000a204d86c081dee3c0210acc519dfa5ef02e8e6ccc45e958218a734e40,MITDB_P118,118,470000000,1,20260927,MODEL_V2_TCN_MEANMAX,MODEL_V2_OPTIMIZER_CORRECTED_V1,1,6.820562839508057,0.9989100694656372,18,V2-006-OPT-CORR-F01-S20260927,d65f8f5184d943417a4896f0ae87b47606c0ece1ba004892a72656bfd313bf60
6745c52afa6b77a3e9725992ec0918e592a0e5a363f8aef389957e4048f28f74,MITDB_P118,118,640000000,1,20260927,MODEL_V2_TCN_MEANMAX,MODEL_V2_OPTIMIZER_CORRECTED_V1,0,6.85770320892334,0.9989498257637024,18,V2-006-OPT-CORR-F01-S20260927,d65f8f5184d943417a4896f0ae87b47606c0ece1ba004892a72656bfd313bf60
674d371a8987d4e23a6ff11ab6a396a0b38bbc882b19525307f903ea1a61591f,MITDB_P118,118,710000000,1,20260927,MODEL_V2_TCN_MEANMAX,MODEL_V2_OPTIMIZER_CORRECTED_V1,1,1.0196270942687988,0.7348999381065369,18,V2-006-OPT-CORR-F01-S20260927,d65f8f5184d943417a4896f0ae87b47606c0ece1ba004892a72656bfd313bf60
67519218e5db5c5a7d233afdafcfedfd3165947b940f7eab0db5c1a8d678e9f6,MITDB_P210,210,760000000,1,20260927,MODEL_V2_TCN_MEANMAX,MODEL_V2_OPTIMIZER_CORRECTED_V1,0,0.005329996347427368,0.5013324618339539,18,V2-006-OPT-CORR-F01-S20260927,d65f8f5184d943417a4896f0ae87b47606c0ece1ba004892a72656bfd313bf60
675effd4626d195bb680023d5016b0e30cf8d9ab55cba086c125e1b54611705e,MITDB_P122,122,830000000,1,20260927,MODEL_V2_TCN_MEANMAX,MODEL_V2_OPTIMIZER_CORRECTED_V1,0,-8.535955429077148,0.0001962440146598965,18,V2-006-OPT-CORR-F01-S20260927,d65f8f5184d943417a4896f0ae87b47606c0ece1ba004892a72656bfd313bf60
677fe836ec3b0e576e2a0c0b51a1658dbc0630fa36ba22a9d0926b8c85bfbab0,MITDB_P210,210,975000000,1,20260927,MODEL_V2_TCN_MEANMAX,MODEL_V2_OPTIMIZER_CORRECTED_V1,1,18.215906143188477,1.0,18,V2-006-OPT-CORR-F01-S20260927,d65f8f5184d943417a4896f0ae87b47606c0ece1ba004892a72656bfd313bf60
678cc20a794b41ce08b6281bcace719661a0223b062ee266a1909c6511c6fbbb,MITDB_P119,119,1490000000,1,20260927,MODEL_V2_TCN_MEANMAX,MODEL_V2_OPTIMIZER_CORRECTED_V1,1,16.91560935974121,1.0,18,V2-006-OPT-CORR-F01-S20260927,d65f8f5184d943417a4896f0ae87b47606c0ece1ba004892a72656bfd313bf60
679cbdd43bd5d44bb9518f028d906d58ae3116a1fdfca2e6d55f083b49da258b,MITDB_P122,122,1760000000,1,20260927,MODEL_V2_TCN_MEANMAX,MODEL_V2_OPTIMIZER_CORRECTED_V1,0,-6.783518314361572,0.0011310034897178411,18,V2-006-OPT-CORR-F01-S20260927,d65f8f5184d943417a4896f0ae87b47606c0ece1ba004892a72656bfd313bf60
67a4467497f55eeb8d1133edcd5238578e8b47d620dac9608a67ac5bd6479c2b,MITDB_P118,118,440000000,1,20260927,MODEL_V2_TCN_MEANMAX,MODEL_V2_OPTIMIZER_CORRECTED_V1,1,0.006349235773086548,0.5015872716903687,18,V2-006-OPT-CORR-F01-S20260927,d65f8f5184d943417a4896f0ae87b47606c0ece1ba004892a72656bfd313bf60
67c53a9e431923a0d3221abeed946449161635ce67ac47798062195f6aa6a8fa,MITDB_P122,122,1550000000,1,20260927,MODEL_V2_TCN_MEANMAX,MODEL_V2_OPTIMIZER_CORRECTED_V1,0,-8.29746150970459,0.0002490864135324955,18,V2-006-OPT-CORR-F01-S20260927,d65f8f5184d943417a4896f0ae87b47606c0ece1ba004892a72656bfd313bf60
68526b6d8562c2df44314f5ff9191add1a5d8dc5aa302aea54c168d61fafd5de,MITDB_P122,122,980000000,1,20260927,MODEL_V2_TCN_MEANMAX,MODEL_V2_OPTIMIZER_CORRECTED_V1,0,-8.165501594543457,0.00028421319439075887,18,V2-006-OPT-CORR-F01-S20260927,d65f8f5184d943417a4896f0ae87b47606c0ece1ba004892a72656bfd313bf60
6857721a3addc0763a93dcb8c84f8aa02e8156bf600412437590c3196a26cbc1,MITDB_P122,122,1580000000,1,20260927,MODEL_V2_TCN_MEANMAX,MODEL_V2_OPTIMIZER_CORRECTED_V1,0,-7.214404582977295,0.000735367473680526,18,V2-006-OPT-CORR-F01-S20260927,d65f8f5184d943417a4896f0ae87b47606c0ece1ba004892a72656bfd313bf60
68594c1ceab52aac092b3ce395d6c0bf0bd8fa5107463cfa8fd5b39da3037f4b,MITDB_P122,122,1490000000,1,20260927,MODEL_V2_TCN_MEANMAX,MODEL_V2_OPTIMIZER_CORRECTED_V1,0,-7.022271156311035,0.0008910031756386161,18,V2-006-OPT-CORR-F01-S20260927,d65f8f5184d943417a4896f0ae87b47606c0ece1ba004892a72656bfd313bf60
68b6c7676fa68af348c0d8b555e48194c39b2a5ff5971d47f1d15ad71179a5f5,MITDB_P119,119,725000000,1,20260927,MODEL_V2_TCN_MEANMAX,MODEL_V2_OPTIMIZER_CORRECTED_V1,1,13.957300186157227,0.9999991655349731,18,V2-006-OPT-CORR-F01-S20260927,d65f8f5184d943417a4896f0ae87b47606c0ece1ba004892a72656bfd313bf60
68ff49aceb58f88bc97b6edc3ac20149536546fe8c04c5cb9c651336377b59ae,MITDB_P210,210,690000000,1,20260927,MODEL_V2_TCN_MEANMAX,MODEL_V2_OPTIMIZER_CORRECTED_V1,1,1.1903074979782104,0.7667960524559021,18,V2-006-OPT-CORR-F01-S20260927,d65f8f5184d943417a4896f0ae87b47606c0ece1ba004892a72656bfd313bf60
69145496d0a2bf12f5c67a6d57480ee212241e3a84f3348edfabb9ded3a3429f,MITDB_P101,101,1745000000,1,20260927,MODEL_V2_TCN_MEANMAX,MODEL_V2_OPTIMIZER_CORRECTED_V1,0,-6.548317909240723,0.0014304739888757467,18,V2-006-OPT-CORR-F01-S20260927,d65f8f5184d943417a4896f0ae87b47606c0ece1ba004892a72656bfd313bf60
695aa0d53fd32fa96d33ec3a17fe970d67ff0ee3740c80c3630dec8ee2da8ca3,MITDB_P207,207,875000000,1,20260927,MODEL_V2_TCN_MEANMAX,MODEL_V2_OPTIMIZER_CORRECTED_V1,0,6.799015998840332,0.9988864064216614,18,V2-006-OPT-CORR-F01-S20260927,d65f8f5184d943417a4896f0ae87b47606c0ece1ba004892a72656bfd313bf60
695f0ca58bbc088c41652e4e935336e6674d49b529c5225dc909fbd2b36506e9,MITDB_P122,122,210000000,1,20260927,MODEL_V2_TCN_MEANMAX,MODEL_V2_OPTIMIZER_CORRECTED_V1,0,-8.160819053649902,0.0002855467901099473,18,V2-006-OPT-CORR-F01-S20260927,d65f8f5184d943417a4896f0ae87b47606c0ece1ba004892a72656bfd313bf60
69e939182d0b1fe3380573e3da7619b7a6915d044b7262609dbadd739d9d5de0,MITDB_P122,122,70000000,1,20260927,MODEL_V2_TCN_MEANMAX,MODEL_V2_OPTIMIZER_CORRECTED_V1,0,-7.237386226654053,0.0007186722941696644,18,V2-006-OPT-CORR-F01-S20260927,d65f8f5184d943417a4896f0ae87b47606c0ece1ba004892a72656bfd313bf60
69f26dfb7f22d804deda9652f75f5048c185f78afe25e88e956e7a568478972d,MITDB_P118,118,1440000000,1,20260927,MODEL_V2_TCN_MEANMAX,MODEL_V2_OPTIMIZER_CORRECTED_V1,1,1.2074623107910156,0.7698496580123901,18,V2-006-OPT-CORR-F01-S20260927,d65f8f5184d943417a4896f0ae87b47606c0ece1ba004892a72656bfd313bf60
69f929c6a8447aa098e60ddfed800b3a74a4460c2320effa183b0cf0b64154f4,MITDB_P118,118,140000000,1,20260927,MODEL_V2_TCN_MEANMAX,MODEL_V2_OPTIMIZER_CORRECTED_V1,0,5.481928825378418,0.995855987071991,18,V2-006-OPT-CORR-F01-S20260927,d65f8f5184d943417a4896f0ae87b47606c0ece1ba004892a72656bfd313bf60
6a1c97e3ffff300043bfada674122fbc33e8578a2d90d122a0998c282a1113ef,MITDB_P119,119,1715000000,1,20260927,MODEL_V2_TCN_MEANMAX,MODEL_V2_OPTIMIZER_CORRECTED_V1,1,19.394311904907227,1.0,18,V2-006-OPT-CORR-F01-S20260927,d65f8f5184d943417a4896f0ae87b47606c0ece1ba004892a72656bfd313bf60
6a39dcdf52a8f159f9ee5e30119efdd77b5d82f558b402bb6f8970e404b229d3,MITDB_P118,118,425000000,1,20260927,MODEL_V2_TCN_MEANMAX,MODEL_V2_OPTIMIZER_CORRECTED_V1,0,-2.9586639404296875,0.049328625202178955,18,V2-006-OPT-CORR-F01-S20260927,d65f8f5184d943417a4896f0ae87b47606c0ece1ba004892a72656bfd313bf60
6a42ded8b78421b63f0e2313dc51549b7449edebef2b93ee9a99650ebfb0ab6a,MITDB_P207,207,755000000,1,20260927,MODEL_V2_TCN_MEANMAX,MODEL_V2_OPTIMIZER_CORRECTED_V1,0,7.8819074630737305,0.9996225833892822,18,V2-006-OPT-CORR-F01-S20260927,d65f8f5184d943417a4896f0ae87b47606c0ece1ba004892a72656bfd313bf60
6a4461c3ece41326debb4df20e260564f232788594b14921061afbf1a95c1b9a,MITDB_P122,122,135000000,1,20260927,MODEL_V2_TCN_MEANMAX,MODEL_V2_OPTIMIZER_CORRECTED_V1,0,-8.99634075164795,0.00012384688307065517,18,V2-006-OPT-CORR-F01-S20260927,d65f8f5184d943417a4896f0ae87b47606c0ece1ba004892a72656bfd313bf60
6a640858c6936bbafd39681586db169575af006e5c80bf38e83f8bc8eea6f6e2,MITDB_P122,122,765000000,1,20260927,MODEL_V2_TCN_MEANMAX,MODEL_V2_OPTIMIZER_CORRECTED_V1,0,-8.89050579071045,0.00013767104246653616,18,V2-006-OPT-CORR-F01-S20260927,d65f8f5184d943417a4896f0ae87b47606c0ece1ba004892a72656bfd313bf60
6a667cc4430992fc2585286037327ad2d09826dbed63bf0364ffbc49ff1ba704,MITDB_P207,207,480000000,1,20260927,MODEL_V2_TCN_MEANMAX,MODEL_V2_OPTIMIZER_CORRECTED_V1,0,10.114120483398438,0.9999594688415527,18,V2-006-OPT-CORR-F01-S20260927,d65f8f5184d943417a4896f0ae87b47606c0ece1ba004892a72656bfd313bf60
6a78df2fd7d17527ba0cfb49e0d2e9d1bebb3f047e97b849d1dc906ba86a41b3,MITDB_P119,119,230000000,1,20260927,MODEL_V2_TCN_MEANMAX,MODEL_V2_OPTIMIZER_CORRECTED_V1,1,18.50917625427246,1.0,18,V2-006-OPT-CORR-F01-S20260927,d65f8f5184d943417a4896f0ae87b47606c0ece1ba004892a72656bfd313bf60
6aaab422db1f3cd8760014f5e5edc82cef35b6b6688fe9271e942e652837853f,MITDB_P210,210,400000000,1,20260927,MODEL_V2_TCN_MEANMAX,MODEL_V2_OPTIMIZER_CORRECTED_V1,0,0.19664475321769714,0.5490033626556396,18,V2-006-OPT-CORR-F01-S20260927,d65f8f5184d943417a4896f0ae87b47606c0ece1ba004892a72656bfd313bf60
6aec5e1f49862a90bc009d6697477732ce3a9676c9df4c9941f582c874f4153d,MITDB_P210,210,1795000000,1,20260927,MODEL_V2_TCN_MEANMAX,MODEL_V2_OPTIMIZER_CORRECTED_V1,1,10.946381568908691,0.9999823570251465,18,V2-006-OPT-CORR-F01-S20260927,d65f8f5184d943417a4896f0ae87b47606c0ece1ba004892a72656bfd313bf60
6b08972d93ec723ecd4f09246df9893d33d72469f479e5758abbb6291c747f3b,MITDB_P122,122,1470000000,1,20260927,MODEL_V2_TCN_MEANMAX,MODEL_V2_OPTIMIZER_CORRECTED_V1,0,-6.930191993713379,0.0009768579620867968,18,V2-006-OPT-CORR-F01-S20260927,d65f8f5184d943417a4896f0ae87b47606c0ece1ba004892a72656bfd313bf60
6b2414515728ca87afc338ae280d23515d5ce3fedbaf87b6c2215fc54aafa838,MITDB_P118,118,1660000000,1,20260927,MODEL_V2_TCN_MEANMAX,MODEL_V2_OPTIMIZER_CORRECTED_V1,0,0.30315110087394714,0.5752126574516296,18,V2-006-OPT-CORR-F01-S20260927,d65f8f5184d943417a4896f0ae87b47606c0ece1ba004892a72656bfd313bf60
6b3074488dddfc93caf3bbce097abe1482c61b48a25859e4e24156dd01f57f72,MITDB_P119,119,750000000,1,20260927,MODEL_V2_TCN_MEANMAX,MODEL_V2_OPTIMIZER_CORRECTED_V1,1,14.32989501953125,0.9999994039535522,18,V2-006-OPT-CORR-F01-S20260927,d65f8f5184d943417a4896f0ae87b47606c0ece1ba004892a72656bfd313bf60
6b32ac1ef704d4cc970f9ea552ee88b3a0f08a71077f4561e026e18e87e404bd,MITDB_P207,207,1075000000,1,20260927,MODEL_V2_TCN_MEANMAX,MODEL_V2_OPTIMIZER_CORRECTED_V1,0,6.324618816375732,0.9982116222381592,18,V2-006-OPT-CORR-F01-S20260927,d65f8f5184d943417a4896f0ae87b47606c0ece1ba004892a72656bfd313bf60
6b53e204fd49864e5df6257a41c4da9d96d546493c2b8f9ae94cb3af33c9adfe,MITDB_P122,122,1475000000,1,20260927,MODEL_V2_TCN_MEANMAX,MODEL_V2_OPTIMIZER_CORRECTED_V1,0,-7.323618412017822,0.0006593355210497975,18,V2-006-OPT-CORR-F01-S20260927,d65f8f5184d943417a4896f0ae87b47606c0ece1ba004892a72656bfd313bf60
6b8c89d2102731f886b61587bca39645c50ce5629b867f2f5b9f6acb872ad90d,MITDB_P207,207,80000000,1,20260927,MODEL_V2_TCN_MEANMAX,MODEL_V2_OPTIMIZER_CORRECTED_V1,1,11.401708602905273,0.9999887943267822,18,V2-006-OPT-CORR-F01-S20260927,d65f8f5184d943417a4896f0ae87b47606c0ece1ba004892a72656bfd313bf60
6bf9a4da404fd396aaab8256e2419a9e70a96392eea6d2bffcd440be3abf26d2,MITDB_P101,101,400000000,1,20260927,MODEL_V2_TCN_MEANMAX,MODEL_V2_OPTIMIZER_CORRECTED_V1,0,-6.080925941467285,0.0022808448411524296,18,V2-006-OPT-CORR-F01-S20260927,d65f8f5184d943417a4896f0ae87b47606c0ece1ba004892a72656bfd313bf60
6bfa521df9523dffcde5f6437e7e18b594d6e5fc73bbafd64897b32b51e559db,MITDB_P118,118,540000000,1,20260927,MODEL_V2_TCN_MEANMAX,MODEL_V2_OPTIMIZER_CORRECTED_V1,1,2.843045234680176,0.9449580311775208,18,V2-006-OPT-CORR-F01-S20260927,d65f8f5184d943417a4896f0ae87b47606c0ece1ba004892a72656bfd313bf60
6bfee34ea2bf514579f15424c7ae6861ab9a2ac332085408a82ffc3619f712e3,MITDB_P207,207,465000000,1,20260927,MODEL_V2_TCN_MEANMAX,MODEL_V2_OPTIMIZER_CORRECTED_V1,0,11.509225845336914,0.9999899864196777,18,V2-006-OPT-CORR-F01-S20260927,d65f8f5184d943417a4896f0ae87b47606c0ece1ba004892a72656bfd313bf60
6c06cca914394611b457a447037b95a3468884245f39273b257948dafb571e11,MITDB_P101,101,1455000000,1,20260927,MODEL_V2_TCN_MEANMAX,MODEL_V2_OPTIMIZER_CORRECTED_V1,0,-6.821750640869141,0.0010886250529438257,18,V2-006-OPT-CORR-F01-S20260927,d65f8f5184d943417a4896f0ae87b47606c0ece1ba004892a72656bfd313bf60
6c36883346986a7f05a5650208ca55ab635b53220098bea11f1889573c8a7e6a,MITDB_P210,210,665000000,1,20260927,MODEL_V2_TCN_MEANMAX,MODEL_V2_OPTIMIZER_CORRECTED_V1,1,3.95224666595459,0.9811505675315857,18,V2-006-OPT-CORR-F01-S20260927,d65f8f5184d943417a4896f0ae87b47606c0ece1ba004892a72656bfd313bf60
6c6ccc0fcdd42ea35b8e3a2ca6bd7cc149dddc032cca2b4f4389fc49c54e9e84,MITDB_P119,119,220000000,1,20260927,MODEL_V2_TCN_MEANMAX,MODEL_V2_OPTIMIZER_CORRECTED_V1,1,14.87142562866211,0.9999996423721313,18,V2-006-OPT-CORR-F01-S20260927,d65f8f5184d943417a4896f0ae87b47606c0ece1ba004892a72656bfd313bf60
6c9bab776dcb77de70ac380b01fd46679c6dfc33beabcec57024b668e288c1db,MITDB_P210,210,285000000,1,20260927,MODEL_V2_TCN_MEANMAX,MODEL_V2_OPTIMIZER_CORRECTED_V1,1,-1.1826374530792236,0.23457829654216766,18,V2-006-OPT-CORR-F01-S20260927,d65f8f5184d943417a4896f0ae87b47606c0ece1ba004892a72656bfd313bf60
6ca6a09ce9f064ec30328a8c50a1d262de16663c7e9642ff6ea2594eebed4783,MITDB_P210,210,345000000,1,20260927,MODEL_V2_TCN_MEANMAX,MODEL_V2_OPTIMIZER_CORRECTED_V1,0,-2.0904903411865234,0.11002454906702042,18,V2-006-OPT-CORR-F01-S20260927,d65f8f5184d943417a4896f0ae87b47606c0ece1ba004892a72656bfd313bf60
6cae0b4917ae448754ec1e92c7031ef028ca19bb02a45c208299e851af8de2eb,MITDB_P118,118,1545000000,1,20260927,MODEL_V2_TCN_MEANMAX,MODEL_V2_OPTIMIZER_CORRECTED_V1,0,2.1908607482910156,0.8994258046150208,18,V2-006-OPT-CORR-F01-S20260927,d65f8f5184d943417a4896f0ae87b47606c0ece1ba004892a72656bfd313bf60
6cde3bcdeab4bcaf11a0db411b7686898889153ad53eb093051138877bebd641,MITDB_P101,101,1440000000,1,20260927,MODEL_V2_TCN_MEANMAX,MODEL_V2_OPTIMIZER_CORRECTED_V1,0,-6.329691410064697,0.0017794118029996753,18,V2-006-OPT-CORR-F01-S20260927,d65f8f5184d943417a4896f0ae87b47606c0ece1ba004892a72656bfd313bf60
6d0fd42df08a995440bb589286bad501b972273ba7ff181c987109e36c2bc139,MITDB_P122,122,445000000,1,20260927,MODEL_V2_TCN_MEANMAX,MODEL_V2_OPTIMIZER_CORRECTED_V1,0,-8.92696762084961,0.00013274236698634923,18,V2-006-OPT-CORR-F01-S20260927,d65f8f5184d943417a4896f0ae87b47606c0ece1ba004892a72656bfd313bf60
6d2ca3c9e40d3713a441adeffc0a2475a5cca9ca030599ee2b6a5a2c81eae138,MITDB_P210,210,1690000000,1,20260927,MODEL_V2_TCN_MEANMAX,MODEL_V2_OPTIMIZER_CORRECTED_V1,0,-5.654417037963867,0.003489792812615633,18,V2-006-OPT-CORR-F01-S20260927,d65f8f5184d943417a4896f0ae87b47606c0ece1ba004892a72656bfd313bf60
6d2eb6cdd677c5448d53a4fc60469415174ad578dea856f60cd1dfdad02fc8b1,MITDB_P119,119,405000000,1,20260927,MODEL_V2_TCN_MEANMAX,MODEL_V2_OPTIMIZER_CORRECTED_V1,0,-5.777472496032715,0.0030869729816913605,18,V2-006-OPT-CORR-F01-S20260927,d65f8f5184d943417a4896f0ae87b47606c0ece1ba004892a72656bfd313bf60
6d9a41a3871677616ee15e0bb7073eb77eab97241f0baa77ebbe2964eb7a34e6,MITDB_P210,210,870000000,1,20260927,MODEL_V2_TCN_MEANMAX,MODEL_V2_OPTIMIZER_CORRECTED_V1,1,-2.362410545349121,0.08608435839414597,18,V2-006-OPT-CORR-F01-S20260927,d65f8f5184d943417a4896f0ae87b47606c0ece1ba004892a72656bfd313bf60
6d9d1e4e9ca67e9fea0d9796661ee1ea4edec6db7c4352512d9169af0b9d6fdd,MITDB_P210,210,1565000000,1,20260927,MODEL_V2_TCN_MEANMAX,MODEL_V2_OPTIMIZER_CORRECTED_V1,1,3.780928134918213,0.977706789970398,18,V2-006-OPT-CORR-F01-S20260927,d65f8f5184d943417a4896f0ae87b47606c0ece1ba004892a72656bfd313bf60
6da3893a520f825a8ffc1f35362e92de2219e9d35896d457dbc4245a5fa7bebd,MITDB_P118,118,1145000000,1,20260927,MODEL_V2_TCN_MEANMAX,MODEL_V2_OPTIMIZER_CORRECTED_V1,0,2.348533868789673,0.912817656993866,18,V2-006-OPT-CORR-F01-S20260927,d65f8f5184d943417a4896f0ae87b47606c0ece1ba004892a72656bfd313bf60
6de1586600f2f0f11b01eb78a34217f131fd8b97d44857759dc70e9244ff3d67,MITDB_P210,210,1245000000,1,20260927,MODEL_V2_TCN_MEANMAX,MODEL_V2_OPTIMIZER_CORRECTED_V1,1,9.799935340881348,0.9999445676803589,18,V2-006-OPT-CORR-F01-S20260927,d65f8f5184d943417a4896f0ae87b47606c0ece1ba004892a72656bfd313bf60
6e31297d80bdb162bf0ad357f0fb0f647c0ecd7c73f775c097edc83a6b71cd71,MITDB_P207,207,630000000,1,20260927,MODEL_V2_TCN_MEANMAX,MODEL_V2_OPTIMIZER_CORRECTED_V1,0,10.268651962280273,0.9999653100967407,18,V2-006-OPT-CORR-F01-S20260927,d65f8f5184d943417a4896f0ae87b47606c0ece1ba004892a72656bfd313bf60
6e4f1c44eb212dda9ba5ab47b79cde8c406820e16e30f83d140bc9b912d96c97,MITDB_P210,210,435000000,1,20260927,MODEL_V2_TCN_MEANMAX,MODEL_V2_OPTIMIZER_CORRECTED_V1,0,1.943873643875122,0.8747770190238953,18,V2-006-OPT-CORR-F01-S20260927,d65f8f5184d943417a4896f0ae87b47606c0ece1ba004892a72656bfd313bf60
6e55dec027a89686c66164b54514395e1f8e1a121336671d1e37e21e71ac3d5b,MITDB_P122,122,1495000000,1,20260927,MODEL_V2_TCN_MEANMAX,MODEL_V2_OPTIMIZER_CORRECTED_V1,0,-8.113089561462402,0.0002995021059177816,18,V2-006-OPT-CORR-F01-S20260927,d65f8f5184d943417a4896f0ae87b47606c0ece1ba004892a72656bfd313bf60
6e8011cc17e2bb59512e8b3eeaf21885dd7fd8d1b36b614091ecb582c8c525d4,MITDB_P118,118,965000000,1,20260927,MODEL_V2_TCN_MEANMAX,MODEL_V2_OPTIMIZER_CORRECTED_V1,1,6.325556755065918,0.9982132911682129,18,V2-006-OPT-CORR-F01-S20260927,d65f8f5184d943417a4896f0ae87b47606c0ece1ba004892a72656bfd313bf60
6e8490f806bceedfe0d167433c3ec688a7244e39dfb2d51a3376782594bbbadf,MITDB_P119,119,620000000,1,20260927,MODEL_V2_TCN_MEANMAX,MODEL_V2_OPTIMIZER_CORRECTED_V1,1,17.2033748626709,1.0,18,V2-006-OPT-CORR-F01-S20260927,d65f8f5184d943417a4896f0ae87b47606c0ece1ba004892a72656bfd313bf60
6edc357cab8345a63edaeac979a93e7f28ca059edb1f0a42c305c6ed50dbd9ca,MITDB_P118,118,1150000000,1,20260927,MODEL_V2_TCN_MEANMAX,MODEL_V2_OPTIMIZER_CORRECTED_V1,0,2.329806327819824,0.9113156795501709,18,V2-006-OPT-CORR-F01-S20260927,d65f8f5184d943417a4896f0ae87b47606c0ece1ba004892a72656bfd313bf60
6ef3db42db59697b1dead2229a3238a822e775e8ca64fea27608f5f84df1769e,MITDB_P118,118,345000000,1,20260927,MODEL_V2_TCN_MEANMAX,MODEL_V2_OPTIMIZER_CORRECTED_V1,0,4.9206929206848145,0.9927587509155273,18,V2-006-OPT-CORR-F01-S20260927,d65f8f5184d943417a4896f0ae87b47606c0ece1ba004892a72656bfd313bf60
6efd896f31ffc3dbc746e06c29298b28af89c16d407d55013a1fbaa056d4fce9,MITDB_P119,119,915000000,1,20260927,MODEL_V2_TCN_MEANMAX,MODEL_V2_OPTIMIZER_CORRECTED_V1,1,17.056406021118164,1.0,18,V2-006-OPT-CORR-F01-S20260927,d65f8f5184d943417a4896f0ae87b47606c0ece1ba004892a72656bfd313bf60
6f1395c9b9bf1b72ab3b91a797224c9dc0a963c4b9b2e0e453f57bb588f87656,MITDB_P210,210,1335000000,1,20260927,MODEL_V2_TCN_MEANMAX,MODEL_V2_OPTIMIZER_CORRECTED_V1,1,16.739137649536133,1.0,18,V2-006-OPT-CORR-F01-S20260927,d65f8f5184d943417a4896f0ae87b47606c0ece1ba004892a72656bfd313bf60
6f25006053fcfdc7fd098b7d262bc1bdc2d043592d7982c21c18c1b193a654f7,MITDB_P207,207,1710000000,1,20260927,MODEL_V2_TCN_MEANMAX,MODEL_V2_OPTIMIZER_CORRECTED_V1,1,3.891700267791748,0.9799976348876953,18,V2-006-OPT-CORR-F01-S20260927,d65f8f5184d943417a4896f0ae87b47606c0ece1ba004892a72656bfd313bf60
6f96721bc7532ad60e544504ec8e47489bcb213ad1cb73d76d7f13ad072de6ee,MITDB_P101,101,1190000000,1,20260927,MODEL_V2_TCN_MEANMAX,MODEL_V2_OPTIMIZER_CORRECTED_V1,0,-6.043149948120117,0.002368445973843336,18,V2-006-OPT-CORR-F01-S20260927,d65f8f5184d943417a4896f0ae87b47606c0ece1ba004892a72656bfd313bf60
6fbb21feaf64faa4501c2f56816de5feee3b50e253058559709b112c1922e46e,MITDB_P118,118,495000000,1,20260927,MODEL_V2_TCN_MEANMAX,MODEL_V2_OPTIMIZER_CORRECTED_V1,1,1.2608468532562256,0.779171884059906,18,V2-006-OPT-CORR-F01-S20260927,d65f8f5184d943417a4896f0ae87b47606c0ece1ba004892a72656bfd313bf60
6ffc3d108a0984d63af1e41acea556a8f38d0ca3a4ebcf6060641e54c33343a4,MITDB_P119,119,1410000000,1,20260927,MODEL_V2_TCN_MEANMAX,MODEL_V2_OPTIMIZER_CORRECTED_V1,1,16.492633819580078,0.9999998807907104,18,V2-006-OPT-CORR-F01-S20260927,d65f8f5184d943417a4896f0ae87b47606c0ece1ba004892a72656bfd313bf60
700bd31a6e6b0942b2ce7e574306744594400f9992f9e082fe8df57c1b53cfd4,MITDB_P207,207,15000000,1,20260927,MODEL_V2_TCN_MEANMAX,MODEL_V2_OPTIMIZER_CORRECTED_V1,1,13.88939380645752,0.9999990463256836,18,V2-006-OPT-CORR-F01-S20260927,d65f8f5184d943417a4896f0ae87b47606c0ece1ba004892a72656bfd313bf60
70125ca7d65a9d2f6afeae2f5108a58e266cf27c15c4352f536ddbd3e91f5f36,MITDB_P207,207,170000000,1,20260927,MODEL_V2_TCN_MEANMAX,MODEL_V2_OPTIMIZER_CORRECTED_V1,1,4.937517166137695,0.9928787350654602,18,V2-006-OPT-CORR-F01-S20260927,d65f8f5184d943417a4896f0ae87b47606c0ece1ba004892a72656bfd313bf60
7013134f0507e809b15c6f158f638713d49d52eb77ec884481f9a659e59cae83,MITDB_P118,118,885000000,1,20260927,MODEL_V2_TCN_MEANMAX,MODEL_V2_OPTIMIZER_CORRECTED_V1,0,4.801689624786377,0.9918510317802429,18,V2-006-OPT-CORR-F01-S20260927,d65f8f5184d943417a4896f0ae87b47606c0ece1ba004892a72656bfd313bf60
7015c31e8ad9738cd8e1bb453fabba9352506198954db4595ed7d93e74c7829c,MITDB_P118,118,1670000000,1,20260927,MODEL_V2_TCN_MEANMAX,MODEL_V2_OPTIMIZER_CORRECTED_V1,1,1.6212695837020874,0.8349701762199402,18,V2-006-OPT-CORR-F01-S20260927,d65f8f5184d943417a4896f0ae87b47606c0ece1ba004892a72656bfd313bf60
70294eb2a08e727bdeb2caea7a6f9b2d5efb33c8f7241c7d221bb2227fe5110b,MITDB_P119,119,400000000,1,20260927,MODEL_V2_TCN_MEANMAX,MODEL_V2_OPTIMIZER_CORRECTED_V1,1,19.22298240661621,1.0,18,V2-006-OPT-CORR-F01-S20260927,d65f8f5184d943417a4896f0ae87b47606c0ece1ba004892a72656bfd313bf60
70462f4df6e38d0a08403428240067db572408bae83474d6498b117cab033450,MITDB_P210,210,525000000,1,20260927,MODEL_V2_TCN_MEANMAX,MODEL_V2_OPTIMIZER_CORRECTED_V1,1,12.659652709960938,0.9999967813491821,18,V2-006-OPT-CORR-F01-S20260927,d65f8f5184d943417a4896f0ae87b47606c0ece1ba004892a72656bfd313bf60
707b6ecfac8b2ef35f7a1e4be5e99db38eda26a85a33efd1c27954542b14246f,MITDB_P101,101,1540000000,1,20260927,MODEL_V2_TCN_MEANMAX,MODEL_V2_OPTIMIZER_CORRECTED_V1,0,-5.54394006729126,0.0038958496879786253,18,V2-006-OPT-CORR-F01-S20260927,d65f8f5184d943417a4896f0ae87b47606c0ece1ba004892a72656bfd313bf60
7086ddaaf77ae4db0a4b35a17a11ee99bbf0b059d544599ebbdcfbcb1157a2fa,MITDB_P122,122,915000000,1,20260927,MODEL_V2_TCN_MEANMAX,MODEL_V2_OPTIMIZER_CORRECTED_V1,0,-5.738552093505859,0.003209094749763608,18,V2-006-OPT-CORR-F01-S20260927,d65f8f5184d943417a4896f0ae87b47606c0ece1ba004892a72656bfd313bf60
7088e8ee09b902a481183e793e70360d01c48a0a04b278dcc417c8665c991c02,MITDB_P210,210,1630000000,1,20260927,MODEL_V2_TCN_MEANMAX,MODEL_V2_OPTIMIZER_CORRECTED_V1,1,4.170348167419434,0.9847880601882935,18,V2-006-OPT-CORR-F01-S20260927,d65f8f5184d943417a4896f0ae87b47606c0ece1ba004892a72656bfd313bf60
70899bbf06ae3671b19517f431c778963ef097f6929f6b9b5b160397ae7b45f4,MITDB_P210,210,1780000000,1,20260927,MODEL_V2_TCN_MEANMAX,MODEL_V2_OPTIMIZER_CORRECTED_V1,1,1.9903497695922852,0.8797801733016968,18,V2-006-OPT-CORR-F01-S20260927,d65f8f5184d943417a4896f0ae87b47606c0ece1ba004892a72656bfd313bf60
7091e10bac8636341a782c9bfc159438832331878f02fe89bb287cf32fa7fc51,MITDB_P119,119,535000000,1,20260927,MODEL_V2_TCN_MEANMAX,MODEL_V2_OPTIMIZER_CORRECTED_V1,0,-6.834721088409424,0.0010746113257482648,18,V2-006-OPT-CORR-F01-S20260927,d65f8f5184d943417a4896f0ae87b47606c0ece1ba004892a72656bfd313bf60
70995a4456c67ec9dfb55daf7436990c680c06faf1195bcaf75b81ed59a9c618,MITDB_P207,207,985000000,1,20260927,MODEL_V2_TCN_MEANMAX,MODEL_V2_OPTIMIZER_CORRECTED_V1,0,6.703363418579102,0.9987747073173523,18,V2-006-OPT-CORR-F01-S20260927,d65f8f5184d943417a4896f0ae87b47606c0ece1ba004892a72656bfd313bf60
70a8c861dd4ac423c295380619ddfa5a4a13927df72ce92c69ac96fe9b6117d5,MITDB_P101,101,530000000,1,20260927,MODEL_V2_TCN_MEANMAX,MODEL_V2_OPTIMIZER_CORRECTED_V1,0,-3.7965097427368164,0.021956095471978188,18,V2-006-OPT-CORR-F01-S20260927,d65f8f5184d943417a4896f0ae87b47606c0ece1ba004892a72656bfd313bf60
70b222126befd14ebe724f5e3ad316642b38ceb912df125fd9ec04c83f109883,MITDB_P119,119,410000000,1,20260927,MODEL_V2_TCN_MEANMAX,MODEL_V2_OPTIMIZER_CORRECTED_V1,0,-7.410889148712158,0.0006042674649506807,18,V2-006-OPT-CORR-F01-S20260927,d65f8f5184d943417a4896f0ae87b47606c0ece1ba004892a72656bfd313bf60
70c34459d46d8f3bed9a89fd5865a9ad1e1ec2ded9d9a18de5babcd208180be5,MITDB_P122,122,870000000,1,20260927,MODEL_V2_TCN_MEANMAX,MODEL_V2_OPTIMIZER_CORRECTED_V1,0,-8.786198616027832,0.00015280446677934378,18,V2-006-OPT-CORR-F01-S20260927,d65f8f5184d943417a4896f0ae87b47606c0ece1ba004892a72656bfd313bf60
70cf3ae80f40ed1bfe57b103aa758530cfa97e38352ea059932fdf8106bd1fc4,MITDB_P207,207,1770000000,1,20260927,MODEL_V2_TCN_MEANMAX,MODEL_V2_OPTIMIZER_CORRECTED_V1,1,-0.991213321685791,0.270672470331192,18,V2-006-OPT-CORR-F01-S20260927,d65f8f5184d943417a4896f0ae87b47606c0ece1ba004892a72656bfd313bf60
7105df4e543fbd0d927686ed1a25f4c9610bcfd36eaa4f63e9a94e2eaca19842,MITDB_P101,101,200000000,1,20260927,MODEL_V2_TCN_MEANMAX,MODEL_V2_OPTIMIZER_CORRECTED_V1,0,-6.834460258483887,0.0010748913045972586,18,V2-006-OPT-CORR-F01-S20260927,d65f8f5184d943417a4896f0ae87b47606c0ece1ba004892a72656bfd313bf60
711da51b7d8ba00a71f9caef3c9d72a62b404bf4a32b38c2394460feb2b47c31,MITDB_P118,118,645000000,1,20260927,MODEL_V2_TCN_MEANMAX,MODEL_V2_OPTIMIZER_CORRECTED_V1,0,7.287326812744141,0.9993163347244263,18,V2-006-OPT-CORR-F01-S20260927,d65f8f5184d943417a4896f0ae87b47606c0ece1ba004892a72656bfd313bf60
715f48f1136ceec7649e2f6f7ffa6909b474f0f35cd0be1d8dba8a08a39ce132,MITDB_P207,207,750000000,1,20260927,MODEL_V2_TCN_MEANMAX,MODEL_V2_OPTIMIZER_CORRECTED_V1,0,8.533090591430664,0.9998032450675964,18,V2-006-OPT-CORR-F01-S20260927,d65f8f5184d943417a4896f0ae87b47606c0ece1ba004892a72656bfd313bf60
717eeb5fb932f790a70849fea4f9305ce44ea2b9ef04054280cd8d5541f94461,MITDB_P210,210,215000000,1,20260927,MODEL_V2_TCN_MEANMAX,MODEL_V2_OPTIMIZER_CORRECTED_V1,1,4.64219856262207,0.9904554486274719,18,V2-006-OPT-CORR-F01-S20260927,d65f8f5184d943417a4896f0ae87b47606c0ece1ba004892a72656bfd313bf60
7180e2e1e80aa213ca51a498c17cf5450d5d4da05dffb26b682d3b61e81d71f4,MITDB_P101,101,255000000,1,20260927,MODEL_V2_TCN_MEANMAX,MODEL_V2_OPTIMIZER_CORRECTED_V1,0,-6.2687554359436035,0.0018910024082288146,18,V2-006-OPT-CORR-F01-S20260927,d65f8f5184d943417a4896f0ae87b47606c0ece1ba004892a72656bfd313bf60
71cf3936f1f10655b2dc831fb8c50fd1d8522cc414dc2afae8e6c0a87fec945e,MITDB_P122,122,235000000,1,20260927,MODEL_V2_TCN_MEANMAX,MODEL_V2_OPTIMIZER_CORRECTED_V1,0,-8.385648727416992,0.00022806569177191705,18,V2-006-OPT-CORR-F01-S20260927,d65f8f5184d943417a4896f0ae87b47606c0ece1ba004892a72656bfd313bf60
71d633f9d5d1fde37614510a85c1241b07b2473dedfff062743b11250eaee5c9,MITDB_P122,122,310000000,1,20260927,MODEL_V2_TCN_MEANMAX,MODEL_V2_OPTIMIZER_CORRECTED_V1,0,-9.886638641357422,5.084699296276085e-05,18,V2-006-OPT-CORR-F01-S20260927,d65f8f5184d943417a4896f0ae87b47606c0ece1ba004892a72656bfd313bf60
71d6f18f8cc67ce3373edb4268521bd69f6b12e740b79fb15317d98957634ab7,MITDB_P207,207,1440000000,1,20260927,MODEL_V2_TCN_MEANMAX,MODEL_V2_OPTIMIZER_CORRECTED_V1,0,6.512484550476074,0.9985174536705017,18,V2-006-OPT-CORR-F01-S20260927,d65f8f5184d943417a4896f0ae87b47606c0ece1ba004892a72656bfd313bf60
71d7f8847fec622493e6ac1bd0db5c1b86b78da519ad1567213b1b48a554b1c3,MITDB_P122,122,1410000000,1,20260927,MODEL_V2_TCN_MEANMAX,MODEL_V2_OPTIMIZER_CORRECTED_V1,0,-6.393529891967773,0.0016695504309609532,18,V2-006-OPT-CORR-F01-S20260927,d65f8f5184d943417a4896f0ae87b47606c0ece1ba004892a72656bfd313bf60
71eeab34c2758d5b6fa56e3b3d811d6c5a64d184dbcef66abdb33856c5ee6ffb,MITDB_P118,118,450000000,1,20260927,MODEL_V2_TCN_MEANMAX,MODEL_V2_OPTIMIZER_CORRECTED_V1,1,2.3857693672180176,0.9157357215881348,18,V2-006-OPT-CORR-F01-S20260927,d65f8f5184d943417a4896f0ae87b47606c0ece1ba004892a72656bfd313bf60
720d5879cd8593c7885225e360c402004d7991f20ecf216a34bf850be7fb3e62,MITDB_P122,122,1240000000,1,20260927,MODEL_V2_TCN_MEANMAX,MODEL_V2_OPTIMIZER_CORRECTED_V1,0,-7.681881904602051,0.0004608937888406217,18,V2-006-OPT-CORR-F01-S20260927,d65f8f5184d943417a4896f0ae87b47606c0ece1ba004892a72656bfd313bf60
721f89233f7108152f55ae9bf54e847df9b36c6b8bfe4f1ee2776eeea4fae938,MITDB_P119,119,370000000,1,20260927,MODEL_V2_TCN_MEANMAX,MODEL_V2_OPTIMIZER_CORRECTED_V1,1,14.143692016601562,0.9999992847442627,18,V2-006-OPT-CORR-F01-S20260927,d65f8f5184d943417a4896f0ae87b47606c0ece1ba004892a72656bfd313bf60
728d2454e3cf45266bac2d7089350c057ef917a5f9479d61d2f51c13cbb257ab,MITDB_P118,118,1295000000,1,20260927,MODEL_V2_TCN_MEANMAX,MODEL_V2_OPTIMIZER_CORRECTED_V1,0,3.7245616912841797,0.9764446020126343,18,V2-006-OPT-CORR-F01-S20260927,d65f8f5184d943417a4896f0ae87b47606c0ece1ba004892a72656bfd313bf60
728de958d0d2e08b7482157196e9e1a740708e3316af18d514673406b7b224a7,MITDB_P122,122,370000000,1,20260927,MODEL_V2_TCN_MEANMAX,MODEL_V2_OPTIMIZER_CORRECTED_V1,0,-7.941826820373535,0.0003554299764800817,18,V2-006-OPT-CORR-F01-S20260927,d65f8f5184d943417a4896f0ae87b47606c0ece1ba004892a72656bfd313bf60
728ea4730997ea648b823fa93314e3555d9f8ef645352045a7be94370ec87403,MITDB_P207,207,520000000,1,20260927,MODEL_V2_TCN_MEANMAX,MODEL_V2_OPTIMIZER_CORRECTED_V1,0,4.857412815093994,0.9922893643379211,18,V2-006-OPT-CORR-F01-S20260927,d65f8f5184d943417a4896f0ae87b47606c0ece1ba004892a72656bfd313bf60
72ebef03ea674f5c02d4dff1446653ee19bc828aceab990732eebc5c3379a038,MITDB_P101,101,1685000000,1,20260927,MODEL_V2_TCN_MEANMAX,MODEL_V2_OPTIMIZER_CORRECTED_V1,0,-6.798750400543213,0.0011139255948364735,18,V2-006-OPT-CORR-F01-S20260927,d65f8f5184d943417a4896f0ae87b47606c0ece1ba004892a72656bfd313bf60
730f151ce1b52005a7a5b15f101fc948fb8bb2394a742faabed589a588efc0df,MITDB_P122,122,145000000,1,20260927,MODEL_V2_TCN_MEANMAX,MODEL_V2_OPTIMIZER_CORRECTED_V1,0,-7.675332069396973,0.0004639210819732398,18,V2-006-OPT-CORR-F01-S20260927,d65f8f5184d943417a4896f0ae87b47606c0ece1ba004892a72656bfd313bf60
733e3dfd9cf4e5351d458f12b95f1ce52b989a540cf03cc550a8c32235d63d2e,MITDB_P207,207,885000000,1,20260927,MODEL_V2_TCN_MEANMAX,MODEL_V2_OPTIMIZER_CORRECTED_V1,0,7.138176918029785,0.9992064833641052,18,V2-006-OPT-CORR-F01-S20260927,d65f8f5184d943417a4896f0ae87b47606c0ece1ba004892a72656bfd313bf60
73478d8b71aeb0eba90d5b37c4b05bdcb6f4c0e0cd6cbe08697566530557fc08,MITDB_P119,119,995000000,1,20260927,MODEL_V2_TCN_MEANMAX,MODEL_V2_OPTIMIZER_CORRECTED_V1,1,15.822546005249023,0.9999998807907104,18,V2-006-OPT-CORR-F01-S20260927,d65f8f5184d943417a4896f0ae87b47606c0ece1ba004892a72656bfd313bf60
7357981042e526b46c27c847f6993dab49355f75e8d7f159de51c63444644c90,MITDB_P207,207,1020000000,1,20260927,MODEL_V2_TCN_MEANMAX,MODEL_V2_OPTIMIZER_CORRECTED_V1,0,6.927576541900635,0.9990205764770508,18,V2-006-OPT-CORR-F01-S20260927,d65f8f5184d943417a4896f0ae87b47606c0ece1ba004892a72656bfd313bf60
736cb4e91b577ca94586a1d35842b37edcb53bce0bf1119a06f050609ce63463,MITDB_P122,122,645000000,1,20260927,MODEL_V2_TCN_MEANMAX,MODEL_V2_OPTIMIZER_CORRECTED_V1,0,-7.017155170440674,0.0008955691009759903,18,V2-006-OPT-CORR-F01-S20260927,d65f8f5184d943417a4896f0ae87b47606c0ece1ba004892a72656bfd313bf60
7381f0cd15cc172165750ebfd6476c11c6400ca21b94299b96f1e8c9156abbf1,MITDB_P122,122,1200000000,1,20260927,MODEL_V2_TCN_MEANMAX,MODEL_V2_OPTIMIZER_CORRECTED_V1,0,-8.599231719970703,0.00018421334971208125,18,V2-006-OPT-CORR-F01-S20260927,d65f8f5184d943417a4896f0ae87b47606c0ece1ba004892a72656bfd313bf60
73a5154afba035da744b30746476fd4e8c14cd1c77d0a2bfe13942d3c505c132,MITDB_P210,210,1180000000,1,20260927,MODEL_V2_TCN_MEANMAX,MODEL_V2_OPTIMIZER_CORRECTED_V1,0,6.086944580078125,0.9977327585220337,18,V2-006-OPT-CORR-F01-S20260927,d65f8f5184d943417a4896f0ae87b47606c0ece1ba004892a72656bfd313bf60
73cb3ce5432c85512d4cb446670164ca292598fb9afc98683c6e8370c44225e0,MITDB_P119,119,250000000,1,20260927,MODEL_V2_TCN_MEANMAX,MODEL_V2_OPTIMIZER_CORRECTED_V1,1,14.81704044342041,0.9999996423721313,18,V2-006-OPT-CORR-F01-S20260927,d65f8f5184d943417a4896f0ae87b47606c0ece1ba004892a72656bfd313bf60
73d12f2cfb63e6e169e03066a5b1aa2f7fa888e1146b29273d46033a1564e64a,MITDB_P207,207,1150000000,1,20260927,MODEL_V2_TCN_MEANMAX,MODEL_V2_OPTIMIZER_CORRECTED_V1,0,7.484107494354248,0.9994383454322815,18,V2-006-OPT-CORR-F01-S20260927,d65f8f5184d943417a4896f0ae87b47606c0ece1ba004892a72656bfd313bf60
73e0fd0e8b4e319a404edaea16d839752841af705d8d4b37fa6312719d678483,MITDB_P207,207,1745000000,1,20260927,MODEL_V2_TCN_MEANMAX,MODEL_V2_OPTIMIZER_CORRECTED_V1,1,-1.3988207578659058,0.19800330698490143,18,V2-006-OPT-CORR-F01-S20260927,d65f8f5184d943417a4896f0ae87b47606c0ece1ba004892a72656bfd313bf60
73f3d510dc031cb5a20918ff9179adc65f49860b81be1dbb9fdcb18f16091c6c,MITDB_P122,122,1265000000,1,20260927,MODEL_V2_TCN_MEANMAX,MODEL_V2_OPTIMIZER_CORRECTED_V1,0,-7.779297828674316,0.0004181308613624424,18,V2-006-OPT-CORR-F01-S20260927,d65f8f5184d943417a4896f0ae87b47606c0ece1ba004892a72656bfd313bf60
73f90bd46595306c68a34d68e4d25bdb2e3cd6669af3acc1a7df0c550ba8de1a,MITDB_P119,119,30000000,1,20260927,MODEL_V2_TCN_MEANMAX,MODEL_V2_OPTIMIZER_CORRECTED_V1,1,11.65594482421875,0.9999912977218628,18,V2-006-OPT-CORR-F01-S20260927,d65f8f5184d943417a4896f0ae87b47606c0ece1ba004892a72656bfd313bf60
73fd133f9c1d634b1b51156dd2768c84a34c44eadc070e682400f29517d005ac,MITDB_P101,101,705000000,1,20260927,MODEL_V2_TCN_MEANMAX,MODEL_V2_OPTIMIZER_CORRECTED_V1,0,-6.383711338043213,0.001685995957814157,18,V2-006-OPT-CORR-F01-S20260927,d65f8f5184d943417a4896f0ae87b47606c0ece1ba004892a72656bfd313bf60
741493b2444dbbc7217341f8f165d56bafce073a15f67a1d09d43655ff7b3bda,MITDB_P119,119,125000000,1,20260927,MODEL_V2_TCN_MEANMAX,MODEL_V2_OPTIMIZER_CORRECTED_V1,1,16.200241088867188,0.9999998807907104,18,V2-006-OPT-CORR-F01-S20260927,d65f8f5184d943417a4896f0ae87b47606c0ece1ba004892a72656bfd313bf60
74329b5f162cbf2731d7d15adda80608492b602bd4d9e3414de12f4614ad8e2e,MITDB_P118,118,1220000000,1,20260927,MODEL_V2_TCN_MEANMAX,MODEL_V2_OPTIMIZER_CORRECTED_V1,0,1.4266854524612427,0.8063843250274658,18,V2-006-OPT-CORR-F01-S20260927,d65f8f5184d943417a4896f0ae87b47606c0ece1ba004892a72656bfd313bf60
7436cc21fec489e8c91710816e47b18a70f1c3a5570f57c128454941586714df,MITDB_P210,210,170000000,1,20260927,MODEL_V2_TCN_MEANMAX,MODEL_V2_OPTIMIZER_CORRECTED_V1,0,1.4342141151428223,0.8075570464134216,18,V2-006-OPT-CORR-F01-S20260927,d65f8f5184d943417a4896f0ae87b47606c0ece1ba004892a72656bfd313bf60
743f5699e7673f88ceb957df826eb17e462ac4c06e78c0c9a15da3dd5ba7e3c6,MITDB_P118,118,1170000000,1,20260927,MODEL_V2_TCN_MEANMAX,MODEL_V2_OPTIMIZER_CORRECTED_V1,0,4.129744052886963,0.9841676354408264,18,V2-006-OPT-CORR-F01-S20260927,d65f8f5184d943417a4896f0ae87b47606c0ece1ba004892a72656bfd313bf60
7443e3d7d6067f4150a9bbbe88aee37ec179de0d8e03a8aa9e4c37f266fda79b,MITDB_P119,119,255000000,1,20260927,MODEL_V2_TCN_MEANMAX,MODEL_V2_OPTIMIZER_CORRECTED_V1,1,15.57261848449707,0.9999998807907104,18,V2-006-OPT-CORR-F01-S20260927,d65f8f5184d943417a4896f0ae87b47606c0ece1ba004892a72656bfd313bf60
746e9790220b18847e9ed2265cdab2a1b6820d2e86c672d00f12fec66ae1c6a3,MITDB_P119,119,1415000000,1,20260927,MODEL_V2_TCN_MEANMAX,MODEL_V2_OPTIMIZER_CORRECTED_V1,1,16.452898025512695,0.9999998807907104,18,V2-006-OPT-CORR-F01-S20260927,d65f8f5184d943417a4896f0ae87b47606c0ece1ba004892a72656bfd313bf60
74e9b6673ee1edca2e73c001482654e69ac62c5689457048a9fff4c68f6c5e1b,MITDB_P101,101,630000000,1,20260927,MODEL_V2_TCN_MEANMAX,MODEL_V2_OPTIMIZER_CORRECTED_V1,0,-6.388800144195557,0.001677452470175922,18,V2-006-OPT-CORR-F01-S20260927,d65f8f5184d943417a4896f0ae87b47606c0ece1ba004892a72656bfd313bf60
74fd343cf43944b10679d2c82c0eaa3fee351a978fa482976636c69b0f6f4d9d,MITDB_P118,118,910000000,1,20260927,MODEL_V2_TCN_MEANMAX,MODEL_V2_OPTIMIZER_CORRECTED_V1,0,5.473097801208496,0.9958193302154541,18,V2-006-OPT-CORR-F01-S20260927,d65f8f5184d943417a4896f0ae87b47606c0ece1ba004892a72656bfd313bf60
75428ca21e7b1b9e6a9e39de051bd0cb6d79a45ff4732f8897845eb960b9a4d4,MITDB_P122,122,1170000000,1,20260927,MODEL_V2_TCN_MEANMAX,MODEL_V2_OPTIMIZER_CORRECTED_V1,0,-8.286190032958984,0.00025190916494466364,18,V2-006-OPT-CORR-F01-S20260927,d65f8f5184d943417a4896f0ae87b47606c0ece1ba004892a72656bfd313bf60
757de575118ff36d33301c4f201b75a37ce7ebe00839e58d1a76e921e4a5e8df,MITDB_P118,118,210000000,1,20260927,MODEL_V2_TCN_MEANMAX,MODEL_V2_OPTIMIZER_CORRECTED_V1,1,6.743376731872559,0.9988227486610413,18,V2-006-OPT-CORR-F01-S20260927,d65f8f5184d943417a4896f0ae87b47606c0ece1ba004892a72656bfd313bf60
75b05e26c7d1995b8e8b6c9b890634a748392c7c5d27467d3d6076aad39249d4,MITDB_P122,122,350000000,1,20260927,MODEL_V2_TCN_MEANMAX,MODEL_V2_OPTIMIZER_CORRECTED_V1,0,-8.933258056640625,0.00013191009929869324,18,V2-006-OPT-CORR-F01-S20260927,d65f8f5184d943417a4896f0ae87b47606c0ece1ba004892a72656bfd313bf60
75ed97377caa82c662a4f4143b9899e84bc1e52220aa69f5a9284c74ca7ee7a2,MITDB_P118,118,1360000000,1,20260927,MODEL_V2_TCN_MEANMAX,MODEL_V2_OPTIMIZER_CORRECTED_V1,1,2.92458176612854,0.9490483403205872,18,V2-006-OPT-CORR-F01-S20260927,d65f8f5184d943417a4896f0ae87b47606c0ece1ba004892a72656bfd313bf60
76118344f34ba2ebf244c1c59c2df92f9af15c83b7fa1c13ac0c62cf3cb62e78,MITDB_P207,207,425000000,1,20260927,MODEL_V2_TCN_MEANMAX,MODEL_V2_OPTIMIZER_CORRECTED_V1,0,2.7745699882507324,0.9412860870361328,18,V2-006-OPT-CORR-F01-S20260927,d65f8f5184d943417a4896f0ae87b47606c0ece1ba004892a72656bfd313bf60
764b54f3977ae876f1ee1ccd571330c88d9d110a490f59487d5f1570b9dd11f2,MITDB_P119,119,1210000000,1,20260927,MODEL_V2_TCN_MEANMAX,MODEL_V2_OPTIMIZER_CORRECTED_V1,1,16.945663452148438,1.0,18,V2-006-OPT-CORR-F01-S20260927,d65f8f5184d943417a4896f0ae87b47606c0ece1ba004892a72656bfd313bf60
7657082602a60d35650bf4fc8f9df7f329319de8944fb94d313da22d78a14eb2,MITDB_P210,210,1595000000,1,20260927,MODEL_V2_TCN_MEANMAX,MODEL_V2_OPTIMIZER_CORRECTED_V1,1,-0.9489047527313232,0.27910512685775757,18,V2-006-OPT-CORR-F01-S20260927,d65f8f5184d943417a4896f0ae87b47606c0ece1ba004892a72656bfd313bf60
76646a2e816ac5bac994e9ae0dbac0da8b496f95755e1afdd19ac5183ec1bf7c,MITDB_P101,101,20000000,1,20260927,MODEL_V2_TCN_MEANMAX,MODEL_V2_OPTIMIZER_CORRECTED_V1,0,-5.862634658813477,0.002835677471011877,18,V2-006-OPT-CORR-F01-S20260927,d65f8f5184d943417a4896f0ae87b47606c0ece1ba004892a72656bfd313bf60
76a3b00dd13f24f65f4433d52271e1a1f5409c8456c83f3b376076db2b4073e6,MITDB_P207,207,825000000,1,20260927,MODEL_V2_TCN_MEANMAX,MODEL_V2_OPTIMIZER_CORRECTED_V1,0,8.451807022094727,0.9997865557670593,18,V2-006-OPT-CORR-F01-S20260927,d65f8f5184d943417a4896f0ae87b47606c0ece1ba004892a72656bfd313bf60
76be6c504169b9cf67ad53f334c03bacf341639a9a3de3442bad8098bd52b3bd,MITDB_P118,118,275000000,1,20260927,MODEL_V2_TCN_MEANMAX,MODEL_V2_OPTIMIZER_CORRECTED_V1,0,3.7300477027893066,0.9765704274177551,18,V2-006-OPT-CORR-F01-S20260927,d65f8f5184d943417a4896f0ae87b47606c0ece1ba004892a72656bfd313bf60
76c05e8d4866727652afcacd0db77fe16450fb00ee3aeb4df139320ce36e45f3,MITDB_P118,118,1475000000,1,20260927,MODEL_V2_TCN_MEANMAX,MODEL_V2_OPTIMIZER_CORRECTED_V1,0,1.7991911172866821,0.8580504059791565,18,V2-006-OPT-CORR-F01-S20260927,d65f8f5184d943417a4896f0ae87b47606c0ece1ba004892a72656bfd313bf60
7710ac352f9dc7afc42a7b0870c4357ade1cd2325b79cd05d37d3a423dd9bc6d,MITDB_P122,122,1030000000,1,20260927,MODEL_V2_TCN_MEANMAX,MODEL_V2_OPTIMIZER_CORRECTED_V1,0,-7.769413471221924,0.00042228258098475635,18,V2-006-OPT-CORR-F01-S20260927,d65f8f5184d943417a4896f0ae87b47606c0ece1ba004892a72656bfd313bf60
775422eb486ebb33552b317990e5a99e98a41c5e60855970dac9fc0b0715c7a4,MITDB_P210,210,230000000,1,20260927,MODEL_V2_TCN_MEANMAX,MODEL_V2_OPTIMIZER_CORRECTED_V1,1,1.7819569110870361,0.8559383153915405,18,V2-006-OPT-CORR-F01-S20260927,d65f8f5184d943417a4896f0ae87b47606c0ece1ba004892a72656bfd313bf60
7798461fd81f961448e7a1888b0b38da438e261bf6f3c6f1ca090021f5b277c8,MITDB_P207,207,1290000000,1,20260927,MODEL_V2_TCN_MEANMAX,MODEL_V2_OPTIMIZER_CORRECTED_V1,0,7.097927570343018,0.9991738200187683,18,V2-006-OPT-CORR-F01-S20260927,d65f8f5184d943417a4896f0ae87b47606c0ece1ba004892a72656bfd313bf60
77eb1af75e71ef49b5e4987eca578ea1983a29fac7bd085accf39b188bb9582e,MITDB_P119,119,1515000000,1,20260927,MODEL_V2_TCN_MEANMAX,MODEL_V2_OPTIMIZER_CORRECTED_V1,0,-6.168459892272949,0.002090081572532654,18,V2-006-OPT-CORR-F01-S20260927,d65f8f5184d943417a4896f0ae87b47606c0ece1ba004892a72656bfd313bf60
77f939f23a2dc2235b66be07195a573b431a841a9ac341c8dd3903b87b22c051,MITDB_P207,207,165000000,1,20260927,MODEL_V2_TCN_MEANMAX,MODEL_V2_OPTIMIZER_CORRECTED_V1,1,5.431328773498535,0.995641827583313,18,V2-006-OPT-CORR-F01-S20260927,d65f8f5184d943417a4896f0ae87b47606c0ece1ba004892a72656bfd313bf60
77ff33f0e2ab84ae01b3b1b905d9880dbe5ef9bdaca168a1880df64e1b6f03f8,MITDB_P122,122,35000000,1,20260927,MODEL_V2_TCN_MEANMAX,MODEL_V2_OPTIMIZER_CORRECTED_V1,0,-7.213963031768799,0.0007356920395977795,18,V2-006-OPT-CORR-F01-S20260927,d65f8f5184d943417a4896f0ae87b47606c0ece1ba004892a72656bfd313bf60
7800176bd98eaf8dc1a7cc1c1d1ac54f1d225230d0bbea6fa865bb56f592a8f2,MITDB_P118,118,1280000000,1,20260927,MODEL_V2_TCN_MEANMAX,MODEL_V2_OPTIMIZER_CORRECTED_V1,0,4.537811279296875,0.9894164204597473,18,V2-006-OPT-CORR-F01-S20260927,d65f8f5184d943417a4896f0ae87b47606c0ece1ba004892a72656bfd313bf60
78062ffdb3f31a938193de7f2f6e08b1409f61bfc67f0714a572dd518407f26b,MITDB_P101,101,520000000,1,20260927,MODEL_V2_TCN_MEANMAX,MODEL_V2_OPTIMIZER_CORRECTED_V1,0,-6.752391338348389,0.001166720176115632,18,V2-006-OPT-CORR-F01-S20260927,d65f8f5184d943417a4896f0ae87b47606c0ece1ba004892a72656bfd313bf60
7808655c8bca84f5025a1aa0d93b7de3f8d905a037c1460f2af27b3f7e7ba955,MITDB_P118,118,1285000000,1,20260927,MODEL_V2_TCN_MEANMAX,MODEL_V2_OPTIMIZER_CORRECTED_V1,0,2.540442943572998,0.9269288778305054,18,V2-006-OPT-CORR-F01-S20260927,d65f8f5184d943417a4896f0ae87b47606c0ece1ba004892a72656bfd313bf60
785f8b1f5b9722048126bfa5ebce96059f2e45e883f0655db86db26c5009c832,MITDB_P118,118,820000000,1,20260927,MODEL_V2_TCN_MEANMAX,MODEL_V2_OPTIMIZER_CORRECTED_V1,1,5.865486145019531,0.9971724152565002,18,V2-006-OPT-CORR-F01-S20260927,d65f8f5184d943417a4896f0ae87b47606c0ece1ba004892a72656bfd313bf60
786b44ac6b056689bcb23355b1df76b6b72ae1b1fba981402ae7c1e227e2bce5,MITDB_P210,210,1755000000,1,20260927,MODEL_V2_TCN_MEANMAX,MODEL_V2_OPTIMIZER_CORRECTED_V1,1,2.1261563301086426,0.893419623374939,18,V2-006-OPT-CORR-F01-S20260927,d65f8f5184d943417a4896f0ae87b47606c0ece1ba004892a72656bfd313bf60
7878f541ec256a9a3e73ad160d58d2ba6403bc8ca8ceafc8544a3225dbc31c96,MITDB_P119,119,710000000,1,20260927,MODEL_V2_TCN_MEANMAX,MODEL_V2_OPTIMIZER_CORRECTED_V1,1,18.036434173583984,1.0,18,V2-006-OPT-CORR-F01-S20260927,d65f8f5184d943417a4896f0ae87b47606c0ece1ba004892a72656bfd313bf60
787e2d1b80003bf6abd46347d42f4b060635dc466293289a060b723816d10063,MITDB_P101,101,980000000,1,20260927,MODEL_V2_TCN_MEANMAX,MODEL_V2_OPTIMIZER_CORRECTED_V1,0,-4.837278366088867,0.007866235449910164,18,V2-006-OPT-CORR-F01-S20260927,d65f8f5184d943417a4896f0ae87b47606c0ece1ba004892a72656bfd313bf60
789059b9cacbec7c64da46309f3ae2607f39dd9061f9dd74e1a79be6da1739f1,MITDB_P118,118,665000000,1,20260927,MODEL_V2_TCN_MEANMAX,MODEL_V2_OPTIMIZER_CORRECTED_V1,0,4.89418888092041,0.9925656318664551,18,V2-006-OPT-CORR-F01-S20260927,d65f8f5184d943417a4896f0ae87b47606c0ece1ba004892a72656bfd313bf60
7892b53508d945b1e9b7acedf4bc2ba2809229a87c51c7ea464a6d82f78bf220,MITDB_P119,119,605000000,1,20260927,MODEL_V2_TCN_MEANMAX,MODEL_V2_OPTIMIZER_CORRECTED_V1,1,17.384347915649414,1.0,18,V2-006-OPT-CORR-F01-S20260927,d65f8f5184d943417a4896f0ae87b47606c0ece1ba004892a72656bfd313bf60
7894eeda987df2a19d81b1f6340b9a74b843dd4f8048e5c4cfe562f4999d2049,MITDB_P122,122,1735000000,1,20260927,MODEL_V2_TCN_MEANMAX,MODEL_V2_OPTIMIZER_CORRECTED_V1,0,-6.900940895080566,0.001005824888125062,18,V2-006-OPT-CORR-F01-S20260927,d65f8f5184d943417a4896f0ae87b47606c0ece1ba004892a72656bfd313bf60
78a4d8266c4b1f92b8db839c758b90a9867f504f4129a6cf2c3f07e37e01e7f4,MITDB_P119,119,1570000000,1,20260927,MODEL_V2_TCN_MEANMAX,MODEL_V2_OPTIMIZER_CORRECTED_V1,1,21.417905807495117,1.0,18,V2-006-OPT-CORR-F01-S20260927,d65f8f5184d943417a4896f0ae87b47606c0ece1ba004892a72656bfd313bf60
78aec8e453b9ad0c962c3603f191918edb576caf1818c95af94d6ce84a6f0123,MITDB_P122,122,1120000000,1,20260927,MODEL_V2_TCN_MEANMAX,MODEL_V2_OPTIMIZER_CORRECTED_V1,0,-8.220335006713867,0.00026905248523689806,18,V2-006-OPT-CORR-F01-S20260927,d65f8f5184d943417a4896f0ae87b47606c0ece1ba004892a72656bfd313bf60
78b6badcd6c99507f9b2fe6c50d98eac673c5966d34957dd9d20b26d7c3ec235,MITDB_P207,207,1665000000,1,20260927,MODEL_V2_TCN_MEANMAX,MODEL_V2_OPTIMIZER_CORRECTED_V1,1,-3.1633830070495605,0.04056717827916145,18,V2-006-OPT-CORR-F01-S20260927,d65f8f5184d943417a4896f0ae87b47606c0ece1ba004892a72656bfd313bf60
78c5ddf00d341a2bb718ddce89ec2ed686291fe4c3aaffe3ca0f8feddf585105,MITDB_P210,210,395000000,1,20260927,MODEL_V2_TCN_MEANMAX,MODEL_V2_OPTIMIZER_CORRECTED_V1,0,-1.1923463344573975,0.23283956944942474,18,V2-006-OPT-CORR-F01-S20260927,d65f8f5184d943417a4896f0ae87b47606c0ece1ba004892a72656bfd313bf60
78d50f53bd005a722da782da02c7ec0aa6f28534915105c084a6b5690eb52fce,MITDB_P207,207,1675000000,1,20260927,MODEL_V2_TCN_MEANMAX,MODEL_V2_OPTIMIZER_CORRECTED_V1,1,-1.8877594470977783,0.13150015473365784,18,V2-006-OPT-CORR-F01-S20260927,d65f8f5184d943417a4896f0ae87b47606c0ece1ba004892a72656bfd313bf60
78df0a9ad08a0d0d1a9a46ac8ede9c7c8e9f84e2ecd227877ea502535d16f597,MITDB_P207,207,940000000,1,20260927,MODEL_V2_TCN_MEANMAX,MODEL_V2_OPTIMIZER_CORRECTED_V1,0,6.990294933319092,0.9990800619125366,18,V2-006-OPT-CORR-F01-S20260927,d65f8f5184d943417a4896f0ae87b47606c0ece1ba004892a72656bfd313bf60
78e14fe8279f20d7ba885df171fcd5c65c93b1dfe4ec4b182352556b61788401,MITDB_P118,118,50000000,1,20260927,MODEL_V2_TCN_MEANMAX,MODEL_V2_OPTIMIZER_CORRECTED_V1,0,2.2483181953430176,0.9045053720474243,18,V2-006-OPT-CORR-F01-S20260927,d65f8f5184d943417a4896f0ae87b47606c0ece1ba004892a72656bfd313bf60
78ea310d55590f50662df312481814766428b988a195b10f0a995e5707dc0b2d,MITDB_P210,210,800000000,1,20260927,MODEL_V2_TCN_MEANMAX,MODEL_V2_OPTIMIZER_CORRECTED_V1,1,4.546503067016602,0.9895070195198059,18,V2-006-OPT-CORR-F01-S20260927,d65f8f5184d943417a4896f0ae87b47606c0ece1ba004892a72656bfd313bf60
7920fc9e0d51ff50966f931a5c2a64fd19192c30a3b46b4556e5f837741e3590,MITDB_P122,122,435000000,1,20260927,MODEL_V2_TCN_MEANMAX,MODEL_V2_OPTIMIZER_CORRECTED_V1,0,-7.4526190757751465,0.0005795846227556467,18,V2-006-OPT-CORR-F01-S20260927,d65f8f5184d943417a4896f0ae87b47606c0ece1ba004892a72656bfd313bf60
7921fed815fef1aa2494c480b36a7c198f7b52affc3777d714d88049c170b9d4,MITDB_P122,122,1455000000,1,20260927,MODEL_V2_TCN_MEANMAX,MODEL_V2_OPTIMIZER_CORRECTED_V1,0,-6.959103107452393,0.0009490466909483075,18,V2-006-OPT-CORR-F01-S20260927,d65f8f5184d943417a4896f0ae87b47606c0ece1ba004892a72656bfd313bf60
7945eab986b3dc31de5c2666f2ba29dff37959f637fcc319d6563dc8c3559e63,MITDB_P118,118,1230000000,1,20260927,MODEL_V2_TCN_MEANMAX,MODEL_V2_OPTIMIZER_CORRECTED_V1,0,4.277190208435059,0.9863085150718689,18,V2-006-OPT-CORR-F01-S20260927,d65f8f5184d943417a4896f0ae87b47606c0ece1ba004892a72656bfd313bf60
794af241b6f03cb517381b2d81adb38249221c6511b81ede0b1bd7d8b8787b92,MITDB_P118,118,315000000,1,20260927,MODEL_V2_TCN_MEANMAX,MODEL_V2_OPTIMIZER_CORRECTED_V1,1,4.103619575500488,0.9837554693222046,18,V2-006-OPT-CORR-F01-S20260927,d65f8f5184d943417a4896f0ae87b47606c0ece1ba004892a72656bfd313bf60
79ac2ea15059d7683203ef3e0dd49eb270960cd8a31738da0ac85e4eed0fa15b,MITDB_P118,118,270000000,1,20260927,MODEL_V2_TCN_MEANMAX,MODEL_V2_OPTIMIZER_CORRECTED_V1,0,4.14834451675415,0.984454870223999,18,V2-006-OPT-CORR-F01-S20260927,d65f8f5184d943417a4896f0ae87b47606c0ece1ba004892a72656bfd313bf60
79d075c1a520bba6e99d328b1eafcfb5bd0cf65a6eb141c8fe443b4e018b7298,MITDB_P122,122,810000000,1,20260927,MODEL_V2_TCN_MEANMAX,MODEL_V2_OPTIMIZER_CORRECTED_V1,0,-7.989439964294434,0.00033890901249833405,18,V2-006-OPT-CORR-F01-S20260927,d65f8f5184d943417a4896f0ae87b47606c0ece1ba004892a72656bfd313bf60
79e08b1e9bbe97be788153d44d55700c0af949faf7071f5d23b0c8b3bf4fdc3f,MITDB_P118,118,485000000,1,20260927,MODEL_V2_TCN_MEANMAX,MODEL_V2_OPTIMIZER_CORRECTED_V1,0,0.8932263851165771,0.7095555067062378,18,V2-006-OPT-CORR-F01-S20260927,d65f8f5184d943417a4896f0ae87b47606c0ece1ba004892a72656bfd313bf60
7a14dc0f1fde2a8d97e45ff6e8b2434c0746aff2511493e5ba5881f38bc7f0eb,MITDB_P207,207,200000000,1,20260927,MODEL_V2_TCN_MEANMAX,MODEL_V2_OPTIMIZER_CORRECTED_V1,1,10.839248657226562,0.9999803304672241,18,V2-006-OPT-CORR-F01-S20260927,d65f8f5184d943417a4896f0ae87b47606c0ece1ba004892a72656bfd313bf60
7a18789d63fc66f40e358f9bc057520b4d9522fcf1ff6845cbe8fe122c7ca630,MITDB_P101,101,100000000,1,20260927,MODEL_V2_TCN_MEANMAX,MODEL_V2_OPTIMIZER_CORRECTED_V1,0,-5.640658855438232,0.003537966636940837,18,V2-006-OPT-CORR-F01-S20260927,d65f8f5184d943417a4896f0ae87b47606c0ece1ba004892a72656bfd313bf60
7a42fe2598fe6bca2e9aab01705274d9064b9afb3b6c612cf825e48104967617,MITDB_P210,210,280000000,1,20260927,MODEL_V2_TCN_MEANMAX,MODEL_V2_OPTIMIZER_CORRECTED_V1,1,1.7227942943572998,0.848488450050354,18,V2-006-OPT-CORR-F01-S20260927,d65f8f5184d943417a4896f0ae87b47606c0ece1ba004892a72656bfd313bf60
7a9e29daf84e9baa3a28465bd2f8828a6d434824252336eec3ef95268651fb86,MITDB_P122,122,1600000000,1,20260927,MODEL_V2_TCN_MEANMAX,MODEL_V2_OPTIMIZER_CORRECTED_V1,0,-6.296236038208008,0.001839838339947164,18,V2-006-OPT-CORR-F01-S20260927,d65f8f5184d943417a4896f0ae87b47606c0ece1ba004892a72656bfd313bf60
7abcc918987f867c6f84c7f5228794d1d5ea87fb42277c29556dadf3b6aaadbc,MITDB_P118,118,445000000,1,20260927,MODEL_V2_TCN_MEANMAX,MODEL_V2_OPTIMIZER_CORRECTED_V1,1,0.9055626392364502,0.712091326713562,18,V2-006-OPT-CORR-F01-S20260927,d65f8f5184d943417a4896f0ae87b47606c0ece1ba004892a72656bfd313bf60
7acdf7d452b8d875a9d48d3ae079d9edef5112c0efc4351dfc983e3c8f704213,MITDB_P207,207,1425000000,1,20260927,MODEL_V2_TCN_MEANMAX,MODEL_V2_OPTIMIZER_CORRECTED_V1,0,6.219468116760254,0.9980136156082153,18,V2-006-OPT-CORR-F01-S20260927,d65f8f5184d943417a4896f0ae87b47606c0ece1ba004892a72656bfd313bf60
7ad5263d764e70f4c56a4780e93843f324a9e3ba2e99c37d264a7ac3cc372ad1,MITDB_P118,118,1350000000,1,20260927,MODEL_V2_TCN_MEANMAX,MODEL_V2_OPTIMIZER_CORRECTED_V1,1,2.2267870903015137,0.9026293158531189,18,V2-006-OPT-CORR-F01-S20260927,d65f8f5184d943417a4896f0ae87b47606c0ece1ba004892a72656bfd313bf60
7adf149e740a010da59e10d81f5a760d02c75e84b7d4687261f178064ff5c312,MITDB_P118,118,840000000,1,20260927,MODEL_V2_TCN_MEANMAX,MODEL_V2_OPTIMIZER_CORRECTED_V1,0,6.666393756866455,0.9987285733222961,18,V2-006-OPT-CORR-F01-S20260927,d65f8f5184d943417a4896f0ae87b47606c0ece1ba004892a72656bfd313bf60
7af64218afb039b46e422b37f14fba9ad4b1e2507938b0aba674600caffae03a,MITDB_P101,101,1350000000,1,20260927,MODEL_V2_TCN_MEANMAX,MODEL_V2_OPTIMIZER_CORRECTED_V1,0,-7.133670806884766,0.0007971495506353676,18,V2-006-OPT-CORR-F01-S20260927,d65f8f5184d943417a4896f0ae87b47606c0ece1ba004892a72656bfd313bf60
7afdeaa2aa79689eb84ef5156b4687b51085ed08309558294f3858b62f4ce8e6,MITDB_P119,119,1205000000,1,20260927,MODEL_V2_TCN_MEANMAX,MODEL_V2_OPTIMIZER_CORRECTED_V1,1,18.964588165283203,1.0,18,V2-006-OPT-CORR-F01-S20260927,d65f8f5184d943417a4896f0ae87b47606c0ece1ba004892a72656bfd313bf60
7b123967f5657196600b929c6b0ab3cba4373edc6a30ddef87b762bde3688a00,MITDB_P101,101,130000000,1,20260927,MODEL_V2_TCN_MEANMAX,MODEL_V2_OPTIMIZER_CORRECTED_V1,0,-5.253788471221924,0.005200489424169064,18,V2-006-OPT-CORR-F01-S20260927,d65f8f5184d943417a4896f0ae87b47606c0ece1ba004892a72656bfd313bf60
7b49d072d811f312b667dcca1da0ee2e1ac2748b8e93948838a94ce95e12040b,MITDB_P118,118,1290000000,1,20260927,MODEL_V2_TCN_MEANMAX,MODEL_V2_OPTIMIZER_CORRECTED_V1,0,3.8778443336486816,0.9797241687774658,18,V2-006-OPT-CORR-F01-S20260927,d65f8f5184d943417a4896f0ae87b47606c0ece1ba004892a72656bfd313bf60
7b5728bec66d056c8f4d7424162a7d0e18968b58d6b106b05cbae239743292fa,MITDB_P210,210,710000000,1,20260927,MODEL_V2_TCN_MEANMAX,MODEL_V2_OPTIMIZER_CORRECTED_V1,0,-3.4027585983276367,0.032209362834692,18,V2-006-OPT-CORR-F01-S20260927,d65f8f5184d943417a4896f0ae87b47606c0ece1ba004892a72656bfd313bf60
7ba2dfaa7513b5ebfbedb64ba0a30fdf2a15677f28228c0bf03a438401f0939e,MITDB_P122,122,940000000,1,20260927,MODEL_V2_TCN_MEANMAX,MODEL_V2_OPTIMIZER_CORRECTED_V1,0,-7.4894609451293945,0.0005586319603025913,18,V2-006-OPT-CORR-F01-S20260927,d65f8f5184d943417a4896f0ae87b47606c0ece1ba004892a72656bfd313bf60
7ba320966636390c992e1aa78782dd6f153f30c4bfbc588bedd925c84fdf4a2a,MITDB_P101,101,1325000000,1,20260927,MODEL_V2_TCN_MEANMAX,MODEL_V2_OPTIMIZER_CORRECTED_V1,0,-6.188316822052002,0.0020490726456046104,18,V2-006-OPT-CORR-F01-S20260927,d65f8f5184d943417a4896f0ae87b47606c0ece1ba004892a72656bfd313bf60
7baba895c563b147925749c6be27d7a4f351337ca9404ed65e345f7d41d5ee21,MITDB_P210,210,450000000,1,20260927,MODEL_V2_TCN_MEANMAX,MODEL_V2_OPTIMIZER_CORRECTED_V1,0,0.4570492208003998,0.6123139262199402,18,V2-006-OPT-CORR-F01-S20260927,d65f8f5184d943417a4896f0ae87b47606c0ece1ba004892a72656bfd313bf60
7bad211a0cb2f66ec08430f2625a9216f40b746e966221a058eb7b4d184e785a,MITDB_P207,207,160000000,1,20260927,MODEL_V2_TCN_MEANMAX,MODEL_V2_OPTIMIZER_CORRECTED_V1,1,6.795979022979736,0.9988829493522644,18,V2-006-OPT-CORR-F01-S20260927,d65f8f5184d943417a4896f0ae87b47606c0ece1ba004892a72656bfd313bf60
7bdc2ff8bf9b7431bfc64b76c9348a8cfa4a393db23b1e8d4f6064438c04a60c,MITDB_P122,122,1315000000,1,20260927,MODEL_V2_TCN_MEANMAX,MODEL_V2_OPTIMIZER_CORRECTED_V1,0,-6.698564052581787,0.00123116304166615,18,V2-006-OPT-CORR-F01-S20260927,d65f8f5184d943417a4896f0ae87b47606c0ece1ba004892a72656bfd313bf60
7bf356ddca9d8e429d9c7c3e24af8c9f1f2ccff7b7549ef937b11ab26edad821,MITDB_P207,207,1515000000,1,20260927,MODEL_V2_TCN_MEANMAX,MODEL_V2_OPTIMIZER_CORRECTED_V1,0,6.919016361236572,0.9990121126174927,18,V2-006-OPT-CORR-F01-S20260927,d65f8f5184d943417a4896f0ae87b47606c0ece1ba004892a72656bfd313bf60
7c1f0d20a3c9c3f21951eb25dca1155e607980914c522b445843f2923aa00011,MITDB_P210,210,320000000,1,20260927,MODEL_V2_TCN_MEANMAX,MODEL_V2_OPTIMIZER_CORRECTED_V1,0,3.4800400733947754,0.9701144695281982,18,V2-006-OPT-CORR-F01-S20260927,d65f8f5184d943417a4896f0ae87b47606c0ece1ba004892a72656bfd313bf60
7c2396c0ed01b9d84d571e6a0bb693201624bca8f5a560f34ad6aa4a19072b82,MITDB_P210,210,255000000,1,20260927,MODEL_V2_TCN_MEANMAX,MODEL_V2_OPTIMIZER_CORRECTED_V1,0,-2.6240074634552,0.06760923564434052,18,V2-006-OPT-CORR-F01-S20260927,d65f8f5184d943417a4896f0ae87b47606c0ece1ba004892a72656bfd313bf60
7c2936ae23e2c431c1dba9888970704984baf97e016c634ccc9ec9c549e2b120,MITDB_P119,119,590000000,1,20260927,MODEL_V2_TCN_MEANMAX,MODEL_V2_OPTIMIZER_CORRECTED_V1,1,13.652382850646973,0.9999988079071045,18,V2-006-OPT-CORR-F01-S20260927,d65f8f5184d943417a4896f0ae87b47606c0ece1ba004892a72656bfd313bf60
7c3aefa9d7f810bdcdd522619bc66a56f622c004858d632da5aaadfb0245764e,MITDB_P207,207,1795000000,1,20260927,MODEL_V2_TCN_MEANMAX,MODEL_V2_OPTIMIZER_CORRECTED_V1,1,-1.0948901176452637,0.2506985664367676,18,V2-006-OPT-CORR-F01-S20260927,d65f8f5184d943417a4896f0ae87b47606c0ece1ba004892a72656bfd313bf60
7c61c66ef9849037b2982ad117c287c6016dce55f305604a97b118b739566804,MITDB_P118,118,545000000,1,20260927,MODEL_V2_TCN_MEANMAX,MODEL_V2_OPTIMIZER_CORRECTED_V1,0,5.32057523727417,0.9951338171958923,18,V2-006-OPT-CORR-F01-S20260927,d65f8f5184d943417a4896f0ae87b47606c0ece1ba004892a72656bfd313bf60
7c7c2e4dc847ed0aa7462b5a4a436e3c307747fc7eff53924946c4cd5a5c74b5,MITDB_P122,122,1480000000,1,20260927,MODEL_V2_TCN_MEANMAX,MODEL_V2_OPTIMIZER_CORRECTED_V1,0,-7.261850357055664,0.0007013160502538085,18,V2-006-OPT-CORR-F01-S20260927,d65f8f5184d943417a4896f0ae87b47606c0ece1ba004892a72656bfd313bf60
7c8139b89fb53359f1df85eab13bf13d8db7e221b24bc94f76abfb6b03f39445,MITDB_P210,210,515000000,1,20260927,MODEL_V2_TCN_MEANMAX,MODEL_V2_OPTIMIZER_CORRECTED_V1,1,8.470542907714844,0.9997904896736145,18,V2-006-OPT-CORR-F01-S20260927,d65f8f5184d943417a4896f0ae87b47606c0ece1ba004892a72656bfd313bf60
7c9a9e5f3dfae4a1029df7193c5f39d848835a2783639236ffa62b0baf535cb1,MITDB_P118,118,1645000000,1,20260927,MODEL_V2_TCN_MEANMAX,MODEL_V2_OPTIMIZER_CORRECTED_V1,0,0.8424302339553833,0.6989768147468567,18,V2-006-OPT-CORR-F01-S20260927,d65f8f5184d943417a4896f0ae87b47606c0ece1ba004892a72656bfd313bf60
7cb232b2224e77156bd2d8e0b587c446b671cc0149e0f531ead06007c1ec837b,MITDB_P207,207,1050000000,1,20260927,MODEL_V2_TCN_MEANMAX,MODEL_V2_OPTIMIZER_CORRECTED_V1,0,8.554750442504883,0.9998074173927307,18,V2-006-OPT-CORR-F01-S20260927,d65f8f5184d943417a4896f0ae87b47606c0ece1ba004892a72656bfd313bf60
7cd1415647f14d342b07837d0249718ddc708581242bbcb6404a0f86e1238821,MITDB_P119,119,325000000,1,20260927,MODEL_V2_TCN_MEANMAX,MODEL_V2_OPTIMIZER_CORRECTED_V1,1,15.752143859863281,0.9999998807907104,18,V2-006-OPT-CORR-F01-S20260927,d65f8f5184d943417a4896f0ae87b47606c0ece1ba004892a72656bfd313bf60
7cd1f9a5eff5bcdcdc7df55255d39eacb7c5275771c959cc6f953e9fe0e21fe7,MITDB_P207,207,440000000,1,20260927,MODEL_V2_TCN_MEANMAX,MODEL_V2_OPTIMIZER_CORRECTED_V1,0,12.023338317871094,0.9999940395355225,18,V2-006-OPT-CORR-F01-S20260927,d65f8f5184d943417a4896f0ae87b47606c0ece1ba004892a72656bfd313bf60
7cd989bfaaaa1389a685d3b247d2d27a9efbf13c7ce3288febd5dbd9d48338a2,MITDB_P119,119,1640000000,1,20260927,MODEL_V2_TCN_MEANMAX,MODEL_V2_OPTIMIZER_CORRECTED_V1,1,16.167739868164062,0.9999998807907104,18,V2-006-OPT-CORR-F01-S20260927,d65f8f5184d943417a4896f0ae87b47606c0ece1ba004892a72656bfd313bf60
7ce4a991a3c681d92c89231995eff2e71a0817c2140c0213d29ce76c34a5fdbd,MITDB_P210,210,1500000000,1,20260927,MODEL_V2_TCN_MEANMAX,MODEL_V2_OPTIMIZER_CORRECTED_V1,0,-5.229485511779785,0.005327743478119373,18,V2-006-OPT-CORR-F01-S20260927,d65f8f5184d943417a4896f0ae87b47606c0ece1ba004892a72656bfd313bf60
7cfe7aa5e390f08e8d321e0f23bc5f054611c0ee0eccdf001fd31aaedd50fe7f,MITDB_P210,210,1450000000,1,20260927,MODEL_V2_TCN_MEANMAX,MODEL_V2_OPTIMIZER_CORRECTED_V1,0,-4.155446529388428,0.015436758287250996,18,V2-006-OPT-CORR-F01-S20260927,d65f8f5184d943417a4896f0ae87b47606c0ece1ba004892a72656bfd313bf60
7d0c39311b021e6146368189dff19cc5948ae54f678cc7a81c8874fbdd4471d9,MITDB_P119,119,375000000,1,20260927,MODEL_V2_TCN_MEANMAX,MODEL_V2_OPTIMIZER_CORRECTED_V1,1,14.481500625610352,0.9999995231628418,18,V2-006-OPT-CORR-F01-S20260927,d65f8f5184d943417a4896f0ae87b47606c0ece1ba004892a72656bfd313bf60
7d135d9b1353a466882e2c87ba65ffd8879c65b3612b22b66b88de97cf35d484,MITDB_P118,118,15000000,1,20260927,MODEL_V2_TCN_MEANMAX,MODEL_V2_OPTIMIZER_CORRECTED_V1,0,2.1290483474731445,0.8936945796012878,18,V2-006-OPT-CORR-F01-S20260927,d65f8f5184d943417a4896f0ae87b47606c0ece1ba004892a72656bfd313bf60
7d29c9a1aed39135c81e8db8622025fda0c18a6e3587609758a21a8e8fbf6d88,MITDB_P119,119,500000000,1,20260927,MODEL_V2_TCN_MEANMAX,MODEL_V2_OPTIMIZER_CORRECTED_V1,0,-7.137096405029297,0.000794425664935261,18,V2-006-OPT-CORR-F01-S20260927,d65f8f5184d943417a4896f0ae87b47606c0ece1ba004892a72656bfd313bf60
7d2adfa634a9ee2e207a16b4d908f39de510ad8f56c32dd200d692a33138fb34,MITDB_P101,101,1160000000,1,20260927,MODEL_V2_TCN_MEANMAX,MODEL_V2_OPTIMIZER_CORRECTED_V1,0,-6.604206085205078,0.0013528255512937903,18,V2-006-OPT-CORR-F01-S20260927,d65f8f5184d943417a4896f0ae87b47606c0ece1ba004892a72656bfd313bf60
7d416606ed2048087e7b702e8dc548383eae1d45b41bebcfc79331310b7a9926,MITDB_P207,207,415000000,1,20260927,MODEL_V2_TCN_MEANMAX,MODEL_V2_OPTIMIZER_CORRECTED_V1,0,10.771843910217285,0.9999790191650391,18,V2-006-OPT-CORR-F01-S20260927,d65f8f5184d943417a4896f0ae87b47606c0ece1ba004892a72656bfd313bf60
7d526570393f9deb9276a9fb528bd60aabfc338dde446d2c9f5c94b585c5a467,MITDB_P122,122,1195000000,1,20260927,MODEL_V2_TCN_MEANMAX,MODEL_V2_OPTIMIZER_CORRECTED_V1,0,-8.94886589050293,0.0001298675051657483,18,V2-006-OPT-CORR-F01-S20260927,d65f8f5184d943417a4896f0ae87b47606c0ece1ba004892a72656bfd313bf60
7d7d586b312980ab41cfcd54bb8527911ed0918d573100845aaded9be345e493,MITDB_P101,101,240000000,1,20260927,MODEL_V2_TCN_MEANMAX,MODEL_V2_OPTIMIZER_CORRECTED_V1,0,-6.4267497062683105,0.0016150875017046928,18,V2-006-OPT-CORR-F01-S20260927,d65f8f5184d943417a4896f0ae87b47606c0ece1ba004892a72656bfd313bf60
7d8c168a7768ddfd4db15b64db99986261d95a5c2fb8c09e956cf9777f04ce46,MITDB_P101,101,300000000,1,20260927,MODEL_V2_TCN_MEANMAX,MODEL_V2_OPTIMIZER_CORRECTED_V1,0,-6.463877201080322,0.0015563145279884338,18,V2-006-OPT-CORR-F01-S20260927,d65f8f5184d943417a4896f0ae87b47606c0ece1ba004892a72656bfd313bf60
7da2d1ba12a7f18cd37a6325cb0a8048712f08d41d585c73baeaf85bbdf98092,MITDB_P207,207,970000000,1,20260927,MODEL_V2_TCN_MEANMAX,MODEL_V2_OPTIMIZER_CORRECTED_V1,0,7.551774024963379,0.9994750618934631,18,V2-006-OPT-CORR-F01-S20260927,d65f8f5184d943417a4896f0ae87b47606c0ece1ba004892a72656bfd313bf60
7db00b07f3fb2bbe241898185d77c8a068ddbdedae58e84fb0c41813d74edb9e,MITDB_P118,118,1560000000,1,20260927,MODEL_V2_TCN_MEANMAX,MODEL_V2_OPTIMIZER_CORRECTED_V1,0,0.7106248140335083,0.6705392003059387,18,V2-006-OPT-CORR-F01-S20260927,d65f8f5184d943417a4896f0ae87b47606c0ece1ba004892a72656bfd313bf60
7e270aa1ac9c984acb643a2a2f7fd70759ffe8a5ce97b832c16b98963a21766f,MITDB_P118,118,175000000,1,20260927,MODEL_V2_TCN_MEANMAX,MODEL_V2_OPTIMIZER_CORRECTED_V1,1,4.287816047668457,0.9864511489868164,18,V2-006-OPT-CORR-F01-S20260927,d65f8f5184d943417a4896f0ae87b47606c0ece1ba004892a72656bfd313bf60
7e323bce723a0592bf67352e91e52eb699acc428f5bd4bdfb8adfb2c358b6372,MITDB_P118,118,825000000,1,20260927,MODEL_V2_TCN_MEANMAX,MODEL_V2_OPTIMIZER_CORRECTED_V1,0,4.30351448059082,0.9866594076156616,18,V2-006-OPT-CORR-F01-S20260927,d65f8f5184d943417a4896f0ae87b47606c0ece1ba004892a72656bfd313bf60
7e348efc35da8daca1f284f3dfbaf373fc9d141fed4d7fb9572ee0a9e6457267,MITDB_P119,119,965000000,1,20260927,MODEL_V2_TCN_MEANMAX,MODEL_V2_OPTIMIZER_CORRECTED_V1,1,15.289523124694824,0.9999997615814209,18,V2-006-OPT-CORR-F01-S20260927,d65f8f5184d943417a4896f0ae87b47606c0ece1ba004892a72656bfd313bf60
7e818473e6ff7af944b504e97e18de6f8e3cf19c79f0624ba7c218d09e224aca,MITDB_P118,118,935000000,1,20260927,MODEL_V2_TCN_MEANMAX,MODEL_V2_OPTIMIZER_CORRECTED_V1,0,5.240994453430176,0.9947328567504883,18,V2-006-OPT-CORR-F01-S20260927,d65f8f5184d943417a4896f0ae87b47606c0ece1ba004892a72656bfd313bf60
7e85d9ad2d63d428ec248251a14c6475ae76abcd0c3826e4d935e2e29cbee559,MITDB_P101,101,10000000,1,20260927,MODEL_V2_TCN_MEANMAX,MODEL_V2_OPTIMIZER_CORRECTED_V1,0,-5.746539115905762,0.003183647058904171,18,V2-006-OPT-CORR-F01-S20260927,d65f8f5184d943417a4896f0ae87b47606c0ece1ba004892a72656bfd313bf60
7ec831715ea03c4de7a0e3339eed73e2942f48b420375a73a1127c106516bf2b,MITDB_P207,207,180000000,1,20260927,MODEL_V2_TCN_MEANMAX,MODEL_V2_OPTIMIZER_CORRECTED_V1,1,6.601852893829346,0.9986440539360046,18,V2-006-OPT-CORR-F01-S20260927,d65f8f5184d943417a4896f0ae87b47606c0ece1ba004892a72656bfd313bf60
7ed1adcf92be983c928455e345c1de6d7e12289b26c39950c0dc0155f4e6b76d,MITDB_P118,118,220000000,1,20260927,MODEL_V2_TCN_MEANMAX,MODEL_V2_OPTIMIZER_CORRECTED_V1,0,0.6941524744033813,0.666890025138855,18,V2-006-OPT-CORR-F01-S20260927,d65f8f5184d943417a4896f0ae87b47606c0ece1ba004892a72656bfd313bf60
7f1ecc2352ec19c4b4c8300ead9f3d83c331e95a10be1cceaac2ad1bc286be0e,MITDB_P210,210,410000000,1,20260927,MODEL_V2_TCN_MEANMAX,MODEL_V2_OPTIMIZER_CORRECTED_V1,0,-0.38375726342201233,0.40522101521492004,18,V2-006-OPT-CORR-F01-S20260927,d65f8f5184d943417a4896f0ae87b47606c0ece1ba004892a72656bfd313bf60
7f51a8e895b28498ff195bb358d4dca5ac2ca20d49975a9d01838ff319aefed0,MITDB_P122,122,1295000000,1,20260927,MODEL_V2_TCN_MEANMAX,MODEL_V2_OPTIMIZER_CORRECTED_V1,0,-7.870856285095215,0.00038156172377057374,18,V2-006-OPT-CORR-F01-S20260927,d65f8f5184d943417a4896f0ae87b47606c0ece1ba004892a72656bfd313bf60
7f664e0a5c9b0ccb8bb5fa4700c8e72ac802211019ed971d64a7eead15f67d81,MITDB_P210,210,1685000000,1,20260927,MODEL_V2_TCN_MEANMAX,MODEL_V2_OPTIMIZER_CORRECTED_V1,1,-1.8419361114501953,0.13682246208190918,18,V2-006-OPT-CORR-F01-S20260927,d65f8f5184d943417a4896f0ae87b47606c0ece1ba004892a72656bfd313bf60
7f69a983ade90d46163e74145684c1d18811eb9297b7340d7342040e8e526182,MITDB_P118,118,770000000,1,20260927,MODEL_V2_TCN_MEANMAX,MODEL_V2_OPTIMIZER_CORRECTED_V1,1,8.082267761230469,0.9996911287307739,18,V2-006-OPT-CORR-F01-S20260927,d65f8f5184d943417a4896f0ae87b47606c0ece1ba004892a72656bfd313bf60
7f7b4e062333408227183508f7a4590d38e1c330e2efeda1fbaee94b7832cd4a,MITDB_P207,207,540000000,1,20260927,MODEL_V2_TCN_MEANMAX,MODEL_V2_OPTIMIZER_CORRECTED_V1,0,11.595423698425293,0.9999908208847046,18,V2-006-OPT-CORR-F01-S20260927,d65f8f5184d943417a4896f0ae87b47606c0ece1ba004892a72656bfd313bf60
7fba50dd7e11c22cb5cbba503024595761d2f4207dd9b33aaa8c767922eef9c8,MITDB_P210,210,1750000000,1,20260927,MODEL_V2_TCN_MEANMAX,MODEL_V2_OPTIMIZER_CORRECTED_V1,1,1.491113543510437,0.8162453174591064,18,V2-006-OPT-CORR-F01-S20260927,d65f8f5184d943417a4896f0ae87b47606c0ece1ba004892a72656bfd313bf60
7fc1bb0315d20d322641cfc3e6dd7a08b41ef82e861f05f0e852706f1befcaa6,MITDB_P122,122,790000000,1,20260927,MODEL_V2_TCN_MEANMAX,MODEL_V2_OPTIMIZER_CORRECTED_V1,0,-8.47498893737793,0.0002085779997287318,18,V2-006-OPT-CORR-F01-S20260927,d65f8f5184d943417a4896f0ae87b47606c0ece1ba004892a72656bfd313bf60
7ff00d5bc928e2a07fde6e8426ccb0b820461237e5f84d80472526ea5a9215b4,MITDB_P210,210,1525000000,1,20260927,MODEL_V2_TCN_MEANMAX,MODEL_V2_OPTIMIZER_CORRECTED_V1,0,-4.679636001586914,0.009197021834552288,18,V2-006-OPT-CORR-F01-S20260927,d65f8f5184d943417a4896f0ae87b47606c0ece1ba004892a72656bfd313bf60
7ff227c7bca3fb64e0f92d0a75d689a23cd5d9dc6356ba96c56b6e6abfcf6073,MITDB_P207,207,330000000,1,20260927,MODEL_V2_TCN_MEANMAX,MODEL_V2_OPTIMIZER_CORRECTED_V1,0,7.377150535583496,0.99937504529953,18,V2-006-OPT-CORR-F01-S20260927,d65f8f5184d943417a4896f0ae87b47606c0ece1ba004892a72656bfd313bf60
80656a283afa3e8a327f905e580a7f341656ae92fda68f4a697ad6cda05b47bc,MITDB_P207,207,925000000,1,20260927,MODEL_V2_TCN_MEANMAX,MODEL_V2_OPTIMIZER_CORRECTED_V1,0,7.11212158203125,0.9991855025291443,18,V2-006-OPT-CORR-F01-S20260927,d65f8f5184d943417a4896f0ae87b47606c0ece1ba004892a72656bfd313bf60
80a3f24f591246a434b4c687aee5704bfc5a3ffbd215d6d87fe9cc3e4c86fb24,MITDB_P119,119,1790000000,1,20260927,MODEL_V2_TCN_MEANMAX,MODEL_V2_OPTIMIZER_CORRECTED_V1,1,10.465936660766602,0.9999715089797974,18,V2-006-OPT-CORR-F01-S20260927,d65f8f5184d943417a4896f0ae87b47606c0ece1ba004892a72656bfd313bf60
80c3d3276ac452556dcdc1183d408ae79807a4bb2b2c92b9b3936cbff232d488,MITDB_P101,101,1600000000,1,20260927,MODEL_V2_TCN_MEANMAX,MODEL_V2_OPTIMIZER_CORRECTED_V1,0,-6.449542045593262,0.0015787497395649552,18,V2-006-OPT-CORR-F01-S20260927,d65f8f5184d943417a4896f0ae87b47606c0ece1ba004892a72656bfd313bf60
80dce6f59273e8962e89fa3a0bf7ed9a9b922856b15568f289638f68c38bfe36,MITDB_P210,210,1545000000,1,20260927,MODEL_V2_TCN_MEANMAX,MODEL_V2_OPTIMIZER_CORRECTED_V1,0,-3.9385671615600586,0.01910402998328209,18,V2-006-OPT-CORR-F01-S20260927,d65f8f5184d943417a4896f0ae87b47606c0ece1ba004892a72656bfd313bf60
80e05773ab000955f091b6ce909ccf46e5aa7c24d9cbb3fe019210427eb496c9,MITDB_P122,122,1620000000,1,20260927,MODEL_V2_TCN_MEANMAX,MODEL_V2_OPTIMIZER_CORRECTED_V1,0,-6.806865215301514,0.0011049328604713082,18,V2-006-OPT-CORR-F01-S20260927,d65f8f5184d943417a4896f0ae87b47606c0ece1ba004892a72656bfd313bf60
810d046b9b2d17e6a00984ed78219a99223a65dcb8d76c76eb07fe54d8e4861c,MITDB_P122,122,320000000,1,20260927,MODEL_V2_TCN_MEANMAX,MODEL_V2_OPTIMIZER_CORRECTED_V1,0,-8.629756927490234,0.0001786761567927897,18,V2-006-OPT-CORR-F01-S20260927,d65f8f5184d943417a4896f0ae87b47606c0ece1ba004892a72656bfd313bf60
812cf267ffcbb5a3d9f9b806721acdedbb825a8aeb70183d92e1ef8ce0514ae5,MITDB_P210,210,1060000000,1,20260927,MODEL_V2_TCN_MEANMAX,MODEL_V2_OPTIMIZER_CORRECTED_V1,1,10.963894844055176,0.9999827146530151,18,V2-006-OPT-CORR-F01-S20260927,d65f8f5184d943417a4896f0ae87b47606c0ece1ba004892a72656bfd313bf60
8133ad8811cb7a306f11d0623c16278200a56de5016453568ee619e82500eca8,MITDB_P207,207,420000000,1,20260927,MODEL_V2_TCN_MEANMAX,MODEL_V2_OPTIMIZER_CORRECTED_V1,0,3.8736610412597656,0.9796409606933594,18,V2-006-OPT-CORR-F01-S20260927,d65f8f5184d943417a4896f0ae87b47606c0ece1ba004892a72656bfd313bf60
818389dc023683ba875a13b360a470b794e9af408bf431a5b16ad428c31fa963,MITDB_P122,122,1040000000,1,20260927,MODEL_V2_TCN_MEANMAX,MODEL_V2_OPTIMIZER_CORRECTED_V1,0,-6.223119735717773,0.001979124266654253,18,V2-006-OPT-CORR-F01-S20260927,d65f8f5184d943417a4896f0ae87b47606c0ece1ba004892a72656bfd313bf60
81976ecdbe01f3ee847e04962f1d366e3cddd34563547a02a4a1ef18a4eb27fb,MITDB_P119,119,1355000000,1,20260927,MODEL_V2_TCN_MEANMAX,MODEL_V2_OPTIMIZER_CORRECTED_V1,0,-6.253212928771973,0.0019205660792067647,18,V2-006-OPT-CORR-F01-S20260927,d65f8f5184d943417a4896f0ae87b47606c0ece1ba004892a72656bfd313bf60
81a8f4c8628ac81f28fb2fe137c0979c63ed0d1d0bf00f3ff42533647d7d0adb,MITDB_P118,118,25000000,1,20260927,MODEL_V2_TCN_MEANMAX,MODEL_V2_OPTIMIZER_CORRECTED_V1,0,6.795674800872803,0.9988825917243958,18,V2-006-OPT-CORR-F01-S20260927,d65f8f5184d943417a4896f0ae87b47606c0ece1ba004892a72656bfd313bf60
81c0db6d558784c782ffa3e2b51ba696693987beecc35aca9205f108367ddb63,MITDB_P210,210,105000000,1,20260927,MODEL_V2_TCN_MEANMAX,MODEL_V2_OPTIMIZER_CORRECTED_V1,1,6.840756416320801,0.9989318251609802,18,V2-006-OPT-CORR-F01-S20260927,d65f8f5184d943417a4896f0ae87b47606c0ece1ba004892a72656bfd313bf60
81c592ae6ab1d167f9a8554ab23821a8a92b33f13b3977c70d4954d7e832cf21,MITDB_P207,207,1210000000,1,20260927,MODEL_V2_TCN_MEANMAX,MODEL_V2_OPTIMIZER_CORRECTED_V1,0,7.006852149963379,0.9990952014923096,18,V2-006-OPT-CORR-F01-S20260927,d65f8f5184d943417a4896f0ae87b47606c0ece1ba004892a72656bfd313bf60
81d718f619232087ff6d824d1c1b967399e413c4e1fef722e8bcdb6c60953e0a,MITDB_P122,122,340000000,1,20260927,MODEL_V2_TCN_MEANMAX,MODEL_V2_OPTIMIZER_CORRECTED_V1,0,-7.151975631713867,0.0007827018853276968,18,V2-006-OPT-CORR-F01-S20260927,d65f8f5184d943417a4896f0ae87b47606c0ece1ba004892a72656bfd313bf60
81e1242f60f2d55f42cb1e71d31713b7a372123381b6725e5241dcfcaf505d5a,MITDB_P210,210,175000000,1,20260927,MODEL_V2_TCN_MEANMAX,MODEL_V2_OPTIMIZER_CORRECTED_V1,0,0.7540725469589233,0.6800654530525208,18,V2-006-OPT-CORR-F01-S20260927,d65f8f5184d943417a4896f0ae87b47606c0ece1ba004892a72656bfd313bf60
8205e77b7526180b4b223578eaf748e312311d711ae2b9bd2cd5ff704554283a,MITDB_P119,119,1190000000,1,20260927,MODEL_V2_TCN_MEANMAX,MODEL_V2_OPTIMIZER_CORRECTED_V1,1,14.395615577697754,0.9999994039535522,18,V2-006-OPT-CORR-F01-S20260927,d65f8f5184d943417a4896f0ae87b47606c0ece1ba004892a72656bfd313bf60
82685d48ec4fb907e6d9f08392dd87a0200969e7b514e4aa08126309d28da281,MITDB_P101,101,510000000,1,20260927,MODEL_V2_TCN_MEANMAX,MODEL_V2_OPTIMIZER_CORRECTED_V1,0,-6.255666255950928,0.0019158689538016915,18,V2-006-OPT-CORR-F01-S20260927,d65f8f5184d943417a4896f0ae87b47606c0ece1ba004892a72656bfd313bf60
82704ca8dc65efd6717167c0f2488eb0ab5cc4ba07082f87bf862bc8d8253299,MITDB_P210,210,1135000000,1,20260927,MODEL_V2_TCN_MEANMAX,MODEL_V2_OPTIMIZER_CORRECTED_V1,0,-2.3187594413757324,0.08958118408918381,18,V2-006-OPT-CORR-F01-S20260927,d65f8f5184d943417a4896f0ae87b47606c0ece1ba004892a72656bfd313bf60
829339585f3c156a8861b4730776e210c1e37344c285b86ae8e2b3c8d0f9b3a7,MITDB_P119,119,905000000,1,20260927,MODEL_V2_TCN_MEANMAX,MODEL_V2_OPTIMIZER_CORRECTED_V1,1,14.913812637329102,0.9999996423721313,18,V2-006-OPT-CORR-F01-S20260927,d65f8f5184d943417a4896f0ae87b47606c0ece1ba004892a72656bfd313bf60
82c71f409ca585d6daa2768b0764e733ca3d8e853dc1752bf048a510fedee856,MITDB_P207,207,710000000,1,20260927,MODEL_V2_TCN_MEANMAX,MODEL_V2_OPTIMIZER_CORRECTED_V1,0,7.201695442199707,0.9992552399635315,18,V2-006-OPT-CORR-F01-S20260927,d65f8f5184d943417a4896f0ae87b47606c0ece1ba004892a72656bfd313bf60
82f7ed2d8624aebd10012424d300ad041d87b8ff50b94cd71194f7d7ab04a2ae,MITDB_P101,101,180000000,1,20260927,MODEL_V2_TCN_MEANMAX,MODEL_V2_OPTIMIZER_CORRECTED_V1,0,6.724309921264648,0.9988000392913818,18,V2-006-OPT-CORR-F01-S20260927,d65f8f5184d943417a4896f0ae87b47606c0ece1ba004892a72656bfd313bf60
8308e593ba8bf3afbb562ab5fa72deded99edb020b84df598735e4c0240618c7,MITDB_P118,118,1715000000,1,20260927,MODEL_V2_TCN_MEANMAX,MODEL_V2_OPTIMIZER_CORRECTED_V1,1,6.335343360900879,0.9982306361198425,18,V2-006-OPT-CORR-F01-S20260927,d65f8f5184d943417a4896f0ae87b47606c0ece1ba004892a72656bfd313bf60
83151167478358aa220f9f3e58d2f02ccdd2168c9ccf27ea536a999968c91b81,MITDB_P119,119,550000000,1,20260927,MODEL_V2_TCN_MEANMAX,MODEL_V2_OPTIMIZER_CORRECTED_V1,1,18.693283081054688,1.0,18,V2-006-OPT-CORR-F01-S20260927,d65f8f5184d943417a4896f0ae87b47606c0ece1ba004892a72656bfd313bf60
838978e5dc3a6a58d44741a2a566bbe3d76cda36da93f3d5ce7690f127e77505,MITDB_P118,118,335000000,1,20260927,MODEL_V2_TCN_MEANMAX,MODEL_V2_OPTIMIZER_CORRECTED_V1,0,2.9975626468658447,0.9524639248847961,18,V2-006-OPT-CORR-F01-S20260927,d65f8f5184d943417a4896f0ae87b47606c0ece1ba004892a72656bfd313bf60
838ff295b0a3ed2ac3b1b44e165ba165ccef3edf66b957b8a9b3ed768aeff503,MITDB_P207,207,1805000000,1,20260927,MODEL_V2_TCN_MEANMAX,MODEL_V2_OPTIMIZER_CORRECTED_V1,1,-0.43536779284477234,0.3928453028202057,18,V2-006-OPT-CORR-F01-S20260927,d65f8f5184d943417a4896f0ae87b47606c0ece1ba004892a72656bfd313bf60
83931685856fabcfdf4537696ecbf3565bfa5e15384995a4a9cf7b82807e6143,MITDB_P119,119,1145000000,1,20260927,MODEL_V2_TCN_MEANMAX,MODEL_V2_OPTIMIZER_CORRECTED_V1,1,15.529959678649902,0.9999997615814209,18,V2-006-OPT-CORR-F01-S20260927,d65f8f5184d943417a4896f0ae87b47606c0ece1ba004892a72656bfd313bf60
83967d546185d9c88a1d77f6f75a3f28507bb023f39bb8afb5cafd89fc80751d,MITDB_P210,210,70000000,1,20260927,MODEL_V2_TCN_MEANMAX,MODEL_V2_OPTIMIZER_CORRECTED_V1,0,-2.054567575454712,0.11359166353940964,18,V2-006-OPT-CORR-F01-S20260927,d65f8f5184d943417a4896f0ae87b47606c0ece1ba004892a72656bfd313bf60
83ab8244bdd6c59d834f1b3bb18ed4dd22acf5ea9a35396a256e64cebb9cee91,MITDB_P101,101,1690000000,1,20260927,MODEL_V2_TCN_MEANMAX,MODEL_V2_OPTIMIZER_CORRECTED_V1,0,-6.324428558349609,0.0017887845169752836,18,V2-006-OPT-CORR-F01-S20260927,d65f8f5184d943417a4896f0ae87b47606c0ece1ba004892a72656bfd313bf60
83b0ec3ae53c6bd656a351013eeb8d31417d0201d3c179e9803fd988454fcf73,MITDB_P122,122,1665000000,1,20260927,MODEL_V2_TCN_MEANMAX,MODEL_V2_OPTIMIZER_CORRECTED_V1,0,-6.126654624938965,0.00217911577783525,18,V2-006-OPT-CORR-F01-S20260927,d65f8f5184d943417a4896f0ae87b47606c0ece1ba004892a72656bfd313bf60
83d3d4a880a56f697ed6464e8bbb85b627a428eae417fddee9848be41d0d403e,MITDB_P119,119,115000000,1,20260927,MODEL_V2_TCN_MEANMAX,MODEL_V2_OPTIMIZER_CORRECTED_V1,0,-7.320407867431641,0.0006614543963223696,18,V2-006-OPT-CORR-F01-S20260927,d65f8f5184d943417a4896f0ae87b47606c0ece1ba004892a72656bfd313bf60
83e720395cb96f1b324f1fb6c2dcbd8d67ef445cf8c3e8c8ddb8c60b280c62bc,MITDB_P210,210,1430000000,1,20260927,MODEL_V2_TCN_MEANMAX,MODEL_V2_OPTIMIZER_CORRECTED_V1,1,2.113185405731201,0.8921781778335571,18,V2-006-OPT-CORR-F01-S20260927,d65f8f5184d943417a4896f0ae87b47606c0ece1ba004892a72656bfd313bf60
83ed6692d2802f2c5e8791eb7996ce403a98f7087511bc7231d41cf4db40fb25,MITDB_P207,207,445000000,1,20260927,MODEL_V2_TCN_MEANMAX,MODEL_V2_OPTIMIZER_CORRECTED_V1,0,6.525876998901367,0.9985370635986328,18,V2-006-OPT-CORR-F01-S20260927,d65f8f5184d943417a4896f0ae87b47606c0ece1ba004892a72656bfd313bf60
83f55179220419226f4a61e379343e33ae128c3ab2c12979f09b0111a69099f9,MITDB_P101,101,90000000,1,20260927,MODEL_V2_TCN_MEANMAX,MODEL_V2_OPTIMIZER_CORRECTED_V1,0,-5.553790092468262,0.0038578109815716743,18,V2-006-OPT-CORR-F01-S20260927,d65f8f5184d943417a4896f0ae87b47606c0ece1ba004892a72656bfd313bf60
83fc2848cd86087d8c4081f555eb2ae087de8e1e44f7f5e6a3c2bc0e768b61fd,MITDB_P207,207,1310000000,1,20260927,MODEL_V2_TCN_MEANMAX,MODEL_V2_OPTIMIZER_CORRECTED_V1,0,6.3690690994262695,0.998289167881012,18,V2-006-OPT-CORR-F01-S20260927,d65f8f5184d943417a4896f0ae87b47606c0ece1ba004892a72656bfd313bf60
8410bbf6074e9af1add327bcca76d783ea9f7c4c8809c1f3804069ef00c78ae3,MITDB_P210,210,370000000,1,20260927,MODEL_V2_TCN_MEANMAX,MODEL_V2_OPTIMIZER_CORRECTED_V1,0,-3.2845354080200195,0.03610554337501526,18,V2-006-OPT-CORR-F01-S20260927,d65f8f5184d943417a4896f0ae87b47606c0ece1ba004892a72656bfd313bf60
84172cc6a92cbd313add399ffb81fe13d42cbe5c8f5e733a33fd958e8386d3bc,MITDB_P119,119,1285000000,1,20260927,MODEL_V2_TCN_MEANMAX,MODEL_V2_OPTIMIZER_CORRECTED_V1,1,16.0584716796875,0.9999998807907104,18,V2-006-OPT-CORR-F01-S20260927,d65f8f5184d943417a4896f0ae87b47606c0ece1ba004892a72656bfd313bf60
8434ff4dc02e6b6d00ae099aaa2a390a1f4081e78e810dc56d8a301fcae3167c,MITDB_P122,122,1280000000,1,20260927,MODEL_V2_TCN_MEANMAX,MODEL_V2_OPTIMIZER_CORRECTED_V1,0,-8.34201431274414,0.00023823510855436325,18,V2-006-OPT-CORR-F01-S20260927,d65f8f5184d943417a4896f0ae87b47606c0ece1ba004892a72656bfd313bf60
84427c049d25e3026e5906758c180878f121f71bd3fb45b21228eb55b7a4195d,MITDB_P119,119,650000000,1,20260927,MODEL_V2_TCN_MEANMAX,MODEL_V2_OPTIMIZER_CORRECTED_V1,0,-7.204018592834473,0.0007430390687659383,18,V2-006-OPT-CORR-F01-S20260927,d65f8f5184d943417a4896f0ae87b47606c0ece1ba004892a72656bfd313bf60
8494e884d77c1c1f7a83377f7283869e4e826001c0345e50007642a4d45a80d9,MITDB_P122,122,15000000,1,20260927,MODEL_V2_TCN_MEANMAX,MODEL_V2_OPTIMIZER_CORRECTED_V1,0,-7.65458869934082,0.00047364027705043554,18,V2-006-OPT-CORR-F01-S20260927,d65f8f5184d943417a4896f0ae87b47606c0ece1ba004892a72656bfd313bf60
849c1e3412d5163fdf6347da025b18780947fdb6746a50713ace50e0b6dd88dd,MITDB_P101,101,1675000000,1,20260927,MODEL_V2_TCN_MEANMAX,MODEL_V2_OPTIMIZER_CORRECTED_V1,0,-6.442588806152344,0.001589747960679233,18,V2-006-OPT-CORR-F01-S20260927,d65f8f5184d943417a4896f0ae87b47606c0ece1ba004892a72656bfd313bf60
84a915643814a9386261599026480ad52805181cd3cde5429ec4c043eefd4a5a,MITDB_P207,207,1330000000,1,20260927,MODEL_V2_TCN_MEANMAX,MODEL_V2_OPTIMIZER_CORRECTED_V1,0,6.793369770050049,0.9988800883293152,18,V2-006-OPT-CORR-F01-S20260927,d65f8f5184d943417a4896f0ae87b47606c0ece1ba004892a72656bfd313bf60
84c9498dc456d80d833ca5df3488feed7d6b3ddf2c30671b41ab0851a7bfde75,MITDB_P101,101,1535000000,1,20260927,MODEL_V2_TCN_MEANMAX,MODEL_V2_OPTIMIZER_CORRECTED_V1,0,-6.304183483123779,0.001825300743803382,18,V2-006-OPT-CORR-F01-S20260927,d65f8f5184d943417a4896f0ae87b47606c0ece1ba004892a72656bfd313bf60
8505148d5904fca673b637419086859bfbccfb0f0ce2a943d476def7529f12c8,MITDB_P207,207,1510000000,1,20260927,MODEL_V2_TCN_MEANMAX,MODEL_V2_OPTIMIZER_CORRECTED_V1,0,7.1423821449279785,0.9992097616195679,18,V2-006-OPT-CORR-F01-S20260927,d65f8f5184d943417a4896f0ae87b47606c0ece1ba004892a72656bfd313bf60
8513aa7cbfe920c06834adad1d320fb0018a67ba70b154abc2e36dc4b20dde1f,MITDB_P101,101,1265000000,1,20260927,MODEL_V2_TCN_MEANMAX,MODEL_V2_OPTIMIZER_CORRECTED_V1,0,-6.986894607543945,0.0009230583673343062,18,V2-006-OPT-CORR-F01-S20260927,d65f8f5184d943417a4896f0ae87b47606c0ece1ba004892a72656bfd313bf60
8546c9cba7df6c0ef7ffd67f8822ca3430bf9b12aee3dd9e68a6debde6669378,MITDB_P118,118,195000000,1,20260927,MODEL_V2_TCN_MEANMAX,MODEL_V2_OPTIMIZER_CORRECTED_V1,0,5.407365798950195,0.9955365657806396,18,V2-006-OPT-CORR-F01-S20260927,d65f8f5184d943417a4896f0ae87b47606c0ece1ba004892a72656bfd313bf60
855ab49df770fdb7cebd93e329749ebcc723b9c39d78bd33ab3ffb503c5b2d2b,MITDB_P210,210,1235000000,1,20260927,MODEL_V2_TCN_MEANMAX,MODEL_V2_OPTIMIZER_CORRECTED_V1,0,-3.1751527786254883,0.04011154919862747,18,V2-006-OPT-CORR-F01-S20260927,d65f8f5184d943417a4896f0ae87b47606c0ece1ba004892a72656bfd313bf60
85d04477925a449c1cd991af2f4424f05adfa2923f35c851f502cc4ff608fb44,MITDB_P122,122,1635000000,1,20260927,MODEL_V2_TCN_MEANMAX,MODEL_V2_OPTIMIZER_CORRECTED_V1,0,-5.824932098388672,0.002944309962913394,18,V2-006-OPT-CORR-F01-S20260927,d65f8f5184d943417a4896f0ae87b47606c0ece1ba004892a72656bfd313bf60
85d486666ee0b0c061f3efa1e9bc674e61431a07096b6fefd75f81cfb00b47b8,MITDB_P210,210,905000000,1,20260927,MODEL_V2_TCN_MEANMAX,MODEL_V2_OPTIMIZER_CORRECTED_V1,0,5.854015350341797,0.9971398115158081,18,V2-006-OPT-CORR-F01-S20260927,d65f8f5184d943417a4896f0ae87b47606c0ece1ba004892a72656bfd313bf60
85f02d5392c3a6311bffd084eb57354c11dc808571e3b4bd80eaf60f214e42fd,MITDB_P122,122,245000000,1,20260927,MODEL_V2_TCN_MEANMAX,MODEL_V2_OPTIMIZER_CORRECTED_V1,0,-8.769508361816406,0.00015537581930402666,18,V2-006-OPT-CORR-F01-S20260927,d65f8f5184d943417a4896f0ae87b47606c0ece1ba004892a72656bfd313bf60
8603226ff615cd6da24a2ae2612a849c207d4607707a7be0b3efecdc2923cc44,MITDB_P119,119,240000000,1,20260927,MODEL_V2_TCN_MEANMAX,MODEL_V2_OPTIMIZER_CORRECTED_V1,1,13.323402404785156,0.9999983310699463,18,V2-006-OPT-CORR-F01-S20260927,d65f8f5184d943417a4896f0ae87b47606c0ece1ba004892a72656bfd313bf60
8607ae9088e61b463c2eca596cae021e20cb0abfc912d4fbe864b20fab0ed404,MITDB_P119,119,1010000000,1,20260927,MODEL_V2_TCN_MEANMAX,MODEL_V2_OPTIMIZER_CORRECTED_V1,0,-7.533140659332275,0.0005347690894268453,18,V2-006-OPT-CORR-F01-S20260927,d65f8f5184d943417a4896f0ae87b47606c0ece1ba004892a72656bfd313bf60
864acf60f4c61e6aa6a4355a81665205e37a8abb23419c5d028c8bac111ec8b7,MITDB_P101,101,415000000,1,20260927,MODEL_V2_TCN_MEANMAX,MODEL_V2_OPTIMIZER_CORRECTED_V1,0,-5.495795249938965,0.00408721761777997,18,V2-006-OPT-CORR-F01-S20260927,d65f8f5184d943417a4896f0ae87b47606c0ece1ba004892a72656bfd313bf60
865dab762c60e229506a9007d683b49db510a1f2e8b7e3ff7b4066485cda3a28,MITDB_P122,122,1450000000,1,20260927,MODEL_V2_TCN_MEANMAX,MODEL_V2_OPTIMIZER_CORRECTED_V1,0,-8.098880767822266,0.00030378674273379147,18,V2-006-OPT-CORR-F01-S20260927,d65f8f5184d943417a4896f0ae87b47606c0ece1ba004892a72656bfd313bf60
868fb806857e04d543b836a6d654a2caefcb770a2e085af83f7947907795b670,MITDB_P122,122,490000000,1,20260927,MODEL_V2_TCN_MEANMAX,MODEL_V2_OPTIMIZER_CORRECTED_V1,0,-8.175119400024414,0.00028149355784989893,18,V2-006-OPT-CORR-F01-S20260927,d65f8f5184d943417a4896f0ae87b47606c0ece1ba004892a72656bfd313bf60
86a44650e242117eb31be5eca8cec76e0df22c251b8c6b54e373f006c270d1a5,MITDB_P122,122,615000000,1,20260927,MODEL_V2_TCN_MEANMAX,MODEL_V2_OPTIMIZER_CORRECTED_V1,0,-7.580280303955078,0.000510157726239413,18,V2-006-OPT-CORR-F01-S20260927,d65f8f5184d943417a4896f0ae87b47606c0ece1ba004892a72656bfd313bf60
86be2ddd1c19c7a9b650f87969025aa495cf21c9a825ed5c40b780a0b531d511,MITDB_P210,210,910000000,1,20260927,MODEL_V2_TCN_MEANMAX,MODEL_V2_OPTIMIZER_CORRECTED_V1,1,4.793057441711426,0.9917810559272766,18,V2-006-OPT-CORR-F01-S20260927,d65f8f5184d943417a4896f0ae87b47606c0ece1ba004892a72656bfd313bf60
86df04dd1b187c17c8845cb9feaa932493fef0db5e25d1052dd13ddbab5a5d01,MITDB_P210,210,610000000,1,20260927,MODEL_V2_TCN_MEANMAX,MODEL_V2_OPTIMIZER_CORRECTED_V1,1,5.607980728149414,0.9963449835777283,18,V2-006-OPT-CORR-F01-S20260927,d65f8f5184d943417a4896f0ae87b47606c0ece1ba004892a72656bfd313bf60
874b1aa2dd99dacc793e86a99bd7586af6d3404546fd1ba4a7a5ee41066a7a13,MITDB_P101,101,1740000000,1,20260927,MODEL_V2_TCN_MEANMAX,MODEL_V2_OPTIMIZER_CORRECTED_V1,0,-4.6778950691223145,0.009212899021804333,18,V2-006-OPT-CORR-F01-S20260927,d65f8f5184d943417a4896f0ae87b47606c0ece1ba004892a72656bfd313bf60
874c3445eb007eaf43d44710616fa0bd2cd15df9cc2cda29f91b4aa94c4e9d15,MITDB_P210,210,995000000,1,20260927,MODEL_V2_TCN_MEANMAX,MODEL_V2_OPTIMIZER_CORRECTED_V1,0,-1.5404036045074463,0.1764766126871109,18,V2-006-OPT-CORR-F01-S20260927,d65f8f5184d943417a4896f0ae87b47606c0ece1ba004892a72656bfd313bf60
8773f8356f86950d4a34cbbcd0ede663cb0d69a69884071af8e8ec8561f56bd1,MITDB_P118,118,515000000,1,20260927,MODEL_V2_TCN_MEANMAX,MODEL_V2_OPTIMIZER_CORRECTED_V1,1,-1.9317617416381836,0.12655571103096008,18,V2-006-OPT-CORR-F01-S20260927,d65f8f5184d943417a4896f0ae87b47606c0ece1ba004892a72656bfd313bf60
879b174f9df02f1bc443b40b279fe71b0e4b4806d55846f4da19832ef5e50a2e,MITDB_P210,210,1020000000,1,20260927,MODEL_V2_TCN_MEANMAX,MODEL_V2_OPTIMIZER_CORRECTED_V1,1,9.361228942871094,0.9999140501022339,18,V2-006-OPT-CORR-F01-S20260927,d65f8f5184d943417a4896f0ae87b47606c0ece1ba004892a72656bfd313bf60
879c379afa7867910cf1dd095e833420609086b88ec42dcbe4aa983dba95b83d,MITDB_P119,119,1235000000,1,20260927,MODEL_V2_TCN_MEANMAX,MODEL_V2_OPTIMIZER_CORRECTED_V1,1,18.20000648498535,1.0,18,V2-006-OPT-CORR-F01-S20260927,d65f8f5184d943417a4896f0ae87b47606c0ece1ba004892a72656bfd313bf60
87acdafa38658c3d7b021253bf8cbe07f275ff83a90938273adb88e9300c1c6a,MITDB_P101,101,265000000,1,20260927,MODEL_V2_TCN_MEANMAX,MODEL_V2_OPTIMIZER_CORRECTED_V1,0,-6.3331098556518555,0.0017733501736074686,18,V2-006-OPT-CORR-F01-S20260927,d65f8f5184d943417a4896f0ae87b47606c0ece1ba004892a72656bfd313bf60
87bb42de745678d9d83a4dee2005d2c8704a049032347758532ac7c24df9d721,MITDB_P118,118,1060000000,1,20260927,MODEL_V2_TCN_MEANMAX,MODEL_V2_OPTIMIZER_CORRECTED_V1,0,5.449443340301514,0.9957197308540344,18,V2-006-OPT-CORR-F01-S20260927,d65f8f5184d943417a4896f0ae87b47606c0ece1ba004892a72656bfd313bf60
87ccf70b20ed528fcdffd803942d51ee2cece56acc3592cb795e6627b12c724f,MITDB_P122,122,1075000000,1,20260927,MODEL_V2_TCN_MEANMAX,MODEL_V2_OPTIMIZER_CORRECTED_V1,0,-7.325141906738281,0.0006583324866369367,18,V2-006-OPT-CORR-F01-S20260927,d65f8f5184d943417a4896f0ae87b47606c0ece1ba004892a72656bfd313bf60
87cd4127d84a350e34f6a6d5f63a9283185d002c5309db4a47712421b3245c74,MITDB_P122,122,1610000000,1,20260927,MODEL_V2_TCN_MEANMAX,MODEL_V2_OPTIMIZER_CORRECTED_V1,0,-5.827707290649414,0.0029361743945628405,18,V2-006-OPT-CORR-F01-S20260927,d65f8f5184d943417a4896f0ae87b47606c0ece1ba004892a72656bfd313bf60
88059d13622619f02f38021b85eefa99e5394628ee29518b33fff81a3cce4f38,MITDB_P122,122,520000000,1,20260927,MODEL_V2_TCN_MEANMAX,MODEL_V2_OPTIMIZER_CORRECTED_V1,0,-7.109726428985596,0.0008164513274095953,18,V2-006-OPT-CORR-F01-S20260927,d65f8f5184d943417a4896f0ae87b47606c0ece1ba004892a72656bfd313bf60
882c3f9f6844c43f76e5c343070bdc54714b3115ef55484a49d1d10d5134cb38,MITDB_P210,210,1320000000,1,20260927,MODEL_V2_TCN_MEANMAX,MODEL_V2_OPTIMIZER_CORRECTED_V1,0,1.6437196731567383,0.8380404710769653,18,V2-006-OPT-CORR-F01-S20260927,d65f8f5184d943417a4896f0ae87b47606c0ece1ba004892a72656bfd313bf60
884e4bee6da469e5f83b9831e76ef3367a9ff3ad4153e6607cd9026177a608d9,MITDB_P119,119,490000000,1,20260927,MODEL_V2_TCN_MEANMAX,MODEL_V2_OPTIMIZER_CORRECTED_V1,1,17.07246971130371,1.0,18,V2-006-OPT-CORR-F01-S20260927,d65f8f5184d943417a4896f0ae87b47606c0ece1ba004892a72656bfd313bf60
8853f767ba16538fdd0726cd01e3a155c4515e2324d34a581106e59ac67165cc,MITDB_P118,118,870000000,1,20260927,MODEL_V2_TCN_MEANMAX,MODEL_V2_OPTIMIZER_CORRECTED_V1,0,6.777287483215332,0.9988619089126587,18,V2-006-OPT-CORR-F01-S20260927,d65f8f5184d943417a4896f0ae87b47606c0ece1ba004892a72656bfd313bf60
889439d17494285ba706d75d247cab7f3217cd7ef1ce1b4ad20519dd1bd71279,MITDB_P101,101,1445000000,1,20260927,MODEL_V2_TCN_MEANMAX,MODEL_V2_OPTIMIZER_CORRECTED_V1,0,-6.397817611694336,0.0016624191775918007,18,V2-006-OPT-CORR-F01-S20260927,d65f8f5184d943417a4896f0ae87b47606c0ece1ba004892a72656bfd313bf60
889b85b57b5db50ce6a90eef7b92ec6701ce52eaca8fb65c71ec04d7b200157f,MITDB_P207,207,205000000,1,20260927,MODEL_V2_TCN_MEANMAX,MODEL_V2_OPTIMIZER_CORRECTED_V1,1,13.283445358276367,0.9999983310699463,18,V2-006-OPT-CORR-F01-S20260927,d65f8f5184d943417a4896f0ae87b47606c0ece1ba004892a72656bfd313bf60
88d8513b856a021277b8cfe13e35e68dab4c917fb83e87704b931ada2e4bfc7a,MITDB_P210,210,725000000,1,20260927,MODEL_V2_TCN_MEANMAX,MODEL_V2_OPTIMIZER_CORRECTED_V1,0,-0.5308085680007935,0.3703283369541168,18,V2-006-OPT-CORR-F01-S20260927,d65f8f5184d943417a4896f0ae87b47606c0ece1ba004892a72656bfd313bf60
88d98def068ba41f05e7901442707ab396a2daf87c01a646b155f8be240c82ef,MITDB_P210,210,1635000000,1,20260927,MODEL_V2_TCN_MEANMAX,MODEL_V2_OPTIMIZER_CORRECTED_V1,1,2.5146758556365967,0.9251642823219299,18,V2-006-OPT-CORR-F01-S20260927,d65f8f5184d943417a4896f0ae87b47606c0ece1ba004892a72656bfd313bf60
88e6b51386986a605daa50770b1452f2773d612ba51cb68f26b42d36efcc5e3e,MITDB_P122,122,1235000000,1,20260927,MODEL_V2_TCN_MEANMAX,MODEL_V2_OPTIMIZER_CORRECTED_V1,0,-7.685405254364014,0.00045927352039143443,18,V2-006-OPT-CORR-F01-S20260927,d65f8f5184d943417a4896f0ae87b47606c0ece1ba004892a72656bfd313bf60
893aeee458d6a4efc39db5d9555ed6b789bec3e3199158ac79b519dfcc47fabd,MITDB_P207,207,1725000000,1,20260927,MODEL_V2_TCN_MEANMAX,MODEL_V2_OPTIMIZER_CORRECTED_V1,1,0.21526065468788147,0.5536083579063416,18,V2-006-OPT-CORR-F01-S20260927,d65f8f5184d943417a4896f0ae87b47606c0ece1ba004892a72656bfd313bf60
89710600a5674dcd4847f57492c3cf399df628195202e99bf18766309814f016,MITDB_P118,118,550000000,1,20260927,MODEL_V2_TCN_MEANMAX,MODEL_V2_OPTIMIZER_CORRECTED_V1,0,6.17337703704834,0.9979202151298523,18,V2-006-OPT-CORR-F01-S20260927,d65f8f5184d943417a4896f0ae87b47606c0ece1ba004892a72656bfd313bf60
897914c309c94ef8b5510eb8694b35e0af924319b7fcf4583b3ffbf4b9700362,MITDB_P207,207,1055000000,1,20260927,MODEL_V2_TCN_MEANMAX,MODEL_V2_OPTIMIZER_CORRECTED_V1,0,7.637069225311279,0.9995180368423462,18,V2-006-OPT-CORR-F01-S20260927,d65f8f5184d943417a4896f0ae87b47606c0ece1ba004892a72656bfd313bf60
8982021e19ef7e142da666ab206cc10ae48313f78b8072f8375d54adecdfead2,MITDB_P118,118,1185000000,1,20260927,MODEL_V2_TCN_MEANMAX,MODEL_V2_OPTIMIZER_CORRECTED_V1,1,4.800223350524902,0.9918392300605774,18,V2-006-OPT-CORR-F01-S20260927,d65f8f5184d943417a4896f0ae87b47606c0ece1ba004892a72656bfd313bf60
89896f1e293b7ff2e42f5726cd719d206b529680d2febc37cace13a7308db83b,MITDB_P122,122,1445000000,1,20260927,MODEL_V2_TCN_MEANMAX,MODEL_V2_OPTIMIZER_CORRECTED_V1,0,-8.092516899108887,0.00030572558171115816,18,V2-006-OPT-CORR-F01-S20260927,d65f8f5184d943417a4896f0ae87b47606c0ece1ba004892a72656bfd313bf60
89a702db51e0ed42fcc8ec350755a9c1e25d03497d00260609495ae4450d675d,MITDB_P101,101,1615000000,1,20260927,MODEL_V2_TCN_MEANMAX,MODEL_V2_OPTIMIZER_CORRECTED_V1,0,-6.238372802734375,0.0019492240389809012,18,V2-006-OPT-CORR-F01-S20260927,d65f8f5184d943417a4896f0ae87b47606c0ece1ba004892a72656bfd313bf60
89cbedbbd1c3077f2a65974fdab3029d4c378244206aad4b1e51509a3ca45f13,MITDB_P118,118,740000000,1,20260927,MODEL_V2_TCN_MEANMAX,MODEL_V2_OPTIMIZER_CORRECTED_V1,1,6.0813398361206055,0.9977200627326965,18,V2-006-OPT-CORR-F01-S20260927,d65f8f5184d943417a4896f0ae87b47606c0ece1ba004892a72656bfd313bf60
89ffb7f7c0d36e8e575e8dbbc9b1f76bf323b5bce5c942724b5b995120d012be,MITDB_P119,119,1670000000,1,20260927,MODEL_V2_TCN_MEANMAX,MODEL_V2_OPTIMIZER_CORRECTED_V1,1,19.66162872314453,1.0,18,V2-006-OPT-CORR-F01-S20260927,d65f8f5184d943417a4896f0ae87b47606c0ece1ba004892a72656bfd313bf60
8a05ac0434aaaa26ae04c85a17cb064991e199e125525861db6245f1e70800e2,MITDB_P210,210,315000000,1,20260927,MODEL_V2_TCN_MEANMAX,MODEL_V2_OPTIMIZER_CORRECTED_V1,0,-0.20934483408927917,0.44785407185554504,18,V2-006-OPT-CORR-F01-S20260927,d65f8f5184d943417a4896f0ae87b47606c0ece1ba004892a72656bfd313bf60
8a12ef6e43a706048f73131e0955196dcc57582bfd13bbc553340dac8f7ff429,MITDB_P122,122,380000000,1,20260927,MODEL_V2_TCN_MEANMAX,MODEL_V2_OPTIMIZER_CORRECTED_V1,0,-6.7270002365112305,0.0011966879246756434,18,V2-006-OPT-CORR-F01-S20260927,d65f8f5184d943417a4896f0ae87b47606c0ece1ba004892a72656bfd313bf60
8a3c48aed2d84a935a046e20d195e2742a6993ae80ee1c352cec8afa1cdec175,MITDB_P122,122,970000000,1,20260927,MODEL_V2_TCN_MEANMAX,MODEL_V2_OPTIMIZER_CORRECTED_V1,0,-8.954219818115234,0.00012917416461277753,18,V2-006-OPT-CORR-F01-S20260927,d65f8f5184d943417a4896f0ae87b47606c0ece1ba004892a72656bfd313bf60
8a4791f693f9df91f3a2f19350b66b47630ce18b6fd0b23d97cfb6fdf014172c,MITDB_P101,101,1155000000,1,20260927,MODEL_V2_TCN_MEANMAX,MODEL_V2_OPTIMIZER_CORRECTED_V1,0,-6.298504829406738,0.0018356764921918511,18,V2-006-OPT-CORR-F01-S20260927,d65f8f5184d943417a4896f0ae87b47606c0ece1ba004892a72656bfd313bf60
8a5e6ac50c13d5dae22d316697943c1c90fef9f57901f450ccd64e513de74ec8,MITDB_P122,122,1710000000,1,20260927,MODEL_V2_TCN_MEANMAX,MODEL_V2_OPTIMIZER_CORRECTED_V1,0,-8.858560562133789,0.00014213933900464326,18,V2-006-OPT-CORR-F01-S20260927,d65f8f5184d943417a4896f0ae87b47606c0ece1ba004892a72656bfd313bf60
8a854f897251a0ce200a6151e985afe639bfcb8bfce867d034931ae52ab8f999,MITDB_P118,118,525000000,1,20260927,MODEL_V2_TCN_MEANMAX,MODEL_V2_OPTIMIZER_CORRECTED_V1,1,5.993572235107422,0.9975115060806274,18,V2-006-OPT-CORR-F01-S20260927,d65f8f5184d943417a4896f0ae87b47606c0ece1ba004892a72656bfd313bf60
8a8cfe347498cd20fe678fc5b8a12c814980c96866e2a6697c356635fabba749,MITDB_P210,210,390000000,1,20260927,MODEL_V2_TCN_MEANMAX,MODEL_V2_OPTIMIZER_CORRECTED_V1,0,-2.0769248008728027,0.11135993152856827,18,V2-006-OPT-CORR-F01-S20260927,d65f8f5184d943417a4896f0ae87b47606c0ece1ba004892a72656bfd313bf60
8abec0ce70e40d7aaa0b12acdc967c29bb56b2878339a78027335e2961e3d795,MITDB_P101,101,205000000,1,20260927,MODEL_V2_TCN_MEANMAX,MODEL_V2_OPTIMIZER_CORRECTED_V1,0,-6.232527256011963,0.0019606291316449642,18,V2-006-OPT-CORR-F01-S20260927,d65f8f5184d943417a4896f0ae87b47606c0ece1ba004892a72656bfd313bf60
8b11bba786d7efa73b2c993ec6fff018e0628095bbc6a9009f1e812f165777e2,MITDB_P122,122,285000000,1,20260927,MODEL_V2_TCN_MEANMAX,MODEL_V2_OPTIMIZER_CORRECTED_V1,0,-8.582830429077148,0.00018725903646554798,18,V2-006-OPT-CORR-F01-S20260927,d65f8f5184d943417a4896f0ae87b47606c0ece1ba004892a72656bfd313bf60
8b2d876cc8251b471fe37576e86c9548d23bdf97f51dfd6b48766693b7dfe7a9,MITDB_P210,210,680000000,1,20260927,MODEL_V2_TCN_MEANMAX,MODEL_V2_OPTIMIZER_CORRECTED_V1,1,3.9264793395996094,0.9806681871414185,18,V2-006-OPT-CORR-F01-S20260927,d65f8f5184d943417a4896f0ae87b47606c0ece1ba004892a72656bfd313bf60
8b6421d04240f77b87f39b6f9db154e025658b7084b33fb3a616561a01bf7bc5,MITDB_P119,119,15000000,1,20260927,MODEL_V2_TCN_MEANMAX,MODEL_V2_OPTIMIZER_CORRECTED_V1,1,17.206771850585938,1.0,18,V2-006-OPT-CORR-F01-S20260927,d65f8f5184d943417a4896f0ae87b47606c0ece1ba004892a72656bfd313bf60
8b8ebc1a0b16b59b063ab413a0301c610459fcdd86f58fded7f66ad936d584a7,MITDB_P101,101,1405000000,1,20260927,MODEL_V2_TCN_MEANMAX,MODEL_V2_OPTIMIZER_CORRECTED_V1,0,-6.543928623199463,0.0014367575058713555,18,V2-006-OPT-CORR-F01-S20260927,d65f8f5184d943417a4896f0ae87b47606c0ece1ba004892a72656bfd313bf60
8bcc6d764d2d77eecbe4db08bcec37ca0fca379876e48c72f915f668856a6d89,MITDB_P118,118,805000000,1,20260927,MODEL_V2_TCN_MEANMAX,MODEL_V2_OPTIMIZER_CORRECTED_V1,1,5.356042861938477,0.995302677154541,18,V2-006-OPT-CORR-F01-S20260927,d65f8f5184d943417a4896f0ae87b47606c0ece1ba004892a72656bfd313bf60
8bf423eceb0d1bcae75a6df53caf236260d147f43586841b83cf8d34ab94823a,MITDB_P207,207,20000000,1,20260927,MODEL_V2_TCN_MEANMAX,MODEL_V2_OPTIMIZER_CORRECTED_V1,1,13.926528930664062,0.9999990463256836,18,V2-006-OPT-CORR-F01-S20260927,d65f8f5184d943417a4896f0ae87b47606c0ece1ba004892a72656bfd313bf60
8c493d6422ef2a567af6904241bd56bef2ceda466040c07499fc054f09a6f7f3,MITDB_P210,210,300000000,1,20260927,MODEL_V2_TCN_MEANMAX,MODEL_V2_OPTIMIZER_CORRECTED_V1,1,4.6934332847595215,0.9909278750419617,18,V2-006-OPT-CORR-F01-S20260927,d65f8f5184d943417a4896f0ae87b47606c0ece1ba004892a72656bfd313bf60
8c9e93fd5e2ba6ef5efa737e769413ff85690cdb76a67de2c0812da3ce424cf2,MITDB_P119,119,225000000,1,20260927,MODEL_V2_TCN_MEANMAX,MODEL_V2_OPTIMIZER_CORRECTED_V1,1,4.599028587341309,0.9900386333465576,18,V2-006-OPT-CORR-F01-S20260927,d65f8f5184d943417a4896f0ae87b47606c0ece1ba004892a72656bfd313bf60
8cc16028b060de3a6c89f937d23f29a15f748c73c82f0eaf3735354f419141e4,MITDB_P207,207,1455000000,1,20260927,MODEL_V2_TCN_MEANMAX,MODEL_V2_OPTIMIZER_CORRECTED_V1,0,6.584496974945068,0.9986202716827393,18,V2-006-OPT-CORR-F01-S20260927,d65f8f5184d943417a4896f0ae87b47606c0ece1ba004892a72656bfd313bf60
8ccbafb6cfde65e7d3137e0317b0048eb9ff2d535d9699e4edb23d8853be0372,MITDB_P118,118,1710000000,1,20260927,MODEL_V2_TCN_MEANMAX,MODEL_V2_OPTIMIZER_CORRECTED_V1,1,8.831292152404785,0.9998539686203003,18,V2-006-OPT-CORR-F01-S20260927,d65f8f5184d943417a4896f0ae87b47606c0ece1ba004892a72656bfd313bf60
8cd3d9e5fefd507e1be4061ea5d51e33e5efccaf183b9301fe9d21690202df83,MITDB_P207,207,135000000,1,20260927,MODEL_V2_TCN_MEANMAX,MODEL_V2_OPTIMIZER_CORRECTED_V1,1,9.357290267944336,0.9999136924743652,18,V2-006-OPT-CORR-F01-S20260927,d65f8f5184d943417a4896f0ae87b47606c0ece1ba004892a72656bfd313bf60
8d1eca35a1d637be98dae1e273cdf1fc86ff406bab6fa2da8c76906345bccf62,MITDB_P119,119,1710000000,1,20260927,MODEL_V2_TCN_MEANMAX,MODEL_V2_OPTIMIZER_CORRECTED_V1,1,16.03645133972168,0.9999998807907104,18,V2-006-OPT-CORR-F01-S20260927,d65f8f5184d943417a4896f0ae87b47606c0ece1ba004892a72656bfd313bf60
8d3c9412d9c8f8f0a668e9e1db49d408c5cb2a4c0c617885a80a548a46fdc944,MITDB_P207,207,1695000000,1,20260927,MODEL_V2_TCN_MEANMAX,MODEL_V2_OPTIMIZER_CORRECTED_V1,1,-2.9217591285705566,0.0510883554816246,18,V2-006-OPT-CORR-F01-S20260927,d65f8f5184d943417a4896f0ae87b47606c0ece1ba004892a72656bfd313bf60
8d482f54675c54f86fbe630414b38b1e48dcef6d5fcc845037ee0bc430df9bbc,MITDB_P119,119,690000000,1,20260927,MODEL_V2_TCN_MEANMAX,MODEL_V2_OPTIMIZER_CORRECTED_V1,1,15.883432388305664,0.9999998807907104,18,V2-006-OPT-CORR-F01-S20260927,d65f8f5184d943417a4896f0ae87b47606c0ece1ba004892a72656bfd313bf60
8d500a787bd8f6254e589585237e00326e3ad59e87f1333c8a98ea9032473517,MITDB_P210,210,1590000000,1,20260927,MODEL_V2_TCN_MEANMAX,MODEL_V2_OPTIMIZER_CORRECTED_V1,1,-0.1451776921749115,0.46376919746398926,18,V2-006-OPT-CORR-F01-S20260927,d65f8f5184d943417a4896f0ae87b47606c0ece1ba004892a72656bfd313bf60
8d540877b78b70bb6a63698de49f3ee78acdb4b111e536f6296b3cc56739b24b,MITDB_P101,101,1510000000,1,20260927,MODEL_V2_TCN_MEANMAX,MODEL_V2_OPTIMIZER_CORRECTED_V1,0,-6.744548797607422,0.001175895449705422,18,V2-006-OPT-CORR-F01-S20260927,d65f8f5184d943417a4896f0ae87b47606c0ece1ba004892a72656bfd313bf60
8d70e3c3f3097a1a7fd838abb92fb5384a166d307de5129c1bdf00a777242fa8,MITDB_P101,101,645000000,1,20260927,MODEL_V2_TCN_MEANMAX,MODEL_V2_OPTIMIZER_CORRECTED_V1,0,-6.43959903717041,0.001594500383362174,18,V2-006-OPT-CORR-F01-S20260927,d65f8f5184d943417a4896f0ae87b47606c0ece1ba004892a72656bfd313bf60
8d8339459da82800662937f6966604525765a51cbb40c31a9f6f16f35b4ed2b1,MITDB_P101,101,1765000000,1,20260927,MODEL_V2_TCN_MEANMAX,MODEL_V2_OPTIMIZER_CORRECTED_V1,0,-6.2201409339904785,0.001985016744583845,18,V2-006-OPT-CORR-F01-S20260927,d65f8f5184d943417a4896f0ae87b47606c0ece1ba004892a72656bfd313bf60
8d886576d13f3a53414d50fe5aa94818be115bdc683d5f4a7fc65fd4f3cc0ad2,MITDB_P207,207,1395000000,1,20260927,MODEL_V2_TCN_MEANMAX,MODEL_V2_OPTIMIZER_CORRECTED_V1,0,6.432709693908691,0.9983944296836853,18,V2-006-OPT-CORR-F01-S20260927,d65f8f5184d943417a4896f0ae87b47606c0ece1ba004892a72656bfd313bf60
8e2e738271f2eacfff63973c628ef04163146418f8d51a9741a68bc795f8da06,MITDB_P122,122,1785000000,1,20260927,MODEL_V2_TCN_MEANMAX,MODEL_V2_OPTIMIZER_CORRECTED_V1,0,-6.142953872680664,0.0021439611446112394,18,V2-006-OPT-CORR-F01-S20260927,d65f8f5184d943417a4896f0ae87b47606c0ece1ba004892a72656bfd313bf60
8e5e71d7e9b5b1e5593cf3f033a6a8018d8ab4c3eb9d2c36c28b0b14b597c3cb,MITDB_P118,118,650000000,1,20260927,MODEL_V2_TCN_MEANMAX,MODEL_V2_OPTIMIZER_CORRECTED_V1,0,6.071557998657227,0.9976977705955505,18,V2-006-OPT-CORR-F01-S20260927,d65f8f5184d943417a4896f0ae87b47606c0ece1ba004892a72656bfd313bf60
8e62667ceec4c2a21fdd575d9d0e9647ead863e2ac1843d5b6575e7fb1c7a381,MITDB_P119,119,1060000000,1,20260927,MODEL_V2_TCN_MEANMAX,MODEL_V2_OPTIMIZER_CORRECTED_V1,0,-7.282143592834473,0.0006872371886856854,18,V2-006-OPT-CORR-F01-S20260927,d65f8f5184d943417a4896f0ae87b47606c0ece1ba004892a72656bfd313bf60
8eb0f4a7794e7d0c595f121627ac0f697c9a7876fe032f2d150bb14b31b72e6b,MITDB_P122,122,775000000,1,20260927,MODEL_V2_TCN_MEANMAX,MODEL_V2_OPTIMIZER_CORRECTED_V1,0,-7.933475494384766,0.00035840965574607253,18,V2-006-OPT-CORR-F01-S20260927,d65f8f5184d943417a4896f0ae87b47606c0ece1ba004892a72656bfd313bf60
8eb15b3f8a0f68271198099a7737274c385895cfbde34783fc13123ae590e900,MITDB_P101,101,1280000000,1,20260927,MODEL_V2_TCN_MEANMAX,MODEL_V2_OPTIMIZER_CORRECTED_V1,0,-7.113332748413086,0.0008135146927088499,18,V2-006-OPT-CORR-F01-S20260927,d65f8f5184d943417a4896f0ae87b47606c0ece1ba004892a72656bfd313bf60
8eba7d6902a57090c008660214042a7d40711298f6c180d2841f6ae402e55795,MITDB_P101,101,1640000000,1,20260927,MODEL_V2_TCN_MEANMAX,MODEL_V2_OPTIMIZER_CORRECTED_V1,0,-5.981565475463867,0.0025185116101056337,18,V2-006-OPT-CORR-F01-S20260927,d65f8f5184d943417a4896f0ae87b47606c0ece1ba004892a72656bfd313bf60
8ee69e2b93caa6320387a06c137e420f1a1775cfdc3d43bf1d42a7bbb0faaecc,MITDB_P122,122,1755000000,1,20260927,MODEL_V2_TCN_MEANMAX,MODEL_V2_OPTIMIZER_CORRECTED_V1,0,-7.215285301208496,0.0007347205537371337,18,V2-006-OPT-CORR-F01-S20260927,d65f8f5184d943417a4896f0ae87b47606c0ece1ba004892a72656bfd313bf60
8ef00a5440510dd023e24ef688d1a3426875043f65b3dfba9985b04bf73e47f3,MITDB_P119,119,440000000,1,20260927,MODEL_V2_TCN_MEANMAX,MODEL_V2_OPTIMIZER_CORRECTED_V1,1,15.690037727355957,0.9999998807907104,18,V2-006-OPT-CORR-F01-S20260927,d65f8f5184d943417a4896f0ae87b47606c0ece1ba004892a72656bfd313bf60
8f57d329027a35ca0206de6938c099c42665c0920ecc0b538441ab697cd03f3b,MITDB_P207,207,655000000,1,20260927,MODEL_V2_TCN_MEANMAX,MODEL_V2_OPTIMIZER_CORRECTED_V1,0,9.462080001831055,0.9999222755432129,18,V2-006-OPT-CORR-F01-S20260927,d65f8f5184d943417a4896f0ae87b47606c0ece1ba004892a72656bfd313bf60
8f5f5665ab12c0974ab9cf3ae012a383d8ef91cef50aba74cc7ba671c26bb628,MITDB_P101,101,1450000000,1,20260927,MODEL_V2_TCN_MEANMAX,MODEL_V2_OPTIMIZER_CORRECTED_V1,0,-6.4980549812316895,0.0015041005099192262,18,V2-006-OPT-CORR-F01-S20260927,d65f8f5184d943417a4896f0ae87b47606c0ece1ba004892a72656bfd313bf60
8f6f7172ddc60f492bd03ff6597e9cdd9c3a8e81a078868b8260aaa85564bf9e,MITDB_P118,118,1105000000,1,20260927,MODEL_V2_TCN_MEANMAX,MODEL_V2_OPTIMIZER_CORRECTED_V1,0,3.452859878540039,0.9693163633346558,18,V2-006-OPT-CORR-F01-S20260927,d65f8f5184d943417a4896f0ae87b47606c0ece1ba004892a72656bfd313bf60
8f9ce9e7e99e7d26ca330ec6f2edf4cf2345a053b2831dd34b115ef0782c62b6,MITDB_P118,118,1570000000,1,20260927,MODEL_V2_TCN_MEANMAX,MODEL_V2_OPTIMIZER_CORRECTED_V1,1,4.214833736419678,0.9854403138160706,18,V2-006-OPT-CORR-F01-S20260927,d65f8f5184d943417a4896f0ae87b47606c0ece1ba004892a72656bfd313bf60
8fc0877facb85522b5ea487d5d328a6fc80cfeba77a1e9a419c5f0877910ed8a,MITDB_P118,118,1685000000,1,20260927,MODEL_V2_TCN_MEANMAX,MODEL_V2_OPTIMIZER_CORRECTED_V1,0,-1.2433642148971558,0.22385093569755554,18,V2-006-OPT-CORR-F01-S20260927,d65f8f5184d943417a4896f0ae87b47606c0ece1ba004892a72656bfd313bf60
8fd554f1f2ada631f2005d61384a7023caa1ec210ba2fd7c3cbd589f78afbbfe,MITDB_P101,101,1355000000,1,20260927,MODEL_V2_TCN_MEANMAX,MODEL_V2_OPTIMIZER_CORRECTED_V1,0,-6.370776653289795,0.00170790811534971,18,V2-006-OPT-CORR-F01-S20260927,d65f8f5184d943417a4896f0ae87b47606c0ece1ba004892a72656bfd313bf60
8feabc7d38670acc88b0ed0ae1c1eeaebfcf105510f62c65468352405554be28,MITDB_P118,118,1650000000,1,20260927,MODEL_V2_TCN_MEANMAX,MODEL_V2_OPTIMIZER_CORRECTED_V1,0,-0.15753254294395447,0.46069806814193726,18,V2-006-OPT-CORR-F01-S20260927,d65f8f5184d943417a4896f0ae87b47606c0ece1ba004892a72656bfd313bf60
8ff7465c15da18a847642043213664461fe8c2f77480111aea8ee0c4a16781df,MITDB_P122,122,805000000,1,20260927,MODEL_V2_TCN_MEANMAX,MODEL_V2_OPTIMIZER_CORRECTED_V1,0,-8.006245613098145,0.0003332628693897277,18,V2-006-OPT-CORR-F01-S20260927,d65f8f5184d943417a4896f0ae87b47606c0ece1ba004892a72656bfd313bf60
9001fd97fb26369ccb3c682f7d8f9f7e316f1f113e866ea75e0bc4b599995687,MITDB_P119,119,1475000000,1,20260927,MODEL_V2_TCN_MEANMAX,MODEL_V2_OPTIMIZER_CORRECTED_V1,1,15.389786720275879,0.9999997615814209,18,V2-006-OPT-CORR-F01-S20260927,d65f8f5184d943417a4896f0ae87b47606c0ece1ba004892a72656bfd313bf60
905e6fe25fdcea35fbb067ea80c596177d995693caf56ed1ec81462b8b669db9,MITDB_P207,207,1750000000,1,20260927,MODEL_V2_TCN_MEANMAX,MODEL_V2_OPTIMIZER_CORRECTED_V1,1,1.5716933012008667,0.8280248641967773,18,V2-006-OPT-CORR-F01-S20260927,d65f8f5184d943417a4896f0ae87b47606c0ece1ba004892a72656bfd313bf60
908cf19ee898c4c862bb8667fd16345daf34b741d15071fee7fcfafaaf6aea3d,MITDB_P119,119,820000000,1,20260927,MODEL_V2_TCN_MEANMAX,MODEL_V2_OPTIMIZER_CORRECTED_V1,1,16.70621109008789,1.0,18,V2-006-OPT-CORR-F01-S20260927,d65f8f5184d943417a4896f0ae87b47606c0ece1ba004892a72656bfd313bf60
90914547893112a9bbc9dca51ecbd57a71a40ecda7578ee270904c5606d561cf,MITDB_P101,101,855000000,1,20260927,MODEL_V2_TCN_MEANMAX,MODEL_V2_OPTIMIZER_CORRECTED_V1,0,-5.35505485534668,0.0047019971534609795,18,V2-006-OPT-CORR-F01-S20260927,d65f8f5184d943417a4896f0ae87b47606c0ece1ba004892a72656bfd313bf60
90d4fbf02140dc849187788a9e1c662e2bbc4a0ec14df42ca01419be1f2e3eea,MITDB_P118,118,1420000000,1,20260927,MODEL_V2_TCN_MEANMAX,MODEL_V2_OPTIMIZER_CORRECTED_V1,1,4.387552261352539,0.9877215027809143,18,V2-006-OPT-CORR-F01-S20260927,d65f8f5184d943417a4896f0ae87b47606c0ece1ba004892a72656bfd313bf60
90e67dfb10c025c33f05bb4ddb468e233ae4fe972e2cacd0b3bb8d653ba9e1f6,MITDB_P119,119,70000000,1,20260927,MODEL_V2_TCN_MEANMAX,MODEL_V2_OPTIMIZER_CORRECTED_V1,1,16.272621154785156,0.9999998807907104,18,V2-006-OPT-CORR-F01-S20260927,d65f8f5184d943417a4896f0ae87b47606c0ece1ba004892a72656bfd313bf60
90f871fb557f9a0d2dbee965eb842bfaf2503159f76b84de9c5e192db602ae4f,MITDB_P101,101,140000000,1,20260927,MODEL_V2_TCN_MEANMAX,MODEL_V2_OPTIMIZER_CORRECTED_V1,0,-5.703672885894775,0.00332262204028666,18,V2-006-OPT-CORR-F01-S20260927,d65f8f5184d943417a4896f0ae87b47606c0ece1ba004892a72656bfd313bf60
911840e5b7c695df5bd104ebb7002df713e63eac81571f9798c3a54ea9987648,MITDB_P118,118,795000000,1,20260927,MODEL_V2_TCN_MEANMAX,MODEL_V2_OPTIMIZER_CORRECTED_V1,0,4.324127197265625,0.9869280457496643,18,V2-006-OPT-CORR-F01-S20260927,d65f8f5184d943417a4896f0ae87b47606c0ece1ba004892a72656bfd313bf60
9132360d0363db22be4854a404249fe65f48de887c86f1089087646202b73df8,MITDB_P207,207,1655000000,1,20260927,MODEL_V2_TCN_MEANMAX,MODEL_V2_OPTIMIZER_CORRECTED_V1,1,0.5605663061141968,0.6365835666656494,18,V2-006-OPT-CORR-F01-S20260927,d65f8f5184d943417a4896f0ae87b47606c0ece1ba004892a72656bfd313bf60
913496c4312f2e1d6afa842f2de9965112ed3fabab0768a426823041b563b6c3,MITDB_P122,122,410000000,1,20260927,MODEL_V2_TCN_MEANMAX,MODEL_V2_OPTIMIZER_CORRECTED_V1,0,-6.35340690612793,0.0017377811018377542,18,V2-006-OPT-CORR-F01-S20260927,d65f8f5184d943417a4896f0ae87b47606c0ece1ba004892a72656bfd313bf60
9137d06ef61a95404fc53fb34a7793cb2bbc35430f58d5be388dac540c6f7382,MITDB_P207,207,1370000000,1,20260927,MODEL_V2_TCN_MEANMAX,MODEL_V2_OPTIMIZER_CORRECTED_V1,0,6.385266304016113,0.9983166456222534,18,V2-006-OPT-CORR-F01-S20260927,d65f8f5184d943417a4896f0ae87b47606c0ece1ba004892a72656bfd313bf60
9145d00d7f1e0bded4044eecfdf9d979ce0a05556531b6850ff31eee3956e3d8,MITDB_P210,210,1665000000,1,20260927,MODEL_V2_TCN_MEANMAX,MODEL_V2_OPTIMIZER_CORRECTED_V1,1,9.714070320129395,0.9999395608901978,18,V2-006-OPT-CORR-F01-S20260927,d65f8f5184d943417a4896f0ae87b47606c0ece1ba004892a72656bfd313bf60
91482166193ae1e416b344b4467e6c37fe590544bc2be1e91e36f1df78e1ff42,MITDB_P122,122,530000000,1,20260927,MODEL_V2_TCN_MEANMAX,MODEL_V2_OPTIMIZER_CORRECTED_V1,0,-9.063337326049805,0.00011582233855733648,18,V2-006-OPT-CORR-F01-S20260927,d65f8f5184d943417a4896f0ae87b47606c0ece1ba004892a72656bfd313bf60
9191af3f3de19529f927c66a831998d99bb56dbc8c3fa5f06986983e8ec89a95,MITDB_P122,122,120000000,1,20260927,MODEL_V2_TCN_MEANMAX,MODEL_V2_OPTIMIZER_CORRECTED_V1,0,-8.679880142211914,0.000169942548382096,18,V2-006-OPT-CORR-F01-S20260927,d65f8f5184d943417a4896f0ae87b47606c0ece1ba004892a72656bfd313bf60
91bfdf1681db7666c21d93dac665a51e4106f213c1a292e8923f2f1a1e58f5f7,MITDB_P210,210,1115000000,1,20260927,MODEL_V2_TCN_MEANMAX,MODEL_V2_OPTIMIZER_CORRECTED_V1,1,13.215169906616211,0.9999982118606567,18,V2-006-OPT-CORR-F01-S20260927,d65f8f5184d943417a4896f0ae87b47606c0ece1ba004892a72656bfd313bf60
91c2c8962a496d4be009ec3639a2d00cd8817845db960edc42032ad02e8404a9,MITDB_P101,101,600000000,1,20260927,MODEL_V2_TCN_MEANMAX,MODEL_V2_OPTIMIZER_CORRECTED_V1,1,-6.089751720428467,0.0022608484141528606,18,V2-006-OPT-CORR-F01-S20260927,d65f8f5184d943417a4896f0ae87b47606c0ece1ba004892a72656bfd313bf60
91cc0d9af0cc6d7e2c0d8cbb2b3a42a19015a0091388b34321dd0085f349a9fb,MITDB_P101,101,875000000,1,20260927,MODEL_V2_TCN_MEANMAX,MODEL_V2_OPTIMIZER_CORRECTED_V1,0,-6.314597129821777,0.00180642562918365,18,V2-006-OPT-CORR-F01-S20260927,d65f8f5184d943417a4896f0ae87b47606c0ece1ba004892a72656bfd313bf60
91e08fb7a332494eb6e7c4f451e417505ec794dee3b382ced3c36983f5e0af4f,MITDB_P210,210,310000000,1,20260927,MODEL_V2_TCN_MEANMAX,MODEL_V2_OPTIMIZER_CORRECTED_V1,1,1.4778083562850952,0.8142412900924683,18,V2-006-OPT-CORR-F01-S20260927,d65f8f5184d943417a4896f0ae87b47606c0ece1ba004892a72656bfd313bf60
925bb18f0210707d4e0f621a893b3b7638f2a961045de668217c13d6e5804ae7,MITDB_P210,210,1740000000,1,20260927,MODEL_V2_TCN_MEANMAX,MODEL_V2_OPTIMIZER_CORRECTED_V1,1,3.1269850730895996,0.9579921960830688,18,V2-006-OPT-CORR-F01-S20260927,d65f8f5184d943417a4896f0ae87b47606c0ece1ba004892a72656bfd313bf60
926583184c1adfd85ce75754d2f14cc34ff44a727894532bde70b6d4a39a8dbe,MITDB_P119,119,1400000000,1,20260927,MODEL_V2_TCN_MEANMAX,MODEL_V2_OPTIMIZER_CORRECTED_V1,1,17.03215789794922,1.0,18,V2-006-OPT-CORR-F01-S20260927,d65f8f5184d943417a4896f0ae87b47606c0ece1ba004892a72656bfd313bf60
92a140c8669bd9e8050341653473e51c019a796cb9e79bc4eeb0fa9d0976abbf,MITDB_P207,207,1390000000,1,20260927,MODEL_V2_TCN_MEANMAX,MODEL_V2_OPTIMIZER_CORRECTED_V1,0,6.551682949066162,0.9985742568969727,18,V2-006-OPT-CORR-F01-S20260927,d65f8f5184d943417a4896f0ae87b47606c0ece1ba004892a72656bfd313bf60
92a7caa4edc071c16e744a6290d31bf3a5e5c2b576e34a0bb1656b1c010c83b9,MITDB_P119,119,1215000000,1,20260927,MODEL_V2_TCN_MEANMAX,MODEL_V2_OPTIMIZER_CORRECTED_V1,1,17.124576568603516,1.0,18,V2-006-OPT-CORR-F01-S20260927,d65f8f5184d943417a4896f0ae87b47606c0ece1ba004892a72656bfd313bf60
92c7f652d72055be36e7bef33138a90049f983eff6dbd7f2897e62399df1f4b3,MITDB_P207,207,400000000,1,20260927,MODEL_V2_TCN_MEANMAX,MODEL_V2_OPTIMIZER_CORRECTED_V1,0,10.673211097717285,0.9999768733978271,18,V2-006-OPT-CORR-F01-S20260927,d65f8f5184d943417a4896f0ae87b47606c0ece1ba004892a72656bfd313bf60
92eb665ad797d29a7848e26593a27dfc242582fce2b405728192aa818ef78724,MITDB_P119,119,1155000000,1,20260927,MODEL_V2_TCN_MEANMAX,MODEL_V2_OPTIMIZER_CORRECTED_V1,1,15.640188217163086,0.9999998807907104,18,V2-006-OPT-CORR-F01-S20260927,d65f8f5184d943417a4896f0ae87b47606c0ece1ba004892a72656bfd313bf60
931a13d12bd538d001ea60738fa8782f4a4115da5f3dd4cb0037914e9d512cbd,MITDB_P119,119,430000000,1,20260927,MODEL_V2_TCN_MEANMAX,MODEL_V2_OPTIMIZER_CORRECTED_V1,1,17.97563362121582,1.0,18,V2-006-OPT-CORR-F01-S20260927,d65f8f5184d943417a4896f0ae87b47606c0ece1ba004892a72656bfd313bf60
93382fc71d1f4412be3d1a3df0d8b5602caa4e6968950d9eb0da26a4c21dc71d,MITDB_P207,207,1420000000,1,20260927,MODEL_V2_TCN_MEANMAX,MODEL_V2_OPTIMIZER_CORRECTED_V1,0,6.731542587280273,0.998808741569519,18,V2-006-OPT-CORR-F01-S20260927,d65f8f5184d943417a4896f0ae87b47606c0ece1ba004892a72656bfd313bf60
9361f0d29c2283aa70be767a1f28ddc782b71e7d70d805d3e7f2c721bf6ecddc,MITDB_P101,101,620000000,1,20260927,MODEL_V2_TCN_MEANMAX,MODEL_V2_OPTIMIZER_CORRECTED_V1,0,-6.490978240966797,0.0015147662488743663,18,V2-006-OPT-CORR-F01-S20260927,d65f8f5184d943417a4896f0ae87b47606c0ece1ba004892a72656bfd313bf60
9381b96d11ac70c6fbb99a1e8af6c55ba832713dd237ac26da6bdc10533539d2,MITDB_P101,101,1310000000,1,20260927,MODEL_V2_TCN_MEANMAX,MODEL_V2_OPTIMIZER_CORRECTED_V1,0,-6.722847938537598,0.001201661303639412,18,V2-006-OPT-CORR-F01-S20260927,d65f8f5184d943417a4896f0ae87b47606c0ece1ba004892a72656bfd313bf60
938c4d2ca55230bd90e9493f926b23979ede85d69d2a9dc53c81b0e819a623ca,MITDB_P210,210,1720000000,1,20260927,MODEL_V2_TCN_MEANMAX,MODEL_V2_OPTIMIZER_CORRECTED_V1,0,-5.178023338317871,0.00560752023011446,18,V2-006-OPT-CORR-F01-S20260927,d65f8f5184d943417a4896f0ae87b47606c0ece1ba004892a72656bfd313bf60
939bba1e1116aa459b89a2c1e09b1d3c1a86eba0b87f04ef03b220554d4ddca4,MITDB_P119,119,685000000,1,20260927,MODEL_V2_TCN_MEANMAX,MODEL_V2_OPTIMIZER_CORRECTED_V1,1,15.952766418457031,0.9999998807907104,18,V2-006-OPT-CORR-F01-S20260927,d65f8f5184d943417a4896f0ae87b47606c0ece1ba004892a72656bfd313bf60
939c6b1eb99ea9df0c6f35bcc2c0bc49902e6295aaea6a2c0945a30340fe0e4b,MITDB_P101,101,390000000,1,20260927,MODEL_V2_TCN_MEANMAX,MODEL_V2_OPTIMIZER_CORRECTED_V1,0,-5.404877185821533,0.00447449553757906,18,V2-006-OPT-CORR-F01-S20260927,d65f8f5184d943417a4896f0ae87b47606c0ece1ba004892a72656bfd313bf60
93b16d0f629513d2db24d1df684eb7d084eacd3a31c36ac05e51794e3285b955,MITDB_P210,210,755000000,1,20260927,MODEL_V2_TCN_MEANMAX,MODEL_V2_OPTIMIZER_CORRECTED_V1,0,5.232579231262207,0.9946886301040649,18,V2-006-OPT-CORR-F01-S20260927,d65f8f5184d943417a4896f0ae87b47606c0ece1ba004892a72656bfd313bf60
93bfbea67bb9ef5982be888eaedd695ad608781ba48beb5ae62a377e9d1bf519,MITDB_P210,210,1315000000,1,20260927,MODEL_V2_TCN_MEANMAX,MODEL_V2_OPTIMIZER_CORRECTED_V1,0,0.8752496242523193,0.7058368921279907,18,V2-006-OPT-CORR-F01-S20260927,d65f8f5184d943417a4896f0ae87b47606c0ece1ba004892a72656bfd313bf60
942d3ab539fa33d558fab57011a52d07d631393f85dbd9d69f994947e2eb8056,MITDB_P207,207,865000000,1,20260927,MODEL_V2_TCN_MEANMAX,MODEL_V2_OPTIMIZER_CORRECTED_V1,0,7.282941818237305,0.9993133544921875,18,V2-006-OPT-CORR-F01-S20260927,d65f8f5184d943417a4896f0ae87b47606c0ece1ba004892a72656bfd313bf60
94336ea4b7282554129928fb27d786deb1ade7eb3fdf6ee55e7d04edf42c8302,MITDB_P122,122,725000000,1,20260927,MODEL_V2_TCN_MEANMAX,MODEL_V2_OPTIMIZER_CORRECTED_V1,0,-7.1715216636657715,0.0007675634115003049,18,V2-006-OPT-CORR-F01-S20260927,d65f8f5184d943417a4896f0ae87b47606c0ece1ba004892a72656bfd313bf60
947f97e9ef94ef14d1b0ef3962d64fab955da0932dafbc1ce420b22dad1bd728,MITDB_P101,101,210000000,1,20260927,MODEL_V2_TCN_MEANMAX,MODEL_V2_OPTIMIZER_CORRECTED_V1,0,-5.8740339279174805,0.0028036267030984163,18,V2-006-OPT-CORR-F01-S20260927,d65f8f5184d943417a4896f0ae87b47606c0ece1ba004892a72656bfd313bf60
947ff8e4231727a04cef650d73c33267259f629283775eb1c68729b6f7c3c135,MITDB_P210,210,605000000,1,20260927,MODEL_V2_TCN_MEANMAX,MODEL_V2_OPTIMIZER_CORRECTED_V1,1,5.9283599853515625,0.9973441958427429,18,V2-006-OPT-CORR-F01-S20260927,d65f8f5184d943417a4896f0ae87b47606c0ece1ba004892a72656bfd313bf60
94bcf20f4c9b9b8cc5568b0d3b727fe0422b1bb8d2e6573f6df42fa3a9ae5cf9,MITDB_P207,207,695000000,1,20260927,MODEL_V2_TCN_MEANMAX,MODEL_V2_OPTIMIZER_CORRECTED_V1,0,8.945449829101562,0.999869704246521,18,V2-006-OPT-CORR-F01-S20260927,d65f8f5184d943417a4896f0ae87b47606c0ece1ba004892a72656bfd313bf60
94c7b3234fc8fd472d03bd339479c976562a9ca6d66d1f372da83864ec3ba05a,MITDB_P101,101,1580000000,1,20260927,MODEL_V2_TCN_MEANMAX,MODEL_V2_OPTIMIZER_CORRECTED_V1,0,-6.678958415985107,0.0012555083958432078,18,V2-006-OPT-CORR-F01-S20260927,d65f8f5184d943417a4896f0ae87b47606c0ece1ba004892a72656bfd313bf60
955fd9d8d76789087f2be8ce6c35b7afcd36a5bf612b2c68b2ae899d6bed3557,MITDB_P119,119,1645000000,1,20260927,MODEL_V2_TCN_MEANMAX,MODEL_V2_OPTIMIZER_CORRECTED_V1,1,19.509328842163086,1.0,18,V2-006-OPT-CORR-F01-S20260927,d65f8f5184d943417a4896f0ae87b47606c0ece1ba004892a72656bfd313bf60
95702f83b46605189209eb486657a3e9329ce6f67034a188618d70091b48b158,MITDB_P101,101,560000000,1,20260927,MODEL_V2_TCN_MEANMAX,MODEL_V2_OPTIMIZER_CORRECTED_V1,0,-6.002830505371094,0.0024656513705849648,18,V2-006-OPT-CORR-F01-S20260927,d65f8f5184d943417a4896f0ae87b47606c0ece1ba004892a72656bfd313bf60
957a6fb2851760333604340aa6b1962105628cbf86f5d4f17e3dc599cfcf30cb,MITDB_P101,101,395000000,1,20260927,MODEL_V2_TCN_MEANMAX,MODEL_V2_OPTIMIZER_CORRECTED_V1,0,-5.679523468017578,0.003403561655431986,18,V2-006-OPT-CORR-F01-S20260927,d65f8f5184d943417a4896f0ae87b47606c0ece1ba004892a72656bfd313bf60
9588a4a62fbf65be239769c98cc52a72c50fed61a510012bd905ac68da6b752b,MITDB_P122,122,715000000,1,20260927,MODEL_V2_TCN_MEANMAX,MODEL_V2_OPTIMIZER_CORRECTED_V1,0,-6.719642639160156,0.0012055144179612398,18,V2-006-OPT-CORR-F01-S20260927,d65f8f5184d943417a4896f0ae87b47606c0ece1ba004892a72656bfd313bf60
95968db10fc60a8eb6793ebe6bc8ba521035cf57b33d1a16666be9268e330924,MITDB_P118,118,190000000,1,20260927,MODEL_V2_TCN_MEANMAX,MODEL_V2_OPTIMIZER_CORRECTED_V1,0,5.063787460327148,0.993718147277832,18,V2-006-OPT-CORR-F01-S20260927,d65f8f5184d943417a4896f0ae87b47606c0ece1ba004892a72656bfd313bf60
95b99387739bec911d367ccdd5a49b91a516ac90e57660c991eabfcad8dcc8a9,MITDB_P118,118,1260000000,1,20260927,MODEL_V2_TCN_MEANMAX,MODEL_V2_OPTIMIZER_CORRECTED_V1,0,0.31472787261009216,0.5780388712882996,18,V2-006-OPT-CORR-F01-S20260927,d65f8f5184d943417a4896f0ae87b47606c0ece1ba004892a72656bfd313bf60
95e3360fc45e9fa30c11495d13f2181e9cf92a409a6ede67acba76d17e574bb3,MITDB_P210,210,500000000,1,20260927,MODEL_V2_TCN_MEANMAX,MODEL_V2_OPTIMIZER_CORRECTED_V1,1,7.6033220291137695,0.9995014667510986,18,V2-006-OPT-CORR-F01-S20260927,d65f8f5184d943417a4896f0ae87b47606c0ece1ba004892a72656bfd313bf60
9619eb9de03ab516327bb732cbea44bd7a6c266d04d06343905988b34e5e03ab,MITDB_P210,210,1230000000,1,20260927,MODEL_V2_TCN_MEANMAX,MODEL_V2_OPTIMIZER_CORRECTED_V1,1,2.714811325073242,0.9378949999809265,18,V2-006-OPT-CORR-F01-S20260927,d65f8f5184d943417a4896f0ae87b47606c0ece1ba004892a72656bfd313bf60
962a9cd4629db49a12ac14dfd7407aa4cdea7c42e74fecceddae4617bb449a6f,MITDB_P118,118,890000000,1,20260927,MODEL_V2_TCN_MEANMAX,MODEL_V2_OPTIMIZER_CORRECTED_V1,1,4.821024417877197,0.9920058846473694,18,V2-006-OPT-CORR-F01-S20260927,d65f8f5184d943417a4896f0ae87b47606c0ece1ba004892a72656bfd313bf60
963ed3d4599b163612d25e15c6a1cc916b3935b1359b1d60292642d352df10ca,MITDB_P118,118,455000000,1,20260927,MODEL_V2_TCN_MEANMAX,MODEL_V2_OPTIMIZER_CORRECTED_V1,1,3.4733128547668457,0.9699188470840454,18,V2-006-OPT-CORR-F01-S20260927,d65f8f5184d943417a4896f0ae87b47606c0ece1ba004892a72656bfd313bf60
966f02b96b298ab72522827caed719b4216c4b307fa914eaf803ec28f397ae69,MITDB_P122,122,1560000000,1,20260927,MODEL_V2_TCN_MEANMAX,MODEL_V2_OPTIMIZER_CORRECTED_V1,0,-8.667864799499512,0.00017199643480125815,18,V2-006-OPT-CORR-F01-S20260927,d65f8f5184d943417a4896f0ae87b47606c0ece1ba004892a72656bfd313bf60
9691cff1ca1591f9e88d79ab1f192338440c45a5fe4fc731d283e7e66005ca37,MITDB_P119,119,315000000,1,20260927,MODEL_V2_TCN_MEANMAX,MODEL_V2_OPTIMIZER_CORRECTED_V1,1,14.072847366333008,0.9999992847442627,18,V2-006-OPT-CORR-F01-S20260927,d65f8f5184d943417a4896f0ae87b47606c0ece1ba004892a72656bfd313bf60
96ee7ea5f7d722c2ae5953d9b483802a296be3665fd0c2b2217a93471449d1b1,MITDB_P207,207,370000000,1,20260927,MODEL_V2_TCN_MEANMAX,MODEL_V2_OPTIMIZER_CORRECTED_V1,0,11.623241424560547,0.9999910593032837,18,V2-006-OPT-CORR-F01-S20260927,d65f8f5184d943417a4896f0ae87b47606c0ece1ba004892a72656bfd313bf60
96f82851a6a0570b1319d77da9ae046f0626dc25ca3eed634e1b783f21d0776b,MITDB_P118,118,1300000000,1,20260927,MODEL_V2_TCN_MEANMAX,MODEL_V2_OPTIMIZER_CORRECTED_V1,0,2.035513401031494,0.884475588798523,18,V2-006-OPT-CORR-F01-S20260927,d65f8f5184d943417a4896f0ae87b47606c0ece1ba004892a72656bfd313bf60
970f787b61e71bbdb81993ee7dad5695ed9789772cc3fd4cdcbff7cf1a24d671,MITDB_P122,122,105000000,1,20260927,MODEL_V2_TCN_MEANMAX,MODEL_V2_OPTIMIZER_CORRECTED_V1,0,-7.573988914489746,0.000513375794980675,18,V2-006-OPT-CORR-F01-S20260927,d65f8f5184d943417a4896f0ae87b47606c0ece1ba004892a72656bfd313bf60
9732f150b50e3e336df457db903769bc068211fcddaaea8ac327ad640ff47be7,MITDB_P122,122,1125000000,1,20260927,MODEL_V2_TCN_MEANMAX,MODEL_V2_OPTIMIZER_CORRECTED_V1,0,-8.636228561401367,0.00017752376152202487,18,V2-006-OPT-CORR-F01-S20260927,d65f8f5184d943417a4896f0ae87b47606c0ece1ba004892a72656bfd313bf60
97473323a76958d352e057144aec5f776cec72a96bc3cb1a26c314bf66d20d0f,MITDB_P119,119,1735000000,1,20260927,MODEL_V2_TCN_MEANMAX,MODEL_V2_OPTIMIZER_CORRECTED_V1,0,-7.414330959320068,0.0006021925364620984,18,V2-006-OPT-CORR-F01-S20260927,d65f8f5184d943417a4896f0ae87b47606c0ece1ba004892a72656bfd313bf60
974a231c35360ab9b300c167e4cd6f2d012ff82c1abed3115c5cd588b0a0dedc,MITDB_P122,122,900000000,1,20260927,MODEL_V2_TCN_MEANMAX,MODEL_V2_OPTIMIZER_CORRECTED_V1,0,-7.428032398223877,0.0005940027767792344,18,V2-006-OPT-CORR-F01-S20260927,d65f8f5184d943417a4896f0ae87b47606c0ece1ba004892a72656bfd313bf60
974de518c883a95b8e80844bc8bda79168466452f072afca01e519ff0a2d7615,MITDB_P122,122,1150000000,1,20260927,MODEL_V2_TCN_MEANMAX,MODEL_V2_OPTIMIZER_CORRECTED_V1,0,-8.0805025100708,0.00030941967270337045,18,V2-006-OPT-CORR-F01-S20260927,d65f8f5184d943417a4896f0ae87b47606c0ece1ba004892a72656bfd313bf60
975ad3972476078d6c8d842a37900b3c25313c9bc337c1169a60f2b549612f19,MITDB_P122,122,180000000,1,20260927,MODEL_V2_TCN_MEANMAX,MODEL_V2_OPTIMIZER_CORRECTED_V1,0,-9.425079345703125,8.066869486356154e-05,18,V2-006-OPT-CORR-F01-S20260927,d65f8f5184d943417a4896f0ae87b47606c0ece1ba004892a72656bfd313bf60
9784f77fbc642353ae025d985ddaf5337cfdcf21b283fe4beb04e94c9f252bb0,MITDB_P210,210,290000000,1,20260927,MODEL_V2_TCN_MEANMAX,MODEL_V2_OPTIMIZER_CORRECTED_V1,0,-2.562023162841797,0.07162290066480637,18,V2-006-OPT-CORR-F01-S20260927,d65f8f5184d943417a4896f0ae87b47606c0ece1ba004892a72656bfd313bf60
97862a163dc8d571de2107ae8f0442699f30b3df66c229623b2f58bcea0c2dd8,MITDB_P210,210,1705000000,1,20260927,MODEL_V2_TCN_MEANMAX,MODEL_V2_OPTIMIZER_CORRECTED_V1,0,-4.072389125823975,0.016751252114772797,18,V2-006-OPT-CORR-F01-S20260927,d65f8f5184d943417a4896f0ae87b47606c0ece1ba004892a72656bfd313bf60
979a683328a00f0833a3ea8a5ab84158a70fb124c8a3d77c500b45b1c7c5e207,MITDB_P207,207,765000000,1,20260927,MODEL_V2_TCN_MEANMAX,MODEL_V2_OPTIMIZER_CORRECTED_V1,0,6.863694667816162,0.9989560842514038,18,V2-006-OPT-CORR-F01-S20260927,d65f8f5184d943417a4896f0ae87b47606c0ece1ba004892a72656bfd313bf60
97a270bb1060d67d985e2108c0947d8ead15dfbdd02911d7bb5daf42389bc5f2,MITDB_P122,122,1255000000,1,20260927,MODEL_V2_TCN_MEANMAX,MODEL_V2_OPTIMIZER_CORRECTED_V1,0,-8.967480659484863,0.00012747272558044642,18,V2-006-OPT-CORR-F01-S20260927,d65f8f5184d943417a4896f0ae87b47606c0ece1ba004892a72656bfd313bf60
97db84fdd8320dfeaa6e3fabe638019fa807a12d2d9fa507e6c8c85451c5ee04,MITDB_P122,122,740000000,1,20260927,MODEL_V2_TCN_MEANMAX,MODEL_V2_OPTIMIZER_CORRECTED_V1,0,-7.024621963500977,0.0008889128803275526,18,V2-006-OPT-CORR-F01-S20260927,d65f8f5184d943417a4896f0ae87b47606c0ece1ba004892a72656bfd313bf60
97f0a86ea6a04e0546bcd2a5a5f0b93675020bab0f74adbc6f3cf2f860da821b,MITDB_P207,207,295000000,1,20260927,MODEL_V2_TCN_MEANMAX,MODEL_V2_OPTIMIZER_CORRECTED_V1,0,4.6949543952941895,0.9909414649009705,18,V2-006-OPT-CORR-F01-S20260927,d65f8f5184d943417a4896f0ae87b47606c0ece1ba004892a72656bfd313bf60
981c6dc4017eb9df96c2d66650954f2940234bccb107bc5e74fd2e86d0b8b0e3,MITDB_P210,210,1365000000,1,20260927,MODEL_V2_TCN_MEANMAX,MODEL_V2_OPTIMIZER_CORRECTED_V1,0,-0.7697944641113281,0.31652355194091797,18,V2-006-OPT-CORR-F01-S20260927,d65f8f5184d943417a4896f0ae87b47606c0ece1ba004892a72656bfd313bf60
9842163ad0523f1cd7832e239802d9701123dd16b1354577f01f1d5e031427a3,MITDB_P122,122,1800000000,1,20260927,MODEL_V2_TCN_MEANMAX,MODEL_V2_OPTIMIZER_CORRECTED_V1,0,-7.03385066986084,0.0008807543199509382,18,V2-006-OPT-CORR-F01-S20260927,d65f8f5184d943417a4896f0ae87b47606c0ece1ba004892a72656bfd313bf60
98a5f34b25961d748f3443bcdbcac2e4c296f3f2e5541d1934973f032dbf79eb,MITDB_P210,210,1715000000,1,20260927,MODEL_V2_TCN_MEANMAX,MODEL_V2_OPTIMIZER_CORRECTED_V1,1,18.116392135620117,1.0,18,V2-006-OPT-CORR-F01-S20260927,d65f8f5184d943417a4896f0ae87b47606c0ece1ba004892a72656bfd313bf60
98a9c1687f319dbf36d1e5b048599e2ab75a3e4b924bf41b5b38372529186802,MITDB_P118,118,845000000,1,20260927,MODEL_V2_TCN_MEANMAX,MODEL_V2_OPTIMIZER_CORRECTED_V1,0,4.566336154937744,0.9897109866142273,18,V2-006-OPT-CORR-F01-S20260927,d65f8f5184d943417a4896f0ae87b47606c0ece1ba004892a72656bfd313bf60
98f7dff593d2ef705274ece42add0a9142f80c2900b22363a963f638e8a10342,MITDB_P207,207,525000000,1,20260927,MODEL_V2_TCN_MEANMAX,MODEL_V2_OPTIMIZER_CORRECTED_V1,0,4.002054691314697,0.9820500612258911,18,V2-006-OPT-CORR-F01-S20260927,d65f8f5184d943417a4896f0ae87b47606c0ece1ba004892a72656bfd313bf60
9935714814668ad65c28667a7cdd48bbe37a16107487fb899b0e68b436677895,MITDB_P210,210,1200000000,1,20260927,MODEL_V2_TCN_MEANMAX,MODEL_V2_OPTIMIZER_CORRECTED_V1,0,0.40679219365119934,0.6003184914588928,18,V2-006-OPT-CORR-F01-S20260927,d65f8f5184d943417a4896f0ae87b47606c0ece1ba004892a72656bfd313bf60
99408351ad8732cb582f530afd7ee25ddbc98aac509363a2f9ff36ccc3c39281,MITDB_P118,118,465000000,1,20260927,MODEL_V2_TCN_MEANMAX,MODEL_V2_OPTIMIZER_CORRECTED_V1,1,3.564720630645752,0.9724741578102112,18,V2-006-OPT-CORR-F01-S20260927,d65f8f5184d943417a4896f0ae87b47606c0ece1ba004892a72656bfd313bf60
9942dbb4ea55f8956d9f947ff75855be5ae4fd11043ee30b66470bf829e8b4f3,MITDB_P119,119,1480000000,1,20260927,MODEL_V2_TCN_MEANMAX,MODEL_V2_OPTIMIZER_CORRECTED_V1,1,15.94027328491211,0.9999998807907104,18,V2-006-OPT-CORR-F01-S20260927,d65f8f5184d943417a4896f0ae87b47606c0ece1ba004892a72656bfd313bf60
995c50742d226faa1eae0cac8ddda22221638b2bd9c95bbf0b28267bcbc9c5d0,MITDB_P122,122,155000000,1,20260927,MODEL_V2_TCN_MEANMAX,MODEL_V2_OPTIMIZER_CORRECTED_V1,0,-7.877145290374756,0.0003791704948525876,18,V2-006-OPT-CORR-F01-S20260927,d65f8f5184d943417a4896f0ae87b47606c0ece1ba004892a72656bfd313bf60
99a15336a7db491462cd88b81b3258d4e9741a2ef76c29af85326cd31d3823f4,MITDB_P207,207,1340000000,1,20260927,MODEL_V2_TCN_MEANMAX,MODEL_V2_OPTIMIZER_CORRECTED_V1,0,6.094173908233643,0.9977491497993469,18,V2-006-OPT-CORR-F01-S20260927,d65f8f5184d943417a4896f0ae87b47606c0ece1ba004892a72656bfd313bf60
99b1cf82eb383f8ebbdd203063a37bae54481cbcf1e70e805a654babfb484cdf,MITDB_P119,119,480000000,1,20260927,MODEL_V2_TCN_MEANMAX,MODEL_V2_OPTIMIZER_CORRECTED_V1,1,16.056324005126953,0.9999998807907104,18,V2-006-OPT-CORR-F01-S20260927,d65f8f5184d943417a4896f0ae87b47606c0ece1ba004892a72656bfd313bf60
99f66e99f2baf12b91e4746272773c432bc465cb2a25ca3e39b25759b62d88ab,MITDB_P119,119,980000000,1,20260927,MODEL_V2_TCN_MEANMAX,MODEL_V2_OPTIMIZER_CORRECTED_V1,1,17.57512855529785,1.0,18,V2-006-OPT-CORR-F01-S20260927,d65f8f5184d943417a4896f0ae87b47606c0ece1ba004892a72656bfd313bf60
9a0be338eb633907758fd9bede0b69aa81c62df814356e04c8880f3b30fbef34,MITDB_P122,122,175000000,1,20260927,MODEL_V2_TCN_MEANMAX,MODEL_V2_OPTIMIZER_CORRECTED_V1,0,-9.647909164428711,6.455624679801986e-05,18,V2-006-OPT-CORR-F01-S20260927,d65f8f5184d943417a4896f0ae87b47606c0ece1ba004892a72656bfd313bf60
9a117cf730579b506013c6465438975310bc450bee48584aa527ddf35d9185e4,MITDB_P207,207,40000000,1,20260927,MODEL_V2_TCN_MEANMAX,MODEL_V2_OPTIMIZER_CORRECTED_V1,1,7.926490783691406,0.9996390342712402,18,V2-006-OPT-CORR-F01-S20260927,d65f8f5184d943417a4896f0ae87b47606c0ece1ba004892a72656bfd313bf60
9a17d321c2a7cd2ce15d9c7375e736335423ccc9c564a0c0292ca1e074f3fed5,MITDB_P122,122,1025000000,1,20260927,MODEL_V2_TCN_MEANMAX,MODEL_V2_OPTIMIZER_CORRECTED_V1,0,-8.555191993713379,0.0001925057586049661,18,V2-006-OPT-CORR-F01-S20260927,d65f8f5184d943417a4896f0ae87b47606c0ece1ba004892a72656bfd313bf60
9a32ad3a11218c2bf879356d9d70532bcb277c172e837e73953c044afc7133c8,MITDB_P119,119,945000000,1,20260927,MODEL_V2_TCN_MEANMAX,MODEL_V2_OPTIMIZER_CORRECTED_V1,0,-7.373874664306641,0.0006270389421842992,18,V2-006-OPT-CORR-F01-S20260927,d65f8f5184d943417a4896f0ae87b47606c0ece1ba004892a72656bfd313bf60
9a48096491faeb0047913a11c15ab2ab3cec4a6cb8fe941020dbe3237b6088c5,MITDB_P122,122,1225000000,1,20260927,MODEL_V2_TCN_MEANMAX,MODEL_V2_OPTIMIZER_CORRECTED_V1,0,-7.238501071929932,0.000717872055247426,18,V2-006-OPT-CORR-F01-S20260927,d65f8f5184d943417a4896f0ae87b47606c0ece1ba004892a72656bfd313bf60
9a4ffc5277f9f569e690b21cfcbe5d97f2171ef1168afbdc8be8ddb536fa49c7,MITDB_P119,119,170000000,1,20260927,MODEL_V2_TCN_MEANMAX,MODEL_V2_OPTIMIZER_CORRECTED_V1,1,14.282625198364258,0.9999994039535522,18,V2-006-OPT-CORR-F01-S20260927,d65f8f5184d943417a4896f0ae87b47606c0ece1ba004892a72656bfd313bf60
9a56b4bad19b3b681cc3475ba0cf210afc76ebb9bdd8057b0c2ffbc349d9834b,MITDB_P210,210,1695000000,1,20260927,MODEL_V2_TCN_MEANMAX,MODEL_V2_OPTIMIZER_CORRECTED_V1,1,9.125910758972168,0.9998911619186401,18,V2-006-OPT-CORR-F01-S20260927,d65f8f5184d943417a4896f0ae87b47606c0ece1ba004892a72656bfd313bf60
9a5ae1cfdca701d3ae236ba001736bac42a314191f3f7877982e41ec1204c124,MITDB_P118,118,1385000000,1,20260927,MODEL_V2_TCN_MEANMAX,MODEL_V2_OPTIMIZER_CORRECTED_V1,1,6.6380109786987305,0.9986920952796936,18,V2-006-OPT-CORR-F01-S20260927,d65f8f5184d943417a4896f0ae87b47606c0ece1ba004892a72656bfd313bf60
9ae6e18716564d2dd7395efae17269d729b9ab714c2d33140b9fde38212e6077,MITDB_P207,207,1225000000,1,20260927,MODEL_V2_TCN_MEANMAX,MODEL_V2_OPTIMIZER_CORRECTED_V1,0,6.335351943969727,0.9982306361198425,18,V2-006-OPT-CORR-F01-S20260927,d65f8f5184d943417a4896f0ae87b47606c0ece1ba004892a72656bfd313bf60
9b2e6739428124df824cb467b4a5b311b418d4b029171dd5a942361b49f913f5,MITDB_P101,101,570000000,1,20260927,MODEL_V2_TCN_MEANMAX,MODEL_V2_OPTIMIZER_CORRECTED_V1,0,-6.438291549682617,0.0015965832863003016,18,V2-006-OPT-CORR-F01-S20260927,d65f8f5184d943417a4896f0ae87b47606c0ece1ba004892a72656bfd313bf60
9b2ed6ce07bd160ae8ff52c7e1be4e7e4463516b05007a849c15d918b954961f,MITDB_P119,119,300000000,1,20260927,MODEL_V2_TCN_MEANMAX,MODEL_V2_OPTIMIZER_CORRECTED_V1,1,13.518085479736328,0.9999986886978149,18,V2-006-OPT-CORR-F01-S20260927,d65f8f5184d943417a4896f0ae87b47606c0ece1ba004892a72656bfd313bf60
9b37b8cc56ef68ff7eac2f43e478bad982dd5d528401264a277e13316ca24359,MITDB_P101,101,515000000,1,20260927,MODEL_V2_TCN_MEANMAX,MODEL_V2_OPTIMIZER_CORRECTED_V1,0,-6.637843132019043,0.0013081359211355448,18,V2-006-OPT-CORR-F01-S20260927,d65f8f5184d943417a4896f0ae87b47606c0ece1ba004892a72656bfd313bf60
9b4f011b166e3231800bf4fbd3dafb88c2673850bf3816d94a05242c867a4d01,MITDB_P119,119,1105000000,1,20260927,MODEL_V2_TCN_MEANMAX,MODEL_V2_OPTIMIZER_CORRECTED_V1,1,16.10514259338379,0.9999998807907104,18,V2-006-OPT-CORR-F01-S20260927,d65f8f5184d943417a4896f0ae87b47606c0ece1ba004892a72656bfd313bf60
9bd72105de195a5f41e9a24ccb78362ac107c6e72ed14fb71db029c521e9b28e,MITDB_P118,118,1695000000,1,20260927,MODEL_V2_TCN_MEANMAX,MODEL_V2_OPTIMIZER_CORRECTED_V1,0,-1.1845309734344482,0.23423849046230316,18,V2-006-OPT-CORR-F01-S20260927,d65f8f5184d943417a4896f0ae87b47606c0ece1ba004892a72656bfd313bf60
9be1184efc54ee447390e798e585889711f97c4191397655969856b4a7810b80,MITDB_P119,119,1295000000,1,20260927,MODEL_V2_TCN_MEANMAX,MODEL_V2_OPTIMIZER_CORRECTED_V1,1,18.671993255615234,1.0,18,V2-006-OPT-CORR-F01-S20260927,d65f8f5184d943417a4896f0ae87b47606c0ece1ba004892a72656bfd313bf60
9be690bd733fed0dc0c741ebfde34a368974212e54c1a7cae489c7fc360aa92a,MITDB_P210,210,490000000,1,20260927,MODEL_V2_TCN_MEANMAX,MODEL_V2_OPTIMIZER_CORRECTED_V1,0,-1.7996642589569092,0.1418919414281845,18,V2-006-OPT-CORR-F01-S20260927,d65f8f5184d943417a4896f0ae87b47606c0ece1ba004892a72656bfd313bf60
9c079b49f056b355499c9991f6b65135be01195202614c34c4c002d41fb243fb,MITDB_P122,122,1540000000,1,20260927,MODEL_V2_TCN_MEANMAX,MODEL_V2_OPTIMIZER_CORRECTED_V1,0,-8.478658676147461,0.00020781411149073392,18,V2-006-OPT-CORR-F01-S20260927,d65f8f5184d943417a4896f0ae87b47606c0ece1ba004892a72656bfd313bf60
9c1c451afe9960a7872bc8b9c0c040b6c9ef2d06dba4a2b752fd5f19097297d4,MITDB_P122,122,355000000,1,20260927,MODEL_V2_TCN_MEANMAX,MODEL_V2_OPTIMIZER_CORRECTED_V1,0,-9.119648933410645,0.00010948111594188958,18,V2-006-OPT-CORR-F01-S20260927,d65f8f5184d943417a4896f0ae87b47606c0ece1ba004892a72656bfd313bf60
9c47f1d89a632e35692858ad933d62aaa4c4385abe1f1553331f2aca7077cc9e,MITDB_P118,118,355000000,1,20260927,MODEL_V2_TCN_MEANMAX,MODEL_V2_OPTIMIZER_CORRECTED_V1,1,3.9452552795410156,0.9810209274291992,18,V2-006-OPT-CORR-F01-S20260927,d65f8f5184d943417a4896f0ae87b47606c0ece1ba004892a72656bfd313bf60
9c5110abde6a2eb2abe3d4dc702d73ad3389c62d28316ab5e2e7ce234a7eb1f6,MITDB_P210,210,20000000,1,20260927,MODEL_V2_TCN_MEANMAX,MODEL_V2_OPTIMIZER_CORRECTED_V1,1,6.528742790222168,0.9985413551330566,18,V2-006-OPT-CORR-F01-S20260927,d65f8f5184d943417a4896f0ae87b47606c0ece1ba004892a72656bfd313bf60
9c64747b1f060b97954f006a13c0ef1a5f100967cccfad04dd0482ee17f0a57f,MITDB_P101,101,880000000,1,20260927,MODEL_V2_TCN_MEANMAX,MODEL_V2_OPTIMIZER_CORRECTED_V1,0,-6.288599014282227,0.0018539169104769826,18,V2-006-OPT-CORR-F01-S20260927,d65f8f5184d943417a4896f0ae87b47606c0ece1ba004892a72656bfd313bf60
9c81af2bf40c545c73a58e06a001d4662a312d75e31004dcf658ee0a46ed4d2e,MITDB_P210,210,250000000,1,20260927,MODEL_V2_TCN_MEANMAX,MODEL_V2_OPTIMIZER_CORRECTED_V1,1,10.645645141601562,0.9999761581420898,18,V2-006-OPT-CORR-F01-S20260927,d65f8f5184d943417a4896f0ae87b47606c0ece1ba004892a72656bfd313bf60
9c863f46d3076e2998cefec23cf9b760040b7d88d513c4819796b49b568b1529,MITDB_P119,119,475000000,1,20260927,MODEL_V2_TCN_MEANMAX,MODEL_V2_OPTIMIZER_CORRECTED_V1,1,14.113505363464355,0.9999992847442627,18,V2-006-OPT-CORR-F01-S20260927,d65f8f5184d943417a4896f0ae87b47606c0ece1ba004892a72656bfd313bf60
9cab5e854b4bf8e1a01227e20e22feee42d520add8976f00a398c3aa3cd229bc,MITDB_P210,210,1305000000,1,20260927,MODEL_V2_TCN_MEANMAX,MODEL_V2_OPTIMIZER_CORRECTED_V1,1,-1.1191073656082153,0.24617689847946167,18,V2-006-OPT-CORR-F01-S20260927,d65f8f5184d943417a4896f0ae87b47606c0ece1ba004892a72656bfd313bf60
9cb43e1a5ce5bd89a2c0b85b95ad408e73956ebf29e64e98c8be53613306d2eb,MITDB_P210,210,220000000,1,20260927,MODEL_V2_TCN_MEANMAX,MODEL_V2_OPTIMIZER_CORRECTED_V1,1,5.460749626159668,0.9957675933837891,18,V2-006-OPT-CORR-F01-S20260927,d65f8f5184d943417a4896f0ae87b47606c0ece1ba004892a72656bfd313bf60
9ccc83b6f5c2be94f29c156def055873456035f49872340754aba0ca4eb9b212,MITDB_P119,119,555000000,1,20260927,MODEL_V2_TCN_MEANMAX,MODEL_V2_OPTIMIZER_CORRECTED_V1,1,16.821359634399414,1.0,18,V2-006-OPT-CORR-F01-S20260927,d65f8f5184d943417a4896f0ae87b47606c0ece1ba004892a72656bfd313bf60
9cdb827ec02d04c1482d4f15cc09c319800d14043981b074f5862ee23df268d5,MITDB_P118,118,950000000,1,20260927,MODEL_V2_TCN_MEANMAX,MODEL_V2_OPTIMIZER_CORRECTED_V1,1,4.718131065368652,0.9911472201347351,18,V2-006-OPT-CORR-F01-S20260927,d65f8f5184d943417a4896f0ae87b47606c0ece1ba004892a72656bfd313bf60
9d0264c7c9cb0bd89996cbcd8d86b083cdd49869c5fbde23c20d0f336fea7de0,MITDB_P118,118,1600000000,1,20260927,MODEL_V2_TCN_MEANMAX,MODEL_V2_OPTIMIZER_CORRECTED_V1,0,0.1828955113887787,0.5455968379974365,18,V2-006-OPT-CORR-F01-S20260927,d65f8f5184d943417a4896f0ae87b47606c0ece1ba004892a72656bfd313bf60
9d14bc601fcdbe625aff284983637b45e5d716354cd1c94bb2f60684f7a13561,MITDB_P210,210,360000000,1,20260927,MODEL_V2_TCN_MEANMAX,MODEL_V2_OPTIMIZER_CORRECTED_V1,1,3.1282284259796143,0.9580422043800354,18,V2-006-OPT-CORR-F01-S20260927,d65f8f5184d943417a4896f0ae87b47606c0ece1ba004892a72656bfd313bf60
9d17f6c029c79fba431c9a6e1c87eb6493c647bb4c87da41c3f5b1902d458ae2,MITDB_P119,119,1695000000,1,20260927,MODEL_V2_TCN_MEANMAX,MODEL_V2_OPTIMIZER_CORRECTED_V1,0,-7.174222469329834,0.0007654947112314403,18,V2-006-OPT-CORR-F01-S20260927,d65f8f5184d943417a4896f0ae87b47606c0ece1ba004892a72656bfd313bf60
9d3efc7ec0167c8119f444231c117f08acc6bf8eae6b726f643d65b928039b72,MITDB_P118,118,1445000000,1,20260927,MODEL_V2_TCN_MEANMAX,MODEL_V2_OPTIMIZER_CORRECTED_V1,0,0.6589940786361694,0.6590343713760376,18,V2-006-OPT-CORR-F01-S20260927,d65f8f5184d943417a4896f0ae87b47606c0ece1ba004892a72656bfd313bf60
9d6aa02bc6c25e4de95adf1c3c50bd3eea53f18dc1901d790574660e8b2a1339,MITDB_P118,118,1110000000,1,20260927,MODEL_V2_TCN_MEANMAX,MODEL_V2_OPTIMIZER_CORRECTED_V1,1,4.1905012130737305,0.9850870370864868,18,V2-006-OPT-CORR-F01-S20260927,d65f8f5184d943417a4896f0ae87b47606c0ece1ba004892a72656bfd313bf60
9d6b70b0e30acf835bafbebcd6be17138e9de25000aa0a507746e434330ebc48,MITDB_P101,101,885000000,1,20260927,MODEL_V2_TCN_MEANMAX,MODEL_V2_OPTIMIZER_CORRECTED_V1,0,-6.349347114562988,0.0017448380822315812,18,V2-006-OPT-CORR-F01-S20260927,d65f8f5184d943417a4896f0ae87b47606c0ece1ba004892a72656bfd313bf60
9d77c007284076ab67c517a315d3c8b135f306ec38cac6a6f31ab4bec1b21a0d,MITDB_P118,118,960000000,1,20260927,MODEL_V2_TCN_MEANMAX,MODEL_V2_OPTIMIZER_CORRECTED_V1,1,8.469356536865234,0.9997902512550354,18,V2-006-OPT-CORR-F01-S20260927,d65f8f5184d943417a4896f0ae87b47606c0ece1ba004892a72656bfd313bf60
9d7c03a56ab0cb6d8f9b6f01b386e2fc5c0fa8f47116ef5c01ccf59618508c8e,MITDB_P118,118,145000000,1,20260927,MODEL_V2_TCN_MEANMAX,MODEL_V2_OPTIMIZER_CORRECTED_V1,0,3.4901037216186523,0.9704049229621887,18,V2-006-OPT-CORR-F01-S20260927,d65f8f5184d943417a4896f0ae87b47606c0ece1ba004892a72656bfd313bf60
9d8c4b59ea886310cc2eedca35b6c98e6f54351f24fc61a03d2bbefcc95d6dcb,MITDB_P207,207,1130000000,1,20260927,MODEL_V2_TCN_MEANMAX,MODEL_V2_OPTIMIZER_CORRECTED_V1,0,7.622920036315918,0.9995111227035522,18,V2-006-OPT-CORR-F01-S20260927,d65f8f5184d943417a4896f0ae87b47606c0ece1ba004892a72656bfd313bf60
9da399a17dbde0e748a48f3dd09c541ffe24e62c9c691daba37fb991ba96ff15,MITDB_P118,118,615000000,1,20260927,MODEL_V2_TCN_MEANMAX,MODEL_V2_OPTIMIZER_CORRECTED_V1,0,8.740917205810547,0.9998401403427124,18,V2-006-OPT-CORR-F01-S20260927,d65f8f5184d943417a4896f0ae87b47606c0ece1ba004892a72656bfd313bf60
9dbcf023e544aa39011786e9b7682865441eeb814aa4af28793e9339ad5040f2,MITDB_P101,101,1725000000,1,20260927,MODEL_V2_TCN_MEANMAX,MODEL_V2_OPTIMIZER_CORRECTED_V1,0,-4.841560363769531,0.007832886651158333,18,V2-006-OPT-CORR-F01-S20260927,d65f8f5184d943417a4896f0ae87b47606c0ece1ba004892a72656bfd313bf60
9dbfc3e8bd42599bff7654695aa551122d44e5bae775386211aebc4e86d10c5a,MITDB_P207,207,565000000,1,20260927,MODEL_V2_TCN_MEANMAX,MODEL_V2_OPTIMIZER_CORRECTED_V1,0,11.961640357971191,0.9999935626983643,18,V2-006-OPT-CORR-F01-S20260927,d65f8f5184d943417a4896f0ae87b47606c0ece1ba004892a72656bfd313bf60
9dc97d8f9f87bc901c44f7533821ac6750d4f0b214d4a10f5fbd85f4f85dfb88,MITDB_P207,207,1700000000,1,20260927,MODEL_V2_TCN_MEANMAX,MODEL_V2_OPTIMIZER_CORRECTED_V1,1,-4.69676399230957,0.00904224906116724,18,V2-006-OPT-CORR-F01-S20260927,d65f8f5184d943417a4896f0ae87b47606c0ece1ba004892a72656bfd313bf60
9df399233483eae6e38ab2bd54012184ba0e8708266deacb30a7c62d42104348,MITDB_P210,210,340000000,1,20260927,MODEL_V2_TCN_MEANMAX,MODEL_V2_OPTIMIZER_CORRECTED_V1,1,13.72164535522461,0.999998927116394,18,V2-006-OPT-CORR-F01-S20260927,d65f8f5184d943417a4896f0ae87b47606c0ece1ba004892a72656bfd313bf60
9e0daaed7a50e42ab447cf1c2b42743d38388326d4cd120c670d6f7f312ab5f4,MITDB_P122,122,1090000000,1,20260927,MODEL_V2_TCN_MEANMAX,MODEL_V2_OPTIMIZER_CORRECTED_V1,0,-6.610278129577637,0.0013446470256894827,18,V2-006-OPT-CORR-F01-S20260927,d65f8f5184d943417a4896f0ae87b47606c0ece1ba004892a72656bfd313bf60
9e1e9c5a9a4efbd87feaa074ddf8f163fe91c5cc03f7851ab74aedc026d9ee5e,MITDB_P210,210,1350000000,1,20260927,MODEL_V2_TCN_MEANMAX,MODEL_V2_OPTIMIZER_CORRECTED_V1,1,7.068466663360596,0.9991492033004761,18,V2-006-OPT-CORR-F01-S20260927,d65f8f5184d943417a4896f0ae87b47606c0ece1ba004892a72656bfd313bf60
9e5969b1ad374bcee7382a3d8d0ad26d36c17555cfc67ed8fcceec7dda597970,MITDB_P122,122,400000000,1,20260927,MODEL_V2_TCN_MEANMAX,MODEL_V2_OPTIMIZER_CORRECTED_V1,0,-6.840933322906494,0.0010679634287953377,18,V2-006-OPT-CORR-F01-S20260927,d65f8f5184d943417a4896f0ae87b47606c0ece1ba004892a72656bfd313bf60
9e8baf9c98ef16d5dcec7402e2149047141f37b198be54dba45455ea1e15c21e,MITDB_P210,210,675000000,1,20260927,MODEL_V2_TCN_MEANMAX,MODEL_V2_OPTIMIZER_CORRECTED_V1,1,3.271554470062256,0.96343994140625,18,V2-006-OPT-CORR-F01-S20260927,d65f8f5184d943417a4896f0ae87b47606c0ece1ba004892a72656bfd313bf60
9eb2bd83d7ce775116ec75762748990f9c85bbce812db369c67d910b01bec71f,MITDB_P122,122,125000000,1,20260927,MODEL_V2_TCN_MEANMAX,MODEL_V2_OPTIMIZER_CORRECTED_V1,0,-9.09779167175293,0.00011190015356987715,18,V2-006-OPT-CORR-F01-S20260927,d65f8f5184d943417a4896f0ae87b47606c0ece1ba004892a72656bfd313bf60
9ebafddf40857fb3f9879efa36e5b0eacf428db6dfc12941fa3b9891e645431a,MITDB_P122,122,1775000000,1,20260927,MODEL_V2_TCN_MEANMAX,MODEL_V2_OPTIMIZER_CORRECTED_V1,0,-6.351343154907227,0.0017413649475201964,18,V2-006-OPT-CORR-F01-S20260927,d65f8f5184d943417a4896f0ae87b47606c0ece1ba004892a72656bfd313bf60
9ee3594d98ddab9671a44330820ac7fa21b12698ac129e3fa10440ad050930b3,MITDB_P118,118,865000000,1,20260927,MODEL_V2_TCN_MEANMAX,MODEL_V2_OPTIMIZER_CORRECTED_V1,1,7.252885818481445,0.9992923736572266,18,V2-006-OPT-CORR-F01-S20260927,d65f8f5184d943417a4896f0ae87b47606c0ece1ba004892a72656bfd313bf60
9ef045ce92637bb99e0d55b2b4a362626582690f934feaa71af015823fa9f00b,MITDB_P101,101,80000000,1,20260927,MODEL_V2_TCN_MEANMAX,MODEL_V2_OPTIMIZER_CORRECTED_V1,0,-6.673377513885498,0.0012625259114429355,18,V2-006-OPT-CORR-F01-S20260927,d65f8f5184d943417a4896f0ae87b47606c0ece1ba004892a72656bfd313bf60
9f30c90ac214ac20ced5b99d9d0bfc78fbadbb01784402e30b41c1daa664fa62,MITDB_P207,207,705000000,1,20260927,MODEL_V2_TCN_MEANMAX,MODEL_V2_OPTIMIZER_CORRECTED_V1,0,8.645601272583008,0.9998241066932678,18,V2-006-OPT-CORR-F01-S20260927,d65f8f5184d943417a4896f0ae87b47606c0ece1ba004892a72656bfd313bf60
9f382e3ac544e5acc92b73e4d3a80630fba9f24661ff92109e96f65a11b906ff,MITDB_P118,118,595000000,1,20260927,MODEL_V2_TCN_MEANMAX,MODEL_V2_OPTIMIZER_CORRECTED_V1,0,7.555449485778809,0.9994770884513855,18,V2-006-OPT-CORR-F01-S20260927,d65f8f5184d943417a4896f0ae87b47606c0ece1ba004892a72656bfd313bf60
9f80168c95df47fd9f8c4fbdb4408be452200a72733065d85eb16ec2c9d7e683,MITDB_P207,207,1000000000,1,20260927,MODEL_V2_TCN_MEANMAX,MODEL_V2_OPTIMIZER_CORRECTED_V1,0,7.385430335998535,0.9993801116943359,18,V2-006-OPT-CORR-F01-S20260927,d65f8f5184d943417a4896f0ae87b47606c0ece1ba004892a72656bfd313bf60
9f95fa9a0a51a72a393ecf5e078945d19ba2aa587187c503bcdf4b16acbdd753,MITDB_P119,119,765000000,1,20260927,MODEL_V2_TCN_MEANMAX,MODEL_V2_OPTIMIZER_CORRECTED_V1,1,17.0167236328125,1.0,18,V2-006-OPT-CORR-F01-S20260927,d65f8f5184d943417a4896f0ae87b47606c0ece1ba004892a72656bfd313bf60
9fa9f02f50bd1a954877cbdb5a7a70e2cbb3812f1c9722116f12e28238b2daf1,MITDB_P122,122,685000000,1,20260927,MODEL_V2_TCN_MEANMAX,MODEL_V2_OPTIMIZER_CORRECTED_V1,0,-7.304056167602539,0.0006723519181832671,18,V2-006-OPT-CORR-F01-S20260927,d65f8f5184d943417a4896f0ae87b47606c0ece1ba004892a72656bfd313bf60
9fc4130268445a430225254aa64940d468ff2e24b3b9a9492aede153e095d8f4,MITDB_P207,207,1010000000,1,20260927,MODEL_V2_TCN_MEANMAX,MODEL_V2_OPTIMIZER_CORRECTED_V1,0,7.813533782958984,0.9995959401130676,18,V2-006-OPT-CORR-F01-S20260927,d65f8f5184d943417a4896f0ae87b47606c0ece1ba004892a72656bfd313bf60
9fd58ffed215eabc7cf1e8bb4a008ffce464df921031794753187d4e366459d8,MITDB_P122,122,65000000,1,20260927,MODEL_V2_TCN_MEANMAX,MODEL_V2_OPTIMIZER_CORRECTED_V1,0,-7.731678485870361,0.0004385147476568818,18,V2-006-OPT-CORR-F01-S20260927,d65f8f5184d943417a4896f0ae87b47606c0ece1ba004892a72656bfd313bf60
a00813e166d5ce05ebee2d5af8e32b4e7d0b53c5cc26eefa15ffa2983b9fadb2,MITDB_P118,118,395000000,1,20260927,MODEL_V2_TCN_MEANMAX,MODEL_V2_OPTIMIZER_CORRECTED_V1,1,5.586461544036865,0.996265709400177,18,V2-006-OPT-CORR-F01-S20260927,d65f8f5184d943417a4896f0ae87b47606c0ece1ba004892a72656bfd313bf60
a01e900f2966029bb208a352924ed9b6430d466f89bf0e8d463bc55180c66c19,MITDB_P118,118,20000000,1,20260927,MODEL_V2_TCN_MEANMAX,MODEL_V2_OPTIMIZER_CORRECTED_V1,0,3.3720579147338867,0.9668197631835938,18,V2-006-OPT-CORR-F01-S20260927,d65f8f5184d943417a4896f0ae87b47606c0ece1ba004892a72656bfd313bf60
a023545b88e60b2783c768cac7448b89eaa7e21717a161f752c9c94fa2283aa4,MITDB_P122,122,215000000,1,20260927,MODEL_V2_TCN_MEANMAX,MODEL_V2_OPTIMIZER_CORRECTED_V1,0,-7.633521556854248,0.00048371945740655065,18,V2-006-OPT-CORR-F01-S20260927,d65f8f5184d943417a4896f0ae87b47606c0ece1ba004892a72656bfd313bf60
a05b25966de2381a242634370b3603f8ed05047e0ccc0064f7df5af210c9b042,MITDB_P207,207,1755000000,1,20260927,MODEL_V2_TCN_MEANMAX,MODEL_V2_OPTIMIZER_CORRECTED_V1,1,4.557860374450684,0.9896243214607239,18,V2-006-OPT-CORR-F01-S20260927,d65f8f5184d943417a4896f0ae87b47606c0ece1ba004892a72656bfd313bf60
a073999de6cb5ff7eb9234e9ee79f12a853ad22137673f2959f962fba3496e17,MITDB_P118,118,1690000000,1,20260927,MODEL_V2_TCN_MEANMAX,MODEL_V2_OPTIMIZER_CORRECTED_V1,0,1.12167489528656,0.7542992234230042,18,V2-006-OPT-CORR-F01-S20260927,d65f8f5184d943417a4896f0ae87b47606c0ece1ba004892a72656bfd313bf60
a0e0123e3365dba84425188ba11b8db7b79d98ba91c46e04e231d5db07472154,MITDB_P119,119,1150000000,1,20260927,MODEL_V2_TCN_MEANMAX,MODEL_V2_OPTIMIZER_CORRECTED_V1,1,17.934585571289062,1.0,18,V2-006-OPT-CORR-F01-S20260927,d65f8f5184d943417a4896f0ae87b47606c0ece1ba004892a72656bfd313bf60
a10be1305373ba2114c5531260bc55ad49d98c736c89273eef4de8ed5d01431f,MITDB_P210,210,1160000000,1,20260927,MODEL_V2_TCN_MEANMAX,MODEL_V2_OPTIMIZER_CORRECTED_V1,1,1.6466597318649292,0.8384390473365784,18,V2-006-OPT-CORR-F01-S20260927,d65f8f5184d943417a4896f0ae87b47606c0ece1ba004892a72656bfd313bf60
a1425213a43ea2d166d1e0e9ec3dbf56008fb2c123ef2cd078a4be55ce33b5d4,MITDB_P119,119,1620000000,1,20260927,MODEL_V2_TCN_MEANMAX,MODEL_V2_OPTIMIZER_CORRECTED_V1,1,17.513349533081055,1.0,18,V2-006-OPT-CORR-F01-S20260927,d65f8f5184d943417a4896f0ae87b47606c0ece1ba004892a72656bfd313bf60
a15c9c45703d4bec4ef0054799af8ec2b60f03915fc20509f0e05cd3221a2ba4,MITDB_P119,119,1390000000,1,20260927,MODEL_V2_TCN_MEANMAX,MODEL_V2_OPTIMIZER_CORRECTED_V1,1,15.075006484985352,0.9999997615814209,18,V2-006-OPT-CORR-F01-S20260927,d65f8f5184d943417a4896f0ae87b47606c0ece1ba004892a72656bfd313bf60
a16123d57656e8284f5d0fff50be71ab57f4a8b4360e022431634dba37b28179,MITDB_P118,118,1775000000,1,20260927,MODEL_V2_TCN_MEANMAX,MODEL_V2_OPTIMIZER_CORRECTED_V1,1,6.267557144165039,0.9981067180633545,18,V2-006-OPT-CORR-F01-S20260927,d65f8f5184d943417a4896f0ae87b47606c0ece1ba004892a72656bfd313bf60
a19f2b69585e732637cb9417d89e2ac8f528fcd9b97eb186f6102d590d5bc818,MITDB_P210,210,150000000,1,20260927,MODEL_V2_TCN_MEANMAX,MODEL_V2_OPTIMIZER_CORRECTED_V1,0,6.866150379180908,0.9989585876464844,18,V2-006-OPT-CORR-F01-S20260927,d65f8f5184d943417a4896f0ae87b47606c0ece1ba004892a72656bfd313bf60
a1dacc1b278f0d9a9cb7c5f46fd2294f54111c4d089da02123bde293a6f340bd,MITDB_P101,101,1275000000,1,20260927,MODEL_V2_TCN_MEANMAX,MODEL_V2_OPTIMIZER_CORRECTED_V1,0,-6.465671539306641,0.0015535288257524371,18,V2-006-OPT-CORR-F01-S20260927,d65f8f5184d943417a4896f0ae87b47606c0ece1ba004892a72656bfd313bf60
a1f8d73347119f264522382f54a69d41ee267a772821c1b79b9f706cb9be65ea,MITDB_P101,101,1545000000,1,20260927,MODEL_V2_TCN_MEANMAX,MODEL_V2_OPTIMIZER_CORRECTED_V1,0,-6.382988452911377,0.0016872133128345013,18,V2-006-OPT-CORR-F01-S20260927,d65f8f5184d943417a4896f0ae87b47606c0ece1ba004892a72656bfd313bf60
a22a3124b1d5529534998acf6d0fb88112302fec41ed402ae92146b4950986aa,MITDB_P210,210,1710000000,1,20260927,MODEL_V2_TCN_MEANMAX,MODEL_V2_OPTIMIZER_CORRECTED_V1,1,17.23706817626953,1.0,18,V2-006-OPT-CORR-F01-S20260927,d65f8f5184d943417a4896f0ae87b47606c0ece1ba004892a72656bfd313bf60
a269f394b641da3639708a1ed375eae43dea53aa8590fa518807cf983164d395,MITDB_P210,210,465000000,1,20260927,MODEL_V2_TCN_MEANMAX,MODEL_V2_OPTIMIZER_CORRECTED_V1,1,0.8411139249801636,0.6986998319625854,18,V2-006-OPT-CORR-F01-S20260927,d65f8f5184d943417a4896f0ae87b47606c0ece1ba004892a72656bfd313bf60
a29d5c887647603319cee577ed81940bea1595ea9c45e7dfb8812b8839dd62af,MITDB_P122,122,1355000000,1,20260927,MODEL_V2_TCN_MEANMAX,MODEL_V2_OPTIMIZER_CORRECTED_V1,0,-6.166750907897949,0.002093649236485362,18,V2-006-OPT-CORR-F01-S20260927,d65f8f5184d943417a4896f0ae87b47606c0ece1ba004892a72656bfd313bf60
a2c6372c2d729ee657493f5d968ce76df26740a52bc01e3b269e418ef7a9ec7c,MITDB_P122,122,1055000000,1,20260927,MODEL_V2_TCN_MEANMAX,MODEL_V2_OPTIMIZER_CORRECTED_V1,0,-7.4785308837890625,0.0005647678626701236,18,V2-006-OPT-CORR-F01-S20260927,d65f8f5184d943417a4896f0ae87b47606c0ece1ba004892a72656bfd313bf60
a2d5d793c15ad118cbc338b3f4e0a4f7ec6cba3e514f0d3d384c52d596667fbf,MITDB_P101,101,1330000000,1,20260927,MODEL_V2_TCN_MEANMAX,MODEL_V2_OPTIMIZER_CORRECTED_V1,0,-6.1829376220703125,0.0020601018331944942,18,V2-006-OPT-CORR-F01-S20260927,d65f8f5184d943417a4896f0ae87b47606c0ece1ba004892a72656bfd313bf60
a2f853b2ce56b60e816fa77242eddea7aef132c04a1e09ed0e1c554b7a32a369,MITDB_P122,122,885000000,1,20260927,MODEL_V2_TCN_MEANMAX,MODEL_V2_OPTIMIZER_CORRECTED_V1,0,-6.946134567260742,0.0009614226873964071,18,V2-006-OPT-CORR-F01-S20260927,d65f8f5184d943417a4896f0ae87b47606c0ece1ba004892a72656bfd313bf60
a313064cba6bade4f4a1daa83051d198772e9bb15edb7a0d9f774b3f5919c13e,MITDB_P122,122,330000000,1,20260927,MODEL_V2_TCN_MEANMAX,MODEL_V2_OPTIMIZER_CORRECTED_V1,0,-7.112257957458496,0.0008143887389451265,18,V2-006-OPT-CORR-F01-S20260927,d65f8f5184d943417a4896f0ae87b47606c0ece1ba004892a72656bfd313bf60
a324e37b2aacbfda6cdd19082ec359a54b1cf6fd818d92c8333a72b40c9f02f4,MITDB_P118,118,1020000000,1,20260927,MODEL_V2_TCN_MEANMAX,MODEL_V2_OPTIMIZER_CORRECTED_V1,0,4.634533405303955,0.990382730960846,18,V2-006-OPT-CORR-F01-S20260927,d65f8f5184d943417a4896f0ae87b47606c0ece1ba004892a72656bfd313bf60
a34ce0d32b2c0404facdf9e1eb9f956a9191372c2f7214342231ce25fd4e5a7c,MITDB_P210,210,585000000,1,20260927,MODEL_V2_TCN_MEANMAX,MODEL_V2_OPTIMIZER_CORRECTED_V1,0,-0.44876810908317566,0.38965368270874023,18,V2-006-OPT-CORR-F01-S20260927,d65f8f5184d943417a4896f0ae87b47606c0ece1ba004892a72656bfd313bf60
a35a67fe75509a3ed7fbfb3d286575033f86ec34a2593806da29c4d69936ff19,MITDB_P101,101,1575000000,1,20260927,MODEL_V2_TCN_MEANMAX,MODEL_V2_OPTIMIZER_CORRECTED_V1,0,-6.2778167724609375,0.0018739766674116254,18,V2-006-OPT-CORR-F01-S20260927,d65f8f5184d943417a4896f0ae87b47606c0ece1ba004892a72656bfd313bf60
a35a70374fdb0cff427848b46cd78d2adc19e5d89a08ec94b3750b21f67ed169,MITDB_P119,119,60000000,1,20260927,MODEL_V2_TCN_MEANMAX,MODEL_V2_OPTIMIZER_CORRECTED_V1,1,13.783327102661133,0.999998927116394,18,V2-006-OPT-CORR-F01-S20260927,d65f8f5184d943417a4896f0ae87b47606c0ece1ba004892a72656bfd313bf60
a39edc36f1031585e60d4c8eb7c3d06d6dde891bd9d8c0d49c5bf05b419d44f7,MITDB_P119,119,1580000000,1,20260927,MODEL_V2_TCN_MEANMAX,MODEL_V2_OPTIMIZER_CORRECTED_V1,1,17.477684020996094,1.0,18,V2-006-OPT-CORR-F01-S20260927,d65f8f5184d943417a4896f0ae87b47606c0ece1ba004892a72656bfd313bf60
a3ba54eba0e0bfcbc1f385d8deee3c31abf447049b979d398f0fad4586fd4351,MITDB_P101,101,1300000000,1,20260927,MODEL_V2_TCN_MEANMAX,MODEL_V2_OPTIMIZER_CORRECTED_V1,0,-6.113286972045898,0.002208376070484519,18,V2-006-OPT-CORR-F01-S20260927,d65f8f5184d943417a4896f0ae87b47606c0ece1ba004892a72656bfd313bf60
a3dc4b2e0ffa86d7aa52a381da26b6a17d8457ff5933e0771b610c9c30cffe7a,MITDB_P207,207,680000000,1,20260927,MODEL_V2_TCN_MEANMAX,MODEL_V2_OPTIMIZER_CORRECTED_V1,0,7.6044206619262695,0.9995019435882568,18,V2-006-OPT-CORR-F01-S20260927,d65f8f5184d943417a4896f0ae87b47606c0ece1ba004892a72656bfd313bf60
a3e23df4d565292c534587daffea638af8972684360d72778a7f3bf5152f36e9,MITDB_P101,101,1630000000,1,20260927,MODEL_V2_TCN_MEANMAX,MODEL_V2_OPTIMIZER_CORRECTED_V1,0,-5.889514923095703,0.0027606768999248743,18,V2-006-OPT-CORR-F01-S20260927,d65f8f5184d943417a4896f0ae87b47606c0ece1ba004892a72656bfd313bf60
a4198e3c1ba26f00c872816dd7a4a37dc0842d73cf50fc9940158ace0f20dfd1,MITDB_P118,118,1575000000,1,20260927,MODEL_V2_TCN_MEANMAX,MODEL_V2_OPTIMIZER_CORRECTED_V1,1,2.744389533996582,0.9395956993103027,18,V2-006-OPT-CORR-F01-S20260927,d65f8f5184d943417a4896f0ae87b47606c0ece1ba004892a72656bfd313bf60
a430f476fc44722df707bfd635ecf0f90310bc78bf57729789611e3f6c964cd4,MITDB_P122,122,1115000000,1,20260927,MODEL_V2_TCN_MEANMAX,MODEL_V2_OPTIMIZER_CORRECTED_V1,0,-8.566316604614258,0.00019037646416109055,18,V2-006-OPT-CORR-F01-S20260927,d65f8f5184d943417a4896f0ae87b47606c0ece1ba004892a72656bfd313bf60
a45c688cc69ab9233f7c1cf8434394e4aa9107b133a3d76180791a9a548835f6,MITDB_P207,207,1525000000,1,20260927,MODEL_V2_TCN_MEANMAX,MODEL_V2_OPTIMIZER_CORRECTED_V1,0,5.768512725830078,0.996885359287262,18,V2-006-OPT-CORR-F01-S20260927,d65f8f5184d943417a4896f0ae87b47606c0ece1ba004892a72656bfd313bf60
a470cc2be86a238797f90d53b2181d769d6c0adea6322cd84778181e901d5294,MITDB_P122,122,1065000000,1,20260927,MODEL_V2_TCN_MEANMAX,MODEL_V2_OPTIMIZER_CORRECTED_V1,0,-7.002098083496094,0.0009091434767469764,18,V2-006-OPT-CORR-F01-S20260927,d65f8f5184d943417a4896f0ae87b47606c0ece1ba004892a72656bfd313bf60
a470d47a70d1ebfb22210efa1b4c989afeeba6473f685d736a3c30cbc3087c94,MITDB_P101,101,195000000,1,20260927,MODEL_V2_TCN_MEANMAX,MODEL_V2_OPTIMIZER_CORRECTED_V1,0,-6.681556224822998,0.0012522551696747541,18,V2-006-OPT-CORR-F01-S20260927,d65f8f5184d943417a4896f0ae87b47606c0ece1ba004892a72656bfd313bf60
a47a7f26777643c36b7109edace405d0420c728c91143c90778a172651a4dc8a,MITDB_P210,210,1270000000,1,20260927,MODEL_V2_TCN_MEANMAX,MODEL_V2_OPTIMIZER_CORRECTED_V1,1,5.20124626159668,0.9945204854011536,18,V2-006-OPT-CORR-F01-S20260927,d65f8f5184d943417a4896f0ae87b47606c0ece1ba004892a72656bfd313bf60
a4814ab553be7eaaba1ffb83ebaa5403899a5e2e6670999418c00f1757069c92,MITDB_P122,122,1095000000,1,20260927,MODEL_V2_TCN_MEANMAX,MODEL_V2_OPTIMIZER_CORRECTED_V1,0,-6.628851413726807,0.0013199357781559229,18,V2-006-OPT-CORR-F01-S20260927,d65f8f5184d943417a4896f0ae87b47606c0ece1ba004892a72656bfd313bf60
a4a78da9ad3be4c0e1eca9dbb8aa39789d75f30d6b7e09558096490a430ca5bc,MITDB_P122,122,860000000,1,20260927,MODEL_V2_TCN_MEANMAX,MODEL_V2_OPTIMIZER_CORRECTED_V1,0,-8.972734451293945,0.0001268048508791253,18,V2-006-OPT-CORR-F01-S20260927,d65f8f5184d943417a4896f0ae87b47606c0ece1ba004892a72656bfd313bf60
a4e4a113f9c0ab0b8a7da033ed5c7b1d22648f05322902c45d7cf53c0978a9d7,MITDB_P207,207,1800000000,1,20260927,MODEL_V2_TCN_MEANMAX,MODEL_V2_OPTIMIZER_CORRECTED_V1,1,-1.3151042461395264,0.21163396537303925,18,V2-006-OPT-CORR-F01-S20260927,d65f8f5184d943417a4896f0ae87b47606c0ece1ba004892a72656bfd313bf60
a4f75b3de04bc0ac4d7370589f6cf9f85fe741efb20fa76dbc1986b4078e0f0f,MITDB_P210,210,325000000,1,20260927,MODEL_V2_TCN_MEANMAX,MODEL_V2_OPTIMIZER_CORRECTED_V1,1,3.685642719268799,0.9755326509475708,18,V2-006-OPT-CORR-F01-S20260927,d65f8f5184d943417a4896f0ae87b47606c0ece1ba004892a72656bfd313bf60
a4fd0b6650dd5618edf7f56ef86a99020e037662a2cf7df5e74f3dcf25d65121,MITDB_P207,207,915000000,1,20260927,MODEL_V2_TCN_MEANMAX,MODEL_V2_OPTIMIZER_CORRECTED_V1,0,8.70013427734375,0.9998334646224976,18,V2-006-OPT-CORR-F01-S20260927,d65f8f5184d943417a4896f0ae87b47606c0ece1ba004892a72656bfd313bf60
a52ddf3c3a9d11dc7560ee7b270a329f5bf7d6c6bbf4247d29d6de8f0efcf7c7,MITDB_P119,119,150000000,1,20260927,MODEL_V2_TCN_MEANMAX,MODEL_V2_OPTIMIZER_CORRECTED_V1,1,16.624910354614258,0.9999998807907104,18,V2-006-OPT-CORR-F01-S20260927,d65f8f5184d943417a4896f0ae87b47606c0ece1ba004892a72656bfd313bf60
a54be3e5e148ca51974c91f45ec4fc276125d6387cf0edc23e3ee4f7e4e27c38,MITDB_P119,119,1610000000,1,20260927,MODEL_V2_TCN_MEANMAX,MODEL_V2_OPTIMIZER_CORRECTED_V1,1,19.241872787475586,1.0,18,V2-006-OPT-CORR-F01-S20260927,d65f8f5184d943417a4896f0ae87b47606c0ece1ba004892a72656bfd313bf60
a57a89e084448a872b2999e69b4d6c1b5ec10bd37e229373b5bf1e0cf21ce15d,MITDB_P122,122,630000000,1,20260927,MODEL_V2_TCN_MEANMAX,MODEL_V2_OPTIMIZER_CORRECTED_V1,0,-6.103756427764893,0.0022294765803962946,18,V2-006-OPT-CORR-F01-S20260927,d65f8f5184d943417a4896f0ae87b47606c0ece1ba004892a72656bfd313bf60
a57c14909bac3e857fc66ce1fbfa7381813bca88b71a481bd9728305a38b70bf,MITDB_P101,101,125000000,1,20260927,MODEL_V2_TCN_MEANMAX,MODEL_V2_OPTIMIZER_CORRECTED_V1,0,-5.611111164093018,0.0036436787340790033,18,V2-006-OPT-CORR-F01-S20260927,d65f8f5184d943417a4896f0ae87b47606c0ece1ba004892a72656bfd313bf60
a57ff95f62631bfc7fd3545750961128cde43f55638677a7057461884fe4330b,MITDB_P118,118,995000000,1,20260927,MODEL_V2_TCN_MEANMAX,MODEL_V2_OPTIMIZER_CORRECTED_V1,0,6.7331647872924805,0.9988106489181519,18,V2-006-OPT-CORR-F01-S20260927,d65f8f5184d943417a4896f0ae87b47606c0ece1ba004892a72656bfd313bf60
a58d1917f465a3229647120c01ef6ac304e6064ab7dcc87baa2d8d1180d2be47,MITDB_P119,119,580000000,1,20260927,MODEL_V2_TCN_MEANMAX,MODEL_V2_OPTIMIZER_CORRECTED_V1,1,13.880437850952148,0.9999990463256836,18,V2-006-OPT-CORR-F01-S20260927,d65f8f5184d943417a4896f0ae87b47606c0ece1ba004892a72656bfd313bf60
a598f0b8ee4ed85aabb7c8646fa5f314de194a975cab3db11da92a2d460cbdf0,MITDB_P101,101,40000000,1,20260927,MODEL_V2_TCN_MEANMAX,MODEL_V2_OPTIMIZER_CORRECTED_V1,0,-5.062675952911377,0.0062888022512197495,18,V2-006-OPT-CORR-F01-S20260927,d65f8f5184d943417a4896f0ae87b47606c0ece1ba004892a72656bfd313bf60
a59931575fe71a59d1d9fa7bdc3ed8b38ef0eb8c12227192c455f20aa2d7973b,MITDB_P210,210,1520000000,1,20260927,MODEL_V2_TCN_MEANMAX,MODEL_V2_OPTIMIZER_CORRECTED_V1,1,6.967784881591797,0.9990591406822205,18,V2-006-OPT-CORR-F01-S20260927,d65f8f5184d943417a4896f0ae87b47606c0ece1ba004892a72656bfd313bf60
a5a0972098c66bedd4fba15d1295dfc8a47cb99f86c567fa8c4547e2671be2a9,MITDB_P122,122,360000000,1,20260927,MODEL_V2_TCN_MEANMAX,MODEL_V2_OPTIMIZER_CORRECTED_V1,0,-8.413262367248535,0.0002218555164290592,18,V2-006-OPT-CORR-F01-S20260927,d65f8f5184d943417a4896f0ae87b47606c0ece1ba004892a72656bfd313bf60
a5c8348ecfdd3c0f5fd92203a63b909e8dc90b3b3e4f02d185ff32ba9e138d12,MITDB_P122,122,55000000,1,20260927,MODEL_V2_TCN_MEANMAX,MODEL_V2_OPTIMIZER_CORRECTED_V1,0,-8.33305835723877,0.0002403777907602489,18,V2-006-OPT-CORR-F01-S20260927,d65f8f5184d943417a4896f0ae87b47606c0ece1ba004892a72656bfd313bf60
a6096eff2cabef4c72037b21a2d7e8f0e1219b29049135e1f08821ffd597d57e,MITDB_P210,210,1285000000,1,20260927,MODEL_V2_TCN_MEANMAX,MODEL_V2_OPTIMIZER_CORRECTED_V1,1,4.566105842590332,0.9897086024284363,18,V2-006-OPT-CORR-F01-S20260927,d65f8f5184d943417a4896f0ae87b47606c0ece1ba004892a72656bfd313bf60
a628cc74c9ab87fd55e1d6f4ef381033334fe125e2ea79215bbfc20b6fa14b16,MITDB_P210,210,1640000000,1,20260927,MODEL_V2_TCN_MEANMAX,MODEL_V2_OPTIMIZER_CORRECTED_V1,1,8.459385871887207,0.9997881054878235,18,V2-006-OPT-CORR-F01-S20260927,d65f8f5184d943417a4896f0ae87b47606c0ece1ba004892a72656bfd313bf60
a66537184c7e525d83eb04e29c65bbbb72a115f7d0122f92e572844c628a87bb,MITDB_P122,122,1500000000,1,20260927,MODEL_V2_TCN_MEANMAX,MODEL_V2_OPTIMIZER_CORRECTED_V1,0,-8.102531433105469,0.00030268006958067417,18,V2-006-OPT-CORR-F01-S20260927,d65f8f5184d943417a4896f0ae87b47606c0ece1ba004892a72656bfd313bf60
a69a5a2fff526aa80d858f2f766909bf0725ea6908d8bccdf5a2a5e878ee6454,MITDB_P118,118,400000000,1,20260927,MODEL_V2_TCN_MEANMAX,MODEL_V2_OPTIMIZER_CORRECTED_V1,1,5.717653274536133,0.9967233538627625,18,V2-006-OPT-CORR-F01-S20260927,d65f8f5184d943417a4896f0ae87b47606c0ece1ba004892a72656bfd313bf60
a69bd49f4000a2f136255d93db5a4246103cb5d078d6204f5a4274316a53bb2d,MITDB_P118,118,575000000,1,20260927,MODEL_V2_TCN_MEANMAX,MODEL_V2_OPTIMIZER_CORRECTED_V1,1,7.789089202880859,0.9995859265327454,18,V2-006-OPT-CORR-F01-S20260927,d65f8f5184d943417a4896f0ae87b47606c0ece1ba004892a72656bfd313bf60
a6a13b40d41e200a9f3136eda351260abb8284134f49cadd85d908990d5c0bc5,MITDB_P119,119,1650000000,1,20260927,MODEL_V2_TCN_MEANMAX,MODEL_V2_OPTIMIZER_CORRECTED_V1,1,18.756074905395508,1.0,18,V2-006-OPT-CORR-F01-S20260927,d65f8f5184d943417a4896f0ae87b47606c0ece1ba004892a72656bfd313bf60
a6e872152e6ec0d94ac0936b0ab77654911e0ef050b7c299af0a2ee27f333f41,MITDB_P207,207,650000000,1,20260927,MODEL_V2_TCN_MEANMAX,MODEL_V2_OPTIMIZER_CORRECTED_V1,0,8.386281967163086,0.9997721314430237,18,V2-006-OPT-CORR-F01-S20260927,d65f8f5184d943417a4896f0ae87b47606c0ece1ba004892a72656bfd313bf60
a703a04fde6372dcbe7093feb18bc9bc1eca5fb0f56c277f43a38efc09a3f765,MITDB_P101,101,615000000,1,20260927,MODEL_V2_TCN_MEANMAX,MODEL_V2_OPTIMIZER_CORRECTED_V1,0,-6.540842056274414,0.001441192696802318,18,V2-006-OPT-CORR-F01-S20260927,d65f8f5184d943417a4896f0ae87b47606c0ece1ba004892a72656bfd313bf60
a73989c124aea4679684f03973350fa0f350aa0951f962d3379131b9d483b0d5,MITDB_P122,122,1770000000,1,20260927,MODEL_V2_TCN_MEANMAX,MODEL_V2_OPTIMIZER_CORRECTED_V1,0,-6.654754161834717,0.0012862281873822212,18,V2-006-OPT-CORR-F01-S20260927,d65f8f5184d943417a4896f0ae87b47606c0ece1ba004892a72656bfd313bf60
a73a702fd97135b5f8e104e80f1918c01351880d8d956b4d6d995c32f877c814,MITDB_P122,122,1720000000,1,20260927,MODEL_V2_TCN_MEANMAX,MODEL_V2_OPTIMIZER_CORRECTED_V1,0,-7.191636085510254,0.0007522899541072547,18,V2-006-OPT-CORR-F01-S20260927,d65f8f5184d943417a4896f0ae87b47606c0ece1ba004892a72656bfd313bf60
a75445aabafa8533bcf0dd095d60bef31406d5e1466ac0dd4101a7e803b2cae4,MITDB_P119,119,1225000000,1,20260927,MODEL_V2_TCN_MEANMAX,MODEL_V2_OPTIMIZER_CORRECTED_V1,1,18.909711837768555,1.0,18,V2-006-OPT-CORR-F01-S20260927,d65f8f5184d943417a4896f0ae87b47606c0ece1ba004892a72656bfd313bf60
a7aaef093bb60fd410df2a0ea1465aba3f563a114a704b3eb96b54a2e2d33a7b,MITDB_P210,210,950000000,1,20260927,MODEL_V2_TCN_MEANMAX,MODEL_V2_OPTIMIZER_CORRECTED_V1,1,3.4855690002441406,0.9702743887901306,18,V2-006-OPT-CORR-F01-S20260927,d65f8f5184d943417a4896f0ae87b47606c0ece1ba004892a72656bfd313bf60
a84cfea82fedd19704ea00d80a321d31f7efbefd4dc7b9257ee1e718bffe8856,MITDB_P122,122,575000000,1,20260927,MODEL_V2_TCN_MEANMAX,MODEL_V2_OPTIMIZER_CORRECTED_V1,0,-9.044668197631836,0.00011800468928413466,18,V2-006-OPT-CORR-F01-S20260927,d65f8f5184d943417a4896f0ae87b47606c0ece1ba004892a72656bfd313bf60
a86c65df70e671e2214a2eea255960036f04d72389d32d1b8b03865e1fbe70ee,MITDB_P118,118,1085000000,1,20260927,MODEL_V2_TCN_MEANMAX,MODEL_V2_OPTIMIZER_CORRECTED_V1,0,4.969654083251953,0.9931024312973022,18,V2-006-OPT-CORR-F01-S20260927,d65f8f5184d943417a4896f0ae87b47606c0ece1ba004892a72656bfd313bf60
a87efb2bd78b73801fc4ea60dc35f83d411850adc4e32107caacde9d60c3e56d,MITDB_P118,118,250000000,1,20260927,MODEL_V2_TCN_MEANMAX,MODEL_V2_OPTIMIZER_CORRECTED_V1,0,3.6935641765594482,0.975721001625061,18,V2-006-OPT-CORR-F01-S20260927,d65f8f5184d943417a4896f0ae87b47606c0ece1ba004892a72656bfd313bf60
a8ad675cd45db0af2045eaf22a007c3572b254debfbe2a535011064cec364815,MITDB_P101,101,905000000,1,20260927,MODEL_V2_TCN_MEANMAX,MODEL_V2_OPTIMIZER_CORRECTED_V1,0,-6.3606696128845215,0.0017252275720238686,18,V2-006-OPT-CORR-F01-S20260927,d65f8f5184d943417a4896f0ae87b47606c0ece1ba004892a72656bfd313bf60
a8b76edd32d5c9d296f8a6257532603ae68485ce84936697de60208b0f87ace1,MITDB_P101,101,185000000,1,20260927,MODEL_V2_TCN_MEANMAX,MODEL_V2_OPTIMIZER_CORRECTED_V1,0,3.416377544403076,0.9682124257087708,18,V2-006-OPT-CORR-F01-S20260927,d65f8f5184d943417a4896f0ae87b47606c0ece1ba004892a72656bfd313bf60
a8bd342b8e280eb8a0e144c3b4a92f8761a7edf9bd5ff195aa27452f9309988b,MITDB_P101,101,895000000,1,20260927,MODEL_V2_TCN_MEANMAX,MODEL_V2_OPTIMIZER_CORRECTED_V1,0,-5.099698066711426,0.006061620078980923,18,V2-006-OPT-CORR-F01-S20260927,d65f8f5184d943417a4896f0ae87b47606c0ece1ba004892a72656bfd313bf60
a8d7461c05866e80fc63b5a27eb975034c7cb7b120ae2efa824e9c7dd22e8a46,MITDB_P122,122,1465000000,1,20260927,MODEL_V2_TCN_MEANMAX,MODEL_V2_OPTIMIZER_CORRECTED_V1,0,-6.351305961608887,0.0017414295580238104,18,V2-006-OPT-CORR-F01-S20260927,d65f8f5184d943417a4896f0ae87b47606c0ece1ba004892a72656bfd313bf60
a8dfb78353aa68367fc2ff5a087410adb23a9a108eb0b1f610a16f5c6524eec1,MITDB_P101,101,1095000000,1,20260927,MODEL_V2_TCN_MEANMAX,MODEL_V2_OPTIMIZER_CORRECTED_V1,0,-6.410408020019531,0.0016416539438068867,18,V2-006-OPT-CORR-F01-S20260927,d65f8f5184d943417a4896f0ae87b47606c0ece1ba004892a72656bfd313bf60
a8e554fc1bf965437003b8f36d2cc85fffd03eeb3c07f753bde76ba2ab775685,MITDB_P119,119,80000000,1,20260927,MODEL_V2_TCN_MEANMAX,MODEL_V2_OPTIMIZER_CORRECTED_V1,1,14.373807907104492,0.9999994039535522,18,V2-006-OPT-CORR-F01-S20260927,d65f8f5184d943417a4896f0ae87b47606c0ece1ba004892a72656bfd313bf60
a927f41504457c4da6996083d9d9c47fd11ab3dd29078bdcb66d714fe1985b03,MITDB_P119,119,1655000000,1,20260927,MODEL_V2_TCN_MEANMAX,MODEL_V2_OPTIMIZER_CORRECTED_V1,0,-7.828090667724609,0.0003982267517130822,18,V2-006-OPT-CORR-F01-S20260927,d65f8f5184d943417a4896f0ae87b47606c0ece1ba004892a72656bfd313bf60
a9308eb3dc7e2047b308c8b7214428640e6a1e012f7b693c0b67fe600e51729d,MITDB_P122,122,1165000000,1,20260927,MODEL_V2_TCN_MEANMAX,MODEL_V2_OPTIMIZER_CORRECTED_V1,0,-8.575108528137207,0.0001887103426270187,18,V2-006-OPT-CORR-F01-S20260927,d65f8f5184d943417a4896f0ae87b47606c0ece1ba004892a72656bfd313bf60
a9327a2f4bb50a373f7873f6558d5f08aaa6c9289f5f408957b800dcfdf30475,MITDB_P122,122,890000000,1,20260927,MODEL_V2_TCN_MEANMAX,MODEL_V2_OPTIMIZER_CORRECTED_V1,0,-7.21743106842041,0.0007331469096243382,18,V2-006-OPT-CORR-F01-S20260927,d65f8f5184d943417a4896f0ae87b47606c0ece1ba004892a72656bfd313bf60
a96baab698c449319b116e966181ad6edd274c2d6d4315af148c2eb45d94ce6c,MITDB_P210,210,425000000,1,20260927,MODEL_V2_TCN_MEANMAX,MODEL_V2_OPTIMIZER_CORRECTED_V1,1,6.329815864562988,0.9982207417488098,18,V2-006-OPT-CORR-F01-S20260927,d65f8f5184d943417a4896f0ae87b47606c0ece1ba004892a72656bfd313bf60
a9b18d86f312babfe073c100f1ac7b9e373429e5925c91b13eed5a8c7a87fee7,MITDB_P101,101,700000000,1,20260927,MODEL_V2_TCN_MEANMAX,MODEL_V2_OPTIMIZER_CORRECTED_V1,0,-6.600038051605225,0.0013584683183580637,18,V2-006-OPT-CORR-F01-S20260927,d65f8f5184d943417a4896f0ae87b47606c0ece1ba004892a72656bfd313bf60
a9b84e395d607bd3c76d2b2bdafb60c8c0a208936b39d948047deaa2cb8c50f3,MITDB_P207,207,190000000,1,20260927,MODEL_V2_TCN_MEANMAX,MODEL_V2_OPTIMIZER_CORRECTED_V1,1,6.630082607269287,0.9986817240715027,18,V2-006-OPT-CORR-F01-S20260927,d65f8f5184d943417a4896f0ae87b47606c0ece1ba004892a72656bfd313bf60
a9bc7607884cea04258279eebac8cc35ffe08b5a7bffebd318b79798c7960b33,MITDB_P122,122,1730000000,1,20260927,MODEL_V2_TCN_MEANMAX,MODEL_V2_OPTIMIZER_CORRECTED_V1,0,-6.944543838500977,0.000962951744440943,18,V2-006-OPT-CORR-F01-S20260927,d65f8f5184d943417a4896f0ae87b47606c0ece1ba004892a72656bfd313bf60
a9cacd25f35ed91ad4a739e54c662348046e8c3dee6ebeb02be3d02fbc5d7213,MITDB_P119,119,1255000000,1,20260927,MODEL_V2_TCN_MEANMAX,MODEL_V2_OPTIMIZER_CORRECTED_V1,1,15.804014205932617,0.9999998807907104,18,V2-006-OPT-CORR-F01-S20260927,d65f8f5184d943417a4896f0ae87b47606c0ece1ba004892a72656bfd313bf60
a9ccac5fb623fdfe58436917881cb70620de4fe580e7b847e2e4c7bb6ae36cc9,MITDB_P207,207,900000000,1,20260927,MODEL_V2_TCN_MEANMAX,MODEL_V2_OPTIMIZER_CORRECTED_V1,0,7.759044170379639,0.999573290348053,18,V2-006-OPT-CORR-F01-S20260927,d65f8f5184d943417a4896f0ae87b47606c0ece1ba004892a72656bfd313bf60
a9cfbc05c160767f2de4f3dc3894024861247f35d0059161f083022db9a0fb4a,MITDB_P210,210,1050000000,1,20260927,MODEL_V2_TCN_MEANMAX,MODEL_V2_OPTIMIZER_CORRECTED_V1,1,8.995100021362305,0.9998760223388672,18,V2-006-OPT-CORR-F01-S20260927,d65f8f5184d943417a4896f0ae87b47606c0ece1ba004892a72656bfd313bf60
a9cfd09fafa83f1cf44848b23595f21238c617da740077213e6f203e63f18eeb,MITDB_P210,210,95000000,1,20260927,MODEL_V2_TCN_MEANMAX,MODEL_V2_OPTIMIZER_CORRECTED_V1,0,6.778298854827881,0.9988631010055542,18,V2-006-OPT-CORR-F01-S20260927,d65f8f5184d943417a4896f0ae87b47606c0ece1ba004892a72656bfd313bf60
a9f4a56301cb545284274b73f9c02b62349f5c403ea72c32f2aad0fd227d1dee,MITDB_P207,207,1230000000,1,20260927,MODEL_V2_TCN_MEANMAX,MODEL_V2_OPTIMIZER_CORRECTED_V1,0,8.123861312866211,0.9997037053108215,18,V2-006-OPT-CORR-F01-S20260927,d65f8f5184d943417a4896f0ae87b47606c0ece1ba004892a72656bfd313bf60
a9fe2a8d150e20adfbf1cbf4c90a9dd694c409bee5877ebc131740d07d3181cb,MITDB_P118,118,1760000000,1,20260927,MODEL_V2_TCN_MEANMAX,MODEL_V2_OPTIMIZER_CORRECTED_V1,0,-0.1309346854686737,0.4673130214214325,18,V2-006-OPT-CORR-F01-S20260927,d65f8f5184d943417a4896f0ae87b47606c0ece1ba004892a72656bfd313bf60
aa0126b203e572c16f5026f956b256a4b42de7c8a482328d24b3b25ef4f2003e,MITDB_P119,119,320000000,1,20260927,MODEL_V2_TCN_MEANMAX,MODEL_V2_OPTIMIZER_CORRECTED_V1,1,17.209556579589844,1.0,18,V2-006-OPT-CORR-F01-S20260927,d65f8f5184d943417a4896f0ae87b47606c0ece1ba004892a72656bfd313bf60
aa1880471c17489e62c8886c6c1665aed0a62cada3ab427ffc6bd63575d4c7df,MITDB_P118,118,110000000,1,20260927,MODEL_V2_TCN_MEANMAX,MODEL_V2_OPTIMIZER_CORRECTED_V1,1,4.3524885177612305,0.9872889518737793,18,V2-006-OPT-CORR-F01-S20260927,d65f8f5184d943417a4896f0ae87b47606c0ece1ba004892a72656bfd313bf60
aa52791a9314b459451e458ba0d6373abd1ad6e8201f15c99d6544f4e79d4f7c,MITDB_P101,101,715000000,1,20260927,MODEL_V2_TCN_MEANMAX,MODEL_V2_OPTIMIZER_CORRECTED_V1,0,-5.875866889953613,0.0027985067572444677,18,V2-006-OPT-CORR-F01-S20260927,d65f8f5184d943417a4896f0ae87b47606c0ece1ba004892a72656bfd313bf60
aa5883be1a2ecf53d8c2fb482776e86098f2470325a71124538fbac7d09596a5,MITDB_P207,207,590000000,1,20260927,MODEL_V2_TCN_MEANMAX,MODEL_V2_OPTIMIZER_CORRECTED_V1,0,12.260371208190918,0.999995231628418,18,V2-006-OPT-CORR-F01-S20260927,d65f8f5184d943417a4896f0ae87b47606c0ece1ba004892a72656bfd313bf60
aa5f00085e521c0e1030e29edeb346aa42db085b683d28105c48eee9e73a48f2,MITDB_P118,118,105000000,1,20260927,MODEL_V2_TCN_MEANMAX,MODEL_V2_OPTIMIZER_CORRECTED_V1,1,3.8294734954833984,0.9787407517433167,18,V2-006-OPT-CORR-F01-S20260927,d65f8f5184d943417a4896f0ae87b47606c0ece1ba004892a72656bfd313bf60
aa81ee116596a58dcd43dcbe21b4e5479dd78cc3efc997bf9b0fa8b43ec84e19,MITDB_P207,207,910000000,1,20260927,MODEL_V2_TCN_MEANMAX,MODEL_V2_OPTIMIZER_CORRECTED_V1,0,7.858752250671387,0.9996138215065002,18,V2-006-OPT-CORR-F01-S20260927,d65f8f5184d943417a4896f0ae87b47606c0ece1ba004892a72656bfd313bf60
aaa6e6a2f526f26ee6cb9a657efea9cdeb3ee87895a59177431ab798d1978141,MITDB_P210,210,1295000000,1,20260927,MODEL_V2_TCN_MEANMAX,MODEL_V2_OPTIMIZER_CORRECTED_V1,1,0.47382012009620667,0.6162875890731812,18,V2-006-OPT-CORR-F01-S20260927,d65f8f5184d943417a4896f0ae87b47606c0ece1ba004892a72656bfd313bf60
aab9a9d6153dd3038c3fc1a434c945190d00c32fdb6b95a48da9a8381a47bf59,MITDB_P207,207,1070000000,1,20260927,MODEL_V2_TCN_MEANMAX,MODEL_V2_OPTIMIZER_CORRECTED_V1,0,5.481451988220215,0.9958540201187134,18,V2-006-OPT-CORR-F01-S20260927,d65f8f5184d943417a4896f0ae87b47606c0ece1ba004892a72656bfd313bf60
aaeaa8c830f22dbf9fd7e8e1612fa8881307f43990c8bf05e6441a7f1b128dce,MITDB_P122,122,1590000000,1,20260927,MODEL_V2_TCN_MEANMAX,MODEL_V2_OPTIMIZER_CORRECTED_V1,0,-7.03152322769165,0.0008828048594295979,18,V2-006-OPT-CORR-F01-S20260927,d65f8f5184d943417a4896f0ae87b47606c0ece1ba004892a72656bfd313bf60
aaeb20d61130764bc01babb9d1fb1d9c1d6b1653d477b9687a7f1af9a36cd71a,MITDB_P118,118,1265000000,1,20260927,MODEL_V2_TCN_MEANMAX,MODEL_V2_OPTIMIZER_CORRECTED_V1,0,0.0076892077922821045,0.5019223093986511,18,V2-006-OPT-CORR-F01-S20260927,d65f8f5184d943417a4896f0ae87b47606c0ece1ba004892a72656bfd313bf60
aaee94739375240d2086457cb4eb59f72c9a27f7d95dc318cc63bb2d0fd81898,MITDB_P118,118,80000000,1,20260927,MODEL_V2_TCN_MEANMAX,MODEL_V2_OPTIMIZER_CORRECTED_V1,0,3.872427463531494,0.9796164035797119,18,V2-006-OPT-CORR-F01-S20260927,d65f8f5184d943417a4896f0ae87b47606c0ece1ba004892a72656bfd313bf60
aaef5e59befc3bea34fd2ab4a096553adc45682524c176e463eacd70d7899d96,MITDB_P118,118,1095000000,1,20260927,MODEL_V2_TCN_MEANMAX,MODEL_V2_OPTIMIZER_CORRECTED_V1,0,3.4454097747802734,0.969093918800354,18,V2-006-OPT-CORR-F01-S20260927,d65f8f5184d943417a4896f0ae87b47606c0ece1ba004892a72656bfd313bf60
ab0fbafce50a47f54a3d3dcacf3ae4785c999038edf51aca0aac548c7af2e007,MITDB_P122,122,1405000000,1,20260927,MODEL_V2_TCN_MEANMAX,MODEL_V2_OPTIMIZER_CORRECTED_V1,0,-6.652500152587891,0.001289126928895712,18,V2-006-OPT-CORR-F01-S20260927,d65f8f5184d943417a4896f0ae87b47606c0ece1ba004892a72656bfd313bf60
ab2cab55164fd8e946ba378387a51731ab9c92d3ebae365b2e8098d21d16cae3,MITDB_P210,210,1555000000,1,20260927,MODEL_V2_TCN_MEANMAX,MODEL_V2_OPTIMIZER_CORRECTED_V1,0,-5.0769944190979,0.006199952214956284,18,V2-006-OPT-CORR-F01-S20260927,d65f8f5184d943417a4896f0ae87b47606c0ece1ba004892a72656bfd313bf60
ab3749b3e97362edd1604d6cb9fabbec100930a67b72c2e5dc68de3ce59addc7,MITDB_P119,119,1125000000,1,20260927,MODEL_V2_TCN_MEANMAX,MODEL_V2_OPTIMIZER_CORRECTED_V1,1,13.991554260253906,0.9999991655349731,18,V2-006-OPT-CORR-F01-S20260927,d65f8f5184d943417a4896f0ae87b47606c0ece1ba004892a72656bfd313bf60
ab4e8c63e967da5390546024258512d72514b5bbb0de21ad12ebbc99b5ffff22,MITDB_P101,101,1025000000,1,20260927,MODEL_V2_TCN_MEANMAX,MODEL_V2_OPTIMIZER_CORRECTED_V1,0,-6.056654453277588,0.002336750738322735,18,V2-006-OPT-CORR-F01-S20260927,d65f8f5184d943417a4896f0ae87b47606c0ece1ba004892a72656bfd313bf60
ab8fb5e8b0686e26fdc403aef7a3f247ee6fc6312de09cc68c3d491b14085ebd,MITDB_P122,122,260000000,1,20260927,MODEL_V2_TCN_MEANMAX,MODEL_V2_OPTIMIZER_CORRECTED_V1,0,-8.843199729919434,0.00014433925389312208,18,V2-006-OPT-CORR-F01-S20260927,d65f8f5184d943417a4896f0ae87b47606c0ece1ba004892a72656bfd313bf60
abae6e0f09c751d99bb185a6f8486a898200fe6f0487f6c36fe769945d65510a,MITDB_P118,118,1705000000,1,20260927,MODEL_V2_TCN_MEANMAX,MODEL_V2_OPTIMIZER_CORRECTED_V1,1,7.6905741691589355,0.9995430707931519,18,V2-006-OPT-CORR-F01-S20260927,d65f8f5184d943417a4896f0ae87b47606c0ece1ba004892a72656bfd313bf60
abb25f4282577a6a865f041ef3f72f256b7e40386ae0b0fdeb3f974b3ff4e012,MITDB_P101,101,1515000000,1,20260927,MODEL_V2_TCN_MEANMAX,MODEL_V2_OPTIMIZER_CORRECTED_V1,0,-6.768518924713135,0.0011480761459097266,18,V2-006-OPT-CORR-F01-S20260927,d65f8f5184d943417a4896f0ae87b47606c0ece1ba004892a72656bfd313bf60
abbcc8a1cc0cc78ecc4cdcdec2eb8e1e7c95086c58e0424f22060074284a04c5,MITDB_P210,210,1605000000,1,20260927,MODEL_V2_TCN_MEANMAX,MODEL_V2_OPTIMIZER_CORRECTED_V1,0,1.6295757293701172,0.8361114859580994,18,V2-006-OPT-CORR-F01-S20260927,d65f8f5184d943417a4896f0ae87b47606c0ece1ba004892a72656bfd313bf60
abd71cb14c4908a71c16a00918a30ecd644df5b42eafd60ced17a0cd1d1811cf,MITDB_P118,118,1470000000,1,20260927,MODEL_V2_TCN_MEANMAX,MODEL_V2_OPTIMIZER_CORRECTED_V1,0,3.091214179992676,0.9565288424491882,18,V2-006-OPT-CORR-F01-S20260927,d65f8f5184d943417a4896f0ae87b47606c0ece1ba004892a72656bfd313bf60
abe7d9e6795a142ab296a77b421afc301104842ca495ae9f5860aeb91f097206,MITDB_P101,101,1340000000,1,20260927,MODEL_V2_TCN_MEANMAX,MODEL_V2_OPTIMIZER_CORRECTED_V1,0,-6.620687484741211,0.0013307412154972553,18,V2-006-OPT-CORR-F01-S20260927,d65f8f5184d943417a4896f0ae87b47606c0ece1ba004892a72656bfd313bf60
ac11a95b5fa5c434cd43cffd5647b488f062c063884df63bc80ad51ba6b70d4f,MITDB_P101,101,275000000,1,20260927,MODEL_V2_TCN_MEANMAX,MODEL_V2_OPTIMIZER_CORRECTED_V1,0,-6.2505412101745605,0.0019256940577179193,18,V2-006-OPT-CORR-F01-S20260927,d65f8f5184d943417a4896f0ae87b47606c0ece1ba004892a72656bfd313bf60
ac5390d3228cbf0ff5485e7adae78535cfe261e0907215aee92c99df47731c94,MITDB_P118,118,1130000000,1,20260927,MODEL_V2_TCN_MEANMAX,MODEL_V2_OPTIMIZER_CORRECTED_V1,1,2.300424575805664,0.908912181854248,18,V2-006-OPT-CORR-F01-S20260927,d65f8f5184d943417a4896f0ae87b47606c0ece1ba004892a72656bfd313bf60
ac7c9a294649439f500514adb251fc786e5953689456c0291ed4ba475b0c79de,MITDB_P122,122,835000000,1,20260927,MODEL_V2_TCN_MEANMAX,MODEL_V2_OPTIMIZER_CORRECTED_V1,0,-8.04017162322998,0.00032214983366429806,18,V2-006-OPT-CORR-F01-S20260927,d65f8f5184d943417a4896f0ae87b47606c0ece1ba004892a72656bfd313bf60
aca678a079a1f03fcb450c0c7552d847bc22b155293bbcebb1203b0643e0fbf3,MITDB_P210,210,1385000000,1,20260927,MODEL_V2_TCN_MEANMAX,MODEL_V2_OPTIMIZER_CORRECTED_V1,1,5.368667125701904,0.9953612685203552,18,V2-006-OPT-CORR-F01-S20260927,d65f8f5184d943417a4896f0ae87b47606c0ece1ba004892a72656bfd313bf60
acab909094336e78f6163af81c4f5c0ffc983276a8acd51fa97a6a8227be4c24,MITDB_P119,119,1240000000,1,20260927,MODEL_V2_TCN_MEANMAX,MODEL_V2_OPTIMIZER_CORRECTED_V1,1,17.05643653869629,1.0,18,V2-006-OPT-CORR-F01-S20260927,d65f8f5184d943417a4896f0ae87b47606c0ece1ba004892a72656bfd313bf60
aceeddf1965595bd3283985e7c57afc38e39f5cf84969ab8652e36f832fd36a6,MITDB_P122,122,190000000,1,20260927,MODEL_V2_TCN_MEANMAX,MODEL_V2_OPTIMIZER_CORRECTED_V1,0,-9.274560928344727,9.377102105645463e-05,18,V2-006-OPT-CORR-F01-S20260927,d65f8f5184d943417a4896f0ae87b47606c0ece1ba004892a72656bfd313bf60
ad00293ccc2cc209708b28da92285ebea0d7306556aba67d58bd54bdd615a7ab,MITDB_P118,118,410000000,1,20260927,MODEL_V2_TCN_MEANMAX,MODEL_V2_OPTIMIZER_CORRECTED_V1,0,-2.1940650939941406,0.10028471797704697,18,V2-006-OPT-CORR-F01-S20260927,d65f8f5184d943417a4896f0ae87b47606c0ece1ba004892a72656bfd313bf60
ad006b95e87d5c7343f6847cb647ff771d5aae875cdcdd319284fff12fc62306,MITDB_P119,119,1345000000,1,20260927,MODEL_V2_TCN_MEANMAX,MODEL_V2_OPTIMIZER_CORRECTED_V1,1,14.718605995178223,0.9999996423721313,18,V2-006-OPT-CORR-F01-S20260927,d65f8f5184d943417a4896f0ae87b47606c0ece1ba004892a72656bfd313bf60
ad065f8dd64ece42b0b5ac7680b1713ce014b6248bb974048f5c7735c2fdcdce,MITDB_P119,119,380000000,1,20260927,MODEL_V2_TCN_MEANMAX,MODEL_V2_OPTIMIZER_CORRECTED_V1,1,13.330574989318848,0.9999983310699463,18,V2-006-OPT-CORR-F01-S20260927,d65f8f5184d943417a4896f0ae87b47606c0ece1ba004892a72656bfd313bf60
ad094c52294b1fd246f7bf6094c632255ab132744bfbc38635344f7751360240,MITDB_P119,119,1760000000,1,20260927,MODEL_V2_TCN_MEANMAX,MODEL_V2_OPTIMIZER_CORRECTED_V1,1,19.428756713867188,1.0,18,V2-006-OPT-CORR-F01-S20260927,d65f8f5184d943417a4896f0ae87b47606c0ece1ba004892a72656bfd313bf60
ad1b4594b932cd1e02c358d760a88b19d105a5b91cbb4b89f0d3373c6524780f,MITDB_P101,101,690000000,1,20260927,MODEL_V2_TCN_MEANMAX,MODEL_V2_OPTIMIZER_CORRECTED_V1,0,-5.9039435386657715,0.0027212374843657017,18,V2-006-OPT-CORR-F01-S20260927,d65f8f5184d943417a4896f0ae87b47606c0ece1ba004892a72656bfd313bf60
ad1bcc401ec10fca06d9c2ef19b12045225cddfbcb3b6c8efd117295f6170b1d,MITDB_P207,207,840000000,1,20260927,MODEL_V2_TCN_MEANMAX,MODEL_V2_OPTIMIZER_CORRECTED_V1,0,8.044095993041992,0.9996790885925293,18,V2-006-OPT-CORR-F01-S20260927,d65f8f5184d943417a4896f0ae87b47606c0ece1ba004892a72656bfd313bf60
ad34d6d32fff8242f5393d3d5eeb987322d293d5ac46abddfa0025a4db8d8497,MITDB_P119,119,75000000,1,20260927,MODEL_V2_TCN_MEANMAX,MODEL_V2_OPTIMIZER_CORRECTED_V1,1,17.751068115234375,1.0,18,V2-006-OPT-CORR-F01-S20260927,d65f8f5184d943417a4896f0ae87b47606c0ece1ba004892a72656bfd313bf60
ad49d1cb2c3fbb2f1a3bb41b0ff84c5e4fa08d8259f7893c7e988ddbb6dd689c,MITDB_P101,101,1590000000,1,20260927,MODEL_V2_TCN_MEANMAX,MODEL_V2_OPTIMIZER_CORRECTED_V1,0,-5.967414379119873,0.0025543130468577147,18,V2-006-OPT-CORR-F01-S20260927,d65f8f5184d943417a4896f0ae87b47606c0ece1ba004892a72656bfd313bf60
adaaeae4bd46aac39a1505ad33a17cb739655bff8617ee01360daa7a83a1b2c7,MITDB_P210,210,1650000000,1,20260927,MODEL_V2_TCN_MEANMAX,MODEL_V2_OPTIMIZER_CORRECTED_V1,1,-1.0660772323608398,0.2561497986316681,18,V2-006-OPT-CORR-F01-S20260927,d65f8f5184d943417a4896f0ae87b47606c0ece1ba004892a72656bfd313bf60
ae0245746857a22d096aed4ecb15504db154592fa5c1966ad3194f91417a6eec,MITDB_P101,101,870000000,1,20260927,MODEL_V2_TCN_MEANMAX,MODEL_V2_OPTIMIZER_CORRECTED_V1,0,-6.025834083557129,0.0024097152054309845,18,V2-006-OPT-CORR-F01-S20260927,d65f8f5184d943417a4896f0ae87b47606c0ece1ba004892a72656bfd313bf60
ae39cced7f12e1b3192f064392211eb39d2d2473b8d22f109f8ce68c28670bb6,MITDB_P119,119,1305000000,1,20260927,MODEL_V2_TCN_MEANMAX,MODEL_V2_OPTIMIZER_CORRECTED_V1,1,15.74831485748291,0.9999998807907104,18,V2-006-OPT-CORR-F01-S20260927,d65f8f5184d943417a4896f0ae87b47606c0ece1ba004892a72656bfd313bf60
ae6cac02b68cd27f24255741bb563ea333aa03ccb1d06ecdbf90d14f577d7be4,MITDB_P119,119,1665000000,1,20260927,MODEL_V2_TCN_MEANMAX,MODEL_V2_OPTIMIZER_CORRECTED_V1,1,16.601511001586914,0.9999998807907104,18,V2-006-OPT-CORR-F01-S20260927,d65f8f5184d943417a4896f0ae87b47606c0ece1ba004892a72656bfd313bf60
ae8a41f67cd223626a531af0226b6936bd76336bae8416fc9ef0789b9d031bd0,MITDB_P118,118,1435000000,1,20260927,MODEL_V2_TCN_MEANMAX,MODEL_V2_OPTIMIZER_CORRECTED_V1,1,6.014249324798584,0.9975622892379761,18,V2-006-OPT-CORR-F01-S20260927,d65f8f5184d943417a4896f0ae87b47606c0ece1ba004892a72656bfd313bf60
ae93039472edc1b73116c9bbb4ea5c9840c641aa70188fb40ad9612b32ef479d,MITDB_P207,207,1400000000,1,20260927,MODEL_V2_TCN_MEANMAX,MODEL_V2_OPTIMIZER_CORRECTED_V1,0,6.099452495574951,0.9977608919143677,18,V2-006-OPT-CORR-F01-S20260927,d65f8f5184d943417a4896f0ae87b47606c0ece1ba004892a72656bfd313bf60
aeb77af17e3c689e4d6b348f5bf19bc92380f5c9d40c1b85fd2003ccfe590ab7,MITDB_P101,101,1135000000,1,20260927,MODEL_V2_TCN_MEANMAX,MODEL_V2_OPTIMIZER_CORRECTED_V1,0,-6.090456485748291,0.002259259345009923,18,V2-006-OPT-CORR-F01-S20260927,d65f8f5184d943417a4896f0ae87b47606c0ece1ba004892a72656bfd313bf60
aecf4c5ff6a5fd4327d27c6d8c0679819069990317cf651b1f4968a11f06efd7,MITDB_P101,101,425000000,1,20260927,MODEL_V2_TCN_MEANMAX,MODEL_V2_OPTIMIZER_CORRECTED_V1,0,-5.826645851135254,0.0029392836149781942,18,V2-006-OPT-CORR-F01-S20260927,d65f8f5184d943417a4896f0ae87b47606c0ece1ba004892a72656bfd313bf60
aedff20ea8e44b615e5bf861aa3cd2986d795b87b1af76b169ef18c45aced9a3,MITDB_P119,119,700000000,1,20260927,MODEL_V2_TCN_MEANMAX,MODEL_V2_OPTIMIZER_CORRECTED_V1,1,17.81568717956543,1.0,18,V2-006-OPT-CORR-F01-S20260927,d65f8f5184d943417a4896f0ae87b47606c0ece1ba004892a72656bfd313bf60
aefa71af660b0ba562c6158751b997e5756879c27c26bbfeed7c7a7a37037f56,MITDB_P207,207,930000000,1,20260927,MODEL_V2_TCN_MEANMAX,MODEL_V2_OPTIMIZER_CORRECTED_V1,0,7.690692901611328,0.9995431900024414,18,V2-006-OPT-CORR-F01-S20260927,d65f8f5184d943417a4896f0ae87b47606c0ece1ba004892a72656bfd313bf60
af0370fa5d6c4b45d6a2988d949f73819694c3267afca83052ccec99685adce1,MITDB_P122,122,115000000,1,20260927,MODEL_V2_TCN_MEANMAX,MODEL_V2_OPTIMIZER_CORRECTED_V1,0,-8.524184226989746,0.00019856722792610526,18,V2-006-OPT-CORR-F01-S20260927,d65f8f5184d943417a4896f0ae87b47606c0ece1ba004892a72656bfd313bf60
af313446218467ee1fbee41d2af31da12424aeecf51c7d5774513a44af5db8ed,MITDB_P207,207,1345000000,1,20260927,MODEL_V2_TCN_MEANMAX,MODEL_V2_OPTIMIZER_CORRECTED_V1,0,6.265922546386719,0.9981036186218262,18,V2-006-OPT-CORR-F01-S20260927,d65f8f5184d943417a4896f0ae87b47606c0ece1ba004892a72656bfd313bf60
af56d94ffdcc5de2baff46dd40b6dc27082931ace66beffc78f8bffd335f5bd3,MITDB_P207,207,1280000000,1,20260927,MODEL_V2_TCN_MEANMAX,MODEL_V2_OPTIMIZER_CORRECTED_V1,0,5.4992241859436035,0.9959267377853394,18,V2-006-OPT-CORR-F01-S20260927,d65f8f5184d943417a4896f0ae87b47606c0ece1ba004892a72656bfd313bf60
af5e75ed665012cc734d402102da461ce24fa92f747752aa4db842cafffaba4e,MITDB_P122,122,945000000,1,20260927,MODEL_V2_TCN_MEANMAX,MODEL_V2_OPTIMIZER_CORRECTED_V1,0,-7.034912109375,0.000879820785485208,18,V2-006-OPT-CORR-F01-S20260927,d65f8f5184d943417a4896f0ae87b47606c0ece1ba004892a72656bfd313bf60
af8c4339221a0c9134bcb68ccf355bb73249558abbefb140657971a5364e1483,MITDB_P118,118,1335000000,1,20260927,MODEL_V2_TCN_MEANMAX,MODEL_V2_OPTIMIZER_CORRECTED_V1,0,3.7613320350646973,0.9772756695747375,18,V2-006-OPT-CORR-F01-S20260927,d65f8f5184d943417a4896f0ae87b47606c0ece1ba004892a72656bfd313bf60
afc3112adeb897ab412f38025a4c9719d8a36b80299c51f02751993dd267dd38,MITDB_P207,207,665000000,1,20260927,MODEL_V2_TCN_MEANMAX,MODEL_V2_OPTIMIZER_CORRECTED_V1,0,10.58133602142334,0.9999746084213257,18,V2-006-OPT-CORR-F01-S20260927,d65f8f5184d943417a4896f0ae87b47606c0ece1ba004892a72656bfd313bf60
afc5505daaa90f9fe1942cf292707623f0f17beb4779961f7e36714368b93f55,MITDB_P119,119,1485000000,1,20260927,MODEL_V2_TCN_MEANMAX,MODEL_V2_OPTIMIZER_CORRECTED_V1,1,17.40738296508789,1.0,18,V2-006-OPT-CORR-F01-S20260927,d65f8f5184d943417a4896f0ae87b47606c0ece1ba004892a72656bfd313bf60
afd0ea692d80fae98fada6a5c62ab89e35ae8e5ff1ade00fca9e9147206aae81,MITDB_P122,122,465000000,1,20260927,MODEL_V2_TCN_MEANMAX,MODEL_V2_OPTIMIZER_CORRECTED_V1,0,-7.413896560668945,0.0006024540052749217,18,V2-006-OPT-CORR-F01-S20260927,d65f8f5184d943417a4896f0ae87b47606c0ece1ba004892a72656bfd313bf60
afd280990dafa7d2d082b3dd7b8bc93d43329165d7222d17e9a884b8763939cc,MITDB_P118,118,95000000,1,20260927,MODEL_V2_TCN_MEANMAX,MODEL_V2_OPTIMIZER_CORRECTED_V1,1,5.155420303344727,0.9942650198936462,18,V2-006-OPT-CORR-F01-S20260927,d65f8f5184d943417a4896f0ae87b47606c0ece1ba004892a72656bfd313bf60
afe70698e644def98bb53318ff9969ba8eae9efec6421f555da1da447a56fcd6,MITDB_P122,122,1595000000,1,20260927,MODEL_V2_TCN_MEANMAX,MODEL_V2_OPTIMIZER_CORRECTED_V1,0,-6.857154846191406,0.0010507971746847034,18,V2-006-OPT-CORR-F01-S20260927,d65f8f5184d943417a4896f0ae87b47606c0ece1ba004892a72656bfd313bf60
aff1da6c7f7486d511f7a97f208335445d50a8d74bd04b1c6e139ed5142a4ac5,MITDB_P119,119,340000000,1,20260927,MODEL_V2_TCN_MEANMAX,MODEL_V2_OPTIMIZER_CORRECTED_V1,1,14.707874298095703,0.9999996423721313,18,V2-006-OPT-CORR-F01-S20260927,d65f8f5184d943417a4896f0ae87b47606c0ece1ba004892a72656bfd313bf60
b03989fc99d3ce58af3fe40930fc3c175ba46edcabc2fa9f2785260b1d25a3e1,MITDB_P210,210,540000000,1,20260927,MODEL_V2_TCN_MEANMAX,MODEL_V2_OPTIMIZER_CORRECTED_V1,1,-0.7427655458450317,0.32239970564842224,18,V2-006-OPT-CORR-F01-S20260927,d65f8f5184d943417a4896f0ae87b47606c0ece1ba004892a72656bfd313bf60
b055ffe0ef6362fadb4d44ab5485ef7508f411cbe7736298cb84b4c085ae7514,MITDB_P122,122,140000000,1,20260927,MODEL_V2_TCN_MEANMAX,MODEL_V2_OPTIMIZER_CORRECTED_V1,0,-8.358072280883789,0.0002344409585930407,18,V2-006-OPT-CORR-F01-S20260927,d65f8f5184d943417a4896f0ae87b47606c0ece1ba004892a72656bfd313bf60
b05e48a4b8a631df93f5bec53514ce839d9f3f0a71626067b7a5ea2b048d46fe,MITDB_P118,118,790000000,1,20260927,MODEL_V2_TCN_MEANMAX,MODEL_V2_OPTIMIZER_CORRECTED_V1,0,5.566723823547363,0.9961915016174316,18,V2-006-OPT-CORR-F01-S20260927,d65f8f5184d943417a4896f0ae87b47606c0ece1ba004892a72656bfd313bf60
b0a9281bbc696b0c21729a96142088fbe965f5fdd7a1f376c3c50c3ee973454a,MITDB_P207,207,1105000000,1,20260927,MODEL_V2_TCN_MEANMAX,MODEL_V2_OPTIMIZER_CORRECTED_V1,0,6.253977298736572,0.998080849647522,18,V2-006-OPT-CORR-F01-S20260927,d65f8f5184d943417a4896f0ae87b47606c0ece1ba004892a72656bfd313bf60
b0be2acce7e96587bcd0f7a7e2b5c4010893db5b41e57bba21a26bbcf21f43d8,MITDB_P118,118,1455000000,1,20260927,MODEL_V2_TCN_MEANMAX,MODEL_V2_OPTIMIZER_CORRECTED_V1,0,-0.423584908246994,0.3956592381000519,18,V2-006-OPT-CORR-F01-S20260927,d65f8f5184d943417a4896f0ae87b47606c0ece1ba004892a72656bfd313bf60
b0e90c326aef97552e187b91939cf7c55600ec87dd2dfa637739ae10cac62a82,MITDB_P101,101,1240000000,1,20260927,MODEL_V2_TCN_MEANMAX,MODEL_V2_OPTIMIZER_CORRECTED_V1,0,-6.554058074951172,0.0014222980244085193,18,V2-006-OPT-CORR-F01-S20260927,d65f8f5184d943417a4896f0ae87b47606c0ece1ba004892a72656bfd313bf60
b0f1da397aaa02e0d7dd755b7f5931f17d01541c77602da7c8a2d9894c4c60d4,MITDB_P101,101,1230000000,1,20260927,MODEL_V2_TCN_MEANMAX,MODEL_V2_OPTIMIZER_CORRECTED_V1,0,-6.289125442504883,0.0018529429798945785,18,V2-006-OPT-CORR-F01-S20260927,d65f8f5184d943417a4896f0ae87b47606c0ece1ba004892a72656bfd313bf60
b11a4f873bb0f5a8f597fc10686bd043a790e98433539fd41ace1476d9b99338,MITDB_P101,101,380000000,1,20260927,MODEL_V2_TCN_MEANMAX,MODEL_V2_OPTIMIZER_CORRECTED_V1,1,13.08420181274414,0.9999979734420776,18,V2-006-OPT-CORR-F01-S20260927,d65f8f5184d943417a4896f0ae87b47606c0ece1ba004892a72656bfd313bf60
b13e68b9636b454433f22225862c0ab0f2f1bbe2db14b2b2d2435b719d5e194b,MITDB_P119,119,365000000,1,20260927,MODEL_V2_TCN_MEANMAX,MODEL_V2_OPTIMIZER_CORRECTED_V1,1,15.600131034851074,0.9999998807907104,18,V2-006-OPT-CORR-F01-S20260927,d65f8f5184d943417a4896f0ae87b47606c0ece1ba004892a72656bfd313bf60
b141d4270cb9c9a6523a7787480a490812372e889263e1b9429f797dd497f23e,MITDB_P122,122,540000000,1,20260927,MODEL_V2_TCN_MEANMAX,MODEL_V2_OPTIMIZER_CORRECTED_V1,0,-9.252167701721191,9.589433466317132e-05,18,V2-006-OPT-CORR-F01-S20260927,d65f8f5184d943417a4896f0ae87b47606c0ece1ba004892a72656bfd313bf60
b1b32e6fce88e904afdab127b53b4e954bdb4638027cd50cd3e1dfaa54278f96,MITDB_P119,119,985000000,1,20260927,MODEL_V2_TCN_MEANMAX,MODEL_V2_OPTIMIZER_CORRECTED_V1,1,13.28923225402832,0.9999983310699463,18,V2-006-OPT-CORR-F01-S20260927,d65f8f5184d943417a4896f0ae87b47606c0ece1ba004892a72656bfd313bf60
b1bd1b60df1589da78532c993e7878357d43ef183e491e688a622b530b0c1f8b,MITDB_P207,207,1325000000,1,20260927,MODEL_V2_TCN_MEANMAX,MODEL_V2_OPTIMIZER_CORRECTED_V1,0,6.130271911621094,0.9978286623954773,18,V2-006-OPT-CORR-F01-S20260927,d65f8f5184d943417a4896f0ae87b47606c0ece1ba004892a72656bfd313bf60
b2147767b8a7816ee79f0fa7d3ccea54b67f143cd3eeb431ab2d38b2cdbb59e6,MITDB_P210,210,615000000,1,20260927,MODEL_V2_TCN_MEANMAX,MODEL_V2_OPTIMIZER_CORRECTED_V1,1,3.7943966388702393,0.9779984951019287,18,V2-006-OPT-CORR-F01-S20260927,d65f8f5184d943417a4896f0ae87b47606c0ece1ba004892a72656bfd313bf60
b221618addab5b0ea1ca35bc6f528d9388b5a1c0ea034189469881d1b7946f5c,MITDB_P118,118,1100000000,1,20260927,MODEL_V2_TCN_MEANMAX,MODEL_V2_OPTIMIZER_CORRECTED_V1,0,3.1378684043884277,0.9584280252456665,18,V2-006-OPT-CORR-F01-S20260927,d65f8f5184d943417a4896f0ae87b47606c0ece1ba004892a72656bfd313bf60
b229f11c5bf9fe4d57b77765d197b8f277c042e719fd9bb33f351928b25ef666,MITDB_P122,122,130000000,1,20260927,MODEL_V2_TCN_MEANMAX,MODEL_V2_OPTIMIZER_CORRECTED_V1,0,-9.130974769592285,0.00010824828495969996,18,V2-006-OPT-CORR-F01-S20260927,d65f8f5184d943417a4896f0ae87b47606c0ece1ba004892a72656bfd313bf60
b235fc1c6151ea967306764127aa49664cbf2c46b50cede61c7266927d946695,MITDB_P101,101,310000000,1,20260927,MODEL_V2_TCN_MEANMAX,MODEL_V2_OPTIMIZER_CORRECTED_V1,0,-6.721144676208496,0.0012037073029205203,18,V2-006-OPT-CORR-F01-S20260927,d65f8f5184d943417a4896f0ae87b47606c0ece1ba004892a72656bfd313bf60
b23d105df9219c03138b86794cdc0e38b0621888eff538f184393150d2085a2e,MITDB_P210,210,90000000,1,20260927,MODEL_V2_TCN_MEANMAX,MODEL_V2_OPTIMIZER_CORRECTED_V1,0,6.860024452209473,0.9989521503448486,18,V2-006-OPT-CORR-F01-S20260927,d65f8f5184d943417a4896f0ae87b47606c0ece1ba004892a72656bfd313bf60
b23f7ef701cdfdbc358cbf1d10459e8a827b565ea685a92043d66aba771c87a7,MITDB_P118,118,1540000000,1,20260927,MODEL_V2_TCN_MEANMAX,MODEL_V2_OPTIMIZER_CORRECTED_V1,0,0.2957982122898102,0.5734150409698486,18,V2-006-OPT-CORR-F01-S20260927,d65f8f5184d943417a4896f0ae87b47606c0ece1ba004892a72656bfd313bf60
b24fed00623a03c5edb47dc1e96a2188984a822718c0f160e6b02c8d28e3c482,MITDB_P210,210,1550000000,1,20260927,MODEL_V2_TCN_MEANMAX,MODEL_V2_OPTIMIZER_CORRECTED_V1,0,-5.3906450271606445,0.004538341425359249,18,V2-006-OPT-CORR-F01-S20260927,d65f8f5184d943417a4896f0ae87b47606c0ece1ba004892a72656bfd313bf60
b257b4d13052866945dee13b515fbc881ea008c127fb972d7fdea21883616bb0,MITDB_P122,122,610000000,1,20260927,MODEL_V2_TCN_MEANMAX,MODEL_V2_OPTIMIZER_CORRECTED_V1,0,-8.136119842529297,0.0002926852903328836,18,V2-006-OPT-CORR-F01-S20260927,d65f8f5184d943417a4896f0ae87b47606c0ece1ba004892a72656bfd313bf60
b25897a5439cadaed0e863b818d2d6e279ac816aa5d0e73d96890813cd8b85c7,MITDB_P207,207,105000000,1,20260927,MODEL_V2_TCN_MEANMAX,MODEL_V2_OPTIMIZER_CORRECTED_V1,0,8.012947082519531,0.9996689558029175,18,V2-006-OPT-CORR-F01-S20260927,d65f8f5184d943417a4896f0ae87b47606c0ece1ba004892a72656bfd313bf60
b26742582a874c8311e4c76ed3861183b01ed2169229e1f22f2a4166649e7295,MITDB_P118,118,150000000,1,20260927,MODEL_V2_TCN_MEANMAX,MODEL_V2_OPTIMIZER_CORRECTED_V1,0,0.7318997383117676,0.6752220392227173,18,V2-006-OPT-CORR-F01-S20260927,d65f8f5184d943417a4896f0ae87b47606c0ece1ba004892a72656bfd313bf60
b286f5e78df4f2c7f86129585cb0c0a157835752110db113925c70efc319374e,MITDB_P122,122,1190000000,1,20260927,MODEL_V2_TCN_MEANMAX,MODEL_V2_OPTIMIZER_CORRECTED_V1,0,-8.6424560546875,0.00017642186139710248,18,V2-006-OPT-CORR-F01-S20260927,d65f8f5184d943417a4896f0ae87b47606c0ece1ba004892a72656bfd313bf60
b2a452eb50206bee4efcfd4cfdc0f0630e46930b955754ce698a1ec639198587,MITDB_P101,101,1795000000,1,20260927,MODEL_V2_TCN_MEANMAX,MODEL_V2_OPTIMIZER_CORRECTED_V1,0,-6.565703392028809,0.001405854127369821,18,V2-006-OPT-CORR-F01-S20260927,d65f8f5184d943417a4896f0ae87b47606c0ece1ba004892a72656bfd313bf60
b2b0dc8c931be78738b8e3e36cb378e767aa3a5100a59b8719dc63454002860a,MITDB_P118,118,720000000,1,20260927,MODEL_V2_TCN_MEANMAX,MODEL_V2_OPTIMIZER_CORRECTED_V1,0,-1.449013352394104,0.19015346467494965,18,V2-006-OPT-CORR-F01-S20260927,d65f8f5184d943417a4896f0ae87b47606c0ece1ba004892a72656bfd313bf60
b2b52929746a451c25912de268e29a85feed7d83cfa9cf0e9242e334863c4c23,MITDB_P122,122,205000000,1,20260927,MODEL_V2_TCN_MEANMAX,MODEL_V2_OPTIMIZER_CORRECTED_V1,0,-8.639182090759277,0.00017700030002743006,18,V2-006-OPT-CORR-F01-S20260927,d65f8f5184d943417a4896f0ae87b47606c0ece1ba004892a72656bfd313bf60
b2d818bf00b3cd977e517c2346dc2b5016872ee58bb5707c684d16ff9eeac488,MITDB_P118,118,520000000,1,20260927,MODEL_V2_TCN_MEANMAX,MODEL_V2_OPTIMIZER_CORRECTED_V1,1,5.513463020324707,0.9959840774536133,18,V2-006-OPT-CORR-F01-S20260927,d65f8f5184d943417a4896f0ae87b47606c0ece1ba004892a72656bfd313bf60
b308f279cfe3fd420ed0391a29a25064bbc02f3adc4d82b45aa84c9f1716ed5b,MITDB_P118,118,1805000000,1,20260927,MODEL_V2_TCN_MEANMAX,MODEL_V2_OPTIMIZER_CORRECTED_V1,1,9.08224105834961,0.9998862743377686,18,V2-006-OPT-CORR-F01-S20260927,d65f8f5184d943417a4896f0ae87b47606c0ece1ba004892a72656bfd313bf60
b3235421e461e65f7f0e018947c8482fd13a820698a3c8be7b289b68598a7a3f,MITDB_P101,101,370000000,1,20260927,MODEL_V2_TCN_MEANMAX,MODEL_V2_OPTIMIZER_CORRECTED_V1,0,-6.175414085388184,0.002075627213343978,18,V2-006-OPT-CORR-F01-S20260927,d65f8f5184d943417a4896f0ae87b47606c0ece1ba004892a72656bfd313bf60
b3310b5639de7c5b49e2c515e11760a804211e94a72e34ae221e61a3999d7220,MITDB_P119,119,855000000,1,20260927,MODEL_V2_TCN_MEANMAX,MODEL_V2_OPTIMIZER_CORRECTED_V1,0,-6.921962738037109,0.0009849219350144267,18,V2-006-OPT-CORR-F01-S20260927,d65f8f5184d943417a4896f0ae87b47606c0ece1ba004892a72656bfd313bf60
b3521030c56989994ce407aeccca85f30815b3653097234da4a58df69c3ee26d,MITDB_P207,207,195000000,1,20260927,MODEL_V2_TCN_MEANMAX,MODEL_V2_OPTIMIZER_CORRECTED_V1,1,10.065656661987305,0.9999574422836304,18,V2-006-OPT-CORR-F01-S20260927,d65f8f5184d943417a4896f0ae87b47606c0ece1ba004892a72656bfd313bf60
b389b71f55ef3c708621d6c80272165a7ddef9112471fb61b04f7ca382f10591,MITDB_P119,119,235000000,1,20260927,MODEL_V2_TCN_MEANMAX,MODEL_V2_OPTIMIZER_CORRECTED_V1,1,15.553238868713379,0.9999998807907104,18,V2-006-OPT-CORR-F01-S20260927,d65f8f5184d943417a4896f0ae87b47606c0ece1ba004892a72656bfd313bf60
b394cf7e07cb5384c747cc6918bb77b82f7284e3b62e20b0c3aa0840e0ad3046,MITDB_P118,118,605000000,1,20260927,MODEL_V2_TCN_MEANMAX,MODEL_V2_OPTIMIZER_CORRECTED_V1,1,7.974224090576172,0.9996558427810669,18,V2-006-OPT-CORR-F01-S20260927,d65f8f5184d943417a4896f0ae87b47606c0ece1ba004892a72656bfd313bf60
b398b2f51b3f0f105676919cca637f5a1594d233c597e0d08684a07ba8ed2b21,MITDB_P122,122,1795000000,1,20260927,MODEL_V2_TCN_MEANMAX,MODEL_V2_OPTIMIZER_CORRECTED_V1,0,-7.149009704589844,0.0007850249530747533,18,V2-006-OPT-CORR-F01-S20260927,d65f8f5184d943417a4896f0ae87b47606c0ece1ba004892a72656bfd313bf60
b3a1174a84822cc3db96d00b23ebd6b1e828bfe6cb7440a33cc2b0255347b856,MITDB_P210,210,1775000000,1,20260927,MODEL_V2_TCN_MEANMAX,MODEL_V2_OPTIMIZER_CORRECTED_V1,1,3.766836166381836,0.9773975014686584,18,V2-006-OPT-CORR-F01-S20260927,d65f8f5184d943417a4896f0ae87b47606c0ece1ba004892a72656bfd313bf60
b3b0102d447a7ae22a087b1bca573765b9c44999d226d47e930646ed476af79b,MITDB_P119,119,1135000000,1,20260927,MODEL_V2_TCN_MEANMAX,MODEL_V2_OPTIMIZER_CORRECTED_V1,1,15.031038284301758,0.9999997615814209,18,V2-006-OPT-CORR-F01-S20260927,d65f8f5184d943417a4896f0ae87b47606c0ece1ba004892a72656bfd313bf60
b3b0a5de81bf64160a5faf664eddbde7cf1edeea53e2f6fd7deb7479190358cf,MITDB_P210,210,1410000000,1,20260927,MODEL_V2_TCN_MEANMAX,MODEL_V2_OPTIMIZER_CORRECTED_V1,1,3.4630484580993652,0.9696179628372192,18,V2-006-OPT-CORR-F01-S20260927,d65f8f5184d943417a4896f0ae87b47606c0ece1ba004892a72656bfd313bf60
b3b308f36e9f74dbb93de5895468fac70d1d5d2bf4fc406ed2c6725ef9067daa,MITDB_P118,118,75000000,1,20260927,MODEL_V2_TCN_MEANMAX,MODEL_V2_OPTIMIZER_CORRECTED_V1,0,1.4366658926010132,0.8079378008842468,18,V2-006-OPT-CORR-F01-S20260927,d65f8f5184d943417a4896f0ae87b47606c0ece1ba004892a72656bfd313bf60
b3c4032be7070233b10ae470927acac803bc6e991c0edbf356b88475bd2312d7,MITDB_P101,101,1050000000,1,20260927,MODEL_V2_TCN_MEANMAX,MODEL_V2_OPTIMIZER_CORRECTED_V1,0,-6.390363693237305,0.0016748362686485052,18,V2-006-OPT-CORR-F01-S20260927,d65f8f5184d943417a4896f0ae87b47606c0ece1ba004892a72656bfd313bf60
b3f681f909504d7477a585f4adb1b6295a15730529a60016c18ec997e8734269,MITDB_P101,101,1735000000,1,20260927,MODEL_V2_TCN_MEANMAX,MODEL_V2_OPTIMIZER_CORRECTED_V1,0,-5.11767053604126,0.005954294465482235,18,V2-006-OPT-CORR-F01-S20260927,d65f8f5184d943417a4896f0ae87b47606c0ece1ba004892a72656bfd313bf60
b3f9ba915f4ca307f9cfd831e05dc7676118d034a8c9b3acf13067f1b277b474,MITDB_P122,122,1390000000,1,20260927,MODEL_V2_TCN_MEANMAX,MODEL_V2_OPTIMIZER_CORRECTED_V1,0,-7.53326416015625,0.0005347030819393694,18,V2-006-OPT-CORR-F01-S20260927,d65f8f5184d943417a4896f0ae87b47606c0ece1ba004892a72656bfd313bf60
b3fcdd156c47968be497b26fe9c8acc4e2793b89530c79529d76e1cca4bd44fd,MITDB_P118,118,945000000,1,20260927,MODEL_V2_TCN_MEANMAX,MODEL_V2_OPTIMIZER_CORRECTED_V1,1,5.147833824157715,0.9942216277122498,18,V2-006-OPT-CORR-F01-S20260927,d65f8f5184d943417a4896f0ae87b47606c0ece1ba004892a72656bfd313bf60
b4505bba82bc4717e2a21e07460c32dfa3e207f8afb1efd6e2172ad3e0c8cbe0,MITDB_P118,118,290000000,1,20260927,MODEL_V2_TCN_MEANMAX,MODEL_V2_OPTIMIZER_CORRECTED_V1,1,6.620512962341309,0.9986690282821655,18,V2-006-OPT-CORR-F01-S20260927,d65f8f5184d943417a4896f0ae87b47606c0ece1ba004892a72656bfd313bf60
b45bf296cace7fe7c121c1498313aaea8f8f6ed9744a8e27d2384cbde978c47e,MITDB_P101,101,1000000000,1,20260927,MODEL_V2_TCN_MEANMAX,MODEL_V2_OPTIMIZER_CORRECTED_V1,0,-6.525279998779297,0.001463762833736837,18,V2-006-OPT-CORR-F01-S20260927,d65f8f5184d943417a4896f0ae87b47606c0ece1ba004892a72656bfd313bf60
b4837356c0f1e6bc2d9e55cb07677263295025cf7933dd5fc7f32408de80e413,MITDB_P118,118,1240000000,1,20260927,MODEL_V2_TCN_MEANMAX,MODEL_V2_OPTIMIZER_CORRECTED_V1,0,4.605175018310547,0.9900990128517151,18,V2-006-OPT-CORR-F01-S20260927,d65f8f5184d943417a4896f0ae87b47606c0ece1ba004892a72656bfd313bf60
b486f7b5dd156ef3102e9149b7eddb4900eee00a00e22a97fdf69dcbaeb40eda,MITDB_P122,122,420000000,1,20260927,MODEL_V2_TCN_MEANMAX,MODEL_V2_OPTIMIZER_CORRECTED_V1,0,-6.548388481140137,0.0014303732896223664,18,V2-006-OPT-CORR-F01-S20260927,d65f8f5184d943417a4896f0ae87b47606c0ece1ba004892a72656bfd313bf60
b487690ed89adcc76c100d1f7eb46149321b53f2987fd2065def60ed2f9be99a,MITDB_P207,207,880000000,1,20260927,MODEL_V2_TCN_MEANMAX,MODEL_V2_OPTIMIZER_CORRECTED_V1,0,6.319089889526367,0.9982016086578369,18,V2-006-OPT-CORR-F01-S20260927,d65f8f5184d943417a4896f0ae87b47606c0ece1ba004892a72656bfd313bf60
b499809f8d8fc01a1607282991993a878ae13093db6e5bc626bc62983533fe32,MITDB_P119,119,880000000,1,20260927,MODEL_V2_TCN_MEANMAX,MODEL_V2_OPTIMIZER_CORRECTED_V1,1,17.064231872558594,1.0,18,V2-006-OPT-CORR-F01-S20260927,d65f8f5184d943417a4896f0ae87b47606c0ece1ba004892a72656bfd313bf60
b4a7afee815504bb7f66f3d633a818767149613caa090acc5e304042c5e548ff,MITDB_P122,122,425000000,1,20260927,MODEL_V2_TCN_MEANMAX,MODEL_V2_OPTIMIZER_CORRECTED_V1,0,-6.6784257888793945,0.0012561763869598508,18,V2-006-OPT-CORR-F01-S20260927,d65f8f5184d943417a4896f0ae87b47606c0ece1ba004892a72656bfd313bf60
b4a83f85bfe504fb573880a5010a088f14514d935286a3fc6f388cf65d0e4f47,MITDB_P118,118,1070000000,1,20260927,MODEL_V2_TCN_MEANMAX,MODEL_V2_OPTIMIZER_CORRECTED_V1,0,3.011514186859131,0.953091561794281,18,V2-006-OPT-CORR-F01-S20260927,d65f8f5184d943417a4896f0ae87b47606c0ece1ba004892a72656bfd313bf60
b4b18a20295033e68f32a0738855bdd0eb44116e01526af9f2042feca627c3b7,MITDB_P210,210,110000000,1,20260927,MODEL_V2_TCN_MEANMAX,MODEL_V2_OPTIMIZER_CORRECTED_V1,0,4.8205461502075195,0.9920021295547485,18,V2-006-OPT-CORR-F01-S20260927,d65f8f5184d943417a4896f0ae87b47606c0ece1ba004892a72656bfd313bf60
b4d99e320914500727a0ac81dd7806ac3e61cb27c402d5ffcd97559f7d3b9b6b,MITDB_P207,207,1415000000,1,20260927,MODEL_V2_TCN_MEANMAX,MODEL_V2_OPTIMIZER_CORRECTED_V1,0,7.873102188110352,0.9996192455291748,18,V2-006-OPT-CORR-F01-S20260927,d65f8f5184d943417a4896f0ae87b47606c0ece1ba004892a72656bfd313bf60
b4f42fbb63d52c3d6d34061e24e4e20b88bdd3d535bd59523f12280b45ab808f,MITDB_P101,101,500000000,1,20260927,MODEL_V2_TCN_MEANMAX,MODEL_V2_OPTIMIZER_CORRECTED_V1,0,-6.448652744293213,0.0015801520785316825,18,V2-006-OPT-CORR-F01-S20260927,d65f8f5184d943417a4896f0ae87b47606c0ece1ba004892a72656bfd313bf60
b4fe1abd97e9c4289c5f1b5b1ad5730dd65401c4b16b8decc701c1430bc14102,MITDB_P119,119,420000000,1,20260927,MODEL_V2_TCN_MEANMAX,MODEL_V2_OPTIMIZER_CORRECTED_V1,0,-6.93303918838501,0.0009740833193063736,18,V2-006-OPT-CORR-F01-S20260927,d65f8f5184d943417a4896f0ae87b47606c0ece1ba004892a72656bfd313bf60
b5106631dfb0fc05d1f25487ab7ccf9086907869d29a4c77b0511d495712f2bc,MITDB_P210,210,1370000000,1,20260927,MODEL_V2_TCN_MEANMAX,MODEL_V2_OPTIMIZER_CORRECTED_V1,1,-4.510480880737305,0.010873636230826378,18,V2-006-OPT-CORR-F01-S20260927,d65f8f5184d943417a4896f0ae87b47606c0ece1ba004892a72656bfd313bf60
b55db22e270cbad9d39c1697dca142bf439fca1789930ca4e37d1525135cc9c4,MITDB_P101,101,1700000000,1,20260927,MODEL_V2_TCN_MEANMAX,MODEL_V2_OPTIMIZER_CORRECTED_V1,0,-6.048845291137695,0.002355027012526989,18,V2-006-OPT-CORR-F01-S20260927,d65f8f5184d943417a4896f0ae87b47606c0ece1ba004892a72656bfd313bf60
b56868544120d28d1ee2aa4c807d2f291423677c0404795c1a598c3c1c23bb5d,MITDB_P210,210,1070000000,1,20260927,MODEL_V2_TCN_MEANMAX,MODEL_V2_OPTIMIZER_CORRECTED_V1,0,-2.8524675369262695,0.054553911089897156,18,V2-006-OPT-CORR-F01-S20260927,d65f8f5184d943417a4896f0ae87b47606c0ece1ba004892a72656bfd313bf60
b57f898d49f83faf796e3625f4838b620887bb5afa0d2aef119bc8f7cd558730,MITDB_P207,207,450000000,1,20260927,MODEL_V2_TCN_MEANMAX,MODEL_V2_OPTIMIZER_CORRECTED_V1,0,5.167848110198975,0.9943354725837708,18,V2-006-OPT-CORR-F01-S20260927,d65f8f5184d943417a4896f0ae87b47606c0ece1ba004892a72656bfd313bf60
b57fbe339a442ae349af6653d8f1f21deafb9c588d6f79f0bf8b397c3c90cfd2,MITDB_P119,119,570000000,1,20260927,MODEL_V2_TCN_MEANMAX,MODEL_V2_OPTIMIZER_CORRECTED_V1,1,18.269105911254883,1.0,18,V2-006-OPT-CORR-F01-S20260927,d65f8f5184d943417a4896f0ae87b47606c0ece1ba004892a72656bfd313bf60
b5aa877872d82ef92c10a15228c5776f5b6206798ca1e40c1f93e35a00594c02,MITDB_P118,118,1740000000,1,20260927,MODEL_V2_TCN_MEANMAX,MODEL_V2_OPTIMIZER_CORRECTED_V1,1,3.4598588943481445,0.9695237874984741,18,V2-006-OPT-CORR-F01-S20260927,d65f8f5184d943417a4896f0ae87b47606c0ece1ba004892a72656bfd313bf60
b5b3da28c3891ec849cca0cfb20db928aa9cbdf435d5640c1d685b61ed722376,MITDB_P119,119,100000000,1,20260927,MODEL_V2_TCN_MEANMAX,MODEL_V2_OPTIMIZER_CORRECTED_V1,0,-7.656783103942871,0.00047260255087167025,18,V2-006-OPT-CORR-F01-S20260927,d65f8f5184d943417a4896f0ae87b47606c0ece1ba004892a72656bfd313bf60
b5b5499bdff47781c2456891afc6a63736c5187f148a28a7e4f34f49088097f9,MITDB_P101,101,1385000000,1,20260927,MODEL_V2_TCN_MEANMAX,MODEL_V2_OPTIMIZER_CORRECTED_V1,0,-6.572198390960693,0.0013967654667794704,18,V2-006-OPT-CORR-F01-S20260927,d65f8f5184d943417a4896f0ae87b47606c0ece1ba004892a72656bfd313bf60
b5dad4b8f67108d37c6a2f2643a7ae8bc7ce39613fe089ed65b92b50db6cc390,MITDB_P210,210,560000000,1,20260927,MODEL_V2_TCN_MEANMAX,MODEL_V2_OPTIMIZER_CORRECTED_V1,1,6.355999946594238,0.9982666969299316,18,V2-006-OPT-CORR-F01-S20260927,d65f8f5184d943417a4896f0ae87b47606c0ece1ba004892a72656bfd313bf60
b63bcf2ef0b4e24fb7ed7a3e8e6906fdfd91c58ab2e91abbc148e9b78f0121ce,MITDB_P210,210,1680000000,1,20260927,MODEL_V2_TCN_MEANMAX,MODEL_V2_OPTIMIZER_CORRECTED_V1,1,-2.2952747344970703,0.09151506423950195,18,V2-006-OPT-CORR-F01-S20260927,d65f8f5184d943417a4896f0ae87b47606c0ece1ba004892a72656bfd313bf60
b65349502ed982b7a50b9c5bd00fce70dfc9bce3ba736dbb7c86c53e61db64c1,MITDB_P119,119,1350000000,1,20260927,MODEL_V2_TCN_MEANMAX,MODEL_V2_OPTIMIZER_CORRECTED_V1,1,16.347686767578125,0.9999998807907104,18,V2-006-OPT-CORR-F01-S20260927,d65f8f5184d943417a4896f0ae87b47606c0ece1ba004892a72656bfd313bf60
b6a40f2108d27da2c1fde7feb224c7ae8844ba834aba00871840ad648c30a73d,MITDB_P122,122,1270000000,1,20260927,MODEL_V2_TCN_MEANMAX,MODEL_V2_OPTIMIZER_CORRECTED_V1,0,-6.916220188140869,0.0009905885672196746,18,V2-006-OPT-CORR-F01-S20260927,d65f8f5184d943417a4896f0ae87b47606c0ece1ba004892a72656bfd313bf60
b6b83aed62e6f74962a02957cd9eac60fba5e9bc8918dfccf6624b890b54615b,MITDB_P210,210,855000000,1,20260927,MODEL_V2_TCN_MEANMAX,MODEL_V2_OPTIMIZER_CORRECTED_V1,1,13.591344833374023,0.9999988079071045,18,V2-006-OPT-CORR-F01-S20260927,d65f8f5184d943417a4896f0ae87b47606c0ece1ba004892a72656bfd313bf60
b6c3e2db65c76ba63d7d413f99eb62b68e25734eddc1346332daabb9c57ca21e,MITDB_P210,210,1440000000,1,20260927,MODEL_V2_TCN_MEANMAX,MODEL_V2_OPTIMIZER_CORRECTED_V1,1,-0.885460615158081,0.29204750061035156,18,V2-006-OPT-CORR-F01-S20260927,d65f8f5184d943417a4896f0ae87b47606c0ece1ba004892a72656bfd313bf60
b71341d33b51c0625ab1ae35837f470750541eba832f0863eaf4a31e84e38b7f,MITDB_P101,101,405000000,1,20260927,MODEL_V2_TCN_MEANMAX,MODEL_V2_OPTIMIZER_CORRECTED_V1,0,-5.561866760253906,0.003826896892860532,18,V2-006-OPT-CORR-F01-S20260927,d65f8f5184d943417a4896f0ae87b47606c0ece1ba004892a72656bfd313bf60
b75d5827d99b48f2d64cd7b16d8be6d1b67847fc11924217a210d0092e39b236,MITDB_P101,101,1415000000,1,20260927,MODEL_V2_TCN_MEANMAX,MODEL_V2_OPTIMIZER_CORRECTED_V1,0,-6.35828971862793,0.001729331212118268,18,V2-006-OPT-CORR-F01-S20260927,d65f8f5184d943417a4896f0ae87b47606c0ece1ba004892a72656bfd313bf60
b75f0113dfb039fb57a38e832aed9369981dfe155729d40112109eb4b57f8c56,MITDB_P118,118,830000000,1,20260927,MODEL_V2_TCN_MEANMAX,MODEL_V2_OPTIMIZER_CORRECTED_V1,0,3.6875863075256348,0.9755789041519165,18,V2-006-OPT-CORR-F01-S20260927,d65f8f5184d943417a4896f0ae87b47606c0ece1ba004892a72656bfd313bf60
b7911c13d0c408a72e83125394f66641bd839c72dfcb29cd44338de50a2da7e9,MITDB_P207,207,360000000,1,20260927,MODEL_V2_TCN_MEANMAX,MODEL_V2_OPTIMIZER_CORRECTED_V1,0,10.855635643005371,0.9999806880950928,18,V2-006-OPT-CORR-F01-S20260927,d65f8f5184d943417a4896f0ae87b47606c0ece1ba004892a72656bfd313bf60
b794fbb4743cc426255b938599e9797aef02cd17389c0774e54fac55750a18be,MITDB_P119,119,955000000,1,20260927,MODEL_V2_TCN_MEANMAX,MODEL_V2_OPTIMIZER_CORRECTED_V1,1,15.194356918334961,0.9999997615814209,18,V2-006-OPT-CORR-F01-S20260927,d65f8f5184d943417a4896f0ae87b47606c0ece1ba004892a72656bfd313bf60
b7a51b00c0b215e761525614df9f69a30230942e648e72ffb5ced272fb9bd1d6,MITDB_P118,118,1480000000,1,20260927,MODEL_V2_TCN_MEANMAX,MODEL_V2_OPTIMIZER_CORRECTED_V1,1,2.1446189880371094,0.8951649069786072,18,V2-006-OPT-CORR-F01-S20260927,d65f8f5184d943417a4896f0ae87b47606c0ece1ba004892a72656bfd313bf60
b7af5c7a4d2b7a32ee124eb6bdd69a6443a7f2ec15ffd62622f3c4b5a76a9123,MITDB_P118,118,670000000,1,20260927,MODEL_V2_TCN_MEANMAX,MODEL_V2_OPTIMIZER_CORRECTED_V1,1,6.99379825592041,0.9990832805633545,18,V2-006-OPT-CORR-F01-S20260927,d65f8f5184d943417a4896f0ae87b47606c0ece1ba004892a72656bfd313bf60
b7b88d5cb82952fbb6363048ae6a5486b71b5eab1b9516f5804065c9ba8f9d6d,MITDB_P118,118,1205000000,1,20260927,MODEL_V2_TCN_MEANMAX,MODEL_V2_OPTIMIZER_CORRECTED_V1,1,4.543886184692383,0.9894798398017883,18,V2-006-OPT-CORR-F01-S20260927,d65f8f5184d943417a4896f0ae87b47606c0ece1ba004892a72656bfd313bf60
b819ce46600bd715ac23b8dcbea253a8974065b63848b381caa5918e86a09caf,MITDB_P118,118,1025000000,1,20260927,MODEL_V2_TCN_MEANMAX,MODEL_V2_OPTIMIZER_CORRECTED_V1,0,4.544887065887451,0.9894902110099792,18,V2-006-OPT-CORR-F01-S20260927,d65f8f5184d943417a4896f0ae87b47606c0ece1ba004892a72656bfd313bf60
b848933022969fa35e40cfb16dc3b61300bff46f4d7bd340e0ce91ce40f1a3d9,MITDB_P207,207,775000000,1,20260927,MODEL_V2_TCN_MEANMAX,MODEL_V2_OPTIMIZER_CORRECTED_V1,0,7.782703876495361,0.9995833039283752,18,V2-006-OPT-CORR-F01-S20260927,d65f8f5184d943417a4896f0ae87b47606c0ece1ba004892a72656bfd313bf60
b8640c2259e85405ba4ce1b321f0e0c648696d0c29f8b698ad06bbdabb9d5b45,MITDB_P210,210,165000000,1,20260927,MODEL_V2_TCN_MEANMAX,MODEL_V2_OPTIMIZER_CORRECTED_V1,0,-0.2254328429698944,0.44387927651405334,18,V2-006-OPT-CORR-F01-S20260927,d65f8f5184d943417a4896f0ae87b47606c0ece1ba004892a72656bfd313bf60
b8a550624a8792c05b332755b50f72a7731f674bcb66b6fba0c9dcb01088a0cb,MITDB_P210,210,630000000,1,20260927,MODEL_V2_TCN_MEANMAX,MODEL_V2_OPTIMIZER_CORRECTED_V1,0,-3.166930675506592,0.04042932018637657,18,V2-006-OPT-CORR-F01-S20260927,d65f8f5184d943417a4896f0ae87b47606c0ece1ba004892a72656bfd313bf60
b8c741a9b8d9f734fe69cbe97340fd4ab3928b5fd20ab77c9abbad2825bc71c2,MITDB_P119,119,275000000,1,20260927,MODEL_V2_TCN_MEANMAX,MODEL_V2_OPTIMIZER_CORRECTED_V1,1,15.712593078613281,0.9999998807907104,18,V2-006-OPT-CORR-F01-S20260927,d65f8f5184d943417a4896f0ae87b47606c0ece1ba004892a72656bfd313bf60
b8d20352cf1e3cb4c89f45b913af8abcc0854ef05dfac65af63c1fbd74b66501,MITDB_P207,207,1405000000,1,20260927,MODEL_V2_TCN_MEANMAX,MODEL_V2_OPTIMIZER_CORRECTED_V1,0,6.832767963409424,0.9989232420921326,18,V2-006-OPT-CORR-F01-S20260927,d65f8f5184d943417a4896f0ae87b47606c0ece1ba004892a72656bfd313bf60
b918943623895f97b83c37b9ff110d94fb5bed9db1e0da3f721609da511d77e8,MITDB_P207,207,25000000,1,20260927,MODEL_V2_TCN_MEANMAX,MODEL_V2_OPTIMIZER_CORRECTED_V1,1,12.597153663635254,0.9999966621398926,18,V2-006-OPT-CORR-F01-S20260927,d65f8f5184d943417a4896f0ae87b47606c0ece1ba004892a72656bfd313bf60
b92d41e19583038b2d6b05cde2bfaa16492b48b2f9622063b9ecab187bb158df,MITDB_P122,122,800000000,1,20260927,MODEL_V2_TCN_MEANMAX,MODEL_V2_OPTIMIZER_CORRECTED_V1,0,-7.738307952880859,0.00043561847996897995,18,V2-006-OPT-CORR-F01-S20260927,d65f8f5184d943417a4896f0ae87b47606c0ece1ba004892a72656bfd313bf60
b93c5eb8c1afb47475f8f9d7e39a73496af631a626e46a254fa5c49efdf769e6,MITDB_P207,207,660000000,1,20260927,MODEL_V2_TCN_MEANMAX,MODEL_V2_OPTIMIZER_CORRECTED_V1,0,9.927582740783691,0.9999512434005737,18,V2-006-OPT-CORR-F01-S20260927,d65f8f5184d943417a4896f0ae87b47606c0ece1ba004892a72656bfd313bf60
b943bbe8caa21c51d72cf2d2203c95c0c6c5cdf9e423dcae116a47a926e1c48c,MITDB_P207,207,670000000,1,20260927,MODEL_V2_TCN_MEANMAX,MODEL_V2_OPTIMIZER_CORRECTED_V1,0,9.183536529541016,0.9998972415924072,18,V2-006-OPT-CORR-F01-S20260927,d65f8f5184d943417a4896f0ae87b47606c0ece1ba004892a72656bfd313bf60
b988f332e82386b04a816cc9a88bf1ad982c7ef21cc65f0adf73e92684b8508d,MITDB_P118,118,1620000000,1,20260927,MODEL_V2_TCN_MEANMAX,MODEL_V2_OPTIMIZER_CORRECTED_V1,1,5.767874717712402,0.9968833327293396,18,V2-006-OPT-CORR-F01-S20260927,d65f8f5184d943417a4896f0ae87b47606c0ece1ba004892a72656bfd313bf60
b9a4461134d287d70eb2c9f6ca229abfec2e74d1ab91e0f30a38de8b0623e019,MITDB_P207,207,555000000,1,20260927,MODEL_V2_TCN_MEANMAX,MODEL_V2_OPTIMIZER_CORRECTED_V1,0,9.103693008422852,0.9998887777328491,18,V2-006-OPT-CORR-F01-S20260927,d65f8f5184d943417a4896f0ae87b47606c0ece1ba004892a72656bfd313bf60
b9f2fa4562d6ec236859bc7784653123cd99ddcf127f150d89be19aea14a7119,MITDB_P119,119,145000000,1,20260927,MODEL_V2_TCN_MEANMAX,MODEL_V2_OPTIMIZER_CORRECTED_V1,1,17.240150451660156,1.0,18,V2-006-OPT-CORR-F01-S20260927,d65f8f5184d943417a4896f0ae87b47606c0ece1ba004892a72656bfd313bf60
ba427f23936f61e0601340fe21a1d5e027a93906bd7f3f8760a6e7cd11a50e66,MITDB_P207,207,1740000000,1,20260927,MODEL_V2_TCN_MEANMAX,MODEL_V2_OPTIMIZER_CORRECTED_V1,1,1.320151448249817,0.7892069220542908,18,V2-006-OPT-CORR-F01-S20260927,d65f8f5184d943417a4896f0ae87b47606c0ece1ba004892a72656bfd313bf60
ba6bd28460a968aa22941063e89e816d908ff669c5a871b246fdc6b113e2b57c,MITDB_P119,119,305000000,1,20260927,MODEL_V2_TCN_MEANMAX,MODEL_V2_OPTIMIZER_CORRECTED_V1,1,13.249589920043945,0.9999982118606567,18,V2-006-OPT-CORR-F01-S20260927,d65f8f5184d943417a4896f0ae87b47606c0ece1ba004892a72656bfd313bf60
ba74b42a545005f75079480ffd58a6daf8149a79ffe02f5729516957ea0cbce5,MITDB_P118,118,280000000,1,20260927,MODEL_V2_TCN_MEANMAX,MODEL_V2_OPTIMIZER_CORRECTED_V1,1,4.946648597717285,0.9929429888725281,18,V2-006-OPT-CORR-F01-S20260927,d65f8f5184d943417a4896f0ae87b47606c0ece1ba004892a72656bfd313bf60
ba7884a7995dd35b1cbe52615619a3d1eb9144f2a9c1e05f9990f713df6a216b,MITDB_P118,118,875000000,1,20260927,MODEL_V2_TCN_MEANMAX,MODEL_V2_OPTIMIZER_CORRECTED_V1,1,6.195773124694824,0.9979661703109741,18,V2-006-OPT-CORR-F01-S20260927,d65f8f5184d943417a4896f0ae87b47606c0ece1ba004892a72656bfd313bf60
bab6bc9e65aa7314fa39ee5ed15e79e78c2ac3bcb72ed40c25a29ac2830f018c,MITDB_P119,119,800000000,1,20260927,MODEL_V2_TCN_MEANMAX,MODEL_V2_OPTIMIZER_CORRECTED_V1,1,12.945858001708984,0.999997615814209,18,V2-006-OPT-CORR-F01-S20260927,d65f8f5184d943417a4896f0ae87b47606c0ece1ba004892a72656bfd313bf60
bae271dbd000816d584d04fad62a60e6f5b594416e8945f11d0b7e225aba166a,MITDB_P119,119,1470000000,1,20260927,MODEL_V2_TCN_MEANMAX,MODEL_V2_OPTIMIZER_CORRECTED_V1,1,15.867761611938477,0.9999998807907104,18,V2-006-OPT-CORR-F01-S20260927,d65f8f5184d943417a4896f0ae87b47606c0ece1ba004892a72656bfd313bf60
bb1ff56052ee9f12a580c1ae679567eb861a010d973f73fcba23cfd963d1f766,MITDB_P207,207,675000000,1,20260927,MODEL_V2_TCN_MEANMAX,MODEL_V2_OPTIMIZER_CORRECTED_V1,0,8.196125030517578,0.9997243285179138,18,V2-006-OPT-CORR-F01-S20260927,d65f8f5184d943417a4896f0ae87b47606c0ece1ba004892a72656bfd313bf60
bb2306ada7350a8679734e8e292196642944f3064096e00cd6cf5be29021f04e,MITDB_P210,210,570000000,1,20260927,MODEL_V2_TCN_MEANMAX,MODEL_V2_OPTIMIZER_CORRECTED_V1,1,4.014593124389648,0.9822697043418884,18,V2-006-OPT-CORR-F01-S20260927,d65f8f5184d943417a4896f0ae87b47606c0ece1ba004892a72656bfd313bf60
bb3db3a9ac8a4c557db36b44ca22747e9909b019f0f89dbdda39a7ce8015afb9,MITDB_P119,119,745000000,1,20260927,MODEL_V2_TCN_MEANMAX,MODEL_V2_OPTIMIZER_CORRECTED_V1,1,15.134284973144531,0.9999997615814209,18,V2-006-OPT-CORR-F01-S20260927,d65f8f5184d943417a4896f0ae87b47606c0ece1ba004892a72656bfd313bf60
bb755e6718984537c0a90c7a020439cefb5dd1480f24b97c1f468258c09688e6,MITDB_P101,101,1770000000,1,20260927,MODEL_V2_TCN_MEANMAX,MODEL_V2_OPTIMIZER_CORRECTED_V1,0,-6.471436977386475,0.0015446116449311376,18,V2-006-OPT-CORR-F01-S20260927,d65f8f5184d943417a4896f0ae87b47606c0ece1ba004892a72656bfd313bf60
bb8027fbadc67b5cd9823bb8c0fc5e2f7ab8fa938f37d85dacc305bb61ccd5d5,MITDB_P210,210,595000000,1,20260927,MODEL_V2_TCN_MEANMAX,MODEL_V2_OPTIMIZER_CORRECTED_V1,0,-2.132124662399292,0.1060134544968605,18,V2-006-OPT-CORR-F01-S20260927,d65f8f5184d943417a4896f0ae87b47606c0ece1ba004892a72656bfd313bf60
bb884284d307ed098af551f23889d5791083ac5bffb81643a0d7429c89f4ef37,MITDB_P101,101,1105000000,1,20260927,MODEL_V2_TCN_MEANMAX,MODEL_V2_OPTIMIZER_CORRECTED_V1,0,-6.757298469543457,0.0011610155925154686,18,V2-006-OPT-CORR-F01-S20260927,d65f8f5184d943417a4896f0ae87b47606c0ece1ba004892a72656bfd313bf60
bb9a383acd024020cfeeda091df0e1f3b61bc558d36c26b58d1ae15ff6886f37,MITDB_P119,119,505000000,1,20260927,MODEL_V2_TCN_MEANMAX,MODEL_V2_OPTIMIZER_CORRECTED_V1,0,-6.9484453201293945,0.0009592057904228568,18,V2-006-OPT-CORR-F01-S20260927,d65f8f5184d943417a4896f0ae87b47606c0ece1ba004892a72656bfd313bf60
bba5811c078e891122c7da8db010b066b99b500efedc3a1257c6a01811c33f52,MITDB_P122,122,985000000,1,20260927,MODEL_V2_TCN_MEANMAX,MODEL_V2_OPTIMIZER_CORRECTED_V1,0,-6.7134599685668945,0.0012129817623645067,18,V2-006-OPT-CORR-F01-S20260927,d65f8f5184d943417a4896f0ae87b47606c0ece1ba004892a72656bfd313bf60
bbc515658fe7b6da6a1dfbb9cafd3d45ce67474c194db672783891e115c9dd27,MITDB_P101,101,1760000000,1,20260927,MODEL_V2_TCN_MEANMAX,MODEL_V2_OPTIMIZER_CORRECTED_V1,0,-6.335663318634033,0.001768835703842342,18,V2-006-OPT-CORR-F01-S20260927,d65f8f5184d943417a4896f0ae87b47606c0ece1ba004892a72656bfd313bf60
bc077279cffe4ec934daed08754ff60fa083168115bce33e8e8d5d3005f51a90,MITDB_P119,119,485000000,1,20260927,MODEL_V2_TCN_MEANMAX,MODEL_V2_OPTIMIZER_CORRECTED_V1,1,17.336715698242188,1.0,18,V2-006-OPT-CORR-F01-S20260927,d65f8f5184d943417a4896f0ae87b47606c0ece1ba004892a72656bfd313bf60
bc269adc9a8a0baa6162a3d1e76a626e9f661c874a3c2fb6ac1b184d2a77870c,MITDB_P101,101,815000000,1,20260927,MODEL_V2_TCN_MEANMAX,MODEL_V2_OPTIMIZER_CORRECTED_V1,0,-5.764313220977783,0.0031277358066290617,18,V2-006-OPT-CORR-F01-S20260927,d65f8f5184d943417a4896f0ae87b47606c0ece1ba004892a72656bfd313bf60
bc3511d52e46f87cebb388af90c3233efee7ee6e90f57f6091027eec73f12595,MITDB_P210,210,1260000000,1,20260927,MODEL_V2_TCN_MEANMAX,MODEL_V2_OPTIMIZER_CORRECTED_V1,0,-4.184015274047852,0.015008514747023582,18,V2-006-OPT-CORR-F01-S20260927,d65f8f5184d943417a4896f0ae87b47606c0ece1ba004892a72656bfd313bf60
bc3ddfc8e3c12257971fdbd785a111930e32fcc47d97a2ed8ff40ec8a3ee291c,MITDB_P207,207,405000000,1,20260927,MODEL_V2_TCN_MEANMAX,MODEL_V2_OPTIMIZER_CORRECTED_V1,0,10.453168869018555,0.9999711513519287,18,V2-006-OPT-CORR-F01-S20260927,d65f8f5184d943417a4896f0ae87b47606c0ece1ba004892a72656bfd313bf60
bc60eee903cf920575b553f1c24a0bc3f39d3826d0e455835f9e3a6a8fb7a759,MITDB_P207,207,1065000000,1,20260927,MODEL_V2_TCN_MEANMAX,MODEL_V2_OPTIMIZER_CORRECTED_V1,0,7.097549915313721,0.9991735816001892,18,V2-006-OPT-CORR-F01-S20260927,d65f8f5184d943417a4896f0ae87b47606c0ece1ba004892a72656bfd313bf60
bc694c22bca577f66a0863d38644478cd07bc87bb977b842da09f6b171def3fc,MITDB_P101,101,945000000,1,20260927,MODEL_V2_TCN_MEANMAX,MODEL_V2_OPTIMIZER_CORRECTED_V1,0,-6.547922134399414,0.001431039534509182,18,V2-006-OPT-CORR-F01-S20260927,d65f8f5184d943417a4896f0ae87b47606c0ece1ba004892a72656bfd313bf60
bcc1f98ccc341109d5c5bcbed71f8f6c794410efa1496c0a4d8ec816e58cd0ce,MITDB_P119,119,425000000,1,20260927,MODEL_V2_TCN_MEANMAX,MODEL_V2_OPTIMIZER_CORRECTED_V1,1,16.105731964111328,0.9999998807907104,18,V2-006-OPT-CORR-F01-S20260927,d65f8f5184d943417a4896f0ae87b47606c0ece1ba004892a72656bfd313bf60
bccf31c2b8ee4715592285da9e97206704697934a30ffa756cae67321a7d9832,MITDB_P118,118,855000000,1,20260927,MODEL_V2_TCN_MEANMAX,MODEL_V2_OPTIMIZER_CORRECTED_V1,1,5.823789596557617,0.9970523118972778,18,V2-006-OPT-CORR-F01-S20260927,d65f8f5184d943417a4896f0ae87b47606c0ece1ba004892a72656bfd313bf60
bd057163e26f30cbb863abe71adc28632ca061578932eba108c9c2fb89c0ddde,MITDB_P207,207,470000000,1,20260927,MODEL_V2_TCN_MEANMAX,MODEL_V2_OPTIMIZER_CORRECTED_V1,0,13.017827987670898,0.9999977350234985,18,V2-006-OPT-CORR-F01-S20260927,d65f8f5184d943417a4896f0ae87b47606c0ece1ba004892a72656bfd313bf60
bd1bddeb85bf9864c48f6e5127fcd836508526c25b2ddc9342cd7ced718f0d3c,MITDB_P122,122,1375000000,1,20260927,MODEL_V2_TCN_MEANMAX,MODEL_V2_OPTIMIZER_CORRECTED_V1,0,-5.808079719543457,0.0029941992834210396,18,V2-006-OPT-CORR-F01-S20260927,d65f8f5184d943417a4896f0ae87b47606c0ece1ba004892a72656bfd313bf60
bd3386cfd40d6477de13d1f9bad588a131b6e559b357b9821312c056cbfa47fc,MITDB_P101,101,950000000,1,20260927,MODEL_V2_TCN_MEANMAX,MODEL_V2_OPTIMIZER_CORRECTED_V1,0,-7.295348167419434,0.0006782282725907862,18,V2-006-OPT-CORR-F01-S20260927,d65f8f5184d943417a4896f0ae87b47606c0ece1ba004892a72656bfd313bf60
bddb8f4aac7d6ddee6e3048dbd57653ecc9ed6b57efdff3ff20ab7770f7ec2af,MITDB_P210,210,510000000,1,20260927,MODEL_V2_TCN_MEANMAX,MODEL_V2_OPTIMIZER_CORRECTED_V1,0,-1.6316783428192139,0.16360057890415192,18,V2-006-OPT-CORR-F01-S20260927,d65f8f5184d943417a4896f0ae87b47606c0ece1ba004892a72656bfd313bf60
bdde0e311f76fb3ef60f7204499d5f041c70f66950192eb669115221ae96f8fa,MITDB_P122,122,280000000,1,20260927,MODEL_V2_TCN_MEANMAX,MODEL_V2_OPTIMIZER_CORRECTED_V1,0,-8.657923698425293,0.00017371450667269528,18,V2-006-OPT-CORR-F01-S20260927,d65f8f5184d943417a4896f0ae87b47606c0ece1ba004892a72656bfd313bf60
bde12b56b7d8ce5f8af6998523fed57783bf0d62f62232b49b5f7f86905a0aaf,MITDB_P210,210,1610000000,1,20260927,MODEL_V2_TCN_MEANMAX,MODEL_V2_OPTIMIZER_CORRECTED_V1,0,-0.9367729425430298,0.28155264258384705,18,V2-006-OPT-CORR-F01-S20260927,d65f8f5184d943417a4896f0ae87b47606c0ece1ba004892a72656bfd313bf60
be38fc26a4576756f7e72d9a846692df7a3cf49c63b991fa5fe36d2cf87c589b,MITDB_P210,210,1530000000,1,20260927,MODEL_V2_TCN_MEANMAX,MODEL_V2_OPTIMIZER_CORRECTED_V1,1,3.58355712890625,0.9729740023612976,18,V2-006-OPT-CORR-F01-S20260927,d65f8f5184d943417a4896f0ae87b47606c0ece1ba004892a72656bfd313bf60
be580f2ddb561151558d20b2b1142232fc63955b25adb26599dff231e04a1d31,MITDB_P207,207,1030000000,1,20260927,MODEL_V2_TCN_MEANMAX,MODEL_V2_OPTIMIZER_CORRECTED_V1,0,7.048469543457031,0.9991320967674255,18,V2-006-OPT-CORR-F01-S20260927,d65f8f5184d943417a4896f0ae87b47606c0ece1ba004892a72656bfd313bf60
be6393ed2fc2ea630691dbc8f06696e194aa726f4235a543ffbabf7b3d0fb74f,MITDB_P101,101,810000000,1,20260927,MODEL_V2_TCN_MEANMAX,MODEL_V2_OPTIMIZER_CORRECTED_V1,0,-5.431074142456055,0.004359303507953882,18,V2-006-OPT-CORR-F01-S20260927,d65f8f5184d943417a4896f0ae87b47606c0ece1ba004892a72656bfd313bf60
be8341fee0817be9ebdd8affe0fa75eeef74a9c96b90d1a33a6f36e570c96826,MITDB_P207,207,1445000000,1,20260927,MODEL_V2_TCN_MEANMAX,MODEL_V2_OPTIMIZER_CORRECTED_V1,0,7.163252830505371,0.9992260932922363,18,V2-006-OPT-CORR-F01-S20260927,d65f8f5184d943417a4896f0ae87b47606c0ece1ba004892a72656bfd313bf60
bea6f244a1c5cec00460db4384bdfd18b769de2226f3643404aee46c38745869,MITDB_P101,101,1115000000,1,20260927,MODEL_V2_TCN_MEANMAX,MODEL_V2_OPTIMIZER_CORRECTED_V1,0,-6.437237739562988,0.001598263974301517,18,V2-006-OPT-CORR-F01-S20260927,d65f8f5184d943417a4896f0ae87b47606c0ece1ba004892a72656bfd313bf60
bf3a1b97afd57320ba008c1014be26fd4be0690d4d66da2e27690209eadee2e9,MITDB_P118,118,905000000,1,20260927,MODEL_V2_TCN_MEANMAX,MODEL_V2_OPTIMIZER_CORRECTED_V1,0,5.656612396240234,0.9965177774429321,18,V2-006-OPT-CORR-F01-S20260927,d65f8f5184d943417a4896f0ae87b47606c0ece1ba004892a72656bfd313bf60
bf56f15a6e66b3e1b73fb86fcaeb3c2e406818bab75539d0647ca077d170792d,MITDB_P119,119,200000000,1,20260927,MODEL_V2_TCN_MEANMAX,MODEL_V2_OPTIMIZER_CORRECTED_V1,1,10.713237762451172,0.999977707862854,18,V2-006-OPT-CORR-F01-S20260927,d65f8f5184d943417a4896f0ae87b47606c0ece1ba004892a72656bfd313bf60
bf58c7d74d5628e7152d20d4901214639e7c85ffb59e559ed9ee8c91dea6c2e4,MITDB_P119,119,1630000000,1,20260927,MODEL_V2_TCN_MEANMAX,MODEL_V2_OPTIMIZER_CORRECTED_V1,1,16.73040008544922,1.0,18,V2-006-OPT-CORR-F01-S20260927,d65f8f5184d943417a4896f0ae87b47606c0ece1ba004892a72656bfd313bf60
bf75acb7387938ecc7d479cda3e6531c2cc58db01fde9e984d41b4696fab993e,MITDB_P101,101,1695000000,1,20260927,MODEL_V2_TCN_MEANMAX,MODEL_V2_OPTIMIZER_CORRECTED_V1,0,-5.652027606964111,0.003498112317174673,18,V2-006-OPT-CORR-F01-S20260927,d65f8f5184d943417a4896f0ae87b47606c0ece1ba004892a72656bfd313bf60
bfa4e2085e877ac8d250779b7d869bf2c7c977018b1c6a85bc1873d5526c3139,MITDB_P210,210,195000000,1,20260927,MODEL_V2_TCN_MEANMAX,MODEL_V2_OPTIMIZER_CORRECTED_V1,0,2.303112506866455,0.9091345071792603,18,V2-006-OPT-CORR-F01-S20260927,d65f8f5184d943417a4896f0ae87b47606c0ece1ba004892a72656bfd313bf60
bfad88ee974184f3608936d0ce3fef542ed57096aac90f124437c473c07451f7,MITDB_P210,210,140000000,1,20260927,MODEL_V2_TCN_MEANMAX,MODEL_V2_OPTIMIZER_CORRECTED_V1,1,6.961549282073975,0.9990532994270325,18,V2-006-OPT-CORR-F01-S20260927,d65f8f5184d943417a4896f0ae87b47606c0ece1ba004892a72656bfd313bf60
bfb1ca5f276deaa5e9f1498c614a5baa73c30292c9f35dfe9ce705262127817c,MITDB_P119,119,1405000000,1,20260927,MODEL_V2_TCN_MEANMAX,MODEL_V2_OPTIMIZER_CORRECTED_V1,1,16.98642921447754,1.0,18,V2-006-OPT-CORR-F01-S20260927,d65f8f5184d943417a4896f0ae87b47606c0ece1ba004892a72656bfd313bf60
bfc3a3b3a4b147dda7f505c4a709f9ace7b5a3153fdea6a46cd7511694328783,MITDB_P119,119,790000000,1,20260927,MODEL_V2_TCN_MEANMAX,MODEL_V2_OPTIMIZER_CORRECTED_V1,1,15.00627613067627,0.9999996423721313,18,V2-006-OPT-CORR-F01-S20260927,d65f8f5184d943417a4896f0ae87b47606c0ece1ba004892a72656bfd313bf60
bfcd500b06b8d92cbe42d819356dbeae9e173a5536c23b543ac6602e9b1e9b8c,MITDB_P122,122,1130000000,1,20260927,MODEL_V2_TCN_MEANMAX,MODEL_V2_OPTIMIZER_CORRECTED_V1,0,-8.336132049560547,0.00023964024148881435,18,V2-006-OPT-CORR-F01-S20260927,d65f8f5184d943417a4896f0ae87b47606c0ece1ba004892a72656bfd313bf60
bfce84392c9810edd96c20eef25305d28bdc26828219a155dabdb181537fe6a6,MITDB_P101,101,110000000,1,20260927,MODEL_V2_TCN_MEANMAX,MODEL_V2_OPTIMIZER_CORRECTED_V1,0,-7.055245876312256,0.0008621266460977495,18,V2-006-OPT-CORR-F01-S20260927,d65f8f5184d943417a4896f0ae87b47606c0ece1ba004892a72656bfd313bf60
bfec62bb79227b315b25a7b649e191812bde80fcbea2447765ad7bdb9f800b69,MITDB_P122,122,1555000000,1,20260927,MODEL_V2_TCN_MEANMAX,MODEL_V2_OPTIMIZER_CORRECTED_V1,0,-8.593175888061523,0.00018533208640292287,18,V2-006-OPT-CORR-F01-S20260927,d65f8f5184d943417a4896f0ae87b47606c0ece1ba004892a72656bfd313bf60
c007d33519afd086acd61130721fd5ef42c920e0f52c2ec8c85f685223b0ab34,MITDB_P101,101,1200000000,1,20260927,MODEL_V2_TCN_MEANMAX,MODEL_V2_OPTIMIZER_CORRECTED_V1,0,-5.66987419128418,0.0034364492166787386,18,V2-006-OPT-CORR-F01-S20260927,d65f8f5184d943417a4896f0ae87b47606c0ece1ba004892a72656bfd313bf60
c009b9f753f9dfd31557440eb5e94bd1f3941f979fb733d7a0f0b5516ef31d26,MITDB_P122,122,230000000,1,20260927,MODEL_V2_TCN_MEANMAX,MODEL_V2_OPTIMIZER_CORRECTED_V1,0,-8.753087997436523,0.00015794779756106436,18,V2-006-OPT-CORR-F01-S20260927,d65f8f5184d943417a4896f0ae87b47606c0ece1ba004892a72656bfd313bf60
c015ed49ac49c8fb9050675fcd7f951f1b4b937504cf3033ba35b4d4a244afd1,MITDB_P122,122,1750000000,1,20260927,MODEL_V2_TCN_MEANMAX,MODEL_V2_OPTIMIZER_CORRECTED_V1,0,-7.935452461242676,0.00035770205431617796,18,V2-006-OPT-CORR-F01-S20260927,d65f8f5184d943417a4896f0ae87b47606c0ece1ba004892a72656bfd313bf60
c03567c0b5f3062766363dacd1c13dffeee639f692f108a5e0a63e41d64c35dc,MITDB_P210,210,1095000000,1,20260927,MODEL_V2_TCN_MEANMAX,MODEL_V2_OPTIMIZER_CORRECTED_V1,1,13.605003356933594,0.9999988079071045,18,V2-006-OPT-CORR-F01-S20260927,d65f8f5184d943417a4896f0ae87b47606c0ece1ba004892a72656bfd313bf60
c05a686f76b2ab15b07f88e5e693414e637592a31450a706a0c22e81bbfde3d6,MITDB_P119,119,1675000000,1,20260927,MODEL_V2_TCN_MEANMAX,MODEL_V2_OPTIMIZER_CORRECTED_V1,1,22.78437042236328,1.0,18,V2-006-OPT-CORR-F01-S20260927,d65f8f5184d943417a4896f0ae87b47606c0ece1ba004892a72656bfd313bf60
c086152b27a59e0be4a7603e526960b0683e21e1d9a650cc4c61264e050f156a,MITDB_P101,101,1205000000,1,20260927,MODEL_V2_TCN_MEANMAX,MODEL_V2_OPTIMIZER_CORRECTED_V1,0,-6.053384304046631,0.002344386652112007,18,V2-006-OPT-CORR-F01-S20260927,d65f8f5184d943417a4896f0ae87b47606c0ece1ba004892a72656bfd313bf60
c08ddf042f19aff5c1548d04f7aa33210fd5a2afb5b64918aa4f4158c5bbe5c8,MITDB_P101,101,330000000,1,20260927,MODEL_V2_TCN_MEANMAX,MODEL_V2_OPTIMIZER_CORRECTED_V1,0,-1.2802073955535889,0.21751493215560913,18,V2-006-OPT-CORR-F01-S20260927,d65f8f5184d943417a4896f0ae87b47606c0ece1ba004892a72656bfd313bf60
c0943084aac53085d2a9832564d3061acab530b93a60a4e7f9cf30b35d099941,MITDB_P101,101,1565000000,1,20260927,MODEL_V2_TCN_MEANMAX,MODEL_V2_OPTIMIZER_CORRECTED_V1,0,-6.543609142303467,0.00143721594940871,18,V2-006-OPT-CORR-F01-S20260927,d65f8f5184d943417a4896f0ae87b47606c0ece1ba004892a72656bfd313bf60
c09dcc06c61fbd610bf465eefec66b640a16e191629e6a1435eb64d155999f2d,MITDB_P122,122,50000000,1,20260927,MODEL_V2_TCN_MEANMAX,MODEL_V2_OPTIMIZER_CORRECTED_V1,0,-8.421767234802246,0.00021997708245180547,18,V2-006-OPT-CORR-F01-S20260927,d65f8f5184d943417a4896f0ae87b47606c0ece1ba004892a72656bfd313bf60
c0a72dfa58177758ad03435e74256e3280cf4059d93d9e82658119bd46ad0585,MITDB_P210,210,1025000000,1,20260927,MODEL_V2_TCN_MEANMAX,MODEL_V2_OPTIMIZER_CORRECTED_V1,1,9.22919750213623,0.9999018907546997,18,V2-006-OPT-CORR-F01-S20260927,d65f8f5184d943417a4896f0ae87b47606c0ece1ba004892a72656bfd313bf60
c0f2fd7af1c09c4a45cceea08a1f3c8e6858cb2c263dd345fedc462ae726c23a,MITDB_P210,210,1175000000,1,20260927,MODEL_V2_TCN_MEANMAX,MODEL_V2_OPTIMIZER_CORRECTED_V1,0,-5.5074357986450195,0.0040401071310043335,18,V2-006-OPT-CORR-F01-S20260927,d65f8f5184d943417a4896f0ae87b47606c0ece1ba004892a72656bfd313bf60
c16181dd04df16dd5b25115b7b7208d1ad9dea80105766d6b4ccb9efadb1a531,MITDB_P119,119,1090000000,1,20260927,MODEL_V2_TCN_MEANMAX,MODEL_V2_OPTIMIZER_CORRECTED_V1,1,14.577884674072266,0.9999995231628418,18,V2-006-OPT-CORR-F01-S20260927,d65f8f5184d943417a4896f0ae87b47606c0ece1ba004892a72656bfd313bf60
c1668ffd3026505bc7d54e54cbcc0ddf865f8d92d1aae84098088f236db8ba0a,MITDB_P207,207,1250000000,1,20260927,MODEL_V2_TCN_MEANMAX,MODEL_V2_OPTIMIZER_CORRECTED_V1,0,6.565909385681152,0.9985944628715515,18,V2-006-OPT-CORR-F01-S20260927,d65f8f5184d943417a4896f0ae87b47606c0ece1ba004892a72656bfd313bf60
c1912429a51499b00d49717b67f73d0d13e44fa416718c361a8fca150b91034a,MITDB_P119,119,1270000000,1,20260927,MODEL_V2_TCN_MEANMAX,MODEL_V2_OPTIMIZER_CORRECTED_V1,1,18.673690795898438,1.0,18,V2-006-OPT-CORR-F01-S20260927,d65f8f5184d943417a4896f0ae87b47606c0ece1ba004892a72656bfd313bf60
c1916ce716eb91001cf521e2c5869b1ca062019ee4ede4fbeb61d671bc888e32,MITDB_P210,210,795000000,1,20260927,MODEL_V2_TCN_MEANMAX,MODEL_V2_OPTIMIZER_CORRECTED_V1,1,4.402549743652344,0.987902045249939,18,V2-006-OPT-CORR-F01-S20260927,d65f8f5184d943417a4896f0ae87b47606c0ece1ba004892a72656bfd313bf60
c1931122e6adc02d1781a58353f0881b8205187fb83e5edbea9bfb7fd78d800f,MITDB_P119,119,1680000000,1,20260927,MODEL_V2_TCN_MEANMAX,MODEL_V2_OPTIMIZER_CORRECTED_V1,1,21.19812774658203,1.0,18,V2-006-OPT-CORR-F01-S20260927,d65f8f5184d943417a4896f0ae87b47606c0ece1ba004892a72656bfd313bf60
c1ae06bce4a0f134437af6bd373dba33f834ec5f29631fae88e3c671b8096f4f,MITDB_P119,119,660000000,1,20260927,MODEL_V2_TCN_MEANMAX,MODEL_V2_OPTIMIZER_CORRECTED_V1,1,14.781064987182617,0.9999996423721313,18,V2-006-OPT-CORR-F01-S20260927,d65f8f5184d943417a4896f0ae87b47606c0ece1ba004892a72656bfd313bf60
c1e013e67671e433f034b13149190d758a6dc704173fa1ac3909d01c2077f854,MITDB_P119,119,180000000,1,20260927,MODEL_V2_TCN_MEANMAX,MODEL_V2_OPTIMIZER_CORRECTED_V1,1,15.871036529541016,0.9999998807907104,18,V2-006-OPT-CORR-F01-S20260927,d65f8f5184d943417a4896f0ae87b47606c0ece1ba004892a72656bfd313bf60
c20bf9f348209ba4fc0d15af96d8873cc5902afa3f67e993542b02a8d90a05cb,MITDB_P118,118,240000000,1,20260927,MODEL_V2_TCN_MEANMAX,MODEL_V2_OPTIMIZER_CORRECTED_V1,0,4.993958473205566,0.9932668209075928,18,V2-006-OPT-CORR-F01-S20260927,d65f8f5184d943417a4896f0ae87b47606c0ece1ba004892a72656bfd313bf60
c223208b411f9f11abdc7348a75e72726de3ecc45e8d05d4cf57cf05bd1e3eda,MITDB_P207,207,1175000000,1,20260927,MODEL_V2_TCN_MEANMAX,MODEL_V2_OPTIMIZER_CORRECTED_V1,0,6.5760111808776855,0.9986085295677185,18,V2-006-OPT-CORR-F01-S20260927,d65f8f5184d943417a4896f0ae87b47606c0ece1ba004892a72656bfd313bf60
c24bf50cc76e34ff06f0605299eeae52d246b9f083ebbe50fbdd035f2979b6c4,MITDB_P210,210,745000000,1,20260927,MODEL_V2_TCN_MEANMAX,MODEL_V2_OPTIMIZER_CORRECTED_V1,0,-3.3591806888580322,0.03359581530094147,18,V2-006-OPT-CORR-F01-S20260927,d65f8f5184d943417a4896f0ae87b47606c0ece1ba004892a72656bfd313bf60
c24d41666ed24d882103916dd24097b7feaca6d6b023da9b79548e239959a750,MITDB_P101,101,1470000000,1,20260927,MODEL_V2_TCN_MEANMAX,MODEL_V2_OPTIMIZER_CORRECTED_V1,0,-6.418901443481445,0.0016277923714369535,18,V2-006-OPT-CORR-F01-S20260927,d65f8f5184d943417a4896f0ae87b47606c0ece1ba004892a72656bfd313bf60
c2ab47fc3ee443e5fdaac088443726d03220fe3e845e0ad64dac15a3cbe0454c,MITDB_P210,210,1125000000,1,20260927,MODEL_V2_TCN_MEANMAX,MODEL_V2_OPTIMIZER_CORRECTED_V1,1,-3.2864015102386475,0.03604065626859665,18,V2-006-OPT-CORR-F01-S20260927,d65f8f5184d943417a4896f0ae87b47606c0ece1ba004892a72656bfd313bf60
c2f0ba63866f70391807d59a9c580d160b14a5061863029650ccbe131de676a8,MITDB_P122,122,1585000000,1,20260927,MODEL_V2_TCN_MEANMAX,MODEL_V2_OPTIMIZER_CORRECTED_V1,0,-6.789848327636719,0.0011238749139010906,18,V2-006-OPT-CORR-F01-S20260927,d65f8f5184d943417a4896f0ae87b47606c0ece1ba004892a72656bfd313bf60
c313de35347bc4184596328bcdecab145ef7d3a874074bca157ecab10f87e1a7,MITDB_P101,101,490000000,1,20260927,MODEL_V2_TCN_MEANMAX,MODEL_V2_OPTIMIZER_CORRECTED_V1,0,-6.298643112182617,0.0018354231724515557,18,V2-006-OPT-CORR-F01-S20260927,d65f8f5184d943417a4896f0ae87b47606c0ece1ba004892a72656bfd313bf60
c316a2411028d44e5d85bea17d66fbf88c9a87b4e9bb18744abe838c8ed2b811,MITDB_P101,101,350000000,1,20260927,MODEL_V2_TCN_MEANMAX,MODEL_V2_OPTIMIZER_CORRECTED_V1,0,-6.025477409362793,0.0024105727206915617,18,V2-006-OPT-CORR-F01-S20260927,d65f8f5184d943417a4896f0ae87b47606c0ece1ba004892a72656bfd313bf60
c36a63456ddca7b3b7a93df69f1753086309f6030afa325982145d9c3aa6bf50,MITDB_P122,122,150000000,1,20260927,MODEL_V2_TCN_MEANMAX,MODEL_V2_OPTIMIZER_CORRECTED_V1,0,-7.29658317565918,0.0006773917702957988,18,V2-006-OPT-CORR-F01-S20260927,d65f8f5184d943417a4896f0ae87b47606c0ece1ba004892a72656bfd313bf60
c37c78acd99f0c237bb074ab228de1103e7c19f1f16cf61b828d30ffe3c782b6,MITDB_P101,101,145000000,1,20260927,MODEL_V2_TCN_MEANMAX,MODEL_V2_OPTIMIZER_CORRECTED_V1,0,-5.244423866271973,0.00524916173890233,18,V2-006-OPT-CORR-F01-S20260927,d65f8f5184d943417a4896f0ae87b47606c0ece1ba004892a72656bfd313bf60
c3803b6590088392f025f175a36ca44a89ece787bf364989801f4202b953d7c9,MITDB_P101,101,505000000,1,20260927,MODEL_V2_TCN_MEANMAX,MODEL_V2_OPTIMIZER_CORRECTED_V1,0,-6.51263427734375,0.0014823632081970572,18,V2-006-OPT-CORR-F01-S20260927,d65f8f5184d943417a4896f0ae87b47606c0ece1ba004892a72656bfd313bf60
c3a3e05a10405e5d242e402f54390211265a87439f4ed2059f64328643ad14fc,MITDB_P101,101,1150000000,1,20260927,MODEL_V2_TCN_MEANMAX,MODEL_V2_OPTIMIZER_CORRECTED_V1,0,-6.434963226318359,0.0016018975293263793,18,V2-006-OPT-CORR-F01-S20260927,d65f8f5184d943417a4896f0ae87b47606c0ece1ba004892a72656bfd313bf60
c3fa86c500bdeb9fb0de499e16eac7664832fba0bd22f4eaa9fcce453c432478,MITDB_P210,210,260000000,1,20260927,MODEL_V2_TCN_MEANMAX,MODEL_V2_OPTIMIZER_CORRECTED_V1,1,2.9540634155273438,0.9504551887512207,18,V2-006-OPT-CORR-F01-S20260927,d65f8f5184d943417a4896f0ae87b47606c0ece1ba004892a72656bfd313bf60
c40afbdee9f254701926e2212d65ad518f3e162e0b81532f21e63f2c9e90a240,MITDB_P122,122,935000000,1,20260927,MODEL_V2_TCN_MEANMAX,MODEL_V2_OPTIMIZER_CORRECTED_V1,0,-7.993081092834473,0.00033767762943170965,18,V2-006-OPT-CORR-F01-S20260927,d65f8f5184d943417a4896f0ae87b47606c0ece1ba004892a72656bfd313bf60
c411bfe50cfb1139ac61dcfe2d7035d4a879aec41544b49d68c70447aa4979bc,MITDB_P118,118,1010000000,1,20260927,MODEL_V2_TCN_MEANMAX,MODEL_V2_OPTIMIZER_CORRECTED_V1,1,5.3012213706970215,0.9950392842292786,18,V2-006-OPT-CORR-F01-S20260927,d65f8f5184d943417a4896f0ae87b47606c0ece1ba004892a72656bfd313bf60
c41d3cec553136ecec8527c5435cfb72f05f40cf230a28986fd24315f8425bb3,MITDB_P210,210,1000000000,1,20260927,MODEL_V2_TCN_MEANMAX,MODEL_V2_OPTIMIZER_CORRECTED_V1,0,-3.4761765003204346,0.02999773621559143,18,V2-006-OPT-CORR-F01-S20260927,d65f8f5184d943417a4896f0ae87b47606c0ece1ba004892a72656bfd313bf60
c4563f1503d54c772d56fe486cd9c6a8c03cf1a5036d67de0c1bcf01d5299a18,MITDB_P101,101,1345000000,1,20260927,MODEL_V2_TCN_MEANMAX,MODEL_V2_OPTIMIZER_CORRECTED_V1,0,-6.886160850524902,0.0010207862360402942,18,V2-006-OPT-CORR-F01-S20260927,d65f8f5184d943417a4896f0ae87b47606c0ece1ba004892a72656bfd313bf60
c45d4591a167c1ce7181e77b8b26239177c5dc678758f5b10cdab09ebb54bd03,MITDB_P101,101,105000000,1,20260927,MODEL_V2_TCN_MEANMAX,MODEL_V2_OPTIMIZER_CORRECTED_V1,0,-6.819787979125977,0.0010907613905146718,18,V2-006-OPT-CORR-F01-S20260927,d65f8f5184d943417a4896f0ae87b47606c0ece1ba004892a72656bfd313bf60
c47ddc0909733904752ded4b15b5c839b6b55c694d6ad78d19271a362cef653b,MITDB_P101,101,1170000000,1,20260927,MODEL_V2_TCN_MEANMAX,MODEL_V2_OPTIMIZER_CORRECTED_V1,0,-6.399087905883789,0.0016603122930973768,18,V2-006-OPT-CORR-F01-S20260927,d65f8f5184d943417a4896f0ae87b47606c0ece1ba004892a72656bfd313bf60
c48ee2818dadb3c7aa26f2a2a032603587a5d1ddc8a7a6a42f3a6322df3fa4c4,MITDB_P122,122,1325000000,1,20260927,MODEL_V2_TCN_MEANMAX,MODEL_V2_OPTIMIZER_CORRECTED_V1,0,-6.769193172454834,0.0011473031481727958,18,V2-006-OPT-CORR-F01-S20260927,d65f8f5184d943417a4896f0ae87b47606c0ece1ba004892a72656bfd313bf60
c4b746191b8ea222cb69a74e23a106b0ad255d0a2196c9dc47dfc260562694c5,MITDB_P122,122,90000000,1,20260927,MODEL_V2_TCN_MEANMAX,MODEL_V2_OPTIMIZER_CORRECTED_V1,0,-7.859045505523682,0.0003860932483803481,18,V2-006-OPT-CORR-F01-S20260927,d65f8f5184d943417a4896f0ae87b47606c0ece1ba004892a72656bfd313bf60
c4bf75333d229b149ae213ae155eacaa8888825a2f79e5d448e5306a2a7f0d2b,MITDB_P101,101,340000000,1,20260927,MODEL_V2_TCN_MEANMAX,MODEL_V2_OPTIMIZER_CORRECTED_V1,0,-6.016299724578857,0.0024327440187335014,18,V2-006-OPT-CORR-F01-S20260927,d65f8f5184d943417a4896f0ae87b47606c0ece1ba004892a72656bfd313bf60
c4c291675cc4b0f1597dce66c44f542d12d212f19ccfd1b0f7e9c4caf740f6f4,MITDB_P122,122,1640000000,1,20260927,MODEL_V2_TCN_MEANMAX,MODEL_V2_OPTIMIZER_CORRECTED_V1,0,-6.27951717376709,0.0018707988783717155,18,V2-006-OPT-CORR-F01-S20260927,d65f8f5184d943417a4896f0ae87b47606c0ece1ba004892a72656bfd313bf60
c4c359d7d1411f2bb54da94652f8a13bf42b3e61e57d81b42f210ca715af0169,MITDB_P210,210,1560000000,1,20260927,MODEL_V2_TCN_MEANMAX,MODEL_V2_OPTIMIZER_CORRECTED_V1,0,0.7059218883514404,0.669499397277832,18,V2-006-OPT-CORR-F01-S20260927,d65f8f5184d943417a4896f0ae87b47606c0ece1ba004892a72656bfd313bf60
c4d7d62ff8dbf306a1f8433c5a39f9dfcbcadb1d455ef3216ba572b3607f91c8,MITDB_P207,207,1660000000,1,20260927,MODEL_V2_TCN_MEANMAX,MODEL_V2_OPTIMIZER_CORRECTED_V1,1,-3.0153543949127197,0.04673701152205467,18,V2-006-OPT-CORR-F01-S20260927,d65f8f5184d943417a4896f0ae87b47606c0ece1ba004892a72656bfd313bf60
c4dba840c5e3da7d09b863bb58af4cc4f03a04af313d6a741ef6dd9ddc36a179,MITDB_P207,207,1190000000,1,20260927,MODEL_V2_TCN_MEANMAX,MODEL_V2_OPTIMIZER_CORRECTED_V1,0,6.933069229125977,0.9990259408950806,18,V2-006-OPT-CORR-F01-S20260927,d65f8f5184d943417a4896f0ae87b47606c0ece1ba004892a72656bfd313bf60
c4e30c91f70f7cd804e05f38cd91984bc14a2faa47e6c0d2f437c79a75edb384,MITDB_P119,119,925000000,1,20260927,MODEL_V2_TCN_MEANMAX,MODEL_V2_OPTIMIZER_CORRECTED_V1,1,17.160085678100586,1.0,18,V2-006-OPT-CORR-F01-S20260927,d65f8f5184d943417a4896f0ae87b47606c0ece1ba004892a72656bfd313bf60
c509b2dc36ad76e22c0dbcdfb312b6f3ffd4cb74dabfbd9ee69bfebee5bfcbfb,MITDB_P119,119,1175000000,1,20260927,MODEL_V2_TCN_MEANMAX,MODEL_V2_OPTIMIZER_CORRECTED_V1,1,18.02018165588379,1.0,18,V2-006-OPT-CORR-F01-S20260927,d65f8f5184d943417a4896f0ae87b47606c0ece1ba004892a72656bfd313bf60
c51ec5bfaff89ffde0f28a57ea81e4ba56a934126a1d55406084226a72f8e761,MITDB_P122,122,545000000,1,20260927,MODEL_V2_TCN_MEANMAX,MODEL_V2_OPTIMIZER_CORRECTED_V1,0,-9.059303283691406,0.0001162904518423602,18,V2-006-OPT-CORR-F01-S20260927,d65f8f5184d943417a4896f0ae87b47606c0ece1ba004892a72656bfd313bf60
c5570957430d4d4766b66fd30256b09470b79f5b86659ccf3565294025027136,MITDB_P122,122,550000000,1,20260927,MODEL_V2_TCN_MEANMAX,MODEL_V2_OPTIMIZER_CORRECTED_V1,0,-8.401105880737305,0.00022456834267359227,18,V2-006-OPT-CORR-F01-S20260927,d65f8f5184d943417a4896f0ae87b47606c0ece1ba004892a72656bfd313bf60
c56f28098feb2defa3608ceb241a854abf206842cbcdf78b824159338ceaf82e,MITDB_P210,210,660000000,1,20260927,MODEL_V2_TCN_MEANMAX,MODEL_V2_OPTIMIZER_CORRECTED_V1,1,5.948103904724121,0.9973959922790527,18,V2-006-OPT-CORR-F01-S20260927,d65f8f5184d943417a4896f0ae87b47606c0ece1ba004892a72656bfd313bf60
c5769f8f46bd1bc1a590c78ae3af09951d06c816f43067f58f1e2a91e1a073f0,MITDB_P207,207,1490000000,1,20260927,MODEL_V2_TCN_MEANMAX,MODEL_V2_OPTIMIZER_CORRECTED_V1,0,5.659209251403809,0.9965267777442932,18,V2-006-OPT-CORR-F01-S20260927,d65f8f5184d943417a4896f0ae87b47606c0ece1ba004892a72656bfd313bf60
c576e980842860181d7d35dcfe99e6be8ddbd539de68e53de56059b5f176d0f2,MITDB_P119,119,90000000,1,20260927,MODEL_V2_TCN_MEANMAX,MODEL_V2_OPTIMIZER_CORRECTED_V1,1,15.048250198364258,0.9999997615814209,18,V2-006-OPT-CORR-F01-S20260927,d65f8f5184d943417a4896f0ae87b47606c0ece1ba004892a72656bfd313bf60
c5a6f0fc99e18de6afe64efc7e5ee8d17d948f6c283abe6c759d980cb1277c55,MITDB_P207,207,685000000,1,20260927,MODEL_V2_TCN_MEANMAX,MODEL_V2_OPTIMIZER_CORRECTED_V1,0,9.665487289428711,0.999936580657959,18,V2-006-OPT-CORR-F01-S20260927,d65f8f5184d943417a4896f0ae87b47606c0ece1ba004892a72656bfd313bf60
c5b11ae76cfe431c315af19fbeb0003e5da5e11ce665a4714a58df04e0f79484,MITDB_P101,101,1255000000,1,20260927,MODEL_V2_TCN_MEANMAX,MODEL_V2_OPTIMIZER_CORRECTED_V1,0,-6.962730884552002,0.0009456131374463439,18,V2-006-OPT-CORR-F01-S20260927,d65f8f5184d943417a4896f0ae87b47606c0ece1ba004892a72656bfd313bf60
c5c29df18167dcd10fc4fcbbca6b528b280afed30f2076d801e7d92998429296,MITDB_P101,101,485000000,1,20260927,MODEL_V2_TCN_MEANMAX,MODEL_V2_OPTIMIZER_CORRECTED_V1,0,-6.372745037078857,0.0017045553540810943,18,V2-006-OPT-CORR-F01-S20260927,d65f8f5184d943417a4896f0ae87b47606c0ece1ba004892a72656bfd313bf60
c60f9c4b5ce1add16b56e27df3066d06985049862994b030821e2be1681e86cf,MITDB_P122,122,1290000000,1,20260927,MODEL_V2_TCN_MEANMAX,MODEL_V2_OPTIMIZER_CORRECTED_V1,0,-8.4789400100708,0.0002077556709991768,18,V2-006-OPT-CORR-F01-S20260927,d65f8f5184d943417a4896f0ae87b47606c0ece1ba004892a72656bfd313bf60
c62a1984a96fd05b6dacc52ab445b2ff8cc6bc56f2cff022ebbc5792bdd74c92,MITDB_P207,207,1320000000,1,20260927,MODEL_V2_TCN_MEANMAX,MODEL_V2_OPTIMIZER_CORRECTED_V1,0,6.202750205993652,0.9979802966117859,18,V2-006-OPT-CORR-F01-S20260927,d65f8f5184d943417a4896f0ae87b47606c0ece1ba004892a72656bfd313bf60
c683cebd7c988ea02cb28e56390109dd605767c9fd4e2243e43ef9c854bbcaf9,MITDB_P119,119,860000000,1,20260927,MODEL_V2_TCN_MEANMAX,MODEL_V2_OPTIMIZER_CORRECTED_V1,1,17.52602767944336,1.0,18,V2-006-OPT-CORR-F01-S20260927,d65f8f5184d943417a4896f0ae87b47606c0ece1ba004892a72656bfd313bf60
c69eba65a306dbd9a5d8fcdb0d16161ee74ac2ba9d828e7db428929dc0a87897,MITDB_P119,119,1320000000,1,20260927,MODEL_V2_TCN_MEANMAX,MODEL_V2_OPTIMIZER_CORRECTED_V1,1,18.07828712463379,1.0,18,V2-006-OPT-CORR-F01-S20260927,d65f8f5184d943417a4896f0ae87b47606c0ece1ba004892a72656bfd313bf60
c6d7bd5a0745fdc89d30687f9480258a1b06cdf328e57af9d662ba733b3263af,MITDB_P119,119,185000000,1,20260927,MODEL_V2_TCN_MEANMAX,MODEL_V2_OPTIMIZER_CORRECTED_V1,1,16.346195220947266,0.9999998807907104,18,V2-006-OPT-CORR-F01-S20260927,d65f8f5184d943417a4896f0ae87b47606c0ece1ba004892a72656bfd313bf60
c710fab7f15c00fce6f5b3844258d407c5ed320980f0c4562391aa9e9ccba87d,MITDB_P210,210,240000000,1,20260927,MODEL_V2_TCN_MEANMAX,MODEL_V2_OPTIMIZER_CORRECTED_V1,1,4.35676908493042,0.9873424768447876,18,V2-006-OPT-CORR-F01-S20260927,d65f8f5184d943417a4896f0ae87b47606c0ece1ba004892a72656bfd313bf60
c73a1821b4d8f60acd876e32acc441b7c76beaafcb8d3fd8380e261dfc5359cb,MITDB_P207,207,1720000000,1,20260927,MODEL_V2_TCN_MEANMAX,MODEL_V2_OPTIMIZER_CORRECTED_V1,1,-1.7682039737701416,0.14576582610607147,18,V2-006-OPT-CORR-F01-S20260927,d65f8f5184d943417a4896f0ae87b47606c0ece1ba004892a72656bfd313bf60
c7494eb1f5a6254b6aa57a9fb8bbbad6e3ce693fec346e7519c2fbf2dfdbe03b,MITDB_P210,210,985000000,1,20260927,MODEL_V2_TCN_MEANMAX,MODEL_V2_OPTIMIZER_CORRECTED_V1,0,-2.961005926132202,0.04921891167759895,18,V2-006-OPT-CORR-F01-S20260927,d65f8f5184d943417a4896f0ae87b47606c0ece1ba004892a72656bfd313bf60
c75477b12f332b9519448d5038c8c35d16ad494787a493f837279b6a7c90f537,MITDB_P207,207,615000000,1,20260927,MODEL_V2_TCN_MEANMAX,MODEL_V2_OPTIMIZER_CORRECTED_V1,0,9.469792366027832,0.9999228715896606,18,V2-006-OPT-CORR-F01-S20260927,d65f8f5184d943417a4896f0ae87b47606c0ece1ba004892a72656bfd313bf60
c762bc764a2869a8723c6372a3c42db793e591fef53ff3b3305e3ee0ec96f269,MITDB_P101,101,295000000,1,20260927,MODEL_V2_TCN_MEANMAX,MODEL_V2_OPTIMIZER_CORRECTED_V1,0,-6.708074569702148,0.0012195238377898932,18,V2-006-OPT-CORR-F01-S20260927,d65f8f5184d943417a4896f0ae87b47606c0ece1ba004892a72656bfd313bf60
c7ac866c1d8614833833886a476b55544f8b860c55e7f6dae29b6e0d6d6022a2,MITDB_P118,118,340000000,1,20260927,MODEL_V2_TCN_MEANMAX,MODEL_V2_OPTIMIZER_CORRECTED_V1,0,3.6183676719665527,0.9738744497299194,18,V2-006-OPT-CORR-F01-S20260927,d65f8f5184d943417a4896f0ae87b47606c0ece1ba004892a72656bfd313bf60
c8149dc57e4d3d08729d6dc60a41d1d0e8beb3f6d175388572a80783e20d54fe,MITDB_P122,122,480000000,1,20260927,MODEL_V2_TCN_MEANMAX,MODEL_V2_OPTIMIZER_CORRECTED_V1,0,-9.31289291381836,9.024493192555383e-05,18,V2-006-OPT-CORR-F01-S20260927,d65f8f5184d943417a4896f0ae87b47606c0ece1ba004892a72656bfd313bf60
c824af1111bce46e515cdff30e2bf3b740d6e57d72102a6ed8bdae3aa254249f,MITDB_P210,210,990000000,1,20260927,MODEL_V2_TCN_MEANMAX,MODEL_V2_OPTIMIZER_CORRECTED_V1,0,-2.206009864807129,0.09921209514141083,18,V2-006-OPT-CORR-F01-S20260927,d65f8f5184d943417a4896f0ae87b47606c0ece1ba004892a72656bfd313bf60
c840dd1571558ab7b3b88afa15c0e42af57e8944b0f0500bb1e567e2c1ff7eb1,MITDB_P101,101,1705000000,1,20260927,MODEL_V2_TCN_MEANMAX,MODEL_V2_OPTIMIZER_CORRECTED_V1,0,-6.423993110656738,0.0016195386415347457,18,V2-006-OPT-CORR-F01-S20260927,d65f8f5184d943417a4896f0ae87b47606c0ece1ba004892a72656bfd313bf60
c86c5cd1932b337eb334e2ffed8032c73f68cc0b4694b975d18d2e9a55ed9881,MITDB_P122,122,845000000,1,20260927,MODEL_V2_TCN_MEANMAX,MODEL_V2_OPTIMIZER_CORRECTED_V1,0,-7.291998863220215,0.0006805021548643708,18,V2-006-OPT-CORR-F01-S20260927,d65f8f5184d943417a4896f0ae87b47606c0ece1ba004892a72656bfd313bf60
c8719beeb464bb9eeb4eca6d72846e8e3f148f077b679b5d96e80d06ba3c68c4,MITDB_P118,118,735000000,1,20260927,MODEL_V2_TCN_MEANMAX,MODEL_V2_OPTIMIZER_CORRECTED_V1,1,7.6982102394104,0.9995465874671936,18,V2-006-OPT-CORR-F01-S20260927,d65f8f5184d943417a4896f0ae87b47606c0ece1ba004892a72656bfd313bf60
c875b8a049b3dc2a196f1673b2edffa40fbdcbb4656745febe876130f92c78bd,MITDB_P118,118,1040000000,1,20260927,MODEL_V2_TCN_MEANMAX,MODEL_V2_OPTIMIZER_CORRECTED_V1,0,4.5981669425964355,0.99003005027771,18,V2-006-OPT-CORR-F01-S20260927,d65f8f5184d943417a4896f0ae87b47606c0ece1ba004892a72656bfd313bf60
c8790254a185731dd6e4cf99874cf98625d8b2102fbe8c3e5879d92784213453,MITDB_P207,207,960000000,1,20260927,MODEL_V2_TCN_MEANMAX,MODEL_V2_OPTIMIZER_CORRECTED_V1,0,8.16580581665039,0.9997158646583557,18,V2-006-OPT-CORR-F01-S20260927,d65f8f5184d943417a4896f0ae87b47606c0ece1ba004892a72656bfd313bf60
c8a895d56038304a5e7a07d1ea7823dbbabcb8fa35b70a16b302f07affe6bb01,MITDB_P207,207,955000000,1,20260927,MODEL_V2_TCN_MEANMAX,MODEL_V2_OPTIMIZER_CORRECTED_V1,0,7.782761096954346,0.9995833039283752,18,V2-006-OPT-CORR-F01-S20260927,d65f8f5184d943417a4896f0ae87b47606c0ece1ba004892a72656bfd313bf60
c8f3b6db73c1b1b73cce29da660c2b04caef17e9826ec9682cf024d9de7e31ef,MITDB_P101,101,845000000,1,20260927,MODEL_V2_TCN_MEANMAX,MODEL_V2_OPTIMIZER_CORRECTED_V1,0,-6.312272071838379,0.0018106229836121202,18,V2-006-OPT-CORR-F01-S20260927,d65f8f5184d943417a4896f0ae87b47606c0ece1ba004892a72656bfd313bf60
c8f62a7f2cbf1bec878e760d23346168c98c4fdb4206322eab68097e2436b4b2,MITDB_P118,118,490000000,1,20260927,MODEL_V2_TCN_MEANMAX,MODEL_V2_OPTIMIZER_CORRECTED_V1,0,-0.5249315500259399,0.37169981002807617,18,V2-006-OPT-CORR-F01-S20260927,d65f8f5184d943417a4896f0ae87b47606c0ece1ba004892a72656bfd313bf60
c91de0c1daf587ecc99a25815fef02a70e1a890b8e17838151bed6a0ae8ef44b,MITDB_P122,122,460000000,1,20260927,MODEL_V2_TCN_MEANMAX,MODEL_V2_OPTIMIZER_CORRECTED_V1,0,-7.492304801940918,0.0005570463836193085,18,V2-006-OPT-CORR-F01-S20260927,d65f8f5184d943417a4896f0ae87b47606c0ece1ba004892a72656bfd313bf60
c93be555f1da1068647d3e15bde5fd99880027e34ebb79324db881658dcef17b,MITDB_P118,118,1495000000,1,20260927,MODEL_V2_TCN_MEANMAX,MODEL_V2_OPTIMIZER_CORRECTED_V1,0,-0.36205390095710754,0.4104624390602112,18,V2-006-OPT-CORR-F01-S20260927,d65f8f5184d943417a4896f0ae87b47606c0ece1ba004892a72656bfd313bf60
c950fefa855c73ea55fdac28852209999a822c478fbbab72ebd37c1601fdc03c,MITDB_P207,207,850000000,1,20260927,MODEL_V2_TCN_MEANMAX,MODEL_V2_OPTIMIZER_CORRECTED_V1,0,8.197333335876465,0.9997246861457825,18,V2-006-OPT-CORR-F01-S20260927,d65f8f5184d943417a4896f0ae87b47606c0ece1ba004892a72656bfd313bf60
c956705853df3006559ee8aad8e79e0a6f820ff13cd00636d263ad200d96cc65,MITDB_P207,207,155000000,1,20260927,MODEL_V2_TCN_MEANMAX,MODEL_V2_OPTIMIZER_CORRECTED_V1,1,7.8333892822265625,0.9996039271354675,18,V2-006-OPT-CORR-F01-S20260927,d65f8f5184d943417a4896f0ae87b47606c0ece1ba004892a72656bfd313bf60
c99ad76abd640e2c91677d08326b9012b19ee8e9bb9a5de9345b7fae58474abd,MITDB_P118,118,415000000,1,20260927,MODEL_V2_TCN_MEANMAX,MODEL_V2_OPTIMIZER_CORRECTED_V1,0,0.8429895639419556,0.6990944743156433,18,V2-006-OPT-CORR-F01-S20260927,d65f8f5184d943417a4896f0ae87b47606c0ece1ba004892a72656bfd313bf60
c9e50e6a35646418c49c4d02ab4f57409bd730469b737e5ac47c755233e062c8,MITDB_P118,118,675000000,1,20260927,MODEL_V2_TCN_MEANMAX,MODEL_V2_OPTIMIZER_CORRECTED_V1,1,6.773409843444824,0.9988574981689453,18,V2-006-OPT-CORR-F01-S20260927,d65f8f5184d943417a4896f0ae87b47606c0ece1ba004892a72656bfd313bf60
ca28ee50aa757f16e8438f68edc80dad317c868cc3fdff8c03a942d8380340ff,MITDB_P207,207,1115000000,1,20260927,MODEL_V2_TCN_MEANMAX,MODEL_V2_OPTIMIZER_CORRECTED_V1,0,7.269319534301758,0.999303936958313,18,V2-006-OPT-CORR-F01-S20260927,d65f8f5184d943417a4896f0ae87b47606c0ece1ba004892a72656bfd313bf60
ca55724991227ce54f745cecb435499c6107e9085847e72059b9db17d64df329,MITDB_P207,207,735000000,1,20260927,MODEL_V2_TCN_MEANMAX,MODEL_V2_OPTIMIZER_CORRECTED_V1,0,7.899038314819336,0.999629020690918,18,V2-006-OPT-CORR-F01-S20260927,d65f8f5184d943417a4896f0ae87b47606c0ece1ba004892a72656bfd313bf60
ca5ad1a8b36d4dfee8bb09b886b265833fb66caeb8ffb11c1bea2e8b2a3548f0,MITDB_P210,210,900000000,1,20260927,MODEL_V2_TCN_MEANMAX,MODEL_V2_OPTIMIZER_CORRECTED_V1,0,1.0672558546066284,0.7440747022628784,18,V2-006-OPT-CORR-F01-S20260927,d65f8f5184d943417a4896f0ae87b47606c0ece1ba004892a72656bfd313bf60
ca5ad8926a53d86687343841dbf5b46fc79a3615d57a5b3d54e5c01909be3284,MITDB_P118,118,330000000,1,20260927,MODEL_V2_TCN_MEANMAX,MODEL_V2_OPTIMIZER_CORRECTED_V1,0,2.688965320587158,0.9363723993301392,18,V2-006-OPT-CORR-F01-S20260927,d65f8f5184d943417a4896f0ae87b47606c0ece1ba004892a72656bfd313bf60
ca670c3ffe5f1abc72ffb8237454fe284fb0084e1b6d18c0eba4b32f7ff8b9f4,MITDB_P210,210,1355000000,1,20260927,MODEL_V2_TCN_MEANMAX,MODEL_V2_OPTIMIZER_CORRECTED_V1,0,-3.1428442001342773,0.04137416556477547,18,V2-006-OPT-CORR-F01-S20260927,d65f8f5184d943417a4896f0ae87b47606c0ece1ba004892a72656bfd313bf60
ca9c7907c0be97cf727fd987636b6732d17283dc39b8d32f8d84d8d9cf130718,MITDB_P119,119,1085000000,1,20260927,MODEL_V2_TCN_MEANMAX,MODEL_V2_OPTIMIZER_CORRECTED_V1,1,15.834379196166992,0.9999998807907104,18,V2-006-OPT-CORR-F01-S20260927,d65f8f5184d943417a4896f0ae87b47606c0ece1ba004892a72656bfd313bf60
ca9dba2eceec7e016b3d56f4122a0a4d3c3fef78b0747bda78d7c66bb5c0cbd5,MITDB_P210,210,1495000000,1,20260927,MODEL_V2_TCN_MEANMAX,MODEL_V2_OPTIMIZER_CORRECTED_V1,0,-4.845820903778076,0.007799845188856125,18,V2-006-OPT-CORR-F01-S20260927,d65f8f5184d943417a4896f0ae87b47606c0ece1ba004892a72656bfd313bf60
cadd23c0ab9ebe2ab9dd91da234d5eef53c3d76ba0aa069b05e382621bc93612,MITDB_P207,207,1015000000,1,20260927,MODEL_V2_TCN_MEANMAX,MODEL_V2_OPTIMIZER_CORRECTED_V1,0,7.673151969909668,0.999535083770752,18,V2-006-OPT-CORR-F01-S20260927,d65f8f5184d943417a4896f0ae87b47606c0ece1ba004892a72656bfd313bf60
cae05f62c549c5988161ecb6957ce4ab2cd2e3bd387f77be58c00bd37a8c5fa3,MITDB_P101,101,750000000,1,20260927,MODEL_V2_TCN_MEANMAX,MODEL_V2_OPTIMIZER_CORRECTED_V1,0,-6.359011650085449,0.0017280853353440762,18,V2-006-OPT-CORR-F01-S20260927,d65f8f5184d943417a4896f0ae87b47606c0ece1ba004892a72656bfd313bf60
caf4baffa21b1bc4407d464ab7bc3f6d1d64dc81a7f7334c78f32e2c68c8b29c,MITDB_P207,207,375000000,1,20260927,MODEL_V2_TCN_MEANMAX,MODEL_V2_OPTIMIZER_CORRECTED_V1,0,10.678257942199707,0.9999769926071167,18,V2-006-OPT-CORR-F01-S20260927,d65f8f5184d943417a4896f0ae87b47606c0ece1ba004892a72656bfd313bf60
cb0530fe5bb7d54d9a31a582e3a00c9747b795ade9ee45eaf120ec5b2614f565,MITDB_P210,210,845000000,1,20260927,MODEL_V2_TCN_MEANMAX,MODEL_V2_OPTIMIZER_CORRECTED_V1,0,4.335323333740234,0.987071692943573,18,V2-006-OPT-CORR-F01-S20260927,d65f8f5184d943417a4896f0ae87b47606c0ece1ba004892a72656bfd313bf60
cb45b204acdb67aae9ec389fcd5a64ec3dc9bc2c1ccfb1c219eff24a588db13d,MITDB_P101,101,1750000000,1,20260927,MODEL_V2_TCN_MEANMAX,MODEL_V2_OPTIMIZER_CORRECTED_V1,0,-6.710024833679199,0.0012171505950391293,18,V2-006-OPT-CORR-F01-S20260927,d65f8f5184d943417a4896f0ae87b47606c0ece1ba004892a72656bfd313bf60
cb8b9de446cd33707f40a86bd0904e0da5b1fffcfd44c85c54d677d5c97a6d01,MITDB_P207,207,625000000,1,20260927,MODEL_V2_TCN_MEANMAX,MODEL_V2_OPTIMIZER_CORRECTED_V1,0,9.736757278442383,0.9999408721923828,18,V2-006-OPT-CORR-F01-S20260927,d65f8f5184d943417a4896f0ae87b47606c0ece1ba004892a72656bfd313bf60
cbb9b6f1b649125a23f17079d0ff06abefbe046d41c170e94778de3ea6b46b9f,MITDB_P122,122,1360000000,1,20260927,MODEL_V2_TCN_MEANMAX,MODEL_V2_OPTIMIZER_CORRECTED_V1,0,-5.896212100982666,0.002742300508543849,18,V2-006-OPT-CORR-F01-S20260927,d65f8f5184d943417a4896f0ae87b47606c0ece1ba004892a72656bfd313bf60
cbe2def145419151136372ab165afc96fd81ead64de6121c993862ccc03b9c6a,MITDB_P118,118,1080000000,1,20260927,MODEL_V2_TCN_MEANMAX,MODEL_V2_OPTIMIZER_CORRECTED_V1,0,4.117556571960449,0.9839767217636108,18,V2-006-OPT-CORR-F01-S20260927,d65f8f5184d943417a4896f0ae87b47606c0ece1ba004892a72656bfd313bf60
cbe4541f183b55ec4225d2f4cdb95bf01da07db728fb42775e55a6fe48e59022,MITDB_P210,210,705000000,1,20260927,MODEL_V2_TCN_MEANMAX,MODEL_V2_OPTIMIZER_CORRECTED_V1,0,-4.280489921569824,0.013647062703967094,18,V2-006-OPT-CORR-F01-S20260927,d65f8f5184d943417a4896f0ae87b47606c0ece1ba004892a72656bfd313bf60
cbec8d43206f242e5f0657df376a5e0165fb542835eb1021f0a38361407762d4,MITDB_P207,207,730000000,1,20260927,MODEL_V2_TCN_MEANMAX,MODEL_V2_OPTIMIZER_CORRECTED_V1,0,7.96096134185791,0.999651312828064,18,V2-006-OPT-CORR-F01-S20260927,d65f8f5184d943417a4896f0ae87b47606c0ece1ba004892a72656bfd313bf60
cbfe16f6139e74c3b4227d6dc1c835e0c0bdf4533e232b4d5e1bb08cf129540e,MITDB_P119,119,645000000,1,20260927,MODEL_V2_TCN_MEANMAX,MODEL_V2_OPTIMIZER_CORRECTED_V1,0,-7.279000759124756,0.0006893990212120116,18,V2-006-OPT-CORR-F01-S20260927,d65f8f5184d943417a4896f0ae87b47606c0ece1ba004892a72656bfd313bf60
cc13a6baeb2ad341e7a393df5552eb336d35ddbf88a80fbe51940218e52834ed,MITDB_P119,119,1360000000,1,20260927,MODEL_V2_TCN_MEANMAX,MODEL_V2_OPTIMIZER_CORRECTED_V1,1,21.005300521850586,1.0,18,V2-006-OPT-CORR-F01-S20260927,d65f8f5184d943417a4896f0ae87b47606c0ece1ba004892a72656bfd313bf60
cc2557362da3737f0af5dea1733d938c6b57f805b3366d226a8a2a3414d562e2,MITDB_P207,207,1355000000,1,20260927,MODEL_V2_TCN_MEANMAX,MODEL_V2_OPTIMIZER_CORRECTED_V1,0,6.731719970703125,0.9988089799880981,18,V2-006-OPT-CORR-F01-S20260927,d65f8f5184d943417a4896f0ae87b47606c0ece1ba004892a72656bfd313bf60
cc4449fdd5ebad3f2fe7c9f5b1cb01b717285049d79990646b95c7fac11ad5f5,MITDB_P122,122,295000000,1,20260927,MODEL_V2_TCN_MEANMAX,MODEL_V2_OPTIMIZER_CORRECTED_V1,0,-9.713701248168945,6.044590918463655e-05,18,V2-006-OPT-CORR-F01-S20260927,d65f8f5184d943417a4896f0ae87b47606c0ece1ba004892a72656bfd313bf60
cc528fad39f673a71502aaa4c8b2c994d7397d219b8f114cb4db4f2cf978121a,MITDB_P122,122,1210000000,1,20260927,MODEL_V2_TCN_MEANMAX,MODEL_V2_OPTIMIZER_CORRECTED_V1,0,-7.805999755859375,0.000407118204748258,18,V2-006-OPT-CORR-F01-S20260927,d65f8f5184d943417a4896f0ae87b47606c0ece1ba004892a72656bfd313bf60
cc9c79c2d6c7d1abe965c019ddc04f3372632010bd2c8f57c3c5a22305322da6,MITDB_P101,101,50000000,1,20260927,MODEL_V2_TCN_MEANMAX,MODEL_V2_OPTIMIZER_CORRECTED_V1,0,-6.198304176330566,0.002028750954195857,18,V2-006-OPT-CORR-F01-S20260927,d65f8f5184d943417a4896f0ae87b47606c0ece1ba004892a72656bfd313bf60
ccb0b515fc21a778a336b7d2f2069514e259b9a50c92d5b80c635c14cbe3834e,MITDB_P207,207,1765000000,1,20260927,MODEL_V2_TCN_MEANMAX,MODEL_V2_OPTIMIZER_CORRECTED_V1,1,-1.390389323234558,0.19934561848640442,18,V2-006-OPT-CORR-F01-S20260927,d65f8f5184d943417a4896f0ae87b47606c0ece1ba004892a72656bfd313bf60
ccc52e296212d9bb6adbf96d10c578600a1ec6574d4c584340dd73134aa91fe4,MITDB_P122,122,770000000,1,20260927,MODEL_V2_TCN_MEANMAX,MODEL_V2_OPTIMIZER_CORRECTED_V1,0,-7.918221473693848,0.0003639167407527566,18,V2-006-OPT-CORR-F01-S20260927,d65f8f5184d943417a4896f0ae87b47606c0ece1ba004892a72656bfd313bf60
ccde0200281441ea7da15708795dac915961d5fa44124622d954e4e0c5949616,MITDB_P101,101,165000000,1,20260927,MODEL_V2_TCN_MEANMAX,MODEL_V2_OPTIMIZER_CORRECTED_V1,0,-6.901751518249512,0.0010050107957795262,18,V2-006-OPT-CORR-F01-S20260927,d65f8f5184d943417a4896f0ae87b47606c0ece1ba004892a72656bfd313bf60
ccfa1cf63bff2e01fede1a181a4332a3835733cb1d91185fcbf5987edd3e2dbb,MITDB_P118,118,60000000,1,20260927,MODEL_V2_TCN_MEANMAX,MODEL_V2_OPTIMIZER_CORRECTED_V1,0,1.6324721574783325,0.83650803565979,18,V2-006-OPT-CORR-F01-S20260927,d65f8f5184d943417a4896f0ae87b47606c0ece1ba004892a72656bfd313bf60
cd03fa3ed43e48fdff856103f18cd00ad9f663a3d9bc7408a5d563af1436bcfb,MITDB_P101,101,215000000,1,20260927,MODEL_V2_TCN_MEANMAX,MODEL_V2_OPTIMIZER_CORRECTED_V1,0,-6.003241539001465,0.0024646406527608633,18,V2-006-OPT-CORR-F01-S20260927,d65f8f5184d943417a4896f0ae87b47606c0ece1ba004892a72656bfd313bf60
cd0f6c7a72ddd1cf13d290037eb12ea08a016a5ebe7fe4aecff19521376054a2,MITDB_P122,122,290000000,1,20260927,MODEL_V2_TCN_MEANMAX,MODEL_V2_OPTIMIZER_CORRECTED_V1,0,-10.13105297088623,3.982193084084429e-05,18,V2-006-OPT-CORR-F01-S20260927,d65f8f5184d943417a4896f0ae87b47606c0ece1ba004892a72656bfd313bf60
cd1894b33ec2e823732dd576ff7a2e7c0957e14f54bfb896dfda9f02e65e3d23,MITDB_P101,101,1015000000,1,20260927,MODEL_V2_TCN_MEANMAX,MODEL_V2_OPTIMIZER_CORRECTED_V1,0,-7.497720241546631,0.0005540396086871624,18,V2-006-OPT-CORR-F01-S20260927,d65f8f5184d943417a4896f0ae87b47606c0ece1ba004892a72656bfd313bf60
cd4174677caf81bd907151bd47cd79076c0a3d14400704231d70c3b48c61fff3,MITDB_P122,122,395000000,1,20260927,MODEL_V2_TCN_MEANMAX,MODEL_V2_OPTIMIZER_CORRECTED_V1,0,-6.172165870666504,0.0020823662634938955,18,V2-006-OPT-CORR-F01-S20260927,d65f8f5184d943417a4896f0ae87b47606c0ece1ba004892a72656bfd313bf60
cd533e3b5ef002c4ab2e7bcd9e2b134115a6b19dfb3753af3caff50e8c5089ac,MITDB_P210,210,875000000,1,20260927,MODEL_V2_TCN_MEANMAX,MODEL_V2_OPTIMIZER_CORRECTED_V1,0,-2.4188032150268555,0.0817500501871109,18,V2-006-OPT-CORR-F01-S20260927,d65f8f5184d943417a4896f0ae87b47606c0ece1ba004892a72656bfd313bf60
ce33304d1b73bebcab7e25e037a9d0ad4125cd5a4ac5a6449aff111950f3877e,MITDB_P207,207,835000000,1,20260927,MODEL_V2_TCN_MEANMAX,MODEL_V2_OPTIMIZER_CORRECTED_V1,0,7.069839000701904,0.9991503953933716,18,V2-006-OPT-CORR-F01-S20260927,d65f8f5184d943417a4896f0ae87b47606c0ece1ba004892a72656bfd313bf60
cebccd998b939095a6d5b542eb2e94989d7ff719e198a39409a0d2ecd865f7cf,MITDB_P119,119,455000000,1,20260927,MODEL_V2_TCN_MEANMAX,MODEL_V2_OPTIMIZER_CORRECTED_V1,1,14.436138153076172,0.9999994039535522,18,V2-006-OPT-CORR-F01-S20260927,d65f8f5184d943417a4896f0ae87b47606c0ece1ba004892a72656bfd313bf60
cecba6f69d5750216a6ff807c2160cf385f22ee5c024c986508fc77ff5f81da7,MITDB_P210,210,1130000000,1,20260927,MODEL_V2_TCN_MEANMAX,MODEL_V2_OPTIMIZER_CORRECTED_V1,0,-3.2123734951019287,0.03870273381471634,18,V2-006-OPT-CORR-F01-S20260927,d65f8f5184d943417a4896f0ae87b47606c0ece1ba004892a72656bfd313bf60
ceef28e60194ec0aed9c1637faaf88c66a92791e230bf30b742345d8e7abf06f,MITDB_P118,118,115000000,1,20260927,MODEL_V2_TCN_MEANMAX,MODEL_V2_OPTIMIZER_CORRECTED_V1,1,4.4251389503479,0.9881690740585327,18,V2-006-OPT-CORR-F01-S20260927,d65f8f5184d943417a4896f0ae87b47606c0ece1ba004892a72656bfd313bf60
cefc203659c4cac2413559a0363ef3df64bc65b26982cbf9df2fb8e35eaa1afd,MITDB_P119,119,1530000000,1,20260927,MODEL_V2_TCN_MEANMAX,MODEL_V2_OPTIMIZER_CORRECTED_V1,1,15.2943754196167,0.9999997615814209,18,V2-006-OPT-CORR-F01-S20260927,d65f8f5184d943417a4896f0ae87b47606c0ece1ba004892a72656bfd313bf60
cf01858939b8319554915bd2ddaeda047da73244a88fac6a39461e145933643e,MITDB_P118,118,1215000000,1,20260927,MODEL_V2_TCN_MEANMAX,MODEL_V2_OPTIMIZER_CORRECTED_V1,0,1.8445918560028076,0.8634908199310303,18,V2-006-OPT-CORR-F01-S20260927,d65f8f5184d943417a4896f0ae87b47606c0ece1ba004892a72656bfd313bf60
cf083f09470103a8c00c3e70867ea853842ee9567b28d446f7641189d4c9f4c9,MITDB_P119,119,670000000,1,20260927,MODEL_V2_TCN_MEANMAX,MODEL_V2_OPTIMIZER_CORRECTED_V1,1,18.094669342041016,1.0,18,V2-006-OPT-CORR-F01-S20260927,d65f8f5184d943417a4896f0ae87b47606c0ece1ba004892a72656bfd313bf60
cf1e52209d0af5edd226551a7289d3cb7d286cbf7c4e94a0e02597f3ded7afe5,MITDB_P210,210,1030000000,1,20260927,MODEL_V2_TCN_MEANMAX,MODEL_V2_OPTIMIZER_CORRECTED_V1,1,16.385601043701172,0.9999998807907104,18,V2-006-OPT-CORR-F01-S20260927,d65f8f5184d943417a4896f0ae87b47606c0ece1ba004892a72656bfd313bf60
cf2cee484cb378ac71f74eb8c2a452fb65817eda8a1951ef0e3fc275309deaa2,MITDB_P119,119,245000000,1,20260927,MODEL_V2_TCN_MEANMAX,MODEL_V2_OPTIMIZER_CORRECTED_V1,1,14.921624183654785,0.9999996423721313,18,V2-006-OPT-CORR-F01-S20260927,d65f8f5184d943417a4896f0ae87b47606c0ece1ba004892a72656bfd313bf60
cf39d9a07388f9f91952f99aadd3442817b375fb739a7f937d798544183f6b1b,MITDB_P122,122,795000000,1,20260927,MODEL_V2_TCN_MEANMAX,MODEL_V2_OPTIMIZER_CORRECTED_V1,0,-7.405309677124023,0.0006076463614590466,18,V2-006-OPT-CORR-F01-S20260927,d65f8f5184d943417a4896f0ae87b47606c0ece1ba004892a72656bfd313bf60
cf67e63df8c7b19c97ef1db58c840e1cec7e9fa673a3b376e9aab7d7a3ea2c37,MITDB_P118,118,350000000,1,20260927,MODEL_V2_TCN_MEANMAX,MODEL_V2_OPTIMIZER_CORRECTED_V1,1,5.3308234214782715,0.9951831698417664,18,V2-006-OPT-CORR-F01-S20260927,d65f8f5184d943417a4896f0ae87b47606c0ece1ba004892a72656bfd313bf60
cf6b55c285c924d3a9b762327ea14bd4658c0323706f94eef26d8e2865ad810f,MITDB_P119,119,560000000,1,20260927,MODEL_V2_TCN_MEANMAX,MODEL_V2_OPTIMIZER_CORRECTED_V1,1,15.839860916137695,0.9999998807907104,18,V2-006-OPT-CORR-F01-S20260927,d65f8f5184d943417a4896f0ae87b47606c0ece1ba004892a72656bfd313bf60
cf892a3506f28b7f6d4b0399c6b7b3ec73fb53e23ddb9f81db2c068933730230,MITDB_P210,210,1515000000,1,20260927,MODEL_V2_TCN_MEANMAX,MODEL_V2_OPTIMIZER_CORRECTED_V1,1,7.228673934936523,0.9992750287055969,18,V2-006-OPT-CORR-F01-S20260927,d65f8f5184d943417a4896f0ae87b47606c0ece1ba004892a72656bfd313bf60
cf9aa5ec12c7bff41575d6dcd670c4a242a6bc3a2f9d19b5dadc11475b733616,MITDB_P207,207,1500000000,1,20260927,MODEL_V2_TCN_MEANMAX,MODEL_V2_OPTIMIZER_CORRECTED_V1,0,6.910466194152832,0.9990037083625793,18,V2-006-OPT-CORR-F01-S20260927,d65f8f5184d943417a4896f0ae87b47606c0ece1ba004892a72656bfd313bf60
cfa6df991921ad035c3368769cd6ff7bfdab0724ba197f064538e2111faf82f4,MITDB_P207,207,830000000,1,20260927,MODEL_V2_TCN_MEANMAX,MODEL_V2_OPTIMIZER_CORRECTED_V1,0,6.804388999938965,0.9988923668861389,18,V2-006-OPT-CORR-F01-S20260927,d65f8f5184d943417a4896f0ae87b47606c0ece1ba004892a72656bfd313bf60
cfb8df80010df89802a6913d5a5d7e5d3f7bcb3c57063d065166595bdadd0473,MITDB_P207,207,305000000,1,20260927,MODEL_V2_TCN_MEANMAX,MODEL_V2_OPTIMIZER_CORRECTED_V1,0,5.479072093963623,0.9958441853523254,18,V2-006-OPT-CORR-F01-S20260927,d65f8f5184d943417a4896f0ae87b47606c0ece1ba004892a72656bfd313bf60
cfe67de919788aae3bea72631097bb7b9076ec771b9aa872d01534ab78caed00,MITDB_P207,207,760000000,1,20260927,MODEL_V2_TCN_MEANMAX,MODEL_V2_OPTIMIZER_CORRECTED_V1,0,7.555999755859375,0.9994773268699646,18,V2-006-OPT-CORR-F01-S20260927,d65f8f5184d943417a4896f0ae87b47606c0ece1ba004892a72656bfd313bf60
cfeae3674e864899a165ce05e19cbde0816e5e6f1b5ecb3d472fb8b54c6fdced,MITDB_P101,101,670000000,1,20260927,MODEL_V2_TCN_MEANMAX,MODEL_V2_OPTIMIZER_CORRECTED_V1,0,-5.872600555419922,0.002807636745274067,18,V2-006-OPT-CORR-F01-S20260927,d65f8f5184d943417a4896f0ae87b47606c0ece1ba004892a72656bfd313bf60
cfed51f906aa4ac94a32e07800cb29eae495831e49da51c08b52590c49d9cb2d,MITDB_P101,101,655000000,1,20260927,MODEL_V2_TCN_MEANMAX,MODEL_V2_OPTIMIZER_CORRECTED_V1,0,-6.352529048919678,0.0017393047455698252,18,V2-006-OPT-CORR-F01-S20260927,d65f8f5184d943417a4896f0ae87b47606c0ece1ba004892a72656bfd313bf60
cff07b520dcc51f65886c9aa6b6d29a6122e44f7c5f675c8790cd415b2bf3c4a,MITDB_P119,119,1375000000,1,20260927,MODEL_V2_TCN_MEANMAX,MODEL_V2_OPTIMIZER_CORRECTED_V1,1,17.354816436767578,1.0,18,V2-006-OPT-CORR-F01-S20260927,d65f8f5184d943417a4896f0ae87b47606c0ece1ba004892a72656bfd313bf60
d027b5b0d74b86919601ed280db0028f23587e7dad72e2e95a18003ec5b6f623,MITDB_P118,118,700000000,1,20260927,MODEL_V2_TCN_MEANMAX,MODEL_V2_OPTIMIZER_CORRECTED_V1,0,-2.0046777725219727,0.1187126636505127,18,V2-006-OPT-CORR-F01-S20260927,d65f8f5184d943417a4896f0ae87b47606c0ece1ba004892a72656bfd313bf60
d05de130955f1baa294d244a7240b77eb8716afaa2fff1eeeae6ced26704de39,MITDB_P101,101,605000000,1,20260927,MODEL_V2_TCN_MEANMAX,MODEL_V2_OPTIMIZER_CORRECTED_V1,1,-6.157406806945801,0.0021132626570761204,18,V2-006-OPT-CORR-F01-S20260927,d65f8f5184d943417a4896f0ae87b47606c0ece1ba004892a72656bfd313bf60
d06802731f87bbf6b9ff034845a6ecbae269d763d053920a6ffe25542297c5f0,MITDB_P210,210,815000000,1,20260927,MODEL_V2_TCN_MEANMAX,MODEL_V2_OPTIMIZER_CORRECTED_V1,0,0.7849501371383667,0.6867460012435913,18,V2-006-OPT-CORR-F01-S20260927,d65f8f5184d943417a4896f0ae87b47606c0ece1ba004892a72656bfd313bf60
d084d8d2697db3f997cecdc485c1d20796305e57d6ff3e181e61371430983fba,MITDB_P118,118,1610000000,1,20260927,MODEL_V2_TCN_MEANMAX,MODEL_V2_OPTIMIZER_CORRECTED_V1,0,-0.04876396059989929,0.487811416387558,18,V2-006-OPT-CORR-F01-S20260927,d65f8f5184d943417a4896f0ae87b47606c0ece1ba004892a72656bfd313bf60
d0b080dcea44a2bfbf26781ae2530e745b40af9a852030b3651884a5b861cda0,MITDB_P210,210,1340000000,1,20260927,MODEL_V2_TCN_MEANMAX,MODEL_V2_OPTIMIZER_CORRECTED_V1,1,16.665088653564453,1.0,18,V2-006-OPT-CORR-F01-S20260927,d65f8f5184d943417a4896f0ae87b47606c0ece1ba004892a72656bfd313bf60
d0b59ff0d2f9ebd8b97515a0abb4ad1c69897f94847af1454918656fb965c431,MITDB_P118,118,125000000,1,20260927,MODEL_V2_TCN_MEANMAX,MODEL_V2_OPTIMIZER_CORRECTED_V1,0,4.205282688140869,0.9853026866912842,18,V2-006-OPT-CORR-F01-S20260927,d65f8f5184d943417a4896f0ae87b47606c0ece1ba004892a72656bfd313bf60
d0b5e23e0634dc7704317e31b54d2b48ac2d8eea322ba7db63efcf0c5b74e97a,MITDB_P118,118,1065000000,1,20260927,MODEL_V2_TCN_MEANMAX,MODEL_V2_OPTIMIZER_CORRECTED_V1,0,4.640352249145508,0.9904380440711975,18,V2-006-OPT-CORR-F01-S20260927,d65f8f5184d943417a4896f0ae87b47606c0ece1ba004892a72656bfd313bf60
d0e5c228d6c1461d809989d8bc729d8b0b345d814f4b1030b5983a17727b1ae9,MITDB_P207,207,1170000000,1,20260927,MODEL_V2_TCN_MEANMAX,MODEL_V2_OPTIMIZER_CORRECTED_V1,0,5.599611282348633,0.9963143467903137,18,V2-006-OPT-CORR-F01-S20260927,d65f8f5184d943417a4896f0ae87b47606c0ece1ba004892a72656bfd313bf60
d1098ca2fce4b8207e90f32091039da2424d58159a51c5afa1446ce167c53e3b,MITDB_P101,101,1285000000,1,20260927,MODEL_V2_TCN_MEANMAX,MODEL_V2_OPTIMIZER_CORRECTED_V1,0,-7.298427581787109,0.0006761443801224232,18,V2-006-OPT-CORR-F01-S20260927,d65f8f5184d943417a4896f0ae87b47606c0ece1ba004892a72656bfd313bf60
d129e5b724cccf6a935351edaaf152773ad9bf75ff98b014cfea2202214d1c00,MITDB_P119,119,470000000,1,20260927,MODEL_V2_TCN_MEANMAX,MODEL_V2_OPTIMIZER_CORRECTED_V1,1,11.266260147094727,0.9999872446060181,18,V2-006-OPT-CORR-F01-S20260927,d65f8f5184d943417a4896f0ae87b47606c0ece1ba004892a72656bfd313bf60
d13374f8b51289471a9d8f636ee1afd90dc2bc27b1ea4940c6f184e5a9757a4b,MITDB_P101,101,660000000,1,20260927,MODEL_V2_TCN_MEANMAX,MODEL_V2_OPTIMIZER_CORRECTED_V1,0,-6.333805084228516,0.0017721198964864016,18,V2-006-OPT-CORR-F01-S20260927,d65f8f5184d943417a4896f0ae87b47606c0ece1ba004892a72656bfd313bf60
d15d70412d432dc83be5acca0a7fd43268a0db82b2bb2de55b0b0e7bd0398bda,MITDB_P207,207,1185000000,1,20260927,MODEL_V2_TCN_MEANMAX,MODEL_V2_OPTIMIZER_CORRECTED_V1,0,6.938767433166504,0.9990315437316895,18,V2-006-OPT-CORR-F01-S20260927,d65f8f5184d943417a4896f0ae87b47606c0ece1ba004892a72656bfd313bf60
d1a06ec034e9e0c4606929649435390cc20d71c0fc00b2f62618ae7ca279119a,MITDB_P210,210,125000000,1,20260927,MODEL_V2_TCN_MEANMAX,MODEL_V2_OPTIMIZER_CORRECTED_V1,1,17.54828643798828,1.0,18,V2-006-OPT-CORR-F01-S20260927,d65f8f5184d943417a4896f0ae87b47606c0ece1ba004892a72656bfd313bf60
d1beb0aba4c99a939bb249c59c729d22e8926d323538dbc113ca41942390b93a,MITDB_P210,210,980000000,1,20260927,MODEL_V2_TCN_MEANMAX,MODEL_V2_OPTIMIZER_CORRECTED_V1,1,16.84865951538086,1.0,18,V2-006-OPT-CORR-F01-S20260927,d65f8f5184d943417a4896f0ae87b47606c0ece1ba004892a72656bfd313bf60
d229886916202e88313a282a4dd92ef551cc046acb2c2fa1706ceacf20587438,MITDB_P210,210,1190000000,1,20260927,MODEL_V2_TCN_MEANMAX,MODEL_V2_OPTIMIZER_CORRECTED_V1,1,14.876319885253906,0.9999996423721313,18,V2-006-OPT-CORR-F01-S20260927,d65f8f5184d943417a4896f0ae87b47606c0ece1ba004892a72656bfd313bf60
d273b5f6c7437a5abc632597f4d199da165a74bd3fc253503f9fa675235e2f8b,MITDB_P119,119,1450000000,1,20260927,MODEL_V2_TCN_MEANMAX,MODEL_V2_OPTIMIZER_CORRECTED_V1,1,14.817788124084473,0.9999996423721313,18,V2-006-OPT-CORR-F01-S20260927,d65f8f5184d943417a4896f0ae87b47606c0ece1ba004892a72656bfd313bf60
d2ddaabfb3cd564f3760443e8b9295691e11cd5910d3690c9fbab27150d3b4a0,MITDB_P207,207,455000000,1,20260927,MODEL_V2_TCN_MEANMAX,MODEL_V2_OPTIMIZER_CORRECTED_V1,0,11.121718406677246,0.9999852180480957,18,V2-006-OPT-CORR-F01-S20260927,d65f8f5184d943417a4896f0ae87b47606c0ece1ba004892a72656bfd313bf60
d310bbc9a659094d6990ca7aa73be56fdc5518d64479e4d98e11704bad0a71d9,MITDB_P101,101,1555000000,1,20260927,MODEL_V2_TCN_MEANMAX,MODEL_V2_OPTIMIZER_CORRECTED_V1,0,-6.448489665985107,0.00158040935639292,18,V2-006-OPT-CORR-F01-S20260927,d65f8f5184d943417a4896f0ae87b47606c0ece1ba004892a72656bfd313bf60
d318d59113be812c793e7bed2e3af8c0bc77121882f414f0a99cb207bcbdceb5,MITDB_P122,122,1160000000,1,20260927,MODEL_V2_TCN_MEANMAX,MODEL_V2_OPTIMIZER_CORRECTED_V1,0,-7.606334209442139,0.0004970442969352007,18,V2-006-OPT-CORR-F01-S20260927,d65f8f5184d943417a4896f0ae87b47606c0ece1ba004892a72656bfd313bf60
d352f6d7f5f1bf527dd910a84000555af374704a91b231dbea52072e060d2817,MITDB_P119,119,850000000,1,20260927,MODEL_V2_TCN_MEANMAX,MODEL_V2_OPTIMIZER_CORRECTED_V1,0,-7.1927618980407715,0.0007514441385865211,18,V2-006-OPT-CORR-F01-S20260927,d65f8f5184d943417a4896f0ae87b47606c0ece1ba004892a72656bfd313bf60
d36f29b548bb224e9cef45a479a066abb4db46d6c6a06ddb70f1fc8253120f6f,MITDB_P118,118,165000000,1,20260927,MODEL_V2_TCN_MEANMAX,MODEL_V2_OPTIMIZER_CORRECTED_V1,0,2.383045196533203,0.9155252575874329,18,V2-006-OPT-CORR-F01-S20260927,d65f8f5184d943417a4896f0ae87b47606c0ece1ba004892a72656bfd313bf60
d37ab28b1abd3488ab5bfb0ac4e87b0225ac226d57d1a45e4456ab4ec3039869,MITDB_P207,207,460000000,1,20260927,MODEL_V2_TCN_MEANMAX,MODEL_V2_OPTIMIZER_CORRECTED_V1,0,12.056232452392578,0.999994158744812,18,V2-006-OPT-CORR-F01-S20260927,d65f8f5184d943417a4896f0ae87b47606c0ece1ba004892a72656bfd313bf60
d3896869f20bae7e6cd860e9b4249b19fd5cc277a169e77579f6087f76311486,MITDB_P118,118,1140000000,1,20260927,MODEL_V2_TCN_MEANMAX,MODEL_V2_OPTIMIZER_CORRECTED_V1,0,2.6028800010681152,0.931046724319458,18,V2-006-OPT-CORR-F01-S20260927,d65f8f5184d943417a4896f0ae87b47606c0ece1ba004892a72656bfd313bf60
d39d8c9222e917a86001e779c48c5df12777c1719dc603b87663468361ee3121,MITDB_P101,101,55000000,1,20260927,MODEL_V2_TCN_MEANMAX,MODEL_V2_OPTIMIZER_CORRECTED_V1,0,-6.422633647918701,0.0016217383090406656,18,V2-006-OPT-CORR-F01-S20260927,d65f8f5184d943417a4896f0ae87b47606c0ece1ba004892a72656bfd313bf60
d3aa651006644ab2d8448e33f5c8b6be75731714d1061d73c0a3b29f6709560d,MITDB_P207,207,175000000,1,20260927,MODEL_V2_TCN_MEANMAX,MODEL_V2_OPTIMIZER_CORRECTED_V1,1,5.23775577545166,0.9947158694267273,18,V2-006-OPT-CORR-F01-S20260927,d65f8f5184d943417a4896f0ae87b47606c0ece1ba004892a72656bfd313bf60
d3e3741e234e1baa000363d4b2c9c67ad882468082a92ffaba605f315dc8d1c7,MITDB_P122,122,1140000000,1,20260927,MODEL_V2_TCN_MEANMAX,MODEL_V2_OPTIMIZER_CORRECTED_V1,0,-7.6902971267700195,0.0004570333403535187,18,V2-006-OPT-CORR-F01-S20260927,d65f8f5184d943417a4896f0ae87b47606c0ece1ba004892a72656bfd313bf60
d3fa8c13096d915145f1cadf3f6a44f8369dac9a0d9704d5529a60aff93cd2d3,MITDB_P122,122,160000000,1,20260927,MODEL_V2_TCN_MEANMAX,MODEL_V2_OPTIMIZER_CORRECTED_V1,0,-7.73614501953125,0.0004365613276604563,18,V2-006-OPT-CORR-F01-S20260927,d65f8f5184d943417a4896f0ae87b47606c0ece1ba004892a72656bfd313bf60
d40a5b34a97d716c3d7577101319cbc6c813f2408bf7ec6eb2218ec75ce54f6c,MITDB_P210,210,520000000,1,20260927,MODEL_V2_TCN_MEANMAX,MODEL_V2_OPTIMIZER_CORRECTED_V1,1,11.632181167602539,0.9999911785125732,18,V2-006-OPT-CORR-F01-S20260927,d65f8f5184d943417a4896f0ae87b47606c0ece1ba004892a72656bfd313bf60
d43ca860bde1555ead94dcaee49bc536b1a96a715ac90e98fce62703ca4a7b88,MITDB_P118,118,1505000000,1,20260927,MODEL_V2_TCN_MEANMAX,MODEL_V2_OPTIMIZER_CORRECTED_V1,0,1.1433300971984863,0.7582905292510986,18,V2-006-OPT-CORR-F01-S20260927,d65f8f5184d943417a4896f0ae87b47606c0ece1ba004892a72656bfd313bf60
d46f4afb50a6e375a38fc46d37dff5084373fe927bdfc3e89e51283d4ebf4ecb,MITDB_P119,119,1425000000,1,20260927,MODEL_V2_TCN_MEANMAX,MODEL_V2_OPTIMIZER_CORRECTED_V1,1,18.05912971496582,1.0,18,V2-006-OPT-CORR-F01-S20260927,d65f8f5184d943417a4896f0ae87b47606c0ece1ba004892a72656bfd313bf60
d4738e88728f019b15da4eda80b300b74240becbd50b5aaf31142b07b9dd2232,MITDB_P210,210,355000000,1,20260927,MODEL_V2_TCN_MEANMAX,MODEL_V2_OPTIMIZER_CORRECTED_V1,0,-1.421556830406189,0.19441764056682587,18,V2-006-OPT-CORR-F01-S20260927,d65f8f5184d943417a4896f0ae87b47606c0ece1ba004892a72656bfd313bf60
d498bdf5fbd89542982c4f6f952c4f5fc52ce2cf281ed34106b2d20f4d484200,MITDB_P207,207,855000000,1,20260927,MODEL_V2_TCN_MEANMAX,MODEL_V2_OPTIMIZER_CORRECTED_V1,0,6.688302040100098,0.9987561702728271,18,V2-006-OPT-CORR-F01-S20260927,d65f8f5184d943417a4896f0ae87b47606c0ece1ba004892a72656bfd313bf60
d4a1955eafb7c9b133c30e3cb34f7db005d3fae105a620c48ebe8962cdda648b,MITDB_P210,210,25000000,1,20260927,MODEL_V2_TCN_MEANMAX,MODEL_V2_OPTIMIZER_CORRECTED_V1,1,5.4105987548828125,0.9955509901046753,18,V2-006-OPT-CORR-F01-S20260927,d65f8f5184d943417a4896f0ae87b47606c0ece1ba004892a72656bfd313bf60
d4ef1b8f49298133a20e0fff04fbfdaada9e879b9c0c19a6f4513fd9ce21091d,MITDB_P118,118,1135000000,1,20260927,MODEL_V2_TCN_MEANMAX,MODEL_V2_OPTIMIZER_CORRECTED_V1,1,3.7730464935302734,0.9775344133377075,18,V2-006-OPT-CORR-F01-S20260927,d65f8f5184d943417a4896f0ae87b47606c0ece1ba004892a72656bfd313bf60
d53f251c13ecee05ea7a18e731dcc0245896a7138707b661b3bdc60d47c521c0,MITDB_P122,122,1185000000,1,20260927,MODEL_V2_TCN_MEANMAX,MODEL_V2_OPTIMIZER_CORRECTED_V1,0,-8.609615325927734,0.00018231080321129411,18,V2-006-OPT-CORR-F01-S20260927,d65f8f5184d943417a4896f0ae87b47606c0ece1ba004892a72656bfd313bf60
d5a591fbb26607bdaa54be40bd3a09b28dd8da7cec5dcaf751882348cd11c943,MITDB_P119,119,625000000,1,20260927,MODEL_V2_TCN_MEANMAX,MODEL_V2_OPTIMIZER_CORRECTED_V1,1,15.766140937805176,0.9999998807907104,18,V2-006-OPT-CORR-F01-S20260927,d65f8f5184d943417a4896f0ae87b47606c0ece1ba004892a72656bfd313bf60
d5bee76398fe5ce2b3a99204ca2fb37ccb0d48847af93c13928eda1da741c8a1,MITDB_P207,207,1200000000,1,20260927,MODEL_V2_TCN_MEANMAX,MODEL_V2_OPTIMIZER_CORRECTED_V1,0,5.715639114379883,0.9967167973518372,18,V2-006-OPT-CORR-F01-S20260927,d65f8f5184d943417a4896f0ae87b47606c0ece1ba004892a72656bfd313bf60
d5c48d26aa2f31d6fbbaabecde4f9944c2d7097754fc0e6d0dd73a6d53d62d4d,MITDB_P122,122,345000000,1,20260927,MODEL_V2_TCN_MEANMAX,MODEL_V2_OPTIMIZER_CORRECTED_V1,0,-8.07771110534668,0.00031028434750624,18,V2-006-OPT-CORR-F01-S20260927,d65f8f5184d943417a4896f0ae87b47606c0ece1ba004892a72656bfd313bf60
d5db2d857e9d07c1a78689e9f488a0a77011f546e7a796d2caf009e6bcad7d04,MITDB_P207,207,1195000000,1,20260927,MODEL_V2_TCN_MEANMAX,MODEL_V2_OPTIMIZER_CORRECTED_V1,0,6.571160316467285,0.9986018538475037,18,V2-006-OPT-CORR-F01-S20260927,d65f8f5184d943417a4896f0ae87b47606c0ece1ba004892a72656bfd313bf60
d603c8dd258879f38cb345759c7774ed6c87b357256d1c14d120d83d0c847b53,MITDB_P207,207,640000000,1,20260927,MODEL_V2_TCN_MEANMAX,MODEL_V2_OPTIMIZER_CORRECTED_V1,0,9.676692962646484,0.9999372959136963,18,V2-006-OPT-CORR-F01-S20260927,d65f8f5184d943417a4896f0ae87b47606c0ece1ba004892a72656bfd313bf60
d6337a6b4eba1e2039a1ccecf8122f16dd301872861f9e71f9d4148ff593e843,MITDB_P122,122,1650000000,1,20260927,MODEL_V2_TCN_MEANMAX,MODEL_V2_OPTIMIZER_CORRECTED_V1,0,-6.323626518249512,0.0017902172403410077,18,V2-006-OPT-CORR-F01-S20260927,d65f8f5184d943417a4896f0ae87b47606c0ece1ba004892a72656bfd313bf60
d633af4e60f46474f92c4f2cfc2a4160424983cf1c420b3d9accc6c7ab3300de,MITDB_P210,210,1585000000,1,20260927,MODEL_V2_TCN_MEANMAX,MODEL_V2_OPTIMIZER_CORRECTED_V1,1,-2.4877097606658936,0.07672427594661713,18,V2-006-OPT-CORR-F01-S20260927,d65f8f5184d943417a4896f0ae87b47606c0ece1ba004892a72656bfd313bf60
d6da0a6f7c57fa4224d2b3e8c2990bd812e1ed4aa2c4f06417583841b80b7482,MITDB_P122,122,1435000000,1,20260927,MODEL_V2_TCN_MEANMAX,MODEL_V2_OPTIMIZER_CORRECTED_V1,0,-7.179649829864502,0.0007613545167259872,18,V2-006-OPT-CORR-F01-S20260927,d65f8f5184d943417a4896f0ae87b47606c0ece1ba004892a72656bfd313bf60
d6debb40d6915773de7c10173e045681efd4ed884b7f1497e1e0d68e5cd47018,MITDB_P210,210,1210000000,1,20260927,MODEL_V2_TCN_MEANMAX,MODEL_V2_OPTIMIZER_CORRECTED_V1,1,18.60533332824707,1.0,18,V2-006-OPT-CORR-F01-S20260927,d65f8f5184d943417a4896f0ae87b47606c0ece1ba004892a72656bfd313bf60
d6e2abcf64150a9f410e8a15aed09c402d163b213e5e77bdd9b177084559c6e4,MITDB_P119,119,960000000,1,20260927,MODEL_V2_TCN_MEANMAX,MODEL_V2_OPTIMIZER_CORRECTED_V1,1,15.770317077636719,0.9999998807907104,18,V2-006-OPT-CORR-F01-S20260927,d65f8f5184d943417a4896f0ae87b47606c0ece1ba004892a72656bfd313bf60
d71d89f1603cfbea4c5c997016f08ae0f8253e523cee909af042ea1a47c40577,MITDB_P122,122,1250000000,1,20260927,MODEL_V2_TCN_MEANMAX,MODEL_V2_OPTIMIZER_CORRECTED_V1,0,-8.655998229980469,0.0001740492443786934,18,V2-006-OPT-CORR-F01-S20260927,d65f8f5184d943417a4896f0ae87b47606c0ece1ba004892a72656bfd313bf60
d7502e4cdbb422800bf30ada223542d63592d72af28115b711c86a23cb1e0f26,MITDB_P101,101,1040000000,1,20260927,MODEL_V2_TCN_MEANMAX,MODEL_V2_OPTIMIZER_CORRECTED_V1,0,-6.782556533813477,0.001132090575993061,18,V2-006-OPT-CORR-F01-S20260927,d65f8f5184d943417a4896f0ae87b47606c0ece1ba004892a72656bfd313bf60
d77d10ef44f437350d0908e6bafd95ddcd1c3a1206b93043f372d2592f0a2323,MITDB_P119,119,810000000,1,20260927,MODEL_V2_TCN_MEANMAX,MODEL_V2_OPTIMIZER_CORRECTED_V1,0,-7.402240753173828,0.0006095129065215588,18,V2-006-OPT-CORR-F01-S20260927,d65f8f5184d943417a4896f0ae87b47606c0ece1ba004892a72656bfd313bf60
d790614ee19c49aa3c229919a5c825a78ce8fc667e8d76598f216fd6aa699bf5,MITDB_P122,122,1485000000,1,20260927,MODEL_V2_TCN_MEANMAX,MODEL_V2_OPTIMIZER_CORRECTED_V1,0,-7.358480453491211,0.0006367602036334574,18,V2-006-OPT-CORR-F01-S20260927,d65f8f5184d943417a4896f0ae87b47606c0ece1ba004892a72656bfd313bf60
d7fa859bfa9d9d5a03a45e9d62ff3fcce8172325df6dcce89c3e29405f1374a5,MITDB_P118,118,685000000,1,20260927,MODEL_V2_TCN_MEANMAX,MODEL_V2_OPTIMIZER_CORRECTED_V1,0,1.4670581817626953,0.812609851360321,18,V2-006-OPT-CORR-F01-S20260927,d65f8f5184d943417a4896f0ae87b47606c0ece1ba004892a72656bfd313bf60
d86eb9d7cec40cd7f2eddea0f348834346aaff073a6e00ad30c183d0a6edffda,MITDB_P207,207,1110000000,1,20260927,MODEL_V2_TCN_MEANMAX,MODEL_V2_OPTIMIZER_CORRECTED_V1,0,7.027498722076416,0.9991136193275452,18,V2-006-OPT-CORR-F01-S20260927,d65f8f5184d943417a4896f0ae87b47606c0ece1ba004892a72656bfd313bf60
d89214992bee0267a327500c7f8efbca5780549962d3e73940725af0eefb95ea,MITDB_P207,207,600000000,1,20260927,MODEL_V2_TCN_MEANMAX,MODEL_V2_OPTIMIZER_CORRECTED_V1,0,11.262245178222656,0.9999871253967285,18,V2-006-OPT-CORR-F01-S20260927,d65f8f5184d943417a4896f0ae87b47606c0ece1ba004892a72656bfd313bf60
d89fe2961ab05f67f8ac85202bce9b8e588fe88e5643c3aa5f3307627066f17f,MITDB_P207,207,905000000,1,20260927,MODEL_V2_TCN_MEANMAX,MODEL_V2_OPTIMIZER_CORRECTED_V1,0,8.004048347473145,0.9996659755706787,18,V2-006-OPT-CORR-F01-S20260927,d65f8f5184d943417a4896f0ae87b47606c0ece1ba004892a72656bfd313bf60
d8aa02a47738e6f1ed779ac4877959fc99d839ae58abb00c6c09e6395eb1c7b4,MITDB_P101,101,1465000000,1,20260927,MODEL_V2_TCN_MEANMAX,MODEL_V2_OPTIMIZER_CORRECTED_V1,0,-6.723247528076172,0.0012011817889288068,18,V2-006-OPT-CORR-F01-S20260927,d65f8f5184d943417a4896f0ae87b47606c0ece1ba004892a72656bfd313bf60
d8d7ccc3cc627159c992056b1606f4ed7e6d71e33f35112210c4b62553bfda1b,MITDB_P101,101,220000000,1,20260927,MODEL_V2_TCN_MEANMAX,MODEL_V2_OPTIMIZER_CORRECTED_V1,0,-6.632321357727051,0.001315369619987905,18,V2-006-OPT-CORR-F01-S20260927,d65f8f5184d943417a4896f0ae87b47606c0ece1ba004892a72656bfd313bf60
d8ee1fab04e711285d3815d8f13372054b9be63e222d91889d2c16a38ec90a20,MITDB_P207,207,1205000000,1,20260927,MODEL_V2_TCN_MEANMAX,MODEL_V2_OPTIMIZER_CORRECTED_V1,0,6.036144733428955,0.9976149797439575,18,V2-006-OPT-CORR-F01-S20260927,d65f8f5184d943417a4896f0ae87b47606c0ece1ba004892a72656bfd313bf60
d8f50d44a79cbb4873251708f2cc77347c25aeeb2508167fabfc1ca6256123d8,MITDB_P207,207,1460000000,1,20260927,MODEL_V2_TCN_MEANMAX,MODEL_V2_OPTIMIZER_CORRECTED_V1,0,6.278990745544434,0.9981282353401184,18,V2-006-OPT-CORR-F01-S20260927,d65f8f5184d943417a4896f0ae87b47606c0ece1ba004892a72656bfd313bf60
d954018c484c22a6dde5fab516de59c871a733c9952d36f98c6da8b381e274bd,MITDB_P207,207,1385000000,1,20260927,MODEL_V2_TCN_MEANMAX,MODEL_V2_OPTIMIZER_CORRECTED_V1,0,6.762539863586426,0.9988449811935425,18,V2-006-OPT-CORR-F01-S20260927,d65f8f5184d943417a4896f0ae87b47606c0ece1ba004892a72656bfd313bf60
d9b0c17f73a6add5549d5f4a29a51dcadab606b98928b40915c45cb16820824c,MITDB_P207,207,505000000,1,20260927,MODEL_V2_TCN_MEANMAX,MODEL_V2_OPTIMIZER_CORRECTED_V1,0,6.085869789123535,0.9977304339408875,18,V2-006-OPT-CORR-F01-S20260927,d65f8f5184d943417a4896f0ae87b47606c0ece1ba004892a72656bfd313bf60
d9c122144f2b38454bcf343ab00be5cc8c20f85adacbd28d00c5cd64664c4172,MITDB_P119,119,1800000000,1,20260927,MODEL_V2_TCN_MEANMAX,MODEL_V2_OPTIMIZER_CORRECTED_V1,1,20.174789428710938,1.0,18,V2-006-OPT-CORR-F01-S20260927,d65f8f5184d943417a4896f0ae87b47606c0ece1ba004892a72656bfd313bf60
da09b05b58b3cd73707886705af97dc8209b1f5c04015b980e121e33687a16ea,MITDB_P122,122,555000000,1,20260927,MODEL_V2_TCN_MEANMAX,MODEL_V2_OPTIMIZER_CORRECTED_V1,0,-8.667604446411133,0.00017204122559633106,18,V2-006-OPT-CORR-F01-S20260927,d65f8f5184d943417a4896f0ae87b47606c0ece1ba004892a72656bfd313bf60
da231ca45028b555f296fd2b5e83d58847368b725f9ca886a96b74f4fcc95caf,MITDB_P101,101,1410000000,1,20260927,MODEL_V2_TCN_MEANMAX,MODEL_V2_OPTIMIZER_CORRECTED_V1,0,-5.8659443855285645,0.002826334210112691,18,V2-006-OPT-CORR-F01-S20260927,d65f8f5184d943417a4896f0ae87b47606c0ece1ba004892a72656bfd313bf60
da2cc443a02a9ad5eda5e001d9d00040e77676595896809564f8701eb37350f1,MITDB_P207,207,580000000,1,20260927,MODEL_V2_TCN_MEANMAX,MODEL_V2_OPTIMIZER_CORRECTED_V1,0,9.287921905517578,0.9999074935913086,18,V2-006-OPT-CORR-F01-S20260927,d65f8f5184d943417a4896f0ae87b47606c0ece1ba004892a72656bfd313bf60
da2d1853f15748ca9bd5c9f625f76388d8e1522b5afe56a81fb4e389f69b2f36,MITDB_P122,122,375000000,1,20260927,MODEL_V2_TCN_MEANMAX,MODEL_V2_OPTIMIZER_CORRECTED_V1,0,-6.818936347961426,0.0010916896862909198,18,V2-006-OPT-CORR-F01-S20260927,d65f8f5184d943417a4896f0ae87b47606c0ece1ba004892a72656bfd313bf60
da4fa67a7b864de72027a9ba9a301c6906f6251f68471a5ee87b7a8a03d12d6d,MITDB_P207,207,1285000000,1,20260927,MODEL_V2_TCN_MEANMAX,MODEL_V2_OPTIMIZER_CORRECTED_V1,0,5.742488861083984,0.9968035221099854,18,V2-006-OPT-CORR-F01-S20260927,d65f8f5184d943417a4896f0ae87b47606c0ece1ba004892a72656bfd313bf60
da52e43c97389f84292818fd8cf013c523eb2f89f40392e97b5c144552a8d257,MITDB_P118,118,1415000000,1,20260927,MODEL_V2_TCN_MEANMAX,MODEL_V2_OPTIMIZER_CORRECTED_V1,1,5.587491989135742,0.9962695837020874,18,V2-006-OPT-CORR-F01-S20260927,d65f8f5184d943417a4896f0ae87b47606c0ece1ba004892a72656bfd313bf60
da921a1b325da572050f5bfc946d1e3f97d51df8ba958ac626ce8671e65c4219,MITDB_P122,122,240000000,1,20260927,MODEL_V2_TCN_MEANMAX,MODEL_V2_OPTIMIZER_CORRECTED_V1,0,-8.458963394165039,0.00021194678265601397,18,V2-006-OPT-CORR-F01-S20260927,d65f8f5184d943417a4896f0ae87b47606c0ece1ba004892a72656bfd313bf60
daec4f03be7ca2c027c461b6de8b6765ce59169f3a5d9422f8af17488773c37f,MITDB_P210,210,1150000000,1,20260927,MODEL_V2_TCN_MEANMAX,MODEL_V2_OPTIMIZER_CORRECTED_V1,1,2.258383274078369,0.9053711891174316,18,V2-006-OPT-CORR-F01-S20260927,d65f8f5184d943417a4896f0ae87b47606c0ece1ba004892a72656bfd313bf60
db487c79b770f6a9bab67bb2508f7913482c0c96c1bbe12961c19f85b9f75875,MITDB_P207,207,320000000,1,20260927,MODEL_V2_TCN_MEANMAX,MODEL_V2_OPTIMIZER_CORRECTED_V1,0,12.575347900390625,0.999996542930603,18,V2-006-OPT-CORR-F01-S20260927,d65f8f5184d943417a4896f0ae87b47606c0ece1ba004892a72656bfd313bf60
db49d8e09e614ba3124626f25e5b45338e6dcf8790976216fbb10ea50ec5aeba,MITDB_P118,118,680000000,1,20260927,MODEL_V2_TCN_MEANMAX,MODEL_V2_OPTIMIZER_CORRECTED_V1,0,0.60280442237854,0.6462976336479187,18,V2-006-OPT-CORR-F01-S20260927,d65f8f5184d943417a4896f0ae87b47606c0ece1ba004892a72656bfd313bf60
db58318850754811cead427dab98f0041810f6d3c3bf53624773225826d5cf03,MITDB_P118,118,245000000,1,20260927,MODEL_V2_TCN_MEANMAX,MODEL_V2_OPTIMIZER_CORRECTED_V1,0,6.100703239440918,0.9977637529373169,18,V2-006-OPT-CORR-F01-S20260927,d65f8f5184d943417a4896f0ae87b47606c0ece1ba004892a72656bfd313bf60
db631bb60c9c366271603832ccb7e03d920af565b91660d38150881448a59337,MITDB_P122,122,440000000,1,20260927,MODEL_V2_TCN_MEANMAX,MODEL_V2_OPTIMIZER_CORRECTED_V1,0,-8.319856643676758,0.00024357142683584243,18,V2-006-OPT-CORR-F01-S20260927,d65f8f5184d943417a4896f0ae87b47606c0ece1ba004892a72656bfd313bf60
db6aa70c643ee8bcd2f77d3f626defde1fd172c782ec59b0994cfb65a0970d80,MITDB_P119,119,795000000,1,20260927,MODEL_V2_TCN_MEANMAX,MODEL_V2_OPTIMIZER_CORRECTED_V1,1,12.69488525390625,0.9999969005584717,18,V2-006-OPT-CORR-F01-S20260927,d65f8f5184d943417a4896f0ae87b47606c0ece1ba004892a72656bfd313bf60
db8090d9be7495150854ee230e7521b980e78ba3779ac8c5f7873f6e0c302a96,MITDB_P210,210,190000000,1,20260927,MODEL_V2_TCN_MEANMAX,MODEL_V2_OPTIMIZER_CORRECTED_V1,0,0.3724149763584137,0.5920423865318298,18,V2-006-OPT-CORR-F01-S20260927,d65f8f5184d943417a4896f0ae87b47606c0ece1ba004892a72656bfd313bf60
db87498bf8174076c9a0e2b147df035589008922438c8726e96cceb7f6e60bb0,MITDB_P119,119,1565000000,1,20260927,MODEL_V2_TCN_MEANMAX,MODEL_V2_OPTIMIZER_CORRECTED_V1,1,20.862194061279297,1.0,18,V2-006-OPT-CORR-F01-S20260927,d65f8f5184d943417a4896f0ae87b47606c0ece1ba004892a72656bfd313bf60
db8ed7878f755cdfbfb929051ad96435d9f83d2aaa7e469babd27f1b2038fb15,MITDB_P210,210,1085000000,1,20260927,MODEL_V2_TCN_MEANMAX,MODEL_V2_OPTIMIZER_CORRECTED_V1,1,14.777975082397461,0.9999996423721313,18,V2-006-OPT-CORR-F01-S20260927,d65f8f5184d943417a4896f0ae87b47606c0ece1ba004892a72656bfd313bf60
dba989d6e826f6ca2ed4cc1fecc567f1f1f61fd4b5ca87802360f7c00db9f76c,MITDB_P207,207,345000000,1,20260927,MODEL_V2_TCN_MEANMAX,MODEL_V2_OPTIMIZER_CORRECTED_V1,0,7.6191558837890625,0.999509334564209,18,V2-006-OPT-CORR-F01-S20260927,d65f8f5184d943417a4896f0ae87b47606c0ece1ba004892a72656bfd313bf60
dbbda527bb88d159d999eff14423c2cc6fc8e1f901b77584dd34a0f469adae92,MITDB_P122,122,605000000,1,20260927,MODEL_V2_TCN_MEANMAX,MODEL_V2_OPTIMIZER_CORRECTED_V1,0,-8.578632354736328,0.00018804665887728333,18,V2-006-OPT-CORR-F01-S20260927,d65f8f5184d943417a4896f0ae87b47606c0ece1ba004892a72656bfd313bf60
dbbdaf1c065a2f2784fcf7456eb6effa23888fe4fce2c8dc2c0fae47f3d51b40,MITDB_P119,119,825000000,1,20260927,MODEL_V2_TCN_MEANMAX,MODEL_V2_OPTIMIZER_CORRECTED_V1,1,16.009119033813477,0.9999998807907104,18,V2-006-OPT-CORR-F01-S20260927,d65f8f5184d943417a4896f0ae87b47606c0ece1ba004892a72656bfd313bf60
dbc2e2680b808d28020a0314297fe2338f1c2203e167970c0e97b0c037c97a5d,MITDB_P122,122,40000000,1,20260927,MODEL_V2_TCN_MEANMAX,MODEL_V2_OPTIMIZER_CORRECTED_V1,0,-8.160506248474121,0.00028563610976561904,18,V2-006-OPT-CORR-F01-S20260927,d65f8f5184d943417a4896f0ae87b47606c0ece1ba004892a72656bfd313bf60
dbca89329cd5fcc9f941c5d93474cb94a9df30893b2129b0569de7137c274d39,MITDB_P122,122,250000000,1,20260927,MODEL_V2_TCN_MEANMAX,MODEL_V2_OPTIMIZER_CORRECTED_V1,0,-8.620046615600586,0.00018041928706225008,18,V2-006-OPT-CORR-F01-S20260927,d65f8f5184d943417a4896f0ae87b47606c0ece1ba004892a72656bfd313bf60
dbd6cc0a1c1ddd9b45c602a244319fe9fbee6601896ce6ec00396eb05be793bd,MITDB_P118,118,1655000000,1,20260927,MODEL_V2_TCN_MEANMAX,MODEL_V2_OPTIMIZER_CORRECTED_V1,0,-0.9090731143951416,0.2871895432472229,18,V2-006-OPT-CORR-F01-S20260927,d65f8f5184d943417a4896f0ae87b47606c0ece1ba004892a72656bfd313bf60
dbd8649c21b9deeaa0f46e8b839bb494129c4b9b73c3405f2045a553141fd139,MITDB_P101,101,935000000,1,20260927,MODEL_V2_TCN_MEANMAX,MODEL_V2_OPTIMIZER_CORRECTED_V1,0,-6.030996322631836,0.0023973374627530575,18,V2-006-OPT-CORR-F01-S20260927,d65f8f5184d943417a4896f0ae87b47606c0ece1ba004892a72656bfd313bf60
dc0fd0ca38736168f53a6afc60f0667a894b35ca5dbbb0144a50d9bf8deb99f6,MITDB_P210,210,1490000000,1,20260927,MODEL_V2_TCN_MEANMAX,MODEL_V2_OPTIMIZER_CORRECTED_V1,0,-4.97497034072876,0.006861320696771145,18,V2-006-OPT-CORR-F01-S20260927,d65f8f5184d943417a4896f0ae87b47606c0ece1ba004892a72656bfd313bf60
dc159c1849beec8d3dfbcb92b5f2e37912f6dcbdc8695466191d1040a54c2391,MITDB_P122,122,60000000,1,20260927,MODEL_V2_TCN_MEANMAX,MODEL_V2_OPTIMIZER_CORRECTED_V1,0,-8.807955741882324,0.00014951628691051155,18,V2-006-OPT-CORR-F01-S20260927,d65f8f5184d943417a4896f0ae87b47606c0ece1ba004892a72656bfd313bf60
dc6765b3a4e0e96096453c3337d74322b830e6b118db8f6f33d5b66d6752784d,MITDB_P210,210,40000000,1,20260927,MODEL_V2_TCN_MEANMAX,MODEL_V2_OPTIMIZER_CORRECTED_V1,1,5.67828369140625,0.9965922236442566,18,V2-006-OPT-CORR-F01-S20260927,d65f8f5184d943417a4896f0ae87b47606c0ece1ba004892a72656bfd313bf60
dc7171297f23e4cf030b9fe407787679efba3ddf522f60f3b6da767188c505ab,MITDB_P101,101,305000000,1,20260927,MODEL_V2_TCN_MEANMAX,MODEL_V2_OPTIMIZER_CORRECTED_V1,0,-5.862651824951172,0.002835629042237997,18,V2-006-OPT-CORR-F01-S20260927,d65f8f5184d943417a4896f0ae87b47606c0ece1ba004892a72656bfd313bf60
dcd2ca19afcbcfc62fb928e34091e15371664e9f268ef8c748a1bdb75271ccac,MITDB_P210,210,1240000000,1,20260927,MODEL_V2_TCN_MEANMAX,MODEL_V2_OPTIMIZER_CORRECTED_V1,1,9.472121238708496,0.9999229907989502,18,V2-006-OPT-CORR-F01-S20260927,d65f8f5184d943417a4896f0ae87b47606c0ece1ba004892a72656bfd313bf60
dce74d31be9fd7b0a7e6b7059fca521a80455af3fc7b0fe25c351e8f7bdb5336,MITDB_P101,101,1245000000,1,20260927,MODEL_V2_TCN_MEANMAX,MODEL_V2_OPTIMIZER_CORRECTED_V1,0,-6.018247127532959,0.0024280224461108446,18,V2-006-OPT-CORR-F01-S20260927,d65f8f5184d943417a4896f0ae87b47606c0ece1ba004892a72656bfd313bf60
dd1df6a5498238a1843bdf7049c8f5be2336dec39c86e78420b682424efa33b4,MITDB_P210,210,180000000,1,20260927,MODEL_V2_TCN_MEANMAX,MODEL_V2_OPTIMIZER_CORRECTED_V1,0,-0.8632031679153442,0.2966705560684204,18,V2-006-OPT-CORR-F01-S20260927,d65f8f5184d943417a4896f0ae87b47606c0ece1ba004892a72656bfd313bf60
dd1e53c43ff41be83109af2f256bc7e5059f338e6c12b44201f3f8035ca104b5,MITDB_P210,210,85000000,1,20260927,MODEL_V2_TCN_MEANMAX,MODEL_V2_OPTIMIZER_CORRECTED_V1,0,-3.5942516326904297,0.026746222749352455,18,V2-006-OPT-CORR-F01-S20260927,d65f8f5184d943417a4896f0ae87b47606c0ece1ba004892a72656bfd313bf60
dd1e55e909fb83c73a7272ad19f457b2c517d1d070237c28c28106ade82f39cb,MITDB_P207,207,790000000,1,20260927,MODEL_V2_TCN_MEANMAX,MODEL_V2_OPTIMIZER_CORRECTED_V1,0,7.637516021728516,0.9995181560516357,18,V2-006-OPT-CORR-F01-S20260927,d65f8f5184d943417a4896f0ae87b47606c0ece1ba004892a72656bfd313bf60
dd24d91c3862aee5eefc6e3bdd70ca65c05c2651b4b2612f86d158b3e4ba48b1,MITDB_P101,101,120000000,1,20260927,MODEL_V2_TCN_MEANMAX,MODEL_V2_OPTIMIZER_CORRECTED_V1,0,-3.795228958129883,0.021983616054058075,18,V2-006-OPT-CORR-F01-S20260927,d65f8f5184d943417a4896f0ae87b47606c0ece1ba004892a72656bfd313bf60
dd2fcc3208d78db6cb6588ac5aa68b49d0c279b2c6340783a68d66e79e1c791d,MITDB_P119,119,1055000000,1,20260927,MODEL_V2_TCN_MEANMAX,MODEL_V2_OPTIMIZER_CORRECTED_V1,1,19.02898597717285,1.0,18,V2-006-OPT-CORR-F01-S20260927,d65f8f5184d943417a4896f0ae87b47606c0ece1ba004892a72656bfd313bf60
dd32f597d25b2b47208aa1450d639443f2f1252c83271a99af68393b8c959d79,MITDB_P101,101,1420000000,1,20260927,MODEL_V2_TCN_MEANMAX,MODEL_V2_OPTIMIZER_CORRECTED_V1,0,-6.407344818115234,0.0016466821543872356,18,V2-006-OPT-CORR-F01-S20260927,d65f8f5184d943417a4896f0ae87b47606c0ece1ba004892a72656bfd313bf60
dd69c2e95f019aafea27fb920973a35a2366712f078c0c0bb0ab309df8d9b340,MITDB_P118,118,760000000,1,20260927,MODEL_V2_TCN_MEANMAX,MODEL_V2_OPTIMIZER_CORRECTED_V1,1,6.585110664367676,0.9986211061477661,18,V2-006-OPT-CORR-F01-S20260927,d65f8f5184d943417a4896f0ae87b47606c0ece1ba004892a72656bfd313bf60
dd9ba392f8009b2e3274e03df33c51b2c9f1c8417b2d231688b47c6108d5d871,MITDB_P207,207,500000000,1,20260927,MODEL_V2_TCN_MEANMAX,MODEL_V2_OPTIMIZER_CORRECTED_V1,0,6.503951072692871,0.9985047578811646,18,V2-006-OPT-CORR-F01-S20260927,d65f8f5184d943417a4896f0ae87b47606c0ece1ba004892a72656bfd313bf60
dda7f66e5c78d78cea1318c57115f09d766596e32a9f186a2fc8df1a6edd7334,MITDB_P122,122,735000000,1,20260927,MODEL_V2_TCN_MEANMAX,MODEL_V2_OPTIMIZER_CORRECTED_V1,0,-6.57627010345459,0.0013910976704210043,18,V2-006-OPT-CORR-F01-S20260927,d65f8f5184d943417a4896f0ae87b47606c0ece1ba004892a72656bfd313bf60
dda81789a3d2f18118415199f5e313c77aa5ea8f729169d131a9b858de8e63c3,MITDB_P122,122,1415000000,1,20260927,MODEL_V2_TCN_MEANMAX,MODEL_V2_OPTIMIZER_CORRECTED_V1,0,-7.2159318923950195,0.0007342460448853672,18,V2-006-OPT-CORR-F01-S20260927,d65f8f5184d943417a4896f0ae87b47606c0ece1ba004892a72656bfd313bf60
ddb7790d876b5762cde80ad70033749bf4a110f21f8c9b31bac2fb9aaf4063c6,MITDB_P118,118,295000000,1,20260927,MODEL_V2_TCN_MEANMAX,MODEL_V2_OPTIMIZER_CORRECTED_V1,0,4.782874584197998,0.9916975498199463,18,V2-006-OPT-CORR-F01-S20260927,d65f8f5184d943417a4896f0ae87b47606c0ece1ba004892a72656bfd313bf60
ddd48a524a662b40a0b7690ef7907cfb9b602b9b561b4213b461fa37856c6fc6,MITDB_P101,101,1460000000,1,20260927,MODEL_V2_TCN_MEANMAX,MODEL_V2_OPTIMIZER_CORRECTED_V1,0,-6.948696136474609,0.0009589653927832842,18,V2-006-OPT-CORR-F01-S20260927,d65f8f5184d943417a4896f0ae87b47606c0ece1ba004892a72656bfd313bf60
ddee694e0e095c7ff46de3ccb1e61c5b957a0bca57d0b6a335b4d9a7b5f9ffee,MITDB_P207,207,1715000000,1,20260927,MODEL_V2_TCN_MEANMAX,MODEL_V2_OPTIMIZER_CORRECTED_V1,1,-1.932030439376831,0.12652601301670074,18,V2-006-OPT-CORR-F01-S20260927,d65f8f5184d943417a4896f0ae87b47606c0ece1ba004892a72656bfd313bf60
de0d531a27496a7f5219a10f462b5069450dbc414e6d8a3bdeba9977c6371444,MITDB_P101,101,1805000000,1,20260927,MODEL_V2_TCN_MEANMAX,MODEL_V2_OPTIMIZER_CORRECTED_V1,0,-6.294898986816406,0.0018422955181449652,18,V2-006-OPT-CORR-F01-S20260927,d65f8f5184d943417a4896f0ae87b47606c0ece1ba004892a72656bfd313bf60
de3510b87f48bd8e73bcb42fa1bb6222c3fb20debf5a5a1b39bac27cc906ff47,MITDB_P119,119,130000000,1,20260927,MODEL_V2_TCN_MEANMAX,MODEL_V2_OPTIMIZER_CORRECTED_V1,1,17.05136489868164,1.0,18,V2-006-OPT-CORR-F01-S20260927,d65f8f5184d943417a4896f0ae87b47606c0ece1ba004892a72656bfd313bf60
de4d86a5ef8f4e5b2eaa547496e3ae2582873c2a49c41104382ca75866df3957,MITDB_P119,119,85000000,1,20260927,MODEL_V2_TCN_MEANMAX,MODEL_V2_OPTIMIZER_CORRECTED_V1,1,15.560932159423828,0.9999998807907104,18,V2-006-OPT-CORR-F01-S20260927,d65f8f5184d943417a4896f0ae87b47606c0ece1ba004892a72656bfd313bf60
de543faf06cf87d49f82a51af56606f473f353fe7f8f31ad8b0d2dec6b73a48c,MITDB_P210,210,735000000,1,20260927,MODEL_V2_TCN_MEANMAX,MODEL_V2_OPTIMIZER_CORRECTED_V1,1,3.030242681503296,0.9539217948913574,18,V2-006-OPT-CORR-F01-S20260927,d65f8f5184d943417a4896f0ae87b47606c0ece1ba004892a72656bfd313bf60
de7b09e7e7e7abc6fe8ee69f8e17e94df49f2e9d610f0b66fc36f65a4c5afa25,MITDB_P119,119,280000000,1,20260927,MODEL_V2_TCN_MEANMAX,MODEL_V2_OPTIMIZER_CORRECTED_V1,1,15.902885437011719,0.9999998807907104,18,V2-006-OPT-CORR-F01-S20260927,d65f8f5184d943417a4896f0ae87b47606c0ece1ba004892a72656bfd313bf60
de8804ba70488d7388731e52ebcc3bb707501050971709ff1a77ce6ca97366c6,MITDB_P118,118,1340000000,1,20260927,MODEL_V2_TCN_MEANMAX,MODEL_V2_OPTIMIZER_CORRECTED_V1,0,4.606472492218018,0.990111768245697,18,V2-006-OPT-CORR-F01-S20260927,d65f8f5184d943417a4896f0ae87b47606c0ece1ba004892a72656bfd313bf60
de90ba723d8be0bb61b3ea8bf4deb836cb06136cc1c523f13112e86dadbd81c4,MITDB_P207,207,980000000,1,20260927,MODEL_V2_TCN_MEANMAX,MODEL_V2_OPTIMIZER_CORRECTED_V1,0,9.470207214355469,0.9999228715896606,18,V2-006-OPT-CORR-F01-S20260927,d65f8f5184d943417a4896f0ae87b47606c0ece1ba004892a72656bfd313bf60
df77944a1adf2670bd9e9dc5ebdeeeb6420e489d526c43d86b27d20042f47a17,MITDB_P118,118,835000000,1,20260927,MODEL_V2_TCN_MEANMAX,MODEL_V2_OPTIMIZER_CORRECTED_V1,0,6.5756120681762695,0.9986080527305603,18,V2-006-OPT-CORR-F01-S20260927,d65f8f5184d943417a4896f0ae87b47606c0ece1ba004892a72656bfd313bf60
df8866ecc214afd608559c5abd1246d4446ac257927232b669ecdbc96d857215,MITDB_P118,118,510000000,1,20260927,MODEL_V2_TCN_MEANMAX,MODEL_V2_OPTIMIZER_CORRECTED_V1,1,2.3075456619262695,0.909500002861023,18,V2-006-OPT-CORR-F01-S20260927,d65f8f5184d943417a4896f0ae87b47606c0ece1ba004892a72656bfd313bf60
df8f769b4f728c8d77a94a812ac1c2fef12cd6ccad129bbb1a9918fb836ba3d5,MITDB_P210,210,1380000000,1,20260927,MODEL_V2_TCN_MEANMAX,MODEL_V2_OPTIMIZER_CORRECTED_V1,1,-2.1848013401031494,0.10112366080284119,18,V2-006-OPT-CORR-F01-S20260927,d65f8f5184d943417a4896f0ae87b47606c0ece1ba004892a72656bfd313bf60
dfacc0cb7ab0173d4214e2e5e41fc572031833c7118b7b05418b84ea60a024a6,MITDB_P207,207,1790000000,1,20260927,MODEL_V2_TCN_MEANMAX,MODEL_V2_OPTIMIZER_CORRECTED_V1,1,-1.0330661535263062,0.26249009370803833,18,V2-006-OPT-CORR-F01-S20260927,d65f8f5184d943417a4896f0ae87b47606c0ece1ba004892a72656bfd313bf60
dfcd7710f211c2d999175f8474e2fdf640b54081cbc4b42d88524c46d3758d01,MITDB_P101,101,1195000000,1,20260927,MODEL_V2_TCN_MEANMAX,MODEL_V2_OPTIMIZER_CORRECTED_V1,0,-3.7161378860473633,0.023749958723783493,18,V2-006-OPT-CORR-F01-S20260927,d65f8f5184d943417a4896f0ae87b47606c0ece1ba004892a72656bfd313bf60
dffb85bfb2c3b56c35e9d8fae38cd04fac73e9dfff96540c17cfce6f9e36a246,MITDB_P119,119,1730000000,1,20260927,MODEL_V2_TCN_MEANMAX,MODEL_V2_OPTIMIZER_CORRECTED_V1,0,-8.089375495910645,0.0003066872013732791,18,V2-006-OPT-CORR-F01-S20260927,d65f8f5184d943417a4896f0ae87b47606c0ece1ba004892a72656bfd313bf60
e02836bc99b304f78391babace7d88d41ba30e7266144abed2864a47ae9266d4,MITDB_P119,119,1140000000,1,20260927,MODEL_V2_TCN_MEANMAX,MODEL_V2_OPTIMIZER_CORRECTED_V1,1,14.4064302444458,0.9999994039535522,18,V2-006-OPT-CORR-F01-S20260927,d65f8f5184d943417a4896f0ae87b47606c0ece1ba004892a72656bfd313bf60
e02c3f3008002a909724d639692e4f95c480b2d355680d317b3531865a2b1755,MITDB_P118,118,725000000,1,20260927,MODEL_V2_TCN_MEANMAX,MODEL_V2_OPTIMIZER_CORRECTED_V1,0,-2.164003372192383,0.10302989184856415,18,V2-006-OPT-CORR-F01-S20260927,d65f8f5184d943417a4896f0ae87b47606c0ece1ba004892a72656bfd313bf60
e02f88b02a36a44d7cece7a7d244dd834e8751bc6c4d4b5246b9bf82623046cc,MITDB_P207,207,90000000,1,20260927,MODEL_V2_TCN_MEANMAX,MODEL_V2_OPTIMIZER_CORRECTED_V1,1,13.195194244384766,0.9999980926513672,18,V2-006-OPT-CORR-F01-S20260927,d65f8f5184d943417a4896f0ae87b47606c0ece1ba004892a72656bfd313bf60
e03ec7609bab48bbffaf6487daf00544237fd2019458556bcf18461555a10bde,MITDB_P101,101,1505000000,1,20260927,MODEL_V2_TCN_MEANMAX,MODEL_V2_OPTIMIZER_CORRECTED_V1,0,-6.391768455505371,0.0016724889865145087,18,V2-006-OPT-CORR-F01-S20260927,d65f8f5184d943417a4896f0ae87b47606c0ece1ba004892a72656bfd313bf60
e0b961f538279cec7aaad13ed95566d0ba0419df181f4ea4d6be14d6470f640d,MITDB_P119,119,610000000,1,20260927,MODEL_V2_TCN_MEANMAX,MODEL_V2_OPTIMIZER_CORRECTED_V1,1,17.431865692138672,1.0,18,V2-006-OPT-CORR-F01-S20260927,d65f8f5184d943417a4896f0ae87b47606c0ece1ba004892a72656bfd313bf60
e133f49d0899c607940e256827adc6a7fd751b5b43207479c6d158d2d249bceb,MITDB_P119,119,1370000000,1,20260927,MODEL_V2_TCN_MEANMAX,MODEL_V2_OPTIMIZER_CORRECTED_V1,1,14.304889678955078,0.9999994039535522,18,V2-006-OPT-CORR-F01-S20260927,d65f8f5184d943417a4896f0ae87b47606c0ece1ba004892a72656bfd313bf60
e19135b4cb1fd7b8cf92bcafe8f9ac15d536f7b034c5f3754d8baa2f3d99e057,MITDB_P101,101,1785000000,1,20260927,MODEL_V2_TCN_MEANMAX,MODEL_V2_OPTIMIZER_CORRECTED_V1,0,-6.374307632446289,0.0017018982907757163,18,V2-006-OPT-CORR-F01-S20260927,d65f8f5184d943417a4896f0ae87b47606c0ece1ba004892a72656bfd313bf60
e19213743d8c739982d0c6b0096137a3e2ed18108e7c2fffdab161a9cff26006,MITDB_P122,122,525000000,1,20260927,MODEL_V2_TCN_MEANMAX,MODEL_V2_OPTIMIZER_CORRECTED_V1,0,-8.171974182128906,0.00028238006052561104,18,V2-006-OPT-CORR-F01-S20260927,d65f8f5184d943417a4896f0ae87b47606c0ece1ba004892a72656bfd313bf60
e1f5a2fe32de3d910f9a89b7c308e4cf84d42f4e3fc09249f4218ec0f8c11679,MITDB_P101,101,495000000,1,20260927,MODEL_V2_TCN_MEANMAX,MODEL_V2_OPTIMIZER_CORRECTED_V1,0,-6.3825602531433105,0.001687934622168541,18,V2-006-OPT-CORR-F01-S20260927,d65f8f5184d943417a4896f0ae87b47606c0ece1ba004892a72656bfd313bf60
e25090058978e71c06b7e85fc1cfcd91173c591adf830b666f54dbee44d7d3b2,MITDB_P210,210,920000000,1,20260927,MODEL_V2_TCN_MEANMAX,MODEL_V2_OPTIMIZER_CORRECTED_V1,0,-2.3804807662963867,0.08467330038547516,18,V2-006-OPT-CORR-F01-S20260927,d65f8f5184d943417a4896f0ae87b47606c0ece1ba004892a72656bfd313bf60
e26c8f78ea75c464a5567fd7c6de6bc076b3acfdb9722765efaf427e0032a449,MITDB_P122,122,730000000,1,20260927,MODEL_V2_TCN_MEANMAX,MODEL_V2_OPTIMIZER_CORRECTED_V1,0,-6.7230916023254395,0.0012013688683509827,18,V2-006-OPT-CORR-F01-S20260927,d65f8f5184d943417a4896f0ae87b47606c0ece1ba004892a72656bfd313bf60
e26cf3e828a1bbe829e4155e420d57d1012006a2775ff209084a92e83759e661,MITDB_P101,101,1400000000,1,20260927,MODEL_V2_TCN_MEANMAX,MODEL_V2_OPTIMIZER_CORRECTED_V1,0,-6.448775291442871,0.001579958712682128,18,V2-006-OPT-CORR-F01-S20260927,d65f8f5184d943417a4896f0ae87b47606c0ece1ba004892a72656bfd313bf60
e273e23a8ef95e7f2429aef21edd5888d9b932f7a3b77fe3fe6b4d79d6dfa41d,MITDB_P210,210,1790000000,1,20260927,MODEL_V2_TCN_MEANMAX,MODEL_V2_OPTIMIZER_CORRECTED_V1,1,-1.217856764793396,0.22831383347511292,18,V2-006-OPT-CORR-F01-S20260927,d65f8f5184d943417a4896f0ae87b47606c0ece1ba004892a72656bfd313bf60
e27b35ee5bc6d6a1e6d0708693f13b825980f2628c143aa8ebc4fdde4b1289ca,MITDB_P101,101,940000000,1,20260927,MODEL_V2_TCN_MEANMAX,MODEL_V2_OPTIMIZER_CORRECTED_V1,0,-5.83326530456543,0.002919947961345315,18,V2-006-OPT-CORR-F01-S20260927,d65f8f5184d943417a4896f0ae87b47606c0ece1ba004892a72656bfd313bf60
e28218a33aa560983a155d9bd78b2b6a7de32af21380ffcbfab29223341a1eff,MITDB_P210,210,825000000,1,20260927,MODEL_V2_TCN_MEANMAX,MODEL_V2_OPTIMIZER_CORRECTED_V1,0,2.575402021408081,0.9292616248130798,18,V2-006-OPT-CORR-F01-S20260927,d65f8f5184d943417a4896f0ae87b47606c0ece1ba004892a72656bfd313bf60
e2cd8ed0f99a67e525c179572984fc6cfa7f1d6ebd529a7f862ad78e84da5ffc,MITDB_P118,118,1665000000,1,20260927,MODEL_V2_TCN_MEANMAX,MODEL_V2_OPTIMIZER_CORRECTED_V1,0,0.7840570211410522,0.6865538358688354,18,V2-006-OPT-CORR-F01-S20260927,d65f8f5184d943417a4896f0ae87b47606c0ece1ba004892a72656bfd313bf60
e2eb16ad4973230b6a6d8ae1f88c0ed1a5b80b8a65c3c44a618b90c603ddb4cc,MITDB_P210,210,1435000000,1,20260927,MODEL_V2_TCN_MEANMAX,MODEL_V2_OPTIMIZER_CORRECTED_V1,1,-0.08708176016807556,0.47824332118034363,18,V2-006-OPT-CORR-F01-S20260927,d65f8f5184d943417a4896f0ae87b47606c0ece1ba004892a72656bfd313bf60
e2ef25d5519122708a8affec999a7ae9b42cbbab92a99233b6300c94307428f3,MITDB_P122,122,1285000000,1,20260927,MODEL_V2_TCN_MEANMAX,MODEL_V2_OPTIMIZER_CORRECTED_V1,0,-7.652829170227051,0.00047447398537769914,18,V2-006-OPT-CORR-F01-S20260927,d65f8f5184d943417a4896f0ae87b47606c0ece1ba004892a72656bfd313bf60
e304ea5cb56e1285171fcabf7746aa9992c3967837730c2a9743602b8919fac2,MITDB_P118,118,390000000,1,20260927,MODEL_V2_TCN_MEANMAX,MODEL_V2_OPTIMIZER_CORRECTED_V1,0,4.47691535949707,0.9887593984603882,18,V2-006-OPT-CORR-F01-S20260927,d65f8f5184d943417a4896f0ae87b47606c0ece1ba004892a72656bfd313bf60
e32696d5fa42b7c65265bb9ae37f82877912f2713089e7b4c1ef80f080932f0b,MITDB_P210,210,640000000,1,20260927,MODEL_V2_TCN_MEANMAX,MODEL_V2_OPTIMIZER_CORRECTED_V1,0,-0.538548469543457,0.36852532625198364,18,V2-006-OPT-CORR-F01-S20260927,d65f8f5184d943417a4896f0ae87b47606c0ece1ba004892a72656bfd313bf60
e33c98480c53905a3ee57e5029bcf0510383ba2d73f6c26bbf87c1185b968c5f,MITDB_P119,119,655000000,1,20260927,MODEL_V2_TCN_MEANMAX,MODEL_V2_OPTIMIZER_CORRECTED_V1,1,15.237664222717285,0.9999997615814209,18,V2-006-OPT-CORR-F01-S20260927,d65f8f5184d943417a4896f0ae87b47606c0ece1ba004892a72656bfd313bf60
e397f7ed4ffb1a62e93dbec35dd808be2af654e4d2320d64f40ff34a4904d29e,MITDB_P118,118,1050000000,1,20260927,MODEL_V2_TCN_MEANMAX,MODEL_V2_OPTIMIZER_CORRECTED_V1,1,3.6950416564941406,0.9757559299468994,18,V2-006-OPT-CORR-F01-S20260927,d65f8f5184d943417a4896f0ae87b47606c0ece1ba004892a72656bfd313bf60
e3e8636a60fa91e4b030daa88d90ddddaf47877159d5e7b1ccafcc114fe976c6,MITDB_P207,207,335000000,1,20260927,MODEL_V2_TCN_MEANMAX,MODEL_V2_OPTIMIZER_CORRECTED_V1,0,6.639614105224609,0.9986942410469055,18,V2-006-OPT-CORR-F01-S20260927,d65f8f5184d943417a4896f0ae87b47606c0ece1ba004892a72656bfd313bf60
e3eb6389473ab5465f94ea3c3e5e117a16d453773d6c7323c90c78e82cf74fbf,MITDB_P119,119,1525000000,1,20260927,MODEL_V2_TCN_MEANMAX,MODEL_V2_OPTIMIZER_CORRECTED_V1,1,14.22164535522461,0.9999992847442627,18,V2-006-OPT-CORR-F01-S20260927,d65f8f5184d943417a4896f0ae87b47606c0ece1ba004892a72656bfd313bf60
e4a7ddc224acff029d73e87b052e8082267144c090806a54dbfa74ee855cd8a3,MITDB_P119,119,780000000,1,20260927,MODEL_V2_TCN_MEANMAX,MODEL_V2_OPTIMIZER_CORRECTED_V1,1,14.781877517700195,0.9999996423721313,18,V2-006-OPT-CORR-F01-S20260927,d65f8f5184d943417a4896f0ae87b47606c0ece1ba004892a72656bfd313bf60
e4d85cd4008a241d0ab371e5f3c9bc3f2ab8dd1f70a4f1effd81e16abbc1649f,MITDB_P101,101,1585000000,1,20260927,MODEL_V2_TCN_MEANMAX,MODEL_V2_OPTIMIZER_CORRECTED_V1,0,-6.739060878753662,0.0011823587119579315,18,V2-006-OPT-CORR-F01-S20260927,d65f8f5184d943417a4896f0ae87b47606c0ece1ba004892a72656bfd313bf60
e4e6b94bb6b99db64a82480a71f6ce592edb637813aa5c63fbdb9e064cac2be2,MITDB_P122,122,1605000000,1,20260927,MODEL_V2_TCN_MEANMAX,MODEL_V2_OPTIMIZER_CORRECTED_V1,0,-5.720691680908203,0.003266736399382353,18,V2-006-OPT-CORR-F01-S20260927,d65f8f5184d943417a4896f0ae87b47606c0ece1ba004892a72656bfd313bf60
e4eb077055daa8018715bb7af29d698d7df74faa7b6d3c00bb39f652a9a4f1f2,MITDB_P119,119,1365000000,1,20260927,MODEL_V2_TCN_MEANMAX,MODEL_V2_OPTIMIZER_CORRECTED_V1,1,16.881624221801758,1.0,18,V2-006-OPT-CORR-F01-S20260927,d65f8f5184d943417a4896f0ae87b47606c0ece1ba004892a72656bfd313bf60
e4fb6179d13be64d3808d8a0c4e3bd292bcc19ce875820c3188c58b3d88b5d6b,MITDB_P210,210,930000000,1,20260927,MODEL_V2_TCN_MEANMAX,MODEL_V2_OPTIMIZER_CORRECTED_V1,1,0.7260304689407349,0.6739336252212524,18,V2-006-OPT-CORR-F01-S20260927,d65f8f5184d943417a4896f0ae87b47606c0ece1ba004892a72656bfd313bf60
e518762847c3ec21c247a46fa8c4eb7ba0d5f9b853fe2f6356ede353e9f88a16,MITDB_P210,210,1770000000,1,20260927,MODEL_V2_TCN_MEANMAX,MODEL_V2_OPTIMIZER_CORRECTED_V1,1,11.143659591674805,0.9999855756759644,18,V2-006-OPT-CORR-F01-S20260927,d65f8f5184d943417a4896f0ae87b47606c0ece1ba004892a72656bfd313bf60
e51d2a1b438a629a6f84632724110bd3530ff73fd3d97d7cf7d40e123fe52593,MITDB_P118,118,1325000000,1,20260927,MODEL_V2_TCN_MEANMAX,MODEL_V2_OPTIMIZER_CORRECTED_V1,0,3.1664185523986816,0.9595507979393005,18,V2-006-OPT-CORR-F01-S20260927,d65f8f5184d943417a4896f0ae87b47606c0ece1ba004892a72656bfd313bf60
e528167225417be96ebec7bf89c070ca937fb2937f58b31fa71b0ee45d7fa6ec,MITDB_P101,101,1250000000,1,20260927,MODEL_V2_TCN_MEANMAX,MODEL_V2_OPTIMIZER_CORRECTED_V1,0,-6.728690147399902,0.0011946697486564517,18,V2-006-OPT-CORR-F01-S20260927,d65f8f5184d943417a4896f0ae87b47606c0ece1ba004892a72656bfd313bf60
e5368b0cff2ee2b5a445946a38bb91303da5b554a125bdc8e042c5566ffd63ee,MITDB_P119,119,1290000000,1,20260927,MODEL_V2_TCN_MEANMAX,MODEL_V2_OPTIMIZER_CORRECTED_V1,1,15.403964042663574,0.9999997615814209,18,V2-006-OPT-CORR-F01-S20260927,d65f8f5184d943417a4896f0ae87b47606c0ece1ba004892a72656bfd313bf60
e53f01a03bf4ab74ecb4bcc19fc836965fddbd677c6d868ae2b8d7fd8d2fe783,MITDB_P122,122,95000000,1,20260927,MODEL_V2_TCN_MEANMAX,MODEL_V2_OPTIMIZER_CORRECTED_V1,0,-7.6404194831848145,0.000480395887279883,18,V2-006-OPT-CORR-F01-S20260927,d65f8f5184d943417a4896f0ae87b47606c0ece1ba004892a72656bfd313bf60
e574be4bdd5b5e5c1b91af20d6aac7b0c1fc049f1391d5c871110ffe1ea916c2,MITDB_P122,122,1260000000,1,20260927,MODEL_V2_TCN_MEANMAX,MODEL_V2_OPTIMIZER_CORRECTED_V1,0,-8.69559383392334,0.00016729344497434795,18,V2-006-OPT-CORR-F01-S20260927,d65f8f5184d943417a4896f0ae87b47606c0ece1ba004892a72656bfd313bf60
e5864c94b4a80349f67ac7e8d5eadcba8621f6663fd1f39f15ec28e67d85d863,MITDB_P118,118,985000000,1,20260927,MODEL_V2_TCN_MEANMAX,MODEL_V2_OPTIMIZER_CORRECTED_V1,1,7.7714314460754395,0.9995785355567932,18,V2-006-OPT-CORR-F01-S20260927,d65f8f5184d943417a4896f0ae87b47606c0ece1ba004892a72656bfd313bf60
e5882fa601a1da42bbfec6a1501120ca4de258824471b6991b23bfed44ab8cc3,MITDB_P122,122,855000000,1,20260927,MODEL_V2_TCN_MEANMAX,MODEL_V2_OPTIMIZER_CORRECTED_V1,0,-8.687922477722168,0.00016858152230270207,18,V2-006-OPT-CORR-F01-S20260927,d65f8f5184d943417a4896f0ae87b47606c0ece1ba004892a72656bfd313bf60
e5889eefe409b21ada49cc4d92f9c77ab33891777efb4cb4033d96535bbc7328,MITDB_P119,119,360000000,1,20260927,MODEL_V2_TCN_MEANMAX,MODEL_V2_OPTIMIZER_CORRECTED_V1,0,-7.054617881774902,0.0008626677445136011,18,V2-006-OPT-CORR-F01-S20260927,d65f8f5184d943417a4896f0ae87b47606c0ece1ba004892a72656bfd313bf60
e59ac619c7279d65906741972c3cdfcbe4e1a3782b72e2a5841519573eca75fb,MITDB_P119,119,265000000,1,20260927,MODEL_V2_TCN_MEANMAX,MODEL_V2_OPTIMIZER_CORRECTED_V1,1,15.165538787841797,0.9999997615814209,18,V2-006-OPT-CORR-F01-S20260927,d65f8f5184d943417a4896f0ae87b47606c0ece1ba004892a72656bfd313bf60
e5baa8370446260fa495c7d30a458d40f93c3e3d348e0137c0f37205763e8699,MITDB_P207,207,965000000,1,20260927,MODEL_V2_TCN_MEANMAX,MODEL_V2_OPTIMIZER_CORRECTED_V1,0,9.19752311706543,0.9998986721038818,18,V2-006-OPT-CORR-F01-S20260927,d65f8f5184d943417a4896f0ae87b47606c0ece1ba004892a72656bfd313bf60
e5d30547ef316912a4327975427eae1595fd51015c995c3380bc691ffc27acce,MITDB_P122,122,955000000,1,20260927,MODEL_V2_TCN_MEANMAX,MODEL_V2_OPTIMIZER_CORRECTED_V1,0,-7.451893329620361,0.0005800051731057465,18,V2-006-OPT-CORR-F01-S20260927,d65f8f5184d943417a4896f0ae87b47606c0ece1ba004892a72656bfd313bf60
e5e5aa587321d07bb8bd3c651cdc3c9de9ed45dc793df1f927d7530a144ab275,MITDB_P122,122,1105000000,1,20260927,MODEL_V2_TCN_MEANMAX,MODEL_V2_OPTIMIZER_CORRECTED_V1,0,-7.28870964050293,0.0006827426259405911,18,V2-006-OPT-CORR-F01-S20260927,d65f8f5184d943417a4896f0ae87b47606c0ece1ba004892a72656bfd313bf60
e623ac3ea335de5a2de7ec953cf05a85b9fcf6f42adbdc168fe0ca6b8deb35da,MITDB_P119,119,1750000000,1,20260927,MODEL_V2_TCN_MEANMAX,MODEL_V2_OPTIMIZER_CORRECTED_V1,0,-7.700368881225586,0.00045245533692650497,18,V2-006-OPT-CORR-F01-S20260927,d65f8f5184d943417a4896f0ae87b47606c0ece1ba004892a72656bfd313bf60
e62888bf58116f84bf5c3aa2966468ed22c0fda702694cce3a474b4c79e6b092,MITDB_P122,122,1045000000,1,20260927,MODEL_V2_TCN_MEANMAX,MODEL_V2_OPTIMIZER_CORRECTED_V1,0,-6.051995277404785,0.0023476378992199898,18,V2-006-OPT-CORR-F01-S20260927,d65f8f5184d943417a4896f0ae87b47606c0ece1ba004892a72656bfd313bf60
e62f2b498adb9dd60c5a80acc587fea2d1a81e913d377999eb6759d0b980dd49,MITDB_P118,118,1180000000,1,20260927,MODEL_V2_TCN_MEANMAX,MODEL_V2_OPTIMIZER_CORRECTED_V1,1,3.9459924697875977,0.9810345768928528,18,V2-006-OPT-CORR-F01-S20260927,d65f8f5184d943417a4896f0ae87b47606c0ece1ba004892a72656bfd313bf60
e634b128d70e9d4ed101c478e572b8d32f943e3d180abdef3b5a4ffe1b83c9b0,MITDB_P210,210,730000000,1,20260927,MODEL_V2_TCN_MEANMAX,MODEL_V2_OPTIMIZER_CORRECTED_V1,1,0.6033360958099365,0.6464192271232605,18,V2-006-OPT-CORR-F01-S20260927,d65f8f5184d943417a4896f0ae87b47606c0ece1ba004892a72656bfd313bf60
e634e1656040450dca0b81cbf1ee835dcd2c355ba3b9c6de1a810691c8027ca3,MITDB_P101,101,360000000,1,20260927,MODEL_V2_TCN_MEANMAX,MODEL_V2_OPTIMIZER_CORRECTED_V1,0,-6.881370544433594,0.0010256827808916569,18,V2-006-OPT-CORR-F01-S20260927,d65f8f5184d943417a4896f0ae87b47606c0ece1ba004892a72656bfd313bf60
e63a714312e289aa8d3ffb68dfe42aae5460900291741a54063474c276c88d55,MITDB_P118,118,435000000,1,20260927,MODEL_V2_TCN_MEANMAX,MODEL_V2_OPTIMIZER_CORRECTED_V1,0,-2.468907356262207,0.07806684076786041,18,V2-006-OPT-CORR-F01-S20260927,d65f8f5184d943417a4896f0ae87b47606c0ece1ba004892a72656bfd313bf60
e650b39ab0d869a2616e3492699788575f0cb7db8ba3f678941bb9f3e0ef1fc7,MITDB_P118,118,310000000,1,20260927,MODEL_V2_TCN_MEANMAX,MODEL_V2_OPTIMIZER_CORRECTED_V1,1,4.780138969421387,0.991675078868866,18,V2-006-OPT-CORR-F01-S20260927,d65f8f5184d943417a4896f0ae87b47606c0ece1ba004892a72656bfd313bf60
e6619909e254b035be9c8dd9db5cbedc2839d6e33c810a56672d14ff8424cf44,MITDB_P101,101,160000000,1,20260927,MODEL_V2_TCN_MEANMAX,MODEL_V2_OPTIMIZER_CORRECTED_V1,0,-6.748457908630371,0.0011713129933923483,18,V2-006-OPT-CORR-F01-S20260927,d65f8f5184d943417a4896f0ae87b47606c0ece1ba004892a72656bfd313bf60
e69968ca02ae225d120f628b9f0d6f56b36795f9f0a993c08249336cfeb0b820,MITDB_P101,101,1775000000,1,20260927,MODEL_V2_TCN_MEANMAX,MODEL_V2_OPTIMIZER_CORRECTED_V1,0,-6.441738128662109,0.001591098727658391,18,V2-006-OPT-CORR-F01-S20260927,d65f8f5184d943417a4896f0ae87b47606c0ece1ba004892a72656bfd313bf60
e6b2de0c4f1ca825f405156e8c872d0384f4492484711ded4554b0f59c77c33c,MITDB_P118,118,660000000,1,20260927,MODEL_V2_TCN_MEANMAX,MODEL_V2_OPTIMIZER_CORRECTED_V1,1,5.664773941040039,0.9965460896492004,18,V2-006-OPT-CORR-F01-S20260927,d65f8f5184d943417a4896f0ae87b47606c0ece1ba004892a72656bfd313bf60
e6cf4de96ce1fabf96954d544c8e98bbb97e00858f80bda9ff895499c582e6cc,MITDB_P122,122,535000000,1,20260927,MODEL_V2_TCN_MEANMAX,MODEL_V2_OPTIMIZER_CORRECTED_V1,0,-9.13871955871582,0.00010741325240815058,18,V2-006-OPT-CORR-F01-S20260927,d65f8f5184d943417a4896f0ae87b47606c0ece1ba004892a72656bfd313bf60
e6e01c3272b2fcd7908d4661e0becf24dda22d8632741bc453e75db305ffff25,MITDB_P207,207,610000000,1,20260927,MODEL_V2_TCN_MEANMAX,MODEL_V2_OPTIMIZER_CORRECTED_V1,0,9.531949996948242,0.9999275207519531,18,V2-006-OPT-CORR-F01-S20260927,d65f8f5184d943417a4896f0ae87b47606c0ece1ba004892a72656bfd313bf60
e6fa6709dd9d66fb70c907ef53454d2b050b546562af17b450e91d4a53e611f8,MITDB_P119,119,1065000000,1,20260927,MODEL_V2_TCN_MEANMAX,MODEL_V2_OPTIMIZER_CORRECTED_V1,1,18.8737735748291,1.0,18,V2-006-OPT-CORR-F01-S20260927,d65f8f5184d943417a4896f0ae87b47606c0ece1ba004892a72656bfd313bf60
e713df0e55db09e5fe12658f38068df8b45e0b2ccfc728de80d5e3375ee29119,MITDB_P118,118,1795000000,1,20260927,MODEL_V2_TCN_MEANMAX,MODEL_V2_OPTIMIZER_CORRECTED_V1,0,2.684799909591675,0.936123788356781,18,V2-006-OPT-CORR-F01-S20260927,d65f8f5184d943417a4896f0ae87b47606c0ece1ba004892a72656bfd313bf60
e723ee6791af0387513a283215df7392c00213d7c5b79fcbdee8f9aa8c9e2b49,MITDB_P119,119,1420000000,1,20260927,MODEL_V2_TCN_MEANMAX,MODEL_V2_OPTIMIZER_CORRECTED_V1,1,17.282888412475586,1.0,18,V2-006-OPT-CORR-F01-S20260927,d65f8f5184d943417a4896f0ae87b47606c0ece1ba004892a72656bfd313bf60
e74e44c78bd9c9116ee49bfab81efb627376546c20f0544e2bb1c19fd048aa15,MITDB_P119,119,1535000000,1,20260927,MODEL_V2_TCN_MEANMAX,MODEL_V2_OPTIMIZER_CORRECTED_V1,1,13.981962203979492,0.9999991655349731,18,V2-006-OPT-CORR-F01-S20260927,d65f8f5184d943417a4896f0ae87b47606c0ece1ba004892a72656bfd313bf60
e784f5f15430f268aa642a99ee6d65bf836d3c5a84b3ffb084f17e9eac938207,MITDB_P118,118,430000000,1,20260927,MODEL_V2_TCN_MEANMAX,MODEL_V2_OPTIMIZER_CORRECTED_V1,0,-2.9938082695007324,0.04770638048648834,18,V2-006-OPT-CORR-F01-S20260927,d65f8f5184d943417a4896f0ae87b47606c0ece1ba004892a72656bfd313bf60
e7b55c938a85dde109bdd5a81d0e7acb7260fd4f7b10dc2552d20efd49bce077,MITDB_P207,207,1120000000,1,20260927,MODEL_V2_TCN_MEANMAX,MODEL_V2_OPTIMIZER_CORRECTED_V1,0,6.974922180175781,0.9990658164024353,18,V2-006-OPT-CORR-F01-S20260927,d65f8f5184d943417a4896f0ae87b47606c0ece1ba004892a72656bfd313bf60
e7de5c7f483e93e9143f760cc7500c562175b16fd781b4efa5fa541ec0795c81,MITDB_P122,122,780000000,1,20260927,MODEL_V2_TCN_MEANMAX,MODEL_V2_OPTIMIZER_CORRECTED_V1,0,-8.461747169494629,0.00021135770657565445,18,V2-006-OPT-CORR-F01-S20260927,d65f8f5184d943417a4896f0ae87b47606c0ece1ba004892a72656bfd313bf60
e7f57764c35435150389e09ff621a3b5d104754ef4c6235be59c0a7c19ef0fe7,MITDB_P207,207,150000000,1,20260927,MODEL_V2_TCN_MEANMAX,MODEL_V2_OPTIMIZER_CORRECTED_V1,1,9.289185523986816,0.9999076128005981,18,V2-006-OPT-CORR-F01-S20260927,d65f8f5184d943417a4896f0ae87b47606c0ece1ba004892a72656bfd313bf60
e826a760d29df921fe114433c4ac25322e637d7911970dc4ae992288bde29372,MITDB_P210,210,1645000000,1,20260927,MODEL_V2_TCN_MEANMAX,MODEL_V2_OPTIMIZER_CORRECTED_V1,1,6.9673051834106445,0.9990586638450623,18,V2-006-OPT-CORR-F01-S20260927,d65f8f5184d943417a4896f0ae87b47606c0ece1ba004892a72656bfd313bf60
e8460e63e9993b2b0f594ce187c0ee31e7e5fde819c382de287d7462373c479c,MITDB_P210,210,145000000,1,20260927,MODEL_V2_TCN_MEANMAX,MODEL_V2_OPTIMIZER_CORRECTED_V1,1,6.967757225036621,0.9990591406822205,18,V2-006-OPT-CORR-F01-S20260927,d65f8f5184d943417a4896f0ae87b47606c0ece1ba004892a72656bfd313bf60
e883abae63c9373851c0e4ef9db08f22858bbebd94ce5c6a7d2efcf1e34f0fa4,MITDB_P118,118,1390000000,1,20260927,MODEL_V2_TCN_MEANMAX,MODEL_V2_OPTIMIZER_CORRECTED_V1,1,7.297950744628906,0.9993236064910889,18,V2-006-OPT-CORR-F01-S20260927,d65f8f5184d943417a4896f0ae87b47606c0ece1ba004892a72656bfd313bf60
e8a0da3bc63f1483d6a3888920500ae3bb55dc4d7b6e140e0fd634c8106c83f0,MITDB_P101,101,285000000,1,20260927,MODEL_V2_TCN_MEANMAX,MODEL_V2_OPTIMIZER_CORRECTED_V1,0,-5.751707077026367,0.00316728837788105,18,V2-006-OPT-CORR-F01-S20260927,d65f8f5184d943417a4896f0ae87b47606c0ece1ba004892a72656bfd313bf60
e8a4cb86f3fd247dc676429de329896b3a8decd0cc4cf92ea5e7da8d5cc271a7,MITDB_P207,207,805000000,1,20260927,MODEL_V2_TCN_MEANMAX,MODEL_V2_OPTIMIZER_CORRECTED_V1,0,8.417842864990234,0.9997791647911072,18,V2-006-OPT-CORR-F01-S20260927,d65f8f5184d943417a4896f0ae87b47606c0ece1ba004892a72656bfd313bf60
e8b0681342ed431437c542a8e4c9df333759d11526eb2fa508965e53244c2af0,MITDB_P119,119,1180000000,1,20260927,MODEL_V2_TCN_MEANMAX,MODEL_V2_OPTIMIZER_CORRECTED_V1,1,15.671815872192383,0.9999998807907104,18,V2-006-OPT-CORR-F01-S20260927,d65f8f5184d943417a4896f0ae87b47606c0ece1ba004892a72656bfd313bf60
e8b6f5ef3fbdb699ac42dfed0e257f14ecd01b5dbdf345011115df583235844b,MITDB_P118,118,580000000,1,20260927,MODEL_V2_TCN_MEANMAX,MODEL_V2_OPTIMIZER_CORRECTED_V1,0,7.925106048583984,0.999638557434082,18,V2-006-OPT-CORR-F01-S20260927,d65f8f5184d943417a4896f0ae87b47606c0ece1ba004892a72656bfd313bf60
e8dc6e8aae680a93d7b7141dd7e2b7bb8e14d462a5d305dd6ecf9441c44693ab,MITDB_P119,119,415000000,1,20260927,MODEL_V2_TCN_MEANMAX,MODEL_V2_OPTIMIZER_CORRECTED_V1,0,-6.640252590179443,0.0013049918925389647,18,V2-006-OPT-CORR-F01-S20260927,d65f8f5184d943417a4896f0ae87b47606c0ece1ba004892a72656bfd313bf60
e8e3cc3319773dca86afce66cb9806ec0e1520d191cf5547e1a0563b0a16839d,MITDB_P118,118,1005000000,1,20260927,MODEL_V2_TCN_MEANMAX,MODEL_V2_OPTIMIZER_CORRECTED_V1,1,4.994685173034668,0.9932717680931091,18,V2-006-OPT-CORR-F01-S20260927,d65f8f5184d943417a4896f0ae87b47606c0ece1ba004892a72656bfd313bf60
e8f08ddcf130e588c35897fec7017588122d7cc9c34ca65f60e998c4a4ffb8e3,MITDB_P101,101,1655000000,1,20260927,MODEL_V2_TCN_MEANMAX,MODEL_V2_OPTIMIZER_CORRECTED_V1,0,-5.825798511505127,0.0029417676851153374,18,V2-006-OPT-CORR-F01-S20260927,d65f8f5184d943417a4896f0ae87b47606c0ece1ba004892a72656bfd313bf60
e978e7a51f23d924098d083bb6a0d092d1e8280b9a249ba18c04e5d4dd0b203b,MITDB_P119,119,595000000,1,20260927,MODEL_V2_TCN_MEANMAX,MODEL_V2_OPTIMIZER_CORRECTED_V1,1,14.52610969543457,0.9999995231628418,18,V2-006-OPT-CORR-F01-S20260927,d65f8f5184d943417a4896f0ae87b47606c0ece1ba004892a72656bfd313bf60
e98b21ef5adc0a827ad35dde76afe10af4cf4e7907469670aa63ed71a7268652,MITDB_P119,119,1120000000,1,20260927,MODEL_V2_TCN_MEANMAX,MODEL_V2_OPTIMIZER_CORRECTED_V1,1,14.364164352416992,0.9999994039535522,18,V2-006-OPT-CORR-F01-S20260927,d65f8f5184d943417a4896f0ae87b47606c0ece1ba004892a72656bfd313bf60
e9be2a9800324d8e92525906dfecdc960758082c5fdbe227fe66db32a530132e,MITDB_P101,101,985000000,1,20260927,MODEL_V2_TCN_MEANMAX,MODEL_V2_OPTIMIZER_CORRECTED_V1,0,-6.155205249786377,0.0021179101895540953,18,V2-006-OPT-CORR-F01-S20260927,d65f8f5184d943417a4896f0ae87b47606c0ece1ba004892a72656bfd313bf60
e9f726953884fdeb25401518cfd4fa95929f49b73005ef7ea2c7614cbb5b0b73,MITDB_P207,207,1160000000,1,20260927,MODEL_V2_TCN_MEANMAX,MODEL_V2_OPTIMIZER_CORRECTED_V1,0,7.343504905700684,0.9993535876274109,18,V2-006-OPT-CORR-F01-S20260927,d65f8f5184d943417a4896f0ae87b47606c0ece1ba004892a72656bfd313bf60
ea1458b7717bd9ecf597bd2c5bcc774667701a5622c8fdedf1d848038282f923,MITDB_P119,119,135000000,1,20260927,MODEL_V2_TCN_MEANMAX,MODEL_V2_OPTIMIZER_CORRECTED_V1,1,16.99338150024414,1.0,18,V2-006-OPT-CORR-F01-S20260927,d65f8f5184d943417a4896f0ae87b47606c0ece1ba004892a72656bfd313bf60
ea2e69ca37aa3c7972bdaa06b059241da5f8f203882521b6219b0cffd9cd638f,MITDB_P210,210,1145000000,1,20260927,MODEL_V2_TCN_MEANMAX,MODEL_V2_OPTIMIZER_CORRECTED_V1,1,1.699120283126831,0.8454198241233826,18,V2-006-OPT-CORR-F01-S20260927,d65f8f5184d943417a4896f0ae87b47606c0ece1ba004892a72656bfd313bf60
ea444b5deb0518e4b3d8e01d17410da028771ec87dab0157c719a79685a52bcc,MITDB_P210,210,1765000000,1,20260927,MODEL_V2_TCN_MEANMAX,MODEL_V2_OPTIMIZER_CORRECTED_V1,1,11.807170867919922,0.9999924898147583,18,V2-006-OPT-CORR-F01-S20260927,d65f8f5184d943417a4896f0ae87b47606c0ece1ba004892a72656bfd313bf60
ea8c047bf646cc12719d61c749eb0a90110a702b5005228ddc35713bae93a590,MITDB_P101,101,1315000000,1,20260927,MODEL_V2_TCN_MEANMAX,MODEL_V2_OPTIMIZER_CORRECTED_V1,0,-6.507697105407715,0.0014896889915689826,18,V2-006-OPT-CORR-F01-S20260927,d65f8f5184d943417a4896f0ae87b47606c0ece1ba004892a72656bfd313bf60
ea929e8a16320061c9797a0f347d9c75b36f6fd82bf0ee8a42bc1071135d162b,MITDB_P210,210,780000000,1,20260927,MODEL_V2_TCN_MEANMAX,MODEL_V2_OPTIMIZER_CORRECTED_V1,1,9.729934692382812,0.9999405145645142,18,V2-006-OPT-CORR-F01-S20260927,d65f8f5184d943417a4896f0ae87b47606c0ece1ba004892a72656bfd313bf60
eaaefcc9ee3cc8efc2dc4aea006629282f1f3b6a9636a53e14a4b482e11e1e80,MITDB_P118,118,1270000000,1,20260927,MODEL_V2_TCN_MEANMAX,MODEL_V2_OPTIMIZER_CORRECTED_V1,0,0.8498868942260742,0.7005434036254883,18,V2-006-OPT-CORR-F01-S20260927,d65f8f5184d943417a4896f0ae87b47606c0ece1ba004892a72656bfd313bf60
eac5ea2b9bb9d146ac705e11cccb3c6586d15ef20cdba5daad00bfe64e961b79,MITDB_P122,122,495000000,1,20260927,MODEL_V2_TCN_MEANMAX,MODEL_V2_OPTIMIZER_CORRECTED_V1,0,-7.767309188842773,0.0004231717612128705,18,V2-006-OPT-CORR-F01-S20260927,d65f8f5184d943417a4896f0ae87b47606c0ece1ba004892a72656bfd313bf60
eae8901eaac420be5b0eb54ae16001f1aa529664553a663dd318fdbaf1fc3b7e,MITDB_P101,101,890000000,1,20260927,MODEL_V2_TCN_MEANMAX,MODEL_V2_OPTIMIZER_CORRECTED_V1,0,-6.051163673400879,0.0023495862260460854,18,V2-006-OPT-CORR-F01-S20260927,d65f8f5184d943417a4896f0ae87b47606c0ece1ba004892a72656bfd313bf60
eaec0a4603f30dd105bab52a9929c8a41398fa0ad4113c00482ce92289542543,MITDB_P118,118,155000000,1,20260927,MODEL_V2_TCN_MEANMAX,MODEL_V2_OPTIMIZER_CORRECTED_V1,0,0.36767008900642395,0.5908958315849304,18,V2-006-OPT-CORR-F01-S20260927,d65f8f5184d943417a4896f0ae87b47606c0ece1ba004892a72656bfd313bf60
eb3111659863b09984e86e95e311e6c4c7b7a87f171710180f1e522034793ac0,MITDB_P119,119,330000000,1,20260927,MODEL_V2_TCN_MEANMAX,MODEL_V2_OPTIMIZER_CORRECTED_V1,1,15.983283996582031,0.9999998807907104,18,V2-006-OPT-CORR-F01-S20260927,d65f8f5184d943417a4896f0ae87b47606c0ece1ba004892a72656bfd313bf60
eb4c63fc85fadcc2362c83da08e4b4ad3e82a57d9c6c65edd9bc063faef77b25,MITDB_P210,210,1505000000,1,20260927,MODEL_V2_TCN_MEANMAX,MODEL_V2_OPTIMIZER_CORRECTED_V1,0,-5.3792724609375,0.004590010270476341,18,V2-006-OPT-CORR-F01-S20260927,d65f8f5184d943417a4896f0ae87b47606c0ece1ba004892a72656bfd313bf60
eb622f722bdf593d46e201d1e87961cff8071a70d557503704d85082ec17c552,MITDB_P210,210,330000000,1,20260927,MODEL_V2_TCN_MEANMAX,MODEL_V2_OPTIMIZER_CORRECTED_V1,1,-0.12434038519859314,0.4689548909664154,18,V2-006-OPT-CORR-F01-S20260927,d65f8f5184d943417a4896f0ae87b47606c0ece1ba004892a72656bfd313bf60
eb64b8ddfcf104a9d77c243f84a206158238a4f510ee7bfcba46b357f8ad55a1,MITDB_P122,122,1535000000,1,20260927,MODEL_V2_TCN_MEANMAX,MODEL_V2_OPTIMIZER_CORRECTED_V1,0,-7.471724510192871,0.0005686227814294398,18,V2-006-OPT-CORR-F01-S20260927,d65f8f5184d943417a4896f0ae87b47606c0ece1ba004892a72656bfd313bf60
eb7a618c914fd3dac1a9becfd45cf616c0331bd224afe3f4fcaf7e9538479d61,MITDB_P101,101,245000000,1,20260927,MODEL_V2_TCN_MEANMAX,MODEL_V2_OPTIMIZER_CORRECTED_V1,0,-6.5396575927734375,0.0014428982976824045,18,V2-006-OPT-CORR-F01-S20260927,d65f8f5184d943417a4896f0ae87b47606c0ece1ba004892a72656bfd313bf60
eb7fdaf69cdbe0ed25ee6af660994646e790ba02ffeb9ddbc83bc76ce6c0a251,MITDB_P101,101,765000000,1,20260927,MODEL_V2_TCN_MEANMAX,MODEL_V2_OPTIMIZER_CORRECTED_V1,0,-6.604360103607178,0.0013526176335290074,18,V2-006-OPT-CORR-F01-S20260927,d65f8f5184d943417a4896f0ae87b47606c0ece1ba004892a72656bfd313bf60
ebb22ce5c990cabf50f7c8d367c55c2be3ef2adb3a640a5c78c350c9363a681e,MITDB_P122,122,1505000000,1,20260927,MODEL_V2_TCN_MEANMAX,MODEL_V2_OPTIMIZER_CORRECTED_V1,0,-7.062551021575928,0.000855857040733099,18,V2-006-OPT-CORR-F01-S20260927,d65f8f5184d943417a4896f0ae87b47606c0ece1ba004892a72656bfd313bf60
ebba4bf01674ca03e18f02842b2747946b9b440233ad2365d849b0959be424ad,MITDB_P101,101,1180000000,1,20260927,MODEL_V2_TCN_MEANMAX,MODEL_V2_OPTIMIZER_CORRECTED_V1,0,-6.731632709503174,0.00119116366840899,18,V2-006-OPT-CORR-F01-S20260927,d65f8f5184d943417a4896f0ae87b47606c0ece1ba004892a72656bfd313bf60
ebe593512b70288d00e75090b138f847fc1699eefebadb8ab9f4350e75cf3252,MITDB_P210,210,1360000000,1,20260927,MODEL_V2_TCN_MEANMAX,MODEL_V2_OPTIMIZER_CORRECTED_V1,0,-0.07745280861854553,0.4806464910507202,18,V2-006-OPT-CORR-F01-S20260927,d65f8f5184d943417a4896f0ae87b47606c0ece1ba004892a72656bfd313bf60
ebfea5eb53836a009629460e9a4254fb3124c7b039dcb326f4345d18c1859103,MITDB_P207,207,230000000,1,20260927,MODEL_V2_TCN_MEANMAX,MODEL_V2_OPTIMIZER_CORRECTED_V1,1,14.212573051452637,0.9999992847442627,18,V2-006-OPT-CORR-F01-S20260927,d65f8f5184d943417a4896f0ae87b47606c0ece1ba004892a72656bfd313bf60
ec11c39e38de431e0785a9010796056c19e2e81654149d7c149cb0d36dd4a694,MITDB_P207,207,1760000000,1,20260927,MODEL_V2_TCN_MEANMAX,MODEL_V2_OPTIMIZER_CORRECTED_V1,1,1.900524616241455,0.8699509501457214,18,V2-006-OPT-CORR-F01-S20260927,d65f8f5184d943417a4896f0ae87b47606c0ece1ba004892a72656bfd313bf60
ec72499040610093f22f44aed644e0eaa61211976248e0831297bdb85c368936,MITDB_P207,207,1235000000,1,20260927,MODEL_V2_TCN_MEANMAX,MODEL_V2_OPTIMIZER_CORRECTED_V1,0,6.29903507232666,0.9981653094291687,18,V2-006-OPT-CORR-F01-S20260927,d65f8f5184d943417a4896f0ae87b47606c0ece1ba004892a72656bfd313bf60
ec967d3a2819ce1912560b526def8ce829b3e6aea34830b7d3f27f77e36845bc,MITDB_P101,101,590000000,1,20260927,MODEL_V2_TCN_MEANMAX,MODEL_V2_OPTIMIZER_CORRECTED_V1,0,-6.532695770263672,0.0014529639156535268,18,V2-006-OPT-CORR-F01-S20260927,d65f8f5184d943417a4896f0ae87b47606c0ece1ba004892a72656bfd313bf60
ecb216b3dae3de7d9b6c21d0e9b1881c0430042ea582165d2e80a8d230362708,MITDB_P119,119,1095000000,1,20260927,MODEL_V2_TCN_MEANMAX,MODEL_V2_OPTIMIZER_CORRECTED_V1,1,15.465195655822754,0.9999997615814209,18,V2-006-OPT-CORR-F01-S20260927,d65f8f5184d943417a4896f0ae87b47606c0ece1ba004892a72656bfd313bf60
ecd67f519e8f7b0a6ee45c96013c80b56ac157a19f4f84a3977b83ed2658bb42,MITDB_P119,119,1185000000,1,20260927,MODEL_V2_TCN_MEANMAX,MODEL_V2_OPTIMIZER_CORRECTED_V1,1,15.600765228271484,0.9999998807907104,18,V2-006-OPT-CORR-F01-S20260927,d65f8f5184d943417a4896f0ae87b47606c0ece1ba004892a72656bfd313bf60
ed13a2f265e8b0794e2096a286fa64b76d410cdd00e25d9d5f61ffd0e778b438,MITDB_P101,101,1005000000,1,20260927,MODEL_V2_TCN_MEANMAX,MODEL_V2_OPTIMIZER_CORRECTED_V1,0,-7.075662612915039,0.0008447180152870715,18,V2-006-OPT-CORR-F01-S20260927,d65f8f5184d943417a4896f0ae87b47606c0ece1ba004892a72656bfd313bf60
ed2d6fa3faa120859e717cbae260caa6d4f1e54c3119401090e8df68eef1cb8b,MITDB_P119,119,215000000,1,20260927,MODEL_V2_TCN_MEANMAX,MODEL_V2_OPTIMIZER_CORRECTED_V1,1,14.578139305114746,0.9999995231628418,18,V2-006-OPT-CORR-F01-S20260927,d65f8f5184d943417a4896f0ae87b47606c0ece1ba004892a72656bfd313bf60
ed347c265497e48587eac9e6726eb7ca7b130efb622b90b259a4ad9604f4622e,MITDB_P118,118,325000000,1,20260927,MODEL_V2_TCN_MEANMAX,MODEL_V2_OPTIMIZER_CORRECTED_V1,0,2.22670316696167,0.9026219248771667,18,V2-006-OPT-CORR-F01-S20260927,d65f8f5184d943417a4896f0ae87b47606c0ece1ba004892a72656bfd313bf60
ed3be91906e0251485b37a18ddbe0e7872fe26665fa0cf7515134de7ad20d994,MITDB_P210,210,1280000000,1,20260927,MODEL_V2_TCN_MEANMAX,MODEL_V2_OPTIMIZER_CORRECTED_V1,1,2.64451265335083,0.9336720108985901,18,V2-006-OPT-CORR-F01-S20260927,d65f8f5184d943417a4896f0ae87b47606c0ece1ba004892a72656bfd313bf60
ed4e688085a50a6a54d67e81fba6bc813310227a2414fad7683931b00bfc3560,MITDB_P210,210,35000000,1,20260927,MODEL_V2_TCN_MEANMAX,MODEL_V2_OPTIMIZER_CORRECTED_V1,1,6.450944900512695,0.9984234571456909,18,V2-006-OPT-CORR-F01-S20260927,d65f8f5184d943417a4896f0ae87b47606c0ece1ba004892a72656bfd313bf60
ed5cdc89d083062ccebda1ec1bf92626dae09d9976fdae28cae0a714d7f7b11e,MITDB_P122,122,1230000000,1,20260927,MODEL_V2_TCN_MEANMAX,MODEL_V2_OPTIMIZER_CORRECTED_V1,0,-7.539693832397461,0.0005312779685482383,18,V2-006-OPT-CORR-F01-S20260927,d65f8f5184d943417a4896f0ae87b47606c0ece1ba004892a72656bfd313bf60
ed5da27490cd6d1986735593ba91895f2b0e8b8144068fa7dca5653a7591c9c5,MITDB_P207,207,945000000,1,20260927,MODEL_V2_TCN_MEANMAX,MODEL_V2_OPTIMIZER_CORRECTED_V1,0,6.461857795715332,0.9984405636787415,18,V2-006-OPT-CORR-F01-S20260927,d65f8f5184d943417a4896f0ae87b47606c0ece1ba004892a72656bfd313bf60
ed9a2107fc52d135473ad587851bfbb7fba4ad2d00439856d58f0b2d5fda1631,MITDB_P101,101,315000000,1,20260927,MODEL_V2_TCN_MEANMAX,MODEL_V2_OPTIMIZER_CORRECTED_V1,0,-6.680420875549316,0.0012536757858470082,18,V2-006-OPT-CORR-F01-S20260927,d65f8f5184d943417a4896f0ae87b47606c0ece1ba004892a72656bfd313bf60
edc6dde01bb2562bc9b4a1e002cb8742f05a065f26b0b75ad449bacf51316f04,MITDB_P122,122,195000000,1,20260927,MODEL_V2_TCN_MEANMAX,MODEL_V2_OPTIMIZER_CORRECTED_V1,0,-10.167337417602539,3.840296631096862e-05,18,V2-006-OPT-CORR-F01-S20260927,d65f8f5184d943417a4896f0ae87b47606c0ece1ba004892a72656bfd313bf60
edc724de0c64f0c4088052691a7768c5bd93d31ab83029e6db876f108c98788c,MITDB_P101,101,1595000000,1,20260927,MODEL_V2_TCN_MEANMAX,MODEL_V2_OPTIMIZER_CORRECTED_V1,0,-6.273703575134277,0.0018816862720996141,18,V2-006-OPT-CORR-F01-S20260927,d65f8f5184d943417a4896f0ae87b47606c0ece1ba004892a72656bfd313bf60
edd4f7433383fd6733f603317b0640780bc92e8b71c23a007c6d101a0e45a898,MITDB_P207,207,635000000,1,20260927,MODEL_V2_TCN_MEANMAX,MODEL_V2_OPTIMIZER_CORRECTED_V1,0,9.589362144470215,0.9999315738677979,18,V2-006-OPT-CORR-F01-S20260927,d65f8f5184d943417a4896f0ae87b47606c0ece1ba004892a72656bfd313bf60
ee0d5fb6f0e51ccba3a2670adcb14b7080eccd80dbe97faf74d3dc50eec49644,MITDB_P210,210,1625000000,1,20260927,MODEL_V2_TCN_MEANMAX,MODEL_V2_OPTIMIZER_CORRECTED_V1,1,2.5522518157958984,0.9277246594429016,18,V2-006-OPT-CORR-F01-S20260927,d65f8f5184d943417a4896f0ae87b47606c0ece1ba004892a72656bfd313bf60
ee392e5d8eab0d48e1a8477fb61f9608c1cca679df28272673515072d0f5d296,MITDB_P101,101,1670000000,1,20260927,MODEL_V2_TCN_MEANMAX,MODEL_V2_OPTIMIZER_CORRECTED_V1,0,-6.94084358215332,0.0009665180114097893,18,V2-006-OPT-CORR-F01-S20260927,d65f8f5184d943417a4896f0ae87b47606c0ece1ba004892a72656bfd313bf60
ee487b898194f4607f77fe630f32aa136c5dc336144210af0697d1f4086aa5c8,MITDB_P207,207,120000000,1,20260927,MODEL_V2_TCN_MEANMAX,MODEL_V2_OPTIMIZER_CORRECTED_V1,0,7.086301326751709,0.9991642236709595,18,V2-006-OPT-CORR-F01-S20260927,d65f8f5184d943417a4896f0ae87b47606c0ece1ba004892a72656bfd313bf60
ee6c3b3b71a56956d043d57f7e61b6a20feea62e1a0e22e216e94a705912fe59,MITDB_P118,118,1680000000,1,20260927,MODEL_V2_TCN_MEANMAX,MODEL_V2_OPTIMIZER_CORRECTED_V1,0,-1.0421277284622192,0.26073965430259705,18,V2-006-OPT-CORR-F01-S20260927,d65f8f5184d943417a4896f0ae87b47606c0ece1ba004892a72656bfd313bf60
ee87dae489c7500df5d082778a90764a62ba8638124dee44ce2d13fd14607e7e,MITDB_P207,207,1305000000,1,20260927,MODEL_V2_TCN_MEANMAX,MODEL_V2_OPTIMIZER_CORRECTED_V1,0,7.127183437347412,0.9991976618766785,18,V2-006-OPT-CORR-F01-S20260927,d65f8f5184d943417a4896f0ae87b47606c0ece1ba004892a72656bfd313bf60
ee8e8ab1a8ceac2727bbf02247eae449e64a17d996e906e4a8faf1e064b97cf5,MITDB_P210,210,80000000,1,20260927,MODEL_V2_TCN_MEANMAX,MODEL_V2_OPTIMIZER_CORRECTED_V1,1,4.361648082733154,0.987403392791748,18,V2-006-OPT-CORR-F01-S20260927,d65f8f5184d943417a4896f0ae87b47606c0ece1ba004892a72656bfd313bf60
ee96be326dfbfe69c0b0127bd11be9b45d307c563deb501c5b9d08e8f1acf721,MITDB_P101,101,480000000,1,20260927,MODEL_V2_TCN_MEANMAX,MODEL_V2_OPTIMIZER_CORRECTED_V1,0,-6.161009311676025,0.00210567913018167,18,V2-006-OPT-CORR-F01-S20260927,d65f8f5184d943417a4896f0ae87b47606c0ece1ba004892a72656bfd313bf60
eeab342b9408248b4eb490027ea388cb0a4636a30f0f5af349098156bfbe0320,MITDB_P101,101,60000000,1,20260927,MODEL_V2_TCN_MEANMAX,MODEL_V2_OPTIMIZER_CORRECTED_V1,0,-6.21555233001709,0.0019941278733313084,18,V2-006-OPT-CORR-F01-S20260927,d65f8f5184d943417a4896f0ae87b47606c0ece1ba004892a72656bfd313bf60
eeb019e40cfb63390159db8f5da8c096ae059a25087c227e53e9f75cde1d2723,MITDB_P101,101,685000000,1,20260927,MODEL_V2_TCN_MEANMAX,MODEL_V2_OPTIMIZER_CORRECTED_V1,0,-6.138131618499756,0.0021543025504797697,18,V2-006-OPT-CORR-F01-S20260927,d65f8f5184d943417a4896f0ae87b47606c0ece1ba004892a72656bfd313bf60
eeecb41a640ed9efdefa5220ce93f5c6c6945fc542c5f850cbcadc611c7e2e1a,MITDB_P207,207,1540000000,1,20260927,MODEL_V2_TCN_MEANMAX,MODEL_V2_OPTIMIZER_CORRECTED_V1,1,6.89357852935791,0.9989867806434631,18,V2-006-OPT-CORR-F01-S20260927,d65f8f5184d943417a4896f0ae87b47606c0ece1ba004892a72656bfd313bf60
ef738eb50ab32e78aa0f9efec71e61f62276fc2c86b34e1b94b748b96e15c901,MITDB_P122,122,325000000,1,20260927,MODEL_V2_TCN_MEANMAX,MODEL_V2_OPTIMIZER_CORRECTED_V1,0,-7.898026466369629,0.0003713380137924105,18,V2-006-OPT-CORR-F01-S20260927,d65f8f5184d943417a4896f0ae87b47606c0ece1ba004892a72656bfd313bf60
ef788f2f06d1ae5d1712fd35435a9be5c1bc9cbb35f2e774d03b796c3d7d7804,MITDB_P122,122,1725000000,1,20260927,MODEL_V2_TCN_MEANMAX,MODEL_V2_OPTIMIZER_CORRECTED_V1,0,-6.724696636199951,0.0011994445230811834,18,V2-006-OPT-CORR-F01-S20260927,d65f8f5184d943417a4896f0ae87b47606c0ece1ba004892a72656bfd313bf60
ef848c0e693674f2db1378ef1f029be79ee5ec45dfba2403666939b856eb4f31,MITDB_P118,118,1780000000,1,20260927,MODEL_V2_TCN_MEANMAX,MODEL_V2_OPTIMIZER_CORRECTED_V1,1,8.730831146240234,0.9998384714126587,18,V2-006-OPT-CORR-F01-S20260927,d65f8f5184d943417a4896f0ae87b47606c0ece1ba004892a72656bfd313bf60
ef9c70f0a24d9b082605e8579f41617c9b6dac23a732dd0e36647e2ee29407d0,MITDB_P122,122,720000000,1,20260927,MODEL_V2_TCN_MEANMAX,MODEL_V2_OPTIMIZER_CORRECTED_V1,0,-6.516689777374268,0.0014763723593205214,18,V2-006-OPT-CORR-F01-S20260927,d65f8f5184d943417a4896f0ae87b47606c0ece1ba004892a72656bfd313bf60
efaff72d33bcaa65de3cb4a61fc1f6dbe6a59b3c7ca023ddeefc1e80b95caa8a,MITDB_P101,101,250000000,1,20260927,MODEL_V2_TCN_MEANMAX,MODEL_V2_OPTIMIZER_CORRECTED_V1,0,-6.448563575744629,0.0015802928246557713,18,V2-006-OPT-CORR-F01-S20260927,d65f8f5184d943417a4896f0ae87b47606c0ece1ba004892a72656bfd313bf60
efe8deacc508c5bc94115d4b9e5ab81392d35d97be2d1bc91051881ba23f76b1,MITDB_P210,210,655000000,1,20260927,MODEL_V2_TCN_MEANMAX,MODEL_V2_OPTIMIZER_CORRECTED_V1,0,2.865124225616455,0.9460952281951904,18,V2-006-OPT-CORR-F01-S20260927,d65f8f5184d943417a4896f0ae87b47606c0ece1ba004892a72656bfd313bf60
f007f0659bffab94475c8f001b978853f6d03a53c3d851ba636de9ba0deb83a0,MITDB_P122,122,960000000,1,20260927,MODEL_V2_TCN_MEANMAX,MODEL_V2_OPTIMIZER_CORRECTED_V1,0,-7.425549030303955,0.000595478864852339,18,V2-006-OPT-CORR-F01-S20260927,d65f8f5184d943417a4896f0ae87b47606c0ece1ba004892a72656bfd313bf60
f04c9b539f84cb15a1c93fca4814974c960befae08a20f749ae7237bc82ca4bd,MITDB_P119,119,1520000000,1,20260927,MODEL_V2_TCN_MEANMAX,MODEL_V2_OPTIMIZER_CORRECTED_V1,1,18.378318786621094,1.0,18,V2-006-OPT-CORR-F01-S20260927,d65f8f5184d943417a4896f0ae87b47606c0ece1ba004892a72656bfd313bf60
f090a92501f841acfcdf911fb9dc19d654415ab76deceebf2ee8ed4fc4e6ceb0,MITDB_P101,101,575000000,1,20260927,MODEL_V2_TCN_MEANMAX,MODEL_V2_OPTIMIZER_CORRECTED_V1,0,-6.441402435302734,0.001591632142663002,18,V2-006-OPT-CORR-F01-S20260927,d65f8f5184d943417a4896f0ae87b47606c0ece1ba004892a72656bfd313bf60
f0923a152e783ab904e296e967104bbb8ecc5e8576e2a979ce51165fdaec78c4,MITDB_P122,122,1385000000,1,20260927,MODEL_V2_TCN_MEANMAX,MODEL_V2_OPTIMIZER_CORRECTED_V1,0,-7.068089485168457,0.0008511340129189193,18,V2-006-OPT-CORR-F01-S20260927,d65f8f5184d943417a4896f0ae87b47606c0ece1ba004892a72656bfd313bf60
f09eb26053f035a4aa252d226638371f6ce2cdbf053020889ea1d90a77afcd70,MITDB_P210,210,405000000,1,20260927,MODEL_V2_TCN_MEANMAX,MODEL_V2_OPTIMIZER_CORRECTED_V1,0,-0.0811016857624054,0.47973567247390747,18,V2-006-OPT-CORR-F01-S20260927,d65f8f5184d943417a4896f0ae87b47606c0ece1ba004892a72656bfd313bf60
f0df6b6aa89db19e1671ba6fdf05ef303159104811cd1d499eb9f20985ee1f7d,MITDB_P122,122,895000000,1,20260927,MODEL_V2_TCN_MEANMAX,MODEL_V2_OPTIMIZER_CORRECTED_V1,0,-7.39738655090332,0.0006124769570305943,18,V2-006-OPT-CORR-F01-S20260927,d65f8f5184d943417a4896f0ae87b47606c0ece1ba004892a72656bfd313bf60
f0e40a19a7a9c50238b29be9682ef5046ea89345c26c6b88f0b09aaa145e98f6,MITDB_P119,119,615000000,1,20260927,MODEL_V2_TCN_MEANMAX,MODEL_V2_OPTIMIZER_CORRECTED_V1,1,18.603744506835938,1.0,18,V2-006-OPT-CORR-F01-S20260927,d65f8f5184d943417a4896f0ae87b47606c0ece1ba004892a72656bfd313bf60
f0f2fc80c0918dedc021c310b57da85543d58456fc543425af74f0e50389401c,MITDB_P122,122,1275000000,1,20260927,MODEL_V2_TCN_MEANMAX,MODEL_V2_OPTIMIZER_CORRECTED_V1,0,-8.072409629821777,0.00031193316681310534,18,V2-006-OPT-CORR-F01-S20260927,d65f8f5184d943417a4896f0ae87b47606c0ece1ba004892a72656bfd313bf60
f135a93daf1ecbff1e38994e691baf1adcddefb9047178acc9d12660ecaa5847,MITDB_P118,118,1000000000,1,20260927,MODEL_V2_TCN_MEANMAX,MODEL_V2_OPTIMIZER_CORRECTED_V1,1,4.544700622558594,0.9894883036613464,18,V2-006-OPT-CORR-F01-S20260927,d65f8f5184d943417a4896f0ae87b47606c0ece1ba004892a72656bfd313bf60
f13cb14378a7d7c9384e3a942a0a7d7281dcb0282e4b3a94ff6b4985e710d9e6,MITDB_P118,118,1345000000,1,20260927,MODEL_V2_TCN_MEANMAX,MODEL_V2_OPTIMIZER_CORRECTED_V1,1,2.79103946685791,0.9421896934509277,18,V2-006-OPT-CORR-F01-S20260927,d65f8f5184d943417a4896f0ae87b47606c0ece1ba004892a72656bfd313bf60
f17a5f4b784f5812e96bb57a3db26573216648519ad966d74df64a561e2c9d54,MITDB_P210,210,1675000000,1,20260927,MODEL_V2_TCN_MEANMAX,MODEL_V2_OPTIMIZER_CORRECTED_V1,1,8.612780570983887,0.9998182654380798,18,V2-006-OPT-CORR-F01-S20260927,d65f8f5184d943417a4896f0ae87b47606c0ece1ba004892a72656bfd313bf60
f1a2850b24caec7ad6995f92b8c114e7e95832b212913895b38f54e3080721a3,MITDB_P122,122,650000000,1,20260927,MODEL_V2_TCN_MEANMAX,MODEL_V2_OPTIMIZER_CORRECTED_V1,0,-7.598317623138428,0.0005010429304093122,18,V2-006-OPT-CORR-F01-S20260927,d65f8f5184d943417a4896f0ae87b47606c0ece1ba004892a72656bfd313bf60
f1cba1bcb023ac0493c5ec9bf42ec3b342e368c252d1f0f60aaceffb4e4085e0,MITDB_P118,118,1355000000,1,20260927,MODEL_V2_TCN_MEANMAX,MODEL_V2_OPTIMIZER_CORRECTED_V1,0,1.3568446636199951,0.7952463626861572,18,V2-006-OPT-CORR-F01-S20260927,d65f8f5184d943417a4896f0ae87b47606c0ece1ba004892a72656bfd313bf60
f21ac79bfc33dc5d2d5be6e77b15ed6a897ce8419e5464d71137931a728f5155,MITDB_P118,118,860000000,1,20260927,MODEL_V2_TCN_MEANMAX,MODEL_V2_OPTIMIZER_CORRECTED_V1,1,4.020296573638916,0.9823687672615051,18,V2-006-OPT-CORR-F01-S20260927,d65f8f5184d943417a4896f0ae87b47606c0ece1ba004892a72656bfd313bf60
f2320d8498be2fac5a4ac416e82b301a087b07722ce9591021dd06cb42b9dea1,MITDB_P119,119,210000000,1,20260927,MODEL_V2_TCN_MEANMAX,MODEL_V2_OPTIMIZER_CORRECTED_V1,1,16.182605743408203,0.9999998807907104,18,V2-006-OPT-CORR-F01-S20260927,d65f8f5184d943417a4896f0ae87b47606c0ece1ba004892a72656bfd313bf60
f24b0cad07530309213534e93a37d84aa0509a8bee7368c29cf9e20bbad44bdf,MITDB_P101,101,1500000000,1,20260927,MODEL_V2_TCN_MEANMAX,MODEL_V2_OPTIMIZER_CORRECTED_V1,0,-5.785550117492676,0.0030622142367064953,18,V2-006-OPT-CORR-F01-S20260927,d65f8f5184d943417a4896f0ae87b47606c0ece1ba004892a72656bfd313bf60
f2881ab3e1f28f312c885eee6888a5e71e8016a6b61f7b22fa92fc47db20afea,MITDB_P210,210,210000000,1,20260927,MODEL_V2_TCN_MEANMAX,MODEL_V2_OPTIMIZER_CORRECTED_V1,1,3.918565273284912,0.980517566204071,18,V2-006-OPT-CORR-F01-S20260927,d65f8f5184d943417a4896f0ae87b47606c0ece1ba004892a72656bfd313bf60
f28f78de6249539fc05099827044b2dfe7960dc97c8ef35706cb8a7d851838a4,MITDB_P122,122,315000000,1,20260927,MODEL_V2_TCN_MEANMAX,MODEL_V2_OPTIMIZER_CORRECTED_V1,0,-9.565767288208008,7.00825039530173e-05,18,V2-006-OPT-CORR-F01-S20260927,d65f8f5184d943417a4896f0ae87b47606c0ece1ba004892a72656bfd313bf60
f2a27291ea645abc6a546481d93c938fb34f9a0d2441658bd0bc079efb51451c,MITDB_P101,101,1780000000,1,20260927,MODEL_V2_TCN_MEANMAX,MODEL_V2_OPTIMIZER_CORRECTED_V1,0,-5.484829425811768,0.004132097586989403,18,V2-006-OPT-CORR-F01-S20260927,d65f8f5184d943417a4896f0ae87b47606c0ece1ba004892a72656bfd313bf60
f2b67e62d32ead81ed69151cd6ab081f29c883d2db900701f487f865835cd585,MITDB_P118,118,1255000000,1,20260927,MODEL_V2_TCN_MEANMAX,MODEL_V2_OPTIMIZER_CORRECTED_V1,0,4.453804969787598,0.9884995818138123,18,V2-006-OPT-CORR-F01-S20260927,d65f8f5184d943417a4896f0ae87b47606c0ece1ba004892a72656bfd313bf60
f30ec0196f7711969e7c7966150066a1c1b4b73921c8712d36a59b9836b01338,MITDB_P122,122,85000000,1,20260927,MODEL_V2_TCN_MEANMAX,MODEL_V2_OPTIMIZER_CORRECTED_V1,0,-8.140727043151855,0.00029134031501598656,18,V2-006-OPT-CORR-F01-S20260927,d65f8f5184d943417a4896f0ae87b47606c0ece1ba004892a72656bfd313bf60
f31afa71c4c15b8274e6c3dcad76ba01ddba9f92c41e54472309342f09a8faa8,MITDB_P207,207,300000000,1,20260927,MODEL_V2_TCN_MEANMAX,MODEL_V2_OPTIMIZER_CORRECTED_V1,0,3.5755975246429443,0.9727638959884644,18,V2-006-OPT-CORR-F01-S20260927,d65f8f5184d943417a4896f0ae87b47606c0ece1ba004892a72656bfd313bf60
f3242db0b437911f323fd6f86338b8492035e98fb62b4625dc48a22f7f2c584b,MITDB_P119,119,845000000,1,20260927,MODEL_V2_TCN_MEANMAX,MODEL_V2_OPTIMIZER_CORRECTED_V1,1,16.561723709106445,0.9999998807907104,18,V2-006-OPT-CORR-F01-S20260927,d65f8f5184d943417a4896f0ae87b47606c0ece1ba004892a72656bfd313bf60
f334041925b6c65d17fae635738eb2f9c0e6a2b71e95adf515837c123beca4a4,MITDB_P101,101,565000000,1,20260927,MODEL_V2_TCN_MEANMAX,MODEL_V2_OPTIMIZER_CORRECTED_V1,0,-5.105554580688477,0.006026437506079674,18,V2-006-OPT-CORR-F01-S20260927,d65f8f5184d943417a4896f0ae87b47606c0ece1ba004892a72656bfd313bf60
f35111a5278d57c31a71c9d8c4bbdbab5a874106fe174fc40c68bcbd092a717b,MITDB_P118,118,160000000,1,20260927,MODEL_V2_TCN_MEANMAX,MODEL_V2_OPTIMIZER_CORRECTED_V1,0,2.066617488861084,0.8876159191131592,18,V2-006-OPT-CORR-F01-S20260927,d65f8f5184d943417a4896f0ae87b47606c0ece1ba004892a72656bfd313bf60
f3c9e6679f9a74b180f10811b2ebf6004786b2ffdc2ab35c58c68919ec2a22ab,MITDB_P119,119,1310000000,1,20260927,MODEL_V2_TCN_MEANMAX,MODEL_V2_OPTIMIZER_CORRECTED_V1,1,15.674125671386719,0.9999998807907104,18,V2-006-OPT-CORR-F01-S20260927,d65f8f5184d943417a4896f0ae87b47606c0ece1ba004892a72656bfd313bf60
f3deaf596e976b9e2f768cf893c3980677bacaedb0f7da0f8c20dc7ebf80674f,MITDB_P119,119,1555000000,1,20260927,MODEL_V2_TCN_MEANMAX,MODEL_V2_OPTIMIZER_CORRECTED_V1,1,16.215219497680664,0.9999998807907104,18,V2-006-OPT-CORR-F01-S20260927,d65f8f5184d943417a4896f0ae87b47606c0ece1ba004892a72656bfd313bf60
f3e57a3b3cfe312252d75719b51e80003880fb72f52aa4e1a9cbb42e7dfa9a79,MITDB_P207,207,645000000,1,20260927,MODEL_V2_TCN_MEANMAX,MODEL_V2_OPTIMIZER_CORRECTED_V1,0,9.661312103271484,0.9999363422393799,18,V2-006-OPT-CORR-F01-S20260927,d65f8f5184d943417a4896f0ae87b47606c0ece1ba004892a72656bfd313bf60
f3ff163ba57405c9158ef4e784437c31faaf2ca849a1e734d8e4f8cc162b4e31,MITDB_P122,122,220000000,1,20260927,MODEL_V2_TCN_MEANMAX,MODEL_V2_OPTIMIZER_CORRECTED_V1,0,-7.7823591232299805,0.0004168533778283745,18,V2-006-OPT-CORR-F01-S20260927,d65f8f5184d943417a4896f0ae87b47606c0ece1ba004892a72656bfd313bf60
f419b6d94a7dcbff193ba6d15917a5434e69447fb9fd7b2d6b75650d0fcc1b82,MITDB_P118,118,200000000,1,20260927,MODEL_V2_TCN_MEANMAX,MODEL_V2_OPTIMIZER_CORRECTED_V1,1,3.8989343643188477,0.9801390171051025,18,V2-006-OPT-CORR-F01-S20260927,d65f8f5184d943417a4896f0ae87b47606c0ece1ba004892a72656bfd313bf60
f451d2a9d47f35c5883277459be14cf61af444c6e417f3b70de7b6e20c3e5a0b,MITDB_P122,122,1060000000,1,20260927,MODEL_V2_TCN_MEANMAX,MODEL_V2_OPTIMIZER_CORRECTED_V1,0,-7.54379415512085,0.0005291051347739995,18,V2-006-OPT-CORR-F01-S20260927,d65f8f5184d943417a4896f0ae87b47606c0ece1ba004892a72656bfd313bf60
f4a5e495f2b35cc762da095a2581eff7541a5178041aa956f7cda02fb06603b4,MITDB_P207,207,570000000,1,20260927,MODEL_V2_TCN_MEANMAX,MODEL_V2_OPTIMIZER_CORRECTED_V1,0,12.330438613891602,0.9999955892562866,18,V2-006-OPT-CORR-F01-S20260927,d65f8f5184d943417a4896f0ae87b47606c0ece1ba004892a72656bfd313bf60
f4be247e4533584b8d2f0f65c1a9dd99d326679385b3a9f6d7636c161a404fdb,MITDB_P118,118,1320000000,1,20260927,MODEL_V2_TCN_MEANMAX,MODEL_V2_OPTIMIZER_CORRECTED_V1,0,3.795469284057617,0.978021502494812,18,V2-006-OPT-CORR-F01-S20260927,d65f8f5184d943417a4896f0ae87b47606c0ece1ba004892a72656bfd313bf60
f4fd7ba2a4a95818c2f44d5ba39a5b234b49b46b7d14b73400d45c3fabe9db56,MITDB_P119,119,1725000000,1,20260927,MODEL_V2_TCN_MEANMAX,MODEL_V2_OPTIMIZER_CORRECTED_V1,1,9.556144714355469,0.9999291896820068,18,V2-006-OPT-CORR-F01-S20260927,d65f8f5184d943417a4896f0ae87b47606c0ece1ba004892a72656bfd313bf60
f51bdf0bb98491232e85e095487f05eb1df076847a4f46147c40cd94b5365cff,MITDB_P210,210,785000000,1,20260927,MODEL_V2_TCN_MEANMAX,MODEL_V2_OPTIMIZER_CORRECTED_V1,1,10.500035285949707,0.9999724626541138,18,V2-006-OPT-CORR-F01-S20260927,d65f8f5184d943417a4896f0ae87b47606c0ece1ba004892a72656bfd313bf60
f51e2205e3ed654f06ace4a6e4643b381da5815b4e7f1108d0e5ebc8886810a0,MITDB_P119,119,1550000000,1,20260927,MODEL_V2_TCN_MEANMAX,MODEL_V2_OPTIMIZER_CORRECTED_V1,1,15.076629638671875,0.9999997615814209,18,V2-006-OPT-CORR-F01-S20260927,d65f8f5184d943417a4896f0ae87b47606c0ece1ba004892a72656bfd313bf60
f5286ef05422001c6516200881db0cecd5ba94b3f80dbfb0443c3fd67e8b0cb2,MITDB_P210,210,445000000,1,20260927,MODEL_V2_TCN_MEANMAX,MODEL_V2_OPTIMIZER_CORRECTED_V1,0,2.199385404586792,0.9001942873001099,18,V2-006-OPT-CORR-F01-S20260927,d65f8f5184d943417a4896f0ae87b47606c0ece1ba004892a72656bfd313bf60
f55705508c0f8222e65c4d5edff3c5c710b4e761a7cdbc1d4fe9857292deadca,MITDB_P101,101,1635000000,1,20260927,MODEL_V2_TCN_MEANMAX,MODEL_V2_OPTIMIZER_CORRECTED_V1,0,-5.915008544921875,0.0026913736946880817,18,V2-006-OPT-CORR-F01-S20260927,d65f8f5184d943417a4896f0ae87b47606c0ece1ba004892a72656bfd313bf60
f57d3c26287152a93e697113b5b34387e14b711c6d49ad5f659ff5118327c2bf,MITDB_P210,210,470000000,1,20260927,MODEL_V2_TCN_MEANMAX,MODEL_V2_OPTIMIZER_CORRECTED_V1,0,-0.9855090379714966,0.27180004119873047,18,V2-006-OPT-CORR-F01-S20260927,d65f8f5184d943417a4896f0ae87b47606c0ece1ba004892a72656bfd313bf60
f58dde29ddf9e76ebad7eb89dcbee3c929bd2258a91e556a9b0704f5bd0b36fe,MITDB_P119,119,575000000,1,20260927,MODEL_V2_TCN_MEANMAX,MODEL_V2_OPTIMIZER_CORRECTED_V1,1,16.78130340576172,1.0,18,V2-006-OPT-CORR-F01-S20260927,d65f8f5184d943417a4896f0ae87b47606c0ece1ba004892a72656bfd313bf60
f5a14c99c9f02d12dfb101c79755566973f0fdef63ff5e4a7f92151ed3790606,MITDB_P119,119,680000000,1,20260927,MODEL_V2_TCN_MEANMAX,MODEL_V2_OPTIMIZER_CORRECTED_V1,1,17.562210083007812,1.0,18,V2-006-OPT-CORR-F01-S20260927,d65f8f5184d943417a4896f0ae87b47606c0ece1ba004892a72656bfd313bf60
f5a627ebb310a04b23139734d060af0de89f26c94a5ab04cfb19b491f9fd8446,MITDB_P210,210,645000000,1,20260927,MODEL_V2_TCN_MEANMAX,MODEL_V2_OPTIMIZER_CORRECTED_V1,1,0.9037408828735352,0.7117176651954651,18,V2-006-OPT-CORR-F01-S20260927,d65f8f5184d943417a4896f0ae87b47606c0ece1ba004892a72656bfd313bf60
f5d6feefb0c9057a652e24c222febe53bf4cd5552dfea66299b7c793f78de0b3,MITDB_P118,118,1530000000,1,20260927,MODEL_V2_TCN_MEANMAX,MODEL_V2_OPTIMIZER_CORRECTED_V1,1,1.943962574005127,0.8747867941856384,18,V2-006-OPT-CORR-F01-S20260927,d65f8f5184d943417a4896f0ae87b47606c0ece1ba004892a72656bfd313bf60
f5e39dff43ed6926e6a18b356f8013af00df863e94c1686b15e729c7ccfb701c,MITDB_P207,207,560000000,1,20260927,MODEL_V2_TCN_MEANMAX,MODEL_V2_OPTIMIZER_CORRECTED_V1,0,9.847545623779297,0.9999470710754395,18,V2-006-OPT-CORR-F01-S20260927,d65f8f5184d943417a4896f0ae87b47606c0ece1ba004892a72656bfd313bf60
f62a86080c06402b6f06dba5695fe7192638498b782f78ab4506ab6c7a1c526f,MITDB_P119,119,55000000,1,20260927,MODEL_V2_TCN_MEANMAX,MODEL_V2_OPTIMIZER_CORRECTED_V1,1,14.229896545410156,0.9999992847442627,18,V2-006-OPT-CORR-F01-S20260927,d65f8f5184d943417a4896f0ae87b47606c0ece1ba004892a72656bfd313bf60
f6443876f18d0d14b3c9b1a0c415d71d5b17c1893df3a64a846b8301b24ec4d6,MITDB_P210,210,1325000000,1,20260927,MODEL_V2_TCN_MEANMAX,MODEL_V2_OPTIMIZER_CORRECTED_V1,0,-1.0260543823242188,0.26384976506233215,18,V2-006-OPT-CORR-F01-S20260927,d65f8f5184d943417a4896f0ae87b47606c0ece1ba004892a72656bfd313bf60
f68630f6c18ce2f2e2a17dd340e2f36fb91f3db4318812a904eb05fb1bc8dddc,MITDB_P118,118,1035000000,1,20260927,MODEL_V2_TCN_MEANMAX,MODEL_V2_OPTIMIZER_CORRECTED_V1,0,3.1428112983703613,0.958624541759491,18,V2-006-OPT-CORR-F01-S20260927,d65f8f5184d943417a4896f0ae87b47606c0ece1ba004892a72656bfd313bf60
f6c497d1b2c46ad24b8222532af292cfe3193faaf7e85ecee88106d62950cb4c,MITDB_P207,207,1535000000,1,20260927,MODEL_V2_TCN_MEANMAX,MODEL_V2_OPTIMIZER_CORRECTED_V1,1,7.367159843444824,0.9993687272071838,18,V2-006-OPT-CORR-F01-S20260927,d65f8f5184d943417a4896f0ae87b47606c0ece1ba004892a72656bfd313bf60
f6c7fd86e1c06daae9c763b4f6e27d288854c31704f73a00952fd0fe04d70637,MITDB_P122,122,1380000000,1,20260927,MODEL_V2_TCN_MEANMAX,MODEL_V2_OPTIMIZER_CORRECTED_V1,0,-6.333958625793457,0.0017718482995405793,18,V2-006-OPT-CORR-F01-S20260927,d65f8f5184d943417a4896f0ae87b47606c0ece1ba004892a72656bfd313bf60
f6d10bf5921e4de191214ce0fae799adeb0edd57dc224ba96e2f6e2548a313af,MITDB_P119,119,530000000,1,20260927,MODEL_V2_TCN_MEANMAX,MODEL_V2_OPTIMIZER_CORRECTED_V1,0,-7.637908935546875,0.00048160291044041514,18,V2-006-OPT-CORR-F01-S20260927,d65f8f5184d943417a4896f0ae87b47606c0ece1ba004892a72656bfd313bf60
f6f82b8b9c9b8261bd0de913cc2532d678f2755c85054952bcab0f658f09dda4,MITDB_P207,207,1450000000,1,20260927,MODEL_V2_TCN_MEANMAX,MODEL_V2_OPTIMIZER_CORRECTED_V1,0,6.795219898223877,0.9988821148872375,18,V2-006-OPT-CORR-F01-S20260927,d65f8f5184d943417a4896f0ae87b47606c0ece1ba004892a72656bfd313bf60
f6f8dd131439a646adb055a35ccf53c7d72e3d68a3ed79e82c50b1e12bbaa2a6,MITDB_P207,207,1165000000,1,20260927,MODEL_V2_TCN_MEANMAX,MODEL_V2_OPTIMIZER_CORRECTED_V1,0,6.795652389526367,0.9988825917243958,18,V2-006-OPT-CORR-F01-S20260927,d65f8f5184d943417a4896f0ae87b47606c0ece1ba004892a72656bfd313bf60
f73b3c6e66d73b7610ca4078ae308106c98604361aeaf5f61e500fa5e5ca9c97,MITDB_P210,210,1165000000,1,20260927,MODEL_V2_TCN_MEANMAX,MODEL_V2_OPTIMIZER_CORRECTED_V1,1,3.9042720794677734,0.9802425503730774,18,V2-006-OPT-CORR-F01-S20260927,d65f8f5184d943417a4896f0ae87b47606c0ece1ba004892a72656bfd313bf60
f7c15bea1a39b54fde524acd1c56c2351c297dcf32c06b2463a6d27963ac7836,MITDB_P207,207,815000000,1,20260927,MODEL_V2_TCN_MEANMAX,MODEL_V2_OPTIMIZER_CORRECTED_V1,0,7.671650409698486,0.9995343685150146,18,V2-006-OPT-CORR-F01-S20260927,d65f8f5184d943417a4896f0ae87b47606c0ece1ba004892a72656bfd313bf60
f7d4469408bbb26f3f305098263f9af1d6d201c5aeed1d15aeb0c8f039d93b10,MITDB_P101,101,270000000,1,20260927,MODEL_V2_TCN_MEANMAX,MODEL_V2_OPTIMIZER_CORRECTED_V1,0,-6.692333221435547,0.0012388486647978425,18,V2-006-OPT-CORR-F01-S20260927,d65f8f5184d943417a4896f0ae87b47606c0ece1ba004892a72656bfd313bf60
f7f686a094e43f962d3de443e4717e8cd10bb4748640a02a25c96585a7717e14,MITDB_P210,210,740000000,1,20260927,MODEL_V2_TCN_MEANMAX,MODEL_V2_OPTIMIZER_CORRECTED_V1,0,-3.3279566764831543,0.03462446480989456,18,V2-006-OPT-CORR-F01-S20260927,d65f8f5184d943417a4896f0ae87b47606c0ece1ba004892a72656bfd313bf60
f83d1972ea8d8c7b9d69fd4efe7dc2a713988b4de9e9a9a55eb198f0d513c85a,MITDB_P210,210,1465000000,1,20260927,MODEL_V2_TCN_MEANMAX,MODEL_V2_OPTIMIZER_CORRECTED_V1,1,9.39442253112793,0.9999167919158936,18,V2-006-OPT-CORR-F01-S20260927,d65f8f5184d943417a4896f0ae87b47606c0ece1ba004892a72656bfd313bf60
f84945ea31237d410cb778ef86272e6480551ad6e8fcd7b025df009dd60e8f25,MITDB_P210,210,1065000000,1,20260927,MODEL_V2_TCN_MEANMAX,MODEL_V2_OPTIMIZER_CORRECTED_V1,1,-4.768778324127197,0.008419261313974857,18,V2-006-OPT-CORR-F01-S20260927,d65f8f5184d943417a4896f0ae87b47606c0ece1ba004892a72656bfd313bf60
f8574dab1d86c73d576ae3b2a88a08ca0b1c0f013683cc08230a6e672e277293,MITDB_P101,101,525000000,1,20260927,MODEL_V2_TCN_MEANMAX,MODEL_V2_OPTIMIZER_CORRECTED_V1,0,-6.483334541320801,0.001526371226646006,18,V2-006-OPT-CORR-F01-S20260927,d65f8f5184d943417a4896f0ae87b47606c0ece1ba004892a72656bfd313bf60
f8582c1932bbf81d9716a1b318dbb399840379e18d6a67869a555e45d35725dd,MITDB_P101,101,625000000,1,20260927,MODEL_V2_TCN_MEANMAX,MODEL_V2_OPTIMIZER_CORRECTED_V1,0,-6.474930763244629,0.0015392327914014459,18,V2-006-OPT-CORR-F01-S20260927,d65f8f5184d943417a4896f0ae87b47606c0ece1ba004892a72656bfd313bf60
f890352969589ad08f0a67d29bc150fa45abe5c6f126ba68268e6d297e979c50,MITDB_P101,101,1335000000,1,20260927,MODEL_V2_TCN_MEANMAX,MODEL_V2_OPTIMIZER_CORRECTED_V1,0,-5.456957817077637,0.004248389508575201,18,V2-006-OPT-CORR-F01-S20260927,d65f8f5184d943417a4896f0ae87b47606c0ece1ba004892a72656bfd313bf60
f89351a34272bd4406038d036367910dfa5d9e1d9716936241e1c59e1db50935,MITDB_P118,118,370000000,1,20260927,MODEL_V2_TCN_MEANMAX,MODEL_V2_OPTIMIZER_CORRECTED_V1,1,5.214210033416748,0.9945907592773438,18,V2-006-OPT-CORR-F01-S20260927,d65f8f5184d943417a4896f0ae87b47606c0ece1ba004892a72656bfd313bf60
f896e164d603d01cc3e56ba9abdf80655b95b861bf82ffeab30b7e1297cd7b00,MITDB_P101,101,1260000000,1,20260927,MODEL_V2_TCN_MEANMAX,MODEL_V2_OPTIMIZER_CORRECTED_V1,0,-6.9622087478637695,0.0009461065637879074,18,V2-006-OPT-CORR-F01-S20260927,d65f8f5184d943417a4896f0ae87b47606c0ece1ba004892a72656bfd313bf60
f8e10bcb8f14ec42a448d4f88a26c6a41e6dede881cd7e7f93dd8ec756d3d8cc,MITDB_P118,118,1550000000,1,20260927,MODEL_V2_TCN_MEANMAX,MODEL_V2_OPTIMIZER_CORRECTED_V1,1,3.0888514518737793,0.9564304947853088,18,V2-006-OPT-CORR-F01-S20260927,d65f8f5184d943417a4896f0ae87b47606c0ece1ba004892a72656bfd313bf60
f8ee08cebb46017cea5d5206cb39effcbe0e4bcced4f0f6b6dd49314cd761d80,MITDB_P210,210,1535000000,1,20260927,MODEL_V2_TCN_MEANMAX,MODEL_V2_OPTIMIZER_CORRECTED_V1,1,4.120504379272461,0.9840230941772461,18,V2-006-OPT-CORR-F01-S20260927,d65f8f5184d943417a4896f0ae87b47606c0ece1ba004892a72656bfd313bf60
f8f332ba91a78fb7f1e29ff36951b46a9fce7f4107a879488f585a2a0a617dbd,MITDB_P119,119,1260000000,1,20260927,MODEL_V2_TCN_MEANMAX,MODEL_V2_OPTIMIZER_CORRECTED_V1,1,17.33148956298828,1.0,18,V2-006-OPT-CORR-F01-S20260927,d65f8f5184d943417a4896f0ae87b47606c0ece1ba004892a72656bfd313bf60
f91a65c37375deefd992a49849b8f3e7151c426e236fb552ecae445bd524db77,MITDB_P118,118,990000000,1,20260927,MODEL_V2_TCN_MEANMAX,MODEL_V2_OPTIMIZER_CORRECTED_V1,1,6.470190048217773,0.9984534978866577,18,V2-006-OPT-CORR-F01-S20260927,d65f8f5184d943417a4896f0ae87b47606c0ece1ba004892a72656bfd313bf60
f920bc8fc319a6df1797b37bf970d6cba13cfa75018306b1ad9c148dd64cec9f,MITDB_P118,118,730000000,1,20260927,MODEL_V2_TCN_MEANMAX,MODEL_V2_OPTIMIZER_CORRECTED_V1,1,3.8298916816711426,0.9787494540214539,18,V2-006-OPT-CORR-F01-S20260927,d65f8f5184d943417a4896f0ae87b47606c0ece1ba004892a72656bfd313bf60
f93e40368c091a0b403b74ecaceaa276efbbbc301e404e994fa902852b67250a,MITDB_P210,210,1425000000,1,20260927,MODEL_V2_TCN_MEANMAX,MODEL_V2_OPTIMIZER_CORRECTED_V1,1,2.235912322998047,0.9034283757209778,18,V2-006-OPT-CORR-F01-S20260927,d65f8f5184d943417a4896f0ae87b47606c0ece1ba004892a72656bfd313bf60
f962976eb18c37cb3cdad90d5b62f71984ec4d5ce25c662361827f26aafea334,MITDB_P210,210,955000000,1,20260927,MODEL_V2_TCN_MEANMAX,MODEL_V2_OPTIMIZER_CORRECTED_V1,1,4.593585968017578,0.9899848699569702,18,V2-006-OPT-CORR-F01-S20260927,d65f8f5184d943417a4896f0ae87b47606c0ece1ba004892a72656bfd313bf60
f9652754b0295cf0d15b96723d10391a4fdf40d76b0dc8aebf02f766916a9ff4,MITDB_P119,119,1330000000,1,20260927,MODEL_V2_TCN_MEANMAX,MODEL_V2_OPTIMIZER_CORRECTED_V1,1,14.803707122802734,0.9999996423721313,18,V2-006-OPT-CORR-F01-S20260927,d65f8f5184d943417a4896f0ae87b47606c0ece1ba004892a72656bfd313bf60
f96807509599a8779ad2a2471d9793ced63e7493c1941af1c036c6e33ac729c7,MITDB_P101,101,1520000000,1,20260927,MODEL_V2_TCN_MEANMAX,MODEL_V2_OPTIMIZER_CORRECTED_V1,0,-6.798666477203369,0.0011140189599245787,18,V2-006-OPT-CORR-F01-S20260927,d65f8f5184d943417a4896f0ae87b47606c0ece1ba004892a72656bfd313bf60
f97287d96346334cfec6d3b6407e0857f78efb1da3b035d5da7130dcc5b1a5c7,MITDB_P101,101,1800000000,1,20260927,MODEL_V2_TCN_MEANMAX,MODEL_V2_OPTIMIZER_CORRECTED_V1,0,-5.978425979614258,0.0025264108553528786,18,V2-006-OPT-CORR-F01-S20260927,d65f8f5184d943417a4896f0ae87b47606c0ece1ba004892a72656bfd313bf60
f97fe6c81f46d7a80371e966defd698408256733602f420e1422d976dcbcc756,MITDB_P207,207,1685000000,1,20260927,MODEL_V2_TCN_MEANMAX,MODEL_V2_OPTIMIZER_CORRECTED_V1,1,-3.5147480964660645,0.028895504772663116,18,V2-006-OPT-CORR-F01-S20260927,d65f8f5184d943417a4896f0ae87b47606c0ece1ba004892a72656bfd313bf60
f997833d65f49a58ee486743f548edc79213480114f2ff26b3f3a2b0e2277c52,MITDB_P101,101,1490000000,1,20260927,MODEL_V2_TCN_MEANMAX,MODEL_V2_OPTIMIZER_CORRECTED_V1,0,-5.956604957580566,0.00258200173266232,18,V2-006-OPT-CORR-F01-S20260927,d65f8f5184d943417a4896f0ae87b47606c0ece1ba004892a72656bfd313bf60
f9a4ce8d3441626d9cbcc2b6707a00d6ed6e5dba722c0b302f07661934f59fce,MITDB_P122,122,850000000,1,20260927,MODEL_V2_TCN_MEANMAX,MODEL_V2_OPTIMIZER_CORRECTED_V1,0,-7.976439952850342,0.0003433420497458428,18,V2-006-OPT-CORR-F01-S20260927,d65f8f5184d943417a4896f0ae87b47606c0ece1ba004892a72656bfd313bf60
f9b841f8317c89dc2be68a08d9db5a405777c5667f23337b7727278d78e2bba6,MITDB_P122,122,1575000000,1,20260927,MODEL_V2_TCN_MEANMAX,MODEL_V2_OPTIMIZER_CORRECTED_V1,0,-7.922619342803955,0.0003623203665483743,18,V2-006-OPT-CORR-F01-S20260927,d65f8f5184d943417a4896f0ae87b47606c0ece1ba004892a72656bfd313bf60
f9bbd3164d397e49655e613f9ba2f2a06e808f0f617255832ea337172d88ca5e,MITDB_P210,210,1510000000,1,20260927,MODEL_V2_TCN_MEANMAX,MODEL_V2_OPTIMIZER_CORRECTED_V1,0,1.4524803161621094,0.8103798627853394,18,V2-006-OPT-CORR-F01-S20260927,d65f8f5184d943417a4896f0ae87b47606c0ece1ba004892a72656bfd313bf60
f9c8053245ae0828465e013bf2a479daeaabbce0452a8894b77d3a3f6bdfc17b,MITDB_P118,118,620000000,1,20260927,MODEL_V2_TCN_MEANMAX,MODEL_V2_OPTIMIZER_CORRECTED_V1,0,5.447896957397461,0.9957131147384644,18,V2-006-OPT-CORR-F01-S20260927,d65f8f5184d943417a4896f0ae87b47606c0ece1ba004892a72656bfd313bf60
f9ca7e8f7379830848d5843a3de0aeb217529b55b2bcb3d9d4f4e0952e6cce9b,MITDB_P101,101,1370000000,1,20260927,MODEL_V2_TCN_MEANMAX,MODEL_V2_OPTIMIZER_CORRECTED_V1,0,-6.6889848709106445,0.0012429985217750072,18,V2-006-OPT-CORR-F01-S20260927,d65f8f5184d943417a4896f0ae87b47606c0ece1ba004892a72656bfd313bf60
f9cba5ebd7e9daac1efeac4163828c2e306830834054065fe7c29b0f2a1664a6,MITDB_P119,119,1460000000,1,20260927,MODEL_V2_TCN_MEANMAX,MODEL_V2_OPTIMIZER_CORRECTED_V1,1,15.58475399017334,0.9999998807907104,18,V2-006-OPT-CORR-F01-S20260927,d65f8f5184d943417a4896f0ae87b47606c0ece1ba004892a72656bfd313bf60
f9e4d0446264f07c1cb97260d2e86e4dff031cc8a295270fa6d434779412e90c,MITDB_P122,122,1155000000,1,20260927,MODEL_V2_TCN_MEANMAX,MODEL_V2_OPTIMIZER_CORRECTED_V1,0,-7.758906841278076,0.0004267408512532711,18,V2-006-OPT-CORR-F01-S20260927,d65f8f5184d943417a4896f0ae87b47606c0ece1ba004892a72656bfd313bf60
f9ed0423b053a0c41366aaf264995276a3215dbaffdb24af7f27f1c167dda43b,MITDB_P122,122,110000000,1,20260927,MODEL_V2_TCN_MEANMAX,MODEL_V2_OPTIMIZER_CORRECTED_V1,0,-7.731795310974121,0.00043846358312293887,18,V2-006-OPT-CORR-F01-S20260927,d65f8f5184d943417a4896f0ae87b47606c0ece1ba004892a72656bfd313bf60
f9f607487d7fdf700cb001036f38c6fd804b5cd99806b459796ce84a77df9660,MITDB_P122,122,710000000,1,20260927,MODEL_V2_TCN_MEANMAX,MODEL_V2_OPTIMIZER_CORRECTED_V1,0,-6.076074600219727,0.002291911281645298,18,V2-006-OPT-CORR-F01-S20260927,d65f8f5184d943417a4896f0ae87b47606c0ece1ba004892a72656bfd313bf60
f9fabd290d647b0ca92b3e34371ca74e8d5334a8f7618839b4162b670fe68853,MITDB_P101,101,235000000,1,20260927,MODEL_V2_TCN_MEANMAX,MODEL_V2_OPTIMIZER_CORRECTED_V1,0,-6.156846046447754,0.002114445436745882,18,V2-006-OPT-CORR-F01-S20260927,d65f8f5184d943417a4896f0ae87b47606c0ece1ba004892a72656bfd313bf60
fa0cbf598dcfb6d7e8b13d4c693ef335b4dc4f822f70ae675bd4868387cba9cd,MITDB_P210,210,650000000,1,20260927,MODEL_V2_TCN_MEANMAX,MODEL_V2_OPTIMIZER_CORRECTED_V1,1,1.844454050064087,0.8634746670722961,18,V2-006-OPT-CORR-F01-S20260927,d65f8f5184d943417a4896f0ae87b47606c0ece1ba004892a72656bfd313bf60
fa4771b7a1caf7f9d825218d996fd6b9778915bd0928fc6aaabc2427f4959fce,MITDB_P119,119,355000000,1,20260927,MODEL_V2_TCN_MEANMAX,MODEL_V2_OPTIMIZER_CORRECTED_V1,1,15.074651718139648,0.9999997615814209,18,V2-006-OPT-CORR-F01-S20260927,d65f8f5184d943417a4896f0ae87b47606c0ece1ba004892a72656bfd313bf60
fa4d51bbe72d23debc75498ad0f19e1d5ac5f1a5c46b71a5d1af9109111b09ea,MITDB_P119,119,1005000000,1,20260927,MODEL_V2_TCN_MEANMAX,MODEL_V2_OPTIMIZER_CORRECTED_V1,1,14.736328125,0.9999996423721313,18,V2-006-OPT-CORR-F01-S20260927,d65f8f5184d943417a4896f0ae87b47606c0ece1ba004892a72656bfd313bf60
fa52ea7dd693abc638dcff429e2185e560d8cee550466c8c4af326075b9b0394,MITDB_P207,207,1135000000,1,20260927,MODEL_V2_TCN_MEANMAX,MODEL_V2_OPTIMIZER_CORRECTED_V1,0,5.951898097991943,0.9974058270454407,18,V2-006-OPT-CORR-F01-S20260927,d65f8f5184d943417a4896f0ae87b47606c0ece1ba004892a72656bfd313bf60
faac878bc2024d94afd2349b8492a28bc3080b46cbd41dac16464bbf4bc0240f,MITDB_P210,210,30000000,1,20260927,MODEL_V2_TCN_MEANMAX,MODEL_V2_OPTIMIZER_CORRECTED_V1,1,2.165693521499634,0.8971261978149414,18,V2-006-OPT-CORR-F01-S20260927,d65f8f5184d943417a4896f0ae87b47606c0ece1ba004892a72656bfd313bf60
fac00f463ae02e4c2b32b206cef19d659b2bb86e2b05d6cfb631566334b27367,MITDB_P101,101,445000000,1,20260927,MODEL_V2_TCN_MEANMAX,MODEL_V2_OPTIMIZER_CORRECTED_V1,0,-6.494560241699219,0.001509358175098896,18,V2-006-OPT-CORR-F01-S20260927,d65f8f5184d943417a4896f0ae87b47606c0ece1ba004892a72656bfd313bf60
fae3939f47169db615a2b1896e5141b1fdf17c63fc185dda6deaac538b49fc7d,MITDB_P210,210,770000000,1,20260927,MODEL_V2_TCN_MEANMAX,MODEL_V2_OPTIMIZER_CORRECTED_V1,1,-1.735877275466919,0.14983735978603363,18,V2-006-OPT-CORR-F01-S20260927,d65f8f5184d943417a4896f0ae87b47606c0ece1ba004892a72656bfd313bf60
fafef0d45ac36d5e22146893a93bc6cafe4af4fb1ebec412ebf6245841ff11f7,MITDB_P118,118,955000000,1,20260927,MODEL_V2_TCN_MEANMAX,MODEL_V2_OPTIMIZER_CORRECTED_V1,1,7.3316650390625,0.9993459582328796,18,V2-006-OPT-CORR-F01-S20260927,d65f8f5184d943417a4896f0ae87b47606c0ece1ba004892a72656bfd313bf60
fb54e32a504e87de368dee992dc675439237352ae766a7ce18d68a5d6a19432c,MITDB_P118,118,10000000,1,20260927,MODEL_V2_TCN_MEANMAX,MODEL_V2_OPTIMIZER_CORRECTED_V1,0,2.2804007530212402,0.9072408080101013,18,V2-006-OPT-CORR-F01-S20260927,d65f8f5184d943417a4896f0ae87b47606c0ece1ba004892a72656bfd313bf60
fb75102f42ef01083bf25a9a7d855d35b7274c64b0326cf043382feb401504bb,MITDB_P101,101,640000000,1,20260927,MODEL_V2_TCN_MEANMAX,MODEL_V2_OPTIMIZER_CORRECTED_V1,0,-6.761541366577148,0.0011561056599020958,18,V2-006-OPT-CORR-F01-S20260927,d65f8f5184d943417a4896f0ae87b47606c0ece1ba004892a72656bfd313bf60
fb89c1740bb0982ca35456a2441065fb3461b9027c81d69c73cacf9287bdcfe8,MITDB_P207,207,1360000000,1,20260927,MODEL_V2_TCN_MEANMAX,MODEL_V2_OPTIMIZER_CORRECTED_V1,0,7.3640594482421875,0.999366819858551,18,V2-006-OPT-CORR-F01-S20260927,d65f8f5184d943417a4896f0ae87b47606c0ece1ba004892a72656bfd313bf60
fbc3d50c429d586a12e0173c6b266e70f562597d304c2fc41fc4bfa9ed706c35,MITDB_P210,210,1045000000,1,20260927,MODEL_V2_TCN_MEANMAX,MODEL_V2_OPTIMIZER_CORRECTED_V1,0,-0.32448604702949524,0.41958287358283997,18,V2-006-OPT-CORR-F01-S20260927,d65f8f5184d943417a4896f0ae87b47606c0ece1ba004892a72656bfd313bf60
fbd3adcd9acc32189f159f56c637452d29b6920fc190f30f57d623d9ddda1a9d,MITDB_P101,101,435000000,1,20260927,MODEL_V2_TCN_MEANMAX,MODEL_V2_OPTIMIZER_CORRECTED_V1,0,-6.280173301696777,0.0018695741891860962,18,V2-006-OPT-CORR-F01-S20260927,d65f8f5184d943417a4896f0ae87b47606c0ece1ba004892a72656bfd313bf60
fbdad38fba029a49902d44440d8923035ec643cdb4037898cf13a61db4ff1ca6,MITDB_P210,210,750000000,1,20260927,MODEL_V2_TCN_MEANMAX,MODEL_V2_OPTIMIZER_CORRECTED_V1,0,6.026244640350342,0.9975912570953369,18,V2-006-OPT-CORR-F01-S20260927,d65f8f5184d943417a4896f0ae87b47606c0ece1ba004892a72656bfd313bf60
fc07d0bc3e0e93459b463503197cc4fd4fe613674bd8037a5dc1b735cb3c4174,MITDB_P119,119,175000000,1,20260927,MODEL_V2_TCN_MEANMAX,MODEL_V2_OPTIMIZER_CORRECTED_V1,1,15.748102188110352,0.9999998807907104,18,V2-006-OPT-CORR-F01-S20260927,d65f8f5184d943417a4896f0ae87b47606c0ece1ba004892a72656bfd313bf60
fc2dc939456e66c1de7ad370e81d535fcccf4c8a5875a27df1afeb0cb65777ac,MITDB_P101,101,1030000000,1,20260927,MODEL_V2_TCN_MEANMAX,MODEL_V2_OPTIMIZER_CORRECTED_V1,0,-6.669153213500977,0.001267863786779344,18,V2-006-OPT-CORR-F01-S20260927,d65f8f5184d943417a4896f0ae87b47606c0ece1ba004892a72656bfd313bf60
fc4950668d8c3d36ec307161cd36d2e22deabe1bada2c14a92a465103281b51c,MITDB_P118,118,235000000,1,20260927,MODEL_V2_TCN_MEANMAX,MODEL_V2_OPTIMIZER_CORRECTED_V1,0,3.090311050415039,0.9564913511276245,18,V2-006-OPT-CORR-F01-S20260927,d65f8f5184d943417a4896f0ae87b47606c0ece1ba004892a72656bfd313bf60
fc798d6644d6890f6f9a29a48c8917eb42010f4e789d52548642d38094b77aa1,MITDB_P119,119,1590000000,1,20260927,MODEL_V2_TCN_MEANMAX,MODEL_V2_OPTIMIZER_CORRECTED_V1,1,16.207406997680664,0.9999998807907104,18,V2-006-OPT-CORR-F01-S20260927,d65f8f5184d943417a4896f0ae87b47606c0ece1ba004892a72656bfd313bf60
fcc415b611de7d84f42ffaec4fac5c754f3bb0a28dbd4082e9460d160f8fa5cb,MITDB_P119,119,835000000,1,20260927,MODEL_V2_TCN_MEANMAX,MODEL_V2_OPTIMIZER_CORRECTED_V1,1,12.673763275146484,0.9999969005584717,18,V2-006-OPT-CORR-F01-S20260927,d65f8f5184d943417a4896f0ae87b47606c0ece1ba004892a72656bfd313bf60
fcc7e521df711f6f76f7ec80360998cdbfeb2ba90d5aad90cebcfc15a460b3df,MITDB_P210,210,1040000000,1,20260927,MODEL_V2_TCN_MEANMAX,MODEL_V2_OPTIMIZER_CORRECTED_V1,0,-0.3307357132434845,0.41806161403656006,18,V2-006-OPT-CORR-F01-S20260927,d65f8f5184d943417a4896f0ae87b47606c0ece1ba004892a72656bfd313bf60
fd09f55d50475fe5869366bd0fc846c73b99c2004a423db40bf3db7d32947b38,MITDB_P210,210,1395000000,1,20260927,MODEL_V2_TCN_MEANMAX,MODEL_V2_OPTIMIZER_CORRECTED_V1,0,-2.193754196166992,0.10031276941299438,18,V2-006-OPT-CORR-F01-S20260927,d65f8f5184d943417a4896f0ae87b47606c0ece1ba004892a72656bfd313bf60
fd22e4b967ccd8a9c3090f960d35a85e56df9d2d4c3b723afdc39402548a6a7a,MITDB_P122,122,1205000000,1,20260927,MODEL_V2_TCN_MEANMAX,MODEL_V2_OPTIMIZER_CORRECTED_V1,0,-7.878078937530518,0.00037881682510487735,18,V2-006-OPT-CORR-F01-S20260927,d65f8f5184d943417a4896f0ae87b47606c0ece1ba004892a72656bfd313bf60
fd2611e003c2395aec91bfba87218eaaa7a4a682e6e9d34002613e308dcbc6a6,MITDB_P101,101,1035000000,1,20260927,MODEL_V2_TCN_MEANMAX,MODEL_V2_OPTIMIZER_CORRECTED_V1,0,-6.764315605163574,0.0011529064504429698,18,V2-006-OPT-CORR-F01-S20260927,d65f8f5184d943417a4896f0ae87b47606c0ece1ba004892a72656bfd313bf60
fd3b92d7ef6ad07854ac1b4f1c687cdc0095e4ad6bdaecbaf10d1c9ee3259413,MITDB_P101,101,1435000000,1,20260927,MODEL_V2_TCN_MEANMAX,MODEL_V2_OPTIMIZER_CORRECTED_V1,0,-6.636443614959717,0.0013099656207486987,18,V2-006-OPT-CORR-F01-S20260927,d65f8f5184d943417a4896f0ae87b47606c0ece1ba004892a72656bfd313bf60
fd4ae91f53ab8c5e8e0253f9c64c794dd1d3bdda4b633ac47f9d99d4d22a24da,MITDB_P101,101,830000000,1,20260927,MODEL_V2_TCN_MEANMAX,MODEL_V2_OPTIMIZER_CORRECTED_V1,0,-5.247145652770996,0.005234968848526478,18,V2-006-OPT-CORR-F01-S20260927,d65f8f5184d943417a4896f0ae87b47606c0ece1ba004892a72656bfd313bf60
fd6502a4871f3432843609ceed8ed9bb3773a9cd749a10cc3b4a20645e17c943,MITDB_P207,207,1775000000,1,20260927,MODEL_V2_TCN_MEANMAX,MODEL_V2_OPTIMIZER_CORRECTED_V1,1,-1.3181911706924438,0.2111193984746933,18,V2-006-OPT-CORR-F01-S20260927,d65f8f5184d943417a4896f0ae87b47606c0ece1ba004892a72656bfd313bf60
fd7bff78d6c0ceeccd539524c387d312d19d4f401c32c69da1ff9b90dad51f1d,MITDB_P118,118,85000000,1,20260927,MODEL_V2_TCN_MEANMAX,MODEL_V2_OPTIMIZER_CORRECTED_V1,0,2.8884658813476562,0.947273313999176,18,V2-006-OPT-CORR-F01-S20260927,d65f8f5184d943417a4896f0ae87b47606c0ece1ba004892a72656bfd313bf60
fd8148aea949d1811ee12ee2932c4dec11b7029ae524e0e326b9f2eafb5e8f4a,MITDB_P207,207,355000000,1,20260927,MODEL_V2_TCN_MEANMAX,MODEL_V2_OPTIMIZER_CORRECTED_V1,0,9.934216499328613,0.9999514818191528,18,V2-006-OPT-CORR-F01-S20260927,d65f8f5184d943417a4896f0ae87b47606c0ece1ba004892a72656bfd313bf60
fd8279e6eb6c5d3e98fc77f54fc916764e59c6a12ff3cd71f5b291ea7fd19336,MITDB_P122,122,1715000000,1,20260927,MODEL_V2_TCN_MEANMAX,MODEL_V2_OPTIMIZER_CORRECTED_V1,0,-8.397012710571289,0.00022548921697307378,18,V2-006-OPT-CORR-F01-S20260927,d65f8f5184d943417a4896f0ae87b47606c0ece1ba004892a72656bfd313bf60
fd837ffff87056523418541f80c1dd8ea2e72e9b026c60b3ebc7fc794075dc77,MITDB_P119,119,1325000000,1,20260927,MODEL_V2_TCN_MEANMAX,MODEL_V2_OPTIMIZER_CORRECTED_V1,1,16.176424026489258,0.9999998807907104,18,V2-006-OPT-CORR-F01-S20260927,d65f8f5184d943417a4896f0ae87b47606c0ece1ba004892a72656bfd313bf60
fd9e1f39714395f44a4aad782ebb7be318fee3ab2e25434ce0e6aac51070dfab,MITDB_P122,122,255000000,1,20260927,MODEL_V2_TCN_MEANMAX,MODEL_V2_OPTIMIZER_CORRECTED_V1,0,-9.157052040100098,0.00010546224075369537,18,V2-006-OPT-CORR-F01-S20260927,d65f8f5184d943417a4896f0ae87b47606c0ece1ba004892a72656bfd313bf60
fdc3039df72d432f3da967b9ac32b9e8f3a94094a152fd303f854c6c15cce5b1,MITDB_P122,122,1510000000,1,20260927,MODEL_V2_TCN_MEANMAX,MODEL_V2_OPTIMIZER_CORRECTED_V1,0,-6.681158065795898,0.0012527531944215298,18,V2-006-OPT-CORR-F01-S20260927,d65f8f5184d943417a4896f0ae87b47606c0ece1ba004892a72656bfd313bf60
fdc6a3e275e0d13d10ee70cb722332fe896730bd3c099bca41794d6e12af2a5f,MITDB_P119,119,155000000,1,20260927,MODEL_V2_TCN_MEANMAX,MODEL_V2_OPTIMIZER_CORRECTED_V1,1,16.28514862060547,0.9999998807907104,18,V2-006-OPT-CORR-F01-S20260927,d65f8f5184d943417a4896f0ae87b47606c0ece1ba004892a72656bfd313bf60
fdcdd104417f3ae61661a7034b254e9d52fc64de3391b8a4bc323dad10745afa,MITDB_P101,101,1720000000,1,20260927,MODEL_V2_TCN_MEANMAX,MODEL_V2_OPTIMIZER_CORRECTED_V1,0,-6.193148612976074,0.0020392159931361675,18,V2-006-OPT-CORR-F01-S20260927,d65f8f5184d943417a4896f0ae87b47606c0ece1ba004892a72656bfd313bf60
fe018eb7001e47d3b5e650ee26f6048bcb271838568934cfed9f04d4eb6555ea,MITDB_P118,118,1800000000,1,20260927,MODEL_V2_TCN_MEANMAX,MODEL_V2_OPTIMIZER_CORRECTED_V1,1,7.153588771820068,0.9992185831069946,18,V2-006-OPT-CORR-F01-S20260927,d65f8f5184d943417a4896f0ae87b47606c0ece1ba004892a72656bfd313bf60
fe49fe7793635cd02e404da3cb4f5ef1557f48edf04513c89e8e776807aff742,MITDB_P101,101,1680000000,1,20260927,MODEL_V2_TCN_MEANMAX,MODEL_V2_OPTIMIZER_CORRECTED_V1,0,-6.807942867279053,0.0011037440272048116,18,V2-006-OPT-CORR-F01-S20260927,d65f8f5184d943417a4896f0ae87b47606c0ece1ba004892a72656bfd313bf60
fe5685e4830695497ad9f54a5212d0bd395b55f180650b5cd16f75654478e86e,MITDB_P119,119,760000000,1,20260927,MODEL_V2_TCN_MEANMAX,MODEL_V2_OPTIMIZER_CORRECTED_V1,1,16.613309860229492,0.9999998807907104,18,V2-006-OPT-CORR-F01-S20260927,d65f8f5184d943417a4896f0ae87b47606c0ece1ba004892a72656bfd313bf60
fe6164d216764934a85d1f05d8ecbfd50ca6f6e961088d426bf73856662a8a38,MITDB_P118,118,1305000000,1,20260927,MODEL_V2_TCN_MEANMAX,MODEL_V2_OPTIMIZER_CORRECTED_V1,0,3.548316478729248,0.9720316529273987,18,V2-006-OPT-CORR-F01-S20260927,d65f8f5184d943417a4896f0ae87b47606c0ece1ba004892a72656bfd313bf60
fec146c986129284730a2e3e12f393f807b44c3b7dfdf67fc99914d4ec0214dc,MITDB_P122,122,1085000000,1,20260927,MODEL_V2_TCN_MEANMAX,MODEL_V2_OPTIMIZER_CORRECTED_V1,0,-7.133394241333008,0.0007973698666319251,18,V2-006-OPT-CORR-F01-S20260927,d65f8f5184d943417a4896f0ae87b47606c0ece1ba004892a72656bfd313bf60
feed8b4dd005be6f1738f2e314cb99f4640634dd5846a7f57752ed9ce370e6dc,MITDB_P210,210,790000000,1,20260927,MODEL_V2_TCN_MEANMAX,MODEL_V2_OPTIMIZER_CORRECTED_V1,0,-3.6409873962402344,0.025556188076734543,18,V2-006-OPT-CORR-F01-S20260927,d65f8f5184d943417a4896f0ae87b47606c0ece1ba004892a72656bfd313bf60
fef465550a3a45b5cd4aa598d5b33e3bba666ed1f09b29c0d75a3cc7f258fd17,MITDB_P207,207,575000000,1,20260927,MODEL_V2_TCN_MEANMAX,MODEL_V2_OPTIMIZER_CORRECTED_V1,0,11.617147445678711,0.9999909400939941,18,V2-006-OPT-CORR-F01-S20260927,d65f8f5184d943417a4896f0ae87b47606c0ece1ba004892a72656bfd313bf60
fef98af4f99589887a3446511c24438b80023b85f11e72401a68bd02ae0a611f,MITDB_P207,207,1315000000,1,20260927,MODEL_V2_TCN_MEANMAX,MODEL_V2_OPTIMIZER_CORRECTED_V1,0,6.9402971267700195,0.9990329742431641,18,V2-006-OPT-CORR-F01-S20260927,d65f8f5184d943417a4896f0ae87b47606c0ece1ba004892a72656bfd313bf60
ff20c4c8f7bdcfc0fecc8a0e030a08b4da89a67d34ba3b131e0a52e1ed352e2a,MITDB_P118,118,1770000000,1,20260927,MODEL_V2_TCN_MEANMAX,MODEL_V2_OPTIMIZER_CORRECTED_V1,0,2.988539457321167,0.9520537257194519,18,V2-006-OPT-CORR-F01-S20260927,d65f8f5184d943417a4896f0ae87b47606c0ece1ba004892a72656bfd313bf60
ffbad6c82644e15576c48e3ef1eacb268f9cd2ca8ea4990a150fd2e2e435f4bd,MITDB_P122,122,1805000000,1,20260927,MODEL_V2_TCN_MEANMAX,MODEL_V2_OPTIMIZER_CORRECTED_V1,0,-6.736189842224121,0.001185754081234336,18,V2-006-OPT-CORR-F01-S20260927,d65f8f5184d943417a4896f0ae87b47606c0ece1ba004892a72656bfd313bf60
ffc6e5acb909326ad9e09e28ca054895a744784557395f3ff5fee76912976baa,MITDB_P122,122,1000000000,1,20260927,MODEL_V2_TCN_MEANMAX,MODEL_V2_OPTIMIZER_CORRECTED_V1,0,-8.003643989562988,0.0003341307456139475,18,V2-006-OPT-CORR-F01-S20260927,d65f8f5184d943417a4896f0ae87b47606c0ece1ba004892a72656bfd313bf60
fff4ec1b3cdf24801a4717e487c3858f38d77eabe1f3cbaf2a4218301f61adb9,MITDB_P119,119,1510000000,1,20260927,MODEL_V2_TCN_MEANMAX,MODEL_V2_OPTIMIZER_CORRECTED_V1,0,-6.714168548583984,0.0012121236650273204,18,V2-006-OPT-CORR-F01-S20260927,d65f8f5184d943417a4896f0ae87b47606c0ece1ba004892a72656bfd313bf60
fffcaf5e8b42eab43938b31459f0566f9990bc9e5c56f385b2439e1c85626b39,MITDB_P101,101,1620000000,1,20260927,MODEL_V2_TCN_MEANMAX,MODEL_V2_OPTIMIZER_CORRECTED_V1,0,-6.269781112670898,0.001889067585580051,18,V2-006-OPT-CORR-F01-S20260927,d65f8f5184d943417a4896f0ae87b47606c0ece1ba004892a72656bfd313bf60
