example_id,participant_group_id,record_id,prediction_timestamp_us,outer_fold,seed,architecture_id,schedule_id,label,raw_logit,raw_probability,selected_epoch,experiment_id,checkpoint_sha256
0019ae74f4a7e8d521c53ebac6b021458dc443e1635ab56186af3e623dafda71,MITDB_P223,223,785000000,3,20260927,MODEL_V2_TCN_MEANMAX,MODEL_V2_OPTIMIZER_CORRECTED_V1,0,-4.070906639099121,0.01677568629384041,11,V2-006-OPT-CORR-F03-S20260927,2500e6093eb81946536b9d443c1fd586c1ea170025d48cf50cf45292ee22d878
001c8c8c997512329fae0ba53c358d5f9546963c4a0eae150de2a1daf7e456c9,MITDB_P208,208,875000000,3,20260927,MODEL_V2_TCN_MEANMAX,MODEL_V2_OPTIMIZER_CORRECTED_V1,1,9.978129386901855,0.9999536275863647,11,V2-006-OPT-CORR-F03-S20260927,2500e6093eb81946536b9d443c1fd586c1ea170025d48cf50cf45292ee22d878
003911bf0ded8a0c34525562af41f85d1dd45d7cf7180bccf59ed170a17c25f3,MITDB_P208,208,700000000,3,20260927,MODEL_V2_TCN_MEANMAX,MODEL_V2_OPTIMIZER_CORRECTED_V1,1,9.990662574768066,0.9999542236328125,11,V2-006-OPT-CORR-F03-S20260927,2500e6093eb81946536b9d443c1fd586c1ea170025d48cf50cf45292ee22d878
005efc5dc523644f6a958e3959aafbe02171428eb6df071d6b671aaf51fe365c,MITDB_P208,208,1610000000,3,20260927,MODEL_V2_TCN_MEANMAX,MODEL_V2_OPTIMIZER_CORRECTED_V1,1,10.153847694396973,0.9999610185623169,11,V2-006-OPT-CORR-F03-S20260927,2500e6093eb81946536b9d443c1fd586c1ea170025d48cf50cf45292ee22d878
0090ce6de440b0752bb57243bfc6672fc43f0c0f8683dd9bbbe8cd336ef7401c,MITDB_P208,208,1725000000,3,20260927,MODEL_V2_TCN_MEANMAX,MODEL_V2_OPTIMIZER_CORRECTED_V1,1,11.175297737121582,0.999985933303833,11,V2-006-OPT-CORR-F03-S20260927,2500e6093eb81946536b9d443c1fd586c1ea170025d48cf50cf45292ee22d878
00c03eeffc85ab91b9320992eeac2f452285ffb20b486c1e7f6c18df91acd10f,MITDB_P223,223,155000000,3,20260927,MODEL_V2_TCN_MEANMAX,MODEL_V2_OPTIMIZER_CORRECTED_V1,1,-3.296269655227661,0.03569938242435455,11,V2-006-OPT-CORR-F03-S20260927,2500e6093eb81946536b9d443c1fd586c1ea170025d48cf50cf45292ee22d878
00c2983189146aa611c3296d59c39b5031db91a5f28a72ce1ca268d17a920c40,MITDB_P223,223,815000000,3,20260927,MODEL_V2_TCN_MEANMAX,MODEL_V2_OPTIMIZER_CORRECTED_V1,1,-1.0236167907714844,0.26432350277900696,11,V2-006-OPT-CORR-F03-S20260927,2500e6093eb81946536b9d443c1fd586c1ea170025d48cf50cf45292ee22d878
00ea14b261f7fb0e6c513671a4594c2abc0686c6282f783d01ac734c772b4c54,MITDB_P223,223,85000000,3,20260927,MODEL_V2_TCN_MEANMAX,MODEL_V2_OPTIMIZER_CORRECTED_V1,0,-7.182479381561279,0.0007592049078084528,11,V2-006-OPT-CORR-F03-S20260927,2500e6093eb81946536b9d443c1fd586c1ea170025d48cf50cf45292ee22d878
00f2699194079c03d3cf9de805fdadc180017e93dba75520155bd757a3693456,MITDB_P223,223,1460000000,3,20260927,MODEL_V2_TCN_MEANMAX,MODEL_V2_OPTIMIZER_CORRECTED_V1,1,-2.0750439167022705,0.11154618859291077,11,V2-006-OPT-CORR-F03-S20260927,2500e6093eb81946536b9d443c1fd586c1ea170025d48cf50cf45292ee22d878
0104b09d911eaa71f9b252e4d4b9d03314aa8ad8c8818ffe4c7ca29497aeff43,MITDB_P121,121,1755000000,3,20260927,MODEL_V2_TCN_MEANMAX,MODEL_V2_OPTIMIZER_CORRECTED_V1,0,-9.209734916687012,0.00010005055082729086,11,V2-006-OPT-CORR-F03-S20260927,2500e6093eb81946536b9d443c1fd586c1ea170025d48cf50cf45292ee22d878
0171f6f1ca52b7bd6f9b14a0a56e98beb3a1468b5b12bfba1392f615eb2d6114,MITDB_P208,208,315000000,3,20260927,MODEL_V2_TCN_MEANMAX,MODEL_V2_OPTIMIZER_CORRECTED_V1,1,12.382539749145508,0.9999958276748657,11,V2-006-OPT-CORR-F03-S20260927,2500e6093eb81946536b9d443c1fd586c1ea170025d48cf50cf45292ee22d878
022230e26cd73e748be4c4e30297f131586ee98d98b0fbb043d1ab077a2c89a2,MITDB_P223,223,755000000,3,20260927,MODEL_V2_TCN_MEANMAX,MODEL_V2_OPTIMIZER_CORRECTED_V1,1,7.194076061248779,0.9992495179176331,11,V2-006-OPT-CORR-F03-S20260927,2500e6093eb81946536b9d443c1fd586c1ea170025d48cf50cf45292ee22d878
025a76ac3cb89951a60e7f92ffa7f5a596ba4de64e82e65154ed56536d5f485a,MITDB_P121,121,1625000000,3,20260927,MODEL_V2_TCN_MEANMAX,MODEL_V2_OPTIMIZER_CORRECTED_V1,0,-5.012354373931885,0.006611216813325882,11,V2-006-OPT-CORR-F03-S20260927,2500e6093eb81946536b9d443c1fd586c1ea170025d48cf50cf45292ee22d878
0293ef8aa083f088146afc3c40f9c6d5232f9e850709a3b8ebfe25f41effa047,MITDB_P114,114,385000000,3,20260927,MODEL_V2_TCN_MEANMAX,MODEL_V2_OPTIMIZER_CORRECTED_V1,0,-5.310753345489502,0.0049139391630887985,11,V2-006-OPT-CORR-F03-S20260927,2500e6093eb81946536b9d443c1fd586c1ea170025d48cf50cf45292ee22d878
02a1c255c0d25c36593a109c858f8cc1407e60356e23b6eaf3aecc144324406a,MITDB_P208,208,1220000000,3,20260927,MODEL_V2_TCN_MEANMAX,MODEL_V2_OPTIMIZER_CORRECTED_V1,1,2.4324469566345215,0.9192682504653931,11,V2-006-OPT-CORR-F03-S20260927,2500e6093eb81946536b9d443c1fd586c1ea170025d48cf50cf45292ee22d878
02b7c61673ea425f78c7a0529d34e88468ae980dc0ebd897fa99879fc181dbb1,MITDB_P121,121,1035000000,3,20260927,MODEL_V2_TCN_MEANMAX,MODEL_V2_OPTIMIZER_CORRECTED_V1,0,-8.077202796936035,0.00031044206116348505,11,V2-006-OPT-CORR-F03-S20260927,2500e6093eb81946536b9d443c1fd586c1ea170025d48cf50cf45292ee22d878
02b93ba54596ee24b0374640e85ff090dcd89cf65fb4e55bc26cc1e639c4ccc9,MITDB_P114,114,1420000000,3,20260927,MODEL_V2_TCN_MEANMAX,MODEL_V2_OPTIMIZER_CORRECTED_V1,0,-1.5412802696228027,0.1763492375612259,11,V2-006-OPT-CORR-F03-S20260927,2500e6093eb81946536b9d443c1fd586c1ea170025d48cf50cf45292ee22d878
02bc50b475a9f6ed80f60e1ba889982a0756c781e4dbd729ea9f95547da4b7c4,MITDB_P114,114,1465000000,3,20260927,MODEL_V2_TCN_MEANMAX,MODEL_V2_OPTIMIZER_CORRECTED_V1,0,-4.706348896026611,0.00895676575601101,11,V2-006-OPT-CORR-F03-S20260927,2500e6093eb81946536b9d443c1fd586c1ea170025d48cf50cf45292ee22d878
02bee48992b12b36a3089a15d578a550e0a315f2ce36d4dca02f6523fb95d695,MITDB_P121,121,1310000000,3,20260927,MODEL_V2_TCN_MEANMAX,MODEL_V2_OPTIMIZER_CORRECTED_V1,0,-8.459307670593262,0.00021187383390497416,11,V2-006-OPT-CORR-F03-S20260927,2500e6093eb81946536b9d443c1fd586c1ea170025d48cf50cf45292ee22d878
02c14880843d96f7e08b958f3289a11c3fab7e653d49c7572e38a133b530fe9f,MITDB_P114,114,585000000,3,20260927,MODEL_V2_TCN_MEANMAX,MODEL_V2_OPTIMIZER_CORRECTED_V1,0,-3.240074634552002,0.03768518567085266,11,V2-006-OPT-CORR-F03-S20260927,2500e6093eb81946536b9d443c1fd586c1ea170025d48cf50cf45292ee22d878
02d1c730176b5fbb810bbb521fa353c4aaf595467d26634bbb1697c42a129cb9,MITDB_P121,121,1240000000,3,20260927,MODEL_V2_TCN_MEANMAX,MODEL_V2_OPTIMIZER_CORRECTED_V1,0,-7.951509952545166,0.0003520060854498297,11,V2-006-OPT-CORR-F03-S20260927,2500e6093eb81946536b9d443c1fd586c1ea170025d48cf50cf45292ee22d878
02e6e83eb2826c6a92033a49c7087c21d6dbe967362b4aab1646ba9a002d04ac,MITDB_P114,114,290000000,3,20260927,MODEL_V2_TCN_MEANMAX,MODEL_V2_OPTIMIZER_CORRECTED_V1,1,-2.0384929180145264,0.11522027850151062,11,V2-006-OPT-CORR-F03-S20260927,2500e6093eb81946536b9d443c1fd586c1ea170025d48cf50cf45292ee22d878
03154b845173e28c27e56bfe0d1d2c63c1b0b4078f8184c3ba6cc24871428c8b,MITDB_P114,114,1225000000,3,20260927,MODEL_V2_TCN_MEANMAX,MODEL_V2_OPTIMIZER_CORRECTED_V1,0,-1.95670747756958,0.12382382154464722,11,V2-006-OPT-CORR-F03-S20260927,2500e6093eb81946536b9d443c1fd586c1ea170025d48cf50cf45292ee22d878
0327cbb0854e8b71dc38355291e364ac86cb4478bb935abd0094aed3f907f254,MITDB_P103,103,1650000000,3,20260927,MODEL_V2_TCN_MEANMAX,MODEL_V2_OPTIMIZER_CORRECTED_V1,0,-6.584132194519043,0.0013802186585962772,11,V2-006-OPT-CORR-F03-S20260927,2500e6093eb81946536b9d443c1fd586c1ea170025d48cf50cf45292ee22d878
03402de7bc5bfc8b653d77648a015bae147a91816885822945314fdb8ddf8756,MITDB_P121,121,1775000000,3,20260927,MODEL_V2_TCN_MEANMAX,MODEL_V2_OPTIMIZER_CORRECTED_V1,0,-10.589929580688477,2.5167559215333313e-05,11,V2-006-OPT-CORR-F03-S20260927,2500e6093eb81946536b9d443c1fd586c1ea170025d48cf50cf45292ee22d878
035fcd644d243b896069a470bad264e7383c3d6746a792b4f92fb5e3a2c63e80,MITDB_P208,208,350000000,3,20260927,MODEL_V2_TCN_MEANMAX,MODEL_V2_OPTIMIZER_CORRECTED_V1,1,10.396254539489746,0.999969482421875,11,V2-006-OPT-CORR-F03-S20260927,2500e6093eb81946536b9d443c1fd586c1ea170025d48cf50cf45292ee22d878
03625aa16c3eb4bd51c43790b79b1118dd7dce6234ffc52e38ccf2c8de8b6b66,MITDB_P208,208,540000000,3,20260927,MODEL_V2_TCN_MEANMAX,MODEL_V2_OPTIMIZER_CORRECTED_V1,1,9.660687446594238,0.9999362230300903,11,V2-006-OPT-CORR-F03-S20260927,2500e6093eb81946536b9d443c1fd586c1ea170025d48cf50cf45292ee22d878
038b98a3ca033da5568afc3bcb16d68fd06d2c70814673c6a0a132b401829867,MITDB_P208,208,1405000000,3,20260927,MODEL_V2_TCN_MEANMAX,MODEL_V2_OPTIMIZER_CORRECTED_V1,1,9.574936866760254,0.9999305009841919,11,V2-006-OPT-CORR-F03-S20260927,2500e6093eb81946536b9d443c1fd586c1ea170025d48cf50cf45292ee22d878
03d209aaabff65ad1f868d7817818f6c2de929b358ec8a7a52995722daf843f7,MITDB_P114,114,1530000000,3,20260927,MODEL_V2_TCN_MEANMAX,MODEL_V2_OPTIMIZER_CORRECTED_V1,0,-3.8905725479125977,0.02002446912229061,11,V2-006-OPT-CORR-F03-S20260927,2500e6093eb81946536b9d443c1fd586c1ea170025d48cf50cf45292ee22d878
041ae1f707db1f65b0af11110d73b20f803e0ab26a4d2fb88be4c7e4dc4e4e2b,MITDB_P208,208,745000000,3,20260927,MODEL_V2_TCN_MEANMAX,MODEL_V2_OPTIMIZER_CORRECTED_V1,1,10.905016899108887,0.9999816417694092,11,V2-006-OPT-CORR-F03-S20260927,2500e6093eb81946536b9d443c1fd586c1ea170025d48cf50cf45292ee22d878
0424a4e2f2f19a8dc4e27a9db153ee7c043a4bb40e3eb52901dffdecb0c79dad,MITDB_P223,223,1515000000,3,20260927,MODEL_V2_TCN_MEANMAX,MODEL_V2_OPTIMIZER_CORRECTED_V1,1,0.5678951740264893,0.6382773518562317,11,V2-006-OPT-CORR-F03-S20260927,2500e6093eb81946536b9d443c1fd586c1ea170025d48cf50cf45292ee22d878
046975ec61d42bffbfb835d7f1a21bf0507dd63589dec107561f8a891abd0b55,MITDB_P208,208,1455000000,3,20260927,MODEL_V2_TCN_MEANMAX,MODEL_V2_OPTIMIZER_CORRECTED_V1,1,10.12476634979248,0.9999599456787109,11,V2-006-OPT-CORR-F03-S20260927,2500e6093eb81946536b9d443c1fd586c1ea170025d48cf50cf45292ee22d878
046ba8abda2a18cca993e57d5a1ed615ed58db294fcbe8069ffb62a2dd2001ab,MITDB_P114,114,1690000000,3,20260927,MODEL_V2_TCN_MEANMAX,MODEL_V2_OPTIMIZER_CORRECTED_V1,0,-0.6555978059768677,0.34172919392585754,11,V2-006-OPT-CORR-F03-S20260927,2500e6093eb81946536b9d443c1fd586c1ea170025d48cf50cf45292ee22d878
047c65742e5d01be737007cf187ada390f1f601611859afa218fe9437f52edab,MITDB_P114,114,1200000000,3,20260927,MODEL_V2_TCN_MEANMAX,MODEL_V2_OPTIMIZER_CORRECTED_V1,0,-0.5416943430900574,0.3677935004234314,11,V2-006-OPT-CORR-F03-S20260927,2500e6093eb81946536b9d443c1fd586c1ea170025d48cf50cf45292ee22d878
04f415b40983a709c65935c0f3c39ebdf8c181c4f7d0b14c97fd4325838a4341,MITDB_P121,121,500000000,3,20260927,MODEL_V2_TCN_MEANMAX,MODEL_V2_OPTIMIZER_CORRECTED_V1,0,-8.265782356262207,0.0002571015211287886,11,V2-006-OPT-CORR-F03-S20260927,2500e6093eb81946536b9d443c1fd586c1ea170025d48cf50cf45292ee22d878
0529862d72e0dd4f58915477bf93d1dbf3200efaebe4c3805bf28cc59f1e92b0,MITDB_P103,103,935000000,3,20260927,MODEL_V2_TCN_MEANMAX,MODEL_V2_OPTIMIZER_CORRECTED_V1,0,-6.238290309906006,0.0019493845757097006,11,V2-006-OPT-CORR-F03-S20260927,2500e6093eb81946536b9d443c1fd586c1ea170025d48cf50cf45292ee22d878
0539fa56f017818aff7c08ef4942b90a010309622ca219f31f5b4741253a838b,MITDB_P121,121,405000000,3,20260927,MODEL_V2_TCN_MEANMAX,MODEL_V2_OPTIMIZER_CORRECTED_V1,0,-8.622224807739258,0.0001800268073566258,11,V2-006-OPT-CORR-F03-S20260927,2500e6093eb81946536b9d443c1fd586c1ea170025d48cf50cf45292ee22d878
0556f58a1b172bf756f4f391afeccb63ad0589a760f37cbedeb71297cb192ea4,MITDB_P121,121,275000000,3,20260927,MODEL_V2_TCN_MEANMAX,MODEL_V2_OPTIMIZER_CORRECTED_V1,0,-6.380568981170654,0.0016912933206185699,11,V2-006-OPT-CORR-F03-S20260927,2500e6093eb81946536b9d443c1fd586c1ea170025d48cf50cf45292ee22d878
05980baef1b2003d55bf2476494a295b760c2fb4c0cc99120d889b7819577a34,MITDB_P114,114,845000000,3,20260927,MODEL_V2_TCN_MEANMAX,MODEL_V2_OPTIMIZER_CORRECTED_V1,1,3.046254873275757,0.9546205997467041,11,V2-006-OPT-CORR-F03-S20260927,2500e6093eb81946536b9d443c1fd586c1ea170025d48cf50cf45292ee22d878
05abffb0799abd97b209dc929e4b086967969a92195cb913356e1a34d0e4d148,MITDB_P114,114,335000000,3,20260927,MODEL_V2_TCN_MEANMAX,MODEL_V2_OPTIMIZER_CORRECTED_V1,0,-3.171626567840576,0.040247537195682526,11,V2-006-OPT-CORR-F03-S20260927,2500e6093eb81946536b9d443c1fd586c1ea170025d48cf50cf45292ee22d878
05be4816c09145e539e96a35e8e4838c40693b755308fe803d7b5296cc89ca60,MITDB_P114,114,160000000,3,20260927,MODEL_V2_TCN_MEANMAX,MODEL_V2_OPTIMIZER_CORRECTED_V1,0,-3.8046138286590576,0.02178274095058441,11,V2-006-OPT-CORR-F03-S20260927,2500e6093eb81946536b9d443c1fd586c1ea170025d48cf50cf45292ee22d878
05d04dc2daacb83581625f7839ea90eb66dc1f08e3dde5bc8bb4ee473e99bdb6,MITDB_P121,121,310000000,3,20260927,MODEL_V2_TCN_MEANMAX,MODEL_V2_OPTIMIZER_CORRECTED_V1,0,-7.738293170928955,0.00043562494101934135,11,V2-006-OPT-CORR-F03-S20260927,2500e6093eb81946536b9d443c1fd586c1ea170025d48cf50cf45292ee22d878
05d979faa8452c00fb3b5d3b9d3d89b502a8cc125ec556eda828421dbe641eb2,MITDB_P223,223,465000000,3,20260927,MODEL_V2_TCN_MEANMAX,MODEL_V2_OPTIMIZER_CORRECTED_V1,1,-3.4822285175323486,0.029822135344147682,11,V2-006-OPT-CORR-F03-S20260927,2500e6093eb81946536b9d443c1fd586c1ea170025d48cf50cf45292ee22d878
060db85753cdf0c1fd61791fa10f61ffbf826984fb194796e81b879891b450a8,MITDB_P114,114,1425000000,3,20260927,MODEL_V2_TCN_MEANMAX,MODEL_V2_OPTIMIZER_CORRECTED_V1,0,-1.022638201713562,0.2645138204097748,11,V2-006-OPT-CORR-F03-S20260927,2500e6093eb81946536b9d443c1fd586c1ea170025d48cf50cf45292ee22d878
06359572f8febdd0cecf42a637a8ca87f7bedc8f993098af202307da44560867,MITDB_P103,103,415000000,3,20260927,MODEL_V2_TCN_MEANMAX,MODEL_V2_OPTIMIZER_CORRECTED_V1,0,-6.657711982727051,0.0012824342120438814,11,V2-006-OPT-CORR-F03-S20260927,2500e6093eb81946536b9d443c1fd586c1ea170025d48cf50cf45292ee22d878
063ae34b807ca709a1536715c2469f5ae0f58cba774153b3e05d788781af60c0,MITDB_P208,208,510000000,3,20260927,MODEL_V2_TCN_MEANMAX,MODEL_V2_OPTIMIZER_CORRECTED_V1,1,10.859931945800781,0.9999808073043823,11,V2-006-OPT-CORR-F03-S20260927,2500e6093eb81946536b9d443c1fd586c1ea170025d48cf50cf45292ee22d878
065121f2eb81689c621b5d56e4a05ee1640e128b96341112d608dfa46fa88dc1,MITDB_P103,103,840000000,3,20260927,MODEL_V2_TCN_MEANMAX,MODEL_V2_OPTIMIZER_CORRECTED_V1,0,-6.690983295440674,0.0012405200395733118,11,V2-006-OPT-CORR-F03-S20260927,2500e6093eb81946536b9d443c1fd586c1ea170025d48cf50cf45292ee22d878
0652b65b9479a5f9d5e705ff1dd3d3ead140d282f79707fb8c97b53186b21f0d,MITDB_P223,223,1770000000,3,20260927,MODEL_V2_TCN_MEANMAX,MODEL_V2_OPTIMIZER_CORRECTED_V1,1,-0.08748467266559601,0.47814279794692993,11,V2-006-OPT-CORR-F03-S20260927,2500e6093eb81946536b9d443c1fd586c1ea170025d48cf50cf45292ee22d878
065d25a790cd72d752f1992bdcb24226ce86729ff71c862c07c7c9003a3243bb,MITDB_P103,103,1485000000,3,20260927,MODEL_V2_TCN_MEANMAX,MODEL_V2_OPTIMIZER_CORRECTED_V1,0,-6.365739345550537,0.00171651819255203,11,V2-006-OPT-CORR-F03-S20260927,2500e6093eb81946536b9d443c1fd586c1ea170025d48cf50cf45292ee22d878
067b59279630376887440f5282cac4be67bcebb0d214cccd358289e3abad9cfb,MITDB_P223,223,30000000,3,20260927,MODEL_V2_TCN_MEANMAX,MODEL_V2_OPTIMIZER_CORRECTED_V1,1,-3.1396591663360596,0.041500676423311234,11,V2-006-OPT-CORR-F03-S20260927,2500e6093eb81946536b9d443c1fd586c1ea170025d48cf50cf45292ee22d878
067d3706db9fb1e8bee8b4141eca9a23a9d7291a2f049d64e557812165d15c54,MITDB_P103,103,665000000,3,20260927,MODEL_V2_TCN_MEANMAX,MODEL_V2_OPTIMIZER_CORRECTED_V1,0,-6.907155990600586,0.0009995992295444012,11,V2-006-OPT-CORR-F03-S20260927,2500e6093eb81946536b9d443c1fd586c1ea170025d48cf50cf45292ee22d878
067f6e753f5c3a1d63f0fa6f97ba2fa41614b8b37ac67cb5c44b41e4f6728df4,MITDB_P114,114,380000000,3,20260927,MODEL_V2_TCN_MEANMAX,MODEL_V2_OPTIMIZER_CORRECTED_V1,1,8.428616523742676,0.9997815489768982,11,V2-006-OPT-CORR-F03-S20260927,2500e6093eb81946536b9d443c1fd586c1ea170025d48cf50cf45292ee22d878
0688de100fec0b1e69665574e0b8cc65e296ded0c9becc4f7770a45db7390217,MITDB_P223,223,1490000000,3,20260927,MODEL_V2_TCN_MEANMAX,MODEL_V2_OPTIMIZER_CORRECTED_V1,1,-2.3254387378692627,0.0890379324555397,11,V2-006-OPT-CORR-F03-S20260927,2500e6093eb81946536b9d443c1fd586c1ea170025d48cf50cf45292ee22d878
06ec8b04a663475c00a25ae4e40e4f49a382f52ba63511bc9cb01b77870688b9,MITDB_P103,103,190000000,3,20260927,MODEL_V2_TCN_MEANMAX,MODEL_V2_OPTIMIZER_CORRECTED_V1,0,-7.14064359664917,0.0007916149334050715,11,V2-006-OPT-CORR-F03-S20260927,2500e6093eb81946536b9d443c1fd586c1ea170025d48cf50cf45292ee22d878
06fbcbd6ec377e22687b4c9bc4fb721f5296da8b3b294a95a748f6c9d93f3162,MITDB_P121,121,1245000000,3,20260927,MODEL_V2_TCN_MEANMAX,MODEL_V2_OPTIMIZER_CORRECTED_V1,0,-8.468459129333496,0.0002099441335303709,11,V2-006-OPT-CORR-F03-S20260927,2500e6093eb81946536b9d443c1fd586c1ea170025d48cf50cf45292ee22d878
070987021bd51950fa4612b8cfb0d204e34a62caa8ee266b3c784a1376841365,MITDB_P121,121,535000000,3,20260927,MODEL_V2_TCN_MEANMAX,MODEL_V2_OPTIMIZER_CORRECTED_V1,0,-6.35986852645874,0.0017266076756641269,11,V2-006-OPT-CORR-F03-S20260927,2500e6093eb81946536b9d443c1fd586c1ea170025d48cf50cf45292ee22d878
075115068e2fc2c4f2dd94a4643037551bc1f2c817a4b17b8eaaf47f4bbcd9b2,MITDB_P114,114,65000000,3,20260927,MODEL_V2_TCN_MEANMAX,MODEL_V2_OPTIMIZER_CORRECTED_V1,0,-3.0991952419281006,0.0431404635310173,11,V2-006-OPT-CORR-F03-S20260927,2500e6093eb81946536b9d443c1fd586c1ea170025d48cf50cf45292ee22d878
0766b7de9e43a2d78dc027035d646e8f0e1312746ad2e53b73f61d538f6d8960,MITDB_P103,103,1420000000,3,20260927,MODEL_V2_TCN_MEANMAX,MODEL_V2_OPTIMIZER_CORRECTED_V1,0,-6.6748366355896,0.0012606874806806445,11,V2-006-OPT-CORR-F03-S20260927,2500e6093eb81946536b9d443c1fd586c1ea170025d48cf50cf45292ee22d878
076a2b5f7d96210d71790e1d2a49fa31775c2790ce6a9721c9be334cc28ddf66,MITDB_P121,121,815000000,3,20260927,MODEL_V2_TCN_MEANMAX,MODEL_V2_OPTIMIZER_CORRECTED_V1,0,-7.909094333648682,0.000367252214346081,11,V2-006-OPT-CORR-F03-S20260927,2500e6093eb81946536b9d443c1fd586c1ea170025d48cf50cf45292ee22d878
07949c2d3f46ff3d2e7093a96771d02e4858d0cea5f70b374236a935a3f81e0d,MITDB_P208,208,1685000000,3,20260927,MODEL_V2_TCN_MEANMAX,MODEL_V2_OPTIMIZER_CORRECTED_V1,1,10.191088676452637,0.9999624490737915,11,V2-006-OPT-CORR-F03-S20260927,2500e6093eb81946536b9d443c1fd586c1ea170025d48cf50cf45292ee22d878
079ef8053f236f7943f88a67951326b045720dfd590b3ce7007559b0df09ae06,MITDB_P103,103,1100000000,3,20260927,MODEL_V2_TCN_MEANMAX,MODEL_V2_OPTIMIZER_CORRECTED_V1,0,-2.3003697395324707,0.09109234064817429,11,V2-006-OPT-CORR-F03-S20260927,2500e6093eb81946536b9d443c1fd586c1ea170025d48cf50cf45292ee22d878
07ab27a9e00be422af8268261f4cf39670f8d0d915b02688e343d98983feea63,MITDB_P114,114,1120000000,3,20260927,MODEL_V2_TCN_MEANMAX,MODEL_V2_OPTIMIZER_CORRECTED_V1,0,-3.859954357147217,0.02063421905040741,11,V2-006-OPT-CORR-F03-S20260927,2500e6093eb81946536b9d443c1fd586c1ea170025d48cf50cf45292ee22d878
07d834d27c19baf3c9dc89fc926844d326b87d7b3ece387328b6deb14dfeba6e,MITDB_P114,114,85000000,3,20260927,MODEL_V2_TCN_MEANMAX,MODEL_V2_OPTIMIZER_CORRECTED_V1,0,-4.316786289215088,0.013167011551558971,11,V2-006-OPT-CORR-F03-S20260927,2500e6093eb81946536b9d443c1fd586c1ea170025d48cf50cf45292ee22d878
07f76b55cef492682f0884a1b5c4fbe7eaf157e198b801d1007deba03264dc0e,MITDB_P223,223,905000000,3,20260927,MODEL_V2_TCN_MEANMAX,MODEL_V2_OPTIMIZER_CORRECTED_V1,1,-0.5554669499397278,0.36459699273109436,11,V2-006-OPT-CORR-F03-S20260927,2500e6093eb81946536b9d443c1fd586c1ea170025d48cf50cf45292ee22d878
0801828cfb946821eb69ec9e034c92660a1c9982dddb2e123d7a4385cc7a9e00,MITDB_P103,103,655000000,3,20260927,MODEL_V2_TCN_MEANMAX,MODEL_V2_OPTIMIZER_CORRECTED_V1,0,-6.033299922943115,0.0023918345104902983,11,V2-006-OPT-CORR-F03-S20260927,2500e6093eb81946536b9d443c1fd586c1ea170025d48cf50cf45292ee22d878
082152213358592cf97427925360585dd4af2f88efb21d4ffeab1866a783b660,MITDB_P223,223,10000000,3,20260927,MODEL_V2_TCN_MEANMAX,MODEL_V2_OPTIMIZER_CORRECTED_V1,0,-6.08671236038208,0.002267714822664857,11,V2-006-OPT-CORR-F03-S20260927,2500e6093eb81946536b9d443c1fd586c1ea170025d48cf50cf45292ee22d878
08382953011532e7ef30cfb24f4709567791f420a77dca095ed1c786d836ab04,MITDB_P114,114,805000000,3,20260927,MODEL_V2_TCN_MEANMAX,MODEL_V2_OPTIMIZER_CORRECTED_V1,0,-1.1562304496765137,0.23935291171073914,11,V2-006-OPT-CORR-F03-S20260927,2500e6093eb81946536b9d443c1fd586c1ea170025d48cf50cf45292ee22d878
08621c8688f87c8eb1b4a63414eb3a4ac4af34bb5c3afff0981b234497d5ca90,MITDB_P121,121,835000000,3,20260927,MODEL_V2_TCN_MEANMAX,MODEL_V2_OPTIMIZER_CORRECTED_V1,0,-8.359683990478516,0.00023406351101584733,11,V2-006-OPT-CORR-F03-S20260927,2500e6093eb81946536b9d443c1fd586c1ea170025d48cf50cf45292ee22d878
08aa8a6db70d7b5398f93f286a21e0c1efa9c41acf6a89ba46f2d1484014d75b,MITDB_P223,223,1195000000,3,20260927,MODEL_V2_TCN_MEANMAX,MODEL_V2_OPTIMIZER_CORRECTED_V1,0,-4.132237911224365,0.015793491154909134,11,V2-006-OPT-CORR-F03-S20260927,2500e6093eb81946536b9d443c1fd586c1ea170025d48cf50cf45292ee22d878
08dbdb73d562c1523c8ec219e6713ee41ed15713d6413c8db502788099690b15,MITDB_P208,208,985000000,3,20260927,MODEL_V2_TCN_MEANMAX,MODEL_V2_OPTIMIZER_CORRECTED_V1,1,10.037562370300293,0.9999562501907349,11,V2-006-OPT-CORR-F03-S20260927,2500e6093eb81946536b9d443c1fd586c1ea170025d48cf50cf45292ee22d878
08ecd265a9038db3c5390608471148b7a7dae6e0edeac0889b9afd7f1dc26f09,MITDB_P121,121,660000000,3,20260927,MODEL_V2_TCN_MEANMAX,MODEL_V2_OPTIMIZER_CORRECTED_V1,0,-7.852049350738525,0.00038880281499587,11,V2-006-OPT-CORR-F03-S20260927,2500e6093eb81946536b9d443c1fd586c1ea170025d48cf50cf45292ee22d878
0961dacbc05770cb848172f179d19ce83210c859b73b05e2a268570a04353eb0,MITDB_P121,121,1540000000,3,20260927,MODEL_V2_TCN_MEANMAX,MODEL_V2_OPTIMIZER_CORRECTED_V1,0,-8.17072868347168,0.0002827318967320025,11,V2-006-OPT-CORR-F03-S20260927,2500e6093eb81946536b9d443c1fd586c1ea170025d48cf50cf45292ee22d878
0964bcd80e2aa06759d3fa5c6dc5838e2217f0a3e7903a66712d86cbe7622d4c,MITDB_P208,208,1245000000,3,20260927,MODEL_V2_TCN_MEANMAX,MODEL_V2_OPTIMIZER_CORRECTED_V1,1,7.4531402587890625,0.9994207620620728,11,V2-006-OPT-CORR-F03-S20260927,2500e6093eb81946536b9d443c1fd586c1ea170025d48cf50cf45292ee22d878
097cd74a44e5c8e573d8563a0473f5b8c16762d9aa2ca5f101fe5e26b0514fad,MITDB_P223,223,415000000,3,20260927,MODEL_V2_TCN_MEANMAX,MODEL_V2_OPTIMIZER_CORRECTED_V1,0,-3.989661931991577,0.018169721588492393,11,V2-006-OPT-CORR-F03-S20260927,2500e6093eb81946536b9d443c1fd586c1ea170025d48cf50cf45292ee22d878
09c3be21338a643951d3edfdf2dcb063a43876102bd1f784bdc40c0bc2ac532a,MITDB_P208,208,60000000,3,20260927,MODEL_V2_TCN_MEANMAX,MODEL_V2_OPTIMIZER_CORRECTED_V1,1,12.381131172180176,0.9999958276748657,11,V2-006-OPT-CORR-F03-S20260927,2500e6093eb81946536b9d443c1fd586c1ea170025d48cf50cf45292ee22d878
09e77fd93e81bba3992fa0e5f00cb95f45ff68fc781e76766f65cbea81faaefc,MITDB_P121,121,1180000000,3,20260927,MODEL_V2_TCN_MEANMAX,MODEL_V2_OPTIMIZER_CORRECTED_V1,0,-7.672336578369141,0.0004653122159652412,11,V2-006-OPT-CORR-F03-S20260927,2500e6093eb81946536b9d443c1fd586c1ea170025d48cf50cf45292ee22d878
0a05466aad49a8a4759f2ccf73d1c1d9498d4c490ed043fe554dfaba0fb11756,MITDB_P114,114,395000000,3,20260927,MODEL_V2_TCN_MEANMAX,MODEL_V2_OPTIMIZER_CORRECTED_V1,1,-0.620093822479248,0.34976011514663696,11,V2-006-OPT-CORR-F03-S20260927,2500e6093eb81946536b9d443c1fd586c1ea170025d48cf50cf45292ee22d878
0a08fcd1c3618fa71d44f5a9d46d8a12ef545cfb5f803e8f873b87313cc5b321,MITDB_P121,121,515000000,3,20260927,MODEL_V2_TCN_MEANMAX,MODEL_V2_OPTIMIZER_CORRECTED_V1,0,-6.79013729095459,0.0011235505808144808,11,V2-006-OPT-CORR-F03-S20260927,2500e6093eb81946536b9d443c1fd586c1ea170025d48cf50cf45292ee22d878
0a1a5730723b740a22e867ac9624873bcdc9af473da9791192b40aac153100c4,MITDB_P103,103,1275000000,3,20260927,MODEL_V2_TCN_MEANMAX,MODEL_V2_OPTIMIZER_CORRECTED_V1,0,-6.386025905609131,0.0016821047756820917,11,V2-006-OPT-CORR-F03-S20260927,2500e6093eb81946536b9d443c1fd586c1ea170025d48cf50cf45292ee22d878
0a1ec8b003ca7e0dd8a4b5af80e543db84e5738b8cc04ad487db17046f05c063,MITDB_P223,223,1635000000,3,20260927,MODEL_V2_TCN_MEANMAX,MODEL_V2_OPTIMIZER_CORRECTED_V1,1,-0.5491412878036499,0.36606365442276,11,V2-006-OPT-CORR-F03-S20260927,2500e6093eb81946536b9d443c1fd586c1ea170025d48cf50cf45292ee22d878
0a2cc27d5c45a1912efd937ced436084e2f80e286627eaa34b423354a762383a,MITDB_P208,208,1450000000,3,20260927,MODEL_V2_TCN_MEANMAX,MODEL_V2_OPTIMIZER_CORRECTED_V1,1,10.78309440612793,0.9999792575836182,11,V2-006-OPT-CORR-F03-S20260927,2500e6093eb81946536b9d443c1fd586c1ea170025d48cf50cf45292ee22d878
0a2ea021ceaa7f179cd4abf32676a05e36f3c83ce65254c72364a0347efc7a3a,MITDB_P121,121,555000000,3,20260927,MODEL_V2_TCN_MEANMAX,MODEL_V2_OPTIMIZER_CORRECTED_V1,0,-7.675968647003174,0.0004636260273400694,11,V2-006-OPT-CORR-F03-S20260927,2500e6093eb81946536b9d443c1fd586c1ea170025d48cf50cf45292ee22d878
0a2f8b469b0d03899195c43dd80c858ad19380a0060692b219b2383639d0f531,MITDB_P208,208,235000000,3,20260927,MODEL_V2_TCN_MEANMAX,MODEL_V2_OPTIMIZER_CORRECTED_V1,1,12.881510734558105,0.9999974966049194,11,V2-006-OPT-CORR-F03-S20260927,2500e6093eb81946536b9d443c1fd586c1ea170025d48cf50cf45292ee22d878
0a30a6e723b3b56d36b1537e997b7d6922146f7b50f0d587d03b76b4a873c334,MITDB_P223,223,95000000,3,20260927,MODEL_V2_TCN_MEANMAX,MODEL_V2_OPTIMIZER_CORRECTED_V1,0,-6.579482555389404,0.0013866422232240438,11,V2-006-OPT-CORR-F03-S20260927,2500e6093eb81946536b9d443c1fd586c1ea170025d48cf50cf45292ee22d878
0a5af60e127b3806d7e8b182bb2b71b7d83ca10214ceebf59a58ff1e53c35f98,MITDB_P121,121,830000000,3,20260927,MODEL_V2_TCN_MEANMAX,MODEL_V2_OPTIMIZER_CORRECTED_V1,0,-8.33999252319336,0.00023871712619438767,11,V2-006-OPT-CORR-F03-S20260927,2500e6093eb81946536b9d443c1fd586c1ea170025d48cf50cf45292ee22d878
0a6b7c1ff6ad36068c512cb7d5e9b15fe01a64e3547022ea60dfd2a2a549197f,MITDB_P223,223,110000000,3,20260927,MODEL_V2_TCN_MEANMAX,MODEL_V2_OPTIMIZER_CORRECTED_V1,0,-5.477832794189453,0.004160989075899124,11,V2-006-OPT-CORR-F03-S20260927,2500e6093eb81946536b9d443c1fd586c1ea170025d48cf50cf45292ee22d878
0a770cf0931ff9f121c27e71541e6c9a5dcab1caf84b45402d9fdead77cef6b4,MITDB_P208,208,715000000,3,20260927,MODEL_V2_TCN_MEANMAX,MODEL_V2_OPTIMIZER_CORRECTED_V1,1,9.773415565490723,0.9999430179595947,11,V2-006-OPT-CORR-F03-S20260927,2500e6093eb81946536b9d443c1fd586c1ea170025d48cf50cf45292ee22d878
0a864a41200a866231dd6c85c98121ded14bb35c8222a3b9d0afb663fb20a09a,MITDB_P121,121,1645000000,3,20260927,MODEL_V2_TCN_MEANMAX,MODEL_V2_OPTIMIZER_CORRECTED_V1,0,-10.017783164978027,4.45977202616632e-05,11,V2-006-OPT-CORR-F03-S20260927,2500e6093eb81946536b9d443c1fd586c1ea170025d48cf50cf45292ee22d878
0a9c2ea609c6022a17cf8e5ba8d2f437c3c4875fc554cf90413ce3e49e11a3b6,MITDB_P121,121,650000000,3,20260927,MODEL_V2_TCN_MEANMAX,MODEL_V2_OPTIMIZER_CORRECTED_V1,0,-7.762402057647705,0.0004252525104675442,11,V2-006-OPT-CORR-F03-S20260927,2500e6093eb81946536b9d443c1fd586c1ea170025d48cf50cf45292ee22d878
0aa9d26942c0f5f0105a222d54da96136eb1561bde4a21e97b08acd28477ea6f,MITDB_P114,114,1085000000,3,20260927,MODEL_V2_TCN_MEANMAX,MODEL_V2_OPTIMIZER_CORRECTED_V1,0,-3.35578989982605,0.03370607644319534,11,V2-006-OPT-CORR-F03-S20260927,2500e6093eb81946536b9d443c1fd586c1ea170025d48cf50cf45292ee22d878
0ad981e538bd042d585d73b66caa00a8e99ccc4fbca474716962c78745c8e186,MITDB_P103,103,1715000000,3,20260927,MODEL_V2_TCN_MEANMAX,MODEL_V2_OPTIMIZER_CORRECTED_V1,0,-6.112646102905273,0.0022097888868302107,11,V2-006-OPT-CORR-F03-S20260927,2500e6093eb81946536b9d443c1fd586c1ea170025d48cf50cf45292ee22d878
0ae1a1d9b6044a6470d4d3bd56b685cdfd583170baf1d2a33afffba955fe9e3e,MITDB_P114,114,340000000,3,20260927,MODEL_V2_TCN_MEANMAX,MODEL_V2_OPTIMIZER_CORRECTED_V1,1,8.25963306427002,0.99974125623703,11,V2-006-OPT-CORR-F03-S20260927,2500e6093eb81946536b9d443c1fd586c1ea170025d48cf50cf45292ee22d878
0ae876260f7c38e0eabe7b46da01195df0725b71e0c4126a1196f58ec0f46fa0,MITDB_P223,223,170000000,3,20260927,MODEL_V2_TCN_MEANMAX,MODEL_V2_OPTIMIZER_CORRECTED_V1,1,4.157043933868408,0.984587550163269,11,V2-006-OPT-CORR-F03-S20260927,2500e6093eb81946536b9d443c1fd586c1ea170025d48cf50cf45292ee22d878
0b24d9b6c829679e44f55bbb1e9a7873ad66b790077eeece1fbe399b6d9d64dd,MITDB_P103,103,1365000000,3,20260927,MODEL_V2_TCN_MEANMAX,MODEL_V2_OPTIMIZER_CORRECTED_V1,1,-4.999983310699463,0.006692962255328894,11,V2-006-OPT-CORR-F03-S20260927,2500e6093eb81946536b9d443c1fd586c1ea170025d48cf50cf45292ee22d878
0b2c6dd3e796db79fc151f4ef1a9c3b81500f096acc4757207a2ec62191edd4a,MITDB_P208,208,260000000,3,20260927,MODEL_V2_TCN_MEANMAX,MODEL_V2_OPTIMIZER_CORRECTED_V1,1,10.881125450134277,0.999981164932251,11,V2-006-OPT-CORR-F03-S20260927,2500e6093eb81946536b9d443c1fd586c1ea170025d48cf50cf45292ee22d878
0b334af4e43cc0a0333e87868c2cedccb1b087b58278f454a73f599c6a108bce,MITDB_P121,121,1500000000,3,20260927,MODEL_V2_TCN_MEANMAX,MODEL_V2_OPTIMIZER_CORRECTED_V1,0,-8.175467491149902,0.0002813956525642425,11,V2-006-OPT-CORR-F03-S20260927,2500e6093eb81946536b9d443c1fd586c1ea170025d48cf50cf45292ee22d878
0b86325b5daffc24316a0b6a737a9aa0550d5b58c6110f0248f9bdc8883727a4,MITDB_P223,223,725000000,3,20260927,MODEL_V2_TCN_MEANMAX,MODEL_V2_OPTIMIZER_CORRECTED_V1,0,-3.2468879222869873,0.037438876926898956,11,V2-006-OPT-CORR-F03-S20260927,2500e6093eb81946536b9d443c1fd586c1ea170025d48cf50cf45292ee22d878
0b871bc7d4faf48ae7e3cf0b4c1b248ef6e2281bbf26ff65b180dd94c0b0b9f3,MITDB_P208,208,1110000000,3,20260927,MODEL_V2_TCN_MEANMAX,MODEL_V2_OPTIMIZER_CORRECTED_V1,1,8.319680213928223,0.999756395816803,11,V2-006-OPT-CORR-F03-S20260927,2500e6093eb81946536b9d443c1fd586c1ea170025d48cf50cf45292ee22d878
0c01a04eea76d1456451919cbb086da654ee3e56c66977550ee82bab2a333aa2,MITDB_P208,208,75000000,3,20260927,MODEL_V2_TCN_MEANMAX,MODEL_V2_OPTIMIZER_CORRECTED_V1,1,11.055435180664062,0.9999841451644897,11,V2-006-OPT-CORR-F03-S20260927,2500e6093eb81946536b9d443c1fd586c1ea170025d48cf50cf45292ee22d878
0c702d80e4a0802478d2b91f24152f11ce146014752ffc547786cb95943171b5,MITDB_P114,114,1650000000,3,20260927,MODEL_V2_TCN_MEANMAX,MODEL_V2_OPTIMIZER_CORRECTED_V1,0,-0.9479117393493652,0.27930498123168945,11,V2-006-OPT-CORR-F03-S20260927,2500e6093eb81946536b9d443c1fd586c1ea170025d48cf50cf45292ee22d878
0cbfa6a4b850bc5d53711a863891519905d696ed54443351830a787637651f73,MITDB_P223,223,1650000000,3,20260927,MODEL_V2_TCN_MEANMAX,MODEL_V2_OPTIMIZER_CORRECTED_V1,1,-0.38459521532058716,0.4050191044807434,11,V2-006-OPT-CORR-F03-S20260927,2500e6093eb81946536b9d443c1fd586c1ea170025d48cf50cf45292ee22d878
0ce068783ae18c77c02fc284e4a88ffeceed39c18f6f8ea96614a712ad21b495,MITDB_P208,208,440000000,3,20260927,MODEL_V2_TCN_MEANMAX,MODEL_V2_OPTIMIZER_CORRECTED_V1,1,11.871411323547363,0.9999929666519165,11,V2-006-OPT-CORR-F03-S20260927,2500e6093eb81946536b9d443c1fd586c1ea170025d48cf50cf45292ee22d878
0d0cd5804cfc28d1564964007fcbd7548683620cce7f48d983a8bc93e84ac6f0,MITDB_P114,114,1095000000,3,20260927,MODEL_V2_TCN_MEANMAX,MODEL_V2_OPTIMIZER_CORRECTED_V1,0,-2.536003828048706,0.07337240874767303,11,V2-006-OPT-CORR-F03-S20260927,2500e6093eb81946536b9d443c1fd586c1ea170025d48cf50cf45292ee22d878
0d720707e0d6402c92b782b74927400c10df18354259af3d9f23ade4482b6792,MITDB_P208,208,845000000,3,20260927,MODEL_V2_TCN_MEANMAX,MODEL_V2_OPTIMIZER_CORRECTED_V1,1,10.347251892089844,0.9999679327011108,11,V2-006-OPT-CORR-F03-S20260927,2500e6093eb81946536b9d443c1fd586c1ea170025d48cf50cf45292ee22d878
0d78e88231c256960fc2626fc8402216c49653d6ba19c9c9e55fbed962fe99fc,MITDB_P114,114,1620000000,3,20260927,MODEL_V2_TCN_MEANMAX,MODEL_V2_OPTIMIZER_CORRECTED_V1,1,0.4363563060760498,0.6073904633522034,11,V2-006-OPT-CORR-F03-S20260927,2500e6093eb81946536b9d443c1fd586c1ea170025d48cf50cf45292ee22d878
0de18d0ffb71f154bee922163a6889ec79910f3fa41c03dc7c9f34b2cec0cf19,MITDB_P208,208,55000000,3,20260927,MODEL_V2_TCN_MEANMAX,MODEL_V2_OPTIMIZER_CORRECTED_V1,1,8.944527626037598,0.9998695850372314,11,V2-006-OPT-CORR-F03-S20260927,2500e6093eb81946536b9d443c1fd586c1ea170025d48cf50cf45292ee22d878
0defc470268d084043d136a964714f10d455bc873a01fed400ddaf69df4bad09,MITDB_P208,208,475000000,3,20260927,MODEL_V2_TCN_MEANMAX,MODEL_V2_OPTIMIZER_CORRECTED_V1,1,11.569716453552246,0.9999905824661255,11,V2-006-OPT-CORR-F03-S20260927,2500e6093eb81946536b9d443c1fd586c1ea170025d48cf50cf45292ee22d878
0e5cf61d4ecc494433ba27b000a88ea7425519469e0f07334201123ea848cc07,MITDB_P208,208,1135000000,3,20260927,MODEL_V2_TCN_MEANMAX,MODEL_V2_OPTIMIZER_CORRECTED_V1,1,9.136804580688477,0.9998923540115356,11,V2-006-OPT-CORR-F03-S20260927,2500e6093eb81946536b9d443c1fd586c1ea170025d48cf50cf45292ee22d878
0e6a302ede7edc7a6848470941f5c5d9da969e9e10806fe99801f3467d695155,MITDB_P208,208,1105000000,3,20260927,MODEL_V2_TCN_MEANMAX,MODEL_V2_OPTIMIZER_CORRECTED_V1,1,8.580057144165039,0.9998121857643127,11,V2-006-OPT-CORR-F03-S20260927,2500e6093eb81946536b9d443c1fd586c1ea170025d48cf50cf45292ee22d878
0e931d8ed1b1656ad6ccd66eed296bc806a5bcecef2de8fa1bb8d1ddb431ac1a,MITDB_P114,114,1740000000,3,20260927,MODEL_V2_TCN_MEANMAX,MODEL_V2_OPTIMIZER_CORRECTED_V1,0,-1.6856756210327148,0.15634538233280182,11,V2-006-OPT-CORR-F03-S20260927,2500e6093eb81946536b9d443c1fd586c1ea170025d48cf50cf45292ee22d878
0ec7a5889caa7b814bb49d148f6e1d74646c51b4642e39a524b967d13dfa0bf1,MITDB_P121,121,1560000000,3,20260927,MODEL_V2_TCN_MEANMAX,MODEL_V2_OPTIMIZER_CORRECTED_V1,0,-7.288055419921875,0.0006831891369074583,11,V2-006-OPT-CORR-F03-S20260927,2500e6093eb81946536b9d443c1fd586c1ea170025d48cf50cf45292ee22d878
0ed50ac8945f1d00375ba39c57aba2146d955ef9a6015231ddc69bd7e2195b2a,MITDB_P103,103,500000000,3,20260927,MODEL_V2_TCN_MEANMAX,MODEL_V2_OPTIMIZER_CORRECTED_V1,0,-6.282540798187256,0.0018651612335816026,11,V2-006-OPT-CORR-F03-S20260927,2500e6093eb81946536b9d443c1fd586c1ea170025d48cf50cf45292ee22d878
0ee48f55fe08a857b333fdb142500e6c34dcd4a9098b3925c0de59fdb5e78826,MITDB_P114,114,545000000,3,20260927,MODEL_V2_TCN_MEANMAX,MODEL_V2_OPTIMIZER_CORRECTED_V1,1,9.138670921325684,0.9998925924301147,11,V2-006-OPT-CORR-F03-S20260927,2500e6093eb81946536b9d443c1fd586c1ea170025d48cf50cf45292ee22d878
0f0960908e16ac747967cc0c17dfb6d436b9f86cfdc387ce2c4b69bea5d65015,MITDB_P114,114,1520000000,3,20260927,MODEL_V2_TCN_MEANMAX,MODEL_V2_OPTIMIZER_CORRECTED_V1,0,-3.167876720428467,0.04039263352751732,11,V2-006-OPT-CORR-F03-S20260927,2500e6093eb81946536b9d443c1fd586c1ea170025d48cf50cf45292ee22d878
0f8a44a00767f388e0697c54628644f31c48d49b31192380b55c4dad1dccd6fe,MITDB_P103,103,910000000,3,20260927,MODEL_V2_TCN_MEANMAX,MODEL_V2_OPTIMIZER_CORRECTED_V1,0,-5.73341178894043,0.0032255796249955893,11,V2-006-OPT-CORR-F03-S20260927,2500e6093eb81946536b9d443c1fd586c1ea170025d48cf50cf45292ee22d878
0fb8f1bdaaedc724d5eeb6903058a6e8d559f1f7a5ab04e5979c4dfb13089ac8,MITDB_P223,223,1425000000,3,20260927,MODEL_V2_TCN_MEANMAX,MODEL_V2_OPTIMIZER_CORRECTED_V1,1,1.2551929950714111,0.7781975269317627,11,V2-006-OPT-CORR-F03-S20260927,2500e6093eb81946536b9d443c1fd586c1ea170025d48cf50cf45292ee22d878
104ed54c2a8c85fad62064679f576b270e3152dc841c885caab4d66875a6301f,MITDB_P114,114,1065000000,3,20260927,MODEL_V2_TCN_MEANMAX,MODEL_V2_OPTIMIZER_CORRECTED_V1,0,-2.86942982673645,0.053685612976551056,11,V2-006-OPT-CORR-F03-S20260927,2500e6093eb81946536b9d443c1fd586c1ea170025d48cf50cf45292ee22d878
106cf668a3b3baa7b6e6d6fd0297eefbfc88dfc7b0a5e2752c9cbba80efcd62f,MITDB_P103,103,1200000000,3,20260927,MODEL_V2_TCN_MEANMAX,MODEL_V2_OPTIMIZER_CORRECTED_V1,0,-6.175406455993652,0.0020756430458277464,11,V2-006-OPT-CORR-F03-S20260927,2500e6093eb81946536b9d443c1fd586c1ea170025d48cf50cf45292ee22d878
107f95150a33952f37c7ed2d8ba592df8e0e3ef0520e7ecb784a0f2a18ddcb9d,MITDB_P114,114,885000000,3,20260927,MODEL_V2_TCN_MEANMAX,MODEL_V2_OPTIMIZER_CORRECTED_V1,0,-2.391803503036499,0.08379986137151718,11,V2-006-OPT-CORR-F03-S20260927,2500e6093eb81946536b9d443c1fd586c1ea170025d48cf50cf45292ee22d878
108cd7b4145465bc541c240b00647a3ecd49f9e7ce2265c7d0d6a4a23cf4919d,MITDB_P114,114,1045000000,3,20260927,MODEL_V2_TCN_MEANMAX,MODEL_V2_OPTIMIZER_CORRECTED_V1,0,-3.3118631839752197,0.03516644611954689,11,V2-006-OPT-CORR-F03-S20260927,2500e6093eb81946536b9d443c1fd586c1ea170025d48cf50cf45292ee22d878
109da826f7d775989469551a92c90d372c052a3de2ece34d1cef66b4d7ae8ef9,MITDB_P103,103,155000000,3,20260927,MODEL_V2_TCN_MEANMAX,MODEL_V2_OPTIMIZER_CORRECTED_V1,0,-6.17352819442749,0.0020795371383428574,11,V2-006-OPT-CORR-F03-S20260927,2500e6093eb81946536b9d443c1fd586c1ea170025d48cf50cf45292ee22d878
10b7d2c0b51d981d3e72adddacdadb5a29175658f14d9feb00202a35741e12ba,MITDB_P223,223,1325000000,3,20260927,MODEL_V2_TCN_MEANMAX,MODEL_V2_OPTIMIZER_CORRECTED_V1,1,3.1053688526153564,0.9571136236190796,11,V2-006-OPT-CORR-F03-S20260927,2500e6093eb81946536b9d443c1fd586c1ea170025d48cf50cf45292ee22d878
1120b094962d101c0980ae76704f2fe7f4d2fc54b76e3ce064cd62f1322dd59d,MITDB_P114,114,45000000,3,20260927,MODEL_V2_TCN_MEANMAX,MODEL_V2_OPTIMIZER_CORRECTED_V1,0,-5.361080169677734,0.004673883318901062,11,V2-006-OPT-CORR-F03-S20260927,2500e6093eb81946536b9d443c1fd586c1ea170025d48cf50cf45292ee22d878
112c718f06398d7f0807f8f6cb081cb5199363edea893ae24eac16ccf34b1d04,MITDB_P223,223,305000000,3,20260927,MODEL_V2_TCN_MEANMAX,MODEL_V2_OPTIMIZER_CORRECTED_V1,1,-5.917415142059326,0.002684921957552433,11,V2-006-OPT-CORR-F03-S20260927,2500e6093eb81946536b9d443c1fd586c1ea170025d48cf50cf45292ee22d878
115617425b2c102131fe5bbe23706088aaef75b582a677b838cac4eb3bab3e86,MITDB_P114,114,1610000000,3,20260927,MODEL_V2_TCN_MEANMAX,MODEL_V2_OPTIMIZER_CORRECTED_V1,1,-3.1872775554656982,0.03964730724692345,11,V2-006-OPT-CORR-F03-S20260927,2500e6093eb81946536b9d443c1fd586c1ea170025d48cf50cf45292ee22d878
1168b1b7a0dcbcb6a99ad4fc2570f2a29de7f1a0d1cab97ae34725d7775c38bb,MITDB_P208,208,25000000,3,20260927,MODEL_V2_TCN_MEANMAX,MODEL_V2_OPTIMIZER_CORRECTED_V1,1,10.088075637817383,0.9999583959579468,11,V2-006-OPT-CORR-F03-S20260927,2500e6093eb81946536b9d443c1fd586c1ea170025d48cf50cf45292ee22d878
118bdec49602c6df7bd5d19a29a806f935741db0dbf8d8e2d492ca7f7cd82772,MITDB_P121,121,1320000000,3,20260927,MODEL_V2_TCN_MEANMAX,MODEL_V2_OPTIMIZER_CORRECTED_V1,0,-7.492324352264404,0.0005570354987867177,11,V2-006-OPT-CORR-F03-S20260927,2500e6093eb81946536b9d443c1fd586c1ea170025d48cf50cf45292ee22d878
11a25c7c325c2f1d975e0d010a6db9527f0cc3130a19d188aaa2239ca2f7de7a,MITDB_P114,114,1360000000,3,20260927,MODEL_V2_TCN_MEANMAX,MODEL_V2_OPTIMIZER_CORRECTED_V1,0,-1.672913908958435,0.15803606808185577,11,V2-006-OPT-CORR-F03-S20260927,2500e6093eb81946536b9d443c1fd586c1ea170025d48cf50cf45292ee22d878
11bff453f7871b3588436f9f6e9863c1af8e001e7be57af9490a7466381dbfda,MITDB_P121,121,760000000,3,20260927,MODEL_V2_TCN_MEANMAX,MODEL_V2_OPTIMIZER_CORRECTED_V1,0,-7.972258567810059,0.0003447802155278623,11,V2-006-OPT-CORR-F03-S20260927,2500e6093eb81946536b9d443c1fd586c1ea170025d48cf50cf45292ee22d878
120a0ff11c297dd9e96611f3a0519e2050777eb2baf6c2f5fe36959afa5b79bd,MITDB_P103,103,580000000,3,20260927,MODEL_V2_TCN_MEANMAX,MODEL_V2_OPTIMIZER_CORRECTED_V1,0,-6.064969539642334,0.002317445818334818,11,V2-006-OPT-CORR-F03-S20260927,2500e6093eb81946536b9d443c1fd586c1ea170025d48cf50cf45292ee22d878
121ca404e691d069b761c81924f70938eb2d581204d964afa4e68e44da10c335,MITDB_P114,114,240000000,3,20260927,MODEL_V2_TCN_MEANMAX,MODEL_V2_OPTIMIZER_CORRECTED_V1,0,-5.461810111999512,0.004227912053465843,11,V2-006-OPT-CORR-F03-S20260927,2500e6093eb81946536b9d443c1fd586c1ea170025d48cf50cf45292ee22d878
1223c7dd21975a6b81d0c07bb7e45ab7cc977635f09b7844876c4ea4f4169634,MITDB_P223,223,800000000,3,20260927,MODEL_V2_TCN_MEANMAX,MODEL_V2_OPTIMIZER_CORRECTED_V1,1,1.2724566459655762,0.7811629772186279,11,V2-006-OPT-CORR-F03-S20260927,2500e6093eb81946536b9d443c1fd586c1ea170025d48cf50cf45292ee22d878
123b4f9d41e630fb9dc36895a5ee1a1513b17978dc15f0a3af2ea3ed79fd89b4,MITDB_P121,121,270000000,3,20260927,MODEL_V2_TCN_MEANMAX,MODEL_V2_OPTIMIZER_CORRECTED_V1,0,-6.982156276702881,0.0009274384938180447,11,V2-006-OPT-CORR-F03-S20260927,2500e6093eb81946536b9d443c1fd586c1ea170025d48cf50cf45292ee22d878
124badb7f7085be6b5beb59528814daacb3a5e21d4b61e0aa68468463460cd3f,MITDB_P114,114,365000000,3,20260927,MODEL_V2_TCN_MEANMAX,MODEL_V2_OPTIMIZER_CORRECTED_V1,1,0.6027765274047852,0.6462912559509277,11,V2-006-OPT-CORR-F03-S20260927,2500e6093eb81946536b9d443c1fd586c1ea170025d48cf50cf45292ee22d878
124e93ce49d09fb34d66f5f2ac8cb0a68eac191f89b73b191f672d9036a8264e,MITDB_P208,208,800000000,3,20260927,MODEL_V2_TCN_MEANMAX,MODEL_V2_OPTIMIZER_CORRECTED_V1,1,8.80521297454834,0.9998500347137451,11,V2-006-OPT-CORR-F03-S20260927,2500e6093eb81946536b9d443c1fd586c1ea170025d48cf50cf45292ee22d878
1262d264f80e733563d5fb12929b3911a7a40977be63d21bbec7fc63cb118488,MITDB_P223,223,1615000000,3,20260927,MODEL_V2_TCN_MEANMAX,MODEL_V2_OPTIMIZER_CORRECTED_V1,0,-3.616725206375122,0.02616739459335804,11,V2-006-OPT-CORR-F03-S20260927,2500e6093eb81946536b9d443c1fd586c1ea170025d48cf50cf45292ee22d878
1265cb92c1aff37e97dc497ef990ac6ba9711378df942ed120461dc172e9f1eb,MITDB_P208,208,1005000000,3,20260927,MODEL_V2_TCN_MEANMAX,MODEL_V2_OPTIMIZER_CORRECTED_V1,1,11.911001205444336,0.9999933242797852,11,V2-006-OPT-CORR-F03-S20260927,2500e6093eb81946536b9d443c1fd586c1ea170025d48cf50cf45292ee22d878
1283c782323d5907f85e230a9e20afe1ff7f3b133bf5f68014cf5628c184c3db,MITDB_P223,223,1410000000,3,20260927,MODEL_V2_TCN_MEANMAX,MODEL_V2_OPTIMIZER_CORRECTED_V1,1,2.1426169872283936,0.8949768543243408,11,V2-006-OPT-CORR-F03-S20260927,2500e6093eb81946536b9d443c1fd586c1ea170025d48cf50cf45292ee22d878
12986755871ed9ab3b90ab3458dd9c4d6de42aae24d55743b6d1401aae1ec0ae,MITDB_P223,223,1715000000,3,20260927,MODEL_V2_TCN_MEANMAX,MODEL_V2_OPTIMIZER_CORRECTED_V1,1,1.0475831031799316,0.7403104901313782,11,V2-006-OPT-CORR-F03-S20260927,2500e6093eb81946536b9d443c1fd586c1ea170025d48cf50cf45292ee22d878
12d451b3aa37362038d622c8c5cacc27bac05ba20398870c7854333579932040,MITDB_P223,223,510000000,3,20260927,MODEL_V2_TCN_MEANMAX,MODEL_V2_OPTIMIZER_CORRECTED_V1,0,-6.565950393676758,0.0014055074425414205,11,V2-006-OPT-CORR-F03-S20260927,2500e6093eb81946536b9d443c1fd586c1ea170025d48cf50cf45292ee22d878
12e2739d146da412b92d4956ebf642a7f178b6fb6576880d36bcb666290d8f6a,MITDB_P103,103,120000000,3,20260927,MODEL_V2_TCN_MEANMAX,MODEL_V2_OPTIMIZER_CORRECTED_V1,0,-6.828128337860107,0.0010817116126418114,11,V2-006-OPT-CORR-F03-S20260927,2500e6093eb81946536b9d443c1fd586c1ea170025d48cf50cf45292ee22d878
133f6d4b7f0a9a3d3fed019be4c093d59e0bc3840b88f19338689ff3e80fc372,MITDB_P121,121,720000000,3,20260927,MODEL_V2_TCN_MEANMAX,MODEL_V2_OPTIMIZER_CORRECTED_V1,0,-7.9237189292907715,0.000361922342563048,11,V2-006-OPT-CORR-F03-S20260927,2500e6093eb81946536b9d443c1fd586c1ea170025d48cf50cf45292ee22d878
1358976b7d0c33bd84ab1460e3868e264b5c0399e797e736f47ca28678f8e318,MITDB_P208,208,135000000,3,20260927,MODEL_V2_TCN_MEANMAX,MODEL_V2_OPTIMIZER_CORRECTED_V1,1,10.498954772949219,0.9999724626541138,11,V2-006-OPT-CORR-F03-S20260927,2500e6093eb81946536b9d443c1fd586c1ea170025d48cf50cf45292ee22d878
13adbb60a89dc6d2c8af1a80254d3d3bc1c66f2822764fb72d872e7b3c7206c3,MITDB_P103,103,380000000,3,20260927,MODEL_V2_TCN_MEANMAX,MODEL_V2_OPTIMIZER_CORRECTED_V1,0,-5.509594917297363,0.004031428601592779,11,V2-006-OPT-CORR-F03-S20260927,2500e6093eb81946536b9d443c1fd586c1ea170025d48cf50cf45292ee22d878
13b0b8a6bf20ec0e32210408bf6975c3db898ebce459c8154a208d762d4f1788,MITDB_P114,114,1440000000,3,20260927,MODEL_V2_TCN_MEANMAX,MODEL_V2_OPTIMIZER_CORRECTED_V1,0,-3.128720998764038,0.04193796589970589,11,V2-006-OPT-CORR-F03-S20260927,2500e6093eb81946536b9d443c1fd586c1ea170025d48cf50cf45292ee22d878
14957884a209a0507c787c9f4ab53c6b9028988f1245d7d42ab57104ce06feda,MITDB_P208,208,185000000,3,20260927,MODEL_V2_TCN_MEANMAX,MODEL_V2_OPTIMIZER_CORRECTED_V1,1,9.307360649108887,0.9999092817306519,11,V2-006-OPT-CORR-F03-S20260927,2500e6093eb81946536b9d443c1fd586c1ea170025d48cf50cf45292ee22d878
149eeeefc1332302c595f4a81451953e0c46704c85247b33a7ac236d4ff4219c,MITDB_P103,103,20000000,3,20260927,MODEL_V2_TCN_MEANMAX,MODEL_V2_OPTIMIZER_CORRECTED_V1,0,-6.012126445770264,0.00244289287365973,11,V2-006-OPT-CORR-F03-S20260927,2500e6093eb81946536b9d443c1fd586c1ea170025d48cf50cf45292ee22d878
14ba17d2aee3940d3e766254da1b23868e46f16220505441a3870fc4ae225ef0,MITDB_P121,121,45000000,3,20260927,MODEL_V2_TCN_MEANMAX,MODEL_V2_OPTIMIZER_CORRECTED_V1,0,-7.535934925079346,0.0005332776345312595,11,V2-006-OPT-CORR-F03-S20260927,2500e6093eb81946536b9d443c1fd586c1ea170025d48cf50cf45292ee22d878
14e2b7094dfd1ef3969504454d77d2dc385515aeb660600c4d5fb6438720a987,MITDB_P208,208,1165000000,3,20260927,MODEL_V2_TCN_MEANMAX,MODEL_V2_OPTIMIZER_CORRECTED_V1,1,7.50518798828125,0.9994500279426575,11,V2-006-OPT-CORR-F03-S20260927,2500e6093eb81946536b9d443c1fd586c1ea170025d48cf50cf45292ee22d878
15173bd3783bf33d8dabf8804fd9b3d037b08b098bf147c9c3084fd7aafce6be,MITDB_P121,121,1495000000,3,20260927,MODEL_V2_TCN_MEANMAX,MODEL_V2_OPTIMIZER_CORRECTED_V1,0,-7.978461742401123,0.0003426488256081939,11,V2-006-OPT-CORR-F03-S20260927,2500e6093eb81946536b9d443c1fd586c1ea170025d48cf50cf45292ee22d878
151c162e53f1141d349d3154f1840e7adf1b55b78d43cf3f432480a625a0dca5,MITDB_P208,208,1345000000,3,20260927,MODEL_V2_TCN_MEANMAX,MODEL_V2_OPTIMIZER_CORRECTED_V1,1,8.967246055603027,0.9998724460601807,11,V2-006-OPT-CORR-F03-S20260927,2500e6093eb81946536b9d443c1fd586c1ea170025d48cf50cf45292ee22d878
15286d17a54cef79ab14d2430c14570222527e78a5cb818509e73b55934c2a2a,MITDB_P208,208,85000000,3,20260927,MODEL_V2_TCN_MEANMAX,MODEL_V2_OPTIMIZER_CORRECTED_V1,1,9.927685737609863,0.9999512434005737,11,V2-006-OPT-CORR-F03-S20260927,2500e6093eb81946536b9d443c1fd586c1ea170025d48cf50cf45292ee22d878
15337c715fb0f98c8ba635c869645cbcc02ba5423fec1b6c2eb5a8be30f50093,MITDB_P208,208,1745000000,3,20260927,MODEL_V2_TCN_MEANMAX,MODEL_V2_OPTIMIZER_CORRECTED_V1,1,10.154730796813965,0.9999611377716064,11,V2-006-OPT-CORR-F03-S20260927,2500e6093eb81946536b9d443c1fd586c1ea170025d48cf50cf45292ee22d878
154b782607d06c8223f1b1574b6297a06f0b604455fbb05b50fb7417f1ff41a1,MITDB_P103,103,845000000,3,20260927,MODEL_V2_TCN_MEANMAX,MODEL_V2_OPTIMIZER_CORRECTED_V1,0,-5.904372692108154,0.0027200733311474323,11,V2-006-OPT-CORR-F03-S20260927,2500e6093eb81946536b9d443c1fd586c1ea170025d48cf50cf45292ee22d878
1582175dae9b58a3bb366f8f71132ba7c75324507a24ac00b962f6b939bedd25,MITDB_P121,121,240000000,3,20260927,MODEL_V2_TCN_MEANMAX,MODEL_V2_OPTIMIZER_CORRECTED_V1,0,-6.946140766143799,0.000961416692007333,11,V2-006-OPT-CORR-F03-S20260927,2500e6093eb81946536b9d443c1fd586c1ea170025d48cf50cf45292ee22d878
15a1d90323be34065a146d211153a68e1763016195371e8fb19664042301b9d3,MITDB_P114,114,675000000,3,20260927,MODEL_V2_TCN_MEANMAX,MODEL_V2_OPTIMIZER_CORRECTED_V1,0,-2.3555898666381836,0.08662248402833939,11,V2-006-OPT-CORR-F03-S20260927,2500e6093eb81946536b9d443c1fd586c1ea170025d48cf50cf45292ee22d878
15a2446f76a8d5cf1dc23e98de77fc07c7bbc48a073b1070ffa240022a85b077,MITDB_P223,223,185000000,3,20260927,MODEL_V2_TCN_MEANMAX,MODEL_V2_OPTIMIZER_CORRECTED_V1,0,-6.159144878387451,0.0021096004638820887,11,V2-006-OPT-CORR-F03-S20260927,2500e6093eb81946536b9d443c1fd586c1ea170025d48cf50cf45292ee22d878
15a956a23532f01e32ee9439b00f7d3dbb0bb198e8203589e19bef20a4fbc5de,MITDB_P121,121,1110000000,3,20260927,MODEL_V2_TCN_MEANMAX,MODEL_V2_OPTIMIZER_CORRECTED_V1,0,-8.103153228759766,0.0003024919715244323,11,V2-006-OPT-CORR-F03-S20260927,2500e6093eb81946536b9d443c1fd586c1ea170025d48cf50cf45292ee22d878
15bfe0c1250c6cd295c5b0520be02e1ff18d1b4a98ffed9a6f4588773842eca2,MITDB_P114,114,1055000000,3,20260927,MODEL_V2_TCN_MEANMAX,MODEL_V2_OPTIMIZER_CORRECTED_V1,0,-3.879807233810425,0.020236818119883537,11,V2-006-OPT-CORR-F03-S20260927,2500e6093eb81946536b9d443c1fd586c1ea170025d48cf50cf45292ee22d878
15c32da807776cb777a3b06d11c13331179072172b1c4389296fd0fa3b200590,MITDB_P114,114,100000000,3,20260927,MODEL_V2_TCN_MEANMAX,MODEL_V2_OPTIMIZER_CORRECTED_V1,0,-3.3467531204223633,0.03400164842605591,11,V2-006-OPT-CORR-F03-S20260927,2500e6093eb81946536b9d443c1fd586c1ea170025d48cf50cf45292ee22d878
15f8102351f89f224c10f10e64f515026b6d74c66aa85e4e2b8972f756b299fc,MITDB_P114,114,1645000000,3,20260927,MODEL_V2_TCN_MEANMAX,MODEL_V2_OPTIMIZER_CORRECTED_V1,0,-2.3875627517700195,0.08412602543830872,11,V2-006-OPT-CORR-F03-S20260927,2500e6093eb81946536b9d443c1fd586c1ea170025d48cf50cf45292ee22d878
15fae2d0d55fadfd58aca512e747f52ee75447d306271c312533383381ec2b5e,MITDB_P103,103,185000000,3,20260927,MODEL_V2_TCN_MEANMAX,MODEL_V2_OPTIMIZER_CORRECTED_V1,0,-6.286581516265869,0.0018576538423076272,11,V2-006-OPT-CORR-F03-S20260927,2500e6093eb81946536b9d443c1fd586c1ea170025d48cf50cf45292ee22d878
162acb9073e9ae60c3a5303cfdccc7e0309725afe0bc562ded24a947d21a692e,MITDB_P114,114,235000000,3,20260927,MODEL_V2_TCN_MEANMAX,MODEL_V2_OPTIMIZER_CORRECTED_V1,0,-4.234011173248291,0.014287056401371956,11,V2-006-OPT-CORR-F03-S20260927,2500e6093eb81946536b9d443c1fd586c1ea170025d48cf50cf45292ee22d878
163a18c402786b453229f996fd7d4719d272e43d77096b1979f572eb1557e18f,MITDB_P208,208,990000000,3,20260927,MODEL_V2_TCN_MEANMAX,MODEL_V2_OPTIMIZER_CORRECTED_V1,1,11.459864616394043,0.9999895095825195,11,V2-006-OPT-CORR-F03-S20260927,2500e6093eb81946536b9d443c1fd586c1ea170025d48cf50cf45292ee22d878
16d2f77e7f238922f02fd465239c610e3c0370478bc4ef78ba025c1aa75385ec,MITDB_P208,208,1340000000,3,20260927,MODEL_V2_TCN_MEANMAX,MODEL_V2_OPTIMIZER_CORRECTED_V1,1,9.93004322052002,0.9999513626098633,11,V2-006-OPT-CORR-F03-S20260927,2500e6093eb81946536b9d443c1fd586c1ea170025d48cf50cf45292ee22d878
172b48cf75da4db4af4f804292cb77134da75280e968bb399061fc015e765abe,MITDB_P121,121,585000000,3,20260927,MODEL_V2_TCN_MEANMAX,MODEL_V2_OPTIMIZER_CORRECTED_V1,0,-6.778350353240967,0.0011368569685146213,11,V2-006-OPT-CORR-F03-S20260927,2500e6093eb81946536b9d443c1fd586c1ea170025d48cf50cf45292ee22d878
176d21bc7616ed78aa7c64ac1b1f17f05f68c0ee6eb1a9d4b162a9f51b90cbca,MITDB_P208,208,930000000,3,20260927,MODEL_V2_TCN_MEANMAX,MODEL_V2_OPTIMIZER_CORRECTED_V1,1,10.876178741455078,0.9999810457229614,11,V2-006-OPT-CORR-F03-S20260927,2500e6093eb81946536b9d443c1fd586c1ea170025d48cf50cf45292ee22d878
179eda16207cbefd65f6addb168b86cdfe5e33c378bb488558f2f754b656721d,MITDB_P114,114,1490000000,3,20260927,MODEL_V2_TCN_MEANMAX,MODEL_V2_OPTIMIZER_CORRECTED_V1,0,-3.435333013534546,0.03120928443968296,11,V2-006-OPT-CORR-F03-S20260927,2500e6093eb81946536b9d443c1fd586c1ea170025d48cf50cf45292ee22d878
17b7348b7bdc07619d866cb3c5a5d334bddd1ba163824df08bbfc699822c1993,MITDB_P223,223,1205000000,3,20260927,MODEL_V2_TCN_MEANMAX,MODEL_V2_OPTIMIZER_CORRECTED_V1,0,-5.254180431365967,0.005198462400585413,11,V2-006-OPT-CORR-F03-S20260927,2500e6093eb81946536b9d443c1fd586c1ea170025d48cf50cf45292ee22d878
17cadbb8681b75e4364cc9fc1508d4698ed3830de479bba5af24454624d7b32f,MITDB_P114,114,1160000000,3,20260927,MODEL_V2_TCN_MEANMAX,MODEL_V2_OPTIMIZER_CORRECTED_V1,0,-3.2603187561035156,0.036957863718271255,11,V2-006-OPT-CORR-F03-S20260927,2500e6093eb81946536b9d443c1fd586c1ea170025d48cf50cf45292ee22d878
17d4afd0d6dc289ea8fa7f2dc87836e1e3fc20ac722030be59ea4e5183cd49b0,MITDB_P208,208,115000000,3,20260927,MODEL_V2_TCN_MEANMAX,MODEL_V2_OPTIMIZER_CORRECTED_V1,1,11.399011611938477,0.9999887943267822,11,V2-006-OPT-CORR-F03-S20260927,2500e6093eb81946536b9d443c1fd586c1ea170025d48cf50cf45292ee22d878
1853c8a587c90c998566df602bb6ff6becd1ced6b9c700f1869353e099810e81,MITDB_P121,121,600000000,3,20260927,MODEL_V2_TCN_MEANMAX,MODEL_V2_OPTIMIZER_CORRECTED_V1,0,-6.803327560424805,0.0011088442988693714,11,V2-006-OPT-CORR-F03-S20260927,2500e6093eb81946536b9d443c1fd586c1ea170025d48cf50cf45292ee22d878
1876312597272b0586bab53024de9605e24b3d61c2cda410530199c6448358d9,MITDB_P208,208,1025000000,3,20260927,MODEL_V2_TCN_MEANMAX,MODEL_V2_OPTIMIZER_CORRECTED_V1,1,10.426168441772461,0.9999703168869019,11,V2-006-OPT-CORR-F03-S20260927,2500e6093eb81946536b9d443c1fd586c1ea170025d48cf50cf45292ee22d878
1888d5859f91904a6c0da4d434dd1d7b6e9ac5f27fc05746b1830439608e04ad,MITDB_P223,223,1330000000,3,20260927,MODEL_V2_TCN_MEANMAX,MODEL_V2_OPTIMIZER_CORRECTED_V1,1,3.1105332374572754,0.9573252201080322,11,V2-006-OPT-CORR-F03-S20260927,2500e6093eb81946536b9d443c1fd586c1ea170025d48cf50cf45292ee22d878
1897c9217a6a4caefb91c3f0cffd01a6431aa44fef7ecc28f115d6e86d4197ca,MITDB_P121,121,1105000000,3,20260927,MODEL_V2_TCN_MEANMAX,MODEL_V2_OPTIMIZER_CORRECTED_V1,0,-8.478992462158203,0.00020774478616658598,11,V2-006-OPT-CORR-F03-S20260927,2500e6093eb81946536b9d443c1fd586c1ea170025d48cf50cf45292ee22d878
1898e15def352a75b5880e7b10a17d1699404561c5b3598e413de13c22a2aba3,MITDB_P208,208,1560000000,3,20260927,MODEL_V2_TCN_MEANMAX,MODEL_V2_OPTIMIZER_CORRECTED_V1,1,9.425904273986816,0.9999194145202637,11,V2-006-OPT-CORR-F03-S20260927,2500e6093eb81946536b9d443c1fd586c1ea170025d48cf50cf45292ee22d878
18a9d429d224c9713067f194e7e09b1af573a2372810276ec6af2800683bc179,MITDB_P103,103,85000000,3,20260927,MODEL_V2_TCN_MEANMAX,MODEL_V2_OPTIMIZER_CORRECTED_V1,0,-6.565579891204834,0.0014060274697840214,11,V2-006-OPT-CORR-F03-S20260927,2500e6093eb81946536b9d443c1fd586c1ea170025d48cf50cf45292ee22d878
18de3d09ea57aa69083ef8dd4ce33cd1888eea64dbbd03a2c15535c3e51799eb,MITDB_P208,208,940000000,3,20260927,MODEL_V2_TCN_MEANMAX,MODEL_V2_OPTIMIZER_CORRECTED_V1,1,10.027960777282715,0.9999558925628662,11,V2-006-OPT-CORR-F03-S20260927,2500e6093eb81946536b9d443c1fd586c1ea170025d48cf50cf45292ee22d878
18efdc68fdf82329cb2759d5caebb46aa504bc7888e605e7cf55ac59b373c4ac,MITDB_P121,121,595000000,3,20260927,MODEL_V2_TCN_MEANMAX,MODEL_V2_OPTIMIZER_CORRECTED_V1,0,-6.787394046783447,0.0011266334913671017,11,V2-006-OPT-CORR-F03-S20260927,2500e6093eb81946536b9d443c1fd586c1ea170025d48cf50cf45292ee22d878
190c35a3abae9600385a5c0da4d52da986969bb628b2ad8d0b447275773c580b,MITDB_P208,208,1795000000,3,20260927,MODEL_V2_TCN_MEANMAX,MODEL_V2_OPTIMIZER_CORRECTED_V1,1,8.166769981384277,0.9997161030769348,11,V2-006-OPT-CORR-F03-S20260927,2500e6093eb81946536b9d443c1fd586c1ea170025d48cf50cf45292ee22d878
198034a2de287c0fd1fab35edb8995ef604682e0c1898b599d27facf4d90c14e,MITDB_P114,114,1175000000,3,20260927,MODEL_V2_TCN_MEANMAX,MODEL_V2_OPTIMIZER_CORRECTED_V1,0,-2.07563853263855,0.11148727685213089,11,V2-006-OPT-CORR-F03-S20260927,2500e6093eb81946536b9d443c1fd586c1ea170025d48cf50cf45292ee22d878
198b9c66ac52cf9ce3fd308f66248686d937e1ebc7421b1c50e7a617275fa5c0,MITDB_P223,223,950000000,3,20260927,MODEL_V2_TCN_MEANMAX,MODEL_V2_OPTIMIZER_CORRECTED_V1,1,-2.2846333980560303,0.09240364283323288,11,V2-006-OPT-CORR-F03-S20260927,2500e6093eb81946536b9d443c1fd586c1ea170025d48cf50cf45292ee22d878
1996b0cfd03af773816ac70a9bcbd065cdb16d3d7957f602396bb219fc6e4426,MITDB_P114,114,245000000,3,20260927,MODEL_V2_TCN_MEANMAX,MODEL_V2_OPTIMIZER_CORRECTED_V1,1,0.5325047969818115,0.6300671100616455,11,V2-006-OPT-CORR-F03-S20260927,2500e6093eb81946536b9d443c1fd586c1ea170025d48cf50cf45292ee22d878
19b451ab680d35e2384beae54fb0b44c54ee29353ce084c0e5300cdfc088a826,MITDB_P223,223,1020000000,3,20260927,MODEL_V2_TCN_MEANMAX,MODEL_V2_OPTIMIZER_CORRECTED_V1,1,10.413277626037598,0.9999699592590332,11,V2-006-OPT-CORR-F03-S20260927,2500e6093eb81946536b9d443c1fd586c1ea170025d48cf50cf45292ee22d878
19c89304d12ffc2023ea7187474d4a1f66b4d1884ff09fbee1ac6951cc9158a7,MITDB_P114,114,1505000000,3,20260927,MODEL_V2_TCN_MEANMAX,MODEL_V2_OPTIMIZER_CORRECTED_V1,0,-1.9749672412872314,0.12185635417699814,11,V2-006-OPT-CORR-F03-S20260927,2500e6093eb81946536b9d443c1fd586c1ea170025d48cf50cf45292ee22d878
19d503a15a274e34def0e95fa48bf7087db4e5efd075f1dc9ee21341780562ee,MITDB_P208,208,980000000,3,20260927,MODEL_V2_TCN_MEANMAX,MODEL_V2_OPTIMIZER_CORRECTED_V1,1,10.054076194763184,0.9999569654464722,11,V2-006-OPT-CORR-F03-S20260927,2500e6093eb81946536b9d443c1fd586c1ea170025d48cf50cf45292ee22d878
19fa16d2abdd3710de5552d35b4584a3ef17572d0e28b6a4a189e7ac1a4d24c0,MITDB_P114,114,600000000,3,20260927,MODEL_V2_TCN_MEANMAX,MODEL_V2_OPTIMIZER_CORRECTED_V1,0,-1.658605694770813,0.15994925796985626,11,V2-006-OPT-CORR-F03-S20260927,2500e6093eb81946536b9d443c1fd586c1ea170025d48cf50cf45292ee22d878
1a56c6ba27394e9e399dd2a1764d668b0ce2203b2511269aa0d27c76b38ac317,MITDB_P208,208,1500000000,3,20260927,MODEL_V2_TCN_MEANMAX,MODEL_V2_OPTIMIZER_CORRECTED_V1,1,8.47274398803711,0.9997909665107727,11,V2-006-OPT-CORR-F03-S20260927,2500e6093eb81946536b9d443c1fd586c1ea170025d48cf50cf45292ee22d878
1a5bbf1911300ed2afa692241fbce3cb63d68177753eaa1185213e6345e3e2c0,MITDB_P103,103,1145000000,3,20260927,MODEL_V2_TCN_MEANMAX,MODEL_V2_OPTIMIZER_CORRECTED_V1,0,-6.035120487213135,0.0023874943144619465,11,V2-006-OPT-CORR-F03-S20260927,2500e6093eb81946536b9d443c1fd586c1ea170025d48cf50cf45292ee22d878
1a6cdca5696440b93239d62ed07582b6ce8a93b88c7ccb3fb58901534444236e,MITDB_P208,208,1365000000,3,20260927,MODEL_V2_TCN_MEANMAX,MODEL_V2_OPTIMIZER_CORRECTED_V1,1,0.5850525498390198,0.6422291994094849,11,V2-006-OPT-CORR-F03-S20260927,2500e6093eb81946536b9d443c1fd586c1ea170025d48cf50cf45292ee22d878
1a6f52d1b2e20f7903b3040206391726db6348a0d288ea24dfc5b9e1cafda6ee,MITDB_P121,121,1470000000,3,20260927,MODEL_V2_TCN_MEANMAX,MODEL_V2_OPTIMIZER_CORRECTED_V1,0,-8.535613059997559,0.0001963112154044211,11,V2-006-OPT-CORR-F03-S20260927,2500e6093eb81946536b9d443c1fd586c1ea170025d48cf50cf45292ee22d878
1abaa24b483c439bef8fcf4131c2be3ab0c34d8311df42c79f997fd2d485dd72,MITDB_P208,208,920000000,3,20260927,MODEL_V2_TCN_MEANMAX,MODEL_V2_OPTIMIZER_CORRECTED_V1,1,11.261415481567383,0.9999871253967285,11,V2-006-OPT-CORR-F03-S20260927,2500e6093eb81946536b9d443c1fd586c1ea170025d48cf50cf45292ee22d878
1ae698a76aedfdda7d4969cb850d5d49cd560fc37957234f86b727a7a18dd1cc,MITDB_P121,121,200000000,3,20260927,MODEL_V2_TCN_MEANMAX,MODEL_V2_OPTIMIZER_CORRECTED_V1,0,-7.302526950836182,0.0006733801565133035,11,V2-006-OPT-CORR-F03-S20260927,2500e6093eb81946536b9d443c1fd586c1ea170025d48cf50cf45292ee22d878
1ae738e8d05e19028dc33cc8e9eb3ebb42bbff5440b02c50cdd7594e492f1698,MITDB_P103,103,1530000000,3,20260927,MODEL_V2_TCN_MEANMAX,MODEL_V2_OPTIMIZER_CORRECTED_V1,0,-6.585920810699463,0.001377755543217063,11,V2-006-OPT-CORR-F03-S20260927,2500e6093eb81946536b9d443c1fd586c1ea170025d48cf50cf45292ee22d878
1afa32d8dfa608d0db94718a4645f5b4afb42995a90e25f09e483a1ab90930b3,MITDB_P223,223,1400000000,3,20260927,MODEL_V2_TCN_MEANMAX,MODEL_V2_OPTIMIZER_CORRECTED_V1,1,2.482926607131958,0.922936201095581,11,V2-006-OPT-CORR-F03-S20260927,2500e6093eb81946536b9d443c1fd586c1ea170025d48cf50cf45292ee22d878
1b1ab3ee42374dc48c64a6ef1a557909fd5aa854a43101272dec0f9cb15b056f,MITDB_P114,114,1395000000,3,20260927,MODEL_V2_TCN_MEANMAX,MODEL_V2_OPTIMIZER_CORRECTED_V1,0,-3.1758878231048584,0.040083255618810654,11,V2-006-OPT-CORR-F03-S20260927,2500e6093eb81946536b9d443c1fd586c1ea170025d48cf50cf45292ee22d878
1bb6504dc44aea786afb6cac13392b1f3ec5acdba9d12a7789c0b8d988d7bf76,MITDB_P208,208,815000000,3,20260927,MODEL_V2_TCN_MEANMAX,MODEL_V2_OPTIMIZER_CORRECTED_V1,1,10.663558006286621,0.999976634979248,11,V2-006-OPT-CORR-F03-S20260927,2500e6093eb81946536b9d443c1fd586c1ea170025d48cf50cf45292ee22d878
1c21f0109116dbf045368a195c7fbafc932b84e8b858de2eac0dc727df17feda,MITDB_P223,223,1350000000,3,20260927,MODEL_V2_TCN_MEANMAX,MODEL_V2_OPTIMIZER_CORRECTED_V1,1,3.416693925857544,0.9682221412658691,11,V2-006-OPT-CORR-F03-S20260927,2500e6093eb81946536b9d443c1fd586c1ea170025d48cf50cf45292ee22d878
1c3425c598ceb9cef727a537464e1c0be5a27e98305082e9f5aecc80e51d54a2,MITDB_P114,114,900000000,3,20260927,MODEL_V2_TCN_MEANMAX,MODEL_V2_OPTIMIZER_CORRECTED_V1,0,-3.198265790939331,0.039231035858392715,11,V2-006-OPT-CORR-F03-S20260927,2500e6093eb81946536b9d443c1fd586c1ea170025d48cf50cf45292ee22d878
1ca31e891988383419e63f425742e415d35ca9816c23c9876d9272ab610babbd,MITDB_P223,223,1380000000,3,20260927,MODEL_V2_TCN_MEANMAX,MODEL_V2_OPTIMIZER_CORRECTED_V1,1,4.056704044342041,0.9829884171485901,11,V2-006-OPT-CORR-F03-S20260927,2500e6093eb81946536b9d443c1fd586c1ea170025d48cf50cf45292ee22d878
1cb8f43ee559d2c74ce9513e3bbc2b3adb215f517476db7cf056b5fafe3fba4f,MITDB_P103,103,770000000,3,20260927,MODEL_V2_TCN_MEANMAX,MODEL_V2_OPTIMIZER_CORRECTED_V1,0,-6.793562412261963,0.0011197131825610995,11,V2-006-OPT-CORR-F03-S20260927,2500e6093eb81946536b9d443c1fd586c1ea170025d48cf50cf45292ee22d878
1d28887656c25b6acc43d1e24d0bba0f32ac3651fa033c8aebb3d6f044e5ca95,MITDB_P223,223,650000000,3,20260927,MODEL_V2_TCN_MEANMAX,MODEL_V2_OPTIMIZER_CORRECTED_V1,0,-4.281140327453613,0.013638310134410858,11,V2-006-OPT-CORR-F03-S20260927,2500e6093eb81946536b9d443c1fd586c1ea170025d48cf50cf45292ee22d878
1d4a1b64a6fd2a213e40f0da8297147a4df42da1b74a55e9866e6692429be2b0,MITDB_P103,103,905000000,3,20260927,MODEL_V2_TCN_MEANMAX,MODEL_V2_OPTIMIZER_CORRECTED_V1,0,-6.695728778839111,0.0012346544535830617,11,V2-006-OPT-CORR-F03-S20260927,2500e6093eb81946536b9d443c1fd586c1ea170025d48cf50cf45292ee22d878
1d4e1327f8fc798630b4d5044498ae299b936c01bc47d1dfd110fd3220987fc1,MITDB_P121,121,1465000000,3,20260927,MODEL_V2_TCN_MEANMAX,MODEL_V2_OPTIMIZER_CORRECTED_V1,0,-7.151876926422119,0.0007827790686860681,11,V2-006-OPT-CORR-F03-S20260927,2500e6093eb81946536b9d443c1fd586c1ea170025d48cf50cf45292ee22d878
1d69bdaca6948847894f061d6ad082e8f784296ec39c33e8168eae73ff8beaea,MITDB_P114,114,930000000,3,20260927,MODEL_V2_TCN_MEANMAX,MODEL_V2_OPTIMIZER_CORRECTED_V1,0,-2.756911277770996,0.059697508811950684,11,V2-006-OPT-CORR-F03-S20260927,2500e6093eb81946536b9d443c1fd586c1ea170025d48cf50cf45292ee22d878
1d93b14efba95e53043c099a778ec3b84bcc12004a95f445017fe96ea0bc33e0,MITDB_P208,208,910000000,3,20260927,MODEL_V2_TCN_MEANMAX,MODEL_V2_OPTIMIZER_CORRECTED_V1,1,9.592632293701172,0.999931812286377,11,V2-006-OPT-CORR-F03-S20260927,2500e6093eb81946536b9d443c1fd586c1ea170025d48cf50cf45292ee22d878
1dc2f712b37c86db603e9f21e847e9ced2283f8f6a6c2844471cc13167fc15de,MITDB_P103,103,1725000000,3,20260927,MODEL_V2_TCN_MEANMAX,MODEL_V2_OPTIMIZER_CORRECTED_V1,0,-5.815533638000488,0.002972029848024249,11,V2-006-OPT-CORR-F03-S20260927,2500e6093eb81946536b9d443c1fd586c1ea170025d48cf50cf45292ee22d878
1dd4226804f3d3873bffa653ddb9dd2ecb1e287d4cd2cb7d3c372eb0945841d0,MITDB_P208,208,770000000,3,20260927,MODEL_V2_TCN_MEANMAX,MODEL_V2_OPTIMIZER_CORRECTED_V1,1,9.51151180267334,0.999925971031189,11,V2-006-OPT-CORR-F03-S20260927,2500e6093eb81946536b9d443c1fd586c1ea170025d48cf50cf45292ee22d878
1dfb5b959af3850198507eee1259cb920e063a61ca019d2d9aba4c992981795b,MITDB_P114,114,1750000000,3,20260927,MODEL_V2_TCN_MEANMAX,MODEL_V2_OPTIMIZER_CORRECTED_V1,0,-1.5968680381774902,0.16841980814933777,11,V2-006-OPT-CORR-F03-S20260927,2500e6093eb81946536b9d443c1fd586c1ea170025d48cf50cf45292ee22d878
1e0650fbfe7fa25a9209a4f0a2d693ebf4d69948c1b17851cf02c97fbb4c0469,MITDB_P223,223,1465000000,3,20260927,MODEL_V2_TCN_MEANMAX,MODEL_V2_OPTIMIZER_CORRECTED_V1,0,-2.83591365814209,0.05541404336690903,11,V2-006-OPT-CORR-F03-S20260927,2500e6093eb81946536b9d443c1fd586c1ea170025d48cf50cf45292ee22d878
1e7a556888afd7cb3366fe1348c1542a9a6a29e58d7f47acd2965bcf91fe7615,MITDB_P103,103,1765000000,3,20260927,MODEL_V2_TCN_MEANMAX,MODEL_V2_OPTIMIZER_CORRECTED_V1,0,-5.779031276702881,0.0030821796972304583,11,V2-006-OPT-CORR-F03-S20260927,2500e6093eb81946536b9d443c1fd586c1ea170025d48cf50cf45292ee22d878
1ea10c47a61b6ac251b2e9a15a7e781b02ca9db134432a6c6726e8e53d8c3173,MITDB_P223,223,65000000,3,20260927,MODEL_V2_TCN_MEANMAX,MODEL_V2_OPTIMIZER_CORRECTED_V1,1,-1.7760744094848633,0.14478854835033417,11,V2-006-OPT-CORR-F03-S20260927,2500e6093eb81946536b9d443c1fd586c1ea170025d48cf50cf45292ee22d878
1ee8831aec412347f0133d17deeeb3dc13d1f5cda05e0bc96eda907d28273f1c,MITDB_P223,223,765000000,3,20260927,MODEL_V2_TCN_MEANMAX,MODEL_V2_OPTIMIZER_CORRECTED_V1,1,-1.1860135793685913,0.2339726686477661,11,V2-006-OPT-CORR-F03-S20260927,2500e6093eb81946536b9d443c1fd586c1ea170025d48cf50cf45292ee22d878
1ef98eaa5d6b6b3e191bba0d8591d58552ba37ef41f27269d9045dad7178a4ba,MITDB_P223,223,90000000,3,20260927,MODEL_V2_TCN_MEANMAX,MODEL_V2_OPTIMIZER_CORRECTED_V1,0,-6.142058849334717,0.0021458768751472235,11,V2-006-OPT-CORR-F03-S20260927,2500e6093eb81946536b9d443c1fd586c1ea170025d48cf50cf45292ee22d878
1f754b4f262139e4c4eff241a5fe1b64eaab517165092d365c1a0d7e67f77ad0,MITDB_P103,103,195000000,3,20260927,MODEL_V2_TCN_MEANMAX,MODEL_V2_OPTIMIZER_CORRECTED_V1,0,-6.8140716552734375,0.0010970075381919742,11,V2-006-OPT-CORR-F03-S20260927,2500e6093eb81946536b9d443c1fd586c1ea170025d48cf50cf45292ee22d878
1fd28bf214637fed3a8d5c634545f21e7851d15d48c05c8abec00bf42610596d,MITDB_P114,114,220000000,3,20260927,MODEL_V2_TCN_MEANMAX,MODEL_V2_OPTIMIZER_CORRECTED_V1,0,-4.987457752227783,0.006776750087738037,11,V2-006-OPT-CORR-F03-S20260927,2500e6093eb81946536b9d443c1fd586c1ea170025d48cf50cf45292ee22d878
1fda53d02b7fd43658c22318d0071fb31ecf2b60856056196f71bd39311ee8db,MITDB_P114,114,1450000000,3,20260927,MODEL_V2_TCN_MEANMAX,MODEL_V2_OPTIMIZER_CORRECTED_V1,0,-5.045987129211426,0.006393959280103445,11,V2-006-OPT-CORR-F03-S20260927,2500e6093eb81946536b9d443c1fd586c1ea170025d48cf50cf45292ee22d878
2007c72cd4d8869bf5f5cb27e6d35336725b560c7f4109018af700244b2566ed,MITDB_P223,223,435000000,3,20260927,MODEL_V2_TCN_MEANMAX,MODEL_V2_OPTIMIZER_CORRECTED_V1,1,-4.776205062866211,0.008357485756278038,11,V2-006-OPT-CORR-F03-S20260927,2500e6093eb81946536b9d443c1fd586c1ea170025d48cf50cf45292ee22d878
2048a587a898c8061344a0d8ccd29a8fd72449edd0c60a24dba990337b715d76,MITDB_P121,121,915000000,3,20260927,MODEL_V2_TCN_MEANMAX,MODEL_V2_OPTIMIZER_CORRECTED_V1,0,-7.938050270080566,0.00035677431151270866,11,V2-006-OPT-CORR-F03-S20260927,2500e6093eb81946536b9d443c1fd586c1ea170025d48cf50cf45292ee22d878
2053fcbcd6aa15eb004ae51aa2e40062f3cb42972512e2b503c11fb3be6a3a16,MITDB_P223,223,160000000,3,20260927,MODEL_V2_TCN_MEANMAX,MODEL_V2_OPTIMIZER_CORRECTED_V1,1,-4.356813907623291,0.012656915001571178,11,V2-006-OPT-CORR-F03-S20260927,2500e6093eb81946536b9d443c1fd586c1ea170025d48cf50cf45292ee22d878
206609b3d220c9cf547143ac11ea14bb4dbf0caf3abfa670cc07cdd1c4179f13,MITDB_P121,121,1235000000,3,20260927,MODEL_V2_TCN_MEANMAX,MODEL_V2_OPTIMIZER_CORRECTED_V1,0,-7.7724928855896,0.00042098472476936877,11,V2-006-OPT-CORR-F03-S20260927,2500e6093eb81946536b9d443c1fd586c1ea170025d48cf50cf45292ee22d878
208df940723197f6d2210ee63069920cd6cd1fc24a2a812de38e533913745ca8,MITDB_P121,121,965000000,3,20260927,MODEL_V2_TCN_MEANMAX,MODEL_V2_OPTIMIZER_CORRECTED_V1,0,-7.798647403717041,0.0004101213125977665,11,V2-006-OPT-CORR-F03-S20260927,2500e6093eb81946536b9d443c1fd586c1ea170025d48cf50cf45292ee22d878
20ceab72fa61389888e74f6b586fdc749f223e5376b2b5f0416a4d9ead0f97f7,MITDB_P103,103,1780000000,3,20260927,MODEL_V2_TCN_MEANMAX,MODEL_V2_OPTIMIZER_CORRECTED_V1,0,-5.80895471572876,0.0029915885534137487,11,V2-006-OPT-CORR-F03-S20260927,2500e6093eb81946536b9d443c1fd586c1ea170025d48cf50cf45292ee22d878
20dae0c354933e3ece21dd4e55821af0824f11dd131152354321ba26da88084c,MITDB_P223,223,15000000,3,20260927,MODEL_V2_TCN_MEANMAX,MODEL_V2_OPTIMIZER_CORRECTED_V1,0,-6.405994892120361,0.0016489028930664062,11,V2-006-OPT-CORR-F03-S20260927,2500e6093eb81946536b9d443c1fd586c1ea170025d48cf50cf45292ee22d878
20e661c8ce7364a3965f6f88efabbbb395822a8f53110fb02c205743e81443b3,MITDB_P114,114,650000000,3,20260927,MODEL_V2_TCN_MEANMAX,MODEL_V2_OPTIMIZER_CORRECTED_V1,0,-3.348682165145874,0.033938344568014145,11,V2-006-OPT-CORR-F03-S20260927,2500e6093eb81946536b9d443c1fd586c1ea170025d48cf50cf45292ee22d878
20f43e52716b333dd65be7f7eb4f83de99a10cfb9734dfa80bc37cabfad5bc3d,MITDB_P103,103,115000000,3,20260927,MODEL_V2_TCN_MEANMAX,MODEL_V2_OPTIMIZER_CORRECTED_V1,0,-6.861785411834717,0.0010459476616233587,11,V2-006-OPT-CORR-F03-S20260927,2500e6093eb81946536b9d443c1fd586c1ea170025d48cf50cf45292ee22d878
20f57f2721db48748e4b8383ada1b3d74635dfae3d2efdc0463008d81cae0932,MITDB_P114,114,1290000000,3,20260927,MODEL_V2_TCN_MEANMAX,MODEL_V2_OPTIMIZER_CORRECTED_V1,0,-2.021864652633667,0.11692631244659424,11,V2-006-OPT-CORR-F03-S20260927,2500e6093eb81946536b9d443c1fd586c1ea170025d48cf50cf45292ee22d878
21120dda26546139e0b25e48d6ef7f1335f6a542a0682ced64dd89c1e3b66054,MITDB_P103,103,1745000000,3,20260927,MODEL_V2_TCN_MEANMAX,MODEL_V2_OPTIMIZER_CORRECTED_V1,0,-6.694762706756592,0.001235846197232604,11,V2-006-OPT-CORR-F03-S20260927,2500e6093eb81946536b9d443c1fd586c1ea170025d48cf50cf45292ee22d878
2119d9dc372132fee5291e3fbb2e315328f383ea99a70793be1b0ff5f7ba7faa,MITDB_P103,103,90000000,3,20260927,MODEL_V2_TCN_MEANMAX,MODEL_V2_OPTIMIZER_CORRECTED_V1,0,-6.326257228851318,0.0017855222104117274,11,V2-006-OPT-CORR-F03-S20260927,2500e6093eb81946536b9d443c1fd586c1ea170025d48cf50cf45292ee22d878
211faeb0bb2ab180ea655d480aa721f8873f67010009de156b38af9d57671db3,MITDB_P121,121,755000000,3,20260927,MODEL_V2_TCN_MEANMAX,MODEL_V2_OPTIMIZER_CORRECTED_V1,0,-8.227470397949219,0.00026714004343375564,11,V2-006-OPT-CORR-F03-S20260927,2500e6093eb81946536b9d443c1fd586c1ea170025d48cf50cf45292ee22d878
2185157139bb7033a3f2930a7fa373e80e7ab348e425a10316959d964dad47ea,MITDB_P121,121,1520000000,3,20260927,MODEL_V2_TCN_MEANMAX,MODEL_V2_OPTIMIZER_CORRECTED_V1,0,-6.847988128662109,0.001060463604517281,11,V2-006-OPT-CORR-F03-S20260927,2500e6093eb81946536b9d443c1fd586c1ea170025d48cf50cf45292ee22d878
21bcccfa633e7550f2eadd661f97a18ab07c9ce0eb54503fbc9506227995a35d,MITDB_P223,223,280000000,3,20260927,MODEL_V2_TCN_MEANMAX,MODEL_V2_OPTIMIZER_CORRECTED_V1,1,-1.452453851699829,0.18962420523166656,11,V2-006-OPT-CORR-F03-S20260927,2500e6093eb81946536b9d443c1fd586c1ea170025d48cf50cf45292ee22d878
21eb2b98eb33b849676aaddcbf78d227801cb910cd727e1d7377a7a9fdc50e2d,MITDB_P103,103,305000000,3,20260927,MODEL_V2_TCN_MEANMAX,MODEL_V2_OPTIMIZER_CORRECTED_V1,0,-7.004669189453125,0.0009068110957741737,11,V2-006-OPT-CORR-F03-S20260927,2500e6093eb81946536b9d443c1fd586c1ea170025d48cf50cf45292ee22d878
222c36c678c2de5b5cee95d79b69d84c3729adaf0cc5ac813267aa73db5e0cc8,MITDB_P103,103,945000000,3,20260927,MODEL_V2_TCN_MEANMAX,MODEL_V2_OPTIMIZER_CORRECTED_V1,0,-6.326992988586426,0.0017842112574726343,11,V2-006-OPT-CORR-F03-S20260927,2500e6093eb81946536b9d443c1fd586c1ea170025d48cf50cf45292ee22d878
222e1ffb3b9144c13f2d16d7dea921750f71fb3bd94a20d7697136948e4fe922,MITDB_P103,103,15000000,3,20260927,MODEL_V2_TCN_MEANMAX,MODEL_V2_OPTIMIZER_CORRECTED_V1,0,-5.986072063446045,0.0025072155985981226,11,V2-006-OPT-CORR-F03-S20260927,2500e6093eb81946536b9d443c1fd586c1ea170025d48cf50cf45292ee22d878
223c55a0c20a233a937e0f0ccd8c9bbc1da56754ac21d59d1dadfbe82785b95f,MITDB_P103,103,1805000000,3,20260927,MODEL_V2_TCN_MEANMAX,MODEL_V2_OPTIMIZER_CORRECTED_V1,0,-6.0781779289245605,0.0022871068213135004,11,V2-006-OPT-CORR-F03-S20260927,2500e6093eb81946536b9d443c1fd586c1ea170025d48cf50cf45292ee22d878
225789256a5d46b3373661568a0246f73545b9d936115e0e9fc89ea1b1c24b2c,MITDB_P208,208,1215000000,3,20260927,MODEL_V2_TCN_MEANMAX,MODEL_V2_OPTIMIZER_CORRECTED_V1,1,6.23392915725708,0.998042106628418,11,V2-006-OPT-CORR-F03-S20260927,2500e6093eb81946536b9d443c1fd586c1ea170025d48cf50cf45292ee22d878
2273abf0a6548212ae475c6959e84a78220ac33cf2ae1faf6f8d5b8b99342e3c,MITDB_P223,223,1365000000,3,20260927,MODEL_V2_TCN_MEANMAX,MODEL_V2_OPTIMIZER_CORRECTED_V1,1,3.643002510070801,0.9744939804077148,11,V2-006-OPT-CORR-F03-S20260927,2500e6093eb81946536b9d443c1fd586c1ea170025d48cf50cf45292ee22d878
2298387c5707b4b63c19ddd093055fc5de155e8338d63925f4ee841f0b6fa121,MITDB_P121,121,1220000000,3,20260927,MODEL_V2_TCN_MEANMAX,MODEL_V2_OPTIMIZER_CORRECTED_V1,0,-7.890697002410889,0.00037406868068501353,11,V2-006-OPT-CORR-F03-S20260927,2500e6093eb81946536b9d443c1fd586c1ea170025d48cf50cf45292ee22d878
22bfb9a8322b840fb3eaee1f56a9d4a919d1238e41661facb1295563fe1dc008,MITDB_P121,121,1600000000,3,20260927,MODEL_V2_TCN_MEANMAX,MODEL_V2_OPTIMIZER_CORRECTED_V1,0,-9.126328468322754,0.00010875235602725297,11,V2-006-OPT-CORR-F03-S20260927,2500e6093eb81946536b9d443c1fd586c1ea170025d48cf50cf45292ee22d878
22c624a4987153dcbe71c9b062d3da7dbc0cb94b1ead5dd882874a0af0222cb7,MITDB_P103,103,645000000,3,20260927,MODEL_V2_TCN_MEANMAX,MODEL_V2_OPTIMIZER_CORRECTED_V1,0,-6.289742469787598,0.0018518019933253527,11,V2-006-OPT-CORR-F03-S20260927,2500e6093eb81946536b9d443c1fd586c1ea170025d48cf50cf45292ee22d878
22cd28115a79ea50aaec9e8726a26c664fdf978d3d45d55cde0eb3007aef86f1,MITDB_P114,114,770000000,3,20260927,MODEL_V2_TCN_MEANMAX,MODEL_V2_OPTIMIZER_CORRECTED_V1,0,-2.1795036792755127,0.10160622000694275,11,V2-006-OPT-CORR-F03-S20260927,2500e6093eb81946536b9d443c1fd586c1ea170025d48cf50cf45292ee22d878
23422d5eb997ad6876c8700a0e6d6117d703cdf2cbc4ebbc8964791bb64d6502,MITDB_P121,121,160000000,3,20260927,MODEL_V2_TCN_MEANMAX,MODEL_V2_OPTIMIZER_CORRECTED_V1,0,-7.569603443145752,0.0005156309925951064,11,V2-006-OPT-CORR-F03-S20260927,2500e6093eb81946536b9d443c1fd586c1ea170025d48cf50cf45292ee22d878
2361cd7f0c52d622ad567432b1205c45387448e16deeb9c456f92d719e4fce44,MITDB_P223,223,260000000,3,20260927,MODEL_V2_TCN_MEANMAX,MODEL_V2_OPTIMIZER_CORRECTED_V1,0,-6.059083938598633,0.0023310936521738768,11,V2-006-OPT-CORR-F03-S20260927,2500e6093eb81946536b9d443c1fd586c1ea170025d48cf50cf45292ee22d878
2372c2588edc6b4c3bfbe3a935a6cc62f6ef9791b2701d9b19fe8ac8c335f0b1,MITDB_P114,114,935000000,3,20260927,MODEL_V2_TCN_MEANMAX,MODEL_V2_OPTIMIZER_CORRECTED_V1,0,-2.5607588291168213,0.07170701771974564,11,V2-006-OPT-CORR-F03-S20260927,2500e6093eb81946536b9d443c1fd586c1ea170025d48cf50cf45292ee22d878
23bf3597510a6b3febb7d464f7c75e16724de71059d13f328e63863e502000b7,MITDB_P114,114,1350000000,3,20260927,MODEL_V2_TCN_MEANMAX,MODEL_V2_OPTIMIZER_CORRECTED_V1,0,0.06358753144741058,0.5158915519714355,11,V2-006-OPT-CORR-F03-S20260927,2500e6093eb81946536b9d443c1fd586c1ea170025d48cf50cf45292ee22d878
241e74d28cc1d3fb5da1e0cd40a5098fb5feb2f116705ea0a89e17511e8e06cf,MITDB_P121,121,1015000000,3,20260927,MODEL_V2_TCN_MEANMAX,MODEL_V2_OPTIMIZER_CORRECTED_V1,1,0.8015624284744263,0.6903085708618164,11,V2-006-OPT-CORR-F03-S20260927,2500e6093eb81946536b9d443c1fd586c1ea170025d48cf50cf45292ee22d878
241f54bf87f98d5c2e4067e92fa148332c37efbe30bfa6743847c5cde7fccc40,MITDB_P114,114,1585000000,3,20260927,MODEL_V2_TCN_MEANMAX,MODEL_V2_OPTIMIZER_CORRECTED_V1,0,-2.253225088119507,0.09507163614034653,11,V2-006-OPT-CORR-F03-S20260927,2500e6093eb81946536b9d443c1fd586c1ea170025d48cf50cf45292ee22d878
244c6a8ec261d4bb266fb95c9b79161a5ad60e6912deb4642bdcec910ad6a26d,MITDB_P103,103,510000000,3,20260927,MODEL_V2_TCN_MEANMAX,MODEL_V2_OPTIMIZER_CORRECTED_V1,0,-6.679783821105957,0.0012544738128781319,11,V2-006-OPT-CORR-F03-S20260927,2500e6093eb81946536b9d443c1fd586c1ea170025d48cf50cf45292ee22d878
2490ca5526feace3355095b5f7d776ecc2aae708d0e4d64b902daf8da8cf5e3d,MITDB_P121,121,855000000,3,20260927,MODEL_V2_TCN_MEANMAX,MODEL_V2_OPTIMIZER_CORRECTED_V1,0,-6.62900447845459,0.0013197340304031968,11,V2-006-OPT-CORR-F03-S20260927,2500e6093eb81946536b9d443c1fd586c1ea170025d48cf50cf45292ee22d878
249cecb972f765b2c687918fbc43a1eabac3d322db6679df8cb1744562d495b3,MITDB_P223,223,1225000000,3,20260927,MODEL_V2_TCN_MEANMAX,MODEL_V2_OPTIMIZER_CORRECTED_V1,0,-4.7141852378845215,0.008887473493814468,11,V2-006-OPT-CORR-F03-S20260927,2500e6093eb81946536b9d443c1fd586c1ea170025d48cf50cf45292ee22d878
24adace249e5e8ffa142995bcd5e924b3aca8fe599544c09795c1a6bf1233b09,MITDB_P223,223,230000000,3,20260927,MODEL_V2_TCN_MEANMAX,MODEL_V2_OPTIMIZER_CORRECTED_V1,1,-3.2684195041656494,0.03667062148451805,11,V2-006-OPT-CORR-F03-S20260927,2500e6093eb81946536b9d443c1fd586c1ea170025d48cf50cf45292ee22d878
24e1a3ec3f8c50806caf8faae6c11c74368c00c1ccbf06a811749fafdce3b020,MITDB_P223,223,345000000,3,20260927,MODEL_V2_TCN_MEANMAX,MODEL_V2_OPTIMIZER_CORRECTED_V1,0,-6.150506973266602,0.0021278630010783672,11,V2-006-OPT-CORR-F03-S20260927,2500e6093eb81946536b9d443c1fd586c1ea170025d48cf50cf45292ee22d878
24fedf35cdf4c1e5c89249a960bb11473e864e496d2775b552e171b98c95286e,MITDB_P121,121,445000000,3,20260927,MODEL_V2_TCN_MEANMAX,MODEL_V2_OPTIMIZER_CORRECTED_V1,0,-7.840927600860596,0.00039314941386692226,11,V2-006-OPT-CORR-F03-S20260927,2500e6093eb81946536b9d443c1fd586c1ea170025d48cf50cf45292ee22d878
2534bde30ab49307a39d30d9b283fbaa8887523a19e82500f3568469ddc5b3c7,MITDB_P103,103,1620000000,3,20260927,MODEL_V2_TCN_MEANMAX,MODEL_V2_OPTIMIZER_CORRECTED_V1,0,-5.69697380065918,0.00334488064981997,11,V2-006-OPT-CORR-F03-S20260927,2500e6093eb81946536b9d443c1fd586c1ea170025d48cf50cf45292ee22d878
255051e3eda491219f874445e11306cffd623b508acc2da96b2907b3a31b45e6,MITDB_P223,223,55000000,3,20260927,MODEL_V2_TCN_MEANMAX,MODEL_V2_OPTIMIZER_CORRECTED_V1,0,-7.330006122589111,0.0006551400874741375,11,V2-006-OPT-CORR-F03-S20260927,2500e6093eb81946536b9d443c1fd586c1ea170025d48cf50cf45292ee22d878
257267067670cebe88ab1424c4a022c4ba246471a5013dd394f5873c0aa62a32,MITDB_P223,223,210000000,3,20260927,MODEL_V2_TCN_MEANMAX,MODEL_V2_OPTIMIZER_CORRECTED_V1,0,-6.5607171058654785,0.0014128717593848705,11,V2-006-OPT-CORR-F03-S20260927,2500e6093eb81946536b9d443c1fd586c1ea170025d48cf50cf45292ee22d878
25752852f6764979eb86d1e831bb0440409052efd8f8c497b6d6eae98b46b50a,MITDB_P223,223,830000000,3,20260927,MODEL_V2_TCN_MEANMAX,MODEL_V2_OPTIMIZER_CORRECTED_V1,1,5.127626895904541,0.9941043257713318,11,V2-006-OPT-CORR-F03-S20260927,2500e6093eb81946536b9d443c1fd586c1ea170025d48cf50cf45292ee22d878
25ced4ca939cdbe939eb531300c4c18ef6d5085f2f12feac0e28b29ce806e2bd,MITDB_P208,208,1670000000,3,20260927,MODEL_V2_TCN_MEANMAX,MODEL_V2_OPTIMIZER_CORRECTED_V1,1,7.189091205596924,0.9992457628250122,11,V2-006-OPT-CORR-F03-S20260927,2500e6093eb81946536b9d443c1fd586c1ea170025d48cf50cf45292ee22d878
261d2e7f8329b8c6e9edff34b82fd83b05b9f97df2df05ce89ad4d058d24c64e,MITDB_P121,121,1790000000,3,20260927,MODEL_V2_TCN_MEANMAX,MODEL_V2_OPTIMIZER_CORRECTED_V1,0,-9.177849769592285,0.00010329174983780831,11,V2-006-OPT-CORR-F03-S20260927,2500e6093eb81946536b9d443c1fd586c1ea170025d48cf50cf45292ee22d878
263b10f0033bb52b801307e03509884138a57fd4cb1b8aa87a56495129d59597,MITDB_P208,208,240000000,3,20260927,MODEL_V2_TCN_MEANMAX,MODEL_V2_OPTIMIZER_CORRECTED_V1,1,12.534854888916016,0.9999964237213135,11,V2-006-OPT-CORR-F03-S20260927,2500e6093eb81946536b9d443c1fd586c1ea170025d48cf50cf45292ee22d878
267a32ae0e316e88b54f417ac9ea82b79848bc486535916f521f458791c0a3a1,MITDB_P103,103,1105000000,3,20260927,MODEL_V2_TCN_MEANMAX,MODEL_V2_OPTIMIZER_CORRECTED_V1,0,-4.74268102645874,0.00863994937390089,11,V2-006-OPT-CORR-F03-S20260927,2500e6093eb81946536b9d443c1fd586c1ea170025d48cf50cf45292ee22d878
268e02d83ca55e0cc0b70f2c0bbf4bb4977cda5b2c5dcc00e2f788742102d019,MITDB_P103,103,100000000,3,20260927,MODEL_V2_TCN_MEANMAX,MODEL_V2_OPTIMIZER_CORRECTED_V1,0,-6.291580677032471,0.001848407555371523,11,V2-006-OPT-CORR-F03-S20260927,2500e6093eb81946536b9d443c1fd586c1ea170025d48cf50cf45292ee22d878
269a5c171b99a2ebbbef7fc4030296d177f8062e4438cec7576062a5314c5c9a,MITDB_P121,121,645000000,3,20260927,MODEL_V2_TCN_MEANMAX,MODEL_V2_OPTIMIZER_CORRECTED_V1,0,-7.390355110168457,0.0006167960818856955,11,V2-006-OPT-CORR-F03-S20260927,2500e6093eb81946536b9d443c1fd586c1ea170025d48cf50cf45292ee22d878
26e683adf361962dbf3c1b2728b1d64079db36da5f17952435cf5123914c827c,MITDB_P103,103,1635000000,3,20260927,MODEL_V2_TCN_MEANMAX,MODEL_V2_OPTIMIZER_CORRECTED_V1,0,-5.859267234802246,0.002845215378329158,11,V2-006-OPT-CORR-F03-S20260927,2500e6093eb81946536b9d443c1fd586c1ea170025d48cf50cf45292ee22d878
2713123e65cb7f1dd7418e654a66b4aba7c1ff9da8e51c1900080a5690b540df,MITDB_P208,208,1120000000,3,20260927,MODEL_V2_TCN_MEANMAX,MODEL_V2_OPTIMIZER_CORRECTED_V1,1,11.024372100830078,0.9999836683273315,11,V2-006-OPT-CORR-F03-S20260927,2500e6093eb81946536b9d443c1fd586c1ea170025d48cf50cf45292ee22d878
271cb8a2a650612449d0d99e8eb90827e2ce530863815a58ea8813c80f18159d,MITDB_P208,208,1225000000,3,20260927,MODEL_V2_TCN_MEANMAX,MODEL_V2_OPTIMIZER_CORRECTED_V1,1,5.212218761444092,0.9945800304412842,11,V2-006-OPT-CORR-F03-S20260927,2500e6093eb81946536b9d443c1fd586c1ea170025d48cf50cf45292ee22d878
27618591dff60d39be5bbe9df2ed57c9f6f36367e648e6a8b21dd425cf246e1a,MITDB_P208,208,190000000,3,20260927,MODEL_V2_TCN_MEANMAX,MODEL_V2_OPTIMIZER_CORRECTED_V1,1,9.957233428955078,0.9999526739120483,11,V2-006-OPT-CORR-F03-S20260927,2500e6093eb81946536b9d443c1fd586c1ea170025d48cf50cf45292ee22d878
276a58835c3ecc6a27c6953acbad65510d13e9498249902ba3e227d1b4666957,MITDB_P223,223,645000000,3,20260927,MODEL_V2_TCN_MEANMAX,MODEL_V2_OPTIMIZER_CORRECTED_V1,1,-2.134748935699463,0.10576499998569489,11,V2-006-OPT-CORR-F03-S20260927,2500e6093eb81946536b9d443c1fd586c1ea170025d48cf50cf45292ee22d878
279f84a8f0326e96bd463eb78644056a21524fd24ea625f1b1f622b3e5444e91,MITDB_P114,114,1625000000,3,20260927,MODEL_V2_TCN_MEANMAX,MODEL_V2_OPTIMIZER_CORRECTED_V1,0,-5.86368989944458,0.0028326953761279583,11,V2-006-OPT-CORR-F03-S20260927,2500e6093eb81946536b9d443c1fd586c1ea170025d48cf50cf45292ee22d878
27d65d28a109141adaddc514837d2562a9c8645fdce889fc062c0f380824c9c3,MITDB_P114,114,250000000,3,20260927,MODEL_V2_TCN_MEANMAX,MODEL_V2_OPTIMIZER_CORRECTED_V1,1,5.966828346252441,0.9974441528320312,11,V2-006-OPT-CORR-F03-S20260927,2500e6093eb81946536b9d443c1fd586c1ea170025d48cf50cf45292ee22d878
28135e9f8bc318cdb87c3ee8b660f0d0aec8ba5f72ea78eb5b4d828b2df0aeb7,MITDB_P114,114,560000000,3,20260927,MODEL_V2_TCN_MEANMAX,MODEL_V2_OPTIMIZER_CORRECTED_V1,1,-5.3492045402526855,0.004729455802589655,11,V2-006-OPT-CORR-F03-S20260927,2500e6093eb81946536b9d443c1fd586c1ea170025d48cf50cf45292ee22d878
282e971f9c38d950bfff7652f29c774d4c7272accba7f2f49f78df5d5f9a9bcc,MITDB_P208,208,1300000000,3,20260927,MODEL_V2_TCN_MEANMAX,MODEL_V2_OPTIMIZER_CORRECTED_V1,1,3.263962984085083,0.9631716012954712,11,V2-006-OPT-CORR-F03-S20260927,2500e6093eb81946536b9d443c1fd586c1ea170025d48cf50cf45292ee22d878
283e0e907760c44ee41223f5c9929ec5dc6169306bee33145a1e0c2cd2374b13,MITDB_P208,208,1010000000,3,20260927,MODEL_V2_TCN_MEANMAX,MODEL_V2_OPTIMIZER_CORRECTED_V1,1,9.202154159545898,0.99989914894104,11,V2-006-OPT-CORR-F03-S20260927,2500e6093eb81946536b9d443c1fd586c1ea170025d48cf50cf45292ee22d878
283ed4d21d3bbf48156f59534879acfabca708278a7ae65e25263bf8d737d3a9,MITDB_P208,208,1230000000,3,20260927,MODEL_V2_TCN_MEANMAX,MODEL_V2_OPTIMIZER_CORRECTED_V1,1,7.536838531494141,0.9994671940803528,11,V2-006-OPT-CORR-F03-S20260927,2500e6093eb81946536b9d443c1fd586c1ea170025d48cf50cf45292ee22d878
28514b0fdf6c2ec15a1b593a9843a079c2c6a16e1cc60a04d407103966ab1b19,MITDB_P208,208,200000000,3,20260927,MODEL_V2_TCN_MEANMAX,MODEL_V2_OPTIMIZER_CORRECTED_V1,1,11.106277465820312,0.9999849796295166,11,V2-006-OPT-CORR-F03-S20260927,2500e6093eb81946536b9d443c1fd586c1ea170025d48cf50cf45292ee22d878
287a50f2cc6089eaf52f56558b118688ac55d5d653623b7125c0af70d971764e,MITDB_P114,114,485000000,3,20260927,MODEL_V2_TCN_MEANMAX,MODEL_V2_OPTIMIZER_CORRECTED_V1,1,-1.4905946254730225,0.18383248150348663,11,V2-006-OPT-CORR-F03-S20260927,2500e6093eb81946536b9d443c1fd586c1ea170025d48cf50cf45292ee22d878
28f0b90cefbe3ac921816eb9bc7c2978f38c3f1329bf19969ac2a6de80d73f51,MITDB_P114,114,1330000000,3,20260927,MODEL_V2_TCN_MEANMAX,MODEL_V2_OPTIMIZER_CORRECTED_V1,0,-0.7839599251747131,0.3134670555591583,11,V2-006-OPT-CORR-F03-S20260927,2500e6093eb81946536b9d443c1fd586c1ea170025d48cf50cf45292ee22d878
291d7638c13496d55106045841cc06fdd8e3ccc4516433cc8c721f8808959fdd,MITDB_P121,121,930000000,3,20260927,MODEL_V2_TCN_MEANMAX,MODEL_V2_OPTIMIZER_CORRECTED_V1,0,-7.713980197906494,0.0004463412915356457,11,V2-006-OPT-CORR-F03-S20260927,2500e6093eb81946536b9d443c1fd586c1ea170025d48cf50cf45292ee22d878
29353b546154c8e646caafa9e41597ac9f81af59028fda4d93cbcb2b5156c72e,MITDB_P121,121,1515000000,3,20260927,MODEL_V2_TCN_MEANMAX,MODEL_V2_OPTIMIZER_CORRECTED_V1,0,-7.0936760902404785,0.0008296504383906722,11,V2-006-OPT-CORR-F03-S20260927,2500e6093eb81946536b9d443c1fd586c1ea170025d48cf50cf45292ee22d878
295a985531506bab0ac876e6498ff94b485fe6d7804449acbe321c14b2ececa5,MITDB_P103,103,1235000000,3,20260927,MODEL_V2_TCN_MEANMAX,MODEL_V2_OPTIMIZER_CORRECTED_V1,0,-6.14541482925415,0.0021387028973549604,11,V2-006-OPT-CORR-F03-S20260927,2500e6093eb81946536b9d443c1fd586c1ea170025d48cf50cf45292ee22d878
297118b1fd3dcf0fb4d80cc411984de16ce6e618c102460b57a89e9dc7bd0c4a,MITDB_P208,208,1360000000,3,20260927,MODEL_V2_TCN_MEANMAX,MODEL_V2_OPTIMIZER_CORRECTED_V1,1,9.995173454284668,0.999954342842102,11,V2-006-OPT-CORR-F03-S20260927,2500e6093eb81946536b9d443c1fd586c1ea170025d48cf50cf45292ee22d878
29889a1d1969cb82a39312adb27ae25009482d7686f5cd4eef099ce115b284a1,MITDB_P208,208,95000000,3,20260927,MODEL_V2_TCN_MEANMAX,MODEL_V2_OPTIMIZER_CORRECTED_V1,1,11.251127243041992,0.999987006187439,11,V2-006-OPT-CORR-F03-S20260927,2500e6093eb81946536b9d443c1fd586c1ea170025d48cf50cf45292ee22d878
29a737ab578ccc634ffe30ec27672e19199004b1aab5100586fcfef507c25cbb,MITDB_P223,223,135000000,3,20260927,MODEL_V2_TCN_MEANMAX,MODEL_V2_OPTIMIZER_CORRECTED_V1,1,4.045687675476074,0.982803225517273,11,V2-006-OPT-CORR-F03-S20260927,2500e6093eb81946536b9d443c1fd586c1ea170025d48cf50cf45292ee22d878
29eb5f5dabc12d7972f239978f01f6970e081fb92d49ef543f0588db4ad177b2,MITDB_P103,103,1430000000,3,20260927,MODEL_V2_TCN_MEANMAX,MODEL_V2_OPTIMIZER_CORRECTED_V1,0,-5.476405143737793,0.0041669090278446674,11,V2-006-OPT-CORR-F03-S20260927,2500e6093eb81946536b9d443c1fd586c1ea170025d48cf50cf45292ee22d878
29f8a53b83c72837615ad38f2b2c77e200e42bbf3ac4e56a481948cf619db0f9,MITDB_P208,208,395000000,3,20260927,MODEL_V2_TCN_MEANMAX,MODEL_V2_OPTIMIZER_CORRECTED_V1,1,12.012343406677246,0.9999939203262329,11,V2-006-OPT-CORR-F03-S20260927,2500e6093eb81946536b9d443c1fd586c1ea170025d48cf50cf45292ee22d878
2a02d184d0cc38a1d6716dfe3e334c2c276ad730c4e5ee51dd9f5a22495fcbe4,MITDB_P223,223,150000000,3,20260927,MODEL_V2_TCN_MEANMAX,MODEL_V2_OPTIMIZER_CORRECTED_V1,1,-3.508545160293579,0.029070070013403893,11,V2-006-OPT-CORR-F03-S20260927,2500e6093eb81946536b9d443c1fd586c1ea170025d48cf50cf45292ee22d878
2a0f21b139278d5bd583d3623921190706ae17a70950b3b42d77e496fd03e3df,MITDB_P114,114,200000000,3,20260927,MODEL_V2_TCN_MEANMAX,MODEL_V2_OPTIMIZER_CORRECTED_V1,1,9.712468147277832,0.9999394416809082,11,V2-006-OPT-CORR-F03-S20260927,2500e6093eb81946536b9d443c1fd586c1ea170025d48cf50cf45292ee22d878
2a1f700245450c11ec7ef9d866a25e4809612c81c0a6032ae3995fb10c102969,MITDB_P223,223,290000000,3,20260927,MODEL_V2_TCN_MEANMAX,MODEL_V2_OPTIMIZER_CORRECTED_V1,1,-3.1400227546691895,0.041486214846372604,11,V2-006-OPT-CORR-F03-S20260927,2500e6093eb81946536b9d443c1fd586c1ea170025d48cf50cf45292ee22d878
2a244dda28f85227dc8d1ba5d045c92e3d9961753b4849f0d1ec9dc4ad780c50,MITDB_P114,114,1370000000,3,20260927,MODEL_V2_TCN_MEANMAX,MODEL_V2_OPTIMIZER_CORRECTED_V1,0,-3.0968544483184814,0.04323719069361687,11,V2-006-OPT-CORR-F03-S20260927,2500e6093eb81946536b9d443c1fd586c1ea170025d48cf50cf45292ee22d878
2a5f098911838d8cf6b4ce5431d659ef83b4c2849db60dd64baa5aad93307109,MITDB_P114,114,1640000000,3,20260927,MODEL_V2_TCN_MEANMAX,MODEL_V2_OPTIMIZER_CORRECTED_V1,0,-3.3433773517608643,0.034112703055143356,11,V2-006-OPT-CORR-F03-S20260927,2500e6093eb81946536b9d443c1fd586c1ea170025d48cf50cf45292ee22d878
2a66907b7fa8e48d56c3846b6668f45367fea18a456ff34b94d6251f8bdae96a,MITDB_P223,223,605000000,3,20260927,MODEL_V2_TCN_MEANMAX,MODEL_V2_OPTIMIZER_CORRECTED_V1,1,-3.3941166400909424,0.03247984126210213,11,V2-006-OPT-CORR-F03-S20260927,2500e6093eb81946536b9d443c1fd586c1ea170025d48cf50cf45292ee22d878
2a76bc70d74a03546a924c1590b4075d180bf5cb9eb9fd242ad1388e70560701,MITDB_P103,103,1625000000,3,20260927,MODEL_V2_TCN_MEANMAX,MODEL_V2_OPTIMIZER_CORRECTED_V1,0,-6.972959995269775,0.0009359986870549619,11,V2-006-OPT-CORR-F03-S20260927,2500e6093eb81946536b9d443c1fd586c1ea170025d48cf50cf45292ee22d878
2ac3158e3d0ea16d06504669e0a7523b4245236c6379a00473799fb6ee496cdc,MITDB_P114,114,430000000,3,20260927,MODEL_V2_TCN_MEANMAX,MODEL_V2_OPTIMIZER_CORRECTED_V1,0,-2.560330629348755,0.07173552364110947,11,V2-006-OPT-CORR-F03-S20260927,2500e6093eb81946536b9d443c1fd586c1ea170025d48cf50cf45292ee22d878
2aea3f3e787e1b8d19999bee6c2093e3f3d7806fd96c872f5c17de8050498ef0,MITDB_P208,208,375000000,3,20260927,MODEL_V2_TCN_MEANMAX,MODEL_V2_OPTIMIZER_CORRECTED_V1,1,12.11890983581543,0.9999945163726807,11,V2-006-OPT-CORR-F03-S20260927,2500e6093eb81946536b9d443c1fd586c1ea170025d48cf50cf45292ee22d878
2b11d2e52df4dbaf2330987017d0cd9ca269c4b53fc67f2e83e8a7799cc7b2be,MITDB_P121,121,80000000,3,20260927,MODEL_V2_TCN_MEANMAX,MODEL_V2_OPTIMIZER_CORRECTED_V1,0,-7.994455337524414,0.0003372140636201948,11,V2-006-OPT-CORR-F03-S20260927,2500e6093eb81946536b9d443c1fd586c1ea170025d48cf50cf45292ee22d878
2b17334896f8705f6b028f272012c96ed03fb7215c0fe45359064d9336d45fe3,MITDB_P103,103,790000000,3,20260927,MODEL_V2_TCN_MEANMAX,MODEL_V2_OPTIMIZER_CORRECTED_V1,0,-6.720626354217529,0.0012043305905535817,11,V2-006-OPT-CORR-F03-S20260927,2500e6093eb81946536b9d443c1fd586c1ea170025d48cf50cf45292ee22d878
2b286f91c9de4c65d3032dfac4d624c2fc10f3c462cb641436f08ebbba9425cb,MITDB_P114,114,905000000,3,20260927,MODEL_V2_TCN_MEANMAX,MODEL_V2_OPTIMIZER_CORRECTED_V1,0,-2.6912124156951904,0.06349388509988785,11,V2-006-OPT-CORR-F03-S20260927,2500e6093eb81946536b9d443c1fd586c1ea170025d48cf50cf45292ee22d878
2b7def96ef45bdbee02dc3645e9e4ef42b36d31d377d3905647a09a52708bd1f,MITDB_P103,103,1285000000,3,20260927,MODEL_V2_TCN_MEANMAX,MODEL_V2_OPTIMIZER_CORRECTED_V1,0,-6.219985008239746,0.001985325710847974,11,V2-006-OPT-CORR-F03-S20260927,2500e6093eb81946536b9d443c1fd586c1ea170025d48cf50cf45292ee22d878
2b8e1b2e73f07ae4c03ed54dee6fb8bfa66cb3e55f6d326271f0711896008aa8,MITDB_P208,208,1385000000,3,20260927,MODEL_V2_TCN_MEANMAX,MODEL_V2_OPTIMIZER_CORRECTED_V1,1,11.464695930480957,0.9999895095825195,11,V2-006-OPT-CORR-F03-S20260927,2500e6093eb81946536b9d443c1fd586c1ea170025d48cf50cf45292ee22d878
2b9d62874f12fd9bdb4451cf2cbdbd0ebb87adcc03731cb4b27ced068994d336,MITDB_P114,114,1145000000,3,20260927,MODEL_V2_TCN_MEANMAX,MODEL_V2_OPTIMIZER_CORRECTED_V1,0,-2.7063097953796387,0.06260205060243607,11,V2-006-OPT-CORR-F03-S20260927,2500e6093eb81946536b9d443c1fd586c1ea170025d48cf50cf45292ee22d878
2ba4096251e9f091ecd49299ba0c35df6274f9f15b7326b785b575d9be271bcb,MITDB_P103,103,600000000,3,20260927,MODEL_V2_TCN_MEANMAX,MODEL_V2_OPTIMIZER_CORRECTED_V1,0,-6.380622386932373,0.0016912032151594758,11,V2-006-OPT-CORR-F03-S20260927,2500e6093eb81946536b9d443c1fd586c1ea170025d48cf50cf45292ee22d878
2bb64852c329eeeed646bc67598038fe4bfec1d99dacda95319bf3ef3894cca2,MITDB_P223,223,80000000,3,20260927,MODEL_V2_TCN_MEANMAX,MODEL_V2_OPTIMIZER_CORRECTED_V1,1,4.0576958656311035,0.9830050468444824,11,V2-006-OPT-CORR-F03-S20260927,2500e6093eb81946536b9d443c1fd586c1ea170025d48cf50cf45292ee22d878
2bb8feeb9214148f33283e88ecbd7b29823abc8402fb96485ead767fce1a6ae9,MITDB_P103,103,1405000000,3,20260927,MODEL_V2_TCN_MEANMAX,MODEL_V2_OPTIMIZER_CORRECTED_V1,0,-5.970555305480957,0.002546322997659445,11,V2-006-OPT-CORR-F03-S20260927,2500e6093eb81946536b9d443c1fd586c1ea170025d48cf50cf45292ee22d878
2bc1c4889fec5a27862f294c21d6f480b82261c87b324243b42d03ac4aaa6dcc,MITDB_P208,208,265000000,3,20260927,MODEL_V2_TCN_MEANMAX,MODEL_V2_OPTIMIZER_CORRECTED_V1,1,9.88360595703125,0.9999489784240723,11,V2-006-OPT-CORR-F03-S20260927,2500e6093eb81946536b9d443c1fd586c1ea170025d48cf50cf45292ee22d878
2bd46a0e71d73bcc33fc8d3afaf58cfbe56dc99e33bd5c1afed41b6a855bfbfc,MITDB_P208,208,805000000,3,20260927,MODEL_V2_TCN_MEANMAX,MODEL_V2_OPTIMIZER_CORRECTED_V1,1,9.89128589630127,0.9999493360519409,11,V2-006-OPT-CORR-F03-S20260927,2500e6093eb81946536b9d443c1fd586c1ea170025d48cf50cf45292ee22d878
2bea17b39684d54a310c57a2bc2fb24e21636ccde911d072ae88663c496a21f0,MITDB_P114,114,980000000,3,20260927,MODEL_V2_TCN_MEANMAX,MODEL_V2_OPTIMIZER_CORRECTED_V1,0,1.3032023906707764,0.7863734364509583,11,V2-006-OPT-CORR-F03-S20260927,2500e6093eb81946536b9d443c1fd586c1ea170025d48cf50cf45292ee22d878
2c38280da4ea923f0d929bdab12151dd58633b0c60e8e3bb0a005462e1ded6d1,MITDB_P121,121,1765000000,3,20260927,MODEL_V2_TCN_MEANMAX,MODEL_V2_OPTIMIZER_CORRECTED_V1,0,-8.818119049072266,0.00014800461940467358,11,V2-006-OPT-CORR-F03-S20260927,2500e6093eb81946536b9d443c1fd586c1ea170025d48cf50cf45292ee22d878
2c8b35317c09609cbeba186e61e9a88df35d4e747d51d13237196945fef53806,MITDB_P114,114,655000000,3,20260927,MODEL_V2_TCN_MEANMAX,MODEL_V2_OPTIMIZER_CORRECTED_V1,0,-2.6598334312438965,0.06538551300764084,11,V2-006-OPT-CORR-F03-S20260927,2500e6093eb81946536b9d443c1fd586c1ea170025d48cf50cf45292ee22d878
2ca9c6d7c400032e4b4845a570cd504437b676942c14c06d57e31ac339dbb1a3,MITDB_P103,103,685000000,3,20260927,MODEL_V2_TCN_MEANMAX,MODEL_V2_OPTIMIZER_CORRECTED_V1,0,-6.393857479095459,0.0016690045595169067,11,V2-006-OPT-CORR-F03-S20260927,2500e6093eb81946536b9d443c1fd586c1ea170025d48cf50cf45292ee22d878
2cab760d421d72007e26e3557ffa56590c1abc7fa827aa4a2cee5075af5186c9,MITDB_P114,114,1710000000,3,20260927,MODEL_V2_TCN_MEANMAX,MODEL_V2_OPTIMIZER_CORRECTED_V1,0,-3.419436454772949,0.03169351816177368,11,V2-006-OPT-CORR-F03-S20260927,2500e6093eb81946536b9d443c1fd586c1ea170025d48cf50cf45292ee22d878
2cee575325b0c650377492589f92af3c1a47b33b439e03e29245ad58533c3f80,MITDB_P223,223,300000000,3,20260927,MODEL_V2_TCN_MEANMAX,MODEL_V2_OPTIMIZER_CORRECTED_V1,1,-3.299142837524414,0.035600606352090836,11,V2-006-OPT-CORR-F03-S20260927,2500e6093eb81946536b9d443c1fd586c1ea170025d48cf50cf45292ee22d878
2cf88820d5a8a837aad10581bc69a27380bf6ee04a5815371944a01d4b4f1255,MITDB_P223,223,890000000,3,20260927,MODEL_V2_TCN_MEANMAX,MODEL_V2_OPTIMIZER_CORRECTED_V1,1,-2.064948797225952,0.11255057901144028,11,V2-006-OPT-CORR-F03-S20260927,2500e6093eb81946536b9d443c1fd586c1ea170025d48cf50cf45292ee22d878
2d008e61d9f5cfbaa4928aa6986a04571c3991067afa5afc11643aa85a0e8640,MITDB_P223,223,1535000000,3,20260927,MODEL_V2_TCN_MEANMAX,MODEL_V2_OPTIMIZER_CORRECTED_V1,1,3.8415000438690186,0.9789895415306091,11,V2-006-OPT-CORR-F03-S20260927,2500e6093eb81946536b9d443c1fd586c1ea170025d48cf50cf45292ee22d878
2d592502fa7f3d4e5a65ab61917a300213ea388f4c3c840e951c9290ba69f1aa,MITDB_P114,114,745000000,3,20260927,MODEL_V2_TCN_MEANMAX,MODEL_V2_OPTIMIZER_CORRECTED_V1,1,-4.1034088134765625,0.01624792441725731,11,V2-006-OPT-CORR-F03-S20260927,2500e6093eb81946536b9d443c1fd586c1ea170025d48cf50cf45292ee22d878
2d8db6f9cde3f758d8624b14d6594d21f8b39e2a5548dbb7085827dfd4b2e3f8,MITDB_P103,103,1395000000,3,20260927,MODEL_V2_TCN_MEANMAX,MODEL_V2_OPTIMIZER_CORRECTED_V1,0,-6.137414455413818,0.002155844820663333,11,V2-006-OPT-CORR-F03-S20260927,2500e6093eb81946536b9d443c1fd586c1ea170025d48cf50cf45292ee22d878
2db0e1285cc6d5d979d2ecaefae2b1596688899fd0b8a42b5ccb630c09a56840,MITDB_P121,121,260000000,3,20260927,MODEL_V2_TCN_MEANMAX,MODEL_V2_OPTIMIZER_CORRECTED_V1,0,-6.598812580108643,0.0013601318933069706,11,V2-006-OPT-CORR-F03-S20260927,2500e6093eb81946536b9d443c1fd586c1ea170025d48cf50cf45292ee22d878
2dcd2e39b05a2aa10c639eb055de1b15c03ec8fbc087d7d86cf8133877bee1e2,MITDB_P114,114,355000000,3,20260927,MODEL_V2_TCN_MEANMAX,MODEL_V2_OPTIMIZER_CORRECTED_V1,0,-3.7967302799224854,0.021951360628008842,11,V2-006-OPT-CORR-F03-S20260927,2500e6093eb81946536b9d443c1fd586c1ea170025d48cf50cf45292ee22d878
2e7dfedb918b09e87c94b198e91659caa85a64d196bac5ad8dbc2d24f453e3f3,MITDB_P121,121,455000000,3,20260927,MODEL_V2_TCN_MEANMAX,MODEL_V2_OPTIMIZER_CORRECTED_V1,0,-7.042752742767334,0.0008729553665034473,11,V2-006-OPT-CORR-F03-S20260927,2500e6093eb81946536b9d443c1fd586c1ea170025d48cf50cf45292ee22d878
2e92fa0d5aab8d43493fe37465a76b835676d4c3689e771e56c1fbbc75507e54,MITDB_P223,223,590000000,3,20260927,MODEL_V2_TCN_MEANMAX,MODEL_V2_OPTIMIZER_CORRECTED_V1,1,-1.0456360578536987,0.2600639760494232,11,V2-006-OPT-CORR-F03-S20260927,2500e6093eb81946536b9d443c1fd586c1ea170025d48cf50cf45292ee22d878
2ed26ab700f5a3adb8ef9fd5c23462eb3d2147008bbb392552426396ea8a336a,MITDB_P208,208,725000000,3,20260927,MODEL_V2_TCN_MEANMAX,MODEL_V2_OPTIMIZER_CORRECTED_V1,1,10.07604694366455,0.9999579191207886,11,V2-006-OPT-CORR-F03-S20260927,2500e6093eb81946536b9d443c1fd586c1ea170025d48cf50cf45292ee22d878
2f00ed65a0b4fe0cc7aceadf89496083d44d907fc4424fa45724e513df57d73d,MITDB_P121,121,1365000000,3,20260927,MODEL_V2_TCN_MEANMAX,MODEL_V2_OPTIMIZER_CORRECTED_V1,0,-8.435691833496094,0.00021693586313631386,11,V2-006-OPT-CORR-F03-S20260927,2500e6093eb81946536b9d443c1fd586c1ea170025d48cf50cf45292ee22d878
2f28545bc40f7eb1d09a75bec0c4194292154835b6812999c20a1a444aa0b918,MITDB_P208,208,1790000000,3,20260927,MODEL_V2_TCN_MEANMAX,MODEL_V2_OPTIMIZER_CORRECTED_V1,1,8.47429084777832,0.9997913241386414,11,V2-006-OPT-CORR-F03-S20260927,2500e6093eb81946536b9d443c1fd586c1ea170025d48cf50cf45292ee22d878
2f33371b220b82fbfa4c8a54dbf1add5ae21919cb94e8bd393e9c1ed156c2937,MITDB_P121,121,435000000,3,20260927,MODEL_V2_TCN_MEANMAX,MODEL_V2_OPTIMIZER_CORRECTED_V1,0,-7.304626941680908,0.0006719685043208301,11,V2-006-OPT-CORR-F03-S20260927,2500e6093eb81946536b9d443c1fd586c1ea170025d48cf50cf45292ee22d878
2f38089f46e826518937ccab51ca8ab1c2da4474126af3aa7d90fcf5b5d1dd28,MITDB_P223,223,1120000000,3,20260927,MODEL_V2_TCN_MEANMAX,MODEL_V2_OPTIMIZER_CORRECTED_V1,0,-5.217998027801514,0.005388967227190733,11,V2-006-OPT-CORR-F03-S20260927,2500e6093eb81946536b9d443c1fd586c1ea170025d48cf50cf45292ee22d878
2f6923f642f5bb201de56ea731a440622f5fa1a9a9a71c96f5259e3cbccef2c7,MITDB_P223,223,20000000,3,20260927,MODEL_V2_TCN_MEANMAX,MODEL_V2_OPTIMIZER_CORRECTED_V1,0,-6.558594703674316,0.0014158693375065923,11,V2-006-OPT-CORR-F03-S20260927,2500e6093eb81946536b9d443c1fd586c1ea170025d48cf50cf45292ee22d878
2f7f55aefab4f6ac1f9128523a86f904dcf35b345dca15c8d54dcbe436e532a3,MITDB_P114,114,225000000,3,20260927,MODEL_V2_TCN_MEANMAX,MODEL_V2_OPTIMIZER_CORRECTED_V1,1,6.3892974853515625,0.998323380947113,11,V2-006-OPT-CORR-F03-S20260927,2500e6093eb81946536b9d443c1fd586c1ea170025d48cf50cf45292ee22d878
2fa85c10be3a8e5f01b8f4bd3a6af4f1616311a4645a409e8792bcad7d8bf227,MITDB_P114,114,1800000000,3,20260927,MODEL_V2_TCN_MEANMAX,MODEL_V2_OPTIMIZER_CORRECTED_V1,0,-4.896951198577881,0.007413943763822317,11,V2-006-OPT-CORR-F03-S20260927,2500e6093eb81946536b9d443c1fd586c1ea170025d48cf50cf45292ee22d878
2faab20e60e3ef57ca18ddb4a994ac4c88c24edac90f7d2029cb203dea097a45,MITDB_P103,103,1040000000,3,20260927,MODEL_V2_TCN_MEANMAX,MODEL_V2_OPTIMIZER_CORRECTED_V1,0,-5.595839977264404,0.003699541324749589,11,V2-006-OPT-CORR-F03-S20260927,2500e6093eb81946536b9d443c1fd586c1ea170025d48cf50cf45292ee22d878
2fdad0e799929344bac0229e7e1bd9c0bbc67781c7e046759ff8dc2ec7b6e8a8,MITDB_P103,103,360000000,3,20260927,MODEL_V2_TCN_MEANMAX,MODEL_V2_OPTIMIZER_CORRECTED_V1,0,-6.94088077545166,0.0009664820972830057,11,V2-006-OPT-CORR-F03-S20260927,2500e6093eb81946536b9d443c1fd586c1ea170025d48cf50cf45292ee22d878
2fedfe97506717f30d6d61156fe7b4763488a54aceca0c4727df692c5909c3bd,MITDB_P103,103,585000000,3,20260927,MODEL_V2_TCN_MEANMAX,MODEL_V2_OPTIMIZER_CORRECTED_V1,0,-6.392213821411133,0.001671745441854,11,V2-006-OPT-CORR-F03-S20260927,2500e6093eb81946536b9d443c1fd586c1ea170025d48cf50cf45292ee22d878
301e5b95dcc0bc0a783b57117337fbe69252c738baa4057a8ef8c7d0fa873242,MITDB_P114,114,1455000000,3,20260927,MODEL_V2_TCN_MEANMAX,MODEL_V2_OPTIMIZER_CORRECTED_V1,0,-4.439975738525391,0.01165869552642107,11,V2-006-OPT-CORR-F03-S20260927,2500e6093eb81946536b9d443c1fd586c1ea170025d48cf50cf45292ee22d878
303806e37d468aef7167316a5c6bd2f459de40773b98f854a2102ecfe9d8e7dd,MITDB_P223,223,190000000,3,20260927,MODEL_V2_TCN_MEANMAX,MODEL_V2_OPTIMIZER_CORRECTED_V1,1,-2.0111281871795654,0.11803946644067764,11,V2-006-OPT-CORR-F03-S20260927,2500e6093eb81946536b9d443c1fd586c1ea170025d48cf50cf45292ee22d878
304f9d5c8750029277db05ef15406dc395f2267123f90de6bbcac8a6a6b24adb,MITDB_P114,114,1680000000,3,20260927,MODEL_V2_TCN_MEANMAX,MODEL_V2_OPTIMIZER_CORRECTED_V1,0,-1.9565935134887695,0.12383618950843811,11,V2-006-OPT-CORR-F03-S20260927,2500e6093eb81946536b9d443c1fd586c1ea170025d48cf50cf45292ee22d878
30b808d7bd8eeda3fdff65f6a72f1a05dac999e7842d1364e5add0e61f489698,MITDB_P208,208,20000000,3,20260927,MODEL_V2_TCN_MEANMAX,MODEL_V2_OPTIMIZER_CORRECTED_V1,1,8.939092636108398,0.9998688697814941,11,V2-006-OPT-CORR-F03-S20260927,2500e6093eb81946536b9d443c1fd586c1ea170025d48cf50cf45292ee22d878
30c256d33250c75fe64d08a2676b37790e62f0a736f8333541f6bda6ee060a5c,MITDB_P223,223,1275000000,3,20260927,MODEL_V2_TCN_MEANMAX,MODEL_V2_OPTIMIZER_CORRECTED_V1,0,-5.140003204345703,0.005823558662086725,11,V2-006-OPT-CORR-F03-S20260927,2500e6093eb81946536b9d443c1fd586c1ea170025d48cf50cf45292ee22d878
30c4d6e7b35b1cd06df589c5a05a1a64e67baa220f12c8539e8973a7dc860863,MITDB_P103,103,495000000,3,20260927,MODEL_V2_TCN_MEANMAX,MODEL_V2_OPTIMIZER_CORRECTED_V1,0,-6.387514114379883,0.0016796074341982603,11,V2-006-OPT-CORR-F03-S20260927,2500e6093eb81946536b9d443c1fd586c1ea170025d48cf50cf45292ee22d878
30d3938d49b61509d87adaec126323c2e280bc2dad5d2dac8f39b7d6283e57bf,MITDB_P114,114,1515000000,3,20260927,MODEL_V2_TCN_MEANMAX,MODEL_V2_OPTIMIZER_CORRECTED_V1,0,-2.1777546405792236,0.10176599025726318,11,V2-006-OPT-CORR-F03-S20260927,2500e6093eb81946536b9d443c1fd586c1ea170025d48cf50cf45292ee22d878
30dca975859a2e25c3f56cc80452fdf9978916ca4049153224840e69f23bfee5,MITDB_P114,114,830000000,3,20260927,MODEL_V2_TCN_MEANMAX,MODEL_V2_OPTIMIZER_CORRECTED_V1,1,1.4881019592285156,0.8157932162284851,11,V2-006-OPT-CORR-F03-S20260927,2500e6093eb81946536b9d443c1fd586c1ea170025d48cf50cf45292ee22d878
3116790c7441ac56156f40b713df462c877a2485bc5956f7429b48d180cef2d5,MITDB_P103,103,60000000,3,20260927,MODEL_V2_TCN_MEANMAX,MODEL_V2_OPTIMIZER_CORRECTED_V1,0,-6.567906856536865,0.0014027641154825687,11,V2-006-OPT-CORR-F03-S20260927,2500e6093eb81946536b9d443c1fd586c1ea170025d48cf50cf45292ee22d878
3129aba743c3275408c3b9cfe961a4ca00f67fde77abac7e1ff01622fe4312b2,MITDB_P114,114,210000000,3,20260927,MODEL_V2_TCN_MEANMAX,MODEL_V2_OPTIMIZER_CORRECTED_V1,0,-4.016421318054199,0.01769845001399517,11,V2-006-OPT-CORR-F03-S20260927,2500e6093eb81946536b9d443c1fd586c1ea170025d48cf50cf45292ee22d878
312e5213183e2022174b32a1e479173050df089fa3f427c72dd91fb2849dc77c,MITDB_P103,103,1585000000,3,20260927,MODEL_V2_TCN_MEANMAX,MODEL_V2_OPTIMIZER_CORRECTED_V1,0,-5.922896862030029,0.002670283429324627,11,V2-006-OPT-CORR-F03-S20260927,2500e6093eb81946536b9d443c1fd586c1ea170025d48cf50cf45292ee22d878
3138ae6a17615dbb3c096f88129086dfc5015ccba8891db98be39ec7c9562cc5,MITDB_P114,114,820000000,3,20260927,MODEL_V2_TCN_MEANMAX,MODEL_V2_OPTIMIZER_CORRECTED_V1,0,-3.1313188076019287,0.04183371365070343,11,V2-006-OPT-CORR-F03-S20260927,2500e6093eb81946536b9d443c1fd586c1ea170025d48cf50cf45292ee22d878
314b4d7801e8308383a4be6861996d9b4c6b00482694e00dd7860bc16e20b71c,MITDB_P223,223,1200000000,3,20260927,MODEL_V2_TCN_MEANMAX,MODEL_V2_OPTIMIZER_CORRECTED_V1,0,-4.5491623878479,0.010465377010405064,11,V2-006-OPT-CORR-F03-S20260927,2500e6093eb81946536b9d443c1fd586c1ea170025d48cf50cf45292ee22d878
31647f41a77e3690866ba8d8f7119a40e7ff0aad20a730558c5060f28959d40a,MITDB_P103,103,980000000,3,20260927,MODEL_V2_TCN_MEANMAX,MODEL_V2_OPTIMIZER_CORRECTED_V1,0,-6.643346786499023,0.0013009654358029366,11,V2-006-OPT-CORR-F03-S20260927,2500e6093eb81946536b9d443c1fd586c1ea170025d48cf50cf45292ee22d878
3172b384c9ee1b70c5e9cf48aef66498911e4d95f81e66d653ef334e82ace97a,MITDB_P208,208,1505000000,3,20260927,MODEL_V2_TCN_MEANMAX,MODEL_V2_OPTIMIZER_CORRECTED_V1,1,8.251364707946777,0.9997391104698181,11,V2-006-OPT-CORR-F03-S20260927,2500e6093eb81946536b9d443c1fd586c1ea170025d48cf50cf45292ee22d878
317719fb61fc612b9b6e397955085a6dd2d9b5b61ee28d19093f11e41e91cb99,MITDB_P208,208,465000000,3,20260927,MODEL_V2_TCN_MEANMAX,MODEL_V2_OPTIMIZER_CORRECTED_V1,1,10.8148832321167,0.9999798536300659,11,V2-006-OPT-CORR-F03-S20260927,2500e6093eb81946536b9d443c1fd586c1ea170025d48cf50cf45292ee22d878
31818bf4b9c8f225fce4a1b6b365a937d0ff8411cc83981f4af606c97f54aa51,MITDB_P223,223,1545000000,3,20260927,MODEL_V2_TCN_MEANMAX,MODEL_V2_OPTIMIZER_CORRECTED_V1,1,3.881425142288208,0.9797952175140381,11,V2-006-OPT-CORR-F03-S20260927,2500e6093eb81946536b9d443c1fd586c1ea170025d48cf50cf45292ee22d878
31832bb61dbc29ef97316ce9a63e04e55960a9bb52dedb155a0f55472a40b003,MITDB_P114,114,1080000000,3,20260927,MODEL_V2_TCN_MEANMAX,MODEL_V2_OPTIMIZER_CORRECTED_V1,0,-2.2558305263519287,0.09484772384166718,11,V2-006-OPT-CORR-F03-S20260927,2500e6093eb81946536b9d443c1fd586c1ea170025d48cf50cf45292ee22d878
31b891571ded6097a333ff17d619c1e734e12f2036be301ed96d21ab98101bf5,MITDB_P103,103,1155000000,3,20260927,MODEL_V2_TCN_MEANMAX,MODEL_V2_OPTIMIZER_CORRECTED_V1,0,-2.0924246311187744,0.10983528941869736,11,V2-006-OPT-CORR-F03-S20260927,2500e6093eb81946536b9d443c1fd586c1ea170025d48cf50cf45292ee22d878
31d5e6cef33101bb062f2e1da73c4e6727b75adc15f1d7bbf5bca188ca8433b4,MITDB_P121,121,1605000000,3,20260927,MODEL_V2_TCN_MEANMAX,MODEL_V2_OPTIMIZER_CORRECTED_V1,0,-9.814974784851074,5.462442641146481e-05,11,V2-006-OPT-CORR-F03-S20260927,2500e6093eb81946536b9d443c1fd586c1ea170025d48cf50cf45292ee22d878
31dc4e6d64cfa7cd227741e494b3b26e497e23970d620dd6ba2a4532e64b5d86,MITDB_P103,103,960000000,3,20260927,MODEL_V2_TCN_MEANMAX,MODEL_V2_OPTIMIZER_CORRECTED_V1,0,-5.999495983123779,0.0024738667998462915,11,V2-006-OPT-CORR-F03-S20260927,2500e6093eb81946536b9d443c1fd586c1ea170025d48cf50cf45292ee22d878
31f557e882b0f97f4f0730b316bc4f1cb8ef5b053a51eaf290c33150d0232c48,MITDB_P114,114,170000000,3,20260927,MODEL_V2_TCN_MEANMAX,MODEL_V2_OPTIMIZER_CORRECTED_V1,0,-3.3671698570251465,0.033337391912937164,11,V2-006-OPT-CORR-F03-S20260927,2500e6093eb81946536b9d443c1fd586c1ea170025d48cf50cf45292ee22d878
31fa2661576cd1610348ab15153def9a40df44d8f0941615a54ea604797319cb,MITDB_P103,103,405000000,3,20260927,MODEL_V2_TCN_MEANMAX,MODEL_V2_OPTIMIZER_CORRECTED_V1,0,-6.472864627838135,0.0015424113953486085,11,V2-006-OPT-CORR-F03-S20260927,2500e6093eb81946536b9d443c1fd586c1ea170025d48cf50cf45292ee22d878
31fe701b8c2631fd9ddf5813ae6578dd9c20fd1f357c838b863d7e5bb9b097b5,MITDB_P114,114,840000000,3,20260927,MODEL_V2_TCN_MEANMAX,MODEL_V2_OPTIMIZER_CORRECTED_V1,1,3.3961939811706543,0.9675853848457336,11,V2-006-OPT-CORR-F03-S20260927,2500e6093eb81946536b9d443c1fd586c1ea170025d48cf50cf45292ee22d878
320904788201251913c33da7123fb365b9b465831128408bd7eff741b8cfca08,MITDB_P208,208,1235000000,3,20260927,MODEL_V2_TCN_MEANMAX,MODEL_V2_OPTIMIZER_CORRECTED_V1,1,5.986842632293701,0.9974946975708008,11,V2-006-OPT-CORR-F03-S20260927,2500e6093eb81946536b9d443c1fd586c1ea170025d48cf50cf45292ee22d878
324548277f8c4dfc0824ca887872efa46e483403b6706ffdc0ae8c92beefc5ac,MITDB_P114,114,1685000000,3,20260927,MODEL_V2_TCN_MEANMAX,MODEL_V2_OPTIMIZER_CORRECTED_V1,0,-2.0156984329223633,0.11756451427936554,11,V2-006-OPT-CORR-F03-S20260927,2500e6093eb81946536b9d443c1fd586c1ea170025d48cf50cf45292ee22d878
325ca8ecfc5e5e784be9646e80f298362dcce27ec112f696005dd48b4c8db691,MITDB_P223,223,175000000,3,20260927,MODEL_V2_TCN_MEANMAX,MODEL_V2_OPTIMIZER_CORRECTED_V1,1,-4.333369731903076,0.012953261844813824,11,V2-006-OPT-CORR-F03-S20260927,2500e6093eb81946536b9d443c1fd586c1ea170025d48cf50cf45292ee22d878
326171f97ab086f93cd89f52927f9577bf3eba073277fc4495dc6ccbde332268,MITDB_P114,114,645000000,3,20260927,MODEL_V2_TCN_MEANMAX,MODEL_V2_OPTIMIZER_CORRECTED_V1,0,-3.2959060668945312,0.035711903125047684,11,V2-006-OPT-CORR-F03-S20260927,2500e6093eb81946536b9d443c1fd586c1ea170025d48cf50cf45292ee22d878
32757ac2f872590fcd3be9f319e33751d3d4d43215268fa182e582502a9b88ef,MITDB_P114,114,565000000,3,20260927,MODEL_V2_TCN_MEANMAX,MODEL_V2_OPTIMIZER_CORRECTED_V1,1,3.6262807846069336,0.9740749597549438,11,V2-006-OPT-CORR-F03-S20260927,2500e6093eb81946536b9d443c1fd586c1ea170025d48cf50cf45292ee22d878
329ffd4f899bf8e07520c062e276373c3169473bc7e42f1c2c26e2dfdd80dd15,MITDB_P114,114,505000000,3,20260927,MODEL_V2_TCN_MEANMAX,MODEL_V2_OPTIMIZER_CORRECTED_V1,1,8.227866172790527,0.9997329115867615,11,V2-006-OPT-CORR-F03-S20260927,2500e6093eb81946536b9d443c1fd586c1ea170025d48cf50cf45292ee22d878
32bd1e0bb0e55844ff0cc6ca8e7597c2a98a843048cb1a9554eab43081e122b7,MITDB_P121,121,770000000,3,20260927,MODEL_V2_TCN_MEANMAX,MODEL_V2_OPTIMIZER_CORRECTED_V1,0,-8.516173362731934,0.00020016399503219873,11,V2-006-OPT-CORR-F03-S20260927,2500e6093eb81946536b9d443c1fd586c1ea170025d48cf50cf45292ee22d878
32bf1088f1ffaf2f552ae71e9ff589b94e5be9537da2b1a69757559632bfcccc,MITDB_P114,114,40000000,3,20260927,MODEL_V2_TCN_MEANMAX,MODEL_V2_OPTIMIZER_CORRECTED_V1,0,-5.683536529541016,0.0033899766858667135,11,V2-006-OPT-CORR-F03-S20260927,2500e6093eb81946536b9d443c1fd586c1ea170025d48cf50cf45292ee22d878
32ce17ae5b40ad69c35b28bdce70233f4ed9897fbdde1d805ffd6f5b9086c8aa,MITDB_P223,223,1625000000,3,20260927,MODEL_V2_TCN_MEANMAX,MODEL_V2_OPTIMIZER_CORRECTED_V1,0,-4.183206081390381,0.015020482242107391,11,V2-006-OPT-CORR-F03-S20260927,2500e6093eb81946536b9d443c1fd586c1ea170025d48cf50cf45292ee22d878
331073011ec11e2ec67879e9eaa2a4486fcff016724a5aa224afcbda329e97cb,MITDB_P121,121,1650000000,3,20260927,MODEL_V2_TCN_MEANMAX,MODEL_V2_OPTIMIZER_CORRECTED_V1,0,-9.700919151306152,6.122344348113984e-05,11,V2-006-OPT-CORR-F03-S20260927,2500e6093eb81946536b9d443c1fd586c1ea170025d48cf50cf45292ee22d878
331649b79ef7e0bf2e25bce939e8a45dde7dbec3d9dd726ca2be46dcc1db5816,MITDB_P223,223,565000000,3,20260927,MODEL_V2_TCN_MEANMAX,MODEL_V2_OPTIMIZER_CORRECTED_V1,1,7.823304653167725,0.9995998740196228,11,V2-006-OPT-CORR-F03-S20260927,2500e6093eb81946536b9d443c1fd586c1ea170025d48cf50cf45292ee22d878
33204e8100b630e1cb336cf93e6630197c1f9631bc5645bffe5cc3547ad7d9a5,MITDB_P208,208,625000000,3,20260927,MODEL_V2_TCN_MEANMAX,MODEL_V2_OPTIMIZER_CORRECTED_V1,1,9.640205383300781,0.9999349117279053,11,V2-006-OPT-CORR-F03-S20260927,2500e6093eb81946536b9d443c1fd586c1ea170025d48cf50cf45292ee22d878
333912cccdbfdda8b9b3b97189401ec8b4e7d6de6ec38424e11e74ee0493bfde,MITDB_P208,208,325000000,3,20260927,MODEL_V2_TCN_MEANMAX,MODEL_V2_OPTIMIZER_CORRECTED_V1,1,9.288178443908691,0.9999074935913086,11,V2-006-OPT-CORR-F03-S20260927,2500e6093eb81946536b9d443c1fd586c1ea170025d48cf50cf45292ee22d878
33a9458acb46ad28b2941620c06bdfd9da937d31f771707c3e220ca7d95ec476,MITDB_P208,208,1075000000,3,20260927,MODEL_V2_TCN_MEANMAX,MODEL_V2_OPTIMIZER_CORRECTED_V1,1,11.88646125793457,0.999993085861206,11,V2-006-OPT-CORR-F03-S20260927,2500e6093eb81946536b9d443c1fd586c1ea170025d48cf50cf45292ee22d878
33e9b4c932118f7229c23efb91ca4b4293dd8a4dda1447a830d757689c91ba11,MITDB_P103,103,860000000,3,20260927,MODEL_V2_TCN_MEANMAX,MODEL_V2_OPTIMIZER_CORRECTED_V1,0,-6.516987323760986,0.0014759339392185211,11,V2-006-OPT-CORR-F03-S20260927,2500e6093eb81946536b9d443c1fd586c1ea170025d48cf50cf45292ee22d878
34199f89b6d5f249c27bae784c8c257acf4c32e956a412251599efa72f4265f2,MITDB_P121,121,870000000,3,20260927,MODEL_V2_TCN_MEANMAX,MODEL_V2_OPTIMIZER_CORRECTED_V1,0,-8.407672882080078,0.00022309875930659473,11,V2-006-OPT-CORR-F03-S20260927,2500e6093eb81946536b9d443c1fd586c1ea170025d48cf50cf45292ee22d878
3425f5dd8e0aec34cb385b80a51665bcab9df2dd535c4edca464b926fdc7295f,MITDB_P103,103,1590000000,3,20260927,MODEL_V2_TCN_MEANMAX,MODEL_V2_OPTIMIZER_CORRECTED_V1,0,-6.64035177230835,0.0013048626715317369,11,V2-006-OPT-CORR-F03-S20260927,2500e6093eb81946536b9d443c1fd586c1ea170025d48cf50cf45292ee22d878
3438176a49b69b15e4a23a2c5bd9f03584c8e56675e2aa026301fe45c46e4efb,MITDB_P223,223,840000000,3,20260927,MODEL_V2_TCN_MEANMAX,MODEL_V2_OPTIMIZER_CORRECTED_V1,1,1.1366424560546875,0.7570626735687256,11,V2-006-OPT-CORR-F03-S20260927,2500e6093eb81946536b9d443c1fd586c1ea170025d48cf50cf45292ee22d878
34803557beb6ad18715df02cbe0a72554d535dddaec4571485be7011df3a194e,MITDB_P223,223,115000000,3,20260927,MODEL_V2_TCN_MEANMAX,MODEL_V2_OPTIMIZER_CORRECTED_V1,0,-5.901096820831299,0.0027289739809930325,11,V2-006-OPT-CORR-F03-S20260927,2500e6093eb81946536b9d443c1fd586c1ea170025d48cf50cf45292ee22d878
34b0c08f816a27dd841ee106a24b131fe2af15c2e699a6ff40803802a2a79f28,MITDB_P223,223,995000000,3,20260927,MODEL_V2_TCN_MEANMAX,MODEL_V2_OPTIMIZER_CORRECTED_V1,0,-3.94561767578125,0.018972355872392654,11,V2-006-OPT-CORR-F03-S20260927,2500e6093eb81946536b9d443c1fd586c1ea170025d48cf50cf45292ee22d878
34d125b75892c9505051c9e3a14ee2be8a220f86645a5367d26a34dd6ce19c87,MITDB_P114,114,965000000,3,20260927,MODEL_V2_TCN_MEANMAX,MODEL_V2_OPTIMIZER_CORRECTED_V1,0,-1.9997875690460205,0.11922522634267807,11,V2-006-OPT-CORR-F03-S20260927,2500e6093eb81946536b9d443c1fd586c1ea170025d48cf50cf45292ee22d878
34d422136f6867a959080f5d937b77b6c4939e038a3605ceb95c1512092567ce,MITDB_P114,114,1700000000,3,20260927,MODEL_V2_TCN_MEANMAX,MODEL_V2_OPTIMIZER_CORRECTED_V1,0,-0.11669202148914337,0.4708600342273712,11,V2-006-OPT-CORR-F03-S20260927,2500e6093eb81946536b9d443c1fd586c1ea170025d48cf50cf45292ee22d878
353164ec83fb96da37b7ff9e1ed3899f76f6132533875f277eef9870b632c16d,MITDB_P208,208,1650000000,3,20260927,MODEL_V2_TCN_MEANMAX,MODEL_V2_OPTIMIZER_CORRECTED_V1,1,10.152176856994629,0.9999610185623169,11,V2-006-OPT-CORR-F03-S20260927,2500e6093eb81946536b9d443c1fd586c1ea170025d48cf50cf45292ee22d878
35629d05e44427299a6ab8bf8a4868448044ea2c6fa55a0aacd19105a3c08c8a,MITDB_P223,223,790000000,3,20260927,MODEL_V2_TCN_MEANMAX,MODEL_V2_OPTIMIZER_CORRECTED_V1,0,-4.017109394073486,0.01768648996949196,11,V2-006-OPT-CORR-F03-S20260927,2500e6093eb81946536b9d443c1fd586c1ea170025d48cf50cf45292ee22d878
356495ba08064d4c81982f38f795833ec1c73cc98d766ccfea8c37c8a4ac85cd,MITDB_P121,121,365000000,3,20260927,MODEL_V2_TCN_MEANMAX,MODEL_V2_OPTIMIZER_CORRECTED_V1,0,-2.70314359664917,0.06278811395168304,11,V2-006-OPT-CORR-F03-S20260927,2500e6093eb81946536b9d443c1fd586c1ea170025d48cf50cf45292ee22d878
35b356012eb5002a3fe81dbaa2deaa0006fee7db0cd6a6a5d21380aa58dde78a,MITDB_P208,208,1535000000,3,20260927,MODEL_V2_TCN_MEANMAX,MODEL_V2_OPTIMIZER_CORRECTED_V1,1,9.723556518554688,0.9999401569366455,11,V2-006-OPT-CORR-F03-S20260927,2500e6093eb81946536b9d443c1fd586c1ea170025d48cf50cf45292ee22d878
35e7ef300293cb37076da66934a69e7aaebbf0875624f5c796dc2ffb595c6389,MITDB_P223,223,460000000,3,20260927,MODEL_V2_TCN_MEANMAX,MODEL_V2_OPTIMIZER_CORRECTED_V1,1,-2.92047119140625,0.05115082859992981,11,V2-006-OPT-CORR-F03-S20260927,2500e6093eb81946536b9d443c1fd586c1ea170025d48cf50cf45292ee22d878
35fc62a5a845d082249416a31c9601d37d2d4cebf2312f97f50cc6b99dc44762,MITDB_P121,121,1285000000,3,20260927,MODEL_V2_TCN_MEANMAX,MODEL_V2_OPTIMIZER_CORRECTED_V1,0,-7.552309513092041,0.0005246211076155305,11,V2-006-OPT-CORR-F03-S20260927,2500e6093eb81946536b9d443c1fd586c1ea170025d48cf50cf45292ee22d878
360d149f5856867629193c8bec15c57230ee690e30399a8cb8d0250679bc2d31,MITDB_P114,114,1720000000,3,20260927,MODEL_V2_TCN_MEANMAX,MODEL_V2_OPTIMIZER_CORRECTED_V1,0,-1.17669677734375,0.23564665019512177,11,V2-006-OPT-CORR-F03-S20260927,2500e6093eb81946536b9d443c1fd586c1ea170025d48cf50cf45292ee22d878
364c5932051020d4d2f5fa68a71fc8bed427888178b19f254f8b1ac19c9526bc,MITDB_P223,223,1045000000,3,20260927,MODEL_V2_TCN_MEANMAX,MODEL_V2_OPTIMIZER_CORRECTED_V1,1,3.1167080402374268,0.9575766324996948,11,V2-006-OPT-CORR-F03-S20260927,2500e6093eb81946536b9d443c1fd586c1ea170025d48cf50cf45292ee22d878
365a7b3ac30b9c0418bf1174d1b1d710feb9c43369215546e3822fddb6d50c63,MITDB_P208,208,955000000,3,20260927,MODEL_V2_TCN_MEANMAX,MODEL_V2_OPTIMIZER_CORRECTED_V1,1,10.214152336120605,0.9999634027481079,11,V2-006-OPT-CORR-F03-S20260927,2500e6093eb81946536b9d443c1fd586c1ea170025d48cf50cf45292ee22d878
365b7756d6b6e04c803271c64a2982eddd5b40af350140202399357dadc909d7,MITDB_P103,103,125000000,3,20260927,MODEL_V2_TCN_MEANMAX,MODEL_V2_OPTIMIZER_CORRECTED_V1,0,-6.218636989593506,0.0019879983738064766,11,V2-006-OPT-CORR-F03-S20260927,2500e6093eb81946536b9d443c1fd586c1ea170025d48cf50cf45292ee22d878
3667397a7dabdcc05f640afff6f3c31459ea20bf891fe6d0118087c493ae8dce,MITDB_P208,208,1615000000,3,20260927,MODEL_V2_TCN_MEANMAX,MODEL_V2_OPTIMIZER_CORRECTED_V1,1,9.66598892211914,0.999936580657959,11,V2-006-OPT-CORR-F03-S20260927,2500e6093eb81946536b9d443c1fd586c1ea170025d48cf50cf45292ee22d878
3667a84b43c3ef2e390c8c4e4503c94e375c333c24514e47238d0afda612af2e,MITDB_P121,121,1485000000,3,20260927,MODEL_V2_TCN_MEANMAX,MODEL_V2_OPTIMIZER_CORRECTED_V1,0,-3.034287929534912,0.045900676399469376,11,V2-006-OPT-CORR-F03-S20260927,2500e6093eb81946536b9d443c1fd586c1ea170025d48cf50cf45292ee22d878
367c863fea62850b909fd622a2ae8498f8f83313830a87046d5c1b530d6c88af,MITDB_P208,208,1210000000,3,20260927,MODEL_V2_TCN_MEANMAX,MODEL_V2_OPTIMIZER_CORRECTED_V1,1,2.741391897201538,0.9394253492355347,11,V2-006-OPT-CORR-F03-S20260927,2500e6093eb81946536b9d443c1fd586c1ea170025d48cf50cf45292ee22d878
368ad08afa208a506153887196d8481f25c561c66eeacfcc4e2998a158c93b13,MITDB_P223,223,490000000,3,20260927,MODEL_V2_TCN_MEANMAX,MODEL_V2_OPTIMIZER_CORRECTED_V1,1,-4.035327911376953,0.01737273298203945,11,V2-006-OPT-CORR-F03-S20260927,2500e6093eb81946536b9d443c1fd586c1ea170025d48cf50cf45292ee22d878
368e928c87e0afc5da48f7cee7970ae465ee1f068a746e498e997d69b39d4b0e,MITDB_P223,223,900000000,3,20260927,MODEL_V2_TCN_MEANMAX,MODEL_V2_OPTIMIZER_CORRECTED_V1,1,-1.4519298076629639,0.1897047460079193,11,V2-006-OPT-CORR-F03-S20260927,2500e6093eb81946536b9d443c1fd586c1ea170025d48cf50cf45292ee22d878
36a4a3597fbeabbac5c4e36e4f317a4cd52f0f5b99747bce464808e01647d0f0,MITDB_P114,114,320000000,3,20260927,MODEL_V2_TCN_MEANMAX,MODEL_V2_OPTIMIZER_CORRECTED_V1,0,-4.957668304443359,0.0069802324287593365,11,V2-006-OPT-CORR-F03-S20260927,2500e6093eb81946536b9d443c1fd586c1ea170025d48cf50cf45292ee22d878
36a9d0a22a64d8a49bda2339dde08fd33189eed11ba35f31084f336d01d7a095,MITDB_P114,114,1140000000,3,20260927,MODEL_V2_TCN_MEANMAX,MODEL_V2_OPTIMIZER_CORRECTED_V1,0,-3.104522228240967,0.04292110353708267,11,V2-006-OPT-CORR-F03-S20260927,2500e6093eb81946536b9d443c1fd586c1ea170025d48cf50cf45292ee22d878
36b5ee6a70f923c8083411396a577a5f95756b6479fdb023405cd4c577b3e363,MITDB_P223,223,1595000000,3,20260927,MODEL_V2_TCN_MEANMAX,MODEL_V2_OPTIMIZER_CORRECTED_V1,0,-4.663377285003662,0.009346366859972477,11,V2-006-OPT-CORR-F03-S20260927,2500e6093eb81946536b9d443c1fd586c1ea170025d48cf50cf45292ee22d878
36e3cc3ea757ba24b123e011efe4723923fec34d1c8c442e0ed72ba8bd8c0093,MITDB_P121,121,300000000,3,20260927,MODEL_V2_TCN_MEANMAX,MODEL_V2_OPTIMIZER_CORRECTED_V1,0,-7.96130895614624,0.00034857483115047216,11,V2-006-OPT-CORR-F03-S20260927,2500e6093eb81946536b9d443c1fd586c1ea170025d48cf50cf45292ee22d878
3706d150a481fba920257eab9d53a40d07cf39de3b21bd2ab557d1dd2b62eca9,MITDB_P208,208,1070000000,3,20260927,MODEL_V2_TCN_MEANMAX,MODEL_V2_OPTIMIZER_CORRECTED_V1,1,10.331958770751953,0.9999674558639526,11,V2-006-OPT-CORR-F03-S20260927,2500e6093eb81946536b9d443c1fd586c1ea170025d48cf50cf45292ee22d878
373782c4a451d625298ed57c5589fbc97a455fe55707c6b70926f68f6ead9861,MITDB_P121,121,1190000000,3,20260927,MODEL_V2_TCN_MEANMAX,MODEL_V2_OPTIMIZER_CORRECTED_V1,0,-7.651653289794922,0.0004750319931190461,11,V2-006-OPT-CORR-F03-S20260927,2500e6093eb81946536b9d443c1fd586c1ea170025d48cf50cf45292ee22d878
37393996cbdec60f93eab41f88358b365c878f6a05e2bd523b87d2207b298d0d,MITDB_P114,114,1615000000,3,20260927,MODEL_V2_TCN_MEANMAX,MODEL_V2_OPTIMIZER_CORRECTED_V1,1,3.227923631668091,0.9618716835975647,11,V2-006-OPT-CORR-F03-S20260927,2500e6093eb81946536b9d443c1fd586c1ea170025d48cf50cf45292ee22d878
374fa865d9278af2e7a74b5fba2ed3e387f034ff4838c79733e2bec94fe267b0,MITDB_P121,121,255000000,3,20260927,MODEL_V2_TCN_MEANMAX,MODEL_V2_OPTIMIZER_CORRECTED_V1,0,-5.3536553382873535,0.004708551336079836,11,V2-006-OPT-CORR-F03-S20260927,2500e6093eb81946536b9d443c1fd586c1ea170025d48cf50cf45292ee22d878
377fc4089f758507ff9fcfad253877bbc4fc2f799a9da2bae01a321f7b544bfb,MITDB_P121,121,25000000,3,20260927,MODEL_V2_TCN_MEANMAX,MODEL_V2_OPTIMIZER_CORRECTED_V1,0,-7.191630840301514,0.0007522939704358578,11,V2-006-OPT-CORR-F03-S20260927,2500e6093eb81946536b9d443c1fd586c1ea170025d48cf50cf45292ee22d878
37874d6b94b1fe926af989199bfd99f6c5e6e13c789f31114afddd316648e0a1,MITDB_P114,114,725000000,3,20260927,MODEL_V2_TCN_MEANMAX,MODEL_V2_OPTIMIZER_CORRECTED_V1,0,-4.113824367523193,0.01608227752149105,11,V2-006-OPT-CORR-F03-S20260927,2500e6093eb81946536b9d443c1fd586c1ea170025d48cf50cf45292ee22d878
3792b78e4a20bacc0dd10891d1b81065fe83d971d80831b25d72faa7977b0419,MITDB_P114,114,1365000000,3,20260927,MODEL_V2_TCN_MEANMAX,MODEL_V2_OPTIMIZER_CORRECTED_V1,0,-2.5964620113372803,0.0693664699792862,11,V2-006-OPT-CORR-F03-S20260927,2500e6093eb81946536b9d443c1fd586c1ea170025d48cf50cf45292ee22d878
37aa4a99e27b54e03a4a2dfb50750ec0e4e760a617a419b97e4ba552db4726b1,MITDB_P114,114,20000000,3,20260927,MODEL_V2_TCN_MEANMAX,MODEL_V2_OPTIMIZER_CORRECTED_V1,0,-5.534142971038818,0.003934054169803858,11,V2-006-OPT-CORR-F03-S20260927,2500e6093eb81946536b9d443c1fd586c1ea170025d48cf50cf45292ee22d878
37b922388a5adfeb277e8aaa19618d419c29c1b847e2216b996b42e8e7feb4a9,MITDB_P223,223,1765000000,3,20260927,MODEL_V2_TCN_MEANMAX,MODEL_V2_OPTIMIZER_CORRECTED_V1,1,0.058426305651664734,0.5146024227142334,11,V2-006-OPT-CORR-F03-S20260927,2500e6093eb81946536b9d443c1fd586c1ea170025d48cf50cf45292ee22d878
37e3ce9610b34dbc5c7102a607fffaaad3fcb94d8b1639e45183dc5a43cb2973,MITDB_P121,121,415000000,3,20260927,MODEL_V2_TCN_MEANMAX,MODEL_V2_OPTIMIZER_CORRECTED_V1,0,-7.873829364776611,0.0003804294392466545,11,V2-006-OPT-CORR-F03-S20260927,2500e6093eb81946536b9d443c1fd586c1ea170025d48cf50cf45292ee22d878
37ee443a18e82be93a07f68d9fc8ff08a66e865023e1b63ac33985858440502e,MITDB_P223,223,1375000000,3,20260927,MODEL_V2_TCN_MEANMAX,MODEL_V2_OPTIMIZER_CORRECTED_V1,1,3.478203535079956,0.970061182975769,11,V2-006-OPT-CORR-F03-S20260927,2500e6093eb81946536b9d443c1fd586c1ea170025d48cf50cf45292ee22d878
38079ddc9715689f8aab89e90039ece7e5d58ebeb76c693f219c0d7bbd38f5c4,MITDB_P103,103,240000000,3,20260927,MODEL_V2_TCN_MEANMAX,MODEL_V2_OPTIMIZER_CORRECTED_V1,0,-6.521547794342041,0.0014692280674353242,11,V2-006-OPT-CORR-F03-S20260927,2500e6093eb81946536b9d443c1fd586c1ea170025d48cf50cf45292ee22d878
382a23ce3a8262e5acdc07ebf25abbb7e35a55e1dcf7e0b78aaffa97768d6013,MITDB_P208,208,1355000000,3,20260927,MODEL_V2_TCN_MEANMAX,MODEL_V2_OPTIMIZER_CORRECTED_V1,1,9.378522872924805,0.9999154806137085,11,V2-006-OPT-CORR-F03-S20260927,2500e6093eb81946536b9d443c1fd586c1ea170025d48cf50cf45292ee22d878
382e514fb2be0343a444faf44a20fb662245815c5ab8638567b9ffce731c8d5b,MITDB_P223,223,220000000,3,20260927,MODEL_V2_TCN_MEANMAX,MODEL_V2_OPTIMIZER_CORRECTED_V1,0,-6.4259419441223145,0.0016163905384019017,11,V2-006-OPT-CORR-F03-S20260927,2500e6093eb81946536b9d443c1fd586c1ea170025d48cf50cf45292ee22d878
387ebf0f8f091849b15699db04fc476c9c4eda56fa692f837bc05215ecac0014,MITDB_P121,121,1315000000,3,20260927,MODEL_V2_TCN_MEANMAX,MODEL_V2_OPTIMIZER_CORRECTED_V1,0,-6.781891822814941,0.0011328425025567412,11,V2-006-OPT-CORR-F03-S20260927,2500e6093eb81946536b9d443c1fd586c1ea170025d48cf50cf45292ee22d878
3883412f21bd799fe46b6e97469052ed5211de8d66df7e9bcc12c1f5f7b5989e,MITDB_P103,103,470000000,3,20260927,MODEL_V2_TCN_MEANMAX,MODEL_V2_OPTIMIZER_CORRECTED_V1,0,-6.629302501678467,0.0013193412451073527,11,V2-006-OPT-CORR-F03-S20260927,2500e6093eb81946536b9d443c1fd586c1ea170025d48cf50cf45292ee22d878
38b7b869e5e043850d51ecb388d12583f1851bb41bd76a2924ec8ce0e940dc1b,MITDB_P114,114,660000000,3,20260927,MODEL_V2_TCN_MEANMAX,MODEL_V2_OPTIMIZER_CORRECTED_V1,0,-1.9669594764709473,0.12271584570407867,11,V2-006-OPT-CORR-F03-S20260927,2500e6093eb81946536b9d443c1fd586c1ea170025d48cf50cf45292ee22d878
38bc89647631b55205677ab88ddc5b6108fcc425994c8fa9378f424615d9387a,MITDB_P121,121,620000000,3,20260927,MODEL_V2_TCN_MEANMAX,MODEL_V2_OPTIMIZER_CORRECTED_V1,0,-7.237913608551025,0.0007182935951277614,11,V2-006-OPT-CORR-F03-S20260927,2500e6093eb81946536b9d443c1fd586c1ea170025d48cf50cf45292ee22d878
38bcc485d73c1be0f68250f38dfcb05cde2ab3b55310d171c228cf7b46faee63,MITDB_P208,208,340000000,3,20260927,MODEL_V2_TCN_MEANMAX,MODEL_V2_OPTIMIZER_CORRECTED_V1,1,12.7351713180542,0.9999970197677612,11,V2-006-OPT-CORR-F03-S20260927,2500e6093eb81946536b9d443c1fd586c1ea170025d48cf50cf45292ee22d878
390982557e10a6aee1b15fffcad2a44d1c20e88ed95c81ceb78c5c1acef33e71,MITDB_P121,121,420000000,3,20260927,MODEL_V2_TCN_MEANMAX,MODEL_V2_OPTIMIZER_CORRECTED_V1,0,-8.606768608093262,0.00018283042300026864,11,V2-006-OPT-CORR-F03-S20260927,2500e6093eb81946536b9d443c1fd586c1ea170025d48cf50cf45292ee22d878
3917fd990728387948b1c35008d65ea6db5aca6b9f2e4e0f0be0aa3068a44444,MITDB_P121,121,575000000,3,20260927,MODEL_V2_TCN_MEANMAX,MODEL_V2_OPTIMIZER_CORRECTED_V1,0,-7.616302013397217,0.0004921169020235538,11,V2-006-OPT-CORR-F03-S20260927,2500e6093eb81946536b9d443c1fd586c1ea170025d48cf50cf45292ee22d878
3984e0236a0293b55c9ec46a9aec14381cca1aa95b33d667e4818935b769ead2,MITDB_P121,121,1345000000,3,20260927,MODEL_V2_TCN_MEANMAX,MODEL_V2_OPTIMIZER_CORRECTED_V1,0,-7.533995151519775,0.0005343125085346401,11,V2-006-OPT-CORR-F03-S20260927,2500e6093eb81946536b9d443c1fd586c1ea170025d48cf50cf45292ee22d878
39c1c1da2a36407ccef37ebf2b53402cf5bf87efd37709b40984850700b98aec,MITDB_P121,121,150000000,3,20260927,MODEL_V2_TCN_MEANMAX,MODEL_V2_OPTIMIZER_CORRECTED_V1,0,-8.005026817321777,0.00033366918796673417,11,V2-006-OPT-CORR-F03-S20260927,2500e6093eb81946536b9d443c1fd586c1ea170025d48cf50cf45292ee22d878
39ef813121e829a8005f80514cb54be78e413df9f537db3485bcbdffd955fec9,MITDB_P114,114,550000000,3,20260927,MODEL_V2_TCN_MEANMAX,MODEL_V2_OPTIMIZER_CORRECTED_V1,0,-5.221760272979736,0.005368839018046856,11,V2-006-OPT-CORR-F03-S20260927,2500e6093eb81946536b9d443c1fd586c1ea170025d48cf50cf45292ee22d878
39fc2a2e466339afeb9764525a5f464f138eeabcd0af2f62b7d59785231bfb07,MITDB_P208,208,1420000000,3,20260927,MODEL_V2_TCN_MEANMAX,MODEL_V2_OPTIMIZER_CORRECTED_V1,1,9.225859642028809,0.999901533126831,11,V2-006-OPT-CORR-F03-S20260927,2500e6093eb81946536b9d443c1fd586c1ea170025d48cf50cf45292ee22d878
3a05136f1491daf470cd3b184a9f0d9e0ab0a85b0b60595096c3ec74b16052a7,MITDB_P223,223,1725000000,3,20260927,MODEL_V2_TCN_MEANMAX,MODEL_V2_OPTIMIZER_CORRECTED_V1,1,0.732779324054718,0.6754148602485657,11,V2-006-OPT-CORR-F03-S20260927,2500e6093eb81946536b9d443c1fd586c1ea170025d48cf50cf45292ee22d878
3a212ccc864570a7c7a823821f69eb9fc0257915ff585a1b71d2dd1e484dd07a,MITDB_P223,223,295000000,3,20260927,MODEL_V2_TCN_MEANMAX,MODEL_V2_OPTIMIZER_CORRECTED_V1,0,-5.989997386932373,0.002497417852282524,11,V2-006-OPT-CORR-F03-S20260927,2500e6093eb81946536b9d443c1fd586c1ea170025d48cf50cf45292ee22d878
3a219faa22986ac2a82b7925a0362c22438bfa954479f490943a21796cf7e485,MITDB_P121,121,1735000000,3,20260927,MODEL_V2_TCN_MEANMAX,MODEL_V2_OPTIMIZER_CORRECTED_V1,0,-9.288954734802246,9.243108797818422e-05,11,V2-006-OPT-CORR-F03-S20260927,2500e6093eb81946536b9d443c1fd586c1ea170025d48cf50cf45292ee22d878
3a83960fdaa7df417b8750881bcb8e7597bc9ba77b5c791039b1d22cc42f0c77,MITDB_P208,208,130000000,3,20260927,MODEL_V2_TCN_MEANMAX,MODEL_V2_OPTIMIZER_CORRECTED_V1,1,8.819377899169922,0.999852180480957,11,V2-006-OPT-CORR-F03-S20260927,2500e6093eb81946536b9d443c1fd586c1ea170025d48cf50cf45292ee22d878
3adf96bbac730cbf0a73db6a9689bb468bfb35cccb4d64ac5941af348d080f6c,MITDB_P121,121,705000000,3,20260927,MODEL_V2_TCN_MEANMAX,MODEL_V2_OPTIMIZER_CORRECTED_V1,0,-7.337414741516113,0.0006503074546344578,11,V2-006-OPT-CORR-F03-S20260927,2500e6093eb81946536b9d443c1fd586c1ea170025d48cf50cf45292ee22d878
3aeaeb3a610ea255e64319e8b52a884fca533f88cb316c4c7cf0e4f2019162c2,MITDB_P103,103,420000000,3,20260927,MODEL_V2_TCN_MEANMAX,MODEL_V2_OPTIMIZER_CORRECTED_V1,0,-6.179699420928955,0.0020667698699980974,11,V2-006-OPT-CORR-F03-S20260927,2500e6093eb81946536b9d443c1fd586c1ea170025d48cf50cf45292ee22d878
3afbe52009bb1bda40e591907e21a11a2913765d824c98c55de513ced17cdb1c,MITDB_P121,121,350000000,3,20260927,MODEL_V2_TCN_MEANMAX,MODEL_V2_OPTIMIZER_CORRECTED_V1,0,-1.392119288444519,0.19906963407993317,11,V2-006-OPT-CORR-F03-S20260927,2500e6093eb81946536b9d443c1fd586c1ea170025d48cf50cf45292ee22d878
3b00afffe2a64285fe00f4f903432cb1216cc7b7aaab8a3bd516c5f7bf893b4c,MITDB_P114,114,1220000000,3,20260927,MODEL_V2_TCN_MEANMAX,MODEL_V2_OPTIMIZER_CORRECTED_V1,0,-2.8685970306396484,0.05372793599963188,11,V2-006-OPT-CORR-F03-S20260927,2500e6093eb81946536b9d443c1fd586c1ea170025d48cf50cf45292ee22d878
3b7cb441de6b5ce2ce860ca9b9a24f916b175758cd24d89b1e4cf2f3c36ad884,MITDB_P121,121,340000000,3,20260927,MODEL_V2_TCN_MEANMAX,MODEL_V2_OPTIMIZER_CORRECTED_V1,0,-8.031734466552734,0.0003248784632887691,11,V2-006-OPT-CORR-F03-S20260927,2500e6093eb81946536b9d443c1fd586c1ea170025d48cf50cf45292ee22d878
3b7e441484376e36752abfbed6f1eb751f7ada23f5c17697d2b516b7d0403f3a,MITDB_P121,121,100000000,3,20260927,MODEL_V2_TCN_MEANMAX,MODEL_V2_OPTIMIZER_CORRECTED_V1,0,-8.313613891601562,0.00024509639479219913,11,V2-006-OPT-CORR-F03-S20260927,2500e6093eb81946536b9d443c1fd586c1ea170025d48cf50cf45292ee22d878
3bced3d8429881386ab0cdb0e5ecc42845eb5e4c1f863bd90a1e3ab5bccad9e4,MITDB_P223,223,1235000000,3,20260927,MODEL_V2_TCN_MEANMAX,MODEL_V2_OPTIMIZER_CORRECTED_V1,0,-5.115004062652588,0.00597009714692831,11,V2-006-OPT-CORR-F03-S20260927,2500e6093eb81946536b9d443c1fd586c1ea170025d48cf50cf45292ee22d878
3bfba5435f51e3c904d4689799ff7b7425bd8ce6d265d39fcb17c0a506c796f9,MITDB_P223,223,1565000000,3,20260927,MODEL_V2_TCN_MEANMAX,MODEL_V2_OPTIMIZER_CORRECTED_V1,1,8.304128646850586,0.9997525811195374,11,V2-006-OPT-CORR-F03-S20260927,2500e6093eb81946536b9d443c1fd586c1ea170025d48cf50cf45292ee22d878
3c63d9fa31151248571f0556b095bb4f77d814bb12308a76c80c217f0c955f17,MITDB_P121,121,1575000000,3,20260927,MODEL_V2_TCN_MEANMAX,MODEL_V2_OPTIMIZER_CORRECTED_V1,0,-4.787777423858643,0.008262122049927711,11,V2-006-OPT-CORR-F03-S20260927,2500e6093eb81946536b9d443c1fd586c1ea170025d48cf50cf45292ee22d878
3c79096b33d51c59f91943bf23477add2c56592c48bc271a5f29f476dacddda6,MITDB_P121,121,30000000,3,20260927,MODEL_V2_TCN_MEANMAX,MODEL_V2_OPTIMIZER_CORRECTED_V1,0,-7.588063716888428,0.0005062043783254921,11,V2-006-OPT-CORR-F03-S20260927,2500e6093eb81946536b9d443c1fd586c1ea170025d48cf50cf45292ee22d878
3ca8e5c96bb2263b3ab3fc0db3e275d5edd0839680af6b22f54b2cc36b0fc4ab,MITDB_P103,103,1205000000,3,20260927,MODEL_V2_TCN_MEANMAX,MODEL_V2_OPTIMIZER_CORRECTED_V1,0,-5.643002986907959,0.00352971232496202,11,V2-006-OPT-CORR-F03-S20260927,2500e6093eb81946536b9d443c1fd586c1ea170025d48cf50cf45292ee22d878
3cbce48e6c58647075bdb60188474ab17a0d869665ad07394c8d3d8009204ea6,MITDB_P223,223,1695000000,3,20260927,MODEL_V2_TCN_MEANMAX,MODEL_V2_OPTIMIZER_CORRECTED_V1,1,2.1584084033966064,0.8964518904685974,11,V2-006-OPT-CORR-F03-S20260927,2500e6093eb81946536b9d443c1fd586c1ea170025d48cf50cf45292ee22d878
3cd35dd27001ddb502ae370ca4e3833362cb1b0c29c67df88122d9000bc3a896,MITDB_P208,208,1590000000,3,20260927,MODEL_V2_TCN_MEANMAX,MODEL_V2_OPTIMIZER_CORRECTED_V1,1,10.049639701843262,0.9999568462371826,11,V2-006-OPT-CORR-F03-S20260927,2500e6093eb81946536b9d443c1fd586c1ea170025d48cf50cf45292ee22d878
3d066df6cfe78906e95377c8ca7d5e4e7848f437c3e9ded165c386186783dcba,MITDB_P103,103,565000000,3,20260927,MODEL_V2_TCN_MEANMAX,MODEL_V2_OPTIMIZER_CORRECTED_V1,0,-6.1685943603515625,0.002089801011607051,11,V2-006-OPT-CORR-F03-S20260927,2500e6093eb81946536b9d443c1fd586c1ea170025d48cf50cf45292ee22d878
3d09601a1ae65f8459195565d6e27b671994bcda2106799de129d15947bf3322,MITDB_P103,103,1490000000,3,20260927,MODEL_V2_TCN_MEANMAX,MODEL_V2_OPTIMIZER_CORRECTED_V1,0,-6.324476718902588,0.0017886983696371317,11,V2-006-OPT-CORR-F03-S20260927,2500e6093eb81946536b9d443c1fd586c1ea170025d48cf50cf45292ee22d878
3d2afde0376b1c3e918a1e90d1b78236a0cce6594bac87025a57bb932aff0368,MITDB_P121,121,1200000000,3,20260927,MODEL_V2_TCN_MEANMAX,MODEL_V2_OPTIMIZER_CORRECTED_V1,0,-7.772950172424316,0.00042079234845004976,11,V2-006-OPT-CORR-F03-S20260927,2500e6093eb81946536b9d443c1fd586c1ea170025d48cf50cf45292ee22d878
3d2ef9ca78b60ff18f74facc3cf0a683dd9d073c5c4698230261113dfb31ac7e,MITDB_P121,121,325000000,3,20260927,MODEL_V2_TCN_MEANMAX,MODEL_V2_OPTIMIZER_CORRECTED_V1,0,-6.782689571380615,0.0011319401673972607,11,V2-006-OPT-CORR-F03-S20260927,2500e6093eb81946536b9d443c1fd586c1ea170025d48cf50cf45292ee22d878
3d3ca989caa306d7b2ed090ac6773fc797f0a11b3ba8c9b0682d0711800bb2d3,MITDB_P121,121,1150000000,3,20260927,MODEL_V2_TCN_MEANMAX,MODEL_V2_OPTIMIZER_CORRECTED_V1,0,-7.709751129150391,0.0004482320509850979,11,V2-006-OPT-CORR-F03-S20260927,2500e6093eb81946536b9d443c1fd586c1ea170025d48cf50cf45292ee22d878
3d4e83452aabd895de1efde66d734bc25e52f02b96a51fb67c62594de8c855e2,MITDB_P208,208,635000000,3,20260927,MODEL_V2_TCN_MEANMAX,MODEL_V2_OPTIMIZER_CORRECTED_V1,1,9.939160346984863,0.9999517202377319,11,V2-006-OPT-CORR-F03-S20260927,2500e6093eb81946536b9d443c1fd586c1ea170025d48cf50cf45292ee22d878
3d98e93ba1574b1479eb5f1b5077bb12774989b1f11a0850805126dbacc7832a,MITDB_P223,223,1185000000,3,20260927,MODEL_V2_TCN_MEANMAX,MODEL_V2_OPTIMIZER_CORRECTED_V1,1,-1.632253646850586,0.163521870970726,11,V2-006-OPT-CORR-F03-S20260927,2500e6093eb81946536b9d443c1fd586c1ea170025d48cf50cf45292ee22d878
3db3e1aef1fa9ac0899352fe884251b7de13266b679cc7ceaeda71dad600eeb2,MITDB_P208,208,1370000000,3,20260927,MODEL_V2_TCN_MEANMAX,MODEL_V2_OPTIMIZER_CORRECTED_V1,1,9.39241886138916,0.999916672706604,11,V2-006-OPT-CORR-F03-S20260927,2500e6093eb81946536b9d443c1fd586c1ea170025d48cf50cf45292ee22d878
3e1a89c61056c7953869513043557ee8e5aee64d420b0392e0210fe05e62ec5f,MITDB_P114,114,1060000000,3,20260927,MODEL_V2_TCN_MEANMAX,MODEL_V2_OPTIMIZER_CORRECTED_V1,0,-2.8492867946624756,0.05471819266676903,11,V2-006-OPT-CORR-F03-S20260927,2500e6093eb81946536b9d443c1fd586c1ea170025d48cf50cf45292ee22d878
3e41f604b0cbc4d7814e96bc4f1a3cea965e9569b10b4fac97848b3abd0d641c,MITDB_P114,114,535000000,3,20260927,MODEL_V2_TCN_MEANMAX,MODEL_V2_OPTIMIZER_CORRECTED_V1,0,-5.389825344085693,0.004542045760899782,11,V2-006-OPT-CORR-F03-S20260927,2500e6093eb81946536b9d443c1fd586c1ea170025d48cf50cf45292ee22d878
3e994a8d0a58522064591e45bcf044b391302cdbfb2509c701d007f13c8158e8,MITDB_P223,223,990000000,3,20260927,MODEL_V2_TCN_MEANMAX,MODEL_V2_OPTIMIZER_CORRECTED_V1,0,-3.996548891067505,0.018047267571091652,11,V2-006-OPT-CORR-F03-S20260927,2500e6093eb81946536b9d443c1fd586c1ea170025d48cf50cf45292ee22d878
3ea1cc9201224704ec8750930ccdb48e3f1105103b5b9562fc933e9e896316d7,MITDB_P103,103,80000000,3,20260927,MODEL_V2_TCN_MEANMAX,MODEL_V2_OPTIMIZER_CORRECTED_V1,0,-6.866473197937012,0.0010410611284896731,11,V2-006-OPT-CORR-F03-S20260927,2500e6093eb81946536b9d443c1fd586c1ea170025d48cf50cf45292ee22d878
3ec045d672b6e28c9a26165980d3805c6250029c9c465352c1100ebfd16c7233,MITDB_P103,103,1090000000,3,20260927,MODEL_V2_TCN_MEANMAX,MODEL_V2_OPTIMIZER_CORRECTED_V1,0,-5.923547267913818,0.0026685516349971294,11,V2-006-OPT-CORR-F03-S20260927,2500e6093eb81946536b9d443c1fd586c1ea170025d48cf50cf45292ee22d878
3ec0e80588e9db8ac270575a44617a6c167d297f414a541a6ecf6f1a02e99bb0,MITDB_P114,114,1655000000,3,20260927,MODEL_V2_TCN_MEANMAX,MODEL_V2_OPTIMIZER_CORRECTED_V1,0,-1.8889741897583008,0.1313614845275879,11,V2-006-OPT-CORR-F03-S20260927,2500e6093eb81946536b9d443c1fd586c1ea170025d48cf50cf45292ee22d878
3ee164a3cabeddac213197d91b782cd116f3c00aa5f999c792622de5275f7013,MITDB_P223,223,265000000,3,20260927,MODEL_V2_TCN_MEANMAX,MODEL_V2_OPTIMIZER_CORRECTED_V1,0,-6.36344051361084,0.0017204618779942393,11,V2-006-OPT-CORR-F03-S20260927,2500e6093eb81946536b9d443c1fd586c1ea170025d48cf50cf45292ee22d878
3f1ed07d0e29f37ce7660632a04d1f3344b405e0a4dd1ecc7693ff9b71e8a542,MITDB_P103,103,210000000,3,20260927,MODEL_V2_TCN_MEANMAX,MODEL_V2_OPTIMIZER_CORRECTED_V1,0,-6.4554924964904785,0.0015693980967625976,11,V2-006-OPT-CORR-F03-S20260927,2500e6093eb81946536b9d443c1fd586c1ea170025d48cf50cf45292ee22d878
3f4f7b60094e523557066f60803da25a1ed47757ebdf45f2dbdc81e34530e84e,MITDB_P114,114,1105000000,3,20260927,MODEL_V2_TCN_MEANMAX,MODEL_V2_OPTIMIZER_CORRECTED_V1,0,-4.502717018127441,0.010957458056509495,11,V2-006-OPT-CORR-F03-S20260927,2500e6093eb81946536b9d443c1fd586c1ea170025d48cf50cf45292ee22d878
3f7642f912594b03c7a7b0caeb513dcefe4b8448782ed01b40d7c5b56476af1d,MITDB_P208,208,1080000000,3,20260927,MODEL_V2_TCN_MEANMAX,MODEL_V2_OPTIMIZER_CORRECTED_V1,1,10.376872062683105,0.9999688863754272,11,V2-006-OPT-CORR-F03-S20260927,2500e6093eb81946536b9d443c1fd586c1ea170025d48cf50cf45292ee22d878
3fc84213c6ffce7504a79e4a1abc01328c6c6dab258ca06262f3c45624356896,MITDB_P223,223,875000000,3,20260927,MODEL_V2_TCN_MEANMAX,MODEL_V2_OPTIMIZER_CORRECTED_V1,0,-3.640085458755493,0.025578657165169716,11,V2-006-OPT-CORR-F03-S20260927,2500e6093eb81946536b9d443c1fd586c1ea170025d48cf50cf45292ee22d878
3fcafab249288295cf2add671a3d74d2d5ca17843214ec465c5385d67e2fa25e,MITDB_P208,208,695000000,3,20260927,MODEL_V2_TCN_MEANMAX,MODEL_V2_OPTIMIZER_CORRECTED_V1,1,10.203269004821777,0.9999629259109497,11,V2-006-OPT-CORR-F03-S20260927,2500e6093eb81946536b9d443c1fd586c1ea170025d48cf50cf45292ee22d878
3fe5d02134adaea961295ae3bdc30abb926feb91d68cc2c1c51259d1fb7504a0,MITDB_P103,103,1735000000,3,20260927,MODEL_V2_TCN_MEANMAX,MODEL_V2_OPTIMIZER_CORRECTED_V1,0,-5.5285797119140625,0.00395591463893652,11,V2-006-OPT-CORR-F03-S20260927,2500e6093eb81946536b9d443c1fd586c1ea170025d48cf50cf45292ee22d878
3fea606c8f02b22da3df2db8efd621466f8bf2e541448f2a38f8c165dadb125d,MITDB_P121,121,955000000,3,20260927,MODEL_V2_TCN_MEANMAX,MODEL_V2_OPTIMIZER_CORRECTED_V1,0,-6.7275471687316895,0.001196034369058907,11,V2-006-OPT-CORR-F03-S20260927,2500e6093eb81946536b9d443c1fd586c1ea170025d48cf50cf45292ee22d878
405817e4149f93fe4083044ada56b5f5f979efd0e03bec30b9ff0c4e04fadea1,MITDB_P223,223,850000000,3,20260927,MODEL_V2_TCN_MEANMAX,MODEL_V2_OPTIMIZER_CORRECTED_V1,1,2.8677945137023926,0.9462312459945679,11,V2-006-OPT-CORR-F03-S20260927,2500e6093eb81946536b9d443c1fd586c1ea170025d48cf50cf45292ee22d878
408b7b1f2177052fef24de74e662757d1b0b6d789796219d2ae3a46bb767908a,MITDB_P121,121,1700000000,3,20260927,MODEL_V2_TCN_MEANMAX,MODEL_V2_OPTIMIZER_CORRECTED_V1,0,-9.533459663391113,7.238351099658757e-05,11,V2-006-OPT-CORR-F03-S20260927,2500e6093eb81946536b9d443c1fd586c1ea170025d48cf50cf45292ee22d878
4097fedab93f351a012dafb64815df27eebeab91c3653d3eedbe3069ed09253f,MITDB_P223,223,805000000,3,20260927,MODEL_V2_TCN_MEANMAX,MODEL_V2_OPTIMIZER_CORRECTED_V1,0,-4.747097492218018,0.0086022038012743,11,V2-006-OPT-CORR-F03-S20260927,2500e6093eb81946536b9d443c1fd586c1ea170025d48cf50cf45292ee22d878
40e6b3844002f792da570aadec8400fe60ecfb636a1fb7feb2de443748273ba3,MITDB_P103,103,810000000,3,20260927,MODEL_V2_TCN_MEANMAX,MODEL_V2_OPTIMIZER_CORRECTED_V1,0,-6.2076029777526855,0.002010011114180088,11,V2-006-OPT-CORR-F03-S20260927,2500e6093eb81946536b9d443c1fd586c1ea170025d48cf50cf45292ee22d878
40f4e3f60fca3129b9858fbd74ca73ff1b0368d2a476919037d19fbb14b64a6d,MITDB_P223,223,1525000000,3,20260927,MODEL_V2_TCN_MEANMAX,MODEL_V2_OPTIMIZER_CORRECTED_V1,1,1.764742136001587,0.8538026213645935,11,V2-006-OPT-CORR-F03-S20260927,2500e6093eb81946536b9d443c1fd586c1ea170025d48cf50cf45292ee22d878
4104605ca9744f2616fe41dee9dbbf2c4752881dd4c28de7de7b7ccad473e1f8,MITDB_P208,208,70000000,3,20260927,MODEL_V2_TCN_MEANMAX,MODEL_V2_OPTIMIZER_CORRECTED_V1,1,10.606494903564453,0.9999752044677734,11,V2-006-OPT-CORR-F03-S20260927,2500e6093eb81946536b9d443c1fd586c1ea170025d48cf50cf45292ee22d878
4140ae6c0cb9d1840f730bb1dca77ccb57f0b1c7f537b285a8d3247227503197,MITDB_P103,103,25000000,3,20260927,MODEL_V2_TCN_MEANMAX,MODEL_V2_OPTIMIZER_CORRECTED_V1,0,-7.102024555206299,0.0008227586513385177,11,V2-006-OPT-CORR-F03-S20260927,2500e6093eb81946536b9d443c1fd586c1ea170025d48cf50cf45292ee22d878
4170a4a5fcc0725590dd648e3f8a8cdc59a178e210367de6baa19a89732421b1,MITDB_P121,121,1805000000,3,20260927,MODEL_V2_TCN_MEANMAX,MODEL_V2_OPTIMIZER_CORRECTED_V1,0,-8.43928050994873,0.0002161589072784409,11,V2-006-OPT-CORR-F03-S20260927,2500e6093eb81946536b9d443c1fd586c1ea170025d48cf50cf45292ee22d878
41b6a06ca2b296e170e0f90d6b2a9f9272ebe37eec02f8b13ff2afb51ebe38df,MITDB_P121,121,345000000,3,20260927,MODEL_V2_TCN_MEANMAX,MODEL_V2_OPTIMIZER_CORRECTED_V1,0,-7.327293395996094,0.0006569185061380267,11,V2-006-OPT-CORR-F03-S20260927,2500e6093eb81946536b9d443c1fd586c1ea170025d48cf50cf45292ee22d878
41c1c0f751ae275e51882d4c9ebcb598eca976badf2d8065b37aa8fa3849ac74,MITDB_P208,208,1475000000,3,20260927,MODEL_V2_TCN_MEANMAX,MODEL_V2_OPTIMIZER_CORRECTED_V1,1,8.412287712097168,0.9997779726982117,11,V2-006-OPT-CORR-F03-S20260927,2500e6093eb81946536b9d443c1fd586c1ea170025d48cf50cf45292ee22d878
4202699ecc2a81f77e416a4e569a086cd6a86d2e394b9b3d87c225817b982711,MITDB_P103,103,485000000,3,20260927,MODEL_V2_TCN_MEANMAX,MODEL_V2_OPTIMIZER_CORRECTED_V1,0,-6.338292598724365,0.0017641992308199406,11,V2-006-OPT-CORR-F03-S20260927,2500e6093eb81946536b9d443c1fd586c1ea170025d48cf50cf45292ee22d878
4222704b88ba67228676c659c913d30b4effd26e0163e6df92bcd3e39ac5b890,MITDB_P121,121,570000000,3,20260927,MODEL_V2_TCN_MEANMAX,MODEL_V2_OPTIMIZER_CORRECTED_V1,0,-7.868215084075928,0.00038257043343037367,11,V2-006-OPT-CORR-F03-S20260927,2500e6093eb81946536b9d443c1fd586c1ea170025d48cf50cf45292ee22d878
424d3daace8bab1bff71e45feb043f8b351d923fe2761b68196dc88074b84591,MITDB_P103,103,880000000,3,20260927,MODEL_V2_TCN_MEANMAX,MODEL_V2_OPTIMIZER_CORRECTED_V1,0,-6.177562713623047,0.002071181545034051,11,V2-006-OPT-CORR-F03-S20260927,2500e6093eb81946536b9d443c1fd586c1ea170025d48cf50cf45292ee22d878
427ef5fddccddacc37ba87cff584ddbdedf045146e11057d5f7ee202b4754da8,MITDB_P223,223,920000000,3,20260927,MODEL_V2_TCN_MEANMAX,MODEL_V2_OPTIMIZER_CORRECTED_V1,1,-1.1377203464508057,0.24273915588855743,11,V2-006-OPT-CORR-F03-S20260927,2500e6093eb81946536b9d443c1fd586c1ea170025d48cf50cf45292ee22d878
428786653d5ec1bfde22b0b192c4ece11c89b1b194c4b31be9932bba5dec22e0,MITDB_P208,208,1695000000,3,20260927,MODEL_V2_TCN_MEANMAX,MODEL_V2_OPTIMIZER_CORRECTED_V1,1,10.944084167480469,0.9999823570251465,11,V2-006-OPT-CORR-F03-S20260927,2500e6093eb81946536b9d443c1fd586c1ea170025d48cf50cf45292ee22d878
428bf0113edf1f8f01dea722940eb29e4550202574acd5a34c3cd02ef18ce2dc,MITDB_P223,223,100000000,3,20260927,MODEL_V2_TCN_MEANMAX,MODEL_V2_OPTIMIZER_CORRECTED_V1,0,-6.875662326812744,0.0010315482504665852,11,V2-006-OPT-CORR-F03-S20260927,2500e6093eb81946536b9d443c1fd586c1ea170025d48cf50cf45292ee22d878
42e0a569360aec5e0150e203689d7359e048faa027a9eb47770b39f42b29d0e5,MITDB_P114,114,1805000000,3,20260927,MODEL_V2_TCN_MEANMAX,MODEL_V2_OPTIMIZER_CORRECTED_V1,0,-4.378754138946533,0.012385645881295204,11,V2-006-OPT-CORR-F03-S20260927,2500e6093eb81946536b9d443c1fd586c1ea170025d48cf50cf45292ee22d878
432f093bf866b03683a654cd4eafe87b50cf5b84aef05c866f0fe924a9e281f8,MITDB_P103,103,1415000000,3,20260927,MODEL_V2_TCN_MEANMAX,MODEL_V2_OPTIMIZER_CORRECTED_V1,0,-6.033976078033447,0.002390221692621708,11,V2-006-OPT-CORR-F03-S20260927,2500e6093eb81946536b9d443c1fd586c1ea170025d48cf50cf45292ee22d878
436edce264cff1efa0948c6ce6d61e0986910f4c2f5bb9a7c00d805f1372a0af,MITDB_P223,223,1700000000,3,20260927,MODEL_V2_TCN_MEANMAX,MODEL_V2_OPTIMIZER_CORRECTED_V1,1,2.613075017929077,0.9316982626914978,11,V2-006-OPT-CORR-F03-S20260927,2500e6093eb81946536b9d443c1fd586c1ea170025d48cf50cf45292ee22d878
4389f546d1305a71d46174315e6fdf1d681d66d1dcf33a48f44505f492d9196a,MITDB_P103,103,105000000,3,20260927,MODEL_V2_TCN_MEANMAX,MODEL_V2_OPTIMIZER_CORRECTED_V1,0,-6.342991352081299,0.0017559437546879053,11,V2-006-OPT-CORR-F03-S20260927,2500e6093eb81946536b9d443c1fd586c1ea170025d48cf50cf45292ee22d878
439a8ace5a372ba65eea8038cdced49c7447b228ac82e9d77d9ce38565d5c5f7,MITDB_P223,223,615000000,3,20260927,MODEL_V2_TCN_MEANMAX,MODEL_V2_OPTIMIZER_CORRECTED_V1,1,-2.1090807914733887,0.10821735113859177,11,V2-006-OPT-CORR-F03-S20260927,2500e6093eb81946536b9d443c1fd586c1ea170025d48cf50cf45292ee22d878
43a62b685f7bc5c3845bded0c21b450463e181567b688ffa48ebd88fc55f439e,MITDB_P121,121,1175000000,3,20260927,MODEL_V2_TCN_MEANMAX,MODEL_V2_OPTIMIZER_CORRECTED_V1,0,-7.868175983428955,0.0003825854219030589,11,V2-006-OPT-CORR-F03-S20260927,2500e6093eb81946536b9d443c1fd586c1ea170025d48cf50cf45292ee22d878
43b4f052df316456bfc98ec311356a5f537e430f28010896cef96437f5acfc1a,MITDB_P103,103,1295000000,3,20260927,MODEL_V2_TCN_MEANMAX,MODEL_V2_OPTIMIZER_CORRECTED_V1,0,-6.555172443389893,0.0014207161730155349,11,V2-006-OPT-CORR-F03-S20260927,2500e6093eb81946536b9d443c1fd586c1ea170025d48cf50cf45292ee22d878
43eea6dc7c75dc19e3d71a0ed68580e2b4923c3ccdfaedc87e18794345b39059,MITDB_P121,121,1715000000,3,20260927,MODEL_V2_TCN_MEANMAX,MODEL_V2_OPTIMIZER_CORRECTED_V1,0,-7.832950115203857,0.0003962970513384789,11,V2-006-OPT-CORR-F03-S20260927,2500e6093eb81946536b9d443c1fd586c1ea170025d48cf50cf45292ee22d878
441fc0ebf37719e76522459a417f2e67182a216a5719446e74b3154cb9489c08,MITDB_P223,223,1255000000,3,20260927,MODEL_V2_TCN_MEANMAX,MODEL_V2_OPTIMIZER_CORRECTED_V1,0,-4.662024974822998,0.009358895942568779,11,V2-006-OPT-CORR-F03-S20260927,2500e6093eb81946536b9d443c1fd586c1ea170025d48cf50cf45292ee22d878
4440e096e0a4509f83971e1de74c21190d3c71e6cf55d48fcdc89d2048ccdb46,MITDB_P223,223,1115000000,3,20260927,MODEL_V2_TCN_MEANMAX,MODEL_V2_OPTIMIZER_CORRECTED_V1,0,-5.513211727142334,0.004016932565718889,11,V2-006-OPT-CORR-F03-S20260927,2500e6093eb81946536b9d443c1fd586c1ea170025d48cf50cf45292ee22d878
445125ae5898c8799812bcdb66bcb5bc32d979d5bc2be055b53cd94b2ca45051,MITDB_P114,114,60000000,3,20260927,MODEL_V2_TCN_MEANMAX,MODEL_V2_OPTIMIZER_CORRECTED_V1,0,-5.379836082458496,0.004587435629218817,11,V2-006-OPT-CORR-F03-S20260927,2500e6093eb81946536b9d443c1fd586c1ea170025d48cf50cf45292ee22d878
448097296bc957b857b817edfcfa315d144fee0131565c3f221ae8dd3a761676,MITDB_P114,114,695000000,3,20260927,MODEL_V2_TCN_MEANMAX,MODEL_V2_OPTIMIZER_CORRECTED_V1,0,-3.784839153289795,0.022208113223314285,11,V2-006-OPT-CORR-F03-S20260927,2500e6093eb81946536b9d443c1fd586c1ea170025d48cf50cf45292ee22d878
450ba089a5c1146cd84d98977dbd2d54444eca362b575b574176f10dc6e203e7,MITDB_P121,121,690000000,3,20260927,MODEL_V2_TCN_MEANMAX,MODEL_V2_OPTIMIZER_CORRECTED_V1,0,-7.227058410644531,0.0007261275895871222,11,V2-006-OPT-CORR-F03-S20260927,2500e6093eb81946536b9d443c1fd586c1ea170025d48cf50cf45292ee22d878
4516ec2768c0cd01340b53c1bfa9e7c33a2b709fab57dcbdc3f3957f693181cd,MITDB_P208,208,165000000,3,20260927,MODEL_V2_TCN_MEANMAX,MODEL_V2_OPTIMIZER_CORRECTED_V1,1,10.756625175476074,0.9999786615371704,11,V2-006-OPT-CORR-F03-S20260927,2500e6093eb81946536b9d443c1fd586c1ea170025d48cf50cf45292ee22d878
451e3d09c40fe1a9e8853972bc424d01ea58e385aefbd03a5f72024b09a9dfac,MITDB_P208,208,255000000,3,20260927,MODEL_V2_TCN_MEANMAX,MODEL_V2_OPTIMIZER_CORRECTED_V1,1,11.829937934875488,0.9999927282333374,11,V2-006-OPT-CORR-F03-S20260927,2500e6093eb81946536b9d443c1fd586c1ea170025d48cf50cf45292ee22d878
45621445f8a3818c882385b274689ec8b39547b988a2e743628952414749a988,MITDB_P103,103,255000000,3,20260927,MODEL_V2_TCN_MEANMAX,MODEL_V2_OPTIMIZER_CORRECTED_V1,0,-6.057872295379639,0.002333913231268525,11,V2-006-OPT-CORR-F03-S20260927,2500e6093eb81946536b9d443c1fd586c1ea170025d48cf50cf45292ee22d878
457ef647a16ac90a2c5e50944a5de67df16c9a729979d9d75564f3d1802885b9,MITDB_P223,223,1310000000,3,20260927,MODEL_V2_TCN_MEANMAX,MODEL_V2_OPTIMIZER_CORRECTED_V1,1,2.2391650676727295,0.9037117958068848,11,V2-006-OPT-CORR-F03-S20260927,2500e6093eb81946536b9d443c1fd586c1ea170025d48cf50cf45292ee22d878
459ab5cd1484df4b21bff57e6e97dceba67be3683b57fa677d2e3eb3e048b862,MITDB_P103,103,1755000000,3,20260927,MODEL_V2_TCN_MEANMAX,MODEL_V2_OPTIMIZER_CORRECTED_V1,0,-5.7993268966674805,0.003020442556589842,11,V2-006-OPT-CORR-F03-S20260927,2500e6093eb81946536b9d443c1fd586c1ea170025d48cf50cf45292ee22d878
45b65c5618905f365a22445c4c7e511f7c6cfe37755323c30c2ebd39a1880b78,MITDB_P208,208,1600000000,3,20260927,MODEL_V2_TCN_MEANMAX,MODEL_V2_OPTIMIZER_CORRECTED_V1,1,8.930745124816895,0.9998677968978882,11,V2-006-OPT-CORR-F03-S20260927,2500e6093eb81946536b9d443c1fd586c1ea170025d48cf50cf45292ee22d878
45e335860d1050da0bcf77528bf813416db27b84f0cf57b41b2255e96b684c89,MITDB_P121,121,95000000,3,20260927,MODEL_V2_TCN_MEANMAX,MODEL_V2_OPTIMIZER_CORRECTED_V1,0,-7.482398509979248,0.0005625889752991498,11,V2-006-OPT-CORR-F03-S20260927,2500e6093eb81946536b9d443c1fd586c1ea170025d48cf50cf45292ee22d878
45e360e0596ae96d00db7ac38de569c50bc6120db70c65782456ec8b41f97d1b,MITDB_P208,208,1640000000,3,20260927,MODEL_V2_TCN_MEANMAX,MODEL_V2_OPTIMIZER_CORRECTED_V1,1,10.24482250213623,0.9999644756317139,11,V2-006-OPT-CORR-F03-S20260927,2500e6093eb81946536b9d443c1fd586c1ea170025d48cf50cf45292ee22d878
45f992dffd16326035f79c18f787087e62e3e4200785b55f6c1653b6ce655c7c,MITDB_P208,208,1550000000,3,20260927,MODEL_V2_TCN_MEANMAX,MODEL_V2_OPTIMIZER_CORRECTED_V1,1,6.162805557250977,0.9978981018066406,11,V2-006-OPT-CORR-F03-S20260927,2500e6093eb81946536b9d443c1fd586c1ea170025d48cf50cf45292ee22d878
460742069da402f904354bc0c58fe83f8748f5f12cb616220d967ed0a3f8e1cf,MITDB_P223,223,1295000000,3,20260927,MODEL_V2_TCN_MEANMAX,MODEL_V2_OPTIMIZER_CORRECTED_V1,1,-1.5474520921707153,0.17545457184314728,11,V2-006-OPT-CORR-F03-S20260927,2500e6093eb81946536b9d443c1fd586c1ea170025d48cf50cf45292ee22d878
460ba8171cbe27c962865e0c2023421d8e2fcb41c23f77f591122033aa8b5d80,MITDB_P223,223,1050000000,3,20260927,MODEL_V2_TCN_MEANMAX,MODEL_V2_OPTIMIZER_CORRECTED_V1,1,-0.2739498019218445,0.43193766474723816,11,V2-006-OPT-CORR-F03-S20260927,2500e6093eb81946536b9d443c1fd586c1ea170025d48cf50cf45292ee22d878
4620d1e0cc0e93871de561b74ea1006ad59a462bd6604ab13e235dea2e74b946,MITDB_P121,121,205000000,3,20260927,MODEL_V2_TCN_MEANMAX,MODEL_V2_OPTIMIZER_CORRECTED_V1,0,-7.845314025878906,0.00039142934838309884,11,V2-006-OPT-CORR-F03-S20260927,2500e6093eb81946536b9d443c1fd586c1ea170025d48cf50cf45292ee22d878
4634a48aeff009dce03fef419d9c4b790aa080686b15675196e26d2670bdf236,MITDB_P114,114,475000000,3,20260927,MODEL_V2_TCN_MEANMAX,MODEL_V2_OPTIMIZER_CORRECTED_V1,1,-4.667416572570801,0.009309040382504463,11,V2-006-OPT-CORR-F03-S20260927,2500e6093eb81946536b9d443c1fd586c1ea170025d48cf50cf45292ee22d878
46395f84f6597b31128655f0a73d9a3fd6df160e7ea63e8a93b5a831a5d0031a,MITDB_P103,103,220000000,3,20260927,MODEL_V2_TCN_MEANMAX,MODEL_V2_OPTIMIZER_CORRECTED_V1,0,-6.551815509796143,0.001425486640073359,11,V2-006-OPT-CORR-F03-S20260927,2500e6093eb81946536b9d443c1fd586c1ea170025d48cf50cf45292ee22d878
4665e4ba81bd32501c316e7edcbbcd686e0d140285453965c0f8adbaa0c5fd3e,MITDB_P223,223,1745000000,3,20260927,MODEL_V2_TCN_MEANMAX,MODEL_V2_OPTIMIZER_CORRECTED_V1,1,-1.2663333415985107,0.21988557279109955,11,V2-006-OPT-CORR-F03-S20260927,2500e6093eb81946536b9d443c1fd586c1ea170025d48cf50cf45292ee22d878
466f57bca61c0ede05e24d78eb1b960f9f9831f14e8da133bff8dc6d27d6999f,MITDB_P121,121,1115000000,3,20260927,MODEL_V2_TCN_MEANMAX,MODEL_V2_OPTIMIZER_CORRECTED_V1,0,-7.890904903411865,0.0003739909443538636,11,V2-006-OPT-CORR-F03-S20260927,2500e6093eb81946536b9d443c1fd586c1ea170025d48cf50cf45292ee22d878
46889ae34c820e05fc726f7b769ac5ab031bb9d95e9269e5392fabd5619532fa,MITDB_P114,114,800000000,3,20260927,MODEL_V2_TCN_MEANMAX,MODEL_V2_OPTIMIZER_CORRECTED_V1,0,0.30463677644729614,0.575575590133667,11,V2-006-OPT-CORR-F03-S20260927,2500e6093eb81946536b9d443c1fd586c1ea170025d48cf50cf45292ee22d878
46b83db0cd37e46f305cff79905183ec0e50fedcd5f70b638c97725af4a18b95,MITDB_P208,208,1305000000,3,20260927,MODEL_V2_TCN_MEANMAX,MODEL_V2_OPTIMIZER_CORRECTED_V1,1,4.225353717803955,0.9855904579162598,11,V2-006-OPT-CORR-F03-S20260927,2500e6093eb81946536b9d443c1fd586c1ea170025d48cf50cf45292ee22d878
47158b27315b66524db03797473b777c5afe2a18220d268fdb639f3a2944e322,MITDB_P223,223,195000000,3,20260927,MODEL_V2_TCN_MEANMAX,MODEL_V2_OPTIMIZER_CORRECTED_V1,1,-1.918243169784546,0.128057599067688,11,V2-006-OPT-CORR-F03-S20260927,2500e6093eb81946536b9d443c1fd586c1ea170025d48cf50cf45292ee22d878
472e0883f8256ac6e1abf8501a402786e59b8c1a3bc556dd6d6cc88075f4c8cb,MITDB_P121,121,430000000,3,20260927,MODEL_V2_TCN_MEANMAX,MODEL_V2_OPTIMIZER_CORRECTED_V1,0,-7.396011829376221,0.0006133190472610295,11,V2-006-OPT-CORR-F03-S20260927,2500e6093eb81946536b9d443c1fd586c1ea170025d48cf50cf45292ee22d878
473bfbc5e952a4830199aa2bee8e5f152b284601d6efd6a8872ad8d1a155d934,MITDB_P103,103,1665000000,3,20260927,MODEL_V2_TCN_MEANMAX,MODEL_V2_OPTIMIZER_CORRECTED_V1,0,-6.99321985244751,0.0009172435384243727,11,V2-006-OPT-CORR-F03-S20260927,2500e6093eb81946536b9d443c1fd586c1ea170025d48cf50cf45292ee22d878
4755f5c23f30847049cc2d1b3740c6c6e855f809c88837d6ebb636ee016e6b32,MITDB_P223,223,255000000,3,20260927,MODEL_V2_TCN_MEANMAX,MODEL_V2_OPTIMIZER_CORRECTED_V1,0,-6.147761344909668,0.0021337009966373444,11,V2-006-OPT-CORR-F03-S20260927,2500e6093eb81946536b9d443c1fd586c1ea170025d48cf50cf45292ee22d878
47711ff812767047d1bed8c0c86b0a9a7cef4aad88b7f2ce111537192592f537,MITDB_P121,121,665000000,3,20260927,MODEL_V2_TCN_MEANMAX,MODEL_V2_OPTIMIZER_CORRECTED_V1,0,-8.11130428314209,0.0003000371216330677,11,V2-006-OPT-CORR-F03-S20260927,2500e6093eb81946536b9d443c1fd586c1ea170025d48cf50cf45292ee22d878
477eb0523bfa10e6258b685c38e6d71a7c1a555bd16a0750566bfd42938e4e25,MITDB_P121,121,1640000000,3,20260927,MODEL_V2_TCN_MEANMAX,MODEL_V2_OPTIMIZER_CORRECTED_V1,0,-10.91815185546875,1.8125876522390172e-05,11,V2-006-OPT-CORR-F03-S20260927,2500e6093eb81946536b9d443c1fd586c1ea170025d48cf50cf45292ee22d878
478f774c4fec287d84ebb5a82c3bc7d60dcea32f470433aacf474e61bc3d57c1,MITDB_P103,103,160000000,3,20260927,MODEL_V2_TCN_MEANMAX,MODEL_V2_OPTIMIZER_CORRECTED_V1,0,-6.06183385848999,0.0023247068747878075,11,V2-006-OPT-CORR-F03-S20260927,2500e6093eb81946536b9d443c1fd586c1ea170025d48cf50cf45292ee22d878
47cca4faf533e750d1536f4cac432d17bffe27bc7028f36fc38f319fd077b7ee,MITDB_P223,223,425000000,3,20260927,MODEL_V2_TCN_MEANMAX,MODEL_V2_OPTIMIZER_CORRECTED_V1,0,-2.524660110473633,0.07414739578962326,11,V2-006-OPT-CORR-F03-S20260927,2500e6093eb81946536b9d443c1fd586c1ea170025d48cf50cf45292ee22d878
481e283a55c0f7c8136920aa8ed0eaee2540621f2f024f18f084371793d86c6b,MITDB_P114,114,105000000,3,20260927,MODEL_V2_TCN_MEANMAX,MODEL_V2_OPTIMIZER_CORRECTED_V1,0,-5.554495334625244,0.0038551019970327616,11,V2-006-OPT-CORR-F03-S20260927,2500e6093eb81946536b9d443c1fd586c1ea170025d48cf50cf45292ee22d878
48342c19f2922d7331744a74a7c6be9f2dd9f29352c9fac1de9e7d42f3114eb5,MITDB_P223,223,600000000,3,20260927,MODEL_V2_TCN_MEANMAX,MODEL_V2_OPTIMIZER_CORRECTED_V1,1,-2.786938428878784,0.05803409218788147,11,V2-006-OPT-CORR-F03-S20260927,2500e6093eb81946536b9d443c1fd586c1ea170025d48cf50cf45292ee22d878
48360fb12d0eaba8d1608c3f420da3d5bb56a8ef13f6914a6cd92e061e6dd47b,MITDB_P114,114,1785000000,3,20260927,MODEL_V2_TCN_MEANMAX,MODEL_V2_OPTIMIZER_CORRECTED_V1,0,-0.7293001413345337,0.3253483176231384,11,V2-006-OPT-CORR-F03-S20260927,2500e6093eb81946536b9d443c1fd586c1ea170025d48cf50cf45292ee22d878
483b59cc0761464c38293ca65d63e7f82a406da9b2b26fa09af30354522a4833,MITDB_P208,208,100000000,3,20260927,MODEL_V2_TCN_MEANMAX,MODEL_V2_OPTIMIZER_CORRECTED_V1,1,11.1068115234375,0.9999849796295166,11,V2-006-OPT-CORR-F03-S20260927,2500e6093eb81946536b9d443c1fd586c1ea170025d48cf50cf45292ee22d878
4843144c3c7912be193626a7e12b1a90a597542036b360b6df02d6ab3c10390f,MITDB_P121,121,460000000,3,20260927,MODEL_V2_TCN_MEANMAX,MODEL_V2_OPTIMIZER_CORRECTED_V1,0,-7.330521106719971,0.0006548030069097877,11,V2-006-OPT-CORR-F03-S20260927,2500e6093eb81946536b9d443c1fd586c1ea170025d48cf50cf45292ee22d878
485ebcde0474724f35346b2db7fc225c604ab222d82c2a6dd364c0b5adae4d16,MITDB_P114,114,1390000000,3,20260927,MODEL_V2_TCN_MEANMAX,MODEL_V2_OPTIMIZER_CORRECTED_V1,0,-3.6778275966644287,0.024654613807797432,11,V2-006-OPT-CORR-F03-S20260927,2500e6093eb81946536b9d443c1fd586c1ea170025d48cf50cf45292ee22d878
4875eeaaeddc34517d6ea99888ffc8584814b52199ed463eae775efb26eac838,MITDB_P121,121,970000000,3,20260927,MODEL_V2_TCN_MEANMAX,MODEL_V2_OPTIMIZER_CORRECTED_V1,0,-8.09902572631836,0.00030374270863831043,11,V2-006-OPT-CORR-F03-S20260927,2500e6093eb81946536b9d443c1fd586c1ea170025d48cf50cf45292ee22d878
48858c91e72ebcb0ae16b9b25571e676b0d070e38e60fea7738db997fa627874,MITDB_P103,103,505000000,3,20260927,MODEL_V2_TCN_MEANMAX,MODEL_V2_OPTIMIZER_CORRECTED_V1,0,-6.376789569854736,0.0016976867336779833,11,V2-006-OPT-CORR-F03-S20260927,2500e6093eb81946536b9d443c1fd586c1ea170025d48cf50cf45292ee22d878
489d514368c8f41c1b6a0b11ce35ffe4c6f386ffe72d3372c339d551bbbd484f,MITDB_P103,103,915000000,3,20260927,MODEL_V2_TCN_MEANMAX,MODEL_V2_OPTIMIZER_CORRECTED_V1,0,-5.68017578125,0.0034013499971479177,11,V2-006-OPT-CORR-F03-S20260927,2500e6093eb81946536b9d443c1fd586c1ea170025d48cf50cf45292ee22d878
489e0e19cac4fa589d4b8388df0562bed60f738992ebb5fac63ce63be8a107ec,MITDB_P103,103,1730000000,3,20260927,MODEL_V2_TCN_MEANMAX,MODEL_V2_OPTIMIZER_CORRECTED_V1,0,-5.979966640472412,0.002522531431168318,11,V2-006-OPT-CORR-F03-S20260927,2500e6093eb81946536b9d443c1fd586c1ea170025d48cf50cf45292ee22d878
48a07a2e3e7481892875a02a0dfc7d0d0d45eaa22912515bb317efa6a05a4a87,MITDB_P114,114,95000000,3,20260927,MODEL_V2_TCN_MEANMAX,MODEL_V2_OPTIMIZER_CORRECTED_V1,1,1.5290005207061768,0.8218600749969482,11,V2-006-OPT-CORR-F03-S20260927,2500e6093eb81946536b9d443c1fd586c1ea170025d48cf50cf45292ee22d878
48b19e71d7b28e7a5e575d29f5d699bb259da20ee5623cfee697a91622686c47,MITDB_P121,121,1405000000,3,20260927,MODEL_V2_TCN_MEANMAX,MODEL_V2_OPTIMIZER_CORRECTED_V1,0,-6.7860107421875,0.0011281912447884679,11,V2-006-OPT-CORR-F03-S20260927,2500e6093eb81946536b9d443c1fd586c1ea170025d48cf50cf45292ee22d878
48cd9e680036896aae955765aa2d721dbaa03adb18eecc3d1d79eb02d04fa7f5,MITDB_P114,114,115000000,3,20260927,MODEL_V2_TCN_MEANMAX,MODEL_V2_OPTIMIZER_CORRECTED_V1,0,-3.4372870922088623,0.03115025721490383,11,V2-006-OPT-CORR-F03-S20260927,2500e6093eb81946536b9d443c1fd586c1ea170025d48cf50cf45292ee22d878
4958a83ebfcc87470a574ea79853ddc80a10533bc11890ae63d2c6e19e687d8a,MITDB_P103,103,820000000,3,20260927,MODEL_V2_TCN_MEANMAX,MODEL_V2_OPTIMIZER_CORRECTED_V1,0,-6.719622611999512,0.0012055386323481798,11,V2-006-OPT-CORR-F03-S20260927,2500e6093eb81946536b9d443c1fd586c1ea170025d48cf50cf45292ee22d878
499f0489a4e534771942e85766adb8588c5382ab0429044ed63b1ec3ee0a59c4,MITDB_P103,103,1115000000,3,20260927,MODEL_V2_TCN_MEANMAX,MODEL_V2_OPTIMIZER_CORRECTED_V1,0,-5.629091262817383,0.0035789827816188335,11,V2-006-OPT-CORR-F03-S20260927,2500e6093eb81946536b9d443c1fd586c1ea170025d48cf50cf45292ee22d878
49a0c0a330046b120e058706a6f961a2c329e86f2269bf07581a4df08869453c,MITDB_P208,208,1320000000,3,20260927,MODEL_V2_TCN_MEANMAX,MODEL_V2_OPTIMIZER_CORRECTED_V1,1,10.497489929199219,0.9999723434448242,11,V2-006-OPT-CORR-F03-S20260927,2500e6093eb81946536b9d443c1fd586c1ea170025d48cf50cf45292ee22d878
49f05f299b489e8cce7c9c9194913e7b7d32596f9dd0d8ff765bf8523e35a172,MITDB_P121,121,235000000,3,20260927,MODEL_V2_TCN_MEANMAX,MODEL_V2_OPTIMIZER_CORRECTED_V1,0,-6.985488414764404,0.0009243560489267111,11,V2-006-OPT-CORR-F03-S20260927,2500e6093eb81946536b9d443c1fd586c1ea170025d48cf50cf45292ee22d878
4a1327ac64821307cd1c71bd202f65c2d13903d0526aec1e4ffc1615a30eab4e,MITDB_P114,114,525000000,3,20260927,MODEL_V2_TCN_MEANMAX,MODEL_V2_OPTIMIZER_CORRECTED_V1,1,5.883438587188721,0.9972225427627563,11,V2-006-OPT-CORR-F03-S20260927,2500e6093eb81946536b9d443c1fd586c1ea170025d48cf50cf45292ee22d878
4a16734343d149a0bcc603a87add86b664c394550f07da87a7727ebfb461a929,MITDB_P103,103,50000000,3,20260927,MODEL_V2_TCN_MEANMAX,MODEL_V2_OPTIMIZER_CORRECTED_V1,0,-6.14279317855835,0.002144305035471916,11,V2-006-OPT-CORR-F03-S20260927,2500e6093eb81946536b9d443c1fd586c1ea170025d48cf50cf45292ee22d878
4a3ad5e9602b521848bda06955048b8ef4a089a65880865d7944a48b5b6e7441,MITDB_P114,114,1355000000,3,20260927,MODEL_V2_TCN_MEANMAX,MODEL_V2_OPTIMIZER_CORRECTED_V1,0,-1.5826631784439087,0.1704186350107193,11,V2-006-OPT-CORR-F03-S20260927,2500e6093eb81946536b9d443c1fd586c1ea170025d48cf50cf45292ee22d878
4a42f95eb9a43a7dfea47430017ff47db65467ed3fabe991ee4b0fb4dcf9ef80,MITDB_P121,121,880000000,3,20260927,MODEL_V2_TCN_MEANMAX,MODEL_V2_OPTIMIZER_CORRECTED_V1,0,-7.192980766296387,0.0007512798765674233,11,V2-006-OPT-CORR-F03-S20260927,2500e6093eb81946536b9d443c1fd586c1ea170025d48cf50cf45292ee22d878
4a5c02cc8d63c445c31f4d030192bff09e57b7e1274d4c9d5f2a2151a7ddda65,MITDB_P223,223,200000000,3,20260927,MODEL_V2_TCN_MEANMAX,MODEL_V2_OPTIMIZER_CORRECTED_V1,0,-7.326512336730957,0.0006574314902536571,11,V2-006-OPT-CORR-F03-S20260927,2500e6093eb81946536b9d443c1fd586c1ea170025d48cf50cf45292ee22d878
4a7e95f20cc7df9543153153cc95f4f657297f5164f3befbc97766519e1efbac,MITDB_P114,114,690000000,3,20260927,MODEL_V2_TCN_MEANMAX,MODEL_V2_OPTIMIZER_CORRECTED_V1,0,-3.95641827583313,0.018772371113300323,11,V2-006-OPT-CORR-F03-S20260927,2500e6093eb81946536b9d443c1fd586c1ea170025d48cf50cf45292ee22d878
4a7f718dfafac16f9c6f99fcdaec9190e477f677eb8635da6d78047c269278eb,MITDB_P223,223,745000000,3,20260927,MODEL_V2_TCN_MEANMAX,MODEL_V2_OPTIMIZER_CORRECTED_V1,1,2.9640278816223145,0.9509223103523254,11,V2-006-OPT-CORR-F03-S20260927,2500e6093eb81946536b9d443c1fd586c1ea170025d48cf50cf45292ee22d878
4a8b465e2ae63354484399ff072a2bb0b104a81d2e4921388196230612d1aed1,MITDB_P223,223,930000000,3,20260927,MODEL_V2_TCN_MEANMAX,MODEL_V2_OPTIMIZER_CORRECTED_V1,1,-1.8042733669281006,0.14133165776729584,11,V2-006-OPT-CORR-F03-S20260927,2500e6093eb81946536b9d443c1fd586c1ea170025d48cf50cf45292ee22d878
4a8bbbecb423463bae0539c77e984df4825474e0ed2974d166db1d5eb7b21945,MITDB_P208,208,140000000,3,20260927,MODEL_V2_TCN_MEANMAX,MODEL_V2_OPTIMIZER_CORRECTED_V1,1,11.035401344299316,0.9999839067459106,11,V2-006-OPT-CORR-F03-S20260927,2500e6093eb81946536b9d443c1fd586c1ea170025d48cf50cf45292ee22d878
4ab42ab8d7ecf73b4e03e95e102088d028935f3bef2b3ad2323192ae6d5cf420,MITDB_P121,121,465000000,3,20260927,MODEL_V2_TCN_MEANMAX,MODEL_V2_OPTIMIZER_CORRECTED_V1,0,-8.196805000305176,0.0002754566085059196,11,V2-006-OPT-CORR-F03-S20260927,2500e6093eb81946536b9d443c1fd586c1ea170025d48cf50cf45292ee22d878
4abd7badaacd49c8dcebad95c837a4e4ace35c06731c5d7af2d2ebbef2c24aea,MITDB_P208,208,755000000,3,20260927,MODEL_V2_TCN_MEANMAX,MODEL_V2_OPTIMIZER_CORRECTED_V1,1,8.973885536193848,0.9998732805252075,11,V2-006-OPT-CORR-F03-S20260927,2500e6093eb81946536b9d443c1fd586c1ea170025d48cf50cf45292ee22d878
4ac0b10bcb107d66943003cad8db76c157791514c73fd5aa73a641f8004377f0,MITDB_P114,114,15000000,3,20260927,MODEL_V2_TCN_MEANMAX,MODEL_V2_OPTIMIZER_CORRECTED_V1,0,-5.060923099517822,0.00629976624622941,11,V2-006-OPT-CORR-F03-S20260927,2500e6093eb81946536b9d443c1fd586c1ea170025d48cf50cf45292ee22d878
4ac90f8e7e005c966a15b7c43d11fa4901c65d1d9de20caf8a2f29ecf150392a,MITDB_P223,223,1395000000,3,20260927,MODEL_V2_TCN_MEANMAX,MODEL_V2_OPTIMIZER_CORRECTED_V1,1,3.6761467456817627,0.975304901599884,11,V2-006-OPT-CORR-F03-S20260927,2500e6093eb81946536b9d443c1fd586c1ea170025d48cf50cf45292ee22d878
4aec99795ddf4ad80f9d102a25cfa286e99e4e5032e815ec527619815ee3a832,MITDB_P223,223,1670000000,3,20260927,MODEL_V2_TCN_MEANMAX,MODEL_V2_OPTIMIZER_CORRECTED_V1,1,3.583493947982788,0.9729722738265991,11,V2-006-OPT-CORR-F03-S20260927,2500e6093eb81946536b9d443c1fd586c1ea170025d48cf50cf45292ee22d878
4b05d7b67b9e91c243a3cff4c05727e6a056e3211ab42e3e30c45c14c1aeed3d,MITDB_P208,208,660000000,3,20260927,MODEL_V2_TCN_MEANMAX,MODEL_V2_OPTIMIZER_CORRECTED_V1,1,10.217386245727539,0.9999635219573975,11,V2-006-OPT-CORR-F03-S20260927,2500e6093eb81946536b9d443c1fd586c1ea170025d48cf50cf45292ee22d878
4b351f5e100ca8d30adc8e0e935e2c454f1927db1a192b4a38f73b7cf5e62a55,MITDB_P103,103,740000000,3,20260927,MODEL_V2_TCN_MEANMAX,MODEL_V2_OPTIMIZER_CORRECTED_V1,0,-6.748384952545166,0.0011713983258232474,11,V2-006-OPT-CORR-F03-S20260927,2500e6093eb81946536b9d443c1fd586c1ea170025d48cf50cf45292ee22d878
4bac41db29356793a543a0d739e7300fd3f2f218a603aa296fb2280fc732bde0,MITDB_P208,208,1760000000,3,20260927,MODEL_V2_TCN_MEANMAX,MODEL_V2_OPTIMIZER_CORRECTED_V1,1,10.703377723693848,0.9999775886535645,11,V2-006-OPT-CORR-F03-S20260927,2500e6093eb81946536b9d443c1fd586c1ea170025d48cf50cf45292ee22d878
4bbb0d4d3792677c2dc92fd0eb85ac9f043f9b824f1268a041ff64d279ee5405,MITDB_P103,103,1310000000,3,20260927,MODEL_V2_TCN_MEANMAX,MODEL_V2_OPTIMIZER_CORRECTED_V1,0,-6.045539379119873,0.002362807048484683,11,V2-006-OPT-CORR-F03-S20260927,2500e6093eb81946536b9d443c1fd586c1ea170025d48cf50cf45292ee22d878
4bf29c939486332c59aa5e715daff5d4a172a5a4a5983bd7983f490f33b2df3a,MITDB_P121,121,1335000000,3,20260927,MODEL_V2_TCN_MEANMAX,MODEL_V2_OPTIMIZER_CORRECTED_V1,0,-6.64520788192749,0.0012985497014597058,11,V2-006-OPT-CORR-F03-S20260927,2500e6093eb81946536b9d443c1fd586c1ea170025d48cf50cf45292ee22d878
4c0bc144d8477ed5ba078a51b7fe918e3bfa64ca2b51490ff337932a872153c6,MITDB_P103,103,625000000,3,20260927,MODEL_V2_TCN_MEANMAX,MODEL_V2_OPTIMIZER_CORRECTED_V1,0,-6.681293964385986,0.0012525832280516624,11,V2-006-OPT-CORR-F03-S20260927,2500e6093eb81946536b9d443c1fd586c1ea170025d48cf50cf45292ee22d878
4c17d32668057e65f2a836a2324cf9214bf05e8668d4e0bda5d9bf36e5aa4c8f,MITDB_P103,103,605000000,3,20260927,MODEL_V2_TCN_MEANMAX,MODEL_V2_OPTIMIZER_CORRECTED_V1,0,-6.3802080154418945,0.0016919031040742993,11,V2-006-OPT-CORR-F03-S20260927,2500e6093eb81946536b9d443c1fd586c1ea170025d48cf50cf45292ee22d878
4c1ef7ee47e7b2a23057a3a76a5814b454b716014559320012c974cc6751d702,MITDB_P208,208,1665000000,3,20260927,MODEL_V2_TCN_MEANMAX,MODEL_V2_OPTIMIZER_CORRECTED_V1,1,8.288498878479004,0.9997486472129822,11,V2-006-OPT-CORR-F03-S20260927,2500e6093eb81946536b9d443c1fd586c1ea170025d48cf50cf45292ee22d878
4c60449fd37d3bc6279259986a41613b155b2d3efbbb2f9aec8e7c78a0b09a2c,MITDB_P114,114,1375000000,3,20260927,MODEL_V2_TCN_MEANMAX,MODEL_V2_OPTIMIZER_CORRECTED_V1,0,-2.0315940380096436,0.11592545360326767,11,V2-006-OPT-CORR-F03-S20260927,2500e6093eb81946536b9d443c1fd586c1ea170025d48cf50cf45292ee22d878
4cca2c132b1edb7dce23e7a190a4a25939bb9190ddf7c0ba0db4812cb3a9bf2f,MITDB_P208,208,1595000000,3,20260927,MODEL_V2_TCN_MEANMAX,MODEL_V2_OPTIMIZER_CORRECTED_V1,1,9.16644287109375,0.999895453453064,11,V2-006-OPT-CORR-F03-S20260927,2500e6093eb81946536b9d443c1fd586c1ea170025d48cf50cf45292ee22d878
4cce057fab35251d8f81d88c5405d05efaad68bedb3eff013fac45d6dbe28d25,MITDB_P223,223,720000000,3,20260927,MODEL_V2_TCN_MEANMAX,MODEL_V2_OPTIMIZER_CORRECTED_V1,0,-4.058889389038086,0.016975058242678642,11,V2-006-OPT-CORR-F03-S20260927,2500e6093eb81946536b9d443c1fd586c1ea170025d48cf50cf45292ee22d878
4cf974ab62278d4614cdc070ebf96aeae633ceeeb014a84aa167361ed72a060f,MITDB_P103,103,45000000,3,20260927,MODEL_V2_TCN_MEANMAX,MODEL_V2_OPTIMIZER_CORRECTED_V1,0,-6.5861382484436035,0.0013774564722552896,11,V2-006-OPT-CORR-F03-S20260927,2500e6093eb81946536b9d443c1fd586c1ea170025d48cf50cf45292ee22d878
4cffaf2ae1eae9d3fff08e0b8c2bfd654962cd14bf14cc7063a56b98123bc797,MITDB_P103,103,1260000000,3,20260927,MODEL_V2_TCN_MEANMAX,MODEL_V2_OPTIMIZER_CORRECTED_V1,0,-6.651120662689209,0.0012909042416140437,11,V2-006-OPT-CORR-F03-S20260927,2500e6093eb81946536b9d443c1fd586c1ea170025d48cf50cf45292ee22d878
4d08e20346b08dcee224627f28c2cfa1343f604ab0057e1af335a35373e82c03,MITDB_P103,103,1170000000,3,20260927,MODEL_V2_TCN_MEANMAX,MODEL_V2_OPTIMIZER_CORRECTED_V1,1,-5.703402042388916,0.0033235191367566586,11,V2-006-OPT-CORR-F03-S20260927,2500e6093eb81946536b9d443c1fd586c1ea170025d48cf50cf45292ee22d878
4d2051d60f2af860d201fa14bd7a0342a67b3a8522cf53d013ec9192fceb6c2a,MITDB_P121,121,1720000000,3,20260927,MODEL_V2_TCN_MEANMAX,MODEL_V2_OPTIMIZER_CORRECTED_V1,0,-8.220046043395996,0.000269130221568048,11,V2-006-OPT-CORR-F03-S20260927,2500e6093eb81946536b9d443c1fd586c1ea170025d48cf50cf45292ee22d878
4da4e34ebff420c8c1010b7c34297e3fdf0e37fdaf397c8599f9f452b28f9d0b,MITDB_P103,103,270000000,3,20260927,MODEL_V2_TCN_MEANMAX,MODEL_V2_OPTIMIZER_CORRECTED_V1,0,-5.302332401275635,0.004955287557095289,11,V2-006-OPT-CORR-F03-S20260927,2500e6093eb81946536b9d443c1fd586c1ea170025d48cf50cf45292ee22d878
4da5bd1ceb0f18c5609788102c79081185bb86a9a3d08577e9e81953576a75a7,MITDB_P103,103,365000000,3,20260927,MODEL_V2_TCN_MEANMAX,MODEL_V2_OPTIMIZER_CORRECTED_V1,0,-6.760224342346191,0.0011576274409890175,11,V2-006-OPT-CORR-F03-S20260927,2500e6093eb81946536b9d443c1fd586c1ea170025d48cf50cf45292ee22d878
4dcf1bd73e8b9e81232be172c040bd3b94c1a4f12e6905931ad79005feaae9fa,MITDB_P223,223,1160000000,3,20260927,MODEL_V2_TCN_MEANMAX,MODEL_V2_OPTIMIZER_CORRECTED_V1,1,1.201627492904663,0.7688141465187073,11,V2-006-OPT-CORR-F03-S20260927,2500e6093eb81946536b9d443c1fd586c1ea170025d48cf50cf45292ee22d878
4de737345b6cc1ef54ae6864bcb3c725c96f1cc908e50b3fcccf18997b227da0,MITDB_P103,103,140000000,3,20260927,MODEL_V2_TCN_MEANMAX,MODEL_V2_OPTIMIZER_CORRECTED_V1,0,-5.15648889541626,0.005728885531425476,11,V2-006-OPT-CORR-F03-S20260927,2500e6093eb81946536b9d443c1fd586c1ea170025d48cf50cf45292ee22d878
4df15b86a3cc5e89dcbe68665df4e52fb287c3d2d7ddc6e0485222fe27278c70,MITDB_P121,121,15000000,3,20260927,MODEL_V2_TCN_MEANMAX,MODEL_V2_OPTIMIZER_CORRECTED_V1,0,-6.653228759765625,0.001288189203478396,11,V2-006-OPT-CORR-F03-S20260927,2500e6093eb81946536b9d443c1fd586c1ea170025d48cf50cf45292ee22d878
4df5349eef8a2da9b1851007d6f0914f962e13b02f36cbb8d482235c6c85baa3,MITDB_P114,114,1155000000,3,20260927,MODEL_V2_TCN_MEANMAX,MODEL_V2_OPTIMIZER_CORRECTED_V1,0,-2.7053372859954834,0.06265915185213089,11,V2-006-OPT-CORR-F03-S20260927,2500e6093eb81946536b9d443c1fd586c1ea170025d48cf50cf45292ee22d878
4e44a94aed72a0c30d0ebd747fad3cc031ed85958665069c170fe6abd6b024a4,MITDB_P103,103,285000000,3,20260927,MODEL_V2_TCN_MEANMAX,MODEL_V2_OPTIMIZER_CORRECTED_V1,0,-6.749642372131348,0.001169928116723895,11,V2-006-OPT-CORR-F03-S20260927,2500e6093eb81946536b9d443c1fd586c1ea170025d48cf50cf45292ee22d878
4e4846543787d8b5a9de64bcfe80d1ec211e3ab550aaf51ed175b128294f49f7,MITDB_P223,223,375000000,3,20260927,MODEL_V2_TCN_MEANMAX,MODEL_V2_OPTIMIZER_CORRECTED_V1,1,-2.9550909996032715,0.049496445804834366,11,V2-006-OPT-CORR-F03-S20260927,2500e6093eb81946536b9d443c1fd586c1ea170025d48cf50cf45292ee22d878
4e6bd3873383dbfc25b7edc4b765719bdf0aab81d6c1365ab31eaef80f865c4f,MITDB_P114,114,415000000,3,20260927,MODEL_V2_TCN_MEANMAX,MODEL_V2_OPTIMIZER_CORRECTED_V1,1,7.3784637451171875,0.9993758797645569,11,V2-006-OPT-CORR-F03-S20260927,2500e6093eb81946536b9d443c1fd586c1ea170025d48cf50cf45292ee22d878
4e8cb0be2a3995f604b52f07fa02c4e1e0706316ebcc0c35ecca5422ad98c3c7,MITDB_P208,208,1645000000,3,20260927,MODEL_V2_TCN_MEANMAX,MODEL_V2_OPTIMIZER_CORRECTED_V1,1,10.43964672088623,0.9999707937240601,11,V2-006-OPT-CORR-F03-S20260927,2500e6093eb81946536b9d443c1fd586c1ea170025d48cf50cf45292ee22d878
4ea08e5ac1c70cf5e8c345cc9474d4b84caa5b488fcdc1039a0bff28f689760e,MITDB_P223,223,730000000,3,20260927,MODEL_V2_TCN_MEANMAX,MODEL_V2_OPTIMIZER_CORRECTED_V1,1,-1.6707627773284912,0.1583225131034851,11,V2-006-OPT-CORR-F03-S20260927,2500e6093eb81946536b9d443c1fd586c1ea170025d48cf50cf45292ee22d878
4ec00df1320d862c8b3c16ffa99741c8fb0e28dae1adb7e62cca9bd1e6db4aaf,MITDB_P223,223,1510000000,3,20260927,MODEL_V2_TCN_MEANMAX,MODEL_V2_OPTIMIZER_CORRECTED_V1,1,-0.024028316140174866,0.49399325251579285,11,V2-006-OPT-CORR-F03-S20260927,2500e6093eb81946536b9d443c1fd586c1ea170025d48cf50cf45292ee22d878
4ec8f260a6411d4d6ccc6951c47bedb8a6aec962970fe7688a37f42d05daf571,MITDB_P121,121,1005000000,3,20260927,MODEL_V2_TCN_MEANMAX,MODEL_V2_OPTIMIZER_CORRECTED_V1,0,-6.649391174316406,0.0012931358069181442,11,V2-006-OPT-CORR-F03-S20260927,2500e6093eb81946536b9d443c1fd586c1ea170025d48cf50cf45292ee22d878
4ecedf1f207de49a7cda9b68f8ba16e5f78d4def8a9d60506e2075f5e1064863,MITDB_P121,121,1210000000,3,20260927,MODEL_V2_TCN_MEANMAX,MODEL_V2_OPTIMIZER_CORRECTED_V1,0,-6.50351619720459,0.001495921052992344,11,V2-006-OPT-CORR-F03-S20260927,2500e6093eb81946536b9d443c1fd586c1ea170025d48cf50cf45292ee22d878
4ee880bc1b921b4cafade92f1ba38d3318620f97ee53eada9057dd5b6f4fe8db,MITDB_P121,121,895000000,3,20260927,MODEL_V2_TCN_MEANMAX,MODEL_V2_OPTIMIZER_CORRECTED_V1,0,-7.198159694671631,0.0007474020239897072,11,V2-006-OPT-CORR-F03-S20260927,2500e6093eb81946536b9d443c1fd586c1ea170025d48cf50cf45292ee22d878
4ef6e9762c56d3e6d1dafa0f8c266da6def5a122d26c78f2487d468df27672e0,MITDB_P208,208,1090000000,3,20260927,MODEL_V2_TCN_MEANMAX,MODEL_V2_OPTIMIZER_CORRECTED_V1,1,8.77750015258789,0.9998458623886108,11,V2-006-OPT-CORR-F03-S20260927,2500e6093eb81946536b9d443c1fd586c1ea170025d48cf50cf45292ee22d878
4f106aebb810c71b98c78301b7dd36a781cdcf873ea442a0131645fb094b9d62,MITDB_P121,121,560000000,3,20260927,MODEL_V2_TCN_MEANMAX,MODEL_V2_OPTIMIZER_CORRECTED_V1,0,-7.340129375457764,0.000648545625153929,11,V2-006-OPT-CORR-F03-S20260927,2500e6093eb81946536b9d443c1fd586c1ea170025d48cf50cf45292ee22d878
4f4c6621966d4265e2e78112967e3e448dbd296304b170ca4c2af7eadd7fd20f,MITDB_P223,223,640000000,3,20260927,MODEL_V2_TCN_MEANMAX,MODEL_V2_OPTIMIZER_CORRECTED_V1,1,-0.8422393798828125,0.3010633587837219,11,V2-006-OPT-CORR-F03-S20260927,2500e6093eb81946536b9d443c1fd586c1ea170025d48cf50cf45292ee22d878
4fc8d01eca5d6ca75f2e504b151837fcc402370ed75354e8e4a9e8cd9509ccb5,MITDB_P114,114,50000000,3,20260927,MODEL_V2_TCN_MEANMAX,MODEL_V2_OPTIMIZER_CORRECTED_V1,0,-5.413407325744629,0.004436658229678869,11,V2-006-OPT-CORR-F03-S20260927,2500e6093eb81946536b9d443c1fd586c1ea170025d48cf50cf45292ee22d878
5057b2582ba5e319840551600f324db052ce2ebb672fc1631d4ad84565b169fe,MITDB_P114,114,765000000,3,20260927,MODEL_V2_TCN_MEANMAX,MODEL_V2_OPTIMIZER_CORRECTED_V1,0,-2.8695478439331055,0.05367961525917053,11,V2-006-OPT-CORR-F03-S20260927,2500e6093eb81946536b9d443c1fd586c1ea170025d48cf50cf45292ee22d878
506234eb763f84099672ddfa44b1b01bc32a72487907b8cd9aaf104b2b87018e,MITDB_P223,223,445000000,3,20260927,MODEL_V2_TCN_MEANMAX,MODEL_V2_OPTIMIZER_CORRECTED_V1,1,-5.1579718589782715,0.005720444489270449,11,V2-006-OPT-CORR-F03-S20260927,2500e6093eb81946536b9d443c1fd586c1ea170025d48cf50cf45292ee22d878
50769f207a8dc6f273dea2cd9db214c9fc733788c929018a0d2f7fd603a60d87,MITDB_P208,208,1040000000,3,20260927,MODEL_V2_TCN_MEANMAX,MODEL_V2_OPTIMIZER_CORRECTED_V1,1,8.124712944030762,0.9997039437294006,11,V2-006-OPT-CORR-F03-S20260927,2500e6093eb81946536b9d443c1fd586c1ea170025d48cf50cf45292ee22d878
508fa393964f44de07f7650a80de6c55e0a901d95bb9d4efb0dc0c25d4b604eb,MITDB_P121,121,1215000000,3,20260927,MODEL_V2_TCN_MEANMAX,MODEL_V2_OPTIMIZER_CORRECTED_V1,0,-6.725579261779785,0.0011983874719589949,11,V2-006-OPT-CORR-F03-S20260927,2500e6093eb81946536b9d443c1fd586c1ea170025d48cf50cf45292ee22d878
50a40bc3103db28b7b3f7b1dba246eeabe73e886e0892888d35a67fda935ee2a,MITDB_P223,223,1575000000,3,20260927,MODEL_V2_TCN_MEANMAX,MODEL_V2_OPTIMIZER_CORRECTED_V1,1,6.3884968757629395,0.998322069644928,11,V2-006-OPT-CORR-F03-S20260927,2500e6093eb81946536b9d443c1fd586c1ea170025d48cf50cf45292ee22d878
50b2640fb545d36fe019f261daa3caedb836d97c38f8b13ba6d352020c518397,MITDB_P121,121,885000000,3,20260927,MODEL_V2_TCN_MEANMAX,MODEL_V2_OPTIMIZER_CORRECTED_V1,0,-7.4921650886535645,0.0005571242072619498,11,V2-006-OPT-CORR-F03-S20260927,2500e6093eb81946536b9d443c1fd586c1ea170025d48cf50cf45292ee22d878
50bbf4908b847caf16679f89a7a461f05c6811c302f764764bc6027089469495,MITDB_P208,208,65000000,3,20260927,MODEL_V2_TCN_MEANMAX,MODEL_V2_OPTIMIZER_CORRECTED_V1,1,11.328824043273926,0.9999879598617554,11,V2-006-OPT-CORR-F03-S20260927,2500e6093eb81946536b9d443c1fd586c1ea170025d48cf50cf45292ee22d878
511bbc957515a30b003f93b93dd985e3db62454a69663747ae663ee886038421,MITDB_P103,103,1475000000,3,20260927,MODEL_V2_TCN_MEANMAX,MODEL_V2_OPTIMIZER_CORRECTED_V1,0,-5.763766765594482,0.0031294403597712517,11,V2-006-OPT-CORR-F03-S20260927,2500e6093eb81946536b9d443c1fd586c1ea170025d48cf50cf45292ee22d878
515e99b65d724cdb30f88cd0011b4d8193cdf2e734b7763352e8d16cf0407f9b,MITDB_P208,208,1425000000,3,20260927,MODEL_V2_TCN_MEANMAX,MODEL_V2_OPTIMIZER_CORRECTED_V1,1,9.445737838745117,0.9999209642410278,11,V2-006-OPT-CORR-F03-S20260927,2500e6093eb81946536b9d443c1fd586c1ea170025d48cf50cf45292ee22d878
51c6334e0792d457ec8fdfba547798e48a8fcb99da4250926d36cf4c05dd1405,MITDB_P223,223,1640000000,3,20260927,MODEL_V2_TCN_MEANMAX,MODEL_V2_OPTIMIZER_CORRECTED_V1,1,-1.9180493354797363,0.12807925045490265,11,V2-006-OPT-CORR-F03-S20260927,2500e6093eb81946536b9d443c1fd586c1ea170025d48cf50cf45292ee22d878
51c93f7e5719732fbfce9e41c0901510468bbf0b1e7778c809b1a2aedf469431,MITDB_P208,208,670000000,3,20260927,MODEL_V2_TCN_MEANMAX,MODEL_V2_OPTIMIZER_CORRECTED_V1,1,8.519121170043945,0.9998005032539368,11,V2-006-OPT-CORR-F03-S20260927,2500e6093eb81946536b9d443c1fd586c1ea170025d48cf50cf45292ee22d878
51de91674e0437eb9c764e57adc0b3478992d9c7c5b2f4a8dc7d8a9a52d239c9,MITDB_P103,103,35000000,3,20260927,MODEL_V2_TCN_MEANMAX,MODEL_V2_OPTIMIZER_CORRECTED_V1,0,-6.356010913848877,0.001733269658870995,11,V2-006-OPT-CORR-F03-S20260927,2500e6093eb81946536b9d443c1fd586c1ea170025d48cf50cf45292ee22d878
51e1ff37f0fc0fc61a27be0edf496a89dd3da847d87912910b5c83c5fe1fb343,MITDB_P114,114,555000000,3,20260927,MODEL_V2_TCN_MEANMAX,MODEL_V2_OPTIMIZER_CORRECTED_V1,0,-3.5529301166534424,0.02784315124154091,11,V2-006-OPT-CORR-F03-S20260927,2500e6093eb81946536b9d443c1fd586c1ea170025d48cf50cf45292ee22d878
522439653fc81348b9beee3db7979dbb205c6ec1786f6ac644c933d28ca036a7,MITDB_P114,114,1470000000,3,20260927,MODEL_V2_TCN_MEANMAX,MODEL_V2_OPTIMIZER_CORRECTED_V1,0,-2.688366174697876,0.06366334110498428,11,V2-006-OPT-CORR-F03-S20260927,2500e6093eb81946536b9d443c1fd586c1ea170025d48cf50cf45292ee22d878
52254b77e3e65a32cee0320f5248aa8bb8192c43bb6698f5e63ac7e3a9ab609f,MITDB_P103,103,330000000,3,20260927,MODEL_V2_TCN_MEANMAX,MODEL_V2_OPTIMIZER_CORRECTED_V1,0,-6.705296516418457,0.001222912222146988,11,V2-006-OPT-CORR-F03-S20260927,2500e6093eb81946536b9d443c1fd586c1ea170025d48cf50cf45292ee22d878
52470d470332898d755c64cd063ccfc76bb114a80a9164b561cd38cfbe30f645,MITDB_P103,103,1440000000,3,20260927,MODEL_V2_TCN_MEANMAX,MODEL_V2_OPTIMIZER_CORRECTED_V1,0,-6.18717622756958,0.002051406307145953,11,V2-006-OPT-CORR-F03-S20260927,2500e6093eb81946536b9d443c1fd586c1ea170025d48cf50cf45292ee22d878
533b68bbe38d208cbf3ff6a9ddd4af3f15746a715480097e024da2b3639101be,MITDB_P121,121,1435000000,3,20260927,MODEL_V2_TCN_MEANMAX,MODEL_V2_OPTIMIZER_CORRECTED_V1,0,-8.30270767211914,0.00024778343504294753,11,V2-006-OPT-CORR-F03-S20260927,2500e6093eb81946536b9d443c1fd586c1ea170025d48cf50cf45292ee22d878
535e86894b8a99a55c5b3b554d68a8a065175f3469d39cec1ff247b7ffe83825,MITDB_P103,103,265000000,3,20260927,MODEL_V2_TCN_MEANMAX,MODEL_V2_OPTIMIZER_CORRECTED_V1,0,-6.310118198394775,0.001814519870094955,11,V2-006-OPT-CORR-F03-S20260927,2500e6093eb81946536b9d443c1fd586c1ea170025d48cf50cf45292ee22d878
536fc981bce4e1a8a15c4b99e23dcf808ee238ec584ea68d0863f76cb0668773,MITDB_P121,121,1065000000,3,20260927,MODEL_V2_TCN_MEANMAX,MODEL_V2_OPTIMIZER_CORRECTED_V1,0,-8.220504760742188,0.00026900682132691145,11,V2-006-OPT-CORR-F03-S20260927,2500e6093eb81946536b9d443c1fd586c1ea170025d48cf50cf45292ee22d878
537032830cc238f9934c9d18380445b9ca890be9ee851e108ca48e6826b107a2,MITDB_P223,223,735000000,3,20260927,MODEL_V2_TCN_MEANMAX,MODEL_V2_OPTIMIZER_CORRECTED_V1,1,4.462400436401367,0.9885968565940857,11,V2-006-OPT-CORR-F03-S20260927,2500e6093eb81946536b9d443c1fd586c1ea170025d48cf50cf45292ee22d878
539eb63df55c04c16be4fb07d806df173a99dbe191d47845e93eea5fe13dbe84,MITDB_P121,121,1545000000,3,20260927,MODEL_V2_TCN_MEANMAX,MODEL_V2_OPTIMIZER_CORRECTED_V1,0,-8.595656394958496,0.0001848730316851288,11,V2-006-OPT-CORR-F03-S20260927,2500e6093eb81946536b9d443c1fd586c1ea170025d48cf50cf45292ee22d878
53bcdb3ad282c0cb1f34100b799fc1ecbc70725e2f53e724b139e14adf6858d0,MITDB_P223,223,1520000000,3,20260927,MODEL_V2_TCN_MEANMAX,MODEL_V2_OPTIMIZER_CORRECTED_V1,1,2.149611711502075,0.8956325054168701,11,V2-006-OPT-CORR-F03-S20260927,2500e6093eb81946536b9d443c1fd586c1ea170025d48cf50cf45292ee22d878
53d62797140b656cfaf763b998c415a5670979de6e197317707792c7baf6276b,MITDB_P223,223,1165000000,3,20260927,MODEL_V2_TCN_MEANMAX,MODEL_V2_OPTIMIZER_CORRECTED_V1,0,-5.162858963012695,0.005692715290933847,11,V2-006-OPT-CORR-F03-S20260927,2500e6093eb81946536b9d443c1fd586c1ea170025d48cf50cf45292ee22d878
53e4f4bfe9e7e71f43518e7be5595ea7fa8bf5b785eed69065344f9194a1a220,MITDB_P103,103,260000000,3,20260927,MODEL_V2_TCN_MEANMAX,MODEL_V2_OPTIMIZER_CORRECTED_V1,0,-6.193168640136719,0.0020391750149428844,11,V2-006-OPT-CORR-F03-S20260927,2500e6093eb81946536b9d443c1fd586c1ea170025d48cf50cf45292ee22d878
542af4f30d40157328e40899f45322e7bb8f3a6ecdeec272440db2584c14e437,MITDB_P103,103,1720000000,3,20260927,MODEL_V2_TCN_MEANMAX,MODEL_V2_OPTIMIZER_CORRECTED_V1,0,-6.135961055755615,0.0021589735988527536,11,V2-006-OPT-CORR-F03-S20260927,2500e6093eb81946536b9d443c1fd586c1ea170025d48cf50cf45292ee22d878
543093311a4fdb44a35bca133e587ab56744735a676438c42345620c6eaf5033,MITDB_P208,208,1000000000,3,20260927,MODEL_V2_TCN_MEANMAX,MODEL_V2_OPTIMIZER_CORRECTED_V1,1,11.786328315734863,0.9999923706054688,11,V2-006-OPT-CORR-F03-S20260927,2500e6093eb81946536b9d443c1fd586c1ea170025d48cf50cf45292ee22d878
546541f70d86ea05af8c545397d0bf75b4d65f439125565eb74aaec442db2865,MITDB_P223,223,1070000000,3,20260927,MODEL_V2_TCN_MEANMAX,MODEL_V2_OPTIMIZER_CORRECTED_V1,1,-1.0459319353103638,0.2600070536136627,11,V2-006-OPT-CORR-F03-S20260927,2500e6093eb81946536b9d443c1fd586c1ea170025d48cf50cf45292ee22d878
54865f3fd2bff89592590c1e33ff3219ccf3f43af2d49532d5c6ee6c5b173f4c,MITDB_P121,121,1795000000,3,20260927,MODEL_V2_TCN_MEANMAX,MODEL_V2_OPTIMIZER_CORRECTED_V1,0,-10.083855628967285,4.174639980192296e-05,11,V2-006-OPT-CORR-F03-S20260927,2500e6093eb81946536b9d443c1fd586c1ea170025d48cf50cf45292ee22d878
54fa286e18c5be2f2e001f7ebbe38ea239c08e4adc7528f7069bf7ecad71f62a,MITDB_P103,103,1315000000,3,20260927,MODEL_V2_TCN_MEANMAX,MODEL_V2_OPTIMIZER_CORRECTED_V1,0,-6.765356540679932,0.001151708303950727,11,V2-006-OPT-CORR-F03-S20260927,2500e6093eb81946536b9d443c1fd586c1ea170025d48cf50cf45292ee22d878
5503ad3dec315f7ad3a3507d59091eb70da8672ee319d5e5c58bc98bdf4c2132,MITDB_P121,121,1135000000,3,20260927,MODEL_V2_TCN_MEANMAX,MODEL_V2_OPTIMIZER_CORRECTED_V1,0,-7.879942417144775,0.0003781118430197239,11,V2-006-OPT-CORR-F03-S20260927,2500e6093eb81946536b9d443c1fd586c1ea170025d48cf50cf45292ee22d878
551c344082794afbfbfeb86ee502b2733f01bc2145e0bad9bc70653d2f838d21,MITDB_P114,114,875000000,3,20260927,MODEL_V2_TCN_MEANMAX,MODEL_V2_OPTIMIZER_CORRECTED_V1,0,-2.804245710372925,0.057095177471637726,11,V2-006-OPT-CORR-F03-S20260927,2500e6093eb81946536b9d443c1fd586c1ea170025d48cf50cf45292ee22d878
5530f21e6875dd59bada91230e05e13a771a8245cca6d123702109fcac781b79,MITDB_P121,121,1460000000,3,20260927,MODEL_V2_TCN_MEANMAX,MODEL_V2_OPTIMIZER_CORRECTED_V1,0,-7.727668285369873,0.0004402760532684624,11,V2-006-OPT-CORR-F03-S20260927,2500e6093eb81946536b9d443c1fd586c1ea170025d48cf50cf45292ee22d878
55449c7006ad119a5bacb43d25f0887a0010188bd89c0bd769606264751bf1a6,MITDB_P121,121,130000000,3,20260927,MODEL_V2_TCN_MEANMAX,MODEL_V2_OPTIMIZER_CORRECTED_V1,0,-6.509779930114746,0.0014865940902382135,11,V2-006-OPT-CORR-F03-S20260927,2500e6093eb81946536b9d443c1fd586c1ea170025d48cf50cf45292ee22d878
554671b827bee26aae0875318be9a9eaed9acfac1032338179de377b21da106b,MITDB_P208,208,505000000,3,20260927,MODEL_V2_TCN_MEANMAX,MODEL_V2_OPTIMIZER_CORRECTED_V1,1,10.248711585998535,0.9999645948410034,11,V2-006-OPT-CORR-F03-S20260927,2500e6093eb81946536b9d443c1fd586c1ea170025d48cf50cf45292ee22d878
55524137a7205d7cfe9e36e5e21fbfea410107d9fd5a00668a49c881ff33c5b9,MITDB_P121,121,940000000,3,20260927,MODEL_V2_TCN_MEANMAX,MODEL_V2_OPTIMIZER_CORRECTED_V1,0,-7.458164691925049,0.0005763812223449349,11,V2-006-OPT-CORR-F03-S20260927,2500e6093eb81946536b9d443c1fd586c1ea170025d48cf50cf45292ee22d878
55580fedd0eddf0ad1b8db5b7336a5d32437e9050fd3715b3f1e56f08d1715c6,MITDB_P121,121,1140000000,3,20260927,MODEL_V2_TCN_MEANMAX,MODEL_V2_OPTIMIZER_CORRECTED_V1,0,-8.228438377380371,0.0002668816305231303,11,V2-006-OPT-CORR-F03-S20260927,2500e6093eb81946536b9d443c1fd586c1ea170025d48cf50cf45292ee22d878
5569c07c8e018fb92e4fdf7ac78e4595057164d388171af1415550f9c4194dd9,MITDB_P208,208,150000000,3,20260927,MODEL_V2_TCN_MEANMAX,MODEL_V2_OPTIMIZER_CORRECTED_V1,1,10.42449951171875,0.9999703168869019,11,V2-006-OPT-CORR-F03-S20260927,2500e6093eb81946536b9d443c1fd586c1ea170025d48cf50cf45292ee22d878
559e39c0c5addcfb3abfc184e3b17b6a9234fc1caa3ef0e7a766b388ae9a9304,MITDB_P114,114,520000000,3,20260927,MODEL_V2_TCN_MEANMAX,MODEL_V2_OPTIMIZER_CORRECTED_V1,1,9.759310722351074,0.9999423027038574,11,V2-006-OPT-CORR-F03-S20260927,2500e6093eb81946536b9d443c1fd586c1ea170025d48cf50cf45292ee22d878
562f8ed9fca02858e7f92aa48f61dc147958891f6804a413f04f8a4e06c3ba3e,MITDB_P103,103,1545000000,3,20260927,MODEL_V2_TCN_MEANMAX,MODEL_V2_OPTIMIZER_CORRECTED_V1,0,-6.4019856452941895,0.001655516098253429,11,V2-006-OPT-CORR-F03-S20260927,2500e6093eb81946536b9d443c1fd586c1ea170025d48cf50cf45292ee22d878
563935352103d453d28c28a49841086760f111d4dce91cfe1f93607b42b40ff3,MITDB_P223,223,70000000,3,20260927,MODEL_V2_TCN_MEANMAX,MODEL_V2_OPTIMIZER_CORRECTED_V1,1,-3.000896692276001,0.047385379672050476,11,V2-006-OPT-CORR-F03-S20260927,2500e6093eb81946536b9d443c1fd586c1ea170025d48cf50cf45292ee22d878
56490f15d1a079578c208f6587c75e41abc2317273be9f2726cc196f1d535697,MITDB_P223,223,760000000,3,20260927,MODEL_V2_TCN_MEANMAX,MODEL_V2_OPTIMIZER_CORRECTED_V1,1,2.398996591567993,0.9167507886886597,11,V2-006-OPT-CORR-F03-S20260927,2500e6093eb81946536b9d443c1fd586c1ea170025d48cf50cf45292ee22d878
5666b41585f85c4bce743b93c35026ffc695b0abb76751893696bcc040b4b03d,MITDB_P121,121,1185000000,3,20260927,MODEL_V2_TCN_MEANMAX,MODEL_V2_OPTIMIZER_CORRECTED_V1,0,-7.207093238830566,0.0007407597149722278,11,V2-006-OPT-CORR-F03-S20260927,2500e6093eb81946536b9d443c1fd586c1ea170025d48cf50cf45292ee22d878
567e12fd9588d788f6710ba985b333be499b6836475ff21a70dbe5f7bc87085b,MITDB_P208,208,935000000,3,20260927,MODEL_V2_TCN_MEANMAX,MODEL_V2_OPTIMIZER_CORRECTED_V1,1,9.76305866241455,0.999942421913147,11,V2-006-OPT-CORR-F03-S20260927,2500e6093eb81946536b9d443c1fd586c1ea170025d48cf50cf45292ee22d878
56a2779953635692ab4f2f7a68d6b834fa8154f59d1e3d4dd7a6a6d578082b61,MITDB_P223,223,530000000,3,20260927,MODEL_V2_TCN_MEANMAX,MODEL_V2_OPTIMIZER_CORRECTED_V1,0,-6.935957431793213,0.0009712475584819913,11,V2-006-OPT-CORR-F03-S20260927,2500e6093eb81946536b9d443c1fd586c1ea170025d48cf50cf45292ee22d878
5743b4567fa18be55a32b37b4953e58efe592539e96076530a943159841c6eb0,MITDB_P208,208,850000000,3,20260927,MODEL_V2_TCN_MEANMAX,MODEL_V2_OPTIMIZER_CORRECTED_V1,1,8.920208930969238,0.9998663663864136,11,V2-006-OPT-CORR-F03-S20260927,2500e6093eb81946536b9d443c1fd586c1ea170025d48cf50cf45292ee22d878
57734d438aa43b12d30a910232dfd90a9bb8eb75734aec8c264634dccc5c068a,MITDB_P103,103,1305000000,3,20260927,MODEL_V2_TCN_MEANMAX,MODEL_V2_OPTIMIZER_CORRECTED_V1,0,-6.193767070770264,0.002037957776337862,11,V2-006-OPT-CORR-F03-S20260927,2500e6093eb81946536b9d443c1fd586c1ea170025d48cf50cf45292ee22d878
578fb74152432db64e80511489efb2e581f534861af1d38e489954266bcdd5ee,MITDB_P208,208,365000000,3,20260927,MODEL_V2_TCN_MEANMAX,MODEL_V2_OPTIMIZER_CORRECTED_V1,1,11.20700454711914,0.9999864101409912,11,V2-006-OPT-CORR-F03-S20260927,2500e6093eb81946536b9d443c1fd586c1ea170025d48cf50cf45292ee22d878
57c6b4f167f5e7ea1019faab19d99fde8535ee27580cd76695898efabcf5ae07,MITDB_P103,103,1500000000,3,20260927,MODEL_V2_TCN_MEANMAX,MODEL_V2_OPTIMIZER_CORRECTED_V1,0,-5.83437967300415,0.0029167053289711475,11,V2-006-OPT-CORR-F03-S20260927,2500e6093eb81946536b9d443c1fd586c1ea170025d48cf50cf45292ee22d878
57d53f9c3c7ff3a9c3ebec9b438ea0b7534a16c8045b03f32ccff555f87efd38,MITDB_P114,114,1185000000,3,20260927,MODEL_V2_TCN_MEANMAX,MODEL_V2_OPTIMIZER_CORRECTED_V1,0,-1.3727163076400757,0.20218133926391602,11,V2-006-OPT-CORR-F03-S20260927,2500e6093eb81946536b9d443c1fd586c1ea170025d48cf50cf45292ee22d878
57e0806fc1ef73be3bf301d15ba9f8f48369733cff7b4b02c5a95309457faff9,MITDB_P114,114,1495000000,3,20260927,MODEL_V2_TCN_MEANMAX,MODEL_V2_OPTIMIZER_CORRECTED_V1,0,-2.5289762020111084,0.07385163754224777,11,V2-006-OPT-CORR-F03-S20260927,2500e6093eb81946536b9d443c1fd586c1ea170025d48cf50cf45292ee22d878
57ee358eed3636d0b10eb227d5a975aa9f721d2de6ac244b6d3eb2361fe31fa3,MITDB_P103,103,870000000,3,20260927,MODEL_V2_TCN_MEANMAX,MODEL_V2_OPTIMIZER_CORRECTED_V1,0,-6.782536506652832,0.0011321132769808173,11,V2-006-OPT-CORR-F03-S20260927,2500e6093eb81946536b9d443c1fd586c1ea170025d48cf50cf45292ee22d878
5802a8d03945a63c706080c43402999bb676b08fcff5fd5a91381dd64c7e4453,MITDB_P208,208,760000000,3,20260927,MODEL_V2_TCN_MEANMAX,MODEL_V2_OPTIMIZER_CORRECTED_V1,1,9.585360527038574,0.9999312162399292,11,V2-006-OPT-CORR-F03-S20260927,2500e6093eb81946536b9d443c1fd586c1ea170025d48cf50cf45292ee22d878
5816133f753ea55b30b23d4509e3374b7a24036d875c0e208c661d5bab50edaa,MITDB_P208,208,825000000,3,20260927,MODEL_V2_TCN_MEANMAX,MODEL_V2_OPTIMIZER_CORRECTED_V1,1,8.954144477844238,0.999870777130127,11,V2-006-OPT-CORR-F03-S20260927,2500e6093eb81946536b9d443c1fd586c1ea170025d48cf50cf45292ee22d878
5817eeecb0d89df41ab5333a66508c2724090a99bf55df69895ebc1b26eedb74,MITDB_P121,121,630000000,3,20260927,MODEL_V2_TCN_MEANMAX,MODEL_V2_OPTIMIZER_CORRECTED_V1,0,-7.351069927215576,0.0006414934177882969,11,V2-006-OPT-CORR-F03-S20260927,2500e6093eb81946536b9d443c1fd586c1ea170025d48cf50cf45292ee22d878
581ac813201b370fd20f2e61cb4d3bdd6f4cb8c5ffc2537afc7a2c5ea397508d,MITDB_P208,208,1485000000,3,20260927,MODEL_V2_TCN_MEANMAX,MODEL_V2_OPTIMIZER_CORRECTED_V1,1,10.075057983398438,0.9999579191207886,11,V2-006-OPT-CORR-F03-S20260927,2500e6093eb81946536b9d443c1fd586c1ea170025d48cf50cf45292ee22d878
583907e4dfc81ce1559007aea5603cdaac55b6be3f8f51b5d94a80df85abefbb,MITDB_P114,114,1545000000,3,20260927,MODEL_V2_TCN_MEANMAX,MODEL_V2_OPTIMIZER_CORRECTED_V1,0,-0.6398835778236389,0.34527283906936646,11,V2-006-OPT-CORR-F03-S20260927,2500e6093eb81946536b9d443c1fd586c1ea170025d48cf50cf45292ee22d878
5861e8a7f4d8f4adeb91f2f86d04d0b59e601e90cd81cc68d0cef83d2e4b35e7,MITDB_P103,103,800000000,3,20260927,MODEL_V2_TCN_MEANMAX,MODEL_V2_OPTIMIZER_CORRECTED_V1,0,-6.214987277984619,0.0019952526781708,11,V2-006-OPT-CORR-F03-S20260927,2500e6093eb81946536b9d443c1fd586c1ea170025d48cf50cf45292ee22d878
589e92a76ca3772a463c80c5c7c9281c058f64f94eb14fa5d3edd7fcf8bb3791,MITDB_P208,208,820000000,3,20260927,MODEL_V2_TCN_MEANMAX,MODEL_V2_OPTIMIZER_CORRECTED_V1,1,8.743391990661621,0.999840497970581,11,V2-006-OPT-CORR-F03-S20260927,2500e6093eb81946536b9d443c1fd586c1ea170025d48cf50cf45292ee22d878
58affc2d32b0a02843289bba4999c03942357baf9f097a7c145b39b251ed48fd,MITDB_P121,121,1325000000,3,20260927,MODEL_V2_TCN_MEANMAX,MODEL_V2_OPTIMIZER_CORRECTED_V1,0,-8.171882629394531,0.0002824059338308871,11,V2-006-OPT-CORR-F03-S20260927,2500e6093eb81946536b9d443c1fd586c1ea170025d48cf50cf45292ee22d878
58e1dc13e6d33ad5de4ebdea6e0891e886a4e2572477c0c1074c2aa049091a65,MITDB_P114,114,940000000,3,20260927,MODEL_V2_TCN_MEANMAX,MODEL_V2_OPTIMIZER_CORRECTED_V1,0,-2.6161301136016846,0.0681075006723404,11,V2-006-OPT-CORR-F03-S20260927,2500e6093eb81946536b9d443c1fd586c1ea170025d48cf50cf45292ee22d878
591184fc6c9759d3d1af07e73e6ccae096b12868f637b69f588120cb78c4f40f,MITDB_P103,103,1400000000,3,20260927,MODEL_V2_TCN_MEANMAX,MODEL_V2_OPTIMIZER_CORRECTED_V1,0,-6.485859394073486,0.0015225281240418553,11,V2-006-OPT-CORR-F03-S20260927,2500e6093eb81946536b9d443c1fd586c1ea170025d48cf50cf45292ee22d878
591f6d861b6317a357f89b0fc248402e2af96ba4ff7d3a9e514f3a79c7f09f7c,MITDB_P103,103,400000000,3,20260927,MODEL_V2_TCN_MEANMAX,MODEL_V2_OPTIMIZER_CORRECTED_V1,0,-5.832137584686279,0.0029232329688966274,11,V2-006-OPT-CORR-F03-S20260927,2500e6093eb81946536b9d443c1fd586c1ea170025d48cf50cf45292ee22d878
59362f57fca6e5e4e655f84fe838ff5f129a2a32d2183b1d455ab4c9aec1ed84,MITDB_P223,223,935000000,3,20260927,MODEL_V2_TCN_MEANMAX,MODEL_V2_OPTIMIZER_CORRECTED_V1,1,-0.11236192286014557,0.4719390571117401,11,V2-006-OPT-CORR-F03-S20260927,2500e6093eb81946536b9d443c1fd586c1ea170025d48cf50cf45292ee22d878
594caf7899b553bba2371812cc04f3ce3c1ac328be220338263a8f40c85ab690,MITDB_P103,103,785000000,3,20260927,MODEL_V2_TCN_MEANMAX,MODEL_V2_OPTIMIZER_CORRECTED_V1,0,-5.617494106292725,0.0036205791402608156,11,V2-006-OPT-CORR-F03-S20260927,2500e6093eb81946536b9d443c1fd586c1ea170025d48cf50cf45292ee22d878
59603b91324709af34395443868f991ca2546e22fa7db3b7f540d9b9260d12b8,MITDB_P114,114,1215000000,3,20260927,MODEL_V2_TCN_MEANMAX,MODEL_V2_OPTIMIZER_CORRECTED_V1,0,-0.4287281036376953,0.3944300711154938,11,V2-006-OPT-CORR-F03-S20260927,2500e6093eb81946536b9d443c1fd586c1ea170025d48cf50cf45292ee22d878
598f2c7b7b5c951f96e8fedd3723dfbb1bb023fa26410ad693654b4d7ef460c4,MITDB_P114,114,30000000,3,20260927,MODEL_V2_TCN_MEANMAX,MODEL_V2_OPTIMIZER_CORRECTED_V1,0,-5.714069366455078,0.003288370557129383,11,V2-006-OPT-CORR-F03-S20260927,2500e6093eb81946536b9d443c1fd586c1ea170025d48cf50cf45292ee22d878
59a19520985a9b0d787859158f261a09d8901e54c94244000f94bad30d2ad6c3,MITDB_P208,208,1015000000,3,20260927,MODEL_V2_TCN_MEANMAX,MODEL_V2_OPTIMIZER_CORRECTED_V1,1,8.444916725158691,0.9997851252555847,11,V2-006-OPT-CORR-F03-S20260927,2500e6093eb81946536b9d443c1fd586c1ea170025d48cf50cf45292ee22d878
59c2af591f6a4fd5cfd9e9e0b35d2f0e792cd6bf9c76c03d4996f64b34bd2290,MITDB_P121,121,1255000000,3,20260927,MODEL_V2_TCN_MEANMAX,MODEL_V2_OPTIMIZER_CORRECTED_V1,0,-8.46448040008545,0.0002107809268636629,11,V2-006-OPT-CORR-F03-S20260927,2500e6093eb81946536b9d443c1fd586c1ea170025d48cf50cf45292ee22d878
59ca0ce460c7ad4dcb17645511e4270d0030303dbef3c8757b309f8628e79ce2,MITDB_P223,223,740000000,3,20260927,MODEL_V2_TCN_MEANMAX,MODEL_V2_OPTIMIZER_CORRECTED_V1,1,5.4361891746521,0.9956628680229187,11,V2-006-OPT-CORR-F03-S20260927,2500e6093eb81946536b9d443c1fd586c1ea170025d48cf50cf45292ee22d878
59de5055c483ed4ce146ab26234b97b0c2baecedf2ea1691f30d2a8bcbbe9ef2,MITDB_P208,208,775000000,3,20260927,MODEL_V2_TCN_MEANMAX,MODEL_V2_OPTIMIZER_CORRECTED_V1,1,9.23381519317627,0.9999023675918579,11,V2-006-OPT-CORR-F03-S20260927,2500e6093eb81946536b9d443c1fd586c1ea170025d48cf50cf45292ee22d878
5a15a32c8fdd91b14302d435d9821de0544e4ef89d90b55d612368037a387937,MITDB_P121,121,280000000,3,20260927,MODEL_V2_TCN_MEANMAX,MODEL_V2_OPTIMIZER_CORRECTED_V1,0,-7.001811504364014,0.0009094038396142423,11,V2-006-OPT-CORR-F03-S20260927,2500e6093eb81946536b9d443c1fd586c1ea170025d48cf50cf45292ee22d878
5a3dbbbfdc7ab8b8010c6be742f21eb4e1cff5be156b3a720482f8264ed57373,MITDB_P114,114,445000000,3,20260927,MODEL_V2_TCN_MEANMAX,MODEL_V2_OPTIMIZER_CORRECTED_V1,0,-5.843367576599121,0.002890683012083173,11,V2-006-OPT-CORR-F03-S20260927,2500e6093eb81946536b9d443c1fd586c1ea170025d48cf50cf45292ee22d878
5a4c1a3dd717ae59fb872b50a05b5a59ec40fa40588051e74a9f79ce45d0a477,MITDB_P103,103,1355000000,3,20260927,MODEL_V2_TCN_MEANMAX,MODEL_V2_OPTIMIZER_CORRECTED_V1,0,-6.14249849319458,0.0021449357736855745,11,V2-006-OPT-CORR-F03-S20260927,2500e6093eb81946536b9d443c1fd586c1ea170025d48cf50cf45292ee22d878
5a65d6b810e2f059bbb1dc2cf7ef1aa84b07e2169289741aef5e49c32ea8e3be,MITDB_P208,208,585000000,3,20260927,MODEL_V2_TCN_MEANMAX,MODEL_V2_OPTIMIZER_CORRECTED_V1,1,8.788862228393555,0.9998475313186646,11,V2-006-OPT-CORR-F03-S20260927,2500e6093eb81946536b9d443c1fd586c1ea170025d48cf50cf45292ee22d878
5ad73464c5f24b987ad9a70dd6a39f5460185597095c290209aac71734e1cccf,MITDB_P121,121,1710000000,3,20260927,MODEL_V2_TCN_MEANMAX,MODEL_V2_OPTIMIZER_CORRECTED_V1,0,-9.776798248291016,5.67499955650419e-05,11,V2-006-OPT-CORR-F03-S20260927,2500e6093eb81946536b9d443c1fd586c1ea170025d48cf50cf45292ee22d878
5b13d972e4e275be139e07d5220389f9aaebeaa0f6ca167bb04c9aedffd51005,MITDB_P121,121,1260000000,3,20260927,MODEL_V2_TCN_MEANMAX,MODEL_V2_OPTIMIZER_CORRECTED_V1,0,-7.801499843597412,0.00040895360871218145,11,V2-006-OPT-CORR-F03-S20260927,2500e6093eb81946536b9d443c1fd586c1ea170025d48cf50cf45292ee22d878
5b5fb6725e9f3eb53676e3899e78cc531317aa69921856201d2fa3753e911510,MITDB_P223,223,635000000,3,20260927,MODEL_V2_TCN_MEANMAX,MODEL_V2_OPTIMIZER_CORRECTED_V1,1,-1.134790301322937,0.2432781457901001,11,V2-006-OPT-CORR-F03-S20260927,2500e6093eb81946536b9d443c1fd586c1ea170025d48cf50cf45292ee22d878
5b8db7b69af8124be35f53378e7abf503a8dc54bcab0ec28a8d52b3ab6a3c068,MITDB_P121,121,1615000000,3,20260927,MODEL_V2_TCN_MEANMAX,MODEL_V2_OPTIMIZER_CORRECTED_V1,0,-9.332725524902344,8.847292338032275e-05,11,V2-006-OPT-CORR-F03-S20260927,2500e6093eb81946536b9d443c1fd586c1ea170025d48cf50cf45292ee22d878
5bbeaa5992234fe4eff56c393df975c5b70dc873c63cf84cddd2a5b4c09ce57f,MITDB_P121,121,1665000000,3,20260927,MODEL_V2_TCN_MEANMAX,MODEL_V2_OPTIMIZER_CORRECTED_V1,0,-6.87208890914917,0.001035237219184637,11,V2-006-OPT-CORR-F03-S20260927,2500e6093eb81946536b9d443c1fd586c1ea170025d48cf50cf45292ee22d878
5bcda26d40ebe5b771bd053d7b4280524a4c548ccc33108dea188729772e0910,MITDB_P208,208,1765000000,3,20260927,MODEL_V2_TCN_MEANMAX,MODEL_V2_OPTIMIZER_CORRECTED_V1,1,10.595307350158691,0.9999749660491943,11,V2-006-OPT-CORR-F03-S20260927,2500e6093eb81946536b9d443c1fd586c1ea170025d48cf50cf45292ee22d878
5bdd54e45047e122b8ba6f74c2807835c2e21a73349fd185ab29538b1f4c47a9,MITDB_P121,121,1370000000,3,20260927,MODEL_V2_TCN_MEANMAX,MODEL_V2_OPTIMIZER_CORRECTED_V1,0,-7.796591281890869,0.0004109650617465377,11,V2-006-OPT-CORR-F03-S20260927,2500e6093eb81946536b9d443c1fd586c1ea170025d48cf50cf45292ee22d878
5c10a9105f0813045086ae8a22b71b40f5a7e945bf456a69dfffa42d3a2612c4,MITDB_P208,208,960000000,3,20260927,MODEL_V2_TCN_MEANMAX,MODEL_V2_OPTIMIZER_CORRECTED_V1,1,9.571280479431152,0.9999302625656128,11,V2-006-OPT-CORR-F03-S20260927,2500e6093eb81946536b9d443c1fd586c1ea170025d48cf50cf45292ee22d878
5c18eb8acf0a1e28432c341864e68e294b3f0b979ef9da5175a4b6376153bd85,MITDB_P121,121,315000000,3,20260927,MODEL_V2_TCN_MEANMAX,MODEL_V2_OPTIMIZER_CORRECTED_V1,0,-8.12840747833252,0.00029495067428797483,11,V2-006-OPT-CORR-F03-S20260927,2500e6093eb81946536b9d443c1fd586c1ea170025d48cf50cf45292ee22d878
5c2448d7e36d2974d446f631cd5c90168a0b03d789e2f3133b21728cd069f6a1,MITDB_P208,208,280000000,3,20260927,MODEL_V2_TCN_MEANMAX,MODEL_V2_OPTIMIZER_CORRECTED_V1,1,11.393961906433105,0.9999887943267822,11,V2-006-OPT-CORR-F03-S20260927,2500e6093eb81946536b9d443c1fd586c1ea170025d48cf50cf45292ee22d878
5c385a629c5fd6499b83155d685c114a3f7d5cca1c4e0ca75113635df2de243c,MITDB_P223,223,1560000000,3,20260927,MODEL_V2_TCN_MEANMAX,MODEL_V2_OPTIMIZER_CORRECTED_V1,1,7.7459564208984375,0.9995676875114441,11,V2-006-OPT-CORR-F03-S20260927,2500e6093eb81946536b9d443c1fd586c1ea170025d48cf50cf45292ee22d878
5c3c91ba75c9e69dcbbd3a3a16ff2ba09ad4ec7c4e5629f8cad5ff1e79a35aff,MITDB_P223,223,1580000000,3,20260927,MODEL_V2_TCN_MEANMAX,MODEL_V2_OPTIMIZER_CORRECTED_V1,0,-3.2275407314300537,0.0381423681974411,11,V2-006-OPT-CORR-F03-S20260927,2500e6093eb81946536b9d443c1fd586c1ea170025d48cf50cf45292ee22d878
5c46636e38d61f0339668774d624f76434f3c11d9bad62c412ab5db522355722,MITDB_P114,114,1325000000,3,20260927,MODEL_V2_TCN_MEANMAX,MODEL_V2_OPTIMIZER_CORRECTED_V1,0,0.130724236369133,0.5326345562934875,11,V2-006-OPT-CORR-F03-S20260927,2500e6093eb81946536b9d443c1fd586c1ea170025d48cf50cf45292ee22d878
5c4cf78cf27e21e2974cf278108383f15ea1b436c2c9bb28e2239fa2b946aa54,MITDB_P114,114,465000000,3,20260927,MODEL_V2_TCN_MEANMAX,MODEL_V2_OPTIMIZER_CORRECTED_V1,1,7.163851737976074,0.9992265701293945,11,V2-006-OPT-CORR-F03-S20260927,2500e6093eb81946536b9d443c1fd586c1ea170025d48cf50cf45292ee22d878
5c6a64a6219d36ddc5fa358c8db3f83aac2e5f7cf4254c86b859bed28d4a6511,MITDB_P103,103,595000000,3,20260927,MODEL_V2_TCN_MEANMAX,MODEL_V2_OPTIMIZER_CORRECTED_V1,0,-6.406737327575684,0.0016476811142638326,11,V2-006-OPT-CORR-F03-S20260927,2500e6093eb81946536b9d443c1fd586c1ea170025d48cf50cf45292ee22d878
5c8eb6e7355c9ccc5c377ef19daf03b7c3b5cad63ee0c5d5b389dab2a05f3193,MITDB_P103,103,1445000000,3,20260927,MODEL_V2_TCN_MEANMAX,MODEL_V2_OPTIMIZER_CORRECTED_V1,0,-6.341925621032715,0.0017578128026798368,11,V2-006-OPT-CORR-F03-S20260927,2500e6093eb81946536b9d443c1fd586c1ea170025d48cf50cf45292ee22d878
5cbdb540d6fd24672a94874badc2f0382d60bd9698d9e75cebdbadac209397a6,MITDB_P121,121,1550000000,3,20260927,MODEL_V2_TCN_MEANMAX,MODEL_V2_OPTIMIZER_CORRECTED_V1,0,-3.2493395805358887,0.037350624799728394,11,V2-006-OPT-CORR-F03-S20260927,2500e6093eb81946536b9d443c1fd586c1ea170025d48cf50cf45292ee22d878
5d2e3f9a44b172105a925960e7bbb113febddc9f16264321bc8aa8ebc9bf5b10,MITDB_P114,114,375000000,3,20260927,MODEL_V2_TCN_MEANMAX,MODEL_V2_OPTIMIZER_CORRECTED_V1,1,6.470859050750732,0.9984544515609741,11,V2-006-OPT-CORR-F03-S20260927,2500e6093eb81946536b9d443c1fd586c1ea170025d48cf50cf45292ee22d878
5d8fd6545dde67101193fc5502d7531d86f586e9113845a217cc15e012d189ff,MITDB_P208,208,445000000,3,20260927,MODEL_V2_TCN_MEANMAX,MODEL_V2_OPTIMIZER_CORRECTED_V1,1,11.183615684509277,0.9999860525131226,11,V2-006-OPT-CORR-F03-S20260927,2500e6093eb81946536b9d443c1fd586c1ea170025d48cf50cf45292ee22d878
5db52ddd4cd5753ad74f8ada5148486184e3c6025fe7aa452fccd3e444046867,MITDB_P121,121,580000000,3,20260927,MODEL_V2_TCN_MEANMAX,MODEL_V2_OPTIMIZER_CORRECTED_V1,0,-7.858119487762451,0.00038645078893750906,11,V2-006-OPT-CORR-F03-S20260927,2500e6093eb81946536b9d443c1fd586c1ea170025d48cf50cf45292ee22d878
5df7c89620c0c741ba86d1e1ca9d6612a23bc2a4d4f6106e0cf4de0c827bd94c,MITDB_P121,121,245000000,3,20260927,MODEL_V2_TCN_MEANMAX,MODEL_V2_OPTIMIZER_CORRECTED_V1,0,-6.260189056396484,0.0019072400173172355,11,V2-006-OPT-CORR-F03-S20260927,2500e6093eb81946536b9d443c1fd586c1ea170025d48cf50cf45292ee22d878
5dfbca27f94ec19c589d994ce6e250d41a9ea4e8e96119f94bbc8c136036cb79,MITDB_P121,121,775000000,3,20260927,MODEL_V2_TCN_MEANMAX,MODEL_V2_OPTIMIZER_CORRECTED_V1,0,-7.986276149749756,0.00033998259459622204,11,V2-006-OPT-CORR-F03-S20260927,2500e6093eb81946536b9d443c1fd586c1ea170025d48cf50cf45292ee22d878
5e00981f22a0eafb9160d102c98ce00e02e5b6c74c1811242729122606a54403,MITDB_P223,223,1320000000,3,20260927,MODEL_V2_TCN_MEANMAX,MODEL_V2_OPTIMIZER_CORRECTED_V1,1,2.827500343322754,0.9441438913345337,11,V2-006-OPT-CORR-F03-S20260927,2500e6093eb81946536b9d443c1fd586c1ea170025d48cf50cf45292ee22d878
5e1098b5fe88a29439fa82fdcb46b80930e29de3915cf65edbb3080ed68849ed,MITDB_P114,114,1205000000,3,20260927,MODEL_V2_TCN_MEANMAX,MODEL_V2_OPTIMIZER_CORRECTED_V1,0,-1.985439419746399,0.12074019014835358,11,V2-006-OPT-CORR-F03-S20260927,2500e6093eb81946536b9d443c1fd586c1ea170025d48cf50cf45292ee22d878
5e44051c073bddd215b851607d224895ca1fd6128e6f84f1394ed526bed006c5,MITDB_P114,114,1635000000,3,20260927,MODEL_V2_TCN_MEANMAX,MODEL_V2_OPTIMIZER_CORRECTED_V1,0,-3.6738929748535156,0.024749405682086945,11,V2-006-OPT-CORR-F03-S20260927,2500e6093eb81946536b9d443c1fd586c1ea170025d48cf50cf45292ee22d878
5e5b6570abdcb63ccd6ac3622c4d062424491bcb7f5cf266cc30d5a6e52ae490,MITDB_P208,208,1580000000,3,20260927,MODEL_V2_TCN_MEANMAX,MODEL_V2_OPTIMIZER_CORRECTED_V1,1,7.348281383514404,0.9993566870689392,11,V2-006-OPT-CORR-F03-S20260927,2500e6093eb81946536b9d443c1fd586c1ea170025d48cf50cf45292ee22d878
5e7af25674b30378251a7e2c47fc5705baaf2529ad0d7090703ad2b0c712710a,MITDB_P208,208,310000000,3,20260927,MODEL_V2_TCN_MEANMAX,MODEL_V2_OPTIMIZER_CORRECTED_V1,1,9.924360275268555,0.9999510049819946,11,V2-006-OPT-CORR-F03-S20260927,2500e6093eb81946536b9d443c1fd586c1ea170025d48cf50cf45292ee22d878
5e8f870d607c3112f57863d718ec25ff14c522b0be654b0f43db1e619e870f72,MITDB_P114,114,910000000,3,20260927,MODEL_V2_TCN_MEANMAX,MODEL_V2_OPTIMIZER_CORRECTED_V1,0,-1.3865270614624023,0.19996277987957,11,V2-006-OPT-CORR-F03-S20260927,2500e6093eb81946536b9d443c1fd586c1ea170025d48cf50cf45292ee22d878
5eb7f364e0119f3606e0033ca386e0f817c266f8b8ac2d8beed9197facb8116e,MITDB_P103,103,395000000,3,20260927,MODEL_V2_TCN_MEANMAX,MODEL_V2_OPTIMIZER_CORRECTED_V1,0,-6.784138202667236,0.001130303367972374,11,V2-006-OPT-CORR-F03-S20260927,2500e6093eb81946536b9d443c1fd586c1ea170025d48cf50cf45292ee22d878
5ef85e88ef21b861b15b418d1ca35c85bd43bb49e181b3dd66d632a14d33aed7,MITDB_P121,121,230000000,3,20260927,MODEL_V2_TCN_MEANMAX,MODEL_V2_OPTIMIZER_CORRECTED_V1,0,-6.458282470703125,0.0015650324057787657,11,V2-006-OPT-CORR-F03-S20260927,2500e6093eb81946536b9d443c1fd586c1ea170025d48cf50cf45292ee22d878
5f1d5c3b91a14ae134993ad378c6f7b46daa9f7801c8956bfc05c79c0b55be25,MITDB_P223,223,1530000000,3,20260927,MODEL_V2_TCN_MEANMAX,MODEL_V2_OPTIMIZER_CORRECTED_V1,1,2.1138956546783447,0.892246425151825,11,V2-006-OPT-CORR-F03-S20260927,2500e6093eb81946536b9d443c1fd586c1ea170025d48cf50cf45292ee22d878
5f25361e01b9a6e14632b6356eb3067ef1fed1825e723d6a8bb152b4f2b337e3,MITDB_P103,103,1290000000,3,20260927,MODEL_V2_TCN_MEANMAX,MODEL_V2_OPTIMIZER_CORRECTED_V1,0,-6.690648078918457,0.0012409354094415903,11,V2-006-OPT-CORR-F03-S20260927,2500e6093eb81946536b9d443c1fd586c1ea170025d48cf50cf45292ee22d878
5f5a13b184c5bd36d0360856522f4350ab371f350bcc4a7b3373abce50bba737,MITDB_P114,114,1475000000,3,20260927,MODEL_V2_TCN_MEANMAX,MODEL_V2_OPTIMIZER_CORRECTED_V1,0,-1.8172595500946045,0.1397630274295807,11,V2-006-OPT-CORR-F03-S20260927,2500e6093eb81946536b9d443c1fd586c1ea170025d48cf50cf45292ee22d878
5f79c6323f2cbcc9fbb60ad49232dcfdbbc5224618b44ed14dbf18f3190a2f03,MITDB_P223,223,130000000,3,20260927,MODEL_V2_TCN_MEANMAX,MODEL_V2_OPTIMIZER_CORRECTED_V1,1,-1.9985687732696533,0.1193532720208168,11,V2-006-OPT-CORR-F03-S20260927,2500e6093eb81946536b9d443c1fd586c1ea170025d48cf50cf45292ee22d878
5f93224edc0e8325b7702a9c41221b53668b2e0e29e8cbae8d432e03524a5209,MITDB_P121,121,685000000,3,20260927,MODEL_V2_TCN_MEANMAX,MODEL_V2_OPTIMIZER_CORRECTED_V1,0,-8.215794563293457,0.00027027653413824737,11,V2-006-OPT-CORR-F03-S20260927,2500e6093eb81946536b9d443c1fd586c1ea170025d48cf50cf45292ee22d878
5f9dfb858fa764327d70b0157fb4b96a6ba3a1abfe61a13e7a5821dc32fc459c,MITDB_P208,208,1410000000,3,20260927,MODEL_V2_TCN_MEANMAX,MODEL_V2_OPTIMIZER_CORRECTED_V1,1,9.074568748474121,0.9998854398727417,11,V2-006-OPT-CORR-F03-S20260927,2500e6093eb81946536b9d443c1fd586c1ea170025d48cf50cf45292ee22d878
5fa2ec55a59bd4fa05864c67631563cf4b9b970b4cb1e0ff6869e4cac9246e35,MITDB_P103,103,310000000,3,20260927,MODEL_V2_TCN_MEANMAX,MODEL_V2_OPTIMIZER_CORRECTED_V1,0,-6.040143013000488,0.002375561511144042,11,V2-006-OPT-CORR-F03-S20260927,2500e6093eb81946536b9d443c1fd586c1ea170025d48cf50cf45292ee22d878
603a3e55b0ed1b94e1c37b89d2a63ed75e98c95ea715d16f0bf4c9fe0e79a8ae,MITDB_P114,114,1090000000,3,20260927,MODEL_V2_TCN_MEANMAX,MODEL_V2_OPTIMIZER_CORRECTED_V1,0,-3.7788119316101074,0.02233937196433544,11,V2-006-OPT-CORR-F03-S20260927,2500e6093eb81946536b9d443c1fd586c1ea170025d48cf50cf45292ee22d878
605eaed0ec7a506f4399b3d9fb0af809029a22a4d944118976e107fd6f881759,MITDB_P223,223,1495000000,3,20260927,MODEL_V2_TCN_MEANMAX,MODEL_V2_OPTIMIZER_CORRECTED_V1,1,-0.358523428440094,0.41131705045700073,11,V2-006-OPT-CORR-F03-S20260927,2500e6093eb81946536b9d443c1fd586c1ea170025d48cf50cf45292ee22d878
608754ebfe2609e23a70c98e183f87d3f5f520f9a973c5fd879190133227c24c,MITDB_P121,121,410000000,3,20260927,MODEL_V2_TCN_MEANMAX,MODEL_V2_OPTIMIZER_CORRECTED_V1,0,-8.573935508728027,0.0001889318082248792,11,V2-006-OPT-CORR-F03-S20260927,2500e6093eb81946536b9d443c1fd586c1ea170025d48cf50cf45292ee22d878
61144bbfccef83d662b59ac937f5daa2e3f096d9c49a959ab40f1115cece4b63,MITDB_P223,223,665000000,3,20260927,MODEL_V2_TCN_MEANMAX,MODEL_V2_OPTIMIZER_CORRECTED_V1,0,-4.703701019287109,0.008980301208794117,11,V2-006-OPT-CORR-F03-S20260927,2500e6093eb81946536b9d443c1fd586c1ea170025d48cf50cf45292ee22d878
61273075d4489e44e508abbbcca2e4509958b840d401df890273f6db708d60b2,MITDB_P121,121,1295000000,3,20260927,MODEL_V2_TCN_MEANMAX,MODEL_V2_OPTIMIZER_CORRECTED_V1,0,-7.82463264465332,0.0003996056620962918,11,V2-006-OPT-CORR-F03-S20260927,2500e6093eb81946536b9d443c1fd586c1ea170025d48cf50cf45292ee22d878
614a89d250a8fc2fde8a2536a35f176cb10f9277c654e00eea34e1447e3db7fe,MITDB_P223,223,500000000,3,20260927,MODEL_V2_TCN_MEANMAX,MODEL_V2_OPTIMIZER_CORRECTED_V1,0,-7.01915979385376,0.0008937772363424301,11,V2-006-OPT-CORR-F03-S20260927,2500e6093eb81946536b9d443c1fd586c1ea170025d48cf50cf45292ee22d878
61b29d7ef8e7382b23083a1cc3822bb77db53be9af6d38ff0886ac2d172dc4db,MITDB_P223,223,690000000,3,20260927,MODEL_V2_TCN_MEANMAX,MODEL_V2_OPTIMIZER_CORRECTED_V1,0,-3.390329122543335,0.0325990729033947,11,V2-006-OPT-CORR-F03-S20260927,2500e6093eb81946536b9d443c1fd586c1ea170025d48cf50cf45292ee22d878
61b9ed12c9f4af651766cb95edafb3af05e0846441892cb137a2a4e23a7e36e6,MITDB_P208,208,1465000000,3,20260927,MODEL_V2_TCN_MEANMAX,MODEL_V2_OPTIMIZER_CORRECTED_V1,1,7.332067012786865,0.9993461966514587,11,V2-006-OPT-CORR-F03-S20260927,2500e6093eb81946536b9d443c1fd586c1ea170025d48cf50cf45292ee22d878
620aca227e8a5a9ecc4fb10bf9c5e3a3affe01472427df49b868856417f58feb,MITDB_P121,121,370000000,3,20260927,MODEL_V2_TCN_MEANMAX,MODEL_V2_OPTIMIZER_CORRECTED_V1,0,-5.3926897048950195,0.004529112949967384,11,V2-006-OPT-CORR-F03-S20260927,2500e6093eb81946536b9d443c1fd586c1ea170025d48cf50cf45292ee22d878
622791446ef8f2419e5fb762bef831a725c80807d2a8dc98ddfac5f691836b17,MITDB_P103,103,235000000,3,20260927,MODEL_V2_TCN_MEANMAX,MODEL_V2_OPTIMIZER_CORRECTED_V1,0,-6.453808307647705,0.001572039327584207,11,V2-006-OPT-CORR-F03-S20260927,2500e6093eb81946536b9d443c1fd586c1ea170025d48cf50cf45292ee22d878
627d3e0edd784a0a44fb8c30dc0d3943cc51f9ec3ec6b7a9668c378689889a89,MITDB_P208,208,1250000000,3,20260927,MODEL_V2_TCN_MEANMAX,MODEL_V2_OPTIMIZER_CORRECTED_V1,1,9.071515083312988,0.999885082244873,11,V2-006-OPT-CORR-F03-S20260927,2500e6093eb81946536b9d443c1fd586c1ea170025d48cf50cf45292ee22d878
62c1b0916fba07cc668d3e58de57aa5d1010ee541f1e08d6de7522ba42ccd554,MITDB_P121,121,1095000000,3,20260927,MODEL_V2_TCN_MEANMAX,MODEL_V2_OPTIMIZER_CORRECTED_V1,0,-8.648486137390137,0.0001753614196786657,11,V2-006-OPT-CORR-F03-S20260927,2500e6093eb81946536b9d443c1fd586c1ea170025d48cf50cf45292ee22d878
62cc37ef9803ae617f436458d603fbf7eb6fc49dd5b2bfdf90542d7d46cf324e,MITDB_P103,103,920000000,3,20260927,MODEL_V2_TCN_MEANMAX,MODEL_V2_OPTIMIZER_CORRECTED_V1,0,-6.007622718811035,0.0024538927245885134,11,V2-006-OPT-CORR-F03-S20260927,2500e6093eb81946536b9d443c1fd586c1ea170025d48cf50cf45292ee22d878
62ce1650155e0e56faaead46bb01fa2b09510e6799aee2e20bf36107e499ba8f,MITDB_P103,103,1480000000,3,20260927,MODEL_V2_TCN_MEANMAX,MODEL_V2_OPTIMIZER_CORRECTED_V1,0,-6.563236713409424,0.0014093213248997927,11,V2-006-OPT-CORR-F03-S20260927,2500e6093eb81946536b9d443c1fd586c1ea170025d48cf50cf45292ee22d878
631639ea549e42cda21326034c67ef7a324f009bb3f8353754d8cf9b9023c50d,MITDB_P114,114,265000000,3,20260927,MODEL_V2_TCN_MEANMAX,MODEL_V2_OPTIMIZER_CORRECTED_V1,1,7.8531365394592285,0.9996116757392883,11,V2-006-OPT-CORR-F03-S20260927,2500e6093eb81946536b9d443c1fd586c1ea170025d48cf50cf45292ee22d878
637a72211c6dd95254aee704f5c4a1e0836fa5ac8d7e919d5f5248717e304adc,MITDB_P223,223,320000000,3,20260927,MODEL_V2_TCN_MEANMAX,MODEL_V2_OPTIMIZER_CORRECTED_V1,0,-5.692576885223389,0.0033595708664506674,11,V2-006-OPT-CORR-F03-S20260927,2500e6093eb81946536b9d443c1fd586c1ea170025d48cf50cf45292ee22d878
638bb6641ccede54bbcea3364b423ed907cd63612e8006934b9a3bd254e5fb4f,MITDB_P223,223,1175000000,3,20260927,MODEL_V2_TCN_MEANMAX,MODEL_V2_OPTIMIZER_CORRECTED_V1,0,-4.442799091339111,0.011626208201050758,11,V2-006-OPT-CORR-F03-S20260927,2500e6093eb81946536b9d443c1fd586c1ea170025d48cf50cf45292ee22d878
63d5c2ac22faae6d69e4ae50337f44bbf5a27b706ff10d09690d6566ec2cb018,MITDB_P103,103,1695000000,3,20260927,MODEL_V2_TCN_MEANMAX,MODEL_V2_OPTIMIZER_CORRECTED_V1,0,-6.135814189910889,0.0021592900156974792,11,V2-006-OPT-CORR-F03-S20260927,2500e6093eb81946536b9d443c1fd586c1ea170025d48cf50cf45292ee22d878
63f79541dcb9e2737cce6f41ec694f6ec374333903ab3827d9603a03998a4ef2,MITDB_P103,103,875000000,3,20260927,MODEL_V2_TCN_MEANMAX,MODEL_V2_OPTIMIZER_CORRECTED_V1,0,-5.536128520965576,0.003926281351596117,11,V2-006-OPT-CORR-F03-S20260927,2500e6093eb81946536b9d443c1fd586c1ea170025d48cf50cf45292ee22d878
64267c8b0ede552953dcdb4e38803d7d9715d9ffdf366dc3911b52fb632341ea,MITDB_P223,223,1025000000,3,20260927,MODEL_V2_TCN_MEANMAX,MODEL_V2_OPTIMIZER_CORRECTED_V1,1,2.298189878463745,0.9087269902229309,11,V2-006-OPT-CORR-F03-S20260927,2500e6093eb81946536b9d443c1fd586c1ea170025d48cf50cf45292ee22d878
6444a84a9611892a03dbd2e4f1b1ffecc54bf2057380057c673014c21c18a100,MITDB_P208,208,275000000,3,20260927,MODEL_V2_TCN_MEANMAX,MODEL_V2_OPTIMIZER_CORRECTED_V1,1,11.027242660522461,0.9999837875366211,11,V2-006-OPT-CORR-F03-S20260927,2500e6093eb81946536b9d443c1fd586c1ea170025d48cf50cf45292ee22d878
64b3990f806909c4f815bd86a5674e737a488f8517a8c803adeb60cdacfc6802,MITDB_P121,121,910000000,3,20260927,MODEL_V2_TCN_MEANMAX,MODEL_V2_OPTIMIZER_CORRECTED_V1,0,-7.900773525238037,0.0003703196707647294,11,V2-006-OPT-CORR-F03-S20260927,2500e6093eb81946536b9d443c1fd586c1ea170025d48cf50cf45292ee22d878
64c9da3b98ce3a5ebb5711201fb87cb55844d95783e4796099c631b996205b8c,MITDB_P103,103,1565000000,3,20260927,MODEL_V2_TCN_MEANMAX,MODEL_V2_OPTIMIZER_CORRECTED_V1,0,-5.686049938201904,0.0033814955968409777,11,V2-006-OPT-CORR-F03-S20260927,2500e6093eb81946536b9d443c1fd586c1ea170025d48cf50cf45292ee22d878
64deadf883b110c499455d38e301a51756aad907b52924d26adcd16146d5755d,MITDB_P103,103,925000000,3,20260927,MODEL_V2_TCN_MEANMAX,MODEL_V2_OPTIMIZER_CORRECTED_V1,0,-6.754659175872803,0.0011640803422778845,11,V2-006-OPT-CORR-F03-S20260927,2500e6093eb81946536b9d443c1fd586c1ea170025d48cf50cf45292ee22d878
6538ba37145d3d70e66a819039309504e709b7bc73cf644bb26751ce4a628cc1,MITDB_P121,121,265000000,3,20260927,MODEL_V2_TCN_MEANMAX,MODEL_V2_OPTIMIZER_CORRECTED_V1,0,-6.6143717765808105,0.001339161186479032,11,V2-006-OPT-CORR-F03-S20260927,2500e6093eb81946536b9d443c1fd586c1ea170025d48cf50cf45292ee22d878
653d2c22f2a00dded94c30080bfa8edbbead489803a5cfa8f5616608edccea5c,MITDB_P103,103,590000000,3,20260927,MODEL_V2_TCN_MEANMAX,MODEL_V2_OPTIMIZER_CORRECTED_V1,0,-6.357298374176025,0.0017310433322563767,11,V2-006-OPT-CORR-F03-S20260927,2500e6093eb81946536b9d443c1fd586c1ea170025d48cf50cf45292ee22d878
656166cec87614dcb6c376d6c8c4ef2916805438cdb4a52a17bbadf579ed7dbf,MITDB_P208,208,1160000000,3,20260927,MODEL_V2_TCN_MEANMAX,MODEL_V2_OPTIMIZER_CORRECTED_V1,1,7.502151012420654,0.9994483590126038,11,V2-006-OPT-CORR-F03-S20260927,2500e6093eb81946536b9d443c1fd586c1ea170025d48cf50cf45292ee22d878
657b0623e62783fda1f6c550c5e86329adec500705627492637a656e5f4a01bc,MITDB_P103,103,1640000000,3,20260927,MODEL_V2_TCN_MEANMAX,MODEL_V2_OPTIMIZER_CORRECTED_V1,0,-6.589034557342529,0.0013734782114624977,11,V2-006-OPT-CORR-F03-S20260927,2500e6093eb81946536b9d443c1fd586c1ea170025d48cf50cf45292ee22d878
65bc8b9ad59dee7b396ea5b0e7b6a799d81a4731e75a1272fb3c0427d150c468,MITDB_P121,121,440000000,3,20260927,MODEL_V2_TCN_MEANMAX,MODEL_V2_OPTIMIZER_CORRECTED_V1,0,-8.10395336151123,0.00030225011869333684,11,V2-006-OPT-CORR-F03-S20260927,2500e6093eb81946536b9d443c1fd586c1ea170025d48cf50cf45292ee22d878
65bfc627063dbceb8465336bbd2603b6bfe46b8a4f8ce99cdbee9311e2e96dca,MITDB_P103,103,795000000,3,20260927,MODEL_V2_TCN_MEANMAX,MODEL_V2_OPTIMIZER_CORRECTED_V1,0,-6.403714656829834,0.0016526607796549797,11,V2-006-OPT-CORR-F03-S20260927,2500e6093eb81946536b9d443c1fd586c1ea170025d48cf50cf45292ee22d878
6614ea9bf6016456ebce3a1c5e7caec26e6077bf7db722a87e82221033ffa664,MITDB_P114,114,295000000,3,20260927,MODEL_V2_TCN_MEANMAX,MODEL_V2_OPTIMIZER_CORRECTED_V1,1,5.2766265869140625,0.9949163198471069,11,V2-006-OPT-CORR-F03-S20260927,2500e6093eb81946536b9d443c1fd586c1ea170025d48cf50cf45292ee22d878
661eadcb5433fe254e8696bcfe963358b15fe5f744f56432c29da5f8b3c72c71,MITDB_P223,223,680000000,3,20260927,MODEL_V2_TCN_MEANMAX,MODEL_V2_OPTIMIZER_CORRECTED_V1,0,-3.8243048191070557,0.021367087960243225,11,V2-006-OPT-CORR-F03-S20260927,2500e6093eb81946536b9d443c1fd586c1ea170025d48cf50cf45292ee22d878
669a9e1caea7d6e59ada64540d7bed0639c1a7ab8cd1f5620d90a77c8d355276,MITDB_P103,103,1210000000,3,20260927,MODEL_V2_TCN_MEANMAX,MODEL_V2_OPTIMIZER_CORRECTED_V1,0,-4.416301727294922,0.01193466316908598,11,V2-006-OPT-CORR-F03-S20260927,2500e6093eb81946536b9d443c1fd586c1ea170025d48cf50cf45292ee22d878
66d5c552dc63e3c0c8c463ec13c463b2996fc0eef2dec64e9633b872e9072fda,MITDB_P103,103,95000000,3,20260927,MODEL_V2_TCN_MEANMAX,MODEL_V2_OPTIMIZER_CORRECTED_V1,0,-6.896841526031494,0.0010099525097757578,11,V2-006-OPT-CORR-F03-S20260927,2500e6093eb81946536b9d443c1fd586c1ea170025d48cf50cf45292ee22d878
66f7ea457b2dfd2aa0bf0bc66cd44d9e41e8bb3ec6ad9062b3e375fab9f57c80,MITDB_P114,114,860000000,3,20260927,MODEL_V2_TCN_MEANMAX,MODEL_V2_OPTIMIZER_CORRECTED_V1,0,1.1724326610565186,0.7635844349861145,11,V2-006-OPT-CORR-F03-S20260927,2500e6093eb81946536b9d443c1fd586c1ea170025d48cf50cf45292ee22d878
671eb90f273b2cc973445d0ac3f3b713b1d3e0744376b509b2b4edeb06fd15b2,MITDB_P114,114,970000000,3,20260927,MODEL_V2_TCN_MEANMAX,MODEL_V2_OPTIMIZER_CORRECTED_V1,0,-2.1413652896881104,0.10514085739850998,11,V2-006-OPT-CORR-F03-S20260927,2500e6093eb81946536b9d443c1fd586c1ea170025d48cf50cf45292ee22d878
674d7793eaaf8ddd4dd133410ab805b2a73e3d360d024084b15622fcb1ae892d,MITDB_P103,103,535000000,3,20260927,MODEL_V2_TCN_MEANMAX,MODEL_V2_OPTIMIZER_CORRECTED_V1,0,-6.5701398849487305,0.0013996395282447338,11,V2-006-OPT-CORR-F03-S20260927,2500e6093eb81946536b9d443c1fd586c1ea170025d48cf50cf45292ee22d878
6784492be540dfc9fae3fcbfafb0b6a999cb56d1a62145bbdc92f205577a4bc7,MITDB_P223,223,1270000000,3,20260927,MODEL_V2_TCN_MEANMAX,MODEL_V2_OPTIMIZER_CORRECTED_V1,1,-1.323096513748169,0.21030358970165253,11,V2-006-OPT-CORR-F03-S20260927,2500e6093eb81946536b9d443c1fd586c1ea170025d48cf50cf45292ee22d878
679c50ebfc0e55c22afabdfda536480af4eb78c4aeb4d274783ab52b6570337a,MITDB_P223,223,355000000,3,20260927,MODEL_V2_TCN_MEANMAX,MODEL_V2_OPTIMIZER_CORRECTED_V1,1,-1.8745667934417725,0.13301418721675873,11,V2-006-OPT-CORR-F03-S20260927,2500e6093eb81946536b9d443c1fd586c1ea170025d48cf50cf45292ee22d878
67afdeeda5264fffaa52fae554f0f61a574ef66186670a49e7a01008c3206053,MITDB_P114,114,275000000,3,20260927,MODEL_V2_TCN_MEANMAX,MODEL_V2_OPTIMIZER_CORRECTED_V1,0,-5.0909810066223145,0.006114366464316845,11,V2-006-OPT-CORR-F03-S20260927,2500e6093eb81946536b9d443c1fd586c1ea170025d48cf50cf45292ee22d878
67b371d5e35ce562a35965edeba44d98e1d640b6af3181332c6cd0cc5ba088a7,MITDB_P121,121,1400000000,3,20260927,MODEL_V2_TCN_MEANMAX,MODEL_V2_OPTIMIZER_CORRECTED_V1,0,-7.638343334197998,0.00048139382852241397,11,V2-006-OPT-CORR-F03-S20260927,2500e6093eb81946536b9d443c1fd586c1ea170025d48cf50cf45292ee22d878
68137121284621991f010e044bb2ab58c5254cf3150e0a5b6147b0bd5e423d47,MITDB_P208,208,1780000000,3,20260927,MODEL_V2_TCN_MEANMAX,MODEL_V2_OPTIMIZER_CORRECTED_V1,1,9.992816925048828,0.9999542236328125,11,V2-006-OPT-CORR-F03-S20260927,2500e6093eb81946536b9d443c1fd586c1ea170025d48cf50cf45292ee22d878
681954d29f6c6896fff83f7cacd1b815259da0c16988ce50b5a837892e654f02,MITDB_P223,223,820000000,3,20260927,MODEL_V2_TCN_MEANMAX,MODEL_V2_OPTIMIZER_CORRECTED_V1,0,-4.366800785064697,0.012532716616988182,11,V2-006-OPT-CORR-F03-S20260927,2500e6093eb81946536b9d443c1fd586c1ea170025d48cf50cf45292ee22d878
682787e4e1af896c818782d57cc51aa1ff8b47d053f62b17375babc623f7f426,MITDB_P223,223,545000000,3,20260927,MODEL_V2_TCN_MEANMAX,MODEL_V2_OPTIMIZER_CORRECTED_V1,1,-3.9634621143341064,0.018643062561750412,11,V2-006-OPT-CORR-F03-S20260927,2500e6093eb81946536b9d443c1fd586c1ea170025d48cf50cf45292ee22d878
682b7dd75fb381c9e60b03e5d1cb280642db02d3350923f4ebb92b54a31b9c2a,MITDB_P121,121,1020000000,3,20260927,MODEL_V2_TCN_MEANMAX,MODEL_V2_OPTIMIZER_CORRECTED_V1,1,2.0638389587402344,0.8873385190963745,11,V2-006-OPT-CORR-F03-S20260927,2500e6093eb81946536b9d443c1fd586c1ea170025d48cf50cf45292ee22d878
68320e1b2450084e925bad36b976c063416027c4e15f836cac18f291ae8a569c,MITDB_P208,208,480000000,3,20260927,MODEL_V2_TCN_MEANMAX,MODEL_V2_OPTIMIZER_CORRECTED_V1,1,10.514266014099121,0.9999728202819824,11,V2-006-OPT-CORR-F03-S20260927,2500e6093eb81946536b9d443c1fd586c1ea170025d48cf50cf45292ee22d878
6862ff6b1a8e9b13542df5992280af4a1ae09b4058382c9550482c0234e31e8e,MITDB_P103,103,390000000,3,20260927,MODEL_V2_TCN_MEANMAX,MODEL_V2_OPTIMIZER_CORRECTED_V1,0,-6.275923252105713,0.0018775219796225429,11,V2-006-OPT-CORR-F03-S20260927,2500e6093eb81946536b9d443c1fd586c1ea170025d48cf50cf45292ee22d878
686450d69c1d46c856fe46496a02053af70ebe7e1b92d1400deed9beb7d8e751,MITDB_P121,121,1660000000,3,20260927,MODEL_V2_TCN_MEANMAX,MODEL_V2_OPTIMIZER_CORRECTED_V1,0,0.9151453971862793,0.7140519618988037,11,V2-006-OPT-CORR-F03-S20260927,2500e6093eb81946536b9d443c1fd586c1ea170025d48cf50cf45292ee22d878
68c58fc652d1ef57cd18520c103ba07e9a57bc5d321184004ad5109af6237830,MITDB_P121,121,40000000,3,20260927,MODEL_V2_TCN_MEANMAX,MODEL_V2_OPTIMIZER_CORRECTED_V1,0,-7.774970054626465,0.0004199436225462705,11,V2-006-OPT-CORR-F03-S20260927,2500e6093eb81946536b9d443c1fd586c1ea170025d48cf50cf45292ee22d878
68cb676f2d317a7e7792f78c76ccc5bc0d629b94ebf904bc43dd0a0f3f8481b1,MITDB_P103,103,1190000000,3,20260927,MODEL_V2_TCN_MEANMAX,MODEL_V2_OPTIMIZER_CORRECTED_V1,0,-5.941512584686279,0.0026211629156023264,11,V2-006-OPT-CORR-F03-S20260927,2500e6093eb81946536b9d443c1fd586c1ea170025d48cf50cf45292ee22d878
68cd94baefe349a39df0b9ad9c88b7bb7696a21720266d0ce209fa86a6e6b14a,MITDB_P103,103,1085000000,3,20260927,MODEL_V2_TCN_MEANMAX,MODEL_V2_OPTIMIZER_CORRECTED_V1,0,-6.5825514793396,0.001382399001158774,11,V2-006-OPT-CORR-F03-S20260927,2500e6093eb81946536b9d443c1fd586c1ea170025d48cf50cf45292ee22d878
6910024271b1d7e3182712a0010f473cd5adb61b07e8c7c5c8d0a7dd335b4cd1,MITDB_P114,114,1270000000,3,20260927,MODEL_V2_TCN_MEANMAX,MODEL_V2_OPTIMIZER_CORRECTED_V1,0,-2.3310348987579346,0.08858507126569748,11,V2-006-OPT-CORR-F03-S20260927,2500e6093eb81946536b9d443c1fd586c1ea170025d48cf50cf45292ee22d878
6920416145489e65101c9c1a0b0c9faeab097ca3aacb6542e8fed6d330a0b387,MITDB_P208,208,1655000000,3,20260927,MODEL_V2_TCN_MEANMAX,MODEL_V2_OPTIMIZER_CORRECTED_V1,1,10.232707023620605,0.9999639987945557,11,V2-006-OPT-CORR-F03-S20260927,2500e6093eb81946536b9d443c1fd586c1ea170025d48cf50cf45292ee22d878
692c54f8c9e6c4114482b98665a3848fecbd3a9c8c401f44345f867f342d5122,MITDB_P208,208,1175000000,3,20260927,MODEL_V2_TCN_MEANMAX,MODEL_V2_OPTIMIZER_CORRECTED_V1,1,7.192183017730713,0.9992480874061584,11,V2-006-OPT-CORR-F03-S20260927,2500e6093eb81946536b9d443c1fd586c1ea170025d48cf50cf45292ee22d878
6940b009260e9d765e90f48af4467a55681d55b004d502e7a6d00d98b24045cb,MITDB_P114,114,1240000000,3,20260927,MODEL_V2_TCN_MEANMAX,MODEL_V2_OPTIMIZER_CORRECTED_V1,0,-1.1585274934768677,0.2389349341392517,11,V2-006-OPT-CORR-F03-S20260927,2500e6093eb81946536b9d443c1fd586c1ea170025d48cf50cf45292ee22d878
69ad6a2628ddf6c245373835bedfcede61bc7bef3c73556ebb9b402127f97cfb,MITDB_P114,114,480000000,3,20260927,MODEL_V2_TCN_MEANMAX,MODEL_V2_OPTIMIZER_CORRECTED_V1,1,1.0398110151290894,0.738813579082489,11,V2-006-OPT-CORR-F03-S20260927,2500e6093eb81946536b9d443c1fd586c1ea170025d48cf50cf45292ee22d878
69d272d7dfc04bf4e2ff71e961fdcd49b67cfe020323175ee617248e7fe50ee1,MITDB_P121,121,695000000,3,20260927,MODEL_V2_TCN_MEANMAX,MODEL_V2_OPTIMIZER_CORRECTED_V1,0,-7.681534290313721,0.00046105400542728603,11,V2-006-OPT-CORR-F03-S20260927,2500e6093eb81946536b9d443c1fd586c1ea170025d48cf50cf45292ee22d878
69e8e3d350d75e32d529675200ecc2e8aa7ea3e5cb045e1bc0b893ab2ae60ff3,MITDB_P103,103,10000000,3,20260927,MODEL_V2_TCN_MEANMAX,MODEL_V2_OPTIMIZER_CORRECTED_V1,0,-7.215757846832275,0.0007343737524934113,11,V2-006-OPT-CORR-F03-S20260927,2500e6093eb81946536b9d443c1fd586c1ea170025d48cf50cf45292ee22d878
6a1db0aababc7cd994c56ac522dc6b2b4b9673ccec8c1d8b0fe58d1e26363e8b,MITDB_P223,223,350000000,3,20260927,MODEL_V2_TCN_MEANMAX,MODEL_V2_OPTIMIZER_CORRECTED_V1,0,-5.726362705230713,0.00324832322075963,11,V2-006-OPT-CORR-F03-S20260927,2500e6093eb81946536b9d443c1fd586c1ea170025d48cf50cf45292ee22d878
6a45bf55563504d53f3ad631a709fa8077fdd3615af8c9c832b1309663402a8d,MITDB_P103,103,75000000,3,20260927,MODEL_V2_TCN_MEANMAX,MODEL_V2_OPTIMIZER_CORRECTED_V1,0,-6.232969284057617,0.0019597646314650774,11,V2-006-OPT-CORR-F03-S20260927,2500e6093eb81946536b9d443c1fd586c1ea170025d48cf50cf45292ee22d878
6a46a0f36f504ed64bcd5472a1363356702f8d2410bc8582c29c45631ccce17b,MITDB_P208,208,1085000000,3,20260927,MODEL_V2_TCN_MEANMAX,MODEL_V2_OPTIMIZER_CORRECTED_V1,1,7.906754016876221,0.9996318817138672,11,V2-006-OPT-CORR-F03-S20260927,2500e6093eb81946536b9d443c1fd586c1ea170025d48cf50cf45292ee22d878
6a4df3dd2caf949c4efed5b2b63afc77af267ee26cbc7ff0df91b4052d27c081,MITDB_P103,103,375000000,3,20260927,MODEL_V2_TCN_MEANMAX,MODEL_V2_OPTIMIZER_CORRECTED_V1,0,-5.388008117675781,0.004550269804894924,11,V2-006-OPT-CORR-F03-S20260927,2500e6093eb81946536b9d443c1fd586c1ea170025d48cf50cf45292ee22d878
6a986728f1c8eb145c2c3eec8efbee43d10620fc177f648856e9f1027b05adb1,MITDB_P223,223,35000000,3,20260927,MODEL_V2_TCN_MEANMAX,MODEL_V2_OPTIMIZER_CORRECTED_V1,0,-6.969254016876221,0.0009394706576131284,11,V2-006-OPT-CORR-F03-S20260927,2500e6093eb81946536b9d443c1fd586c1ea170025d48cf50cf45292ee22d878
6a9895c7880e5e60df7124b4091254dbdf9dca7e76b7c8e3f85a839ad1182425,MITDB_P103,103,1030000000,3,20260927,MODEL_V2_TCN_MEANMAX,MODEL_V2_OPTIMIZER_CORRECTED_V1,0,-6.258033275604248,0.0019113481976091862,11,V2-006-OPT-CORR-F03-S20260927,2500e6093eb81946536b9d443c1fd586c1ea170025d48cf50cf45292ee22d878
6aae8f2bfc2b258686dd3b223671dd6df2eeeba4006a04118e1ddc018ff1fe09,MITDB_P121,121,360000000,3,20260927,MODEL_V2_TCN_MEANMAX,MODEL_V2_OPTIMIZER_CORRECTED_V1,0,-4.99283504486084,0.0067406524904072285,11,V2-006-OPT-CORR-F03-S20260927,2500e6093eb81946536b9d443c1fd586c1ea170025d48cf50cf45292ee22d878
6ab04244c15ea6f8719d5a6c7bf61d5fd1fbc2463eaf903c2117dcda9a1cecaa,MITDB_P121,121,60000000,3,20260927,MODEL_V2_TCN_MEANMAX,MODEL_V2_OPTIMIZER_CORRECTED_V1,0,-8.315472602844238,0.0002446413564030081,11,V2-006-OPT-CORR-F03-S20260927,2500e6093eb81946536b9d443c1fd586c1ea170025d48cf50cf45292ee22d878
6ad40d33527f039d7e10d6be5f15f662a2557416ca63ced81e229eb89310b952,MITDB_P208,208,615000000,3,20260927,MODEL_V2_TCN_MEANMAX,MODEL_V2_OPTIMIZER_CORRECTED_V1,1,8.887922286987305,0.9998619556427002,11,V2-006-OPT-CORR-F03-S20260927,2500e6093eb81946536b9d443c1fd586c1ea170025d48cf50cf45292ee22d878
6af26d839dbc10207b1eda45144635768c34874e614d9c3fb4b3f6ee12f2806d,MITDB_P114,114,605000000,3,20260927,MODEL_V2_TCN_MEANMAX,MODEL_V2_OPTIMIZER_CORRECTED_V1,0,-0.6521448493003845,0.3425063490867615,11,V2-006-OPT-CORR-F03-S20260927,2500e6093eb81946536b9d443c1fd586c1ea170025d48cf50cf45292ee22d878
6b04516b8a7e08e0ef305cf196c27ebda6ecb5c9ceca4cae89242b35e12752a4,MITDB_P114,114,1005000000,3,20260927,MODEL_V2_TCN_MEANMAX,MODEL_V2_OPTIMIZER_CORRECTED_V1,0,-3.507697582244873,0.029094001278281212,11,V2-006-OPT-CORR-F03-S20260927,2500e6093eb81946536b9d443c1fd586c1ea170025d48cf50cf45292ee22d878
6b3e2ec0fbb6904aa8a243f032b876257b64b782a2e78c8767dbe3ac9619bcc5,MITDB_P121,121,1195000000,3,20260927,MODEL_V2_TCN_MEANMAX,MODEL_V2_OPTIMIZER_CORRECTED_V1,0,-7.939101696014404,0.0003563995414879173,11,V2-006-OPT-CORR-F03-S20260927,2500e6093eb81946536b9d443c1fd586c1ea170025d48cf50cf45292ee22d878
6b4cf01e17cc6662661060400e35b82d03f21c3110746cba8cd79a5e3d0858b7,MITDB_P208,208,620000000,3,20260927,MODEL_V2_TCN_MEANMAX,MODEL_V2_OPTIMIZER_CORRECTED_V1,1,9.633255958557129,0.9999344348907471,11,V2-006-OPT-CORR-F03-S20260927,2500e6093eb81946536b9d443c1fd586c1ea170025d48cf50cf45292ee22d878
6b793df9ad18a0634a282045535aa2f21086637b0ccba885cd550537572b0955,MITDB_P208,208,30000000,3,20260927,MODEL_V2_TCN_MEANMAX,MODEL_V2_OPTIMIZER_CORRECTED_V1,1,13.39174747467041,0.9999984502792358,11,V2-006-OPT-CORR-F03-S20260927,2500e6093eb81946536b9d443c1fd586c1ea170025d48cf50cf45292ee22d878
6bc8c2616c497cf1acc5d05e4c7154526bf9bf7592d785bc84cd18617f2ea36a,MITDB_P121,121,1130000000,3,20260927,MODEL_V2_TCN_MEANMAX,MODEL_V2_OPTIMIZER_CORRECTED_V1,0,-7.238302707672119,0.0007180143729783595,11,V2-006-OPT-CORR-F03-S20260927,2500e6093eb81946536b9d443c1fd586c1ea170025d48cf50cf45292ee22d878
6bd6803c0a3a62af3eb7528459d3bfeb21cb057fdacbbaff1da95baed9045e14,MITDB_P223,223,440000000,3,20260927,MODEL_V2_TCN_MEANMAX,MODEL_V2_OPTIMIZER_CORRECTED_V1,1,-5.160417556762695,0.005706551019102335,11,V2-006-OPT-CORR-F03-S20260927,2500e6093eb81946536b9d443c1fd586c1ea170025d48cf50cf45292ee22d878
6bdfb247bfff2e9f75a6d92c17874f334a8d1fc8fd1296fa6d03abb97f9fe431,MITDB_P208,208,970000000,3,20260927,MODEL_V2_TCN_MEANMAX,MODEL_V2_OPTIMIZER_CORRECTED_V1,1,12.479609489440918,0.9999961853027344,11,V2-006-OPT-CORR-F03-S20260927,2500e6093eb81946536b9d443c1fd586c1ea170025d48cf50cf45292ee22d878
6c25279d200005f0039eaff0723f8d80c5eee512a5eb4a39049f1cb0af5bf877,MITDB_P103,103,650000000,3,20260927,MODEL_V2_TCN_MEANMAX,MODEL_V2_OPTIMIZER_CORRECTED_V1,0,-6.086202144622803,0.0022688694298267365,11,V2-006-OPT-CORR-F03-S20260927,2500e6093eb81946536b9d443c1fd586c1ea170025d48cf50cf45292ee22d878
6c2eb909bf8532f928367ab6cc8c9b1e954e2305e664eb9c8067fef185984909,MITDB_P103,103,1045000000,3,20260927,MODEL_V2_TCN_MEANMAX,MODEL_V2_OPTIMIZER_CORRECTED_V1,0,-6.698556423187256,0.001231172471307218,11,V2-006-OPT-CORR-F03-S20260927,2500e6093eb81946536b9d443c1fd586c1ea170025d48cf50cf45292ee22d878
6c5616117ef9e49bcb5ed8a7146331d3e2968dc60c1e273e3378508e555fffa9,MITDB_P103,103,1550000000,3,20260927,MODEL_V2_TCN_MEANMAX,MODEL_V2_OPTIMIZER_CORRECTED_V1,0,-6.507275581359863,0.0014903161209076643,11,V2-006-OPT-CORR-F03-S20260927,2500e6093eb81946536b9d443c1fd586c1ea170025d48cf50cf45292ee22d878
6c91c6585b2c5ba75ff28161960c1943b0dc311686bd5575de440623c78adcbd,MITDB_P208,208,1720000000,3,20260927,MODEL_V2_TCN_MEANMAX,MODEL_V2_OPTIMIZER_CORRECTED_V1,1,10.66565227508545,0.999976634979248,11,V2-006-OPT-CORR-F03-S20260927,2500e6093eb81946536b9d443c1fd586c1ea170025d48cf50cf45292ee22d878
6cab7bb2cfc6d6d925c99a99239005996bb3f32179f5ce51017c78759c71ff36,MITDB_P208,208,530000000,3,20260927,MODEL_V2_TCN_MEANMAX,MODEL_V2_OPTIMIZER_CORRECTED_V1,1,10.906182289123535,0.9999816417694092,11,V2-006-OPT-CORR-F03-S20260927,2500e6093eb81946536b9d443c1fd586c1ea170025d48cf50cf45292ee22d878
6cad25a86246e00e42e008528370e1207ef2f4e112b9da4d07db3adcb0466475,MITDB_P208,208,1710000000,3,20260927,MODEL_V2_TCN_MEANMAX,MODEL_V2_OPTIMIZER_CORRECTED_V1,1,10.882004737854004,0.999981164932251,11,V2-006-OPT-CORR-F03-S20260927,2500e6093eb81946536b9d443c1fd586c1ea170025d48cf50cf45292ee22d878
6cb67751530e654593197d48778877181180018845b46c2ff8bdda7b951636da,MITDB_P223,223,215000000,3,20260927,MODEL_V2_TCN_MEANMAX,MODEL_V2_OPTIMIZER_CORRECTED_V1,0,-6.717165946960449,0.001208500238135457,11,V2-006-OPT-CORR-F03-S20260927,2500e6093eb81946536b9d443c1fd586c1ea170025d48cf50cf45292ee22d878
6cf1593fd9bf1c5e1d65440f5a01929ea357bc90b64692b7f1b96552edc77d60,MITDB_P103,103,1135000000,3,20260927,MODEL_V2_TCN_MEANMAX,MODEL_V2_OPTIMIZER_CORRECTED_V1,0,-6.68513298034668,0.0012477897107601166,11,V2-006-OPT-CORR-F03-S20260927,2500e6093eb81946536b9d443c1fd586c1ea170025d48cf50cf45292ee22d878
6d2ed7de5c999db567cb59dca1bf04042ef98bf244efd2e87f4c713ac62b6362,MITDB_P223,223,1015000000,3,20260927,MODEL_V2_TCN_MEANMAX,MODEL_V2_OPTIMIZER_CORRECTED_V1,1,6.966720104217529,0.999058187007904,11,V2-006-OPT-CORR-F03-S20260927,2500e6093eb81946536b9d443c1fd586c1ea170025d48cf50cf45292ee22d878
6d34c82c91d00cef6a34f1f038ecdc22afd6ebaa2d9240b52c60b054bbd14121,MITDB_P208,208,950000000,3,20260927,MODEL_V2_TCN_MEANMAX,MODEL_V2_OPTIMIZER_CORRECTED_V1,1,11.541354179382324,0.9999902248382568,11,V2-006-OPT-CORR-F03-S20260927,2500e6093eb81946536b9d443c1fd586c1ea170025d48cf50cf45292ee22d878
6d7bde31119587442bd1c9905572388b1f23aefb45b91359379f00fa481c93f0,MITDB_P223,223,380000000,3,20260927,MODEL_V2_TCN_MEANMAX,MODEL_V2_OPTIMIZER_CORRECTED_V1,1,-4.417328357696533,0.011922563426196575,11,V2-006-OPT-CORR-F03-S20260927,2500e6093eb81946536b9d443c1fd586c1ea170025d48cf50cf45292ee22d878
6d818e4be46768521c0ce784019f0f84a206116f5fa24b68d93730fd647a3660,MITDB_P114,114,1025000000,3,20260927,MODEL_V2_TCN_MEANMAX,MODEL_V2_OPTIMIZER_CORRECTED_V1,0,-3.685706853866577,0.02446584962308407,11,V2-006-OPT-CORR-F03-S20260927,2500e6093eb81946536b9d443c1fd586c1ea170025d48cf50cf45292ee22d878
6d8a66ffa177123c359189bb5e924cb28146c5e3a8411b13971cb7ec0550acc9,MITDB_P103,103,450000000,3,20260927,MODEL_V2_TCN_MEANMAX,MODEL_V2_OPTIMIZER_CORRECTED_V1,0,-6.663269996643066,0.001275335205718875,11,V2-006-OPT-CORR-F03-S20260927,2500e6093eb81946536b9d443c1fd586c1ea170025d48cf50cf45292ee22d878
6daa80bcd25d10dc11c2f052c333d3b25d4051ab6f4d034e694e75bf15ce608b,MITDB_P121,121,1800000000,3,20260927,MODEL_V2_TCN_MEANMAX,MODEL_V2_OPTIMIZER_CORRECTED_V1,0,-9.97390079498291,4.659825935959816e-05,11,V2-006-OPT-CORR-F03-S20260927,2500e6093eb81946536b9d443c1fd586c1ea170025d48cf50cf45292ee22d878
6e01b1fba02d498783fd98e6ffae7b0e6196c117335119d58fa7d5cb66e7adac,MITDB_P114,114,835000000,3,20260927,MODEL_V2_TCN_MEANMAX,MODEL_V2_OPTIMIZER_CORRECTED_V1,0,-2.682560920715332,0.06401026993989944,11,V2-006-OPT-CORR-F03-S20260927,2500e6093eb81946536b9d443c1fd586c1ea170025d48cf50cf45292ee22d878
6e371fd6dcef24a9aaca7d188c88d9c6249798b4061b8295e8880d0261482c44,MITDB_P103,103,1800000000,3,20260927,MODEL_V2_TCN_MEANMAX,MODEL_V2_OPTIMIZER_CORRECTED_V1,0,-6.348510265350342,0.0017462963005527854,11,V2-006-OPT-CORR-F03-S20260927,2500e6093eb81946536b9d443c1fd586c1ea170025d48cf50cf45292ee22d878
6ef3ee91609d43cb8f90b0acf51b407b4dd1192e60c403d3a539af649b885c95,MITDB_P121,121,1100000000,3,20260927,MODEL_V2_TCN_MEANMAX,MODEL_V2_OPTIMIZER_CORRECTED_V1,0,-8.752434730529785,0.00015805099974386394,11,V2-006-OPT-CORR-F03-S20260927,2500e6093eb81946536b9d443c1fd586c1ea170025d48cf50cf45292ee22d878
6f080ed1ba7a2894642326920b08fa160ac63b2c80f0074c1be710ce8235216b,MITDB_P114,114,1400000000,3,20260927,MODEL_V2_TCN_MEANMAX,MODEL_V2_OPTIMIZER_CORRECTED_V1,0,-1.2097088098526,0.2297525703907013,11,V2-006-OPT-CORR-F03-S20260927,2500e6093eb81946536b9d443c1fd586c1ea170025d48cf50cf45292ee22d878
6f1325287dba0d537c89dccda6cfcfab50baf28356faf6f1fb444772d9eb28c4,MITDB_P208,208,600000000,3,20260927,MODEL_V2_TCN_MEANMAX,MODEL_V2_OPTIMIZER_CORRECTED_V1,1,9.894655227661133,0.99994957447052,11,V2-006-OPT-CORR-F03-S20260927,2500e6093eb81946536b9d443c1fd586c1ea170025d48cf50cf45292ee22d878
6f33f3c5e2fd2ee83b5cc9be995fd15118095016b753eb56c974063d7134a80a,MITDB_P121,121,1770000000,3,20260927,MODEL_V2_TCN_MEANMAX,MODEL_V2_OPTIMIZER_CORRECTED_V1,0,-9.693991661071777,6.164901424199343e-05,11,V2-006-OPT-CORR-F03-S20260927,2500e6093eb81946536b9d443c1fd586c1ea170025d48cf50cf45292ee22d878
6f3a6aa717bcbe685506d6c0c39d9e6afeda2d569dab0ac2314662d41402312e,MITDB_P208,208,105000000,3,20260927,MODEL_V2_TCN_MEANMAX,MODEL_V2_OPTIMIZER_CORRECTED_V1,1,10.353742599487305,0.9999681711196899,11,V2-006-OPT-CORR-F03-S20260927,2500e6093eb81946536b9d443c1fd586c1ea170025d48cf50cf45292ee22d878
6f5c6dc4b0557f6e54409fed99381d597ad915589c984083af92bdef23a6fb21,MITDB_P114,114,460000000,3,20260927,MODEL_V2_TCN_MEANMAX,MODEL_V2_OPTIMIZER_CORRECTED_V1,1,8.081363677978516,0.9996908903121948,11,V2-006-OPT-CORR-F03-S20260927,2500e6093eb81946536b9d443c1fd586c1ea170025d48cf50cf45292ee22d878
6f87f9498f1861cecabe50e60ac81451ee78d09a9523820a67671777771afbc4,MITDB_P103,103,1680000000,3,20260927,MODEL_V2_TCN_MEANMAX,MODEL_V2_OPTIMIZER_CORRECTED_V1,0,-6.322143077850342,0.0017928701126948,11,V2-006-OPT-CORR-F03-S20260927,2500e6093eb81946536b9d443c1fd586c1ea170025d48cf50cf45292ee22d878
6f93f4e16109cba67abd540971f4139bec2cc2aa6ff35a684407e4ecbdf6d803,MITDB_P103,103,750000000,3,20260927,MODEL_V2_TCN_MEANMAX,MODEL_V2_OPTIMIZER_CORRECTED_V1,0,-6.079982280731201,0.002282993169501424,11,V2-006-OPT-CORR-F03-S20260927,2500e6093eb81946536b9d443c1fd586c1ea170025d48cf50cf45292ee22d878
6fe760a045d85498f28a9aaacde50bc4eaf2932cc6cc04c8f1bf7b3f7d44e019,MITDB_P223,223,400000000,3,20260927,MODEL_V2_TCN_MEANMAX,MODEL_V2_OPTIMIZER_CORRECTED_V1,0,-5.0430121421813965,0.006412887014448643,11,V2-006-OPT-CORR-F03-S20260927,2500e6093eb81946536b9d443c1fd586c1ea170025d48cf50cf45292ee22d878
70353fe796801bbf09a29157b501c1fa3a8d88ccae57efb8cc67f7015e49016a,MITDB_P208,208,1155000000,3,20260927,MODEL_V2_TCN_MEANMAX,MODEL_V2_OPTIMIZER_CORRECTED_V1,1,6.932033538818359,0.9990249872207642,11,V2-006-OPT-CORR-F03-S20260927,2500e6093eb81946536b9d443c1fd586c1ea170025d48cf50cf45292ee22d878
703d91c4b920930c0b057903020d4f4dd89f72089db2a2d575ac8877c125a353,MITDB_P121,121,825000000,3,20260927,MODEL_V2_TCN_MEANMAX,MODEL_V2_OPTIMIZER_CORRECTED_V1,0,-8.047199249267578,0.0003198945487383753,11,V2-006-OPT-CORR-F03-S20260927,2500e6093eb81946536b9d443c1fd586c1ea170025d48cf50cf45292ee22d878
70ac5487bcb806c6de6707e41930fb777f803574e191fde6dc7706ddb0afc0f3,MITDB_P114,114,130000000,3,20260927,MODEL_V2_TCN_MEANMAX,MODEL_V2_OPTIMIZER_CORRECTED_V1,1,6.5520758628845215,0.9985748529434204,11,V2-006-OPT-CORR-F03-S20260927,2500e6093eb81946536b9d443c1fd586c1ea170025d48cf50cf45292ee22d878
70ba4cc66eacd865bc9f16215fcd1103dd0f17bdf9db6a36f3a85374e01983d2,MITDB_P114,114,1575000000,3,20260927,MODEL_V2_TCN_MEANMAX,MODEL_V2_OPTIMIZER_CORRECTED_V1,0,-2.436769485473633,0.08041147142648697,11,V2-006-OPT-CORR-F03-S20260927,2500e6093eb81946536b9d443c1fd586c1ea170025d48cf50cf45292ee22d878
70e0c80d993b9f089967a50d89cf9a795c28a5911ed45d953678dd8237a14adf,MITDB_P103,103,315000000,3,20260927,MODEL_V2_TCN_MEANMAX,MODEL_V2_OPTIMIZER_CORRECTED_V1,0,-6.036553859710693,0.00238408287987113,11,V2-006-OPT-CORR-F03-S20260927,2500e6093eb81946536b9d443c1fd586c1ea170025d48cf50cf45292ee22d878
70efe9c2c76ea0235816be2f2052cd8f69d669612b87f124f74a91332fe2c958,MITDB_P114,114,255000000,3,20260927,MODEL_V2_TCN_MEANMAX,MODEL_V2_OPTIMIZER_CORRECTED_V1,1,11.334656715393066,0.9999880790710449,11,V2-006-OPT-CORR-F03-S20260927,2500e6093eb81946536b9d443c1fd586c1ea170025d48cf50cf45292ee22d878
71068e9ad4064414e9e316bdc872941459d82255e1c5a1cd50088cfad1c4afd0,MITDB_P208,208,205000000,3,20260927,MODEL_V2_TCN_MEANMAX,MODEL_V2_OPTIMIZER_CORRECTED_V1,1,11.444573402404785,0.9999892711639404,11,V2-006-OPT-CORR-F03-S20260927,2500e6093eb81946536b9d443c1fd586c1ea170025d48cf50cf45292ee22d878
710aaaa8c5c261e44ad32bdca0f761ce0770d933cc284dbe88cc50b78b38f999,MITDB_P103,103,1775000000,3,20260927,MODEL_V2_TCN_MEANMAX,MODEL_V2_OPTIMIZER_CORRECTED_V1,0,-6.154744625091553,0.0021188838873058558,11,V2-006-OPT-CORR-F03-S20260927,2500e6093eb81946536b9d443c1fd586c1ea170025d48cf50cf45292ee22d878
7134778a209943348c1624e031be340256d83ccb56deeea5c2c39cc3f78dffcb,MITDB_P208,208,1390000000,3,20260927,MODEL_V2_TCN_MEANMAX,MODEL_V2_OPTIMIZER_CORRECTED_V1,1,14.632393836975098,0.9999995231628418,11,V2-006-OPT-CORR-F03-S20260927,2500e6093eb81946536b9d443c1fd586c1ea170025d48cf50cf45292ee22d878
7188d9e5b9c703065b3dc7ade2e4fb0d1f160580bf6a213bee3e6f3e9052f655,MITDB_P121,121,1155000000,3,20260927,MODEL_V2_TCN_MEANMAX,MODEL_V2_OPTIMIZER_CORRECTED_V1,0,-7.582253932952881,0.0005091523635201156,11,V2-006-OPT-CORR-F03-S20260927,2500e6093eb81946536b9d443c1fd586c1ea170025d48cf50cf45292ee22d878
71cfce4a27fee5c886f0165c28bed24592e80aad888f17fcfe24341995ee25b0,MITDB_P208,208,1195000000,3,20260927,MODEL_V2_TCN_MEANMAX,MODEL_V2_OPTIMIZER_CORRECTED_V1,1,7.421260833740234,0.9994019269943237,11,V2-006-OPT-CORR-F03-S20260927,2500e6093eb81946536b9d443c1fd586c1ea170025d48cf50cf45292ee22d878
71d8fc1cf011892c4b28b2892c3013cad9b837507ba86ce051c6e4ba88a9d641,MITDB_P114,114,810000000,3,20260927,MODEL_V2_TCN_MEANMAX,MODEL_V2_OPTIMIZER_CORRECTED_V1,0,-3.0497934818267822,0.045226387679576874,11,V2-006-OPT-CORR-F03-S20260927,2500e6093eb81946536b9d443c1fd586c1ea170025d48cf50cf45292ee22d878
71dc0300e1e3400b00e0e14197b371d625619b40cd94ead83aa569629237160a,MITDB_P121,121,725000000,3,20260927,MODEL_V2_TCN_MEANMAX,MODEL_V2_OPTIMIZER_CORRECTED_V1,0,-7.337975025177002,0.0006499434821307659,11,V2-006-OPT-CORR-F03-S20260927,2500e6093eb81946536b9d443c1fd586c1ea170025d48cf50cf45292ee22d878
725c9e5eb6c0cc1489b6628db6bd9cd93dc98b35e71a1c62ed45d76f1df3d0a0,MITDB_P114,114,510000000,3,20260927,MODEL_V2_TCN_MEANMAX,MODEL_V2_OPTIMIZER_CORRECTED_V1,1,-2.6424787044525146,0.06645409762859344,11,V2-006-OPT-CORR-F03-S20260927,2500e6093eb81946536b9d443c1fd586c1ea170025d48cf50cf45292ee22d878
72cdd18028605d3807cce6863fce32edcd4079a820465abd0434c6f1c98d9946,MITDB_P223,223,225000000,3,20260927,MODEL_V2_TCN_MEANMAX,MODEL_V2_OPTIMIZER_CORRECTED_V1,0,-6.050509452819824,0.0023511203471571207,11,V2-006-OPT-CORR-F03-S20260927,2500e6093eb81946536b9d443c1fd586c1ea170025d48cf50cf45292ee22d878
7309eba1499911f99b20ba65f3683f4b94b49125a32dcaf3eb743b8dcb4b873e,MITDB_P121,121,305000000,3,20260927,MODEL_V2_TCN_MEANMAX,MODEL_V2_OPTIMIZER_CORRECTED_V1,0,-7.367598533630371,0.0006309841992333531,11,V2-006-OPT-CORR-F03-S20260927,2500e6093eb81946536b9d443c1fd586c1ea170025d48cf50cf45292ee22d878
731f2278fc31e0eaa6c27645b0066707bb659b55cd1426e2c0fbcda255732c0e,MITDB_P223,223,1415000000,3,20260927,MODEL_V2_TCN_MEANMAX,MODEL_V2_OPTIMIZER_CORRECTED_V1,1,1.9241273403167725,0.8725979924201965,11,V2-006-OPT-CORR-F03-S20260927,2500e6093eb81946536b9d443c1fd586c1ea170025d48cf50cf45292ee22d878
7351eb9f3385ab64fdb0ebe89aba982734d7dbf25e119ceb872a7b0210828725,MITDB_P121,121,390000000,3,20260927,MODEL_V2_TCN_MEANMAX,MODEL_V2_OPTIMIZER_CORRECTED_V1,0,-6.803487300872803,0.0011086673475801945,11,V2-006-OPT-CORR-F03-S20260927,2500e6093eb81946536b9d443c1fd586c1ea170025d48cf50cf45292ee22d878
73695e8c7217abb836c2abc4a3f626dc2e759e2c846f4bd548b12edcc8cfd16b,MITDB_P114,114,420000000,3,20260927,MODEL_V2_TCN_MEANMAX,MODEL_V2_OPTIMIZER_CORRECTED_V1,1,2.682889938354492,0.936009407043457,11,V2-006-OPT-CORR-F03-S20260927,2500e6093eb81946536b9d443c1fd586c1ea170025d48cf50cf45292ee22d878
73808a8438260bb5283dfeb0a7985d9d169205500af5e496dc72b030a58cd3b0,MITDB_P208,208,435000000,3,20260927,MODEL_V2_TCN_MEANMAX,MODEL_V2_OPTIMIZER_CORRECTED_V1,1,12.019214630126953,0.9999939203262329,11,V2-006-OPT-CORR-F03-S20260927,2500e6093eb81946536b9d443c1fd586c1ea170025d48cf50cf45292ee22d878
7384287c4fd5aeabe5788c821c5446bec5ddb9288aae9c874637230cb3bf8ff6,MITDB_P114,114,755000000,3,20260927,MODEL_V2_TCN_MEANMAX,MODEL_V2_OPTIMIZER_CORRECTED_V1,1,6.974539279937744,0.9990654587745667,11,V2-006-OPT-CORR-F03-S20260927,2500e6093eb81946536b9d443c1fd586c1ea170025d48cf50cf45292ee22d878
7393f6248c53f3a8141752506441cc3cc4cdebad399cc442a20bc48cf7e5d55c,MITDB_P223,223,1645000000,3,20260927,MODEL_V2_TCN_MEANMAX,MODEL_V2_OPTIMIZER_CORRECTED_V1,1,-1.6537513732910156,0.16060258448123932,11,V2-006-OPT-CORR-F03-S20260927,2500e6093eb81946536b9d443c1fd586c1ea170025d48cf50cf45292ee22d878
73b0de5cdf95915509e341defddbb28b20db1e4fe33834f9ec9ad6c4f75237ae,MITDB_P208,208,495000000,3,20260927,MODEL_V2_TCN_MEANMAX,MODEL_V2_OPTIMIZER_CORRECTED_V1,1,10.2946138381958,0.9999661445617676,11,V2-006-OPT-CORR-F03-S20260927,2500e6093eb81946536b9d443c1fd586c1ea170025d48cf50cf45292ee22d878
73baf4eb45b868684e3c1696d699757d37efcd231e0668c91eeef4002121c557,MITDB_P208,208,155000000,3,20260927,MODEL_V2_TCN_MEANMAX,MODEL_V2_OPTIMIZER_CORRECTED_V1,1,11.038122177124023,0.9999839067459106,11,V2-006-OPT-CORR-F03-S20260927,2500e6093eb81946536b9d443c1fd586c1ea170025d48cf50cf45292ee22d878
73c4e96dbec8b22e9010a0fb5096f27677c364f027fc93c1411476451070fa8c,MITDB_P114,114,870000000,3,20260927,MODEL_V2_TCN_MEANMAX,MODEL_V2_OPTIMIZER_CORRECTED_V1,0,-0.509063720703125,0.37541303038597107,11,V2-006-OPT-CORR-F03-S20260927,2500e6093eb81946536b9d443c1fd586c1ea170025d48cf50cf45292ee22d878
73d32681ba429dc2b8aa7bf3e15765da2813e5eef270c1af7ddf50f8e0b532ac,MITDB_P103,103,1555000000,3,20260927,MODEL_V2_TCN_MEANMAX,MODEL_V2_OPTIMIZER_CORRECTED_V1,0,-6.7288899421691895,0.0011944313300773501,11,V2-006-OPT-CORR-F03-S20260927,2500e6093eb81946536b9d443c1fd586c1ea170025d48cf50cf45292ee22d878
740599da3fd46b3863ef75c140ad6b23c88243b27c106064c0405be86b770e0f,MITDB_P114,114,945000000,3,20260927,MODEL_V2_TCN_MEANMAX,MODEL_V2_OPTIMIZER_CORRECTED_V1,0,-1.686381459236145,0.15625230967998505,11,V2-006-OPT-CORR-F03-S20260927,2500e6093eb81946536b9d443c1fd586c1ea170025d48cf50cf45292ee22d878
7487ff0b05bb593d2dd055e95a9bc81b135a8a8df205f3f2c3f35438d3679882,MITDB_P223,223,855000000,3,20260927,MODEL_V2_TCN_MEANMAX,MODEL_V2_OPTIMIZER_CORRECTED_V1,0,-4.387955188751221,0.01227359939366579,11,V2-006-OPT-CORR-F03-S20260927,2500e6093eb81946536b9d443c1fd586c1ea170025d48cf50cf45292ee22d878
748aff5ddb9317ded5670d1183d53f31cedda0cdd6544fb7cbc059a837a6ea83,MITDB_P114,114,1445000000,3,20260927,MODEL_V2_TCN_MEANMAX,MODEL_V2_OPTIMIZER_CORRECTED_V1,0,-3.892775535583496,0.01998128555715084,11,V2-006-OPT-CORR-F03-S20260927,2500e6093eb81946536b9d443c1fd586c1ea170025d48cf50cf45292ee22d878
7499488700a1e20a8d9e3cde8ca8afe7a798bb2a6099bc0e8280af06940a56e9,MITDB_P103,103,460000000,3,20260927,MODEL_V2_TCN_MEANMAX,MODEL_V2_OPTIMIZER_CORRECTED_V1,0,-5.750595569610596,0.0031707999296486378,11,V2-006-OPT-CORR-F03-S20260927,2500e6093eb81946536b9d443c1fd586c1ea170025d48cf50cf45292ee22d878
74f58284aa8524c9126c111682bb5e4f2330c413c5ef51f9e2ccae00738309a0,MITDB_P208,208,215000000,3,20260927,MODEL_V2_TCN_MEANMAX,MODEL_V2_OPTIMIZER_CORRECTED_V1,1,14.577914237976074,0.9999995231628418,11,V2-006-OPT-CORR-F03-S20260927,2500e6093eb81946536b9d443c1fd586c1ea170025d48cf50cf45292ee22d878
75025283be60aeda8217db93a1387cdd08172cba5f8b42266e0e27bca7c45350,MITDB_P208,208,290000000,3,20260927,MODEL_V2_TCN_MEANMAX,MODEL_V2_OPTIMIZER_CORRECTED_V1,1,10.946860313415527,0.9999823570251465,11,V2-006-OPT-CORR-F03-S20260927,2500e6093eb81946536b9d443c1fd586c1ea170025d48cf50cf45292ee22d878
75121e07f4328bd495f1b86f9ea3938037c1222f2c7b1e12a2348e2b9f281542,MITDB_P208,208,405000000,3,20260927,MODEL_V2_TCN_MEANMAX,MODEL_V2_OPTIMIZER_CORRECTED_V1,1,10.812880516052246,0.9999798536300659,11,V2-006-OPT-CORR-F03-S20260927,2500e6093eb81946536b9d443c1fd586c1ea170025d48cf50cf45292ee22d878
7533099270e4ba8fcf03672d261bcc42691064ab2c7826981ba939b91999a535,MITDB_P114,114,1790000000,3,20260927,MODEL_V2_TCN_MEANMAX,MODEL_V2_OPTIMIZER_CORRECTED_V1,0,-3.3548166751861572,0.03373778983950615,11,V2-006-OPT-CORR-F03-S20260927,2500e6093eb81946536b9d443c1fd586c1ea170025d48cf50cf45292ee22d878
7537cbb67f3a67754b64c1cc2a16c0b8b172ce7076feee25331e325a540c28d4,MITDB_P121,121,1410000000,3,20260927,MODEL_V2_TCN_MEANMAX,MODEL_V2_OPTIMIZER_CORRECTED_V1,0,-6.467517852783203,0.0015506675699725747,11,V2-006-OPT-CORR-F03-S20260927,2500e6093eb81946536b9d443c1fd586c1ea170025d48cf50cf45292ee22d878
757930ffc99843693dcfc7a7c10a6944f1038bb2196a8f5c71e307265d8ded82,MITDB_P114,114,975000000,3,20260927,MODEL_V2_TCN_MEANMAX,MODEL_V2_OPTIMIZER_CORRECTED_V1,0,-0.7537840604782104,0.3199973404407501,11,V2-006-OPT-CORR-F03-S20260927,2500e6093eb81946536b9d443c1fd586c1ea170025d48cf50cf45292ee22d878
757d227105abc40a7f7e2459cf5c2db2ce408d359d6294b28a036cd599c0c909,MITDB_P208,208,125000000,3,20260927,MODEL_V2_TCN_MEANMAX,MODEL_V2_OPTIMIZER_CORRECTED_V1,1,9.297715187072754,0.9999083280563354,11,V2-006-OPT-CORR-F03-S20260927,2500e6093eb81946536b9d443c1fd586c1ea170025d48cf50cf45292ee22d878
758b2c84f3ebee362b1e454393752908b8563ffe3a51542cb3ed1af77640743e,MITDB_P103,103,1060000000,3,20260927,MODEL_V2_TCN_MEANMAX,MODEL_V2_OPTIMIZER_CORRECTED_V1,0,-6.068246364593506,0.0023098818492144346,11,V2-006-OPT-CORR-F03-S20260927,2500e6093eb81946536b9d443c1fd586c1ea170025d48cf50cf45292ee22d878
758f103014d0a030b699829a814e88d69d0a95e05fbf3bb4a8a1ddc4627529dc,MITDB_P223,223,235000000,3,20260927,MODEL_V2_TCN_MEANMAX,MODEL_V2_OPTIMIZER_CORRECTED_V1,1,-3.4375979900360107,0.031140873208642006,11,V2-006-OPT-CORR-F03-S20260927,2500e6093eb81946536b9d443c1fd586c1ea170025d48cf50cf45292ee22d878
75befeb3fa3d2eb8d30e759aeaf2a32e4d4175a5452d23fb2a5ef89d71565ce9,MITDB_P114,114,330000000,3,20260927,MODEL_V2_TCN_MEANMAX,MODEL_V2_OPTIMIZER_CORRECTED_V1,0,-5.397600173950195,0.004507027566432953,11,V2-006-OPT-CORR-F03-S20260927,2500e6093eb81946536b9d443c1fd586c1ea170025d48cf50cf45292ee22d878
75c0a998e58622abd00182b520c30f7d8c67d2e801daa83bda881c587dfb273c,MITDB_P223,223,1665000000,3,20260927,MODEL_V2_TCN_MEANMAX,MODEL_V2_OPTIMIZER_CORRECTED_V1,1,4.367982864379883,0.9874818325042725,11,V2-006-OPT-CORR-F03-S20260927,2500e6093eb81946536b9d443c1fd586c1ea170025d48cf50cf45292ee22d878
75ccd447f98ad5c9535decf77dd63882814a69f4bb44b49659bd614465c5d951,MITDB_P121,121,145000000,3,20260927,MODEL_V2_TCN_MEANMAX,MODEL_V2_OPTIMIZER_CORRECTED_V1,0,-8.102890014648438,0.0003025715996045619,11,V2-006-OPT-CORR-F03-S20260927,2500e6093eb81946536b9d443c1fd586c1ea170025d48cf50cf45292ee22d878
75e628ef7154b34c14beef33b45038e308be61df857ca4d3c2a64a52d9642466,MITDB_P103,103,1660000000,3,20260927,MODEL_V2_TCN_MEANMAX,MODEL_V2_OPTIMIZER_CORRECTED_V1,0,-5.701976776123047,0.003328243736177683,11,V2-006-OPT-CORR-F03-S20260927,2500e6093eb81946536b9d443c1fd586c1ea170025d48cf50cf45292ee22d878
76298b02309f3e6344a309e16a93dbe7ecf00fd33c698dff60d7a12d4102e9db,MITDB_P223,223,1190000000,3,20260927,MODEL_V2_TCN_MEANMAX,MODEL_V2_OPTIMIZER_CORRECTED_V1,1,-3.4263720512390137,0.03148135915398598,11,V2-006-OPT-CORR-F03-S20260927,2500e6093eb81946536b9d443c1fd586c1ea170025d48cf50cf45292ee22d878
7649a584f802f1b40a49256bd210dc3e84bb86e483f79fb0e6568e6a34516779,MITDB_P208,208,285000000,3,20260927,MODEL_V2_TCN_MEANMAX,MODEL_V2_OPTIMIZER_CORRECTED_V1,1,10.672550201416016,0.9999768733978271,11,V2-006-OPT-CORR-F03-S20260927,2500e6093eb81946536b9d443c1fd586c1ea170025d48cf50cf45292ee22d878
764e5e414434b7517ec7451ca8f9781e073c7bddc70db446fc6587fe8bdfcd93,MITDB_P223,223,570000000,3,20260927,MODEL_V2_TCN_MEANMAX,MODEL_V2_OPTIMIZER_CORRECTED_V1,1,7.796973705291748,0.9995891451835632,11,V2-006-OPT-CORR-F03-S20260927,2500e6093eb81946536b9d443c1fd586c1ea170025d48cf50cf45292ee22d878
7655d3dd09fff0868638fee95105f436066e5c2c739e0f3756287c61c707d0a5,MITDB_P103,103,1130000000,3,20260927,MODEL_V2_TCN_MEANMAX,MODEL_V2_OPTIMIZER_CORRECTED_V1,0,-6.335768222808838,0.0017686504870653152,11,V2-006-OPT-CORR-F03-S20260927,2500e6093eb81946536b9d443c1fd586c1ea170025d48cf50cf45292ee22d878
76fa8ee75ef1c9e2430ff80474aa2388bce91f1692070bc438f9ec778ca5406b,MITDB_P103,103,1240000000,3,20260927,MODEL_V2_TCN_MEANMAX,MODEL_V2_OPTIMIZER_CORRECTED_V1,0,-5.681873798370361,0.0033955988474190235,11,V2-006-OPT-CORR-F03-S20260927,2500e6093eb81946536b9d443c1fd586c1ea170025d48cf50cf45292ee22d878
7730877751d9bfa3b45c78e12da4a0d98f195aed91e4c6757214a24fe7048463,MITDB_P103,103,805000000,3,20260927,MODEL_V2_TCN_MEANMAX,MODEL_V2_OPTIMIZER_CORRECTED_V1,0,-6.311949253082275,0.0018112064572051167,11,V2-006-OPT-CORR-F03-S20260927,2500e6093eb81946536b9d443c1fd586c1ea170025d48cf50cf45292ee22d878
7732a011a287975757b177d7aea8b512d5f68c5d8459898c2cfc3e492423d2b9,MITDB_P223,223,270000000,3,20260927,MODEL_V2_TCN_MEANMAX,MODEL_V2_OPTIMIZER_CORRECTED_V1,0,-5.883785724639893,0.0027764944825321436,11,V2-006-OPT-CORR-F03-S20260927,2500e6093eb81946536b9d443c1fd586c1ea170025d48cf50cf45292ee22d878
778380e246249c96fd6aef72b60fe93379771ebff83a4ed498252a5febc21de7,MITDB_P121,121,605000000,3,20260927,MODEL_V2_TCN_MEANMAX,MODEL_V2_OPTIMIZER_CORRECTED_V1,0,-7.28324556350708,0.0006864808383397758,11,V2-006-OPT-CORR-F03-S20260927,2500e6093eb81946536b9d443c1fd586c1ea170025d48cf50cf45292ee22d878
77d439aaca2243cda1099ff6b08a524acea9fb83306ff9a746880744fa22dc5c,MITDB_P223,223,405000000,3,20260927,MODEL_V2_TCN_MEANMAX,MODEL_V2_OPTIMIZER_CORRECTED_V1,0,-4.693140506744385,0.009074774570763111,11,V2-006-OPT-CORR-F03-S20260927,2500e6093eb81946536b9d443c1fd586c1ea170025d48cf50cf45292ee22d878
78186de5597413f77316dc21681f32eaa224f1dcd5615155db1013a00ee2e5b1,MITDB_P208,208,210000000,3,20260927,MODEL_V2_TCN_MEANMAX,MODEL_V2_OPTIMIZER_CORRECTED_V1,1,13.17917537689209,0.9999980926513672,11,V2-006-OPT-CORR-F03-S20260927,2500e6093eb81946536b9d443c1fd586c1ea170025d48cf50cf45292ee22d878
7836973640285fba4e7570634c35981f25d749c18a8a7a19ec1b1b13baddf467,MITDB_P208,208,245000000,3,20260927,MODEL_V2_TCN_MEANMAX,MODEL_V2_OPTIMIZER_CORRECTED_V1,1,10.977675437927246,0.9999829530715942,11,V2-006-OPT-CORR-F03-S20260927,2500e6093eb81946536b9d443c1fd586c1ea170025d48cf50cf45292ee22d878
7855cc550420b922f776ae29b64b7238cad7e4b3df00683457675ad5ac1613ee,MITDB_P208,208,1430000000,3,20260927,MODEL_V2_TCN_MEANMAX,MODEL_V2_OPTIMIZER_CORRECTED_V1,1,8.785676002502441,0.9998470544815063,11,V2-006-OPT-CORR-F03-S20260927,2500e6093eb81946536b9d443c1fd586c1ea170025d48cf50cf45292ee22d878
78c1f1f27509df24ae1238fb5ca2bcc2358f6c18042fa1bbdebfb15f4765392e,MITDB_P208,208,410000000,3,20260927,MODEL_V2_TCN_MEANMAX,MODEL_V2_OPTIMIZER_CORRECTED_V1,1,10.152443885803223,0.9999610185623169,11,V2-006-OPT-CORR-F03-S20260927,2500e6093eb81946536b9d443c1fd586c1ea170025d48cf50cf45292ee22d878
78c6b4e0c85ed7f89969103ec18570c359a90177d7d310e897886050dea66de1,MITDB_P208,208,270000000,3,20260927,MODEL_V2_TCN_MEANMAX,MODEL_V2_OPTIMIZER_CORRECTED_V1,1,11.200812339782715,0.9999862909317017,11,V2-006-OPT-CORR-F03-S20260927,2500e6093eb81946536b9d443c1fd586c1ea170025d48cf50cf45292ee22d878
78f4c0a4afca2a10f19eff9183916cc38cab60fbd948ea016c35b0dcf0e7f004,MITDB_P208,208,1435000000,3,20260927,MODEL_V2_TCN_MEANMAX,MODEL_V2_OPTIMIZER_CORRECTED_V1,1,9.484228134155273,0.9999239444732666,11,V2-006-OPT-CORR-F03-S20260927,2500e6093eb81946536b9d443c1fd586c1ea170025d48cf50cf45292ee22d878
79063981a7ce20ee6dbd60144bd06a76f15eac386b14972685f7f188b74f8c50,MITDB_P208,208,835000000,3,20260927,MODEL_V2_TCN_MEANMAX,MODEL_V2_OPTIMIZER_CORRECTED_V1,1,8.243914604187012,0.9997372031211853,11,V2-006-OPT-CORR-F03-S20260927,2500e6093eb81946536b9d443c1fd586c1ea170025d48cf50cf45292ee22d878
790c22e3321ebb7e7fcbd2be58ba3280797683965c6a671bfaff2a26164fe5cd,MITDB_P103,103,940000000,3,20260927,MODEL_V2_TCN_MEANMAX,MODEL_V2_OPTIMIZER_CORRECTED_V1,0,-6.481682777404785,0.0015288908034563065,11,V2-006-OPT-CORR-F03-S20260927,2500e6093eb81946536b9d443c1fd586c1ea170025d48cf50cf45292ee22d878
791336a14d73b3026f190ec191b8c4774d919061313fc0f114c2ba0e95f680f2,MITDB_P121,121,950000000,3,20260927,MODEL_V2_TCN_MEANMAX,MODEL_V2_OPTIMIZER_CORRECTED_V1,0,-7.495614051818848,0.0005552070797421038,11,V2-006-OPT-CORR-F03-S20260927,2500e6093eb81946536b9d443c1fd586c1ea170025d48cf50cf45292ee22d878
7923c0048b0f3622e655b09f2ce4272910da456c49bf71685eae6bcf2d5f8218,MITDB_P208,208,1315000000,3,20260927,MODEL_V2_TCN_MEANMAX,MODEL_V2_OPTIMIZER_CORRECTED_V1,1,9.764676094055176,0.9999425411224365,11,V2-006-OPT-CORR-F03-S20260927,2500e6093eb81946536b9d443c1fd586c1ea170025d48cf50cf45292ee22d878
7931f6b888986fe3d7ae06ae7c3371f8996b46bc008be7f3db51f0b5fe68288c,MITDB_P114,114,1405000000,3,20260927,MODEL_V2_TCN_MEANMAX,MODEL_V2_OPTIMIZER_CORRECTED_V1,0,-2.0103158950805664,0.11812406778335571,11,V2-006-OPT-CORR-F03-S20260927,2500e6093eb81946536b9d443c1fd586c1ea170025d48cf50cf45292ee22d878
793d8302ef9bd1cef0b1b0592256f1f467493e83f30abf9c05d526421a168c22,MITDB_P121,121,1475000000,3,20260927,MODEL_V2_TCN_MEANMAX,MODEL_V2_OPTIMIZER_CORRECTED_V1,0,-9.085597038269043,0.00011327293032081798,11,V2-006-OPT-CORR-F03-S20260927,2500e6093eb81946536b9d443c1fd586c1ea170025d48cf50cf45292ee22d878
79736b8e475a2321484290bea744f4c0e0583ca5d78fc6f57100af74ada8ef12,MITDB_P114,114,720000000,3,20260927,MODEL_V2_TCN_MEANMAX,MODEL_V2_OPTIMIZER_CORRECTED_V1,0,-4.230607509613037,0.014335068874061108,11,V2-006-OPT-CORR-F03-S20260927,2500e6093eb81946536b9d443c1fd586c1ea170025d48cf50cf45292ee22d878
79a6831e35abae3084ca16d5c4a2a7e15b2c0f76b5bb3df560bed1b987a22251,MITDB_P223,223,1140000000,3,20260927,MODEL_V2_TCN_MEANMAX,MODEL_V2_OPTIMIZER_CORRECTED_V1,0,-4.2196784019470215,0.01449031475931406,11,V2-006-OPT-CORR-F03-S20260927,2500e6093eb81946536b9d443c1fd586c1ea170025d48cf50cf45292ee22d878
79a8ffee8cfac32ed0624d603a1efb322f3b004ab8b17066412e7401fba00f8e,MITDB_P121,121,1505000000,3,20260927,MODEL_V2_TCN_MEANMAX,MODEL_V2_OPTIMIZER_CORRECTED_V1,0,-7.786612033843994,0.00041508502908982337,11,V2-006-OPT-CORR-F03-S20260927,2500e6093eb81946536b9d443c1fd586c1ea170025d48cf50cf45292ee22d878
79ae397214a5613ab1042a144c86750f5319bb1c45371ff166a478432ef86a3f,MITDB_P121,121,1250000000,3,20260927,MODEL_V2_TCN_MEANMAX,MODEL_V2_OPTIMIZER_CORRECTED_V1,0,-8.382546424865723,0.00022877416631672531,11,V2-006-OPT-CORR-F03-S20260927,2500e6093eb81946536b9d443c1fd586c1ea170025d48cf50cf45292ee22d878
79b238f6fae574e2bea6ccfe9b0c12a11d385ea941f90d99b165bd55df72ae7b,MITDB_P114,114,410000000,3,20260927,MODEL_V2_TCN_MEANMAX,MODEL_V2_OPTIMIZER_CORRECTED_V1,1,7.845082759857178,0.9996084570884705,11,V2-006-OPT-CORR-F03-S20260927,2500e6093eb81946536b9d443c1fd586c1ea170025d48cf50cf45292ee22d878
79b3ba326baf8206ab5a440e562df2e2b3d1b36a4e715c438373112b96fe6a7d,MITDB_P103,103,385000000,3,20260927,MODEL_V2_TCN_MEANMAX,MODEL_V2_OPTIMIZER_CORRECTED_V1,0,-6.122000217437744,0.0021892597433179617,11,V2-006-OPT-CORR-F03-S20260927,2500e6093eb81946536b9d443c1fd586c1ea170025d48cf50cf45292ee22d878
7a21150b56b538abb5c4ed464098f3ae38e000c62089a6747443b99e001b5ec7,MITDB_P223,223,340000000,3,20260927,MODEL_V2_TCN_MEANMAX,MODEL_V2_OPTIMIZER_CORRECTED_V1,0,-5.52251672744751,0.003979876171797514,11,V2-006-OPT-CORR-F03-S20260927,2500e6093eb81946536b9d443c1fd586c1ea170025d48cf50cf45292ee22d878
7a515aa748218ce5bb0747892b131c77bc7f0e5cfdbddefe21ffa40324d81435,MITDB_P121,121,960000000,3,20260927,MODEL_V2_TCN_MEANMAX,MODEL_V2_OPTIMIZER_CORRECTED_V1,0,-7.500802516937256,0.0005523354629985988,11,V2-006-OPT-CORR-F03-S20260927,2500e6093eb81946536b9d443c1fd586c1ea170025d48cf50cf45292ee22d878
7aae703bd009360d54a7e74d439fbdfe75fa2196901149bd62c71c30c6864ca1,MITDB_P103,103,1340000000,3,20260927,MODEL_V2_TCN_MEANMAX,MODEL_V2_OPTIMIZER_CORRECTED_V1,0,-6.32385778427124,0.001789803965948522,11,V2-006-OPT-CORR-F03-S20260927,2500e6093eb81946536b9d443c1fd586c1ea170025d48cf50cf45292ee22d878
7ab7bd4a13bc5c77df082fb1281819a50c180d84057a9670a02bed3dc332a9fd,MITDB_P223,223,575000000,3,20260927,MODEL_V2_TCN_MEANMAX,MODEL_V2_OPTIMIZER_CORRECTED_V1,1,-1.6607154607772827,0.15966598689556122,11,V2-006-OPT-CORR-F03-S20260927,2500e6093eb81946536b9d443c1fd586c1ea170025d48cf50cf45292ee22d878
7abb18bf3f743bd359e6f563c893833783f90809131e351907a61f255056fa1f,MITDB_P103,103,1250000000,3,20260927,MODEL_V2_TCN_MEANMAX,MODEL_V2_OPTIMIZER_CORRECTED_V1,0,-5.417063236236572,0.004420539364218712,11,V2-006-OPT-CORR-F03-S20260927,2500e6093eb81946536b9d443c1fd586c1ea170025d48cf50cf45292ee22d878
7ad1748ce52a7db35cf0dc6446bb786b3cf5e63bfc8dc52b2806082ccc6a9d98,MITDB_P103,103,780000000,3,20260927,MODEL_V2_TCN_MEANMAX,MODEL_V2_OPTIMIZER_CORRECTED_V1,0,-6.072310447692871,0.00230053486302495,11,V2-006-OPT-CORR-F03-S20260927,2500e6093eb81946536b9d443c1fd586c1ea170025d48cf50cf45292ee22d878
7adcb67c64d1b01fa03924fa52673e2f303395bf4073292c599df80684a08fbe,MITDB_P121,121,185000000,3,20260927,MODEL_V2_TCN_MEANMAX,MODEL_V2_OPTIMIZER_CORRECTED_V1,0,-7.4400715827941895,0.0005868985317647457,11,V2-006-OPT-CORR-F03-S20260927,2500e6093eb81946536b9d443c1fd586c1ea170025d48cf50cf45292ee22d878
7ae2898d58debf50e412af9b9696e5396dda091666a7970f4619968eb90e6fcd,MITDB_P121,121,190000000,3,20260927,MODEL_V2_TCN_MEANMAX,MODEL_V2_OPTIMIZER_CORRECTED_V1,0,-7.8535380363464355,0.000388224667403847,11,V2-006-OPT-CORR-F03-S20260927,2500e6093eb81946536b9d443c1fd586c1ea170025d48cf50cf45292ee22d878
7aeb160c1ffd2a5ef2fc2b26c323e632ff278a8f49279d10c3f8e58ef7116b89,MITDB_P121,121,1395000000,3,20260927,MODEL_V2_TCN_MEANMAX,MODEL_V2_OPTIMIZER_CORRECTED_V1,0,-8.3337984085083,0.00024020001001190394,11,V2-006-OPT-CORR-F03-S20260927,2500e6093eb81946536b9d443c1fd586c1ea170025d48cf50cf45292ee22d878
7afae5b385d6b402593f30f0b7d0886898615222c1fa1acd246b815af8d11ff3,MITDB_P103,103,1610000000,3,20260927,MODEL_V2_TCN_MEANMAX,MODEL_V2_OPTIMIZER_CORRECTED_V1,0,-6.444339275360107,0.001586971920914948,11,V2-006-OPT-CORR-F03-S20260927,2500e6093eb81946536b9d443c1fd586c1ea170025d48cf50cf45292ee22d878
7afb77347bf917a8b0ce3df3fa3cef6835c6f094c31871a502775481648ee9b0,MITDB_P121,121,710000000,3,20260927,MODEL_V2_TCN_MEANMAX,MODEL_V2_OPTIMIZER_CORRECTED_V1,0,-7.780423164367676,0.00041766080539673567,11,V2-006-OPT-CORR-F03-S20260927,2500e6093eb81946536b9d443c1fd586c1ea170025d48cf50cf45292ee22d878
7b1d3ccf92de5fe8ebd478cc4469ff6432855b44e66e03069fde2a78f8dd338f,MITDB_P121,121,250000000,3,20260927,MODEL_V2_TCN_MEANMAX,MODEL_V2_OPTIMIZER_CORRECTED_V1,0,-6.3047776222229,0.0018242187798023224,11,V2-006-OPT-CORR-F03-S20260927,2500e6093eb81946536b9d443c1fd586c1ea170025d48cf50cf45292ee22d878
7b58dd255788fd8b158d5349c7088f7195fced9f553ef0a65830dfbb69b4c766,MITDB_P223,223,360000000,3,20260927,MODEL_V2_TCN_MEANMAX,MODEL_V2_OPTIMIZER_CORRECTED_V1,1,-5.657356262207031,0.0034795862156897783,11,V2-006-OPT-CORR-F03-S20260927,2500e6093eb81946536b9d443c1fd586c1ea170025d48cf50cf45292ee22d878
7b775c5ebd957ed6e07b5d0a56cd01834c348bd80d8492072ec4c8ee84c28ddb,MITDB_P103,103,995000000,3,20260927,MODEL_V2_TCN_MEANMAX,MODEL_V2_OPTIMIZER_CORRECTED_V1,0,-6.932419776916504,0.0009746862342581153,11,V2-006-OPT-CORR-F03-S20260927,2500e6093eb81946536b9d443c1fd586c1ea170025d48cf50cf45292ee22d878
7b9042a10f6fe3988cb2a5e0046b77d2a18f54e0287431c206c359860fbf8f47,MITDB_P208,208,1800000000,3,20260927,MODEL_V2_TCN_MEANMAX,MODEL_V2_OPTIMIZER_CORRECTED_V1,1,9.112286567687988,0.9998897314071655,11,V2-006-OPT-CORR-F03-S20260927,2500e6093eb81946536b9d443c1fd586c1ea170025d48cf50cf45292ee22d878
7bba9a422aa93dcd556749b4afb5063b399866b80e85e274f2141434fb4ab088,MITDB_P121,121,1075000000,3,20260927,MODEL_V2_TCN_MEANMAX,MODEL_V2_OPTIMIZER_CORRECTED_V1,0,-7.828820705413818,0.0003979362372774631,11,V2-006-OPT-CORR-F03-S20260927,2500e6093eb81946536b9d443c1fd586c1ea170025d48cf50cf45292ee22d878
7be28b9c39664cb69787b24762b625e592cffe8574bc1aeaefc7e4dd367cd874,MITDB_P114,114,895000000,3,20260927,MODEL_V2_TCN_MEANMAX,MODEL_V2_OPTIMIZER_CORRECTED_V1,0,-2.031766653060913,0.11590775847434998,11,V2-006-OPT-CORR-F03-S20260927,2500e6093eb81946536b9d443c1fd586c1ea170025d48cf50cf45292ee22d878
7bf8544923064addb6d71865e93a3cb5db2f7c46b21aebd2446c361d99f9ff7a,MITDB_P121,121,540000000,3,20260927,MODEL_V2_TCN_MEANMAX,MODEL_V2_OPTIMIZER_CORRECTED_V1,0,-6.7052483558654785,0.0012229710118845105,11,V2-006-OPT-CORR-F03-S20260927,2500e6093eb81946536b9d443c1fd586c1ea170025d48cf50cf45292ee22d878
7c31f264c4a2927afb474eb06558348f17ad0610826aa9137b715bc210a99f4d,MITDB_P223,223,535000000,3,20260927,MODEL_V2_TCN_MEANMAX,MODEL_V2_OPTIMIZER_CORRECTED_V1,1,-2.0495269298553467,0.11410019546747208,11,V2-006-OPT-CORR-F03-S20260927,2500e6093eb81946536b9d443c1fd586c1ea170025d48cf50cf45292ee22d878
7c3e761ecdd184be68084ff2e91583261d51d948cba8a0ecfd802cb56fae4cbc,MITDB_P121,121,180000000,3,20260927,MODEL_V2_TCN_MEANMAX,MODEL_V2_OPTIMIZER_CORRECTED_V1,0,-7.515456199645996,0.0005443050758913159,11,V2-006-OPT-CORR-F03-S20260927,2500e6093eb81946536b9d443c1fd586c1ea170025d48cf50cf45292ee22d878
7c46f4c9475d78a8229ef578d72297060f5c727eca6bee17954411db8b201352,MITDB_P121,121,1510000000,3,20260927,MODEL_V2_TCN_MEANMAX,MODEL_V2_OPTIMIZER_CORRECTED_V1,0,-7.043629169464111,0.0008721912745386362,11,V2-006-OPT-CORR-F03-S20260927,2500e6093eb81946536b9d443c1fd586c1ea170025d48cf50cf45292ee22d878
7c50299f99b7152b63deea636a8459e2bc0627b8b9707dbe09e0b5ecfefc35fe,MITDB_P121,121,1350000000,3,20260927,MODEL_V2_TCN_MEANMAX,MODEL_V2_OPTIMIZER_CORRECTED_V1,0,-6.5986762046813965,0.0013603169936686754,11,V2-006-OPT-CORR-F03-S20260927,2500e6093eb81946536b9d443c1fd586c1ea170025d48cf50cf45292ee22d878
7c724594b75af4cb610979e11badb3de02399e94d8499b9edbacf955789feac2,MITDB_P103,103,1535000000,3,20260927,MODEL_V2_TCN_MEANMAX,MODEL_V2_OPTIMIZER_CORRECTED_V1,0,-6.971703052520752,0.0009371748310513794,11,V2-006-OPT-CORR-F03-S20260927,2500e6093eb81946536b9d443c1fd586c1ea170025d48cf50cf45292ee22d878
7c81deed4ae6614e488958bff0fde9a950806a2d7a9ae5aafa8acd15de1bc6ea,MITDB_P114,114,955000000,3,20260927,MODEL_V2_TCN_MEANMAX,MODEL_V2_OPTIMIZER_CORRECTED_V1,0,-0.7329905033111572,0.32453882694244385,11,V2-006-OPT-CORR-F03-S20260927,2500e6093eb81946536b9d443c1fd586c1ea170025d48cf50cf45292ee22d878
7c8e6e692a7031901cc1dd5c491e8480889ea6fd0fc513151f36f4f2eb1b94f7,MITDB_P114,114,1755000000,3,20260927,MODEL_V2_TCN_MEANMAX,MODEL_V2_OPTIMIZER_CORRECTED_V1,0,-2.071763038635254,0.11187175661325455,11,V2-006-OPT-CORR-F03-S20260927,2500e6093eb81946536b9d443c1fd586c1ea170025d48cf50cf45292ee22d878
7c99dd913123b4e6f32e4cc4203924eecfdb1cae90e7331996f48232c83791bd,MITDB_P103,103,245000000,3,20260927,MODEL_V2_TCN_MEANMAX,MODEL_V2_OPTIMIZER_CORRECTED_V1,0,-5.613097190856934,0.0036364758852869272,11,V2-006-OPT-CORR-F03-S20260927,2500e6093eb81946536b9d443c1fd586c1ea170025d48cf50cf45292ee22d878
7ca8409b17644bc3ed89c995217add2702bb3650bbfd6d23e149cf19497da8bc,MITDB_P121,121,800000000,3,20260927,MODEL_V2_TCN_MEANMAX,MODEL_V2_OPTIMIZER_CORRECTED_V1,0,-7.226359844207764,0.0007266346365213394,11,V2-006-OPT-CORR-F03-S20260927,2500e6093eb81946536b9d443c1fd586c1ea170025d48cf50cf45292ee22d878
7caded7f7978904051a363bf1cbbaa878d04baa3b19bb536ea8f5f8d020b8931,MITDB_P223,223,505000000,3,20260927,MODEL_V2_TCN_MEANMAX,MODEL_V2_OPTIMIZER_CORRECTED_V1,0,-6.87681245803833,0.001030363840982318,11,V2-006-OPT-CORR-F03-S20260927,2500e6093eb81946536b9d443c1fd586c1ea170025d48cf50cf45292ee22d878
7cb1e0388874aaf1038a2078876556dc3803416d6417ebc4ca2b752a0e4fe7e4,MITDB_P223,223,1655000000,3,20260927,MODEL_V2_TCN_MEANMAX,MODEL_V2_OPTIMIZER_CORRECTED_V1,1,-2.134316921234131,0.10580586642026901,11,V2-006-OPT-CORR-F03-S20260927,2500e6093eb81946536b9d443c1fd586c1ea170025d48cf50cf45292ee22d878
7cc41ec6b72c0a925df9f21ea023f99b0c405698fa9c143243ae36b3d8dced15,MITDB_P103,103,1270000000,3,20260927,MODEL_V2_TCN_MEANMAX,MODEL_V2_OPTIMIZER_CORRECTED_V1,0,-6.255777359008789,0.0019156566122546792,11,V2-006-OPT-CORR-F03-S20260927,2500e6093eb81946536b9d443c1fd586c1ea170025d48cf50cf45292ee22d878
7cfece751c423e660df33d2a17298dee5dbb3575393aecac79b9b62705805da8,MITDB_P223,223,1420000000,3,20260927,MODEL_V2_TCN_MEANMAX,MODEL_V2_OPTIMIZER_CORRECTED_V1,1,1.7494384050369263,0.8518819808959961,11,V2-006-OPT-CORR-F03-S20260927,2500e6093eb81946536b9d443c1fd586c1ea170025d48cf50cf45292ee22d878
7d0ef61f760468c1f92d9e154e9c67700b43f58d2e517eb50d8859280cc27e41,MITDB_P114,114,1015000000,3,20260927,MODEL_V2_TCN_MEANMAX,MODEL_V2_OPTIMIZER_CORRECTED_V1,0,-3.583625078201294,0.02702423557639122,11,V2-006-OPT-CORR-F03-S20260927,2500e6093eb81946536b9d443c1fd586c1ea170025d48cf50cf45292ee22d878
7d0f169cd37bf03f7d0ef1ef4f0a1790802ee129550053e39d0341abe90abd4e,MITDB_P114,114,915000000,3,20260927,MODEL_V2_TCN_MEANMAX,MODEL_V2_OPTIMIZER_CORRECTED_V1,0,-0.17047668993473053,0.45748370885849,11,V2-006-OPT-CORR-F03-S20260927,2500e6093eb81946536b9d443c1fd586c1ea170025d48cf50cf45292ee22d878
7d24c3da66d1e5a3f2c5e3b269e383a885fa1c5319a7063ceb5c81b25acc0bae,MITDB_P103,103,965000000,3,20260927,MODEL_V2_TCN_MEANMAX,MODEL_V2_OPTIMIZER_CORRECTED_V1,0,-6.986696243286133,0.0009232413722202182,11,V2-006-OPT-CORR-F03-S20260927,2500e6093eb81946536b9d443c1fd586c1ea170025d48cf50cf45292ee22d878
7d2818c4d77f9f381f05dd2c78e81e5cda35acbc5ee2ba2aaf1f8568c7a8ede1,MITDB_P223,223,515000000,3,20260927,MODEL_V2_TCN_MEANMAX,MODEL_V2_OPTIMIZER_CORRECTED_V1,1,-6.1920247077941895,0.0020415044855326414,11,V2-006-OPT-CORR-F03-S20260927,2500e6093eb81946536b9d443c1fd586c1ea170025d48cf50cf45292ee22d878
7d63d7e56e8055b5b7520b53ddc03723cddf60320a45dc7e784fe082bf3e307e,MITDB_P223,223,1440000000,3,20260927,MODEL_V2_TCN_MEANMAX,MODEL_V2_OPTIMIZER_CORRECTED_V1,1,3.209897756576538,0.9612051248550415,11,V2-006-OPT-CORR-F03-S20260927,2500e6093eb81946536b9d443c1fd586c1ea170025d48cf50cf45292ee22d878
7d70d040dc6f4134f6f1bc146c3a7a39ef93f2c8de29267c2003f5541a003cea,MITDB_P223,223,880000000,3,20260927,MODEL_V2_TCN_MEANMAX,MODEL_V2_OPTIMIZER_CORRECTED_V1,1,-2.0512709617614746,0.11392401158809662,11,V2-006-OPT-CORR-F03-S20260927,2500e6093eb81946536b9d443c1fd586c1ea170025d48cf50cf45292ee22d878
7ddbd38f8999bf5a0903564411c2fab8428a4729205185d40619970ac390c3fb,MITDB_P208,208,110000000,3,20260927,MODEL_V2_TCN_MEANMAX,MODEL_V2_OPTIMIZER_CORRECTED_V1,1,9.474820137023926,0.9999232292175293,11,V2-006-OPT-CORR-F03-S20260927,2500e6093eb81946536b9d443c1fd586c1ea170025d48cf50cf45292ee22d878
7de6e9e1285026a7f7e236cd2641a2d78d238e9b49fe8c63abaffa7693e4ecb4,MITDB_P103,103,1615000000,3,20260927,MODEL_V2_TCN_MEANMAX,MODEL_V2_OPTIMIZER_CORRECTED_V1,0,-6.268010139465332,0.0018924096366390586,11,V2-006-OPT-CORR-F03-S20260927,2500e6093eb81946536b9d443c1fd586c1ea170025d48cf50cf45292ee22d878
7df0b9b30362295dccd3a35b5f940ea4d1d4a57adf6d3df9e43441c2aafa3e1e,MITDB_P114,114,215000000,3,20260927,MODEL_V2_TCN_MEANMAX,MODEL_V2_OPTIMIZER_CORRECTED_V1,0,-5.5436482429504395,0.0038969821762293577,11,V2-006-OPT-CORR-F03-S20260927,2500e6093eb81946536b9d443c1fd586c1ea170025d48cf50cf45292ee22d878
7e077b7e8b0a32a09e9ce17952387b7bc7fcd31110e6fb66f1336a43a26dabb0,MITDB_P103,103,480000000,3,20260927,MODEL_V2_TCN_MEANMAX,MODEL_V2_OPTIMIZER_CORRECTED_V1,0,-6.589726448059082,0.00137252954300493,11,V2-006-OPT-CORR-F03-S20260927,2500e6093eb81946536b9d443c1fd586c1ea170025d48cf50cf45292ee22d878
7e22fa1cb669d871998197d216f5d200503c5d39b743392b677ac2f34470b0fb,MITDB_P208,208,385000000,3,20260927,MODEL_V2_TCN_MEANMAX,MODEL_V2_OPTIMIZER_CORRECTED_V1,1,10.753503799438477,0.9999786615371704,11,V2-006-OPT-CORR-F03-S20260927,2500e6093eb81946536b9d443c1fd586c1ea170025d48cf50cf45292ee22d878
7e2de5900c2471e4fa69d7d382d6d2c14d55a83fae715a76c27b96bb861ca8ee,MITDB_P223,223,1030000000,3,20260927,MODEL_V2_TCN_MEANMAX,MODEL_V2_OPTIMIZER_CORRECTED_V1,1,0.566077470779419,0.6378576159477234,11,V2-006-OPT-CORR-F03-S20260927,2500e6093eb81946536b9d443c1fd586c1ea170025d48cf50cf45292ee22d878
7e399be1564fc3eaeaff81093bf3bd64fb7fcbc2cce92520ed03e72e4a245d51,MITDB_P121,121,1265000000,3,20260927,MODEL_V2_TCN_MEANMAX,MODEL_V2_OPTIMIZER_CORRECTED_V1,0,-7.266012191772461,0.0006984054343774915,11,V2-006-OPT-CORR-F03-S20260927,2500e6093eb81946536b9d443c1fd586c1ea170025d48cf50cf45292ee22d878
7e9d44973a16c0a5dd97b7a2add76c872d30883bc68dbb96679acfa5858d6f78,MITDB_P121,121,1270000000,3,20260927,MODEL_V2_TCN_MEANMAX,MODEL_V2_OPTIMIZER_CORRECTED_V1,0,-8.094720840454102,0.00030505273025482893,11,V2-006-OPT-CORR-F03-S20260927,2500e6093eb81946536b9d443c1fd586c1ea170025d48cf50cf45292ee22d878
7e9fa97da3c300f44a6669fe616e6d1b842ca7dc6720634eed48aa758979b45e,MITDB_P103,103,430000000,3,20260927,MODEL_V2_TCN_MEANMAX,MODEL_V2_OPTIMIZER_CORRECTED_V1,0,-6.739140510559082,0.0011822646483778954,11,V2-006-OPT-CORR-F03-S20260927,2500e6093eb81946536b9d443c1fd586c1ea170025d48cf50cf45292ee22d878
7ea249809654edbdb126f2476a38bd4c088d21529f8b5b335c5bf26d2b3a25e1,MITDB_P114,114,890000000,3,20260927,MODEL_V2_TCN_MEANMAX,MODEL_V2_OPTIMIZER_CORRECTED_V1,0,-2.2069849967956543,0.0991249829530716,11,V2-006-OPT-CORR-F03-S20260927,2500e6093eb81946536b9d443c1fd586c1ea170025d48cf50cf45292ee22d878
7ec4850c4076f3c388d2481f08f16f92208fe8c8f632bf22e9f7c1c488410996,MITDB_P121,121,1695000000,3,20260927,MODEL_V2_TCN_MEANMAX,MODEL_V2_OPTIMIZER_CORRECTED_V1,0,-10.072121620178223,4.223911673761904e-05,11,V2-006-OPT-CORR-F03-S20260927,2500e6093eb81946536b9d443c1fd586c1ea170025d48cf50cf45292ee22d878
7ec9d916d56d39099366e34b54189cbdeb7fbe0839352bf177a531d70e3df680,MITDB_P121,121,860000000,3,20260927,MODEL_V2_TCN_MEANMAX,MODEL_V2_OPTIMIZER_CORRECTED_V1,0,-7.76473331451416,0.00042426271829754114,11,V2-006-OPT-CORR-F03-S20260927,2500e6093eb81946536b9d443c1fd586c1ea170025d48cf50cf45292ee22d878
7ed5dd27648dcf480a4178707c85b60748b10da5d9777cddfbaa656387e8ca77,MITDB_P114,114,1760000000,3,20260927,MODEL_V2_TCN_MEANMAX,MODEL_V2_OPTIMIZER_CORRECTED_V1,0,-2.7535178661346436,0.05988828092813492,11,V2-006-OPT-CORR-F03-S20260927,2500e6093eb81946536b9d443c1fd586c1ea170025d48cf50cf45292ee22d878
7eddeb7dab8cfeeb7f562b59f013430294c814d56aeb18536f274a370151ac20,MITDB_P121,121,510000000,3,20260927,MODEL_V2_TCN_MEANMAX,MODEL_V2_OPTIMIZER_CORRECTED_V1,0,-7.2217888832092285,0.0007299612043425441,11,V2-006-OPT-CORR-F03-S20260927,2500e6093eb81946536b9d443c1fd586c1ea170025d48cf50cf45292ee22d878
7ef30b6555a2486291fc186a709b357933bd2f43cfd56ab30eaa535ab8d790cf,MITDB_P208,208,1545000000,3,20260927,MODEL_V2_TCN_MEANMAX,MODEL_V2_OPTIMIZER_CORRECTED_V1,1,4.810313701629639,0.9919204711914062,11,V2-006-OPT-CORR-F03-S20260927,2500e6093eb81946536b9d443c1fd586c1ea170025d48cf50cf45292ee22d878
7f218223b41602d5545d03d742526b55a9c977f4c89c4b00eb688f5bda215e33,MITDB_P121,121,945000000,3,20260927,MODEL_V2_TCN_MEANMAX,MODEL_V2_OPTIMIZER_CORRECTED_V1,0,-7.569860458374023,0.0005154985119588673,11,V2-006-OPT-CORR-F03-S20260927,2500e6093eb81946536b9d443c1fd586c1ea170025d48cf50cf45292ee22d878
7f4877d4ceaada75055de65c44c1b6c1959fc8b271c61c9982b1f873d537e6cb,MITDB_P103,103,290000000,3,20260927,MODEL_V2_TCN_MEANMAX,MODEL_V2_OPTIMIZER_CORRECTED_V1,0,-6.860655784606934,0.001047128695063293,11,V2-006-OPT-CORR-F03-S20260927,2500e6093eb81946536b9d443c1fd586c1ea170025d48cf50cf45292ee22d878
7f56b2c9514de30c0bd251a0fca660dd65a2f36255c15a2294f895df1339c1f2,MITDB_P208,208,1785000000,3,20260927,MODEL_V2_TCN_MEANMAX,MODEL_V2_OPTIMIZER_CORRECTED_V1,1,10.86872673034668,0.9999809265136719,11,V2-006-OPT-CORR-F03-S20260927,2500e6093eb81946536b9d443c1fd586c1ea170025d48cf50cf45292ee22d878
7f793eb7995c35a4f6f1487c3ad73f267f25215846d36747f29d5a099c02fe2c,MITDB_P121,121,210000000,3,20260927,MODEL_V2_TCN_MEANMAX,MODEL_V2_OPTIMIZER_CORRECTED_V1,0,-8.469782829284668,0.00020966646843589842,11,V2-006-OPT-CORR-F03-S20260927,2500e6093eb81946536b9d443c1fd586c1ea170025d48cf50cf45292ee22d878
7f7b568e2cfd6c742cb8ae076a7cdfaa030c77a3eb6d385131ae5d4bcc530704,MITDB_P103,103,885000000,3,20260927,MODEL_V2_TCN_MEANMAX,MODEL_V2_OPTIMIZER_CORRECTED_V1,0,-6.2112579345703125,0.0020026927813887596,11,V2-006-OPT-CORR-F03-S20260927,2500e6093eb81946536b9d443c1fd586c1ea170025d48cf50cf45292ee22d878
7fb540b3f041fb0cd2094b26b912e51a3f324783cb0a984c7b0dff9003e26c00,MITDB_P208,208,295000000,3,20260927,MODEL_V2_TCN_MEANMAX,MODEL_V2_OPTIMIZER_CORRECTED_V1,1,10.928702354431152,0.9999821186065674,11,V2-006-OPT-CORR-F03-S20260927,2500e6093eb81946536b9d443c1fd586c1ea170025d48cf50cf45292ee22d878
8007b5c78f1a80289b30eb1ed7a3587747a381543ee302076b352f31ea860091,MITDB_P121,121,1375000000,3,20260927,MODEL_V2_TCN_MEANMAX,MODEL_V2_OPTIMIZER_CORRECTED_V1,0,-7.373932361602783,0.000627002795226872,11,V2-006-OPT-CORR-F03-S20260927,2500e6093eb81946536b9d443c1fd586c1ea170025d48cf50cf45292ee22d878
80367ab645d37ec5bd315e4b1f5d5cc3094481ded4c416b1306ee43b05ea5ba1,MITDB_P223,223,1300000000,3,20260927,MODEL_V2_TCN_MEANMAX,MODEL_V2_OPTIMIZER_CORRECTED_V1,1,2.863036870956421,0.9459887146949768,11,V2-006-OPT-CORR-F03-S20260927,2500e6093eb81946536b9d443c1fd586c1ea170025d48cf50cf45292ee22d878
805d155740372de90dac462f60cb6e9de12f65ed853ae83089c005684e7b3351,MITDB_P103,103,1520000000,3,20260927,MODEL_V2_TCN_MEANMAX,MODEL_V2_OPTIMIZER_CORRECTED_V1,0,-6.663300037384033,0.0012752970214933157,11,V2-006-OPT-CORR-F03-S20260927,2500e6093eb81946536b9d443c1fd586c1ea170025d48cf50cf45292ee22d878
80accc4ca1ddce7d53cf0ea0be1ff587e6164c04dcc4277562b46ac138e7dd88,MITDB_P208,208,655000000,3,20260927,MODEL_V2_TCN_MEANMAX,MODEL_V2_OPTIMIZER_CORRECTED_V1,1,8.775958061218262,0.9998456239700317,11,V2-006-OPT-CORR-F03-S20260927,2500e6093eb81946536b9d443c1fd586c1ea170025d48cf50cf45292ee22d878
80b96f85690d9a73c817e96ff53eecc4055657f2260c63d7c96e658458fc575c,MITDB_P103,103,1540000000,3,20260927,MODEL_V2_TCN_MEANMAX,MODEL_V2_OPTIMIZER_CORRECTED_V1,0,-5.986013889312744,0.00250736135058105,11,V2-006-OPT-CORR-F03-S20260927,2500e6093eb81946536b9d443c1fd586c1ea170025d48cf50cf45292ee22d878
80b9e019931fc7802ca6d79cd07c59df4d50c9c4d2084075ace86b875f7d27da,MITDB_P103,103,985000000,3,20260927,MODEL_V2_TCN_MEANMAX,MODEL_V2_OPTIMIZER_CORRECTED_V1,0,-5.790844440460205,0.003046093974262476,11,V2-006-OPT-CORR-F03-S20260927,2500e6093eb81946536b9d443c1fd586c1ea170025d48cf50cf45292ee22d878
80bfba084733298cb72b1b6c96c6fa73221088c1604fae6ec6e6bed1685c990d,MITDB_P103,103,1600000000,3,20260927,MODEL_V2_TCN_MEANMAX,MODEL_V2_OPTIMIZER_CORRECTED_V1,0,-6.079967021942139,0.002283028094097972,11,V2-006-OPT-CORR-F03-S20260927,2500e6093eb81946536b9d443c1fd586c1ea170025d48cf50cf45292ee22d878
80e0c869c2900839ad891501051996ea8651e73bd68b857a0e936297cee74361,MITDB_P223,223,1430000000,3,20260927,MODEL_V2_TCN_MEANMAX,MODEL_V2_OPTIMIZER_CORRECTED_V1,1,2.8261301517486572,0.9440716505050659,11,V2-006-OPT-CORR-F03-S20260927,2500e6093eb81946536b9d443c1fd586c1ea170025d48cf50cf45292ee22d878
81057b723bb39f4e51a69c81c6042129679073332ba9e8c61fec2d67f0df6f0b,MITDB_P208,208,1525000000,3,20260927,MODEL_V2_TCN_MEANMAX,MODEL_V2_OPTIMIZER_CORRECTED_V1,1,10.414020538330078,0.9999699592590332,11,V2-006-OPT-CORR-F03-S20260927,2500e6093eb81946536b9d443c1fd586c1ea170025d48cf50cf45292ee22d878
811822744ebd94937f815b63e94290d376013c7bb89dff0d0d5f381bb80495d7,MITDB_P208,208,45000000,3,20260927,MODEL_V2_TCN_MEANMAX,MODEL_V2_OPTIMIZER_CORRECTED_V1,1,8.517964363098145,0.9998002648353577,11,V2-006-OPT-CORR-F03-S20260927,2500e6093eb81946536b9d443c1fd586c1ea170025d48cf50cf45292ee22d878
81740d76842ea6c03e0d370c93016f7a8cbda4c1964f57758bad773fe8d25530,MITDB_P208,208,1620000000,3,20260927,MODEL_V2_TCN_MEANMAX,MODEL_V2_OPTIMIZER_CORRECTED_V1,1,11.913680076599121,0.9999933242797852,11,V2-006-OPT-CORR-F03-S20260927,2500e6093eb81946536b9d443c1fd586c1ea170025d48cf50cf45292ee22d878
81e1da9f41bfcf3b2f3b006ec223be96c1978bd2a165bb5c18d042a6441194d9,MITDB_P103,103,1575000000,3,20260927,MODEL_V2_TCN_MEANMAX,MODEL_V2_OPTIMIZER_CORRECTED_V1,0,-6.580774784088135,0.0013848539674654603,11,V2-006-OPT-CORR-F03-S20260927,2500e6093eb81946536b9d443c1fd586c1ea170025d48cf50cf45292ee22d878
81e778ab2ba74996e58d84b6ecd4a462ce3055416757ece24e8298393e431cbb,MITDB_P223,223,1010000000,3,20260927,MODEL_V2_TCN_MEANMAX,MODEL_V2_OPTIMIZER_CORRECTED_V1,0,-5.1191792488098145,0.0059453705325722694,11,V2-006-OPT-CORR-F03-S20260927,2500e6093eb81946536b9d443c1fd586c1ea170025d48cf50cf45292ee22d878
81ee905564508e562d00a471190e9082cfa3d7145b031b56a6df4de4ee2ec3f8,MITDB_P103,103,715000000,3,20260927,MODEL_V2_TCN_MEANMAX,MODEL_V2_OPTIMIZER_CORRECTED_V1,0,-6.7422404289245605,0.001178609672933817,11,V2-006-OPT-CORR-F03-S20260927,2500e6093eb81946536b9d443c1fd586c1ea170025d48cf50cf45292ee22d878
81f80a267a56d1100929360156467e181b48f035fea3f18b22584868830f4533,MITDB_P223,223,835000000,3,20260927,MODEL_V2_TCN_MEANMAX,MODEL_V2_OPTIMIZER_CORRECTED_V1,1,5.324326992034912,0.9951519966125488,11,V2-006-OPT-CORR-F03-S20260927,2500e6093eb81946536b9d443c1fd586c1ea170025d48cf50cf45292ee22d878
82779f1d5297156ec57c805877018c31a67e0375bdb97f055f3d77d9150401b3,MITDB_P103,103,1230000000,3,20260927,MODEL_V2_TCN_MEANMAX,MODEL_V2_OPTIMIZER_CORRECTED_V1,0,-7.326076030731201,0.0006577182211913168,11,V2-006-OPT-CORR-F03-S20260927,2500e6093eb81946536b9d443c1fd586c1ea170025d48cf50cf45292ee22d878
83301d00c135032b6a43c73e22da532b7c20602a58a3c96e577f91a91cde6a25,MITDB_P114,114,1745000000,3,20260927,MODEL_V2_TCN_MEANMAX,MODEL_V2_OPTIMIZER_CORRECTED_V1,0,-1.7213528156280518,0.15169699490070343,11,V2-006-OPT-CORR-F03-S20260927,2500e6093eb81946536b9d443c1fd586c1ea170025d48cf50cf45292ee22d878
83345f745199a93a6cfc7fcdccf36dd943446d570b592bbf51a02f5f0fac44af,MITDB_P114,114,680000000,3,20260927,MODEL_V2_TCN_MEANMAX,MODEL_V2_OPTIMIZER_CORRECTED_V1,0,-2.3214101791381836,0.08936523646116257,11,V2-006-OPT-CORR-F03-S20260927,2500e6093eb81946536b9d443c1fd586c1ea170025d48cf50cf45292ee22d878
8347ed88bfd552f763618fc68e47af00a6d7147f3915f9b29051aa8fc53db0b2,MITDB_P103,103,695000000,3,20260927,MODEL_V2_TCN_MEANMAX,MODEL_V2_OPTIMIZER_CORRECTED_V1,0,-7.03620719909668,0.0008786830585449934,11,V2-006-OPT-CORR-F03-S20260927,2500e6093eb81946536b9d443c1fd586c1ea170025d48cf50cf45292ee22d878
836c7ad1bf963158e524da6fde4f6fcca93c254f9b3b0427da708bb9ab57f2d9,MITDB_P114,114,1525000000,3,20260927,MODEL_V2_TCN_MEANMAX,MODEL_V2_OPTIMIZER_CORRECTED_V1,0,-3.541264295578003,0.028160665184259415,11,V2-006-OPT-CORR-F03-S20260927,2500e6093eb81946536b9d443c1fd586c1ea170025d48cf50cf45292ee22d878
8376c98037777e88e478f50123672d90c74facb157e1615a8ea8d52e4471f652,MITDB_P103,103,1700000000,3,20260927,MODEL_V2_TCN_MEANMAX,MODEL_V2_OPTIMIZER_CORRECTED_V1,0,-5.98855447769165,0.0025010148528963327,11,V2-006-OPT-CORR-F03-S20260927,2500e6093eb81946536b9d443c1fd586c1ea170025d48cf50cf45292ee22d878
840b0b4ec03a6a039cd208bd1639d2cdd5b0c3e1e95580f9f090ebb2efe6b20d,MITDB_P103,103,620000000,3,20260927,MODEL_V2_TCN_MEANMAX,MODEL_V2_OPTIMIZER_CORRECTED_V1,0,-6.805087566375732,0.001106896554119885,11,V2-006-OPT-CORR-F03-S20260927,2500e6093eb81946536b9d443c1fd586c1ea170025d48cf50cf45292ee22d878
841d1f2e01eca3bd65d4013dc15e635276df5ee70eda605aa274cd5f23e251f8,MITDB_P208,208,300000000,3,20260927,MODEL_V2_TCN_MEANMAX,MODEL_V2_OPTIMIZER_CORRECTED_V1,1,11.458288192749023,0.99998939037323,11,V2-006-OPT-CORR-F03-S20260927,2500e6093eb81946536b9d443c1fd586c1ea170025d48cf50cf45292ee22d878
842fe8c72bffa3f2e2a1409ec4e361e9b92d6b0366339fd2f02ced4764673f3a,MITDB_P114,114,90000000,3,20260927,MODEL_V2_TCN_MEANMAX,MODEL_V2_OPTIMIZER_CORRECTED_V1,1,6.775444507598877,0.9988598823547363,11,V2-006-OPT-CORR-F03-S20260927,2500e6093eb81946536b9d443c1fd586c1ea170025d48cf50cf45292ee22d878
8431bb61b9a39980a8bc6b3d64c8e6a87709ef524dd794a1fa2df43016323eb4,MITDB_P114,114,1305000000,3,20260927,MODEL_V2_TCN_MEANMAX,MODEL_V2_OPTIMIZER_CORRECTED_V1,0,-1.7068238258361816,0.15357613563537598,11,V2-006-OPT-CORR-F03-S20260927,2500e6093eb81946536b9d443c1fd586c1ea170025d48cf50cf45292ee22d878
8433199fdc4807911d48653c6909da945d3988d896e076d1add8feeec5baa442,MITDB_P223,223,555000000,3,20260927,MODEL_V2_TCN_MEANMAX,MODEL_V2_OPTIMIZER_CORRECTED_V1,1,-7.108611583709717,0.0008173613459803164,11,V2-006-OPT-CORR-F03-S20260927,2500e6093eb81946536b9d443c1fd586c1ea170025d48cf50cf45292ee22d878
844becbda0733ae2bb9591087115af85e3d15a877817cfe25755e7a3a9ade072,MITDB_P114,114,390000000,3,20260927,MODEL_V2_TCN_MEANMAX,MODEL_V2_OPTIMIZER_CORRECTED_V1,0,-5.643350124359131,0.0035284915938973427,11,V2-006-OPT-CORR-F03-S20260927,2500e6093eb81946536b9d443c1fd586c1ea170025d48cf50cf45292ee22d878
848449eebe7c2df45254c3464a6ce7f031c447388fdb5cf29de40d68301ca344,MITDB_P208,208,450000000,3,20260927,MODEL_V2_TCN_MEANMAX,MODEL_V2_OPTIMIZER_CORRECTED_V1,1,9.995341300964355,0.999954342842102,11,V2-006-OPT-CORR-F03-S20260927,2500e6093eb81946536b9d443c1fd586c1ea170025d48cf50cf45292ee22d878
84f1b89365ba5631f009e3eec6a24cf168bc41700b630bc95e48b15e7cb6e313,MITDB_P208,208,640000000,3,20260927,MODEL_V2_TCN_MEANMAX,MODEL_V2_OPTIMIZER_CORRECTED_V1,1,10.1755952835083,0.9999618530273438,11,V2-006-OPT-CORR-F03-S20260927,2500e6093eb81946536b9d443c1fd586c1ea170025d48cf50cf45292ee22d878
853858d617b50975b47b97bbabc16ae77dc11e4b89771fa51a7ac7a802cb46fc,MITDB_P103,103,225000000,3,20260927,MODEL_V2_TCN_MEANMAX,MODEL_V2_OPTIMIZER_CORRECTED_V1,0,-6.487614154815674,0.0015198629116639495,11,V2-006-OPT-CORR-F03-S20260927,2500e6093eb81946536b9d443c1fd586c1ea170025d48cf50cf45292ee22d878
85794098401d91353b7eac800040da1ec3b486fde7b0e3783ec203c8a5f67da8,MITDB_P103,103,1450000000,3,20260927,MODEL_V2_TCN_MEANMAX,MODEL_V2_OPTIMIZER_CORRECTED_V1,0,-6.735936641693115,0.001186054083518684,11,V2-006-OPT-CORR-F03-S20260927,2500e6093eb81946536b9d443c1fd586c1ea170025d48cf50cf45292ee22d878
858b7aa87cd4d27750aa63282240812f333de5ca04661413e341d88507655bd8,MITDB_P223,223,325000000,3,20260927,MODEL_V2_TCN_MEANMAX,MODEL_V2_OPTIMIZER_CORRECTED_V1,0,-6.603647708892822,0.0013535801554098725,11,V2-006-OPT-CORR-F03-S20260927,2500e6093eb81946536b9d443c1fd586c1ea170025d48cf50cf45292ee22d878
85b13e6dd01f790355465704740357c6fecb936fe0176fda7a2ed20df642a4be,MITDB_P121,121,175000000,3,20260927,MODEL_V2_TCN_MEANMAX,MODEL_V2_OPTIMIZER_CORRECTED_V1,0,-7.47477388381958,0.0005668924422934651,11,V2-006-OPT-CORR-F03-S20260927,2500e6093eb81946536b9d443c1fd586c1ea170025d48cf50cf45292ee22d878
85cda0a6ec5cf68114d658f3765c2bde4d1b10e0935af14f2df951cefb218c57,MITDB_P223,223,75000000,3,20260927,MODEL_V2_TCN_MEANMAX,MODEL_V2_OPTIMIZER_CORRECTED_V1,1,3.6888515949249268,0.9756091237068176,11,V2-006-OPT-CORR-F03-S20260927,2500e6093eb81946536b9d443c1fd586c1ea170025d48cf50cf45292ee22d878
85dbe1873938bd1070c6a21e3fb037fd681676af2c0f13b854ef387cb4d7a2c6,MITDB_P114,114,190000000,3,20260927,MODEL_V2_TCN_MEANMAX,MODEL_V2_OPTIMIZER_CORRECTED_V1,0,-5.766421794891357,0.0031211685854941607,11,V2-006-OPT-CORR-F03-S20260927,2500e6093eb81946536b9d443c1fd586c1ea170025d48cf50cf45292ee22d878
85e7fe2b4167d8117e95f6f6f72225ec75ff1d8ec3a4f8f77f2429780bf50fe8,MITDB_P114,114,495000000,3,20260927,MODEL_V2_TCN_MEANMAX,MODEL_V2_OPTIMIZER_CORRECTED_V1,1,8.26757526397705,0.9997434020042419,11,V2-006-OPT-CORR-F03-S20260927,2500e6093eb81946536b9d443c1fd586c1ea170025d48cf50cf45292ee22d878
8605cc7ce09c8bea15190012aa9e45fbf15404cf6f088a717fe82c660efd2383,MITDB_P121,121,1440000000,3,20260927,MODEL_V2_TCN_MEANMAX,MODEL_V2_OPTIMIZER_CORRECTED_V1,0,-5.367912292480469,0.00464220717549324,11,V2-006-OPT-CORR-F03-S20260927,2500e6093eb81946536b9d443c1fd586c1ea170025d48cf50cf45292ee22d878
86548b19508aaddcde0795ebe40ee7ce507f8c55c088c89cfc702723b3c03437,MITDB_P121,121,1025000000,3,20260927,MODEL_V2_TCN_MEANMAX,MODEL_V2_OPTIMIZER_CORRECTED_V1,0,-7.703925609588623,0.00045084967860020697,11,V2-006-OPT-CORR-F03-S20260927,2500e6093eb81946536b9d443c1fd586c1ea170025d48cf50cf45292ee22d878
865586faa7978bf5987e60590f25e9c8b63b4456209ec531403743ea91d4a26f,MITDB_P208,208,1730000000,3,20260927,MODEL_V2_TCN_MEANMAX,MODEL_V2_OPTIMIZER_CORRECTED_V1,1,11.142613410949707,0.9999855756759644,11,V2-006-OPT-CORR-F03-S20260927,2500e6093eb81946536b9d443c1fd586c1ea170025d48cf50cf45292ee22d878
8659c33e66a5ba2a259025cf242ec0d1f70eb446f208433ab9ad006b92587482,MITDB_P103,103,435000000,3,20260927,MODEL_V2_TCN_MEANMAX,MODEL_V2_OPTIMIZER_CORRECTED_V1,0,-6.834091663360596,0.0010752871166914701,11,V2-006-OPT-CORR-F03-S20260927,2500e6093eb81946536b9d443c1fd586c1ea170025d48cf50cf45292ee22d878
86b7ab1b659b554bc1564228b17d203bcfb52592c9d755d9a76e0e4d1954a724,MITDB_P208,208,515000000,3,20260927,MODEL_V2_TCN_MEANMAX,MODEL_V2_OPTIMIZER_CORRECTED_V1,1,11.348091125488281,0.9999881982803345,11,V2-006-OPT-CORR-F03-S20260927,2500e6093eb81946536b9d443c1fd586c1ea170025d48cf50cf45292ee22d878
86dd3e9876dbd6cdba1e431ae93b395c71aa3fbd14780f01c862e9f3f9f2fd14,MITDB_P208,208,470000000,3,20260927,MODEL_V2_TCN_MEANMAX,MODEL_V2_OPTIMIZER_CORRECTED_V1,1,12.112187385559082,0.9999945163726807,11,V2-006-OPT-CORR-F03-S20260927,2500e6093eb81946536b9d443c1fd586c1ea170025d48cf50cf45292ee22d878
86f0f18e310d2ccc4c5cba7cb5145b73d45b741e48443d570fb6e5a6614e59cf,MITDB_P208,208,1520000000,3,20260927,MODEL_V2_TCN_MEANMAX,MODEL_V2_OPTIMIZER_CORRECTED_V1,1,11.63314437866211,0.9999911785125732,11,V2-006-OPT-CORR-F03-S20260927,2500e6093eb81946536b9d443c1fd586c1ea170025d48cf50cf45292ee22d878
871d4fac7335d343e4c6109ec2d5381bde0cf277d3b72636febf53a42338a43b,MITDB_P103,103,725000000,3,20260927,MODEL_V2_TCN_MEANMAX,MODEL_V2_OPTIMIZER_CORRECTED_V1,0,-6.0591721534729,0.0023308885283768177,11,V2-006-OPT-CORR-F03-S20260927,2500e6093eb81946536b9d443c1fd586c1ea170025d48cf50cf45292ee22d878
87246c33eca4740d761450e6d1540d4a497df8fe841b54d67983207bf3883e57,MITDB_P114,114,580000000,3,20260927,MODEL_V2_TCN_MEANMAX,MODEL_V2_OPTIMIZER_CORRECTED_V1,0,-3.663022041320801,0.025013156235218048,11,V2-006-OPT-CORR-F03-S20260927,2500e6093eb81946536b9d443c1fd586c1ea170025d48cf50cf45292ee22d878
8729b03636db457653428c8803adcc40ef57e0a493a9e6182eb10e197e96b001,MITDB_P103,103,835000000,3,20260927,MODEL_V2_TCN_MEANMAX,MODEL_V2_OPTIMIZER_CORRECTED_V1,0,-6.7139201164245605,0.0012124243658035994,11,V2-006-OPT-CORR-F03-S20260927,2500e6093eb81946536b9d443c1fd586c1ea170025d48cf50cf45292ee22d878
8758dee52bc24def7329bf0ee31b373fd83577786d7c7a9854a4dcf4da0c53ca,MITDB_P208,208,335000000,3,20260927,MODEL_V2_TCN_MEANMAX,MODEL_V2_OPTIMIZER_CORRECTED_V1,1,12.706196784973145,0.9999970197677612,11,V2-006-OPT-CORR-F03-S20260927,2500e6093eb81946536b9d443c1fd586c1ea170025d48cf50cf45292ee22d878
8766b329ce89cf943f3219bdd126a96d8f40882fde3fab473d6376e2398e42d3,MITDB_P114,114,1485000000,3,20260927,MODEL_V2_TCN_MEANMAX,MODEL_V2_OPTIMIZER_CORRECTED_V1,0,-4.11870002746582,0.01600530929863453,11,V2-006-OPT-CORR-F03-S20260927,2500e6093eb81946536b9d443c1fd586c1ea170025d48cf50cf45292ee22d878
877e4491c2f075ca789a214991889dde16424faedb9ba934d81b77ecb08b8d47,MITDB_P208,208,765000000,3,20260927,MODEL_V2_TCN_MEANMAX,MODEL_V2_OPTIMIZER_CORRECTED_V1,1,10.03701114654541,0.9999562501907349,11,V2-006-OPT-CORR-F03-S20260927,2500e6093eb81946536b9d443c1fd586c1ea170025d48cf50cf45292ee22d878
87a818a79cdc163edd24dea726639071379cde74432eb519fee544290746ef9b,MITDB_P121,121,1290000000,3,20260927,MODEL_V2_TCN_MEANMAX,MODEL_V2_OPTIMIZER_CORRECTED_V1,0,-8.454437255859375,0.00021290805307216942,11,V2-006-OPT-CORR-F03-S20260927,2500e6093eb81946536b9d443c1fd586c1ea170025d48cf50cf45292ee22d878
87ca15623ebeb0b3662be8fedeca9ac8405ced2eb715d7dcf0df455e639973c5,MITDB_P223,223,1455000000,3,20260927,MODEL_V2_TCN_MEANMAX,MODEL_V2_OPTIMIZER_CORRECTED_V1,1,5.4751787185668945,0.9958279728889465,11,V2-006-OPT-CORR-F03-S20260927,2500e6093eb81946536b9d443c1fd586c1ea170025d48cf50cf45292ee22d878
8800f8a4d7cb0cead912634a61aefbe8a36dcdd75c47b76109bffd1ac0892b21,MITDB_P121,121,380000000,3,20260927,MODEL_V2_TCN_MEANMAX,MODEL_V2_OPTIMIZER_CORRECTED_V1,0,-7.382749080657959,0.000621502404101193,11,V2-006-OPT-CORR-F03-S20260927,2500e6093eb81946536b9d443c1fd586c1ea170025d48cf50cf45292ee22d878
88088a52f8351e9138f15750946d8715abc662bda62b777b7edac17fb2d16962,MITDB_P223,223,395000000,3,20260927,MODEL_V2_TCN_MEANMAX,MODEL_V2_OPTIMIZER_CORRECTED_V1,0,-5.808337688446045,0.0029934293124824762,11,V2-006-OPT-CORR-F03-S20260927,2500e6093eb81946536b9d443c1fd586c1ea170025d48cf50cf45292ee22d878
881446dffeaa5a9d98cab51ce936d20f5fe8fc2a8dce43fa94bdbc072829232e,MITDB_P103,103,370000000,3,20260927,MODEL_V2_TCN_MEANMAX,MODEL_V2_OPTIMIZER_CORRECTED_V1,0,-5.985954761505127,0.0025075089652091265,11,V2-006-OPT-CORR-F03-S20260927,2500e6093eb81946536b9d443c1fd586c1ea170025d48cf50cf45292ee22d878
881e7187c8b12ba7f533cfce83b160de09e5b5b5747ca2f0a079420348bef455,MITDB_P223,223,1055000000,3,20260927,MODEL_V2_TCN_MEANMAX,MODEL_V2_OPTIMIZER_CORRECTED_V1,1,-0.6775128245353699,0.3368166387081146,11,V2-006-OPT-CORR-F03-S20260927,2500e6093eb81946536b9d443c1fd586c1ea170025d48cf50cf45292ee22d878
886c447677cde14561dc522642c085d978ad88c7fdda82c7dd6bcb03970b4ac0,MITDB_P208,208,490000000,3,20260927,MODEL_V2_TCN_MEANMAX,MODEL_V2_OPTIMIZER_CORRECTED_V1,1,9.860905647277832,0.9999477863311768,11,V2-006-OPT-CORR-F03-S20260927,2500e6093eb81946536b9d443c1fd586c1ea170025d48cf50cf45292ee22d878
888b4450fac30bfc6bdb9b84f1d77687245d02120467aeb018d7267f97b00336,MITDB_P208,208,1335000000,3,20260927,MODEL_V2_TCN_MEANMAX,MODEL_V2_OPTIMIZER_CORRECTED_V1,1,12.107115745544434,0.9999945163726807,11,V2-006-OPT-CORR-F03-S20260927,2500e6093eb81946536b9d443c1fd586c1ea170025d48cf50cf45292ee22d878
88b347e94ff61b5a9688ee01ac96edd40b9796b6a550a0d904fda798a2155a9c,MITDB_P223,223,1105000000,3,20260927,MODEL_V2_TCN_MEANMAX,MODEL_V2_OPTIMIZER_CORRECTED_V1,1,-3.124758243560791,0.04209747537970543,11,V2-006-OPT-CORR-F03-S20260927,2500e6093eb81946536b9d443c1fd586c1ea170025d48cf50cf45292ee22d878
88bcb69b09f319e53549d5fe6463a957a1fbc6747f0c99e89832f117b51884fd,MITDB_P103,103,440000000,3,20260927,MODEL_V2_TCN_MEANMAX,MODEL_V2_OPTIMIZER_CORRECTED_V1,0,-6.261898994445801,0.0019039876060560346,11,V2-006-OPT-CORR-F03-S20260927,2500e6093eb81946536b9d443c1fd586c1ea170025d48cf50cf45292ee22d878
88ca0c01c6d7c64dcd0e44e99f23b79e36aa26aea1ff65da9116028fbbc19413,MITDB_P223,223,140000000,3,20260927,MODEL_V2_TCN_MEANMAX,MODEL_V2_OPTIMIZER_CORRECTED_V1,1,5.47755765914917,0.995837926864624,11,V2-006-OPT-CORR-F03-S20260927,2500e6093eb81946536b9d443c1fd586c1ea170025d48cf50cf45292ee22d878
8926018fd59b7445c3a2bc6c5cdcf585eab30c03c8907969f5d0e9f93aa71b89,MITDB_P223,223,1265000000,3,20260927,MODEL_V2_TCN_MEANMAX,MODEL_V2_OPTIMIZER_CORRECTED_V1,1,-1.180600643157959,0.2349442094564438,11,V2-006-OPT-CORR-F03-S20260927,2500e6093eb81946536b9d443c1fd586c1ea170025d48cf50cf45292ee22d878
8952303493641b91c66c3d47d9df233103e1696f786b8dbd6cdf2fc2bc80fb38,MITDB_P208,208,1735000000,3,20260927,MODEL_V2_TCN_MEANMAX,MODEL_V2_OPTIMIZER_CORRECTED_V1,1,11.593499183654785,0.9999908208847046,11,V2-006-OPT-CORR-F03-S20260927,2500e6093eb81946536b9d443c1fd586c1ea170025d48cf50cf45292ee22d878
89733902a84f2fb5c08979599bbdfe3f490eea6ea25fc57c6c3ee6fabb153d80,MITDB_P121,121,425000000,3,20260927,MODEL_V2_TCN_MEANMAX,MODEL_V2_OPTIMIZER_CORRECTED_V1,0,-8.717066764831543,0.0001637400418985635,11,V2-006-OPT-CORR-F03-S20260927,2500e6093eb81946536b9d443c1fd586c1ea170025d48cf50cf45292ee22d878
89e33ffa3413fd66b29e6a21ccec9b5a4dfea14acfd7ea9a8616d4fd016411a2,MITDB_P223,223,60000000,3,20260927,MODEL_V2_TCN_MEANMAX,MODEL_V2_OPTIMIZER_CORRECTED_V1,0,-6.114999294281006,0.002204606309533119,11,V2-006-OPT-CORR-F03-S20260927,2500e6093eb81946536b9d443c1fd586c1ea170025d48cf50cf45292ee22d878
89e36928fcf9459938e5fdb2e3f0269c65a03dbba2f710a3f0122e4efac1fb5f,MITDB_P121,121,995000000,3,20260927,MODEL_V2_TCN_MEANMAX,MODEL_V2_OPTIMIZER_CORRECTED_V1,0,-5.9780592918396,0.0025273351930081844,11,V2-006-OPT-CORR-F03-S20260927,2500e6093eb81946536b9d443c1fd586c1ea170025d48cf50cf45292ee22d878
89e6553305d043179bdcf46c742cbb154c7670e94c9556f8a8e7dbdad08b8961,MITDB_P114,114,1315000000,3,20260927,MODEL_V2_TCN_MEANMAX,MODEL_V2_OPTIMIZER_CORRECTED_V1,0,-3.969607353210449,0.018530964851379395,11,V2-006-OPT-CORR-F03-S20260927,2500e6093eb81946536b9d443c1fd586c1ea170025d48cf50cf45292ee22d878
8a268ac813dce80618097f52ea8261b3d6962c8f0a25f42dc9294f42474d1570,MITDB_P114,114,1235000000,3,20260927,MODEL_V2_TCN_MEANMAX,MODEL_V2_OPTIMIZER_CORRECTED_V1,0,-0.6438138484954834,0.34438493847846985,11,V2-006-OPT-CORR-F03-S20260927,2500e6093eb81946536b9d443c1fd586c1ea170025d48cf50cf45292ee22d878
8a275cb65be9cf252b3af2b12f5a1a8cf6e636a503e9537f715ef23849ac97b7,MITDB_P114,114,610000000,3,20260927,MODEL_V2_TCN_MEANMAX,MODEL_V2_OPTIMIZER_CORRECTED_V1,0,0.9264148473739624,0.716347336769104,11,V2-006-OPT-CORR-F03-S20260927,2500e6093eb81946536b9d443c1fd586c1ea170025d48cf50cf45292ee22d878
8a390f7a8cb6ffdbaf6a5ee3f99e822e323bd340be0e061a3b58929791c8efb7,MITDB_P208,208,160000000,3,20260927,MODEL_V2_TCN_MEANMAX,MODEL_V2_OPTIMIZER_CORRECTED_V1,1,9.735638618469238,0.9999408721923828,11,V2-006-OPT-CORR-F03-S20260927,2500e6093eb81946536b9d443c1fd586c1ea170025d48cf50cf45292ee22d878
8a6e6c93e2f4edf0ee1152815328a324b031b1d805055488275b7d631d191001,MITDB_P208,208,1700000000,3,20260927,MODEL_V2_TCN_MEANMAX,MODEL_V2_OPTIMIZER_CORRECTED_V1,1,10.593531608581543,0.9999749660491943,11,V2-006-OPT-CORR-F03-S20260927,2500e6093eb81946536b9d443c1fd586c1ea170025d48cf50cf45292ee22d878
8a8da5ce33d5ddcc68e616f21c0bf513501ecba1e69744f6500ce34d1a708dee,MITDB_P103,103,445000000,3,20260927,MODEL_V2_TCN_MEANMAX,MODEL_V2_OPTIMIZER_CORRECTED_V1,0,-5.995188236236572,0.0024845199659466743,11,V2-006-OPT-CORR-F03-S20260927,2500e6093eb81946536b9d443c1fd586c1ea170025d48cf50cf45292ee22d878
8a930242e514a02d2096017aee4b1228a324fd0d3f7c05b77803c91a01c3a318,MITDB_P121,121,1580000000,3,20260927,MODEL_V2_TCN_MEANMAX,MODEL_V2_OPTIMIZER_CORRECTED_V1,0,-9.538797378540039,7.199820538517088e-05,11,V2-006-OPT-CORR-F03-S20260927,2500e6093eb81946536b9d443c1fd586c1ea170025d48cf50cf45292ee22d878
8aabd57aca5db142f2fc7e7437d24b320a32fe7bb438cbc81763582e3d135239,MITDB_P103,103,1425000000,3,20260927,MODEL_V2_TCN_MEANMAX,MODEL_V2_OPTIMIZER_CORRECTED_V1,0,-6.774867057800293,0.0011408193968236446,11,V2-006-OPT-CORR-F03-S20260927,2500e6093eb81946536b9d443c1fd586c1ea170025d48cf50cf45292ee22d878
8ab96ea6efe0797176fc278ef965f97c605e2cd8d62b1c0a45f9f0455efbc44f,MITDB_P121,121,1080000000,3,20260927,MODEL_V2_TCN_MEANMAX,MODEL_V2_OPTIMIZER_CORRECTED_V1,0,-8.381925582885742,0.0002289162075612694,11,V2-006-OPT-CORR-F03-S20260927,2500e6093eb81946536b9d443c1fd586c1ea170025d48cf50cf45292ee22d878
8acb3ea397ca728b72aa7b9322c24c6b90f058344e2a35d87a760afffa81bd69,MITDB_P208,208,1185000000,3,20260927,MODEL_V2_TCN_MEANMAX,MODEL_V2_OPTIMIZER_CORRECTED_V1,0,-1.9449400901794434,0.12510614097118378,11,V2-006-OPT-CORR-F03-S20260927,2500e6093eb81946536b9d443c1fd586c1ea170025d48cf50cf45292ee22d878
8b20c0932df3facb9f604e46556f2cfd9c01dd47c8690f0a20041a3d9c8bfe49,MITDB_P121,121,1610000000,3,20260927,MODEL_V2_TCN_MEANMAX,MODEL_V2_OPTIMIZER_CORRECTED_V1,0,-10.410531044006348,3.011277294717729e-05,11,V2-006-OPT-CORR-F03-S20260927,2500e6093eb81946536b9d443c1fd586c1ea170025d48cf50cf45292ee22d878
8b45e5087293b4a3115458d6fd3cab10fa2f560b087af2b5c30440e3bb7b5674,MITDB_P121,121,750000000,3,20260927,MODEL_V2_TCN_MEANMAX,MODEL_V2_OPTIMIZER_CORRECTED_V1,0,-7.810345649719238,0.0004053534648846835,11,V2-006-OPT-CORR-F03-S20260927,2500e6093eb81946536b9d443c1fd586c1ea170025d48cf50cf45292ee22d878
8b73203638faa90d02ae26f7d38f3dd5de706fd7b7e56d194be2435e7446be32,MITDB_P208,208,1375000000,3,20260927,MODEL_V2_TCN_MEANMAX,MODEL_V2_OPTIMIZER_CORRECTED_V1,1,10.080389976501465,0.9999581575393677,11,V2-006-OPT-CORR-F03-S20260927,2500e6093eb81946536b9d443c1fd586c1ea170025d48cf50cf45292ee22d878
8b95134fbd53dce858efd5cd64fec6be721955cf86437513a0c155c782f3b111,MITDB_P121,121,1490000000,3,20260927,MODEL_V2_TCN_MEANMAX,MODEL_V2_OPTIMIZER_CORRECTED_V1,0,-7.029106616973877,0.0008849389269016683,11,V2-006-OPT-CORR-F03-S20260927,2500e6093eb81946536b9d443c1fd586c1ea170025d48cf50cf45292ee22d878
8c05418b01b2ab932c99bbcad0d0c4d7273d6f4552a35f42cac57299966782f7,MITDB_P103,103,475000000,3,20260927,MODEL_V2_TCN_MEANMAX,MODEL_V2_OPTIMIZER_CORRECTED_V1,0,-6.70753812789917,0.0012201773934066296,11,V2-006-OPT-CORR-F03-S20260927,2500e6093eb81946536b9d443c1fd586c1ea170025d48cf50cf45292ee22d878
8c752162b05bfccc3080401cad4450f3b87705cb520faefe138b44fec49c8119,MITDB_P103,103,340000000,3,20260927,MODEL_V2_TCN_MEANMAX,MODEL_V2_OPTIMIZER_CORRECTED_V1,0,-6.075042247772217,0.0022942733485251665,11,V2-006-OPT-CORR-F03-S20260927,2500e6093eb81946536b9d443c1fd586c1ea170025d48cf50cf45292ee22d878
8ca9aa62325859cb3e364373256bcbc9a967d477f4e4e1ec4a42123b37e59138,MITDB_P114,114,1255000000,3,20260927,MODEL_V2_TCN_MEANMAX,MODEL_V2_OPTIMIZER_CORRECTED_V1,0,-0.7034543752670288,0.33104678988456726,11,V2-006-OPT-CORR-F03-S20260927,2500e6093eb81946536b9d443c1fd586c1ea170025d48cf50cf45292ee22d878
8ce9c40666672b2a0cb1ad0f581bfd930f1ac60a151a78b4b059d1dc8bab7b9a,MITDB_P114,114,10000000,3,20260927,MODEL_V2_TCN_MEANMAX,MODEL_V2_OPTIMIZER_CORRECTED_V1,0,-5.494004249572754,0.004094514064490795,11,V2-006-OPT-CORR-F03-S20260927,2500e6093eb81946536b9d443c1fd586c1ea170025d48cf50cf45292ee22d878
8d3fe0fdd9936b84a4c8608b5d2bba090d91e18337c4f821804b316df04e2c99,MITDB_P103,103,865000000,3,20260927,MODEL_V2_TCN_MEANMAX,MODEL_V2_OPTIMIZER_CORRECTED_V1,0,-6.257737159729004,0.0019119131611660123,11,V2-006-OPT-CORR-F03-S20260927,2500e6093eb81946536b9d443c1fd586c1ea170025d48cf50cf45292ee22d878
8d486735928337a94270241fe9277cd52f29ec4039cf8a8ca22b03c346dce622,MITDB_P103,103,490000000,3,20260927,MODEL_V2_TCN_MEANMAX,MODEL_V2_OPTIMIZER_CORRECTED_V1,0,-6.212604999542236,0.0020000021904706955,11,V2-006-OPT-CORR-F03-S20260927,2500e6093eb81946536b9d443c1fd586c1ea170025d48cf50cf45292ee22d878
8d48be8ebdfedc4b010aa7e872dce9e82a3a3fa83ed64ff70ce4a6a5ed91fd74,MITDB_P114,114,815000000,3,20260927,MODEL_V2_TCN_MEANMAX,MODEL_V2_OPTIMIZER_CORRECTED_V1,0,-3.3145644664764404,0.035074908286333084,11,V2-006-OPT-CORR-F03-S20260927,2500e6093eb81946536b9d443c1fd586c1ea170025d48cf50cf45292ee22d878
8d63a24820bf58ccc0f4ba21ad3936f5f39955807655744e7e056a3305eb4108,MITDB_P223,223,285000000,3,20260927,MODEL_V2_TCN_MEANMAX,MODEL_V2_OPTIMIZER_CORRECTED_V1,1,-1.687084674835205,0.15615962445735931,11,V2-006-OPT-CORR-F03-S20260927,2500e6093eb81946536b9d443c1fd586c1ea170025d48cf50cf45292ee22d878
8d67fcf9c6f78d45ab566ae5323ef74535175dec8111ef661560a1c78cb69629,MITDB_P223,223,1145000000,3,20260927,MODEL_V2_TCN_MEANMAX,MODEL_V2_OPTIMIZER_CORRECTED_V1,0,-3.8533236980438232,0.02076864242553711,11,V2-006-OPT-CORR-F03-S20260927,2500e6093eb81946536b9d443c1fd586c1ea170025d48cf50cf45292ee22d878
8d7b5b3d4a15f90eadf33ad51df16ee544eea27d39d4af1f994575b8a6083217,MITDB_P208,208,1170000000,3,20260927,MODEL_V2_TCN_MEANMAX,MODEL_V2_OPTIMIZER_CORRECTED_V1,1,7.3357319831848145,0.9993485808372498,11,V2-006-OPT-CORR-F03-S20260927,2500e6093eb81946536b9d443c1fd586c1ea170025d48cf50cf45292ee22d878
8d910597820ad8e7eb34a1174fdf9dd4b8fd6b7ca60d647538fd063ca72dd6fa,MITDB_P121,121,1390000000,3,20260927,MODEL_V2_TCN_MEANMAX,MODEL_V2_OPTIMIZER_CORRECTED_V1,0,-7.813964366912842,0.00040388983325101435,11,V2-006-OPT-CORR-F03-S20260927,2500e6093eb81946536b9d443c1fd586c1ea170025d48cf50cf45292ee22d878
8d9149a42ace7594d9355699e810ac56a14bbfe7b43e01c680c0b90d2ba907f4,MITDB_P103,103,755000000,3,20260927,MODEL_V2_TCN_MEANMAX,MODEL_V2_OPTIMIZER_CORRECTED_V1,0,-5.990102767944336,0.002497155452147126,11,V2-006-OPT-CORR-F03-S20260927,2500e6093eb81946536b9d443c1fd586c1ea170025d48cf50cf45292ee22d878
8d9c826159b5db501ab11fd5318aad8c219c0ac7a362aa1284491b863d69462a,MITDB_P121,121,1085000000,3,20260927,MODEL_V2_TCN_MEANMAX,MODEL_V2_OPTIMIZER_CORRECTED_V1,0,-7.5710062980651855,0.0005149085191078484,11,V2-006-OPT-CORR-F03-S20260927,2500e6093eb81946536b9d443c1fd586c1ea170025d48cf50cf45292ee22d878
8dadf7ba0eed663a630ce538e19c8858c94a5584dec2360be483585e709f160f,MITDB_P114,114,515000000,3,20260927,MODEL_V2_TCN_MEANMAX,MODEL_V2_OPTIMIZER_CORRECTED_V1,1,1.4363433122634888,0.8078877329826355,11,V2-006-OPT-CORR-F03-S20260927,2500e6093eb81946536b9d443c1fd586c1ea170025d48cf50cf45292ee22d878
8dbc0dea66d652ffcbf9bd9152aec7075d3f8870cf4a704e5a27893d30dbe596,MITDB_P103,103,1385000000,3,20260927,MODEL_V2_TCN_MEANMAX,MODEL_V2_OPTIMIZER_CORRECTED_V1,0,-6.980159759521484,0.0009292902541346848,11,V2-006-OPT-CORR-F03-S20260927,2500e6093eb81946536b9d443c1fd586c1ea170025d48cf50cf45292ee22d878
8dc9cfec8bf5879d0cabcbdfdafd2a70f717e404a16e7ff4bab1982c41639733,MITDB_P223,223,1335000000,3,20260927,MODEL_V2_TCN_MEANMAX,MODEL_V2_OPTIMIZER_CORRECTED_V1,1,2.808621883392334,0.943139910697937,11,V2-006-OPT-CORR-F03-S20260927,2500e6093eb81946536b9d443c1fd586c1ea170025d48cf50cf45292ee22d878
8de3d984b14827daa6a3a187def8379237fd4d2984d9605b88534a6e9819094a,MITDB_P121,121,290000000,3,20260927,MODEL_V2_TCN_MEANMAX,MODEL_V2_OPTIMIZER_CORRECTED_V1,0,-8.579340934753418,0.00018791349430102855,11,V2-006-OPT-CORR-F03-S20260927,2500e6093eb81946536b9d443c1fd586c1ea170025d48cf50cf45292ee22d878
8e148f21500279f2cf3b754a5fec166973f47c400f557b08bab3f73d0c266ec2,MITDB_P103,103,200000000,3,20260927,MODEL_V2_TCN_MEANMAX,MODEL_V2_OPTIMIZER_CORRECTED_V1,0,-6.374454021453857,0.001701649627648294,11,V2-006-OPT-CORR-F03-S20260927,2500e6093eb81946536b9d443c1fd586c1ea170025d48cf50cf45292ee22d878
8e38cd38bbe6a363953dff9b94863469aa01656cc97b3cd4637e19f60fd354c7,MITDB_P121,121,475000000,3,20260927,MODEL_V2_TCN_MEANMAX,MODEL_V2_OPTIMIZER_CORRECTED_V1,0,-6.51295804977417,0.0014818840427324176,11,V2-006-OPT-CORR-F03-S20260927,2500e6093eb81946536b9d443c1fd586c1ea170025d48cf50cf45292ee22d878
8e43f7bf2c2f56c6d06c03d586ad67b67a864e13f41a5baca9db23f2566b7e69,MITDB_P223,223,330000000,3,20260927,MODEL_V2_TCN_MEANMAX,MODEL_V2_OPTIMIZER_CORRECTED_V1,0,-6.429912090301514,0.0016099963104352355,11,V2-006-OPT-CORR-F03-S20260927,2500e6093eb81946536b9d443c1fd586c1ea170025d48cf50cf45292ee22d878
8e958cdc03dd64212f585430142168ffab9eae83369c84766709ef291486c2bc,MITDB_P114,114,260000000,3,20260927,MODEL_V2_TCN_MEANMAX,MODEL_V2_OPTIMIZER_CORRECTED_V1,1,10.864930152893066,0.9999809265136719,11,V2-006-OPT-CORR-F03-S20260927,2500e6093eb81946536b9d443c1fd586c1ea170025d48cf50cf45292ee22d878
8e9a0e3357ef0785c38ad9d123c842f46a7870e45cd58631beeedd21d1b977bd,MITDB_P223,223,125000000,3,20260927,MODEL_V2_TCN_MEANMAX,MODEL_V2_OPTIMIZER_CORRECTED_V1,1,2.235483407974243,0.9033910036087036,11,V2-006-OPT-CORR-F03-S20260927,2500e6093eb81946536b9d443c1fd586c1ea170025d48cf50cf45292ee22d878
8eab0c9fcfc7e9e3f831368a0718c0653233dc2feb83b9b3025d64989e75f8bc,MITDB_P121,121,1385000000,3,20260927,MODEL_V2_TCN_MEANMAX,MODEL_V2_OPTIMIZER_CORRECTED_V1,0,-8.257062911987305,0.0002593525277916342,11,V2-006-OPT-CORR-F03-S20260927,2500e6093eb81946536b9d443c1fd586c1ea170025d48cf50cf45292ee22d878
8ede76f6262aef7d76126f816ee25b29d31289056b01cb4905a75c4fb03e3012,MITDB_P121,121,845000000,3,20260927,MODEL_V2_TCN_MEANMAX,MODEL_V2_OPTIMIZER_CORRECTED_V1,0,-6.443006992340088,0.0015890843933448195,11,V2-006-OPT-CORR-F03-S20260927,2500e6093eb81946536b9d443c1fd586c1ea170025d48cf50cf45292ee22d878
8f05934b44c88ea3794abf3dd48ba1b1b12934b7d1297a9c3250180f0169f55b,MITDB_P208,208,855000000,3,20260927,MODEL_V2_TCN_MEANMAX,MODEL_V2_OPTIMIZER_CORRECTED_V1,1,10.372746467590332,0.9999687671661377,11,V2-006-OPT-CORR-F03-S20260927,2500e6093eb81946536b9d443c1fd586c1ea170025d48cf50cf45292ee22d878
8f09a5298a81bb035ead9fec94b1b28bd1f1c6e36147e62cc227731951854dd9,MITDB_P114,114,370000000,3,20260927,MODEL_V2_TCN_MEANMAX,MODEL_V2_OPTIMIZER_CORRECTED_V1,1,-0.41207826137542725,0.39841389656066895,11,V2-006-OPT-CORR-F03-S20260927,2500e6093eb81946536b9d443c1fd586c1ea170025d48cf50cf45292ee22d878
8f10106b3a10f18a0f43aa6b3643f8488d03ce362bf850e6f014da5881c960b5,MITDB_P103,103,990000000,3,20260927,MODEL_V2_TCN_MEANMAX,MODEL_V2_OPTIMIZER_CORRECTED_V1,0,-5.921968936920166,0.0026727556250989437,11,V2-006-OPT-CORR-F03-S20260927,2500e6093eb81946536b9d443c1fd586c1ea170025d48cf50cf45292ee22d878
8f1f3ff9fdc7bfcf02e7e589721f00644275f949ea1f6e36d3b456cb96298c9f,MITDB_P223,223,1775000000,3,20260927,MODEL_V2_TCN_MEANMAX,MODEL_V2_OPTIMIZER_CORRECTED_V1,0,-4.161616325378418,0.015343268401920795,11,V2-006-OPT-CORR-F03-S20260927,2500e6093eb81946536b9d443c1fd586c1ea170025d48cf50cf45292ee22d878
8f25f10c66f5aa9ecd1fb7182b4f8971bea7c10ac40e5addc278d3527c77e523,MITDB_P208,208,885000000,3,20260927,MODEL_V2_TCN_MEANMAX,MODEL_V2_OPTIMIZER_CORRECTED_V1,1,12.031403541564941,0.9999940395355225,11,V2-006-OPT-CORR-F03-S20260927,2500e6093eb81946536b9d443c1fd586c1ea170025d48cf50cf45292ee22d878
8f505481fdb6854a084ecfc7dfd4355fa38c14883dc1d2969d203c0b67e512ec,MITDB_P223,223,120000000,3,20260927,MODEL_V2_TCN_MEANMAX,MODEL_V2_OPTIMIZER_CORRECTED_V1,1,-0.3801576495170593,0.4060888886451721,11,V2-006-OPT-CORR-F03-S20260927,2500e6093eb81946536b9d443c1fd586c1ea170025d48cf50cf45292ee22d878
8f88818e8e60e7c59dfc1713a5dac8a60206fb7d4ea8bd25b36fa53bd8fcc8f1,MITDB_P223,223,1260000000,3,20260927,MODEL_V2_TCN_MEANMAX,MODEL_V2_OPTIMIZER_CORRECTED_V1,0,-3.8005237579345703,0.021870065480470657,11,V2-006-OPT-CORR-F03-S20260927,2500e6093eb81946536b9d443c1fd586c1ea170025d48cf50cf45292ee22d878
8f9b42a46c9f21517d577cf80dded964d2b6f9a05b020d34ff186c38e442f5fb,MITDB_P114,114,1770000000,3,20260927,MODEL_V2_TCN_MEANMAX,MODEL_V2_OPTIMIZER_CORRECTED_V1,0,-2.224743366241455,0.09755042940378189,11,V2-006-OPT-CORR-F03-S20260927,2500e6093eb81946536b9d443c1fd586c1ea170025d48cf50cf45292ee22d878
8f9eb9974b5eacf2bf56e3cd74a1afceef0e7b6b47dd8e9738928d6e29f83be0,MITDB_P121,121,700000000,3,20260927,MODEL_V2_TCN_MEANMAX,MODEL_V2_OPTIMIZER_CORRECTED_V1,0,-7.505228519439697,0.0005498975515365601,11,V2-006-OPT-CORR-F03-S20260927,2500e6093eb81946536b9d443c1fd586c1ea170025d48cf50cf45292ee22d878
8ffc34d267c62391323edc8bfa5d0e044ae877e13eb3920953f284e93e9ea7af,MITDB_P223,223,365000000,3,20260927,MODEL_V2_TCN_MEANMAX,MODEL_V2_OPTIMIZER_CORRECTED_V1,0,-5.244511127471924,0.005248706322163343,11,V2-006-OPT-CORR-F03-S20260927,2500e6093eb81946536b9d443c1fd586c1ea170025d48cf50cf45292ee22d878
90150268faf3314fceb2ce6b840df91505e7e6f1b37f4509fd51f8cb47a6c34e,MITDB_P121,121,335000000,3,20260927,MODEL_V2_TCN_MEANMAX,MODEL_V2_OPTIMIZER_CORRECTED_V1,0,-7.767786979675293,0.0004229696933180094,11,V2-006-OPT-CORR-F03-S20260927,2500e6093eb81946536b9d443c1fd586c1ea170025d48cf50cf45292ee22d878
9044fee5e2df1a4305aaddfa9ff72ab50d8024be3602afe267577c3fb68168d1,MITDB_P208,208,565000000,3,20260927,MODEL_V2_TCN_MEANMAX,MODEL_V2_OPTIMIZER_CORRECTED_V1,1,10.360527992248535,0.9999682903289795,11,V2-006-OPT-CORR-F03-S20260927,2500e6093eb81946536b9d443c1fd586c1ea170025d48cf50cf45292ee22d878
9077cffefdfc798441a1fd8b5f8e442cfaf87030be1b0fe744e7662342a687d8,MITDB_P121,121,450000000,3,20260927,MODEL_V2_TCN_MEANMAX,MODEL_V2_OPTIMIZER_CORRECTED_V1,0,-7.036573886871338,0.0008783612283878028,11,V2-006-OPT-CORR-F03-S20260927,2500e6093eb81946536b9d443c1fd586c1ea170025d48cf50cf45292ee22d878
907a4b5e7e701427fcd36f0a82cdab42f2f3a14e1bce9e1a0f3368c66a31aa50,MITDB_P114,114,1250000000,3,20260927,MODEL_V2_TCN_MEANMAX,MODEL_V2_OPTIMIZER_CORRECTED_V1,0,-1.3415131568908691,0.207261323928833,11,V2-006-OPT-CORR-F03-S20260927,2500e6093eb81946536b9d443c1fd586c1ea170025d48cf50cf45292ee22d878
907b9ea282e0aa76cb0b861d9f03ac06ed203f0df4b22d5fb862839ea85bed4c,MITDB_P208,208,40000000,3,20260927,MODEL_V2_TCN_MEANMAX,MODEL_V2_OPTIMIZER_CORRECTED_V1,1,9.934043884277344,0.9999514818191528,11,V2-006-OPT-CORR-F03-S20260927,2500e6093eb81946536b9d443c1fd586c1ea170025d48cf50cf45292ee22d878
9092c2d5c1fd8563b708475f8491518b0e6e2d9e93bb90ddf888246ecb72c4ae,MITDB_P208,208,250000000,3,20260927,MODEL_V2_TCN_MEANMAX,MODEL_V2_OPTIMIZER_CORRECTED_V1,1,10.821228981018066,0.9999799728393555,11,V2-006-OPT-CORR-F03-S20260927,2500e6093eb81946536b9d443c1fd586c1ea170025d48cf50cf45292ee22d878
90bcfc519cf80d29c2a29a7f6644194bce2707d97e1c64577af6f02f1ae385b5,MITDB_P114,114,1600000000,3,20260927,MODEL_V2_TCN_MEANMAX,MODEL_V2_OPTIMIZER_CORRECTED_V1,1,1.2573410272598267,0.7785680294036865,11,V2-006-OPT-CORR-F03-S20260927,2500e6093eb81946536b9d443c1fd586c1ea170025d48cf50cf45292ee22d878
9131168eb0184573f0fae30b3ef17d3324af40408ca67a0222f9a9d29f2835eb,MITDB_P223,223,770000000,3,20260927,MODEL_V2_TCN_MEANMAX,MODEL_V2_OPTIMIZER_CORRECTED_V1,0,-4.162634372711182,0.015327895060181618,11,V2-006-OPT-CORR-F03-S20260927,2500e6093eb81946536b9d443c1fd586c1ea170025d48cf50cf45292ee22d878
91418d14316ae2d81c3cfc94eece42d1cb7c07d1c2442dbcbe2fa906613b8a95,MITDB_P121,121,675000000,3,20260927,MODEL_V2_TCN_MEANMAX,MODEL_V2_OPTIMIZER_CORRECTED_V1,0,-7.250161647796631,0.0007095557521097362,11,V2-006-OPT-CORR-F03-S20260927,2500e6093eb81946536b9d443c1fd586c1ea170025d48cf50cf45292ee22d878
917f12676abb584b09f478f641e68e4c246dee229bf0ea20d23783f44f894991,MITDB_P208,208,740000000,3,20260927,MODEL_V2_TCN_MEANMAX,MODEL_V2_OPTIMIZER_CORRECTED_V1,1,10.731072425842285,0.9999781847000122,11,V2-006-OPT-CORR-F03-S20260927,2500e6093eb81946536b9d443c1fd586c1ea170025d48cf50cf45292ee22d878
91abc8fec088877b297e8d87098998df50bae99014c273a9607c831f4c623887,MITDB_P208,208,685000000,3,20260927,MODEL_V2_TCN_MEANMAX,MODEL_V2_OPTIMIZER_CORRECTED_V1,1,8.516465187072754,0.999799907207489,11,V2-006-OPT-CORR-F03-S20260927,2500e6093eb81946536b9d443c1fd586c1ea170025d48cf50cf45292ee22d878
923a2a3ab144098a176b085edc5d13aee917ba4a2fb08e503211b529c6659d25,MITDB_P103,103,150000000,3,20260927,MODEL_V2_TCN_MEANMAX,MODEL_V2_OPTIMIZER_CORRECTED_V1,0,-6.563114166259766,0.0014094938524067402,11,V2-006-OPT-CORR-F03-S20260927,2500e6093eb81946536b9d443c1fd586c1ea170025d48cf50cf45292ee22d878
9288cb8b6ac2cb8d9c01437d0205ed1f383b831abf701118b9edc5fcce30b22b,MITDB_P121,121,1380000000,3,20260927,MODEL_V2_TCN_MEANMAX,MODEL_V2_OPTIMIZER_CORRECTED_V1,0,-7.335435390472412,0.0006515950663015246,11,V2-006-OPT-CORR-F03-S20260927,2500e6093eb81946536b9d443c1fd586c1ea170025d48cf50cf45292ee22d878
92ae4af049bd44b80da9ece5736d09c01185e6e1ac4887ee99072b21b91a09dc,MITDB_P223,223,1315000000,3,20260927,MODEL_V2_TCN_MEANMAX,MODEL_V2_OPTIMIZER_CORRECTED_V1,1,3.2759649753570557,0.9635949730873108,11,V2-006-OPT-CORR-F03-S20260927,2500e6093eb81946536b9d443c1fd586c1ea170025d48cf50cf45292ee22d878
92af8ca7bd0491da10496eeadc1b0261b014bedeac76075868d4ae40c3431b7c,MITDB_P208,208,650000000,3,20260927,MODEL_V2_TCN_MEANMAX,MODEL_V2_OPTIMIZER_CORRECTED_V1,1,8.708524703979492,0.9998347759246826,11,V2-006-OPT-CORR-F03-S20260927,2500e6093eb81946536b9d443c1fd586c1ea170025d48cf50cf45292ee22d878
92b0a12e12e597ff76cc139c4d14e864c15c947f6d8a86e9c75a9dee203a6df9,MITDB_P103,103,930000000,3,20260927,MODEL_V2_TCN_MEANMAX,MODEL_V2_OPTIMIZER_CORRECTED_V1,0,-6.087843894958496,0.002265156013891101,11,V2-006-OPT-CORR-F03-S20260927,2500e6093eb81946536b9d443c1fd586c1ea170025d48cf50cf45292ee22d878
92c20da016f5d3b98d7d9b06e3c3dce38f80d9444e5b03a7505bf173d7e1facf,MITDB_P103,103,1345000000,3,20260927,MODEL_V2_TCN_MEANMAX,MODEL_V2_OPTIMIZER_CORRECTED_V1,0,-6.096136569976807,0.0022464916110038757,11,V2-006-OPT-CORR-F03-S20260927,2500e6093eb81946536b9d443c1fd586c1ea170025d48cf50cf45292ee22d878
92d0788966ba68f1197c1eab9afdd03e915894edf4772f49e1b23d720994e4ad,MITDB_P103,103,765000000,3,20260927,MODEL_V2_TCN_MEANMAX,MODEL_V2_OPTIMIZER_CORRECTED_V1,0,-6.189748764038086,0.0020461464300751686,11,V2-006-OPT-CORR-F03-S20260927,2500e6093eb81946536b9d443c1fd586c1ea170025d48cf50cf45292ee22d878
92dbee1868cb47181adc96415c4916d7c8607487de53dd80cce1471fbd6b7171,MITDB_P208,208,1095000000,3,20260927,MODEL_V2_TCN_MEANMAX,MODEL_V2_OPTIMIZER_CORRECTED_V1,1,10.621702194213867,0.9999755620956421,11,V2-006-OPT-CORR-F03-S20260927,2500e6093eb81946536b9d443c1fd586c1ea170025d48cf50cf45292ee22d878
92ed24aa79748ebb18e12f2907f8824ef14655e44b00710d2ee818d144dc745b,MITDB_P103,103,1580000000,3,20260927,MODEL_V2_TCN_MEANMAX,MODEL_V2_OPTIMIZER_CORRECTED_V1,0,-6.550907611846924,0.0014267796650528908,11,V2-006-OPT-CORR-F03-S20260927,2500e6093eb81946536b9d443c1fd586c1ea170025d48cf50cf45292ee22d878
92f3d56d5dc05d245d6418076b6642f48d944f449d3802e8e5778b3e824d2943,MITDB_P208,208,710000000,3,20260927,MODEL_V2_TCN_MEANMAX,MODEL_V2_OPTIMIZER_CORRECTED_V1,1,8.521876335144043,0.999800980091095,11,V2-006-OPT-CORR-F03-S20260927,2500e6093eb81946536b9d443c1fd586c1ea170025d48cf50cf45292ee22d878
92fd91228f6e514d3e7e90121650e61b31e2460d3e1f811c2f76d0c44686b541,MITDB_P103,103,1670000000,3,20260927,MODEL_V2_TCN_MEANMAX,MODEL_V2_OPTIMIZER_CORRECTED_V1,0,-6.140876293182373,0.002148410538211465,11,V2-006-OPT-CORR-F03-S20260927,2500e6093eb81946536b9d443c1fd586c1ea170025d48cf50cf45292ee22d878
931e70e4179d026715f4e6c4f4d55039fa85b5e51394ece309ef5bda73cb45e9,MITDB_P114,114,1050000000,3,20260927,MODEL_V2_TCN_MEANMAX,MODEL_V2_OPTIMIZER_CORRECTED_V1,0,-3.002828359603882,0.047298263758420944,11,V2-006-OPT-CORR-F03-S20260927,2500e6093eb81946536b9d443c1fd586c1ea170025d48cf50cf45292ee22d878
933e458d3c13e4072ce2801c1913c1bdd2ace503db5c11f8b2981014f940a9c5,MITDB_P114,114,1430000000,3,20260927,MODEL_V2_TCN_MEANMAX,MODEL_V2_OPTIMIZER_CORRECTED_V1,0,-0.45909130573272705,0.3872014284133911,11,V2-006-OPT-CORR-F03-S20260927,2500e6093eb81946536b9d443c1fd586c1ea170025d48cf50cf45292ee22d878
9358b8814277fd05bcac4befae904e15bd5025f975cd7fab6f7f67efc8ca46fc,MITDB_P121,121,1420000000,3,20260927,MODEL_V2_TCN_MEANMAX,MODEL_V2_OPTIMIZER_CORRECTED_V1,0,-7.593904972076416,0.0005032576154917479,11,V2-006-OPT-CORR-F03-S20260927,2500e6093eb81946536b9d443c1fd586c1ea170025d48cf50cf45292ee22d878
93778e4dc3595911b4d04a0ce8d52e96c7c0c2600e3659c703c45581f186ee33,MITDB_P103,103,635000000,3,20260927,MODEL_V2_TCN_MEANMAX,MODEL_V2_OPTIMIZER_CORRECTED_V1,0,-5.987091541290283,0.0025046675000339746,11,V2-006-OPT-CORR-F03-S20260927,2500e6093eb81946536b9d443c1fd586c1ea170025d48cf50cf45292ee22d878
937f1896251877ea7d37d78f693f4523c3610b35bfac3f95e280961fc18b4b79,MITDB_P114,114,1100000000,3,20260927,MODEL_V2_TCN_MEANMAX,MODEL_V2_OPTIMIZER_CORRECTED_V1,0,-2.9761064052581787,0.04851705580949783,11,V2-006-OPT-CORR-F03-S20260927,2500e6093eb81946536b9d443c1fd586c1ea170025d48cf50cf45292ee22d878
93a3f70f65a90ad5770bc1fa304540f4963c1ab751cbbb767483c80c7e25c8f3,MITDB_P121,121,980000000,3,20260927,MODEL_V2_TCN_MEANMAX,MODEL_V2_OPTIMIZER_CORRECTED_V1,0,-7.3021979331970215,0.0006736015784554183,11,V2-006-OPT-CORR-F03-S20260927,2500e6093eb81946536b9d443c1fd586c1ea170025d48cf50cf45292ee22d878
93b259826ea76983a5c2718c82d9f6435cc5f9649f1d16434ffce7d5425a8660,MITDB_P103,103,320000000,3,20260927,MODEL_V2_TCN_MEANMAX,MODEL_V2_OPTIMIZER_CORRECTED_V1,0,-6.06161642074585,0.0023252114187926054,11,V2-006-OPT-CORR-F03-S20260927,2500e6093eb81946536b9d443c1fd586c1ea170025d48cf50cf45292ee22d878
93e80a56fd3b6106e889f770cbccf0de92b5593a0ee2b1643986843e5db22e07,MITDB_P114,114,1590000000,3,20260927,MODEL_V2_TCN_MEANMAX,MODEL_V2_OPTIMIZER_CORRECTED_V1,0,-1.0281447172164917,0.2634439468383789,11,V2-006-OPT-CORR-F03-S20260927,2500e6093eb81946536b9d443c1fd586c1ea170025d48cf50cf45292ee22d878
940d6959df5ba3fc62586e899d4880f56cee3f32b5bb1b16494c0e897a16e0e2,MITDB_P114,114,70000000,3,20260927,MODEL_V2_TCN_MEANMAX,MODEL_V2_OPTIMIZER_CORRECTED_V1,0,-5.526987552642822,0.00396219315007329,11,V2-006-OPT-CORR-F03-S20260927,2500e6093eb81946536b9d443c1fd586c1ea170025d48cf50cf45292ee22d878
9416623aaccadb4ac61d8ed92d75ead30b9e6409403440801076b0838ee1c0d1,MITDB_P114,114,1555000000,3,20260927,MODEL_V2_TCN_MEANMAX,MODEL_V2_OPTIMIZER_CORRECTED_V1,0,-2.0722901821136475,0.11181938648223877,11,V2-006-OPT-CORR-F03-S20260927,2500e6093eb81946536b9d443c1fd586c1ea170025d48cf50cf45292ee22d878
946dc47b86ebcce3c99e8f308852163fc14a8502d234b2d7cb49db4fb45b0c66,MITDB_P121,121,225000000,3,20260927,MODEL_V2_TCN_MEANMAX,MODEL_V2_OPTIMIZER_CORRECTED_V1,0,-6.397149085998535,0.0016635290812700987,11,V2-006-OPT-CORR-F03-S20260927,2500e6093eb81946536b9d443c1fd586c1ea170025d48cf50cf45292ee22d878
9471655c0030f25d1970b23845e50fcb52dcd198e61513d5e6fbaa1e6140ccec,MITDB_P223,223,985000000,3,20260927,MODEL_V2_TCN_MEANMAX,MODEL_V2_OPTIMIZER_CORRECTED_V1,1,-0.6132258772850037,0.3513236939907074,11,V2-006-OPT-CORR-F03-S20260927,2500e6093eb81946536b9d443c1fd586c1ea170025d48cf50cf45292ee22d878
949a25a17cdebf1e513595ef8a1ce6ff7465b7e2469858d0d95c4699d9896609,MITDB_P208,208,1740000000,3,20260927,MODEL_V2_TCN_MEANMAX,MODEL_V2_OPTIMIZER_CORRECTED_V1,1,11.280863761901855,0.9999873638153076,11,V2-006-OPT-CORR-F03-S20260927,2500e6093eb81946536b9d443c1fd586c1ea170025d48cf50cf45292ee22d878
94a547e52de0ba32e5217811fbb4e1c6321dc8c4b7b27d5de811acc435a01fd2,MITDB_P103,103,895000000,3,20260927,MODEL_V2_TCN_MEANMAX,MODEL_V2_OPTIMIZER_CORRECTED_V1,0,-6.414682865142822,0.0016346625052392483,11,V2-006-OPT-CORR-F03-S20260927,2500e6093eb81946536b9d443c1fd586c1ea170025d48cf50cf45292ee22d878
94bf4341c8123fd3150adc3735ac8688ca6807652a019b256ff16b181a2870e2,MITDB_P121,121,1530000000,3,20260927,MODEL_V2_TCN_MEANMAX,MODEL_V2_OPTIMIZER_CORRECTED_V1,0,-4.7941813468933105,0.008209813386201859,11,V2-006-OPT-CORR-F03-S20260927,2500e6093eb81946536b9d443c1fd586c1ea170025d48cf50cf45292ee22d878
952b9835929a5ee260e560595e9a8f846de21dea97685c35e7b337fac33b67ec,MITDB_P208,208,895000000,3,20260927,MODEL_V2_TCN_MEANMAX,MODEL_V2_OPTIMIZER_CORRECTED_V1,1,10.374634742736816,0.9999687671661377,11,V2-006-OPT-CORR-F03-S20260927,2500e6093eb81946536b9d443c1fd586c1ea170025d48cf50cf45292ee22d878
954ce94bee17db0d2c185be3923453e1be55decc6951222ccccfb60aed9eff41,MITDB_P208,208,180000000,3,20260927,MODEL_V2_TCN_MEANMAX,MODEL_V2_OPTIMIZER_CORRECTED_V1,1,11.013995170593262,0.999983549118042,11,V2-006-OPT-CORR-F03-S20260927,2500e6093eb81946536b9d443c1fd586c1ea170025d48cf50cf45292ee22d878
9573eff136c3018d95cba9da3cd09fe2bc4572f15d334ad2a3db503d7bfd8f55,MITDB_P103,103,1785000000,3,20260927,MODEL_V2_TCN_MEANMAX,MODEL_V2_OPTIMIZER_CORRECTED_V1,0,-6.277510166168213,0.0018745504785329103,11,V2-006-OPT-CORR-F03-S20260927,2500e6093eb81946536b9d443c1fd586c1ea170025d48cf50cf45292ee22d878
9574fbe717fe75d7787e2fb3bc3937af449f3b4c517b4aa39d83a08a1b2ef485,MITDB_P103,103,175000000,3,20260927,MODEL_V2_TCN_MEANMAX,MODEL_V2_OPTIMIZER_CORRECTED_V1,0,-6.794835567474365,0.001118290121667087,11,V2-006-OPT-CORR-F03-S20260927,2500e6093eb81946536b9d443c1fd586c1ea170025d48cf50cf45292ee22d878
95a8e1ffa4aa471a15115270c9a0ebb03ced4a1b7de2594f851ee2087f2ba638,MITDB_P208,208,1585000000,3,20260927,MODEL_V2_TCN_MEANMAX,MODEL_V2_OPTIMIZER_CORRECTED_V1,1,10.423053741455078,0.9999703168869019,11,V2-006-OPT-CORR-F03-S20260927,2500e6093eb81946536b9d443c1fd586c1ea170025d48cf50cf45292ee22d878
95adf2f47cf6c745c2c61756363f80ebf8cd033c641646a0c6ba08ad6b4cfee1,MITDB_P114,114,865000000,3,20260927,MODEL_V2_TCN_MEANMAX,MODEL_V2_OPTIMIZER_CORRECTED_V1,0,-0.9381577372550964,0.28127261996269226,11,V2-006-OPT-CORR-F03-S20260927,2500e6093eb81946536b9d443c1fd586c1ea170025d48cf50cf45292ee22d878
95b9a787d20249d349147dafe64eff01e59029138dc5ece9c9b1b84f2716fdfa,MITDB_P121,121,1090000000,3,20260927,MODEL_V2_TCN_MEANMAX,MODEL_V2_OPTIMIZER_CORRECTED_V1,0,-8.10815715789795,0.0003009825886692852,11,V2-006-OPT-CORR-F03-S20260927,2500e6093eb81946536b9d443c1fd586c1ea170025d48cf50cf45292ee22d878
95c1925749c6e7810ef8466e0d35933bcea54db57e9f82efb4dff5543353dce7,MITDB_P121,121,1300000000,3,20260927,MODEL_V2_TCN_MEANMAX,MODEL_V2_OPTIMIZER_CORRECTED_V1,0,-7.714439868927002,0.0004461362841539085,11,V2-006-OPT-CORR-F03-S20260927,2500e6093eb81946536b9d443c1fd586c1ea170025d48cf50cf45292ee22d878
95e7f7ec69c771e17b96317e493d173535e22152f1d2911d402c06bfd3e0d4a9,MITDB_P114,114,925000000,3,20260927,MODEL_V2_TCN_MEANMAX,MODEL_V2_OPTIMIZER_CORRECTED_V1,0,-2.6436288356781006,0.06638278067111969,11,V2-006-OPT-CORR-F03-S20260927,2500e6093eb81946536b9d443c1fd586c1ea170025d48cf50cf45292ee22d878
95ed1d59f8fbbc09bdbaf1ca4bbbc11c2397af0b30690a1e933ec1b8cd7b78a0,MITDB_P114,114,1150000000,3,20260927,MODEL_V2_TCN_MEANMAX,MODEL_V2_OPTIMIZER_CORRECTED_V1,0,-3.1928629875183105,0.03943518549203873,11,V2-006-OPT-CORR-F03-S20260927,2500e6093eb81946536b9d443c1fd586c1ea170025d48cf50cf45292ee22d878
95f41b25a3712188c6f759658fc37970b77faf3685e8c681f755a9bbf7cff9ca,MITDB_P121,121,890000000,3,20260927,MODEL_V2_TCN_MEANMAX,MODEL_V2_OPTIMIZER_CORRECTED_V1,0,-7.528444766998291,0.0005372848245315254,11,V2-006-OPT-CORR-F03-S20260927,2500e6093eb81946536b9d443c1fd586c1ea170025d48cf50cf45292ee22d878
95fcce492ef201c220f0dfeb68f37202980168a6134cff0f10412772aae1e950,MITDB_P103,103,700000000,3,20260927,MODEL_V2_TCN_MEANMAX,MODEL_V2_OPTIMIZER_CORRECTED_V1,0,-6.955179691314697,0.0009527739603072405,11,V2-006-OPT-CORR-F03-S20260927,2500e6093eb81946536b9d443c1fd586c1ea170025d48cf50cf45292ee22d878
96006c8b216a10352988e73b089374196cec2164f9290ca566189ff8d1d38e31,MITDB_P121,121,1165000000,3,20260927,MODEL_V2_TCN_MEANMAX,MODEL_V2_OPTIMIZER_CORRECTED_V1,0,-7.5291266441345215,0.0005369188147597015,11,V2-006-OPT-CORR-F03-S20260927,2500e6093eb81946536b9d443c1fd586c1ea170025d48cf50cf45292ee22d878
96090251e6d4df7ce3e0d5613b4d3e9eeaf19d6f9605dbf2c874d280d06029d4,MITDB_P114,114,345000000,3,20260927,MODEL_V2_TCN_MEANMAX,MODEL_V2_OPTIMIZER_CORRECTED_V1,1,13.358773231506348,0.9999984502792358,11,V2-006-OPT-CORR-F03-S20260927,2500e6093eb81946536b9d443c1fd586c1ea170025d48cf50cf45292ee22d878
96197a343b39e6d33f629e81f6460a85fc489f1ee63349ff1e91067a6f29db03,MITDB_P208,208,1570000000,3,20260927,MODEL_V2_TCN_MEANMAX,MODEL_V2_OPTIMIZER_CORRECTED_V1,1,7.728145122528076,0.9995599389076233,11,V2-006-OPT-CORR-F03-S20260927,2500e6093eb81946536b9d443c1fd586c1ea170025d48cf50cf45292ee22d878
961d5f04450a41c5200c866734e74409719d4c0e395c2565a325f52381d45834,MITDB_P208,208,1290000000,3,20260927,MODEL_V2_TCN_MEANMAX,MODEL_V2_OPTIMIZER_CORRECTED_V1,1,7.042453765869141,0.9991268515586853,11,V2-006-OPT-CORR-F03-S20260927,2500e6093eb81946536b9d443c1fd586c1ea170025d48cf50cf45292ee22d878
9621f3fc0311968c878e6c779f84dd980cd0cc01a97b727909d0a80b06fa509c,MITDB_P208,208,1180000000,3,20260927,MODEL_V2_TCN_MEANMAX,MODEL_V2_OPTIMIZER_CORRECTED_V1,1,6.125741958618164,0.9978189468383789,11,V2-006-OPT-CORR-F03-S20260927,2500e6093eb81946536b9d443c1fd586c1ea170025d48cf50cf45292ee22d878
963f95bcaa86f518c9e5847648d7af1f18a066164126ce5a4477581ecd6fecf0,MITDB_P121,121,740000000,3,20260927,MODEL_V2_TCN_MEANMAX,MODEL_V2_OPTIMIZER_CORRECTED_V1,0,-6.707692623138428,0.0012199891498312354,11,V2-006-OPT-CORR-F03-S20260927,2500e6093eb81946536b9d443c1fd586c1ea170025d48cf50cf45292ee22d878
9648417fbe0e8107e893d0f86abe81022ca75a1c01e1ab48a31567449209c976,MITDB_P208,208,545000000,3,20260927,MODEL_V2_TCN_MEANMAX,MODEL_V2_OPTIMIZER_CORRECTED_V1,1,9.686802864074707,0.999937891960144,11,V2-006-OPT-CORR-F03-S20260927,2500e6093eb81946536b9d443c1fd586c1ea170025d48cf50cf45292ee22d878
96abcfcf70f4d45e83542ddd461717ff98830a14e32f43938663985d52eb0f46,MITDB_P223,223,470000000,3,20260927,MODEL_V2_TCN_MEANMAX,MODEL_V2_OPTIMIZER_CORRECTED_V1,1,-1.651573657989502,0.16089637577533722,11,V2-006-OPT-CORR-F03-S20260927,2500e6093eb81946536b9d443c1fd586c1ea170025d48cf50cf45292ee22d878
96ced8a702271433887a408567540b34c4aa754d2397ba27035237c367bd59a4,MITDB_P208,208,795000000,3,20260927,MODEL_V2_TCN_MEANMAX,MODEL_V2_OPTIMIZER_CORRECTED_V1,1,9.132198333740234,0.9998918771743774,11,V2-006-OPT-CORR-F03-S20260927,2500e6093eb81946536b9d443c1fd586c1ea170025d48cf50cf45292ee22d878
96cfbceffdc19cfe27d495c18d7690f02e1fc9771a1b7f3b432c94b901c8ce95,MITDB_P208,208,485000000,3,20260927,MODEL_V2_TCN_MEANMAX,MODEL_V2_OPTIMIZER_CORRECTED_V1,1,9.666731834411621,0.9999366998672485,11,V2-006-OPT-CORR-F03-S20260927,2500e6093eb81946536b9d443c1fd586c1ea170025d48cf50cf45292ee22d878
96f639f81bff0f4222ca8911ba44cbcc5d57cc537dcf2658a251b7eae9e65fe5,MITDB_P103,103,335000000,3,20260927,MODEL_V2_TCN_MEANMAX,MODEL_V2_OPTIMIZER_CORRECTED_V1,0,-6.14194917678833,0.0021461115684360266,11,V2-006-OPT-CORR-F03-S20260927,2500e6093eb81946536b9d443c1fd586c1ea170025d48cf50cf45292ee22d878
9709eb4613bcb7f70c09da9980d7b071641b254726754ee470ea5c1ab94e8b09,MITDB_P223,223,780000000,3,20260927,MODEL_V2_TCN_MEANMAX,MODEL_V2_OPTIMIZER_CORRECTED_V1,0,-3.825798749923706,0.021335871890187263,11,V2-006-OPT-CORR-F03-S20260927,2500e6093eb81946536b9d443c1fd586c1ea170025d48cf50cf45292ee22d878
97673610ec5853a3a86b2341730d1b1fb244ed105001deadca112c46ddd1e7cc,MITDB_P121,121,1480000000,3,20260927,MODEL_V2_TCN_MEANMAX,MODEL_V2_OPTIMIZER_CORRECTED_V1,0,-2.0714588165283203,0.11190198361873627,11,V2-006-OPT-CORR-F03-S20260927,2500e6093eb81946536b9d443c1fd586c1ea170025d48cf50cf45292ee22d878
97c995ab8cc17b3b8817244813d4395dbd22bd80bbb19c626c6e707972355bbe,MITDB_P223,223,240000000,3,20260927,MODEL_V2_TCN_MEANMAX,MODEL_V2_OPTIMIZER_CORRECTED_V1,0,-6.535115718841553,0.0014494570204988122,11,V2-006-OPT-CORR-F03-S20260927,2500e6093eb81946536b9d443c1fd586c1ea170025d48cf50cf45292ee22d878
97d89c7ae10bdf52e35a9fd310e0e9c28c74853c72731a12cfd2b7eefe257044,MITDB_P103,103,640000000,3,20260927,MODEL_V2_TCN_MEANMAX,MODEL_V2_OPTIMIZER_CORRECTED_V1,0,-6.008795738220215,0.0024510230869054794,11,V2-006-OPT-CORR-F03-S20260927,2500e6093eb81946536b9d443c1fd586c1ea170025d48cf50cf45292ee22d878
97f8396924da93d13d0ffb5a48af8fc53c3122b44011aa38bc3009c40feb14a6,MITDB_P223,223,1060000000,3,20260927,MODEL_V2_TCN_MEANMAX,MODEL_V2_OPTIMIZER_CORRECTED_V1,1,-1.5873370170593262,0.1697589010000229,11,V2-006-OPT-CORR-F03-S20260927,2500e6093eb81946536b9d443c1fd586c1ea170025d48cf50cf45292ee22d878
9811e77756d05d6a5037df15f4d18daaac38c236d760ec9cace49cae73a3ffb2,MITDB_P114,114,1660000000,3,20260927,MODEL_V2_TCN_MEANMAX,MODEL_V2_OPTIMIZER_CORRECTED_V1,0,-1.3399968147277832,0.2075105905532837,11,V2-006-OPT-CORR-F03-S20260927,2500e6093eb81946536b9d443c1fd586c1ea170025d48cf50cf45292ee22d878
981e68f764b183fa6ed71bd3a43bc598e7dcca98ac9ff976698bc18d0158c5a1,MITDB_P114,114,470000000,3,20260927,MODEL_V2_TCN_MEANMAX,MODEL_V2_OPTIMIZER_CORRECTED_V1,1,-3.433804512023926,0.031255532056093216,11,V2-006-OPT-CORR-F03-S20260927,2500e6093eb81946536b9d443c1fd586c1ea170025d48cf50cf45292ee22d878
9830526ee023f5128830297433c788423639f7bcaf62c7f21e40fc2daaee805b,MITDB_P114,114,270000000,3,20260927,MODEL_V2_TCN_MEANMAX,MODEL_V2_OPTIMIZER_CORRECTED_V1,1,7.563282489776611,0.9994811415672302,11,V2-006-OPT-CORR-F03-S20260927,2500e6093eb81946536b9d443c1fd586c1ea170025d48cf50cf45292ee22d878
983c16243202a970d58ab5a710811ce4fed49594951b32b155aa2fed528a04bf,MITDB_P121,121,35000000,3,20260927,MODEL_V2_TCN_MEANMAX,MODEL_V2_OPTIMIZER_CORRECTED_V1,0,-7.740148544311523,0.0004348178335931152,11,V2-006-OPT-CORR-F03-S20260927,2500e6093eb81946536b9d443c1fd586c1ea170025d48cf50cf45292ee22d878
98e8e3a7d8ebe6e758aa4741ab822f322193cc8c7f30e011a8b3ac502a441460,MITDB_P208,208,1350000000,3,20260927,MODEL_V2_TCN_MEANMAX,MODEL_V2_OPTIMIZER_CORRECTED_V1,1,9.578776359558105,0.9999308586120605,11,V2-006-OPT-CORR-F03-S20260927,2500e6093eb81946536b9d443c1fd586c1ea170025d48cf50cf45292ee22d878
98fbf9d8f64b6f64633ebc2777d0c1e29d3b035d4fee70bedf22b4b3119fd361,MITDB_P103,103,1605000000,3,20260927,MODEL_V2_TCN_MEANMAX,MODEL_V2_OPTIMIZER_CORRECTED_V1,0,-5.624313831329346,0.0035960604436695576,11,V2-006-OPT-CORR-F03-S20260927,2500e6093eb81946536b9d443c1fd586c1ea170025d48cf50cf45292ee22d878
9927bd3dd88938230b0cfbf9b3800ea2e8f563d46c420329d8936841d5b80381,MITDB_P103,103,1125000000,3,20260927,MODEL_V2_TCN_MEANMAX,MODEL_V2_OPTIMIZER_CORRECTED_V1,0,-5.365170955657959,0.004654891323298216,11,V2-006-OPT-CORR-F03-S20260927,2500e6093eb81946536b9d443c1fd586c1ea170025d48cf50cf45292ee22d878
995bd3ba6f03bfc2704a5677894d964d0bd2cc033188a4085aee9ebd9a6f5d50,MITDB_P208,208,520000000,3,20260927,MODEL_V2_TCN_MEANMAX,MODEL_V2_OPTIMIZER_CORRECTED_V1,1,10.60373592376709,0.9999752044677734,11,V2-006-OPT-CORR-F03-S20260927,2500e6093eb81946536b9d443c1fd586c1ea170025d48cf50cf45292ee22d878
995ccc0b7a9a8c38548a5beb82ed429e68868a4bed9c95abf769361a0122d970,MITDB_P103,103,135000000,3,20260927,MODEL_V2_TCN_MEANMAX,MODEL_V2_OPTIMIZER_CORRECTED_V1,0,-5.550498008728027,0.00387048302218318,11,V2-006-OPT-CORR-F03-S20260927,2500e6093eb81946536b9d443c1fd586c1ea170025d48cf50cf45292ee22d878
99c2aacdfe4b2bc3f46faf0fbbf51eb7a335b3638d68697c657cc49d25be3869,MITDB_P121,121,65000000,3,20260927,MODEL_V2_TCN_MEANMAX,MODEL_V2_OPTIMIZER_CORRECTED_V1,0,-8.180974960327148,0.0002798505302052945,11,V2-006-OPT-CORR-F03-S20260927,2500e6093eb81946536b9d443c1fd586c1ea170025d48cf50cf45292ee22d878
99e3ed525246c29a27be8c8f2088f54755f63cf359ddeb31323d265465a0e0e1,MITDB_P223,223,620000000,3,20260927,MODEL_V2_TCN_MEANMAX,MODEL_V2_OPTIMIZER_CORRECTED_V1,1,-2.025655746459961,0.11653544008731842,11,V2-006-OPT-CORR-F03-S20260927,2500e6093eb81946536b9d443c1fd586c1ea170025d48cf50cf45292ee22d878
9a14294d79161654ede95dc8be6370167952a19dba8f96ec92e3559bb48ef13b,MITDB_P208,208,870000000,3,20260927,MODEL_V2_TCN_MEANMAX,MODEL_V2_OPTIMIZER_CORRECTED_V1,1,9.496164321899414,0.999924898147583,11,V2-006-OPT-CORR-F03-S20260927,2500e6093eb81946536b9d443c1fd586c1ea170025d48cf50cf45292ee22d878
9a215c65044f165d912746fe05bef81c1067f16bb884f8d2e59ef38166c97953,MITDB_P103,103,630000000,3,20260927,MODEL_V2_TCN_MEANMAX,MODEL_V2_OPTIMIZER_CORRECTED_V1,0,-6.259223461151123,0.0019090789137408137,11,V2-006-OPT-CORR-F03-S20260927,2500e6093eb81946536b9d443c1fd586c1ea170025d48cf50cf45292ee22d878
9a32a5ff275d2576ee2b85af3aab10904a907a6477655db4275ceaf924dc7a07,MITDB_P114,114,1310000000,3,20260927,MODEL_V2_TCN_MEANMAX,MODEL_V2_OPTIMIZER_CORRECTED_V1,0,-2.9173877239227295,0.05130068585276604,11,V2-006-OPT-CORR-F03-S20260927,2500e6093eb81946536b9d443c1fd586c1ea170025d48cf50cf45292ee22d878
9a61f57aad31e0e6fb3d2a8e8898f5e43f8a7392bf048192cd1a34fee2471f90,MITDB_P114,114,1775000000,3,20260927,MODEL_V2_TCN_MEANMAX,MODEL_V2_OPTIMIZER_CORRECTED_V1,1,-1.6002724170684814,0.16794353723526,11,V2-006-OPT-CORR-F03-S20260927,2500e6093eb81946536b9d443c1fd586c1ea170025d48cf50cf45292ee22d878
9a81f56888051095f13032b1d1518e162de90ed9dcec14b604713f0e211d02e1,MITDB_P121,121,470000000,3,20260927,MODEL_V2_TCN_MEANMAX,MODEL_V2_OPTIMIZER_CORRECTED_V1,0,-6.569543361663818,0.001400473527610302,11,V2-006-OPT-CORR-F03-S20260927,2500e6093eb81946536b9d443c1fd586c1ea170025d48cf50cf45292ee22d878
9ab38c4e635bde797aaf595322655aeb8d101bcfa152eda0ac6105e14a39c9b6,MITDB_P208,208,1400000000,3,20260927,MODEL_V2_TCN_MEANMAX,MODEL_V2_OPTIMIZER_CORRECTED_V1,1,9.016460418701172,0.9998786449432373,11,V2-006-OPT-CORR-F03-S20260927,2500e6093eb81946536b9d443c1fd586c1ea170025d48cf50cf45292ee22d878
9b32233b1e07b1749a823f53c7a2ba6acecf17d6d175e0dc0d948e8d3c5db786,MITDB_P223,223,660000000,3,20260927,MODEL_V2_TCN_MEANMAX,MODEL_V2_OPTIMIZER_CORRECTED_V1,0,-4.22068452835083,0.014475954696536064,11,V2-006-OPT-CORR-F03-S20260927,2500e6093eb81946536b9d443c1fd586c1ea170025d48cf50cf45292ee22d878
9b67028b633942f867e0df06a9f1a7c09f18c24bda4197ba5afe74240cc566ac,MITDB_P121,121,850000000,3,20260927,MODEL_V2_TCN_MEANMAX,MODEL_V2_OPTIMIZER_CORRECTED_V1,0,-5.969415664672852,0.0025492191780358553,11,V2-006-OPT-CORR-F03-S20260927,2500e6093eb81946536b9d443c1fd586c1ea170025d48cf50cf45292ee22d878
9b82bb37d661076f8937c17142164e4daca16367976fcade70b41f02b2b85677,MITDB_P208,208,690000000,3,20260927,MODEL_V2_TCN_MEANMAX,MODEL_V2_OPTIMIZER_CORRECTED_V1,1,9.190966606140137,0.9998980760574341,11,V2-006-OPT-CORR-F03-S20260927,2500e6093eb81946536b9d443c1fd586c1ea170025d48cf50cf45292ee22d878
9bd3189d0ed311aab3bdba35f1b7dc141ce5ea23d24a4bb0923575f32498f22a,MITDB_P121,121,680000000,3,20260927,MODEL_V2_TCN_MEANMAX,MODEL_V2_OPTIMIZER_CORRECTED_V1,0,-8.119539260864258,0.0002975771785713732,11,V2-006-OPT-CORR-F03-S20260927,2500e6093eb81946536b9d443c1fd586c1ea170025d48cf50cf45292ee22d878
9bedf6093ea5fd49a1c1a27083b81e3bd49853033e53b3c8a695d980b74a4062,MITDB_P223,223,245000000,3,20260927,MODEL_V2_TCN_MEANMAX,MODEL_V2_OPTIMIZER_CORRECTED_V1,0,-6.963073253631592,0.0009452898520976305,11,V2-006-OPT-CORR-F03-S20260927,2500e6093eb81946536b9d443c1fd586c1ea170025d48cf50cf45292ee22d878
9c109872caee48589cd02f8d17d67f2173a203a5b3d1e2defa2f7bbcdf53e31c,MITDB_P103,103,1360000000,3,20260927,MODEL_V2_TCN_MEANMAX,MODEL_V2_OPTIMIZER_CORRECTED_V1,0,-6.260959148406982,0.0019057746976613998,11,V2-006-OPT-CORR-F03-S20260927,2500e6093eb81946536b9d443c1fd586c1ea170025d48cf50cf45292ee22d878
9c1ff60627c8ed870be2c2fbc133e87712793489e7b9a643ab3fcea1366f3195,MITDB_P208,208,945000000,3,20260927,MODEL_V2_TCN_MEANMAX,MODEL_V2_OPTIMIZER_CORRECTED_V1,1,10.549935340881348,0.9999737739562988,11,V2-006-OPT-CORR-F03-S20260927,2500e6093eb81946536b9d443c1fd586c1ea170025d48cf50cf45292ee22d878
9c38c1d397fa80a3bfa7890c5d047aed137aae97f1ec8503648f5781ec9887fb,MITDB_P121,121,590000000,3,20260927,MODEL_V2_TCN_MEANMAX,MODEL_V2_OPTIMIZER_CORRECTED_V1,0,-6.756161212921143,0.001162335160188377,11,V2-006-OPT-CORR-F03-S20260927,2500e6093eb81946536b9d443c1fd586c1ea170025d48cf50cf45292ee22d878
9c4181c32f2f179c0840af9cce1178ef6dfda3d0ad14e39b71f9c196568cc07d,MITDB_P223,223,475000000,3,20260927,MODEL_V2_TCN_MEANMAX,MODEL_V2_OPTIMIZER_CORRECTED_V1,1,-2.171795129776001,0.10231204330921173,11,V2-006-OPT-CORR-F03-S20260927,2500e6093eb81946536b9d443c1fd586c1ea170025d48cf50cf45292ee22d878
9c9801704ad67636d684aafe0ba30b6be1cf9d177e1907ded121a0b59905deb3,MITDB_P208,208,1125000000,3,20260927,MODEL_V2_TCN_MEANMAX,MODEL_V2_OPTIMIZER_CORRECTED_V1,1,9.422423362731934,0.999919056892395,11,V2-006-OPT-CORR-F03-S20260927,2500e6093eb81946536b9d443c1fd586c1ea170025d48cf50cf45292ee22d878
9cdd5d408819581dfed0d3cdb987e347293b7bcf8e66d84655509d2ff93d67f4,MITDB_P114,114,305000000,3,20260927,MODEL_V2_TCN_MEANMAX,MODEL_V2_OPTIMIZER_CORRECTED_V1,1,8.373417854309082,0.9997691512107849,11,V2-006-OPT-CORR-F03-S20260927,2500e6093eb81946536b9d443c1fd586c1ea170025d48cf50cf45292ee22d878
9ced44cae8be000836ab6be7ba89644bf8d1425b70aa0a5b54ec07d920a281f7,MITDB_P103,103,1220000000,3,20260927,MODEL_V2_TCN_MEANMAX,MODEL_V2_OPTIMIZER_CORRECTED_V1,0,-3.7761213779449463,0.0223982110619545,11,V2-006-OPT-CORR-F03-S20260927,2500e6093eb81946536b9d443c1fd586c1ea170025d48cf50cf45292ee22d878
9d01b98be967178892f023d145de9f9226418ae21f880c057cf3747e9083b506,MITDB_P208,208,415000000,3,20260927,MODEL_V2_TCN_MEANMAX,MODEL_V2_OPTIMIZER_CORRECTED_V1,1,11.605112075805664,0.9999909400939941,11,V2-006-OPT-CORR-F03-S20260927,2500e6093eb81946536b9d443c1fd586c1ea170025d48cf50cf45292ee22d878
9d11677c88d7e2a1e7d506912c1b1740fde5adf1e82e5f211d8dfa023dbd7c53,MITDB_P223,223,1585000000,3,20260927,MODEL_V2_TCN_MEANMAX,MODEL_V2_OPTIMIZER_CORRECTED_V1,0,-3.7190749645233154,0.02368195541203022,11,V2-006-OPT-CORR-F03-S20260927,2500e6093eb81946536b9d443c1fd586c1ea170025d48cf50cf45292ee22d878
9d59f597e1cb1286ed02985e4362f4b8b6683b3828bad2a25754e09235c641da,MITDB_P114,114,620000000,3,20260927,MODEL_V2_TCN_MEANMAX,MODEL_V2_OPTIMIZER_CORRECTED_V1,0,-2.685637950897217,0.06382616609334946,11,V2-006-OPT-CORR-F03-S20260927,2500e6093eb81946536b9d443c1fd586c1ea170025d48cf50cf45292ee22d878
9d5e537f3a469844e6aba6d5f8001c59d306d5f7e7eeb0358c3a924534014796,MITDB_P121,121,215000000,3,20260927,MODEL_V2_TCN_MEANMAX,MODEL_V2_OPTIMIZER_CORRECTED_V1,0,-7.2102437019348145,0.0007384313503280282,11,V2-006-OPT-CORR-F03-S20260927,2500e6093eb81946536b9d443c1fd586c1ea170025d48cf50cf45292ee22d878
9dadf7ebd217ef011ab9c0f1cd53c5a092617100b6f35991c24580214684568c,MITDB_P208,208,720000000,3,20260927,MODEL_V2_TCN_MEANMAX,MODEL_V2_OPTIMIZER_CORRECTED_V1,1,10.499687194824219,0.9999724626541138,11,V2-006-OPT-CORR-F03-S20260927,2500e6093eb81946536b9d443c1fd586c1ea170025d48cf50cf45292ee22d878
9dc099c4fb8473a3eae471a199da49cc8b481aa41bfce975aa05327267739f95,MITDB_P114,114,710000000,3,20260927,MODEL_V2_TCN_MEANMAX,MODEL_V2_OPTIMIZER_CORRECTED_V1,1,5.727104663848877,0.9967541098594666,11,V2-006-OPT-CORR-F03-S20260927,2500e6093eb81946536b9d443c1fd586c1ea170025d48cf50cf45292ee22d878
9e027b36a8b54125357806488875075d5277db8dca61c8e3133f84c817840754,MITDB_P114,114,705000000,3,20260927,MODEL_V2_TCN_MEANMAX,MODEL_V2_OPTIMIZER_CORRECTED_V1,1,5.822451591491699,0.9970484375953674,11,V2-006-OPT-CORR-F03-S20260927,2500e6093eb81946536b9d443c1fd586c1ea170025d48cf50cf45292ee22d878
9e029331ead2b7c0ac0258a4b22b403ecd3c431756dd06fe118e35ca5db115e1,MITDB_P208,208,15000000,3,20260927,MODEL_V2_TCN_MEANMAX,MODEL_V2_OPTIMIZER_CORRECTED_V1,1,9.529433250427246,0.999927282333374,11,V2-006-OPT-CORR-F03-S20260927,2500e6093eb81946536b9d443c1fd586c1ea170025d48cf50cf45292ee22d878
9e1e50495343c4b5a0cc1386e4fa9f908db4b3f7f31856c370f0509eddb38121,MITDB_P121,121,520000000,3,20260927,MODEL_V2_TCN_MEANMAX,MODEL_V2_OPTIMIZER_CORRECTED_V1,0,-6.403748989105225,0.00165260408539325,11,V2-006-OPT-CORR-F03-S20260927,2500e6093eb81946536b9d443c1fd586c1ea170025d48cf50cf45292ee22d878
9e317aec9cbb93900af0f09bfbf5174f7b1d101252f7e4433a959571d8ad713b,MITDB_P208,208,1715000000,3,20260927,MODEL_V2_TCN_MEANMAX,MODEL_V2_OPTIMIZER_CORRECTED_V1,1,11.78258228302002,0.9999923706054688,11,V2-006-OPT-CORR-F03-S20260927,2500e6093eb81946536b9d443c1fd586c1ea170025d48cf50cf45292ee22d878
9e56ce3ee1f5b4c46bfdebc38ae9cffed2f539abfc17e0e5a6afe7db14ad8052,MITDB_P223,223,705000000,3,20260927,MODEL_V2_TCN_MEANMAX,MODEL_V2_OPTIMIZER_CORRECTED_V1,1,1.4069766998291016,0.8032886385917664,11,V2-006-OPT-CORR-F03-S20260927,2500e6093eb81946536b9d443c1fd586c1ea170025d48cf50cf45292ee22d878
9ec818355e866a173e5917fa3059dbca406c0f3df410eaf92d48a4678852fb21,MITDB_P208,208,1145000000,3,20260927,MODEL_V2_TCN_MEANMAX,MODEL_V2_OPTIMIZER_CORRECTED_V1,1,6.829885959625244,0.998920202255249,11,V2-006-OPT-CORR-F03-S20260927,2500e6093eb81946536b9d443c1fd586c1ea170025d48cf50cf45292ee22d878
9eea83443f688ba207bd059d4b10ada7b89f3e9b5ae100c6e201e5f14529bdf3,MITDB_P223,223,1075000000,3,20260927,MODEL_V2_TCN_MEANMAX,MODEL_V2_OPTIMIZER_CORRECTED_V1,1,-0.8461734056472778,0.30023619532585144,11,V2-006-OPT-CORR-F03-S20260927,2500e6093eb81946536b9d443c1fd586c1ea170025d48cf50cf45292ee22d878
9f026fa9097e23028fa3da8cfc1a399d27627ee90430a16e71fa01f5ea5a8038,MITDB_P103,103,1350000000,3,20260927,MODEL_V2_TCN_MEANMAX,MODEL_V2_OPTIMIZER_CORRECTED_V1,0,-7.039226055145264,0.0008760368218645453,11,V2-006-OPT-CORR-F03-S20260927,2500e6093eb81946536b9d443c1fd586c1ea170025d48cf50cf45292ee22d878
9f0817f5030a262a82f3b83293df068881c97ec22d2dc3342ca75f76c7e81c05,MITDB_P114,114,1570000000,3,20260927,MODEL_V2_TCN_MEANMAX,MODEL_V2_OPTIMIZER_CORRECTED_V1,0,-2.009241819381714,0.1182360053062439,11,V2-006-OPT-CORR-F03-S20260927,2500e6093eb81946536b9d443c1fd586c1ea170025d48cf50cf45292ee22d878
9f3049596d1b52ba38a225e1066e2474b3ce1cad08140e291bce43299e0d755c,MITDB_P208,208,90000000,3,20260927,MODEL_V2_TCN_MEANMAX,MODEL_V2_OPTIMIZER_CORRECTED_V1,1,11.346370697021484,0.9999881982803345,11,V2-006-OPT-CORR-F03-S20260927,2500e6093eb81946536b9d443c1fd586c1ea170025d48cf50cf45292ee22d878
9f368ab38410011801484a77cdbe4e8b824f31ece768191773fe858f18a02a25,MITDB_P103,103,300000000,3,20260927,MODEL_V2_TCN_MEANMAX,MODEL_V2_OPTIMIZER_CORRECTED_V1,0,-6.60295295715332,0.001354519627057016,11,V2-006-OPT-CORR-F03-S20260927,2500e6093eb81946536b9d443c1fd586c1ea170025d48cf50cf45292ee22d878
9f695181b19ab27befb08bba7c75fab45285ce3c0b6fbb09fe33ad5ba3fe9d32,MITDB_P114,114,1500000000,3,20260927,MODEL_V2_TCN_MEANMAX,MODEL_V2_OPTIMIZER_CORRECTED_V1,0,-1.8478221893310547,0.13612879812717438,11,V2-006-OPT-CORR-F03-S20260927,2500e6093eb81946536b9d443c1fd586c1ea170025d48cf50cf45292ee22d878
9f76fd4c345b34512689b46952f19a0295e06c811fc58940c9ab161d2ad60658,MITDB_P208,208,80000000,3,20260927,MODEL_V2_TCN_MEANMAX,MODEL_V2_OPTIMIZER_CORRECTED_V1,1,10.201661109924316,0.9999629259109497,11,V2-006-OPT-CORR-F03-S20260927,2500e6093eb81946536b9d443c1fd586c1ea170025d48cf50cf45292ee22d878
9f783a43b94775497aeb9cd4b224aa9b5b5f59c84041164f051e64a87260e89f,MITDB_P114,114,1230000000,3,20260927,MODEL_V2_TCN_MEANMAX,MODEL_V2_OPTIMIZER_CORRECTED_V1,0,-0.14270330965518951,0.4643845856189728,11,V2-006-OPT-CORR-F03-S20260927,2500e6093eb81946536b9d443c1fd586c1ea170025d48cf50cf45292ee22d878
9f8aa3657f9c45aff2cfeb3744e99d62cc53dcc6de73b42e91e80b1be6721a85,MITDB_P114,114,1565000000,3,20260927,MODEL_V2_TCN_MEANMAX,MODEL_V2_OPTIMIZER_CORRECTED_V1,0,-3.3823373317718506,0.03285204991698265,11,V2-006-OPT-CORR-F03-S20260927,2500e6093eb81946536b9d443c1fd586c1ea170025d48cf50cf45292ee22d878
9fb6dcd1fe68da03be415c89793ada80627d5ff3bd319438549acc96b5058606,MITDB_P103,103,1710000000,3,20260927,MODEL_V2_TCN_MEANMAX,MODEL_V2_OPTIMIZER_CORRECTED_V1,0,-6.5009589195251465,0.0014997455291450024,11,V2-006-OPT-CORR-F03-S20260927,2500e6093eb81946536b9d443c1fd586c1ea170025d48cf50cf45292ee22d878
9fc31beee9c8982221d7cc6bde359590354c7de084f4cf8f309dda96d58dda1d,MITDB_P103,103,745000000,3,20260927,MODEL_V2_TCN_MEANMAX,MODEL_V2_OPTIMIZER_CORRECTED_V1,0,-6.890452861785889,0.0010164187988266349,11,V2-006-OPT-CORR-F03-S20260927,2500e6093eb81946536b9d443c1fd586c1ea170025d48cf50cf45292ee22d878
9fcbb4cf9989a9c380d4cd201e44bf35d4930e37083b7f81886c9359ee8f61ed,MITDB_P208,208,35000000,3,20260927,MODEL_V2_TCN_MEANMAX,MODEL_V2_OPTIMIZER_CORRECTED_V1,1,13.686131477355957,0.9999988079071045,11,V2-006-OPT-CORR-F03-S20260927,2500e6093eb81946536b9d443c1fd586c1ea170025d48cf50cf45292ee22d878
a004df88fe1877a58fda16fd6899805eefe5bc70c8bee0f026817642a9c0ff44,MITDB_P114,114,1260000000,3,20260927,MODEL_V2_TCN_MEANMAX,MODEL_V2_OPTIMIZER_CORRECTED_V1,0,-3.0282821655273438,0.04616440832614899,11,V2-006-OPT-CORR-F03-S20260927,2500e6093eb81946536b9d443c1fd586c1ea170025d48cf50cf45292ee22d878
a00992b34a81af93f1547a8e903594c531e3d6aa43bee803a39d653fff0641ba,MITDB_P121,121,10000000,3,20260927,MODEL_V2_TCN_MEANMAX,MODEL_V2_OPTIMIZER_CORRECTED_V1,0,-2.5608155727386475,0.0717032328248024,11,V2-006-OPT-CORR-F03-S20260927,2500e6093eb81946536b9d443c1fd586c1ea170025d48cf50cf45292ee22d878
a00dcca5e88ba40f182818bc8eab9f5ef573946c7df5b67701210b88d86291b1,MITDB_P114,114,1380000000,3,20260927,MODEL_V2_TCN_MEANMAX,MODEL_V2_OPTIMIZER_CORRECTED_V1,0,-2.3053390979766846,0.09068173915147781,11,V2-006-OPT-CORR-F03-S20260927,2500e6093eb81946536b9d443c1fd586c1ea170025d48cf50cf45292ee22d878
a039cbf73b9542930f353705326402282108351dc2834b20162e4ff8b6af3047,MITDB_P114,114,1765000000,3,20260927,MODEL_V2_TCN_MEANMAX,MODEL_V2_OPTIMIZER_CORRECTED_V1,0,-2.2236883640289307,0.09764333814382553,11,V2-006-OPT-CORR-F03-S20260927,2500e6093eb81946536b9d443c1fd586c1ea170025d48cf50cf45292ee22d878
a05728a1fde341fdd7e78c83efd00e795871e241257f800aa5ab8d14bc2bdff3,MITDB_P208,208,1495000000,3,20260927,MODEL_V2_TCN_MEANMAX,MODEL_V2_OPTIMIZER_CORRECTED_V1,1,10.208541870117188,0.9999631643295288,11,V2-006-OPT-CORR-F03-S20260927,2500e6093eb81946536b9d443c1fd586c1ea170025d48cf50cf45292ee22d878
a0a36abe9a681f6d99fc734a0c5280f44ad116b363379b1cf378bee2cf55a45b,MITDB_P208,208,900000000,3,20260927,MODEL_V2_TCN_MEANMAX,MODEL_V2_OPTIMIZER_CORRECTED_V1,1,8.564756393432617,0.9998093247413635,11,V2-006-OPT-CORR-F03-S20260927,2500e6093eb81946536b9d443c1fd586c1ea170025d48cf50cf45292ee22d878
a0d21ac41e15e2ac5d8904c9cb005c650c5f0f10bafdab21f74ec0c404a80c0c,MITDB_P121,121,1680000000,3,20260927,MODEL_V2_TCN_MEANMAX,MODEL_V2_OPTIMIZER_CORRECTED_V1,0,-8.535305976867676,0.00019637147488538176,11,V2-006-OPT-CORR-F03-S20260927,2500e6093eb81946536b9d443c1fd586c1ea170025d48cf50cf45292ee22d878
a0f519a4c6a07c49fe66e42dcaa7c6f3a42737de95b3113bac1595e66fdaeeb0,MITDB_P121,121,810000000,3,20260927,MODEL_V2_TCN_MEANMAX,MODEL_V2_OPTIMIZER_CORRECTED_V1,0,-7.829305171966553,0.0003977435699198395,11,V2-006-OPT-CORR-F03-S20260927,2500e6093eb81946536b9d443c1fd586c1ea170025d48cf50cf45292ee22d878
a10e2cc4740ea7cea8428f22cf5e88d89c7eb2a2179247f1b05b3428b55e5d65,MITDB_P114,114,995000000,3,20260927,MODEL_V2_TCN_MEANMAX,MODEL_V2_OPTIMIZER_CORRECTED_V1,1,5.558181285858154,0.9961589574813843,11,V2-006-OPT-CORR-F03-S20260927,2500e6093eb81946536b9d443c1fd586c1ea170025d48cf50cf45292ee22d878
a119ba32c0686da9429165eaf1a77ddfa193f570ca0c76ffe3bde44e5844e511,MITDB_P121,121,1750000000,3,20260927,MODEL_V2_TCN_MEANMAX,MODEL_V2_OPTIMIZER_CORRECTED_V1,0,-8.77319622039795,0.0001548039581393823,11,V2-006-OPT-CORR-F03-S20260927,2500e6093eb81946536b9d443c1fd586c1ea170025d48cf50cf45292ee22d878
a12276ab38008c3cf9ba0b970367e2a1b8e702a99e79a1ad19fc42a6e3abe6d8,MITDB_P103,103,855000000,3,20260927,MODEL_V2_TCN_MEANMAX,MODEL_V2_OPTIMIZER_CORRECTED_V1,0,-6.528594493865967,0.001458926359191537,11,V2-006-OPT-CORR-F03-S20260927,2500e6093eb81946536b9d443c1fd586c1ea170025d48cf50cf45292ee22d878
a13f6891a650dd9407dff639f8ce3f738663ba5897123acb835bfa6df7a029b5,MITDB_P103,103,530000000,3,20260927,MODEL_V2_TCN_MEANMAX,MODEL_V2_OPTIMIZER_CORRECTED_V1,0,-6.172491073608398,0.002081690588966012,11,V2-006-OPT-CORR-F03-S20260927,2500e6093eb81946536b9d443c1fd586c1ea170025d48cf50cf45292ee22d878
a16ac0447fb68237f49eb36ff1e62d7af3a5facbf70732c560fc78067cf2abd5,MITDB_P114,114,180000000,3,20260927,MODEL_V2_TCN_MEANMAX,MODEL_V2_OPTIMIZER_CORRECTED_V1,0,-5.6231536865234375,0.0036002194974571466,11,V2-006-OPT-CORR-F03-S20260927,2500e6093eb81946536b9d443c1fd586c1ea170025d48cf50cf45292ee22d878
a170bdb89c46efddc4839fc02852eb9e6079785544f799f0544d4255d73f1477,MITDB_P121,121,875000000,3,20260927,MODEL_V2_TCN_MEANMAX,MODEL_V2_OPTIMIZER_CORRECTED_V1,0,-8.471623420715332,0.00020928100275341421,11,V2-006-OPT-CORR-F03-S20260927,2500e6093eb81946536b9d443c1fd586c1ea170025d48cf50cf45292ee22d878
a179746c4c2f2b0ab54dcb153498521bc8b0bce8654ce92186ae8ed6ab7b694d,MITDB_P223,223,1805000000,3,20260927,MODEL_V2_TCN_MEANMAX,MODEL_V2_OPTIMIZER_CORRECTED_V1,1,-1.3498138189315796,0.20590080320835114,11,V2-006-OPT-CORR-F03-S20260927,2500e6093eb81946536b9d443c1fd586c1ea170025d48cf50cf45292ee22d878
a1a4f047d2ae08598bfd2ab512dc0ef5f99ac224fca2aaf784955324f63b2503,MITDB_P208,208,1575000000,3,20260927,MODEL_V2_TCN_MEANMAX,MODEL_V2_OPTIMIZER_CORRECTED_V1,1,8.023399353027344,0.9996724128723145,11,V2-006-OPT-CORR-F03-S20260927,2500e6093eb81946536b9d443c1fd586c1ea170025d48cf50cf45292ee22d878
a1f4d00c9aeac9691d703eae4ebaf966f4fc158410899600d61f637d7110497c,MITDB_P114,114,1510000000,3,20260927,MODEL_V2_TCN_MEANMAX,MODEL_V2_OPTIMIZER_CORRECTED_V1,0,-1.2328790426254272,0.22567792236804962,11,V2-006-OPT-CORR-F03-S20260927,2500e6093eb81946536b9d443c1fd586c1ea170025d48cf50cf45292ee22d878
a21c95e74b2bc023dbf285df5b73e85c575f14141d277db6f5b4eed67347300f,MITDB_P223,223,965000000,3,20260927,MODEL_V2_TCN_MEANMAX,MODEL_V2_OPTIMIZER_CORRECTED_V1,1,-2.099039077758789,0.10919025540351868,11,V2-006-OPT-CORR-F03-S20260927,2500e6093eb81946536b9d443c1fd586c1ea170025d48cf50cf45292ee22d878
a2231e2776341706807fa77af296f47df217883cea367e23527ef0d712612f32,MITDB_P103,103,710000000,3,20260927,MODEL_V2_TCN_MEANMAX,MODEL_V2_OPTIMIZER_CORRECTED_V1,0,-6.091490268707275,0.0022569301072508097,11,V2-006-OPT-CORR-F03-S20260927,2500e6093eb81946536b9d443c1fd586c1ea170025d48cf50cf45292ee22d878
a22a63378790b3b977d0e38dc154a41f0cfb02612521bc91777ab06cddbb5d17,MITDB_P121,121,1740000000,3,20260927,MODEL_V2_TCN_MEANMAX,MODEL_V2_OPTIMIZER_CORRECTED_V1,0,-8.43498706817627,0.0002170887601096183,11,V2-006-OPT-CORR-F03-S20260927,2500e6093eb81946536b9d443c1fd586c1ea170025d48cf50cf45292ee22d878
a25478758828528c1f9ef8d3c185c5e3da642f0ec40c66a9f1249d1fe5b862a9,MITDB_P114,114,1560000000,3,20260927,MODEL_V2_TCN_MEANMAX,MODEL_V2_OPTIMIZER_CORRECTED_V1,0,-3.392995834350586,0.03251508250832558,11,V2-006-OPT-CORR-F03-S20260927,2500e6093eb81946536b9d443c1fd586c1ea170025d48cf50cf45292ee22d878
a26a75b320fe05537f8e43d3da6325f367e9829ac95966b1d1d6c25a6eaa4dab,MITDB_P208,208,610000000,3,20260927,MODEL_V2_TCN_MEANMAX,MODEL_V2_OPTIMIZER_CORRECTED_V1,1,10.353724479675293,0.9999681711196899,11,V2-006-OPT-CORR-F03-S20260927,2500e6093eb81946536b9d443c1fd586c1ea170025d48cf50cf45292ee22d878
a2903da79878f22c79417125b3da392fd12ab1013a48053d4dee40dcf0dee2c7,MITDB_P208,208,645000000,3,20260927,MODEL_V2_TCN_MEANMAX,MODEL_V2_OPTIMIZER_CORRECTED_V1,1,9.293313026428223,0.9999079704284668,11,V2-006-OPT-CORR-F03-S20260927,2500e6093eb81946536b9d443c1fd586c1ea170025d48cf50cf45292ee22d878
a2e1a425a93d26ed7c3cfc28c2a3a54447820569071007cb62946c1173ddb104,MITDB_P103,103,130000000,3,20260927,MODEL_V2_TCN_MEANMAX,MODEL_V2_OPTIMIZER_CORRECTED_V1,0,-6.0657854080200195,0.002315560122951865,11,V2-006-OPT-CORR-F03-S20260927,2500e6093eb81946536b9d443c1fd586c1ea170025d48cf50cf45292ee22d878
a312e3ca3e2c3235cf955f202b78a5879a3ba19722ffa42d1bac523c4baad23e,MITDB_P121,121,1145000000,3,20260927,MODEL_V2_TCN_MEANMAX,MODEL_V2_OPTIMIZER_CORRECTED_V1,0,-8.558237075805664,0.00019192055333405733,11,V2-006-OPT-CORR-F03-S20260927,2500e6093eb81946536b9d443c1fd586c1ea170025d48cf50cf45292ee22d878
a33573f353aca0b13f2963d29fced1bda71e0db623d2b0cfa88f79edab2db460,MITDB_P103,103,975000000,3,20260927,MODEL_V2_TCN_MEANMAX,MODEL_V2_OPTIMIZER_CORRECTED_V1,0,-5.716445446014404,0.0032805916853249073,11,V2-006-OPT-CORR-F03-S20260927,2500e6093eb81946536b9d443c1fd586c1ea170025d48cf50cf45292ee22d878
a373e58d285333e0ca4eb2b8ed6bf22815d3cf6d4ae748f62c2b1e965167c98e,MITDB_P114,114,1735000000,3,20260927,MODEL_V2_TCN_MEANMAX,MODEL_V2_OPTIMIZER_CORRECTED_V1,0,-3.4843833446502686,0.029759852215647697,11,V2-006-OPT-CORR-F03-S20260927,2500e6093eb81946536b9d443c1fd586c1ea170025d48cf50cf45292ee22d878
a3868587dc29354e1656253f09d62ce3a3b4e00305329882826ebc594a8145b0,MITDB_P223,223,1360000000,3,20260927,MODEL_V2_TCN_MEANMAX,MODEL_V2_OPTIMIZER_CORRECTED_V1,1,3.208447217941284,0.9611508846282959,11,V2-006-OPT-CORR-F03-S20260927,2500e6093eb81946536b9d443c1fd586c1ea170025d48cf50cf45292ee22d878
a3ca2955f383c5c408060b4605349c95c34cef2259bd6848c1de936efef0e3ab,MITDB_P121,121,805000000,3,20260927,MODEL_V2_TCN_MEANMAX,MODEL_V2_OPTIMIZER_CORRECTED_V1,0,-8.071907997131348,0.00031208962900564075,11,V2-006-OPT-CORR-F03-S20260927,2500e6093eb81946536b9d443c1fd586c1ea170025d48cf50cf45292ee22d878
a3cd43f228c28a4744b965d5ac3698c3b28ba7f100b2e2832004fa1798c130a0,MITDB_P208,208,1775000000,3,20260927,MODEL_V2_TCN_MEANMAX,MODEL_V2_OPTIMIZER_CORRECTED_V1,1,10.0433349609375,0.999956488609314,11,V2-006-OPT-CORR-F03-S20260927,2500e6093eb81946536b9d443c1fd586c1ea170025d48cf50cf45292ee22d878
a40d14edc62ab98bb320e3aaac422e3998f3ecfcba034dfc0eb248ddcfafb93c,MITDB_P114,114,1115000000,3,20260927,MODEL_V2_TCN_MEANMAX,MODEL_V2_OPTIMIZER_CORRECTED_V1,0,-3.1770026683807373,0.040040384978055954,11,V2-006-OPT-CORR-F03-S20260927,2500e6093eb81946536b9d443c1fd586c1ea170025d48cf50cf45292ee22d878
a411959b59b85dc72c11e38a7e0f25f48370d450220f4436c43c5fa7eafdc28a,MITDB_P114,114,1730000000,3,20260927,MODEL_V2_TCN_MEANMAX,MODEL_V2_OPTIMIZER_CORRECTED_V1,0,-2.587402582168579,0.06995358318090439,11,V2-006-OPT-CORR-F03-S20260927,2500e6093eb81946536b9d443c1fd586c1ea170025d48cf50cf45292ee22d878
a4546cdf469cc5699d1c224d25eac2ca94edaf04085b2b341b78b5eb4ea70988,MITDB_P208,208,780000000,3,20260927,MODEL_V2_TCN_MEANMAX,MODEL_V2_OPTIMIZER_CORRECTED_V1,1,9.35938549041748,0.9999138116836548,11,V2-006-OPT-CORR-F03-S20260927,2500e6093eb81946536b9d443c1fd586c1ea170025d48cf50cf45292ee22d878
a49c091672bb2c8dd4fd1376fb380ab1752054074c73a43a4b24843662cf25ba,MITDB_P121,121,840000000,3,20260927,MODEL_V2_TCN_MEANMAX,MODEL_V2_OPTIMIZER_CORRECTED_V1,0,-7.53666353225708,0.0005328894476406276,11,V2-006-OPT-CORR-F03-S20260927,2500e6093eb81946536b9d443c1fd586c1ea170025d48cf50cf45292ee22d878
a4e86fb107fbbb027b168521c24163c370b21ef59516e35755814ae4dccdcc2b,MITDB_P223,223,1170000000,3,20260927,MODEL_V2_TCN_MEANMAX,MODEL_V2_OPTIMIZER_CORRECTED_V1,0,-4.990241050720215,0.006758042145520449,11,V2-006-OPT-CORR-F03-S20260927,2500e6093eb81946536b9d443c1fd586c1ea170025d48cf50cf45292ee22d878
a51271de24d6e26d0dc9450a4066156850b3d0a15e4ac39cd29298930f3dfae0,MITDB_P103,103,295000000,3,20260927,MODEL_V2_TCN_MEANMAX,MODEL_V2_OPTIMIZER_CORRECTED_V1,0,-6.305482387542725,0.0018229357665404677,11,V2-006-OPT-CORR-F03-S20260927,2500e6093eb81946536b9d443c1fd586c1ea170025d48cf50cf45292ee22d878
a57f8a0c02b33cc767d0cb0c840b2c934be20503a617d1ebeab3f9881b71c4bc,MITDB_P114,114,350000000,3,20260927,MODEL_V2_TCN_MEANMAX,MODEL_V2_OPTIMIZER_CORRECTED_V1,0,-4.552866458892822,0.010427087545394897,11,V2-006-OPT-CORR-F03-S20260927,2500e6093eb81946536b9d443c1fd586c1ea170025d48cf50cf45292ee22d878
a58dc8b0da55dbdeef15d4c44fa957c2b2ea32dfcbe523fd6a3161747dc76ea9,MITDB_P114,114,1195000000,3,20260927,MODEL_V2_TCN_MEANMAX,MODEL_V2_OPTIMIZER_CORRECTED_V1,0,-0.8553766012191772,0.2983061969280243,11,V2-006-OPT-CORR-F03-S20260927,2500e6093eb81946536b9d443c1fd586c1ea170025d48cf50cf45292ee22d878
a5a54dab066be3eb99fc9d12186ff5e5182ebe17a7c9a5a3a3f23542346ca96e,MITDB_P208,208,1510000000,3,20260927,MODEL_V2_TCN_MEANMAX,MODEL_V2_OPTIMIZER_CORRECTED_V1,1,10.439240455627441,0.9999707937240601,11,V2-006-OPT-CORR-F03-S20260927,2500e6093eb81946536b9d443c1fd586c1ea170025d48cf50cf45292ee22d878
a5f4aad5da8003e25c786531d29457b71fa19a862a2c0f30ea2a231655c7464c,MITDB_P103,103,970000000,3,20260927,MODEL_V2_TCN_MEANMAX,MODEL_V2_OPTIMIZER_CORRECTED_V1,0,-6.683213710784912,0.0012501837918534875,11,V2-006-OPT-CORR-F03-S20260927,2500e6093eb81946536b9d443c1fd586c1ea170025d48cf50cf45292ee22d878
a604f8d8d58a44f0244449e5688a0664904196da5516956e54f79b5f5adcfdde,MITDB_P114,114,665000000,3,20260927,MODEL_V2_TCN_MEANMAX,MODEL_V2_OPTIMIZER_CORRECTED_V1,0,-1.478445291519165,0.18566235899925232,11,V2-006-OPT-CORR-F03-S20260927,2500e6093eb81946536b9d443c1fd586c1ea170025d48cf50cf45292ee22d878
a606e2adb3e39a912ecba7c2bc8c5bea76cde9e5d5096c201d3542452d87d390,MITDB_P223,223,550000000,3,20260927,MODEL_V2_TCN_MEANMAX,MODEL_V2_OPTIMIZER_CORRECTED_V1,1,-2.9472217559814453,0.049867983907461166,11,V2-006-OPT-CORR-F03-S20260927,2500e6093eb81946536b9d443c1fd586c1ea170025d48cf50cf45292ee22d878
a611291d7e943293257359447d8dfe7eefe48f405d4cdb7cbb1bd2caffb9aba0,MITDB_P114,114,1300000000,3,20260927,MODEL_V2_TCN_MEANMAX,MODEL_V2_OPTIMIZER_CORRECTED_V1,0,-1.841172456741333,0.13691268861293793,11,V2-006-OPT-CORR-F03-S20260927,2500e6093eb81946536b9d443c1fd586c1ea170025d48cf50cf45292ee22d878
a643273b1b4eb675a8dce7780890795468f8a503bbe632b78b04df1d43141364,MITDB_P208,208,560000000,3,20260927,MODEL_V2_TCN_MEANMAX,MODEL_V2_OPTIMIZER_CORRECTED_V1,1,10.409899711608887,0.9999698400497437,11,V2-006-OPT-CORR-F03-S20260927,2500e6093eb81946536b9d443c1fd586c1ea170025d48cf50cf45292ee22d878
a64fccb59d9ec7b2a440b93ef8d75f77fe032031e7d5d0f83b4a7060106410c2,MITDB_P103,103,1020000000,3,20260927,MODEL_V2_TCN_MEANMAX,MODEL_V2_OPTIMIZER_CORRECTED_V1,0,-5.789061546325684,0.0030515131074935198,11,V2-006-OPT-CORR-F03-S20260927,2500e6093eb81946536b9d443c1fd586c1ea170025d48cf50cf45292ee22d878
a6871e1ee54a957cd2b162b569237021e5c018161f01b6da38afe5cc497c4370,MITDB_P208,208,1310000000,3,20260927,MODEL_V2_TCN_MEANMAX,MODEL_V2_OPTIMIZER_CORRECTED_V1,1,2.520761251449585,0.9255845546722412,11,V2-006-OPT-CORR-F03-S20260927,2500e6093eb81946536b9d443c1fd586c1ea170025d48cf50cf45292ee22d878
a68e36c758c311e80527cd2cd1d38c811fb719e993f29c8e5fd10e3786d1cae0,MITDB_P103,103,1645000000,3,20260927,MODEL_V2_TCN_MEANMAX,MODEL_V2_OPTIMIZER_CORRECTED_V1,0,-5.6805901527404785,0.003399945329874754,11,V2-006-OPT-CORR-F03-S20260927,2500e6093eb81946536b9d443c1fd586c1ea170025d48cf50cf45292ee22d878
a6b2e07e33cb92d7965f943583b81080343e44f0060c86b6ad35cb64c036cd14,MITDB_P103,103,65000000,3,20260927,MODEL_V2_TCN_MEANMAX,MODEL_V2_OPTIMIZER_CORRECTED_V1,0,-6.457360744476318,0.0015664733946323395,11,V2-006-OPT-CORR-F03-S20260927,2500e6093eb81946536b9d443c1fd586c1ea170025d48cf50cf45292ee22d878
a6ca64321bf108aec981313280ee26a62f35811375f21b2e128c02aed0445844,MITDB_P114,114,1385000000,3,20260927,MODEL_V2_TCN_MEANMAX,MODEL_V2_OPTIMIZER_CORRECTED_V1,0,-2.8941287994384766,0.05244455859065056,11,V2-006-OPT-CORR-F03-S20260927,2500e6093eb81946536b9d443c1fd586c1ea170025d48cf50cf45292ee22d878
a6d8564a628574a505487d73ab41e2c520cc4e0777b211164ac4fd7e997a7dde,MITDB_P114,114,1210000000,3,20260927,MODEL_V2_TCN_MEANMAX,MODEL_V2_OPTIMIZER_CORRECTED_V1,0,-1.981856346130371,0.12112108618021011,11,V2-006-OPT-CORR-F03-S20260927,2500e6093eb81946536b9d443c1fd586c1ea170025d48cf50cf45292ee22d878
a6fd2527561502b4c74f9379c42fc0ad4d4040ecb8645a6fd0c2392324c6510e,MITDB_P103,103,250000000,3,20260927,MODEL_V2_TCN_MEANMAX,MODEL_V2_OPTIMIZER_CORRECTED_V1,0,-5.584496021270752,0.0037415900733321905,11,V2-006-OPT-CORR-F03-S20260927,2500e6093eb81946536b9d443c1fd586c1ea170025d48cf50cf45292ee22d878
a71892383e332677ec4b3d1113a1434119057ffc299d029cdb75a882d13333bc,MITDB_P121,121,490000000,3,20260927,MODEL_V2_TCN_MEANMAX,MODEL_V2_OPTIMIZER_CORRECTED_V1,0,-7.3676629066467285,0.0006309436284936965,11,V2-006-OPT-CORR-F03-S20260927,2500e6093eb81946536b9d443c1fd586c1ea170025d48cf50cf45292ee22d878
a73d517f7b1465d23e90e08bef8ec4aabfc8843c46a6e61323a7e3e82d94424c,MITDB_P208,208,785000000,3,20260927,MODEL_V2_TCN_MEANMAX,MODEL_V2_OPTIMIZER_CORRECTED_V1,1,8.960517883300781,0.9998716115951538,11,V2-006-OPT-CORR-F03-S20260927,2500e6093eb81946536b9d443c1fd586c1ea170025d48cf50cf45292ee22d878
a768e91f3c48cf593cbb6a73b60271af084e8365d1000a61cb966fd45ae961e5,MITDB_P223,223,1285000000,3,20260927,MODEL_V2_TCN_MEANMAX,MODEL_V2_OPTIMIZER_CORRECTED_V1,0,-4.976716041564941,0.006849435158073902,11,V2-006-OPT-CORR-F03-S20260927,2500e6093eb81946536b9d443c1fd586c1ea170025d48cf50cf45292ee22d878
a7d491c7724e911e725252b6ad1fe9584dedbda7b38ec2ccda325d1d1200d673,MITDB_P208,208,550000000,3,20260927,MODEL_V2_TCN_MEANMAX,MODEL_V2_OPTIMIZER_CORRECTED_V1,1,8.130498886108398,0.9997056126594543,11,V2-006-OPT-CORR-F03-S20260927,2500e6093eb81946536b9d443c1fd586c1ea170025d48cf50cf45292ee22d878
a830ab87e5b059e1932813ff99443e102c74342e9693599a946d948497e1e96a,MITDB_P114,114,140000000,3,20260927,MODEL_V2_TCN_MEANMAX,MODEL_V2_OPTIMIZER_CORRECTED_V1,0,-5.351036071777344,0.004720842000097036,11,V2-006-OPT-CORR-F03-S20260927,2500e6093eb81946536b9d443c1fd586c1ea170025d48cf50cf45292ee22d878
a8899e43e5fef4d94bd32e465aba49cb3a3fc734b3d7bdd69e60b5d20c5c0fc3,MITDB_P114,114,135000000,3,20260927,MODEL_V2_TCN_MEANMAX,MODEL_V2_OPTIMIZER_CORRECTED_V1,1,9.17917537689209,0.9998968839645386,11,V2-006-OPT-CORR-F03-S20260927,2500e6093eb81946536b9d443c1fd586c1ea170025d48cf50cf45292ee22d878
a8a241aa6f8258f5d92e04355279c16707cb55f4f114e24da8cc7b00d7a10e75,MITDB_P114,114,750000000,3,20260927,MODEL_V2_TCN_MEANMAX,MODEL_V2_OPTIMIZER_CORRECTED_V1,1,1.1784437894821167,0.7646679282188416,11,V2-006-OPT-CORR-F03-S20260927,2500e6093eb81946536b9d443c1fd586c1ea170025d48cf50cf45292ee22d878
a8c8286c446fe3e20bfc0c01a228ee2add7eb37b87517221d5d0a736ea186869,MITDB_P208,208,630000000,3,20260927,MODEL_V2_TCN_MEANMAX,MODEL_V2_OPTIMIZER_CORRECTED_V1,1,9.945073127746582,0.9999520778656006,11,V2-006-OPT-CORR-F03-S20260927,2500e6093eb81946536b9d443c1fd586c1ea170025d48cf50cf45292ee22d878
a8d88fea75c36db583a6b5f9d278c3cd6af7b1063751bfa2bef2d9303cd80a8d,MITDB_P103,103,675000000,3,20260927,MODEL_V2_TCN_MEANMAX,MODEL_V2_OPTIMIZER_CORRECTED_V1,0,-5.962945461273193,0.002565724076703191,11,V2-006-OPT-CORR-F03-S20260927,2500e6093eb81946536b9d443c1fd586c1ea170025d48cf50cf45292ee22d878
a923e154c966c9a8fc53f5af0e2118efe7f27d97366e385edb4da4f613c76cb7,MITDB_P103,103,1375000000,3,20260927,MODEL_V2_TCN_MEANMAX,MODEL_V2_OPTIMIZER_CORRECTED_V1,0,-6.627316951751709,0.0013219600077718496,11,V2-006-OPT-CORR-F03-S20260927,2500e6093eb81946536b9d443c1fd586c1ea170025d48cf50cf45292ee22d878
a9264457ff4e04d4a00517e041e9ff99cbcb3efa7e66aac7c9dfb7bd9a54b102,MITDB_P103,103,1215000000,3,20260927,MODEL_V2_TCN_MEANMAX,MODEL_V2_OPTIMIZER_CORRECTED_V1,0,-4.453268051147461,0.011506522074341774,11,V2-006-OPT-CORR-F03-S20260927,2500e6093eb81946536b9d443c1fd586c1ea170025d48cf50cf45292ee22d878
a9661b560fba9a2cd0c91db7ad99dfb262c1af7f3a1bf751910e58bfa5281d14,MITDB_P223,223,810000000,3,20260927,MODEL_V2_TCN_MEANMAX,MODEL_V2_OPTIMIZER_CORRECTED_V1,1,0.5542036294937134,0.6351103186607361,11,V2-006-OPT-CORR-F03-S20260927,2500e6093eb81946536b9d443c1fd586c1ea170025d48cf50cf45292ee22d878
a973ae3c04675dc483aebc74408a557d3a4f6b6948ccc64007535889d1053f5b,MITDB_P114,114,1630000000,3,20260927,MODEL_V2_TCN_MEANMAX,MODEL_V2_OPTIMIZER_CORRECTED_V1,0,-3.5552148818969727,0.027781374752521515,11,V2-006-OPT-CORR-F03-S20260927,2500e6093eb81946536b9d443c1fd586c1ea170025d48cf50cf45292ee22d878
a978b6b5d55ac6f0356122e6c62cb78986b888377034e25437c1bbbea82cbd3e,MITDB_P208,208,1605000000,3,20260927,MODEL_V2_TCN_MEANMAX,MODEL_V2_OPTIMIZER_CORRECTED_V1,1,9.396531105041504,0.9999170303344727,11,V2-006-OPT-CORR-F03-S20260927,2500e6093eb81946536b9d443c1fd586c1ea170025d48cf50cf45292ee22d878
a999e2ecc3a783a9da2af1b0e2ff0880af919a4ddcd96f1dff79df301a060bff,MITDB_P208,208,1460000000,3,20260927,MODEL_V2_TCN_MEANMAX,MODEL_V2_OPTIMIZER_CORRECTED_V1,1,9.363848686218262,0.999914288520813,11,V2-006-OPT-CORR-F03-S20260927,2500e6093eb81946536b9d443c1fd586c1ea170025d48cf50cf45292ee22d878
a9b2a7ec54ea0da75d7ba870d4984276838ada59de575537d42374056b07749c,MITDB_P223,223,1780000000,3,20260927,MODEL_V2_TCN_MEANMAX,MODEL_V2_OPTIMIZER_CORRECTED_V1,0,-4.364078998565674,0.012566445395350456,11,V2-006-OPT-CORR-F03-S20260927,2500e6093eb81946536b9d443c1fd586c1ea170025d48cf50cf45292ee22d878
a9e02c0006700d7701c9979f31eb1c9d83d04a66f76f613b65c279305f475166,MITDB_P223,223,1470000000,3,20260927,MODEL_V2_TCN_MEANMAX,MODEL_V2_OPTIMIZER_CORRECTED_V1,0,-2.9311773777008057,0.05063369870185852,11,V2-006-OPT-CORR-F03-S20260927,2500e6093eb81946536b9d443c1fd586c1ea170025d48cf50cf45292ee22d878
a9fbc5bee8ef02530a8efeb90762655d56ca53587ec1fd9bfbdeeac633e9d87a,MITDB_P208,208,1255000000,3,20260927,MODEL_V2_TCN_MEANMAX,MODEL_V2_OPTIMIZER_CORRECTED_V1,1,7.094003200531006,0.9991706609725952,11,V2-006-OPT-CORR-F03-S20260927,2500e6093eb81946536b9d443c1fd586c1ea170025d48cf50cf45292ee22d878
aa5c27bedf0455e19250d24549f49f2e39fce0dbf93c5ded79a4114c003c2676,MITDB_P103,103,1675000000,3,20260927,MODEL_V2_TCN_MEANMAX,MODEL_V2_OPTIMIZER_CORRECTED_V1,0,-6.403625011444092,0.0016528087435290217,11,V2-006-OPT-CORR-F03-S20260927,2500e6093eb81946536b9d443c1fd586c1ea170025d48cf50cf45292ee22d878
aa69faafc3fee0f50fb2a73618db902423615477a3f64a083568fc31c784e95c,MITDB_P121,121,220000000,3,20260927,MODEL_V2_TCN_MEANMAX,MODEL_V2_OPTIMIZER_CORRECTED_V1,0,-6.765295505523682,0.0011517786188051105,11,V2-006-OPT-CORR-F03-S20260927,2500e6093eb81946536b9d443c1fd586c1ea170025d48cf50cf45292ee22d878
aa87ef435bf41bd7156f25b54e0cf8cfe6aeecd345e56ef421acdfb9aa094ca5,MITDB_P114,114,700000000,3,20260927,MODEL_V2_TCN_MEANMAX,MODEL_V2_OPTIMIZER_CORRECTED_V1,1,-2.177612781524658,0.10177896171808243,11,V2-006-OPT-CORR-F03-S20260927,2500e6093eb81946536b9d443c1fd586c1ea170025d48cf50cf45292ee22d878
aaa74bc622e3072e2faddef044cf73fa504fe7b5da0c38b5f157ede31eca9d20,MITDB_P208,208,915000000,3,20260927,MODEL_V2_TCN_MEANMAX,MODEL_V2_OPTIMIZER_CORRECTED_V1,1,9.887764930725098,0.9999492168426514,11,V2-006-OPT-CORR-F03-S20260927,2500e6093eb81946536b9d443c1fd586c1ea170025d48cf50cf45292ee22d878
aac6ac35b3f6b1b8926873cc9eec24d096ea11a31201c5cc35b8cc3ed1f875d7,MITDB_P103,103,525000000,3,20260927,MODEL_V2_TCN_MEANMAX,MODEL_V2_OPTIMIZER_CORRECTED_V1,0,-6.202934265136719,0.002019398147240281,11,V2-006-OPT-CORR-F03-S20260927,2500e6093eb81946536b9d443c1fd586c1ea170025d48cf50cf45292ee22d878
aae55da2669ea5728182c59bd6e5889b710c60a9d6826045723f021f8589b323,MITDB_P121,121,1780000000,3,20260927,MODEL_V2_TCN_MEANMAX,MODEL_V2_OPTIMIZER_CORRECTED_V1,0,-10.27295207977295,3.455402111285366e-05,11,V2-006-OPT-CORR-F03-S20260927,2500e6093eb81946536b9d443c1fd586c1ea170025d48cf50cf45292ee22d878
abb6a5a6ac9f89bb7dd7c240416c3c98d7b0f2be725eaa428695f8625477320b,MITDB_P208,208,1660000000,3,20260927,MODEL_V2_TCN_MEANMAX,MODEL_V2_OPTIMIZER_CORRECTED_V1,1,8.335169792175293,0.999760091304779,11,V2-006-OPT-CORR-F03-S20260927,2500e6093eb81946536b9d443c1fd586c1ea170025d48cf50cf45292ee22d878
abb717070391a7abf006b7659003134fda7afaaf8d9ba8122095d8b1f86f57c5,MITDB_P223,223,1125000000,3,20260927,MODEL_V2_TCN_MEANMAX,MODEL_V2_OPTIMIZER_CORRECTED_V1,1,-4.968344688415527,0.006906617432832718,11,V2-006-OPT-CORR-F03-S20260927,2500e6093eb81946536b9d443c1fd586c1ea170025d48cf50cf45292ee22d878
abb7820072e41d9f2b58494aa666c6dccf13f4ee7eced6749a3b30d4b00c4caa,MITDB_P114,114,1605000000,3,20260927,MODEL_V2_TCN_MEANMAX,MODEL_V2_OPTIMIZER_CORRECTED_V1,1,1.6935920715332031,0.8446959853172302,11,V2-006-OPT-CORR-F03-S20260927,2500e6093eb81946536b9d443c1fd586c1ea170025d48cf50cf45292ee22d878
abc9ae7627310e618441f4ae5ca453bfd4861b6b397a9c9c37a40dbd07274acd,MITDB_P114,114,1670000000,3,20260927,MODEL_V2_TCN_MEANMAX,MODEL_V2_OPTIMIZER_CORRECTED_V1,0,-3.2913424968719482,0.03586938977241516,11,V2-006-OPT-CORR-F03-S20260927,2500e6093eb81946536b9d443c1fd586c1ea170025d48cf50cf45292ee22d878
abd3a07a7b48795f1d79c3e901bc24ca2c3f365d50a8f28dde565d1e4e18ee86,MITDB_P121,121,165000000,3,20260927,MODEL_V2_TCN_MEANMAX,MODEL_V2_OPTIMIZER_CORRECTED_V1,0,-7.721780300140381,0.00044287487980909646,11,V2-006-OPT-CORR-F03-S20260927,2500e6093eb81946536b9d443c1fd586c1ea170025d48cf50cf45292ee22d878
abd4be40067d901baff2191aab842f9fd96c928f1de6476c821d257dbea29cc9,MITDB_P103,103,1065000000,3,20260927,MODEL_V2_TCN_MEANMAX,MODEL_V2_OPTIMIZER_CORRECTED_V1,0,-6.666553974151611,0.001271159271709621,11,V2-006-OPT-CORR-F03-S20260927,2500e6093eb81946536b9d443c1fd586c1ea170025d48cf50cf45292ee22d878
ac22b70f4505d68d6f0cdf8df6d263320ba6b3d146d314010de7504f9d5db956,MITDB_P223,223,1505000000,3,20260927,MODEL_V2_TCN_MEANMAX,MODEL_V2_OPTIMIZER_CORRECTED_V1,1,-1.545222520828247,0.1757773607969284,11,V2-006-OPT-CORR-F03-S20260927,2500e6093eb81946536b9d443c1fd586c1ea170025d48cf50cf45292ee22d878
ac2b878c36ef2ff3c0f51628ac5d3523ac413cd436a5be73dc586cfd4d138e31,MITDB_P103,103,735000000,3,20260927,MODEL_V2_TCN_MEANMAX,MODEL_V2_OPTIMIZER_CORRECTED_V1,0,-6.348875045776367,0.0017456605564802885,11,V2-006-OPT-CORR-F03-S20260927,2500e6093eb81946536b9d443c1fd586c1ea170025d48cf50cf45292ee22d878
ac3e2ef1a3b570e554f15dc84e6ce2030f5cbfe3d5ec557db1ed5cf119cd4737,MITDB_P114,114,1265000000,3,20260927,MODEL_V2_TCN_MEANMAX,MODEL_V2_OPTIMIZER_CORRECTED_V1,0,-2.4283535480499268,0.08103599399328232,11,V2-006-OPT-CORR-F03-S20260927,2500e6093eb81946536b9d443c1fd586c1ea170025d48cf50cf45292ee22d878
ac42bfba704911742903340c4b99a25aebb5a0c584678bc2a5b5e08e68ee6b68,MITDB_P121,121,900000000,3,20260927,MODEL_V2_TCN_MEANMAX,MODEL_V2_OPTIMIZER_CORRECTED_V1,0,-7.696997165679932,0.0004539828223641962,11,V2-006-OPT-CORR-F03-S20260927,2500e6093eb81946536b9d443c1fd586c1ea170025d48cf50cf45292ee22d878
ac5580a82deb9709bb297a49438cc25164867972fc9c3db7943118780da3254d,MITDB_P223,223,1090000000,3,20260927,MODEL_V2_TCN_MEANMAX,MODEL_V2_OPTIMIZER_CORRECTED_V1,1,-0.11018975079059601,0.4724804162979126,11,V2-006-OPT-CORR-F03-S20260927,2500e6093eb81946536b9d443c1fd586c1ea170025d48cf50cf45292ee22d878
ac76108a7989e9b959bfa5a28da3ab3803192f0810013e70f45a6c86bab38de8,MITDB_P121,121,985000000,3,20260927,MODEL_V2_TCN_MEANMAX,MODEL_V2_OPTIMIZER_CORRECTED_V1,0,-7.245461940765381,0.0007128959405235946,11,V2-006-OPT-CORR-F03-S20260927,2500e6093eb81946536b9d443c1fd586c1ea170025d48cf50cf45292ee22d878
aca143980381ee6e7d6913bf64d47d3737e470083d9a7a2e6389bc0010ab3509,MITDB_P114,114,1595000000,3,20260927,MODEL_V2_TCN_MEANMAX,MODEL_V2_OPTIMIZER_CORRECTED_V1,0,-1.8219000101089478,0.13920603692531586,11,V2-006-OPT-CORR-F03-S20260927,2500e6093eb81946536b9d443c1fd586c1ea170025d48cf50cf45292ee22d878
acd0f7bb5a8324fbc87bc769ba7ca00484f2404d27efd6f427800d1015b37c8b,MITDB_P114,114,35000000,3,20260927,MODEL_V2_TCN_MEANMAX,MODEL_V2_OPTIMIZER_CORRECTED_V1,0,-4.088115215301514,0.01649419218301773,11,V2-006-OPT-CORR-F03-S20260927,2500e6093eb81946536b9d443c1fd586c1ea170025d48cf50cf45292ee22d878
acf65173702b0d693224f40e48e823b75e2d0a33839bb35772dc04d012db65d6,MITDB_P223,223,860000000,3,20260927,MODEL_V2_TCN_MEANMAX,MODEL_V2_OPTIMIZER_CORRECTED_V1,1,5.153929710388184,0.9942565560340881,11,V2-006-OPT-CORR-F03-S20260927,2500e6093eb81946536b9d443c1fd586c1ea170025d48cf50cf45292ee22d878
ad29b295bd65874c3b51344a0a670af09b18c78cac4db15a5d8cdc87328185af,MITDB_P103,103,455000000,3,20260927,MODEL_V2_TCN_MEANMAX,MODEL_V2_OPTIMIZER_CORRECTED_V1,0,-6.506167411804199,0.0014919660752639174,11,V2-006-OPT-CORR-F03-S20260927,2500e6093eb81946536b9d443c1fd586c1ea170025d48cf50cf45292ee22d878
ad379672e77f41b0c28fc04b55ca64e4fe2c6cd58b4a04f2fa414b66a06a9b4c,MITDB_P103,103,1515000000,3,20260927,MODEL_V2_TCN_MEANMAX,MODEL_V2_OPTIMIZER_CORRECTED_V1,0,-5.34890079498291,0.00473088538274169,11,V2-006-OPT-CORR-F03-S20260927,2500e6093eb81946536b9d443c1fd586c1ea170025d48cf50cf45292ee22d878
ad51e92c79a23ab96616cd00f6500e652b3d7f6dbdd628fcd1e089a0ad3d6dc3,MITDB_P121,121,1040000000,3,20260927,MODEL_V2_TCN_MEANMAX,MODEL_V2_OPTIMIZER_CORRECTED_V1,0,-8.169376373291016,0.00028311440837569535,11,V2-006-OPT-CORR-F03-S20260927,2500e6093eb81946536b9d443c1fd586c1ea170025d48cf50cf45292ee22d878
ad7626079f31c72b32ba7689308cfd8d476c0c4af178beee44ca5d8491a08c25,MITDB_P223,223,1130000000,3,20260927,MODEL_V2_TCN_MEANMAX,MODEL_V2_OPTIMIZER_CORRECTED_V1,1,-1.9157174825668335,0.12833988666534424,11,V2-006-OPT-CORR-F03-S20260927,2500e6093eb81946536b9d443c1fd586c1ea170025d48cf50cf45292ee22d878
adc95938f74ef4f5b80eb4ce6a921ea893e41aed898176823f7b2979761b3107,MITDB_P223,223,845000000,3,20260927,MODEL_V2_TCN_MEANMAX,MODEL_V2_OPTIMIZER_CORRECTED_V1,1,2.4747605323791504,0.9223534464836121,11,V2-006-OPT-CORR-F03-S20260927,2500e6093eb81946536b9d443c1fd586c1ea170025d48cf50cf45292ee22d878
adcdcfebea2fe887d938895cc8ddbe8dc0a99651ce84290651760ce6018ce3ae,MITDB_P103,103,215000000,3,20260927,MODEL_V2_TCN_MEANMAX,MODEL_V2_OPTIMIZER_CORRECTED_V1,0,-6.189816951751709,0.0020460074301809072,11,V2-006-OPT-CORR-F03-S20260927,2500e6093eb81946536b9d443c1fd586c1ea170025d48cf50cf45292ee22d878
ade996368242085fd88f825e8864ec9a816024cb70c74982655e57831d65b95a,MITDB_P103,103,1095000000,3,20260927,MODEL_V2_TCN_MEANMAX,MODEL_V2_OPTIMIZER_CORRECTED_V1,0,-3.475442886352539,0.030019087716937065,11,V2-006-OPT-CORR-F03-S20260927,2500e6093eb81946536b9d443c1fd586c1ea170025d48cf50cf45292ee22d878
adfdb2e58dc6f599d210a39f1b15eff0f591182203396649f0349ec23e487d77,MITDB_P223,223,1240000000,3,20260927,MODEL_V2_TCN_MEANMAX,MODEL_V2_OPTIMIZER_CORRECTED_V1,0,-5.075728893280029,0.006207754835486412,11,V2-006-OPT-CORR-F03-S20260927,2500e6093eb81946536b9d443c1fd586c1ea170025d48cf50cf45292ee22d878
ae0c1a1bad5cc3de73f5bb427934d852ee1ea32b28ddd5b67cc9991783ffd265,MITDB_P103,103,720000000,3,20260927,MODEL_V2_TCN_MEANMAX,MODEL_V2_OPTIMIZER_CORRECTED_V1,0,-6.763367176055908,0.0011539991246536374,11,V2-006-OPT-CORR-F03-S20260927,2500e6093eb81946536b9d443c1fd586c1ea170025d48cf50cf45292ee22d878
ae16c72702cb5e912f454166498ccea02f905c134878681905334ae28b02ed22,MITDB_P114,114,985000000,3,20260927,MODEL_V2_TCN_MEANMAX,MODEL_V2_OPTIMIZER_CORRECTED_V1,1,8.837125778198242,0.9998548030853271,11,V2-006-OPT-CORR-F03-S20260927,2500e6093eb81946536b9d443c1fd586c1ea170025d48cf50cf45292ee22d878
ae47f576acd7dd7b780c4703ae4bf6c67646e1215c08e5fac4424ff37d8b09fd,MITDB_P208,208,120000000,3,20260927,MODEL_V2_TCN_MEANMAX,MODEL_V2_OPTIMIZER_CORRECTED_V1,1,10.816699028015137,0.9999799728393555,11,V2-006-OPT-CORR-F03-S20260927,2500e6093eb81946536b9d443c1fd586c1ea170025d48cf50cf45292ee22d878
ae593de65a047a5dab87d33af0411e240be7e0d74d88f7106300c1c9e46108e4,MITDB_P223,223,970000000,3,20260927,MODEL_V2_TCN_MEANMAX,MODEL_V2_OPTIMIZER_CORRECTED_V1,1,-3.268648147583008,0.03666254132986069,11,V2-006-OPT-CORR-F03-S20260927,2500e6093eb81946536b9d443c1fd586c1ea170025d48cf50cf45292ee22d878
aea5252aae04d0debdbe86ea2261e4926daf54708ecff22a43ef720e4811d0e2,MITDB_P103,103,165000000,3,20260927,MODEL_V2_TCN_MEANMAX,MODEL_V2_OPTIMIZER_CORRECTED_V1,0,-5.839156627655029,0.0029028458520770073,11,V2-006-OPT-CORR-F03-S20260927,2500e6093eb81946536b9d443c1fd586c1ea170025d48cf50cf45292ee22d878
aebb42fd4d13c4da9fafc0f8d18bf634b8d3784a422c5d02e3e151f065845e1d,MITDB_P223,223,1795000000,3,20260927,MODEL_V2_TCN_MEANMAX,MODEL_V2_OPTIMIZER_CORRECTED_V1,1,-1.1364083290100098,0.24298040568828583,11,V2-006-OPT-CORR-F03-S20260927,2500e6093eb81946536b9d443c1fd586c1ea170025d48cf50cf45292ee22d878
aee6dd2325e4cf5cc88c5ccf53464a9d3c5b4043022821847c3c89d6bcedc044,MITDB_P103,103,550000000,3,20260927,MODEL_V2_TCN_MEANMAX,MODEL_V2_OPTIMIZER_CORRECTED_V1,0,-6.841829776763916,0.0010670074261724949,11,V2-006-OPT-CORR-F03-S20260927,2500e6093eb81946536b9d443c1fd586c1ea170025d48cf50cf45292ee22d878
aefb1a36416c95e6d8f61cab2a02b73ea20967673f68a2c7ba51638715bc07e2,MITDB_P103,103,1325000000,3,20260927,MODEL_V2_TCN_MEANMAX,MODEL_V2_OPTIMIZER_CORRECTED_V1,0,-5.8314208984375,0.0029253223910927773,11,V2-006-OPT-CORR-F03-S20260927,2500e6093eb81946536b9d443c1fd586c1ea170025d48cf50cf45292ee22d878
af33a07797c803a8e271a8589d18c091cfe18c55c3ba3b963db240144e7bad6e,MITDB_P103,103,110000000,3,20260927,MODEL_V2_TCN_MEANMAX,MODEL_V2_OPTIMIZER_CORRECTED_V1,0,-6.597034454345703,0.001362549141049385,11,V2-006-OPT-CORR-F03-S20260927,2500e6093eb81946536b9d443c1fd586c1ea170025d48cf50cf45292ee22d878
af44c4a6d8c0d89946d13a23e069589188e4a5ef48cb2869b1532f1a390e1dd6,MITDB_P114,114,1725000000,3,20260927,MODEL_V2_TCN_MEANMAX,MODEL_V2_OPTIMIZER_CORRECTED_V1,0,-2.1493453979492188,0.104392409324646,11,V2-006-OPT-CORR-F03-S20260927,2500e6093eb81946536b9d443c1fd586c1ea170025d48cf50cf45292ee22d878
af6a904ff1ea2a9e769a276a45e1cc6bf4b9dc525fc336c63440f5c02637cc24,MITDB_P208,208,680000000,3,20260927,MODEL_V2_TCN_MEANMAX,MODEL_V2_OPTIMIZER_CORRECTED_V1,1,9.78017807006836,0.9999434947967529,11,V2-006-OPT-CORR-F03-S20260927,2500e6093eb81946536b9d443c1fd586c1ea170025d48cf50cf45292ee22d878
afa6c4796aa3609fc8442c9ae96b3d88b288f4374bacbef1d662b0fa6509d6b7,MITDB_P223,223,410000000,3,20260927,MODEL_V2_TCN_MEANMAX,MODEL_V2_OPTIMIZER_CORRECTED_V1,0,-4.723685264587402,0.008804182521998882,11,V2-006-OPT-CORR-F03-S20260927,2500e6093eb81946536b9d443c1fd586c1ea170025d48cf50cf45292ee22d878
afe05a7684b86599c1ed477a895a84016f756bc2aee6cf7fafcd2b9ff5ae9a18,MITDB_P114,114,635000000,3,20260927,MODEL_V2_TCN_MEANMAX,MODEL_V2_OPTIMIZER_CORRECTED_V1,0,-0.8545080423355103,0.298488050699234,11,V2-006-OPT-CORR-F03-S20260927,2500e6093eb81946536b9d443c1fd586c1ea170025d48cf50cf45292ee22d878
b078f0fd305386b81ef56596d141f9cac6ae085b8a90abf39fb58123ced9a1d8,MITDB_P114,114,780000000,3,20260927,MODEL_V2_TCN_MEANMAX,MODEL_V2_OPTIMIZER_CORRECTED_V1,0,-2.50146746635437,0.07575537264347076,11,V2-006-OPT-CORR-F03-S20260927,2500e6093eb81946536b9d443c1fd586c1ea170025d48cf50cf45292ee22d878
b0809b8db716311a371f033e6fe9c88754741ae8704e445cd38d9fe066568884,MITDB_P121,121,565000000,3,20260927,MODEL_V2_TCN_MEANMAX,MODEL_V2_OPTIMIZER_CORRECTED_V1,0,-7.828674793243408,0.00039799429941922426,11,V2-006-OPT-CORR-F03-S20260927,2500e6093eb81946536b9d443c1fd586c1ea170025d48cf50cf45292ee22d878
b145be9d1fb39edcde9dc0ab940f601d5467099bf31e43d3c75562b496b7bc16,MITDB_P208,208,580000000,3,20260927,MODEL_V2_TCN_MEANMAX,MODEL_V2_OPTIMIZER_CORRECTED_V1,1,9.614344596862793,0.9999332427978516,11,V2-006-OPT-CORR-F03-S20260927,2500e6093eb81946536b9d443c1fd586c1ea170025d48cf50cf45292ee22d878
b1895bd2982057e422f24cd756ac7695b8f888454a9a31acb27af44bc1eac090,MITDB_P121,121,195000000,3,20260927,MODEL_V2_TCN_MEANMAX,MODEL_V2_OPTIMIZER_CORRECTED_V1,0,-8.150590896606445,0.000288481533061713,11,V2-006-OPT-CORR-F03-S20260927,2500e6093eb81946536b9d443c1fd586c1ea170025d48cf50cf45292ee22d878
b19d7d899ba073101bb010a9385b60b887ca208aaef1435a7497ad00433903e1,MITDB_P223,223,865000000,3,20260927,MODEL_V2_TCN_MEANMAX,MODEL_V2_OPTIMIZER_CORRECTED_V1,1,5.476927757263184,0.9958353042602539,11,V2-006-OPT-CORR-F03-S20260927,2500e6093eb81946536b9d443c1fd586c1ea170025d48cf50cf45292ee22d878
b19ec1a40e27363a933a3c71bd931377c825c8ac7cc2214dae16b33e5d918ba3,MITDB_P223,223,1345000000,3,20260927,MODEL_V2_TCN_MEANMAX,MODEL_V2_OPTIMIZER_CORRECTED_V1,1,2.962873697280884,0.9508684277534485,11,V2-006-OPT-CORR-F03-S20260927,2500e6093eb81946536b9d443c1fd586c1ea170025d48cf50cf45292ee22d878
b1e0f20b43c598d8072bfb51a4dd6ad38718e8b8942fbddb880c9c854477574b,MITDB_P208,208,10000000,3,20260927,MODEL_V2_TCN_MEANMAX,MODEL_V2_OPTIMIZER_CORRECTED_V1,1,10.452801704406738,0.9999711513519287,11,V2-006-OPT-CORR-F03-S20260927,2500e6093eb81946536b9d443c1fd586c1ea170025d48cf50cf45292ee22d878
b1f464af9934ab7c303db7ea600bb37f3e905a50c3001f427e31c108097b97c3,MITDB_P103,103,30000000,3,20260927,MODEL_V2_TCN_MEANMAX,MODEL_V2_OPTIMIZER_CORRECTED_V1,0,-6.7307329177856445,0.0011922346893697977,11,V2-006-OPT-CORR-F03-S20260927,2500e6093eb81946536b9d443c1fd586c1ea170025d48cf50cf45292ee22d878
b1f6ad300f32c240dddfdccf2d54ec9592ec798dad097c8315e54b81e5d80fd3,MITDB_P121,121,1725000000,3,20260927,MODEL_V2_TCN_MEANMAX,MODEL_V2_OPTIMIZER_CORRECTED_V1,0,-8.972441673278809,0.0001268419873667881,11,V2-006-OPT-CORR-F03-S20260927,2500e6093eb81946536b9d443c1fd586c1ea170025d48cf50cf45292ee22d878
b1fe59673598030e71ec0236a9b3b61d9d72780576176cdd8b4e8ac3d73624c6,MITDB_P223,223,940000000,3,20260927,MODEL_V2_TCN_MEANMAX,MODEL_V2_OPTIMIZER_CORRECTED_V1,1,2.7795908451080322,0.9415628910064697,11,V2-006-OPT-CORR-F03-S20260927,2500e6093eb81946536b9d443c1fd586c1ea170025d48cf50cf45292ee22d878
b217b657cf3756baf0fc9c4932c04d74383fb23722085b70b9b54da39404766a,MITDB_P103,103,1080000000,3,20260927,MODEL_V2_TCN_MEANMAX,MODEL_V2_OPTIMIZER_CORRECTED_V1,0,-6.872251033782959,0.0010350695811212063,11,V2-006-OPT-CORR-F03-S20260927,2500e6093eb81946536b9d443c1fd586c1ea170025d48cf50cf45292ee22d878
b22e72d89e8f22e0a29dd7e89d22534db3a747391e80ad9e25cf5fe5d06c8f8a,MITDB_P103,103,1255000000,3,20260927,MODEL_V2_TCN_MEANMAX,MODEL_V2_OPTIMIZER_CORRECTED_V1,0,-6.717870712280273,0.0012076498242095113,11,V2-006-OPT-CORR-F03-S20260927,2500e6093eb81946536b9d443c1fd586c1ea170025d48cf50cf45292ee22d878
b2343fe2cda5d488dd7894fd6edac1c833eacb427fab7e66489e732521beefd5,MITDB_P103,103,1010000000,3,20260927,MODEL_V2_TCN_MEANMAX,MODEL_V2_OPTIMIZER_CORRECTED_V1,0,-6.20613431930542,0.002012959448620677,11,V2-006-OPT-CORR-F03-S20260927,2500e6093eb81946536b9d443c1fd586c1ea170025d48cf50cf45292ee22d878
b26098f634906f2da1abb729b334e282e266a0b5265e4811cea85d0408479488,MITDB_P208,208,500000000,3,20260927,MODEL_V2_TCN_MEANMAX,MODEL_V2_OPTIMIZER_CORRECTED_V1,1,10.149361610412598,0.9999608993530273,11,V2-006-OPT-CORR-F03-S20260927,2500e6093eb81946536b9d443c1fd586c1ea170025d48cf50cf45292ee22d878
b26cd2f08416bf23888f781526c7038e5d9a0fb4d3d7f3e76e5293f4e12d9864,MITDB_P103,103,1195000000,3,20260927,MODEL_V2_TCN_MEANMAX,MODEL_V2_OPTIMIZER_CORRECTED_V1,0,-5.978009223937988,0.002527461387217045,11,V2-006-OPT-CORR-F03-S20260927,2500e6093eb81946536b9d443c1fd586c1ea170025d48cf50cf45292ee22d878
b28135b967212135fe18bef79570bd7e09b4e3f22e2c2952bfb9ae7249695947,MITDB_P103,103,760000000,3,20260927,MODEL_V2_TCN_MEANMAX,MODEL_V2_OPTIMIZER_CORRECTED_V1,0,-6.056321144104004,0.002337527694180608,11,V2-006-OPT-CORR-F03-S20260927,2500e6093eb81946536b9d443c1fd586c1ea170025d48cf50cf45292ee22d878
b28b2c7e9d7d933caaea5f24a4d231ddb8da0f22d11087553f56c23224994784,MITDB_P103,103,660000000,3,20260927,MODEL_V2_TCN_MEANMAX,MODEL_V2_OPTIMIZER_CORRECTED_V1,0,-6.573432445526123,0.0013950451975688338,11,V2-006-OPT-CORR-F03-S20260927,2500e6093eb81946536b9d443c1fd586c1ea170025d48cf50cf45292ee22d878
b2c8d7a1a1ccc32783c72ec6e931e1a8e914b851fb4ec1df822b9637ca94cf98,MITDB_P103,103,1455000000,3,20260927,MODEL_V2_TCN_MEANMAX,MODEL_V2_OPTIMIZER_CORRECTED_V1,0,-6.114334583282471,0.002206068951636553,11,V2-006-OPT-CORR-F03-S20260927,2500e6093eb81946536b9d443c1fd586c1ea170025d48cf50cf45292ee22d878
b304124d2fa44138bdf18321727922238d10dfab6d6e19a73577038115bd33ba,MITDB_P208,208,575000000,3,20260927,MODEL_V2_TCN_MEANMAX,MODEL_V2_OPTIMIZER_CORRECTED_V1,1,9.93410587310791,0.9999514818191528,11,V2-006-OPT-CORR-F03-S20260927,2500e6093eb81946536b9d443c1fd586c1ea170025d48cf50cf45292ee22d878
b30943834a7272451318aae006254dc33fb854cdf088fff834798b419f28e0a6,MITDB_P223,223,915000000,3,20260927,MODEL_V2_TCN_MEANMAX,MODEL_V2_OPTIMIZER_CORRECTED_V1,1,-0.6664038896560669,0.33930253982543945,11,V2-006-OPT-CORR-F03-S20260927,2500e6093eb81946536b9d443c1fd586c1ea170025d48cf50cf45292ee22d878
b30d17bafdb75d0d4980231d78d260e735e9cadeed055925f39a0e3ede060f21,MITDB_P121,121,905000000,3,20260927,MODEL_V2_TCN_MEANMAX,MODEL_V2_OPTIMIZER_CORRECTED_V1,0,-7.993571758270264,0.0003375120577402413,11,V2-006-OPT-CORR-F03-S20260927,2500e6093eb81946536b9d443c1fd586c1ea170025d48cf50cf45292ee22d878
b35b86083837af4979f5544a1aeaef2e45182f28f20123e4d5451e094b5e1692,MITDB_P114,114,575000000,3,20260927,MODEL_V2_TCN_MEANMAX,MODEL_V2_OPTIMIZER_CORRECTED_V1,1,7.6916184425354,0.9995434880256653,11,V2-006-OPT-CORR-F03-S20260927,2500e6093eb81946536b9d443c1fd586c1ea170025d48cf50cf45292ee22d878
b3808cfcba1586cfbb65ed03f8816713f1e06434865be2cae731c9e7396ed591,MITDB_P121,121,610000000,3,20260927,MODEL_V2_TCN_MEANMAX,MODEL_V2_OPTIMIZER_CORRECTED_V1,0,-8.464770317077637,0.00021071983792353421,11,V2-006-OPT-CORR-F03-S20260927,2500e6093eb81946536b9d443c1fd586c1ea170025d48cf50cf45292ee22d878
b3d72bcdb864f66e6e71e68b4590773328489acd3dec3198b0232ea3fa684b53,MITDB_P121,121,1630000000,3,20260927,MODEL_V2_TCN_MEANMAX,MODEL_V2_OPTIMIZER_CORRECTED_V1,0,-9.47712516784668,7.657792593818158e-05,11,V2-006-OPT-CORR-F03-S20260927,2500e6093eb81946536b9d443c1fd586c1ea170025d48cf50cf45292ee22d878
b3f3f19693b7daa6589e5f19b83bcccb0eb8248a29cad418fbc813e3f3d5e242,MITDB_P208,208,1190000000,3,20260927,MODEL_V2_TCN_MEANMAX,MODEL_V2_OPTIMIZER_CORRECTED_V1,0,3.7022078037261963,0.9759248495101929,11,V2-006-OPT-CORR-F03-S20260927,2500e6093eb81946536b9d443c1fd586c1ea170025d48cf50cf45292ee22d878
b3fe1b7dfcda1f4e47f18edaf9414792ecaee44aab4252e441917abb9ce70e60,MITDB_P223,223,1385000000,3,20260927,MODEL_V2_TCN_MEANMAX,MODEL_V2_OPTIMIZER_CORRECTED_V1,1,3.0451719760894775,0.9545736312866211,11,V2-006-OPT-CORR-F03-S20260927,2500e6093eb81946536b9d443c1fd586c1ea170025d48cf50cf45292ee22d878
b414ff55bb8a7821cfe710f66f67e838e15f84427e999191699ad272c3512777,MITDB_P103,103,280000000,3,20260927,MODEL_V2_TCN_MEANMAX,MODEL_V2_OPTIMIZER_CORRECTED_V1,0,-6.4057936668396,0.0016492340946570039,11,V2-006-OPT-CORR-F03-S20260927,2500e6093eb81946536b9d443c1fd586c1ea170025d48cf50cf45292ee22d878
b42e23dd2f5734241bcb1af53297e93eaf18cf6813c9d4e22804397bca75b98e,MITDB_P208,208,1100000000,3,20260927,MODEL_V2_TCN_MEANMAX,MODEL_V2_OPTIMIZER_CORRECTED_V1,1,7.830887317657471,0.9996028542518616,11,V2-006-OPT-CORR-F03-S20260927,2500e6093eb81946536b9d443c1fd586c1ea170025d48cf50cf45292ee22d878
b466cd1ec3ef797f59ab614183579b4d274d6bd8370ec8d95ab58390822bcc4f,MITDB_P121,121,1055000000,3,20260927,MODEL_V2_TCN_MEANMAX,MODEL_V2_OPTIMIZER_CORRECTED_V1,0,-7.737429618835449,0.0004360011371318251,11,V2-006-OPT-CORR-F03-S20260927,2500e6093eb81946536b9d443c1fd586c1ea170025d48cf50cf45292ee22d878
b49a72cbc132327918ed4e05bf10e5e9ae434bae31ec71d22628d81e3ed2b603,MITDB_P121,121,1590000000,3,20260927,MODEL_V2_TCN_MEANMAX,MODEL_V2_OPTIMIZER_CORRECTED_V1,0,-6.591789245605469,0.001369704958051443,11,V2-006-OPT-CORR-F03-S20260927,2500e6093eb81946536b9d443c1fd586c1ea170025d48cf50cf45292ee22d878
b4e7923a1d6f357709b365e3c5effd6d44566e330e1d9fd710fac1b90d56c187,MITDB_P121,121,530000000,3,20260927,MODEL_V2_TCN_MEANMAX,MODEL_V2_OPTIMIZER_CORRECTED_V1,0,-7.616612911224365,0.0004919639904983342,11,V2-006-OPT-CORR-F03-S20260927,2500e6093eb81946536b9d443c1fd586c1ea170025d48cf50cf45292ee22d878
b4f04aec5037b770d63d35955844b26b98e582e2f635569d4dc75940485eb630,MITDB_P114,114,300000000,3,20260927,MODEL_V2_TCN_MEANMAX,MODEL_V2_OPTIMIZER_CORRECTED_V1,1,9.694788932800293,0.9999383687973022,11,V2-006-OPT-CORR-F03-S20260927,2500e6093eb81946536b9d443c1fd586c1ea170025d48cf50cf45292ee22d878
b4f3574e61efbc83470c8b5d780c075a30cee6d8bc6a814a261a1725cb27870c,MITDB_P114,114,1715000000,3,20260927,MODEL_V2_TCN_MEANMAX,MODEL_V2_OPTIMIZER_CORRECTED_V1,0,-1.6266610622406006,0.16428828239440918,11,V2-006-OPT-CORR-F03-S20260927,2500e6093eb81946536b9d443c1fd586c1ea170025d48cf50cf45292ee22d878
b4fe5f83b81dc4f3a0bc28d5a2ba3dc52657518e6c43c399935979d7e93a3902,MITDB_P121,121,1670000000,3,20260927,MODEL_V2_TCN_MEANMAX,MODEL_V2_OPTIMIZER_CORRECTED_V1,0,-8.701717376708984,0.000166272307978943,11,V2-006-OPT-CORR-F03-S20260927,2500e6093eb81946536b9d443c1fd586c1ea170025d48cf50cf45292ee22d878
b50163c73e8c47c14ad04bfd5aa2a135cd47f7072f393e9a35fc2044325f2ce4,MITDB_P121,121,1705000000,3,20260927,MODEL_V2_TCN_MEANMAX,MODEL_V2_OPTIMIZER_CORRECTED_V1,0,-9.549700736999512,7.121750240912661e-05,11,V2-006-OPT-CORR-F03-S20260927,2500e6093eb81946536b9d443c1fd586c1ea170025d48cf50cf45292ee22d878
b5125e78e90f6656906af7f41217bb375b08c4c3bac03bffa28a823048258c8b,MITDB_P114,114,1165000000,3,20260927,MODEL_V2_TCN_MEANMAX,MODEL_V2_OPTIMIZER_CORRECTED_V1,0,-2.2668616771698,0.09390489757061005,11,V2-006-OPT-CORR-F03-S20260927,2500e6093eb81946536b9d443c1fd586c1ea170025d48cf50cf45292ee22d878
b515e284732aee177aa9cf0fecb7041f4bac7c15eb949b7f5effa79b1a008794,MITDB_P103,103,1510000000,3,20260927,MODEL_V2_TCN_MEANMAX,MODEL_V2_OPTIMIZER_CORRECTED_V1,0,-6.2313456535339355,0.0019629427697509527,11,V2-006-OPT-CORR-F03-S20260927,2500e6093eb81946536b9d443c1fd586c1ea170025d48cf50cf45292ee22d878
b517d7ca7c1d438adfa1bb4d2d1a67084dd6fc65c3f9fc64bc29db0905536f2f,MITDB_P103,103,1690000000,3,20260927,MODEL_V2_TCN_MEANMAX,MODEL_V2_OPTIMIZER_CORRECTED_V1,0,-6.715381145477295,0.0012106564827263355,11,V2-006-OPT-CORR-F03-S20260927,2500e6093eb81946536b9d443c1fd586c1ea170025d48cf50cf45292ee22d878
b543a70c05715c4dad6cca73ce274b21abe14386f391ff42e9c8d36ba7e07318,MITDB_P103,103,410000000,3,20260927,MODEL_V2_TCN_MEANMAX,MODEL_V2_OPTIMIZER_CORRECTED_V1,0,-6.686200141906738,0.0012464604806154966,11,V2-006-OPT-CORR-F03-S20260927,2500e6093eb81946536b9d443c1fd586c1ea170025d48cf50cf45292ee22d878
b54e4f276bd93583751e7e6b5a4c507949a516617bac5e7ac233b0036c1be093,MITDB_P121,121,735000000,3,20260927,MODEL_V2_TCN_MEANMAX,MODEL_V2_OPTIMIZER_CORRECTED_V1,0,-7.625514507293701,0.00048760627396404743,11,V2-006-OPT-CORR-F03-S20260927,2500e6093eb81946536b9d443c1fd586c1ea170025d48cf50cf45292ee22d878
b556f3cc82fb44553bf7ff5edb94c4abbcb6853436049b03d3894379e1f23606,MITDB_P103,103,1760000000,3,20260927,MODEL_V2_TCN_MEANMAX,MODEL_V2_OPTIMIZER_CORRECTED_V1,0,-6.6819047927856445,0.0012518191942945123,11,V2-006-OPT-CORR-F03-S20260927,2500e6093eb81946536b9d443c1fd586c1ea170025d48cf50cf45292ee22d878
b56c1a1ed0831ebfea4c4fdca1df950ed3f5d812265f1320a721e3e96a92b022,MITDB_P208,208,1020000000,3,20260927,MODEL_V2_TCN_MEANMAX,MODEL_V2_OPTIMIZER_CORRECTED_V1,1,9.111042976379395,0.999889612197876,11,V2-006-OPT-CORR-F03-S20260927,2500e6093eb81946536b9d443c1fd586c1ea170025d48cf50cf45292ee22d878
b5716fe55d8f865898d47764cc8b8e0b490306801e872b6fc328ba446265e542,MITDB_P121,121,785000000,3,20260927,MODEL_V2_TCN_MEANMAX,MODEL_V2_OPTIMIZER_CORRECTED_V1,0,-6.803877353668213,0.0011082354467362165,11,V2-006-OPT-CORR-F03-S20260927,2500e6093eb81946536b9d443c1fd586c1ea170025d48cf50cf45292ee22d878
b60e04314750914b05f38a6d7c1c7f8aae2f54086cd0222543837602a7419c7a,MITDB_P223,223,335000000,3,20260927,MODEL_V2_TCN_MEANMAX,MODEL_V2_OPTIMIZER_CORRECTED_V1,0,-6.200687408447266,0.002023931359872222,11,V2-006-OPT-CORR-F03-S20260927,2500e6093eb81946536b9d443c1fd586c1ea170025d48cf50cf45292ee22d878
b6598b377a901445472b46d17b398fa30b421e3b9c757b0f517658d104426b52,MITDB_P114,114,1295000000,3,20260927,MODEL_V2_TCN_MEANMAX,MODEL_V2_OPTIMIZER_CORRECTED_V1,0,-2.1666135787963867,0.10278892517089844,11,V2-006-OPT-CORR-F03-S20260927,2500e6093eb81946536b9d443c1fd586c1ea170025d48cf50cf45292ee22d878
b6e8b196f9449b0b9a77867290d9874448d0196b9671a59370e080f9a1ce40eb,MITDB_P223,223,1735000000,3,20260927,MODEL_V2_TCN_MEANMAX,MODEL_V2_OPTIMIZER_CORRECTED_V1,0,-4.899648189544678,0.0073941233567893505,11,V2-006-OPT-CORR-F03-S20260927,2500e6093eb81946536b9d443c1fd586c1ea170025d48cf50cf45292ee22d878
b74a352c259bd894015e02f8b70473d65afc803627ee35e4ad3b6be87127d4bc,MITDB_P223,223,1085000000,3,20260927,MODEL_V2_TCN_MEANMAX,MODEL_V2_OPTIMIZER_CORRECTED_V1,1,1.116100788116455,0.7532647848129272,11,V2-006-OPT-CORR-F03-S20260927,2500e6093eb81946536b9d443c1fd586c1ea170025d48cf50cf45292ee22d878
b7590468b80108eaf1661099008ea1bd07c26e7fe4973942983598a9ea218389,MITDB_P223,223,595000000,3,20260927,MODEL_V2_TCN_MEANMAX,MODEL_V2_OPTIMIZER_CORRECTED_V1,1,-1.6287317276000977,0.16400417685508728,11,V2-006-OPT-CORR-F03-S20260927,2500e6093eb81946536b9d443c1fd586c1ea170025d48cf50cf45292ee22d878
b7a913b94e76b7df1dc6d0b596cfacc61713e74f5fc4b401be690fc9308d2c13,MITDB_P121,121,545000000,3,20260927,MODEL_V2_TCN_MEANMAX,MODEL_V2_OPTIMIZER_CORRECTED_V1,0,-6.770359516143799,0.0011459673987701535,11,V2-006-OPT-CORR-F03-S20260927,2500e6093eb81946536b9d443c1fd586c1ea170025d48cf50cf45292ee22d878
b7d0e5281dbc255d743982b67c0ad0536380da65993bbbcc7cfad564c7acb0ba,MITDB_P121,121,1620000000,3,20260927,MODEL_V2_TCN_MEANMAX,MODEL_V2_OPTIMIZER_CORRECTED_V1,0,-4.760344982147217,0.008489958010613918,11,V2-006-OPT-CORR-F03-S20260927,2500e6093eb81946536b9d443c1fd586c1ea170025d48cf50cf45292ee22d878
b7dbcd9035d716e749830cbcfb8a21afd5fae7ae8a5cc9e21907caed43038be8,MITDB_P208,208,860000000,3,20260927,MODEL_V2_TCN_MEANMAX,MODEL_V2_OPTIMIZER_CORRECTED_V1,1,9.830388069152832,0.9999462366104126,11,V2-006-OPT-CORR-F03-S20260927,2500e6093eb81946536b9d443c1fd586c1ea170025d48cf50cf45292ee22d878
b7f1aa2f40e04701eda1ab7b7cafe9f2f16dc78875894ca289e254be1f07ac0f,MITDB_P121,121,285000000,3,20260927,MODEL_V2_TCN_MEANMAX,MODEL_V2_OPTIMIZER_CORRECTED_V1,0,-8.511878967285156,0.00020102525013498962,11,V2-006-OPT-CORR-F03-S20260927,2500e6093eb81946536b9d443c1fd586c1ea170025d48cf50cf45292ee22d878
b80f3cb80e54a7b885b19f6ab0054ee249129312d19a5f0883588ffe3acbfc16,MITDB_P121,121,1685000000,3,20260927,MODEL_V2_TCN_MEANMAX,MODEL_V2_OPTIMIZER_CORRECTED_V1,0,-8.459224700927734,0.00021189141261857003,11,V2-006-OPT-CORR-F03-S20260927,2500e6093eb81946536b9d443c1fd586c1ea170025d48cf50cf45292ee22d878
b824b5bcc1af0cc855363d340e863cf9932c1833bc8d4d7b55b19a2879672007,MITDB_P121,121,1010000000,3,20260927,MODEL_V2_TCN_MEANMAX,MODEL_V2_OPTIMIZER_CORRECTED_V1,0,-8.013230323791504,0.00033094402169808745,11,V2-006-OPT-CORR-F03-S20260927,2500e6093eb81946536b9d443c1fd586c1ea170025d48cf50cf45292ee22d878
b83d14e8845ef73e8802e1ab735bd7a33ea47e3969c1000cbd2a84f8c99f1527,MITDB_P114,114,1190000000,3,20260927,MODEL_V2_TCN_MEANMAX,MODEL_V2_OPTIMIZER_CORRECTED_V1,0,-1.8992249965667725,0.130196213722229,11,V2-006-OPT-CORR-F03-S20260927,2500e6093eb81946536b9d443c1fd586c1ea170025d48cf50cf45292ee22d878
b891021062e191c39af824c4513f2c86735572137edd31cc202f7185febd064f,MITDB_P114,114,740000000,3,20260927,MODEL_V2_TCN_MEANMAX,MODEL_V2_OPTIMIZER_CORRECTED_V1,1,1.4834957122802734,0.8150999546051025,11,V2-006-OPT-CORR-F03-S20260927,2500e6093eb81946536b9d443c1fd586c1ea170025d48cf50cf45292ee22d878
b8a9a6947d0ec911773898ca46fc9a2f6d1ff02605ef5bae7d47c14f90dd3b06,MITDB_P208,208,880000000,3,20260927,MODEL_V2_TCN_MEANMAX,MODEL_V2_OPTIMIZER_CORRECTED_V1,1,11.339699745178223,0.9999880790710449,11,V2-006-OPT-CORR-F03-S20260927,2500e6093eb81946536b9d443c1fd586c1ea170025d48cf50cf45292ee22d878
b8d90953c6faf073ce231cf5012537c2db2ce705395d5241aa90bcba3e3f22b7,MITDB_P208,208,320000000,3,20260927,MODEL_V2_TCN_MEANMAX,MODEL_V2_OPTIMIZER_CORRECTED_V1,1,10.399542808532715,0.9999696016311646,11,V2-006-OPT-CORR-F03-S20260927,2500e6093eb81946536b9d443c1fd586c1ea170025d48cf50cf45292ee22d878
b8ef4da33ad23008573cc67d005dc6232d256b240e42c70cabc5f9d4642c38ce,MITDB_P114,114,80000000,3,20260927,MODEL_V2_TCN_MEANMAX,MODEL_V2_OPTIMIZER_CORRECTED_V1,0,-3.094176769256592,0.04334809631109238,11,V2-006-OPT-CORR-F03-S20260927,2500e6093eb81946536b9d443c1fd586c1ea170025d48cf50cf45292ee22d878
b8fe9f707df4bff8019503088b7c342c10885a6a413e7add2c63f00aaca18986,MITDB_P121,121,1340000000,3,20260927,MODEL_V2_TCN_MEANMAX,MODEL_V2_OPTIMIZER_CORRECTED_V1,0,-8.014086723327637,0.000330660812323913,11,V2-006-OPT-CORR-F03-S20260927,2500e6093eb81946536b9d443c1fd586c1ea170025d48cf50cf45292ee22d878
b90c43a48b1edf9859b3ecc7ad0b54cc1b4bb9dfb4cb73ac98186f4029ffcfda,MITDB_P114,114,855000000,3,20260927,MODEL_V2_TCN_MEANMAX,MODEL_V2_OPTIMIZER_CORRECTED_V1,1,6.443861961364746,0.9984122514724731,11,V2-006-OPT-CORR-F03-S20260927,2500e6093eb81946536b9d443c1fd586c1ea170025d48cf50cf45292ee22d878
b99b7593a40671ed1a12540bea11f7d4db916b0e853c174201763053eafd220d,MITDB_P121,121,125000000,3,20260927,MODEL_V2_TCN_MEANMAX,MODEL_V2_OPTIMIZER_CORRECTED_V1,0,-6.797818183898926,0.0011149633210152388,11,V2-006-OPT-CORR-F03-S20260927,2500e6093eb81946536b9d443c1fd586c1ea170025d48cf50cf45292ee22d878
b9e25675520b965d481d791d9d30959ab489e0ed423eca1c3b42f7ce3194988e,MITDB_P114,114,790000000,3,20260927,MODEL_V2_TCN_MEANMAX,MODEL_V2_OPTIMIZER_CORRECTED_V1,0,-1.4233245849609375,0.19414092600345612,11,V2-006-OPT-CORR-F03-S20260927,2500e6093eb81946536b9d443c1fd586c1ea170025d48cf50cf45292ee22d878
b9fe6645380384e3475d74738a5d0a0d5ed6f74218781869a9bd46c7d9884e93,MITDB_P223,223,385000000,3,20260927,MODEL_V2_TCN_MEANMAX,MODEL_V2_OPTIMIZER_CORRECTED_V1,0,-7.246908187866211,0.0007118664216250181,11,V2-006-OPT-CORR-F03-S20260927,2500e6093eb81946536b9d443c1fd586c1ea170025d48cf50cf45292ee22d878
ba264a29c8c8c32c964a4066d475525281d7d3e4a461009ddbff1ad8a795db72,MITDB_P121,121,1030000000,3,20260927,MODEL_V2_TCN_MEANMAX,MODEL_V2_OPTIMIZER_CORRECTED_V1,0,-7.425535678863525,0.0005954867810942233,11,V2-006-OPT-CORR-F03-S20260927,2500e6093eb81946536b9d443c1fd586c1ea170025d48cf50cf45292ee22d878
ba513838881b84a88bed036a1ed2a34c1e105dc0548ed2e7ded23ea2e7846bf4,MITDB_P114,114,280000000,3,20260927,MODEL_V2_TCN_MEANMAX,MODEL_V2_OPTIMIZER_CORRECTED_V1,1,-2.835327386856079,0.05544473975896835,11,V2-006-OPT-CORR-F03-S20260927,2500e6093eb81946536b9d443c1fd586c1ea170025d48cf50cf45292ee22d878
ba5bab8e1141cedd0028122071a8d63b9dec3267b441c3ba1a96459c80e7c1f2,MITDB_P121,121,1125000000,3,20260927,MODEL_V2_TCN_MEANMAX,MODEL_V2_OPTIMIZER_CORRECTED_V1,0,-6.213080883026123,0.0019990524742752314,11,V2-006-OPT-CORR-F03-S20260927,2500e6093eb81946536b9d443c1fd586c1ea170025d48cf50cf45292ee22d878
ba7c65d487434cac5c95968da48f90c669769c1591ec8312fa5d84b2e22b7b48,MITDB_P103,103,775000000,3,20260927,MODEL_V2_TCN_MEANMAX,MODEL_V2_OPTIMIZER_CORRECTED_V1,0,-6.709622383117676,0.0012176398886367679,11,V2-006-OPT-CORR-F03-S20260927,2500e6093eb81946536b9d443c1fd586c1ea170025d48cf50cf45292ee22d878
baa77f455806767e6b123a13c7aa93d06fdbf0a19f9e76d3dabfb4af4d6e35ea,MITDB_P208,208,1555000000,3,20260927,MODEL_V2_TCN_MEANMAX,MODEL_V2_OPTIMIZER_CORRECTED_V1,1,6.738353729248047,0.9988168478012085,11,V2-006-OPT-CORR-F03-S20260927,2500e6093eb81946536b9d443c1fd586c1ea170025d48cf50cf45292ee22d878
bab582690e6630c72ddae72692a75d38043d810f654f04a4ea7c794b448b48ad,MITDB_P103,103,1390000000,3,20260927,MODEL_V2_TCN_MEANMAX,MODEL_V2_OPTIMIZER_CORRECTED_V1,0,-6.515149116516113,0.0014786453684791923,11,V2-006-OPT-CORR-F03-S20260927,2500e6093eb81946536b9d443c1fd586c1ea170025d48cf50cf45292ee22d878
bb0473e427e4946abcf812347570ba1fe7afbcac58d27df20bf6b20919cef98d,MITDB_P114,114,950000000,3,20260927,MODEL_V2_TCN_MEANMAX,MODEL_V2_OPTIMIZER_CORRECTED_V1,0,-0.07246221601963043,0.4818923771381378,11,V2-006-OPT-CORR-F03-S20260927,2500e6093eb81946536b9d443c1fd586c1ea170025d48cf50cf45292ee22d878
bb2d16289533488b2c291ea5708249cb6897cf9b04ed868be0c7352d419e2657,MITDB_P114,114,500000000,3,20260927,MODEL_V2_TCN_MEANMAX,MODEL_V2_OPTIMIZER_CORRECTED_V1,1,11.27362060546875,0.9999872446060181,11,V2-006-OPT-CORR-F03-S20260927,2500e6093eb81946536b9d443c1fd586c1ea170025d48cf50cf45292ee22d878
bb4a186568be44c45374d47f3958aadf6a83dadbbfe469988f7f00f165e78078,MITDB_P103,103,1025000000,3,20260927,MODEL_V2_TCN_MEANMAX,MODEL_V2_OPTIMIZER_CORRECTED_V1,0,-6.454655170440674,0.0015707106795161963,11,V2-006-OPT-CORR-F03-S20260927,2500e6093eb81946536b9d443c1fd586c1ea170025d48cf50cf45292ee22d878
bba0e15cb551cfdbec6d97dbc0e107b2758145d129d12fd3f002be8c90cf8e8c,MITDB_P103,103,1330000000,3,20260927,MODEL_V2_TCN_MEANMAX,MODEL_V2_OPTIMIZER_CORRECTED_V1,0,-4.913846969604492,0.007290637586265802,11,V2-006-OPT-CORR-F03-S20260927,2500e6093eb81946536b9d443c1fd586c1ea170025d48cf50cf45292ee22d878
bba612d5e6c8d38d3a3ebcedb9c5fdfe28cc7d959d8a32b50b4b963d44283504,MITDB_P103,103,1570000000,3,20260927,MODEL_V2_TCN_MEANMAX,MODEL_V2_OPTIMIZER_CORRECTED_V1,0,-6.133152008056641,0.002165033482015133,11,V2-006-OPT-CORR-F03-S20260927,2500e6093eb81946536b9d443c1fd586c1ea170025d48cf50cf45292ee22d878
bbc7991497a590f207accca9f7cf00056e84f231e0f9a63886a194cf1161ac0f,MITDB_P103,103,1465000000,3,20260927,MODEL_V2_TCN_MEANMAX,MODEL_V2_OPTIMIZER_CORRECTED_V1,0,-6.863444805145264,0.0010442152852192521,11,V2-006-OPT-CORR-F03-S20260927,2500e6093eb81946536b9d443c1fd586c1ea170025d48cf50cf45292ee22d878
bbe1311bd401c2a65dd023267fcceb78d8a384c733cd28dae80522df9e1177c5,MITDB_P223,223,310000000,3,20260927,MODEL_V2_TCN_MEANMAX,MODEL_V2_OPTIMIZER_CORRECTED_V1,1,-5.1051177978515625,0.006029054056853056,11,V2-006-OPT-CORR-F03-S20260927,2500e6093eb81946536b9d443c1fd586c1ea170025d48cf50cf45292ee22d878
bbf56b443ee8902e903b914a21ced8a8dbac1e91c6c5096223d4ac320a1645b2,MITDB_P208,208,1415000000,3,20260927,MODEL_V2_TCN_MEANMAX,MODEL_V2_OPTIMIZER_CORRECTED_V1,1,10.747786521911621,0.9999785423278809,11,V2-006-OPT-CORR-F03-S20260927,2500e6093eb81946536b9d443c1fd586c1ea170025d48cf50cf45292ee22d878
bc31007e7e907b8c5110df408f3544a629e5de67305f6ba665270944f2373cdc,MITDB_P121,121,140000000,3,20260927,MODEL_V2_TCN_MEANMAX,MODEL_V2_OPTIMIZER_CORRECTED_V1,0,-8.00985336303711,0.0003320631221868098,11,V2-006-OPT-CORR-F03-S20260927,2500e6093eb81946536b9d443c1fd586c1ea170025d48cf50cf45292ee22d878
bc77972306ddf03be222b7b0be0e88e8a62061a1903439dcdfc3ac48df5115d6,MITDB_P121,121,920000000,3,20260927,MODEL_V2_TCN_MEANMAX,MODEL_V2_OPTIMIZER_CORRECTED_V1,0,-7.882208347320557,0.0003772563359234482,11,V2-006-OPT-CORR-F03-S20260927,2500e6093eb81946536b9d443c1fd586c1ea170025d48cf50cf45292ee22d878
bd0d5b5d35607158d8447cae0d9dba2a22b8f701e66b8453a2f8a3c91e3aeb74,MITDB_P103,103,955000000,3,20260927,MODEL_V2_TCN_MEANMAX,MODEL_V2_OPTIMIZER_CORRECTED_V1,0,-5.838868141174316,0.0029036810155957937,11,V2-006-OPT-CORR-F03-S20260927,2500e6093eb81946536b9d443c1fd586c1ea170025d48cf50cf45292ee22d878
bd46c6590aea61e781e3161723070d0bad4f76f250daee2e950e4e4c4ab591f8,MITDB_P208,208,735000000,3,20260927,MODEL_V2_TCN_MEANMAX,MODEL_V2_OPTIMIZER_CORRECTED_V1,1,10.516581535339355,0.999972939491272,11,V2-006-OPT-CORR-F03-S20260927,2500e6093eb81946536b9d443c1fd586c1ea170025d48cf50cf45292ee22d878
bd57ae684333ae64cf22802e0f873a5c12a743104ed380ccf884946a1bfd439f,MITDB_P103,103,355000000,3,20260927,MODEL_V2_TCN_MEANMAX,MODEL_V2_OPTIMIZER_CORRECTED_V1,0,-6.168248653411865,0.0020905223209410906,11,V2-006-OPT-CORR-F03-S20260927,2500e6093eb81946536b9d443c1fd586c1ea170025d48cf50cf45292ee22d878
bda5692894b7cb902f098567becbd3f4f329cabdd1749d57981ad402b64f1b46,MITDB_P121,121,355000000,3,20260927,MODEL_V2_TCN_MEANMAX,MODEL_V2_OPTIMIZER_CORRECTED_V1,0,-0.7336854338645935,0.32438650727272034,11,V2-006-OPT-CORR-F03-S20260927,2500e6093eb81946536b9d443c1fd586c1ea170025d48cf50cf45292ee22d878
bdf2ed4d3ff430ca7c064961d61df73569fc3e641b69d248af00f5b14f8e9fc9,MITDB_P103,103,425000000,3,20260927,MODEL_V2_TCN_MEANMAX,MODEL_V2_OPTIMIZER_CORRECTED_V1,0,-6.255764484405518,0.0019156812923029065,11,V2-006-OPT-CORR-F03-S20260927,2500e6093eb81946536b9d443c1fd586c1ea170025d48cf50cf45292ee22d878
be042485a08a2a21a4672c992c3057771e1acdb159895eeef15919b92bcca45e,MITDB_P223,223,750000000,3,20260927,MODEL_V2_TCN_MEANMAX,MODEL_V2_OPTIMIZER_CORRECTED_V1,1,7.046899318695068,0.9991306662559509,11,V2-006-OPT-CORR-F03-S20260927,2500e6093eb81946536b9d443c1fd586c1ea170025d48cf50cf45292ee22d878
be2c82d9ca6802f41e00a1f5a008e4a1a41aca658c2da985b4090d8cfd126bc1,MITDB_P103,103,705000000,3,20260927,MODEL_V2_TCN_MEANMAX,MODEL_V2_OPTIMIZER_CORRECTED_V1,0,-6.075719356536865,0.00229272386059165,11,V2-006-OPT-CORR-F03-S20260927,2500e6093eb81946536b9d443c1fd586c1ea170025d48cf50cf45292ee22d878
be52224f4829fedb8f4f11e3f5406af843cd203f0f267fea60096737f6be2229,MITDB_P208,208,975000000,3,20260927,MODEL_V2_TCN_MEANMAX,MODEL_V2_OPTIMIZER_CORRECTED_V1,1,10.942288398742676,0.9999823570251465,11,V2-006-OPT-CORR-F03-S20260927,2500e6093eb81946536b9d443c1fd586c1ea170025d48cf50cf45292ee22d878
be70be16fecbc13fa6999c2e96ffc2a8a3ca4593004a635463b41c1fffa258be,MITDB_P223,223,1605000000,3,20260927,MODEL_V2_TCN_MEANMAX,MODEL_V2_OPTIMIZER_CORRECTED_V1,1,1.966991662979126,0.8772875666618347,11,V2-006-OPT-CORR-F03-S20260927,2500e6093eb81946536b9d443c1fd586c1ea170025d48cf50cf45292ee22d878
be88131bfe47b74635f0ecb867f447a24ebc3f982b866b453f1c87be661c2ca0,MITDB_P208,208,425000000,3,20260927,MODEL_V2_TCN_MEANMAX,MODEL_V2_OPTIMIZER_CORRECTED_V1,1,10.687102317810059,0.9999771118164062,11,V2-006-OPT-CORR-F03-S20260927,2500e6093eb81946536b9d443c1fd586c1ea170025d48cf50cf45292ee22d878
bf0a1438e428b38b93d79ef5ef23eb44055cbcb7deffbc97f203b72250d98c78,MITDB_P223,223,370000000,3,20260927,MODEL_V2_TCN_MEANMAX,MODEL_V2_OPTIMIZER_CORRECTED_V1,1,-2.8265042304992676,0.055908624082803726,11,V2-006-OPT-CORR-F03-S20260927,2500e6093eb81946536b9d443c1fd586c1ea170025d48cf50cf45292ee22d878
bf1b191f3761f4c9e5b5cb5ca98a97f5fd436f07d9dc94207ac96d3b9da6498d,MITDB_P121,121,1595000000,3,20260927,MODEL_V2_TCN_MEANMAX,MODEL_V2_OPTIMIZER_CORRECTED_V1,0,-7.674466609954834,0.0004643225984182209,11,V2-006-OPT-CORR-F03-S20260927,2500e6093eb81946536b9d443c1fd586c1ea170025d48cf50cf45292ee22d878
bf2d1e4725e1a9464a1797a80ec47e597072ebe4bdc72204aa1ac3557b948002,MITDB_P208,208,420000000,3,20260927,MODEL_V2_TCN_MEANMAX,MODEL_V2_OPTIMIZER_CORRECTED_V1,1,10.175930976867676,0.9999619722366333,11,V2-006-OPT-CORR-F03-S20260927,2500e6093eb81946536b9d443c1fd586c1ea170025d48cf50cf45292ee22d878
bf30bd638ce032c588ae360cc98c29936d9ca3b3d7abb171874de9198edc9dc9,MITDB_P223,223,895000000,3,20260927,MODEL_V2_TCN_MEANMAX,MODEL_V2_OPTIMIZER_CORRECTED_V1,1,-3.0778682231903076,0.04402945563197136,11,V2-006-OPT-CORR-F03-S20260927,2500e6093eb81946536b9d443c1fd586c1ea170025d48cf50cf45292ee22d878
bf6a25d25542628eb87d2737508c7d9672d23e53a23e40056d7cc3b081f7bd5e,MITDB_P223,223,560000000,3,20260927,MODEL_V2_TCN_MEANMAX,MODEL_V2_OPTIMIZER_CORRECTED_V1,1,-4.690803050994873,0.009095818735659122,11,V2-006-OPT-CORR-F03-S20260927,2500e6093eb81946536b9d443c1fd586c1ea170025d48cf50cf45292ee22d878
bf9e44f8e094cfc62af0793547aeb75efabd5763eb48851ea7eaebe30722ecb1,MITDB_P121,121,170000000,3,20260927,MODEL_V2_TCN_MEANMAX,MODEL_V2_OPTIMIZER_CORRECTED_V1,0,-7.706911563873291,0.0004495060711633414,11,V2-006-OPT-CORR-F03-S20260927,2500e6093eb81946536b9d443c1fd586c1ea170025d48cf50cf45292ee22d878
bfbc5741bc668a999fab173730a2c99c8b29c2d4a2d5af965efa1dae3b352d2b,MITDB_P223,223,1755000000,3,20260927,MODEL_V2_TCN_MEANMAX,MODEL_V2_OPTIMIZER_CORRECTED_V1,1,-3.629481077194214,0.025844300165772438,11,V2-006-OPT-CORR-F03-S20260927,2500e6093eb81946536b9d443c1fd586c1ea170025d48cf50cf45292ee22d878
c042fb14c352ac1afaad328e7ee03c0bdb67969727e63929f3f15336f8b2e4b7,MITDB_P121,121,135000000,3,20260927,MODEL_V2_TCN_MEANMAX,MODEL_V2_OPTIMIZER_CORRECTED_V1,0,-6.993005752563477,0.0009174398146569729,11,V2-006-OPT-CORR-F03-S20260927,2500e6093eb81946536b9d443c1fd586c1ea170025d48cf50cf45292ee22d878
c074c0ff213f997b28a27f8d151d8556f7106aeee31cebdbee2803429e69838b,MITDB_P223,223,910000000,3,20260927,MODEL_V2_TCN_MEANMAX,MODEL_V2_OPTIMIZER_CORRECTED_V1,1,-3.045686960220337,0.04540404677391052,11,V2-006-OPT-CORR-F03-S20260927,2500e6093eb81946536b9d443c1fd586c1ea170025d48cf50cf45292ee22d878
c0b7ab355b8b241b76b3feb474c2cf1aa858a38029d7c802005819f6070eb150,MITDB_P223,223,1065000000,3,20260927,MODEL_V2_TCN_MEANMAX,MODEL_V2_OPTIMIZER_CORRECTED_V1,1,-1.6883474588394165,0.1559932976961136,11,V2-006-OPT-CORR-F03-S20260927,2500e6093eb81946536b9d443c1fd586c1ea170025d48cf50cf45292ee22d878
c0bb1889883cf67f624905e445694ca13ce5721a7add67ce3b29917b092bda16,MITDB_P223,223,925000000,3,20260927,MODEL_V2_TCN_MEANMAX,MODEL_V2_OPTIMIZER_CORRECTED_V1,0,-4.639955043792725,0.009565744549036026,11,V2-006-OPT-CORR-F03-S20260927,2500e6093eb81946536b9d443c1fd586c1ea170025d48cf50cf45292ee22d878
c0e07d974c7b4929ad58bfc9493eb2b4b2393cac2f6f29e8931de4c667058564,MITDB_P208,208,1755000000,3,20260927,MODEL_V2_TCN_MEANMAX,MODEL_V2_OPTIMIZER_CORRECTED_V1,1,10.131424903869629,0.99996018409729,11,V2-006-OPT-CORR-F03-S20260927,2500e6093eb81946536b9d443c1fd586c1ea170025d48cf50cf45292ee22d878
c0f8207d1774166f8e819ac748c43f642109966503606861ccee753bcf880af1,MITDB_P114,114,1070000000,3,20260927,MODEL_V2_TCN_MEANMAX,MODEL_V2_OPTIMIZER_CORRECTED_V1,0,-3.4436802864074707,0.030957885086536407,11,V2-006-OPT-CORR-F03-S20260927,2500e6093eb81946536b9d443c1fd586c1ea170025d48cf50cf45292ee22d878
c1a47f1ca347754fd524dbd1e2f0446c0e3ed46ab1ef2e364536b4fc32b2a081,MITDB_P103,103,1245000000,3,20260927,MODEL_V2_TCN_MEANMAX,MODEL_V2_OPTIMIZER_CORRECTED_V1,0,-6.2286458015441895,0.0019682389684021473,11,V2-006-OPT-CORR-F03-S20260927,2500e6093eb81946536b9d443c1fd586c1ea170025d48cf50cf45292ee22d878
c1ab1ad121e45849450b461860c571b04d97e289eaa2e3abcb516e31d79861c6,MITDB_P208,208,305000000,3,20260927,MODEL_V2_TCN_MEANMAX,MODEL_V2_OPTIMIZER_CORRECTED_V1,1,11.153051376342773,0.9999856948852539,11,V2-006-OPT-CORR-F03-S20260927,2500e6093eb81946536b9d443c1fd586c1ea170025d48cf50cf45292ee22d878
c1bfdb1d7b78375bc1c7618d3125be3c1c3192fdf34eee30488e0e438788ada6,MITDB_P121,121,1525000000,3,20260927,MODEL_V2_TCN_MEANMAX,MODEL_V2_OPTIMIZER_CORRECTED_V1,0,-6.46996545791626,0.0015468826750293374,11,V2-006-OPT-CORR-F03-S20260927,2500e6093eb81946536b9d443c1fd586c1ea170025d48cf50cf45292ee22d878
c1cc93042824d05864d27c2077d120f906366ddaeb282d857f7288a234c9713a,MITDB_P103,103,70000000,3,20260927,MODEL_V2_TCN_MEANMAX,MODEL_V2_OPTIMIZER_CORRECTED_V1,0,-6.497008323669434,0.001505673280917108,11,V2-006-OPT-CORR-F03-S20260927,2500e6093eb81946536b9d443c1fd586c1ea170025d48cf50cf45292ee22d878
c1de7dd4723a5698502b2e486026e90eaf5db869533ef09e48e193fbcd3c944e,MITDB_P121,121,375000000,3,20260927,MODEL_V2_TCN_MEANMAX,MODEL_V2_OPTIMIZER_CORRECTED_V1,0,-7.549102306365967,0.0005263054626993835,11,V2-006-OPT-CORR-F03-S20260927,2500e6093eb81946536b9d443c1fd586c1ea170025d48cf50cf45292ee22d878
c20580fc32ea38b885eb36a777ed345884c5a0ba7d7335044627d0c45c993be4,MITDB_P121,121,1655000000,3,20260927,MODEL_V2_TCN_MEANMAX,MODEL_V2_OPTIMIZER_CORRECTED_V1,0,-2.448009729385376,0.07958421856164932,11,V2-006-OPT-CORR-F03-S20260927,2500e6093eb81946536b9d443c1fd586c1ea170025d48cf50cf45292ee22d878
c2476d448a7353dc3a8dfde41952e33e05c63b90cb5bd32f4ef7eddc4abe72f7,MITDB_P114,114,1130000000,3,20260927,MODEL_V2_TCN_MEANMAX,MODEL_V2_OPTIMIZER_CORRECTED_V1,0,-2.414414167404175,0.08208012580871582,11,V2-006-OPT-CORR-F03-S20260927,2500e6093eb81946536b9d443c1fd586c1ea170025d48cf50cf45292ee22d878
c2cf2459246d0d6032eb91bbcac78f3e3a642b51ed7c88b8e2d7eaafeed1ab6e,MITDB_P114,114,1410000000,3,20260927,MODEL_V2_TCN_MEANMAX,MODEL_V2_OPTIMIZER_CORRECTED_V1,0,-1.9927330017089844,0.11996802687644958,11,V2-006-OPT-CORR-F03-S20260927,2500e6093eb81946536b9d443c1fd586c1ea170025d48cf50cf45292ee22d878
c2dfa76c8cde993b1b2b81ec547caa4f62661738d3ade205ce7b5892614bb0e1,MITDB_P223,223,1800000000,3,20260927,MODEL_V2_TCN_MEANMAX,MODEL_V2_OPTIMIZER_CORRECTED_V1,1,0.027816787362098694,0.5069537162780762,11,V2-006-OPT-CORR-F03-S20260927,2500e6093eb81946536b9d443c1fd586c1ea170025d48cf50cf45292ee22d878
c344a1ab23f617b692dc078ad79ff0c4730be2b84d43bbffb796d6c709e8ad3f,MITDB_P121,121,1360000000,3,20260927,MODEL_V2_TCN_MEANMAX,MODEL_V2_OPTIMIZER_CORRECTED_V1,0,-7.828226089477539,0.0003981728514190763,11,V2-006-OPT-CORR-F03-S20260927,2500e6093eb81946536b9d443c1fd586c1ea170025d48cf50cf45292ee22d878
c34a5f92ab09230d03be0396bff148a119cfb26d8b66bbc44e043d5634d8229b,MITDB_P114,114,120000000,3,20260927,MODEL_V2_TCN_MEANMAX,MODEL_V2_OPTIMIZER_CORRECTED_V1,0,-5.372940540313721,0.004619031213223934,11,V2-006-OPT-CORR-F03-S20260927,2500e6093eb81946536b9d443c1fd586c1ea170025d48cf50cf45292ee22d878
c355201388bcd8e4c7899d6fe18ea07cbb8cbb0f1801e5410919ff7d809b3464,MITDB_P208,208,225000000,3,20260927,MODEL_V2_TCN_MEANMAX,MODEL_V2_OPTIMIZER_CORRECTED_V1,1,11.415181159973145,0.9999890327453613,11,V2-006-OPT-CORR-F03-S20260927,2500e6093eb81946536b9d443c1fd586c1ea170025d48cf50cf45292ee22d878
c39bf68efe73aaff0e5c1308a64bd7e17a6f137c2674e9c8920a03b922f20bf8,MITDB_P114,114,1285000000,3,20260927,MODEL_V2_TCN_MEANMAX,MODEL_V2_OPTIMIZER_CORRECTED_V1,0,-3.0256009101867676,0.04628261551260948,11,V2-006-OPT-CORR-F03-S20260927,2500e6093eb81946536b9d443c1fd586c1ea170025d48cf50cf45292ee22d878
c3a47f232d8367b7cb96d268f26ec4e0bce760a0611acd7b12dd6d13c95bca9d,MITDB_P114,114,490000000,3,20260927,MODEL_V2_TCN_MEANMAX,MODEL_V2_OPTIMIZER_CORRECTED_V1,0,-4.05061674118042,0.01711365580558777,11,V2-006-OPT-CORR-F03-S20260927,2500e6093eb81946536b9d443c1fd586c1ea170025d48cf50cf45292ee22d878
c3b4c9d332d69988487e4687111e46b2c382a534d3b986ae9c02cae89fb9ab9a,MITDB_P223,223,1705000000,3,20260927,MODEL_V2_TCN_MEANMAX,MODEL_V2_OPTIMIZER_CORRECTED_V1,1,2.0294189453125,0.8838514685630798,11,V2-006-OPT-CORR-F03-S20260927,2500e6093eb81946536b9d443c1fd586c1ea170025d48cf50cf45292ee22d878
c3c25c06753f19b05551f42bb19edb7200f7ed6f72e7bc499ac63fcd23b4353d,MITDB_P223,223,885000000,3,20260927,MODEL_V2_TCN_MEANMAX,MODEL_V2_OPTIMIZER_CORRECTED_V1,1,-1.7670111656188965,0.14591442048549652,11,V2-006-OPT-CORR-F03-S20260927,2500e6093eb81946536b9d443c1fd586c1ea170025d48cf50cf45292ee22d878
c41f3711d836d7994bc862cc8f5308cf6b6ff40eb1d236fd023c00cccf32db9e,MITDB_P121,121,1565000000,3,20260927,MODEL_V2_TCN_MEANMAX,MODEL_V2_OPTIMIZER_CORRECTED_V1,0,-7.93775749206543,0.0003568787651602179,11,V2-006-OPT-CORR-F03-S20260927,2500e6093eb81946536b9d443c1fd586c1ea170025d48cf50cf45292ee22d878
c4205daf267efbec08ea119f44dc02be5ba4b16a045ea7940a5834396e7675de,MITDB_P103,103,465000000,3,20260927,MODEL_V2_TCN_MEANMAX,MODEL_V2_OPTIMIZER_CORRECTED_V1,0,-6.294084072113037,0.0018437944818288088,11,V2-006-OPT-CORR-F03-S20260927,2500e6093eb81946536b9d443c1fd586c1ea170025d48cf50cf45292ee22d878
c4553c6798db61d566c656a84ac0484b2751c90bdce1e16ce22068d9073cbf42,MITDB_P223,223,315000000,3,20260927,MODEL_V2_TCN_MEANMAX,MODEL_V2_OPTIMIZER_CORRECTED_V1,1,-2.337941884994507,0.08802899718284607,11,V2-006-OPT-CORR-F03-S20260927,2500e6093eb81946536b9d443c1fd586c1ea170025d48cf50cf45292ee22d878
c45c7506f02924f2746fe4c8e6a05db1276a4b89beebcbe61c46cdf32292861e,MITDB_P103,103,1470000000,3,20260927,MODEL_V2_TCN_MEANMAX,MODEL_V2_OPTIMIZER_CORRECTED_V1,0,-6.74328088760376,0.0011773855658248067,11,V2-006-OPT-CORR-F03-S20260927,2500e6093eb81946536b9d443c1fd586c1ea170025d48cf50cf45292ee22d878
c4684322319e3989bb6962302765cc9036db062da6e5ed464d9a0f26fa1fbd16,MITDB_P121,121,75000000,3,20260927,MODEL_V2_TCN_MEANMAX,MODEL_V2_OPTIMIZER_CORRECTED_V1,0,-8.006067276000977,0.00033332229941152036,11,V2-006-OPT-CORR-F03-S20260927,2500e6093eb81946536b9d443c1fd586c1ea170025d48cf50cf45292ee22d878
c48ae71199b7729d6a069529a61478a8761e1c5d0a6231384ac0829eb9a94235,MITDB_P223,223,1210000000,3,20260927,MODEL_V2_TCN_MEANMAX,MODEL_V2_OPTIMIZER_CORRECTED_V1,0,-5.010808944702148,0.006621374282985926,11,V2-006-OPT-CORR-F03-S20260927,2500e6093eb81946536b9d443c1fd586c1ea170025d48cf50cf45292ee22d878
c4c8bbb78bda6e819467b8050d37f89fa6c22a23f04ea9826a4875ea1bfc705e,MITDB_P114,114,1010000000,3,20260927,MODEL_V2_TCN_MEANMAX,MODEL_V2_OPTIMIZER_CORRECTED_V1,0,-2.6472203731536865,0.06616053730249405,11,V2-006-OPT-CORR-F03-S20260927,2500e6093eb81946536b9d443c1fd586c1ea170025d48cf50cf45292ee22d878
c4eda20584cfee15c7d9cd742577f6a896038372e1f30db025155eb39c3d5c8e,MITDB_P223,223,1000000000,3,20260927,MODEL_V2_TCN_MEANMAX,MODEL_V2_OPTIMIZER_CORRECTED_V1,0,-4.838802814483643,0.007854347117245197,11,V2-006-OPT-CORR-F03-S20260927,2500e6093eb81946536b9d443c1fd586c1ea170025d48cf50cf45292ee22d878
c4f1baae50dfe93d6bb91913ee16d30cc4cc4db3938bf411bc92e415ed55ad89,MITDB_P103,103,670000000,3,20260927,MODEL_V2_TCN_MEANMAX,MODEL_V2_OPTIMIZER_CORRECTED_V1,0,-6.598709583282471,0.0013602717081084847,11,V2-006-OPT-CORR-F03-S20260927,2500e6093eb81946536b9d443c1fd586c1ea170025d48cf50cf45292ee22d878
c5092174340b98a9e17a705f2f77809998a494f6b6298a9c69d174b88ead5ace,MITDB_P223,223,655000000,3,20260927,MODEL_V2_TCN_MEANMAX,MODEL_V2_OPTIMIZER_CORRECTED_V1,0,-5.052182674407959,0.006354718469083309,11,V2-006-OPT-CORR-F03-S20260927,2500e6093eb81946536b9d443c1fd586c1ea170025d48cf50cf45292ee22d878
c51f863512b92d292e0fc93b762559a7ab393c7e9cba32d9559bf5bd5dddf451,MITDB_P114,114,1035000000,3,20260927,MODEL_V2_TCN_MEANMAX,MODEL_V2_OPTIMIZER_CORRECTED_V1,0,0.09263657033443451,0.5231425762176514,11,V2-006-OPT-CORR-F03-S20260927,2500e6093eb81946536b9d443c1fd586c1ea170025d48cf50cf45292ee22d878
c5271990ca69b322007fbea0c3058da656d79c287b30a84c2772427a0e044027,MITDB_P103,103,180000000,3,20260927,MODEL_V2_TCN_MEANMAX,MODEL_V2_OPTIMIZER_CORRECTED_V1,0,-6.190756320953369,0.0020440900698304176,11,V2-006-OPT-CORR-F03-S20260927,2500e6093eb81946536b9d443c1fd586c1ea170025d48cf50cf45292ee22d878
c530a016ca50c4932b11b4f01d263da14cf8fa2a53eb1e2d85e0c7d958537500,MITDB_P223,223,1675000000,3,20260927,MODEL_V2_TCN_MEANMAX,MODEL_V2_OPTIMIZER_CORRECTED_V1,1,2.982436180114746,0.9517743587493896,11,V2-006-OPT-CORR-F03-S20260927,2500e6093eb81946536b9d443c1fd586c1ea170025d48cf50cf45292ee22d878
c57d6b5da0c36c0090c362dce186fc9f008687782d4d7b93b6b40092ff03fcef,MITDB_P121,121,670000000,3,20260927,MODEL_V2_TCN_MEANMAX,MODEL_V2_OPTIMIZER_CORRECTED_V1,0,-7.783362865447998,0.000416435330407694,11,V2-006-OPT-CORR-F03-S20260927,2500e6093eb81946536b9d443c1fd586c1ea170025d48cf50cf45292ee22d878
c5eeb00eaa4a37236895e60db063a4d32c033c9b5f6eb16937f80a2e321fbaf0,MITDB_P223,223,710000000,3,20260927,MODEL_V2_TCN_MEANMAX,MODEL_V2_OPTIMIZER_CORRECTED_V1,1,0.7116387486457825,0.6707631349563599,11,V2-006-OPT-CORR-F03-S20260927,2500e6093eb81946536b9d443c1fd586c1ea170025d48cf50cf45292ee22d878
c651d2b346f780bc95a6b3f44b369a0929008da4f9e740e2ba07ea1d6278c155,MITDB_P208,208,1770000000,3,20260927,MODEL_V2_TCN_MEANMAX,MODEL_V2_OPTIMIZER_CORRECTED_V1,1,10.593097686767578,0.9999749660491943,11,V2-006-OPT-CORR-F03-S20260927,2500e6093eb81946536b9d443c1fd586c1ea170025d48cf50cf45292ee22d878
c65e73c81fa8a1c48ad7957bf022163805ddb8872d209b3c3c23a79443a20c6f,MITDB_P103,103,205000000,3,20260927,MODEL_V2_TCN_MEANMAX,MODEL_V2_OPTIMIZER_CORRECTED_V1,0,-7.070824146270752,0.000848811527248472,11,V2-006-OPT-CORR-F03-S20260927,2500e6093eb81946536b9d443c1fd586c1ea170025d48cf50cf45292ee22d878
c6807eb10ef554d358f2fbb44a28dd3df75ef39d14a91353f6731fba8f3be224,MITDB_P223,223,670000000,3,20260927,MODEL_V2_TCN_MEANMAX,MODEL_V2_OPTIMIZER_CORRECTED_V1,1,-0.641336977481842,0.3449443578720093,11,V2-006-OPT-CORR-F03-S20260927,2500e6093eb81946536b9d443c1fd586c1ea170025d48cf50cf45292ee22d878
c704cbfce7de634d2db8330c109661dfc2ac7f608159bcff671bcd17ca612e9a,MITDB_P103,103,1560000000,3,20260927,MODEL_V2_TCN_MEANMAX,MODEL_V2_OPTIMIZER_CORRECTED_V1,0,-6.446988582611084,0.00158277980517596,11,V2-006-OPT-CORR-F03-S20260927,2500e6093eb81946536b9d443c1fd586c1ea170025d48cf50cf45292ee22d878
c71978f13fcee2e1588364971ff5257c69aa1f9518fc76a9773e0af7c47da4a7,MITDB_P121,121,1070000000,3,20260927,MODEL_V2_TCN_MEANMAX,MODEL_V2_OPTIMIZER_CORRECTED_V1,0,-8.08716106414795,0.00030736689222976565,11,V2-006-OPT-CORR-F03-S20260927,2500e6093eb81946536b9d443c1fd586c1ea170025d48cf50cf45292ee22d878
c72e9a9c0ee9da8f29cd498fce3a1a620e1c063f921d5c19826e51f8bf3d0e0e,MITDB_P103,103,560000000,3,20260927,MODEL_V2_TCN_MEANMAX,MODEL_V2_OPTIMIZER_CORRECTED_V1,0,-6.038204669952393,0.0023801596835255623,11,V2-006-OPT-CORR-F03-S20260927,2500e6093eb81946536b9d443c1fd586c1ea170025d48cf50cf45292ee22d878
c7737c8c60b75e0be8fee36cf3b1a9b15e6d19ade5050d80241d2e7392bbe363,MITDB_P121,121,820000000,3,20260927,MODEL_V2_TCN_MEANMAX,MODEL_V2_OPTIMIZER_CORRECTED_V1,0,-8.020895004272461,0.00032841795473359525,11,V2-006-OPT-CORR-F03-S20260927,2500e6093eb81946536b9d443c1fd586c1ea170025d48cf50cf45292ee22d878
c776f9bfb4ceb31ae4623668b44398d5f6d29bd77d0da4999d90039a8131a21d,MITDB_P103,103,1460000000,3,20260927,MODEL_V2_TCN_MEANMAX,MODEL_V2_OPTIMIZER_CORRECTED_V1,0,-6.072942733764648,0.0022990840952843428,11,V2-006-OPT-CORR-F03-S20260927,2500e6093eb81946536b9d443c1fd586c1ea170025d48cf50cf45292ee22d878
c79707b3f1b029a425cfb0dd01ba494fef8248d020588a848012c61c6320f1ae,MITDB_P103,103,1370000000,3,20260927,MODEL_V2_TCN_MEANMAX,MODEL_V2_OPTIMIZER_CORRECTED_V1,1,-4.875738620758057,0.007571689318865538,11,V2-006-OPT-CORR-F03-S20260927,2500e6093eb81946536b9d443c1fd586c1ea170025d48cf50cf45292ee22d878
c7a569180beba0034a8459f05536cdbc1e7a9af4444264101ef1e974c743112b,MITDB_P114,114,1280000000,3,20260927,MODEL_V2_TCN_MEANMAX,MODEL_V2_OPTIMIZER_CORRECTED_V1,0,-2.04301118850708,0.11476046591997147,11,V2-006-OPT-CORR-F03-S20260927,2500e6093eb81946536b9d443c1fd586c1ea170025d48cf50cf45292ee22d878
c7aa9557626a4baca20ddd1a971694c07f981c2535452b888c6b6d4079c56d5e,MITDB_P208,208,1805000000,3,20260927,MODEL_V2_TCN_MEANMAX,MODEL_V2_OPTIMIZER_CORRECTED_V1,1,10.277482986450195,0.9999655485153198,11,V2-006-OPT-CORR-F03-S20260927,2500e6093eb81946536b9d443c1fd586c1ea170025d48cf50cf45292ee22d878
c7af109b54e167ea98757cbdc6bc8e50fa22a8e0b3f95e60b19c18646cb40be8,MITDB_P103,103,1225000000,3,20260927,MODEL_V2_TCN_MEANMAX,MODEL_V2_OPTIMIZER_CORRECTED_V1,0,-5.671010494232178,0.0034325600136071444,11,V2-006-OPT-CORR-F03-S20260927,2500e6093eb81946536b9d443c1fd586c1ea170025d48cf50cf45292ee22d878
c8ab49a1871598f524fd97f083e6acb1427634a08b37e9e4fc3eacf5754c613f,MITDB_P223,223,630000000,3,20260927,MODEL_V2_TCN_MEANMAX,MODEL_V2_OPTIMIZER_CORRECTED_V1,1,-1.5215147733688354,0.17923857271671295,11,V2-006-OPT-CORR-F03-S20260927,2500e6093eb81946536b9d443c1fd586c1ea170025d48cf50cf45292ee22d878
c92ddd4292ee428d172a37f2108dc704ba3416d234040f86225992081fbf00bf,MITDB_P121,121,1570000000,3,20260927,MODEL_V2_TCN_MEANMAX,MODEL_V2_OPTIMIZER_CORRECTED_V1,0,-5.269399166107178,0.005120349116623402,11,V2-006-OPT-CORR-F03-S20260927,2500e6093eb81946536b9d443c1fd586c1ea170025d48cf50cf45292ee22d878
c99b8f38939e173d1ec9f341095fb12215fadddc3c24abb412092203f29c281d,MITDB_P208,208,1050000000,3,20260927,MODEL_V2_TCN_MEANMAX,MODEL_V2_OPTIMIZER_CORRECTED_V1,1,9.111084938049316,0.999889612197876,11,V2-006-OPT-CORR-F03-S20260927,2500e6093eb81946536b9d443c1fd586c1ea170025d48cf50cf45292ee22d878
c9a46359042d8b7fae3a5aa0a3dab3282bc5629a59f46263b0e73693adb16ab3,MITDB_P103,103,610000000,3,20260927,MODEL_V2_TCN_MEANMAX,MODEL_V2_OPTIMIZER_CORRECTED_V1,0,-6.074920177459717,0.002294552745297551,11,V2-006-OPT-CORR-F03-S20260927,2500e6093eb81946536b9d443c1fd586c1ea170025d48cf50cf45292ee22d878
c9bae0673fc9d76fe03821c056569c2679c0f7f2eec4039e7fb1817608c6a526,MITDB_P103,103,1075000000,3,20260927,MODEL_V2_TCN_MEANMAX,MODEL_V2_OPTIMIZER_CORRECTED_V1,0,-5.9974589347839355,0.0024788985028862953,11,V2-006-OPT-CORR-F03-S20260927,2500e6093eb81946536b9d443c1fd586c1ea170025d48cf50cf45292ee22d878
c9be4d29e4eeb1df721db742a95443b27f4c0f009c7e036d701bbc6566c4eefe,MITDB_P103,103,1595000000,3,20260927,MODEL_V2_TCN_MEANMAX,MODEL_V2_OPTIMIZER_CORRECTED_V1,0,-6.00326681137085,0.0024645787198096514,11,V2-006-OPT-CORR-F03-S20260927,2500e6093eb81946536b9d443c1fd586c1ea170025d48cf50cf45292ee22d878
ca3cda3f00f3742f9231c5fba6e6bef09f3c4099227b736cb5facf368ea36654,MITDB_P223,223,145000000,3,20260927,MODEL_V2_TCN_MEANMAX,MODEL_V2_OPTIMIZER_CORRECTED_V1,1,1.2896462678909302,0.7840873003005981,11,V2-006-OPT-CORR-F03-S20260927,2500e6093eb81946536b9d443c1fd586c1ea170025d48cf50cf45292ee22d878
ca4dc12294cf442b7c67bc6b08148aba1f906289f71c4fb19afb1410994a8cf9,MITDB_P223,223,540000000,3,20260927,MODEL_V2_TCN_MEANMAX,MODEL_V2_OPTIMIZER_CORRECTED_V1,1,-6.614623069763184,0.0013388250954449177,11,V2-006-OPT-CORR-F03-S20260927,2500e6093eb81946536b9d443c1fd586c1ea170025d48cf50cf45292ee22d878
ca68206013e9124a3de117bfa283920c74cf476da7498ab551819ca22b3398ae,MITDB_P223,223,1305000000,3,20260927,MODEL_V2_TCN_MEANMAX,MODEL_V2_OPTIMIZER_CORRECTED_V1,1,2.753232717514038,0.9400956630706787,11,V2-006-OPT-CORR-F03-S20260927,2500e6093eb81946536b9d443c1fd586c1ea170025d48cf50cf45292ee22d878
ca8b0ad4abfdedc2ebb82bcfec3f46bcaa6d94ba68f06b8f4e6978d2c3e6047c,MITDB_P223,223,1080000000,3,20260927,MODEL_V2_TCN_MEANMAX,MODEL_V2_OPTIMIZER_CORRECTED_V1,1,0.6943843364715576,0.6669415235519409,11,V2-006-OPT-CORR-F03-S20260927,2500e6093eb81946536b9d443c1fd586c1ea170025d48cf50cf45292ee22d878
caa438cedc36ae947adc71db3e999bae61064d2bac4c3a8cc31e82e52c73d161,MITDB_P208,208,1285000000,3,20260927,MODEL_V2_TCN_MEANMAX,MODEL_V2_OPTIMIZER_CORRECTED_V1,1,5.906141757965088,0.9972847700119019,11,V2-006-OPT-CORR-F03-S20260927,2500e6093eb81946536b9d443c1fd586c1ea170025d48cf50cf45292ee22d878
cafa2cf166e4151f856e8d9bb71ab2adf6790c6be9beaa474b5a9e3336b75399,MITDB_P103,103,1175000000,3,20260927,MODEL_V2_TCN_MEANMAX,MODEL_V2_OPTIMIZER_CORRECTED_V1,0,-5.960269451141357,0.0025725816376507282,11,V2-006-OPT-CORR-F03-S20260927,2500e6093eb81946536b9d443c1fd586c1ea170025d48cf50cf45292ee22d878
cb1f35034a12efcbd1e3f9a5a56a3d91f68182c67383a632c20dab3945496bc3,MITDB_P223,223,25000000,3,20260927,MODEL_V2_TCN_MEANMAX,MODEL_V2_OPTIMIZER_CORRECTED_V1,1,-1.9380602836608887,0.12586110830307007,11,V2-006-OPT-CORR-F03-S20260927,2500e6093eb81946536b9d443c1fd586c1ea170025d48cf50cf45292ee22d878
cb74bbfed098300a01c4fa1e130e615cf667d647851b442f2cfec6ce07180e65,MITDB_P121,121,1275000000,3,20260927,MODEL_V2_TCN_MEANMAX,MODEL_V2_OPTIMIZER_CORRECTED_V1,0,-8.516877174377441,0.00020002320525236428,11,V2-006-OPT-CORR-F03-S20260927,2500e6093eb81946536b9d443c1fd586c1ea170025d48cf50cf45292ee22d878
cb7b43aa8ab9ca08bd1597a0321b1e2fcba427ba95b8ad8d11cff78ab5f8a96e,MITDB_P208,208,1045000000,3,20260927,MODEL_V2_TCN_MEANMAX,MODEL_V2_OPTIMIZER_CORRECTED_V1,1,9.364714622497559,0.999914288520813,11,V2-006-OPT-CORR-F03-S20260927,2500e6093eb81946536b9d443c1fd586c1ea170025d48cf50cf45292ee22d878
cb95273bae540830b28ec3ec663a41d0d77072b0bcbb802cdf10cdc0b3c33fb4,MITDB_P208,208,380000000,3,20260927,MODEL_V2_TCN_MEANMAX,MODEL_V2_OPTIMIZER_CORRECTED_V1,1,9.752943992614746,0.9999418258666992,11,V2-006-OPT-CORR-F03-S20260927,2500e6093eb81946536b9d443c1fd586c1ea170025d48cf50cf45292ee22d878
cba3994b98715e712d228eb5f97a1e764b2588bbaa21345bb0d5a1a6f8a751f0,MITDB_P223,223,275000000,3,20260927,MODEL_V2_TCN_MEANMAX,MODEL_V2_OPTIMIZER_CORRECTED_V1,0,-6.124622821807861,0.0021835381630808115,11,V2-006-OPT-CORR-F03-S20260927,2500e6093eb81946536b9d443c1fd586c1ea170025d48cf50cf45292ee22d878
cbb282301733748ef955ec18e15872f68187b528bd1ec15d0cec0f241a82b976,MITDB_P114,114,760000000,3,20260927,MODEL_V2_TCN_MEANMAX,MODEL_V2_OPTIMIZER_CORRECTED_V1,1,8.948721885681152,0.9998700618743896,11,V2-006-OPT-CORR-F03-S20260927,2500e6093eb81946536b9d443c1fd586c1ea170025d48cf50cf45292ee22d878
cbd3feae5b23ca124e13afcdb1a579eba01afb14064886ca594bd8857a3b2dbe,MITDB_P208,208,1705000000,3,20260927,MODEL_V2_TCN_MEANMAX,MODEL_V2_OPTIMIZER_CORRECTED_V1,1,10.997513771057129,0.9999833106994629,11,V2-006-OPT-CORR-F03-S20260927,2500e6093eb81946536b9d443c1fd586c1ea170025d48cf50cf45292ee22d878
cc0edef6195dc60c70119543c22dc7f4f1a9e9e59208f6da7e79b72dcef858eb,MITDB_P114,114,1020000000,3,20260927,MODEL_V2_TCN_MEANMAX,MODEL_V2_OPTIMIZER_CORRECTED_V1,0,-3.9529387950897217,0.018836570903658867,11,V2-006-OPT-CORR-F03-S20260927,2500e6093eb81946536b9d443c1fd586c1ea170025d48cf50cf45292ee22d878
cc55f150cbec07930b55bb22e303bf49662ea51e9b7803b3221737704e1123fa,MITDB_P223,223,1450000000,3,20260927,MODEL_V2_TCN_MEANMAX,MODEL_V2_OPTIMIZER_CORRECTED_V1,1,1.4942177534103394,0.8167104721069336,11,V2-006-OPT-CORR-F03-S20260927,2500e6093eb81946536b9d443c1fd586c1ea170025d48cf50cf45292ee22d878
cc8c75b0cc8dd89be6a10894878c07e252071a426f4f4923d2658aedb20c6ab5,MITDB_P208,208,590000000,3,20260927,MODEL_V2_TCN_MEANMAX,MODEL_V2_OPTIMIZER_CORRECTED_V1,1,8.484265327453613,0.9997933506965637,11,V2-006-OPT-CORR-F03-S20260927,2500e6093eb81946536b9d443c1fd586c1ea170025d48cf50cf45292ee22d878
ccbc113422d5cb3ca9ea1eed363ea06f40d35dc5776bf0013bc177a6cae2c6be,MITDB_P208,208,170000000,3,20260927,MODEL_V2_TCN_MEANMAX,MODEL_V2_OPTIMIZER_CORRECTED_V1,1,12.098072052001953,0.9999943971633911,11,V2-006-OPT-CORR-F03-S20260927,2500e6093eb81946536b9d443c1fd586c1ea170025d48cf50cf45292ee22d878
ccee6535dde2d221e834c07843fa898194d631242e66674f0f80d85e36d47649,MITDB_P223,223,1135000000,3,20260927,MODEL_V2_TCN_MEANMAX,MODEL_V2_OPTIMIZER_CORRECTED_V1,1,-2.6128594875335693,0.06831537932157516,11,V2-006-OPT-CORR-F03-S20260927,2500e6093eb81946536b9d443c1fd586c1ea170025d48cf50cf45292ee22d878
cd3063203bed71036490354f34e06cee9f5eae672dfbf18d6378e8cf8135c1fb,MITDB_P223,223,1280000000,3,20260927,MODEL_V2_TCN_MEANMAX,MODEL_V2_OPTIMIZER_CORRECTED_V1,0,-4.6286420822143555,0.009673522785305977,11,V2-006-OPT-CORR-F03-S20260927,2500e6093eb81946536b9d443c1fd586c1ea170025d48cf50cf45292ee22d878
cd5b667845485550832df19f2cbd3fc39b145249fd4a1bbdef85c0d15c5b5fa8,MITDB_P223,223,1500000000,3,20260927,MODEL_V2_TCN_MEANMAX,MODEL_V2_OPTIMIZER_CORRECTED_V1,1,-0.10751654207706451,0.4731467366218567,11,V2-006-OPT-CORR-F03-S20260927,2500e6093eb81946536b9d443c1fd586c1ea170025d48cf50cf45292ee22d878
cd7d8c9276ce960eab706e024edaa9cd29011d825ddf183c1628fb352029918e,MITDB_P208,208,1750000000,3,20260927,MODEL_V2_TCN_MEANMAX,MODEL_V2_OPTIMIZER_CORRECTED_V1,1,10.930827140808105,0.9999821186065674,11,V2-006-OPT-CORR-F03-S20260927,2500e6093eb81946536b9d443c1fd586c1ea170025d48cf50cf45292ee22d878
cdc1a8445de66370b568b731d761804b7673cb936ec24e16cea59139fb0ea98e,MITDB_P114,114,1535000000,3,20260927,MODEL_V2_TCN_MEANMAX,MODEL_V2_OPTIMIZER_CORRECTED_V1,0,-2.9591422080993652,0.049306198954582214,11,V2-006-OPT-CORR-F03-S20260927,2500e6093eb81946536b9d443c1fd586c1ea170025d48cf50cf45292ee22d878
cdd2a2a2193dac5f3d918a515943bb17f1d893b5b7d2eb643b9593627205cf21,MITDB_P223,223,1660000000,3,20260927,MODEL_V2_TCN_MEANMAX,MODEL_V2_OPTIMIZER_CORRECTED_V1,1,3.587944746017456,0.9730890989303589,11,V2-006-OPT-CORR-F03-S20260927,2500e6093eb81946536b9d443c1fd586c1ea170025d48cf50cf45292ee22d878
ce052c5c468b2b4373e3de9a9797ce192efe9b499144f8058affdbdd6bf5453e,MITDB_P223,223,1040000000,3,20260927,MODEL_V2_TCN_MEANMAX,MODEL_V2_OPTIMIZER_CORRECTED_V1,1,3.2395968437194824,0.9622974991798401,11,V2-006-OPT-CORR-F03-S20260927,2500e6093eb81946536b9d443c1fd586c1ea170025d48cf50cf45292ee22d878
ce2d7c3a79b83b798f1b736a7e63857d941c1eea74e88834db93a4c240463ed1,MITDB_P114,114,185000000,3,20260927,MODEL_V2_TCN_MEANMAX,MODEL_V2_OPTIMIZER_CORRECTED_V1,0,-4.576474666595459,0.010186283849179745,11,V2-006-OPT-CORR-F03-S20260927,2500e6093eb81946536b9d443c1fd586c1ea170025d48cf50cf45292ee22d878
ce2fdf145f55c1cb20db3310407732e47252bf755087a4d2c51f59cb8f3a3388,MITDB_P208,208,1515000000,3,20260927,MODEL_V2_TCN_MEANMAX,MODEL_V2_OPTIMIZER_CORRECTED_V1,1,10.463791847229004,0.9999713897705078,11,V2-006-OPT-CORR-F03-S20260927,2500e6093eb81946536b9d443c1fd586c1ea170025d48cf50cf45292ee22d878
ce58f1593b95f83d476bdd61437caca33c77c753eab20d11baefbab08bb3e547,MITDB_P208,208,965000000,3,20260927,MODEL_V2_TCN_MEANMAX,MODEL_V2_OPTIMIZER_CORRECTED_V1,1,11.652098655700684,0.9999912977218628,11,V2-006-OPT-CORR-F03-S20260927,2500e6093eb81946536b9d443c1fd586c1ea170025d48cf50cf45292ee22d878
ce9b1110d8a7e71ac2d275ef10b183a542c1f0a5e9f7789de2cb26737e058a70,MITDB_P114,114,1320000000,3,20260927,MODEL_V2_TCN_MEANMAX,MODEL_V2_OPTIMIZER_CORRECTED_V1,0,-1.3316401243209839,0.2088882178068161,11,V2-006-OPT-CORR-F03-S20260927,2500e6093eb81946536b9d443c1fd586c1ea170025d48cf50cf45292ee22d878
ceb12250addd0743c550cd15551c9579a10f7ccb882e8101bcd4b737162bd9ad,MITDB_P103,103,1180000000,3,20260927,MODEL_V2_TCN_MEANMAX,MODEL_V2_OPTIMIZER_CORRECTED_V1,0,-5.782512664794922,0.003071501152589917,11,V2-006-OPT-CORR-F03-S20260927,2500e6093eb81946536b9d443c1fd586c1ea170025d48cf50cf45292ee22d878
cec0dbd62bbf7468df755835775a4b0319739f4ad2e56315d98275d47642eb28,MITDB_P223,223,1730000000,3,20260927,MODEL_V2_TCN_MEANMAX,MODEL_V2_OPTIMIZER_CORRECTED_V1,1,0.8287937641143799,0.6960997581481934,11,V2-006-OPT-CORR-F03-S20260927,2500e6093eb81946536b9d443c1fd586c1ea170025d48cf50cf45292ee22d878
ceec5e817abc8bc7bce143457c1c0b8fcdd591f8becbec64c827aca49dd1aed6,MITDB_P121,121,625000000,3,20260927,MODEL_V2_TCN_MEANMAX,MODEL_V2_OPTIMIZER_CORRECTED_V1,0,-6.953406810760498,0.0009544629720039666,11,V2-006-OPT-CORR-F03-S20260927,2500e6093eb81946536b9d443c1fd586c1ea170025d48cf50cf45292ee22d878
ceefbda91b656d87671c27f4406d3c4f51171c28e7da86411d8943289c739241,MITDB_P114,114,1460000000,3,20260927,MODEL_V2_TCN_MEANMAX,MODEL_V2_OPTIMIZER_CORRECTED_V1,0,-5.816233158111572,0.0029699578881263733,11,V2-006-OPT-CORR-F03-S20260927,2500e6093eb81946536b9d443c1fd586c1ea170025d48cf50cf45292ee22d878
cef64b77a51e8129c5872dca9150ba12cfcc7212fe47d2381e73f1ef6f6cbece,MITDB_P223,223,525000000,3,20260927,MODEL_V2_TCN_MEANMAX,MODEL_V2_OPTIMIZER_CORRECTED_V1,0,-6.662081241607666,0.0012768503511324525,11,V2-006-OPT-CORR-F03-S20260927,2500e6093eb81946536b9d443c1fd586c1ea170025d48cf50cf45292ee22d878
cf06c65f64f286f995d1115a50f8ffadab28d86b3f1d98b3ac9f4b2eb05d6055,MITDB_P114,114,730000000,3,20260927,MODEL_V2_TCN_MEANMAX,MODEL_V2_OPTIMIZER_CORRECTED_V1,0,-3.7617337703704834,0.02271542325615883,11,V2-006-OPT-CORR-F03-S20260927,2500e6093eb81946536b9d443c1fd586c1ea170025d48cf50cf45292ee22d878
cf26b7fac9e3219b9155a1f70cf7abff8f194169cb3416e9969534c72c0a38e6,MITDB_P114,114,670000000,3,20260927,MODEL_V2_TCN_MEANMAX,MODEL_V2_OPTIMIZER_CORRECTED_V1,0,-2.818917989730835,0.05631040409207344,11,V2-006-OPT-CORR-F03-S20260927,2500e6093eb81946536b9d443c1fd586c1ea170025d48cf50cf45292ee22d878
cf4573682906f7ef93574c0a647fc828ef4f010ef399f05aefc0c5852e691250,MITDB_P103,103,815000000,3,20260927,MODEL_V2_TCN_MEANMAX,MODEL_V2_OPTIMIZER_CORRECTED_V1,0,-7.010597229003906,0.0009014561655931175,11,V2-006-OPT-CORR-F03-S20260927,2500e6093eb81946536b9d443c1fd586c1ea170025d48cf50cf45292ee22d878
cf4f1d8cec9c947c2afefe32aadf910a75e8247bdc2d770216a0f4719b44e6ee,MITDB_P223,223,1155000000,3,20260927,MODEL_V2_TCN_MEANMAX,MODEL_V2_OPTIMIZER_CORRECTED_V1,1,-0.08392710983753204,0.4790305197238922,11,V2-006-OPT-CORR-F03-S20260927,2500e6093eb81946536b9d443c1fd586c1ea170025d48cf50cf45292ee22d878
cf835854b8a412bce1c17b511524341e4d6569a4c119f1fa0bac2f4d3df3cd92,MITDB_P121,121,120000000,3,20260927,MODEL_V2_TCN_MEANMAX,MODEL_V2_OPTIMIZER_CORRECTED_V1,0,-7.446890354156494,0.0005829125293530524,11,V2-006-OPT-CORR-F03-S20260927,2500e6093eb81946536b9d443c1fd586c1ea170025d48cf50cf45292ee22d878
cf8d1094c693efefaaaadd84db59713cd9d66b8188b4985f0111fc6771a2a29d,MITDB_P121,121,110000000,3,20260927,MODEL_V2_TCN_MEANMAX,MODEL_V2_OPTIMIZER_CORRECTED_V1,0,-7.626862525939941,0.0004869497788604349,11,V2-006-OPT-CORR-F03-S20260927,2500e6093eb81946536b9d443c1fd586c1ea170025d48cf50cf45292ee22d878
cfca859df6a92b027cd540ed24b65b5bc9c63b2a77cbe8e566fb02101022e2b1,MITDB_P223,223,520000000,3,20260927,MODEL_V2_TCN_MEANMAX,MODEL_V2_OPTIMIZER_CORRECTED_V1,1,-5.617926120758057,0.0036190212704241276,11,V2-006-OPT-CORR-F03-S20260927,2500e6093eb81946536b9d443c1fd586c1ea170025d48cf50cf45292ee22d878
cfd9cd570e90eaecbb7bb4b209a753f48d91fb31bb1399be700454ca5ee485b9,MITDB_P208,208,220000000,3,20260927,MODEL_V2_TCN_MEANMAX,MODEL_V2_OPTIMIZER_CORRECTED_V1,1,13.023146629333496,0.9999977350234985,11,V2-006-OPT-CORR-F03-S20260927,2500e6093eb81946536b9d443c1fd586c1ea170025d48cf50cf45292ee22d878
d014b834da9f66991f2a9e03a04c719eedff9e132aa808fd3e081888fd000c90,MITDB_P121,121,1555000000,3,20260927,MODEL_V2_TCN_MEANMAX,MODEL_V2_OPTIMIZER_CORRECTED_V1,0,-2.99684739112854,0.04756850376725197,11,V2-006-OPT-CORR-F03-S20260927,2500e6093eb81946536b9d443c1fd586c1ea170025d48cf50cf45292ee22d878
d025fd36f2dc1dd932a33c64921b72f245d083daa3c0d58f6a6fd6643c9ac5b4,MITDB_P103,103,1070000000,3,20260927,MODEL_V2_TCN_MEANMAX,MODEL_V2_OPTIMIZER_CORRECTED_V1,0,-6.421652317047119,0.0016233278438448906,11,V2-006-OPT-CORR-F03-S20260927,2500e6093eb81946536b9d443c1fd586c1ea170025d48cf50cf45292ee22d878
d02f0d514ba1231b022ff4c40ff24b5343c4288e455bba7d9f4571579736c32f,MITDB_P223,223,1405000000,3,20260927,MODEL_V2_TCN_MEANMAX,MODEL_V2_OPTIMIZER_CORRECTED_V1,1,2.4724996089935303,0.922191321849823,11,V2-006-OPT-CORR-F03-S20260927,2500e6093eb81946536b9d443c1fd586c1ea170025d48cf50cf45292ee22d878
d03adf4c9d695cc4299b13e7a0e419e89ab1f4317209d30192fc133246bc4dc2,MITDB_P208,208,1330000000,3,20260927,MODEL_V2_TCN_MEANMAX,MODEL_V2_OPTIMIZER_CORRECTED_V1,1,11.645203590393066,0.9999912977218628,11,V2-006-OPT-CORR-F03-S20260927,2500e6093eb81946536b9d443c1fd586c1ea170025d48cf50cf45292ee22d878
d04475c61256761fcffcc945116c1d7d7842bdac50c1bf7ac965b07672183d68,MITDB_P121,121,1160000000,3,20260927,MODEL_V2_TCN_MEANMAX,MODEL_V2_OPTIMIZER_CORRECTED_V1,0,-7.0072197914123535,0.0009045032202266157,11,V2-006-OPT-CORR-F03-S20260927,2500e6093eb81946536b9d443c1fd586c1ea170025d48cf50cf45292ee22d878
d05518fca552639e0f03b1c0cf955770d1181e1c1873c9c97054b6071f2d5fd0,MITDB_P223,223,1355000000,3,20260927,MODEL_V2_TCN_MEANMAX,MODEL_V2_OPTIMIZER_CORRECTED_V1,1,3.8164753913879395,0.9784685969352722,11,V2-006-OPT-CORR-F03-S20260927,2500e6093eb81946536b9d443c1fd586c1ea170025d48cf50cf45292ee22d878
d0f1045be101c4e4e84b901463804f6ef5fff0851b216f45ef50c68e0cf1f0d3,MITDB_P223,223,585000000,3,20260927,MODEL_V2_TCN_MEANMAX,MODEL_V2_OPTIMIZER_CORRECTED_V1,1,0.6096391081809998,0.6478585004806519,11,V2-006-OPT-CORR-F03-S20260927,2500e6093eb81946536b9d443c1fd586c1ea170025d48cf50cf45292ee22d878
d1331002285535cd78b3bee9daf561ef923a767bd4851fd351c3679d007066c7,MITDB_P223,223,1180000000,3,20260927,MODEL_V2_TCN_MEANMAX,MODEL_V2_OPTIMIZER_CORRECTED_V1,1,-1.2746379375457764,0.21846434473991394,11,V2-006-OPT-CORR-F03-S20260927,2500e6093eb81946536b9d443c1fd586c1ea170025d48cf50cf45292ee22d878
d152d19ed639729e49aa095fe24a3bb5af851561293947e3a9d7bfca9182b343,MITDB_P103,103,145000000,3,20260927,MODEL_V2_TCN_MEANMAX,MODEL_V2_OPTIMIZER_CORRECTED_V1,0,-6.428825855255127,0.0016117432387545705,11,V2-006-OPT-CORR-F03-S20260927,2500e6093eb81946536b9d443c1fd586c1ea170025d48cf50cf45292ee22d878
d1774e51ba96bab9fb253b1a01d63893f14807a53ba90d04707239898717838f,MITDB_P121,121,780000000,3,20260927,MODEL_V2_TCN_MEANMAX,MODEL_V2_OPTIMIZER_CORRECTED_V1,0,-7.772358417510986,0.0004210413317196071,11,V2-006-OPT-CORR-F03-S20260927,2500e6093eb81946536b9d443c1fd586c1ea170025d48cf50cf45292ee22d878
d1920dd69d7369c6d4cb9c1b4f8eb3409eda67e34edb6abbb083281f838cc8a3,MITDB_P114,114,110000000,3,20260927,MODEL_V2_TCN_MEANMAX,MODEL_V2_OPTIMIZER_CORRECTED_V1,0,-5.46167516708374,0.004228480625897646,11,V2-006-OPT-CORR-F03-S20260927,2500e6093eb81946536b9d443c1fd586c1ea170025d48cf50cf45292ee22d878
d19987132e69804d2506a7fad31ab5d669a7a113f37e699b1839a818b7449785,MITDB_P223,223,675000000,3,20260927,MODEL_V2_TCN_MEANMAX,MODEL_V2_OPTIMIZER_CORRECTED_V1,1,-0.7790839672088623,0.3145173490047455,11,V2-006-OPT-CORR-F03-S20260927,2500e6093eb81946536b9d443c1fd586c1ea170025d48cf50cf45292ee22d878
d1a22ec3cff7fe65254d9349f9fd6ad7c4bcbf4efd0a525c729ddc899890eac8,MITDB_P114,114,150000000,3,20260927,MODEL_V2_TCN_MEANMAX,MODEL_V2_OPTIMIZER_CORRECTED_V1,0,-5.244865894317627,0.0052468543872237206,11,V2-006-OPT-CORR-F03-S20260927,2500e6093eb81946536b9d443c1fd586c1ea170025d48cf50cf45292ee22d878
d1a928f7dcce307db19322aa6fbbe74ebfffc5e500525c59178fcef93cac0418,MITDB_P103,103,900000000,3,20260927,MODEL_V2_TCN_MEANMAX,MODEL_V2_OPTIMIZER_CORRECTED_V1,0,-6.448373317718506,0.001580592943355441,11,V2-006-OPT-CORR-F03-S20260927,2500e6093eb81946536b9d443c1fd586c1ea170025d48cf50cf45292ee22d878
d1f666140ebb4f3fc24d983391a9ca75e70e53dfffb1f7748c80dfb12526df5e,MITDB_P121,121,505000000,3,20260927,MODEL_V2_TCN_MEANMAX,MODEL_V2_OPTIMIZER_CORRECTED_V1,0,-8.17023754119873,0.0002828707511071116,11,V2-006-OPT-CORR-F03-S20260927,2500e6093eb81946536b9d443c1fd586c1ea170025d48cf50cf45292ee22d878
d205cdaa905cd5f3bd2c7650c8a2e6f9185992c47c827b8c8fba3f4145a899af,MITDB_P121,121,1415000000,3,20260927,MODEL_V2_TCN_MEANMAX,MODEL_V2_OPTIMIZER_CORRECTED_V1,0,-7.378393650054932,0.0006242135423235595,11,V2-006-OPT-CORR-F03-S20260927,2500e6093eb81946536b9d443c1fd586c1ea170025d48cf50cf45292ee22d878
d225f886198c1281c4c96fa4493087c4e4093014931231116cfbe958525a5814,MITDB_P114,114,1335000000,3,20260927,MODEL_V2_TCN_MEANMAX,MODEL_V2_OPTIMIZER_CORRECTED_V1,0,-0.5039072036743164,0.37662291526794434,11,V2-006-OPT-CORR-F03-S20260927,2500e6093eb81946536b9d443c1fd586c1ea170025d48cf50cf45292ee22d878
d255047ecc6bd462c51b2e136ac3a90e65b0e1765646c5d484130c0a6c74db3b,MITDB_P103,103,545000000,3,20260927,MODEL_V2_TCN_MEANMAX,MODEL_V2_OPTIMIZER_CORRECTED_V1,0,-6.008580684661865,0.00245154881849885,11,V2-006-OPT-CORR-F03-S20260927,2500e6093eb81946536b9d443c1fd586c1ea170025d48cf50cf45292ee22d878
d25c0a0b5ab9f6e20c1538721e51ecefd602a5d984af240ad31699416edbdca7,MITDB_P121,121,1045000000,3,20260927,MODEL_V2_TCN_MEANMAX,MODEL_V2_OPTIMIZER_CORRECTED_V1,0,-8.284221649169922,0.00025240538525395095,11,V2-006-OPT-CORR-F03-S20260927,2500e6093eb81946536b9d443c1fd586c1ea170025d48cf50cf45292ee22d878
d2a45b2a80f056de51ef82110e95d9d85b5ac204b293a55d57036993d22293f4,MITDB_P114,114,450000000,3,20260927,MODEL_V2_TCN_MEANMAX,MODEL_V2_OPTIMIZER_CORRECTED_V1,1,7.541795253753662,0.9994698166847229,11,V2-006-OPT-CORR-F03-S20260927,2500e6093eb81946536b9d443c1fd586c1ea170025d48cf50cf45292ee22d878
d2cda3d12f7daa074477619518b39345000fdd0312d3e049eebc72a4e3ca2cd7,MITDB_P103,103,1705000000,3,20260927,MODEL_V2_TCN_MEANMAX,MODEL_V2_OPTIMIZER_CORRECTED_V1,0,-6.632939338684082,0.0013145580887794495,11,V2-006-OPT-CORR-F03-S20260927,2500e6093eb81946536b9d443c1fd586c1ea170025d48cf50cf45292ee22d878
d2d2a1b14a35bbd18d3953f80a41ec3bd1838bc04899db705bf29a57c0294f7b,MITDB_P223,223,1760000000,3,20260927,MODEL_V2_TCN_MEANMAX,MODEL_V2_OPTIMIZER_CORRECTED_V1,1,-2.609919309616089,0.0685027539730072,11,V2-006-OPT-CORR-F03-S20260927,2500e6093eb81946536b9d443c1fd586c1ea170025d48cf50cf45292ee22d878
d2f24b4bd35069a79943300d37ba1bf03c452eba53c4b26057f52ba7a5a25d59,MITDB_P208,208,1540000000,3,20260927,MODEL_V2_TCN_MEANMAX,MODEL_V2_OPTIMIZER_CORRECTED_V1,1,7.8168535232543945,0.9995972514152527,11,V2-006-OPT-CORR-F03-S20260927,2500e6093eb81946536b9d443c1fd586c1ea170025d48cf50cf45292ee22d878
d2f37a2404696df843686678b686ec7725aeb0f0b35e633683ceedb30bacf35c,MITDB_P114,114,405000000,3,20260927,MODEL_V2_TCN_MEANMAX,MODEL_V2_OPTIMIZER_CORRECTED_V1,1,4.965303897857666,0.9930724501609802,11,V2-006-OPT-CORR-F03-S20260927,2500e6093eb81946536b9d443c1fd586c1ea170025d48cf50cf45292ee22d878
d3cab7f00c630436d6d6cc04396e893740dc2ed147ee6c27a856d70436b77eef,MITDB_P208,208,525000000,3,20260927,MODEL_V2_TCN_MEANMAX,MODEL_V2_OPTIMIZER_CORRECTED_V1,1,8.9931058883667,0.9998757839202881,11,V2-006-OPT-CORR-F03-S20260927,2500e6093eb81946536b9d443c1fd586c1ea170025d48cf50cf45292ee22d878
d3d67382d8fc729c6dd4d89538f6c5c91027a77fb667d1456dfb3641d6e2565e,MITDB_P223,223,1435000000,3,20260927,MODEL_V2_TCN_MEANMAX,MODEL_V2_OPTIMIZER_CORRECTED_V1,1,3.8447234630584717,0.9790557026863098,11,V2-006-OPT-CORR-F03-S20260927,2500e6093eb81946536b9d443c1fd586c1ea170025d48cf50cf45292ee22d878
d4062176e06561b63beb3e813117fd84bbe79b504d0d2b5c11d9b8083a4fda4c,MITDB_P223,223,715000000,3,20260927,MODEL_V2_TCN_MEANMAX,MODEL_V2_OPTIMIZER_CORRECTED_V1,0,-4.058674335479736,0.01697864755988121,11,V2-006-OPT-CORR-F03-S20260927,2500e6093eb81946536b9d443c1fd586c1ea170025d48cf50cf45292ee22d878
d43a43d6aafe5c73fa5faa25a2da5cd4eafeb8ea65b81ee566fbcc7736c903b3,MITDB_P223,223,1150000000,3,20260927,MODEL_V2_TCN_MEANMAX,MODEL_V2_OPTIMIZER_CORRECTED_V1,0,-4.154794216156006,0.015446675941348076,11,V2-006-OPT-CORR-F03-S20260927,2500e6093eb81946536b9d443c1fd586c1ea170025d48cf50cf45292ee22d878
d481671b8fa52c5b48fc3298a4a3e8fd96c48333de16d8dab40157bb1bbec379,MITDB_P223,223,975000000,3,20260927,MODEL_V2_TCN_MEANMAX,MODEL_V2_OPTIMIZER_CORRECTED_V1,0,-3.433128595352173,0.031276002526283264,11,V2-006-OPT-CORR-F03-S20260927,2500e6093eb81946536b9d443c1fd586c1ea170025d48cf50cf45292ee22d878
d486f4e20da3accb60cfd1df299e3497e7cb355bea86e3265ac34d7e07fb0ed2,MITDB_P114,114,310000000,3,20260927,MODEL_V2_TCN_MEANMAX,MODEL_V2_OPTIMIZER_CORRECTED_V1,1,7.771247386932373,0.9995785355567932,11,V2-006-OPT-CORR-F03-S20260927,2500e6093eb81946536b9d443c1fd586c1ea170025d48cf50cf45292ee22d878
d48802dafacad66801549ed5e8532c2b62e94d57fda855ef032b29dcf20a64b0,MITDB_P208,208,1380000000,3,20260927,MODEL_V2_TCN_MEANMAX,MODEL_V2_OPTIMIZER_CORRECTED_V1,1,8.581697463989258,0.9998125433921814,11,V2-006-OPT-CORR-F03-S20260927,2500e6093eb81946536b9d443c1fd586c1ea170025d48cf50cf45292ee22d878
d48b82e435b0811d20726f4fc9114a3055f629f940b744cc31981c8da5ae4fda,MITDB_P121,121,715000000,3,20260927,MODEL_V2_TCN_MEANMAX,MODEL_V2_OPTIMIZER_CORRECTED_V1,0,-7.8618669509887695,0.0003850058710668236,11,V2-006-OPT-CORR-F03-S20260927,2500e6093eb81946536b9d443c1fd586c1ea170025d48cf50cf45292ee22d878
d4a1bde90d66e367acbc54e7c55316915be8de8d3709ff7200a64288d759b389,MITDB_P208,208,790000000,3,20260927,MODEL_V2_TCN_MEANMAX,MODEL_V2_OPTIMIZER_CORRECTED_V1,1,9.4651460647583,0.999922513961792,11,V2-006-OPT-CORR-F03-S20260927,2500e6093eb81946536b9d443c1fd586c1ea170025d48cf50cf45292ee22d878
d4e18bb8f9eff627e102caf9c0eab132f43d4082e32a08795be3c7d91ee73c8f,MITDB_P103,103,1150000000,3,20260927,MODEL_V2_TCN_MEANMAX,MODEL_V2_OPTIMIZER_CORRECTED_V1,0,-1.289513111114502,0.21593523025512695,11,V2-006-OPT-CORR-F03-S20260927,2500e6093eb81946536b9d443c1fd586c1ea170025d48cf50cf45292ee22d878
d4ffade2440ba9ff772e6067e331fa81aeba03198c5128dd2cc8005ab3b5ac09,MITDB_P208,208,1260000000,3,20260927,MODEL_V2_TCN_MEANMAX,MODEL_V2_OPTIMIZER_CORRECTED_V1,1,6.9450836181640625,0.9990376234054565,11,V2-006-OPT-CORR-F03-S20260927,2500e6093eb81946536b9d443c1fd586c1ea170025d48cf50cf45292ee22d878
d52d0d20501c59290458b6031e3028b214356e4be4d957e9e7ddd5312208b52d,MITDB_P103,103,1280000000,3,20260927,MODEL_V2_TCN_MEANMAX,MODEL_V2_OPTIMIZER_CORRECTED_V1,0,-6.1650543212890625,0.0020971966441720724,11,V2-006-OPT-CORR-F03-S20260927,2500e6093eb81946536b9d443c1fd586c1ea170025d48cf50cf45292ee22d878
d54c193d7f2874fdcebd1e5a32564a697167b7913419add5894228d6d37f8367,MITDB_P121,121,1455000000,3,20260927,MODEL_V2_TCN_MEANMAX,MODEL_V2_OPTIMIZER_CORRECTED_V1,0,-7.933288097381592,0.0003584767982829362,11,V2-006-OPT-CORR-F03-S20260927,2500e6093eb81946536b9d443c1fd586c1ea170025d48cf50cf45292ee22d878
d5ce64b9582a13f89ce5a0a6f3c99cab3fd4247f9dff4e6ba64b2a3c5650c87e,MITDB_P121,121,1730000000,3,20260927,MODEL_V2_TCN_MEANMAX,MODEL_V2_OPTIMIZER_CORRECTED_V1,0,-8.862791061401367,0.00014153937809169292,11,V2-006-OPT-CORR-F03-S20260927,2500e6093eb81946536b9d443c1fd586c1ea170025d48cf50cf45292ee22d878
d5cf9e9c4ab18e9b52d8136d6ed4c998351de6457a472e7784ce0a9ff92cded5,MITDB_P208,208,1240000000,3,20260927,MODEL_V2_TCN_MEANMAX,MODEL_V2_OPTIMIZER_CORRECTED_V1,1,6.8024373054504395,0.998890221118927,11,V2-006-OPT-CORR-F03-S20260927,2500e6093eb81946536b9d443c1fd586c1ea170025d48cf50cf45292ee22d878
d5d430dc49d673c228b36033511f1cb3180f2f02926d76dc39be69a8787e6043,MITDB_P114,114,775000000,3,20260927,MODEL_V2_TCN_MEANMAX,MODEL_V2_OPTIMIZER_CORRECTED_V1,0,-1.5536167621612549,0.17456451058387756,11,V2-006-OPT-CORR-F03-S20260927,2500e6093eb81946536b9d443c1fd586c1ea170025d48cf50cf45292ee22d878
d64db7b67ce45ce0f44a0043c6faabd2e69cc73f774c598dced87077d4065d01,MITDB_P121,121,745000000,3,20260927,MODEL_V2_TCN_MEANMAX,MODEL_V2_OPTIMIZER_CORRECTED_V1,0,-7.172213077545166,0.0007670331979170442,11,V2-006-OPT-CORR-F03-S20260927,2500e6093eb81946536b9d443c1fd586c1ea170025d48cf50cf45292ee22d878
d652959b41be815fb8a8ee2b08e5118c5ecd08264d6e3c7b94cab9dec8696301,MITDB_P114,114,1110000000,3,20260927,MODEL_V2_TCN_MEANMAX,MODEL_V2_OPTIMIZER_CORRECTED_V1,0,-3.752959966659546,0.022911014035344124,11,V2-006-OPT-CORR-F03-S20260927,2500e6093eb81946536b9d443c1fd586c1ea170025d48cf50cf45292ee22d878
d669cfda57bda9a4e512f6b52758c139ad362149a932a07fad11734f9e81f686,MITDB_P121,121,1330000000,3,20260927,MODEL_V2_TCN_MEANMAX,MODEL_V2_OPTIMIZER_CORRECTED_V1,0,-6.694368362426758,0.0012363330461084843,11,V2-006-OPT-CORR-F03-S20260927,2500e6093eb81946536b9d443c1fd586c1ea170025d48cf50cf45292ee22d878
d672f164bbe956c0da9ba02e0c8f6beda12a47f19c403f632062c353bcbdf321,MITDB_P223,223,1110000000,3,20260927,MODEL_V2_TCN_MEANMAX,MODEL_V2_OPTIMIZER_CORRECTED_V1,1,-1.5374228954315186,0.17691022157669067,11,V2-006-OPT-CORR-F03-S20260927,2500e6093eb81946536b9d443c1fd586c1ea170025d48cf50cf45292ee22d878
d68e8c55a830ee5a61e3822cf9249e30cbae739fe4d9457f02c669f59c9ca450,MITDB_P103,103,1740000000,3,20260927,MODEL_V2_TCN_MEANMAX,MODEL_V2_OPTIMIZER_CORRECTED_V1,0,-6.08866024017334,0.0022633117623627186,11,V2-006-OPT-CORR-F03-S20260927,2500e6093eb81946536b9d443c1fd586c1ea170025d48cf50cf45292ee22d878
d6db59ee6ad018331780d5b629ec815a5d6bc18b956ab547a9ce66a4d70d204e,MITDB_P121,121,1355000000,3,20260927,MODEL_V2_TCN_MEANMAX,MODEL_V2_OPTIMIZER_CORRECTED_V1,0,-6.757358074188232,0.0011609464418143034,11,V2-006-OPT-CORR-F03-S20260927,2500e6093eb81946536b9d443c1fd586c1ea170025d48cf50cf45292ee22d878
d6e6ac589c21ab41e5584f72d860db31922a35942e6faff84111d3cdf469ce1a,MITDB_P103,103,1655000000,3,20260927,MODEL_V2_TCN_MEANMAX,MODEL_V2_OPTIMIZER_CORRECTED_V1,0,-6.522371768951416,0.0014680199092254043,11,V2-006-OPT-CORR-F03-S20260927,2500e6093eb81946536b9d443c1fd586c1ea170025d48cf50cf45292ee22d878
d729f8d5ff74f373009fa6262fe1f5086a08761b9115ffaae428a77fa5da34de,MITDB_P114,114,1345000000,3,20260927,MODEL_V2_TCN_MEANMAX,MODEL_V2_OPTIMIZER_CORRECTED_V1,0,-1.7457818984985352,0.14858001470565796,11,V2-006-OPT-CORR-F03-S20260927,2500e6093eb81946536b9d443c1fd586c1ea170025d48cf50cf45292ee22d878
d7432f86f22728a39312f44f7c86e4a708d183df54e9891d9f78fd723e285c49,MITDB_P223,223,180000000,3,20260927,MODEL_V2_TCN_MEANMAX,MODEL_V2_OPTIMIZER_CORRECTED_V1,1,-3.3820559978485107,0.03286099061369896,11,V2-006-OPT-CORR-F03-S20260927,2500e6093eb81946536b9d443c1fd586c1ea170025d48cf50cf45292ee22d878
d7a467db7beba7539bf4ae95033eef18360e0b27a49bb643a818445de8b42a67,MITDB_P121,121,795000000,3,20260927,MODEL_V2_TCN_MEANMAX,MODEL_V2_OPTIMIZER_CORRECTED_V1,0,-6.160019874572754,0.002107759239152074,11,V2-006-OPT-CORR-F03-S20260927,2500e6093eb81946536b9d443c1fd586c1ea170025d48cf50cf45292ee22d878
d7d96528e628a820a7acb4421ed204723c20700ca3ca95cbb0af383d9f278cf2,MITDB_P103,103,1165000000,3,20260927,MODEL_V2_TCN_MEANMAX,MODEL_V2_OPTIMIZER_CORRECTED_V1,1,-5.485782623291016,0.004128177184611559,11,V2-006-OPT-CORR-F03-S20260927,2500e6093eb81946536b9d443c1fd586c1ea170025d48cf50cf45292ee22d878
d7eac714504be62263d0d243523b9ac82997ecff1befc7d114ef405833cfdb0c,MITDB_P114,114,325000000,3,20260927,MODEL_V2_TCN_MEANMAX,MODEL_V2_OPTIMIZER_CORRECTED_V1,0,-5.446857929229736,0.004291330464184284,11,V2-006-OPT-CORR-F03-S20260927,2500e6093eb81946536b9d443c1fd586c1ea170025d48cf50cf45292ee22d878
d81a89f408bee03b47783fd6db56a64a7c71fee169902420018e8d36d5099e6e,MITDB_P121,121,330000000,3,20260927,MODEL_V2_TCN_MEANMAX,MODEL_V2_OPTIMIZER_CORRECTED_V1,0,-7.316215515136719,0.0006642314256168902,11,V2-006-OPT-CORR-F03-S20260927,2500e6093eb81946536b9d443c1fd586c1ea170025d48cf50cf45292ee22d878
d84555f2e019b712f479cd576d9b1163f2646bb26517fb6ea9892573efb68878,MITDB_P121,121,865000000,3,20260927,MODEL_V2_TCN_MEANMAX,MODEL_V2_OPTIMIZER_CORRECTED_V1,0,-8.236529350280762,0.0002647315850481391,11,V2-006-OPT-CORR-F03-S20260927,2500e6093eb81946536b9d443c1fd586c1ea170025d48cf50cf45292ee22d878
d86d591a2a45947d4fe0af289c534ea35c37aec0882bddf8d9b4f8db94abdabe,MITDB_P208,208,175000000,3,20260927,MODEL_V2_TCN_MEANMAX,MODEL_V2_OPTIMIZER_CORRECTED_V1,1,12.194029808044434,0.9999949932098389,11,V2-006-OPT-CORR-F03-S20260927,2500e6093eb81946536b9d443c1fd586c1ea170025d48cf50cf45292ee22d878
d89f05275f926a0aa292e45ca4596d3072aaede6899deb45d0987e842a9cfb63,MITDB_P103,103,350000000,3,20260927,MODEL_V2_TCN_MEANMAX,MODEL_V2_OPTIMIZER_CORRECTED_V1,0,-6.4361252784729,0.0016000401228666306,11,V2-006-OPT-CORR-F03-S20260927,2500e6093eb81946536b9d443c1fd586c1ea170025d48cf50cf45292ee22d878
d8a537eefd1d93c8929bb5365dda9be0cfd57e2526efb3e34216d23aaceae408,MITDB_P208,208,605000000,3,20260927,MODEL_V2_TCN_MEANMAX,MODEL_V2_OPTIMIZER_CORRECTED_V1,1,10.694657325744629,0.9999773502349854,11,V2-006-OPT-CORR-F03-S20260927,2500e6093eb81946536b9d443c1fd586c1ea170025d48cf50cf45292ee22d878
d8ba225c11a0d214ae59ee63aa6eceaeaa9b9d1c451905662f8e259594741954,MITDB_P121,121,765000000,3,20260927,MODEL_V2_TCN_MEANMAX,MODEL_V2_OPTIMIZER_CORRECTED_V1,0,-8.112483024597168,0.0002996837720274925,11,V2-006-OPT-CORR-F03-S20260927,2500e6093eb81946536b9d443c1fd586c1ea170025d48cf50cf45292ee22d878
d8f96846459fd97421fd221d0ca29e86e4b8f0d438ff589750c28d818ee1c36e,MITDB_P121,121,70000000,3,20260927,MODEL_V2_TCN_MEANMAX,MODEL_V2_OPTIMIZER_CORRECTED_V1,0,-7.973519802093506,0.00034434578265063465,11,V2-006-OPT-CORR-F03-S20260927,2500e6093eb81946536b9d443c1fd586c1ea170025d48cf50cf45292ee22d878
d903d51c2c241f99debf42e9f8cf1c4d86eed1e226e7a5225bad4dc6fa56790a,MITDB_P208,208,995000000,3,20260927,MODEL_V2_TCN_MEANMAX,MODEL_V2_OPTIMIZER_CORRECTED_V1,1,10.288832664489746,0.999966025352478,11,V2-006-OPT-CORR-F03-S20260927,2500e6093eb81946536b9d443c1fd586c1ea170025d48cf50cf45292ee22d878
d92ca5b9cddbf4e6172d0786c89b48729b0c5ed17ac2afc4fad9ee39d520a113,MITDB_P103,103,1265000000,3,20260927,MODEL_V2_TCN_MEANMAX,MODEL_V2_OPTIMIZER_CORRECTED_V1,0,-6.087324619293213,0.0022663299459964037,11,V2-006-OPT-CORR-F03-S20260927,2500e6093eb81946536b9d443c1fd586c1ea170025d48cf50cf45292ee22d878
d93903110b3a97f26b567e64a109ede3278c172422f129794b7ba065723a7e7d,MITDB_P114,114,165000000,3,20260927,MODEL_V2_TCN_MEANMAX,MODEL_V2_OPTIMIZER_CORRECTED_V1,0,-5.328976154327393,0.004825632553547621,11,V2-006-OPT-CORR-F03-S20260927,2500e6093eb81946536b9d443c1fd586c1ea170025d48cf50cf45292ee22d878
d9703fba8ed0bba0ac56af45a8efdfc4b8f89e3855433ce366de5313d6740df6,MITDB_P208,208,1690000000,3,20260927,MODEL_V2_TCN_MEANMAX,MODEL_V2_OPTIMIZER_CORRECTED_V1,1,11.732312202453613,0.9999920129776001,11,V2-006-OPT-CORR-F03-S20260927,2500e6093eb81946536b9d443c1fd586c1ea170025d48cf50cf45292ee22d878
d981b6c2a90be974cc0ae589daca29c6162a4eef4cc23716d8cb34531e0a09cd,MITDB_P121,121,320000000,3,20260927,MODEL_V2_TCN_MEANMAX,MODEL_V2_OPTIMIZER_CORRECTED_V1,0,-7.142627716064453,0.0007900470518507063,11,V2-006-OPT-CORR-F03-S20260927,2500e6093eb81946536b9d443c1fd586c1ea170025d48cf50cf45292ee22d878
d994d9104c584c1e3136f6d11f27a16cdc880b4cca7656843b66fe506a50ce89,MITDB_P223,223,695000000,3,20260927,MODEL_V2_TCN_MEANMAX,MODEL_V2_OPTIMIZER_CORRECTED_V1,0,-3.8962604999542236,0.01991315744817257,11,V2-006-OPT-CORR-F03-S20260927,2500e6093eb81946536b9d443c1fd586c1ea170025d48cf50cf45292ee22d878
da2c5971f9af710f4436d91fd1956dec9c1aa169044ba2e082c5da029f52e3c5,MITDB_P103,103,1750000000,3,20260927,MODEL_V2_TCN_MEANMAX,MODEL_V2_OPTIMIZER_CORRECTED_V1,0,-6.327361583709717,0.0017835550243034959,11,V2-006-OPT-CORR-F03-S20260927,2500e6093eb81946536b9d443c1fd586c1ea170025d48cf50cf45292ee22d878
da5c2aca236ad329b54e744e94753fad3de2bf145f26c8f0d4cc10445f546e56,MITDB_P121,121,90000000,3,20260927,MODEL_V2_TCN_MEANMAX,MODEL_V2_OPTIMIZER_CORRECTED_V1,0,-7.447014331817627,0.0005828402936458588,11,V2-006-OPT-CORR-F03-S20260927,2500e6093eb81946536b9d443c1fd586c1ea170025d48cf50cf45292ee22d878
da6092eefcbdfbc824a3387185260922c592a11591bb2332ae396449299c4d55,MITDB_P103,103,1005000000,3,20260927,MODEL_V2_TCN_MEANMAX,MODEL_V2_OPTIMIZER_CORRECTED_V1,0,-5.687963008880615,0.003375054569914937,11,V2-006-OPT-CORR-F03-S20260927,2500e6093eb81946536b9d443c1fd586c1ea170025d48cf50cf45292ee22d878
da9c95c17dec491a7a48ffaa0e7562397a1e2c7dbcc05a49b5265665a1def010,MITDB_P114,114,850000000,3,20260927,MODEL_V2_TCN_MEANMAX,MODEL_V2_OPTIMIZER_CORRECTED_V1,1,5.8387980461120605,0.9970961809158325,11,V2-006-OPT-CORR-F03-S20260927,2500e6093eb81946536b9d443c1fd586c1ea170025d48cf50cf45292ee22d878
dab5a66db4504308d3aae65cf787095ac14afb54c6f9da43f97e7df76c8f151d,MITDB_P223,223,580000000,3,20260927,MODEL_V2_TCN_MEANMAX,MODEL_V2_OPTIMIZER_CORRECTED_V1,1,0.17069123685359955,0.5425695180892944,11,V2-006-OPT-CORR-F03-S20260927,2500e6093eb81946536b9d443c1fd586c1ea170025d48cf50cf45292ee22d878
dae6c9ef250e20961890cb102e78aa6969e11964065fb5a7641d9032a6e4bed4,MITDB_P121,121,1000000000,3,20260927,MODEL_V2_TCN_MEANMAX,MODEL_V2_OPTIMIZER_CORRECTED_V1,0,-5.455348014831543,0.004255204927176237,11,V2-006-OPT-CORR-F03-S20260927,2500e6093eb81946536b9d443c1fd586c1ea170025d48cf50cf45292ee22d878
daf606921e6feb80241af4e998a656d989932692e6a13de8f6e1753351d45300,MITDB_P114,114,1415000000,3,20260927,MODEL_V2_TCN_MEANMAX,MODEL_V2_OPTIMIZER_CORRECTED_V1,0,-1.1673802137374878,0.23732884228229523,11,V2-006-OPT-CORR-F03-S20260927,2500e6093eb81946536b9d443c1fd586c1ea170025d48cf50cf45292ee22d878
db0b73b638a54d85893e737afd894ca80cbeaae5d542a568fad319935f2ed1ac,MITDB_P114,114,1180000000,3,20260927,MODEL_V2_TCN_MEANMAX,MODEL_V2_OPTIMIZER_CORRECTED_V1,0,-2.1264238357543945,0.10655497014522552,11,V2-006-OPT-CORR-F03-S20260927,2500e6093eb81946536b9d443c1fd586c1ea170025d48cf50cf45292ee22d878
db3c1a59970afd5ff8a51ce8c7835df5178630b091528377586f71811def6b98,MITDB_P103,103,1495000000,3,20260927,MODEL_V2_TCN_MEANMAX,MODEL_V2_OPTIMIZER_CORRECTED_V1,0,-6.286981582641602,0.0018569123931229115,11,V2-006-OPT-CORR-F03-S20260927,2500e6093eb81946536b9d443c1fd586c1ea170025d48cf50cf45292ee22d878
db4628988c34f5431ea449bb16c32c835a49ffd61c9042c0d8f8cdc8d0abbd98,MITDB_P208,208,430000000,3,20260927,MODEL_V2_TCN_MEANMAX,MODEL_V2_OPTIMIZER_CORRECTED_V1,1,12.823517799377441,0.9999972581863403,11,V2-006-OPT-CORR-F03-S20260927,2500e6093eb81946536b9d443c1fd586c1ea170025d48cf50cf45292ee22d878
db756d9f702d65d1cdb259ecbb1acf4cfd90f6072b0efe817f9829d08d30f690,MITDB_P223,223,390000000,3,20260927,MODEL_V2_TCN_MEANMAX,MODEL_V2_OPTIMIZER_CORRECTED_V1,0,-6.1450514793396,0.0021394784562289715,11,V2-006-OPT-CORR-F03-S20260927,2500e6093eb81946536b9d443c1fd586c1ea170025d48cf50cf45292ee22d878
db7afac8d338f2e0b36464e9401f061c4039c8a68c8579f13aac6431d46c83ca,MITDB_P103,103,950000000,3,20260927,MODEL_V2_TCN_MEANMAX,MODEL_V2_OPTIMIZER_CORRECTED_V1,0,-6.410159587860107,0.0016420611646026373,11,V2-006-OPT-CORR-F03-S20260927,2500e6093eb81946536b9d443c1fd586c1ea170025d48cf50cf45292ee22d878
dbac5853b79fcbf206665f0a08cc080b481bd77b48d34f393c203da637ab7575,MITDB_P103,103,1015000000,3,20260927,MODEL_V2_TCN_MEANMAX,MODEL_V2_OPTIMIZER_CORRECTED_V1,0,-5.8393144607543945,0.0029023890383541584,11,V2-006-OPT-CORR-F03-S20260927,2500e6093eb81946536b9d443c1fd586c1ea170025d48cf50cf45292ee22d878
dbc7f179cac16149c1bde536e2b02bedbc748db32d7778b7ca6fbf43362f4dbe,MITDB_P223,223,870000000,3,20260927,MODEL_V2_TCN_MEANMAX,MODEL_V2_OPTIMIZER_CORRECTED_V1,1,-1.2875447273254395,0.21626868844032288,11,V2-006-OPT-CORR-F03-S20260927,2500e6093eb81946536b9d443c1fd586c1ea170025d48cf50cf45292ee22d878
dbd0b405c9aabdaded806c34a7cbe76a2f14d76ee46034b2ac11fdd7e93f7c9f,MITDB_P208,208,455000000,3,20260927,MODEL_V2_TCN_MEANMAX,MODEL_V2_OPTIMIZER_CORRECTED_V1,1,10.483325004577637,0.9999719858169556,11,V2-006-OPT-CORR-F03-S20260927,2500e6093eb81946536b9d443c1fd586c1ea170025d48cf50cf45292ee22d878
dbd354148462a70191cc711298110fbfb5b766c71e1f7fb2bba62094d570656a,MITDB_P121,121,640000000,3,20260927,MODEL_V2_TCN_MEANMAX,MODEL_V2_OPTIMIZER_CORRECTED_V1,0,-8.1294527053833,0.0002946426102425903,11,V2-006-OPT-CORR-F03-S20260927,2500e6093eb81946536b9d443c1fd586c1ea170025d48cf50cf45292ee22d878
dbd810046ee11e1bce88a7e699324fd0fd3225841a6af896dd256640d8845e12,MITDB_P223,223,105000000,3,20260927,MODEL_V2_TCN_MEANMAX,MODEL_V2_OPTIMIZER_CORRECTED_V1,0,-6.953310489654541,0.000954554823692888,11,V2-006-OPT-CORR-F03-S20260927,2500e6093eb81946536b9d443c1fd586c1ea170025d48cf50cf45292ee22d878
dbf5da41731fa36de86f4c51f2fbf13cddc0a20866e9c90aef4a48710b384e65,MITDB_P121,121,1675000000,3,20260927,MODEL_V2_TCN_MEANMAX,MODEL_V2_OPTIMIZER_CORRECTED_V1,0,-7.842837810516357,0.0003923994372598827,11,V2-006-OPT-CORR-F03-S20260927,2500e6093eb81946536b9d443c1fd586c1ea170025d48cf50cf45292ee22d878
dc12212b0d534362f067bfc8d973e108775e78db6f80083c1a379618a0d7e84c,MITDB_P208,208,905000000,3,20260927,MODEL_V2_TCN_MEANMAX,MODEL_V2_OPTIMIZER_CORRECTED_V1,1,9.31897258758545,0.9999102354049683,11,V2-006-OPT-CORR-F03-S20260927,2500e6093eb81946536b9d443c1fd586c1ea170025d48cf50cf45292ee22d878
dc1a6755c428cc3d570dd769135a19502b192f94469717ccb048c5fd1e326e3e,MITDB_P121,121,1445000000,3,20260927,MODEL_V2_TCN_MEANMAX,MODEL_V2_OPTIMIZER_CORRECTED_V1,0,-5.593118190765381,0.003709587035700679,11,V2-006-OPT-CORR-F03-S20260927,2500e6093eb81946536b9d443c1fd586c1ea170025d48cf50cf45292ee22d878
dc47c5b546280a6f9670464c346c1f60c77c97361f7ed28e1aa2bda14136269c,MITDB_P114,114,315000000,3,20260927,MODEL_V2_TCN_MEANMAX,MODEL_V2_OPTIMIZER_CORRECTED_V1,0,-4.018491744995117,0.017662489786744118,11,V2-006-OPT-CORR-F03-S20260927,2500e6093eb81946536b9d443c1fd586c1ea170025d48cf50cf45292ee22d878
dcb701f0fe500ac5889e1b751417f1aff0e20127eb5bea804c8322b5f87e8052,MITDB_P223,223,1445000000,3,20260927,MODEL_V2_TCN_MEANMAX,MODEL_V2_OPTIMIZER_CORRECTED_V1,1,0.9667203426361084,0.7244653105735779,11,V2-006-OPT-CORR-F03-S20260927,2500e6093eb81946536b9d443c1fd586c1ea170025d48cf50cf45292ee22d878
dd3f6569ee64b8519a6772ad43fe33442cd9b7d301fbe535ce06a9277773fede,MITDB_P208,208,555000000,3,20260927,MODEL_V2_TCN_MEANMAX,MODEL_V2_OPTIMIZER_CORRECTED_V1,1,9.568177223205566,0.9999300241470337,11,V2-006-OPT-CORR-F03-S20260927,2500e6093eb81946536b9d443c1fd586c1ea170025d48cf50cf45292ee22d878
dd4616c646f92f2efa3d22029d96770de8b12b1d10272796a680868fd3942ac2,MITDB_P121,121,935000000,3,20260927,MODEL_V2_TCN_MEANMAX,MODEL_V2_OPTIMIZER_CORRECTED_V1,0,-7.239474773406982,0.0007171739125624299,11,V2-006-OPT-CORR-F03-S20260927,2500e6093eb81946536b9d443c1fd586c1ea170025d48cf50cf45292ee22d878
dd9c72b4ccd1e28ee04ab2bc26dd97738dd4ed77b3ccfee4b3bb3234fc528701,MITDB_P223,223,430000000,3,20260927,MODEL_V2_TCN_MEANMAX,MODEL_V2_OPTIMIZER_CORRECTED_V1,1,-3.9743220806121826,0.018445409834384918,11,V2-006-OPT-CORR-F03-S20260927,2500e6093eb81946536b9d443c1fd586c1ea170025d48cf50cf45292ee22d878
ddbd81688ffd2e5baecd2502a2e4d955eabd0c48bf4ecc51394c78ec70ea7274,MITDB_P208,208,345000000,3,20260927,MODEL_V2_TCN_MEANMAX,MODEL_V2_OPTIMIZER_CORRECTED_V1,1,10.368317604064941,0.9999685287475586,11,V2-006-OPT-CORR-F03-S20260927,2500e6093eb81946536b9d443c1fd586c1ea170025d48cf50cf45292ee22d878
ddd68ed693bb4b923cfe35268918c344da3b56586d4eeea00159dc036162d6f8,MITDB_P208,208,230000000,3,20260927,MODEL_V2_TCN_MEANMAX,MODEL_V2_OPTIMIZER_CORRECTED_V1,1,12.087388038635254,0.9999943971633911,11,V2-006-OPT-CORR-F03-S20260927,2500e6093eb81946536b9d443c1fd586c1ea170025d48cf50cf45292ee22d878
dde5e01b0c8925bf6b9e1f2c4305fb592487bb40e4bc44814105927dd8ff23c3,MITDB_P114,114,1000000000,3,20260927,MODEL_V2_TCN_MEANMAX,MODEL_V2_OPTIMIZER_CORRECTED_V1,0,-1.9347577095031738,0.12622490525245667,11,V2-006-OPT-CORR-F03-S20260927,2500e6093eb81946536b9d443c1fd586c1ea170025d48cf50cf45292ee22d878
de17159d58a40da724326a0ca4a11218ece12e8b836c1a0faf1b6788f35cd4b1,MITDB_P223,223,1785000000,3,20260927,MODEL_V2_TCN_MEANMAX,MODEL_V2_OPTIMIZER_CORRECTED_V1,0,-5.632319927215576,0.0035674870014190674,11,V2-006-OPT-CORR-F03-S20260927,2500e6093eb81946536b9d443c1fd586c1ea170025d48cf50cf45292ee22d878
de67c9df3251d6a730a9baaeb15f2e76acb85fd256207d3d873c1437d7bfe685,MITDB_P121,121,55000000,3,20260927,MODEL_V2_TCN_MEANMAX,MODEL_V2_OPTIMIZER_CORRECTED_V1,0,-7.8645710945129395,0.0003839665441773832,11,V2-006-OPT-CORR-F03-S20260927,2500e6093eb81946536b9d443c1fd586c1ea170025d48cf50cf45292ee22d878
de8e34585da8b7eb8d80c7894daec7f408c46a71c45cdf6bb788d226fda331a8,MITDB_P223,223,1620000000,3,20260927,MODEL_V2_TCN_MEANMAX,MODEL_V2_OPTIMIZER_CORRECTED_V1,0,-3.450201988220215,0.03076283633708954,11,V2-006-OPT-CORR-F03-S20260927,2500e6093eb81946536b9d443c1fd586c1ea170025d48cf50cf45292ee22d878
de95625a8ee8cccf5e2eeb72d59ed7f0958ef5d46dcc1763db8f73ec5eab1c00,MITDB_P121,121,105000000,3,20260927,MODEL_V2_TCN_MEANMAX,MODEL_V2_OPTIMIZER_CORRECTED_V1,0,-8.181378364562988,0.00027973769465461373,11,V2-006-OPT-CORR-F03-S20260927,2500e6093eb81946536b9d443c1fd586c1ea170025d48cf50cf45292ee22d878
dea509ef7734b2cd33758e8693424490fc8e5cfdfa22c2d6da76aaa04868fa2a,MITDB_P114,114,990000000,3,20260927,MODEL_V2_TCN_MEANMAX,MODEL_V2_OPTIMIZER_CORRECTED_V1,1,9.989164352416992,0.999954104423523,11,V2-006-OPT-CORR-F03-S20260927,2500e6093eb81946536b9d443c1fd586c1ea170025d48cf50cf45292ee22d878
deaba6edbfcb5452a55876c00eebafb5fdf422d0934a211e4ca1239e50561505,MITDB_P114,114,1075000000,3,20260927,MODEL_V2_TCN_MEANMAX,MODEL_V2_OPTIMIZER_CORRECTED_V1,0,-2.8327064514160156,0.055582158267498016,11,V2-006-OPT-CORR-F03-S20260927,2500e6093eb81946536b9d443c1fd586c1ea170025d48cf50cf45292ee22d878
ded3ca7d1a91dcae7017935603c2d039b3e60d6f71002fb9ef56992920af4fb3,MITDB_P121,121,730000000,3,20260927,MODEL_V2_TCN_MEANMAX,MODEL_V2_OPTIMIZER_CORRECTED_V1,0,-7.402953624725342,0.000609078851994127,11,V2-006-OPT-CORR-F03-S20260927,2500e6093eb81946536b9d443c1fd586c1ea170025d48cf50cf45292ee22d878
dee201b317890120143488a446f13bfa3cc682e2e135a19c0019895e72c1e232,MITDB_P103,103,520000000,3,20260927,MODEL_V2_TCN_MEANMAX,MODEL_V2_OPTIMIZER_CORRECTED_V1,0,-6.411794185638428,0.0016393836122006178,11,V2-006-OPT-CORR-F03-S20260927,2500e6093eb81946536b9d443c1fd586c1ea170025d48cf50cf45292ee22d878
df4c58d475f9df333895c4885c3a849893586b685609dff928a1085b88efe0e6,MITDB_P223,223,1340000000,3,20260927,MODEL_V2_TCN_MEANMAX,MODEL_V2_OPTIMIZER_CORRECTED_V1,1,3.4869604110717773,0.9703144431114197,11,V2-006-OPT-CORR-F03-S20260927,2500e6093eb81946536b9d443c1fd586c1ea170025d48cf50cf45292ee22d878
df5a2ee078e8cd5a2fe432cca03a05d9ae09bde4ea1390235b37a2ba01ade7c0,MITDB_P208,208,1490000000,3,20260927,MODEL_V2_TCN_MEANMAX,MODEL_V2_OPTIMIZER_CORRECTED_V1,1,8.628594398498535,0.999821126461029,11,V2-006-OPT-CORR-F03-S20260927,2500e6093eb81946536b9d443c1fd586c1ea170025d48cf50cf45292ee22d878
df9fa43a3630699a5d55cea135fac4e6c1542f5c1cc90a8dd9a29c3bee7e25ea,MITDB_P223,223,50000000,3,20260927,MODEL_V2_TCN_MEANMAX,MODEL_V2_OPTIMIZER_CORRECTED_V1,0,-7.065810680389404,0.0008530741324648261,11,V2-006-OPT-CORR-F03-S20260927,2500e6093eb81946536b9d443c1fd586c1ea170025d48cf50cf45292ee22d878
dfa83ccc53450c0b1600ffd7527f0fcd4de11cac8bba5d39383e5408ac89bd34,MITDB_P208,208,535000000,3,20260927,MODEL_V2_TCN_MEANMAX,MODEL_V2_OPTIMIZER_CORRECTED_V1,1,10.421615600585938,0.9999701976776123,11,V2-006-OPT-CORR-F03-S20260927,2500e6093eb81946536b9d443c1fd586c1ea170025d48cf50cf45292ee22d878
dff5afb1616e033695d7e1cdcf249f55f6c25091d61f3427549e26f40d032651,MITDB_P208,208,360000000,3,20260927,MODEL_V2_TCN_MEANMAX,MODEL_V2_OPTIMIZER_CORRECTED_V1,1,11.10602855682373,0.9999849796295166,11,V2-006-OPT-CORR-F03-S20260927,2500e6093eb81946536b9d443c1fd586c1ea170025d48cf50cf45292ee22d878
e02786216fb95a1cb165ef642da0ef03a6cac11f24f48a7539ac31d85b242add,MITDB_P223,223,250000000,3,20260927,MODEL_V2_TCN_MEANMAX,MODEL_V2_OPTIMIZER_CORRECTED_V1,0,-5.316498756408691,0.004885924980044365,11,V2-006-OPT-CORR-F03-S20260927,2500e6093eb81946536b9d443c1fd586c1ea170025d48cf50cf45292ee22d878
e031a0b8188ab387763ce45b9128256802cfd02cc0cc7e299a63bd20ff92cf27,MITDB_P103,103,1770000000,3,20260927,MODEL_V2_TCN_MEANMAX,MODEL_V2_OPTIMIZER_CORRECTED_V1,0,-5.592559337615967,0.0037116531748324633,11,V2-006-OPT-CORR-F03-S20260927,2500e6093eb81946536b9d443c1fd586c1ea170025d48cf50cf45292ee22d878
e049f76835e796dfbfe92b8e8f2d79d60a955b56ed85173c76f481167d6ba154,MITDB_P208,208,705000000,3,20260927,MODEL_V2_TCN_MEANMAX,MODEL_V2_OPTIMIZER_CORRECTED_V1,1,9.724966049194336,0.9999402761459351,11,V2-006-OPT-CORR-F03-S20260927,2500e6093eb81946536b9d443c1fd586c1ea170025d48cf50cf45292ee22d878
e0520104b7d961f0e7de542e80b4840fcaa56c7b5ed4a33bc46ab036e7a38a19,MITDB_P208,208,840000000,3,20260927,MODEL_V2_TCN_MEANMAX,MODEL_V2_OPTIMIZER_CORRECTED_V1,1,9.061123847961426,0.9998838901519775,11,V2-006-OPT-CORR-F03-S20260927,2500e6093eb81946536b9d443c1fd586c1ea170025d48cf50cf45292ee22d878
e0a1414224d702d64827b89a664141c6e84acc779249bf059f6f489af4369ab5,MITDB_P103,103,1380000000,3,20260927,MODEL_V2_TCN_MEANMAX,MODEL_V2_OPTIMIZER_CORRECTED_V1,0,-6.736831188201904,0.0011849948205053806,11,V2-006-OPT-CORR-F03-S20260927,2500e6093eb81946536b9d443c1fd586c1ea170025d48cf50cf45292ee22d878
e0d5580911c623b61b9484c4ed877d65b9adea1d06499c849467e1f1e7b6deb0,MITDB_P103,103,1410000000,3,20260927,MODEL_V2_TCN_MEANMAX,MODEL_V2_OPTIMIZER_CORRECTED_V1,0,-6.581949710845947,0.0013832299737259746,11,V2-006-OPT-CORR-F03-S20260927,2500e6093eb81946536b9d443c1fd586c1ea170025d48cf50cf45292ee22d878
e0e95039851f71b38aa0697db38d0953dc3803f64654801a3603255ab6d3e17d,MITDB_P208,208,1445000000,3,20260927,MODEL_V2_TCN_MEANMAX,MODEL_V2_OPTIMIZER_CORRECTED_V1,1,11.606213569641113,0.9999909400939941,11,V2-006-OPT-CORR-F03-S20260927,2500e6093eb81946536b9d443c1fd586c1ea170025d48cf50cf45292ee22d878
e0ff16e37e260ecd54ebf3f1ff297460dd232d7ec59956b32f23d7a71719e750,MITDB_P114,114,360000000,3,20260927,MODEL_V2_TCN_MEANMAX,MODEL_V2_OPTIMIZER_CORRECTED_V1,0,-5.13710880279541,0.005840339697897434,11,V2-006-OPT-CORR-F03-S20260927,2500e6093eb81946536b9d443c1fd586c1ea170025d48cf50cf45292ee22d878
e1017dd830442d7445f7beb21a1b819026db5e25452204f221e7d98af7272a5e,MITDB_P114,114,685000000,3,20260927,MODEL_V2_TCN_MEANMAX,MODEL_V2_OPTIMIZER_CORRECTED_V1,0,-3.5624396800994873,0.02758690156042576,11,V2-006-OPT-CORR-F03-S20260927,2500e6093eb81946536b9d443c1fd586c1ea170025d48cf50cf45292ee22d878
e10b68fb154dd1214e09f9c5e569394de9f243a2bf4c1dd8f62412b031a43581,MITDB_P223,223,945000000,3,20260927,MODEL_V2_TCN_MEANMAX,MODEL_V2_OPTIMIZER_CORRECTED_V1,1,1.8105356693267822,0.8594266176223755,11,V2-006-OPT-CORR-F03-S20260927,2500e6093eb81946536b9d443c1fd586c1ea170025d48cf50cf45292ee22d878
e114f15f0b17393bfb84a2e808897d8444d99ecabd357e44816301088c1dec55,MITDB_P121,121,1430000000,3,20260927,MODEL_V2_TCN_MEANMAX,MODEL_V2_OPTIMIZER_CORRECTED_V1,0,-7.746396064758301,0.00043211091542616487,11,V2-006-OPT-CORR-F03-S20260927,2500e6093eb81946536b9d443c1fd586c1ea170025d48cf50cf45292ee22d878
e11fe3781df675f68cce40646ac640ac2c6594385565fb5a57272d88535ea448,MITDB_P223,223,495000000,3,20260927,MODEL_V2_TCN_MEANMAX,MODEL_V2_OPTIMIZER_CORRECTED_V1,1,-6.292084217071533,0.0018474787939339876,11,V2-006-OPT-CORR-F03-S20260927,2500e6093eb81946536b9d443c1fd586c1ea170025d48cf50cf45292ee22d878
e1598683a38161e0beeb33c68abf9d07f8ecd5696420aaadbfcdde57b2373f0c,MITDB_P114,114,590000000,3,20260927,MODEL_V2_TCN_MEANMAX,MODEL_V2_OPTIMIZER_CORRECTED_V1,0,-2.419593572616577,0.08169074356555939,11,V2-006-OPT-CORR-F03-S20260927,2500e6093eb81946536b9d443c1fd586c1ea170025d48cf50cf45292ee22d878
e15c711c376e7de9b940e10c30352f1eb492b4ceaeea2c08bb3391f217e9ca2e,MITDB_P121,121,655000000,3,20260927,MODEL_V2_TCN_MEANMAX,MODEL_V2_OPTIMIZER_CORRECTED_V1,0,-7.915539264678955,0.0003648937854450196,11,V2-006-OPT-CORR-F03-S20260927,2500e6093eb81946536b9d443c1fd586c1ea170025d48cf50cf45292ee22d878
e1a1fc1308a1d2be56c2d93784a1eec97ea5aca86ab49af5b39e8c1b4c0ce01e,MITDB_P121,121,1585000000,3,20260927,MODEL_V2_TCN_MEANMAX,MODEL_V2_OPTIMIZER_CORRECTED_V1,0,-9.70392894744873,6.10394636169076e-05,11,V2-006-OPT-CORR-F03-S20260927,2500e6093eb81946536b9d443c1fd586c1ea170025d48cf50cf45292ee22d878
e1c6c993b29f24aac14b64dfedb1005ce0c152c43ec383d32c44af0b08ddc2ec,MITDB_P114,114,1480000000,3,20260927,MODEL_V2_TCN_MEANMAX,MODEL_V2_OPTIMIZER_CORRECTED_V1,0,-4.0057759284973145,0.017884474247694016,11,V2-006-OPT-CORR-F03-S20260927,2500e6093eb81946536b9d443c1fd586c1ea170025d48cf50cf45292ee22d878
e1e79ac4e1b56e17938e3ccc98e4c61f4f7b6e90775648b444b823cc99b6223c,MITDB_P114,114,1695000000,3,20260927,MODEL_V2_TCN_MEANMAX,MODEL_V2_OPTIMIZER_CORRECTED_V1,0,0.027287527918815613,0.5068214535713196,11,V2-006-OPT-CORR-F03-S20260927,2500e6093eb81946536b9d443c1fd586c1ea170025d48cf50cf45292ee22d878
e1fcca2a7ae48cfce43e21c56b4b40fbd6a4810404dec4d83887b9fad755d11b,MITDB_P114,114,1540000000,3,20260927,MODEL_V2_TCN_MEANMAX,MODEL_V2_OPTIMIZER_CORRECTED_V1,0,-2.451932907104492,0.07929731905460358,11,V2-006-OPT-CORR-F03-S20260927,2500e6093eb81946536b9d443c1fd586c1ea170025d48cf50cf45292ee22d878
e230b60881698954e497e620964f8bbad3b02dbc385a18deda277a767ca79d91,MITDB_P208,208,50000000,3,20260927,MODEL_V2_TCN_MEANMAX,MODEL_V2_OPTIMIZER_CORRECTED_V1,1,8.476896286010742,0.9997918009757996,11,V2-006-OPT-CORR-F03-S20260927,2500e6093eb81946536b9d443c1fd586c1ea170025d48cf50cf45292ee22d878
e23cf11b1ca1277652f43fb104f7f0ff628ce2cf9594b732735949bd10de1fa5,MITDB_P121,121,1225000000,3,20260927,MODEL_V2_TCN_MEANMAX,MODEL_V2_OPTIMIZER_CORRECTED_V1,0,-7.331579208374023,0.0006541109760291874,11,V2-006-OPT-CORR-F03-S20260927,2500e6093eb81946536b9d443c1fd586c1ea170025d48cf50cf45292ee22d878
e27a2517b7a958efa5387a6da6c50029f6f9820fd79fc9f7c22ddb7065f24b31,MITDB_P114,114,1275000000,3,20260927,MODEL_V2_TCN_MEANMAX,MODEL_V2_OPTIMIZER_CORRECTED_V1,0,-1.9060049057006836,0.12943033874034882,11,V2-006-OPT-CORR-F03-S20260927,2500e6093eb81946536b9d443c1fd586c1ea170025d48cf50cf45292ee22d878
e2b1a80bfea327b297210ece2c416d8d7c5db95c038971e718df2518e2a89737,MITDB_P223,223,455000000,3,20260927,MODEL_V2_TCN_MEANMAX,MODEL_V2_OPTIMIZER_CORRECTED_V1,1,-4.508969783782959,0.010889900848269463,11,V2-006-OPT-CORR-F03-S20260927,2500e6093eb81946536b9d443c1fd586c1ea170025d48cf50cf45292ee22d878
e2bbefad2668217eead9570eb517fb834ae79d6b8fdc8576c4e3534976b42848,MITDB_P208,208,1395000000,3,20260927,MODEL_V2_TCN_MEANMAX,MODEL_V2_OPTIMIZER_CORRECTED_V1,1,10.413744926452637,0.9999699592590332,11,V2-006-OPT-CORR-F03-S20260927,2500e6093eb81946536b9d443c1fd586c1ea170025d48cf50cf45292ee22d878
e2c4d11cfaf26ab5447391c1e67b295771f205acbba684fde4f1c9b3e32a1487,MITDB_P223,223,980000000,3,20260927,MODEL_V2_TCN_MEANMAX,MODEL_V2_OPTIMIZER_CORRECTED_V1,1,-0.9529948830604553,0.27828294038772583,11,V2-006-OPT-CORR-F03-S20260927,2500e6093eb81946536b9d443c1fd586c1ea170025d48cf50cf45292ee22d878
e2cacd92352175125145797afc1df18d9937198a20084e371abc980cf493b2f6,MITDB_P208,208,370000000,3,20260927,MODEL_V2_TCN_MEANMAX,MODEL_V2_OPTIMIZER_CORRECTED_V1,1,12.804455757141113,0.9999972581863403,11,V2-006-OPT-CORR-F03-S20260927,2500e6093eb81946536b9d443c1fd586c1ea170025d48cf50cf45292ee22d878
e2cf5e5127999a89f74920d5a5911df832dd2bc9f22194aeb6e31f239039846b,MITDB_P208,208,460000000,3,20260927,MODEL_V2_TCN_MEANMAX,MODEL_V2_OPTIMIZER_CORRECTED_V1,1,10.38033390045166,0.9999690055847168,11,V2-006-OPT-CORR-F03-S20260927,2500e6093eb81946536b9d443c1fd586c1ea170025d48cf50cf45292ee22d878
e2d43372da81e9a52853a5974f2baaa791b0c4c05eb89eb3cde3ae48d5e0be22,MITDB_P208,208,195000000,3,20260927,MODEL_V2_TCN_MEANMAX,MODEL_V2_OPTIMIZER_CORRECTED_V1,1,11.44941520690918,0.99998939037323,11,V2-006-OPT-CORR-F03-S20260927,2500e6093eb81946536b9d443c1fd586c1ea170025d48cf50cf45292ee22d878
e2eafe57a065ac575f66e7124b9ae30d18c0afa131569f4a8a09abe1d323dcb0,MITDB_P208,208,1630000000,3,20260927,MODEL_V2_TCN_MEANMAX,MODEL_V2_OPTIMIZER_CORRECTED_V1,1,10.688519477844238,0.9999772310256958,11,V2-006-OPT-CORR-F03-S20260927,2500e6093eb81946536b9d443c1fd586c1ea170025d48cf50cf45292ee22d878
e2f12a4765c9550aca273a52811267ea67169780a8c0f895c7e93a5771dd523f,MITDB_P121,121,1205000000,3,20260927,MODEL_V2_TCN_MEANMAX,MODEL_V2_OPTIMIZER_CORRECTED_V1,0,-7.793355464935303,0.00041229650378227234,11,V2-006-OPT-CORR-F03-S20260927,2500e6093eb81946536b9d443c1fd586c1ea170025d48cf50cf45292ee22d878
e2fa36fd3c0e098b74db339b21e76f187e7f10042cdab814934c03c4aa1c4028,MITDB_P114,114,825000000,3,20260927,MODEL_V2_TCN_MEANMAX,MODEL_V2_OPTIMIZER_CORRECTED_V1,1,2.1304147243499756,0.8938243985176086,11,V2-006-OPT-CORR-F03-S20260927,2500e6093eb81946536b9d443c1fd586c1ea170025d48cf50cf45292ee22d878
e3153145324d7b02150db805d14738e80d7216f9655b0ca71da5fa64d112aecb,MITDB_P114,114,75000000,3,20260927,MODEL_V2_TCN_MEANMAX,MODEL_V2_OPTIMIZER_CORRECTED_V1,0,-5.1568427085876465,0.0057268706150352955,11,V2-006-OPT-CORR-F03-S20260927,2500e6093eb81946536b9d443c1fd586c1ea170025d48cf50cf45292ee22d878
e36b902452517693e5c4dcee53c19d2e91a4441069c766de26b8b8ee4b69458b,MITDB_P121,121,1760000000,3,20260927,MODEL_V2_TCN_MEANMAX,MODEL_V2_OPTIMIZER_CORRECTED_V1,0,-9.56725788116455,6.997812306508422e-05,11,V2-006-OPT-CORR-F03-S20260927,2500e6093eb81946536b9d443c1fd586c1ea170025d48cf50cf45292ee22d878
e37963138036edae00f9390641d13f46f43dedda1ce6a0f3a1ec43ca2d9d1e35,MITDB_P121,121,1450000000,3,20260927,MODEL_V2_TCN_MEANMAX,MODEL_V2_OPTIMIZER_CORRECTED_V1,0,-7.300622940063477,0.000674662587698549,11,V2-006-OPT-CORR-F03-S20260927,2500e6093eb81946536b9d443c1fd586c1ea170025d48cf50cf45292ee22d878
e37ab99221144ee3ddd534a23661ce0c398e4d195b5315ba09993f707a5baf37,MITDB_P223,223,1220000000,3,20260927,MODEL_V2_TCN_MEANMAX,MODEL_V2_OPTIMIZER_CORRECTED_V1,0,-4.836215019226074,0.007874538190662861,11,V2-006-OPT-CORR-F03-S20260927,2500e6093eb81946536b9d443c1fd586c1ea170025d48cf50cf45292ee22d878
e38ef3010668d3b65044fc80e274cbca5cebc256744d324fc34157f7f00a736d,MITDB_P114,114,1435000000,3,20260927,MODEL_V2_TCN_MEANMAX,MODEL_V2_OPTIMIZER_CORRECTED_V1,0,0.9633135795593262,0.7237847447395325,11,V2-006-OPT-CORR-F03-S20260927,2500e6093eb81946536b9d443c1fd586c1ea170025d48cf50cf45292ee22d878
e3b86cef16351053fe59abefa654e9d73855565b2273b7eaf67dd738dc6c2e45,MITDB_P114,114,1665000000,3,20260927,MODEL_V2_TCN_MEANMAX,MODEL_V2_OPTIMIZER_CORRECTED_V1,0,-1.7416026592254639,0.14910948276519775,11,V2-006-OPT-CORR-F03-S20260927,2500e6093eb81946536b9d443c1fd586c1ea170025d48cf50cf45292ee22d878
e3e1e5448278c6cbda7e077b13d79e1b28b10ffd87fa1a6464f9dab4b380a095,MITDB_P114,114,155000000,3,20260927,MODEL_V2_TCN_MEANMAX,MODEL_V2_OPTIMIZER_CORRECTED_V1,0,-5.649319171905518,0.003507565939798951,11,V2-006-OPT-CORR-F03-S20260927,2500e6093eb81946536b9d443c1fd586c1ea170025d48cf50cf45292ee22d878
e4486ff19233f6813449ad1bc7a201c9b3ab43cbcf1c7b021e3a77d24ec4251a,MITDB_P223,223,480000000,3,20260927,MODEL_V2_TCN_MEANMAX,MODEL_V2_OPTIMIZER_CORRECTED_V1,1,-1.5692614316940308,0.17232170701026917,11,V2-006-OPT-CORR-F03-S20260927,2500e6093eb81946536b9d443c1fd586c1ea170025d48cf50cf45292ee22d878
e48834a37b70245280ee936c248ef2b98069771a455d99da9aa0a1646342319c,MITDB_P114,114,595000000,3,20260927,MODEL_V2_TCN_MEANMAX,MODEL_V2_OPTIMIZER_CORRECTED_V1,0,-2.4898064136505127,0.0765758827328682,11,V2-006-OPT-CORR-F03-S20260927,2500e6093eb81946536b9d443c1fd586c1ea170025d48cf50cf45292ee22d878
e4a6128d5d8f187d8bccecd0f075c887100cbdbd6277c35cc00166111e754ee3,MITDB_P121,121,385000000,3,20260927,MODEL_V2_TCN_MEANMAX,MODEL_V2_OPTIMIZER_CORRECTED_V1,0,-6.739943027496338,0.0011813173769041896,11,V2-006-OPT-CORR-F03-S20260927,2500e6093eb81946536b9d443c1fd586c1ea170025d48cf50cf45292ee22d878
e4ec1e943628bcf68b4cd3fd2e02492984f46d4b70963d664b973e5894a81e92,MITDB_P103,103,850000000,3,20260927,MODEL_V2_TCN_MEANMAX,MODEL_V2_OPTIMIZER_CORRECTED_V1,0,-6.041525363922119,0.002372287679463625,11,V2-006-OPT-CORR-F03-S20260927,2500e6093eb81946536b9d443c1fd586c1ea170025d48cf50cf45292ee22d878
e4f793d4289eafe07c6738340977003475792768266aa3251a10603faefb2d55,MITDB_P103,103,540000000,3,20260927,MODEL_V2_TCN_MEANMAX,MODEL_V2_OPTIMIZER_CORRECTED_V1,0,-6.426967620849609,0.0016147361602634192,11,V2-006-OPT-CORR-F03-S20260927,2500e6093eb81946536b9d443c1fd586c1ea170025d48cf50cf45292ee22d878
e4fdd9280a2b1f0b7684058c3e11ac9aace19956cabef93126c4bfb363155e44,MITDB_P208,208,1325000000,3,20260927,MODEL_V2_TCN_MEANMAX,MODEL_V2_OPTIMIZER_CORRECTED_V1,1,9.593010902404785,0.999931812286377,11,V2-006-OPT-CORR-F03-S20260927,2500e6093eb81946536b9d443c1fd586c1ea170025d48cf50cf45292ee22d878
e502a727293667ac7af2bc61da742d9fc4674866e2e12a24585122353b63f54f,MITDB_P103,103,1630000000,3,20260927,MODEL_V2_TCN_MEANMAX,MODEL_V2_OPTIMIZER_CORRECTED_V1,0,-6.659152030944824,0.0012805911246687174,11,V2-006-OPT-CORR-F03-S20260927,2500e6093eb81946536b9d443c1fd586c1ea170025d48cf50cf45292ee22d878
e541351939a85d23f20ad5b7013e95c05ae978b7148481780f3f057cc32c4777,MITDB_P103,103,1140000000,3,20260927,MODEL_V2_TCN_MEANMAX,MODEL_V2_OPTIMIZER_CORRECTED_V1,0,-7.022912502288818,0.0008904324495233595,11,V2-006-OPT-CORR-F03-S20260927,2500e6093eb81946536b9d443c1fd586c1ea170025d48cf50cf45292ee22d878
e561d3e8a11ed6712065198b7c86066dd0ef38441eab52e434d8e29a1c7dd73e,MITDB_P103,103,1110000000,3,20260927,MODEL_V2_TCN_MEANMAX,MODEL_V2_OPTIMIZER_CORRECTED_V1,0,-4.567380905151367,0.010278381407260895,11,V2-006-OPT-CORR-F03-S20260927,2500e6093eb81946536b9d443c1fd586c1ea170025d48cf50cf45292ee22d878
e5754b5d5747bf6345840908bbe2762a229245376a3565eb45a8cae77fa365a8,MITDB_P103,103,1035000000,3,20260927,MODEL_V2_TCN_MEANMAX,MODEL_V2_OPTIMIZER_CORRECTED_V1,0,-5.993412017822266,0.0024889258202165365,11,V2-006-OPT-CORR-F03-S20260927,2500e6093eb81946536b9d443c1fd586c1ea170025d48cf50cf45292ee22d878
e599abde4d03d9d50066170e4db4adf10703d1ea690088326535ddea88953b7d,MITDB_P208,208,665000000,3,20260927,MODEL_V2_TCN_MEANMAX,MODEL_V2_OPTIMIZER_CORRECTED_V1,1,8.91225814819336,0.9998652935028076,11,V2-006-OPT-CORR-F03-S20260927,2500e6093eb81946536b9d443c1fd586c1ea170025d48cf50cf45292ee22d878
e59c42c8fe80aec6bd334f96a84c05f0ba4c35bdde92b69af57189d7e6e409eb,MITDB_P114,114,880000000,3,20260927,MODEL_V2_TCN_MEANMAX,MODEL_V2_OPTIMIZER_CORRECTED_V1,0,-2.9722113609313965,0.048697177320718765,11,V2-006-OPT-CORR-F03-S20260927,2500e6093eb81946536b9d443c1fd586c1ea170025d48cf50cf45292ee22d878
e5ad08425f099228eea52c21d1f5790375863762aa3d73de3384471029a412da,MITDB_P103,103,1790000000,3,20260927,MODEL_V2_TCN_MEANMAX,MODEL_V2_OPTIMIZER_CORRECTED_V1,0,-5.49286413192749,0.0040991660207509995,11,V2-006-OPT-CORR-F03-S20260927,2500e6093eb81946536b9d443c1fd586c1ea170025d48cf50cf45292ee22d878
e5dd3a1bed04e8c452356a65dbc0f678d2e7957710beb4c2b0d2b39f3c1a09b9,MITDB_P121,121,1535000000,3,20260927,MODEL_V2_TCN_MEANMAX,MODEL_V2_OPTIMIZER_CORRECTED_V1,0,-6.585919380187988,0.001377757522277534,11,V2-006-OPT-CORR-F03-S20260927,2500e6093eb81946536b9d443c1fd586c1ea170025d48cf50cf45292ee22d878
e5ede72de0026771e01d9ece29a44ff429fae63d5bd9a14afa026c872b382a5f,MITDB_P223,223,1230000000,3,20260927,MODEL_V2_TCN_MEANMAX,MODEL_V2_OPTIMIZER_CORRECTED_V1,0,-4.839934825897217,0.007845530286431313,11,V2-006-OPT-CORR-F03-S20260927,2500e6093eb81946536b9d443c1fd586c1ea170025d48cf50cf45292ee22d878
e63e243ec847ac4e6ea95b00fbf3ef9f1c3a268448576bedc3050eeaf650d5f7,MITDB_P114,114,540000000,3,20260927,MODEL_V2_TCN_MEANMAX,MODEL_V2_OPTIMIZER_CORRECTED_V1,1,7.536808490753174,0.9994671940803528,11,V2-006-OPT-CORR-F03-S20260927,2500e6093eb81946536b9d443c1fd586c1ea170025d48cf50cf45292ee22d878
e645643f42eb48602eb29f2e11c20880090e784c6f85124095ff4feb73d7e750,MITDB_P208,208,730000000,3,20260927,MODEL_V2_TCN_MEANMAX,MODEL_V2_OPTIMIZER_CORRECTED_V1,1,10.101195335388184,0.9999589920043945,11,V2-006-OPT-CORR-F03-S20260927,2500e6093eb81946536b9d443c1fd586c1ea170025d48cf50cf45292ee22d878
e646a0d4785ce0317906e193d231bc98a38cc019767e92aae76b3a864112d068,MITDB_P114,114,1705000000,3,20260927,MODEL_V2_TCN_MEANMAX,MODEL_V2_OPTIMIZER_CORRECTED_V1,0,-3.3952698707580566,0.03244362026453018,11,V2-006-OPT-CORR-F03-S20260927,2500e6093eb81946536b9d443c1fd586c1ea170025d48cf50cf45292ee22d878
e6484ecbff14aa2c7c1617e1eeb033d63f9d46752c6f4eca8b3f42187a8101d7,MITDB_P114,114,1795000000,3,20260927,MODEL_V2_TCN_MEANMAX,MODEL_V2_OPTIMIZER_CORRECTED_V1,0,-5.24129581451416,0.005265520419925451,11,V2-006-OPT-CORR-F03-S20260927,2500e6093eb81946536b9d443c1fd586c1ea170025d48cf50cf45292ee22d878
e6867628615367521124fe29acef893d0b9d7cc427935fa0b50b54619bb4d96b,MITDB_P121,121,1060000000,3,20260927,MODEL_V2_TCN_MEANMAX,MODEL_V2_OPTIMIZER_CORRECTED_V1,0,-8.128030776977539,0.0002950617636088282,11,V2-006-OPT-CORR-F03-S20260927,2500e6093eb81946536b9d443c1fd586c1ea170025d48cf50cf45292ee22d878
e68c0821cef91256b95ef822c1ef6326909242c465720f0228c018fbb5d5aba5,MITDB_P121,121,1690000000,3,20260927,MODEL_V2_TCN_MEANMAX,MODEL_V2_OPTIMIZER_CORRECTED_V1,0,-8.615593910217285,0.0001812242844607681,11,V2-006-OPT-CORR-F03-S20260927,2500e6093eb81946536b9d443c1fd586c1ea170025d48cf50cf45292ee22d878
e69bc74cd0c9578bf5a45629c7337d36d92a0ecd685c8ec0b4d4c9d2b344c7b5,MITDB_P121,121,50000000,3,20260927,MODEL_V2_TCN_MEANMAX,MODEL_V2_OPTIMIZER_CORRECTED_V1,0,-6.893346309661865,0.0010134851327165961,11,V2-006-OPT-CORR-F03-S20260927,2500e6093eb81946536b9d443c1fd586c1ea170025d48cf50cf45292ee22d878
e6b8f4b8483a1c6a2168072043917e85e43a0430ec4a7322203e98e793fe88cb,MITDB_P208,208,925000000,3,20260927,MODEL_V2_TCN_MEANMAX,MODEL_V2_OPTIMIZER_CORRECTED_V1,1,9.359725952148438,0.9999139308929443,11,V2-006-OPT-CORR-F03-S20260927,2500e6093eb81946536b9d443c1fd586c1ea170025d48cf50cf45292ee22d878
e6bc01114a21f34447fa6b14b4074e9baf4043e49ef02b40951249a757583595,MITDB_P223,223,1555000000,3,20260927,MODEL_V2_TCN_MEANMAX,MODEL_V2_OPTIMIZER_CORRECTED_V1,1,6.486812591552734,0.9984789490699768,11,V2-006-OPT-CORR-F03-S20260927,2500e6093eb81946536b9d443c1fd586c1ea170025d48cf50cf45292ee22d878
e6cbb68453ad98078d7730486866ee6214b5af77f515f8d647c8637f1b6f0967,MITDB_P208,208,750000000,3,20260927,MODEL_V2_TCN_MEANMAX,MODEL_V2_OPTIMIZER_CORRECTED_V1,1,11.148995399475098,0.9999855756759644,11,V2-006-OPT-CORR-F03-S20260927,2500e6093eb81946536b9d443c1fd586c1ea170025d48cf50cf45292ee22d878
e6e9dcd72dadd1746a14c96157619338a4ef45cd26a100d7647c145e3a830e0e,MITDB_P103,103,275000000,3,20260927,MODEL_V2_TCN_MEANMAX,MODEL_V2_OPTIMIZER_CORRECTED_V1,0,-5.412762641906738,0.004439506679773331,11,V2-006-OPT-CORR-F03-S20260927,2500e6093eb81946536b9d443c1fd586c1ea170025d48cf50cf45292ee22d878
e708faa7e706fad651387bd1a9836facfc36fef7ad0e37ce5b41b679bc174c1c,MITDB_P114,114,1245000000,3,20260927,MODEL_V2_TCN_MEANMAX,MODEL_V2_OPTIMIZER_CORRECTED_V1,0,-1.7363710403442383,0.1497744619846344,11,V2-006-OPT-CORR-F03-S20260927,2500e6093eb81946536b9d443c1fd586c1ea170025d48cf50cf45292ee22d878
e7585426de84dfcf1ffd0fa4a37ea7c39ef662215e41c8c99323fa26e999df1c,MITDB_P103,103,1320000000,3,20260927,MODEL_V2_TCN_MEANMAX,MODEL_V2_OPTIMIZER_CORRECTED_V1,0,-6.901255130767822,0.0010055092861875892,11,V2-006-OPT-CORR-F03-S20260927,2500e6093eb81946536b9d443c1fd586c1ea170025d48cf50cf45292ee22d878
e76692342ff03298a9482af8bc98aad4d1004d219d470b62111c1a533c4ff94b,MITDB_P208,208,1625000000,3,20260927,MODEL_V2_TCN_MEANMAX,MODEL_V2_OPTIMIZER_CORRECTED_V1,1,11.943799018859863,0.9999934434890747,11,V2-006-OPT-CORR-F03-S20260927,2500e6093eb81946536b9d443c1fd586c1ea170025d48cf50cf45292ee22d878
e7ac3fe73c809297f170ac803dda2213a85292aa0b95c9696d8b6c4da69027dd,MITDB_P223,223,685000000,3,20260927,MODEL_V2_TCN_MEANMAX,MODEL_V2_OPTIMIZER_CORRECTED_V1,0,-3.5462498664855957,0.028024544939398766,11,V2-006-OPT-CORR-F03-S20260927,2500e6093eb81946536b9d443c1fd586c1ea170025d48cf50cf45292ee22d878
e7c6bf9c368f25ee4de8d0aa59130f0e20af5c167905bbb3837374637b9fc024,MITDB_P121,121,20000000,3,20260927,MODEL_V2_TCN_MEANMAX,MODEL_V2_OPTIMIZER_CORRECTED_V1,0,-6.400645732879639,0.0016577321803197265,11,V2-006-OPT-CORR-F03-S20260927,2500e6093eb81946536b9d443c1fd586c1ea170025d48cf50cf45292ee22d878
e7ca57b167a0ee9ee9cbb3c99fb011c8c2f2b2b9bad8f2b986c1dbe45eb9e194,MITDB_P121,121,615000000,3,20260927,MODEL_V2_TCN_MEANMAX,MODEL_V2_OPTIMIZER_CORRECTED_V1,0,-7.949432849884033,0.000352737755747512,11,V2-006-OPT-CORR-F03-S20260927,2500e6093eb81946536b9d443c1fd586c1ea170025d48cf50cf45292ee22d878
e7d986cd87fa35254fc5757b9546cd24e9dd48d55789a0162177bbc30d93b1c9,MITDB_P223,223,1035000000,3,20260927,MODEL_V2_TCN_MEANMAX,MODEL_V2_OPTIMIZER_CORRECTED_V1,1,-0.5648056268692017,0.36243629455566406,11,V2-006-OPT-CORR-F03-S20260927,2500e6093eb81946536b9d443c1fd586c1ea170025d48cf50cf45292ee22d878
e7f93653ef617f3bdbae3eec670ffb33ec1129e937326ada3ca8572b059d2358,MITDB_P114,114,425000000,3,20260927,MODEL_V2_TCN_MEANMAX,MODEL_V2_OPTIMIZER_CORRECTED_V1,1,1.4615496397018433,0.8117696046829224,11,V2-006-OPT-CORR-F03-S20260927,2500e6093eb81946536b9d443c1fd586c1ea170025d48cf50cf45292ee22d878
e84ab7f0ee93449a8105ed59838747590e46b6d1a806ac04c1dbed130f0af656,MITDB_P208,208,865000000,3,20260927,MODEL_V2_TCN_MEANMAX,MODEL_V2_OPTIMIZER_CORRECTED_V1,1,9.66616153717041,0.999936580657959,11,V2-006-OPT-CORR-F03-S20260927,2500e6093eb81946536b9d443c1fd586c1ea170025d48cf50cf45292ee22d878
e865a04bb4ab064b2421a47532b49d65cac18e581002352e8523f91327dbcf75,MITDB_P121,121,480000000,3,20260927,MODEL_V2_TCN_MEANMAX,MODEL_V2_OPTIMIZER_CORRECTED_V1,0,-7.018611907958984,0.0008942666463553905,11,V2-006-OPT-CORR-F03-S20260927,2500e6093eb81946536b9d443c1fd586c1ea170025d48cf50cf45292ee22d878
e8be8a55ad1ed116424bd41f955c2a403cd746655c32de7b49e3294b48a3a889,MITDB_P114,114,1780000000,3,20260927,MODEL_V2_TCN_MEANMAX,MODEL_V2_OPTIMIZER_CORRECTED_V1,1,0.24934445321559906,0.562015175819397,11,V2-006-OPT-CORR-F03-S20260927,2500e6093eb81946536b9d443c1fd586c1ea170025d48cf50cf45292ee22d878
e917586802c3098ba977e47fce227a837b92c853c65757ff791b924864718cfc,MITDB_P114,114,1550000000,3,20260927,MODEL_V2_TCN_MEANMAX,MODEL_V2_OPTIMIZER_CORRECTED_V1,0,-1.2597706317901611,0.2210133820772171,11,V2-006-OPT-CORR-F03-S20260927,2500e6093eb81946536b9d443c1fd586c1ea170025d48cf50cf45292ee22d878
e92c5fb6aa8d61ff02d50f57909c514dff749ad2b0570dd50042e8547d940e04,MITDB_P114,114,1170000000,3,20260927,MODEL_V2_TCN_MEANMAX,MODEL_V2_OPTIMIZER_CORRECTED_V1,0,-1.1199902296066284,0.2460131049156189,11,V2-006-OPT-CORR-F03-S20260927,2500e6093eb81946536b9d443c1fd586c1ea170025d48cf50cf45292ee22d878
e93283ec87960eb367f47a0b971e5412d70b0dc425e44b8580d9e9da3d3695d9,MITDB_P114,114,435000000,3,20260927,MODEL_V2_TCN_MEANMAX,MODEL_V2_OPTIMIZER_CORRECTED_V1,1,-0.6843979954719543,0.3352804481983185,11,V2-006-OPT-CORR-F03-S20260927,2500e6093eb81946536b9d443c1fd586c1ea170025d48cf50cf45292ee22d878
e9f4c16f5a8239ce28bdf22925a2a1a471db347dfe416286db0fd32dcb9b8a3c,MITDB_P103,103,1335000000,3,20260927,MODEL_V2_TCN_MEANMAX,MODEL_V2_OPTIMIZER_CORRECTED_V1,0,-5.2608723640441895,0.005163969472050667,11,V2-006-OPT-CORR-F03-S20260927,2500e6093eb81946536b9d443c1fd586c1ea170025d48cf50cf45292ee22d878
e9fc771621b58980041feead03c3677aae985543e0fe959431419127d2efab41,MITDB_P208,208,145000000,3,20260927,MODEL_V2_TCN_MEANMAX,MODEL_V2_OPTIMIZER_CORRECTED_V1,1,10.845303535461426,0.9999804496765137,11,V2-006-OPT-CORR-F03-S20260927,2500e6093eb81946536b9d443c1fd586c1ea170025d48cf50cf45292ee22d878
ea685ccc15fcd85abc7fdb5e0153c50fc3698cf9fed4fb78ee1338c154e8eccf,MITDB_P114,114,795000000,3,20260927,MODEL_V2_TCN_MEANMAX,MODEL_V2_OPTIMIZER_CORRECTED_V1,0,-1.9207849502563477,0.12777405977249146,11,V2-006-OPT-CORR-F03-S20260927,2500e6093eb81946536b9d443c1fd586c1ea170025d48cf50cf45292ee22d878
ea6dae29fe7f4d23cbb98cafda46dfe2a5291941b9892fd5d2a1f2c5169a8df7,MITDB_P223,223,1790000000,3,20260927,MODEL_V2_TCN_MEANMAX,MODEL_V2_OPTIMIZER_CORRECTED_V1,0,-5.189634799957275,0.005543143954128027,11,V2-006-OPT-CORR-F03-S20260927,2500e6093eb81946536b9d443c1fd586c1ea170025d48cf50cf45292ee22d878
ea82a743d91dcb4e7fa5156cd2fd8134d26c555f5783434f147b8005a6530b6e,MITDB_P103,103,570000000,3,20260927,MODEL_V2_TCN_MEANMAX,MODEL_V2_OPTIMIZER_CORRECTED_V1,0,-6.660353183746338,0.0012790558394044638,11,V2-006-OPT-CORR-F03-S20260927,2500e6093eb81946536b9d443c1fd586c1ea170025d48cf50cf45292ee22d878
eabff53a201a70686cfc491237fbea595b141b88049d68d5f3e6384e0c9607e5,MITDB_P121,121,395000000,3,20260927,MODEL_V2_TCN_MEANMAX,MODEL_V2_OPTIMIZER_CORRECTED_V1,0,-7.350592136383057,0.0006417998229153454,11,V2-006-OPT-CORR-F03-S20260927,2500e6093eb81946536b9d443c1fd586c1ea170025d48cf50cf45292ee22d878
eac5af8530c20e559eb215a2d85201638a205b9f3458d5ec38eb9e058adfbee0,MITDB_P223,223,1685000000,3,20260927,MODEL_V2_TCN_MEANMAX,MODEL_V2_OPTIMIZER_CORRECTED_V1,1,2.0058281421661377,0.8814076781272888,11,V2-006-OPT-CORR-F03-S20260927,2500e6093eb81946536b9d443c1fd586c1ea170025d48cf50cf45292ee22d878
eada83bb586c48771b10eb5005ac3a931b5a8c5dacc2ba472caa3c4b1ffa9f4c,MITDB_P223,223,420000000,3,20260927,MODEL_V2_TCN_MEANMAX,MODEL_V2_OPTIMIZER_CORRECTED_V1,0,-4.7964982986450195,0.008190969936549664,11,V2-006-OPT-CORR-F03-S20260927,2500e6093eb81946536b9d443c1fd586c1ea170025d48cf50cf45292ee22d878
eb07038cb7534fd6a15f17dec6c433f52fc40c0e9edcc5c6c8cd2d2269c864a2,MITDB_P121,121,295000000,3,20260927,MODEL_V2_TCN_MEANMAX,MODEL_V2_OPTIMIZER_CORRECTED_V1,0,-7.1731858253479,0.00076628802344203,11,V2-006-OPT-CORR-F03-S20260927,2500e6093eb81946536b9d443c1fd586c1ea170025d48cf50cf45292ee22d878
eb4f40d19bbe1bc5cc3652ee51cc9aa8fa1cfcf3bb1870b76137f5f62bddb298,MITDB_P114,114,960000000,3,20260927,MODEL_V2_TCN_MEANMAX,MODEL_V2_OPTIMIZER_CORRECTED_V1,0,-2.774383306503296,0.05872425064444542,11,V2-006-OPT-CORR-F03-S20260927,2500e6093eb81946536b9d443c1fd586c1ea170025d48cf50cf45292ee22d878
eb590e29e4520b5447340cb7107e3cd3ffaba7899bf02f65cecdc31d3bf1ff22,MITDB_P103,103,515000000,3,20260927,MODEL_V2_TCN_MEANMAX,MODEL_V2_OPTIMIZER_CORRECTED_V1,0,-7.008952617645264,0.0009029385983012617,11,V2-006-OPT-CORR-F03-S20260927,2500e6093eb81946536b9d443c1fd586c1ea170025d48cf50cf45292ee22d878
eb8f9a94a9f17dc570640c0ba837c38859fd640bb223f3487a5b656107b69fd5,MITDB_P103,103,1055000000,3,20260927,MODEL_V2_TCN_MEANMAX,MODEL_V2_OPTIMIZER_CORRECTED_V1,0,-6.005959987640381,0.0024579663295298815,11,V2-006-OPT-CORR-F03-S20260927,2500e6093eb81946536b9d443c1fd586c1ea170025d48cf50cf45292ee22d878
ebceb02c501cdcd38bc2956f07cf9b979c341f87b4585a26bc9d2dc9cd7dbce2,MITDB_P208,208,1130000000,3,20260927,MODEL_V2_TCN_MEANMAX,MODEL_V2_OPTIMIZER_CORRECTED_V1,1,9.459805488586426,0.9999220371246338,11,V2-006-OPT-CORR-F03-S20260927,2500e6093eb81946536b9d443c1fd586c1ea170025d48cf50cf45292ee22d878
ec61a48aa360ba9c1aaadabefbfc8a35adb94f02222cbd44bc7d48e9b4c590cc,MITDB_P103,103,825000000,3,20260927,MODEL_V2_TCN_MEANMAX,MODEL_V2_OPTIMIZER_CORRECTED_V1,0,-5.730650424957275,0.0032344702631235123,11,V2-006-OPT-CORR-F03-S20260927,2500e6093eb81946536b9d443c1fd586c1ea170025d48cf50cf45292ee22d878
ec7eccce7e5c483903ae49a5358bda5812e4f4791638c82205acbc3f37f74c5c,MITDB_P121,121,115000000,3,20260927,MODEL_V2_TCN_MEANMAX,MODEL_V2_OPTIMIZER_CORRECTED_V1,0,-7.508707046508789,0.0005479890969581902,11,V2-006-OPT-CORR-F03-S20260927,2500e6093eb81946536b9d443c1fd586c1ea170025d48cf50cf45292ee22d878
eccf8f14149d20ebca5f3c2af68e2e29fb41fa8086a604073f0138f320b289a7,MITDB_P121,121,550000000,3,20260927,MODEL_V2_TCN_MEANMAX,MODEL_V2_OPTIMIZER_CORRECTED_V1,0,-7.138285160064697,0.000793482584413141,11,V2-006-OPT-CORR-F03-S20260927,2500e6093eb81946536b9d443c1fd586c1ea170025d48cf50cf45292ee22d878
ed11d48ad9af534635c14d5fc9b5065d1387b6454775239547212bc7a508dffe,MITDB_P223,223,1710000000,3,20260927,MODEL_V2_TCN_MEANMAX,MODEL_V2_OPTIMIZER_CORRECTED_V1,1,2.345019578933716,0.9125375151634216,11,V2-006-OPT-CORR-F03-S20260927,2500e6093eb81946536b9d443c1fd586c1ea170025d48cf50cf45292ee22d878
ed172b5d570c611896d94a4fbcee61a2f4944e993a973cc47642159326cef120,MITDB_P208,208,1205000000,3,20260927,MODEL_V2_TCN_MEANMAX,MODEL_V2_OPTIMIZER_CORRECTED_V1,1,7.013105869293213,0.9991008043289185,11,V2-006-OPT-CORR-F03-S20260927,2500e6093eb81946536b9d443c1fd586c1ea170025d48cf50cf45292ee22d878
ed2cf64122e083da631cc59fb34f8f1f8536054949e2f0cd6b741d59bbc2a217,MITDB_P208,208,1140000000,3,20260927,MODEL_V2_TCN_MEANMAX,MODEL_V2_OPTIMIZER_CORRECTED_V1,1,8.896373748779297,0.9998631477355957,11,V2-006-OPT-CORR-F03-S20260927,2500e6093eb81946536b9d443c1fd586c1ea170025d48cf50cf45292ee22d878
ed4f509528cbcf01da0715b6b9c7d9693026476df0f239d1633122947b8cc94f,MITDB_P114,114,285000000,3,20260927,MODEL_V2_TCN_MEANMAX,MODEL_V2_OPTIMIZER_CORRECTED_V1,1,-4.2012104988098145,0.014756421558558941,11,V2-006-OPT-CORR-F03-S20260927,2500e6093eb81946536b9d443c1fd586c1ea170025d48cf50cf45292ee22d878
ed585db13b130b08bdd8565febff12ffee83c35e1073be1abdf481280a22f625,MITDB_P223,223,1720000000,3,20260927,MODEL_V2_TCN_MEANMAX,MODEL_V2_OPTIMIZER_CORRECTED_V1,1,0.5902132987976074,0.6434141397476196,11,V2-006-OPT-CORR-F03-S20260927,2500e6093eb81946536b9d443c1fd586c1ea170025d48cf50cf45292ee22d878
ed5e963a852543bb6a8a0cf3bf24eb159b1b1eb97e7037dd5a41bf052169be36,MITDB_P103,103,1505000000,3,20260927,MODEL_V2_TCN_MEANMAX,MODEL_V2_OPTIMIZER_CORRECTED_V1,0,-6.846384048461914,0.001062164199538529,11,V2-006-OPT-CORR-F03-S20260927,2500e6093eb81946536b9d443c1fd586c1ea170025d48cf50cf45292ee22d878
ed782682038db91ad201fce546e1281e9dd6a45b4c57fb7d5bb3c980514c84de,MITDB_P223,223,610000000,3,20260927,MODEL_V2_TCN_MEANMAX,MODEL_V2_OPTIMIZER_CORRECTED_V1,1,-1.715003490447998,0.15251585841178894,11,V2-006-OPT-CORR-F03-S20260927,2500e6093eb81946536b9d443c1fd586c1ea170025d48cf50cf45292ee22d878
edbf8b2e86908c382b104dd1f0f46f7f5d80c85623e67917a971febe6570009e,MITDB_P208,208,390000000,3,20260927,MODEL_V2_TCN_MEANMAX,MODEL_V2_OPTIMIZER_CORRECTED_V1,1,11.864198684692383,0.9999929666519165,11,V2-006-OPT-CORR-F03-S20260927,2500e6093eb81946536b9d443c1fd586c1ea170025d48cf50cf45292ee22d878
ee58e057e5c4a386bdeade773602eccf1273190f33f20953cb0dad9f28ce7a00,MITDB_P208,208,355000000,3,20260927,MODEL_V2_TCN_MEANMAX,MODEL_V2_OPTIMIZER_CORRECTED_V1,1,8.987940788269043,0.9998750686645508,11,V2-006-OPT-CORR-F03-S20260927,2500e6093eb81946536b9d443c1fd586c1ea170025d48cf50cf45292ee22d878
ee79e493d8f020599b7093b08c874602508e09ab5bc982d75c348d2e976d58b5,MITDB_P114,114,440000000,3,20260927,MODEL_V2_TCN_MEANMAX,MODEL_V2_OPTIMIZER_CORRECTED_V1,1,-2.075174570083618,0.11153324693441391,11,V2-006-OPT-CORR-F03-S20260927,2500e6093eb81946536b9d443c1fd586c1ea170025d48cf50cf45292ee22d878
eedbc689ef25edbd974c996678065cd4ac350c47e417909836f254c6319fe3df,MITDB_P103,103,680000000,3,20260927,MODEL_V2_TCN_MEANMAX,MODEL_V2_OPTIMIZER_CORRECTED_V1,0,-6.095877170562744,0.002247073221951723,11,V2-006-OPT-CORR-F03-S20260927,2500e6093eb81946536b9d443c1fd586c1ea170025d48cf50cf45292ee22d878
eeffb63b24362c8da6df5d6307c3acbfe80fdcc758e7f37e5e92396a1c108091,MITDB_P121,121,1170000000,3,20260927,MODEL_V2_TCN_MEANMAX,MODEL_V2_OPTIMIZER_CORRECTED_V1,0,-8.309356689453125,0.00024614177527837455,11,V2-006-OPT-CORR-F03-S20260927,2500e6093eb81946536b9d443c1fd586c1ea170025d48cf50cf45292ee22d878
ef26deacda82784d5d8b0a797e29f2d6aa4ff7b40cdbecb7aa178cbef09ae5db,MITDB_P223,223,1630000000,3,20260927,MODEL_V2_TCN_MEANMAX,MODEL_V2_OPTIMIZER_CORRECTED_V1,0,-3.4898149967193604,0.029603416100144386,11,V2-006-OPT-CORR-F03-S20260927,2500e6093eb81946536b9d443c1fd586c1ea170025d48cf50cf45292ee22d878
ef6b75e5184cb9fcbc4c1b6d55464f7ec892584f1419c5779750e3d68d56a92c,MITDB_P103,103,1160000000,3,20260927,MODEL_V2_TCN_MEANMAX,MODEL_V2_OPTIMIZER_CORRECTED_V1,0,-4.700273513793945,0.009010856039822102,11,V2-006-OPT-CORR-F03-S20260927,2500e6093eb81946536b9d443c1fd586c1ea170025d48cf50cf45292ee22d878
ef6cdec287465d5467582e76cf8ea9976e50e88a03770c9d486abf621a6dd5c7,MITDB_P103,103,615000000,3,20260927,MODEL_V2_TCN_MEANMAX,MODEL_V2_OPTIMIZER_CORRECTED_V1,0,-6.575886249542236,0.0013916309690102935,11,V2-006-OPT-CORR-F03-S20260927,2500e6093eb81946536b9d443c1fd586c1ea170025d48cf50cf45292ee22d878
ef712614e681ca8ad66ae148380c6b74c372fb2f1d80e76d4804cca19742fdb9,MITDB_P208,208,1035000000,3,20260927,MODEL_V2_TCN_MEANMAX,MODEL_V2_OPTIMIZER_CORRECTED_V1,1,9.771681785583496,0.9999428987503052,11,V2-006-OPT-CORR-F03-S20260927,2500e6093eb81946536b9d443c1fd586c1ea170025d48cf50cf45292ee22d878
ef96501a8a97c43b20759a507401915fb97cdf7b63fc58a633f46c3c0036a3d1,MITDB_P208,208,1480000000,3,20260927,MODEL_V2_TCN_MEANMAX,MODEL_V2_OPTIMIZER_CORRECTED_V1,1,8.764748573303223,0.9998438358306885,11,V2-006-OPT-CORR-F03-S20260927,2500e6093eb81946536b9d443c1fd586c1ea170025d48cf50cf45292ee22d878
ef9a8858dce3d798f3e3e8348db70268096ddfc3127b7324aee9f1d1d7daa844,MITDB_P114,114,1030000000,3,20260927,MODEL_V2_TCN_MEANMAX,MODEL_V2_OPTIMIZER_CORRECTED_V1,0,-2.7638609409332275,0.05930859595537186,11,V2-006-OPT-CORR-F03-S20260927,2500e6093eb81946536b9d443c1fd586c1ea170025d48cf50cf45292ee22d878
eff738fe81f2c8a109c7cd9f63df2701e89f89d42412c9fc2b0e51da1be37d35,MITDB_P121,121,990000000,3,20260927,MODEL_V2_TCN_MEANMAX,MODEL_V2_OPTIMIZER_CORRECTED_V1,0,-7.311118125915527,0.0006676235934719443,11,V2-006-OPT-CORR-F03-S20260927,2500e6093eb81946536b9d443c1fd586c1ea170025d48cf50cf45292ee22d878
f02a1f9b28c1d1b0629484ccbe80a532be4a92c98c22145c968a5a9bb311d5eb,MITDB_P103,103,1435000000,3,20260927,MODEL_V2_TCN_MEANMAX,MODEL_V2_OPTIMIZER_CORRECTED_V1,0,-6.631141185760498,0.001316920854151249,11,V2-006-OPT-CORR-F03-S20260927,2500e6093eb81946536b9d443c1fd586c1ea170025d48cf50cf45292ee22d878
f02f2bf12a32989408d02d837bd0a20e3fd2a6f583108a8add2e07a293f7ffa8,MITDB_P114,114,1580000000,3,20260927,MODEL_V2_TCN_MEANMAX,MODEL_V2_OPTIMIZER_CORRECTED_V1,0,-1.6506233215332031,0.16102471947669983,11,V2-006-OPT-CORR-F03-S20260927,2500e6093eb81946536b9d443c1fd586c1ea170025d48cf50cf45292ee22d878
f057bd0b8ef0c457ed9891279a892245b02143b08c1e82f36a7e0aefc5e746b5,MITDB_P223,223,775000000,3,20260927,MODEL_V2_TCN_MEANMAX,MODEL_V2_OPTIMIZER_CORRECTED_V1,0,-3.892832040786743,0.019980181008577347,11,V2-006-OPT-CORR-F03-S20260927,2500e6093eb81946536b9d443c1fd586c1ea170025d48cf50cf45292ee22d878
f0615e25c017c97b7796632ba69721fc8e6c2d369f0a063ca78a1681c05ca396,MITDB_P103,103,1120000000,3,20260927,MODEL_V2_TCN_MEANMAX,MODEL_V2_OPTIMIZER_CORRECTED_V1,0,-5.508673667907715,0.004035129211843014,11,V2-006-OPT-CORR-F03-S20260927,2500e6093eb81946536b9d443c1fd586c1ea170025d48cf50cf45292ee22d878
f07ec4ab571d829fcbe4e94e9b56c594324caee24deba9683542c8266b995448,MITDB_P121,121,85000000,3,20260927,MODEL_V2_TCN_MEANMAX,MODEL_V2_OPTIMIZER_CORRECTED_V1,0,-7.7910895347595215,0.000413231406128034,11,V2-006-OPT-CORR-F03-S20260927,2500e6093eb81946536b9d443c1fd586c1ea170025d48cf50cf45292ee22d878
f0c818dca50c1a14d56b9c9160013a3d8c57322e1375a6d76e186d36c216fa9f,MITDB_P121,121,485000000,3,20260927,MODEL_V2_TCN_MEANMAX,MODEL_V2_OPTIMIZER_CORRECTED_V1,0,-7.057444095611572,0.0008602351881563663,11,V2-006-OPT-CORR-F03-S20260927,2500e6093eb81946536b9d443c1fd586c1ea170025d48cf50cf45292ee22d878
f13e018bd6f3e62049147b4cd28d8c5681373cfdef30997093c9cd91f8693fd7,MITDB_P121,121,1745000000,3,20260927,MODEL_V2_TCN_MEANMAX,MODEL_V2_OPTIMIZER_CORRECTED_V1,0,-7.555089473724365,0.0005231654504314065,11,V2-006-OPT-CORR-F03-S20260927,2500e6093eb81946536b9d443c1fd586c1ea170025d48cf50cf45292ee22d878
f146b31c0fe8fc299e23e5c1be8434a4601dd6fb1de37af33dd8edb0acf9be80,MITDB_P114,114,55000000,3,20260927,MODEL_V2_TCN_MEANMAX,MODEL_V2_OPTIMIZER_CORRECTED_V1,0,-5.35282564163208,0.0047124410048127174,11,V2-006-OPT-CORR-F03-S20260927,2500e6093eb81946536b9d443c1fd586c1ea170025d48cf50cf45292ee22d878
f147eb0aa4bfba210460ebcf2a959bf01025a87e4b53199e6780d1aaf5e7f766,MITDB_P223,223,700000000,3,20260927,MODEL_V2_TCN_MEANMAX,MODEL_V2_OPTIMIZER_CORRECTED_V1,0,-3.928340196609497,0.019296618178486824,11,V2-006-OPT-CORR-F03-S20260927,2500e6093eb81946536b9d443c1fd586c1ea170025d48cf50cf45292ee22d878
f180c1f4f4ffc9b33a3d2db82cdb5404470e8bb6697fa0d4f35a1baf48477c7c,MITDB_P208,208,595000000,3,20260927,MODEL_V2_TCN_MEANMAX,MODEL_V2_OPTIMIZER_CORRECTED_V1,1,8.550687789916992,0.9998067021369934,11,V2-006-OPT-CORR-F03-S20260927,2500e6093eb81946536b9d443c1fd586c1ea170025d48cf50cf45292ee22d878
f1aac7d650b8e681d12f8544dcda3c729f3f0aae4c9340763229801fb894195f,MITDB_P114,114,230000000,3,20260927,MODEL_V2_TCN_MEANMAX,MODEL_V2_OPTIMIZER_CORRECTED_V1,1,6.993746280670166,0.9990832805633545,11,V2-006-OPT-CORR-F03-S20260927,2500e6093eb81946536b9d443c1fd586c1ea170025d48cf50cf45292ee22d878
f1d43ac378aec0029d88381af33cf3ced330945772c960e58380834af8a4d13e,MITDB_P223,223,1540000000,3,20260927,MODEL_V2_TCN_MEANMAX,MODEL_V2_OPTIMIZER_CORRECTED_V1,1,-0.20483370125293732,0.44896987080574036,11,V2-006-OPT-CORR-F03-S20260927,2500e6093eb81946536b9d443c1fd586c1ea170025d48cf50cf45292ee22d878
f1e49f9e70c69f545a3c9303211ef3e05c3a959776d31206239c1bab5aa357a5,MITDB_P223,223,40000000,3,20260927,MODEL_V2_TCN_MEANMAX,MODEL_V2_OPTIMIZER_CORRECTED_V1,0,-7.228087902069092,0.0007253809599205852,11,V2-006-OPT-CORR-F03-S20260927,2500e6093eb81946536b9d443c1fd586c1ea170025d48cf50cf45292ee22d878
f220e7b13d3b46eb5528714090ab8cbfedc94f9091aa8168dbc2fd5d579bc4ee,MITDB_P114,114,1135000000,3,20260927,MODEL_V2_TCN_MEANMAX,MODEL_V2_OPTIMIZER_CORRECTED_V1,0,-3.462773084640503,0.030390212312340736,11,V2-006-OPT-CORR-F03-S20260927,2500e6093eb81946536b9d443c1fd586c1ea170025d48cf50cf45292ee22d878
f22e7c0015499e3e99b99c74dec9b6346b46381206d15fcee591dcd94b3f2e72,MITDB_P223,223,955000000,3,20260927,MODEL_V2_TCN_MEANMAX,MODEL_V2_OPTIMIZER_CORRECTED_V1,0,-4.254940509796143,0.013995286077260971,11,V2-006-OPT-CORR-F03-S20260927,2500e6093eb81946536b9d443c1fd586c1ea170025d48cf50cf45292ee22d878
f2b86c0460f87a71d9c33bc3aa43b67bbf055de5d621e4dbc6b3cb2c7093e0e4,MITDB_P121,121,400000000,3,20260927,MODEL_V2_TCN_MEANMAX,MODEL_V2_OPTIMIZER_CORRECTED_V1,0,-7.850103855133057,0.0003895596892107278,11,V2-006-OPT-CORR-F03-S20260927,2500e6093eb81946536b9d443c1fd586c1ea170025d48cf50cf45292ee22d878
f2bc59b22484745436854e81a44b9b3ef2dd52b4387b13273f8a7a312e68683f,MITDB_P114,114,530000000,3,20260927,MODEL_V2_TCN_MEANMAX,MODEL_V2_OPTIMIZER_CORRECTED_V1,0,-4.786645889282227,0.008271398954093456,11,V2-006-OPT-CORR-F03-S20260927,2500e6093eb81946536b9d443c1fd586c1ea170025d48cf50cf45292ee22d878
f2be4e37fcde52e7b3b39c81ad09b59a53c6009790eff64c7e40bb0b15435d45,MITDB_P121,121,635000000,3,20260927,MODEL_V2_TCN_MEANMAX,MODEL_V2_OPTIMIZER_CORRECTED_V1,0,-8.141175270080566,0.00029120981344021857,11,V2-006-OPT-CORR-F03-S20260927,2500e6093eb81946536b9d443c1fd586c1ea170025d48cf50cf45292ee22d878
f2c14e42587bface27a36b29b1f39b174868ab634a088da73babc4dbc53568d0,MITDB_P121,121,925000000,3,20260927,MODEL_V2_TCN_MEANMAX,MODEL_V2_OPTIMIZER_CORRECTED_V1,0,-8.26208209991455,0.00025805438053794205,11,V2-006-OPT-CORR-F03-S20260927,2500e6093eb81946536b9d443c1fd586c1ea170025d48cf50cf45292ee22d878
f2ceff421bf9bb55c90a05d367ef2e90032411ccbebd82b3b2d9d2e81b7e83ba,MITDB_P223,223,1570000000,3,20260927,MODEL_V2_TCN_MEANMAX,MODEL_V2_OPTIMIZER_CORRECTED_V1,1,6.354977130889893,0.9982649683952332,11,V2-006-OPT-CORR-F03-S20260927,2500e6093eb81946536b9d443c1fd586c1ea170025d48cf50cf45292ee22d878
f2cfc539616ffbca13eb30850f91901d9588f566196dbdd865224473ee79ab15,MITDB_P223,223,165000000,3,20260927,MODEL_V2_TCN_MEANMAX,MODEL_V2_OPTIMIZER_CORRECTED_V1,1,5.045303821563721,0.9936017394065857,11,V2-006-OPT-CORR-F03-S20260927,2500e6093eb81946536b9d443c1fd586c1ea170025d48cf50cf45292ee22d878
f2e3a8eaad1011dc11415b9fbb0a101f88b5ec74e3bda02066dada2d21414260,MITDB_P103,103,345000000,3,20260927,MODEL_V2_TCN_MEANMAX,MODEL_V2_OPTIMIZER_CORRECTED_V1,0,-6.400294780731201,0.001658312976360321,11,V2-006-OPT-CORR-F03-S20260927,2500e6093eb81946536b9d443c1fd586c1ea170025d48cf50cf45292ee22d878
f3001ead4096bf86368d2bd08083bcf8192da47dead6e894ed3d60adfebd4a2f,MITDB_P114,114,125000000,3,20260927,MODEL_V2_TCN_MEANMAX,MODEL_V2_OPTIMIZER_CORRECTED_V1,0,-4.378572463989258,0.012387867085635662,11,V2-006-OPT-CORR-F03-S20260927,2500e6093eb81946536b9d443c1fd586c1ea170025d48cf50cf45292ee22d878
f305a78568ddd3eafd5afa168aadecce81d50adf57976414f10915a22cb958b7,MITDB_P223,223,1485000000,3,20260927,MODEL_V2_TCN_MEANMAX,MODEL_V2_OPTIMIZER_CORRECTED_V1,0,-5.1094865798950195,0.0060029299929738045,11,V2-006-OPT-CORR-F03-S20260927,2500e6093eb81946536b9d443c1fd586c1ea170025d48cf50cf45292ee22d878
f3177168045859347adbcb53ef122e1c7662e14f9f9d711f8f062660833357c0,MITDB_P103,103,230000000,3,20260927,MODEL_V2_TCN_MEANMAX,MODEL_V2_OPTIMIZER_CORRECTED_V1,0,-6.107150077819824,0.002221940318122506,11,V2-006-OPT-CORR-F03-S20260927,2500e6093eb81946536b9d443c1fd586c1ea170025d48cf50cf45292ee22d878
f31d6f1ae59bd10a933b339ba3274f3d2b96593d535e51b896c1e1357739bfd4,MITDB_P208,208,1200000000,3,20260927,MODEL_V2_TCN_MEANMAX,MODEL_V2_OPTIMIZER_CORRECTED_V1,1,6.054288387298584,0.9976576566696167,11,V2-006-OPT-CORR-F03-S20260927,2500e6093eb81946536b9d443c1fd586c1ea170025d48cf50cf45292ee22d878
f334cb337b13c88182ff1a06ab03856adb2eaba5da5b8d8ea116208eaa50bfb8,MITDB_P103,103,1300000000,3,20260927,MODEL_V2_TCN_MEANMAX,MODEL_V2_OPTIMIZER_CORRECTED_V1,0,-6.6716413497924805,0.001264717080630362,11,V2-006-OPT-CORR-F03-S20260927,2500e6093eb81946536b9d443c1fd586c1ea170025d48cf50cf45292ee22d878
f33cffa08c1050f53e9341454007081b9b302f916fe8b89797bd139c27568a5a,MITDB_P208,208,1440000000,3,20260927,MODEL_V2_TCN_MEANMAX,MODEL_V2_OPTIMIZER_CORRECTED_V1,1,10.240221977233887,0.9999642372131348,11,V2-006-OPT-CORR-F03-S20260927,2500e6093eb81946536b9d443c1fd586c1ea170025d48cf50cf45292ee22d878
f3761fa383f79634d9f344a6a53c9ff3d0a500cca5dde196a12de42dd47f273b,MITDB_P223,223,1550000000,3,20260927,MODEL_V2_TCN_MEANMAX,MODEL_V2_OPTIMIZER_CORRECTED_V1,1,8.568680763244629,0.9998100399971008,11,V2-006-OPT-CORR-F03-S20260927,2500e6093eb81946536b9d443c1fd586c1ea170025d48cf50cf45292ee22d878
f39cbfedfef302365a0d485e86e7e2b723154c95e8d9aedd6e9bd3700ec2949a,MITDB_P208,208,570000000,3,20260927,MODEL_V2_TCN_MEANMAX,MODEL_V2_OPTIMIZER_CORRECTED_V1,1,10.28525447845459,0.9999659061431885,11,V2-006-OPT-CORR-F03-S20260927,2500e6093eb81946536b9d443c1fd586c1ea170025d48cf50cf45292ee22d878
f3a05c3bb13757d806ec28207b61af654718d85bebfeaadb329bbe0eacf3f11c,MITDB_P223,223,1610000000,3,20260927,MODEL_V2_TCN_MEANMAX,MODEL_V2_OPTIMIZER_CORRECTED_V1,1,2.9111602306365967,0.948395311832428,11,V2-006-OPT-CORR-F03-S20260927,2500e6093eb81946536b9d443c1fd586c1ea170025d48cf50cf45292ee22d878
f3b68a224d6c1e3adcb3e85b7e5d86e997f57704e06736e5ca1654d29b0a20cd,MITDB_P114,114,195000000,3,20260927,MODEL_V2_TCN_MEANMAX,MODEL_V2_OPTIMIZER_CORRECTED_V1,1,9.723020553588867,0.9999401569366455,11,V2-006-OPT-CORR-F03-S20260927,2500e6093eb81946536b9d443c1fd586c1ea170025d48cf50cf45292ee22d878
f43d254782d7542f7dbac096fa2099315d27a7b2898d556a9b6d49feaebf081d,MITDB_P103,103,575000000,3,20260927,MODEL_V2_TCN_MEANMAX,MODEL_V2_OPTIMIZER_CORRECTED_V1,0,-6.628838062286377,0.0013199533568695188,11,V2-006-OPT-CORR-F03-S20260927,2500e6093eb81946536b9d443c1fd586c1ea170025d48cf50cf45292ee22d878
f442be0eeb2b6d312ea3e083442ab445cb8595e72e8fbf4a4e7aa0715682167a,MITDB_P223,223,1245000000,3,20260927,MODEL_V2_TCN_MEANMAX,MODEL_V2_OPTIMIZER_CORRECTED_V1,0,-5.054793834686279,0.00633825222030282,11,V2-006-OPT-CORR-F03-S20260927,2500e6093eb81946536b9d443c1fd586c1ea170025d48cf50cf45292ee22d878
f4828f1b2b3626a92ad7bf2462e8a7f051206c71ccbf110900546880e25f7179,MITDB_P208,208,1065000000,3,20260927,MODEL_V2_TCN_MEANMAX,MODEL_V2_OPTIMIZER_CORRECTED_V1,1,8.502657890319824,0.9997971653938293,11,V2-006-OPT-CORR-F03-S20260927,2500e6093eb81946536b9d443c1fd586c1ea170025d48cf50cf45292ee22d878
f48751fca2000be05247594b81da230cfca55c44f382b64d7804d39645c293e7,MITDB_P208,208,1030000000,3,20260927,MODEL_V2_TCN_MEANMAX,MODEL_V2_OPTIMIZER_CORRECTED_V1,1,10.654129981994629,0.999976396560669,11,V2-006-OPT-CORR-F03-S20260927,2500e6093eb81946536b9d443c1fd586c1ea170025d48cf50cf45292ee22d878
f4cc3463925747e6ea717abf882c1c88eb82116ed7728f78647201c6cd3572c1,MITDB_P103,103,1050000000,3,20260927,MODEL_V2_TCN_MEANMAX,MODEL_V2_OPTIMIZER_CORRECTED_V1,0,-6.774336338043213,0.0011414242908358574,11,V2-006-OPT-CORR-F03-S20260927,2500e6093eb81946536b9d443c1fd586c1ea170025d48cf50cf45292ee22d878
f4f438379a010e89ec70adfa1e39b80a86ea8b9c263b13a0d4c08c33a3577f82,MITDB_P223,223,485000000,3,20260927,MODEL_V2_TCN_MEANMAX,MODEL_V2_OPTIMIZER_CORRECTED_V1,1,-1.7802330255508423,0.14427436888217926,11,V2-006-OPT-CORR-F03-S20260927,2500e6093eb81946536b9d443c1fd586c1ea170025d48cf50cf45292ee22d878
f506bb4256c7931bd82ac065028fb20992e8cbb2301a5e788b2925b1220f1335,MITDB_P114,114,1340000000,3,20260927,MODEL_V2_TCN_MEANMAX,MODEL_V2_OPTIMIZER_CORRECTED_V1,0,-2.2701473236083984,0.09362570941448212,11,V2-006-OPT-CORR-F03-S20260927,2500e6093eb81946536b9d443c1fd586c1ea170025d48cf50cf45292ee22d878
f520bee717894b4c2575802c9fc9930c43295ee958e05091971a5a29830a2460,MITDB_P208,208,1060000000,3,20260927,MODEL_V2_TCN_MEANMAX,MODEL_V2_OPTIMIZER_CORRECTED_V1,1,11.552046775817871,0.9999903440475464,11,V2-006-OPT-CORR-F03-S20260927,2500e6093eb81946536b9d443c1fd586c1ea170025d48cf50cf45292ee22d878
f523d2fa54aca03c9a77bae163339a27f0b2d5f664a1aeb2db69737f3549024e,MITDB_P121,121,1635000000,3,20260927,MODEL_V2_TCN_MEANMAX,MODEL_V2_OPTIMIZER_CORRECTED_V1,0,-10.744450569152832,2.1564283088082448e-05,11,V2-006-OPT-CORR-F03-S20260927,2500e6093eb81946536b9d443c1fd586c1ea170025d48cf50cf45292ee22d878
f56deae0d6fbc850f888e35815f38389be10faef8765473163ff013c7bde5d8b,MITDB_P208,208,1680000000,3,20260927,MODEL_V2_TCN_MEANMAX,MODEL_V2_OPTIMIZER_CORRECTED_V1,1,11.970101356506348,0.9999936819076538,11,V2-006-OPT-CORR-F03-S20260927,2500e6093eb81946536b9d443c1fd586c1ea170025d48cf50cf45292ee22d878
f59186a1bb1629202f33b09da2639660c0dbc9ca0dfb226497185c63e5382ef6,MITDB_P223,223,1690000000,3,20260927,MODEL_V2_TCN_MEANMAX,MODEL_V2_OPTIMIZER_CORRECTED_V1,1,1.8260395526885986,0.8612892627716064,11,V2-006-OPT-CORR-F03-S20260927,2500e6093eb81946536b9d443c1fd586c1ea170025d48cf50cf45292ee22d878
f5e5c3a78e151531675ccb21545b696646cd6f10017e82419f30614f1ecaf6ce,MITDB_P114,114,1125000000,3,20260927,MODEL_V2_TCN_MEANMAX,MODEL_V2_OPTIMIZER_CORRECTED_V1,0,-2.981865167617798,0.04825190454721451,11,V2-006-OPT-CORR-F03-S20260927,2500e6093eb81946536b9d443c1fd586c1ea170025d48cf50cf45292ee22d878
f5e8b6bd85056bd6c11314073ea82b986f10a8c1beaff404e48c0774d16c4180,MITDB_P103,103,325000000,3,20260927,MODEL_V2_TCN_MEANMAX,MODEL_V2_OPTIMIZER_CORRECTED_V1,0,-6.8687663078308105,0.0010386790381744504,11,V2-006-OPT-CORR-F03-S20260927,2500e6093eb81946536b9d443c1fd586c1ea170025d48cf50cf45292ee22d878
f5efe2430212d55011b618a758a2b2a65858147d3b0b92b6e8832bc1ebab4a4c,MITDB_P114,114,1675000000,3,20260927,MODEL_V2_TCN_MEANMAX,MODEL_V2_OPTIMIZER_CORRECTED_V1,0,-3.651958465576172,0.02528439275920391,11,V2-006-OPT-CORR-F03-S20260927,2500e6093eb81946536b9d443c1fd586c1ea170025d48cf50cf45292ee22d878
f6697b47bdc7fbc1605b7ba2a2e6de0f939ccf1377cc3a8489f47e3cd2f41f50,MITDB_P103,103,555000000,3,20260927,MODEL_V2_TCN_MEANMAX,MODEL_V2_OPTIMIZER_CORRECTED_V1,0,-6.960210800170898,0.000947996973991394,11,V2-006-OPT-CORR-F03-S20260927,2500e6093eb81946536b9d443c1fd586c1ea170025d48cf50cf45292ee22d878
f6c5139c336658f2a50fcda728ff34e4034b8a4aa1d02cac6cac0485f7907fee,MITDB_P208,208,1565000000,3,20260927,MODEL_V2_TCN_MEANMAX,MODEL_V2_OPTIMIZER_CORRECTED_V1,1,9.851405143737793,0.9999473094940186,11,V2-006-OPT-CORR-F03-S20260927,2500e6093eb81946536b9d443c1fd586c1ea170025d48cf50cf45292ee22d878
f70296efd2f7e59732e3ba3bc8a95f6cc2f4a483109402c8b7f4be4b32e4b076,MITDB_P223,223,45000000,3,20260927,MODEL_V2_TCN_MEANMAX,MODEL_V2_OPTIMIZER_CORRECTED_V1,0,-7.298902988433838,0.0006758232484571636,11,V2-006-OPT-CORR-F03-S20260927,2500e6093eb81946536b9d443c1fd586c1ea170025d48cf50cf45292ee22d878
f709af9c20c6cee3d74666e6352eb58b299201eb3e127c68e2c4671b18a25d5e,MITDB_P208,208,330000000,3,20260927,MODEL_V2_TCN_MEANMAX,MODEL_V2_OPTIMIZER_CORRECTED_V1,1,12.885712623596191,0.9999974966049194,11,V2-006-OPT-CORR-F03-S20260927,2500e6093eb81946536b9d443c1fd586c1ea170025d48cf50cf45292ee22d878
f710021e17fc8143af9a14a5252830bbe5f0356ead4dd6b98987c4f4e01e46ca,MITDB_P121,121,495000000,3,20260927,MODEL_V2_TCN_MEANMAX,MODEL_V2_OPTIMIZER_CORRECTED_V1,0,-7.848607063293457,0.00039014298818074167,11,V2-006-OPT-CORR-F03-S20260927,2500e6093eb81946536b9d443c1fd586c1ea170025d48cf50cf45292ee22d878
f73c49844fb329be2b78c6e8ca518b3246e161d28b442033e23752ad43213dcf,MITDB_P103,103,690000000,3,20260927,MODEL_V2_TCN_MEANMAX,MODEL_V2_OPTIMIZER_CORRECTED_V1,0,-6.553555488586426,0.0014230119995772839,11,V2-006-OPT-CORR-F03-S20260927,2500e6093eb81946536b9d443c1fd586c1ea170025d48cf50cf45292ee22d878
f73d22cf47e8ddafc517f1375ac490262e837f3e6533f4d1efeddbae7f71cc0a,MITDB_P103,103,890000000,3,20260927,MODEL_V2_TCN_MEANMAX,MODEL_V2_OPTIMIZER_CORRECTED_V1,0,-6.212540626525879,0.0020001307129859924,11,V2-006-OPT-CORR-F03-S20260927,2500e6093eb81946536b9d443c1fd586c1ea170025d48cf50cf45292ee22d878
f7686440ec07b176e961cead4051dca276289526e7d78592c7e2dc4396db8807,MITDB_P121,121,525000000,3,20260927,MODEL_V2_TCN_MEANMAX,MODEL_V2_OPTIMIZER_CORRECTED_V1,0,-6.602381706237793,0.001355292508378625,11,V2-006-OPT-CORR-F03-S20260927,2500e6093eb81946536b9d443c1fd586c1ea170025d48cf50cf45292ee22d878
f76ae11d7c2fc1800acff536fd9bda879fad73186590b1a561bf840b60a785aa,MITDB_P208,208,1055000000,3,20260927,MODEL_V2_TCN_MEANMAX,MODEL_V2_OPTIMIZER_CORRECTED_V1,1,10.814932823181152,0.9999798536300659,11,V2-006-OPT-CORR-F03-S20260927,2500e6093eb81946536b9d443c1fd586c1ea170025d48cf50cf45292ee22d878
f76f18ec765c736538497d0f09b29722cdbe4a659a96460ddd2ca77060623d96,MITDB_P114,114,715000000,3,20260927,MODEL_V2_TCN_MEANMAX,MODEL_V2_OPTIMIZER_CORRECTED_V1,0,-4.317971706390381,0.013151616789400578,11,V2-006-OPT-CORR-F03-S20260927,2500e6093eb81946536b9d443c1fd586c1ea170025d48cf50cf45292ee22d878
f76ffb11fd979d02a85cc489687befb7f4913daedc2f955d2b4a475add93ce0b,MITDB_P103,103,1795000000,3,20260927,MODEL_V2_TCN_MEANMAX,MODEL_V2_OPTIMIZER_CORRECTED_V1,0,-6.802636623382568,0.0011096098460257053,11,V2-006-OPT-CORR-F03-S20260927,2500e6093eb81946536b9d443c1fd586c1ea170025d48cf50cf45292ee22d878
f784ac70f8853847d82f50b067d52cba9ea64f5dec7adf6a07a17951b6b43582,MITDB_P103,103,730000000,3,20260927,MODEL_V2_TCN_MEANMAX,MODEL_V2_OPTIMIZER_CORRECTED_V1,0,-6.363115310668945,0.0017210205551236868,11,V2-006-OPT-CORR-F03-S20260927,2500e6093eb81946536b9d443c1fd586c1ea170025d48cf50cf45292ee22d878
f80033d1f1f1b4a3b4222da1b8c3d5fa971966f94ddd17d07bee38e232bb8023,MITDB_P223,223,1100000000,3,20260927,MODEL_V2_TCN_MEANMAX,MODEL_V2_OPTIMIZER_CORRECTED_V1,1,-1.2865102291107178,0.21644407510757446,11,V2-006-OPT-CORR-F03-S20260927,2500e6093eb81946536b9d443c1fd586c1ea170025d48cf50cf45292ee22d878
f812b853fcf60f7c420e6a090abedb7fc8e0bda79ee6e127395dd42feb7cf6d2,MITDB_P114,114,175000000,3,20260927,MODEL_V2_TCN_MEANMAX,MODEL_V2_OPTIMIZER_CORRECTED_V1,0,-5.120373249053955,0.005938318558037281,11,V2-006-OPT-CORR-F03-S20260927,2500e6093eb81946536b9d443c1fd586c1ea170025d48cf50cf45292ee22d878
f819ffd39ec901ae0f68eec63636c32a2a95d75a688d7f026cfec136ce7227c1,MITDB_P208,208,1470000000,3,20260927,MODEL_V2_TCN_MEANMAX,MODEL_V2_OPTIMIZER_CORRECTED_V1,1,9.661423683166504,0.9999363422393799,11,V2-006-OPT-CORR-F03-S20260927,2500e6093eb81946536b9d443c1fd586c1ea170025d48cf50cf45292ee22d878
f822b03d2ae555a3894d2bb4905a8076e9412bffdeac6ad4c085d028f093d820,MITDB_P208,208,1635000000,3,20260927,MODEL_V2_TCN_MEANMAX,MODEL_V2_OPTIMIZER_CORRECTED_V1,1,11.84839153289795,0.999992847442627,11,V2-006-OPT-CORR-F03-S20260927,2500e6093eb81946536b9d443c1fd586c1ea170025d48cf50cf45292ee22d878
f82309232a7e3b241da560d867a5b1c137a8469057129bb08ead212ceddf8fbd,MITDB_P103,103,1185000000,3,20260927,MODEL_V2_TCN_MEANMAX,MODEL_V2_OPTIMIZER_CORRECTED_V1,0,-6.588721752166748,0.00137390720192343,11,V2-006-OPT-CORR-F03-S20260927,2500e6093eb81946536b9d443c1fd586c1ea170025d48cf50cf45292ee22d878
f82fa70f2bf46eb84323f1e944f2b75c0ab0c5c136723a124a10f31ff7784151,MITDB_P223,223,1250000000,3,20260927,MODEL_V2_TCN_MEANMAX,MODEL_V2_OPTIMIZER_CORRECTED_V1,0,-5.5604143142700195,0.0038324380293488503,11,V2-006-OPT-CORR-F03-S20260927,2500e6093eb81946536b9d443c1fd586c1ea170025d48cf50cf45292ee22d878
f8565ad20cd42483b3d4ca1aad8a993c7da50f397017ae88b4be4154f71b5c2c,MITDB_P103,103,170000000,3,20260927,MODEL_V2_TCN_MEANMAX,MODEL_V2_OPTIMIZER_CORRECTED_V1,0,-6.692136287689209,0.0012390923220664263,11,V2-006-OPT-CORR-F03-S20260927,2500e6093eb81946536b9d443c1fd586c1ea170025d48cf50cf45292ee22d878
f8976be7754d17737f43923eea9ef1e01af8575ccf0f68b1fded7ac9daa1e740,MITDB_P114,114,25000000,3,20260927,MODEL_V2_TCN_MEANMAX,MODEL_V2_OPTIMIZER_CORRECTED_V1,0,-4.965622425079346,0.006925314199179411,11,V2-006-OPT-CORR-F03-S20260927,2500e6093eb81946536b9d443c1fd586c1ea170025d48cf50cf45292ee22d878
f8a13523111ed48731ff0e6c453fa15f7aa205f041ba7da8576227ead25ac24c,MITDB_P103,103,1525000000,3,20260927,MODEL_V2_TCN_MEANMAX,MODEL_V2_OPTIMIZER_CORRECTED_V1,0,-6.478144645690918,0.001534301321953535,11,V2-006-OPT-CORR-F03-S20260927,2500e6093eb81946536b9d443c1fd586c1ea170025d48cf50cf45292ee22d878
f8b0c8a6eb0382a53ade9582d425b28f46f0e32ad91d40c040c3ebd92815a6bc,MITDB_P103,103,40000000,3,20260927,MODEL_V2_TCN_MEANMAX,MODEL_V2_OPTIMIZER_CORRECTED_V1,0,-6.547297477722168,0.0014319324400275946,11,V2-006-OPT-CORR-F03-S20260927,2500e6093eb81946536b9d443c1fd586c1ea170025d48cf50cf45292ee22d878
f8b0e083aeca48e71d16d754ca2d74e50ca7cc81a8d035b57209e91ceaf3dadf,MITDB_P208,208,810000000,3,20260927,MODEL_V2_TCN_MEANMAX,MODEL_V2_OPTIMIZER_CORRECTED_V1,1,10.654958724975586,0.999976396560669,11,V2-006-OPT-CORR-F03-S20260927,2500e6093eb81946536b9d443c1fd586c1ea170025d48cf50cf45292ee22d878
f8b3939498452faa68cea436101a4babcb98cb890755cf80f2c62943af652026,MITDB_P114,114,630000000,3,20260927,MODEL_V2_TCN_MEANMAX,MODEL_V2_OPTIMIZER_CORRECTED_V1,0,-2.772949695587158,0.05880354717373848,11,V2-006-OPT-CORR-F03-S20260927,2500e6093eb81946536b9d443c1fd586c1ea170025d48cf50cf45292ee22d878
f902b6ca6752e5cedad374cdce593c2248df776b9db5bccefe1ad09cf37c12da,MITDB_P223,223,1750000000,3,20260927,MODEL_V2_TCN_MEANMAX,MODEL_V2_OPTIMIZER_CORRECTED_V1,1,0.1654646247625351,0.5412720441818237,11,V2-006-OPT-CORR-F03-S20260927,2500e6093eb81946536b9d443c1fd586c1ea170025d48cf50cf45292ee22d878
f9224b887e14cf4c417a33531c843fd2e95bdb936f3c15db596bff240ec474ff,MITDB_P208,208,1675000000,3,20260927,MODEL_V2_TCN_MEANMAX,MODEL_V2_OPTIMIZER_CORRECTED_V1,1,7.627421855926514,0.9995132684707642,11,V2-006-OPT-CORR-F03-S20260927,2500e6093eb81946536b9d443c1fd586c1ea170025d48cf50cf45292ee22d878
f92bf19f8442fdab80ee0bc5413200ed8f8e98771c30b34f071b9d735040d6c5,MITDB_P114,114,640000000,3,20260927,MODEL_V2_TCN_MEANMAX,MODEL_V2_OPTIMIZER_CORRECTED_V1,0,-2.9492928981781006,0.049769941717386246,11,V2-006-OPT-CORR-F03-S20260927,2500e6093eb81946536b9d443c1fd586c1ea170025d48cf50cf45292ee22d878
f971c172366820fddfe2d3c1e2e3f1140aed8b2fb254a565cc9e722184d214ed,MITDB_P121,121,1230000000,3,20260927,MODEL_V2_TCN_MEANMAX,MODEL_V2_OPTIMIZER_CORRECTED_V1,0,-7.528053283691406,0.0005374951288104057,11,V2-006-OPT-CORR-F03-S20260927,2500e6093eb81946536b9d443c1fd586c1ea170025d48cf50cf45292ee22d878
f9a87e60c5f04bc2dfed72ff20e767555c86d1bdabe9d28635e844a908d77a05,MITDB_P223,223,1475000000,3,20260927,MODEL_V2_TCN_MEANMAX,MODEL_V2_OPTIMIZER_CORRECTED_V1,0,-3.276277780532837,0.03639402985572815,11,V2-006-OPT-CORR-F03-S20260927,2500e6093eb81946536b9d443c1fd586c1ea170025d48cf50cf45292ee22d878
f9aa108c44efe47a165e48da6a88e06b8368a821d96fe40290aedb82becc9857,MITDB_P103,103,1685000000,3,20260927,MODEL_V2_TCN_MEANMAX,MODEL_V2_OPTIMIZER_CORRECTED_V1,0,-5.973860740661621,0.0025379417929798365,11,V2-006-OPT-CORR-F03-S20260927,2500e6093eb81946536b9d443c1fd586c1ea170025d48cf50cf45292ee22d878
f9ac48ca31af556008404f8d3154d97ebe51e5a1e48132b13191d5df01955859,MITDB_P114,114,920000000,3,20260927,MODEL_V2_TCN_MEANMAX,MODEL_V2_OPTIMIZER_CORRECTED_V1,0,-1.540581226348877,0.17645080387592316,11,V2-006-OPT-CORR-F03-S20260927,2500e6093eb81946536b9d443c1fd586c1ea170025d48cf50cf45292ee22d878
f9c68e20a28a13aa93c5ccd5e9bba53c1fe2869826526bd7d42c4ad8c5f2080c,MITDB_P121,121,1785000000,3,20260927,MODEL_V2_TCN_MEANMAX,MODEL_V2_OPTIMIZER_CORRECTED_V1,0,-9.741076469421387,5.8813726354856044e-05,11,V2-006-OPT-CORR-F03-S20260927,2500e6093eb81946536b9d443c1fd586c1ea170025d48cf50cf45292ee22d878
f9c9823fbd6ef1bfbf8c3e04282d454349aecf02ab04ffb56a55c5ad9fbac90c,MITDB_P208,208,675000000,3,20260927,MODEL_V2_TCN_MEANMAX,MODEL_V2_OPTIMIZER_CORRECTED_V1,1,8.701263427734375,0.9998335838317871,11,V2-006-OPT-CORR-F03-S20260927,2500e6093eb81946536b9d443c1fd586c1ea170025d48cf50cf45292ee22d878
f9d477416d4a4f418e9aef872ca672cb0af34263f5f83e76d4471dbd406a1ea5,MITDB_P223,223,1590000000,3,20260927,MODEL_V2_TCN_MEANMAX,MODEL_V2_OPTIMIZER_CORRECTED_V1,0,-3.4250309467315674,0.03152227774262428,11,V2-006-OPT-CORR-F03-S20260927,2500e6093eb81946536b9d443c1fd586c1ea170025d48cf50cf45292ee22d878
f9d53b7a037b8cf6688721983f09ad362cbbc778f81bae13af4812a0e6bb86e5,MITDB_P121,121,975000000,3,20260927,MODEL_V2_TCN_MEANMAX,MODEL_V2_OPTIMIZER_CORRECTED_V1,0,-8.276806831359863,0.0002542834263294935,11,V2-006-OPT-CORR-F03-S20260927,2500e6093eb81946536b9d443c1fd586c1ea170025d48cf50cf45292ee22d878
f9e301629b71345cf1869ce0f3ac5e4fd27a4f35bed402418834eae8fd7acde9,MITDB_P223,223,1600000000,3,20260927,MODEL_V2_TCN_MEANMAX,MODEL_V2_OPTIMIZER_CORRECTED_V1,1,-2.113445281982422,0.10779686272144318,11,V2-006-OPT-CORR-F03-S20260927,2500e6093eb81946536b9d443c1fd586c1ea170025d48cf50cf45292ee22d878
fa1707cec15cd68eb74c2d5f2302d71f526d6ef0def8aba2bfb4d0819a8cc3a6,MITDB_P121,121,1120000000,3,20260927,MODEL_V2_TCN_MEANMAX,MODEL_V2_OPTIMIZER_CORRECTED_V1,0,-7.039349555969238,0.000875928730238229,11,V2-006-OPT-CORR-F03-S20260927,2500e6093eb81946536b9d443c1fd586c1ea170025d48cf50cf45292ee22d878
fa27f215a082b72dd2f864e77c2bd099786ca9acb61b79b067adf1f3c24baccb,MITDB_P223,223,1680000000,3,20260927,MODEL_V2_TCN_MEANMAX,MODEL_V2_OPTIMIZER_CORRECTED_V1,1,2.0801596641540527,0.8889598250389099,11,V2-006-OPT-CORR-F03-S20260927,2500e6093eb81946536b9d443c1fd586c1ea170025d48cf50cf45292ee22d878
fa3d33e991a2791ab9f890061611cf21f943e8f7fa44f28496f8fe04ca0bfef5,MITDB_P121,121,1305000000,3,20260927,MODEL_V2_TCN_MEANMAX,MODEL_V2_OPTIMIZER_CORRECTED_V1,0,-8.460182189941406,0.0002116886607836932,11,V2-006-OPT-CORR-F03-S20260927,2500e6093eb81946536b9d443c1fd586c1ea170025d48cf50cf45292ee22d878
fa4657c1d93ced3528f5dbd43e8fcb163a3965c382d9636ce2a22490b0d39d0d,MITDB_P208,208,830000000,3,20260927,MODEL_V2_TCN_MEANMAX,MODEL_V2_OPTIMIZER_CORRECTED_V1,1,9.222418785095215,0.9999011754989624,11,V2-006-OPT-CORR-F03-S20260927,2500e6093eb81946536b9d443c1fd586c1ea170025d48cf50cf45292ee22d878
fa7adf73085c79cbabdaeb72a2b644a1aed9d6e5ba966bdf5ae9d0d43900a8e0,MITDB_P223,223,1005000000,3,20260927,MODEL_V2_TCN_MEANMAX,MODEL_V2_OPTIMIZER_CORRECTED_V1,0,-5.162188529968262,0.00569651136174798,11,V2-006-OPT-CORR-F03-S20260927,2500e6093eb81946536b9d443c1fd586c1ea170025d48cf50cf45292ee22d878
fa9d99df51ae6c9c046b9a16b3ac2685227c4674ce170099bcf35d08a2f48fd2,MITDB_P223,223,825000000,3,20260927,MODEL_V2_TCN_MEANMAX,MODEL_V2_OPTIMIZER_CORRECTED_V1,1,-0.42847657203674316,0.39449018239974976,11,V2-006-OPT-CORR-F03-S20260927,2500e6093eb81946536b9d443c1fd586c1ea170025d48cf50cf45292ee22d878
facc1176a6aaaee8d6a3ef12936b5e12e1379088f4a6e1050a433168159194ad,MITDB_P114,114,1040000000,3,20260927,MODEL_V2_TCN_MEANMAX,MODEL_V2_OPTIMIZER_CORRECTED_V1,0,-3.2851505279541016,0.036084141582250595,11,V2-006-OPT-CORR-F03-S20260927,2500e6093eb81946536b9d443c1fd586c1ea170025d48cf50cf45292ee22d878
faf6fbfa915d1dd7f0c72ad0698e8965c977095094db0c2c81e2accf7616a9b7,MITDB_P114,114,570000000,3,20260927,MODEL_V2_TCN_MEANMAX,MODEL_V2_OPTIMIZER_CORRECTED_V1,1,7.789977550506592,0.999586284160614,11,V2-006-OPT-CORR-F03-S20260927,2500e6093eb81946536b9d443c1fd586c1ea170025d48cf50cf45292ee22d878
fb1316dce96dad74f3ad86da88ac220848a45a81e799e9c4c9faf0fe321004ad,MITDB_P121,121,1425000000,3,20260927,MODEL_V2_TCN_MEANMAX,MODEL_V2_OPTIMIZER_CORRECTED_V1,0,-7.056937217712402,0.0008606709889136255,11,V2-006-OPT-CORR-F03-S20260927,2500e6093eb81946536b9d443c1fd586c1ea170025d48cf50cf45292ee22d878
fb4c91940f36eb7b34993ab9484c45498506cc7100836661ccdcbc49ff75d973,MITDB_P223,223,795000000,3,20260927,MODEL_V2_TCN_MEANMAX,MODEL_V2_OPTIMIZER_CORRECTED_V1,1,1.1162619590759277,0.7532946467399597,11,V2-006-OPT-CORR-F03-S20260927,2500e6093eb81946536b9d443c1fd586c1ea170025d48cf50cf45292ee22d878
fb8828b6b5b9777022a7dba3b0c822c0cf8ae825946820dbd6ae45a5dee27cbd,MITDB_P114,114,615000000,3,20260927,MODEL_V2_TCN_MEANMAX,MODEL_V2_OPTIMIZER_CORRECTED_V1,0,-3.5852718353271484,0.026980970054864883,11,V2-006-OPT-CORR-F03-S20260927,2500e6093eb81946536b9d443c1fd586c1ea170025d48cf50cf45292ee22d878
fbc4bceb4d383c9a7926175caaf5b515f331224e5a63aaa6a22a83a227956241,MITDB_P114,114,625000000,3,20260927,MODEL_V2_TCN_MEANMAX,MODEL_V2_OPTIMIZER_CORRECTED_V1,0,-1.2801382541656494,0.21752668917179108,11,V2-006-OPT-CORR-F03-S20260927,2500e6093eb81946536b9d443c1fd586c1ea170025d48cf50cf45292ee22d878
fbcdeb595f76cd8c84efcea3a03806fd6b1a86a3c08c978d5094f5e0130039b7,MITDB_P114,114,455000000,3,20260927,MODEL_V2_TCN_MEANMAX,MODEL_V2_OPTIMIZER_CORRECTED_V1,1,2.5096843242645264,0.9248179197311401,11,V2-006-OPT-CORR-F03-S20260927,2500e6093eb81946536b9d443c1fd586c1ea170025d48cf50cf45292ee22d878
fbd4ba02bfcf79047d326e6ee10ab032b0696a6c663c0d60476b29ef72e1c8f6,MITDB_P223,223,1480000000,3,20260927,MODEL_V2_TCN_MEANMAX,MODEL_V2_OPTIMIZER_CORRECTED_V1,0,-3.6692748069763184,0.02486111968755722,11,V2-006-OPT-CORR-F03-S20260927,2500e6093eb81946536b9d443c1fd586c1ea170025d48cf50cf45292ee22d878
fbd65dd4038dde9682296c43502819937ce19d3502a5d9aa2de1c032bf4317fe,MITDB_P208,208,1150000000,3,20260927,MODEL_V2_TCN_MEANMAX,MODEL_V2_OPTIMIZER_CORRECTED_V1,1,7.601120471954346,0.9995003938674927,11,V2-006-OPT-CORR-F03-S20260927,2500e6093eb81946536b9d443c1fd586c1ea170025d48cf50cf45292ee22d878
fbd8201e0301d76b2f8716991a90c8241e91fa406646ff516f459d3772661ecf,MITDB_P208,208,1115000000,3,20260927,MODEL_V2_TCN_MEANMAX,MODEL_V2_OPTIMIZER_CORRECTED_V1,1,8.585904121398926,0.9998133778572083,11,V2-006-OPT-CORR-F03-S20260927,2500e6093eb81946536b9d443c1fd586c1ea170025d48cf50cf45292ee22d878
fc24882d73d81f77077fa05e5f48b57ec1f8c746ed3237eaa1494b869b2378fc,MITDB_P114,114,145000000,3,20260927,MODEL_V2_TCN_MEANMAX,MODEL_V2_OPTIMIZER_CORRECTED_V1,0,-4.6998796463012695,0.009014373645186424,11,V2-006-OPT-CORR-F03-S20260927,2500e6093eb81946536b9d443c1fd586c1ea170025d48cf50cf45292ee22d878
fc4ec724703b6d7d7b3d194e1f0a2d0e1181c912d6817c0d455f9677f45a9826,MITDB_P121,121,1050000000,3,20260927,MODEL_V2_TCN_MEANMAX,MODEL_V2_OPTIMIZER_CORRECTED_V1,0,-7.631986141204834,0.00048446241999045014,11,V2-006-OPT-CORR-F03-S20260927,2500e6093eb81946536b9d443c1fd586c1ea170025d48cf50cf45292ee22d878
fc790ac020a03af5f8328897643fc08aa57ba6a82a143f71248448215219eda9,MITDB_P208,208,890000000,3,20260927,MODEL_V2_TCN_MEANMAX,MODEL_V2_OPTIMIZER_CORRECTED_V1,1,10.11474323272705,0.9999594688415527,11,V2-006-OPT-CORR-F03-S20260927,2500e6093eb81946536b9d443c1fd586c1ea170025d48cf50cf45292ee22d878
fcbc080e1c0d65ccc10f468b37fdc041031525d58d8aad494adbc2037e3b7f9a,MITDB_P208,208,400000000,3,20260927,MODEL_V2_TCN_MEANMAX,MODEL_V2_OPTIMIZER_CORRECTED_V1,1,11.670557022094727,0.9999914169311523,11,V2-006-OPT-CORR-F03-S20260927,2500e6093eb81946536b9d443c1fd586c1ea170025d48cf50cf45292ee22d878
fd11b2a85b3c82f340552ea8ef93129fe34f9c16d215a89f268cdd021485f880,MITDB_P121,121,790000000,3,20260927,MODEL_V2_TCN_MEANMAX,MODEL_V2_OPTIMIZER_CORRECTED_V1,0,-6.12074613571167,0.0021920008584856987,11,V2-006-OPT-CORR-F03-S20260927,2500e6093eb81946536b9d443c1fd586c1ea170025d48cf50cf45292ee22d878
fd40df61b9c71ca93e45cce3f0d8ad897eff2210691749530a9d5d5473a5c63c,MITDB_P223,223,625000000,3,20260927,MODEL_V2_TCN_MEANMAX,MODEL_V2_OPTIMIZER_CORRECTED_V1,1,-2.2006568908691406,0.09969151765108109,11,V2-006-OPT-CORR-F03-S20260927,2500e6093eb81946536b9d443c1fd586c1ea170025d48cf50cf45292ee22d878
fd6833f3f2e46591a0dda13eaf87a74bda4301ce2657f308db24026f0c2a0b7e,MITDB_P114,114,785000000,3,20260927,MODEL_V2_TCN_MEANMAX,MODEL_V2_OPTIMIZER_CORRECTED_V1,0,-1.2333319187164307,0.2255987972021103,11,V2-006-OPT-CORR-F03-S20260927,2500e6093eb81946536b9d443c1fd586c1ea170025d48cf50cf45292ee22d878
fda5097fec3cc75ffab28542f734a1bf306b8a9f93245b37598a39bef034277f,MITDB_P103,103,55000000,3,20260927,MODEL_V2_TCN_MEANMAX,MODEL_V2_OPTIMIZER_CORRECTED_V1,0,-5.949584007263184,0.00260014645755291,11,V2-006-OPT-CORR-F03-S20260927,2500e6093eb81946536b9d443c1fd586c1ea170025d48cf50cf45292ee22d878
fda73ff66d0889e184243f3b9083dd7b27d81bad7e7b0957741d33f67b960621,MITDB_P114,114,400000000,3,20260927,MODEL_V2_TCN_MEANMAX,MODEL_V2_OPTIMIZER_CORRECTED_V1,1,-2.155306816101074,0.10383635759353638,11,V2-006-OPT-CORR-F03-S20260927,2500e6093eb81946536b9d443c1fd586c1ea170025d48cf50cf45292ee22d878
fdbbf2594943bd2453e821c8210f8a22b118d9b27951a2940b9bb63d3dc378ae,MITDB_P103,103,830000000,3,20260927,MODEL_V2_TCN_MEANMAX,MODEL_V2_OPTIMIZER_CORRECTED_V1,0,-5.973956108093262,0.0025377001147717237,11,V2-006-OPT-CORR-F03-S20260927,2500e6093eb81946536b9d443c1fd586c1ea170025d48cf50cf45292ee22d878
fdfb548f07c8d5904a84b0abcf7ede6e47dc8c11574f7dbb88c6b0bdd845045d,MITDB_P223,223,205000000,3,20260927,MODEL_V2_TCN_MEANMAX,MODEL_V2_OPTIMIZER_CORRECTED_V1,0,-6.090267181396484,0.002259685890749097,11,V2-006-OPT-CORR-F03-S20260927,2500e6093eb81946536b9d443c1fd586c1ea170025d48cf50cf45292ee22d878
fdfdf4ea9bc9340c4217cab73a2e4c5985d05e1c21cd0c1f959d680366a97a0d,MITDB_P208,208,1295000000,3,20260927,MODEL_V2_TCN_MEANMAX,MODEL_V2_OPTIMIZER_CORRECTED_V1,1,6.593249797821045,0.9986322522163391,11,V2-006-OPT-CORR-F03-S20260927,2500e6093eb81946536b9d443c1fd586c1ea170025d48cf50cf45292ee22d878
fe0e85f6f71a45cccfe04801852f106bbf54a374b4139df466a27b0aeccbd621,MITDB_P223,223,1740000000,3,20260927,MODEL_V2_TCN_MEANMAX,MODEL_V2_OPTIMIZER_CORRECTED_V1,0,-4.830324649810791,0.007920690812170506,11,V2-006-OPT-CORR-F03-S20260927,2500e6093eb81946536b9d443c1fd586c1ea170025d48cf50cf45292ee22d878
fe4baeb8ec7c25f23ace9c936187f4fb7b947b0216bb4ce5702f280ae6dc5686,MITDB_P223,223,1290000000,3,20260927,MODEL_V2_TCN_MEANMAX,MODEL_V2_OPTIMIZER_CORRECTED_V1,0,-5.351132869720459,0.004720387049019337,11,V2-006-OPT-CORR-F03-S20260927,2500e6093eb81946536b9d443c1fd586c1ea170025d48cf50cf45292ee22d878
fe560cc508d0fb90ee02b78b8877e586c2a2acbe01f27b2e36acdd3bb69607a1,MITDB_P223,223,1370000000,3,20260927,MODEL_V2_TCN_MEANMAX,MODEL_V2_OPTIMIZER_CORRECTED_V1,1,3.324042558670044,0.9652445316314697,11,V2-006-OPT-CORR-F03-S20260927,2500e6093eb81946536b9d443c1fd586c1ea170025d48cf50cf45292ee22d878
fe67681a86dcb43cc7466353f5f95a0e2783b496a0dc186ea4790213813215d2,MITDB_P103,103,1000000000,3,20260927,MODEL_V2_TCN_MEANMAX,MODEL_V2_OPTIMIZER_CORRECTED_V1,0,-6.743496417999268,0.0011771321296691895,11,V2-006-OPT-CORR-F03-S20260927,2500e6093eb81946536b9d443c1fd586c1ea170025d48cf50cf45292ee22d878
fe99b96eb1689fa2cbb83500ecab2734d9aeeabbdd66653b77f45fe342f8dc1b,MITDB_P121,121,155000000,3,20260927,MODEL_V2_TCN_MEANMAX,MODEL_V2_OPTIMIZER_CORRECTED_V1,0,-7.827821254730225,0.00039833399932831526,11,V2-006-OPT-CORR-F03-S20260927,2500e6093eb81946536b9d443c1fd586c1ea170025d48cf50cf45292ee22d878
fecebef43eb3f2870e51ebe72b97cc56a1ec18e7993de412ebd84640818672d5,MITDB_P223,223,1215000000,3,20260927,MODEL_V2_TCN_MEANMAX,MODEL_V2_OPTIMIZER_CORRECTED_V1,0,-5.13906192779541,0.005829010624438524,11,V2-006-OPT-CORR-F03-S20260927,2500e6093eb81946536b9d443c1fd586c1ea170025d48cf50cf45292ee22d878
ff059754bc99124cd52fd9aa9f4f505d5128170d6d6b43a191d8b2306f5a5bca,MITDB_P208,208,1530000000,3,20260927,MODEL_V2_TCN_MEANMAX,MODEL_V2_OPTIMIZER_CORRECTED_V1,1,5.019468784332275,0.9934353828430176,11,V2-006-OPT-CORR-F03-S20260927,2500e6093eb81946536b9d443c1fd586c1ea170025d48cf50cf45292ee22d878
ff20a7255e4a88826eff6f5edf6d08669121aa674d7fa5dd3ff34ad2ab53de8d,MITDB_P121,121,1280000000,3,20260927,MODEL_V2_TCN_MEANMAX,MODEL_V2_OPTIMIZER_CORRECTED_V1,0,-8.090662956237793,0.0003062927280552685,11,V2-006-OPT-CORR-F03-S20260927,2500e6093eb81946536b9d443c1fd586c1ea170025d48cf50cf45292ee22d878
ff5b27d3f5787c07f58b555b2e76c4cf343ae1eeaf853ecd479f050568432765,MITDB_P114,114,205000000,3,20260927,MODEL_V2_TCN_MEANMAX,MODEL_V2_OPTIMIZER_CORRECTED_V1,0,-5.381927967071533,0.0045778932981193066,11,V2-006-OPT-CORR-F03-S20260927,2500e6093eb81946536b9d443c1fd586c1ea170025d48cf50cf45292ee22d878
ff5f3dfdec2ac9d2cc14946e0cad8014346d2cb7546ee59ec94056abeed97403,MITDB_P223,223,1390000000,3,20260927,MODEL_V2_TCN_MEANMAX,MODEL_V2_OPTIMIZER_CORRECTED_V1,1,2.9299166202545166,0.9493056535720825,11,V2-006-OPT-CORR-F03-S20260927,2500e6093eb81946536b9d443c1fd586c1ea170025d48cf50cf45292ee22d878
ff9939539fda98f2ca53686f21576e669b20688671bfeb919522b636441e7db7,MITDB_P223,223,960000000,3,20260927,MODEL_V2_TCN_MEANMAX,MODEL_V2_OPTIMIZER_CORRECTED_V1,0,-4.1693010330200195,0.015227599069476128,11,V2-006-OPT-CORR-F03-S20260927,2500e6093eb81946536b9d443c1fd586c1ea170025d48cf50cf45292ee22d878
ff9b43e4c3322717f6ecfea9e4c7e4e21d1e38ede3ea878cbbcb7916d1e788e8,MITDB_P223,223,1095000000,3,20260927,MODEL_V2_TCN_MEANMAX,MODEL_V2_OPTIMIZER_CORRECTED_V1,1,-4.7207512855529785,0.008829822763800621,11,V2-006-OPT-CORR-F03-S20260927,2500e6093eb81946536b9d443c1fd586c1ea170025d48cf50cf45292ee22d878
ff9e404bc5e812dc93554a54a0946e0acba9f9a41298e7d9944451feb3d7d2e5,MITDB_P223,223,450000000,3,20260927,MODEL_V2_TCN_MEANMAX,MODEL_V2_OPTIMIZER_CORRECTED_V1,0,-5.106530666351318,0.006020593456923962,11,V2-006-OPT-CORR-F03-S20260927,2500e6093eb81946536b9d443c1fd586c1ea170025d48cf50cf45292ee22d878
ffed61e89c3f4d1ebf4a9ab14f9eec6586f6439b74d482f528f6ad56e06fd4dc,MITDB_P114,114,735000000,3,20260927,MODEL_V2_TCN_MEANMAX,MODEL_V2_OPTIMIZER_CORRECTED_V1,1,2.614677906036377,0.9318002462387085,11,V2-006-OPT-CORR-F03-S20260927,2500e6093eb81946536b9d443c1fd586c1ea170025d48cf50cf45292ee22d878
