example_id,participant_group_id,record_id,prediction_timestamp_us,outer_fold,seed,architecture_id,label,raw_logit,raw_probability,selected_epoch,experiment_id,checkpoint_sha256
000ca0dd520a618807f367ca7188c25baeaae0d7268a31d1b7d243163a7db62a,MITDB_P230,230,280000000,4,20260927,MODEL_V2_TCN_MEANMAX,0,-2.116537570953369,0.10749981552362442,12,V2-004-D1-MEANMAX-F04-S20260927,513a6baa0ccf6a18a076b475e11ec4db466f3c606057a0fa6432ae84e89c02f6
001ea461de90e748ed427595a981149150e73a6e23fed15d99379b029247cfa1,MITDB_P230,230,810000000,4,20260927,MODEL_V2_TCN_MEANMAX,0,-5.818319320678711,0.0029637867119163275,12,V2-004-D1-MEANMAX-F04-S20260927,513a6baa0ccf6a18a076b475e11ec4db466f3c606057a0fa6432ae84e89c02f6
004ca75c60b5ab3532fafa5285fccef3cc33ba21b5c89f4d73e0f40a41993128,MITDB_P221,221,570000000,4,20260927,MODEL_V2_TCN_MEANMAX,1,10.880821228027344,0.999981164932251,12,V2-004-D1-MEANMAX-F04-S20260927,513a6baa0ccf6a18a076b475e11ec4db466f3c606057a0fa6432ae84e89c02f6
004e42d2800fe9901313380f95ec7f868b1ad915ed7d28f9fdc3034ac680a3a6,MITDB_P221,221,345000000,4,20260927,MODEL_V2_TCN_MEANMAX,1,6.830106258392334,0.9989204406738281,12,V2-004-D1-MEANMAX-F04-S20260927,513a6baa0ccf6a18a076b475e11ec4db466f3c606057a0fa6432ae84e89c02f6
00704ac7a1dd0819a1358f8c543affc6001f317b0caec7e6feeecdd68340afe2,MITDB_P221,221,665000000,4,20260927,MODEL_V2_TCN_MEANMAX,1,10.315051078796387,0.9999668598175049,12,V2-004-D1-MEANMAX-F04-S20260927,513a6baa0ccf6a18a076b475e11ec4db466f3c606057a0fa6432ae84e89c02f6
0090d95cee388cdc2dbe7c949e91972fa7fbb76b1e5bceb28b54dc9b907e7d4f,MITDB_P221,221,110000000,4,20260927,MODEL_V2_TCN_MEANMAX,1,14.868659973144531,0.9999996423721313,12,V2-004-D1-MEANMAX-F04-S20260927,513a6baa0ccf6a18a076b475e11ec4db466f3c606057a0fa6432ae84e89c02f6
009deac2a1f17f397c3fad3acd958fb004412ea290349a40b03b62b524d2cb9f,MITDB_P221,221,1000000000,4,20260927,MODEL_V2_TCN_MEANMAX,1,8.424660682678223,0.9997807145118713,12,V2-004-D1-MEANMAX-F04-S20260927,513a6baa0ccf6a18a076b475e11ec4db466f3c606057a0fa6432ae84e89c02f6
00cb014840be54142140eb365b7daa64d117cd026762fc3c6d1b64b206e4cbe1,MITDB_P221,221,1540000000,4,20260927,MODEL_V2_TCN_MEANMAX,1,11.051776885986328,0.9999841451644897,12,V2-004-D1-MEANMAX-F04-S20260927,513a6baa0ccf6a18a076b475e11ec4db466f3c606057a0fa6432ae84e89c02f6
00cb4c2155bfcc07624106cfc129c3e572e44b905850e2e051ab27c56513321e,MITDB_P230,230,1275000000,4,20260927,MODEL_V2_TCN_MEANMAX,0,-3.0785181522369385,0.04400210827589035,12,V2-004-D1-MEANMAX-F04-S20260927,513a6baa0ccf6a18a076b475e11ec4db466f3c606057a0fa6432ae84e89c02f6
01029d2668febea776ab89960a559732ebe2811f217a34888257a85a229f65eb,MITDB_P205,205,1475000000,4,20260927,MODEL_V2_TCN_MEANMAX,1,1.6308315992355347,0.8362835645675659,12,V2-004-D1-MEANMAX-F04-S20260927,513a6baa0ccf6a18a076b475e11ec4db466f3c606057a0fa6432ae84e89c02f6
01442482a67bf48c76a3a235032aaa7d7a77215f81ccc9feafd4057407f74a5f,MITDB_P230,230,405000000,4,20260927,MODEL_V2_TCN_MEANMAX,0,-1.0322784185409546,0.26264262199401855,12,V2-004-D1-MEANMAX-F04-S20260927,513a6baa0ccf6a18a076b475e11ec4db466f3c606057a0fa6432ae84e89c02f6
01669a702fdfbaa1a795c17cc688d5f28b234d3e6f7fbd2e646bac77690d050a,MITDB_P117,117,1345000000,4,20260927,MODEL_V2_TCN_MEANMAX,0,-3.1529126167297363,0.040976665914058685,12,V2-004-D1-MEANMAX-F04-S20260927,513a6baa0ccf6a18a076b475e11ec4db466f3c606057a0fa6432ae84e89c02f6
018e6c4872ad2104eda7115a9af61327d2bfafff248303d765dc69dc6e6b33ee,MITDB_P228,228,1370000000,4,20260927,MODEL_V2_TCN_MEANMAX,1,5.84211540222168,0.9971056580543518,12,V2-004-D1-MEANMAX-F04-S20260927,513a6baa0ccf6a18a076b475e11ec4db466f3c606057a0fa6432ae84e89c02f6
01b88a445cf353a48d515aea2e525173de8863735f7230f3f0f967e50de4a9d8,MITDB_P230,230,1630000000,4,20260927,MODEL_V2_TCN_MEANMAX,0,-3.929062604904175,0.019282951951026917,12,V2-004-D1-MEANMAX-F04-S20260927,513a6baa0ccf6a18a076b475e11ec4db466f3c606057a0fa6432ae84e89c02f6
01f1b0b81a02df451f8de2b5108270dfb09c9368705a5bdbf772e55dc04a1536,MITDB_P228,228,955000000,4,20260927,MODEL_V2_TCN_MEANMAX,1,4.858079433441162,0.992294430732727,12,V2-004-D1-MEANMAX-F04-S20260927,513a6baa0ccf6a18a076b475e11ec4db466f3c606057a0fa6432ae84e89c02f6
022e60d768c0e4a1243f42942f8d879be82b7a3769b8c375f14bd3436bb2a571,MITDB_P117,117,1275000000,4,20260927,MODEL_V2_TCN_MEANMAX,0,-2.3052945137023926,0.0906854197382927,12,V2-004-D1-MEANMAX-F04-S20260927,513a6baa0ccf6a18a076b475e11ec4db466f3c606057a0fa6432ae84e89c02f6
02d23f58443260b8c958a9ecfcec332f07619df027dfa936adb3d3b2f079aab4,MITDB_P230,230,385000000,4,20260927,MODEL_V2_TCN_MEANMAX,0,-5.02891206741333,0.0065033575519919395,12,V2-004-D1-MEANMAX-F04-S20260927,513a6baa0ccf6a18a076b475e11ec4db466f3c606057a0fa6432ae84e89c02f6
02eb656b85e0866b7d9aa79e19091c764b716edd8543bdefcf5b17c8cce0a6d9,MITDB_P221,221,1685000000,4,20260927,MODEL_V2_TCN_MEANMAX,0,4.211206436157227,0.9853882193565369,12,V2-004-D1-MEANMAX-F04-S20260927,513a6baa0ccf6a18a076b475e11ec4db466f3c606057a0fa6432ae84e89c02f6
02f64a843dfc6118e3bfa2ed35a4330776e907d06783779ed09fee09d97ccbbd,MITDB_P205,205,795000000,4,20260927,MODEL_V2_TCN_MEANMAX,0,-4.61498498916626,0.00980523694306612,12,V2-004-D1-MEANMAX-F04-S20260927,513a6baa0ccf6a18a076b475e11ec4db466f3c606057a0fa6432ae84e89c02f6
031aaa7e96a0288e214325aaf525984581c2c85c19b8da38dc37862ada2fda36,MITDB_P221,221,740000000,4,20260927,MODEL_V2_TCN_MEANMAX,1,15.740158081054688,0.9999998807907104,12,V2-004-D1-MEANMAX-F04-S20260927,513a6baa0ccf6a18a076b475e11ec4db466f3c606057a0fa6432ae84e89c02f6
032142125abaed13aa84944713d884748573e85dfc2432f938497b2eb8dade26,MITDB_P221,221,1095000000,4,20260927,MODEL_V2_TCN_MEANMAX,1,14.997201919555664,0.9999996423721313,12,V2-004-D1-MEANMAX-F04-S20260927,513a6baa0ccf6a18a076b475e11ec4db466f3c606057a0fa6432ae84e89c02f6
032b77f34d954211ffc6ef9ad72dcdd58790346ebfc4d01d51e455800824a423,MITDB_P205,205,1515000000,4,20260927,MODEL_V2_TCN_MEANMAX,0,-6.612267017364502,0.001341979019343853,12,V2-004-D1-MEANMAX-F04-S20260927,513a6baa0ccf6a18a076b475e11ec4db466f3c606057a0fa6432ae84e89c02f6
0347c07cb0bf94c8f02f8fd82341f401d84e214670f2b5ee25cb43ca81bea6c4,MITDB_P230,230,930000000,4,20260927,MODEL_V2_TCN_MEANMAX,0,-4.711288928985596,0.008913022466003895,12,V2-004-D1-MEANMAX-F04-S20260927,513a6baa0ccf6a18a076b475e11ec4db466f3c606057a0fa6432ae84e89c02f6
0348954f1bb2bffa6527f52b5e1426a884ae2c0878a45b25c1e2bdf0447a177f,MITDB_P205,205,1510000000,4,20260927,MODEL_V2_TCN_MEANMAX,0,-6.554194927215576,0.0014221037272363901,12,V2-004-D1-MEANMAX-F04-S20260927,513a6baa0ccf6a18a076b475e11ec4db466f3c606057a0fa6432ae84e89c02f6
036e2d3846d414824632d237a2673fa9563aba935a23e672a0faca7fc7219d2b,MITDB_P228,228,875000000,4,20260927,MODEL_V2_TCN_MEANMAX,1,5.6354756355285645,0.9964436888694763,12,V2-004-D1-MEANMAX-F04-S20260927,513a6baa0ccf6a18a076b475e11ec4db466f3c606057a0fa6432ae84e89c02f6
0382b19091657d84d61544d49d92d64f25a3447ef0d5e43998b98b5022bf3246,MITDB_P117,117,1115000000,4,20260927,MODEL_V2_TCN_MEANMAX,0,-1.8157079219818115,0.13994967937469482,12,V2-004-D1-MEANMAX-F04-S20260927,513a6baa0ccf6a18a076b475e11ec4db466f3c606057a0fa6432ae84e89c02f6
0387ced1d29a8f419d2da9f36fe1ff9dc8242cfca6dbff0ebc44fb28e6be193e,MITDB_P221,221,620000000,4,20260927,MODEL_V2_TCN_MEANMAX,1,14.632283210754395,0.9999995231628418,12,V2-004-D1-MEANMAX-F04-S20260927,513a6baa0ccf6a18a076b475e11ec4db466f3c606057a0fa6432ae84e89c02f6
03c55fc23fc9e63e71bfd5ea009ce5889fa04ac96be4606dc7022d13d81a61f2,MITDB_P230,230,1430000000,4,20260927,MODEL_V2_TCN_MEANMAX,0,-3.11203932762146,0.04261336848139763,12,V2-004-D1-MEANMAX-F04-S20260927,513a6baa0ccf6a18a076b475e11ec4db466f3c606057a0fa6432ae84e89c02f6
04014e08adc9927fba8b210f34c51f96e3834b35da5cd19a89270ddb76603494,MITDB_P221,221,380000000,4,20260927,MODEL_V2_TCN_MEANMAX,1,13.566412925720215,0.9999986886978149,12,V2-004-D1-MEANMAX-F04-S20260927,513a6baa0ccf6a18a076b475e11ec4db466f3c606057a0fa6432ae84e89c02f6
0428497f085af8497a426a4898b04a8591a46a7455bc04b1f71ed7b378cfe908,MITDB_P230,230,1570000000,4,20260927,MODEL_V2_TCN_MEANMAX,0,-2.3523666858673096,0.08687783777713776,12,V2-004-D1-MEANMAX-F04-S20260927,513a6baa0ccf6a18a076b475e11ec4db466f3c606057a0fa6432ae84e89c02f6
042ecb80c123e31de064f19a9c427f8dab15b03a224ebb69e69574bbd0abfa57,MITDB_P205,205,935000000,4,20260927,MODEL_V2_TCN_MEANMAX,1,9.554048538208008,0.9999290704727173,12,V2-004-D1-MEANMAX-F04-S20260927,513a6baa0ccf6a18a076b475e11ec4db466f3c606057a0fa6432ae84e89c02f6
04372dd63544318b9b67509f2c16444f68f52c84e70dd8399a692224341e39e1,MITDB_P117,117,840000000,4,20260927,MODEL_V2_TCN_MEANMAX,0,-2.068610906600952,0.11218532174825668,12,V2-004-D1-MEANMAX-F04-S20260927,513a6baa0ccf6a18a076b475e11ec4db466f3c606057a0fa6432ae84e89c02f6
04395cf3de4f46200d72e7a1b9f866b7c3748c73e57373ecf0aeddb25bd9f730,MITDB_P117,117,1450000000,4,20260927,MODEL_V2_TCN_MEANMAX,0,-0.7533597946166992,0.3200896382331848,12,V2-004-D1-MEANMAX-F04-S20260927,513a6baa0ccf6a18a076b475e11ec4db466f3c606057a0fa6432ae84e89c02f6
0443c3f82e018c6a518594401711650fef561405d1d74cf817a2e8c56c08f34c,MITDB_P117,117,665000000,4,20260927,MODEL_V2_TCN_MEANMAX,0,-0.27204108238220215,0.43240609765052795,12,V2-004-D1-MEANMAX-F04-S20260927,513a6baa0ccf6a18a076b475e11ec4db466f3c606057a0fa6432ae84e89c02f6
0466f0f40cd95a57ba8a33010758dde03a25ea06a90b9699c3a6fbe68c258dec,MITDB_P205,205,1350000000,4,20260927,MODEL_V2_TCN_MEANMAX,1,14.231571197509766,0.9999992847442627,12,V2-004-D1-MEANMAX-F04-S20260927,513a6baa0ccf6a18a076b475e11ec4db466f3c606057a0fa6432ae84e89c02f6
046b2b8d6fa66f8781e9684b368cf95988530b2f9579f735a3f609ae9d6a01ca,MITDB_P117,117,290000000,4,20260927,MODEL_V2_TCN_MEANMAX,0,-0.9320758581161499,0.28250375390052795,12,V2-004-D1-MEANMAX-F04-S20260927,513a6baa0ccf6a18a076b475e11ec4db466f3c606057a0fa6432ae84e89c02f6
046e987ba5170204f00af2145d2d036e80ecded430acff675e6ce00dd91f75c7,MITDB_P230,230,215000000,4,20260927,MODEL_V2_TCN_MEANMAX,0,-3.311460256576538,0.035180121660232544,12,V2-004-D1-MEANMAX-F04-S20260927,513a6baa0ccf6a18a076b475e11ec4db466f3c606057a0fa6432ae84e89c02f6
047f810cac045d247bb1e7676578b3156449ed1f3c3e38eb9d077add71fb1348,MITDB_P230,230,125000000,4,20260927,MODEL_V2_TCN_MEANMAX,0,-5.32090425491333,0.004864551592618227,12,V2-004-D1-MEANMAX-F04-S20260927,513a6baa0ccf6a18a076b475e11ec4db466f3c606057a0fa6432ae84e89c02f6
04e088735105bef4b95512e3299ff016c5df019605969e4995a25c83e040e0ef,MITDB_P205,205,190000000,4,20260927,MODEL_V2_TCN_MEANMAX,0,-3.8287875652313232,0.021273551508784294,12,V2-004-D1-MEANMAX-F04-S20260927,513a6baa0ccf6a18a076b475e11ec4db466f3c606057a0fa6432ae84e89c02f6
04f7877d46a28b0e1cd1fe2016266ff48ea9cada1ffbb8e2b4770b2996d3dd75,MITDB_P117,117,1190000000,4,20260927,MODEL_V2_TCN_MEANMAX,0,-3.841508388519287,0.021010298281908035,12,V2-004-D1-MEANMAX-F04-S20260927,513a6baa0ccf6a18a076b475e11ec4db466f3c606057a0fa6432ae84e89c02f6
05240b1c288c6fff6e0d742eb0c6e60651bb3349946ede1400be918174d0d917,MITDB_P117,117,1245000000,4,20260927,MODEL_V2_TCN_MEANMAX,0,-2.3406448364257812,0.08781225234270096,12,V2-004-D1-MEANMAX-F04-S20260927,513a6baa0ccf6a18a076b475e11ec4db466f3c606057a0fa6432ae84e89c02f6
0540b77e42b93832ea6bfd5a0481204e0f57c6a036acbee18bf35b28bf41a804,MITDB_P230,230,1310000000,4,20260927,MODEL_V2_TCN_MEANMAX,0,-3.84572434425354,0.020923756062984467,12,V2-004-D1-MEANMAX-F04-S20260927,513a6baa0ccf6a18a076b475e11ec4db466f3c606057a0fa6432ae84e89c02f6
05f80fbb7476e69e6e083d54a9233a9bcecbfaf831c190ba012b35761ed91355,MITDB_P221,221,65000000,4,20260927,MODEL_V2_TCN_MEANMAX,1,7.499390602111816,0.9994469285011292,12,V2-004-D1-MEANMAX-F04-S20260927,513a6baa0ccf6a18a076b475e11ec4db466f3c606057a0fa6432ae84e89c02f6
0605fa07ef29b36f91ff1aa1899bd7c7570d2b012fb522ba8e9fe325c0b66894,MITDB_P228,228,1170000000,4,20260927,MODEL_V2_TCN_MEANMAX,1,-0.7465656399726868,0.32157009840011597,12,V2-004-D1-MEANMAX-F04-S20260927,513a6baa0ccf6a18a076b475e11ec4db466f3c606057a0fa6432ae84e89c02f6
061c6be3cc50f2cfc9461f27f54bd937631b3465cdb211c5ee0ff0231a7fd84a,MITDB_P230,230,105000000,4,20260927,MODEL_V2_TCN_MEANMAX,0,-4.730362415313721,0.008746103383600712,12,V2-004-D1-MEANMAX-F04-S20260927,513a6baa0ccf6a18a076b475e11ec4db466f3c606057a0fa6432ae84e89c02f6
063e7ed37d37d65e7473ac3512e5531dfb4d26fa25b7c0f64ce6242ca2afcbdd,MITDB_P230,230,295000000,4,20260927,MODEL_V2_TCN_MEANMAX,0,-3.22102952003479,0.038381971418857574,12,V2-004-D1-MEANMAX-F04-S20260927,513a6baa0ccf6a18a076b475e11ec4db466f3c606057a0fa6432ae84e89c02f6
064a257cd1ce8fc024d0dab385d48e0b47c09e408bf0a2cb6cdcab4c9da1cf06,MITDB_P221,221,30000000,4,20260927,MODEL_V2_TCN_MEANMAX,1,10.117033004760742,0.9999595880508423,12,V2-004-D1-MEANMAX-F04-S20260927,513a6baa0ccf6a18a076b475e11ec4db466f3c606057a0fa6432ae84e89c02f6
0675ac7d96810a11697c7036d518053ec0df0a2e40549f08e1ece262f8676e27,MITDB_P228,228,1335000000,4,20260927,MODEL_V2_TCN_MEANMAX,1,11.73425006866455,0.9999920129776001,12,V2-004-D1-MEANMAX-F04-S20260927,513a6baa0ccf6a18a076b475e11ec4db466f3c606057a0fa6432ae84e89c02f6
068b9beacc72dd4db6838360a50ee57120f6af18ae29d6b475ca47b5b5b378e0,MITDB_P205,205,500000000,4,20260927,MODEL_V2_TCN_MEANMAX,0,-5.294778347015381,0.004992674570530653,12,V2-004-D1-MEANMAX-F04-S20260927,513a6baa0ccf6a18a076b475e11ec4db466f3c606057a0fa6432ae84e89c02f6
06adf839cbcba468dd4806fb4fe5702b9a872a7f0b3c2f46e0ce37e808e956a9,MITDB_P221,221,790000000,4,20260927,MODEL_V2_TCN_MEANMAX,1,11.508416175842285,0.9999899864196777,12,V2-004-D1-MEANMAX-F04-S20260927,513a6baa0ccf6a18a076b475e11ec4db466f3c606057a0fa6432ae84e89c02f6
0759980f320b7defa4b72950fe690b3a42fa590002a3a978442f5c59fc2cffc2,MITDB_P117,117,1215000000,4,20260927,MODEL_V2_TCN_MEANMAX,0,-2.481215000152588,0.07718561589717865,12,V2-004-D1-MEANMAX-F04-S20260927,513a6baa0ccf6a18a076b475e11ec4db466f3c606057a0fa6432ae84e89c02f6
0767e78c06975302fa65229e5a8ae4dcdb0c0d454d561b25875d744ee46beb71,MITDB_P117,117,1165000000,4,20260927,MODEL_V2_TCN_MEANMAX,0,-1.851514458656311,0.1356951743364334,12,V2-004-D1-MEANMAX-F04-S20260927,513a6baa0ccf6a18a076b475e11ec4db466f3c606057a0fa6432ae84e89c02f6
07b5a8e0256de1c29c290fd3f56039363774adbe6e395750c07134932cfe8018,MITDB_P205,205,575000000,4,20260927,MODEL_V2_TCN_MEANMAX,0,-5.644669055938721,0.0035238568671047688,12,V2-004-D1-MEANMAX-F04-S20260927,513a6baa0ccf6a18a076b475e11ec4db466f3c606057a0fa6432ae84e89c02f6
07da96138290717d40b5c97687df2ab50cd79aa2abd0c29c574e2d9535aebb6d,MITDB_P230,230,115000000,4,20260927,MODEL_V2_TCN_MEANMAX,0,-6.114928722381592,0.0022047616075724363,12,V2-004-D1-MEANMAX-F04-S20260927,513a6baa0ccf6a18a076b475e11ec4db466f3c606057a0fa6432ae84e89c02f6
07f2fd0081838c0809b79792fcaa4e1a3c4c6f42ec3d0c0cd1c7231e2502d356,MITDB_P205,205,1030000000,4,20260927,MODEL_V2_TCN_MEANMAX,0,-5.761674404144287,0.0031359742861241102,12,V2-004-D1-MEANMAX-F04-S20260927,513a6baa0ccf6a18a076b475e11ec4db466f3c606057a0fa6432ae84e89c02f6
07fc3a11d080871494f7116496f4459ee211c9e4483b51d15ff5f8cc6bf42b0a,MITDB_P205,205,990000000,4,20260927,MODEL_V2_TCN_MEANMAX,1,-4.955913543701172,0.006992406211793423,12,V2-004-D1-MEANMAX-F04-S20260927,513a6baa0ccf6a18a076b475e11ec4db466f3c606057a0fa6432ae84e89c02f6
085ac9143c77d459f86743a18aed185624889d6755df6f6343ffb82dba0bde7b,MITDB_P230,230,225000000,4,20260927,MODEL_V2_TCN_MEANMAX,0,-0.36555004119873047,0.40961670875549316,12,V2-004-D1-MEANMAX-F04-S20260927,513a6baa0ccf6a18a076b475e11ec4db466f3c606057a0fa6432ae84e89c02f6
0898fb889d86d94f0345d3f7cd1bf93eabbf381ef93e18ec865a6271cf216a75,MITDB_P117,117,1700000000,4,20260927,MODEL_V2_TCN_MEANMAX,0,-2.243729591369629,0.09589171409606934,12,V2-004-D1-MEANMAX-F04-S20260927,513a6baa0ccf6a18a076b475e11ec4db466f3c606057a0fa6432ae84e89c02f6
08b578131f8768fc6d207527102d9d039c61622dcc3e80dbe3fe2020ddb33c47,MITDB_P230,230,150000000,4,20260927,MODEL_V2_TCN_MEANMAX,0,-3.082449436187744,0.04383702948689461,12,V2-004-D1-MEANMAX-F04-S20260927,513a6baa0ccf6a18a076b475e11ec4db466f3c606057a0fa6432ae84e89c02f6
08d62dec26875315080436c17717d0ff1f042522c2798efb47e352492f6b4724,MITDB_P230,230,500000000,4,20260927,MODEL_V2_TCN_MEANMAX,0,-5.582600116729736,0.0037486637011170387,12,V2-004-D1-MEANMAX-F04-S20260927,513a6baa0ccf6a18a076b475e11ec4db466f3c606057a0fa6432ae84e89c02f6
08e8b5fd77e2d4be4e9b08dd5b7ab9c4626cba2251de759b8cd096939618c43b,MITDB_P228,228,370000000,4,20260927,MODEL_V2_TCN_MEANMAX,1,7.936933994293213,0.9996428489685059,12,V2-004-D1-MEANMAX-F04-S20260927,513a6baa0ccf6a18a076b475e11ec4db466f3c606057a0fa6432ae84e89c02f6
091a24a3da045bac945cfb50a9985b2ec1785b31c1f4a26550f7eea5ec833661,MITDB_P117,117,1620000000,4,20260927,MODEL_V2_TCN_MEANMAX,0,-1.7479206323623657,0.14830966293811798,12,V2-004-D1-MEANMAX-F04-S20260927,513a6baa0ccf6a18a076b475e11ec4db466f3c606057a0fa6432ae84e89c02f6
0934d148fe9f9c0d9f6855e77109ddb58233360910857dfcf0a4e24bfa8f3c09,MITDB_P228,228,1745000000,4,20260927,MODEL_V2_TCN_MEANMAX,1,10.682024002075195,0.9999769926071167,12,V2-004-D1-MEANMAX-F04-S20260927,513a6baa0ccf6a18a076b475e11ec4db466f3c606057a0fa6432ae84e89c02f6
093eec52dca07a018d8a8b26f7d0bc5fab2993eb6bc2d9cc7e8cd1f030da92bb,MITDB_P205,205,750000000,4,20260927,MODEL_V2_TCN_MEANMAX,0,-5.486257076263428,0.004126226995140314,12,V2-004-D1-MEANMAX-F04-S20260927,513a6baa0ccf6a18a076b475e11ec4db466f3c606057a0fa6432ae84e89c02f6
0953d98767d3f79af8a3f356125a1929c9ea8ed9a709b9086e700638f27bd134,MITDB_P205,205,185000000,4,20260927,MODEL_V2_TCN_MEANMAX,0,-5.423051357269287,0.004394263494759798,12,V2-004-D1-MEANMAX-F04-S20260927,513a6baa0ccf6a18a076b475e11ec4db466f3c606057a0fa6432ae84e89c02f6
098277b5f9b454df79082ddcc32f455e871098414cf9e95b9d78ab1c2dd23218,MITDB_P205,205,510000000,4,20260927,MODEL_V2_TCN_MEANMAX,0,-4.800054550170898,0.008162129670381546,12,V2-004-D1-MEANMAX-F04-S20260927,513a6baa0ccf6a18a076b475e11ec4db466f3c606057a0fa6432ae84e89c02f6
0993e58319df2641af6aea56ca5594ef68ad3f980ea819d256cd17cb54ebee1f,MITDB_P205,205,440000000,4,20260927,MODEL_V2_TCN_MEANMAX,0,-0.7753990292549133,0.31531235575675964,12,V2-004-D1-MEANMAX-F04-S20260927,513a6baa0ccf6a18a076b475e11ec4db466f3c606057a0fa6432ae84e89c02f6
09a055e939f9f898686436783b53319165ebbb1d5313e4e95c86c2cc02bbc6d5,MITDB_P228,228,1155000000,4,20260927,MODEL_V2_TCN_MEANMAX,1,9.44906234741211,0.9999212026596069,12,V2-004-D1-MEANMAX-F04-S20260927,513a6baa0ccf6a18a076b475e11ec4db466f3c606057a0fa6432ae84e89c02f6
09a2f5c3708450d9890acc40d5bab0a4b81c4de0286b16e16434c338819e0642,MITDB_P205,205,555000000,4,20260927,MODEL_V2_TCN_MEANMAX,0,-5.370284557342529,0.004631259012967348,12,V2-004-D1-MEANMAX-F04-S20260927,513a6baa0ccf6a18a076b475e11ec4db466f3c606057a0fa6432ae84e89c02f6
09d0b1802e16daea5ffdb7c5118507ce83cc2f17294b3798bffe6ae18421805f,MITDB_P228,228,1025000000,4,20260927,MODEL_V2_TCN_MEANMAX,0,-5.291280269622803,0.005010082386434078,12,V2-004-D1-MEANMAX-F04-S20260927,513a6baa0ccf6a18a076b475e11ec4db466f3c606057a0fa6432ae84e89c02f6
09e0df6a66899b1676f303782239a687f1991cd9192f10d1d4932fced8c50631,MITDB_P228,228,360000000,4,20260927,MODEL_V2_TCN_MEANMAX,1,8.104443550109863,0.9996979236602783,12,V2-004-D1-MEANMAX-F04-S20260927,513a6baa0ccf6a18a076b475e11ec4db466f3c606057a0fa6432ae84e89c02f6
09f4c115c1eba5b17cec2a6c777d8d7707981ec439d35f461db2c985a7bca1e3,MITDB_P221,221,185000000,4,20260927,MODEL_V2_TCN_MEANMAX,1,10.528730392456055,0.9999732971191406,12,V2-004-D1-MEANMAX-F04-S20260927,513a6baa0ccf6a18a076b475e11ec4db466f3c606057a0fa6432ae84e89c02f6
0a1a8af869fcc7e8777940f0050522d960971c0760ae3781bbd91aafdc64068e,MITDB_P205,205,1300000000,4,20260927,MODEL_V2_TCN_MEANMAX,0,-6.327998638153076,0.0017824210226535797,12,V2-004-D1-MEANMAX-F04-S20260927,513a6baa0ccf6a18a076b475e11ec4db466f3c606057a0fa6432ae84e89c02f6
0aa060968c89da86a402aabb3e6a5cf5ae691719ef115e0c060a69b840c1b02d,MITDB_P221,221,1665000000,4,20260927,MODEL_V2_TCN_MEANMAX,0,0.7808364033699036,0.6858603358268738,12,V2-004-D1-MEANMAX-F04-S20260927,513a6baa0ccf6a18a076b475e11ec4db466f3c606057a0fa6432ae84e89c02f6
0abe35528d0b3485e9336c8c6693effd23523767d142617992164253e00dbd45,MITDB_P205,205,1360000000,4,20260927,MODEL_V2_TCN_MEANMAX,0,-5.934037685394287,0.0026407772675156593,12,V2-004-D1-MEANMAX-F04-S20260927,513a6baa0ccf6a18a076b475e11ec4db466f3c606057a0fa6432ae84e89c02f6
0ae3c49a76027455cefb7ef540bd2170e7af2b520489fd01ca8a984571f8eb66,MITDB_P228,228,315000000,4,20260927,MODEL_V2_TCN_MEANMAX,1,4.2032999992370605,0.9852738976478577,12,V2-004-D1-MEANMAX-F04-S20260927,513a6baa0ccf6a18a076b475e11ec4db466f3c606057a0fa6432ae84e89c02f6
0b1b88e14e12a448ad487aa73c93a6ba7b4fa8481f66f9609a7df862a0a3ef64,MITDB_P205,205,250000000,4,20260927,MODEL_V2_TCN_MEANMAX,1,9.432981491088867,0.9999200105667114,12,V2-004-D1-MEANMAX-F04-S20260927,513a6baa0ccf6a18a076b475e11ec4db466f3c606057a0fa6432ae84e89c02f6
0b2cbd73f118ab83ac1df44a60f21fa51791ed841989821748d726aca5bdc955,MITDB_P228,228,555000000,4,20260927,MODEL_V2_TCN_MEANMAX,1,7.076564311981201,0.9991559982299805,12,V2-004-D1-MEANMAX-F04-S20260927,513a6baa0ccf6a18a076b475e11ec4db466f3c606057a0fa6432ae84e89c02f6
0b3f483e51dd364cec59853f44e11119573496750b47ad811f8c39b7e31e729e,MITDB_P230,230,935000000,4,20260927,MODEL_V2_TCN_MEANMAX,0,-2.3064658641815186,0.09058887511491776,12,V2-004-D1-MEANMAX-F04-S20260927,513a6baa0ccf6a18a076b475e11ec4db466f3c606057a0fa6432ae84e89c02f6
0b82ef25ae425fa911ca2c46493fa97413d1cc70c4e942f3f5b937cfcfbd0e4e,MITDB_P230,230,1545000000,4,20260927,MODEL_V2_TCN_MEANMAX,0,-3.3334672451019287,0.03444074094295502,12,V2-004-D1-MEANMAX-F04-S20260927,513a6baa0ccf6a18a076b475e11ec4db466f3c606057a0fa6432ae84e89c02f6
0babfddc330ebabe57c878b08f9412668873160a8bb1c262efff89ae48490ecf,MITDB_P228,228,1605000000,4,20260927,MODEL_V2_TCN_MEANMAX,1,2.0356876850128174,0.8844934105873108,12,V2-004-D1-MEANMAX-F04-S20260927,513a6baa0ccf6a18a076b475e11ec4db466f3c606057a0fa6432ae84e89c02f6
0bb343c4d8a513a30d6e0f38c5c7cc54268effbc573ca37dbac919d1f715a256,MITDB_P221,221,810000000,4,20260927,MODEL_V2_TCN_MEANMAX,1,13.595525741577148,0.9999988079071045,12,V2-004-D1-MEANMAX-F04-S20260927,513a6baa0ccf6a18a076b475e11ec4db466f3c606057a0fa6432ae84e89c02f6
0bb397dbf7183db9dadb27f317adcc0f09be0e6c2d6fd9a272da0bd43eb14a23,MITDB_P230,230,235000000,4,20260927,MODEL_V2_TCN_MEANMAX,0,0.4140107035636902,0.6020491719245911,12,V2-004-D1-MEANMAX-F04-S20260927,513a6baa0ccf6a18a076b475e11ec4db466f3c606057a0fa6432ae84e89c02f6
0bb8d469f7565a95b84c6eccbf8b47e0cd54c8d228e04697d3810b06141f00e4,MITDB_P230,230,1030000000,4,20260927,MODEL_V2_TCN_MEANMAX,0,-4.509140491485596,0.010888062417507172,12,V2-004-D1-MEANMAX-F04-S20260927,513a6baa0ccf6a18a076b475e11ec4db466f3c606057a0fa6432ae84e89c02f6
0bc1d5ba161a5d7ea8d1df631133dc29b40deba60d15ca91f76e548dd7352a3e,MITDB_P117,117,315000000,4,20260927,MODEL_V2_TCN_MEANMAX,0,-1.104994535446167,0.2488052397966385,12,V2-004-D1-MEANMAX-F04-S20260927,513a6baa0ccf6a18a076b475e11ec4db466f3c606057a0fa6432ae84e89c02f6
0bcbab217112f5f1b753d7e3aa7c2d0bcd190b5a80058f617269b2f59df612d7,MITDB_P230,230,1685000000,4,20260927,MODEL_V2_TCN_MEANMAX,0,-5.675589084625244,0.0034169331192970276,12,V2-004-D1-MEANMAX-F04-S20260927,513a6baa0ccf6a18a076b475e11ec4db466f3c606057a0fa6432ae84e89c02f6
0bd2d7c79ee85b95faa36f90c879571eb83a38240dbfc0dbf1e2e7056464baa4,MITDB_P230,230,775000000,4,20260927,MODEL_V2_TCN_MEANMAX,0,-6.649278163909912,0.0012932817917317152,12,V2-004-D1-MEANMAX-F04-S20260927,513a6baa0ccf6a18a076b475e11ec4db466f3c606057a0fa6432ae84e89c02f6
0bf4154f6373313b9f5f3c3bf4d6713698f7632076692635e911a809ac3ce072,MITDB_P205,205,455000000,4,20260927,MODEL_V2_TCN_MEANMAX,0,-5.381699085235596,0.004578936379402876,12,V2-004-D1-MEANMAX-F04-S20260927,513a6baa0ccf6a18a076b475e11ec4db466f3c606057a0fa6432ae84e89c02f6
0c0451ac96242f95e0533a0667e38b54ae68a514c36a0db999a7ed4a3a218668,MITDB_P228,228,1180000000,4,20260927,MODEL_V2_TCN_MEANMAX,0,-11.93166446685791,6.578715328942053e-06,12,V2-004-D1-MEANMAX-F04-S20260927,513a6baa0ccf6a18a076b475e11ec4db466f3c606057a0fa6432ae84e89c02f6
0c6c65e5e8a1121200f6bb948c716a49630e535360dde6c0de57ea09064ac2bf,MITDB_P205,205,1065000000,4,20260927,MODEL_V2_TCN_MEANMAX,0,-5.960435390472412,0.0025721557904034853,12,V2-004-D1-MEANMAX-F04-S20260927,513a6baa0ccf6a18a076b475e11ec4db466f3c606057a0fa6432ae84e89c02f6
0c8917ce0edd24b2c5d911f75c5116b09ad4a12bbacc4c13dda7d4a4037b359f,MITDB_P228,228,1080000000,4,20260927,MODEL_V2_TCN_MEANMAX,1,13.930025100708008,0.9999991655349731,12,V2-004-D1-MEANMAX-F04-S20260927,513a6baa0ccf6a18a076b475e11ec4db466f3c606057a0fa6432ae84e89c02f6
0c9b6d5fd9a628050fcd6c3df2f1706912d87744cda331aaccb69b172e9fa6df,MITDB_P205,205,1250000000,4,20260927,MODEL_V2_TCN_MEANMAX,0,-5.600282192230225,0.003683204296976328,12,V2-004-D1-MEANMAX-F04-S20260927,513a6baa0ccf6a18a076b475e11ec4db466f3c606057a0fa6432ae84e89c02f6
0cdfd0a17fdc6c5085dd2facf2a2c29a514819becbb854bbf34aa45fc1083413,MITDB_P221,221,1305000000,4,20260927,MODEL_V2_TCN_MEANMAX,1,12.918354988098145,0.9999974966049194,12,V2-004-D1-MEANMAX-F04-S20260927,513a6baa0ccf6a18a076b475e11ec4db466f3c606057a0fa6432ae84e89c02f6
0ce8b453bbf0e15a60a71001a46a59f0fdec45b7bce13396e3e2bc7ceaa3ddb4,MITDB_P205,205,1440000000,4,20260927,MODEL_V2_TCN_MEANMAX,1,15.386367797851562,0.9999997615814209,12,V2-004-D1-MEANMAX-F04-S20260927,513a6baa0ccf6a18a076b475e11ec4db466f3c606057a0fa6432ae84e89c02f6
0d116c8afe2cdb44b1c9dcd46da55262db8014f3a860b8b884b3256a182de58b,MITDB_P230,230,1035000000,4,20260927,MODEL_V2_TCN_MEANMAX,0,-4.9746479988098145,0.00686351815238595,12,V2-004-D1-MEANMAX-F04-S20260927,513a6baa0ccf6a18a076b475e11ec4db466f3c606057a0fa6432ae84e89c02f6
0d1d80d473b2fd8e57d67e301c6c98421ca803c2521eceb97555b8148552575e,MITDB_P228,228,1495000000,4,20260927,MODEL_V2_TCN_MEANMAX,1,2.1296331882476807,0.8937501907348633,12,V2-004-D1-MEANMAX-F04-S20260927,513a6baa0ccf6a18a076b475e11ec4db466f3c606057a0fa6432ae84e89c02f6
0d1fa6ed71fe354dd0995b85b1b028eccc38fc0208eb7a94b06893dced5c92a2,MITDB_P228,228,185000000,4,20260927,MODEL_V2_TCN_MEANMAX,1,1.8007630109786987,0.8582417964935303,12,V2-004-D1-MEANMAX-F04-S20260927,513a6baa0ccf6a18a076b475e11ec4db466f3c606057a0fa6432ae84e89c02f6
0d323f9f070e097af4a6cf64c591d578f485118a128e40e86d4bcf9502a26e77,MITDB_P205,205,630000000,4,20260927,MODEL_V2_TCN_MEANMAX,0,-5.448547840118408,0.004284115508198738,12,V2-004-D1-MEANMAX-F04-S20260927,513a6baa0ccf6a18a076b475e11ec4db466f3c606057a0fa6432ae84e89c02f6
0d52453ba9e707890d79bd1457b7d9a025f55411f4cfe998f117d75ab4f92a69,MITDB_P221,221,695000000,4,20260927,MODEL_V2_TCN_MEANMAX,1,11.418058395385742,0.9999890327453613,12,V2-004-D1-MEANMAX-F04-S20260927,513a6baa0ccf6a18a076b475e11ec4db466f3c606057a0fa6432ae84e89c02f6
0d5f50ae5537f320f492c7dec8a3a97678430984a0c545ec898d8bf4398b6bdf,MITDB_P228,228,1570000000,4,20260927,MODEL_V2_TCN_MEANMAX,1,5.722152233123779,0.9967380166053772,12,V2-004-D1-MEANMAX-F04-S20260927,513a6baa0ccf6a18a076b475e11ec4db466f3c606057a0fa6432ae84e89c02f6
0d69457f19a915bba58961ad5f676c875e2e9e0cf01b1d41695ff3f022a6d04f,MITDB_P228,228,1045000000,4,20260927,MODEL_V2_TCN_MEANMAX,1,-0.00991658866405487,0.49752089381217957,12,V2-004-D1-MEANMAX-F04-S20260927,513a6baa0ccf6a18a076b475e11ec4db466f3c606057a0fa6432ae84e89c02f6
0d830bdccb42997100d938c3e930701c4cfa64d664acbf78416b3c7f31864a8d,MITDB_P117,117,1735000000,4,20260927,MODEL_V2_TCN_MEANMAX,0,-2.4149091243743896,0.08204284310340881,12,V2-004-D1-MEANMAX-F04-S20260927,513a6baa0ccf6a18a076b475e11ec4db466f3c606057a0fa6432ae84e89c02f6
0d8d5114600b48e79286e79b207a430a42f74f07f43c2542eb7ac7c7ea06813b,MITDB_P221,221,1140000000,4,20260927,MODEL_V2_TCN_MEANMAX,1,13.060135841369629,0.9999978542327881,12,V2-004-D1-MEANMAX-F04-S20260927,513a6baa0ccf6a18a076b475e11ec4db466f3c606057a0fa6432ae84e89c02f6
0dd4fafd69bdda2b99f6cd2750719ff264a2d53583d4fd0499bf9313091f3e9e,MITDB_P205,205,1135000000,4,20260927,MODEL_V2_TCN_MEANMAX,0,-5.81743860244751,0.0029663904570043087,12,V2-004-D1-MEANMAX-F04-S20260927,513a6baa0ccf6a18a076b475e11ec4db466f3c606057a0fa6432ae84e89c02f6
0e62c47a3e234f2d11c44a0800ede0ca5045d8c9a327514ab4206172f379a3b3,MITDB_P228,228,220000000,4,20260927,MODEL_V2_TCN_MEANMAX,1,6.110916614532471,0.9977864027023315,12,V2-004-D1-MEANMAX-F04-S20260927,513a6baa0ccf6a18a076b475e11ec4db466f3c606057a0fa6432ae84e89c02f6
0e69228987f28b794c0fd7c8253cba4c32eee8b903577686c1ce40a28488ad1d,MITDB_P117,117,545000000,4,20260927,MODEL_V2_TCN_MEANMAX,0,-1.8742555379867554,0.1330500841140747,12,V2-004-D1-MEANMAX-F04-S20260927,513a6baa0ccf6a18a076b475e11ec4db466f3c606057a0fa6432ae84e89c02f6
0e7a191401cc4c1d43b86e7f75634a9558e0b7ac422e3e6951b466806e23dd25,MITDB_P228,228,1555000000,4,20260927,MODEL_V2_TCN_MEANMAX,1,14.006278038024902,0.9999991655349731,12,V2-004-D1-MEANMAX-F04-S20260927,513a6baa0ccf6a18a076b475e11ec4db466f3c606057a0fa6432ae84e89c02f6
0e92b118645798aa9f400a8f8c9dd5512d75489ef22fa3316ab7b8133264b321,MITDB_P221,221,540000000,4,20260927,MODEL_V2_TCN_MEANMAX,1,13.157461166381836,0.9999980926513672,12,V2-004-D1-MEANMAX-F04-S20260927,513a6baa0ccf6a18a076b475e11ec4db466f3c606057a0fa6432ae84e89c02f6
0ea8bd67a926f6cbeb35e6092ff728ad7fdfc10447da0725815cb76843a19cc6,MITDB_P117,117,780000000,4,20260927,MODEL_V2_TCN_MEANMAX,0,-3.7621960639953613,0.022705161944031715,12,V2-004-D1-MEANMAX-F04-S20260927,513a6baa0ccf6a18a076b475e11ec4db466f3c606057a0fa6432ae84e89c02f6
0ea9b741fca3bb99f130656035862263a4ece9652661b698e0057692baecdac6,MITDB_P230,230,1740000000,4,20260927,MODEL_V2_TCN_MEANMAX,0,-3.0782439708709717,0.04401364177465439,12,V2-004-D1-MEANMAX-F04-S20260927,513a6baa0ccf6a18a076b475e11ec4db466f3c606057a0fa6432ae84e89c02f6
0f567a5e3709b4e48ee7a5c827a3dd6eadaeef34aac2c6b2a383ebfc11e597f6,MITDB_P230,230,1620000000,4,20260927,MODEL_V2_TCN_MEANMAX,0,-3.602196216583252,0.02654019370675087,12,V2-004-D1-MEANMAX-F04-S20260927,513a6baa0ccf6a18a076b475e11ec4db466f3c606057a0fa6432ae84e89c02f6
0f9ca941191132546a9c7392f67f5e13748ba69a9f4787283039c45d6e1c0128,MITDB_P221,221,1120000000,4,20260927,MODEL_V2_TCN_MEANMAX,1,11.532695770263672,0.9999902248382568,12,V2-004-D1-MEANMAX-F04-S20260927,513a6baa0ccf6a18a076b475e11ec4db466f3c606057a0fa6432ae84e89c02f6
0fa00712688f2cba26bf73c5c98253ec83bc781e952d3212a33cfc20bb1b9551,MITDB_P117,117,1685000000,4,20260927,MODEL_V2_TCN_MEANMAX,0,-3.0248324871063232,0.04631654918193817,12,V2-004-D1-MEANMAX-F04-S20260927,513a6baa0ccf6a18a076b475e11ec4db466f3c606057a0fa6432ae84e89c02f6
0fda07d62a944a4dda7afcf917d4ab4aed7657f9b943366b4089720620b2690e,MITDB_P221,221,1175000000,4,20260927,MODEL_V2_TCN_MEANMAX,1,12.362406730651855,0.9999957084655762,12,V2-004-D1-MEANMAX-F04-S20260927,513a6baa0ccf6a18a076b475e11ec4db466f3c606057a0fa6432ae84e89c02f6
100cbfe46d620498ede8e4a50a23ffa881087973fc4e80046ce06fb44488973c,MITDB_P230,230,770000000,4,20260927,MODEL_V2_TCN_MEANMAX,0,-4.619754314422607,0.009759039618074894,12,V2-004-D1-MEANMAX-F04-S20260927,513a6baa0ccf6a18a076b475e11ec4db466f3c606057a0fa6432ae84e89c02f6
1045bc20f2b262821eb8824fecafb60b29d79a05e5c168138ed56093cd8c5df4,MITDB_P221,221,1675000000,4,20260927,MODEL_V2_TCN_MEANMAX,1,10.489908218383789,0.9999722242355347,12,V2-004-D1-MEANMAX-F04-S20260927,513a6baa0ccf6a18a076b475e11ec4db466f3c606057a0fa6432ae84e89c02f6
107b45311ba0210053b5fd1ffe001a0cd0f55828e6ab83c417930dfedc0328a1,MITDB_P205,205,1340000000,4,20260927,MODEL_V2_TCN_MEANMAX,1,2.9760000705718994,0.9514780044555664,12,V2-004-D1-MEANMAX-F04-S20260927,513a6baa0ccf6a18a076b475e11ec4db466f3c606057a0fa6432ae84e89c02f6
1097d904b95b53723729927b7522b0a853f1883efd97734d57c3d5a82a26ceb8,MITDB_P221,221,1695000000,4,20260927,MODEL_V2_TCN_MEANMAX,1,7.589902400970459,0.9994946718215942,12,V2-004-D1-MEANMAX-F04-S20260927,513a6baa0ccf6a18a076b475e11ec4db466f3c606057a0fa6432ae84e89c02f6
10ca41d852f4ff793cb08ab016a58ba7b8ce14e44d1bbaf5a52ef29c36812fb6,MITDB_P230,230,1490000000,4,20260927,MODEL_V2_TCN_MEANMAX,0,-2.7639787197113037,0.05930202454328537,12,V2-004-D1-MEANMAX-F04-S20260927,513a6baa0ccf6a18a076b475e11ec4db466f3c606057a0fa6432ae84e89c02f6
10d1035bd3e98d7b7adc4c352a2d468d3f62cf654ab3ce8a3e885f5a8de705b8,MITDB_P205,205,30000000,4,20260927,MODEL_V2_TCN_MEANMAX,0,-4.953601837158203,0.007008476182818413,12,V2-004-D1-MEANMAX-F04-S20260927,513a6baa0ccf6a18a076b475e11ec4db466f3c606057a0fa6432ae84e89c02f6
10efe0420ce0dff332dbc0fa5f2ba773fae632a65f859d21c0d04a9f4cd3ee91,MITDB_P230,230,590000000,4,20260927,MODEL_V2_TCN_MEANMAX,0,-5.025508880615234,0.006525382865220308,12,V2-004-D1-MEANMAX-F04-S20260927,513a6baa0ccf6a18a076b475e11ec4db466f3c606057a0fa6432ae84e89c02f6
1121f8acd93a34bd22357eb976d6730e6f7b843bc38d8dd22c91a8c79b1dc239,MITDB_P117,117,1100000000,4,20260927,MODEL_V2_TCN_MEANMAX,0,-3.310818672180176,0.03520190343260765,12,V2-004-D1-MEANMAX-F04-S20260927,513a6baa0ccf6a18a076b475e11ec4db466f3c606057a0fa6432ae84e89c02f6
112775f9038bf3467eb8deb2c8d661f3232dfa8be70bca19692c57625a6c23e9,MITDB_P230,230,1250000000,4,20260927,MODEL_V2_TCN_MEANMAX,0,-5.510167598724365,0.004029129631817341,12,V2-004-D1-MEANMAX-F04-S20260927,513a6baa0ccf6a18a076b475e11ec4db466f3c606057a0fa6432ae84e89c02f6
11544fa526715711fa00d3f899bec992e593270188e1936901daf28cd2b4f3a7,MITDB_P228,228,230000000,4,20260927,MODEL_V2_TCN_MEANMAX,1,5.576303958892822,0.9962277412414551,12,V2-004-D1-MEANMAX-F04-S20260927,513a6baa0ccf6a18a076b475e11ec4db466f3c606057a0fa6432ae84e89c02f6
116539775ec06350576b800b9cae35b8f82214fa8df3c4987ddffbaa290939dd,MITDB_P117,117,410000000,4,20260927,MODEL_V2_TCN_MEANMAX,0,-0.6534054279327393,0.34222254157066345,12,V2-004-D1-MEANMAX-F04-S20260927,513a6baa0ccf6a18a076b475e11ec4db466f3c606057a0fa6432ae84e89c02f6
1165fcb7ce3e822bb0969f302e3a43b9b0c21e1e39a49799386c2174a1df8112,MITDB_P205,205,1345000000,4,20260927,MODEL_V2_TCN_MEANMAX,1,13.958142280578613,0.9999991655349731,12,V2-004-D1-MEANMAX-F04-S20260927,513a6baa0ccf6a18a076b475e11ec4db466f3c606057a0fa6432ae84e89c02f6
116e138df6272c88c766c578b93194149957febd2be974d781bca7973000ff25,MITDB_P228,228,85000000,4,20260927,MODEL_V2_TCN_MEANMAX,1,1.0819346904754639,0.7468599081039429,12,V2-004-D1-MEANMAX-F04-S20260927,513a6baa0ccf6a18a076b475e11ec4db466f3c606057a0fa6432ae84e89c02f6
1189dbda26de2672a411b3be63c74e4010409bb6824f0a874d1393c72563a683,MITDB_P230,230,665000000,4,20260927,MODEL_V2_TCN_MEANMAX,0,-5.140481472015381,0.005820789840072393,12,V2-004-D1-MEANMAX-F04-S20260927,513a6baa0ccf6a18a076b475e11ec4db466f3c606057a0fa6432ae84e89c02f6
11a89013f2388489af802637e1f26ec8f00aa44cd809842a3419076304c95145,MITDB_P117,117,270000000,4,20260927,MODEL_V2_TCN_MEANMAX,0,0.0678451806306839,0.516954779624939,12,V2-004-D1-MEANMAX-F04-S20260927,513a6baa0ccf6a18a076b475e11ec4db466f3c606057a0fa6432ae84e89c02f6
11d65f7b9a98d630721b8eac4a0b6a6c5bcc0ab1ffc42be35b3ef047d0003398,MITDB_P230,230,465000000,4,20260927,MODEL_V2_TCN_MEANMAX,0,-5.016308307647705,0.00658530043438077,12,V2-004-D1-MEANMAX-F04-S20260927,513a6baa0ccf6a18a076b475e11ec4db466f3c606057a0fa6432ae84e89c02f6
11dd53490443211f651b5bf27b5001e51c47b673fb233e12f9b52fd3bd8269c3,MITDB_P117,117,530000000,4,20260927,MODEL_V2_TCN_MEANMAX,0,-2.9064900875091553,0.05183366686105728,12,V2-004-D1-MEANMAX-F04-S20260927,513a6baa0ccf6a18a076b475e11ec4db466f3c606057a0fa6432ae84e89c02f6
120ea9852fdfca1ed880f41012204c256a4f92482d7b5465443f4771db81f370,MITDB_P221,221,1060000000,4,20260927,MODEL_V2_TCN_MEANMAX,1,12.153674125671387,0.9999947547912598,12,V2-004-D1-MEANMAX-F04-S20260927,513a6baa0ccf6a18a076b475e11ec4db466f3c606057a0fa6432ae84e89c02f6
122567771d55cf173ac99602a4a0ca6f2569be442ce7ab69710f908eb13fa49d,MITDB_P205,205,745000000,4,20260927,MODEL_V2_TCN_MEANMAX,0,-5.225530624389648,0.005348742939531803,12,V2-004-D1-MEANMAX-F04-S20260927,513a6baa0ccf6a18a076b475e11ec4db466f3c606057a0fa6432ae84e89c02f6
1243548ee7a049c0f595f45299ac8556a0f0ecc3c59c3909ce73e17f2a4b238f,MITDB_P230,230,1475000000,4,20260927,MODEL_V2_TCN_MEANMAX,0,-1.613268256187439,0.16613535583019257,12,V2-004-D1-MEANMAX-F04-S20260927,513a6baa0ccf6a18a076b475e11ec4db466f3c606057a0fa6432ae84e89c02f6
125628b23776d36a872a0efd5e13928c70e798802deb9a9b1a9aea7e5e43fd05,MITDB_P221,221,125000000,4,20260927,MODEL_V2_TCN_MEANMAX,1,10.896371841430664,0.9999815225601196,12,V2-004-D1-MEANMAX-F04-S20260927,513a6baa0ccf6a18a076b475e11ec4db466f3c606057a0fa6432ae84e89c02f6
1298e752791f656d16bd9126a186ab1ac24ff26ce5dd31839e0ca90ed78a49d2,MITDB_P117,117,1370000000,4,20260927,MODEL_V2_TCN_MEANMAX,0,-2.8757283687591553,0.053366519510746,12,V2-004-D1-MEANMAX-F04-S20260927,513a6baa0ccf6a18a076b475e11ec4db466f3c606057a0fa6432ae84e89c02f6
12c1a0ffabf96f5cefff8e4d9647f56701f6d5814b7b571b963fdee751e96ec6,MITDB_P230,230,175000000,4,20260927,MODEL_V2_TCN_MEANMAX,0,-2.161480188369751,0.10326331108808517,12,V2-004-D1-MEANMAX-F04-S20260927,513a6baa0ccf6a18a076b475e11ec4db466f3c606057a0fa6432ae84e89c02f6
12d5c3c2ea72b7735e518b8dcd8d70620951d8e05e69572aab2901ddf200738f,MITDB_P117,117,95000000,4,20260927,MODEL_V2_TCN_MEANMAX,0,0.9940399527549744,0.7298851609230042,12,V2-004-D1-MEANMAX-F04-S20260927,513a6baa0ccf6a18a076b475e11ec4db466f3c606057a0fa6432ae84e89c02f6
12d6afe4cc55523b6a35833091868a545a4d62ddc0c1a916e4118c6ece94234f,MITDB_P117,117,1065000000,4,20260927,MODEL_V2_TCN_MEANMAX,0,-1.0913794040679932,0.25135859847068787,12,V2-004-D1-MEANMAX-F04-S20260927,513a6baa0ccf6a18a076b475e11ec4db466f3c606057a0fa6432ae84e89c02f6
12fcb348675a63ed4b3a641374efd3e3a8c72951e3b066bbbf253b7f85059614,MITDB_P228,228,35000000,4,20260927,MODEL_V2_TCN_MEANMAX,1,4.839761257171631,0.9921531081199646,12,V2-004-D1-MEANMAX-F04-S20260927,513a6baa0ccf6a18a076b475e11ec4db466f3c606057a0fa6432ae84e89c02f6
132ff3076066909ed3e7fc6df3009093c404538f10828d5c7c22f8203e754efd,MITDB_P117,117,650000000,4,20260927,MODEL_V2_TCN_MEANMAX,0,-1.6683802604675293,0.15864025056362152,12,V2-004-D1-MEANMAX-F04-S20260927,513a6baa0ccf6a18a076b475e11ec4db466f3c606057a0fa6432ae84e89c02f6
1330ae7a51f69486e7e18e1fb4df79144c4aaca4e2c9fdd90fa6d3c7c92dfa30,MITDB_P205,205,1505000000,4,20260927,MODEL_V2_TCN_MEANMAX,0,-6.285754203796387,0.0018591886619105935,12,V2-004-D1-MEANMAX-F04-S20260927,513a6baa0ccf6a18a076b475e11ec4db466f3c606057a0fa6432ae84e89c02f6
135d6000567acd25608cd08dabb25420bf7d320156f74eec79f5de7efa0afef4,MITDB_P230,230,765000000,4,20260927,MODEL_V2_TCN_MEANMAX,0,-5.802953720092773,0.0030095407273620367,12,V2-004-D1-MEANMAX-F04-S20260927,513a6baa0ccf6a18a076b475e11ec4db466f3c606057a0fa6432ae84e89c02f6
1399e6c38add3a8a4113a2296942bebe34f66942ee87b750eb9922feff2114f1,MITDB_P228,228,800000000,4,20260927,MODEL_V2_TCN_MEANMAX,1,8.785894393920898,0.9998471736907959,12,V2-004-D1-MEANMAX-F04-S20260927,513a6baa0ccf6a18a076b475e11ec4db466f3c606057a0fa6432ae84e89c02f6
13beebc37141dbef1c2fe24624316df7cfae9b69303fb7eb0a51a55091346f54,MITDB_P205,205,1715000000,4,20260927,MODEL_V2_TCN_MEANMAX,1,17.477336883544922,1.0,12,V2-004-D1-MEANMAX-F04-S20260927,513a6baa0ccf6a18a076b475e11ec4db466f3c606057a0fa6432ae84e89c02f6
13c368ecd9a50051ceefe3bf2a2aa9a410b66a3097dd66011dc01cc11b82bfca,MITDB_P230,230,1465000000,4,20260927,MODEL_V2_TCN_MEANMAX,0,-0.8387223482131958,0.30180394649505615,12,V2-004-D1-MEANMAX-F04-S20260927,513a6baa0ccf6a18a076b475e11ec4db466f3c606057a0fa6432ae84e89c02f6
13cff0d47680b25b71b6753d8250db4a5559effa7ef3a835db1bdd2ef0c06451,MITDB_P117,117,575000000,4,20260927,MODEL_V2_TCN_MEANMAX,0,-2.004434823989868,0.1187380850315094,12,V2-004-D1-MEANMAX-F04-S20260927,513a6baa0ccf6a18a076b475e11ec4db466f3c606057a0fa6432ae84e89c02f6
13e0a2ebc071082505dd7939fc7ab063bef8f57d6f97f9b6b685700e4f4b9d09,MITDB_P205,205,880000000,4,20260927,MODEL_V2_TCN_MEANMAX,0,-6.24310827255249,0.0019400332821533084,12,V2-004-D1-MEANMAX-F04-S20260927,513a6baa0ccf6a18a076b475e11ec4db466f3c606057a0fa6432ae84e89c02f6
1448f3936b5463fb467102839c378f231aa3d2ef721464ce5bc799749aa99637,MITDB_P117,117,1320000000,4,20260927,MODEL_V2_TCN_MEANMAX,0,-2.6439945697784424,0.06636011600494385,12,V2-004-D1-MEANMAX-F04-S20260927,513a6baa0ccf6a18a076b475e11ec4db466f3c606057a0fa6432ae84e89c02f6
14b373269cbd92eb0fcfae7a79819ab3dea9e3b904b2ba33178570f9003ae413,MITDB_P205,205,870000000,4,20260927,MODEL_V2_TCN_MEANMAX,0,-5.847599506378174,0.002878510858863592,12,V2-004-D1-MEANMAX-F04-S20260927,513a6baa0ccf6a18a076b475e11ec4db466f3c606057a0fa6432ae84e89c02f6
14c6ce90eb7b1d17e4af7ec9b766adaecad1858d2de4b1f34ecd8f8fd1396d89,MITDB_P221,221,1370000000,4,20260927,MODEL_V2_TCN_MEANMAX,1,13.663034439086914,0.9999988079071045,12,V2-004-D1-MEANMAX-F04-S20260927,513a6baa0ccf6a18a076b475e11ec4db466f3c606057a0fa6432ae84e89c02f6
14cfab2331bb4142d6224fd2cf9d50c1ce8c50ab192186a4eaee900c9c75aa1b,MITDB_P230,230,1600000000,4,20260927,MODEL_V2_TCN_MEANMAX,0,-3.7998783588409424,0.021883875131607056,12,V2-004-D1-MEANMAX-F04-S20260927,513a6baa0ccf6a18a076b475e11ec4db466f3c606057a0fa6432ae84e89c02f6
14d4fa81b75b694e98bdeab941185ef42930fdd4225c846367f264e2a7f3889f,MITDB_P230,230,1705000000,4,20260927,MODEL_V2_TCN_MEANMAX,0,-2.533562421798706,0.07353857159614563,12,V2-004-D1-MEANMAX-F04-S20260927,513a6baa0ccf6a18a076b475e11ec4db466f3c606057a0fa6432ae84e89c02f6
14f185b9a92c6ec0b94dba16bfd01538af45d82370038ee01873cedeee5f71f3,MITDB_P221,221,960000000,4,20260927,MODEL_V2_TCN_MEANMAX,1,12.506441116333008,0.9999963045120239,12,V2-004-D1-MEANMAX-F04-S20260927,513a6baa0ccf6a18a076b475e11ec4db466f3c606057a0fa6432ae84e89c02f6
1525774de653f1e17e5431a13e493e0441bac4f4419a72cc45df070fd12c14b3,MITDB_P230,230,260000000,4,20260927,MODEL_V2_TCN_MEANMAX,0,-0.5199946165084839,0.37285345792770386,12,V2-004-D1-MEANMAX-F04-S20260927,513a6baa0ccf6a18a076b475e11ec4db466f3c606057a0fa6432ae84e89c02f6
154f82de6e6d626c88fb0e37758c4f0e42fec9d7b5ac1c7d6f5da198e40cec69,MITDB_P221,221,735000000,4,20260927,MODEL_V2_TCN_MEANMAX,1,15.70671558380127,0.9999998807907104,12,V2-004-D1-MEANMAX-F04-S20260927,513a6baa0ccf6a18a076b475e11ec4db466f3c606057a0fa6432ae84e89c02f6
155f7296db282c3783e96ef3fea5ae84b838cf64f642151151b5a7993d88d680,MITDB_P221,221,1530000000,4,20260927,MODEL_V2_TCN_MEANMAX,1,5.11045503616333,0.9940028786659241,12,V2-004-D1-MEANMAX-F04-S20260927,513a6baa0ccf6a18a076b475e11ec4db466f3c606057a0fa6432ae84e89c02f6
1584c584a10ce204161b4bf5e68648d485fcf512de33e3572b2289cea8d567fc,MITDB_P117,117,340000000,4,20260927,MODEL_V2_TCN_MEANMAX,0,-0.9422208666801453,0.2804519534111023,12,V2-004-D1-MEANMAX-F04-S20260927,513a6baa0ccf6a18a076b475e11ec4db466f3c606057a0fa6432ae84e89c02f6
1591c5fe9648627e139397a9cdd1981516c73ab7120e534687ecb2deff9025b7,MITDB_P228,228,1075000000,4,20260927,MODEL_V2_TCN_MEANMAX,1,12.652364730834961,0.9999967813491821,12,V2-004-D1-MEANMAX-F04-S20260927,513a6baa0ccf6a18a076b475e11ec4db466f3c606057a0fa6432ae84e89c02f6
159d606cb9ccbb6c43b8122cad8dcbab3098b1523f67b751801f879b57a702df,MITDB_P228,228,970000000,4,20260927,MODEL_V2_TCN_MEANMAX,1,-2.6562485694885254,0.06560492515563965,12,V2-004-D1-MEANMAX-F04-S20260927,513a6baa0ccf6a18a076b475e11ec4db466f3c606057a0fa6432ae84e89c02f6
15ae72be6e1a4c14425198060d94d287348e8e3dcb3b321768013e31e431129f,MITDB_P221,221,1045000000,4,20260927,MODEL_V2_TCN_MEANMAX,1,15.18409252166748,0.9999997615814209,12,V2-004-D1-MEANMAX-F04-S20260927,513a6baa0ccf6a18a076b475e11ec4db466f3c606057a0fa6432ae84e89c02f6
15df26feca12c0b5feed9e560b432988352e6628bcdfe40efdf4c45cfdb2a312,MITDB_P205,205,315000000,4,20260927,MODEL_V2_TCN_MEANMAX,1,11.15073013305664,0.9999855756759644,12,V2-004-D1-MEANMAX-F04-S20260927,513a6baa0ccf6a18a076b475e11ec4db466f3c606057a0fa6432ae84e89c02f6
15f35e37d07753aa47e5840f8f9435d67f376af27d9bae093f829f663457c615,MITDB_P230,230,360000000,4,20260927,MODEL_V2_TCN_MEANMAX,0,-3.2888338565826416,0.0359562486410141,12,V2-004-D1-MEANMAX-F04-S20260927,513a6baa0ccf6a18a076b475e11ec4db466f3c606057a0fa6432ae84e89c02f6
16435ae0d530e978605fa15a3a94e524d84ef919ac71c982a6d57aa6cc236a04,MITDB_P221,221,885000000,4,20260927,MODEL_V2_TCN_MEANMAX,1,11.456840515136719,0.99998939037323,12,V2-004-D1-MEANMAX-F04-S20260927,513a6baa0ccf6a18a076b475e11ec4db466f3c606057a0fa6432ae84e89c02f6
16634b2536a368a8e8284be4c4f8f7d21a1d3a2ecdaf4f05bb9a78ba8ffd1375,MITDB_P228,228,915000000,4,20260927,MODEL_V2_TCN_MEANMAX,0,-12.622881889343262,3.2957223083940335e-06,12,V2-004-D1-MEANMAX-F04-S20260927,513a6baa0ccf6a18a076b475e11ec4db466f3c606057a0fa6432ae84e89c02f6
1698105d199d55f45bc9d5c452e8d002c0130c879d7d1921c2e1d00a068c9460,MITDB_P221,221,800000000,4,20260927,MODEL_V2_TCN_MEANMAX,1,15.041492462158203,0.9999997615814209,12,V2-004-D1-MEANMAX-F04-S20260927,513a6baa0ccf6a18a076b475e11ec4db466f3c606057a0fa6432ae84e89c02f6
16b84954d312e7edd6dd89ca2589c1ffc6f9191e970c624e6ec4ddd05572a7a9,MITDB_P230,230,1710000000,4,20260927,MODEL_V2_TCN_MEANMAX,0,-2.638556718826294,0.06669782102108002,12,V2-004-D1-MEANMAX-F04-S20260927,513a6baa0ccf6a18a076b475e11ec4db466f3c606057a0fa6432ae84e89c02f6
16d266cd50da07c0e36ee12e68c33d6668d9aa43c6ffad1663db75fc77c3df8e,MITDB_P228,228,680000000,4,20260927,MODEL_V2_TCN_MEANMAX,1,12.715493202209473,0.9999970197677612,12,V2-004-D1-MEANMAX-F04-S20260927,513a6baa0ccf6a18a076b475e11ec4db466f3c606057a0fa6432ae84e89c02f6
16d61af6b53a631055804885f2317a9c51cd9fb06d15e725270d9e3aaff1b5b0,MITDB_P230,230,890000000,4,20260927,MODEL_V2_TCN_MEANMAX,0,-3.7957918643951416,0.02197151817381382,12,V2-004-D1-MEANMAX-F04-S20260927,513a6baa0ccf6a18a076b475e11ec4db466f3c606057a0fa6432ae84e89c02f6
16f69849791e0de9679e038846348f2b44d3ddec8a9aac098ab0d4ab9b974c87,MITDB_P228,228,1300000000,4,20260927,MODEL_V2_TCN_MEANMAX,1,6.12874698638916,0.9978255033493042,12,V2-004-D1-MEANMAX-F04-S20260927,513a6baa0ccf6a18a076b475e11ec4db466f3c606057a0fa6432ae84e89c02f6
174599bdfce2c1a6078bc26920e054cfe1a3aacd596416956df413aec96a508b,MITDB_P228,228,650000000,4,20260927,MODEL_V2_TCN_MEANMAX,1,11.08178997039795,0.999984622001648,12,V2-004-D1-MEANMAX-F04-S20260927,513a6baa0ccf6a18a076b475e11ec4db466f3c606057a0fa6432ae84e89c02f6
175505eb752bb9fbcfe07bd5be66d7edc467ca9d933160ce0e23a7f626277569,MITDB_P205,205,345000000,4,20260927,MODEL_V2_TCN_MEANMAX,0,-5.860424518585205,0.0028419338632375,12,V2-004-D1-MEANMAX-F04-S20260927,513a6baa0ccf6a18a076b475e11ec4db466f3c606057a0fa6432ae84e89c02f6
175fb1f8431f1e16a88d89500dad06e5a1421cee9f646731a54a4ba5cc37767b,MITDB_P117,117,1380000000,4,20260927,MODEL_V2_TCN_MEANMAX,0,-3.5179169178009033,0.028806716203689575,12,V2-004-D1-MEANMAX-F04-S20260927,513a6baa0ccf6a18a076b475e11ec4db466f3c606057a0fa6432ae84e89c02f6
1777ee845873e66de7f6950a5156c63410966194e92f956a996c50e667f6f018,MITDB_P230,230,990000000,4,20260927,MODEL_V2_TCN_MEANMAX,0,-4.219420433044434,0.014494000002741814,12,V2-004-D1-MEANMAX-F04-S20260927,513a6baa0ccf6a18a076b475e11ec4db466f3c606057a0fa6432ae84e89c02f6
1798601a551d2c575329ff776f421323e6ce65d83e0228dacb7cd67f29bf26b6,MITDB_P205,205,1675000000,4,20260927,MODEL_V2_TCN_MEANMAX,0,-6.7251200675964355,0.0011989371851086617,12,V2-004-D1-MEANMAX-F04-S20260927,513a6baa0ccf6a18a076b475e11ec4db466f3c606057a0fa6432ae84e89c02f6
17d82a9276044ffaf405ef80049094e467c3042991fa5c977d37a414e3e4748e,MITDB_P221,221,245000000,4,20260927,MODEL_V2_TCN_MEANMAX,1,12.717423439025879,0.9999970197677612,12,V2-004-D1-MEANMAX-F04-S20260927,513a6baa0ccf6a18a076b475e11ec4db466f3c606057a0fa6432ae84e89c02f6
1809b682cd0fc8f8dbe1bbf4e8face5cbc3b75b76e78e4b1ccd131e8467ca4c3,MITDB_P228,228,1420000000,4,20260927,MODEL_V2_TCN_MEANMAX,1,7.754880905151367,0.9995715022087097,12,V2-004-D1-MEANMAX-F04-S20260927,513a6baa0ccf6a18a076b475e11ec4db466f3c606057a0fa6432ae84e89c02f6
180fb561288df2904d70c6025cda7ec84611e4f122cc70724ec0efbed29fcae9,MITDB_P205,205,125000000,4,20260927,MODEL_V2_TCN_MEANMAX,0,-5.45320987701416,0.00426427461206913,12,V2-004-D1-MEANMAX-F04-S20260927,513a6baa0ccf6a18a076b475e11ec4db466f3c606057a0fa6432ae84e89c02f6
18289fc550f6ff32bc7e34f1498423334d43b1c948afc05693899014814ee7e6,MITDB_P230,230,300000000,4,20260927,MODEL_V2_TCN_MEANMAX,0,-5.278111934661865,0.005076155997812748,12,V2-004-D1-MEANMAX-F04-S20260927,513a6baa0ccf6a18a076b475e11ec4db466f3c606057a0fa6432ae84e89c02f6
183acbfb2248fefe58c2388e214775f514e038f32d5b4c87b8736fb98616c273,MITDB_P117,117,75000000,4,20260927,MODEL_V2_TCN_MEANMAX,0,-0.13609759509563446,0.46602803468704224,12,V2-004-D1-MEANMAX-F04-S20260927,513a6baa0ccf6a18a076b475e11ec4db466f3c606057a0fa6432ae84e89c02f6
183bfc12d983dca77c8db1400d0a9d8b778b71be9c3c64b42503e49c7eab667d,MITDB_P117,117,385000000,4,20260927,MODEL_V2_TCN_MEANMAX,0,-0.9308158755302429,0.2827592194080353,12,V2-004-D1-MEANMAX-F04-S20260927,513a6baa0ccf6a18a076b475e11ec4db466f3c606057a0fa6432ae84e89c02f6
189517c1fd9ec684f8477ffdab450ce549a04420f01de6b3339d522b0e9737c1,MITDB_P228,228,900000000,4,20260927,MODEL_V2_TCN_MEANMAX,0,-12.815446853637695,2.718447603911045e-06,12,V2-004-D1-MEANMAX-F04-S20260927,513a6baa0ccf6a18a076b475e11ec4db466f3c606057a0fa6432ae84e89c02f6
18edbd510e57615cc41b3edf3b42a93eb8722c830057822444bc8c6b40d172d0,MITDB_P221,221,1195000000,4,20260927,MODEL_V2_TCN_MEANMAX,1,7.6184401512146,0.9995089769363403,12,V2-004-D1-MEANMAX-F04-S20260927,513a6baa0ccf6a18a076b475e11ec4db466f3c606057a0fa6432ae84e89c02f6
190f6bd26de8167b1ddedc05bf91c4d1944d454fc298eb95790fbb5733b18a96,MITDB_P230,230,910000000,4,20260927,MODEL_V2_TCN_MEANMAX,0,-5.776139736175537,0.003091077320277691,12,V2-004-D1-MEANMAX-F04-S20260927,513a6baa0ccf6a18a076b475e11ec4db466f3c606057a0fa6432ae84e89c02f6
1927e9a77b2105a3e67426e91c5982d9f2fbb5de1f855945477669637f5354ed,MITDB_P230,230,960000000,4,20260927,MODEL_V2_TCN_MEANMAX,0,-4.479824066162109,0.01120835542678833,12,V2-004-D1-MEANMAX-F04-S20260927,513a6baa0ccf6a18a076b475e11ec4db466f3c606057a0fa6432ae84e89c02f6
19318d8dbc7c3aebd08c6052a9dea2d1da231216a32ed04a5394100cd5be3afd,MITDB_P221,221,390000000,4,20260927,MODEL_V2_TCN_MEANMAX,1,10.418996810913086,0.9999701976776123,12,V2-004-D1-MEANMAX-F04-S20260927,513a6baa0ccf6a18a076b475e11ec4db466f3c606057a0fa6432ae84e89c02f6
1946a3e609ddbc4c0fb4d452ecee8a14fab24d283edd3a9803db100e21e279ee,MITDB_P230,230,1105000000,4,20260927,MODEL_V2_TCN_MEANMAX,0,-0.13477784395217896,0.46635645627975464,12,V2-004-D1-MEANMAX-F04-S20260927,513a6baa0ccf6a18a076b475e11ec4db466f3c606057a0fa6432ae84e89c02f6
1951f561226c42c510ed9494c1e34ce2fe8afe17de12fd044b30c794cc252eb5,MITDB_P221,221,170000000,4,20260927,MODEL_V2_TCN_MEANMAX,1,9.626143455505371,0.9999340772628784,12,V2-004-D1-MEANMAX-F04-S20260927,513a6baa0ccf6a18a076b475e11ec4db466f3c606057a0fa6432ae84e89c02f6
1968b03142ff504d35e157fede4279154eb8d6dddeda95f49cbdbb9576ef76cc,MITDB_P205,205,210000000,4,20260927,MODEL_V2_TCN_MEANMAX,0,-5.235581874847412,0.005295533686876297,12,V2-004-D1-MEANMAX-F04-S20260927,513a6baa0ccf6a18a076b475e11ec4db466f3c606057a0fa6432ae84e89c02f6
197c15224e0d1e47aac56a63be5540448b7f5ec3aba19411caec905ee8b59feb,MITDB_P205,205,80000000,4,20260927,MODEL_V2_TCN_MEANMAX,0,-5.887187957763672,0.0027670906856656075,12,V2-004-D1-MEANMAX-F04-S20260927,513a6baa0ccf6a18a076b475e11ec4db466f3c606057a0fa6432ae84e89c02f6
198dfb1542c0f27699a665714b9ab71526113dc5d831a64ca678eab225fa4410,MITDB_P221,221,420000000,4,20260927,MODEL_V2_TCN_MEANMAX,1,8.956548690795898,0.9998711347579956,12,V2-004-D1-MEANMAX-F04-S20260927,513a6baa0ccf6a18a076b475e11ec4db466f3c606057a0fa6432ae84e89c02f6
19b442fcbe5d2a3473ebb5bfbc1397c9b5f7866e728aed3a3d9417b6e817c3f9,MITDB_P205,205,100000000,4,20260927,MODEL_V2_TCN_MEANMAX,0,-5.8045525550842285,0.003004747210070491,12,V2-004-D1-MEANMAX-F04-S20260927,513a6baa0ccf6a18a076b475e11ec4db466f3c606057a0fa6432ae84e89c02f6
19b5fd30736eee0dbad011ffe14e2491a684439eda8c60a62c02c888ca3d01ea,MITDB_P230,230,1805000000,4,20260927,MODEL_V2_TCN_MEANMAX,0,2.7617270946502686,0.940572202205658,12,V2-004-D1-MEANMAX-F04-S20260927,513a6baa0ccf6a18a076b475e11ec4db466f3c606057a0fa6432ae84e89c02f6
19baa7402ce2ce31921377272b0b3b99baab6d96f2165137a8d6b0f6c74bfe48,MITDB_P230,230,580000000,4,20260927,MODEL_V2_TCN_MEANMAX,0,-4.310810565948486,0.01324488315731287,12,V2-004-D1-MEANMAX-F04-S20260927,513a6baa0ccf6a18a076b475e11ec4db466f3c606057a0fa6432ae84e89c02f6
19bf6c7e230576525e9716c2ea90dea3fd1ba9266c9de898ee57a4a525c91d39,MITDB_P230,230,760000000,4,20260927,MODEL_V2_TCN_MEANMAX,0,-5.384268283843994,0.004567241296172142,12,V2-004-D1-MEANMAX-F04-S20260927,513a6baa0ccf6a18a076b475e11ec4db466f3c606057a0fa6432ae84e89c02f6
19c6960d37bf0d4ca9e848fa1c17af6dc7f42e42046c9a2096e8f83e2285bb22,MITDB_P230,230,1150000000,4,20260927,MODEL_V2_TCN_MEANMAX,0,-2.738586187362671,0.06073450297117233,12,V2-004-D1-MEANMAX-F04-S20260927,513a6baa0ccf6a18a076b475e11ec4db466f3c606057a0fa6432ae84e89c02f6
19d168f593d44f3be6fd33298b3dcb3f8fa4d1d883d5ddaa3e158c5d7ebb7291,MITDB_P230,230,570000000,4,20260927,MODEL_V2_TCN_MEANMAX,0,-5.257843494415283,0.005179553292691708,12,V2-004-D1-MEANMAX-F04-S20260927,513a6baa0ccf6a18a076b475e11ec4db466f3c606057a0fa6432ae84e89c02f6
19d616706e8f28d102160e6f8c93ef7309309f5974ffb339647f348d9947c048,MITDB_P230,230,715000000,4,20260927,MODEL_V2_TCN_MEANMAX,0,-4.916017055511475,0.007274948060512543,12,V2-004-D1-MEANMAX-F04-S20260927,513a6baa0ccf6a18a076b475e11ec4db466f3c606057a0fa6432ae84e89c02f6
19da37021bac4c4bfc0c08b3acf7a841da0092145cda89fba0484ebf249317f2,MITDB_P228,228,1630000000,4,20260927,MODEL_V2_TCN_MEANMAX,1,9.15761947631836,0.9998946189880371,12,V2-004-D1-MEANMAX-F04-S20260927,513a6baa0ccf6a18a076b475e11ec4db466f3c606057a0fa6432ae84e89c02f6
19ea9b2574566fc023eeb1b57b18c1b4d917b28dad7bbcaf1da1dedd254cf209,MITDB_P228,228,430000000,4,20260927,MODEL_V2_TCN_MEANMAX,1,8.383947372436523,0.9997715353965759,12,V2-004-D1-MEANMAX-F04-S20260927,513a6baa0ccf6a18a076b475e11ec4db466f3c606057a0fa6432ae84e89c02f6
19f6972143251744c4ddb50f7523253f3cee4c3302ff190e933fe8d16da09277,MITDB_P205,205,550000000,4,20260927,MODEL_V2_TCN_MEANMAX,0,-5.066901683807373,0.006262450013309717,12,V2-004-D1-MEANMAX-F04-S20260927,513a6baa0ccf6a18a076b475e11ec4db466f3c606057a0fa6432ae84e89c02f6
1a21b0e94eef49c157b19837143acc8bdd371794729125505645ad057fdf6029,MITDB_P230,230,1140000000,4,20260927,MODEL_V2_TCN_MEANMAX,0,-1.6925753355026245,0.15543746948242188,12,V2-004-D1-MEANMAX-F04-S20260927,513a6baa0ccf6a18a076b475e11ec4db466f3c606057a0fa6432ae84e89c02f6
1a2ee76eadc8d7c0826d8fb4878d3d6f3a6dfe2e58727e2bf3e79333bda52cdd,MITDB_P205,205,1370000000,4,20260927,MODEL_V2_TCN_MEANMAX,1,16.941452026367188,1.0,12,V2-004-D1-MEANMAX-F04-S20260927,513a6baa0ccf6a18a076b475e11ec4db466f3c606057a0fa6432ae84e89c02f6
1a40f10b41d8221f843e12d53e83e52800566fd01a0b0f51cf74233d061cdf16,MITDB_P230,230,805000000,4,20260927,MODEL_V2_TCN_MEANMAX,0,-4.43864107131958,0.011674084700644016,12,V2-004-D1-MEANMAX-F04-S20260927,513a6baa0ccf6a18a076b475e11ec4db466f3c606057a0fa6432ae84e89c02f6
1a67cc4bd1ac5cab07a90f0717a71abc2818c5ee241d848d5dba86949fe169f1,MITDB_P230,230,800000000,4,20260927,MODEL_V2_TCN_MEANMAX,0,-5.090856075286865,0.0061151254922151566,12,V2-004-D1-MEANMAX-F04-S20260927,513a6baa0ccf6a18a076b475e11ec4db466f3c606057a0fa6432ae84e89c02f6
1a7bb860110d19e5719f84a72dce807c636773b2d071a37273b52be4df51e70f,MITDB_P221,221,1415000000,4,20260927,MODEL_V2_TCN_MEANMAX,1,10.29861831665039,0.9999662637710571,12,V2-004-D1-MEANMAX-F04-S20260927,513a6baa0ccf6a18a076b475e11ec4db466f3c606057a0fa6432ae84e89c02f6
1a8aa4306960c8289eb17ec345433d918aada9e2c7652dfe460f680da0edabba,MITDB_P228,228,945000000,4,20260927,MODEL_V2_TCN_MEANMAX,0,-10.93931770324707,1.7746266166795976e-05,12,V2-004-D1-MEANMAX-F04-S20260927,513a6baa0ccf6a18a076b475e11ec4db466f3c606057a0fa6432ae84e89c02f6
1b2513f7e4672951c1c66e56b76b4d071ddcc0705275d617e8483405f0fb4946,MITDB_P205,205,945000000,4,20260927,MODEL_V2_TCN_MEANMAX,1,-4.815548419952393,0.008037650026381016,12,V2-004-D1-MEANMAX-F04-S20260927,513a6baa0ccf6a18a076b475e11ec4db466f3c606057a0fa6432ae84e89c02f6
1b2876fa189f0117740b0b3edb14a1473f6faf814fe13a3bc931072f6345a290,MITDB_P221,221,675000000,4,20260927,MODEL_V2_TCN_MEANMAX,1,11.048724174499512,0.9999841451644897,12,V2-004-D1-MEANMAX-F04-S20260927,513a6baa0ccf6a18a076b475e11ec4db466f3c606057a0fa6432ae84e89c02f6
1b380e4dc2842b0bf58ed78dfa79d3e6d55d147818b6ac6e5c318cb2bed8bf4d,MITDB_P228,228,635000000,4,20260927,MODEL_V2_TCN_MEANMAX,1,-0.16133253276348114,0.4597541391849518,12,V2-004-D1-MEANMAX-F04-S20260927,513a6baa0ccf6a18a076b475e11ec4db466f3c606057a0fa6432ae84e89c02f6
1b4d6861285a38c57084698c8cc0bd1c179531625d8950c4782db3499c013be1,MITDB_P221,221,1785000000,4,20260927,MODEL_V2_TCN_MEANMAX,0,-1.2899596691131592,0.21585965156555176,12,V2-004-D1-MEANMAX-F04-S20260927,513a6baa0ccf6a18a076b475e11ec4db466f3c606057a0fa6432ae84e89c02f6
1b531a7934728d436436a161ee4dca2dd7ca7c60da29ad46a0cacfc56426e5ad,MITDB_P228,228,1185000000,4,20260927,MODEL_V2_TCN_MEANMAX,0,-11.697535514831543,8.314214937854558e-06,12,V2-004-D1-MEANMAX-F04-S20260927,513a6baa0ccf6a18a076b475e11ec4db466f3c606057a0fa6432ae84e89c02f6
1bac19b47b83701ce34233056dfe8de788a1a0dd64e7d184f697a0306fa23135,MITDB_P117,117,1530000000,4,20260927,MODEL_V2_TCN_MEANMAX,0,-3.9197838306427,0.019459208473563194,12,V2-004-D1-MEANMAX-F04-S20260927,513a6baa0ccf6a18a076b475e11ec4db466f3c606057a0fa6432ae84e89c02f6
1be7e10d83c5ef62120007ff0e28489948f6497203c10e8250cc084a0d497b1e,MITDB_P117,117,1460000000,4,20260927,MODEL_V2_TCN_MEANMAX,0,-3.936136484146118,0.019149629399180412,12,V2-004-D1-MEANMAX-F04-S20260927,513a6baa0ccf6a18a076b475e11ec4db466f3c606057a0fa6432ae84e89c02f6
1c26bcae147baaacd5c03d9184bbb6d325e3b338d4e7c54f331d0182080b91a0,MITDB_P230,230,380000000,4,20260927,MODEL_V2_TCN_MEANMAX,0,-5.0830206871032715,0.006162931676954031,12,V2-004-D1-MEANMAX-F04-S20260927,513a6baa0ccf6a18a076b475e11ec4db466f3c606057a0fa6432ae84e89c02f6
1c2ae8a69c55f7a8edf37e92cc55cecbf30bc7cfea8201c3a3065970cd0591bc,MITDB_P230,230,1130000000,4,20260927,MODEL_V2_TCN_MEANMAX,0,-4.068794250488281,0.016810564324259758,12,V2-004-D1-MEANMAX-F04-S20260927,513a6baa0ccf6a18a076b475e11ec4db466f3c606057a0fa6432ae84e89c02f6
1c4a4ec2ff996c88975af1bfd18e4c71fc5578ea2a5de83603cfd8738a34a276,MITDB_P205,205,1160000000,4,20260927,MODEL_V2_TCN_MEANMAX,0,-6.06568717956543,0.0023157871328294277,12,V2-004-D1-MEANMAX-F04-S20260927,513a6baa0ccf6a18a076b475e11ec4db466f3c606057a0fa6432ae84e89c02f6
1c799a52caf857f2b91c5feaa9e7cc4768693e7c60b0c7b2c7e42b7d9bf9bd4e,MITDB_P221,221,925000000,4,20260927,MODEL_V2_TCN_MEANMAX,1,15.3417329788208,0.9999997615814209,12,V2-004-D1-MEANMAX-F04-S20260927,513a6baa0ccf6a18a076b475e11ec4db466f3c606057a0fa6432ae84e89c02f6
1c889029a4d773157054a8e3ed5c53b4c71199dcba66b3e620f272a1ef6c411b,MITDB_P221,221,580000000,4,20260927,MODEL_V2_TCN_MEANMAX,1,13.59554386138916,0.9999988079071045,12,V2-004-D1-MEANMAX-F04-S20260927,513a6baa0ccf6a18a076b475e11ec4db466f3c606057a0fa6432ae84e89c02f6
1c972c6c6a2d66300209837ded6382226e6995a889a78c3065d9bbace18b4339,MITDB_P228,228,320000000,4,20260927,MODEL_V2_TCN_MEANMAX,0,-8.612579345703125,0.00018177132005803287,12,V2-004-D1-MEANMAX-F04-S20260927,513a6baa0ccf6a18a076b475e11ec4db466f3c606057a0fa6432ae84e89c02f6
1c99a81423d824c48121b0d25c5da4f3e05b135db8a2e92f57b1b2c7d868dc1f,MITDB_P221,221,640000000,4,20260927,MODEL_V2_TCN_MEANMAX,0,0.3786638379096985,0.5935508012771606,12,V2-004-D1-MEANMAX-F04-S20260927,513a6baa0ccf6a18a076b475e11ec4db466f3c606057a0fa6432ae84e89c02f6
1c99f528f682cbe3c73a2dc10efc7b0b5d32d1b8bdc20647e5686757f5c860ca,MITDB_P221,221,1165000000,4,20260927,MODEL_V2_TCN_MEANMAX,1,8.452346801757812,0.9997866749763489,12,V2-004-D1-MEANMAX-F04-S20260927,513a6baa0ccf6a18a076b475e11ec4db466f3c606057a0fa6432ae84e89c02f6
1ca9dcde66d6f118080418638c2f87a9bf0e0ef4a487a6919cb88c099ad7babf,MITDB_P205,205,1725000000,4,20260927,MODEL_V2_TCN_MEANMAX,0,-6.403705596923828,0.0016526757972314954,12,V2-004-D1-MEANMAX-F04-S20260927,513a6baa0ccf6a18a076b475e11ec4db466f3c606057a0fa6432ae84e89c02f6
1cc535f5d39f0b4cfc196e78db0ee932e1dfaa7f285b2ccac237197572c8ceab,MITDB_P221,221,605000000,4,20260927,MODEL_V2_TCN_MEANMAX,1,15.10220718383789,0.9999997615814209,12,V2-004-D1-MEANMAX-F04-S20260927,513a6baa0ccf6a18a076b475e11ec4db466f3c606057a0fa6432ae84e89c02f6
1ce8399d5def8a6325a6438ad043bbb4d4d32643df4b5148fa7fd013131c36e8,MITDB_P205,205,60000000,4,20260927,MODEL_V2_TCN_MEANMAX,0,-5.783566474914551,0.0030682759825140238,12,V2-004-D1-MEANMAX-F04-S20260927,513a6baa0ccf6a18a076b475e11ec4db466f3c606057a0fa6432ae84e89c02f6
1cfd729d38b6aff8041c01e36ecaddaf7d4bad6d5b93b1a2f3717cfc1447487b,MITDB_P117,117,1660000000,4,20260927,MODEL_V2_TCN_MEANMAX,0,-2.763500452041626,0.059328705072402954,12,V2-004-D1-MEANMAX-F04-S20260927,513a6baa0ccf6a18a076b475e11ec4db466f3c606057a0fa6432ae84e89c02f6
1d047888ce041c5ef03cf38421bb497d507527e87f9bf883edf81fb359ae96c4,MITDB_P117,117,1710000000,4,20260927,MODEL_V2_TCN_MEANMAX,0,-2.123436689376831,0.10683967918157578,12,V2-004-D1-MEANMAX-F04-S20260927,513a6baa0ccf6a18a076b475e11ec4db466f3c606057a0fa6432ae84e89c02f6
1d19d5f4f5fbb949f5ef87580f3a6f2f02396a3f94c4ea0ab3bbc6559608515c,MITDB_P205,205,1285000000,4,20260927,MODEL_V2_TCN_MEANMAX,0,-7.142286777496338,0.0007903162622824311,12,V2-004-D1-MEANMAX-F04-S20260927,513a6baa0ccf6a18a076b475e11ec4db466f3c606057a0fa6432ae84e89c02f6
1d3ca36fb0f6ab2a65204af657d21127938b007e1a44ae243321e55be82479db,MITDB_P117,117,1655000000,4,20260927,MODEL_V2_TCN_MEANMAX,0,-3.446577548980713,0.030871087685227394,12,V2-004-D1-MEANMAX-F04-S20260927,513a6baa0ccf6a18a076b475e11ec4db466f3c606057a0fa6432ae84e89c02f6
1d42f1d194a82e012822dc444871b1d80e9ba74043c44bbda9a83591d357bf48,MITDB_P228,228,345000000,4,20260927,MODEL_V2_TCN_MEANMAX,1,6.793067455291748,0.9988797307014465,12,V2-004-D1-MEANMAX-F04-S20260927,513a6baa0ccf6a18a076b475e11ec4db466f3c606057a0fa6432ae84e89c02f6
1d698279326ee48c29d2ee5464118efd270469a66f3cd074a80f396d0147a2c6,MITDB_P205,205,685000000,4,20260927,MODEL_V2_TCN_MEANMAX,0,-5.420234203338623,0.00440660584717989,12,V2-004-D1-MEANMAX-F04-S20260927,513a6baa0ccf6a18a076b475e11ec4db466f3c606057a0fa6432ae84e89c02f6
1d73d8ef4e19dfac1044ccc01cb3011c670bc32805afa71de670dc9c6d9fe8b3,MITDB_P221,221,1040000000,4,20260927,MODEL_V2_TCN_MEANMAX,1,12.293683052062988,0.9999954700469971,12,V2-004-D1-MEANMAX-F04-S20260927,513a6baa0ccf6a18a076b475e11ec4db466f3c606057a0fa6432ae84e89c02f6
1dab0f260f481f9c44cb75d7f2499e50fc27b6279abf6fb4f8fe6eef426acc00,MITDB_P205,205,1500000000,4,20260927,MODEL_V2_TCN_MEANMAX,0,-5.828720569610596,0.002933209529146552,12,V2-004-D1-MEANMAX-F04-S20260927,513a6baa0ccf6a18a076b475e11ec4db466f3c606057a0fa6432ae84e89c02f6
1dc6757f9b6901d49a776708819537c68d9c055b35a5bcbff1fcdd804fb89779,MITDB_P117,117,280000000,4,20260927,MODEL_V2_TCN_MEANMAX,0,-2.1563148498535156,0.10374259203672409,12,V2-004-D1-MEANMAX-F04-S20260927,513a6baa0ccf6a18a076b475e11ec4db466f3c606057a0fa6432ae84e89c02f6
1e7023cf47ea956cf3d6ed028fb91af3ac72c458bb3af6a86bf5bc86c332dd0b,MITDB_P230,230,290000000,4,20260927,MODEL_V2_TCN_MEANMAX,0,-2.7512006759643555,0.0600188784301281,12,V2-004-D1-MEANMAX-F04-S20260927,513a6baa0ccf6a18a076b475e11ec4db466f3c606057a0fa6432ae84e89c02f6
1f25a027ce3d02e6499e90e36a16ba4518f89970d44dab28396650b24cf4c912,MITDB_P117,117,1075000000,4,20260927,MODEL_V2_TCN_MEANMAX,0,-3.0723648071289062,0.04426168277859688,12,V2-004-D1-MEANMAX-F04-S20260927,513a6baa0ccf6a18a076b475e11ec4db466f3c606057a0fa6432ae84e89c02f6
1f305b066703f5055033c2c92bd2ca21ab9ea9c1ea63d96613e3a9d50f5a88a6,MITDB_P228,228,1475000000,4,20260927,MODEL_V2_TCN_MEANMAX,1,5.857097625732422,0.9971486926078796,12,V2-004-D1-MEANMAX-F04-S20260927,513a6baa0ccf6a18a076b475e11ec4db466f3c606057a0fa6432ae84e89c02f6
1f36d04e3ca78a7a0276099231ae68abf02087e63693a66981d2e89ea7a78e81,MITDB_P117,117,1210000000,4,20260927,MODEL_V2_TCN_MEANMAX,0,-1.6166431903839111,0.1656683385372162,12,V2-004-D1-MEANMAX-F04-S20260927,513a6baa0ccf6a18a076b475e11ec4db466f3c606057a0fa6432ae84e89c02f6
1f5a058e628aafeef184240aba90f9e9f26f4a11351ec9b5f3655d3f1182cb44,MITDB_P117,117,1120000000,4,20260927,MODEL_V2_TCN_MEANMAX,0,-2.322070360183716,0.08931152522563934,12,V2-004-D1-MEANMAX-F04-S20260927,513a6baa0ccf6a18a076b475e11ec4db466f3c606057a0fa6432ae84e89c02f6
1fe9b7b8c5eb84af323b126aeefec92aa7b422c24badab84ab293aeca01ac0cd,MITDB_P205,205,530000000,4,20260927,MODEL_V2_TCN_MEANMAX,0,-4.728282451629639,0.008764154277741909,12,V2-004-D1-MEANMAX-F04-S20260927,513a6baa0ccf6a18a076b475e11ec4db466f3c606057a0fa6432ae84e89c02f6
1ff26eef0d63b6373c6e6155763dd87e69592e6a79606f6767ad225794554775,MITDB_P230,230,1305000000,4,20260927,MODEL_V2_TCN_MEANMAX,0,-3.4221603870391846,0.03161003068089485,12,V2-004-D1-MEANMAX-F04-S20260927,513a6baa0ccf6a18a076b475e11ec4db466f3c606057a0fa6432ae84e89c02f6
200757fdf3983ac26d24b62cea9e398a608c6d608951e40099d7b613dff79e3a,MITDB_P221,221,870000000,4,20260927,MODEL_V2_TCN_MEANMAX,1,8.582723617553711,0.9998127818107605,12,V2-004-D1-MEANMAX-F04-S20260927,513a6baa0ccf6a18a076b475e11ec4db466f3c606057a0fa6432ae84e89c02f6
200e14ae5196fa03f0e3b27c8f7c4674b438b05d8204c01d4c76494dfe98ab92,MITDB_P221,221,630000000,4,20260927,MODEL_V2_TCN_MEANMAX,1,11.494758605957031,0.9999898672103882,12,V2-004-D1-MEANMAX-F04-S20260927,513a6baa0ccf6a18a076b475e11ec4db466f3c606057a0fa6432ae84e89c02f6
202f1ba6fe9b6e726f3f991b620d50f55fd78b1a4bdf0cdb8d76e69ce3fa6bc4,MITDB_P117,117,140000000,4,20260927,MODEL_V2_TCN_MEANMAX,0,0.32845890522003174,0.5813843607902527,12,V2-004-D1-MEANMAX-F04-S20260927,513a6baa0ccf6a18a076b475e11ec4db466f3c606057a0fa6432ae84e89c02f6
20777e78c98604090ed9db96e0c18913770479a380528621c4ead46f95a82383,MITDB_P228,228,1020000000,4,20260927,MODEL_V2_TCN_MEANMAX,1,10.393701553344727,0.9999693632125854,12,V2-004-D1-MEANMAX-F04-S20260927,513a6baa0ccf6a18a076b475e11ec4db466f3c606057a0fa6432ae84e89c02f6
2081e31c4d48ec79326d8d1f67553d479518fd859bd8caf48550198df440b054,MITDB_P230,230,1790000000,4,20260927,MODEL_V2_TCN_MEANMAX,0,-3.7794222831726074,0.022326044738292694,12,V2-004-D1-MEANMAX-F04-S20260927,513a6baa0ccf6a18a076b475e11ec4db466f3c606057a0fa6432ae84e89c02f6
208267af8aaa6932c15a27eea7d1781d9e603210305fe123e1c11c1a0283ba78,MITDB_P205,205,140000000,4,20260927,MODEL_V2_TCN_MEANMAX,0,-5.733542442321777,0.0032251595985144377,12,V2-004-D1-MEANMAX-F04-S20260927,513a6baa0ccf6a18a076b475e11ec4db466f3c606057a0fa6432ae84e89c02f6
20ae434d50558fbc7b2a0aa8f87bdd7a16316f796ef84ba216c4b502040ffa31,MITDB_P230,230,1425000000,4,20260927,MODEL_V2_TCN_MEANMAX,0,-2.450301170349121,0.07941652834415436,12,V2-004-D1-MEANMAX-F04-S20260927,513a6baa0ccf6a18a076b475e11ec4db466f3c606057a0fa6432ae84e89c02f6
20ba31e2ecfdce2b735f4378efc79a332d532131c1b269caa8d8c36c076c7ed3,MITDB_P221,221,1770000000,4,20260927,MODEL_V2_TCN_MEANMAX,1,12.475064277648926,0.9999961853027344,12,V2-004-D1-MEANMAX-F04-S20260927,513a6baa0ccf6a18a076b475e11ec4db466f3c606057a0fa6432ae84e89c02f6
20e37a9d33843b18355b31e400e44a98d6fe4aa6e026d89fdbf8700285e05613,MITDB_P117,117,830000000,4,20260927,MODEL_V2_TCN_MEANMAX,0,-4.0086283683776855,0.017834441736340523,12,V2-004-D1-MEANMAX-F04-S20260927,513a6baa0ccf6a18a076b475e11ec4db466f3c606057a0fa6432ae84e89c02f6
20f17a747d17a7baa76e7f4db1d70a02218557b25c7321e68b1ee7066f838b7a,MITDB_P117,117,895000000,4,20260927,MODEL_V2_TCN_MEANMAX,0,-4.653354167938232,0.009439628571271896,12,V2-004-D1-MEANMAX-F04-S20260927,513a6baa0ccf6a18a076b475e11ec4db466f3c606057a0fa6432ae84e89c02f6
20f3c2474b5bce2bbcd0b1bee62d92d9c11ceb0001be53c8fce1b0c4df71ca8f,MITDB_P205,205,1315000000,4,20260927,MODEL_V2_TCN_MEANMAX,0,-6.170396327972412,0.0020860466174781322,12,V2-004-D1-MEANMAX-F04-S20260927,513a6baa0ccf6a18a076b475e11ec4db466f3c606057a0fa6432ae84e89c02f6
215c51faa61637890917267fb79ba16447ce4c4131b3b84f463eb509ca88b380,MITDB_P230,230,525000000,4,20260927,MODEL_V2_TCN_MEANMAX,0,-5.873463153839111,0.0028052227571606636,12,V2-004-D1-MEANMAX-F04-S20260927,513a6baa0ccf6a18a076b475e11ec4db466f3c606057a0fa6432ae84e89c02f6
215d683f749d7d0583f1b4b6fe4b0f3ccd3e194892d9ebcd709b15c4832f1785,MITDB_P205,205,375000000,4,20260927,MODEL_V2_TCN_MEANMAX,0,-6.086582183837891,0.002268009353429079,12,V2-004-D1-MEANMAX-F04-S20260927,513a6baa0ccf6a18a076b475e11ec4db466f3c606057a0fa6432ae84e89c02f6
215e5a2d46c08a7c4a1f1dc82e7cb1ddd5ee6f770f65785d1afbb1a200390199,MITDB_P221,221,995000000,4,20260927,MODEL_V2_TCN_MEANMAX,1,13.369001388549805,0.9999984502792358,12,V2-004-D1-MEANMAX-F04-S20260927,513a6baa0ccf6a18a076b475e11ec4db466f3c606057a0fa6432ae84e89c02f6
21788c694679fc42189bbfd367dda1844316348e11120ee8c44edf3e4508bd12,MITDB_P228,228,1220000000,4,20260927,MODEL_V2_TCN_MEANMAX,1,-0.7343330383300781,0.32424458861351013,12,V2-004-D1-MEANMAX-F04-S20260927,513a6baa0ccf6a18a076b475e11ec4db466f3c606057a0fa6432ae84e89c02f6
21a624f14412e3b0d8be1b15255ebe253a363d9eb8b741bff9c1fd624cc71904,MITDB_P117,117,1490000000,4,20260927,MODEL_V2_TCN_MEANMAX,0,-3.9417948722839355,0.019043637439608574,12,V2-004-D1-MEANMAX-F04-S20260927,513a6baa0ccf6a18a076b475e11ec4db466f3c606057a0fa6432ae84e89c02f6
21bf28ece042266be70cd5fd39255eee9a2476b8d67a43f8a57b299073a1b573,MITDB_P228,228,925000000,4,20260927,MODEL_V2_TCN_MEANMAX,1,7.477839469909668,0.999434769153595,12,V2-004-D1-MEANMAX-F04-S20260927,513a6baa0ccf6a18a076b475e11ec4db466f3c606057a0fa6432ae84e89c02f6
21c4a881be370292d9761a57d79b703e6eb2d8dea0c9b9f9657e2b31b933e78f,MITDB_P205,205,430000000,4,20260927,MODEL_V2_TCN_MEANMAX,0,-5.308610439300537,0.004924428649246693,12,V2-004-D1-MEANMAX-F04-S20260927,513a6baa0ccf6a18a076b475e11ec4db466f3c606057a0fa6432ae84e89c02f6
21cc2f766eadbbc98899914ba46924dc1661f9932040aac8637c172696094922,MITDB_P221,221,1225000000,4,20260927,MODEL_V2_TCN_MEANMAX,1,12.872777938842773,0.9999973773956299,12,V2-004-D1-MEANMAX-F04-S20260927,513a6baa0ccf6a18a076b475e11ec4db466f3c606057a0fa6432ae84e89c02f6
21ebde1a19524386586cc0fbabb562ec993c3c85acd5d9a3ca76fa3d5d4d8d97,MITDB_P205,205,535000000,4,20260927,MODEL_V2_TCN_MEANMAX,0,-4.6070942878723145,0.009882145561277866,12,V2-004-D1-MEANMAX-F04-S20260927,513a6baa0ccf6a18a076b475e11ec4db466f3c606057a0fa6432ae84e89c02f6
21f07ed346406ac9187b1a56237cee16bc8b8b1c344832ee9e6fe2d46ac853fa,MITDB_P230,230,495000000,4,20260927,MODEL_V2_TCN_MEANMAX,0,-4.366769790649414,0.012533100321888924,12,V2-004-D1-MEANMAX-F04-S20260927,513a6baa0ccf6a18a076b475e11ec4db466f3c606057a0fa6432ae84e89c02f6
21f8c7bb90ca4976de7500dc042786743195ef551237a8c95a0835bc02e120b5,MITDB_P230,230,305000000,4,20260927,MODEL_V2_TCN_MEANMAX,0,-2.4212868213653564,0.0815638080239296,12,V2-004-D1-MEANMAX-F04-S20260927,513a6baa0ccf6a18a076b475e11ec4db466f3c606057a0fa6432ae84e89c02f6
21fa0a66c704139cc3426bca4b47a20a608069720068c4354c7ae24aff308439,MITDB_P230,230,165000000,4,20260927,MODEL_V2_TCN_MEANMAX,0,-2.203777551651001,0.09941177070140839,12,V2-004-D1-MEANMAX-F04-S20260927,513a6baa0ccf6a18a076b475e11ec4db466f3c606057a0fa6432ae84e89c02f6
2203da44026c15414a87762f0ce7747fe4d780393849db1696a6bf7ec029bb81,MITDB_P117,117,235000000,4,20260927,MODEL_V2_TCN_MEANMAX,0,-1.4712682962417603,0.1867499053478241,12,V2-004-D1-MEANMAX-F04-S20260927,513a6baa0ccf6a18a076b475e11ec4db466f3c606057a0fa6432ae84e89c02f6
22209929d6b0f6f12af9dd64e27a5e24f8b1b830474bf4b90c24b121a414378f,MITDB_P221,221,1210000000,4,20260927,MODEL_V2_TCN_MEANMAX,1,14.965538024902344,0.9999996423721313,12,V2-004-D1-MEANMAX-F04-S20260927,513a6baa0ccf6a18a076b475e11ec4db466f3c606057a0fa6432ae84e89c02f6
2230e37d4c075a40dca021391e8a997ac383f7f729ec0f762f1a4d56a7c139d0,MITDB_P117,117,120000000,4,20260927,MODEL_V2_TCN_MEANMAX,0,0.7822513580322266,0.6861650943756104,12,V2-004-D1-MEANMAX-F04-S20260927,513a6baa0ccf6a18a076b475e11ec4db466f3c606057a0fa6432ae84e89c02f6
223d0cc89907a6fa5e425df29c751eb55f43cb3717508639b159d471526881ba,MITDB_P221,221,1680000000,4,20260927,MODEL_V2_TCN_MEANMAX,0,7.1134257316589355,0.9991865754127502,12,V2-004-D1-MEANMAX-F04-S20260927,513a6baa0ccf6a18a076b475e11ec4db466f3c606057a0fa6432ae84e89c02f6
22919199aefe52218f54dc546df21a19ed5dfd5445038586d94341c29ac122a3,MITDB_P221,221,935000000,4,20260927,MODEL_V2_TCN_MEANMAX,1,13.81847858428955,0.9999990463256836,12,V2-004-D1-MEANMAX-F04-S20260927,513a6baa0ccf6a18a076b475e11ec4db466f3c606057a0fa6432ae84e89c02f6
22beeffcedb2fd9ce3f16855a4637a63559747349ac44431e6fdd4f47c30a140,MITDB_P205,205,1565000000,4,20260927,MODEL_V2_TCN_MEANMAX,0,-6.266426086425781,0.0018954038387164474,12,V2-004-D1-MEANMAX-F04-S20260927,513a6baa0ccf6a18a076b475e11ec4db466f3c606057a0fa6432ae84e89c02f6
22e0d29b7f6c7de75697135c43ee7f9848d16cd666a6674dd3f0a973a2640f6d,MITDB_P230,230,845000000,4,20260927,MODEL_V2_TCN_MEANMAX,0,-4.510619640350342,0.010872144252061844,12,V2-004-D1-MEANMAX-F04-S20260927,513a6baa0ccf6a18a076b475e11ec4db466f3c606057a0fa6432ae84e89c02f6
2308ed7c20fcbd1b05ef91cd3fc0b2f6ed256e6b6ec1228d002783f7d3f22e05,MITDB_P228,228,1435000000,4,20260927,MODEL_V2_TCN_MEANMAX,1,8.05094051361084,0.9996813535690308,12,V2-004-D1-MEANMAX-F04-S20260927,513a6baa0ccf6a18a076b475e11ec4db466f3c606057a0fa6432ae84e89c02f6
2321b959cfd06b17ce15be297754894418529bc802ddaea7fe9310d6467c4d7f,MITDB_P228,228,685000000,4,20260927,MODEL_V2_TCN_MEANMAX,1,9.8304443359375,0.9999462366104126,12,V2-004-D1-MEANMAX-F04-S20260927,513a6baa0ccf6a18a076b475e11ec4db466f3c606057a0fa6432ae84e89c02f6
2327e1e3c0f8981809231a2166f92cbb2c0c59d2cdaf7e30aa02b14c3b4ca79a,MITDB_P230,230,1440000000,4,20260927,MODEL_V2_TCN_MEANMAX,0,-4.561752796173096,0.010335792787373066,12,V2-004-D1-MEANMAX-F04-S20260927,513a6baa0ccf6a18a076b475e11ec4db466f3c606057a0fa6432ae84e89c02f6
23308ff4c296d02de7561bcc50e0fdd2eaccdca72bcaede568849286ab477299,MITDB_P228,228,1695000000,4,20260927,MODEL_V2_TCN_MEANMAX,0,-10.276501655578613,3.4431592212058604e-05,12,V2-004-D1-MEANMAX-F04-S20260927,513a6baa0ccf6a18a076b475e11ec4db466f3c606057a0fa6432ae84e89c02f6
235294324447d3095eeac7302fbb9d16fe7632a46d713d7fa5245e0d303aa73e,MITDB_P221,221,860000000,4,20260927,MODEL_V2_TCN_MEANMAX,1,11.847345352172852,0.999992847442627,12,V2-004-D1-MEANMAX-F04-S20260927,513a6baa0ccf6a18a076b475e11ec4db466f3c606057a0fa6432ae84e89c02f6
235a55a75af70a532ef8755e9a2ac6303e068aac669444016849978ecc31ebc1,MITDB_P230,230,210000000,4,20260927,MODEL_V2_TCN_MEANMAX,0,-4.515784740447998,0.010816738940775394,12,V2-004-D1-MEANMAX-F04-S20260927,513a6baa0ccf6a18a076b475e11ec4db466f3c606057a0fa6432ae84e89c02f6
23622effe5186c08ad651eb0e3b6127fe3482ab9a152ee74b93eabd8cd78d770,MITDB_P205,205,405000000,4,20260927,MODEL_V2_TCN_MEANMAX,0,-5.913000583648682,0.002696768846362829,12,V2-004-D1-MEANMAX-F04-S20260927,513a6baa0ccf6a18a076b475e11ec4db466f3c606057a0fa6432ae84e89c02f6
23a2abd84870db8509f60ed235910e212768bbb48cd25f74e479e30f3aa9a812,MITDB_P228,228,1175000000,4,20260927,MODEL_V2_TCN_MEANMAX,1,-10.549911499023438,2.619511360535398e-05,12,V2-004-D1-MEANMAX-F04-S20260927,513a6baa0ccf6a18a076b475e11ec4db466f3c606057a0fa6432ae84e89c02f6
23f5caa22280764e04c3e673d449b957cc5deede451275f7c2a70f1d8f8613d1,MITDB_P205,205,425000000,4,20260927,MODEL_V2_TCN_MEANMAX,0,-5.386233806610107,0.004558313637971878,12,V2-004-D1-MEANMAX-F04-S20260927,513a6baa0ccf6a18a076b475e11ec4db466f3c606057a0fa6432ae84e89c02f6
241ca4db684b536608ba256125ecff84bac8b190ccf7f9d7834a8babef0220fd,MITDB_P117,117,150000000,4,20260927,MODEL_V2_TCN_MEANMAX,0,0.1794569045305252,0.5447442531585693,12,V2-004-D1-MEANMAX-F04-S20260927,513a6baa0ccf6a18a076b475e11ec4db466f3c606057a0fa6432ae84e89c02f6
243e9c89ac9c77c68bd91329a10d17d0de388ab209802c730613e1033ee0c526,MITDB_P221,221,1710000000,4,20260927,MODEL_V2_TCN_MEANMAX,1,12.09356689453125,0.9999943971633911,12,V2-004-D1-MEANMAX-F04-S20260927,513a6baa0ccf6a18a076b475e11ec4db466f3c606057a0fa6432ae84e89c02f6
2445bd2c84fbd514069b0e1046893f75b624d954855d954c56dc1ef816ba202c,MITDB_P205,205,1385000000,4,20260927,MODEL_V2_TCN_MEANMAX,0,-5.961458683013916,0.00256953202188015,12,V2-004-D1-MEANMAX-F04-S20260927,513a6baa0ccf6a18a076b475e11ec4db466f3c606057a0fa6432ae84e89c02f6
24bdaed23936e0050d26e4c35fc29c3b96d8a9361297087c70195fc1723987ba,MITDB_P205,205,470000000,4,20260927,MODEL_V2_TCN_MEANMAX,0,-4.882680416107178,0.007519703824073076,12,V2-004-D1-MEANMAX-F04-S20260927,513a6baa0ccf6a18a076b475e11ec4db466f3c606057a0fa6432ae84e89c02f6
24d4f39cbcc60262f1d750faae01af58fd0707fe223177feb598ca88a8f355b3,MITDB_P230,230,1260000000,4,20260927,MODEL_V2_TCN_MEANMAX,0,-4.038954734802246,0.01731092855334282,12,V2-004-D1-MEANMAX-F04-S20260927,513a6baa0ccf6a18a076b475e11ec4db466f3c606057a0fa6432ae84e89c02f6
24eb54f25d55bdeff8274e0374d24cbd3fdd5398365b41085231a9e493f0143d,MITDB_P117,117,1760000000,4,20260927,MODEL_V2_TCN_MEANMAX,0,-2.234005928039551,0.09673804044723511,12,V2-004-D1-MEANMAX-F04-S20260927,513a6baa0ccf6a18a076b475e11ec4db466f3c606057a0fa6432ae84e89c02f6
24edf10764627c2d8e62bb989cd70152b690614071e2245c28164658962284e6,MITDB_P228,228,175000000,4,20260927,MODEL_V2_TCN_MEANMAX,1,2.778064250946045,0.9414789080619812,12,V2-004-D1-MEANMAX-F04-S20260927,513a6baa0ccf6a18a076b475e11ec4db466f3c606057a0fa6432ae84e89c02f6
24f0cc741458bdfb3a3f916fe2b42a840ab9ac5b93963a33fdaf5f02fad82ef7,MITDB_P221,221,155000000,4,20260927,MODEL_V2_TCN_MEANMAX,1,12.076414108276367,0.9999942779541016,12,V2-004-D1-MEANMAX-F04-S20260927,513a6baa0ccf6a18a076b475e11ec4db466f3c606057a0fa6432ae84e89c02f6
24ff56f53391b28a8cc903bf6af679307e78f6a592d999f64e9cf46afbc238b0,MITDB_P230,230,480000000,4,20260927,MODEL_V2_TCN_MEANMAX,0,-2.8618826866149902,0.054070327430963516,12,V2-004-D1-MEANMAX-F04-S20260927,513a6baa0ccf6a18a076b475e11ec4db466f3c606057a0fa6432ae84e89c02f6
24ff5e7882aa0c51bdebe3bc2a8f182b52d04a6097a0e7d183f852c65164bef6,MITDB_P230,230,660000000,4,20260927,MODEL_V2_TCN_MEANMAX,0,-4.764483451843262,0.008455191738903522,12,V2-004-D1-MEANMAX-F04-S20260927,513a6baa0ccf6a18a076b475e11ec4db466f3c606057a0fa6432ae84e89c02f6
2551fdf6806a207c379e961b1fbddf7923a1b720e3fc84c25461da8dbf2dc2e1,MITDB_P221,221,1645000000,4,20260927,MODEL_V2_TCN_MEANMAX,1,10.976299285888672,0.9999829530715942,12,V2-004-D1-MEANMAX-F04-S20260927,513a6baa0ccf6a18a076b475e11ec4db466f3c606057a0fa6432ae84e89c02f6
25957f2c7addacfd3bb7a2cfe13be1c31ec30a2b321ecea84f508ca10ca6583c,MITDB_P205,205,285000000,4,20260927,MODEL_V2_TCN_MEANMAX,0,-2.825593948364258,0.05595669522881508,12,V2-004-D1-MEANMAX-F04-S20260927,513a6baa0ccf6a18a076b475e11ec4db466f3c606057a0fa6432ae84e89c02f6
25a305422f5985d6c9eb3042438e09310b358bacc8ed6392819885509d7dc1e0,MITDB_P221,221,1155000000,4,20260927,MODEL_V2_TCN_MEANMAX,1,13.943228721618652,0.9999991655349731,12,V2-004-D1-MEANMAX-F04-S20260927,513a6baa0ccf6a18a076b475e11ec4db466f3c606057a0fa6432ae84e89c02f6
25a887f59c1375d90c0260175dd4653add408f157485a8e1ee106bb43380d0fa,MITDB_P117,117,1040000000,4,20260927,MODEL_V2_TCN_MEANMAX,0,-2.030836820602417,0.11600308120250702,12,V2-004-D1-MEANMAX-F04-S20260927,513a6baa0ccf6a18a076b475e11ec4db466f3c606057a0fa6432ae84e89c02f6
25f1ce3b32c9541bd58a7a60027485e2d6c107973a1876e5a0aa0b032672ef12,MITDB_P230,230,680000000,4,20260927,MODEL_V2_TCN_MEANMAX,0,-5.188706874847412,0.005548261571675539,12,V2-004-D1-MEANMAX-F04-S20260927,513a6baa0ccf6a18a076b475e11ec4db466f3c606057a0fa6432ae84e89c02f6
262c6fc7c7a0727e9876e8f98d1739033fb245b8ea5fa6f57605e1d83b01a0bd,MITDB_P117,117,110000000,4,20260927,MODEL_V2_TCN_MEANMAX,0,-0.6480427980422974,0.3434307277202606,12,V2-004-D1-MEANMAX-F04-S20260927,513a6baa0ccf6a18a076b475e11ec4db466f3c606057a0fa6432ae84e89c02f6
263afa69a2bb6681ee2302453dfc18aa9d8557a1de51e8ccc13523024e2d8319,MITDB_P221,221,805000000,4,20260927,MODEL_V2_TCN_MEANMAX,1,16.062559127807617,0.9999998807907104,12,V2-004-D1-MEANMAX-F04-S20260927,513a6baa0ccf6a18a076b475e11ec4db466f3c606057a0fa6432ae84e89c02f6
26881cd36cfe39d63382e3505144f8026f47f017c7ea1bde8c100a416ee02821,MITDB_P205,205,75000000,4,20260927,MODEL_V2_TCN_MEANMAX,0,-6.011539459228516,0.002444323617964983,12,V2-004-D1-MEANMAX-F04-S20260927,513a6baa0ccf6a18a076b475e11ec4db466f3c606057a0fa6432ae84e89c02f6
26b693bed1e1b5fa53d76265223668c111f54b4bc084a99e925d740c18041f0d,MITDB_P205,205,820000000,4,20260927,MODEL_V2_TCN_MEANMAX,1,-3.7048275470733643,0.024013619869947433,12,V2-004-D1-MEANMAX-F04-S20260927,513a6baa0ccf6a18a076b475e11ec4db466f3c606057a0fa6432ae84e89c02f6
26d5fbe6182095cca1611900ff0c1a5e501df34f3db92021759b640fd73f3e20,MITDB_P221,221,1255000000,4,20260927,MODEL_V2_TCN_MEANMAX,1,10.132524490356445,0.99996018409729,12,V2-004-D1-MEANMAX-F04-S20260927,513a6baa0ccf6a18a076b475e11ec4db466f3c606057a0fa6432ae84e89c02f6
26d8f597229dcd4cf0e327ef16b8675decc1ee4bbdae7a562f8bfdfe25d2d9a4,MITDB_P230,230,1640000000,4,20260927,MODEL_V2_TCN_MEANMAX,0,-0.544393002986908,0.3671662509441376,12,V2-004-D1-MEANMAX-F04-S20260927,513a6baa0ccf6a18a076b475e11ec4db466f3c606057a0fa6432ae84e89c02f6
271d3fb36a1b253eab6526d8545390c7d54ead8f35725bafb53d6193f749ebb1,MITDB_P117,117,1195000000,4,20260927,MODEL_V2_TCN_MEANMAX,0,-3.593860149383545,0.026756415143609047,12,V2-004-D1-MEANMAX-F04-S20260927,513a6baa0ccf6a18a076b475e11ec4db466f3c606057a0fa6432ae84e89c02f6
2733f362903a4bf0122f069991d81c350b52680a1a1abad4c8ae1f0f345ec0ed,MITDB_P228,228,205000000,4,20260927,MODEL_V2_TCN_MEANMAX,1,-2.3560125827789307,0.08658904582262039,12,V2-004-D1-MEANMAX-F04-S20260927,513a6baa0ccf6a18a076b475e11ec4db466f3c606057a0fa6432ae84e89c02f6
279b2a67fa9e91542ec5ee443ac1b1420660966cd78762af882fdaebfbd75f01,MITDB_P230,230,1535000000,4,20260927,MODEL_V2_TCN_MEANMAX,0,-2.5284712314605713,0.07388618588447571,12,V2-004-D1-MEANMAX-F04-S20260927,513a6baa0ccf6a18a076b475e11ec4db466f3c606057a0fa6432ae84e89c02f6
27a53d68eb571bfe964bd6d9ce3a7c14bbb17c5b38f58d1270ec767dee7953bb,MITDB_P228,228,1775000000,4,20260927,MODEL_V2_TCN_MEANMAX,1,1.152271032333374,0.7599254846572876,12,V2-004-D1-MEANMAX-F04-S20260927,513a6baa0ccf6a18a076b475e11ec4db466f3c606057a0fa6432ae84e89c02f6
27dd0fbc6b6f1f917b7eaa5c56deb752372da49f8c5e2298cae87fcbe4729249,MITDB_P230,230,795000000,4,20260927,MODEL_V2_TCN_MEANMAX,0,-6.441375255584717,0.001591675216332078,12,V2-004-D1-MEANMAX-F04-S20260927,513a6baa0ccf6a18a076b475e11ec4db466f3c606057a0fa6432ae84e89c02f6
27dfc8b673b13d838ebeb8865314d4e38cf286d73175e4d5d5ab4bfd7dffcfbb,MITDB_P228,228,805000000,4,20260927,MODEL_V2_TCN_MEANMAX,1,8.691569328308105,0.999832034111023,12,V2-004-D1-MEANMAX-F04-S20260927,513a6baa0ccf6a18a076b475e11ec4db466f3c606057a0fa6432ae84e89c02f6
2805aa8f485c94653fa11dced8853b896e2c01a13eea1b75fd9956eef46fe60b,MITDB_P117,117,1395000000,4,20260927,MODEL_V2_TCN_MEANMAX,0,-2.3712046146392822,0.08539500832557678,12,V2-004-D1-MEANMAX-F04-S20260927,513a6baa0ccf6a18a076b475e11ec4db466f3c606057a0fa6432ae84e89c02f6
280c17f32d9f8098303c4a7b08fec10f9d911d07b3b1b7a3ea10594178a2085e,MITDB_P205,205,340000000,4,20260927,MODEL_V2_TCN_MEANMAX,0,-4.9967427253723145,0.00671454006806016,12,V2-004-D1-MEANMAX-F04-S20260927,513a6baa0ccf6a18a076b475e11ec4db466f3c606057a0fa6432ae84e89c02f6
281da5e99959cfa5cb7290c741944ce058c4b951a620df071bc1b49b5c3c8621,MITDB_P228,228,1090000000,4,20260927,MODEL_V2_TCN_MEANMAX,0,-12.925924301147461,2.4341163680219324e-06,12,V2-004-D1-MEANMAX-F04-S20260927,513a6baa0ccf6a18a076b475e11ec4db466f3c606057a0fa6432ae84e89c02f6
284db71102c5f463fc960fb1b909df86639739966522bf5c3b459ec81be9cce3,MITDB_P228,228,260000000,4,20260927,MODEL_V2_TCN_MEANMAX,1,-5.097195148468018,0.006076718680560589,12,V2-004-D1-MEANMAX-F04-S20260927,513a6baa0ccf6a18a076b475e11ec4db466f3c606057a0fa6432ae84e89c02f6
286def6766bea425864a29bd89950f679ac4fb83aa4a7023a90f32b9b666ccf6,MITDB_P117,117,920000000,4,20260927,MODEL_V2_TCN_MEANMAX,0,-2.849324941635132,0.05471622198820114,12,V2-004-D1-MEANMAX-F04-S20260927,513a6baa0ccf6a18a076b475e11ec4db466f3c606057a0fa6432ae84e89c02f6
28d9bc48f8e5aa7c423dca852b4cabc0d4975433faee53949f24b5d878ef8146,MITDB_P117,117,1505000000,4,20260927,MODEL_V2_TCN_MEANMAX,0,-1.9779839515686035,0.12153391540050507,12,V2-004-D1-MEANMAX-F04-S20260927,513a6baa0ccf6a18a076b475e11ec4db466f3c606057a0fa6432ae84e89c02f6
2912409e33e8f370c21097942a5c08fa79df25095d5c80c718ef52d4ecd381bf,MITDB_P205,205,1220000000,4,20260927,MODEL_V2_TCN_MEANMAX,0,-6.343238353729248,0.001755510806106031,12,V2-004-D1-MEANMAX-F04-S20260927,513a6baa0ccf6a18a076b475e11ec4db466f3c606057a0fa6432ae84e89c02f6
29a427930858dde663f84e7b80ac5106e659d5bf7906c35449b7423ba779ae11,MITDB_P205,205,735000000,4,20260927,MODEL_V2_TCN_MEANMAX,0,-5.5514607429504395,0.0038667728658765554,12,V2-004-D1-MEANMAX-F04-S20260927,513a6baa0ccf6a18a076b475e11ec4db466f3c606057a0fa6432ae84e89c02f6
29af19fb3f9b4b026660e8a9164e12bbbfac743323ec243d938b21eb0fda49ec,MITDB_P230,230,1335000000,4,20260927,MODEL_V2_TCN_MEANMAX,0,-4.780369281768799,0.008323044516146183,12,V2-004-D1-MEANMAX-F04-S20260927,513a6baa0ccf6a18a076b475e11ec4db466f3c606057a0fa6432ae84e89c02f6
29c56952ef594f03137ecfc2e103ac8963cc21761ee1ecc739e26968fe438c5c,MITDB_P228,228,450000000,4,20260927,MODEL_V2_TCN_MEANMAX,1,12.323259353637695,0.9999955892562866,12,V2-004-D1-MEANMAX-F04-S20260927,513a6baa0ccf6a18a076b475e11ec4db466f3c606057a0fa6432ae84e89c02f6
29d0b8047bfa51d526044c899adcdbb38f010e8a417f096095ce114bcef2ae8c,MITDB_P228,228,440000000,4,20260927,MODEL_V2_TCN_MEANMAX,1,6.069335460662842,0.9976927042007446,12,V2-004-D1-MEANMAX-F04-S20260927,513a6baa0ccf6a18a076b475e11ec4db466f3c606057a0fa6432ae84e89c02f6
29d30a012d0e9ba9c253b4a0fe57533c60e8fba84e9a6dc636948adc1b53a816,MITDB_P117,117,185000000,4,20260927,MODEL_V2_TCN_MEANMAX,0,-1.4160531759262085,0.19528105854988098,12,V2-004-D1-MEANMAX-F04-S20260927,513a6baa0ccf6a18a076b475e11ec4db466f3c606057a0fa6432ae84e89c02f6
29dbb7aab897a3c518bf1a5686e164013e384959e8d7cde559008adcbff3e238,MITDB_P228,228,1205000000,4,20260927,MODEL_V2_TCN_MEANMAX,0,-11.708465576171875,8.223835720855277e-06,12,V2-004-D1-MEANMAX-F04-S20260927,513a6baa0ccf6a18a076b475e11ec4db466f3c606057a0fa6432ae84e89c02f6
2a0e04c8a541ef2bc5baacffd3ea67f6dc2feb20a320c7a6afeaba6d587bfcda,MITDB_P117,117,1325000000,4,20260927,MODEL_V2_TCN_MEANMAX,0,-4.3213019371032715,0.013108464889228344,12,V2-004-D1-MEANMAX-F04-S20260927,513a6baa0ccf6a18a076b475e11ec4db466f3c606057a0fa6432ae84e89c02f6
2a0fa81b366d5cc84d434acbce90202ba52968bead64f6b07f2472c7a04b872b,MITDB_P117,117,555000000,4,20260927,MODEL_V2_TCN_MEANMAX,0,0.30344241857528687,0.5752838253974915,12,V2-004-D1-MEANMAX-F04-S20260927,513a6baa0ccf6a18a076b475e11ec4db466f3c606057a0fa6432ae84e89c02f6
2a1264e4ee96d2cb55a982bef89cbf77a30092935d70006860c6ad8f7b08bbd6,MITDB_P221,221,865000000,4,20260927,MODEL_V2_TCN_MEANMAX,1,12.897550582885742,0.9999974966049194,12,V2-004-D1-MEANMAX-F04-S20260927,513a6baa0ccf6a18a076b475e11ec4db466f3c606057a0fa6432ae84e89c02f6
2a1e501842c556a984957e16b1ac3be6857193b4dd53cb1c56a0663e24399b45,MITDB_P228,228,835000000,4,20260927,MODEL_V2_TCN_MEANMAX,1,5.714209079742432,0.9967120885848999,12,V2-004-D1-MEANMAX-F04-S20260927,513a6baa0ccf6a18a076b475e11ec4db466f3c606057a0fa6432ae84e89c02f6
2a3a0f7a371ec0b47f38ea03151fb8f2b9515b71e98b6b99d07cc123e48b4c36,MITDB_P117,117,805000000,4,20260927,MODEL_V2_TCN_MEANMAX,0,-4.1626505851745605,0.01532764919102192,12,V2-004-D1-MEANMAX-F04-S20260927,513a6baa0ccf6a18a076b475e11ec4db466f3c606057a0fa6432ae84e89c02f6
2a3a974a01d0139f0de2e5d85d8825cf816c4a538ee82b22d5afe83a216decf9,MITDB_P205,205,1410000000,4,20260927,MODEL_V2_TCN_MEANMAX,0,-6.792267322540283,0.0011211626697331667,12,V2-004-D1-MEANMAX-F04-S20260927,513a6baa0ccf6a18a076b475e11ec4db466f3c606057a0fa6432ae84e89c02f6
2a48f86f6a8151fb8b5618aa4bdf249b77f47e28de8153e546790744b9490316,MITDB_P228,228,965000000,4,20260927,MODEL_V2_TCN_MEANMAX,1,-1.1491094827651978,0.24065178632736206,12,V2-004-D1-MEANMAX-F04-S20260927,513a6baa0ccf6a18a076b475e11ec4db466f3c606057a0fa6432ae84e89c02f6
2a73032b04ad3ade19fb14826b06ce67f59b29abb5eb0aa05e164959b9c0de02,MITDB_P230,230,1290000000,4,20260927,MODEL_V2_TCN_MEANMAX,0,-4.781436443328857,0.008314240723848343,12,V2-004-D1-MEANMAX-F04-S20260927,513a6baa0ccf6a18a076b475e11ec4db466f3c606057a0fa6432ae84e89c02f6
2a92cb51bd63f5bfe604bc0e3ea8212f3e384bfb684bd2cac4fb507e55d83093,MITDB_P228,228,240000000,4,20260927,MODEL_V2_TCN_MEANMAX,1,6.922537326812744,0.9990155696868896,12,V2-004-D1-MEANMAX-F04-S20260927,513a6baa0ccf6a18a076b475e11ec4db466f3c606057a0fa6432ae84e89c02f6
2ace447608ce52f32344154af97496503a620918370ba727d3ce9ac80acbb879,MITDB_P228,228,1720000000,4,20260927,MODEL_V2_TCN_MEANMAX,1,1.6461637020111084,0.8383718729019165,12,V2-004-D1-MEANMAX-F04-S20260927,513a6baa0ccf6a18a076b475e11ec4db466f3c606057a0fa6432ae84e89c02f6
2ada5752447656642c14c5f2cbc1ea7264e4e10b8dbc454b518db77a7e31e7c0,MITDB_P221,221,1015000000,4,20260927,MODEL_V2_TCN_MEANMAX,1,12.402602195739746,0.9999959468841553,12,V2-004-D1-MEANMAX-F04-S20260927,513a6baa0ccf6a18a076b475e11ec4db466f3c606057a0fa6432ae84e89c02f6
2af7abbfac8254c3b7dc5dd7e3d6bc26ca3dc5e57332a50dae8f35c245638cea,MITDB_P205,205,40000000,4,20260927,MODEL_V2_TCN_MEANMAX,0,-5.441939830780029,0.004312396515160799,12,V2-004-D1-MEANMAX-F04-S20260927,513a6baa0ccf6a18a076b475e11ec4db466f3c606057a0fa6432ae84e89c02f6
2b3670b0d1596ca67f749aaedf8e6b14110e6ae63263aae0046bc5784810052e,MITDB_P205,205,1470000000,4,20260927,MODEL_V2_TCN_MEANMAX,1,0.4108828902244568,0.601299524307251,12,V2-004-D1-MEANMAX-F04-S20260927,513a6baa0ccf6a18a076b475e11ec4db466f3c606057a0fa6432ae84e89c02f6
2b719f3492c74413e7a6a15e7442ebf84d1dddd49af8e0c42eb9aa3a31bcab9a,MITDB_P221,221,895000000,4,20260927,MODEL_V2_TCN_MEANMAX,1,12.745954513549805,0.9999971389770508,12,V2-004-D1-MEANMAX-F04-S20260927,513a6baa0ccf6a18a076b475e11ec4db466f3c606057a0fa6432ae84e89c02f6
2ba0d334b78ead63070bcc6dac73d8289f5bcfcaf190c8a1eb9e942757a038ea,MITDB_P117,117,535000000,4,20260927,MODEL_V2_TCN_MEANMAX,0,-2.4382803440093994,0.08029981702566147,12,V2-004-D1-MEANMAX-F04-S20260927,513a6baa0ccf6a18a076b475e11ec4db466f3c606057a0fa6432ae84e89c02f6
2ba2362e0ea3e126ba54698de22cfb815cf53c524a68d14c8565f2884965031f,MITDB_P117,117,1790000000,4,20260927,MODEL_V2_TCN_MEANMAX,0,-3.30391001701355,0.03543729707598686,12,V2-004-D1-MEANMAX-F04-S20260927,513a6baa0ccf6a18a076b475e11ec4db466f3c606057a0fa6432ae84e89c02f6
2ba548910cbde6340f4be9fd1e51df18e55cb62bbe721e7d94bb4520427e3864,MITDB_P205,205,465000000,4,20260927,MODEL_V2_TCN_MEANMAX,0,-5.559548854827881,0.0038357432931661606,12,V2-004-D1-MEANMAX-F04-S20260927,513a6baa0ccf6a18a076b475e11ec4db466f3c606057a0fa6432ae84e89c02f6
2ba739d750ddb10213162205aa9cef2a7b999611bc53590fc36d738534ffb62f,MITDB_P117,117,1305000000,4,20260927,MODEL_V2_TCN_MEANMAX,0,-1.9098851680755615,0.12899376451969147,12,V2-004-D1-MEANMAX-F04-S20260927,513a6baa0ccf6a18a076b475e11ec4db466f3c606057a0fa6432ae84e89c02f6
2bb101df57838aee2c6db377c394a69d71251cd89b2edf0075c9f4662e678d0d,MITDB_P205,205,335000000,4,20260927,MODEL_V2_TCN_MEANMAX,0,-5.0757155418396,0.0062078372575342655,12,V2-004-D1-MEANMAX-F04-S20260927,513a6baa0ccf6a18a076b475e11ec4db466f3c606057a0fa6432ae84e89c02f6
2be58eaef9d6f39df210162873b910f79ef29ac5c82ba35ca6a6cb7737356bc1,MITDB_P228,228,1140000000,4,20260927,MODEL_V2_TCN_MEANMAX,1,-0.5275824666023254,0.3710809350013733,12,V2-004-D1-MEANMAX-F04-S20260927,513a6baa0ccf6a18a076b475e11ec4db466f3c606057a0fa6432ae84e89c02f6
2bfb8c8539f32ea256597327adc835e5a83330dc58d327b85251518ff85bd246,MITDB_P228,228,1165000000,4,20260927,MODEL_V2_TCN_MEANMAX,1,-3.373659372329712,0.03312889486551285,12,V2-004-D1-MEANMAX-F04-S20260927,513a6baa0ccf6a18a076b475e11ec4db466f3c606057a0fa6432ae84e89c02f6
2c0aaaf8929f21f9f41056e95e91bfc0d7653f61234bb4366c46a502f3c21f8f,MITDB_P205,205,255000000,4,20260927,MODEL_V2_TCN_MEANMAX,1,9.956396102905273,0.9999525547027588,12,V2-004-D1-MEANMAX-F04-S20260927,513a6baa0ccf6a18a076b475e11ec4db466f3c606057a0fa6432ae84e89c02f6
2c0f3340513c41c1d3a26d6253fe5ccbe9d63d2c7340d05a5a473636938b570c,MITDB_P221,221,1105000000,4,20260927,MODEL_V2_TCN_MEANMAX,1,11.14643669128418,0.9999855756759644,12,V2-004-D1-MEANMAX-F04-S20260927,513a6baa0ccf6a18a076b475e11ec4db466f3c606057a0fa6432ae84e89c02f6
2c13c71e9c3e990d1544264612f308da784ea46b211623d710bfb3a30911c0a4,MITDB_P205,205,1240000000,4,20260927,MODEL_V2_TCN_MEANMAX,0,-6.768637657165527,0.001147939939983189,12,V2-004-D1-MEANMAX-F04-S20260927,513a6baa0ccf6a18a076b475e11ec4db466f3c606057a0fa6432ae84e89c02f6
2c4d880dc1c93226bd6eba601ce676245abcefc0e93cf959fba68bc8cf97b06b,MITDB_P205,205,890000000,4,20260927,MODEL_V2_TCN_MEANMAX,0,-5.91570520401001,0.0026895045302808285,12,V2-004-D1-MEANMAX-F04-S20260927,513a6baa0ccf6a18a076b475e11ec4db466f3c606057a0fa6432ae84e89c02f6
2c6b146c3d657563fd0a5cc0ff340c00af61aef2953b6846c50cc6f48ffa36a8,MITDB_P205,205,325000000,4,20260927,MODEL_V2_TCN_MEANMAX,1,15.037006378173828,0.9999997615814209,12,V2-004-D1-MEANMAX-F04-S20260927,513a6baa0ccf6a18a076b475e11ec4db466f3c606057a0fa6432ae84e89c02f6
2c71d958802d8c9b8f9941343a7fd2b2cda8fc427fbb32ba42d8cc6079225fef,MITDB_P221,221,140000000,4,20260927,MODEL_V2_TCN_MEANMAX,1,10.14698600769043,0.9999607801437378,12,V2-004-D1-MEANMAX-F04-S20260927,513a6baa0ccf6a18a076b475e11ec4db466f3c606057a0fa6432ae84e89c02f6
2ca345002580dec49eb1f9f9156e2ccad865902c6c0116c1e8c6b119cd2bbd6d,MITDB_P228,228,1405000000,4,20260927,MODEL_V2_TCN_MEANMAX,1,8.467292785644531,0.9997897744178772,12,V2-004-D1-MEANMAX-F04-S20260927,513a6baa0ccf6a18a076b475e11ec4db466f3c606057a0fa6432ae84e89c02f6
2cceb2c44912dc106838de67adebfd215a2a616037efbfdb687906e7868d692a,MITDB_P230,230,265000000,4,20260927,MODEL_V2_TCN_MEANMAX,0,-3.620027542114258,0.02608337625861168,12,V2-004-D1-MEANMAX-F04-S20260927,513a6baa0ccf6a18a076b475e11ec4db466f3c606057a0fa6432ae84e89c02f6
2cd5e6a2c720e4623a660fc1e6e96f337da7ea5afd06c1c9fd29f7a788be5cf1,MITDB_P205,205,1395000000,4,20260927,MODEL_V2_TCN_MEANMAX,0,-6.056883335113525,0.00233621709048748,12,V2-004-D1-MEANMAX-F04-S20260927,513a6baa0ccf6a18a076b475e11ec4db466f3c606057a0fa6432ae84e89c02f6
2cdbe45745c5055f830f9dce021af8c1d47999fe1d0e3baf08793e5db2acf6dc,MITDB_P230,230,1780000000,4,20260927,MODEL_V2_TCN_MEANMAX,0,1.3716880083084106,0.7976527810096741,12,V2-004-D1-MEANMAX-F04-S20260927,513a6baa0ccf6a18a076b475e11ec4db466f3c606057a0fa6432ae84e89c02f6
2ce50cfb8e1f591348572efba5bd13a33ea8e895b5bdb107892677f0c0bf68a2,MITDB_P228,228,1520000000,4,20260927,MODEL_V2_TCN_MEANMAX,0,-9.932308197021484,4.8577177949482575e-05,12,V2-004-D1-MEANMAX-F04-S20260927,513a6baa0ccf6a18a076b475e11ec4db466f3c606057a0fa6432ae84e89c02f6
2d3bc0dd9eab454f5fbed46aae595a7b3f7cb0e9832dc1940fd35e8f74c0567f,MITDB_P228,228,1790000000,4,20260927,MODEL_V2_TCN_MEANMAX,1,8.886380195617676,0.9998617172241211,12,V2-004-D1-MEANMAX-F04-S20260927,513a6baa0ccf6a18a076b475e11ec4db466f3c606057a0fa6432ae84e89c02f6
2d4cdcd1227703aff6895a3b6fde8946312745cbdd567aaa0f065f692beee580,MITDB_P117,117,1385000000,4,20260927,MODEL_V2_TCN_MEANMAX,0,-3.5990216732025146,0.026622334495186806,12,V2-004-D1-MEANMAX-F04-S20260927,513a6baa0ccf6a18a076b475e11ec4db466f3c606057a0fa6432ae84e89c02f6
2d4fe97d8b79ec3ed54a1bb07f5efee221e1ed7f1a60ff2991c787b53ebba463,MITDB_P205,205,1770000000,4,20260927,MODEL_V2_TCN_MEANMAX,0,-6.44429874420166,0.0015870361821725965,12,V2-004-D1-MEANMAX-F04-S20260927,513a6baa0ccf6a18a076b475e11ec4db466f3c606057a0fa6432ae84e89c02f6
2d78834b02b75f6099852d755a0ee2aebf3a51069f425bb194b15f1b2e900939,MITDB_P228,228,1275000000,4,20260927,MODEL_V2_TCN_MEANMAX,0,-6.354004383087158,0.0017367448890581727,12,V2-004-D1-MEANMAX-F04-S20260927,513a6baa0ccf6a18a076b475e11ec4db466f3c606057a0fa6432ae84e89c02f6
2d99353855271e2073e61ede80db40eff18f02f327e0ad92225e8858331f95f4,MITDB_P205,205,980000000,4,20260927,MODEL_V2_TCN_MEANMAX,1,-4.291960716247559,0.01349351555109024,12,V2-004-D1-MEANMAX-F04-S20260927,513a6baa0ccf6a18a076b475e11ec4db466f3c606057a0fa6432ae84e89c02f6
2dbb34f876da063bc960fc985ff27f17e47655105a0a857be65a97a1ca9dd90d,MITDB_P230,230,1255000000,4,20260927,MODEL_V2_TCN_MEANMAX,0,-3.6637070178985596,0.024996457621455193,12,V2-004-D1-MEANMAX-F04-S20260927,513a6baa0ccf6a18a076b475e11ec4db466f3c606057a0fa6432ae84e89c02f6
2dbd1516b720eb6b1b21291a382575bb5eb25384ea4a977d1b7c0c1972781564,MITDB_P221,221,1005000000,4,20260927,MODEL_V2_TCN_MEANMAX,1,10.405082702636719,0.9999697208404541,12,V2-004-D1-MEANMAX-F04-S20260927,513a6baa0ccf6a18a076b475e11ec4db466f3c606057a0fa6432ae84e89c02f6
2e10d0753edfdeced5f728132e9a177defb607efda69378553e609b013e7c4e1,MITDB_P230,230,610000000,4,20260927,MODEL_V2_TCN_MEANMAX,0,-2.1951866149902344,0.10018356889486313,12,V2-004-D1-MEANMAX-F04-S20260927,513a6baa0ccf6a18a076b475e11ec4db466f3c606057a0fa6432ae84e89c02f6
2e33b1dd1faf0d98aaa509cdd1b46e856b10bd581ad284618006e0fc8dcee31a,MITDB_P117,117,295000000,4,20260927,MODEL_V2_TCN_MEANMAX,0,-0.18061606585979462,0.45496833324432373,12,V2-004-D1-MEANMAX-F04-S20260927,513a6baa0ccf6a18a076b475e11ec4db466f3c606057a0fa6432ae84e89c02f6
2e41548ed9bcb22ce5a07ae86de193d741eeb1cc9554a73694c1c252842fb5b5,MITDB_P221,221,1110000000,4,20260927,MODEL_V2_TCN_MEANMAX,1,15.735668182373047,0.9999998807907104,12,V2-004-D1-MEANMAX-F04-S20260927,513a6baa0ccf6a18a076b475e11ec4db466f3c606057a0fa6432ae84e89c02f6
2e4d9dfba96e3debc2d7b559f9453a1478aafc64e71929e9b2f2577f2b43cf78,MITDB_P205,205,1645000000,4,20260927,MODEL_V2_TCN_MEANMAX,0,-6.927664279937744,0.000979327829554677,12,V2-004-D1-MEANMAX-F04-S20260927,513a6baa0ccf6a18a076b475e11ec4db466f3c606057a0fa6432ae84e89c02f6
2e58d70c8fdb886e3532c528c1bdd8bdbc7738830a3d073680f9abec9e3c1cbf,MITDB_P228,228,1575000000,4,20260927,MODEL_V2_TCN_MEANMAX,1,7.203952312469482,0.9992569088935852,12,V2-004-D1-MEANMAX-F04-S20260927,513a6baa0ccf6a18a076b475e11ec4db466f3c606057a0fa6432ae84e89c02f6
2e5cdf798ef8e783e717ed753a364b613e53d656395655e081f0af4316c8f898,MITDB_P228,228,510000000,4,20260927,MODEL_V2_TCN_MEANMAX,1,7.652871131896973,0.9995255470275879,12,V2-004-D1-MEANMAX-F04-S20260927,513a6baa0ccf6a18a076b475e11ec4db466f3c606057a0fa6432ae84e89c02f6
2e9717b96d51ba9606774f54bafb2a1e9f6cdbae460bd35873e87a5b3f5e9a74,MITDB_P117,117,770000000,4,20260927,MODEL_V2_TCN_MEANMAX,0,-3.0832271575927734,0.04380444437265396,12,V2-004-D1-MEANMAX-F04-S20260927,513a6baa0ccf6a18a076b475e11ec4db466f3c606057a0fa6432ae84e89c02f6
2ec06c1a545f0f2c02fd4edbf2d991fb42855c373e5516730b32676dc751a609,MITDB_P221,221,410000000,4,20260927,MODEL_V2_TCN_MEANMAX,1,11.095758438110352,0.999984860420227,12,V2-004-D1-MEANMAX-F04-S20260927,513a6baa0ccf6a18a076b475e11ec4db466f3c606057a0fa6432ae84e89c02f6
2ee418f0bb7108c4bab5954a0657da1de30303572ec53f978dc6b4919c5d55ce,MITDB_P230,230,595000000,4,20260927,MODEL_V2_TCN_MEANMAX,0,-3.8609180450439453,0.020614754408597946,12,V2-004-D1-MEANMAX-F04-S20260927,513a6baa0ccf6a18a076b475e11ec4db466f3c606057a0fa6432ae84e89c02f6
2f097cbcb7acc568ec9610a8f4702b9b2cea08d2baa8ed2e50d7621e52853beb,MITDB_P117,117,230000000,4,20260927,MODEL_V2_TCN_MEANMAX,0,-2.1013011932373047,0.10897041857242584,12,V2-004-D1-MEANMAX-F04-S20260927,513a6baa0ccf6a18a076b475e11ec4db466f3c606057a0fa6432ae84e89c02f6
2f09f82917151f1f7549a3b351eb45108a39f3797406bda7a0ec2d8bac0f98ee,MITDB_P205,205,1495000000,4,20260927,MODEL_V2_TCN_MEANMAX,0,-6.252605438232422,0.0019217308145016432,12,V2-004-D1-MEANMAX-F04-S20260927,513a6baa0ccf6a18a076b475e11ec4db466f3c606057a0fa6432ae84e89c02f6
2f19a5777b855a044d6ab3a6401216ae292a99b2de102b0502453c6378f16da0,MITDB_P230,230,315000000,4,20260927,MODEL_V2_TCN_MEANMAX,0,-4.990777492523193,0.00675444258376956,12,V2-004-D1-MEANMAX-F04-S20260927,513a6baa0ccf6a18a076b475e11ec4db466f3c606057a0fa6432ae84e89c02f6
2f27280e468ed5582ecc45061870b6bd6bd5b73cf5d09858ca89e752114bc78b,MITDB_P205,205,1020000000,4,20260927,MODEL_V2_TCN_MEANMAX,0,-5.47532320022583,0.004171400796622038,12,V2-004-D1-MEANMAX-F04-S20260927,513a6baa0ccf6a18a076b475e11ec4db466f3c606057a0fa6432ae84e89c02f6
2f38140effc8dea4c0d42d7b318143ebf1785e493acf7e9235ef7c46c48a6867,MITDB_P205,205,1705000000,4,20260927,MODEL_V2_TCN_MEANMAX,0,-5.96858549118042,0.002551330951973796,12,V2-004-D1-MEANMAX-F04-S20260927,513a6baa0ccf6a18a076b475e11ec4db466f3c606057a0fa6432ae84e89c02f6
2f3e605cbb2f36d94b559fa02054150dd640b7b9869a43c09bfef0174ba15835,MITDB_P117,117,1650000000,4,20260927,MODEL_V2_TCN_MEANMAX,0,-3.579272508621216,0.02713891677558422,12,V2-004-D1-MEANMAX-F04-S20260927,513a6baa0ccf6a18a076b475e11ec4db466f3c606057a0fa6432ae84e89c02f6
2f5336e4b7533c2c082f25e6ead8cc38bbbda451d06aa31de78f8446bf489cda,MITDB_P117,117,1250000000,4,20260927,MODEL_V2_TCN_MEANMAX,0,-1.6314975023269653,0.1636253148317337,12,V2-004-D1-MEANMAX-F04-S20260927,513a6baa0ccf6a18a076b475e11ec4db466f3c606057a0fa6432ae84e89c02f6
2f8c0012a7c78dbf8f6e062fa42675fb40f3996080ce33b8970c2e4365515389,MITDB_P205,205,635000000,4,20260927,MODEL_V2_TCN_MEANMAX,0,-5.008531093597412,0.006636373698711395,12,V2-004-D1-MEANMAX-F04-S20260927,513a6baa0ccf6a18a076b475e11ec4db466f3c606057a0fa6432ae84e89c02f6
2fd1fc8eacd9a669faac85b96739bbd8e80b8af68b4e7de82adfdcd53fcb968f,MITDB_P205,205,540000000,4,20260927,MODEL_V2_TCN_MEANMAX,0,-4.4480509757995605,0.011566012166440487,12,V2-004-D1-MEANMAX-F04-S20260927,513a6baa0ccf6a18a076b475e11ec4db466f3c606057a0fa6432ae84e89c02f6
2fd292fe7cdc2ddcbd65f006808482599c542d00897deab89cfae96750cd2f2b,MITDB_P228,228,1730000000,4,20260927,MODEL_V2_TCN_MEANMAX,1,12.179485321044922,0.9999948740005493,12,V2-004-D1-MEANMAX-F04-S20260927,513a6baa0ccf6a18a076b475e11ec4db466f3c606057a0fa6432ae84e89c02f6
30044881cf841e08f8750d24bc86faaaae779442ced77c8f973149f3f9d012af,MITDB_P117,117,20000000,4,20260927,MODEL_V2_TCN_MEANMAX,0,-0.14614896476268768,0.463527649641037,12,V2-004-D1-MEANMAX-F04-S20260927,513a6baa0ccf6a18a076b475e11ec4db466f3c606057a0fa6432ae84e89c02f6
300fcfb7c69ec4ac0c8bd48a589995061d72ab3a104768159f2008d196397c84,MITDB_P117,117,430000000,4,20260927,MODEL_V2_TCN_MEANMAX,0,-0.29113495349884033,0.42772606015205383,12,V2-004-D1-MEANMAX-F04-S20260927,513a6baa0ccf6a18a076b475e11ec4db466f3c606057a0fa6432ae84e89c02f6
303c673ff11ed76fcff2d1cb7befb3fddc78e48983b4c521f7b64ef39ec9636f,MITDB_P230,230,920000000,4,20260927,MODEL_V2_TCN_MEANMAX,0,-2.7385611534118652,0.06073593348264694,12,V2-004-D1-MEANMAX-F04-S20260927,513a6baa0ccf6a18a076b475e11ec4db466f3c606057a0fa6432ae84e89c02f6
3048e8b1c83ec68e8c57731f4aa8fd92ff553421bdcbef33e1dc24ccf2f874b2,MITDB_P228,228,775000000,4,20260927,MODEL_V2_TCN_MEANMAX,1,7.944302082061768,0.999645471572876,12,V2-004-D1-MEANMAX-F04-S20260927,513a6baa0ccf6a18a076b475e11ec4db466f3c606057a0fa6432ae84e89c02f6
30912ed43ec5c924c33b0d22ee29f9b8c89efe95ae27e0fb956d1d944ecb25c0,MITDB_P117,117,1025000000,4,20260927,MODEL_V2_TCN_MEANMAX,0,-5.75585412979126,0.0031542221549898386,12,V2-004-D1-MEANMAX-F04-S20260927,513a6baa0ccf6a18a076b475e11ec4db466f3c606057a0fa6432ae84e89c02f6
30a14fd6037fcdc15085722921c00f6b6ee24a4e1994b39af3d4b01a9bf9fe3d,MITDB_P117,117,1665000000,4,20260927,MODEL_V2_TCN_MEANMAX,0,-3.067451238632202,0.04447000473737717,12,V2-004-D1-MEANMAX-F04-S20260927,513a6baa0ccf6a18a076b475e11ec4db466f3c606057a0fa6432ae84e89c02f6
30df503b20055562ada6e6c0eafc7367730863657092bccd545c3636c76e2180,MITDB_P117,117,1070000000,4,20260927,MODEL_V2_TCN_MEANMAX,0,-0.4193083643913269,0.3966822624206543,12,V2-004-D1-MEANMAX-F04-S20260927,513a6baa0ccf6a18a076b475e11ec4db466f3c606057a0fa6432ae84e89c02f6
313b4198cdbdb8f06d97d9aaf30ccd08699184a454ea3a863fb265eda3e1a0a1,MITDB_P230,230,865000000,4,20260927,MODEL_V2_TCN_MEANMAX,0,-5.6883320808410645,0.0033738133497536182,12,V2-004-D1-MEANMAX-F04-S20260927,513a6baa0ccf6a18a076b475e11ec4db466f3c606057a0fa6432ae84e89c02f6
3144ebb3963b68b775a8794cf94c7396e6f8259870aa904364dc939930f10e58,MITDB_P221,221,1085000000,4,20260927,MODEL_V2_TCN_MEANMAX,1,11.942270278930664,0.9999934434890747,12,V2-004-D1-MEANMAX-F04-S20260927,513a6baa0ccf6a18a076b475e11ec4db466f3c606057a0fa6432ae84e89c02f6
314f7af6068f186b4a82dc17008c5f670f25ef2aba68d808242527d21080d993,MITDB_P221,221,770000000,4,20260927,MODEL_V2_TCN_MEANMAX,1,11.380049705505371,0.9999885559082031,12,V2-004-D1-MEANMAX-F04-S20260927,513a6baa0ccf6a18a076b475e11ec4db466f3c606057a0fa6432ae84e89c02f6
315d514dd22f5b67b12d4ccb9faf01a9c62dfced028196802c28f88439137c7e,MITDB_P228,228,1540000000,4,20260927,MODEL_V2_TCN_MEANMAX,1,4.408588409423828,0.9879740476608276,12,V2-004-D1-MEANMAX-F04-S20260927,513a6baa0ccf6a18a076b475e11ec4db466f3c606057a0fa6432ae84e89c02f6
3205c84deb715fd130ea1455d867fb5ed805e614ec7ff924c3683da175264cf3,MITDB_P205,205,1415000000,4,20260927,MODEL_V2_TCN_MEANMAX,0,-7.165727138519287,0.000772020488511771,12,V2-004-D1-MEANMAX-F04-S20260927,513a6baa0ccf6a18a076b475e11ec4db466f3c606057a0fa6432ae84e89c02f6
323dfb39be97a61669165a73031ca616e816136ca36e12cf65924870adf4e722,MITDB_P221,221,555000000,4,20260927,MODEL_V2_TCN_MEANMAX,1,11.834487915039062,0.9999927282333374,12,V2-004-D1-MEANMAX-F04-S20260927,513a6baa0ccf6a18a076b475e11ec4db466f3c606057a0fa6432ae84e89c02f6
326e74d1b32798e0e16c32d2dc0115ab71fa9e5f80e4b4e5e874ce4c084817c2,MITDB_P117,117,1520000000,4,20260927,MODEL_V2_TCN_MEANMAX,0,-1.3499356508255005,0.20588089525699615,12,V2-004-D1-MEANMAX-F04-S20260927,513a6baa0ccf6a18a076b475e11ec4db466f3c606057a0fa6432ae84e89c02f6
32866843da12bfd53c984dd82e1715bb90384db8440589f31172251d4ce060ec,MITDB_P228,228,250000000,4,20260927,MODEL_V2_TCN_MEANMAX,0,-9.190946578979492,0.00010194790957029909,12,V2-004-D1-MEANMAX-F04-S20260927,513a6baa0ccf6a18a076b475e11ec4db466f3c606057a0fa6432ae84e89c02f6
32bb1446b60f7cddc18ec43b519358aa4c4272c2f8a5f1a0e6b1c2261efef317,MITDB_P221,221,1525000000,4,20260927,MODEL_V2_TCN_MEANMAX,0,1.0728275775909424,0.7451342344284058,12,V2-004-D1-MEANMAX-F04-S20260927,513a6baa0ccf6a18a076b475e11ec4db466f3c606057a0fa6432ae84e89c02f6
32fa86ff1157a9cee5bea58dc873711ab7d02bb6ea49f52ad38a719f2f0712f9,MITDB_P221,221,40000000,4,20260927,MODEL_V2_TCN_MEANMAX,1,11.980780601501465,0.9999936819076538,12,V2-004-D1-MEANMAX-F04-S20260927,513a6baa0ccf6a18a076b475e11ec4db466f3c606057a0fa6432ae84e89c02f6
334bc658f01d220bac6837109debe2307941b8ef638756ea61067aef627ee894,MITDB_P117,117,635000000,4,20260927,MODEL_V2_TCN_MEANMAX,0,-1.09428870677948,0.25081154704093933,12,V2-004-D1-MEANMAX-F04-S20260927,513a6baa0ccf6a18a076b475e11ec4db466f3c606057a0fa6432ae84e89c02f6
334c48132c639fde13e00ff3077fb30a17c334154acfae349391e99788274ac8,MITDB_P221,221,100000000,4,20260927,MODEL_V2_TCN_MEANMAX,1,12.187183380126953,0.9999948740005493,12,V2-004-D1-MEANMAX-F04-S20260927,513a6baa0ccf6a18a076b475e11ec4db466f3c606057a0fa6432ae84e89c02f6
336cf0d2b2be3aab7ff5d6d2eecdd2a52d4db6206b7ffb277ad4d7938323eabc,MITDB_P230,230,980000000,4,20260927,MODEL_V2_TCN_MEANMAX,0,-5.208824634552002,0.0054383594542741776,12,V2-004-D1-MEANMAX-F04-S20260927,513a6baa0ccf6a18a076b475e11ec4db466f3c606057a0fa6432ae84e89c02f6
339570b4fa9c62f279bb0f2fd160da0659a3fa8012cf80ece2535027a2a63a40,MITDB_P117,117,255000000,4,20260927,MODEL_V2_TCN_MEANMAX,0,-1.2664239406585693,0.21987003087997437,12,V2-004-D1-MEANMAX-F04-S20260927,513a6baa0ccf6a18a076b475e11ec4db466f3c606057a0fa6432ae84e89c02f6
339ea8824144672971d61777f71b9171cfdc352b84f1f37ce8085e62408ea096,MITDB_P230,230,895000000,4,20260927,MODEL_V2_TCN_MEANMAX,0,-4.0745720863342285,0.016715334728360176,12,V2-004-D1-MEANMAX-F04-S20260927,513a6baa0ccf6a18a076b475e11ec4db466f3c606057a0fa6432ae84e89c02f6
33a99eff3915374f53274759c4fe8bafc65e8185de92d9e211a3e17f90a748a8,MITDB_P221,221,55000000,4,20260927,MODEL_V2_TCN_MEANMAX,1,13.324126243591309,0.9999983310699463,12,V2-004-D1-MEANMAX-F04-S20260927,513a6baa0ccf6a18a076b475e11ec4db466f3c606057a0fa6432ae84e89c02f6
33cfad50263ced20931f892ac1478b7973a30683b6d0c6d98cbc9d0e2768d445,MITDB_P205,205,1175000000,4,20260927,MODEL_V2_TCN_MEANMAX,0,-6.212393283843994,0.0020004247780889273,12,V2-004-D1-MEANMAX-F04-S20260927,513a6baa0ccf6a18a076b475e11ec4db466f3c606057a0fa6432ae84e89c02f6
33e9e3abcaad7f6a00129d1e22ad2a87ea056569e890395fd5136863ce57f463,MITDB_P230,230,185000000,4,20260927,MODEL_V2_TCN_MEANMAX,0,-1.0502985715866089,0.25916776061058044,12,V2-004-D1-MEANMAX-F04-S20260927,513a6baa0ccf6a18a076b475e11ec4db466f3c606057a0fa6432ae84e89c02f6
3407d3b468d68e865b1b884dc96e6770bd384394c036a83599e50513c6e6fccc,MITDB_P221,221,255000000,4,20260927,MODEL_V2_TCN_MEANMAX,1,10.48446273803711,0.9999719858169556,12,V2-004-D1-MEANMAX-F04-S20260927,513a6baa0ccf6a18a076b475e11ec4db466f3c606057a0fa6432ae84e89c02f6
34350e93c73212f9936f09ee61e07b8514efffac317baf51f65d5661c061e587,MITDB_P221,221,1430000000,4,20260927,MODEL_V2_TCN_MEANMAX,1,8.43246841430664,0.999782383441925,12,V2-004-D1-MEANMAX-F04-S20260927,513a6baa0ccf6a18a076b475e11ec4db466f3c606057a0fa6432ae84e89c02f6
34480d3ffd8bff78e8a5f88ac9cbfd7f3b3a933094c480a179558c495acf533c,MITDB_P117,117,675000000,4,20260927,MODEL_V2_TCN_MEANMAX,0,-2.142233371734619,0.10505922138690948,12,V2-004-D1-MEANMAX-F04-S20260927,513a6baa0ccf6a18a076b475e11ec4db466f3c606057a0fa6432ae84e89c02f6
3466f5be320a45568f6f720da4dd253d286afaa1f4caa0a1e97047445c03f5eb,MITDB_P230,230,515000000,4,20260927,MODEL_V2_TCN_MEANMAX,0,-5.2810444831848145,0.0050613670609891415,12,V2-004-D1-MEANMAX-F04-S20260927,513a6baa0ccf6a18a076b475e11ec4db466f3c606057a0fa6432ae84e89c02f6
34676a40ac187250559b2475c4b90c683be34cd479d5038c9569e505513a7662,MITDB_P228,228,395000000,4,20260927,MODEL_V2_TCN_MEANMAX,1,6.909610271453857,0.9990028738975525,12,V2-004-D1-MEANMAX-F04-S20260927,513a6baa0ccf6a18a076b475e11ec4db466f3c606057a0fa6432ae84e89c02f6
348de3c5a000dd3325dec2d49931b72dde6953a0ec974dd6cbff23889a60929c,MITDB_P117,117,1225000000,4,20260927,MODEL_V2_TCN_MEANMAX,0,-3.395535469055176,0.03243528679013252,12,V2-004-D1-MEANMAX-F04-S20260927,513a6baa0ccf6a18a076b475e11ec4db466f3c606057a0fa6432ae84e89c02f6
34e52b0bed1cd58922b561a6220983fba37af27b78bb279c22f177579199a367,MITDB_P117,117,750000000,4,20260927,MODEL_V2_TCN_MEANMAX,0,-5.421520709991455,0.004400965292006731,12,V2-004-D1-MEANMAX-F04-S20260927,513a6baa0ccf6a18a076b475e11ec4db466f3c606057a0fa6432ae84e89c02f6
34e92fd3394025118d149f14a3440d50c4f5264465a672fc455c60539e58f96f,MITDB_P117,117,1050000000,4,20260927,MODEL_V2_TCN_MEANMAX,0,-2.2661640644073486,0.09396427124738693,12,V2-004-D1-MEANMAX-F04-S20260927,513a6baa0ccf6a18a076b475e11ec4db466f3c606057a0fa6432ae84e89c02f6
34f7aa6f2d4accb501f61fed3bc991e9bd1ee91c1e351b8313214e3811b91b1a,MITDB_P117,117,1440000000,4,20260927,MODEL_V2_TCN_MEANMAX,0,-3.4077584743499756,0.0320538729429245,12,V2-004-D1-MEANMAX-F04-S20260927,513a6baa0ccf6a18a076b475e11ec4db466f3c606057a0fa6432ae84e89c02f6
3527119099d7f17f153218d3e16c2c092f3457a3f536d11e1a7f1b4f5e12ff19,MITDB_P230,230,1355000000,4,20260927,MODEL_V2_TCN_MEANMAX,0,-3.8306713104248047,0.021234365180134773,12,V2-004-D1-MEANMAX-F04-S20260927,513a6baa0ccf6a18a076b475e11ec4db466f3c606057a0fa6432ae84e89c02f6
352da29e95a1ff98fc95afe55b8505078b59cdc9f32338f178bc612737efd080,MITDB_P117,117,1770000000,4,20260927,MODEL_V2_TCN_MEANMAX,0,-1.3324885368347168,0.20874802768230438,12,V2-004-D1-MEANMAX-F04-S20260927,513a6baa0ccf6a18a076b475e11ec4db466f3c606057a0fa6432ae84e89c02f6
35548d7f033e8c7a8e603fb8a9ebfd0c487de9797a20b6ce06618d1c39ec1181,MITDB_P221,221,1655000000,4,20260927,MODEL_V2_TCN_MEANMAX,1,4.006711006164551,0.9821319580078125,12,V2-004-D1-MEANMAX-F04-S20260927,513a6baa0ccf6a18a076b475e11ec4db466f3c606057a0fa6432ae84e89c02f6
3652de0f34814e99c99de66a985074a32896472aa8a3bc545c4e85b0aba7f254,MITDB_P205,205,910000000,4,20260927,MODEL_V2_TCN_MEANMAX,0,-5.974583148956299,0.0025361136067658663,12,V2-004-D1-MEANMAX-F04-S20260927,513a6baa0ccf6a18a076b475e11ec4db466f3c606057a0fa6432ae84e89c02f6
3665c4991862888e1cc406f95aadfe1bd6062ec0538ac004b7ce16b6182c1ba4,MITDB_P230,230,370000000,4,20260927,MODEL_V2_TCN_MEANMAX,0,-2.357910394668579,0.08643905818462372,12,V2-004-D1-MEANMAX-F04-S20260927,513a6baa0ccf6a18a076b475e11ec4db466f3c606057a0fa6432ae84e89c02f6
3681a696682b6fd1e2e0fef1786465bf05c0734ec23a7a6a445ea37c9e74a2a8,MITDB_P117,117,560000000,4,20260927,MODEL_V2_TCN_MEANMAX,0,0.036832764744758606,0.5092071294784546,12,V2-004-D1-MEANMAX-F04-S20260927,513a6baa0ccf6a18a076b475e11ec4db466f3c606057a0fa6432ae84e89c02f6
36a87124656e0a0f2154edb4369f1123b322bb8c3268a11647af92a8164effce,MITDB_P228,228,1010000000,4,20260927,MODEL_V2_TCN_MEANMAX,1,5.760029315948486,0.9968588352203369,12,V2-004-D1-MEANMAX-F04-S20260927,513a6baa0ccf6a18a076b475e11ec4db466f3c606057a0fa6432ae84e89c02f6
36bc1232e22c52d33a0db5717a538e7d2b2e106e5c51f6b9071fb9229df000d9,MITDB_P228,228,895000000,4,20260927,MODEL_V2_TCN_MEANMAX,1,0.20448370277881622,0.5509435534477234,12,V2-004-D1-MEANMAX-F04-S20260927,513a6baa0ccf6a18a076b475e11ec4db466f3c606057a0fa6432ae84e89c02f6
37030f21d3b4f4131d89c24395765f2060aa7d6f4faad61b09669d6bfef532c7,MITDB_P230,230,140000000,4,20260927,MODEL_V2_TCN_MEANMAX,0,-4.851100444793701,0.007759092841297388,12,V2-004-D1-MEANMAX-F04-S20260927,513a6baa0ccf6a18a076b475e11ec4db466f3c606057a0fa6432ae84e89c02f6
371d37bee2dfd9e228f69c6e30b62b10d0689d0e25792dc277ad8241018eed46,MITDB_P205,205,1665000000,4,20260927,MODEL_V2_TCN_MEANMAX,0,-6.93963098526001,0.0009676896734163165,12,V2-004-D1-MEANMAX-F04-S20260927,513a6baa0ccf6a18a076b475e11ec4db466f3c606057a0fa6432ae84e89c02f6
371ff2fd6115744f967f02c131568190591a58f13adaa6b39df0edc800b1118c,MITDB_P228,228,95000000,4,20260927,MODEL_V2_TCN_MEANMAX,1,11.307126998901367,0.9999877214431763,12,V2-004-D1-MEANMAX-F04-S20260927,513a6baa0ccf6a18a076b475e11ec4db466f3c606057a0fa6432ae84e89c02f6
3730537f250a0ae548fc7be15710e507ad69e933b44e253f36f6d61a2a9811b4,MITDB_P221,221,1125000000,4,20260927,MODEL_V2_TCN_MEANMAX,1,10.04838752746582,0.9999567270278931,12,V2-004-D1-MEANMAX-F04-S20260927,513a6baa0ccf6a18a076b475e11ec4db466f3c606057a0fa6432ae84e89c02f6
375388c55031a01cc44c26d6eb28329a6a72de96c09859fbdb21be13ad07f934,MITDB_P228,228,245000000,4,20260927,MODEL_V2_TCN_MEANMAX,1,-0.8679347038269043,0.29568421840667725,12,V2-004-D1-MEANMAX-F04-S20260927,513a6baa0ccf6a18a076b475e11ec4db466f3c606057a0fa6432ae84e89c02f6
377030582a0d650cfd2ae8f3750ef33777ab40d524248801f86f53734b19abe2,MITDB_P228,228,1645000000,4,20260927,MODEL_V2_TCN_MEANMAX,1,5.693597316741943,0.9966439008712769,12,V2-004-D1-MEANMAX-F04-S20260927,513a6baa0ccf6a18a076b475e11ec4db466f3c606057a0fa6432ae84e89c02f6
378cfe9132109da5421105347ae0360d0bedb3aeb63b08286ed83500b9f34240,MITDB_P228,228,605000000,4,20260927,MODEL_V2_TCN_MEANMAX,0,-12.765748023986816,2.8569645564857638e-06,12,V2-004-D1-MEANMAX-F04-S20260927,513a6baa0ccf6a18a076b475e11ec4db466f3c606057a0fa6432ae84e89c02f6
37a1b439129f23cc516293104dc27f86af00240ef8724faf027fc0ae95551e19,MITDB_P221,221,455000000,4,20260927,MODEL_V2_TCN_MEANMAX,1,10.739510536193848,0.9999783039093018,12,V2-004-D1-MEANMAX-F04-S20260927,513a6baa0ccf6a18a076b475e11ec4db466f3c606057a0fa6432ae84e89c02f6
37afa3795071b7dda26a569ee207ca944eda1d6963e144dd9f40cdd4bde7e0ac,MITDB_P221,221,1350000000,4,20260927,MODEL_V2_TCN_MEANMAX,1,13.10040283203125,0.9999979734420776,12,V2-004-D1-MEANMAX-F04-S20260927,513a6baa0ccf6a18a076b475e11ec4db466f3c606057a0fa6432ae84e89c02f6
37cf0a6989752b2449cbb5453ffbff864961ac269d9c15e6457949584164eb7a,MITDB_P228,228,905000000,4,20260927,MODEL_V2_TCN_MEANMAX,0,-13.451972961425781,1.4384069118023035e-06,12,V2-004-D1-MEANMAX-F04-S20260927,513a6baa0ccf6a18a076b475e11ec4db466f3c606057a0fa6432ae84e89c02f6
37f974d46fe08bee3dd9faa66e5b480517f1d8be2d1b460157ad9dba90bd6873,MITDB_P117,117,685000000,4,20260927,MODEL_V2_TCN_MEANMAX,0,0.5307419896125793,0.6296561360359192,12,V2-004-D1-MEANMAX-F04-S20260927,513a6baa0ccf6a18a076b475e11ec4db466f3c606057a0fa6432ae84e89c02f6
3814ea41de96344834eee148ae2f61332544424f00dda7a665615c251107ec7e,MITDB_P221,221,1800000000,4,20260927,MODEL_V2_TCN_MEANMAX,0,1.2634297609329224,0.7796159386634827,12,V2-004-D1-MEANMAX-F04-S20260927,513a6baa0ccf6a18a076b475e11ec4db466f3c606057a0fa6432ae84e89c02f6
381b39284f74d0829d4b27bd248078bb97afd4a1cac11344c04da8f234931180,MITDB_P117,117,1615000000,4,20260927,MODEL_V2_TCN_MEANMAX,0,-5.806746959686279,0.0029981806874275208,12,V2-004-D1-MEANMAX-F04-S20260927,513a6baa0ccf6a18a076b475e11ec4db466f3c606057a0fa6432ae84e89c02f6
387a965f84c0fcfef86a38c21e690799887597144fdbb7747eeaaba8bae758c4,MITDB_P221,221,1050000000,4,20260927,MODEL_V2_TCN_MEANMAX,1,14.435129165649414,0.9999994039535522,12,V2-004-D1-MEANMAX-F04-S20260927,513a6baa0ccf6a18a076b475e11ec4db466f3c606057a0fa6432ae84e89c02f6
389e7447cc112cebe378c3463b1850a3c7d0166c451b8b95c6b32c058ad5b52b,MITDB_P230,230,1455000000,4,20260927,MODEL_V2_TCN_MEANMAX,0,-4.78908109664917,0.008251446299254894,12,V2-004-D1-MEANMAX-F04-S20260927,513a6baa0ccf6a18a076b475e11ec4db466f3c606057a0fa6432ae84e89c02f6
38decbf67593b75a44c05f0847d65436a727e4279891ce3178e744de3ed3f372,MITDB_P221,221,600000000,4,20260927,MODEL_V2_TCN_MEANMAX,1,14.556867599487305,0.9999995231628418,12,V2-004-D1-MEANMAX-F04-S20260927,513a6baa0ccf6a18a076b475e11ec4db466f3c606057a0fa6432ae84e89c02f6
38f643bcabac6f9d26a5978eed470f39020c35b7ddd40111d39d1dd7eb7dbe29,MITDB_P205,205,950000000,4,20260927,MODEL_V2_TCN_MEANMAX,1,-4.620803356170654,0.009748906828463078,12,V2-004-D1-MEANMAX-F04-S20260927,513a6baa0ccf6a18a076b475e11ec4db466f3c606057a0fa6432ae84e89c02f6
395f5c684b3727f64600108d1b76412088243481b7d40fe4b84aab5b87809bba,MITDB_P221,221,1400000000,4,20260927,MODEL_V2_TCN_MEANMAX,1,9.75869369506836,0.9999421834945679,12,V2-004-D1-MEANMAX-F04-S20260927,513a6baa0ccf6a18a076b475e11ec4db466f3c606057a0fa6432ae84e89c02f6
398ba27096971da954317cacebfd61cb402a1b930d2a694b003e95210602644b,MITDB_P117,117,585000000,4,20260927,MODEL_V2_TCN_MEANMAX,0,-0.6022841334342957,0.3538213074207306,12,V2-004-D1-MEANMAX-F04-S20260927,513a6baa0ccf6a18a076b475e11ec4db466f3c606057a0fa6432ae84e89c02f6
3997eb2a7b683a147f7bda2ac7ba19e5ad2f1e4aa01c008adb223c0d3df76c23,MITDB_P205,205,865000000,4,20260927,MODEL_V2_TCN_MEANMAX,0,-6.079671382904053,0.002283701440319419,12,V2-004-D1-MEANMAX-F04-S20260927,513a6baa0ccf6a18a076b475e11ec4db466f3c606057a0fa6432ae84e89c02f6
39fafca908fc4b29e3c7bdb601d73dddc3662bca4158ac5cc97c821105d3e444,MITDB_P117,117,815000000,4,20260927,MODEL_V2_TCN_MEANMAX,0,-1.8767331838607788,0.1327645629644394,12,V2-004-D1-MEANMAX-F04-S20260927,513a6baa0ccf6a18a076b475e11ec4db466f3c606057a0fa6432ae84e89c02f6
3a0b985b7411fbb542222a1d3f41e9ddb4c74c981b99fce99be0c244fcb38b32,MITDB_P205,205,305000000,4,20260927,MODEL_V2_TCN_MEANMAX,1,7.730708599090576,0.9995610117912292,12,V2-004-D1-MEANMAX-F04-S20260927,513a6baa0ccf6a18a076b475e11ec4db466f3c606057a0fa6432ae84e89c02f6
3a105747bfc60cccb64f3675cee655b044b557b60e82b3ae40144e2bb4e43810,MITDB_P117,117,1755000000,4,20260927,MODEL_V2_TCN_MEANMAX,0,-2.4143502712249756,0.08208493888378143,12,V2-004-D1-MEANMAX-F04-S20260927,513a6baa0ccf6a18a076b475e11ec4db466f3c606057a0fa6432ae84e89c02f6
3a10e07db94e6dcc14a08895310d6533fde1593af865db9a8fee26e8719338d7,MITDB_P205,205,955000000,4,20260927,MODEL_V2_TCN_MEANMAX,1,-5.500403881072998,0.004068500827997923,12,V2-004-D1-MEANMAX-F04-S20260927,513a6baa0ccf6a18a076b475e11ec4db466f3c606057a0fa6432ae84e89c02f6
3a1c500f422e052ebd2da4b0f3f31d21483179523de763bdb641537cc7cc5265,MITDB_P117,117,580000000,4,20260927,MODEL_V2_TCN_MEANMAX,0,-1.0824315547943115,0.2530461251735687,12,V2-004-D1-MEANMAX-F04-S20260927,513a6baa0ccf6a18a076b475e11ec4db466f3c606057a0fa6432ae84e89c02f6
3a23fd3a40ec661497a8c1a6340582b579da3ea8eb9da8c4f8d5759e4a7f1d6f,MITDB_P230,230,940000000,4,20260927,MODEL_V2_TCN_MEANMAX,0,-5.957173824310303,0.0025805372279137373,12,V2-004-D1-MEANMAX-F04-S20260927,513a6baa0ccf6a18a076b475e11ec4db466f3c606057a0fa6432ae84e89c02f6
3a4a8d471d6e27c298ccb0ae2d6449e8561eecee9b6f6e6b33dae03e9f5697b5,MITDB_P117,117,245000000,4,20260927,MODEL_V2_TCN_MEANMAX,0,-0.37268340587615967,0.40789279341697693,12,V2-004-D1-MEANMAX-F04-S20260927,513a6baa0ccf6a18a076b475e11ec4db466f3c606057a0fa6432ae84e89c02f6
3a5a5cbbf4e074c4b8a1a77a14c74bfc9f85b711b47a73da27ffd077540bf77a,MITDB_P230,230,255000000,4,20260927,MODEL_V2_TCN_MEANMAX,0,-2.8190689086914062,0.056302379816770554,12,V2-004-D1-MEANMAX-F04-S20260927,513a6baa0ccf6a18a076b475e11ec4db466f3c606057a0fa6432ae84e89c02f6
3a5ecde5e3bd06577bcc420b3f3fda069840d3870b98191c725d11fe26b5b5db,MITDB_P117,117,1130000000,4,20260927,MODEL_V2_TCN_MEANMAX,0,-2.159541368484497,0.1034429743885994,12,V2-004-D1-MEANMAX-F04-S20260927,513a6baa0ccf6a18a076b475e11ec4db466f3c606057a0fa6432ae84e89c02f6
3aab99a2f347945b616831991df91a8b217a36eb90039b10827b3b23c27a6c84,MITDB_P117,117,1180000000,4,20260927,MODEL_V2_TCN_MEANMAX,0,-3.3544719219207764,0.03374902904033661,12,V2-004-D1-MEANMAX-F04-S20260927,513a6baa0ccf6a18a076b475e11ec4db466f3c606057a0fa6432ae84e89c02f6
3abd758e25f7df0081836e0e487cba347a2b83c30c81b8d916c1e68d683e296e,MITDB_P205,205,695000000,4,20260927,MODEL_V2_TCN_MEANMAX,0,-5.560412883758545,0.0038324433844536543,12,V2-004-D1-MEANMAX-F04-S20260927,513a6baa0ccf6a18a076b475e11ec4db466f3c606057a0fa6432ae84e89c02f6
3ad3db125834e6e27bf5d88a0e0aa2041c68415de9b43a0307eb1be6dcfe62bb,MITDB_P228,228,715000000,4,20260927,MODEL_V2_TCN_MEANMAX,1,7.414698600769043,0.9993979930877686,12,V2-004-D1-MEANMAX-F04-S20260927,513a6baa0ccf6a18a076b475e11ec4db466f3c606057a0fa6432ae84e89c02f6
3b0545684813cda9dd8708bbcceda5242b718adff0af179bd3140a3fc6758dfb,MITDB_P221,221,1290000000,4,20260927,MODEL_V2_TCN_MEANMAX,1,10.807814598083496,0.9999797344207764,12,V2-004-D1-MEANMAX-F04-S20260927,513a6baa0ccf6a18a076b475e11ec4db466f3c606057a0fa6432ae84e89c02f6
3b18be49c86e01b4d7ed13a240236e7d036e24319f6dfde8358e38fa2f0d8fbf,MITDB_P230,230,1170000000,4,20260927,MODEL_V2_TCN_MEANMAX,0,-0.9290502667427063,0.283117413520813,12,V2-004-D1-MEANMAX-F04-S20260927,513a6baa0ccf6a18a076b475e11ec4db466f3c606057a0fa6432ae84e89c02f6
3b647137e99a0167f25d1179bcf5c1d0c2afddeb27bc8632412c155e37569641,MITDB_P205,205,615000000,4,20260927,MODEL_V2_TCN_MEANMAX,0,-5.928534984588623,0.0026553100906312466,12,V2-004-D1-MEANMAX-F04-S20260927,513a6baa0ccf6a18a076b475e11ec4db466f3c606057a0fa6432ae84e89c02f6
3bcb760169708175813536d28a4b54170d62c43c0d8322b1f29a497b50d1f8a4,MITDB_P228,228,1195000000,4,20260927,MODEL_V2_TCN_MEANMAX,0,-11.636472702026367,8.837720997689757e-06,12,V2-004-D1-MEANMAX-F04-S20260927,513a6baa0ccf6a18a076b475e11ec4db466f3c606057a0fa6432ae84e89c02f6
3bf9f2a9e218f593ed6938f36deb9b4ac40e23605862f75fa1c3d7225753bc81,MITDB_P228,228,1000000000,4,20260927,MODEL_V2_TCN_MEANMAX,1,0.8050519824028015,0.691054105758667,12,V2-004-D1-MEANMAX-F04-S20260927,513a6baa0ccf6a18a076b475e11ec4db466f3c606057a0fa6432ae84e89c02f6
3c09340d115085a35d0f269382553bcd76689a3eedb3929c37cd0089d84b85f0,MITDB_P228,228,760000000,4,20260927,MODEL_V2_TCN_MEANMAX,1,6.21501350402832,0.9980048537254333,12,V2-004-D1-MEANMAX-F04-S20260927,513a6baa0ccf6a18a076b475e11ec4db466f3c606057a0fa6432ae84e89c02f6
3c0a00efcd2b36e7e35a476d046eec1290f6d4c357648360f697c86bf74b47d8,MITDB_P230,230,1610000000,4,20260927,MODEL_V2_TCN_MEANMAX,0,-1.7913445234298706,0.14290796220302582,12,V2-004-D1-MEANMAX-F04-S20260927,513a6baa0ccf6a18a076b475e11ec4db466f3c606057a0fa6432ae84e89c02f6
3c19d54d111c6cd6c5b4b4021a7f89d27348e3719d95195bad9238177c39c532,MITDB_P230,230,145000000,4,20260927,MODEL_V2_TCN_MEANMAX,0,-3.8772547245025635,0.020287491381168365,12,V2-004-D1-MEANMAX-F04-S20260927,513a6baa0ccf6a18a076b475e11ec4db466f3c606057a0fa6432ae84e89c02f6
3c280ef5391b06f71524be3628302c70611475cc9bb4bc141ae3e433cbe74aff,MITDB_P205,205,560000000,4,20260927,MODEL_V2_TCN_MEANMAX,1,10.47522258758545,0.9999717473983765,12,V2-004-D1-MEANMAX-F04-S20260927,513a6baa0ccf6a18a076b475e11ec4db466f3c606057a0fa6432ae84e89c02f6
3c49a77a447a0d116aad38306d77fc6369e352d6eebfa4a320dde9c011f7e553,MITDB_P221,221,1650000000,4,20260927,MODEL_V2_TCN_MEANMAX,1,4.665248394012451,0.990670919418335,12,V2-004-D1-MEANMAX-F04-S20260927,513a6baa0ccf6a18a076b475e11ec4db466f3c606057a0fa6432ae84e89c02f6
3c76f1ddf78a3e6f04bd016c04c1113f197fa452b962759e10363f151ae0b1e6,MITDB_P117,117,345000000,4,20260927,MODEL_V2_TCN_MEANMAX,0,-2.4418797492980957,0.08003440499305725,12,V2-004-D1-MEANMAX-F04-S20260927,513a6baa0ccf6a18a076b475e11ec4db466f3c606057a0fa6432ae84e89c02f6
3cb9878c18f970b438f1bfb2bc52e264294cf935c5be074d5015e560ebcad7eb,MITDB_P205,205,1170000000,4,20260927,MODEL_V2_TCN_MEANMAX,0,-6.22015905380249,0.0019849808886647224,12,V2-004-D1-MEANMAX-F04-S20260927,513a6baa0ccf6a18a076b475e11ec4db466f3c606057a0fa6432ae84e89c02f6
3cff78d8fea08473be10b97ae7b03527288d1d933dc5e3c58841b1748185662b,MITDB_P117,117,1680000000,4,20260927,MODEL_V2_TCN_MEANMAX,0,-2.401489496231079,0.08305918425321579,12,V2-004-D1-MEANMAX-F04-S20260927,513a6baa0ccf6a18a076b475e11ec4db466f3c606057a0fa6432ae84e89c02f6
3d0b1eee5904119d4db0375fbc1ff7ffacb67b73590f2083efd9c72c616ae6a8,MITDB_P117,117,1775000000,4,20260927,MODEL_V2_TCN_MEANMAX,0,-3.4729835987091064,0.030090780928730965,12,V2-004-D1-MEANMAX-F04-S20260927,513a6baa0ccf6a18a076b475e11ec4db466f3c606057a0fa6432ae84e89c02f6
3d100a8bc6e8148802fbb608e11676328b8465457aebb1326fa79aba105c68d1,MITDB_P117,117,1445000000,4,20260927,MODEL_V2_TCN_MEANMAX,0,-3.425551414489746,0.03150639310479164,12,V2-004-D1-MEANMAX-F04-S20260927,513a6baa0ccf6a18a076b475e11ec4db466f3c606057a0fa6432ae84e89c02f6
3d54d295301d23786d0191ce6c7c0472fbc79b5daa61616fe775dab061f8378d,MITDB_P221,221,945000000,4,20260927,MODEL_V2_TCN_MEANMAX,1,10.697683334350586,0.9999773502349854,12,V2-004-D1-MEANMAX-F04-S20260927,513a6baa0ccf6a18a076b475e11ec4db466f3c606057a0fa6432ae84e89c02f6
3d914e3f64be98ae107c24b716f564117499ccf7beb8956e25dba19aeef9f5e8,MITDB_P230,230,1665000000,4,20260927,MODEL_V2_TCN_MEANMAX,0,-2.474384069442749,0.07767357677221298,12,V2-004-D1-MEANMAX-F04-S20260927,513a6baa0ccf6a18a076b475e11ec4db466f3c606057a0fa6432ae84e89c02f6
3dc8d77a3f3e9416c2b96e2c945cdbdd74129ee4cb0f88647f7fb4687570e13c,MITDB_P230,230,1410000000,4,20260927,MODEL_V2_TCN_MEANMAX,0,-3.0956101417541504,0.0432886965572834,12,V2-004-D1-MEANMAX-F04-S20260927,513a6baa0ccf6a18a076b475e11ec4db466f3c606057a0fa6432ae84e89c02f6
3e2f90cf7fb0a4b3b129c54b560a6a1f8b9061a2672c88f41c522c88d315c843,MITDB_P117,117,455000000,4,20260927,MODEL_V2_TCN_MEANMAX,0,-1.6116809844970703,0.16635535657405853,12,V2-004-D1-MEANMAX-F04-S20260927,513a6baa0ccf6a18a076b475e11ec4db466f3c606057a0fa6432ae84e89c02f6
3e54b8c212c320ebdb176d9de09c89eae345824564b8a242907f814485a91586,MITDB_P205,205,280000000,4,20260927,MODEL_V2_TCN_MEANMAX,0,-4.388111114501953,0.012271708808839321,12,V2-004-D1-MEANMAX-F04-S20260927,513a6baa0ccf6a18a076b475e11ec4db466f3c606057a0fa6432ae84e89c02f6
3e857caec295b62e42881b154dae627c0f6a1009e51951c8bdf0dce58618bb11,MITDB_P205,205,1165000000,4,20260927,MODEL_V2_TCN_MEANMAX,0,-5.609752178192139,0.0036486154422163963,12,V2-004-D1-MEANMAX-F04-S20260927,513a6baa0ccf6a18a076b475e11ec4db466f3c606057a0fa6432ae84e89c02f6
3ec0e2205a85c65a365bcbcd813541f15a976fe106da08cfb974edb934e37ea0,MITDB_P230,230,1075000000,4,20260927,MODEL_V2_TCN_MEANMAX,0,-4.696609020233154,0.009043637663125992,12,V2-004-D1-MEANMAX-F04-S20260927,513a6baa0ccf6a18a076b475e11ec4db466f3c606057a0fa6432ae84e89c02f6
3f0f5f3b5828a0a5cac9a8f41fd9c7264898a0f2243c92ea80de204f8ba23caf,MITDB_P117,117,1670000000,4,20260927,MODEL_V2_TCN_MEANMAX,0,-3.0678155422210693,0.044454529881477356,12,V2-004-D1-MEANMAX-F04-S20260927,513a6baa0ccf6a18a076b475e11ec4db466f3c606057a0fa6432ae84e89c02f6
3f45208ba241031b71e8ffc8d945275428fdf3ecd94603b5fbdd4f782eda1608,MITDB_P230,230,1445000000,4,20260927,MODEL_V2_TCN_MEANMAX,0,-4.046554088592529,0.0171821266412735,12,V2-004-D1-MEANMAX-F04-S20260927,513a6baa0ccf6a18a076b475e11ec4db466f3c606057a0fa6432ae84e89c02f6
3f74b8a1ee7d9fed0b91125c7b69d3f9a69eb1a836f8f391430a2feb5b2dd4cb,MITDB_P117,117,985000000,4,20260927,MODEL_V2_TCN_MEANMAX,0,-3.7637078762054443,0.022671641781926155,12,V2-004-D1-MEANMAX-F04-S20260927,513a6baa0ccf6a18a076b475e11ec4db466f3c606057a0fa6432ae84e89c02f6
3f82e00dcd4453d2ebad9061cb5dd892a0e0c39b6c8c95647e4ccbe17d0cc49b,MITDB_P117,117,1400000000,4,20260927,MODEL_V2_TCN_MEANMAX,0,-3.3757574558258057,0.03306175395846367,12,V2-004-D1-MEANMAX-F04-S20260927,513a6baa0ccf6a18a076b475e11ec4db466f3c606057a0fa6432ae84e89c02f6
3fa41732bffae045d732e63f4b4f17ce5a4183dbab006abeca3308f9f4b8c24a,MITDB_P228,228,1715000000,4,20260927,MODEL_V2_TCN_MEANMAX,1,2.7731552124023438,0.9412078261375427,12,V2-004-D1-MEANMAX-F04-S20260927,513a6baa0ccf6a18a076b475e11ec4db466f3c606057a0fa6432ae84e89c02f6
3fae9295ac46ebae5c5332db9f3676b4e9a00dd58b30fc923dda89be289509b7,MITDB_P117,117,1545000000,4,20260927,MODEL_V2_TCN_MEANMAX,0,-4.414842128753662,0.011951887980103493,12,V2-004-D1-MEANMAX-F04-S20260927,513a6baa0ccf6a18a076b475e11ec4db466f3c606057a0fa6432ae84e89c02f6
3fb82d22daa214e69050141e63131c6365fc60417d42e1d57a863960686d7697,MITDB_P117,117,995000000,4,20260927,MODEL_V2_TCN_MEANMAX,0,-3.9651520252227783,0.018612170591950417,12,V2-004-D1-MEANMAX-F04-S20260927,513a6baa0ccf6a18a076b475e11ec4db466f3c606057a0fa6432ae84e89c02f6
3fff6343dc979d1d9f241d9be69e0a8288a8cc6036c826611bb9a86e9ac844e3,MITDB_P117,117,300000000,4,20260927,MODEL_V2_TCN_MEANMAX,0,-0.4538170099258423,0.3884536325931549,12,V2-004-D1-MEANMAX-F04-S20260927,513a6baa0ccf6a18a076b475e11ec4db466f3c606057a0fa6432ae84e89c02f6
401e357bcc7d39de162443ba035b3e75bce5561f75967b03bd2b223eec08a237,MITDB_P228,228,1040000000,4,20260927,MODEL_V2_TCN_MEANMAX,1,5.853736400604248,0.9971390962600708,12,V2-004-D1-MEANMAX-F04-S20260927,513a6baa0ccf6a18a076b475e11ec4db466f3c606057a0fa6432ae84e89c02f6
40883fb8f1a84094861fd8722e77b74428931be6254220c05cb8e4b454dbfae8,MITDB_P221,221,1795000000,4,20260927,MODEL_V2_TCN_MEANMAX,0,-2.1019132137298584,0.10891100764274597,12,V2-004-D1-MEANMAX-F04-S20260927,513a6baa0ccf6a18a076b475e11ec4db466f3c606057a0fa6432ae84e89c02f6
4095cb0db1a81e193b2f0099da27b1935350e08dd12fb0cee99e565a7955693c,MITDB_P221,221,590000000,4,20260927,MODEL_V2_TCN_MEANMAX,1,11.067752838134766,0.9999843835830688,12,V2-004-D1-MEANMAX-F04-S20260927,513a6baa0ccf6a18a076b475e11ec4db466f3c606057a0fa6432ae84e89c02f6
40adfea2a7340c970dd51e73c07c82c8f93508380aad6f93f98bb17eaffc37ab,MITDB_P205,205,1200000000,4,20260927,MODEL_V2_TCN_MEANMAX,0,-5.8375983238220215,0.002907359739765525,12,V2-004-D1-MEANMAX-F04-S20260927,513a6baa0ccf6a18a076b475e11ec4db466f3c606057a0fa6432ae84e89c02f6
40dd5ab8ebfdd80b3257ad9044f2f5227a77344407ee7c70d087f4cf805d9895,MITDB_P205,205,565000000,4,20260927,MODEL_V2_TCN_MEANMAX,1,10.804655075073242,0.9999797344207764,12,V2-004-D1-MEANMAX-F04-S20260927,513a6baa0ccf6a18a076b475e11ec4db466f3c606057a0fa6432ae84e89c02f6
40e05339003d320654550753a85507b5a0bb986ab0d0f5d16fca68c7aae61ba2,MITDB_P230,230,250000000,4,20260927,MODEL_V2_TCN_MEANMAX,0,-2.6552789211273193,0.0656643882393837,12,V2-004-D1-MEANMAX-F04-S20260927,513a6baa0ccf6a18a076b475e11ec4db466f3c606057a0fa6432ae84e89c02f6
413b7638df1a4e6aad1c105700f3779011d6099ab93a862091f04bffce693162,MITDB_P221,221,70000000,4,20260927,MODEL_V2_TCN_MEANMAX,1,7.4121904373168945,0.999396562576294,12,V2-004-D1-MEANMAX-F04-S20260927,513a6baa0ccf6a18a076b475e11ec4db466f3c606057a0fa6432ae84e89c02f6
413e62b7a43d27d55bd1634bf7a5ef8302a6d83956ddce6227ebfa2c946777dc,MITDB_P205,205,1225000000,4,20260927,MODEL_V2_TCN_MEANMAX,0,-6.04793119430542,0.002357175573706627,12,V2-004-D1-MEANMAX-F04-S20260927,513a6baa0ccf6a18a076b475e11ec4db466f3c606057a0fa6432ae84e89c02f6
415cecdb90884e8aad29ddf8d0a6e56aadc7be6c007b2e2ccdc613968b826a55,MITDB_P230,230,1450000000,4,20260927,MODEL_V2_TCN_MEANMAX,0,-3.6444737911224365,0.02546950802206993,12,V2-004-D1-MEANMAX-F04-S20260927,513a6baa0ccf6a18a076b475e11ec4db466f3c606057a0fa6432ae84e89c02f6
418bc35617082ae674fc1ef7421997b9f270c9e9c098466c85ab7aa6b09d49ed,MITDB_P117,117,1630000000,4,20260927,MODEL_V2_TCN_MEANMAX,0,-3.189284086227417,0.03957097977399826,12,V2-004-D1-MEANMAX-F04-S20260927,513a6baa0ccf6a18a076b475e11ec4db466f3c606057a0fa6432ae84e89c02f6
419df89d8b230cac872b77f14ff2422ac31eb72fa66922bdc15229b96f04b04f,MITDB_P117,117,80000000,4,20260927,MODEL_V2_TCN_MEANMAX,0,-0.13420556485652924,0.46649888157844543,12,V2-004-D1-MEANMAX-F04-S20260927,513a6baa0ccf6a18a076b475e11ec4db466f3c606057a0fa6432ae84e89c02f6
41bf3535635daea3b93d45446272ab5cfeff036b19c58305425fd6f10afc1707,MITDB_P205,205,1110000000,4,20260927,MODEL_V2_TCN_MEANMAX,0,-5.840527057647705,0.0028988819103688,12,V2-004-D1-MEANMAX-F04-S20260927,513a6baa0ccf6a18a076b475e11ec4db466f3c606057a0fa6432ae84e89c02f6
41d076ff4c7e404b5abaa150660848bc2e8decf199329ec106b7a244571f7b42,MITDB_P117,117,1185000000,4,20260927,MODEL_V2_TCN_MEANMAX,0,-3.155848264694214,0.04086145758628845,12,V2-004-D1-MEANMAX-F04-S20260927,513a6baa0ccf6a18a076b475e11ec4db466f3c606057a0fa6432ae84e89c02f6
4214a5e8aebef80f9c63826300d32a8f7a029c3662cdb250486098030695fb47,MITDB_P230,230,95000000,4,20260927,MODEL_V2_TCN_MEANMAX,0,-4.019157886505127,0.017650935798883438,12,V2-004-D1-MEANMAX-F04-S20260927,513a6baa0ccf6a18a076b475e11ec4db466f3c606057a0fa6432ae84e89c02f6
42370b8fbd408121fd8b902c1aff54ed8c8bff969b549b752f11adab275a816a,MITDB_P205,205,365000000,4,20260927,MODEL_V2_TCN_MEANMAX,1,8.703195571899414,0.9998339414596558,12,V2-004-D1-MEANMAX-F04-S20260927,513a6baa0ccf6a18a076b475e11ec4db466f3c606057a0fa6432ae84e89c02f6
424b0bab86e929d1450b5605e912ae3a9ab645bb233a1d14fbc9345bcc1efcc0,MITDB_P228,228,930000000,4,20260927,MODEL_V2_TCN_MEANMAX,0,-11.231172561645508,1.325433640886331e-05,12,V2-004-D1-MEANMAX-F04-S20260927,513a6baa0ccf6a18a076b475e11ec4db466f3c606057a0fa6432ae84e89c02f6
426b2078abb13e71c1d3a523ddba5be79bdd738abdbe72f4be11c30af4ab3638,MITDB_P221,221,215000000,4,20260927,MODEL_V2_TCN_MEANMAX,1,15.309749603271484,0.9999997615814209,12,V2-004-D1-MEANMAX-F04-S20260927,513a6baa0ccf6a18a076b475e11ec4db466f3c606057a0fa6432ae84e89c02f6
426c71116466896600ac280783fbbcf902ae7f93679f5e8400e3c877f3c2c52d,MITDB_P117,117,1290000000,4,20260927,MODEL_V2_TCN_MEANMAX,0,-3.8171639442443848,0.021516919136047363,12,V2-004-D1-MEANMAX-F04-S20260927,513a6baa0ccf6a18a076b475e11ec4db466f3c606057a0fa6432ae84e89c02f6
42afea8eb82b89d126e7d0cd2a1c097d98182566a8c51b2171b9a98cdc6f1a77,MITDB_P230,230,1125000000,4,20260927,MODEL_V2_TCN_MEANMAX,0,-4.027689456939697,0.017503609880805016,12,V2-004-D1-MEANMAX-F04-S20260927,513a6baa0ccf6a18a076b475e11ec4db466f3c606057a0fa6432ae84e89c02f6
42b553b7a0e0ef22fdddfaba82219023fb593d90597390c7bef690931f3b884c,MITDB_P230,230,1795000000,4,20260927,MODEL_V2_TCN_MEANMAX,0,-0.027615413069725037,0.49309656023979187,12,V2-004-D1-MEANMAX-F04-S20260927,513a6baa0ccf6a18a076b475e11ec4db466f3c606057a0fa6432ae84e89c02f6
42e4ef8abddde60feacb4b82942cd876da878baed9f2552f7eeb45787485bb05,MITDB_P228,228,1095000000,4,20260927,MODEL_V2_TCN_MEANMAX,0,-12.850842475891113,2.623909722387907e-06,12,V2-004-D1-MEANMAX-F04-S20260927,513a6baa0ccf6a18a076b475e11ec4db466f3c606057a0fa6432ae84e89c02f6
4326947dc024778c6a848fcea05ecff8bd1c1b7e63603e0853cd2092458886b0,MITDB_P228,228,825000000,4,20260927,MODEL_V2_TCN_MEANMAX,0,-12.895103454589844,2.510305876057828e-06,12,V2-004-D1-MEANMAX-F04-S20260927,513a6baa0ccf6a18a076b475e11ec4db466f3c606057a0fa6432ae84e89c02f6
439fd88466f979ff40e394e6c83e577cef7d3a51121e999aab19553bf1a2cd42,MITDB_P205,205,395000000,4,20260927,MODEL_V2_TCN_MEANMAX,0,-5.509927272796631,0.0040300944820046425,12,V2-004-D1-MEANMAX-F04-S20260927,513a6baa0ccf6a18a076b475e11ec4db466f3c606057a0fa6432ae84e89c02f6
43a10f88d11e4e05c3434362a90d18ac603936a209cef99b49970f08ce929310,MITDB_P205,205,110000000,4,20260927,MODEL_V2_TCN_MEANMAX,0,-5.610767841339111,0.0036449250765144825,12,V2-004-D1-MEANMAX-F04-S20260927,513a6baa0ccf6a18a076b475e11ec4db466f3c606057a0fa6432ae84e89c02f6
43ebb02fbfe2e6d8321da74eb984ac0cb2ab6e21cf6c203d9fd3469b07224acb,MITDB_P117,117,190000000,4,20260927,MODEL_V2_TCN_MEANMAX,0,-2.1415834426879883,0.10512033849954605,12,V2-004-D1-MEANMAX-F04-S20260927,513a6baa0ccf6a18a076b475e11ec4db466f3c606057a0fa6432ae84e89c02f6
44733bf203f03d8b80aa4e6f70e8815549d45811af304a6e61eee3e2aff3cf64,MITDB_P117,117,1315000000,4,20260927,MODEL_V2_TCN_MEANMAX,0,-2.8082211017608643,0.05688153952360153,12,V2-004-D1-MEANMAX-F04-S20260927,513a6baa0ccf6a18a076b475e11ec4db466f3c606057a0fa6432ae84e89c02f6
447d912d1745aa59772294a19a7c840b0db51c39197503375695042feea36532,MITDB_P205,205,1525000000,4,20260927,MODEL_V2_TCN_MEANMAX,0,-6.5121750831604,0.0014830429572612047,12,V2-004-D1-MEANMAX-F04-S20260927,513a6baa0ccf6a18a076b475e11ec4db466f3c606057a0fa6432ae84e89c02f6
44d03a727bf589fc36d88a7eb81ba5cf6b3f582dd866d2c60146ce7bcf8dc60d,MITDB_P230,230,780000000,4,20260927,MODEL_V2_TCN_MEANMAX,0,-6.206566333770752,0.002012091688811779,12,V2-004-D1-MEANMAX-F04-S20260927,513a6baa0ccf6a18a076b475e11ec4db466f3c606057a0fa6432ae84e89c02f6
44d5742e2404c0c389cd88fe83ed22e8092bc52a6cc1ae583eec6a5b2a01b518,MITDB_P230,230,695000000,4,20260927,MODEL_V2_TCN_MEANMAX,0,-5.291224956512451,0.005010358057916164,12,V2-004-D1-MEANMAX-F04-S20260927,513a6baa0ccf6a18a076b475e11ec4db466f3c606057a0fa6432ae84e89c02f6
45185d5022037b3fc8f47db6fda726e32180186aa0510346b7a68ea5d80a72ac,MITDB_P221,221,150000000,4,20260927,MODEL_V2_TCN_MEANMAX,1,9.359291076660156,0.9999138116836548,12,V2-004-D1-MEANMAX-F04-S20260927,513a6baa0ccf6a18a076b475e11ec4db466f3c606057a0fa6432ae84e89c02f6
4551f5871354f957ac6d7d7c256c5110b9dadae0873524def15db5d1801925de,MITDB_P230,230,1735000000,4,20260927,MODEL_V2_TCN_MEANMAX,0,-4.483669757843018,0.011165815405547619,12,V2-004-D1-MEANMAX-F04-S20260927,513a6baa0ccf6a18a076b475e11ec4db466f3c606057a0fa6432ae84e89c02f6
457a0b6ae202f06b9c67ad7ce64556df1629ba0f67f902f2fe9312f2d9c50c3c,MITDB_P221,221,1075000000,4,20260927,MODEL_V2_TCN_MEANMAX,1,11.742524147033691,0.9999920129776001,12,V2-004-D1-MEANMAX-F04-S20260927,513a6baa0ccf6a18a076b475e11ec4db466f3c606057a0fa6432ae84e89c02f6
45be532ee0a41b7b64f577d1a664f156765419c4008bac26dbdd0b08ecf7e324,MITDB_P230,230,1750000000,4,20260927,MODEL_V2_TCN_MEANMAX,1,5.28690767288208,0.9949681162834167,12,V2-004-D1-MEANMAX-F04-S20260927,513a6baa0ccf6a18a076b475e11ec4db466f3c606057a0fa6432ae84e89c02f6
45fee8f85eda3bf3ed4969221f344fef18be8ea90930e69b5387119e44091d0a,MITDB_P221,221,1410000000,4,20260927,MODEL_V2_TCN_MEANMAX,1,15.655450820922852,0.9999998807907104,12,V2-004-D1-MEANMAX-F04-S20260927,513a6baa0ccf6a18a076b475e11ec4db466f3c606057a0fa6432ae84e89c02f6
460d109539001368135c7b32cb2f25fef24af15e911709222cba15acdcff4c00,MITDB_P205,205,1330000000,4,20260927,MODEL_V2_TCN_MEANMAX,0,-5.982743740081787,0.0025155532639473677,12,V2-004-D1-MEANMAX-F04-S20260927,513a6baa0ccf6a18a076b475e11ec4db466f3c606057a0fa6432ae84e89c02f6
464cc1403b7162de1ce9fd6d95370e6f4cfc2b4daf0e9a19a1a5ff7cd1396215,MITDB_P205,205,1050000000,4,20260927,MODEL_V2_TCN_MEANMAX,0,-5.920215606689453,0.0026774334255605936,12,V2-004-D1-MEANMAX-F04-S20260927,513a6baa0ccf6a18a076b475e11ec4db466f3c606057a0fa6432ae84e89c02f6
466ad40e7b0807ca05a7b014ed881e0c0db985080a6c418154af1de872c145cf,MITDB_P205,205,670000000,4,20260927,MODEL_V2_TCN_MEANMAX,0,-5.972537517547607,0.002541293390095234,12,V2-004-D1-MEANMAX-F04-S20260927,513a6baa0ccf6a18a076b475e11ec4db466f3c606057a0fa6432ae84e89c02f6
469a4f7d5cfc0bef1e7624fe7c91ba7b20e920f434eeddab1e4526f13d566026,MITDB_P228,228,1190000000,4,20260927,MODEL_V2_TCN_MEANMAX,0,-11.75937271118164,7.815664503141306e-06,12,V2-004-D1-MEANMAX-F04-S20260927,513a6baa0ccf6a18a076b475e11ec4db466f3c606057a0fa6432ae84e89c02f6
46c707c5859b9938f9d55478a7623cd0f67fc233bed2d8a700a25a88c5d69bb3,MITDB_P221,221,1520000000,4,20260927,MODEL_V2_TCN_MEANMAX,1,11.231136322021484,0.9999867677688599,12,V2-004-D1-MEANMAX-F04-S20260927,513a6baa0ccf6a18a076b475e11ec4db466f3c606057a0fa6432ae84e89c02f6
46d38ab71c35b3a9ae4c5d5c9a3df715e4e090520db8328c83212f597497eacb,MITDB_P205,205,1655000000,4,20260927,MODEL_V2_TCN_MEANMAX,1,9.991816520690918,0.9999542236328125,12,V2-004-D1-MEANMAX-F04-S20260927,513a6baa0ccf6a18a076b475e11ec4db466f3c606057a0fa6432ae84e89c02f6
46ec7dee89c557dde2a0ddd405edea86001de9c718f138a1a3cdf47a8cc52d80,MITDB_P221,221,1690000000,4,20260927,MODEL_V2_TCN_MEANMAX,0,1.5212618112564087,0.8207241892814636,12,V2-004-D1-MEANMAX-F04-S20260927,513a6baa0ccf6a18a076b475e11ec4db466f3c606057a0fa6432ae84e89c02f6
4734f10ec91b35eade2fd5aa01f8dd5af195fab5c08a20ed614c6dcab1c81af6,MITDB_P221,221,115000000,4,20260927,MODEL_V2_TCN_MEANMAX,1,9.467971801757812,0.9999227523803711,12,V2-004-D1-MEANMAX-F04-S20260927,513a6baa0ccf6a18a076b475e11ec4db466f3c606057a0fa6432ae84e89c02f6
4751fad29f08777cb1fa1a2d9dd848f3d6b72019616f61bac6fb26f9688cccda,MITDB_P117,117,910000000,4,20260927,MODEL_V2_TCN_MEANMAX,0,-3.482673168182373,0.029809273779392242,12,V2-004-D1-MEANMAX-F04-S20260927,513a6baa0ccf6a18a076b475e11ec4db466f3c606057a0fa6432ae84e89c02f6
4757abf6d298303fcdd180d1c7ba3749adc81179922ea168ca4c6491560e5fbe,MITDB_P228,228,390000000,4,20260927,MODEL_V2_TCN_MEANMAX,1,6.956185340881348,0.9990481734275818,12,V2-004-D1-MEANMAX-F04-S20260927,513a6baa0ccf6a18a076b475e11ec4db466f3c606057a0fa6432ae84e89c02f6
4790e77cfed551089380e450ecc388404f5b0119c88a259ef34d0edb0e1b9ca3,MITDB_P228,228,65000000,4,20260927,MODEL_V2_TCN_MEANMAX,1,8.030125617980957,0.9996745586395264,12,V2-004-D1-MEANMAX-F04-S20260927,513a6baa0ccf6a18a076b475e11ec4db466f3c606057a0fa6432ae84e89c02f6
47bdc7f1857fa6dcd448cba988c3973295df8b72db8609080d4d130dadbc4e7b,MITDB_P230,230,1400000000,4,20260927,MODEL_V2_TCN_MEANMAX,0,-3.64835262298584,0.025373410433530807,12,V2-004-D1-MEANMAX-F04-S20260927,513a6baa0ccf6a18a076b475e11ec4db466f3c606057a0fa6432ae84e89c02f6
47cf690fd52076bd4d4a2cd3ce4cf27b39ea438ad4728c318c0c0bb7859bf0aa,MITDB_P205,205,1485000000,4,20260927,MODEL_V2_TCN_MEANMAX,1,16.667190551757812,1.0,12,V2-004-D1-MEANMAX-F04-S20260927,513a6baa0ccf6a18a076b475e11ec4db466f3c606057a0fa6432ae84e89c02f6
47ea926d107faa1c9c3732f3ba396581f38da5cf1c26681484306207f5b01b8d,MITDB_P230,230,1755000000,4,20260927,MODEL_V2_TCN_MEANMAX,1,5.610432147979736,0.9963538646697998,12,V2-004-D1-MEANMAX-F04-S20260927,513a6baa0ccf6a18a076b475e11ec4db466f3c606057a0fa6432ae84e89c02f6
4880d8c537b178a567af30593e705623c75f9d726aa4819b65a8fada614ea2b0,MITDB_P228,228,1740000000,4,20260927,MODEL_V2_TCN_MEANMAX,1,13.283771514892578,0.9999983310699463,12,V2-004-D1-MEANMAX-F04-S20260927,513a6baa0ccf6a18a076b475e11ec4db466f3c606057a0fa6432ae84e89c02f6
488a8a2fbecea43637d02cc78610cd8d18119a34a8b98c39d08beec7246ef636,MITDB_P221,221,1030000000,4,20260927,MODEL_V2_TCN_MEANMAX,1,12.313389778137207,0.9999954700469971,12,V2-004-D1-MEANMAX-F04-S20260927,513a6baa0ccf6a18a076b475e11ec4db466f3c606057a0fa6432ae84e89c02f6
4892e60c8007664bcc43a665de3de6bf6e41bfecc67c4e8660e10cb977a5a0f3,MITDB_P230,230,1575000000,4,20260927,MODEL_V2_TCN_MEANMAX,0,2.333824872970581,0.911639928817749,12,V2-004-D1-MEANMAX-F04-S20260927,513a6baa0ccf6a18a076b475e11ec4db466f3c606057a0fa6432ae84e89c02f6
48af8587d29adababdc2a2698e2bd35cdfd655bfb7ba6e7819ce0d50c673f724,MITDB_P230,230,1055000000,4,20260927,MODEL_V2_TCN_MEANMAX,0,-2.817518472671509,0.056384820491075516,12,V2-004-D1-MEANMAX-F04-S20260927,513a6baa0ccf6a18a076b475e11ec4db466f3c606057a0fa6432ae84e89c02f6
48afb5d50a05e01a029a16f68da1a1d181c72b32b334b25e00983550f8ff79ce,MITDB_P205,205,1575000000,4,20260927,MODEL_V2_TCN_MEANMAX,0,-6.086853981018066,0.002267394447699189,12,V2-004-D1-MEANMAX-F04-S20260927,513a6baa0ccf6a18a076b475e11ec4db466f3c606057a0fa6432ae84e89c02f6
49030212839025e63d3df2440e027a7a470e98a8d4af5b13af85c18022bf2034,MITDB_P221,221,445000000,4,20260927,MODEL_V2_TCN_MEANMAX,1,8.385623931884766,0.9997718930244446,12,V2-004-D1-MEANMAX-F04-S20260927,513a6baa0ccf6a18a076b475e11ec4db466f3c606057a0fa6432ae84e89c02f6
4927f3d46342f8cebcebb31380bf043382121fb2fa31e4588eb593419c33b230,MITDB_P230,230,1550000000,4,20260927,MODEL_V2_TCN_MEANMAX,0,-2.8731091022491455,0.053498998284339905,12,V2-004-D1-MEANMAX-F04-S20260927,513a6baa0ccf6a18a076b475e11ec4db466f3c606057a0fa6432ae84e89c02f6
4930e0f2b2e08338b40b8d0c78897f3537e54ae7eb1baa3c8115b95acbb19db7,MITDB_P230,230,1655000000,4,20260927,MODEL_V2_TCN_MEANMAX,0,-1.2965843677520752,0.21474042534828186,12,V2-004-D1-MEANMAX-F04-S20260927,513a6baa0ccf6a18a076b475e11ec4db466f3c606057a0fa6432ae84e89c02f6
4955fbda9da8154ad83c09805bbf4745e87661ac3950842850969d372e94d27c,MITDB_P221,221,315000000,4,20260927,MODEL_V2_TCN_MEANMAX,1,12.935722351074219,0.999997615814209,12,V2-004-D1-MEANMAX-F04-S20260927,513a6baa0ccf6a18a076b475e11ec4db466f3c606057a0fa6432ae84e89c02f6
496bce5200422cdfa095099e124fc5b26dbc8c59ee53930ef384a316e42ffafa,MITDB_P117,117,1125000000,4,20260927,MODEL_V2_TCN_MEANMAX,0,-2.2752952575683594,0.0931897684931755,12,V2-004-D1-MEANMAX-F04-S20260927,513a6baa0ccf6a18a076b475e11ec4db466f3c606057a0fa6432ae84e89c02f6
497f8da9d6603a2dc9a5597fbc1352dfc84920a561737b44be746f25f78d6d9e,MITDB_P221,221,1750000000,4,20260927,MODEL_V2_TCN_MEANMAX,0,0.9528787732124329,0.721693754196167,12,V2-004-D1-MEANMAX-F04-S20260927,513a6baa0ccf6a18a076b475e11ec4db466f3c606057a0fa6432ae84e89c02f6
4a4ac34e24aefa64f0eb44551334778f591e542b19deb56cce97c1ce9fe38a02,MITDB_P117,117,145000000,4,20260927,MODEL_V2_TCN_MEANMAX,0,0.7588300108909607,0.6810996532440186,12,V2-004-D1-MEANMAX-F04-S20260927,513a6baa0ccf6a18a076b475e11ec4db466f3c606057a0fa6432ae84e89c02f6
4aa4dcadefe39e5ac36df9d0f35bbe706e31760f8201ceaab3677f361afa56c4,MITDB_P230,230,1420000000,4,20260927,MODEL_V2_TCN_MEANMAX,0,-0.9175994992256165,0.28544726967811584,12,V2-004-D1-MEANMAX-F04-S20260927,513a6baa0ccf6a18a076b475e11ec4db466f3c606057a0fa6432ae84e89c02f6
4ab999cce6513441e931cf31b6c7ae322a4e5d9b7bd38a025416d197034cad4e,MITDB_P228,228,1325000000,4,20260927,MODEL_V2_TCN_MEANMAX,1,8.712165832519531,0.9998353719711304,12,V2-004-D1-MEANMAX-F04-S20260927,513a6baa0ccf6a18a076b475e11ec4db466f3c606057a0fa6432ae84e89c02f6
4abf6d800162a50525edb89325e6319f4d83936c962b4e6447cbe6b55756cc67,MITDB_P221,221,525000000,4,20260927,MODEL_V2_TCN_MEANMAX,1,11.501155853271484,0.9999898672103882,12,V2-004-D1-MEANMAX-F04-S20260927,513a6baa0ccf6a18a076b475e11ec4db466f3c606057a0fa6432ae84e89c02f6
4ac2312dd1abf08979892b44371f8c0bd47c4380bcc6fea390ebdd603ae01d32,MITDB_P221,221,45000000,4,20260927,MODEL_V2_TCN_MEANMAX,1,11.767557144165039,0.9999922513961792,12,V2-004-D1-MEANMAX-F04-S20260927,513a6baa0ccf6a18a076b475e11ec4db466f3c606057a0fa6432ae84e89c02f6
4ae1e78acd3eeabfe14f9458db01ca7620c223a350257c9eb04a3132b22e29c9,MITDB_P205,205,710000000,4,20260927,MODEL_V2_TCN_MEANMAX,0,-5.9331278800964355,0.0026431747246533632,12,V2-004-D1-MEANMAX-F04-S20260927,513a6baa0ccf6a18a076b475e11ec4db466f3c606057a0fa6432ae84e89c02f6
4af5efc2807c6e9675f8edd0d1faa691f3674f28a6bb71ab03006c09ea99cb44,MITDB_P228,228,1485000000,4,20260927,MODEL_V2_TCN_MEANMAX,1,10.367707252502441,0.9999685287475586,12,V2-004-D1-MEANMAX-F04-S20260927,513a6baa0ccf6a18a076b475e11ec4db466f3c606057a0fa6432ae84e89c02f6
4b322d8101aaa643b4e50ef1eef2bce245a46a95f039dc466ea779f577cce4e5,MITDB_P230,230,790000000,4,20260927,MODEL_V2_TCN_MEANMAX,0,-5.70598840713501,0.0033149628434330225,12,V2-004-D1-MEANMAX-F04-S20260927,513a6baa0ccf6a18a076b475e11ec4db466f3c606057a0fa6432ae84e89c02f6
4b3ffe77cbacb58b67b49ef3cfc2661ee60301435b3a78793a0dd9be4e9288d1,MITDB_P228,228,525000000,4,20260927,MODEL_V2_TCN_MEANMAX,1,6.957699298858643,0.9990496039390564,12,V2-004-D1-MEANMAX-F04-S20260927,513a6baa0ccf6a18a076b475e11ec4db466f3c606057a0fa6432ae84e89c02f6
4b828400bdc0843119b47da9fe3f5b3ce97427dc7f1f1fd562948db276a96365,MITDB_P221,221,785000000,4,20260927,MODEL_V2_TCN_MEANMAX,1,10.45350170135498,0.9999711513519287,12,V2-004-D1-MEANMAX-F04-S20260927,513a6baa0ccf6a18a076b475e11ec4db466f3c606057a0fa6432ae84e89c02f6
4b88b0694f28d859ec85cfcffd4578d15f7e54668bc39f4e14fc212382d63772,MITDB_P205,205,1005000000,4,20260927,MODEL_V2_TCN_MEANMAX,0,-5.4684319496154785,0.004200125113129616,12,V2-004-D1-MEANMAX-F04-S20260927,513a6baa0ccf6a18a076b475e11ec4db466f3c606057a0fa6432ae84e89c02f6
4ba0dccfdecffda69c843cf0497694a68acb4b1b25b61e2f4c36a3865362f7cb,MITDB_P117,117,745000000,4,20260927,MODEL_V2_TCN_MEANMAX,0,-4.490457057952881,0.011091124266386032,12,V2-004-D1-MEANMAX-F04-S20260927,513a6baa0ccf6a18a076b475e11ec4db466f3c606057a0fa6432ae84e89c02f6
4bb4528e2406ce4139c8d79fbccfcdd193c3d1fd1cf75045ec4fc780f2c73a30,MITDB_P228,228,1315000000,4,20260927,MODEL_V2_TCN_MEANMAX,1,5.2933220863342285,0.9950001239776611,12,V2-004-D1-MEANMAX-F04-S20260927,513a6baa0ccf6a18a076b475e11ec4db466f3c606057a0fa6432ae84e89c02f6
4bc824b72b5c781de29289cf97f04cc497f20fa1183d5fb96a39d0282bab7bb1,MITDB_P117,117,240000000,4,20260927,MODEL_V2_TCN_MEANMAX,0,-1.136163353919983,0.24302548170089722,12,V2-004-D1-MEANMAX-F04-S20260927,513a6baa0ccf6a18a076b475e11ec4db466f3c606057a0fa6432ae84e89c02f6
4bd41837ce308142d7aef1bb04597fa78c325410a98498a2a5fbf219601b0472,MITDB_P205,205,705000000,4,20260927,MODEL_V2_TCN_MEANMAX,0,-5.376471996307373,0.004602823406457901,12,V2-004-D1-MEANMAX-F04-S20260927,513a6baa0ccf6a18a076b475e11ec4db466f3c606057a0fa6432ae84e89c02f6
4bdce9ba7691dd7483539149c9bb04e0415b00bf368df063db4be9bd756b49f5,MITDB_P117,117,375000000,4,20260927,MODEL_V2_TCN_MEANMAX,0,-1.4474929571151733,0.19038771092891693,12,V2-004-D1-MEANMAX-F04-S20260927,513a6baa0ccf6a18a076b475e11ec4db466f3c606057a0fa6432ae84e89c02f6
4c0b50c313167808e9002dc140eeb36512267d6494bdd88c936695d13f8b0bbc,MITDB_P205,205,665000000,4,20260927,MODEL_V2_TCN_MEANMAX,0,-5.4298176765441895,0.004364760592579842,12,V2-004-D1-MEANMAX-F04-S20260927,513a6baa0ccf6a18a076b475e11ec4db466f3c606057a0fa6432ae84e89c02f6
4c22591c983da326c169d874640e4f49be08ebcdeffa777d6f55b0c382970871,MITDB_P230,230,855000000,4,20260927,MODEL_V2_TCN_MEANMAX,0,-5.312259197235107,0.004906581249088049,12,V2-004-D1-MEANMAX-F04-S20260927,513a6baa0ccf6a18a076b475e11ec4db466f3c606057a0fa6432ae84e89c02f6
4c250d3037e43ec068ba822df6b4c5e4fa552fcc5b890756332ee6b3b9399278,MITDB_P221,221,235000000,4,20260927,MODEL_V2_TCN_MEANMAX,1,11.149801254272461,0.9999855756759644,12,V2-004-D1-MEANMAX-F04-S20260927,513a6baa0ccf6a18a076b475e11ec4db466f3c606057a0fa6432ae84e89c02f6
4c251e4be21fb3b0f6277803326c1c43899427366c867ac4be4c5b2ea76eee38,MITDB_P230,230,470000000,4,20260927,MODEL_V2_TCN_MEANMAX,0,-5.419500350952148,0.00440982636064291,12,V2-004-D1-MEANMAX-F04-S20260927,513a6baa0ccf6a18a076b475e11ec4db466f3c606057a0fa6432ae84e89c02f6
4c560d2580f99264be8b6709d39f8b3e46fd5e291715f114bfeb29e5848d373e,MITDB_P230,230,530000000,4,20260927,MODEL_V2_TCN_MEANMAX,0,-5.323087215423584,0.004853995516896248,12,V2-004-D1-MEANMAX-F04-S20260927,513a6baa0ccf6a18a076b475e11ec4db466f3c606057a0fa6432ae84e89c02f6
4c720b0cb628a8643585cd19993d45bee0087efaab340a7fbd2ef3c2602ade7a,MITDB_P228,228,505000000,4,20260927,MODEL_V2_TCN_MEANMAX,1,6.962338447570801,0.9990540146827698,12,V2-004-D1-MEANMAX-F04-S20260927,513a6baa0ccf6a18a076b475e11ec4db466f3c606057a0fa6432ae84e89c02f6
4c7b1e513e87ed9d4fd46c322f903c05f9457c1c50722b4db3a983e4aacb120d,MITDB_P205,205,800000000,4,20260927,MODEL_V2_TCN_MEANMAX,0,-4.431528091430664,0.01175643876194954,12,V2-004-D1-MEANMAX-F04-S20260927,513a6baa0ccf6a18a076b475e11ec4db466f3c606057a0fa6432ae84e89c02f6
4cc0016b6e0a9e6fba07819ee98fb038261bf5c5e90887f73f15b9b8e1529ab4,MITDB_P205,205,1390000000,4,20260927,MODEL_V2_TCN_MEANMAX,0,-5.9598774909973145,0.002573587466031313,12,V2-004-D1-MEANMAX-F04-S20260927,513a6baa0ccf6a18a076b475e11ec4db466f3c606057a0fa6432ae84e89c02f6
4cc4a45a528ba3c263a25dd64e2a9b177c5e519caf13d032606ca3e7309df4fb,MITDB_P117,117,980000000,4,20260927,MODEL_V2_TCN_MEANMAX,0,-1.0710078477859497,0.2552114725112915,12,V2-004-D1-MEANMAX-F04-S20260927,513a6baa0ccf6a18a076b475e11ec4db466f3c606057a0fa6432ae84e89c02f6
4cf4e8003c42a6be433c72a93c41b35987c46cee90a3fb15771f8dd9be42ac94,MITDB_P228,228,80000000,4,20260927,MODEL_V2_TCN_MEANMAX,0,-12.275189399719238,4.666066615754971e-06,12,V2-004-D1-MEANMAX-F04-S20260927,513a6baa0ccf6a18a076b475e11ec4db466f3c606057a0fa6432ae84e89c02f6
4deba6d81e09beff7c9e1efc45fdf52214b7a8dc631f69f7f4e0dfe2ef08d6c8,MITDB_P221,221,720000000,4,20260927,MODEL_V2_TCN_MEANMAX,1,13.954056739807129,0.9999991655349731,12,V2-004-D1-MEANMAX-F04-S20260927,513a6baa0ccf6a18a076b475e11ec4db466f3c606057a0fa6432ae84e89c02f6
4deca75776228c24abf48d1b57d1c3bca8838d1f00e5ccddc489626d88edcdce,MITDB_P117,117,135000000,4,20260927,MODEL_V2_TCN_MEANMAX,0,-0.8840425610542297,0.2923407554626465,12,V2-004-D1-MEANMAX-F04-S20260927,513a6baa0ccf6a18a076b475e11ec4db466f3c606057a0fa6432ae84e89c02f6
4e2c4d3e13a0e36f168f8bad0b3d4f9b8bb2e008581643347ee11e1158a74f87,MITDB_P230,230,1650000000,4,20260927,MODEL_V2_TCN_MEANMAX,0,-0.9908997416496277,0.27073439955711365,12,V2-004-D1-MEANMAX-F04-S20260927,513a6baa0ccf6a18a076b475e11ec4db466f3c606057a0fa6432ae84e89c02f6
4e486d3395bf58cb77ce46d048671539bae33c89a265a55dc228497df8012271,MITDB_P230,230,815000000,4,20260927,MODEL_V2_TCN_MEANMAX,0,-6.187869071960449,0.002049988368526101,12,V2-004-D1-MEANMAX-F04-S20260927,513a6baa0ccf6a18a076b475e11ec4db466f3c606057a0fa6432ae84e89c02f6
4e6a88e639d825b72db6654e291c618475f6f3aff2b90ea7d0fa6413507b241b,MITDB_P221,221,10000000,4,20260927,MODEL_V2_TCN_MEANMAX,1,9.470670700073242,0.9999228715896606,12,V2-004-D1-MEANMAX-F04-S20260927,513a6baa0ccf6a18a076b475e11ec4db466f3c606057a0fa6432ae84e89c02f6
4e6b9349bee075e8b7872bf5e22e69bd4345ed2c227353b7a3c7d700e2656517,MITDB_P230,230,1645000000,4,20260927,MODEL_V2_TCN_MEANMAX,0,-1.5216996669769287,0.17921136319637299,12,V2-004-D1-MEANMAX-F04-S20260927,513a6baa0ccf6a18a076b475e11ec4db466f3c606057a0fa6432ae84e89c02f6
4e6d30fd1cdf55dc3d56b93faabd56790a279ef18eedf8ff154a778989649767,MITDB_P221,221,160000000,4,20260927,MODEL_V2_TCN_MEANMAX,1,12.749211311340332,0.9999971389770508,12,V2-004-D1-MEANMAX-F04-S20260927,513a6baa0ccf6a18a076b475e11ec4db466f3c606057a0fa6432ae84e89c02f6
4edc7c7610b4e67b9295916fe13206b19ef91ff429ba1106d9e7fcdf25ad7363,MITDB_P221,221,560000000,4,20260927,MODEL_V2_TCN_MEANMAX,1,11.836193084716797,0.9999927282333374,12,V2-004-D1-MEANMAX-F04-S20260927,513a6baa0ccf6a18a076b475e11ec4db466f3c606057a0fa6432ae84e89c02f6
4eff7f263c8ee8c62a519ccdd7866143cb23afcc624513c253a6023ef95b99b4,MITDB_P205,205,825000000,4,20260927,MODEL_V2_TCN_MEANMAX,1,8.31568431854248,0.9997554421424866,12,V2-004-D1-MEANMAX-F04-S20260927,513a6baa0ccf6a18a076b475e11ec4db466f3c606057a0fa6432ae84e89c02f6
4f011a8b48fa5d15347a849374c1753d75a3d99064f73c41a15ec26b4e603cab,MITDB_P230,230,585000000,4,20260927,MODEL_V2_TCN_MEANMAX,0,-5.4536614418029785,0.004262357484549284,12,V2-004-D1-MEANMAX-F04-S20260927,513a6baa0ccf6a18a076b475e11ec4db466f3c606057a0fa6432ae84e89c02f6
4f1b7d3164fa82b56ec14b3ad76797a1cfa34e6e9584ff8fb18d26c65323befa,MITDB_P228,228,1225000000,4,20260927,MODEL_V2_TCN_MEANMAX,1,2.459900140762329,0.9212824106216431,12,V2-004-D1-MEANMAX-F04-S20260927,513a6baa0ccf6a18a076b475e11ec4db466f3c606057a0fa6432ae84e89c02f6
4f341a92a3c85873a81e2dc6e02a0010093df34dd2f4c5cd656ec8b92107dbcb,MITDB_P228,228,1150000000,4,20260927,MODEL_V2_TCN_MEANMAX,1,13.467254638671875,0.9999985694885254,12,V2-004-D1-MEANMAX-F04-S20260927,513a6baa0ccf6a18a076b475e11ec4db466f3c606057a0fa6432ae84e89c02f6
4f3d19483dc082ce6f838cbb5db739c4f5e3a5611e8ed3cf4296d7b791ebce9d,MITDB_P221,221,1335000000,4,20260927,MODEL_V2_TCN_MEANMAX,1,11.772997856140137,0.9999922513961792,12,V2-004-D1-MEANMAX-F04-S20260927,513a6baa0ccf6a18a076b475e11ec4db466f3c606057a0fa6432ae84e89c02f6
4fa3e9baf787832e60071e94eca0da367b1bf1d5400ee45d11f47118a49907ad,MITDB_P221,221,1465000000,4,20260927,MODEL_V2_TCN_MEANMAX,1,14.24809741973877,0.9999994039535522,12,V2-004-D1-MEANMAX-F04-S20260927,513a6baa0ccf6a18a076b475e11ec4db466f3c606057a0fa6432ae84e89c02f6
4fa5e86dd622943349491c68697aa17a461cb60e7f2580afb945a2c3a55c3f04,MITDB_P228,228,25000000,4,20260927,MODEL_V2_TCN_MEANMAX,1,8.857881546020508,0.9998577833175659,12,V2-004-D1-MEANMAX-F04-S20260927,513a6baa0ccf6a18a076b475e11ec4db466f3c606057a0fa6432ae84e89c02f6
4fa9a3e41893f4f36154b69e15def3ea42ac176cd5042df023d62d6076dcced4,MITDB_P117,117,790000000,4,20260927,MODEL_V2_TCN_MEANMAX,0,-3.6669440269470215,0.024917686358094215,12,V2-004-D1-MEANMAX-F04-S20260927,513a6baa0ccf6a18a076b475e11ec4db466f3c606057a0fa6432ae84e89c02f6
4fdddbc280199c3856c8f66561cda43bda18585026f73a2b1e8796f6619ae3b9,MITDB_P230,230,1240000000,4,20260927,MODEL_V2_TCN_MEANMAX,0,-5.045865058898926,0.0063947350718081,12,V2-004-D1-MEANMAX-F04-S20260927,513a6baa0ccf6a18a076b475e11ec4db466f3c606057a0fa6432ae84e89c02f6
501d43099e2b27d4661983a410ee11c286e48e4f32fcb90333201e54463b63ec,MITDB_P230,230,685000000,4,20260927,MODEL_V2_TCN_MEANMAX,0,-5.3314528465271,0.004813753068447113,12,V2-004-D1-MEANMAX-F04-S20260927,513a6baa0ccf6a18a076b475e11ec4db466f3c606057a0fa6432ae84e89c02f6
5042d233382a74e3a0140ee325b765632dd6ffafd1e0a53772cb2f47b3c44d16,MITDB_P117,117,480000000,4,20260927,MODEL_V2_TCN_MEANMAX,0,-1.886807918548584,0.13160885870456696,12,V2-004-D1-MEANMAX-F04-S20260927,513a6baa0ccf6a18a076b475e11ec4db466f3c606057a0fa6432ae84e89c02f6
5062684e421ed2423803c0ab5fdecf41aad808b585e1806b1577ec6cd417834e,MITDB_P117,117,10000000,4,20260927,MODEL_V2_TCN_MEANMAX,0,-0.8524330854415894,0.29892268776893616,12,V2-004-D1-MEANMAX-F04-S20260927,513a6baa0ccf6a18a076b475e11ec4db466f3c606057a0fa6432ae84e89c02f6
50664ef073b25fe77a152380c76bc293077a20145a24310163ec9962f5254595,MITDB_P205,205,830000000,4,20260927,MODEL_V2_TCN_MEANMAX,1,7.5095744132995605,0.999452531337738,12,V2-004-D1-MEANMAX-F04-S20260927,513a6baa0ccf6a18a076b475e11ec4db466f3c606057a0fa6432ae84e89c02f6
5075fe5f305fa56778989cff4e59f57b9bf9d00d428f649f6bf320185b2461d4,MITDB_P230,230,1715000000,4,20260927,MODEL_V2_TCN_MEANMAX,0,-2.7883365154266357,0.05795770883560181,12,V2-004-D1-MEANMAX-F04-S20260927,513a6baa0ccf6a18a076b475e11ec4db466f3c606057a0fa6432ae84e89c02f6
50a4f3385457df37d1c1d83566c0e2c6633df104cc12d47bcbdb9ff1e99f92ca,MITDB_P205,205,1465000000,4,20260927,MODEL_V2_TCN_MEANMAX,1,8.406538963317871,0.9997766613960266,12,V2-004-D1-MEANMAX-F04-S20260927,513a6baa0ccf6a18a076b475e11ec4db466f3c606057a0fa6432ae84e89c02f6
50c92f208fdedfdf709b58c9d8dfe8845fd619e2a2cf2610580cd7edb2e8bb0e,MITDB_P117,117,875000000,4,20260927,MODEL_V2_TCN_MEANMAX,0,-3.1534907817840576,0.04095395281910896,12,V2-004-D1-MEANMAX-F04-S20260927,513a6baa0ccf6a18a076b475e11ec4db466f3c606057a0fa6432ae84e89c02f6
50cd1b48c1138c8a14aa769daa43f9d9b8b0510913c77f324b20d2d6b1b38730,MITDB_P117,117,590000000,4,20260927,MODEL_V2_TCN_MEANMAX,0,-1.046491026878357,0.2598994970321655,12,V2-004-D1-MEANMAX-F04-S20260927,513a6baa0ccf6a18a076b475e11ec4db466f3c606057a0fa6432ae84e89c02f6
50e395a6e827d6a7ce9b8be10c1875d1f7d80874366ef4b5db02c5123e6b0782,MITDB_P228,228,1525000000,4,20260927,MODEL_V2_TCN_MEANMAX,0,-8.329198837280273,0.0002413070760667324,12,V2-004-D1-MEANMAX-F04-S20260927,513a6baa0ccf6a18a076b475e11ec4db466f3c606057a0fa6432ae84e89c02f6
50eee2b55b6ae75f563010ee205a0f8e5f78c7db8173d429de3e7d937fc6e083,MITDB_P117,117,640000000,4,20260927,MODEL_V2_TCN_MEANMAX,0,-1.6771609783172607,0.15747176110744476,12,V2-004-D1-MEANMAX-F04-S20260927,513a6baa0ccf6a18a076b475e11ec4db466f3c606057a0fa6432ae84e89c02f6
50f5911b118a4e58a668f72a1fbbb25d71bc3b9633ba103016ff1285dca0b04a,MITDB_P117,117,330000000,4,20260927,MODEL_V2_TCN_MEANMAX,0,-2.8302366733551025,0.05571194365620613,12,V2-004-D1-MEANMAX-F04-S20260927,513a6baa0ccf6a18a076b475e11ec4db466f3c606057a0fa6432ae84e89c02f6
510e80c6467c6f674a655fdbae0db163d433b3e5c0b77074a1b1c8867465e532,MITDB_P230,230,1505000000,4,20260927,MODEL_V2_TCN_MEANMAX,0,-1.6704797744750977,0.15836022794246674,12,V2-004-D1-MEANMAX-F04-S20260927,513a6baa0ccf6a18a076b475e11ec4db466f3c606057a0fa6432ae84e89c02f6
5116c3a4626da7252df53647c5e7be98552dc73045f30f3d2f8abd55e494bf93,MITDB_P221,221,900000000,4,20260927,MODEL_V2_TCN_MEANMAX,1,12.884425163269043,0.9999974966049194,12,V2-004-D1-MEANMAX-F04-S20260927,513a6baa0ccf6a18a076b475e11ec4db466f3c606057a0fa6432ae84e89c02f6
513cb401d727b94fbd196f314a40912f675949da796f18b9683e09773b5dfdb3,MITDB_P117,117,1020000000,4,20260927,MODEL_V2_TCN_MEANMAX,0,-4.83567476272583,0.007878759875893593,12,V2-004-D1-MEANMAX-F04-S20260927,513a6baa0ccf6a18a076b475e11ec4db466f3c606057a0fa6432ae84e89c02f6
51985ea0dd10d9a4847a98c2b2dbcf7919f43ea1bf9826c9fd69a19de1d1334d,MITDB_P228,228,1430000000,4,20260927,MODEL_V2_TCN_MEANMAX,1,6.559902191162109,0.9985860586166382,12,V2-004-D1-MEANMAX-F04-S20260927,513a6baa0ccf6a18a076b475e11ec4db466f3c606057a0fa6432ae84e89c02f6
519958b6be697d1754c35e5d5846905cf84b52c7d037493fc7746178a1701000,MITDB_P221,221,1260000000,4,20260927,MODEL_V2_TCN_MEANMAX,1,9.823451042175293,0.999945878982544,12,V2-004-D1-MEANMAX-F04-S20260927,513a6baa0ccf6a18a076b475e11ec4db466f3c606057a0fa6432ae84e89c02f6
522032bdc3d6eb193a7599170069e73f15e8936b17b0cd174899f00c9079818f,MITDB_P117,117,1010000000,4,20260927,MODEL_V2_TCN_MEANMAX,0,-3.6911988258361816,0.024335114285349846,12,V2-004-D1-MEANMAX-F04-S20260927,513a6baa0ccf6a18a076b475e11ec4db466f3c606057a0fa6432ae84e89c02f6
522d7ed4c9788531f13926e9522d4c926615d156859169973e833e5bcf1fc413,MITDB_P117,117,45000000,4,20260927,MODEL_V2_TCN_MEANMAX,0,1.494146704673767,0.8166998028755188,12,V2-004-D1-MEANMAX-F04-S20260927,513a6baa0ccf6a18a076b475e11ec4db466f3c606057a0fa6432ae84e89c02f6
52312073a5f596abb58fe34419b74c49689d57c28a697e590417a6cfed7dc32b,MITDB_P221,221,1705000000,4,20260927,MODEL_V2_TCN_MEANMAX,0,0.38307392597198486,0.5946142673492432,12,V2-004-D1-MEANMAX-F04-S20260927,513a6baa0ccf6a18a076b475e11ec4db466f3c606057a0fa6432ae84e89c02f6
5261fc04afc62814b795323fc62094fc4eb0e2fb995b5307aa7b28843a850557,MITDB_P205,205,390000000,4,20260927,MODEL_V2_TCN_MEANMAX,0,-5.606423854827881,0.003660734975710511,12,V2-004-D1-MEANMAX-F04-S20260927,513a6baa0ccf6a18a076b475e11ec4db466f3c606057a0fa6432ae84e89c02f6
5374a0dde4214d0375e53142c365617ea63fa731714e36c56a0dbf9c7a8016e5,MITDB_P221,221,1565000000,4,20260927,MODEL_V2_TCN_MEANMAX,1,10.471385955810547,0.9999716281890869,12,V2-004-D1-MEANMAX-F04-S20260927,513a6baa0ccf6a18a076b475e11ec4db466f3c606057a0fa6432ae84e89c02f6
53bc9ea077a90a61d5e2222bd3de9bb4c4451d471237a6062dde881823c8bdce,MITDB_P117,117,1645000000,4,20260927,MODEL_V2_TCN_MEANMAX,0,-3.8596768379211426,0.020639827474951744,12,V2-004-D1-MEANMAX-F04-S20260927,513a6baa0ccf6a18a076b475e11ec4db466f3c606057a0fa6432ae84e89c02f6
53f09a244c304b70468d65ef61cf4966164a7665049970c91769679dbd76559c,MITDB_P221,221,1570000000,4,20260927,MODEL_V2_TCN_MEANMAX,1,11.306466102600098,0.9999877214431763,12,V2-004-D1-MEANMAX-F04-S20260927,513a6baa0ccf6a18a076b475e11ec4db466f3c606057a0fa6432ae84e89c02f6
5402f0481a7728058fcf3d9a03dd6eb9004654ff40f14dfd0c794b60c4310bcf,MITDB_P117,117,880000000,4,20260927,MODEL_V2_TCN_MEANMAX,0,-2.298856735229492,0.09121768921613693,12,V2-004-D1-MEANMAX-F04-S20260927,513a6baa0ccf6a18a076b475e11ec4db466f3c606057a0fa6432ae84e89c02f6
541320b49c72b9249286b250f6b1f32e9ec4ba91978dbea3c182492b2dd24db3,MITDB_P230,230,710000000,4,20260927,MODEL_V2_TCN_MEANMAX,0,-6.2925262451171875,0.0018466637702658772,12,V2-004-D1-MEANMAX-F04-S20260927,513a6baa0ccf6a18a076b475e11ec4db466f3c606057a0fa6432ae84e89c02f6
5429ab2ca866c681aae841670b724509f889c503d0edd8b42a44932039ec064c,MITDB_P230,230,325000000,4,20260927,MODEL_V2_TCN_MEANMAX,0,-1.2265101671218872,0.2267928123474121,12,V2-004-D1-MEANMAX-F04-S20260927,513a6baa0ccf6a18a076b475e11ec4db466f3c606057a0fa6432ae84e89c02f6
5458a64bc1da15d2c95237005847b5ff2d8f8d8490afc08b54fbae5f384960c2,MITDB_P205,205,435000000,4,20260927,MODEL_V2_TCN_MEANMAX,0,-3.4345638751983643,0.031232545152306557,12,V2-004-D1-MEANMAX-F04-S20260927,513a6baa0ccf6a18a076b475e11ec4db466f3c606057a0fa6432ae84e89c02f6
5482088bed36503907444425215eb95a0c5a3e5cbd7f1e105522983274b4ff74,MITDB_P205,205,1530000000,4,20260927,MODEL_V2_TCN_MEANMAX,0,-6.923797607421875,0.0009831181960180402,12,V2-004-D1-MEANMAX-F04-S20260927,513a6baa0ccf6a18a076b475e11ec4db466f3c606057a0fa6432ae84e89c02f6
5494f2ce89bed1c930c2c394457345a64b2c0e5470019ee755c3de0a064b25a7,MITDB_P230,230,1560000000,4,20260927,MODEL_V2_TCN_MEANMAX,0,-2.796462059020996,0.05751565843820572,12,V2-004-D1-MEANMAX-F04-S20260927,513a6baa0ccf6a18a076b475e11ec4db466f3c606057a0fa6432ae84e89c02f6
549758107c30a2cd8135a8baec10d5b63c4838b248c7758dc90bdf98be339c21,MITDB_P230,230,1245000000,4,20260927,MODEL_V2_TCN_MEANMAX,0,-5.392730236053467,0.004528930876404047,12,V2-004-D1-MEANMAX-F04-S20260927,513a6baa0ccf6a18a076b475e11ec4db466f3c606057a0fa6432ae84e89c02f6
54b0bcafbab8ba98e42ad8395ad920feb2a49a8b852b9375ec65b60dafb48a40,MITDB_P117,117,1695000000,4,20260927,MODEL_V2_TCN_MEANMAX,0,-1.2743709087371826,0.21850994229316711,12,V2-004-D1-MEANMAX-F04-S20260927,513a6baa0ccf6a18a076b475e11ec4db466f3c606057a0fa6432ae84e89c02f6
54ef4f50145f9f6ca2f43b1d7affe892807d7278d002e68264f38d8fa4f5f670,MITDB_P230,230,1520000000,4,20260927,MODEL_V2_TCN_MEANMAX,0,-4.3376078605651855,0.0128991873934865,12,V2-004-D1-MEANMAX-F04-S20260927,513a6baa0ccf6a18a076b475e11ec4db466f3c606057a0fa6432ae84e89c02f6
551b8700d50ee9dc0a53435070f22e8d7fbd4b20caa36524456d86ad51bb3c2a,MITDB_P205,205,1085000000,4,20260927,MODEL_V2_TCN_MEANMAX,0,-6.147135257720947,0.0021350341849029064,12,V2-004-D1-MEANMAX-F04-S20260927,513a6baa0ccf6a18a076b475e11ec4db466f3c606057a0fa6432ae84e89c02f6
553853dce58dfa735e56f6cf204cd0839c8c24e974e6425f2e5417b72c26a1c5,MITDB_P205,205,1555000000,4,20260927,MODEL_V2_TCN_MEANMAX,0,-6.902952671051025,0.001003805547952652,12,V2-004-D1-MEANMAX-F04-S20260927,513a6baa0ccf6a18a076b475e11ec4db466f3c606057a0fa6432ae84e89c02f6
5566daad9771e5136cf47371b453f804da49bb69a41d2e37de772a7bcc3706a4,MITDB_P117,117,1480000000,4,20260927,MODEL_V2_TCN_MEANMAX,0,-3.416257619857788,0.031791217625141144,12,V2-004-D1-MEANMAX-F04-S20260927,513a6baa0ccf6a18a076b475e11ec4db466f3c606057a0fa6432ae84e89c02f6
5580483fa7aa51393c98d3626a05d7c85f69f4a479b905a7e08e8af9b519d26e,MITDB_P117,117,1365000000,4,20260927,MODEL_V2_TCN_MEANMAX,0,-3.288250684738159,0.03597646579146385,12,V2-004-D1-MEANMAX-F04-S20260927,513a6baa0ccf6a18a076b475e11ec4db466f3c606057a0fa6432ae84e89c02f6
5593b90c55a4a45351c6ceeab5796a1ee699a7294e45b6bdd6990dabcd3c9897,MITDB_P117,117,850000000,4,20260927,MODEL_V2_TCN_MEANMAX,0,-5.334603309631348,0.004798684269189835,12,V2-004-D1-MEANMAX-F04-S20260927,513a6baa0ccf6a18a076b475e11ec4db466f3c606057a0fa6432ae84e89c02f6
55b61524e2bca2262f6d02af0a125509691ba1c6b598948a070ea40d085bad7f,MITDB_P221,221,780000000,4,20260927,MODEL_V2_TCN_MEANMAX,1,9.868219375610352,0.999948263168335,12,V2-004-D1-MEANMAX-F04-S20260927,513a6baa0ccf6a18a076b475e11ec4db466f3c606057a0fa6432ae84e89c02f6
55c484bec66c3b8c760e14a6d731350be430e45b2f6f18bee204f6e8f4f5a467,MITDB_P221,221,1070000000,4,20260927,MODEL_V2_TCN_MEANMAX,1,12.006879806518555,0.9999939203262329,12,V2-004-D1-MEANMAX-F04-S20260927,513a6baa0ccf6a18a076b475e11ec4db466f3c606057a0fa6432ae84e89c02f6
55d8a46af136de422b41a104f5aba2ac897da171d2718a0dc6dc386ed7c4eb96,MITDB_P230,230,1760000000,4,20260927,MODEL_V2_TCN_MEANMAX,0,-2.4632694721221924,0.07847357541322708,12,V2-004-D1-MEANMAX-F04-S20260927,513a6baa0ccf6a18a076b475e11ec4db466f3c606057a0fa6432ae84e89c02f6
5605a7666b6d1b71bccdc88bdd1e39e2e08cb4caab9d1be0e6fb9c78c1835a65,MITDB_P230,230,1270000000,4,20260927,MODEL_V2_TCN_MEANMAX,0,-5.269343852996826,0.005120630841702223,12,V2-004-D1-MEANMAX-F04-S20260927,513a6baa0ccf6a18a076b475e11ec4db466f3c606057a0fa6432ae84e89c02f6
5629fb501ea7e99963175a2ed8f5f743a1fbab823ce857ffb4885a72dc44bd37,MITDB_P117,117,1415000000,4,20260927,MODEL_V2_TCN_MEANMAX,0,0.5688303709030151,0.6384932398796082,12,V2-004-D1-MEANMAX-F04-S20260927,513a6baa0ccf6a18a076b475e11ec4db466f3c606057a0fa6432ae84e89c02f6
562b445b9f1496de169facadefd45fe24512b24dc56fe544061884755d8f2e87,MITDB_P230,230,220000000,4,20260927,MODEL_V2_TCN_MEANMAX,0,-1.4722968339920044,0.18659375607967377,12,V2-004-D1-MEANMAX-F04-S20260927,513a6baa0ccf6a18a076b475e11ec4db466f3c606057a0fa6432ae84e89c02f6
563f9dba1c7455c2379f0d8b938a05eefa92b6cc47bc0760ee2b195aa050fa48,MITDB_P205,205,1070000000,4,20260927,MODEL_V2_TCN_MEANMAX,0,-5.931216239929199,0.0026482190005481243,12,V2-004-D1-MEANMAX-F04-S20260927,513a6baa0ccf6a18a076b475e11ec4db466f3c606057a0fa6432ae84e89c02f6
5646d5211800f15d07130808bb0a45b1ed7e61d57178e68e4c424b9b9a1179d5,MITDB_P228,228,1070000000,4,20260927,MODEL_V2_TCN_MEANMAX,1,-2.9524412155151367,0.049621257930994034,12,V2-004-D1-MEANMAX-F04-S20260927,513a6baa0ccf6a18a076b475e11ec4db466f3c606057a0fa6432ae84e89c02f6
56493ade3a0fc177a715fd740b2ae861f0efb5b2be05d54d06589ad082b19930,MITDB_P221,221,795000000,4,20260927,MODEL_V2_TCN_MEANMAX,1,12.91855239868164,0.9999974966049194,12,V2-004-D1-MEANMAX-F04-S20260927,513a6baa0ccf6a18a076b475e11ec4db466f3c606057a0fa6432ae84e89c02f6
5666a1794561a8bf0b7277ccdef43a62fe4451cbc71a843eb26074cff85af854,MITDB_P221,221,385000000,4,20260927,MODEL_V2_TCN_MEANMAX,1,12.38520336151123,0.9999958276748657,12,V2-004-D1-MEANMAX-F04-S20260927,513a6baa0ccf6a18a076b475e11ec4db466f3c606057a0fa6432ae84e89c02f6
566b01b32a8d54700dbe3f0e3f5b4ee6596e246617873c663bd5fafa3b9969c1,MITDB_P221,221,80000000,4,20260927,MODEL_V2_TCN_MEANMAX,1,10.798574447631836,0.9999796152114868,12,V2-004-D1-MEANMAX-F04-S20260927,513a6baa0ccf6a18a076b475e11ec4db466f3c606057a0fa6432ae84e89c02f6
56b0f07b2fa816f1e3f094303616490dc76aa871b0b7c6e5a9c54a5fcc289345,MITDB_P230,230,545000000,4,20260927,MODEL_V2_TCN_MEANMAX,0,-4.090743064880371,0.01645161770284176,12,V2-004-D1-MEANMAX-F04-S20260927,513a6baa0ccf6a18a076b475e11ec4db466f3c606057a0fa6432ae84e89c02f6
572f48f28ce4497373d1b7b416f135eb47df9fe5067733f2c03134bebc692e5a,MITDB_P228,228,1805000000,4,20260927,MODEL_V2_TCN_MEANMAX,1,17.34853744506836,1.0,12,V2-004-D1-MEANMAX-F04-S20260927,513a6baa0ccf6a18a076b475e11ec4db466f3c606057a0fa6432ae84e89c02f6
577b66d6632968acc55e5751bdc3aa8a3d3c7b0ca035cabbedeac05477d334d6,MITDB_P205,205,1235000000,4,20260927,MODEL_V2_TCN_MEANMAX,0,-5.984739780426025,0.002510549733415246,12,V2-004-D1-MEANMAX-F04-S20260927,513a6baa0ccf6a18a076b475e11ec4db466f3c606057a0fa6432ae84e89c02f6
577d9cda66a9d9bd2d1a6ea8b471336be777ac8c5b5da004fd89a5eb01f7a9d9,MITDB_P221,221,1740000000,4,20260927,MODEL_V2_TCN_MEANMAX,1,7.7569899559021,0.9995724558830261,12,V2-004-D1-MEANMAX-F04-S20260927,513a6baa0ccf6a18a076b475e11ec4db466f3c606057a0fa6432ae84e89c02f6
578c2a1da70be3829601d2166d3563938dabda4952cf234e056c8ca27899687f,MITDB_P228,228,120000000,4,20260927,MODEL_V2_TCN_MEANMAX,1,8.845518112182617,0.9998559951782227,12,V2-004-D1-MEANMAX-F04-S20260927,513a6baa0ccf6a18a076b475e11ec4db466f3c606057a0fa6432ae84e89c02f6
5795b598a6c310c4b633501a70337d0da5b94797cca2c710b1360c3d114c0398,MITDB_P221,221,975000000,4,20260927,MODEL_V2_TCN_MEANMAX,1,18.496551513671875,1.0,12,V2-004-D1-MEANMAX-F04-S20260927,513a6baa0ccf6a18a076b475e11ec4db466f3c606057a0fa6432ae84e89c02f6
57bba405fe9f778730b36408fe7fb9e717c9938a82000676e0b10a535534a459,MITDB_P117,117,1335000000,4,20260927,MODEL_V2_TCN_MEANMAX,0,-2.4537320137023926,0.07916606217622757,12,V2-004-D1-MEANMAX-F04-S20260927,513a6baa0ccf6a18a076b475e11ec4db466f3c606057a0fa6432ae84e89c02f6
57bd8f3d870093f4c1ba43e0e2e5ad5441f6c56f9c49f2e652e0c1dea464baf2,MITDB_P228,228,50000000,4,20260927,MODEL_V2_TCN_MEANMAX,0,-10.249368667602539,3.537857992341742e-05,12,V2-004-D1-MEANMAX-F04-S20260927,513a6baa0ccf6a18a076b475e11ec4db466f3c606057a0fa6432ae84e89c02f6
57c4c3d071021713fa073f16376f1c8e696c02c55dc8415c4bbdd4a114038f32,MITDB_P221,221,890000000,4,20260927,MODEL_V2_TCN_MEANMAX,1,12.405289649963379,0.9999959468841553,12,V2-004-D1-MEANMAX-F04-S20260927,513a6baa0ccf6a18a076b475e11ec4db466f3c606057a0fa6432ae84e89c02f6
57d4e9187379be43e061e348ff6ea5aadb83633e24840fd2e891b5bb1536a49e,MITDB_P221,221,350000000,4,20260927,MODEL_V2_TCN_MEANMAX,0,1.4182184934616089,0.8050589561462402,12,V2-004-D1-MEANMAX-F04-S20260927,513a6baa0ccf6a18a076b475e11ec4db466f3c606057a0fa6432ae84e89c02f6
57d9e551f528dfe0c5f4b7ebfe4a59847a590990eaf4e55ffb8eaa2cf309209b,MITDB_P221,221,610000000,4,20260927,MODEL_V2_TCN_MEANMAX,1,15.0542631149292,0.9999997615814209,12,V2-004-D1-MEANMAX-F04-S20260927,513a6baa0ccf6a18a076b475e11ec4db466f3c606057a0fa6432ae84e89c02f6
57dcccc50bc4d4d818d98ecedae345aca5bcf97cea11cc6c5fbcabe0b4674afd,MITDB_P228,228,700000000,4,20260927,MODEL_V2_TCN_MEANMAX,1,10.628671646118164,0.9999758005142212,12,V2-004-D1-MEANMAX-F04-S20260927,513a6baa0ccf6a18a076b475e11ec4db466f3c606057a0fa6432ae84e89c02f6
57e9cf1a7d5186faea3a6589ccc02b2ac5ef324cc3f08a0938a41fa2db12f033,MITDB_P221,221,1405000000,4,20260927,MODEL_V2_TCN_MEANMAX,1,15.981081008911133,0.9999998807907104,12,V2-004-D1-MEANMAX-F04-S20260927,513a6baa0ccf6a18a076b475e11ec4db466f3c606057a0fa6432ae84e89c02f6
57ef5d67b2f4cf11df3805cb527f1a0de476d5b1837d3f59bb67a08b5f7bcfbc,MITDB_P230,230,1605000000,4,20260927,MODEL_V2_TCN_MEANMAX,0,-2.7749156951904297,0.058694832026958466,12,V2-004-D1-MEANMAX-F04-S20260927,513a6baa0ccf6a18a076b475e11ec4db466f3c606057a0fa6432ae84e89c02f6
58128b433dc772716668d0c253d20ef169db9436541e7ea6e539d6688d8e4707,MITDB_P205,205,610000000,4,20260927,MODEL_V2_TCN_MEANMAX,0,-5.953723430633545,0.002589433453977108,12,V2-004-D1-MEANMAX-F04-S20260927,513a6baa0ccf6a18a076b475e11ec4db466f3c606057a0fa6432ae84e89c02f6
584a30357daa2611bfb8e65521788e9a5bf01aad04c886cbaa7672ab094893f3,MITDB_P228,228,1320000000,4,20260927,MODEL_V2_TCN_MEANMAX,1,6.760730266571045,0.9988429546356201,12,V2-004-D1-MEANMAX-F04-S20260927,513a6baa0ccf6a18a076b475e11ec4db466f3c606057a0fa6432ae84e89c02f6
58521f3dfc737835a6dac2307d6e36555b3a1f485d1f6720d21865aabe9a7389,MITDB_P221,221,1245000000,4,20260927,MODEL_V2_TCN_MEANMAX,1,13.50212287902832,0.9999986886978149,12,V2-004-D1-MEANMAX-F04-S20260927,513a6baa0ccf6a18a076b475e11ec4db466f3c606057a0fa6432ae84e89c02f6
587657658f7fce3ef18c34bba0a6d1322f27181354be4d9a460dfd6d134dab14,MITDB_P228,228,630000000,4,20260927,MODEL_V2_TCN_MEANMAX,1,0.8900611996650696,0.7089028358459473,12,V2-004-D1-MEANMAX-F04-S20260927,513a6baa0ccf6a18a076b475e11ec4db466f3c606057a0fa6432ae84e89c02f6
58aa7365fc50c39709f5b67fbc479b51ed20a3b8b14ea07a51115912c7ceb592,MITDB_P228,228,940000000,4,20260927,MODEL_V2_TCN_MEANMAX,0,-11.110467910766602,1.4954731341276783e-05,12,V2-004-D1-MEANMAX-F04-S20260927,513a6baa0ccf6a18a076b475e11ec4db466f3c606057a0fa6432ae84e89c02f6
58c43e8fa0c5708c3498c348246e0714ebc7cd7e937afd09ee9909e4d1d609fc,MITDB_P230,230,200000000,4,20260927,MODEL_V2_TCN_MEANMAX,0,-3.32723331451416,0.034648649394512177,12,V2-004-D1-MEANMAX-F04-S20260927,513a6baa0ccf6a18a076b475e11ec4db466f3c606057a0fa6432ae84e89c02f6
58db1a69f84efd108872cbe3f44b403d0d3b611e48a80059586b6702a8967dc2,MITDB_P117,117,50000000,4,20260927,MODEL_V2_TCN_MEANMAX,0,0.3414193391799927,0.5845352411270142,12,V2-004-D1-MEANMAX-F04-S20260927,513a6baa0ccf6a18a076b475e11ec4db466f3c606057a0fa6432ae84e89c02f6
58dc3eb26c60c459a361976f7c78c0e2f08be1bdc6574c379d1537ebf7a77a22,MITDB_P205,205,240000000,4,20260927,MODEL_V2_TCN_MEANMAX,0,-5.29431676864624,0.004994967952370644,12,V2-004-D1-MEANMAX-F04-S20260927,513a6baa0ccf6a18a076b475e11ec4db466f3c606057a0fa6432ae84e89c02f6
595027938ac5d483bc0a07c0800a0affe56a879962376c856f828f5eff436421,MITDB_P221,221,285000000,4,20260927,MODEL_V2_TCN_MEANMAX,1,14.321433067321777,0.9999994039535522,12,V2-004-D1-MEANMAX-F04-S20260927,513a6baa0ccf6a18a076b475e11ec4db466f3c606057a0fa6432ae84e89c02f6
598228909d82e22bfa28945a6101841176a8e6691bbe69e9e7597ab02c38f1b6,MITDB_P221,221,1270000000,4,20260927,MODEL_V2_TCN_MEANMAX,1,13.054329872131348,0.9999978542327881,12,V2-004-D1-MEANMAX-F04-S20260927,513a6baa0ccf6a18a076b475e11ec4db466f3c606057a0fa6432ae84e89c02f6
599ee9c059b395791fc58c34a82e5bc2a8998422f81b2fee4513e0e6ccea8e24,MITDB_P230,230,275000000,4,20260927,MODEL_V2_TCN_MEANMAX,0,-1.3272112607955933,0.20962104201316833,12,V2-004-D1-MEANMAX-F04-S20260927,513a6baa0ccf6a18a076b475e11ec4db466f3c606057a0fa6432ae84e89c02f6
59af23fdaa81622f117decd8e230c3b92105ccc4e89e153eea7a3af17a245903,MITDB_P228,228,1280000000,4,20260927,MODEL_V2_TCN_MEANMAX,1,-8.695320129394531,0.00016733923985157162,12,V2-004-D1-MEANMAX-F04-S20260927,513a6baa0ccf6a18a076b475e11ec4db466f3c606057a0fa6432ae84e89c02f6
59d4f6d1c70ea742e9704db5ce0707afbf310c921de58b8e58124253952d30ea,MITDB_P230,230,240000000,4,20260927,MODEL_V2_TCN_MEANMAX,0,0.22504575550556183,0.5560252070426941,12,V2-004-D1-MEANMAX-F04-S20260927,513a6baa0ccf6a18a076b475e11ec4db466f3c606057a0fa6432ae84e89c02f6
59e42f219f5bcc007ed7b1768653875d01f89ff93aed8c029c597bc9857a4cfe,MITDB_P230,230,460000000,4,20260927,MODEL_V2_TCN_MEANMAX,0,-4.179941177368164,0.01506886351853609,12,V2-004-D1-MEANMAX-F04-S20260927,513a6baa0ccf6a18a076b475e11ec4db466f3c606057a0fa6432ae84e89c02f6
59ec4c192a6cd25872b9d02d6f2c958f75ee25468d76ab0b6f0a44fc9459e0ba,MITDB_P117,117,715000000,4,20260927,MODEL_V2_TCN_MEANMAX,0,-2.658052444458008,0.06549443304538727,12,V2-004-D1-MEANMAX-F04-S20260927,513a6baa0ccf6a18a076b475e11ec4db466f3c606057a0fa6432ae84e89c02f6
5a1df568d14d7ee7e4d0a268e3d61e9727e011b2e7740fae4a6124b85e037692,MITDB_P117,117,1780000000,4,20260927,MODEL_V2_TCN_MEANMAX,0,-4.1031670570373535,0.016251787543296814,12,V2-004-D1-MEANMAX-F04-S20260927,513a6baa0ccf6a18a076b475e11ec4db466f3c606057a0fa6432ae84e89c02f6
5a2c878de588b6f5a515ba34b6d8cc7283ed9da1a95f405aa09781ddfba6c757,MITDB_P205,205,755000000,4,20260927,MODEL_V2_TCN_MEANMAX,0,-5.3075456619262695,0.004929648712277412,12,V2-004-D1-MEANMAX-F04-S20260927,513a6baa0ccf6a18a076b475e11ec4db466f3c606057a0fa6432ae84e89c02f6
5a5a23473bfe1e009616324c756e5a6b63547cb76534a5f220c932fd6e9059a6,MITDB_P205,205,815000000,4,20260927,MODEL_V2_TCN_MEANMAX,0,-4.564781665802002,0.010304856114089489,12,V2-004-D1-MEANMAX-F04-S20260927,513a6baa0ccf6a18a076b475e11ec4db466f3c606057a0fa6432ae84e89c02f6
5a5b2581c9ec1780697b0fea87368c892fb11506b74eddf0152537ba03518b2e,MITDB_P228,228,1590000000,4,20260927,MODEL_V2_TCN_MEANMAX,0,-12.044137954711914,5.878882802790031e-06,12,V2-004-D1-MEANMAX-F04-S20260927,513a6baa0ccf6a18a076b475e11ec4db466f3c606057a0fa6432ae84e89c02f6
5a5da37878547379c4e9a8b2b73d6977ea26cfa3002a4d193c09ccdfb531d7b7,MITDB_P228,228,190000000,4,20260927,MODEL_V2_TCN_MEANMAX,1,1.3665399551391602,0.7968205213546753,12,V2-004-D1-MEANMAX-F04-S20260927,513a6baa0ccf6a18a076b475e11ec4db466f3c606057a0fa6432ae84e89c02f6
5a95485a365a07af9b02c9ef0f16aadd0e06a462ca0737ef263ecfec993bfa1b,MITDB_P205,205,835000000,4,20260927,MODEL_V2_TCN_MEANMAX,0,-5.642282485961914,0.0035322471521794796,12,V2-004-D1-MEANMAX-F04-S20260927,513a6baa0ccf6a18a076b475e11ec4db466f3c606057a0fa6432ae84e89c02f6
5aadaf337010474ff00beb6d4f2eb95a5d980351d7edeb9cd4a818a35d18b4a0,MITDB_P228,228,1115000000,4,20260927,MODEL_V2_TCN_MEANMAX,0,-10.68389892578125,2.2910347979632206e-05,12,V2-004-D1-MEANMAX-F04-S20260927,513a6baa0ccf6a18a076b475e11ec4db466f3c606057a0fa6432ae84e89c02f6
5ad685fe128ed16f6b4e2d186d23e42624696275ff36cb19d934c9512ba5f02b,MITDB_P230,230,1065000000,4,20260927,MODEL_V2_TCN_MEANMAX,0,-2.4584593772888184,0.07882212847471237,12,V2-004-D1-MEANMAX-F04-S20260927,513a6baa0ccf6a18a076b475e11ec4db466f3c606057a0fa6432ae84e89c02f6
5adfff2fb8eacfb1c06b833b1130724612aa3a0b21d8b103cbc985da1777de45,MITDB_P205,205,930000000,4,20260927,MODEL_V2_TCN_MEANMAX,1,8.796814918518066,0.9998488426208496,12,V2-004-D1-MEANMAX-F04-S20260927,513a6baa0ccf6a18a076b475e11ec4db466f3c606057a0fa6432ae84e89c02f6
5ae97b799152d75fc99f4bd419ab5ca673098ff6077f59133a44234e49d8e24d,MITDB_P205,205,300000000,4,20260927,MODEL_V2_TCN_MEANMAX,1,10.247418403625488,0.9999645948410034,12,V2-004-D1-MEANMAX-F04-S20260927,513a6baa0ccf6a18a076b475e11ec4db466f3c606057a0fa6432ae84e89c02f6
5afc9544e900a69da7faca64aa148779b445605966b2ee4070d4abf126c94c0f,MITDB_P228,228,1480000000,4,20260927,MODEL_V2_TCN_MEANMAX,1,9.527609825134277,0.9999271631240845,12,V2-004-D1-MEANMAX-F04-S20260927,513a6baa0ccf6a18a076b475e11ec4db466f3c606057a0fa6432ae84e89c02f6
5b0fdeb6ce0a88bb51f9db2a40ef4a248262451d17829f6f6381d702b10d641b,MITDB_P205,205,1625000000,4,20260927,MODEL_V2_TCN_MEANMAX,0,-6.143564224243164,0.002142655896022916,12,V2-004-D1-MEANMAX-F04-S20260927,513a6baa0ccf6a18a076b475e11ec4db466f3c606057a0fa6432ae84e89c02f6
5b44305f26764f810ae2e414429b765aa6c44389242188c7ec109ec8a392bb3e,MITDB_P117,117,445000000,4,20260927,MODEL_V2_TCN_MEANMAX,0,-1.9033771753311157,0.12972672283649445,12,V2-004-D1-MEANMAX-F04-S20260927,513a6baa0ccf6a18a076b475e11ec4db466f3c606057a0fa6432ae84e89c02f6
5b584de6019a594b2f8ce772d0714fa30b963cd7579ca5cf3968245e0fe0aeef,MITDB_P221,221,360000000,4,20260927,MODEL_V2_TCN_MEANMAX,1,13.648162841796875,0.9999988079071045,12,V2-004-D1-MEANMAX-F04-S20260927,513a6baa0ccf6a18a076b475e11ec4db466f3c606057a0fa6432ae84e89c02f6
5b66006fa79b8f9d66a421789f12b013ab4aa251f3149c9ad1e02c4a6c869b23,MITDB_P117,117,570000000,4,20260927,MODEL_V2_TCN_MEANMAX,0,-2.3035542964935303,0.0908290222287178,12,V2-004-D1-MEANMAX-F04-S20260927,513a6baa0ccf6a18a076b475e11ec4db466f3c606057a0fa6432ae84e89c02f6
5ba42f068b95f75272e1f3f908e0056d9aad5af7ae6cc204184eccb0ffff5d79,MITDB_P228,228,1440000000,4,20260927,MODEL_V2_TCN_MEANMAX,1,7.521646976470947,0.9994590878486633,12,V2-004-D1-MEANMAX-F04-S20260927,513a6baa0ccf6a18a076b475e11ec4db466f3c606057a0fa6432ae84e89c02f6
5bc053bec03bfc4ee159fcf22b284e3a4db52d521afd3d4bcd322407f517eeb1,MITDB_P228,228,1510000000,4,20260927,MODEL_V2_TCN_MEANMAX,1,8.525612831115723,0.9998016953468323,12,V2-004-D1-MEANMAX-F04-S20260927,513a6baa0ccf6a18a076b475e11ec4db466f3c606057a0fa6432ae84e89c02f6
5bcb176cbcdc619c4aaab0c6f2f468e65b621ff2e843328795757b459e768120,MITDB_P230,230,1090000000,4,20260927,MODEL_V2_TCN_MEANMAX,0,-5.403714179992676,0.004479678813368082,12,V2-004-D1-MEANMAX-F04-S20260927,513a6baa0ccf6a18a076b475e11ec4db466f3c606057a0fa6432ae84e89c02f6
5c01ea02e74d36a7d14767d2768d2403afcd2b2132beb3ba673220a57525bf75,MITDB_P205,205,1435000000,4,20260927,MODEL_V2_TCN_MEANMAX,1,15.825422286987305,0.9999998807907104,12,V2-004-D1-MEANMAX-F04-S20260927,513a6baa0ccf6a18a076b475e11ec4db466f3c606057a0fa6432ae84e89c02f6
5c1e6992794047a67219fa3724c0cb2ab50a662a760f4781f5bc7ad18e63380a,MITDB_P117,117,370000000,4,20260927,MODEL_V2_TCN_MEANMAX,0,-1.1397851705551147,0.24235980212688446,12,V2-004-D1-MEANMAX-F04-S20260927,513a6baa0ccf6a18a076b475e11ec4db466f3c606057a0fa6432ae84e89c02f6
5c20cccacb7efeb2adba6ec9443c9e2b7d5cbb50828b96a48f0847725055a9f2,MITDB_P221,221,505000000,4,20260927,MODEL_V2_TCN_MEANMAX,1,12.669392585754395,0.9999969005584717,12,V2-004-D1-MEANMAX-F04-S20260927,513a6baa0ccf6a18a076b475e11ec4db466f3c606057a0fa6432ae84e89c02f6
5c36a0ba6888d30edcc645e72c5647a0f802aa2d3fcfd08cf432b4363f8b9f48,MITDB_P221,221,1510000000,4,20260927,MODEL_V2_TCN_MEANMAX,1,13.609054565429688,0.9999988079071045,12,V2-004-D1-MEANMAX-F04-S20260927,513a6baa0ccf6a18a076b475e11ec4db466f3c606057a0fa6432ae84e89c02f6
5c95f20ebb73ae1f2b1d56a7f2e4e704972bcc5623855516f0d46a945597a457,MITDB_P117,117,1140000000,4,20260927,MODEL_V2_TCN_MEANMAX,0,-2.943819046020508,0.050029456615448,12,V2-004-D1-MEANMAX-F04-S20260927,513a6baa0ccf6a18a076b475e11ec4db466f3c606057a0fa6432ae84e89c02f6
5cb9ddc4bfa3bc443e34642ad322815e73041fa4d4a5a25c82284a4e11c5f3f1,MITDB_P228,228,985000000,4,20260927,MODEL_V2_TCN_MEANMAX,0,-12.6023588180542,3.364059466548497e-06,12,V2-004-D1-MEANMAX-F04-S20260927,513a6baa0ccf6a18a076b475e11ec4db466f3c606057a0fa6432ae84e89c02f6
5cbda64ad29853c7e99a277135dac22bcb099503f22f1ebe1ba10880aa3ea0b6,MITDB_P205,205,85000000,4,20260927,MODEL_V2_TCN_MEANMAX,0,-5.443269729614258,0.004306689836084843,12,V2-004-D1-MEANMAX-F04-S20260927,513a6baa0ccf6a18a076b475e11ec4db466f3c606057a0fa6432ae84e89c02f6
5ccb4c2799b2aa2480b6ebceeacd432f4351c08868ae46798f1de1c27eb37dfa,MITDB_P230,230,1045000000,4,20260927,MODEL_V2_TCN_MEANMAX,0,-2.2376255989074707,0.0964222103357315,12,V2-004-D1-MEANMAX-F04-S20260927,513a6baa0ccf6a18a076b475e11ec4db466f3c606057a0fa6432ae84e89c02f6
5d5a5aefa78b4736429cfc19d3cde36326881c7ce804aeeac57c63d1d6ed336c,MITDB_P221,221,1390000000,4,20260927,MODEL_V2_TCN_MEANMAX,1,10.281085014343262,0.9999656677246094,12,V2-004-D1-MEANMAX-F04-S20260927,513a6baa0ccf6a18a076b475e11ec4db466f3c606057a0fa6432ae84e89c02f6
5da0d61fdaa63620a9115cd337df3c4d3ef1b8d73e1507a5ef08d4a91db535cb,MITDB_P117,117,900000000,4,20260927,MODEL_V2_TCN_MEANMAX,0,-3.050952672958374,0.04517636448144913,12,V2-004-D1-MEANMAX-F04-S20260927,513a6baa0ccf6a18a076b475e11ec4db466f3c606057a0fa6432ae84e89c02f6
5db71085c826daabe80c4f91ceee9adbdb717555b8d56d277fe9230dad200904,MITDB_P117,117,925000000,4,20260927,MODEL_V2_TCN_MEANMAX,0,-3.3049333095550537,0.0354023352265358,12,V2-004-D1-MEANMAX-F04-S20260927,513a6baa0ccf6a18a076b475e11ec4db466f3c606057a0fa6432ae84e89c02f6
5dc20466e9c7ac5b4101436f48088c70079d92d73bbcb0e802c89a1776edfb47,MITDB_P230,230,245000000,4,20260927,MODEL_V2_TCN_MEANMAX,0,-0.1412234753370285,0.4647527039051056,12,V2-004-D1-MEANMAX-F04-S20260927,513a6baa0ccf6a18a076b475e11ec4db466f3c606057a0fa6432ae84e89c02f6
5dc7b04e717c5bf05697eb451112d561f02d71c2d7e1059c814cc41f73e6665a,MITDB_P228,228,640000000,4,20260927,MODEL_V2_TCN_MEANMAX,1,-0.7609642148017883,0.31843698024749756,12,V2-004-D1-MEANMAX-F04-S20260927,513a6baa0ccf6a18a076b475e11ec4db466f3c606057a0fa6432ae84e89c02f6
5e13ec1afbb4394bc48ffb607f716c9bbc86b9ab5b2282aa8cb820b3d6e3d598,MITDB_P230,230,785000000,4,20260927,MODEL_V2_TCN_MEANMAX,0,-4.6604790687561035,0.009373239241540432,12,V2-004-D1-MEANMAX-F04-S20260927,513a6baa0ccf6a18a076b475e11ec4db466f3c606057a0fa6432ae84e89c02f6
5e1be6d0e8e66a833a14bb869ff350e71028b422cdde09d2686670d719f9b0a9,MITDB_P221,221,1145000000,4,20260927,MODEL_V2_TCN_MEANMAX,1,13.976667404174805,0.9999991655349731,12,V2-004-D1-MEANMAX-F04-S20260927,513a6baa0ccf6a18a076b475e11ec4db466f3c606057a0fa6432ae84e89c02f6
5e3f600dcb5b11fcaa61ed12b8ae186d7f497e32c1f7165cfe10fbabe45587ca,MITDB_P205,205,450000000,4,20260927,MODEL_V2_TCN_MEANMAX,0,-4.812808990478516,0.008059521205723286,12,V2-004-D1-MEANMAX-F04-S20260927,513a6baa0ccf6a18a076b475e11ec4db466f3c606057a0fa6432ae84e89c02f6
5e887bcdfba94e0434529b43cd5c335e367317b9a57f5766c55a44e78feeb0c6,MITDB_P117,117,1055000000,4,20260927,MODEL_V2_TCN_MEANMAX,0,-0.859582245349884,0.29742661118507385,12,V2-004-D1-MEANMAX-F04-S20260927,513a6baa0ccf6a18a076b475e11ec4db466f3c606057a0fa6432ae84e89c02f6
5e97a3618f7c1e449273b7e9f170f1d8751fe08892c853f9d942b9198ed00f02,MITDB_P117,117,550000000,4,20260927,MODEL_V2_TCN_MEANMAX,0,-1.2352781295776367,0.2252589762210846,12,V2-004-D1-MEANMAX-F04-S20260927,513a6baa0ccf6a18a076b475e11ec4db466f3c606057a0fa6432ae84e89c02f6
5e9f58a919fbe3e93617ce6ff176ad299dc5a4b5163ca98738ae2609249150d5,MITDB_P221,221,725000000,4,20260927,MODEL_V2_TCN_MEANMAX,1,13.23366928100586,0.9999982118606567,12,V2-004-D1-MEANMAX-F04-S20260927,513a6baa0ccf6a18a076b475e11ec4db466f3c606057a0fa6432ae84e89c02f6
5ea576c38a5c894310da008e10e119e41fb36604224158fb64beb5cca3a3d73b,MITDB_P117,117,1795000000,4,20260927,MODEL_V2_TCN_MEANMAX,0,-3.715573310852051,0.023763053119182587,12,V2-004-D1-MEANMAX-F04-S20260927,513a6baa0ccf6a18a076b475e11ec4db466f3c606057a0fa6432ae84e89c02f6
5ea589dbde90908861ea7e94c6213c7ce284bfdd16f92e41a2dce8d57ebf50c4,MITDB_P117,117,225000000,4,20260927,MODEL_V2_TCN_MEANMAX,0,-1.269058108329773,0.21941854059696198,12,V2-004-D1-MEANMAX-F04-S20260927,513a6baa0ccf6a18a076b475e11ec4db466f3c606057a0fa6432ae84e89c02f6
5eb191ab8cdaf2153d8c9ff09838ec360498fda6cba23b1d8628015758a4a450,MITDB_P228,228,1105000000,4,20260927,MODEL_V2_TCN_MEANMAX,0,-11.68754768371582,8.397671990678646e-06,12,V2-004-D1-MEANMAX-F04-S20260927,513a6baa0ccf6a18a076b475e11ec4db466f3c606057a0fa6432ae84e89c02f6
5f3bc159e386fa97464735e0424eae82c70297e8c080eb7019999d58f867b696,MITDB_P117,117,1565000000,4,20260927,MODEL_V2_TCN_MEANMAX,0,-4.0520548820495605,0.01708948239684105,12,V2-004-D1-MEANMAX-F04-S20260927,513a6baa0ccf6a18a076b475e11ec4db466f3c606057a0fa6432ae84e89c02f6
5f7cba2c95454eb37ee1c808473ba9e5b3c7e2a149496ebe92f9bd9d8210c2dd,MITDB_P221,221,95000000,4,20260927,MODEL_V2_TCN_MEANMAX,1,15.059919357299805,0.9999997615814209,12,V2-004-D1-MEANMAX-F04-S20260927,513a6baa0ccf6a18a076b475e11ec4db466f3c606057a0fa6432ae84e89c02f6
5f85d090812b1a57f9564f0f43042acf333b6a28aa51286e3198719f41a5e457,MITDB_P205,205,720000000,4,20260927,MODEL_V2_TCN_MEANMAX,0,-5.5226216316223145,0.003979460336267948,12,V2-004-D1-MEANMAX-F04-S20260927,513a6baa0ccf6a18a076b475e11ec4db466f3c606057a0fa6432ae84e89c02f6
5f8a88eaa64f8764bbc00b18520ca95d79048ca6c841123c5e67d14b84841de5,MITDB_P205,205,845000000,4,20260927,MODEL_V2_TCN_MEANMAX,1,-4.3411054611206055,0.01285472884774208,12,V2-004-D1-MEANMAX-F04-S20260927,513a6baa0ccf6a18a076b475e11ec4db466f3c606057a0fa6432ae84e89c02f6
5ff7b813b13636f219558c63745bb22ec1f2af7ae7812b2a8864801c84df7ddb,MITDB_P117,117,175000000,4,20260927,MODEL_V2_TCN_MEANMAX,0,1.2398853302001953,0.7755440473556519,12,V2-004-D1-MEANMAX-F04-S20260927,513a6baa0ccf6a18a076b475e11ec4db466f3c606057a0fa6432ae84e89c02f6
607df06899a999d5c05669873cec034d434603a2706784d4d2edafde1d49b29d,MITDB_P205,205,985000000,4,20260927,MODEL_V2_TCN_MEANMAX,1,-5.235226631164551,0.005297405645251274,12,V2-004-D1-MEANMAX-F04-S20260927,513a6baa0ccf6a18a076b475e11ec4db466f3c606057a0fa6432ae84e89c02f6
60bb3fa1e81f81cc5aa7651271445925a7ad9af86a5436ffc8b2520e3d9267fa,MITDB_P117,117,405000000,4,20260927,MODEL_V2_TCN_MEANMAX,0,-1.6819281578063965,0.15684030950069427,12,V2-004-D1-MEANMAX-F04-S20260927,513a6baa0ccf6a18a076b475e11ec4db466f3c606057a0fa6432ae84e89c02f6
60bbac857daa621604035ea0753663477d9cffb8fb73a83b56c9f36cb9e80cdd,MITDB_P117,117,1570000000,4,20260927,MODEL_V2_TCN_MEANMAX,0,-2.1812639236450195,0.10144565999507904,12,V2-004-D1-MEANMAX-F04-S20260927,513a6baa0ccf6a18a076b475e11ec4db466f3c606057a0fa6432ae84e89c02f6
60de93da1b7732803a3b8369a9863c652ceec890f6dc316759934eb68afdf2f3,MITDB_P205,205,790000000,4,20260927,MODEL_V2_TCN_MEANMAX,0,-5.162195682525635,0.005696470849215984,12,V2-004-D1-MEANMAX-F04-S20260927,513a6baa0ccf6a18a076b475e11ec4db466f3c606057a0fa6432ae84e89c02f6
6109c656fe95f00be455e7e3a7f1d697cca19dae6e711d994a44a1a3a4d85c09,MITDB_P205,205,1790000000,4,20260927,MODEL_V2_TCN_MEANMAX,0,-6.669425010681152,0.0012675195466727018,12,V2-004-D1-MEANMAX-F04-S20260927,513a6baa0ccf6a18a076b475e11ec4db466f3c606057a0fa6432ae84e89c02f6
61467ab502ea57eb483809cf64dcae2a84ddce91940e29be808b13ea2b5222e1,MITDB_P228,228,1670000000,4,20260927,MODEL_V2_TCN_MEANMAX,1,11.272125244140625,0.9999872446060181,12,V2-004-D1-MEANMAX-F04-S20260927,513a6baa0ccf6a18a076b475e11ec4db466f3c606057a0fa6432ae84e89c02f6
6166b051ba9570e3060774583b84252bc0b93179449d0f6ba6ab55d1727adfa4,MITDB_P205,205,355000000,4,20260927,MODEL_V2_TCN_MEANMAX,0,-6.184157848358154,0.0020575947128236294,12,V2-004-D1-MEANMAX-F04-S20260927,513a6baa0ccf6a18a076b475e11ec4db466f3c606057a0fa6432ae84e89c02f6
617224c7f797c5cfab07ee950983673a29c3edf373369c7d62be1ed9094ee752,MITDB_P221,221,180000000,4,20260927,MODEL_V2_TCN_MEANMAX,1,11.098027229309082,0.999984860420227,12,V2-004-D1-MEANMAX-F04-S20260927,513a6baa0ccf6a18a076b475e11ec4db466f3c606057a0fa6432ae84e89c02f6
61785a12064024cdb015e7f1f1a846abf8cd0e68c58a10804df9a3d7adb4b6a3,MITDB_P228,228,295000000,4,20260927,MODEL_V2_TCN_MEANMAX,1,12.08480453491211,0.9999943971633911,12,V2-004-D1-MEANMAX-F04-S20260927,513a6baa0ccf6a18a076b475e11ec4db466f3c606057a0fa6432ae84e89c02f6
618369b632d145ede056555fa774b7131fd89fe28e174867a64b6568e7c084af,MITDB_P228,228,595000000,4,20260927,MODEL_V2_TCN_MEANMAX,1,11.011829376220703,0.999983549118042,12,V2-004-D1-MEANMAX-F04-S20260927,513a6baa0ccf6a18a076b475e11ec4db466f3c606057a0fa6432ae84e89c02f6
619af6523bf890b01ecd09b8c9b5aecce773757e534f307d9470b6da19bc3774,MITDB_P117,117,1105000000,4,20260927,MODEL_V2_TCN_MEANMAX,0,-2.2356202602386475,0.09659707546234131,12,V2-004-D1-MEANMAX-F04-S20260927,513a6baa0ccf6a18a076b475e11ec4db466f3c606057a0fa6432ae84e89c02f6
61a6c5eb3b743035b41fe101c3d792587e768391bde3b04a4aa76db93300fb74,MITDB_P228,228,1700000000,4,20260927,MODEL_V2_TCN_MEANMAX,1,12.61111831665039,0.9999966621398926,12,V2-004-D1-MEANMAX-F04-S20260927,513a6baa0ccf6a18a076b475e11ec4db466f3c606057a0fa6432ae84e89c02f6
61c77a5a7927cf18611003984b21023c55a74ebc4cecc53d62ecb84f764e0c25,MITDB_P205,205,260000000,4,20260927,MODEL_V2_TCN_MEANMAX,0,-5.119784355163574,0.005941795650869608,12,V2-004-D1-MEANMAX-F04-S20260927,513a6baa0ccf6a18a076b475e11ec4db466f3c606057a0fa6432ae84e89c02f6
6204904de893f8f35e0a1e3fbe20a2f06c5ac5205bcaa4bcd9c8e3150d5b7f6b,MITDB_P221,221,1265000000,4,20260927,MODEL_V2_TCN_MEANMAX,1,9.226295471191406,0.999901533126831,12,V2-004-D1-MEANMAX-F04-S20260927,513a6baa0ccf6a18a076b475e11ec4db466f3c606057a0fa6432ae84e89c02f6
62149d9d752c8a4f8d1de56682631b7bf850cca5c4592c84267578ec20118590,MITDB_P117,117,810000000,4,20260927,MODEL_V2_TCN_MEANMAX,0,-3.88215708732605,0.020190279930830002,12,V2-004-D1-MEANMAX-F04-S20260927,513a6baa0ccf6a18a076b475e11ec4db466f3c606057a0fa6432ae84e89c02f6
623e7b32a3f73d8b5294cbdef8f73aa262fe6f2879abdab629a4215c9e4e890c,MITDB_P221,221,1250000000,4,20260927,MODEL_V2_TCN_MEANMAX,1,12.870111465454102,0.9999973773956299,12,V2-004-D1-MEANMAX-F04-S20260927,513a6baa0ccf6a18a076b475e11ec4db466f3c606057a0fa6432ae84e89c02f6
6299334700790f4b54c0696fce7885c597df237eddfc5ec76fe8ae899a114886,MITDB_P205,205,1710000000,4,20260927,MODEL_V2_TCN_MEANMAX,0,-5.986851215362549,0.002505267970263958,12,V2-004-D1-MEANMAX-F04-S20260927,513a6baa0ccf6a18a076b475e11ec4db466f3c606057a0fa6432ae84e89c02f6
62a62cafe5a6edc7f735c8d5d4eeeb5e4a6654122184700fa0f68b0c835a966f,MITDB_P117,117,1270000000,4,20260927,MODEL_V2_TCN_MEANMAX,0,-3.853926658630371,0.02075638249516487,12,V2-004-D1-MEANMAX-F04-S20260927,513a6baa0ccf6a18a076b475e11ec4db466f3c606057a0fa6432ae84e89c02f6
62b97da229d2bc76dac57ce5b138cec62a8ebaef5c9a9854b5f7a64c334be92d,MITDB_P230,230,440000000,4,20260927,MODEL_V2_TCN_MEANMAX,0,-2.627991199493408,0.06735853850841522,12,V2-004-D1-MEANMAX-F04-S20260927,513a6baa0ccf6a18a076b475e11ec4db466f3c606057a0fa6432ae84e89c02f6
62c3c7d72e42bbd189a971ca0b55a190adf81977a5eb17a6e603576a96627484,MITDB_P221,221,405000000,4,20260927,MODEL_V2_TCN_MEANMAX,1,10.672557830810547,0.9999768733978271,12,V2-004-D1-MEANMAX-F04-S20260927,513a6baa0ccf6a18a076b475e11ec4db466f3c606057a0fa6432ae84e89c02f6
62e2a27f1bdfbf2e90ab186fe9cd0663674230cfc4f93fdb32b9192016e8e360,MITDB_P228,228,1640000000,4,20260927,MODEL_V2_TCN_MEANMAX,1,4.504390716552734,0.989060640335083,12,V2-004-D1-MEANMAX-F04-S20260927,513a6baa0ccf6a18a076b475e11ec4db466f3c606057a0fa6432ae84e89c02f6
62e3b4d72f9fe6a54a6662033ffdedd3cd4299e8d9d54e789088884e143e8de5,MITDB_P221,221,1805000000,4,20260927,MODEL_V2_TCN_MEANMAX,0,0.11485899984836578,0.5286831855773926,12,V2-004-D1-MEANMAX-F04-S20260927,513a6baa0ccf6a18a076b475e11ec4db466f3c606057a0fa6432ae84e89c02f6
62f4f53487d1e48bc81150c6daf23a8a61c7fc6f8dc6b86469c8c4fa68c8d514,MITDB_P228,228,1235000000,4,20260927,MODEL_V2_TCN_MEANMAX,1,7.474881649017334,0.9994331002235413,12,V2-004-D1-MEANMAX-F04-S20260927,513a6baa0ccf6a18a076b475e11ec4db466f3c606057a0fa6432ae84e89c02f6
634090e215fea6370d745e1ae179b7d9d62375738f3d827c684073a530b1d062,MITDB_P221,221,50000000,4,20260927,MODEL_V2_TCN_MEANMAX,1,10.950485229492188,0.999982476234436,12,V2-004-D1-MEANMAX-F04-S20260927,513a6baa0ccf6a18a076b475e11ec4db466f3c606057a0fa6432ae84e89c02f6
636bae35aa49b1b303d0dc579d4a4724c2dac111687c1e97f43ceac6e97adeab,MITDB_P221,221,920000000,4,20260927,MODEL_V2_TCN_MEANMAX,1,12.098709106445312,0.9999943971633911,12,V2-004-D1-MEANMAX-F04-S20260927,513a6baa0ccf6a18a076b475e11ec4db466f3c606057a0fa6432ae84e89c02f6
638f9b8d02b72b9bbbfc2612cf2e85d891f00ede9dcc636291233da144f35b6c,MITDB_P230,230,445000000,4,20260927,MODEL_V2_TCN_MEANMAX,0,-4.458664417266846,0.01144530437886715,12,V2-004-D1-MEANMAX-F04-S20260927,513a6baa0ccf6a18a076b475e11ec4db466f3c606057a0fa6432ae84e89c02f6
63b712f810615e24f95cfc88d7a4ef64ab34b8a1eba80ed3d53b8b933dfd7927,MITDB_P205,205,1780000000,4,20260927,MODEL_V2_TCN_MEANMAX,0,-6.2066473960876465,0.002011928940191865,12,V2-004-D1-MEANMAX-F04-S20260927,513a6baa0ccf6a18a076b475e11ec4db466f3c606057a0fa6432ae84e89c02f6
63ccf9694613a7f935ad58fff5ade0052e093499a41f8438715e2848023d30b3,MITDB_P228,228,785000000,4,20260927,MODEL_V2_TCN_MEANMAX,1,7.163939476013184,0.9992265701293945,12,V2-004-D1-MEANMAX-F04-S20260927,513a6baa0ccf6a18a076b475e11ec4db466f3c606057a0fa6432ae84e89c02f6
6404979eb1c8ca1411bb977b2e2534a4377403ecda437fff04e9edce9174e987,MITDB_P228,228,1265000000,4,20260927,MODEL_V2_TCN_MEANMAX,1,10.191404342651367,0.999962568283081,12,V2-004-D1-MEANMAX-F04-S20260927,513a6baa0ccf6a18a076b475e11ec4db466f3c606057a0fa6432ae84e89c02f6
6415f0e847570ec2d6e718e34e331bb8ee88bb1504a62df9b50cc33d773310ab,MITDB_P221,221,305000000,4,20260927,MODEL_V2_TCN_MEANMAX,1,9.972672462463379,0.9999533891677856,12,V2-004-D1-MEANMAX-F04-S20260927,513a6baa0ccf6a18a076b475e11ec4db466f3c606057a0fa6432ae84e89c02f6
6428b4749ae4864e2215c077c83128bf221dc9e9012a56671ebcdea4a1cef9af,MITDB_P117,117,1005000000,4,20260927,MODEL_V2_TCN_MEANMAX,0,-3.5193121433258057,0.02876771055161953,12,V2-004-D1-MEANMAX-F04-S20260927,513a6baa0ccf6a18a076b475e11ec4db466f3c606057a0fa6432ae84e89c02f6
6460358517d26729bb28b97972644148eddec819c3503da71d4293e9ebd94c10,MITDB_P205,205,90000000,4,20260927,MODEL_V2_TCN_MEANMAX,0,-6.101344108581543,0.0022348493803292513,12,V2-004-D1-MEANMAX-F04-S20260927,513a6baa0ccf6a18a076b475e11ec4db466f3c606057a0fa6432ae84e89c02f6
6487b0e11915198f9f1a500df6cde48ecac6fbb2a117c06fb5f8d68b0a47ebf4,MITDB_P221,221,940000000,4,20260927,MODEL_V2_TCN_MEANMAX,1,11.88231372833252,0.999993085861206,12,V2-004-D1-MEANMAX-F04-S20260927,513a6baa0ccf6a18a076b475e11ec4db466f3c606057a0fa6432ae84e89c02f6
6497c22fe86babbdc72a9c5424e376eb36a1201e4c93a40acb6cc5456e233156,MITDB_P230,230,85000000,4,20260927,MODEL_V2_TCN_MEANMAX,0,-5.05352258682251,0.006346262991428375,12,V2-004-D1-MEANMAX-F04-S20260927,513a6baa0ccf6a18a076b475e11ec4db466f3c606057a0fa6432ae84e89c02f6
64c5e0f8de2766360ba1b3644abae5d67f858af03ccd00e9547664f41a727661,MITDB_P221,221,545000000,4,20260927,MODEL_V2_TCN_MEANMAX,1,11.93071174621582,0.9999934434890747,12,V2-004-D1-MEANMAX-F04-S20260927,513a6baa0ccf6a18a076b475e11ec4db466f3c606057a0fa6432ae84e89c02f6
64c6c2c3b6a0bd014416d3fd2b368ece8f823d3909b103a6400cbf9ce1df85d2,MITDB_P117,117,740000000,4,20260927,MODEL_V2_TCN_MEANMAX,0,-7.286985874176025,0.0006839197012595832,12,V2-004-D1-MEANMAX-F04-S20260927,513a6baa0ccf6a18a076b475e11ec4db466f3c606057a0fa6432ae84e89c02f6
64c9c82824732d3bbecd2dacec376bd35fdd7bbd56755b5e3e360cfa57aee91f,MITDB_P228,228,470000000,4,20260927,MODEL_V2_TCN_MEANMAX,1,12.11924934387207,0.9999945163726807,12,V2-004-D1-MEANMAX-F04-S20260927,513a6baa0ccf6a18a076b475e11ec4db466f3c606057a0fa6432ae84e89c02f6
64ec4cfe10ef9f9b7c53461a052ca29e5f021090a2a7fe3dffd014f4b471d768,MITDB_P117,117,365000000,4,20260927,MODEL_V2_TCN_MEANMAX,0,-2.9041459560394287,0.051948994398117065,12,V2-004-D1-MEANMAX-F04-S20260927,513a6baa0ccf6a18a076b475e11ec4db466f3c606057a0fa6432ae84e89c02f6
64ef6eda0bf862075826d0e8b150dba942a257ab0289d54870e9c4162a792af0,MITDB_P230,230,130000000,4,20260927,MODEL_V2_TCN_MEANMAX,0,-4.591499328613281,0.010035906918346882,12,V2-004-D1-MEANMAX-F04-S20260927,513a6baa0ccf6a18a076b475e11ec4db466f3c606057a0fa6432ae84e89c02f6
650a0fb146782431f3e975b1f877ec7b64fde01967e101bd0cce1f0d40e0c13b,MITDB_P117,117,1635000000,4,20260927,MODEL_V2_TCN_MEANMAX,0,-4.033146381378174,0.01741001382470131,12,V2-004-D1-MEANMAX-F04-S20260927,513a6baa0ccf6a18a076b475e11ec4db466f3c606057a0fa6432ae84e89c02f6
65407cc88a222a42905b2c8feb84d4fc6bc45e9099e7d48c71958fbfa468316c,MITDB_P205,205,1460000000,4,20260927,MODEL_V2_TCN_MEANMAX,1,16.885578155517578,1.0,12,V2-004-D1-MEANMAX-F04-S20260927,513a6baa0ccf6a18a076b475e11ec4db466f3c606057a0fa6432ae84e89c02f6
657c53c6830bbc976c17a61d44c601c13a04b13c415f674969d487d6b3549154,MITDB_P228,228,1710000000,4,20260927,MODEL_V2_TCN_MEANMAX,1,7.514784812927246,0.9994552731513977,12,V2-004-D1-MEANMAX-F04-S20260927,513a6baa0ccf6a18a076b475e11ec4db466f3c606057a0fa6432ae84e89c02f6
657cbf92f86fb61a548d6a90642c529d90595bcc6cf216ec2f26e0054936d1d7,MITDB_P228,228,840000000,4,20260927,MODEL_V2_TCN_MEANMAX,1,5.954020023345947,0.99741131067276,12,V2-004-D1-MEANMAX-F04-S20260927,513a6baa0ccf6a18a076b475e11ec4db466f3c606057a0fa6432ae84e89c02f6
657e42d5e9763da645a642af5c21b710dd7e02805d02dd41d0bfac869c09ba27,MITDB_P117,117,55000000,4,20260927,MODEL_V2_TCN_MEANMAX,0,1.2197479009628296,0.7720192074775696,12,V2-004-D1-MEANMAX-F04-S20260927,513a6baa0ccf6a18a076b475e11ec4db466f3c606057a0fa6432ae84e89c02f6
659a05016362e916fa255b56bbf8dcdea0c9421b2b88405fb410a1153dc90b46,MITDB_P230,230,1395000000,4,20260927,MODEL_V2_TCN_MEANMAX,0,-4.029932975769043,0.017465069890022278,12,V2-004-D1-MEANMAX-F04-S20260927,513a6baa0ccf6a18a076b475e11ec4db466f3c606057a0fa6432ae84e89c02f6
65a808d210462771b3cb6dd00c3a10d8ebb23bf3f3c7c9456a4edd85749849ce,MITDB_P205,205,995000000,4,20260927,MODEL_V2_TCN_MEANMAX,0,-4.950049877166748,0.007033238653093576,12,V2-004-D1-MEANMAX-F04-S20260927,513a6baa0ccf6a18a076b475e11ec4db466f3c606057a0fa6432ae84e89c02f6
65e0ed543e488408f73d9932a40e47d35b0f3ab921cc513ff769ffd8e83e8f31,MITDB_P228,228,30000000,4,20260927,MODEL_V2_TCN_MEANMAX,1,6.418365955352783,0.9983713030815125,12,V2-004-D1-MEANMAX-F04-S20260927,513a6baa0ccf6a18a076b475e11ec4db466f3c606057a0fa6432ae84e89c02f6
65f3953e3d3d0138d5935af3b6ca11892e50fcce13c71b831ff7e24f73a2c792,MITDB_P205,205,1105000000,4,20260927,MODEL_V2_TCN_MEANMAX,0,-5.860199451446533,0.002842571819201112,12,V2-004-D1-MEANMAX-F04-S20260927,513a6baa0ccf6a18a076b475e11ec4db466f3c606057a0fa6432ae84e89c02f6
6637da57e2f9de1ce93a3489b7b84f4469bfd8689a6fc37e5fb3b01982770e90,MITDB_P117,117,250000000,4,20260927,MODEL_V2_TCN_MEANMAX,0,-1.2589081525802612,0.22116191685199738,12,V2-004-D1-MEANMAX-F04-S20260927,513a6baa0ccf6a18a076b475e11ec4db466f3c606057a0fa6432ae84e89c02f6
6690f7fd9743bbc1a87ee295e393f96a7646b9fae16b2f9882d8ae6f7933731a,MITDB_P117,117,1750000000,4,20260927,MODEL_V2_TCN_MEANMAX,0,-0.9551849961280823,0.27784326672554016,12,V2-004-D1-MEANMAX-F04-S20260927,513a6baa0ccf6a18a076b475e11ec4db466f3c606057a0fa6432ae84e89c02f6
66b48a39abb3600260e90d7280600a7f759e7b402443fced3878c52dbe333ff6,MITDB_P228,228,105000000,4,20260927,MODEL_V2_TCN_MEANMAX,1,7.584766864776611,0.9994920492172241,12,V2-004-D1-MEANMAX-F04-S20260927,513a6baa0ccf6a18a076b475e11ec4db466f3c606057a0fa6432ae84e89c02f6
66d37a4d5db7ff2741982f0b9444c4bea190689054e17deaa4d539ab94d8dd7b,MITDB_P221,221,1035000000,4,20260927,MODEL_V2_TCN_MEANMAX,1,12.013311386108398,0.9999939203262329,12,V2-004-D1-MEANMAX-F04-S20260927,513a6baa0ccf6a18a076b475e11ec4db466f3c606057a0fa6432ae84e89c02f6
66e076a08e575da33976c6dd4af78698c276a07daf6684f052421d4a284f58f6,MITDB_P230,230,1530000000,4,20260927,MODEL_V2_TCN_MEANMAX,0,-1.5105417966842651,0.1808585226535797,12,V2-004-D1-MEANMAX-F04-S20260927,513a6baa0ccf6a18a076b475e11ec4db466f3c606057a0fa6432ae84e89c02f6
67247666643dc1336f5211e8710d778185dd3b4490e6bf4ce893077be6972a57,MITDB_P221,221,980000000,4,20260927,MODEL_V2_TCN_MEANMAX,1,9.352609634399414,0.999913215637207,12,V2-004-D1-MEANMAX-F04-S20260927,513a6baa0ccf6a18a076b475e11ec4db466f3c606057a0fa6432ae84e89c02f6
674d2fc33e7f76b2f6505752271580d3d293a67e619ecdc0681890a6db7a5230,MITDB_P205,205,595000000,4,20260927,MODEL_V2_TCN_MEANMAX,0,-5.684217929840088,0.003387675154954195,12,V2-004-D1-MEANMAX-F04-S20260927,513a6baa0ccf6a18a076b475e11ec4db466f3c606057a0fa6432ae84e89c02f6
676531cd5a491f9f55646b3e4fb302dc989280d1308d13646e0f96a8b627598b,MITDB_P230,230,840000000,4,20260927,MODEL_V2_TCN_MEANMAX,0,-6.210978984832764,0.0020032504107803106,12,V2-004-D1-MEANMAX-F04-S20260927,513a6baa0ccf6a18a076b475e11ec4db466f3c606057a0fa6432ae84e89c02f6
676e25e81c080684133769c25528a0ee3a31d614a9d9b161952173c2b53fd650,MITDB_P117,117,1600000000,4,20260927,MODEL_V2_TCN_MEANMAX,0,-3.6612749099731445,0.02505579963326454,12,V2-004-D1-MEANMAX-F04-S20260927,513a6baa0ccf6a18a076b475e11ec4db466f3c606057a0fa6432ae84e89c02f6
6826920edf2b6383999c4cbe75c46a0e60119f5c5f5eec3fa9f46cc12457479f,MITDB_P205,205,495000000,4,20260927,MODEL_V2_TCN_MEANMAX,0,-5.5368170738220215,0.003923589363694191,12,V2-004-D1-MEANMAX-F04-S20260927,513a6baa0ccf6a18a076b475e11ec4db466f3c606057a0fa6432ae84e89c02f6
6831fc6d46ddf9ead6e40e3522ba686918f1320ac3e9eff1d537a3e817cc414d,MITDB_P205,205,1425000000,4,20260927,MODEL_V2_TCN_MEANMAX,0,-6.412291526794434,0.0016385698691010475,12,V2-004-D1-MEANMAX-F04-S20260927,513a6baa0ccf6a18a076b475e11ec4db466f3c606057a0fa6432ae84e89c02f6
68354bd6b6ffb62f2241c5279f2ee7ba8e26931a591c2dc0b3e0e7ca28588a0b,MITDB_P117,117,940000000,4,20260927,MODEL_V2_TCN_MEANMAX,0,-3.2614667415618896,0.036917027086019516,12,V2-004-D1-MEANMAX-F04-S20260927,513a6baa0ccf6a18a076b475e11ec4db466f3c606057a0fa6432ae84e89c02f6
685179c866b8525166bdfea01d62b9c7142857ac4ff47be68e46d5a4492453af,MITDB_P117,117,1280000000,4,20260927,MODEL_V2_TCN_MEANMAX,0,-2.137073040008545,0.10554539412260056,12,V2-004-D1-MEANMAX-F04-S20260927,513a6baa0ccf6a18a076b475e11ec4db466f3c606057a0fa6432ae84e89c02f6
689dcb091edb25e9429ff539a058c0c7f60e5a114ee62b3c07d7fb65fad17302,MITDB_P228,228,870000000,4,20260927,MODEL_V2_TCN_MEANMAX,1,7.035905838012695,0.9991210103034973,12,V2-004-D1-MEANMAX-F04-S20260927,513a6baa0ccf6a18a076b475e11ec4db466f3c606057a0fa6432ae84e89c02f6
68ba3add7a603271462604307644928469604e4a88e8e3ffcf9a8b4b938f17da,MITDB_P228,228,1470000000,4,20260927,MODEL_V2_TCN_MEANMAX,1,7.259308338165283,0.9992969036102295,12,V2-004-D1-MEANMAX-F04-S20260927,513a6baa0ccf6a18a076b475e11ec4db466f3c606057a0fa6432ae84e89c02f6
68cdda576150455da253d0797eef87cf75e1f1693d81543ab34d5e98c7fd87da,MITDB_P205,205,445000000,4,20260927,MODEL_V2_TCN_MEANMAX,0,-4.162989139556885,0.015322540886700153,12,V2-004-D1-MEANMAX-F04-S20260927,513a6baa0ccf6a18a076b475e11ec4db466f3c606057a0fa6432ae84e89c02f6
68d844fc5804be0878d434e2d4cf22027149052155910e31d6cbbdf482ad69a7,MITDB_P205,205,690000000,4,20260927,MODEL_V2_TCN_MEANMAX,0,-5.560489177703857,0.0038321521133184433,12,V2-004-D1-MEANMAX-F04-S20260927,513a6baa0ccf6a18a076b475e11ec4db466f3c606057a0fa6432ae84e89c02f6
6906f5913146e7618ce891f69ff685ff735ac49d400c4ef49428c91f06f7d10e,MITDB_P230,230,1775000000,4,20260927,MODEL_V2_TCN_MEANMAX,0,4.262184143066406,0.9861043095588684,12,V2-004-D1-MEANMAX-F04-S20260927,513a6baa0ccf6a18a076b475e11ec4db466f3c606057a0fa6432ae84e89c02f6
692e70ee07f66ea5663457d5967ae4c3d67c9d4c87bef8c3d0e8ecf822f07de8,MITDB_P230,230,945000000,4,20260927,MODEL_V2_TCN_MEANMAX,0,-3.5293586254119873,0.02848833240568638,12,V2-004-D1-MEANMAX-F04-S20260927,513a6baa0ccf6a18a076b475e11ec4db466f3c606057a0fa6432ae84e89c02f6
694e16d13e0857ed3c7d3456678cf0b7456a0a71e6d15420dd3c539772491503,MITDB_P230,230,965000000,4,20260927,MODEL_V2_TCN_MEANMAX,0,-4.701374053955078,0.009001033380627632,12,V2-004-D1-MEANMAX-F04-S20260927,513a6baa0ccf6a18a076b475e11ec4db466f3c606057a0fa6432ae84e89c02f6
6995e396e292eae2efc4e01bbc15ad41fcb3c4616bd5bececac8f72e9ac19fbf,MITDB_P117,117,845000000,4,20260927,MODEL_V2_TCN_MEANMAX,0,-3.998070001602173,0.018020329996943474,12,V2-004-D1-MEANMAX-F04-S20260927,513a6baa0ccf6a18a076b475e11ec4db466f3c606057a0fa6432ae84e89c02f6
69a00adaad028a769e043f1ece300d4d5778d043164dbb55d5d2283a614456f1,MITDB_P221,221,425000000,4,20260927,MODEL_V2_TCN_MEANMAX,1,12.471502304077148,0.9999961853027344,12,V2-004-D1-MEANMAX-F04-S20260927,513a6baa0ccf6a18a076b475e11ec4db466f3c606057a0fa6432ae84e89c02f6
69e03d542e3abbe672f65ae42d1205ce3c4a3d874a8f93f7efbd492f79624298,MITDB_P230,230,1085000000,4,20260927,MODEL_V2_TCN_MEANMAX,0,-2.5161538124084473,0.07473346590995789,12,V2-004-D1-MEANMAX-F04-S20260927,513a6baa0ccf6a18a076b475e11ec4db466f3c606057a0fa6432ae84e89c02f6
6a1c7c0e66ddeb724a3d1b6e003994f48c83d074963e935d1266e063b6a378a1,MITDB_P221,221,1315000000,4,20260927,MODEL_V2_TCN_MEANMAX,1,9.565603256225586,0.9999299049377441,12,V2-004-D1-MEANMAX-F04-S20260927,513a6baa0ccf6a18a076b475e11ec4db466f3c606057a0fa6432ae84e89c02f6
6a948d12654798db229e0b4ef02a41e8fc4a5300bf74a6962ac926d50fe2cdde,MITDB_P230,230,625000000,4,20260927,MODEL_V2_TCN_MEANMAX,0,-5.5540337562561035,0.003856874769553542,12,V2-004-D1-MEANMAX-F04-S20260927,513a6baa0ccf6a18a076b475e11ec4db466f3c606057a0fa6432ae84e89c02f6
6aa85fb797a839fb85c19d2426b3f46fd202086d910b4fdda3fe417166da1a23,MITDB_P205,205,1805000000,4,20260927,MODEL_V2_TCN_MEANMAX,0,-6.509890079498291,0.0014864306431263685,12,V2-004-D1-MEANMAX-F04-S20260927,513a6baa0ccf6a18a076b475e11ec4db466f3c606057a0fa6432ae84e89c02f6
6b0f241af36be7c85240d6ab378e15fbbad5a4c259f68ab3d0d8f166124ae42f,MITDB_P117,117,785000000,4,20260927,MODEL_V2_TCN_MEANMAX,0,-3.9600164890289307,0.01870620809495449,12,V2-004-D1-MEANMAX-F04-S20260927,513a6baa0ccf6a18a076b475e11ec4db466f3c606057a0fa6432ae84e89c02f6
6b204e83d8a20b267301ea6665c304493aa6b3a0d33bc94205f1273fe4b06446,MITDB_P117,117,285000000,4,20260927,MODEL_V2_TCN_MEANMAX,0,-1.3998183012008667,0.19784493744373322,12,V2-004-D1-MEANMAX-F04-S20260927,513a6baa0ccf6a18a076b475e11ec4db466f3c606057a0fa6432ae84e89c02f6
6b30d212bf1b32ca8af577e0012d3c60ef56341950ab70c70aeec5dd77ee59f0,MITDB_P205,205,1280000000,4,20260927,MODEL_V2_TCN_MEANMAX,0,-6.844974517822266,0.001063660834915936,12,V2-004-D1-MEANMAX-F04-S20260927,513a6baa0ccf6a18a076b475e11ec4db466f3c606057a0fa6432ae84e89c02f6
6b358c5158a7e2854601595d92c7cbd7ef40ce57cc06eace78759e251e1c0ef2,MITDB_P230,230,320000000,4,20260927,MODEL_V2_TCN_MEANMAX,0,-5.148292064666748,0.005775765050202608,12,V2-004-D1-MEANMAX-F04-S20260927,513a6baa0ccf6a18a076b475e11ec4db466f3c606057a0fa6432ae84e89c02f6
6b37c83c231abbb14cdcd1a3cfdc1747b2c379a2f3b2a1ed0b9599771c2b020e,MITDB_P205,205,1550000000,4,20260927,MODEL_V2_TCN_MEANMAX,0,-6.373016357421875,0.0017040936509147286,12,V2-004-D1-MEANMAX-F04-S20260927,513a6baa0ccf6a18a076b475e11ec4db466f3c606057a0fa6432ae84e89c02f6
6b8bd48199f2b52a0bed5f5bed03c610c1e72d7a9c3deb3e026eb08481496fa7,MITDB_P230,230,485000000,4,20260927,MODEL_V2_TCN_MEANMAX,0,-3.5010523796081543,0.029282301664352417,12,V2-004-D1-MEANMAX-F04-S20260927,513a6baa0ccf6a18a076b475e11ec4db466f3c606057a0fa6432ae84e89c02f6
6bb0635a2727537fba62e9d0d4fbb74c547e5bc873ed4335d39e68ba83eca5dd,MITDB_P221,221,1360000000,4,20260927,MODEL_V2_TCN_MEANMAX,1,13.976990699768066,0.9999991655349731,12,V2-004-D1-MEANMAX-F04-S20260927,513a6baa0ccf6a18a076b475e11ec4db466f3c606057a0fa6432ae84e89c02f6
6c014e5fdd946ab6f92ea6cf4cb82801181bfeddd99945b4fea1b72873b3db45,MITDB_P221,221,905000000,4,20260927,MODEL_V2_TCN_MEANMAX,1,12.685159683227539,0.9999969005584717,12,V2-004-D1-MEANMAX-F04-S20260927,513a6baa0ccf6a18a076b475e11ec4db466f3c606057a0fa6432ae84e89c02f6
6c4dc9fc06ee09e3dd0ec4648dc8c7eb5f1a6fcd8488d33ac892c34fdf1e3d30,MITDB_P221,221,1230000000,4,20260927,MODEL_V2_TCN_MEANMAX,1,12.087289810180664,0.9999943971633911,12,V2-004-D1-MEANMAX-F04-S20260927,513a6baa0ccf6a18a076b475e11ec4db466f3c606057a0fa6432ae84e89c02f6
6c4f61577e5ebf009fc4d145ff6135396be830e2a4237cd8ee06e7f4f7ed8d2f,MITDB_P221,221,225000000,4,20260927,MODEL_V2_TCN_MEANMAX,1,13.797784805297852,0.999998927116394,12,V2-004-D1-MEANMAX-F04-S20260927,513a6baa0ccf6a18a076b475e11ec4db466f3c606057a0fa6432ae84e89c02f6
6cbecfb93c488a6b1c142cf0f0bf6f5ad6e426c35b4d1534e382693027866532,MITDB_P221,221,1500000000,4,20260927,MODEL_V2_TCN_MEANMAX,0,2.410029649734497,0.9175889492034912,12,V2-004-D1-MEANMAX-F04-S20260927,513a6baa0ccf6a18a076b475e11ec4db466f3c606057a0fa6432ae84e89c02f6
6cec76dabeb6c7dad3aeadae2cf4a167a9e471a0f629b8dc6106a83dabda320f,MITDB_P228,228,1755000000,4,20260927,MODEL_V2_TCN_MEANMAX,1,0.7646916508674622,0.6823714375495911,12,V2-004-D1-MEANMAX-F04-S20260927,513a6baa0ccf6a18a076b475e11ec4db466f3c606057a0fa6432ae84e89c02f6
6d149ce2df36001dd97c10d0c03b5e701cf5d035a1523941917614f92fd37e85,MITDB_P230,230,1330000000,4,20260927,MODEL_V2_TCN_MEANMAX,0,-4.0802459716796875,0.016622334718704224,12,V2-004-D1-MEANMAX-F04-S20260927,513a6baa0ccf6a18a076b475e11ec4db466f3c606057a0fa6432ae84e89c02f6
6d28f3f79fdce9a995dc717768baae8cba24aeca7b3707bcd24fce790d8fd6e0,MITDB_P228,228,180000000,4,20260927,MODEL_V2_TCN_MEANMAX,1,-0.6397952437400818,0.3452928066253662,12,V2-004-D1-MEANMAX-F04-S20260927,513a6baa0ccf6a18a076b475e11ec4db466f3c606057a0fa6432ae84e89c02f6
6d5a41f0b905d8539a94bbfe6a4f3203cfacb4010464de197d7de02c26a7214c,MITDB_P221,221,260000000,4,20260927,MODEL_V2_TCN_MEANMAX,1,10.67490005493164,0.9999768733978271,12,V2-004-D1-MEANMAX-F04-S20260927,513a6baa0ccf6a18a076b475e11ec4db466f3c606057a0fa6432ae84e89c02f6
6d8eab783073053e02e869a9642b5785f31fafae43d1779aee44ddcce2faf06f,MITDB_P228,228,160000000,4,20260927,MODEL_V2_TCN_MEANMAX,1,12.200081825256348,0.9999949932098389,12,V2-004-D1-MEANMAX-F04-S20260927,513a6baa0ccf6a18a076b475e11ec4db466f3c606057a0fa6432ae84e89c02f6
6da82982636c1eed2e0c0847982697cbafbc5251408380ff04040d160b94624c,MITDB_P230,230,455000000,4,20260927,MODEL_V2_TCN_MEANMAX,0,-4.4737091064453125,0.011276328936219215,12,V2-004-D1-MEANMAX-F04-S20260927,513a6baa0ccf6a18a076b475e11ec4db466f3c606057a0fa6432ae84e89c02f6
6dccc8a3cb9c691f84ad4a602fc77221d27f280c5202a448124f0a8aedf801c8,MITDB_P230,230,575000000,4,20260927,MODEL_V2_TCN_MEANMAX,0,-4.504326343536377,0.01094003114849329,12,V2-004-D1-MEANMAX-F04-S20260927,513a6baa0ccf6a18a076b475e11ec4db466f3c606057a0fa6432ae84e89c02f6
6e1e32dee3489b9b3bf7f76d2e55f52faaf5f989df9b34cf121466aabc444842,MITDB_P117,117,40000000,4,20260927,MODEL_V2_TCN_MEANMAX,0,1.015862226486206,0.7341658473014832,12,V2-004-D1-MEANMAX-F04-S20260927,513a6baa0ccf6a18a076b475e11ec4db466f3c606057a0fa6432ae84e89c02f6
6e3dcd86dc5e17b2f5c1eb83f4ce7970643d52406b6afa05fe6f6e5d6f73792b,MITDB_P205,205,625000000,4,20260927,MODEL_V2_TCN_MEANMAX,0,-5.784280300140381,0.0030660931952297688,12,V2-004-D1-MEANMAX-F04-S20260927,513a6baa0ccf6a18a076b475e11ec4db466f3c606057a0fa6432ae84e89c02f6
6e88ab5b5d827570a3f30f14a3e0eb36794ee94edafaf10198c6026731c3e0e3,MITDB_P221,221,765000000,4,20260927,MODEL_V2_TCN_MEANMAX,1,9.59538459777832,0.9999319314956665,12,V2-004-D1-MEANMAX-F04-S20260927,513a6baa0ccf6a18a076b475e11ec4db466f3c606057a0fa6432ae84e89c02f6
6e9842e142bbd9a8eb6bb7a3e372b418650609161bd66fa1c01c01fb912f5202,MITDB_P221,221,320000000,4,20260927,MODEL_V2_TCN_MEANMAX,1,11.945053100585938,0.9999935626983643,12,V2-004-D1-MEANMAX-F04-S20260927,513a6baa0ccf6a18a076b475e11ec4db466f3c606057a0fa6432ae84e89c02f6
6ecd41512c29599fd925f9ea09b8f85a9386c7f48bdef5322bb7d6d44574b52c,MITDB_P228,228,1100000000,4,20260927,MODEL_V2_TCN_MEANMAX,0,-12.565057754516602,3.4919116842502262e-06,12,V2-004-D1-MEANMAX-F04-S20260927,513a6baa0ccf6a18a076b475e11ec4db466f3c606057a0fa6432ae84e89c02f6
6ef3cd14fac07a0e76b180d90e0517e9fdb8887e56c785d1d5f14e394a13e6db,MITDB_P228,228,1460000000,4,20260927,MODEL_V2_TCN_MEANMAX,1,7.437123775482178,0.9994113445281982,12,V2-004-D1-MEANMAX-F04-S20260927,513a6baa0ccf6a18a076b475e11ec4db466f3c606057a0fa6432ae84e89c02f6
6f4607a1da743cbc92dec93e757f8ca9b5f42b2e8ee95c63e1f9d9e4bbbdca76,MITDB_P117,117,795000000,4,20260927,MODEL_V2_TCN_MEANMAX,0,-2.6900007724761963,0.06356596946716309,12,V2-004-D1-MEANMAX-F04-S20260927,513a6baa0ccf6a18a076b475e11ec4db466f3c606057a0fa6432ae84e89c02f6
6f55cf68e565172fd97e29f7a42bd8cdae1589a0c4e66bd59378af194bb2df59,MITDB_P230,230,1370000000,4,20260927,MODEL_V2_TCN_MEANMAX,0,-4.265134811401367,0.013855306431651115,12,V2-004-D1-MEANMAX-F04-S20260927,513a6baa0ccf6a18a076b475e11ec4db466f3c606057a0fa6432ae84e89c02f6
6f76d7e7b33db0770b9befe76d84e908852ddae473139cf2a3937cb9c62cb3ec,MITDB_P228,228,1565000000,4,20260927,MODEL_V2_TCN_MEANMAX,0,-10.313591957092285,3.3177948353113607e-05,12,V2-004-D1-MEANMAX-F04-S20260927,513a6baa0ccf6a18a076b475e11ec4db466f3c606057a0fa6432ae84e89c02f6
7016e3cf973503fe38d3e14690c12cb008fc93a07151ac6a95d0ae5381b8247f,MITDB_P221,221,550000000,4,20260927,MODEL_V2_TCN_MEANMAX,1,12.287307739257812,0.9999953508377075,12,V2-004-D1-MEANMAX-F04-S20260927,513a6baa0ccf6a18a076b475e11ec4db466f3c606057a0fa6432ae84e89c02f6
701a6561555c381f81b716a0c4154641e393a9be5ec2c424605df9b56c921e7c,MITDB_P230,230,725000000,4,20260927,MODEL_V2_TCN_MEANMAX,0,-6.172094345092773,0.0020825150422751904,12,V2-004-D1-MEANMAX-F04-S20260927,513a6baa0ccf6a18a076b475e11ec4db466f3c606057a0fa6432ae84e89c02f6
702ab6f9bf201a0caab9d849fd5659cceb640493a54ed15f779987ce3961a660,MITDB_P221,221,465000000,4,20260927,MODEL_V2_TCN_MEANMAX,1,12.197364807128906,0.9999949932098389,12,V2-004-D1-MEANMAX-F04-S20260927,513a6baa0ccf6a18a076b475e11ec4db466f3c606057a0fa6432ae84e89c02f6
704404d92413bf3a2d11b25f1b8b581278687195b211f31772ea35e03778af2f,MITDB_P221,221,1555000000,4,20260927,MODEL_V2_TCN_MEANMAX,0,1.1253010034561157,0.7549706697463989,12,V2-004-D1-MEANMAX-F04-S20260927,513a6baa0ccf6a18a076b475e11ec4db466f3c606057a0fa6432ae84e89c02f6
704f3e2d235cb2f375de6b5a9563497aeec5ed6a60803710745bd703a046fd94,MITDB_P117,117,820000000,4,20260927,MODEL_V2_TCN_MEANMAX,0,-2.7930662631988525,0.057700011879205704,12,V2-004-D1-MEANMAX-F04-S20260927,513a6baa0ccf6a18a076b475e11ec4db466f3c606057a0fa6432ae84e89c02f6
707f59845bc6f25e3aee7795abf9f526de26c02f38baa43f47295ca35a5eb6bc,MITDB_P205,205,55000000,4,20260927,MODEL_V2_TCN_MEANMAX,0,-6.055023670196533,0.0023405556567013264,12,V2-004-D1-MEANMAX-F04-S20260927,513a6baa0ccf6a18a076b475e11ec4db466f3c606057a0fa6432ae84e89c02f6
70ab33a11ef8a081630c3cbc86f2d49ae0a51d4c271bb67b7ec63911491c6efd,MITDB_P228,228,1450000000,4,20260927,MODEL_V2_TCN_MEANMAX,1,8.381179809570312,0.9997709393501282,12,V2-004-D1-MEANMAX-F04-S20260927,513a6baa0ccf6a18a076b475e11ec4db466f3c606057a0fa6432ae84e89c02f6
70d244cacde510c9be59f69e568c3a44a5ebf734451e7ef6a910152cb9f8d731,MITDB_P230,230,1115000000,4,20260927,MODEL_V2_TCN_MEANMAX,0,-2.763901472091675,0.05930633097887039,12,V2-004-D1-MEANMAX-F04-S20260927,513a6baa0ccf6a18a076b475e11ec4db466f3c606057a0fa6432ae84e89c02f6
70e080a56aebb0fa541b904502115e48c332e47dfc7d3df236a57345545d7350,MITDB_P230,230,1580000000,4,20260927,MODEL_V2_TCN_MEANMAX,0,1.290167212486267,0.7841755151748657,12,V2-004-D1-MEANMAX-F04-S20260927,513a6baa0ccf6a18a076b475e11ec4db466f3c606057a0fa6432ae84e89c02f6
70fe52b2e767e847839ad8cf568872252acfa3d25615e98d3dad9e106aa8b1e9,MITDB_P221,221,365000000,4,20260927,MODEL_V2_TCN_MEANMAX,1,13.272844314575195,0.9999983310699463,12,V2-004-D1-MEANMAX-F04-S20260927,513a6baa0ccf6a18a076b475e11ec4db466f3c606057a0fa6432ae84e89c02f6
71635a40c34ddd0f51c41043d937b55750df94e751eeff111df8f404c12bbe8d,MITDB_P230,230,655000000,4,20260927,MODEL_V2_TCN_MEANMAX,0,-5.774811267852783,0.003095173742622137,12,V2-004-D1-MEANMAX-F04-S20260927,513a6baa0ccf6a18a076b475e11ec4db466f3c606057a0fa6432ae84e89c02f6
7172603cd6ea0f0ac3e6f7b2186e4bd2f073b0898ef7b81d73df1b966abd3527,MITDB_P230,230,830000000,4,20260927,MODEL_V2_TCN_MEANMAX,0,-6.895251750946045,0.0010115577606484294,12,V2-004-D1-MEANMAX-F04-S20260927,513a6baa0ccf6a18a076b475e11ec4db466f3c606057a0fa6432ae84e89c02f6
719a32975002a515565d2288866cc9000ae3fb0de4d8957b687782e7ee59b8c6,MITDB_P228,228,580000000,4,20260927,MODEL_V2_TCN_MEANMAX,1,10.637171745300293,0.9999760389328003,12,V2-004-D1-MEANMAX-F04-S20260927,513a6baa0ccf6a18a076b475e11ec4db466f3c606057a0fa6432ae84e89c02f6
719b2166063c6f6997e3b7a4daeae476d62a5f5fa0b815eb04fe28c2bd73e1a2,MITDB_P117,117,1560000000,4,20260927,MODEL_V2_TCN_MEANMAX,0,-4.552291393280029,0.010433022864162922,12,V2-004-D1-MEANMAX-F04-S20260927,513a6baa0ccf6a18a076b475e11ec4db466f3c606057a0fa6432ae84e89c02f6
71cce126fa441125018225231b7edabac2936bc5a219b187cad373362b1e0044,MITDB_P221,221,1375000000,4,20260927,MODEL_V2_TCN_MEANMAX,1,12.935203552246094,0.999997615814209,12,V2-004-D1-MEANMAX-F04-S20260927,513a6baa0ccf6a18a076b475e11ec4db466f3c606057a0fa6432ae84e89c02f6
71e932175b48f1aa718bf2894b8655d7814a9503cf4278bb1153294517988555,MITDB_P221,221,1485000000,4,20260927,MODEL_V2_TCN_MEANMAX,0,-2.156446933746338,0.10373032093048096,12,V2-004-D1-MEANMAX-F04-S20260927,513a6baa0ccf6a18a076b475e11ec4db466f3c606057a0fa6432ae84e89c02f6
7234cf1bed503c45e933c1dd69f9360d8473ab36682c2c95b4a979c2f1264bae,MITDB_P117,117,1150000000,4,20260927,MODEL_V2_TCN_MEANMAX,0,-3.464845657348633,0.030329199507832527,12,V2-004-D1-MEANMAX-F04-S20260927,513a6baa0ccf6a18a076b475e11ec4db466f3c606057a0fa6432ae84e89c02f6
7273549e25a36f82be15d533ab85b80bdbaf714179a373ec930afc09a2f916e3,MITDB_P230,230,640000000,4,20260927,MODEL_V2_TCN_MEANMAX,0,-5.78090238571167,0.0030764357652515173,12,V2-004-D1-MEANMAX-F04-S20260927,513a6baa0ccf6a18a076b475e11ec4db466f3c606057a0fa6432ae84e89c02f6
727c5e7047cbd3a949446a1c558e0b9307da9ba34c2f47b79f79ba3974702172,MITDB_P221,221,700000000,4,20260927,MODEL_V2_TCN_MEANMAX,1,11.100889205932617,0.999984860420227,12,V2-004-D1-MEANMAX-F04-S20260927,513a6baa0ccf6a18a076b475e11ec4db466f3c606057a0fa6432ae84e89c02f6
728d318d8c6ffcc24e193f713b4989e6d0c244c73c8928cb583ad54302ff238b,MITDB_P230,230,40000000,4,20260927,MODEL_V2_TCN_MEANMAX,0,-1.759369969367981,0.14686927199363708,12,V2-004-D1-MEANMAX-F04-S20260927,513a6baa0ccf6a18a076b475e11ec4db466f3c606057a0fa6432ae84e89c02f6
7296474fa9c6d25d37bf805b29cfd482554a8f65120f15a834f3a4cefbba9735,MITDB_P228,228,590000000,4,20260927,MODEL_V2_TCN_MEANMAX,1,11.743270874023438,0.9999920129776001,12,V2-004-D1-MEANMAX-F04-S20260927,513a6baa0ccf6a18a076b475e11ec4db466f3c606057a0fa6432ae84e89c02f6
7297361a4fe113062815799a73236e4282c0d5f10ff20845d81cbfd02404b912,MITDB_P221,221,1340000000,4,20260927,MODEL_V2_TCN_MEANMAX,1,12.823663711547852,0.9999972581863403,12,V2-004-D1-MEANMAX-F04-S20260927,513a6baa0ccf6a18a076b475e11ec4db466f3c606057a0fa6432ae84e89c02f6
72babe6d4a6ad6b6407f6e9532b79d6ada78c70d04658ade5da106a92df94f00,MITDB_P221,221,825000000,4,20260927,MODEL_V2_TCN_MEANMAX,1,14.20406436920166,0.9999992847442627,12,V2-004-D1-MEANMAX-F04-S20260927,513a6baa0ccf6a18a076b475e11ec4db466f3c606057a0fa6432ae84e89c02f6
72d22251a07fb5223b01682f7b202ed6f103b06f7bd411a5b86ce561c3ceede9,MITDB_P205,205,400000000,4,20260927,MODEL_V2_TCN_MEANMAX,0,-5.727736949920654,0.0032438768539577723,12,V2-004-D1-MEANMAX-F04-S20260927,513a6baa0ccf6a18a076b475e11ec4db466f3c606057a0fa6432ae84e89c02f6
735b64839c28e44447782a1ac6c49e0f57fa4a105c070c55ed7940e047286b92,MITDB_P205,205,65000000,4,20260927,MODEL_V2_TCN_MEANMAX,0,-5.7177042961120605,0.0032764782663434744,12,V2-004-D1-MEANMAX-F04-S20260927,513a6baa0ccf6a18a076b475e11ec4db466f3c606057a0fa6432ae84e89c02f6
73612bb41679cbf5dea253b8142f4e8f32a244cfb73ee038777b3343f7b49afe,MITDB_P205,205,1755000000,4,20260927,MODEL_V2_TCN_MEANMAX,0,-6.615941524505615,0.0013370634987950325,12,V2-004-D1-MEANMAX-F04-S20260927,513a6baa0ccf6a18a076b475e11ec4db466f3c606057a0fa6432ae84e89c02f6
7399bba6dc553b62dafa9c407bfea11c490f1a48cfb48ae081b16846e93a5e03,MITDB_P117,117,485000000,4,20260927,MODEL_V2_TCN_MEANMAX,0,-1.9238038063049316,0.1274379938840866,12,V2-004-D1-MEANMAX-F04-S20260927,513a6baa0ccf6a18a076b475e11ec4db466f3c606057a0fa6432ae84e89c02f6
73a4755b5e5f917b7f768c169b157d37db404a94e8fd7a73c5eb0be041964383,MITDB_P205,205,590000000,4,20260927,MODEL_V2_TCN_MEANMAX,0,-4.274445533752441,0.013728665187954903,12,V2-004-D1-MEANMAX-F04-S20260927,513a6baa0ccf6a18a076b475e11ec4db466f3c606057a0fa6432ae84e89c02f6
73afb1ebeabab74dea21db895ed263366502bf9753604adadd0cd2cc84c48496,MITDB_P221,221,1775000000,4,20260927,MODEL_V2_TCN_MEANMAX,0,2.8842740058898926,0.9470635652542114,12,V2-004-D1-MEANMAX-F04-S20260927,513a6baa0ccf6a18a076b475e11ec4db466f3c606057a0fa6432ae84e89c02f6
73eab699aa33498366ab5966555cafa5927619cf23af201a372bd93067220775,MITDB_P221,221,1025000000,4,20260927,MODEL_V2_TCN_MEANMAX,1,12.586884498596191,0.999996542930603,12,V2-004-D1-MEANMAX-F04-S20260927,513a6baa0ccf6a18a076b475e11ec4db466f3c606057a0fa6432ae84e89c02f6
73eb02426c71fc665de9e9b2e69a4d3489d2bb6cbe440fbaeecb53802e7c0ede,MITDB_P221,221,130000000,4,20260927,MODEL_V2_TCN_MEANMAX,1,10.593293190002441,0.9999749660491943,12,V2-004-D1-MEANMAX-F04-S20260927,513a6baa0ccf6a18a076b475e11ec4db466f3c606057a0fa6432ae84e89c02f6
73f6ae0c352e6e40465a60c8d20af1dd7f60e823cc1c88a8c87abaf56be241d4,MITDB_P228,228,1580000000,4,20260927,MODEL_V2_TCN_MEANMAX,1,11.103458404541016,0.9999849796295166,12,V2-004-D1-MEANMAX-F04-S20260927,513a6baa0ccf6a18a076b475e11ec4db466f3c606057a0fa6432ae84e89c02f6
740330fa07855b0b6b9077a0686082433fd03c6ec375844a093e033791e25293,MITDB_P221,221,1235000000,4,20260927,MODEL_V2_TCN_MEANMAX,1,9.381742477416992,0.9999157190322876,12,V2-004-D1-MEANMAX-F04-S20260927,513a6baa0ccf6a18a076b475e11ec4db466f3c606057a0fa6432ae84e89c02f6
740dcc94a6198f41a73261ddbfc82831aed9fb0631ea27724bbf26093cbe49e4,MITDB_P205,205,895000000,4,20260927,MODEL_V2_TCN_MEANMAX,0,-5.850153923034668,0.002871188335120678,12,V2-004-D1-MEANMAX-F04-S20260927,513a6baa0ccf6a18a076b475e11ec4db466f3c606057a0fa6432ae84e89c02f6
74477ec011efd53ce22df4780be74c7d7abf9c00f3edd443b2b4d2bcd7a85e78,MITDB_P117,117,205000000,4,20260927,MODEL_V2_TCN_MEANMAX,0,-0.2779849171638489,0.430947870016098,12,V2-004-D1-MEANMAX-F04-S20260927,513a6baa0ccf6a18a076b475e11ec4db466f3c606057a0fa6432ae84e89c02f6
748c32cd9be08f1efa3199eb701eede9f60cd5c022d019764fd70e95d5999b02,MITDB_P228,228,885000000,4,20260927,MODEL_V2_TCN_MEANMAX,0,-12.232298851013184,4.870550128543982e-06,12,V2-004-D1-MEANMAX-F04-S20260927,513a6baa0ccf6a18a076b475e11ec4db466f3c606057a0fa6432ae84e89c02f6
7491bc07a66d8842053cf49f84fe5a3931c59155c0e78fce60ca81fe8589dda2,MITDB_P230,230,850000000,4,20260927,MODEL_V2_TCN_MEANMAX,0,-4.104935169219971,0.016223544254899025,12,V2-004-D1-MEANMAX-F04-S20260927,513a6baa0ccf6a18a076b475e11ec4db466f3c606057a0fa6432ae84e89c02f6
74e316e0edd24c6535f52a8f9eff2ac1d7bb68859774b9f39bffdd1de0a1bcdd,MITDB_P205,205,135000000,4,20260927,MODEL_V2_TCN_MEANMAX,0,-5.844696521759033,0.0028868550434708595,12,V2-004-D1-MEANMAX-F04-S20260927,513a6baa0ccf6a18a076b475e11ec4db466f3c606057a0fa6432ae84e89c02f6
74e6d58402c4b7a6661cdd79dc5a5b6713499baec49d66e7deb61e57b9be211e,MITDB_P221,221,1345000000,4,20260927,MODEL_V2_TCN_MEANMAX,1,13.793365478515625,0.999998927116394,12,V2-004-D1-MEANMAX-F04-S20260927,513a6baa0ccf6a18a076b475e11ec4db466f3c606057a0fa6432ae84e89c02f6
74e8621e9e031b5a9a2961a966bd9ee33b3f1b682491d9171c9a572f359127df,MITDB_P221,221,395000000,4,20260927,MODEL_V2_TCN_MEANMAX,1,10.516609191894531,0.999972939491272,12,V2-004-D1-MEANMAX-F04-S20260927,513a6baa0ccf6a18a076b475e11ec4db466f3c606057a0fa6432ae84e89c02f6
75264b9a4080ba43a20edcf4d62a9625af479945ed90343dd2faae33bc1e5cdc,MITDB_P230,230,330000000,4,20260927,MODEL_V2_TCN_MEANMAX,0,-4.450459003448486,0.01153851579874754,12,V2-004-D1-MEANMAX-F04-S20260927,513a6baa0ccf6a18a076b475e11ec4db466f3c606057a0fa6432ae84e89c02f6
75479655f8d9cb2e2188473e6f81dc5ec6b5775d2dfe219a7f59f7300d1b9b5a,MITDB_P221,221,955000000,4,20260927,MODEL_V2_TCN_MEANMAX,1,13.565781593322754,0.9999986886978149,12,V2-004-D1-MEANMAX-F04-S20260927,513a6baa0ccf6a18a076b475e11ec4db466f3c606057a0fa6432ae84e89c02f6
75730b7776029b2dbe73de6aa55ccfe48da61220cf4b1377bd0b9e831130f64c,MITDB_P230,230,1280000000,4,20260927,MODEL_V2_TCN_MEANMAX,0,-3.582000732421875,0.027066979557275772,12,V2-004-D1-MEANMAX-F04-S20260927,513a6baa0ccf6a18a076b475e11ec4db466f3c606057a0fa6432ae84e89c02f6
7579ffe86db06cbbc45c4aab216b37ed175424d59d8f1dd64926eec03b5fc8ca,MITDB_P221,221,680000000,4,20260927,MODEL_V2_TCN_MEANMAX,1,11.024587631225586,0.9999836683273315,12,V2-004-D1-MEANMAX-F04-S20260927,513a6baa0ccf6a18a076b475e11ec4db466f3c606057a0fa6432ae84e89c02f6
758c57f647d659ee947b2b881b1a5feeb49e8b27302cadfd254baf4540ac64cc,MITDB_P228,228,570000000,4,20260927,MODEL_V2_TCN_MEANMAX,1,14.09221363067627,0.9999992847442627,12,V2-004-D1-MEANMAX-F04-S20260927,513a6baa0ccf6a18a076b475e11ec4db466f3c606057a0fa6432ae84e89c02f6
75a503ff782d6b1e913badf880a075735c84a25458b991ebc113fbd9d3b3350a,MITDB_P230,230,670000000,4,20260927,MODEL_V2_TCN_MEANMAX,0,-2.195786476135254,0.10012950748205185,12,V2-004-D1-MEANMAX-F04-S20260927,513a6baa0ccf6a18a076b475e11ec4db466f3c606057a0fa6432ae84e89c02f6
75ed4e2a09b3cb82cfba9b674cee0e041eba5a9e7386f6443cb8f862ee3f2c28,MITDB_P230,230,1110000000,4,20260927,MODEL_V2_TCN_MEANMAX,0,-3.012864828109741,0.046848054975271225,12,V2-004-D1-MEANMAX-F04-S20260927,513a6baa0ccf6a18a076b475e11ec4db466f3c606057a0fa6432ae84e89c02f6
761870f0035cb5882d2ea37d35f52a91e5aed2360e00414f05625ec475e46865,MITDB_P228,228,1750000000,4,20260927,MODEL_V2_TCN_MEANMAX,0,-12.526759147644043,3.6282403925724793e-06,12,V2-004-D1-MEANMAX-F04-S20260927,513a6baa0ccf6a18a076b475e11ec4db466f3c606057a0fa6432ae84e89c02f6
76362e22841a72b6b417dd65cb4a344c237f5cc2189788eb3dfffd45cb08b461,MITDB_P205,205,515000000,4,20260927,MODEL_V2_TCN_MEANMAX,0,-5.021719932556152,0.00654999166727066,12,V2-004-D1-MEANMAX-F04-S20260927,513a6baa0ccf6a18a076b475e11ec4db466f3c606057a0fa6432ae84e89c02f6
76d366dc0d630ff7717e9c2c4464e6445750be303f31697a0b3f3174d89fdd6b,MITDB_P228,228,140000000,4,20260927,MODEL_V2_TCN_MEANMAX,1,8.926076889038086,0.9998670816421509,12,V2-004-D1-MEANMAX-F04-S20260927,513a6baa0ccf6a18a076b475e11ec4db466f3c606057a0fa6432ae84e89c02f6
76d97b930f6863dc591d054d5fe9299311a397fcb82112e4fc7fa55ad2176195,MITDB_P228,228,1535000000,4,20260927,MODEL_V2_TCN_MEANMAX,1,2.835653066635132,0.9445723295211792,12,V2-004-D1-MEANMAX-F04-S20260927,513a6baa0ccf6a18a076b475e11ec4db466f3c606057a0fa6432ae84e89c02f6
76f9efa2f3df58f630cfa000dbe34fd52eb2e76fc2eebd5a5a9fd486c3589cbf,MITDB_P205,205,965000000,4,20260927,MODEL_V2_TCN_MEANMAX,1,-4.69346284866333,0.009071877226233482,12,V2-004-D1-MEANMAX-F04-S20260927,513a6baa0ccf6a18a076b475e11ec4db466f3c606057a0fa6432ae84e89c02f6
771099969f04ce8e7d4db39eee0a82cc5a2f55578182345d259c3e0374edd123,MITDB_P117,117,1235000000,4,20260927,MODEL_V2_TCN_MEANMAX,0,-3.657961130142212,0.025136874988675117,12,V2-004-D1-MEANMAX-F04-S20260927,513a6baa0ccf6a18a076b475e11ec4db466f3c606057a0fa6432ae84e89c02f6
7762455bea01765f6c56cba220bbbc9699eae5462923f62732ae221c85550f79,MITDB_P228,228,815000000,4,20260927,MODEL_V2_TCN_MEANMAX,1,3.5159647464752197,0.971138596534729,12,V2-004-D1-MEANMAX-F04-S20260927,513a6baa0ccf6a18a076b475e11ec4db466f3c606057a0fa6432ae84e89c02f6
7775322674dbbfb49ea2087bcf0791ac7e59ef9b673ac15b340bcd030b801936,MITDB_P228,228,1660000000,4,20260927,MODEL_V2_TCN_MEANMAX,1,10.081445693969727,0.9999581575393677,12,V2-004-D1-MEANMAX-F04-S20260927,513a6baa0ccf6a18a076b475e11ec4db466f3c606057a0fa6432ae84e89c02f6
777864ae14208cb23dc07efa28e41a58e3c69ee9dca0bd8dfdb61a6da042be12,MITDB_P117,117,1585000000,4,20260927,MODEL_V2_TCN_MEANMAX,0,-4.025900363922119,0.01753440499305725,12,V2-004-D1-MEANMAX-F04-S20260927,513a6baa0ccf6a18a076b475e11ec4db466f3c606057a0fa6432ae84e89c02f6
781388c5b2a3143ff9eaabebee1721fe9bbf08db04cc5f36395bc2c09c4218ab,MITDB_P230,230,1515000000,4,20260927,MODEL_V2_TCN_MEANMAX,0,-2.831474781036377,0.05564684420824051,12,V2-004-D1-MEANMAX-F04-S20260927,513a6baa0ccf6a18a076b475e11ec4db466f3c606057a0fa6432ae84e89c02f6
78329e53f2d2ca5f5ff20f368a42a835db18429ce0118458ed7a84a202a6c7e5,MITDB_P230,230,1470000000,4,20260927,MODEL_V2_TCN_MEANMAX,0,0.7270247936248779,0.6741520166397095,12,V2-004-D1-MEANMAX-F04-S20260927,513a6baa0ccf6a18a076b475e11ec4db466f3c606057a0fa6432ae84e89c02f6
78476be1ac7ab6623279e716e781ef5aaf345a2a82569eee74b62913e19a1fbb,MITDB_P230,230,1700000000,4,20260927,MODEL_V2_TCN_MEANMAX,0,-4.320586204528809,0.013117726892232895,12,V2-004-D1-MEANMAX-F04-S20260927,513a6baa0ccf6a18a076b475e11ec4db466f3c606057a0fa6432ae84e89c02f6
7878bc9d5de8e22c5877e657aa8d813478cc1bc337e082cec58ca6428e8c8770,MITDB_P205,205,1420000000,4,20260927,MODEL_V2_TCN_MEANMAX,0,-6.726602554321289,0.0011971633648499846,12,V2-004-D1-MEANMAX-F04-S20260927,513a6baa0ccf6a18a076b475e11ec4db466f3c606057a0fa6432ae84e89c02f6
7888b60f35bda1f484419ad3865887d1480da3e71a818df1be9cf480aa6c109d,MITDB_P230,230,1625000000,4,20260927,MODEL_V2_TCN_MEANMAX,0,-2.8447530269622803,0.05495317280292511,12,V2-004-D1-MEANMAX-F04-S20260927,513a6baa0ccf6a18a076b475e11ec4db466f3c606057a0fa6432ae84e89c02f6
789dd57281c0b184c17c45d63df1d0f1859df530522588f1d8d6573f488ac4e9,MITDB_P228,228,1610000000,4,20260927,MODEL_V2_TCN_MEANMAX,1,8.710967063903809,0.9998352527618408,12,V2-004-D1-MEANMAX-F04-S20260927,513a6baa0ccf6a18a076b475e11ec4db466f3c606057a0fa6432ae84e89c02f6
78a7f1e613b325cb6600378245d636c9e420758694578a11703476b12a98e343,MITDB_P221,221,75000000,4,20260927,MODEL_V2_TCN_MEANMAX,1,10.167807579040527,0.9999616146087646,12,V2-004-D1-MEANMAX-F04-S20260927,513a6baa0ccf6a18a076b475e11ec4db466f3c606057a0fa6432ae84e89c02f6
78d58c0452c5b62165f01677249eb8d8358ff3aa4769001e78ea4b439995de3c,MITDB_P230,230,1360000000,4,20260927,MODEL_V2_TCN_MEANMAX,0,-4.170162677764893,0.01521468348801136,12,V2-004-D1-MEANMAX-F04-S20260927,513a6baa0ccf6a18a076b475e11ec4db466f3c606057a0fa6432ae84e89c02f6
78deb61f9377e8e8b8c148833035b1eada5f4def3c3c51f1b78fa01c40f28ef8,MITDB_P117,117,625000000,4,20260927,MODEL_V2_TCN_MEANMAX,0,-0.4654417037963867,0.3856956958770752,12,V2-004-D1-MEANMAX-F04-S20260927,513a6baa0ccf6a18a076b475e11ec4db466f3c606057a0fa6432ae84e89c02f6
78e6d7d6303e10b3b99229d1cb6852228381ac705ac13e910d0163752e833a03,MITDB_P205,205,275000000,4,20260927,MODEL_V2_TCN_MEANMAX,0,-4.654967784881592,0.009424552321434021,12,V2-004-D1-MEANMAX-F04-S20260927,513a6baa0ccf6a18a076b475e11ec4db466f3c606057a0fa6432ae84e89c02f6
7912e4bc36e19a1fbe978c9e4c4ad31bbc552fa1f8f701ff60ebeb6c990fc523,MITDB_P228,228,1145000000,4,20260927,MODEL_V2_TCN_MEANMAX,1,12.743358612060547,0.9999970197677612,12,V2-004-D1-MEANMAX-F04-S20260927,513a6baa0ccf6a18a076b475e11ec4db466f3c606057a0fa6432ae84e89c02f6
791feaf338f8a49d43da0c5be782f8840ff346ce8f77fe5af672f4492add7986,MITDB_P205,205,485000000,4,20260927,MODEL_V2_TCN_MEANMAX,0,-5.3264946937561035,0.004837564192712307,12,V2-004-D1-MEANMAX-F04-S20260927,513a6baa0ccf6a18a076b475e11ec4db466f3c606057a0fa6432ae84e89c02f6
793e9dba4bc0d27cb6153f4cce7e51a1a1e9440a0f09b1e956d07849e597952c,MITDB_P221,221,1080000000,4,20260927,MODEL_V2_TCN_MEANMAX,1,9.977635383605957,0.9999536275863647,12,V2-004-D1-MEANMAX-F04-S20260927,513a6baa0ccf6a18a076b475e11ec4db466f3c606057a0fa6432ae84e89c02f6
793ef52c353c617dc4261d70bff4ef67aa7e0a1b4a061d27f63ac9ba4c37b4bc,MITDB_P228,228,1425000000,4,20260927,MODEL_V2_TCN_MEANMAX,1,7.265988826751709,0.999301552772522,12,V2-004-D1-MEANMAX-F04-S20260927,513a6baa0ccf6a18a076b475e11ec4db466f3c606057a0fa6432ae84e89c02f6
79929c69fb52dff0b5ea0b77901698fab861cc821e7e31681914fe2f61fe560c,MITDB_P117,117,1160000000,4,20260927,MODEL_V2_TCN_MEANMAX,0,-2.8273096084594727,0.05586612969636917,12,V2-004-D1-MEANMAX-F04-S20260927,513a6baa0ccf6a18a076b475e11ec4db466f3c606057a0fa6432ae84e89c02f6
79cb1a82ad7f9008413b1a21ca2601c2f0362b1fe6117e67593a2d12cc03b3ea,MITDB_P205,205,1535000000,4,20260927,MODEL_V2_TCN_MEANMAX,0,-6.910818576812744,0.0009959484450519085,12,V2-004-D1-MEANMAX-F04-S20260927,513a6baa0ccf6a18a076b475e11ec4db466f3c606057a0fa6432ae84e89c02f6
79d52dea107e51c6ae076bc34417a3d9db18ed9f857d6c00d8a7bb098fc30bdd,MITDB_P221,221,1220000000,4,20260927,MODEL_V2_TCN_MEANMAX,1,10.145893096923828,0.9999607801437378,12,V2-004-D1-MEANMAX-F04-S20260927,513a6baa0ccf6a18a076b475e11ec4db466f3c606057a0fa6432ae84e89c02f6
79e9f9b81ab022a0c8b9825b8e666227e0694a5ef8fa2ef7acad11d166d7b8f6,MITDB_P221,221,575000000,4,20260927,MODEL_V2_TCN_MEANMAX,1,11.728496551513672,0.9999918937683105,12,V2-004-D1-MEANMAX-F04-S20260927,513a6baa0ccf6a18a076b475e11ec4db466f3c606057a0fa6432ae84e89c02f6
79ff599a4abb1abe6b71e6b8788f199dc4a0749d6d7566f0dd8fa3dab802e841,MITDB_P228,228,270000000,4,20260927,MODEL_V2_TCN_MEANMAX,1,-0.09334437549114227,0.47668081521987915,12,V2-004-D1-MEANMAX-F04-S20260927,513a6baa0ccf6a18a076b475e11ec4db466f3c606057a0fa6432ae84e89c02f6
7a0f31e557fd295db3d133edd497f41ecee2e2a0607863e0c6ab2d60d94559cf,MITDB_P228,228,1360000000,4,20260927,MODEL_V2_TCN_MEANMAX,0,-11.619379043579102,8.990087735583074e-06,12,V2-004-D1-MEANMAX-F04-S20260927,513a6baa0ccf6a18a076b475e11ec4db466f3c606057a0fa6432ae84e89c02f6
7a75753a7c0dc1861080a93005aae7624e65b6d02700270738c6773c94d178d0,MITDB_P205,205,1205000000,4,20260927,MODEL_V2_TCN_MEANMAX,1,14.747194290161133,0.9999996423721313,12,V2-004-D1-MEANMAX-F04-S20260927,513a6baa0ccf6a18a076b475e11ec4db466f3c606057a0fa6432ae84e89c02f6
7a894b97f141da2b95e504adf23574527f5baf9d1d6b3f9efd7aaf0b93b2d43b,MITDB_P230,230,835000000,4,20260927,MODEL_V2_TCN_MEANMAX,0,-4.820760250091553,0.007996202446520329,12,V2-004-D1-MEANMAX-F04-S20260927,513a6baa0ccf6a18a076b475e11ec4db466f3c606057a0fa6432ae84e89c02f6
7ad5f3c3f015a6878a869f2e146acb50ae42125b17fafffb79a90ee78ea83d38,MITDB_P117,117,490000000,4,20260927,MODEL_V2_TCN_MEANMAX,0,1.0900142192840576,0.748384416103363,12,V2-004-D1-MEANMAX-F04-S20260927,513a6baa0ccf6a18a076b475e11ec4db466f3c606057a0fa6432ae84e89c02f6
7b15143f42457e918e618baee9deb612b61dfc1071ce7c04bac61a1c8587d02d,MITDB_P117,117,155000000,4,20260927,MODEL_V2_TCN_MEANMAX,0,-1.7303874492645264,0.15053802728652954,12,V2-004-D1-MEANMAX-F04-S20260927,513a6baa0ccf6a18a076b475e11ec4db466f3c606057a0fa6432ae84e89c02f6
7b1b337af9984819f2b3a3323586f6668700acc90bdc626fcb9a358566780899,MITDB_P230,230,825000000,4,20260927,MODEL_V2_TCN_MEANMAX,0,-6.059157848358154,0.00233092182315886,12,V2-004-D1-MEANMAX-F04-S20260927,513a6baa0ccf6a18a076b475e11ec4db466f3c606057a0fa6432ae84e89c02f6
7b4ad2447c38ff52ba42ef8dfbc747a20101e7a2f87139d76e30ad7889e9bf4f,MITDB_P205,205,1590000000,4,20260927,MODEL_V2_TCN_MEANMAX,0,-6.429864406585693,0.0016100730281323195,12,V2-004-D1-MEANMAX-F04-S20260927,513a6baa0ccf6a18a076b475e11ec4db466f3c606057a0fa6432ae84e89c02f6
7b885bddba9a21fd590a585b5be663c0ee4d40cbca1c36bd6c8d7b7ff68badc7,MITDB_P205,205,1775000000,4,20260927,MODEL_V2_TCN_MEANMAX,0,-6.553449630737305,0.001423162524588406,12,V2-004-D1-MEANMAX-F04-S20260927,513a6baa0ccf6a18a076b475e11ec4db466f3c606057a0fa6432ae84e89c02f6
7be2f0af49d357fc044db02a2a21dc47b8d8c82088c350e98c27a6c9ba72091e,MITDB_P230,230,1480000000,4,20260927,MODEL_V2_TCN_MEANMAX,0,-1.6534574031829834,0.16064222157001495,12,V2-004-D1-MEANMAX-F04-S20260927,513a6baa0ccf6a18a076b475e11ec4db466f3c606057a0fa6432ae84e89c02f6
7c05d98028b960915fc67d6eb45d68cf362bc44a436257e160d9845d0764ee62,MITDB_P221,221,1190000000,4,20260927,MODEL_V2_TCN_MEANMAX,1,12.858123779296875,0.9999973773956299,12,V2-004-D1-MEANMAX-F04-S20260927,513a6baa0ccf6a18a076b475e11ec4db466f3c606057a0fa6432ae84e89c02f6
7c1544d9be6921d378cb4bb5834f2559e2404286e6ba5adedb993828df193242,MITDB_P228,228,225000000,4,20260927,MODEL_V2_TCN_MEANMAX,1,6.197314262390137,0.9979692101478577,12,V2-004-D1-MEANMAX-F04-S20260927,513a6baa0ccf6a18a076b475e11ec4db466f3c606057a0fa6432ae84e89c02f6
7c2cb6967bbc7f4ccbc7108b066d27a0da526329228182997e61fc777f126114,MITDB_P228,228,1620000000,4,20260927,MODEL_V2_TCN_MEANMAX,1,11.731243133544922,0.9999920129776001,12,V2-004-D1-MEANMAX-F04-S20260927,513a6baa0ccf6a18a076b475e11ec4db466f3c606057a0fa6432ae84e89c02f6
7c5611d97cff7116697a489aa0e44cb028239bfacc72f71e2838eca9bf2ec7f6,MITDB_P230,230,10000000,4,20260927,MODEL_V2_TCN_MEANMAX,0,0.13295651972293854,0.5331902503967285,12,V2-004-D1-MEANMAX-F04-S20260927,513a6baa0ccf6a18a076b475e11ec4db466f3c606057a0fa6432ae84e89c02f6
7c89b35a8668916f5d3c6e952a4c62423d477fb1820c071faca1369b22270938,MITDB_P228,228,780000000,4,20260927,MODEL_V2_TCN_MEANMAX,1,7.420390605926514,0.9994014501571655,12,V2-004-D1-MEANMAX-F04-S20260927,513a6baa0ccf6a18a076b475e11ec4db466f3c606057a0fa6432ae84e89c02f6
7d022cef03a252894f0378769faede92084b28a98b0de1cc7d827532d4c4dbea,MITDB_P230,230,1390000000,4,20260927,MODEL_V2_TCN_MEANMAX,0,-4.933248519897461,0.007151552941650152,12,V2-004-D1-MEANMAX-F04-S20260927,513a6baa0ccf6a18a076b475e11ec4db466f3c606057a0fa6432ae84e89c02f6
7d18f3cd7fe92bf5fe6715b967992865413d2a49a2685b45c19e048e5955a6ce,MITDB_P230,230,1730000000,4,20260927,MODEL_V2_TCN_MEANMAX,0,-3.5884945392608643,0.026896491646766663,12,V2-004-D1-MEANMAX-F04-S20260927,513a6baa0ccf6a18a076b475e11ec4db466f3c606057a0fa6432ae84e89c02f6
7d2396ef8556f9b25b221c4413a5e068dfe48855d6d6d837b76cd8ec8ccbdfed,MITDB_P228,228,865000000,4,20260927,MODEL_V2_TCN_MEANMAX,1,5.647883415222168,0.9964873790740967,12,V2-004-D1-MEANMAX-F04-S20260927,513a6baa0ccf6a18a076b475e11ec4db466f3c606057a0fa6432ae84e89c02f6
7d3e255b5438d503308833266609c8a0e0f8ed6ba7ec6d5c088b46e16245f0a3,MITDB_P230,230,1215000000,4,20260927,MODEL_V2_TCN_MEANMAX,0,-5.098046779632568,0.006071577314287424,12,V2-004-D1-MEANMAX-F04-S20260927,513a6baa0ccf6a18a076b475e11ec4db466f3c606057a0fa6432ae84e89c02f6
7d53d248038d8a2dd97611619da28ec8e475d5c412f8b455510d0e16970b41d3,MITDB_P228,228,340000000,4,20260927,MODEL_V2_TCN_MEANMAX,0,-11.369122505187988,1.1546432688191999e-05,12,V2-004-D1-MEANMAX-F04-S20260927,513a6baa0ccf6a18a076b475e11ec4db466f3c606057a0fa6432ae84e89c02f6
7d9080eb732d4aceb5a0e1d6cb52bc893496cbe0b48a14f7ac369d82c9206907,MITDB_P230,230,1680000000,4,20260927,MODEL_V2_TCN_MEANMAX,0,-2.902001142501831,0.05205472931265831,12,V2-004-D1-MEANMAX-F04-S20260927,513a6baa0ccf6a18a076b475e11ec4db466f3c606057a0fa6432ae84e89c02f6
7da03118eaf4707421095e1379d61faa02ace41afaa3ec0b6898bf40c4178e5b,MITDB_P117,117,1265000000,4,20260927,MODEL_V2_TCN_MEANMAX,0,-2.41988205909729,0.08166910707950592,12,V2-004-D1-MEANMAX-F04-S20260927,513a6baa0ccf6a18a076b475e11ec4db466f3c606057a0fa6432ae84e89c02f6
7da129e30944c6101001743f2b816cb4669bca4eb31944e6960d26f40410f95f,MITDB_P228,228,1230000000,4,20260927,MODEL_V2_TCN_MEANMAX,1,4.234440803527832,0.9857190251350403,12,V2-004-D1-MEANMAX-F04-S20260927,513a6baa0ccf6a18a076b475e11ec4db466f3c606057a0fa6432ae84e89c02f6
7da899c01f00ba9d18e4272ed402ceaef45a123e90ca286e036b3cbf436e2216,MITDB_P117,117,1200000000,4,20260927,MODEL_V2_TCN_MEANMAX,0,-3.0399391651153564,0.045653823763132095,12,V2-004-D1-MEANMAX-F04-S20260927,513a6baa0ccf6a18a076b475e11ec4db466f3c606057a0fa6432ae84e89c02f6
7dac61cda5316accb33355bad4a00650a9a1f477e69f03a6bd1871983d44ddf5,MITDB_P228,228,1065000000,4,20260927,MODEL_V2_TCN_MEANMAX,0,-12.182048797607422,5.121547474118415e-06,12,V2-004-D1-MEANMAX-F04-S20260927,513a6baa0ccf6a18a076b475e11ec4db466f3c606057a0fa6432ae84e89c02f6
7e305a868fd5f71df8e80f82f2aedda66acf4481b5831b4b26e6a93a6d0054a8,MITDB_P117,117,510000000,4,20260927,MODEL_V2_TCN_MEANMAX,0,0.9818212389945984,0.7274694442749023,12,V2-004-D1-MEANMAX-F04-S20260927,513a6baa0ccf6a18a076b475e11ec4db466f3c606057a0fa6432ae84e89c02f6
7e6b9bd88962f05feace4cd80ee0f66a4e5710eeae0b3ea07730c3be247af558,MITDB_P228,228,660000000,4,20260927,MODEL_V2_TCN_MEANMAX,1,6.698678493499756,0.9987689852714539,12,V2-004-D1-MEANMAX-F04-S20260927,513a6baa0ccf6a18a076b475e11ec4db466f3c606057a0fa6432ae84e89c02f6
7e815f7a88ef35e3e786d75122d6616f5607925675ebad1bf445fbfbe1467395,MITDB_P230,230,70000000,4,20260927,MODEL_V2_TCN_MEANMAX,0,-5.851097583770752,0.0028684879653155804,12,V2-004-D1-MEANMAX-F04-S20260927,513a6baa0ccf6a18a076b475e11ec4db466f3c606057a0fa6432ae84e89c02f6
7ea5dd07e1546c867c40f006cbc706bc0115c74c0bcd0d9467434857f5b06c5d,MITDB_P228,228,750000000,4,20260927,MODEL_V2_TCN_MEANMAX,1,0.628714382648468,0.6521978378295898,12,V2-004-D1-MEANMAX-F04-S20260927,513a6baa0ccf6a18a076b475e11ec4db466f3c606057a0fa6432ae84e89c02f6
7ece39ee764deeefe0fc61b050eb6df5383617370d4c9c47fc7d0fef8c555fce,MITDB_P221,221,670000000,4,20260927,MODEL_V2_TCN_MEANMAX,1,11.831094741821289,0.9999927282333374,12,V2-004-D1-MEANMAX-F04-S20260927,513a6baa0ccf6a18a076b475e11ec4db466f3c606057a0fa6432ae84e89c02f6
7ef7e1e6eb76a29f8a9212961176c4c40fb6abb7f88f6484bf92bc5790e2c80f,MITDB_P230,230,30000000,4,20260927,MODEL_V2_TCN_MEANMAX,0,-1.4780594110488892,0.18572071194648743,12,V2-004-D1-MEANMAX-F04-S20260927,513a6baa0ccf6a18a076b475e11ec4db466f3c606057a0fa6432ae84e89c02f6
7ef97f9e45d370eefd428e0dc3761fd9ef419ecfa70a117575a173cf9271c1a2,MITDB_P230,230,1720000000,4,20260927,MODEL_V2_TCN_MEANMAX,0,-3.0742478370666504,0.04418209195137024,12,V2-004-D1-MEANMAX-F04-S20260927,513a6baa0ccf6a18a076b475e11ec4db466f3c606057a0fa6432ae84e89c02f6
7f048a139020ffcf5bfaaeda86d0713de6be4af061c4b4951e4c9617d86930a5,MITDB_P230,230,15000000,4,20260927,MODEL_V2_TCN_MEANMAX,0,-1.3348621129989624,0.20835626125335693,12,V2-004-D1-MEANMAX-F04-S20260927,513a6baa0ccf6a18a076b475e11ec4db466f3c606057a0fa6432ae84e89c02f6
7f33e70099768d00363a2aae3e80eb4fa2c2881066a1e00af608c612ca958af5,MITDB_P230,230,1160000000,4,20260927,MODEL_V2_TCN_MEANMAX,0,-3.0593249797821045,0.04481659084558487,12,V2-004-D1-MEANMAX-F04-S20260927,513a6baa0ccf6a18a076b475e11ec4db466f3c606057a0fa6432ae84e89c02f6
7f78436791d23ea0e16e729914e635c0708eca022771b4d82ed3838301fa5e34,MITDB_P205,205,150000000,4,20260927,MODEL_V2_TCN_MEANMAX,0,-5.621781826019287,0.0036051443312317133,12,V2-004-D1-MEANMAX-F04-S20260927,513a6baa0ccf6a18a076b475e11ec4db466f3c606057a0fa6432ae84e89c02f6
7f81efc8c2f4f1f8cf87a494a7524d04c0908f7eb032a3fde3955ed6037c562c,MITDB_P221,221,1490000000,4,20260927,MODEL_V2_TCN_MEANMAX,1,12.424882888793945,0.9999959468841553,12,V2-004-D1-MEANMAX-F04-S20260927,513a6baa0ccf6a18a076b475e11ec4db466f3c606057a0fa6432ae84e89c02f6
7fb84f326fb9e8eb46affc1d3f0697e298c81602abd168b13b5ed07f0b059c99,MITDB_P205,205,1260000000,4,20260927,MODEL_V2_TCN_MEANMAX,0,-5.617446422576904,0.003620750969275832,12,V2-004-D1-MEANMAX-F04-S20260927,513a6baa0ccf6a18a076b475e11ec4db466f3c606057a0fa6432ae84e89c02f6
7fe9f1cadf5d8c6955276777286c3cbaa81f3d99e0c43c2d326806e1108e5caf,MITDB_P221,221,990000000,4,20260927,MODEL_V2_TCN_MEANMAX,1,11.536846160888672,0.9999902248382568,12,V2-004-D1-MEANMAX-F04-S20260927,513a6baa0ccf6a18a076b475e11ec4db466f3c606057a0fa6432ae84e89c02f6
7ff764563e55f00a982e3848af07f8c2d225ee0adb96ee5eb54a2f9f8a545c50,MITDB_P230,230,740000000,4,20260927,MODEL_V2_TCN_MEANMAX,0,-6.085926532745361,0.002269493415951729,12,V2-004-D1-MEANMAX-F04-S20260927,513a6baa0ccf6a18a076b475e11ec4db466f3c606057a0fa6432ae84e89c02f6
7ff9890ecdb56fe374aace01168bdff69eacf9e1a6c34c92cbd031951f74d065,MITDB_P205,205,1620000000,4,20260927,MODEL_V2_TCN_MEANMAX,0,-6.211564540863037,0.0020020799711346626,12,V2-004-D1-MEANMAX-F04-S20260927,513a6baa0ccf6a18a076b475e11ec4db466f3c606057a0fa6432ae84e89c02f6
801234ce0463bde1fd7f125a06e3550d45bb50c4871944e4a7359e0ba2899691,MITDB_P230,230,820000000,4,20260927,MODEL_V2_TCN_MEANMAX,0,-5.652896404266357,0.003495084820315242,12,V2-004-D1-MEANMAX-F04-S20260927,513a6baa0ccf6a18a076b475e11ec4db466f3c606057a0fa6432ae84e89c02f6
80614ee3379ef953d1ca50378054212714f261865e06c16de850b02dc4f0db47,MITDB_P117,117,275000000,4,20260927,MODEL_V2_TCN_MEANMAX,0,-0.8581323623657227,0.2977297008037567,12,V2-004-D1-MEANMAX-F04-S20260927,513a6baa0ccf6a18a076b475e11ec4db466f3c606057a0fa6432ae84e89c02f6
80717f7613b910682fd1e7d1bb9a264a00a5e4db0b5b7e71f942580b2b5e2b55,MITDB_P221,221,145000000,4,20260927,MODEL_V2_TCN_MEANMAX,1,10.523602485656738,0.9999730587005615,12,V2-004-D1-MEANMAX-F04-S20260927,513a6baa0ccf6a18a076b475e11ec4db466f3c606057a0fa6432ae84e89c02f6
807e3cbe33ef9f4379e3fe90296ca197b79648ea48ac1a49021563efac0e7904,MITDB_P205,205,1700000000,4,20260927,MODEL_V2_TCN_MEANMAX,0,-5.127780437469482,0.005894752684980631,12,V2-004-D1-MEANMAX-F04-S20260927,513a6baa0ccf6a18a076b475e11ec4db466f3c606057a0fa6432ae84e89c02f6
809728e26295bbfa78ed145a1d1f8d849d92dbb51f96393caa28b650ba96039d,MITDB_P230,230,1765000000,4,20260927,MODEL_V2_TCN_MEANMAX,0,-0.7881783843040466,0.31255993247032166,12,V2-004-D1-MEANMAX-F04-S20260927,513a6baa0ccf6a18a076b475e11ec4db466f3c606057a0fa6432ae84e89c02f6
809fe5496c8da1fe6f03d20158b11a9480b9e311c6c0a87402450964d2a6b99a,MITDB_P230,230,80000000,4,20260927,MODEL_V2_TCN_MEANMAX,0,-3.4375388622283936,0.03114265762269497,12,V2-004-D1-MEANMAX-F04-S20260927,513a6baa0ccf6a18a076b475e11ec4db466f3c606057a0fa6432ae84e89c02f6
80ad15f34b105bc7994ddf276e5df4b64768444757988618402ad2960dfd6033,MITDB_P228,228,515000000,4,20260927,MODEL_V2_TCN_MEANMAX,1,8.319204330444336,0.9997562766075134,12,V2-004-D1-MEANMAX-F04-S20260927,513a6baa0ccf6a18a076b475e11ec4db466f3c606057a0fa6432ae84e89c02f6
80d688a29d96c9a1b94f0d185d008018ee13ab2e5cbe7d199d79ae2888bbd41d,MITDB_P230,230,1365000000,4,20260927,MODEL_V2_TCN_MEANMAX,0,-3.7179434299468994,0.023708133026957512,12,V2-004-D1-MEANMAX-F04-S20260927,513a6baa0ccf6a18a076b475e11ec4db466f3c606057a0fa6432ae84e89c02f6
810036e8c2067bf0179f7824a101d7a994358950e1effb8c42e7793fc54540fc,MITDB_P205,205,1210000000,4,20260927,MODEL_V2_TCN_MEANMAX,1,10.716692924499512,0.9999778270721436,12,V2-004-D1-MEANMAX-F04-S20260927,513a6baa0ccf6a18a076b475e11ec4db466f3c606057a0fa6432ae84e89c02f6
810632347e6981e65c603fa734808a4c05129f078525952af8efcd411d920b2c,MITDB_P221,221,1065000000,4,20260927,MODEL_V2_TCN_MEANMAX,1,10.840617179870605,0.9999804496765137,12,V2-004-D1-MEANMAX-F04-S20260927,513a6baa0ccf6a18a076b475e11ec4db466f3c606057a0fa6432ae84e89c02f6
8112af083d46db00618935bb33735fdf1f7bd1fa4bfc2358c750d254aa44fb02,MITDB_P230,230,1320000000,4,20260927,MODEL_V2_TCN_MEANMAX,0,-3.133319616317749,0.04175358638167381,12,V2-004-D1-MEANMAX-F04-S20260927,513a6baa0ccf6a18a076b475e11ec4db466f3c606057a0fa6432ae84e89c02f6
812808b480f0ced290440497bf88751efc7c0c523c8d363b9f1df869e61828fe,MITDB_P117,117,1060000000,4,20260927,MODEL_V2_TCN_MEANMAX,0,-0.5844262838363647,0.3579147458076477,12,V2-004-D1-MEANMAX-F04-S20260927,513a6baa0ccf6a18a076b475e11ec4db466f3c606057a0fa6432ae84e89c02f6
8128df6ee07bdbd400aa2da325c09a5ad84daec7019b6d950ed844024f8e62e4,MITDB_P221,221,270000000,4,20260927,MODEL_V2_TCN_MEANMAX,1,11.81466293334961,0.9999926090240479,12,V2-004-D1-MEANMAX-F04-S20260927,513a6baa0ccf6a18a076b475e11ec4db466f3c606057a0fa6432ae84e89c02f6
81455fe43273da2270b6db3a0382fffc0663071a5a53680a4bcf28698c9fef2c,MITDB_P117,117,390000000,4,20260927,MODEL_V2_TCN_MEANMAX,0,0.16098107397556305,0.5401586294174194,12,V2-004-D1-MEANMAX-F04-S20260927,513a6baa0ccf6a18a076b475e11ec4db466f3c606057a0fa6432ae84e89c02f6
8163f66608284733673ba72679f8e584964208690f5fbb18ffda29108ee274fe,MITDB_P117,117,305000000,4,20260927,MODEL_V2_TCN_MEANMAX,0,-1.236629605293274,0.22502321004867554,12,V2-004-D1-MEANMAX-F04-S20260927,513a6baa0ccf6a18a076b475e11ec4db466f3c606057a0fa6432ae84e89c02f6
8176c34e28158f6ffd90233653d24591776e11c89262bb36a6f7ae74386841b9,MITDB_P117,117,15000000,4,20260927,MODEL_V2_TCN_MEANMAX,0,0.06487326323986053,0.5162126421928406,12,V2-004-D1-MEANMAX-F04-S20260927,513a6baa0ccf6a18a076b475e11ec4db466f3c606057a0fa6432ae84e89c02f6
81930fe6d8173946c5a2f9de6679610571f431f120207c46527b4a9aabc88206,MITDB_P230,230,375000000,4,20260927,MODEL_V2_TCN_MEANMAX,0,-4.40349817276001,0.012086593545973301,12,V2-004-D1-MEANMAX-F04-S20260927,513a6baa0ccf6a18a076b475e11ec4db466f3c606057a0fa6432ae84e89c02f6
819feae8c3d5067bcef78ad087114c4afa4472966f3ba684e49915919476585a,MITDB_P230,230,160000000,4,20260927,MODEL_V2_TCN_MEANMAX,0,-2.1411283016204834,0.10516316443681717,12,V2-004-D1-MEANMAX-F04-S20260927,513a6baa0ccf6a18a076b475e11ec4db466f3c606057a0fa6432ae84e89c02f6
81a4a0b7001873155023b53914c541124ddb3ccf0c1a066caa82d9a6f1f6aba1,MITDB_P230,230,540000000,4,20260927,MODEL_V2_TCN_MEANMAX,0,-4.281150817871094,0.013638169504702091,12,V2-004-D1-MEANMAX-F04-S20260927,513a6baa0ccf6a18a076b475e11ec4db466f3c606057a0fa6432ae84e89c02f6
81cf418ffe6d5c6c426b289ebdb5b3130f83d0273039acc821dcc05ca43c15d1,MITDB_P221,221,1010000000,4,20260927,MODEL_V2_TCN_MEANMAX,1,11.42939281463623,0.9999891519546509,12,V2-004-D1-MEANMAX-F04-S20260927,513a6baa0ccf6a18a076b475e11ec4db466f3c606057a0fa6432ae84e89c02f6
81d1939c5500e9498f2f1cda8cde29f680becd15fb27d6ec0f8fde42028925b2,MITDB_P205,205,1600000000,4,20260927,MODEL_V2_TCN_MEANMAX,0,-6.481361389160156,0.0015293813776224852,12,V2-004-D1-MEANMAX-F04-S20260927,513a6baa0ccf6a18a076b475e11ec4db466f3c606057a0fa6432ae84e89c02f6
81e8e3408ae0540089d36ccd08b1c9a0a2c942e1feab67f54b69eca3a296b355,MITDB_P230,230,885000000,4,20260927,MODEL_V2_TCN_MEANMAX,0,-4.664261341094971,0.009338184259831905,12,V2-004-D1-MEANMAX-F04-S20260927,513a6baa0ccf6a18a076b475e11ec4db466f3c606057a0fa6432ae84e89c02f6
81fb2df400c439d3b59c17914d99d207bc5dd3bdd2b9c4be702773a61caad3a2,MITDB_P205,205,205000000,4,20260927,MODEL_V2_TCN_MEANMAX,0,-5.132402420043945,0.0058677298948168755,12,V2-004-D1-MEANMAX-F04-S20260927,513a6baa0ccf6a18a076b475e11ec4db466f3c606057a0fa6432ae84e89c02f6
823371e83703c55cfb9b6ce7e4ad590e2c06b24c02253e315450eaf1904816a8,MITDB_P117,117,725000000,4,20260927,MODEL_V2_TCN_MEANMAX,0,-0.6714805960655212,0.33816540241241455,12,V2-004-D1-MEANMAX-F04-S20260927,513a6baa0ccf6a18a076b475e11ec4db466f3c606057a0fa6432ae84e89c02f6
8236ce6015f82e96f6bfb6f3774f8d2a25c673bf5847d928f5fe070b72d922c6,MITDB_P205,205,245000000,4,20260927,MODEL_V2_TCN_MEANMAX,0,-6.004042625427246,0.002462671836838126,12,V2-004-D1-MEANMAX-F04-S20260927,513a6baa0ccf6a18a076b475e11ec4db466f3c606057a0fa6432ae84e89c02f6
82787650cfa350e7e1b11d1a61f4c38b1e26abc4cb97337639fea99739273634,MITDB_P117,117,800000000,4,20260927,MODEL_V2_TCN_MEANMAX,0,-2.0208139419555664,0.11703485250473022,12,V2-004-D1-MEANMAX-F04-S20260927,513a6baa0ccf6a18a076b475e11ec4db466f3c606057a0fa6432ae84e89c02f6
82f7c2d03f5b5344ee28b3a95041b2fb1c49622e973788641149e343a99e1b71,MITDB_P205,205,1455000000,4,20260927,MODEL_V2_TCN_MEANMAX,0,-6.3096022605896,0.0018154545687139034,12,V2-004-D1-MEANMAX-F04-S20260927,513a6baa0ccf6a18a076b475e11ec4db466f3c606057a0fa6432ae84e89c02f6
8318aa196fb21ee088b0ef45a012789e0511066f60ac010387f5c784f38b11e7,MITDB_P230,230,1785000000,4,20260927,MODEL_V2_TCN_MEANMAX,0,0.24219055473804474,0.560253381729126,12,V2-004-D1-MEANMAX-F04-S20260927,513a6baa0ccf6a18a076b475e11ec4db466f3c606057a0fa6432ae84e89c02f6
833a04952984b889a4976ad424aea07d879fb7b1e5969556acd97e0e9aa21b4c,MITDB_P230,230,75000000,4,20260927,MODEL_V2_TCN_MEANMAX,0,-4.908990383148193,0.007325871381908655,12,V2-004-D1-MEANMAX-F04-S20260927,513a6baa0ccf6a18a076b475e11ec4db466f3c606057a0fa6432ae84e89c02f6
836d47f3778910f19181965fb7dbdb291669464bfbba50098da24874373acafe,MITDB_P117,117,30000000,4,20260927,MODEL_V2_TCN_MEANMAX,0,0.6824553608894348,0.6642864346504211,12,V2-004-D1-MEANMAX-F04-S20260927,513a6baa0ccf6a18a076b475e11ec4db466f3c606057a0fa6432ae84e89c02f6
83724f8254a1e0679e99bd526b0ff34e50d0eeaf8141635ea45fc2adca299234,MITDB_P230,230,1070000000,4,20260927,MODEL_V2_TCN_MEANMAX,0,-3.2480242252349854,0.037397947162389755,12,V2-004-D1-MEANMAX-F04-S20260927,513a6baa0ccf6a18a076b475e11ec4db466f3c606057a0fa6432ae84e89c02f6
838ae4b71bb69371b9baf519a62a7b9b1075031e9cab60d9e2af7f112362b06e,MITDB_P117,117,440000000,4,20260927,MODEL_V2_TCN_MEANMAX,0,-2.1972544193267822,0.09999731183052063,12,V2-004-D1-MEANMAX-F04-S20260927,513a6baa0ccf6a18a076b475e11ec4db466f3c606057a0fa6432ae84e89c02f6
84164ddbcf4c5d8c82fccb7834440ba20c4d2398034496656db65501f88ed746,MITDB_P117,117,1510000000,4,20260927,MODEL_V2_TCN_MEANMAX,0,-2.673039436340332,0.06458310782909393,12,V2-004-D1-MEANMAX-F04-S20260927,513a6baa0ccf6a18a076b475e11ec4db466f3c606057a0fa6432ae84e89c02f6
84493ba8b84b46e8a7f3ce93279a5dcb7126386706be38f405763610d96b346c,MITDB_P221,221,705000000,4,20260927,MODEL_V2_TCN_MEANMAX,1,12.736715316772461,0.9999970197677612,12,V2-004-D1-MEANMAX-F04-S20260927,513a6baa0ccf6a18a076b475e11ec4db466f3c606057a0fa6432ae84e89c02f6
845d2cac637a4855e64524ff8b73d4d5a261f0961e52dc533d6dba3c1c67c4a3,MITDB_P205,205,730000000,4,20260927,MODEL_V2_TCN_MEANMAX,0,-5.494740962982178,0.004091511480510235,12,V2-004-D1-MEANMAX-F04-S20260927,513a6baa0ccf6a18a076b475e11ec4db466f3c606057a0fa6432ae84e89c02f6
846864a06f5eb07afdb2c30cdb9f5f94ecb41e32c3f51ae94bf57b203f7e6326,MITDB_P230,230,1500000000,4,20260927,MODEL_V2_TCN_MEANMAX,0,-2.9381096363067627,0.05030149966478348,12,V2-004-D1-MEANMAX-F04-S20260927,513a6baa0ccf6a18a076b475e11ec4db466f3c606057a0fa6432ae84e89c02f6
8472330fcf893d7607814446313d28d1c3a70ea08a51533a242f9220d875807d,MITDB_P228,228,950000000,4,20260927,MODEL_V2_TCN_MEANMAX,1,6.3346848487854,0.998229444026947,12,V2-004-D1-MEANMAX-F04-S20260927,513a6baa0ccf6a18a076b475e11ec4db466f3c606057a0fa6432ae84e89c02f6
847e597ee70aacbc475658f8912e73dfaffdac7051e52783fe968ba204e4a029,MITDB_P230,230,955000000,4,20260927,MODEL_V2_TCN_MEANMAX,0,-6.412800312042236,0.0016377377323806286,12,V2-004-D1-MEANMAX-F04-S20260927,513a6baa0ccf6a18a076b475e11ec4db466f3c606057a0fa6432ae84e89c02f6
84dd86755ebda731fec2c91de363bf6ad3570998ebf2bb00dc0471765c88d8a2,MITDB_P228,228,830000000,4,20260927,MODEL_V2_TCN_MEANMAX,0,-13.286018371582031,1.6980669670374482e-06,12,V2-004-D1-MEANMAX-F04-S20260927,513a6baa0ccf6a18a076b475e11ec4db466f3c606057a0fa6432ae84e89c02f6
852bfe972c6c36fa72dcfa1aed7ccd9e4ae2b1592b50f28922619def616b8e60,MITDB_P230,230,135000000,4,20260927,MODEL_V2_TCN_MEANMAX,0,-4.235161304473877,0.01427086815237999,12,V2-004-D1-MEANMAX-F04-S20260927,513a6baa0ccf6a18a076b475e11ec4db466f3c606057a0fa6432ae84e89c02f6
85318f17942f3c29ef6f5e68363cd0be262f281361ce5cf30c520987d4d8e0e3,MITDB_P205,205,1320000000,4,20260927,MODEL_V2_TCN_MEANMAX,0,-6.062828540802002,0.002322401152923703,12,V2-004-D1-MEANMAX-F04-S20260927,513a6baa0ccf6a18a076b475e11ec4db466f3c606057a0fa6432ae84e89c02f6
85491b912ee841e46e50ef14484e7431fdc88530858bef1b7a513f0995ad585c,MITDB_P117,117,720000000,4,20260927,MODEL_V2_TCN_MEANMAX,0,-4.3806843757629395,0.012362056411802769,12,V2-004-D1-MEANMAX-F04-S20260927,513a6baa0ccf6a18a076b475e11ec4db466f3c606057a0fa6432ae84e89c02f6
8556799dcc9969639e97078641773f0291e1fae8c285ecde75b07fd473195608,MITDB_P221,221,415000000,4,20260927,MODEL_V2_TCN_MEANMAX,1,10.935075759887695,0.9999821186065674,12,V2-004-D1-MEANMAX-F04-S20260927,513a6baa0ccf6a18a076b475e11ec4db466f3c606057a0fa6432ae84e89c02f6
857644caf4fadd543f8c9b3e6080cab26a2469e7e8cb81282fe682d292188cac,MITDB_P117,117,105000000,4,20260927,MODEL_V2_TCN_MEANMAX,0,-0.7307131886482239,0.32503825426101685,12,V2-004-D1-MEANMAX-F04-S20260927,513a6baa0ccf6a18a076b475e11ec4db466f3c606057a0fa6432ae84e89c02f6
85770cead24a035ebc9a336208926150eef1eb85505cd4a68ba3d2a9ff292f6d,MITDB_P230,230,1350000000,4,20260927,MODEL_V2_TCN_MEANMAX,0,-5.0995402336120605,0.006062570959329605,12,V2-004-D1-MEANMAX-F04-S20260927,513a6baa0ccf6a18a076b475e11ec4db466f3c606057a0fa6432ae84e89c02f6
85a0206ea14e94cd85aae40e9da6ae5be045a6d42c795b31a78cbf739223da26,MITDB_P228,228,330000000,4,20260927,MODEL_V2_TCN_MEANMAX,1,-0.5477637052536011,0.3663834035396576,12,V2-004-D1-MEANMAX-F04-S20260927,513a6baa0ccf6a18a076b475e11ec4db466f3c606057a0fa6432ae84e89c02f6
85d2e1cba0edea7a10a97628505b18de477794d24ba111704316bd421d58c32d,MITDB_P228,228,1550000000,4,20260927,MODEL_V2_TCN_MEANMAX,1,3.179978609085083,0.9600738883018494,12,V2-004-D1-MEANMAX-F04-S20260927,513a6baa0ccf6a18a076b475e11ec4db466f3c606057a0fa6432ae84e89c02f6
8622062dffeffbdc3f38bfff5261fbf659f841ec3d6008a0e31e45a31b58612d,MITDB_P221,221,585000000,4,20260927,MODEL_V2_TCN_MEANMAX,1,12.426898956298828,0.9999959468841553,12,V2-004-D1-MEANMAX-F04-S20260927,513a6baa0ccf6a18a076b475e11ec4db466f3c606057a0fa6432ae84e89c02f6
863469bab9dcf3fe88c99ab7efce87c6e65f1da43933327e7d5374e50460c190,MITDB_P205,205,1150000000,4,20260927,MODEL_V2_TCN_MEANMAX,0,-6.080799102783203,0.0022811333183199167,12,V2-004-D1-MEANMAX-F04-S20260927,513a6baa0ccf6a18a076b475e11ec4db466f3c606057a0fa6432ae84e89c02f6
8639e5be37f7335966b906255745fa0acac700c75990a2ae2798907b3f47571c,MITDB_P228,228,880000000,4,20260927,MODEL_V2_TCN_MEANMAX,0,-11.068126678466797,1.5601519407937303e-05,12,V2-004-D1-MEANMAX-F04-S20260927,513a6baa0ccf6a18a076b475e11ec4db466f3c606057a0fa6432ae84e89c02f6
86633175af47a284db5817111f53dbb8d411bad90422e2e12b99b9512f7937dd,MITDB_P228,228,145000000,4,20260927,MODEL_V2_TCN_MEANMAX,1,5.522193431854248,0.9960188269615173,12,V2-004-D1-MEANMAX-F04-S20260927,513a6baa0ccf6a18a076b475e11ec4db466f3c606057a0fa6432ae84e89c02f6
86721605219d272635d70a8a5e365fbf3c9259c5c9cfd39b859e890fab7dbeef,MITDB_P221,221,470000000,4,20260927,MODEL_V2_TCN_MEANMAX,1,11.943531036376953,0.9999934434890747,12,V2-004-D1-MEANMAX-F04-S20260927,513a6baa0ccf6a18a076b475e11ec4db466f3c606057a0fa6432ae84e89c02f6
86966a40fb3eecfc004eef8a64faf78b7604455b6368ea9ce1c0f625dde77e95,MITDB_P228,228,710000000,4,20260927,MODEL_V2_TCN_MEANMAX,1,7.449293613433838,0.9994184970855713,12,V2-004-D1-MEANMAX-F04-S20260927,513a6baa0ccf6a18a076b475e11ec4db466f3c606057a0fa6432ae84e89c02f6
86b3a83b7b7828119c2b3ab2cbc16e8d944e56bd7979b47e43d73417bf269859,MITDB_P221,221,660000000,4,20260927,MODEL_V2_TCN_MEANMAX,1,11.840252876281738,0.999992847442627,12,V2-004-D1-MEANMAX-F04-S20260927,513a6baa0ccf6a18a076b475e11ec4db466f3c606057a0fa6432ae84e89c02f6
86babd5532714a04114c536f9186070cdb808626152b5fb34bb355b8422a4f47,MITDB_P205,205,545000000,4,20260927,MODEL_V2_TCN_MEANMAX,0,-4.675779342651367,0.009232232347130775,12,V2-004-D1-MEANMAX-F04-S20260927,513a6baa0ccf6a18a076b475e11ec4db466f3c606057a0fa6432ae84e89c02f6
86e68b22c81b6169f84a5c053465a72f6bc731238adbb0aac1c69cefbbf0c9c5,MITDB_P228,228,535000000,4,20260927,MODEL_V2_TCN_MEANMAX,1,8.423284530639648,0.9997803568840027,12,V2-004-D1-MEANMAX-F04-S20260927,513a6baa0ccf6a18a076b475e11ec4db466f3c606057a0fa6432ae84e89c02f6
86f978f4e7965eeb01c1334315306e5a2da9d944d3e7e8c0a0971289e56223a3,MITDB_P205,205,1100000000,4,20260927,MODEL_V2_TCN_MEANMAX,0,-5.84370756149292,0.002889703493565321,12,V2-004-D1-MEANMAX-F04-S20260927,513a6baa0ccf6a18a076b475e11ec4db466f3c606057a0fa6432ae84e89c02f6
87c73f75401e5117d3ea70f79616723f997a53ce07d9c2870f0134b825aafa92,MITDB_P205,205,1045000000,4,20260927,MODEL_V2_TCN_MEANMAX,0,-5.820008754730225,0.0029587987810373306,12,V2-004-D1-MEANMAX-F04-S20260927,513a6baa0ccf6a18a076b475e11ec4db466f3c606057a0fa6432ae84e89c02f6
87e40f315cde2b9cd0793e93b61480a05addf4b3ced4ea1b6433c3f1f50c1382,MITDB_P221,221,1455000000,4,20260927,MODEL_V2_TCN_MEANMAX,1,12.565227508544922,0.999996542930603,12,V2-004-D1-MEANMAX-F04-S20260927,513a6baa0ccf6a18a076b475e11ec4db466f3c606057a0fa6432ae84e89c02f6
87ed7b8a578080f9014f46bcd2390f06ffd50d1c1d298238083c7f7784de2f67,MITDB_P117,117,620000000,4,20260927,MODEL_V2_TCN_MEANMAX,0,-2.007784843444824,0.11838798224925995,12,V2-004-D1-MEANMAX-F04-S20260927,513a6baa0ccf6a18a076b475e11ec4db466f3c606057a0fa6432ae84e89c02f6
87fded424fc7f1be6b7be2c6aaed3a607645ec807d7481241261a003558e1122,MITDB_P205,205,760000000,4,20260927,MODEL_V2_TCN_MEANMAX,0,-5.355713367462158,0.0046989163383841515,12,V2-004-D1-MEANMAX-F04-S20260927,513a6baa0ccf6a18a076b475e11ec4db466f3c606057a0fa6432ae84e89c02f6
8887a65933e579fa21efb4d52dc54b7c880ea5435a75ea6cde99fc10106d50c7,MITDB_P228,228,1595000000,4,20260927,MODEL_V2_TCN_MEANMAX,0,-10.084196090698242,4.173218985670246e-05,12,V2-004-D1-MEANMAX-F04-S20260927,513a6baa0ccf6a18a076b475e11ec4db466f3c606057a0fa6432ae84e89c02f6
88a71d1e56422c86f35594b3104df86c7d25455a6f7aba28e00ca39619b22dfe,MITDB_P117,117,1470000000,4,20260927,MODEL_V2_TCN_MEANMAX,0,-2.763826370239258,0.05931052193045616,12,V2-004-D1-MEANMAX-F04-S20260927,513a6baa0ccf6a18a076b475e11ec4db466f3c606057a0fa6432ae84e89c02f6
88f8118a797003352e14d83431e76fdb0606a802cffb2ea2ac33c6e49e30c29f,MITDB_P230,230,1495000000,4,20260927,MODEL_V2_TCN_MEANMAX,0,-3.2042465209960938,0.03900622949004173,12,V2-004-D1-MEANMAX-F04-S20260927,513a6baa0ccf6a18a076b475e11ec4db466f3c606057a0fa6432ae84e89c02f6
89162c557f763098a9b620ea57a164d5aa602329e493a29ff0170479ad3abbf2,MITDB_P228,228,365000000,4,20260927,MODEL_V2_TCN_MEANMAX,1,8.365032196044922,0.9997672438621521,12,V2-004-D1-MEANMAX-F04-S20260927,513a6baa0ccf6a18a076b475e11ec4db466f3c606057a0fa6432ae84e89c02f6
89190d7072fa514c27d817fd4ad7227ac43ed29e709289d80ae2e602e7ee4a82,MITDB_P228,228,600000000,4,20260927,MODEL_V2_TCN_MEANMAX,0,-13.154810905456543,1.93614278032328e-06,12,V2-004-D1-MEANMAX-F04-S20260927,513a6baa0ccf6a18a076b475e11ec4db466f3c606057a0fa6432ae84e89c02f6
89276c7e5cc9e55e42680e93996727eaddbd350be5e0ff3c42de04ca26612738,MITDB_P221,221,1495000000,4,20260927,MODEL_V2_TCN_MEANMAX,1,12.679298400878906,0.9999969005584717,12,V2-004-D1-MEANMAX-F04-S20260927,513a6baa0ccf6a18a076b475e11ec4db466f3c606057a0fa6432ae84e89c02f6
8932a69d575088348cdd6709989bfd9107a1f8eddf4784b83c844445d5c53f3a,MITDB_P230,230,975000000,4,20260927,MODEL_V2_TCN_MEANMAX,0,-5.80659818649292,0.0029986253939568996,12,V2-004-D1-MEANMAX-F04-S20260927,513a6baa0ccf6a18a076b475e11ec4db466f3c606057a0fa6432ae84e89c02f6
8954b57d08d89c543ce262e1a1110b43cdc59e7fbd977b1d011fd54060026456,MITDB_P205,205,1375000000,4,20260927,MODEL_V2_TCN_MEANMAX,1,16.944351196289062,1.0,12,V2-004-D1-MEANMAX-F04-S20260927,513a6baa0ccf6a18a076b475e11ec4db466f3c606057a0fa6432ae84e89c02f6
899a01e69434b69388b9ace3fe9e7aaa56f4819a36fb2e800249c28e7a797936,MITDB_P221,221,1550000000,4,20260927,MODEL_V2_TCN_MEANMAX,0,1.442297101020813,0.8088101148605347,12,V2-004-D1-MEANMAX-F04-S20260927,513a6baa0ccf6a18a076b475e11ec4db466f3c606057a0fa6432ae84e89c02f6
899efba36516c410133d4de21179e2aab581252349415e4919d217449880f665,MITDB_P230,230,550000000,4,20260927,MODEL_V2_TCN_MEANMAX,0,-5.214540958404541,0.0054075284861028194,12,V2-004-D1-MEANMAX-F04-S20260927,513a6baa0ccf6a18a076b475e11ec4db466f3c606057a0fa6432ae84e89c02f6
89caf3acdb6ed807a4822fce52501e1afa098ff5286d4a555d408a9d4628471f,MITDB_P221,221,1615000000,4,20260927,MODEL_V2_TCN_MEANMAX,0,1.7962504625320435,0.8576919436454773,12,V2-004-D1-MEANMAX-F04-S20260927,513a6baa0ccf6a18a076b475e11ec4db466f3c606057a0fa6432ae84e89c02f6
89cee0e2df100e53107674fe875f2ce1dae363d52337a5538816ceaaf3d3132d,MITDB_P205,205,1245000000,4,20260927,MODEL_V2_TCN_MEANMAX,0,-5.575178623199463,0.0037764827720820904,12,V2-004-D1-MEANMAX-F04-S20260927,513a6baa0ccf6a18a076b475e11ec4db466f3c606057a0fa6432ae84e89c02f6
89e53c0776225a2433fc3df107fff96dd5fe348d1631bf7b4937596c6f851ff4,MITDB_P205,205,360000000,4,20260927,MODEL_V2_TCN_MEANMAX,0,-6.171745777130127,0.0020832393784075975,12,V2-004-D1-MEANMAX-F04-S20260927,513a6baa0ccf6a18a076b475e11ec4db466f3c606057a0fa6432ae84e89c02f6
8a33576ca44d118a127406a7f329445b3483ebcbd63abe802da3d14e7b1b68ed,MITDB_P117,117,1045000000,4,20260927,MODEL_V2_TCN_MEANMAX,0,-2.070021629333496,0.11204488575458527,12,V2-004-D1-MEANMAX-F04-S20260927,513a6baa0ccf6a18a076b475e11ec4db466f3c606057a0fa6432ae84e89c02f6
8a62953bcc0bf764c1732578fd2444ff84cbfbf199286cad45ad7884b4d15fa6,MITDB_P228,228,1760000000,4,20260927,MODEL_V2_TCN_MEANMAX,1,12.83996868133545,0.9999973773956299,12,V2-004-D1-MEANMAX-F04-S20260927,513a6baa0ccf6a18a076b475e11ec4db466f3c606057a0fa6432ae84e89c02f6
8a6b52ab625e730a64027cfebd537eafa55599f922c5cea2d84d40bd246890aa,MITDB_P221,221,715000000,4,20260927,MODEL_V2_TCN_MEANMAX,1,12.291569709777832,0.9999953508377075,12,V2-004-D1-MEANMAX-F04-S20260927,513a6baa0ccf6a18a076b475e11ec4db466f3c606057a0fa6432ae84e89c02f6
8a8183115bb22ba0b5088d908448cf5d1796fe1f2d4ed92b8a7c33b158984e24,MITDB_P117,117,1155000000,4,20260927,MODEL_V2_TCN_MEANMAX,0,-3.3825297355651855,0.032845936715602875,12,V2-004-D1-MEANMAX-F04-S20260927,513a6baa0ccf6a18a076b475e11ec4db466f3c606057a0fa6432ae84e89c02f6
8a97ce58bfa485be115aef6a7fff002fcc29ff5137a8c3728af16597435c4031,MITDB_P228,228,645000000,4,20260927,MODEL_V2_TCN_MEANMAX,0,-12.759713172912598,2.874257688745274e-06,12,V2-004-D1-MEANMAX-F04-S20260927,513a6baa0ccf6a18a076b475e11ec4db466f3c606057a0fa6432ae84e89c02f6
8ab54998b6608a7f6c22b52c7ae1cbf5a255e10e72e97a8e0c12e7bab2aa893a,MITDB_P228,228,730000000,4,20260927,MODEL_V2_TCN_MEANMAX,1,11.529825210571289,0.9999902248382568,12,V2-004-D1-MEANMAX-F04-S20260927,513a6baa0ccf6a18a076b475e11ec4db466f3c606057a0fa6432ae84e89c02f6
8ab7a5bf83c4f275d59da3e3af28bafe5d5374d6962897c34c2408d4fd68c7fa,MITDB_P205,205,940000000,4,20260927,MODEL_V2_TCN_MEANMAX,0,-5.827910900115967,0.0029355783481150866,12,V2-004-D1-MEANMAX-F04-S20260927,513a6baa0ccf6a18a076b475e11ec4db466f3c606057a0fa6432ae84e89c02f6
8abb30f70a3739e774ea99e7a12d7e42740dbb482ecafd8102191ad20f946737,MITDB_P221,221,290000000,4,20260927,MODEL_V2_TCN_MEANMAX,1,11.879638671875,0.999993085861206,12,V2-004-D1-MEANMAX-F04-S20260927,513a6baa0ccf6a18a076b475e11ec4db466f3c606057a0fa6432ae84e89c02f6
8add3426e305e753c1409cc8e48df335224ad939f3af089616cf386a35fd5645,MITDB_P205,205,1695000000,4,20260927,MODEL_V2_TCN_MEANMAX,1,8.664804458618164,0.99982750415802,12,V2-004-D1-MEANMAX-F04-S20260927,513a6baa0ccf6a18a076b475e11ec4db466f3c606057a0fa6432ae84e89c02f6
8af4bbb14ed014b82cc41ab931faadf9ac95a271f109fc06b999f61e49116d62,MITDB_P205,205,1140000000,4,20260927,MODEL_V2_TCN_MEANMAX,0,-5.627796173095703,0.003583604237064719,12,V2-004-D1-MEANMAX-F04-S20260927,513a6baa0ccf6a18a076b475e11ec4db466f3c606057a0fa6432ae84e89c02f6
8b03a3951566f5579edb81cf2fa162d404dadcaf8b6645b29a252a9d2b337f9c,MITDB_P205,205,1035000000,4,20260927,MODEL_V2_TCN_MEANMAX,0,-5.896078586578369,0.0027426655869930983,12,V2-004-D1-MEANMAX-F04-S20260927,513a6baa0ccf6a18a076b475e11ec4db466f3c606057a0fa6432ae84e89c02f6
8b150bd89dfee032af779f0487f2f321d250664cfe94e5784d3c8c8da4e2bd59,MITDB_P230,230,1095000000,4,20260927,MODEL_V2_TCN_MEANMAX,0,-3.993703842163086,0.018097756430506706,12,V2-004-D1-MEANMAX-F04-S20260927,513a6baa0ccf6a18a076b475e11ec4db466f3c606057a0fa6432ae84e89c02f6
8b1660f8b0d2cf0e3954fbf17eba6aad8007fa7df6d08b6ec95bc19264f101f2,MITDB_P230,230,1565000000,4,20260927,MODEL_V2_TCN_MEANMAX,0,-1.53203284740448,0.17769645154476166,12,V2-004-D1-MEANMAX-F04-S20260927,513a6baa0ccf6a18a076b475e11ec4db466f3c606057a0fa6432ae84e89c02f6
8b175ee1aa9c697c8dedcc4a7ccf14c31d6c973ede74cd59cdd2490be89b9eca,MITDB_P228,228,765000000,4,20260927,MODEL_V2_TCN_MEANMAX,1,4.911656856536865,0.9926934242248535,12,V2-004-D1-MEANMAX-F04-S20260927,513a6baa0ccf6a18a076b475e11ec4db466f3c606057a0fa6432ae84e89c02f6
8b3164bde677f533357485cf93d1a0626d26f692da0a68dba3a922dba32ae59c,MITDB_P117,117,25000000,4,20260927,MODEL_V2_TCN_MEANMAX,0,-0.16569863259792328,0.45866987109184265,12,V2-004-D1-MEANMAX-F04-S20260927,513a6baa0ccf6a18a076b475e11ec4db466f3c606057a0fa6432ae84e89c02f6
8b8daeee21c72f7b4cfc974921cf924635483d0056059c272145a3be446dff77,MITDB_P205,205,1335000000,4,20260927,MODEL_V2_TCN_MEANMAX,1,17.322673797607422,1.0,12,V2-004-D1-MEANMAX-F04-S20260927,513a6baa0ccf6a18a076b475e11ec4db466f3c606057a0fa6432ae84e89c02f6
8b964e3aff319552df74ffb68c7f55846cf3ead663bd3d1fd57703066394ff14,MITDB_P205,205,1480000000,4,20260927,MODEL_V2_TCN_MEANMAX,1,6.9858317375183105,0.9990758895874023,12,V2-004-D1-MEANMAX-F04-S20260927,513a6baa0ccf6a18a076b475e11ec4db466f3c606057a0fa6432ae84e89c02f6
8baa38994a0d92be11dc730de4d715ccb941ae68e5869826b6ec26c247795a71,MITDB_P230,230,510000000,4,20260927,MODEL_V2_TCN_MEANMAX,0,-5.547369956970215,0.003882562043145299,12,V2-004-D1-MEANMAX-F04-S20260927,513a6baa0ccf6a18a076b475e11ec4db466f3c606057a0fa6432ae84e89c02f6
8bfa65a3aac102e20afca28ba24b0d475d4d38552fc0e61ac6295fa011037889,MITDB_P117,117,955000000,4,20260927,MODEL_V2_TCN_MEANMAX,0,-2.799278497695923,0.057363174855709076,12,V2-004-D1-MEANMAX-F04-S20260927,513a6baa0ccf6a18a076b475e11ec4db466f3c606057a0fa6432ae84e89c02f6
8c0d894c24af99ce3f32afade650e62d88fc9666640cda6d83a7f8f0027c5bc3,MITDB_P221,221,520000000,4,20260927,MODEL_V2_TCN_MEANMAX,1,14.745919227600098,0.9999996423721313,12,V2-004-D1-MEANMAX-F04-S20260927,513a6baa0ccf6a18a076b475e11ec4db466f3c606057a0fa6432ae84e89c02f6
8c44af6d5f342096f8b1db040cf6033a4030230aaefe04f70d6f507ac839c746,MITDB_P228,228,380000000,4,20260927,MODEL_V2_TCN_MEANMAX,1,7.691389560699463,0.9995434880256653,12,V2-004-D1-MEANMAX-F04-S20260927,513a6baa0ccf6a18a076b475e11ec4db466f3c606057a0fa6432ae84e89c02f6
8c5bff733eefd559e51628cf06dd165d7798d0c244b5826c231de5c1ec747915,MITDB_P221,221,250000000,4,20260927,MODEL_V2_TCN_MEANMAX,1,11.515621185302734,0.9999899864196777,12,V2-004-D1-MEANMAX-F04-S20260927,513a6baa0ccf6a18a076b475e11ec4db466f3c606057a0fa6432ae84e89c02f6
8c63cfbe7f4292653d02fd723e0fe396770e2f324dd9687c0cae677e1ebd5b5b,MITDB_P230,230,1165000000,4,20260927,MODEL_V2_TCN_MEANMAX,0,-3.72818660736084,0.023472197353839874,12,V2-004-D1-MEANMAX-F04-S20260927,513a6baa0ccf6a18a076b475e11ec4db466f3c606057a0fa6432ae84e89c02f6
8c883891c9f8a9bdc35c8b6d83d14e4681d16710d7dad2b90b4c41fe068d75e8,MITDB_P221,221,1670000000,4,20260927,MODEL_V2_TCN_MEANMAX,1,10.41440200805664,0.9999699592590332,12,V2-004-D1-MEANMAX-F04-S20260927,513a6baa0ccf6a18a076b475e11ec4db466f3c606057a0fa6432ae84e89c02f6
8cad7e0f41d8d8d2be5d4a19d1c6b9600acb5072bb2f167d760e42c4fb47d6d9,MITDB_P205,205,1405000000,4,20260927,MODEL_V2_TCN_MEANMAX,0,-6.954333782196045,0.000953579496126622,12,V2-004-D1-MEANMAX-F04-S20260927,513a6baa0ccf6a18a076b475e11ec4db466f3c606057a0fa6432ae84e89c02f6
8cb2610cf83583f470d203fef210108f9319c4b880233d12246b317c1d680e99,MITDB_P221,221,375000000,4,20260927,MODEL_V2_TCN_MEANMAX,1,10.273994445800781,0.9999654293060303,12,V2-004-D1-MEANMAX-F04-S20260927,513a6baa0ccf6a18a076b475e11ec4db466f3c606057a0fa6432ae84e89c02f6
8cd7857946f066ea15a355fbb11a5e086c6d5ead272d363973e86c72c7c53c71,MITDB_P205,205,925000000,4,20260927,MODEL_V2_TCN_MEANMAX,1,-4.961609363555908,0.006952967960387468,12,V2-004-D1-MEANMAX-F04-S20260927,513a6baa0ccf6a18a076b475e11ec4db466f3c606057a0fa6432ae84e89c02f6
8ce1b4afd2a28a0fd4c28e6dac300d870a2889005cf3d25c15794d648f8edc93,MITDB_P221,221,1660000000,4,20260927,MODEL_V2_TCN_MEANMAX,0,1.675700306892395,0.8423343300819397,12,V2-004-D1-MEANMAX-F04-S20260927,513a6baa0ccf6a18a076b475e11ec4db466f3c606057a0fa6432ae84e89c02f6
8cea24d3c2294e3478fccd6a95b1114f1873a2b0b2b862bbaa2e5695f2093796,MITDB_P117,117,755000000,4,20260927,MODEL_V2_TCN_MEANMAX,0,-4.959076404571533,0.006970479153096676,12,V2-004-D1-MEANMAX-F04-S20260927,513a6baa0ccf6a18a076b475e11ec4db466f3c606057a0fa6432ae84e89c02f6
8d0a2b99f4f82f22362295fbc6ba95a8aee0c0d7d53322184b8582afcfbb7a47,MITDB_P228,228,70000000,4,20260927,MODEL_V2_TCN_MEANMAX,1,11.129112243652344,0.9999853372573853,12,V2-004-D1-MEANMAX-F04-S20260927,513a6baa0ccf6a18a076b475e11ec4db466f3c606057a0fa6432ae84e89c02f6
8d2e722ef5f09d3b4dde3c857f355aea47ead1d860e5aec51b3c2a53e1b43fdf,MITDB_P117,117,1090000000,4,20260927,MODEL_V2_TCN_MEANMAX,0,-3.2179245948791504,0.03849673271179199,12,V2-004-D1-MEANMAX-F04-S20260927,513a6baa0ccf6a18a076b475e11ec4db466f3c606057a0fa6432ae84e89c02f6
8d34b794e8050fb27143db66bcabc360c12d5d8846bed8ec50caa07cae9d2f0a,MITDB_P117,117,1085000000,4,20260927,MODEL_V2_TCN_MEANMAX,0,-2.175367593765259,0.101984404027462,12,V2-004-D1-MEANMAX-F04-S20260927,513a6baa0ccf6a18a076b475e11ec4db466f3c606057a0fa6432ae84e89c02f6
8d557bba36a53e574dd7156893146316e80d2b36e07c6d170906272721bbd32b,MITDB_P230,230,860000000,4,20260927,MODEL_V2_TCN_MEANMAX,0,-5.321751117706299,0.004860454238951206,12,V2-004-D1-MEANMAX-F04-S20260927,513a6baa0ccf6a18a076b475e11ec4db466f3c606057a0fa6432ae84e89c02f6
8d6ef0a1f18a91740c14013e052a14910e3ae87268888ddd7d4a9090ba9a6594,MITDB_P221,221,105000000,4,20260927,MODEL_V2_TCN_MEANMAX,1,15.831697463989258,0.9999998807907104,12,V2-004-D1-MEANMAX-F04-S20260927,513a6baa0ccf6a18a076b475e11ec4db466f3c606057a0fa6432ae84e89c02f6
8d87a5efd55195cd68a5863a45edb6e442f9e06312e50fcec27bbfb55199fe48,MITDB_P221,221,325000000,4,20260927,MODEL_V2_TCN_MEANMAX,1,10.358271598815918,0.9999682903289795,12,V2-004-D1-MEANMAX-F04-S20260927,513a6baa0ccf6a18a076b475e11ec4db466f3c606057a0fa6432ae84e89c02f6
8daa51853c8522e2e24fa22a63f9d8dc08f1473c38cef43406d7824ed3ec9669,MITDB_P205,205,320000000,4,20260927,MODEL_V2_TCN_MEANMAX,1,15.167325973510742,0.9999997615814209,12,V2-004-D1-MEANMAX-F04-S20260927,513a6baa0ccf6a18a076b475e11ec4db466f3c606057a0fa6432ae84e89c02f6
8dded53a2cd4dea13da169c29c2a2640bf1e34daa88af9975ab7c6fc1c8637dc,MITDB_P230,230,1230000000,4,20260927,MODEL_V2_TCN_MEANMAX,0,-4.481849193572998,0.011185933835804462,12,V2-004-D1-MEANMAX-F04-S20260927,513a6baa0ccf6a18a076b475e11ec4db466f3c606057a0fa6432ae84e89c02f6
8e02ae2500d5c4ad7e320968bf3c85724b53e4ae75e44e6b9d97bbc09671b9eb,MITDB_P221,221,485000000,4,20260927,MODEL_V2_TCN_MEANMAX,1,14.447742462158203,0.9999995231628418,12,V2-004-D1-MEANMAX-F04-S20260927,513a6baa0ccf6a18a076b475e11ec4db466f3c606057a0fa6432ae84e89c02f6
8e19e3d5a7eeaa8ed330a42051d3ae03d2ea46b7004fa4fc1c84eccb2b8e9c32,MITDB_P230,230,905000000,4,20260927,MODEL_V2_TCN_MEANMAX,0,-5.535292625427246,0.003929551690816879,12,V2-004-D1-MEANMAX-F04-S20260927,513a6baa0ccf6a18a076b475e11ec4db466f3c606057a0fa6432ae84e89c02f6
8e3691ffc7eea24ed99aad63bccc9456fe7015141be8812aa11d436aac803d38,MITDB_P205,205,655000000,4,20260927,MODEL_V2_TCN_MEANMAX,1,13.930843353271484,0.9999991655349731,12,V2-004-D1-MEANMAX-F04-S20260927,513a6baa0ccf6a18a076b475e11ec4db466f3c606057a0fa6432ae84e89c02f6
8e5f41f1cdd5c413bb2df4a9df87dbab38a8e333db81bb939dca4bb2b780dc23,MITDB_P228,228,1635000000,4,20260927,MODEL_V2_TCN_MEANMAX,1,9.659266471862793,0.9999362230300903,12,V2-004-D1-MEANMAX-F04-S20260927,513a6baa0ccf6a18a076b475e11ec4db466f3c606057a0fa6432ae84e89c02f6
8ee114179a8f120d61e9b7567bdf3ac42394c07c79f0ae140ea84cf30ede2476,MITDB_P117,117,1430000000,4,20260927,MODEL_V2_TCN_MEANMAX,0,-2.620620012283325,0.06782308220863342,12,V2-004-D1-MEANMAX-F04-S20260927,513a6baa0ccf6a18a076b475e11ec4db466f3c606057a0fa6432ae84e89c02f6
8ee26d77df82736bdff1166b52759a114dcc65f26d92e8fb7f2e991bdf2507c1,MITDB_P230,230,950000000,4,20260927,MODEL_V2_TCN_MEANMAX,0,-4.054876804351807,0.017042145133018494,12,V2-004-D1-MEANMAX-F04-S20260927,513a6baa0ccf6a18a076b475e11ec4db466f3c606057a0fa6432ae84e89c02f6
8ee5f0457d3ace3f645e9ce70acacaa72c51204c17a81a0032a082dc6f3f5963,MITDB_P205,205,805000000,4,20260927,MODEL_V2_TCN_MEANMAX,0,-3.3249220848083496,0.03472604230046272,12,V2-004-D1-MEANMAX-F04-S20260927,513a6baa0ccf6a18a076b475e11ec4db466f3c606057a0fa6432ae84e89c02f6
8f3bf1f67eff524dbc15f819f3cccbd318f66e97174d06d40b082ae60b66971c,MITDB_P228,228,720000000,4,20260927,MODEL_V2_TCN_MEANMAX,1,8.78016471862793,0.9998462200164795,12,V2-004-D1-MEANMAX-F04-S20260927,513a6baa0ccf6a18a076b475e11ec4db466f3c606057a0fa6432ae84e89c02f6
8f3d835b10efbed127dd803a88ddecf82d4bb50989cd129a4af7b114281016ee,MITDB_P205,205,1570000000,4,20260927,MODEL_V2_TCN_MEANMAX,0,-6.411342144012451,0.0016401237808167934,12,V2-004-D1-MEANMAX-F04-S20260927,513a6baa0ccf6a18a076b475e11ec4db466f3c606057a0fa6432ae84e89c02f6
8f77107797b241f35accea56b85e21e5c36451dea531cb14d426bb5ec73de4c6,MITDB_P221,221,1425000000,4,20260927,MODEL_V2_TCN_MEANMAX,1,10.424478530883789,0.9999703168869019,12,V2-004-D1-MEANMAX-F04-S20260927,513a6baa0ccf6a18a076b475e11ec4db466f3c606057a0fa6432ae84e89c02f6
8f9284594801f2838527dd9d293bc7e9f591f6d19fd915a78d289a5912c94933,MITDB_P230,230,1000000000,4,20260927,MODEL_V2_TCN_MEANMAX,0,-5.8872904777526855,0.0027668075636029243,12,V2-004-D1-MEANMAX-F04-S20260927,513a6baa0ccf6a18a076b475e11ec4db466f3c606057a0fa6432ae84e89c02f6
9004b703e322b652772d30e047d585ef5c211f7031884998fa1c9b6325f82df6,MITDB_P205,205,410000000,4,20260927,MODEL_V2_TCN_MEANMAX,0,-5.6046462059021,0.003667224431410432,12,V2-004-D1-MEANMAX-F04-S20260927,513a6baa0ccf6a18a076b475e11ec4db466f3c606057a0fa6432ae84e89c02f6
9019d21756efb1f72fbac85f190fcdc1f9d07265eaeddcc2edcd40046d16c90f,MITDB_P230,230,340000000,4,20260927,MODEL_V2_TCN_MEANMAX,0,-4.076892852783203,0.016677234321832657,12,V2-004-D1-MEANMAX-F04-S20260927,513a6baa0ccf6a18a076b475e11ec4db466f3c606057a0fa6432ae84e89c02f6
90707b51e985e01426f7a58a0ce81ac33288511dbf2b06d5d5b5b4ae0ade3c6f,MITDB_P230,230,390000000,4,20260927,MODEL_V2_TCN_MEANMAX,0,-2.9680464267730713,0.048890482634305954,12,V2-004-D1-MEANMAX-F04-S20260927,513a6baa0ccf6a18a076b475e11ec4db466f3c606057a0fa6432ae84e89c02f6
90895e82898a0e19ec5801da6892f3de213658cb524b86d3ce03c4f35404c782,MITDB_P228,228,960000000,4,20260927,MODEL_V2_TCN_MEANMAX,0,-11.937294006347656,6.541784841829212e-06,12,V2-004-D1-MEANMAX-F04-S20260927,513a6baa0ccf6a18a076b475e11ec4db466f3c606057a0fa6432ae84e89c02f6
90b21a29c804d7ea1ef5e60cb15d2300ca2d398d3552fbb31ef058b516ef3091,MITDB_P228,228,350000000,4,20260927,MODEL_V2_TCN_MEANMAX,1,8.601801872253418,0.9998162388801575,12,V2-004-D1-MEANMAX-F04-S20260927,513a6baa0ccf6a18a076b475e11ec4db466f3c606057a0fa6432ae84e89c02f6
90c62f3927d18c72c2d496fbe75c343d4db7c27daf9eb51afcd0ed9b8b201264,MITDB_P117,117,1340000000,4,20260927,MODEL_V2_TCN_MEANMAX,0,-2.6409847736358643,0.06654683500528336,12,V2-004-D1-MEANMAX-F04-S20260927,513a6baa0ccf6a18a076b475e11ec4db466f3c606057a0fa6432ae84e89c02f6
910393846f2e587baeebacb3b59873bff2df50d107a7616449c777340545f3db,MITDB_P117,117,1625000000,4,20260927,MODEL_V2_TCN_MEANMAX,0,-3.756343126296997,0.022835399955511093,12,V2-004-D1-MEANMAX-F04-S20260927,513a6baa0ccf6a18a076b475e11ec4db466f3c606057a0fa6432ae84e89c02f6
912250c3f8ec88c23907ef5360a04618030752c77964de12e39314f4e0db144c,MITDB_P230,230,490000000,4,20260927,MODEL_V2_TCN_MEANMAX,0,-4.395875930786133,0.012177946045994759,12,V2-004-D1-MEANMAX-F04-S20260927,513a6baa0ccf6a18a076b475e11ec4db466f3c606057a0fa6432ae84e89c02f6
912bf19667334fa4900f16d4eb2023148ac81bdc9c8571b7ba81441b1d81fb9c,MITDB_P230,230,635000000,4,20260927,MODEL_V2_TCN_MEANMAX,0,-5.314291954040527,0.0048966663889586926,12,V2-004-D1-MEANMAX-F04-S20260927,513a6baa0ccf6a18a076b475e11ec4db466f3c606057a0fa6432ae84e89c02f6
912daf4679f41c1bdf1494a35406397ea6febfe4d03c72aacb31d83cd20e0c55,MITDB_P205,205,1520000000,4,20260927,MODEL_V2_TCN_MEANMAX,0,-6.739553928375244,0.001181776518933475,12,V2-004-D1-MEANMAX-F04-S20260927,513a6baa0ccf6a18a076b475e11ec4db466f3c606057a0fa6432ae84e89c02f6
91a695b31d4c5e029019c4fe16447064ced9a59f8c817ff23090a4b88f799c41,MITDB_P228,228,290000000,4,20260927,MODEL_V2_TCN_MEANMAX,0,-11.499001502990723,1.0140111044165678e-05,12,V2-004-D1-MEANMAX-F04-S20260927,513a6baa0ccf6a18a076b475e11ec4db466f3c606057a0fa6432ae84e89c02f6
922a414c74b6855a38f537e530466bf416707aa0cd506bb5f952090b72f05f66,MITDB_P221,221,650000000,4,20260927,MODEL_V2_TCN_MEANMAX,1,11.368410110473633,0.9999884366989136,12,V2-004-D1-MEANMAX-F04-S20260927,513a6baa0ccf6a18a076b475e11ec4db466f3c606057a0fa6432ae84e89c02f6
925192f2c75721444130930d2869a75d4caf2a1bc71332f45413796e5bdf6371,MITDB_P117,117,705000000,4,20260927,MODEL_V2_TCN_MEANMAX,0,-0.1681458204984665,0.4580622613430023,12,V2-004-D1-MEANMAX-F04-S20260927,513a6baa0ccf6a18a076b475e11ec4db466f3c606057a0fa6432ae84e89c02f6
92fdcf2f89ee281820f320d0c2ddd1bc8baabfccb87f127477e3147ed43d1e03,MITDB_P228,228,40000000,4,20260927,MODEL_V2_TCN_MEANMAX,1,6.14651346206665,0.9978637099266052,12,V2-004-D1-MEANMAX-F04-S20260927,513a6baa0ccf6a18a076b475e11ec4db466f3c606057a0fa6432ae84e89c02f6
9315371bc9e15ede8f980bfc5ae9359c1087665fba3b6d8afff34b46edc48596,MITDB_P221,221,1160000000,4,20260927,MODEL_V2_TCN_MEANMAX,1,9.856922149658203,0.9999476671218872,12,V2-004-D1-MEANMAX-F04-S20260927,513a6baa0ccf6a18a076b475e11ec4db466f3c606057a0fa6432ae84e89c02f6
9382500f01ddf2a1f359947b012c70b215502fb36b6e590a6aef10a1aa07e483,MITDB_P117,117,1675000000,4,20260927,MODEL_V2_TCN_MEANMAX,0,-2.3914122581481934,0.08382990211248398,12,V2-004-D1-MEANMAX-F04-S20260927,513a6baa0ccf6a18a076b475e11ec4db466f3c606057a0fa6432ae84e89c02f6
93b141a8647c9c29ee3f3c0cee8560bb43835edc3b65d12130de665019d22944,MITDB_P221,221,1170000000,4,20260927,MODEL_V2_TCN_MEANMAX,1,9.97694206237793,0.9999535083770752,12,V2-004-D1-MEANMAX-F04-S20260927,513a6baa0ccf6a18a076b475e11ec4db466f3c606057a0fa6432ae84e89c02f6
94271aadba49b9cf3d93528a099b464097c2c679d45350b8a90388b7e09285c6,MITDB_P221,221,1475000000,4,20260927,MODEL_V2_TCN_MEANMAX,1,10.609500885009766,0.999975323677063,12,V2-004-D1-MEANMAX-F04-S20260927,513a6baa0ccf6a18a076b475e11ec4db466f3c606057a0fa6432ae84e89c02f6
94422264817a42f8fdceb4fc4a9722335caeb712cedf6c807485d555da216186,MITDB_P221,221,510000000,4,20260927,MODEL_V2_TCN_MEANMAX,1,12.87217903137207,0.9999973773956299,12,V2-004-D1-MEANMAX-F04-S20260927,513a6baa0ccf6a18a076b475e11ec4db466f3c606057a0fa6432ae84e89c02f6
94a0b93032073d3b9062c827409e739402d037788e5bad9b1f9257831f793698,MITDB_P230,230,420000000,4,20260927,MODEL_V2_TCN_MEANMAX,0,-5.0230889320373535,0.006541089620441198,12,V2-004-D1-MEANMAX-F04-S20260927,513a6baa0ccf6a18a076b475e11ec4db466f3c606057a0fa6432ae84e89c02f6
94deeb4b45ce14f21216c96bace8c48473629b5f9182c513986a4e012c13d729,MITDB_P205,205,840000000,4,20260927,MODEL_V2_TCN_MEANMAX,1,-5.007237434387207,0.006644907873123884,12,V2-004-D1-MEANMAX-F04-S20260927,513a6baa0ccf6a18a076b475e11ec4db466f3c606057a0fa6432ae84e89c02f6
94efab6ccf37943725cc7035e7d2206d9c9d2d3817b10f1b9be9b773d86515d5,MITDB_P230,230,520000000,4,20260927,MODEL_V2_TCN_MEANMAX,0,-4.499927997589111,0.010987725108861923,12,V2-004-D1-MEANMAX-F04-S20260927,513a6baa0ccf6a18a076b475e11ec4db466f3c606057a0fa6432ae84e89c02f6
94fd28ee4c5e9d36eb43b59367fbbf64973976c960477982d0038a04cb74fb96,MITDB_P221,221,205000000,4,20260927,MODEL_V2_TCN_MEANMAX,1,12.55990219116211,0.999996542930603,12,V2-004-D1-MEANMAX-F04-S20260927,513a6baa0ccf6a18a076b475e11ec4db466f3c606057a0fa6432ae84e89c02f6
9529b33f61b27f75aef68f0f1b1f2237f5b323ea03fedb7cc395169139b23458,MITDB_P228,228,280000000,4,20260927,MODEL_V2_TCN_MEANMAX,1,6.53631067276001,0.9985522627830505,12,V2-004-D1-MEANMAX-F04-S20260927,513a6baa0ccf6a18a076b475e11ec4db466f3c606057a0fa6432ae84e89c02f6
95a2c4be08b15c6bb5bd458d38ea5208c8e55a8661cbc056f923f0f0eba29392,MITDB_P205,205,115000000,4,20260927,MODEL_V2_TCN_MEANMAX,0,-5.398974418640137,0.004500865936279297,12,V2-004-D1-MEANMAX-F04-S20260927,513a6baa0ccf6a18a076b475e11ec4db466f3c606057a0fa6432ae84e89c02f6
95a444b6d4e8ba1bdb43603f8e9cce3315fe1b93fdd18533d431acf5c61b64f7,MITDB_P205,205,860000000,4,20260927,MODEL_V2_TCN_MEANMAX,0,-5.993871212005615,0.002487785881385207,12,V2-004-D1-MEANMAX-F04-S20260927,513a6baa0ccf6a18a076b475e11ec4db466f3c606057a0fa6432ae84e89c02f6
95a6d5fb0ab0ce3019bb44ec2a614d8455a5db287b789486b26036da8e10d6c1,MITDB_P228,228,810000000,4,20260927,MODEL_V2_TCN_MEANMAX,1,0.7699721455574036,0.6835148930549622,12,V2-004-D1-MEANMAX-F04-S20260927,513a6baa0ccf6a18a076b475e11ec4db466f3c606057a0fa6432ae84e89c02f6
96152b7d8dea8d2307695bede694bcdf88dda948fbab7cfcfb8fb483f9ee99f2,MITDB_P230,230,1285000000,4,20260927,MODEL_V2_TCN_MEANMAX,0,-5.258323669433594,0.005177079234272242,12,V2-004-D1-MEANMAX-F04-S20260927,513a6baa0ccf6a18a076b475e11ec4db466f3c606057a0fa6432ae84e89c02f6
962ed53bff275e4435ef001621bb9f605581d1dd594707290117e8763eaaa4f1,MITDB_P117,117,160000000,4,20260927,MODEL_V2_TCN_MEANMAX,0,-2.0413427352905273,0.11493007093667984,12,V2-004-D1-MEANMAX-F04-S20260927,513a6baa0ccf6a18a076b475e11ec4db466f3c606057a0fa6432ae84e89c02f6
96412df5fda4e6a4a777cd0bc9e3eeff96870774c73ba4207fa304ca9772fdb9,MITDB_P228,228,480000000,4,20260927,MODEL_V2_TCN_MEANMAX,1,2.1323015689849854,0.8940032720565796,12,V2-004-D1-MEANMAX-F04-S20260927,513a6baa0ccf6a18a076b475e11ec4db466f3c606057a0fa6432ae84e89c02f6
964858a5e29e45ba870c22cae61bbb84fa4014986def771e53f7d66dff7c21b9,MITDB_P228,228,275000000,4,20260927,MODEL_V2_TCN_MEANMAX,1,-0.5311780571937561,0.370242178440094,12,V2-004-D1-MEANMAX-F04-S20260927,513a6baa0ccf6a18a076b475e11ec4db466f3c606057a0fa6432ae84e89c02f6
96560c964865bc4f2f2be96ca12738cf098ea6ccfc00da2e03c69786a0a9fc15,MITDB_P117,117,310000000,4,20260927,MODEL_V2_TCN_MEANMAX,0,-2.1119115352630615,0.10794446617364883,12,V2-004-D1-MEANMAX-F04-S20260927,513a6baa0ccf6a18a076b475e11ec4db466f3c606057a0fa6432ae84e89c02f6
9656110f218e35d3fff0d192c0b8491471830171e5caff713d19a7b76ece0288,MITDB_P205,205,420000000,4,20260927,MODEL_V2_TCN_MEANMAX,0,-5.396714687347412,0.004511002451181412,12,V2-004-D1-MEANMAX-F04-S20260927,513a6baa0ccf6a18a076b475e11ec4db466f3c606057a0fa6432ae84e89c02f6
9699f89caa557bd7f1a45eb1fffad48bec4dbfea56a73bf0cf3c5016c3513aa3,MITDB_P117,117,425000000,4,20260927,MODEL_V2_TCN_MEANMAX,0,0.2966211438179016,0.5736163258552551,12,V2-004-D1-MEANMAX-F04-S20260927,513a6baa0ccf6a18a076b475e11ec4db466f3c606057a0fa6432ae84e89c02f6
969bf3f3fad8011692dd3f073c37d0e1da3069bf4656c36be53bc6b9674f473d,MITDB_P205,205,1075000000,4,20260927,MODEL_V2_TCN_MEANMAX,0,-5.865920543670654,0.0028264012653380632,12,V2-004-D1-MEANMAX-F04-S20260927,513a6baa0ccf6a18a076b475e11ec4db466f3c606057a0fa6432ae84e89c02f6
96c5e3e6e263183a4a53e9ed00c13bcc475dd930d5d418e7d26aa9dc095a3111,MITDB_P228,228,1625000000,4,20260927,MODEL_V2_TCN_MEANMAX,1,6.932516574859619,0.9990254640579224,12,V2-004-D1-MEANMAX-F04-S20260927,513a6baa0ccf6a18a076b475e11ec4db466f3c606057a0fa6432ae84e89c02f6
96cdd458b4172b80b399ea748849387af9abd68d64857ff3d9ab01f850fcae08,MITDB_P205,205,920000000,4,20260927,MODEL_V2_TCN_MEANMAX,1,-4.676107883453369,0.009229226969182491,12,V2-004-D1-MEANMAX-F04-S20260927,513a6baa0ccf6a18a076b475e11ec4db466f3c606057a0fa6432ae84e89c02f6
96e5cc4ace1570ef21bd9c2efddbc285075183de5e222faa5dcf179b5db85709,MITDB_P117,117,325000000,4,20260927,MODEL_V2_TCN_MEANMAX,0,-2.3820302486419678,0.08455328643321991,12,V2-004-D1-MEANMAX-F04-S20260927,513a6baa0ccf6a18a076b475e11ec4db466f3c606057a0fa6432ae84e89c02f6
97271ee2ea97382f1bc5a942627a2620b76f941ebb85f6aa1df02aecf915f969,MITDB_P221,221,850000000,4,20260927,MODEL_V2_TCN_MEANMAX,1,10.652885437011719,0.999976396560669,12,V2-004-D1-MEANMAX-F04-S20260927,513a6baa0ccf6a18a076b475e11ec4db466f3c606057a0fa6432ae84e89c02f6
97273b885ddea8573a14bfd93fc664d05414ea47c8ed8113d5583b46b76eaee2,MITDB_P205,205,175000000,4,20260927,MODEL_V2_TCN_MEANMAX,0,-5.932180881500244,0.0026456722989678383,12,V2-004-D1-MEANMAX-F04-S20260927,513a6baa0ccf6a18a076b475e11ec4db466f3c606057a0fa6432ae84e89c02f6
9764adccb24c2f0799778267294e18c64770a284cd075f11c565991717764f0e,MITDB_P230,230,1590000000,4,20260927,MODEL_V2_TCN_MEANMAX,0,2.874377965927124,0.9465652704238892,12,V2-004-D1-MEANMAX-F04-S20260927,513a6baa0ccf6a18a076b475e11ec4db466f3c606057a0fa6432ae84e89c02f6
97b0934e21d4cab7d567ca11f99accdc7b19c8e5c67f12996fcee8fa016f1395,MITDB_P205,205,1680000000,4,20260927,MODEL_V2_TCN_MEANMAX,0,-6.727784633636475,0.0011957506649196148,12,V2-004-D1-MEANMAX-F04-S20260927,513a6baa0ccf6a18a076b475e11ec4db466f3c606057a0fa6432ae84e89c02f6
97ba80a5ad9a26977d85ec5b9f95a855bb97d53ee3bb1d885b89a10164343444,MITDB_P205,205,45000000,4,20260927,MODEL_V2_TCN_MEANMAX,0,-6.099837779998779,0.002238210756331682,12,V2-004-D1-MEANMAX-F04-S20260927,513a6baa0ccf6a18a076b475e11ec4db466f3c606057a0fa6432ae84e89c02f6
981c5a08f124ac2be6a099b7bf1e14ae8edd2bd01be311f2e870df9929a019f1,MITDB_P230,230,190000000,4,20260927,MODEL_V2_TCN_MEANMAX,0,-2.50425386428833,0.07556050270795822,12,V2-004-D1-MEANMAX-F04-S20260927,513a6baa0ccf6a18a076b475e11ec4db466f3c606057a0fa6432ae84e89c02f6
98ad9fd1077f9f40afba3b92d369e4f31869dbcf670a70cb75be1099ca88c309,MITDB_P228,228,855000000,4,20260927,MODEL_V2_TCN_MEANMAX,0,-12.868088722229004,2.579045030870475e-06,12,V2-004-D1-MEANMAX-F04-S20260927,513a6baa0ccf6a18a076b475e11ec4db466f3c606057a0fa6432ae84e89c02f6
98ff4a3cd548ba7c9bd58a4a2e06f28abe9144ff5b4aaccb893c43210f548c7d,MITDB_P228,228,975000000,4,20260927,MODEL_V2_TCN_MEANMAX,0,-12.758230209350586,2.8785234462702647e-06,12,V2-004-D1-MEANMAX-F04-S20260927,513a6baa0ccf6a18a076b475e11ec4db466f3c606057a0fa6432ae84e89c02f6
99461abac78ee0685617ce0371c0ee106b0b8524edc3b73e322137a5798700ab,MITDB_P228,228,210000000,4,20260927,MODEL_V2_TCN_MEANMAX,1,1.884475588798523,0.8681244254112244,12,V2-004-D1-MEANMAX-F04-S20260927,513a6baa0ccf6a18a076b475e11ec4db466f3c606057a0fa6432ae84e89c02f6
9963506286ba3140ae85802837fb989ea4345a344e6b309b04ba862c946db631,MITDB_P228,228,890000000,4,20260927,MODEL_V2_TCN_MEANMAX,1,0.3237003684043884,0.5802257657051086,12,V2-004-D1-MEANMAX-F04-S20260927,513a6baa0ccf6a18a076b475e11ec4db466f3c606057a0fa6432ae84e89c02f6
9969e72e52f409b13c07f8254924605cfe959c0eb5e02bbf8b0f323e8afa45cf,MITDB_P228,228,1615000000,4,20260927,MODEL_V2_TCN_MEANMAX,1,10.577556610107422,0.9999744892120361,12,V2-004-D1-MEANMAX-F04-S20260927,513a6baa0ccf6a18a076b475e11ec4db466f3c606057a0fa6432ae84e89c02f6
99727779c2f53ba468a9a4e70c2a1d1e5067f4ce406fe48678ed6dbc07a72eff,MITDB_P230,230,345000000,4,20260927,MODEL_V2_TCN_MEANMAX,0,-3.957616090774536,0.018750321120023727,12,V2-004-D1-MEANMAX-F04-S20260927,513a6baa0ccf6a18a076b475e11ec4db466f3c606057a0fa6432ae84e89c02f6
9980965c50e32bfee4b147cfd93998d251975f56d3947fb86695ec2da4e1fe8e,MITDB_P221,221,90000000,4,20260927,MODEL_V2_TCN_MEANMAX,1,10.119675636291504,0.9999597072601318,12,V2-004-D1-MEANMAX-F04-S20260927,513a6baa0ccf6a18a076b475e11ec4db466f3c606057a0fa6432ae84e89c02f6
99fe2a81699788ee9c36f9434ff028733f9a76ad11dd5b936968885cc98bd902,MITDB_P117,117,1030000000,4,20260927,MODEL_V2_TCN_MEANMAX,0,-1.9033409357070923,0.12973080575466156,12,V2-004-D1-MEANMAX-F04-S20260927,513a6baa0ccf6a18a076b475e11ec4db466f3c606057a0fa6432ae84e89c02f6
9a1403dfd5c7b78ae2c5ca876a96501601aeeb2d29458170bc93172efcba157c,MITDB_P205,205,850000000,4,20260927,MODEL_V2_TCN_MEANMAX,0,-5.222891330718994,0.005362802650779486,12,V2-004-D1-MEANMAX-F04-S20260927,513a6baa0ccf6a18a076b475e11ec4db466f3c606057a0fa6432ae84e89c02f6
9a315aa25fce9e12b5cbd1e61242af03258f574f0cd6caaf740a707bc2222fe7,MITDB_P230,230,1375000000,4,20260927,MODEL_V2_TCN_MEANMAX,0,-5.390651226043701,0.004538313485682011,12,V2-004-D1-MEANMAX-F04-S20260927,513a6baa0ccf6a18a076b475e11ec4db466f3c606057a0fa6432ae84e89c02f6
9a364767aaec111f11c800435294511e64ef14a1e8654e6502f5186d8dc98eb8,MITDB_P205,205,180000000,4,20260927,MODEL_V2_TCN_MEANMAX,0,-5.468390941619873,0.004200296942144632,12,V2-004-D1-MEANMAX-F04-S20260927,513a6baa0ccf6a18a076b475e11ec4db466f3c606057a0fa6432ae84e89c02f6
9a6637d5c16c4e79057abe835446e12ee8d2ff4c1ae6f902496a98485cb2a46d,MITDB_P117,117,1725000000,4,20260927,MODEL_V2_TCN_MEANMAX,0,-2.9065756797790527,0.05182946100831032,12,V2-004-D1-MEANMAX-F04-S20260927,513a6baa0ccf6a18a076b475e11ec4db466f3c606057a0fa6432ae84e89c02f6
9a6ef5c807f77c0c8e0d4beae8a310b3a2dbce9c93c1664084cbad9a049778e2,MITDB_P221,221,1760000000,4,20260927,MODEL_V2_TCN_MEANMAX,0,-2.712266445159912,0.06225340813398361,12,V2-004-D1-MEANMAX-F04-S20260927,513a6baa0ccf6a18a076b475e11ec4db466f3c606057a0fa6432ae84e89c02f6
9a75546f692b0fd7474d9e16e8898825ab48fac8f2ecb5a04d66676468f56723,MITDB_P221,221,1745000000,4,20260927,MODEL_V2_TCN_MEANMAX,0,0.791688859462738,0.6881938576698303,12,V2-004-D1-MEANMAX-F04-S20260927,513a6baa0ccf6a18a076b475e11ec4db466f3c606057a0fa6432ae84e89c02f6
9a7d079141b8153f5c0c10a5c85d69bd9d2b2aae573b20d374081746c88bade1,MITDB_P228,228,1685000000,4,20260927,MODEL_V2_TCN_MEANMAX,1,13.38070297241211,0.9999984502792358,12,V2-004-D1-MEANMAX-F04-S20260927,513a6baa0ccf6a18a076b475e11ec4db466f3c606057a0fa6432ae84e89c02f6
9a7ef7f3b0a5f9ed3c46584b79ce815150580f25b0d674e61491e9309279161e,MITDB_P205,205,1270000000,4,20260927,MODEL_V2_TCN_MEANMAX,0,-6.472266674041748,0.001543332589790225,12,V2-004-D1-MEANMAX-F04-S20260927,513a6baa0ccf6a18a076b475e11ec4db466f3c606057a0fa6432ae84e89c02f6
9a93d254d9fd3768178a1cb638b12ab5011a2d746866dcd5e153393333f41c9b,MITDB_P117,117,825000000,4,20260927,MODEL_V2_TCN_MEANMAX,0,-3.929494857788086,0.01927478052675724,12,V2-004-D1-MEANMAX-F04-S20260927,513a6baa0ccf6a18a076b475e11ec4db466f3c606057a0fa6432ae84e89c02f6
9aaf04b25375cb2cc6d13661c606fa97d3bd1961183373fb427776b3df36eb89,MITDB_P117,117,1500000000,4,20260927,MODEL_V2_TCN_MEANMAX,0,-2.011260509490967,0.11802570521831512,12,V2-004-D1-MEANMAX-F04-S20260927,513a6baa0ccf6a18a076b475e11ec4db466f3c606057a0fa6432ae84e89c02f6
9ab55e18e3e8c3221c2a34a82cce63a1c28901a40d25fc6e5795a2cd08a084de,MITDB_P228,228,165000000,4,20260927,MODEL_V2_TCN_MEANMAX,1,8.005912780761719,0.999666690826416,12,V2-004-D1-MEANMAX-F04-S20260927,513a6baa0ccf6a18a076b475e11ec4db466f3c606057a0fa6432ae84e89c02f6
9ad923ecdfae84456f4583e72d572888981a5ee7895610462aa2d1b261aeb4a3,MITDB_P117,117,690000000,4,20260927,MODEL_V2_TCN_MEANMAX,0,-1.110560417175293,0.2477664202451706,12,V2-004-D1-MEANMAX-F04-S20260927,513a6baa0ccf6a18a076b475e11ec4db466f3c606057a0fa6432ae84e89c02f6
9b06d049a5d2c071330dfd1b5e398248587a598e619b38a605053dc334bccd06,MITDB_P221,221,1355000000,4,20260927,MODEL_V2_TCN_MEANMAX,0,4.568295001983643,0.989730954170227,12,V2-004-D1-MEANMAX-F04-S20260927,513a6baa0ccf6a18a076b475e11ec4db466f3c606057a0fa6432ae84e89c02f6
9b1f0861f0897c5334ba81a2d70977ed586f4fb7e3d312c472038c1d1017374c,MITDB_P221,221,120000000,4,20260927,MODEL_V2_TCN_MEANMAX,1,10.004633903503418,0.9999548196792603,12,V2-004-D1-MEANMAX-F04-S20260927,513a6baa0ccf6a18a076b475e11ec4db466f3c606057a0fa6432ae84e89c02f6
9b595b993fa1dab9c155be3f3c806d83851413afcc7ade4458689952bd3bfbb4,MITDB_P205,205,875000000,4,20260927,MODEL_V2_TCN_MEANMAX,0,-5.500168323516846,0.004069455433636904,12,V2-004-D1-MEANMAX-F04-S20260927,513a6baa0ccf6a18a076b475e11ec4db466f3c606057a0fa6432ae84e89c02f6
9b5a76854b822e26e0cc7042c3521961160af8de893b88c6e565f4e048e7530d,MITDB_P117,117,1640000000,4,20260927,MODEL_V2_TCN_MEANMAX,0,-2.128192186355591,0.10638673603534698,12,V2-004-D1-MEANMAX-F04-S20260927,513a6baa0ccf6a18a076b475e11ec4db466f3c606057a0fa6432ae84e89c02f6
9b60183460ee0f5763496f4d078182666387863e75ef3854af52b26cc830b1c9,MITDB_P221,221,1580000000,4,20260927,MODEL_V2_TCN_MEANMAX,1,7.588366508483887,0.9994939565658569,12,V2-004-D1-MEANMAX-F04-S20260927,513a6baa0ccf6a18a076b475e11ec4db466f3c606057a0fa6432ae84e89c02f6
9b86808385688fbc7b1d162836f561c412507742f9fce817a97109c58c88cb23,MITDB_P205,205,415000000,4,20260927,MODEL_V2_TCN_MEANMAX,0,-5.644662380218506,0.003523880382999778,12,V2-004-D1-MEANMAX-F04-S20260927,513a6baa0ccf6a18a076b475e11ec4db466f3c606057a0fa6432ae84e89c02f6
9ba2128974d1f68f4aa6c69c7914f54a3c52d52232c176950a99714e52617d1d,MITDB_P230,230,1060000000,4,20260927,MODEL_V2_TCN_MEANMAX,0,-4.9548726081848145,0.006999637931585312,12,V2-004-D1-MEANMAX-F04-S20260927,513a6baa0ccf6a18a076b475e11ec4db466f3c606057a0fa6432ae84e89c02f6
9bac4d3b7926cd5704281c1b8d5fe9d37bc7eb82bbc851916d6437f9ed67d374,MITDB_P117,117,170000000,4,20260927,MODEL_V2_TCN_MEANMAX,0,0.997642457485199,0.7305948138237,12,V2-004-D1-MEANMAX-F04-S20260927,513a6baa0ccf6a18a076b475e11ec4db466f3c606057a0fa6432ae84e89c02f6
9bb68067b2bb314513cd9a87e74945cb2af51894bbee7833f5a9f0a7731b585f,MITDB_P230,230,705000000,4,20260927,MODEL_V2_TCN_MEANMAX,0,-2.0645408630371094,0.11259134113788605,12,V2-004-D1-MEANMAX-F04-S20260927,513a6baa0ccf6a18a076b475e11ec4db466f3c606057a0fa6432ae84e89c02f6
9c05f4e96a2cd6960898c0d861f3abbc687c60158972f0338baa270f96f81cc4,MITDB_P117,117,1230000000,4,20260927,MODEL_V2_TCN_MEANMAX,0,-3.400285005569458,0.03228655830025673,12,V2-004-D1-MEANMAX-F04-S20260927,513a6baa0ccf6a18a076b475e11ec4db466f3c606057a0fa6432ae84e89c02f6
9c37d8c3cff7ab6cee2503b38835f93b249ba22b5eebf06c1ebafb89edf4d798,MITDB_P221,221,275000000,4,20260927,MODEL_V2_TCN_MEANMAX,1,11.787423133850098,0.9999923706054688,12,V2-004-D1-MEANMAX-F04-S20260927,513a6baa0ccf6a18a076b475e11ec4db466f3c606057a0fa6432ae84e89c02f6
9c67fe0cf582edef225b32cc44c042a9a2c0a1c98376904fc061a2f6b7807cb6,MITDB_P228,228,265000000,4,20260927,MODEL_V2_TCN_MEANMAX,0,-12.20102596282959,5.02527200296754e-06,12,V2-004-D1-MEANMAX-F04-S20260927,513a6baa0ccf6a18a076b475e11ec4db466f3c606057a0fa6432ae84e89c02f6
9c8bfc148096cbad2c0f834288f94e2005c92fe6ac5531033b10361ba11f35ac,MITDB_P228,228,1735000000,4,20260927,MODEL_V2_TCN_MEANMAX,1,12.266064643859863,0.999995231628418,12,V2-004-D1-MEANMAX-F04-S20260927,513a6baa0ccf6a18a076b475e11ec4db466f3c606057a0fa6432ae84e89c02f6
9ca427f56323b9b653d7aff92392fd6ecf23126f205e6cfef0a126744209dc0d,MITDB_P117,117,890000000,4,20260927,MODEL_V2_TCN_MEANMAX,0,-4.124911785125732,0.0159077737480402,12,V2-004-D1-MEANMAX-F04-S20260927,513a6baa0ccf6a18a076b475e11ec4db466f3c606057a0fa6432ae84e89c02f6
9cc85777c591f48a0b3189ae72f89e81381ac65e23afed88a756773eafef31e2,MITDB_P117,117,1555000000,4,20260927,MODEL_V2_TCN_MEANMAX,0,-3.6303255558013916,0.025823047384619713,12,V2-004-D1-MEANMAX-F04-S20260927,513a6baa0ccf6a18a076b475e11ec4db466f3c606057a0fa6432ae84e89c02f6
9cd90f209dbb8e1e03c80f3b825a54d2bab847caa0f35a05282c1dc95f75c5fc,MITDB_P228,228,130000000,4,20260927,MODEL_V2_TCN_MEANMAX,1,0.2843877673149109,0.5706216096878052,12,V2-004-D1-MEANMAX-F04-S20260927,513a6baa0ccf6a18a076b475e11ec4db466f3c606057a0fa6432ae84e89c02f6
9cf3338f60dee86883e94f8b466f353c2252b215f6e3dd7342007e4bcc0a3b7b,MITDB_P205,205,1000000000,4,20260927,MODEL_V2_TCN_MEANMAX,0,-4.886767864227295,0.0074892593547701836,12,V2-004-D1-MEANMAX-F04-S20260927,513a6baa0ccf6a18a076b475e11ec4db466f3c606057a0fa6432ae84e89c02f6
9d4159b4181e108658c6e36ae1a2345daf2622496f2370cd39f10bcdfbd1abe3,MITDB_P230,230,1040000000,4,20260927,MODEL_V2_TCN_MEANMAX,0,-4.679759502410889,0.009195896796882153,12,V2-004-D1-MEANMAX-F04-S20260927,513a6baa0ccf6a18a076b475e11ec4db466f3c606057a0fa6432ae84e89c02f6
9d55e0c351ff299f7756ed4c57b6a0bc1661f99297db97642aa8648e34c2c68d,MITDB_P205,205,1445000000,4,20260927,MODEL_V2_TCN_MEANMAX,0,-6.670825958251953,0.0012657473562285304,12,V2-004-D1-MEANMAX-F04-S20260927,513a6baa0ccf6a18a076b475e11ec4db466f3c606057a0fa6432ae84e89c02f6
9d594e561e3faabcde8c58152f641aae65af5470df4a088fbdb62e532c303172,MITDB_P205,205,740000000,4,20260927,MODEL_V2_TCN_MEANMAX,0,-5.6021952629089355,0.0036761905066668987,12,V2-004-D1-MEANMAX-F04-S20260927,513a6baa0ccf6a18a076b475e11ec4db466f3c606057a0fa6432ae84e89c02f6
9d6010c4697f572416ca055290883f0332191aed70ef4f9e281a3e3d28585e03,MITDB_P228,228,1795000000,4,20260927,MODEL_V2_TCN_MEANMAX,1,8.876092910766602,0.9998602867126465,12,V2-004-D1-MEANMAX-F04-S20260927,513a6baa0ccf6a18a076b475e11ec4db466f3c606057a0fa6432ae84e89c02f6
9d62ef5445858721a31f1293402f6e202d797f24983a205ff1e3cc471c629804,MITDB_P228,228,325000000,4,20260927,MODEL_V2_TCN_MEANMAX,0,-5.6359992027282715,0.0035544319543987513,12,V2-004-D1-MEANMAX-F04-S20260927,513a6baa0ccf6a18a076b475e11ec4db466f3c606057a0fa6432ae84e89c02f6
9d98985c0c73b23ead14ff94a65aa40269bd45b232c4f8dee3a230ea4fe262a8,MITDB_P230,230,35000000,4,20260927,MODEL_V2_TCN_MEANMAX,0,-2.856961250305176,0.05432259291410446,12,V2-004-D1-MEANMAX-F04-S20260927,513a6baa0ccf6a18a076b475e11ec4db466f3c606057a0fa6432ae84e89c02f6
9dd94289de7b665418e97431ad1ca35d8b6af99f8007d766cfa492a5934dc325,MITDB_P230,230,1510000000,4,20260927,MODEL_V2_TCN_MEANMAX,0,-4.153080940246582,0.015472753904759884,12,V2-004-D1-MEANMAX-F04-S20260927,513a6baa0ccf6a18a076b475e11ec4db466f3c606057a0fa6432ae84e89c02f6
9e2fe049d2252ec1782fc0bd7c81536210b1c646fd1779a906228c6e7f5e399c,MITDB_P221,221,1150000000,4,20260927,MODEL_V2_TCN_MEANMAX,1,14.062678337097168,0.9999991655349731,12,V2-004-D1-MEANMAX-F04-S20260927,513a6baa0ccf6a18a076b475e11ec4db466f3c606057a0fa6432ae84e89c02f6
9e43240fd0bb8642aad33cf85be569737ef75518d24004ded71316899020f6d9,MITDB_P205,205,1660000000,4,20260927,MODEL_V2_TCN_MEANMAX,1,8.395995140075684,0.9997742772102356,12,V2-004-D1-MEANMAX-F04-S20260927,513a6baa0ccf6a18a076b475e11ec4db466f3c606057a0fa6432ae84e89c02f6
9e4448b64c17423a0bad38553f002237a86ef688774ef8ed3a2185a3e4969355,MITDB_P117,117,990000000,4,20260927,MODEL_V2_TCN_MEANMAX,0,-4.000401020050049,0.017979128286242485,12,V2-004-D1-MEANMAX-F04-S20260927,513a6baa0ccf6a18a076b475e11ec4db466f3c606057a0fa6432ae84e89c02f6
9e4a4aa3bfeb1ce1d901797d4bd2fc8e62411eeb28b5379284be3cf8d9353ff0,MITDB_P205,205,1180000000,4,20260927,MODEL_V2_TCN_MEANMAX,0,-6.4219746589660645,0.001622805604711175,12,V2-004-D1-MEANMAX-F04-S20260927,513a6baa0ccf6a18a076b475e11ec4db466f3c606057a0fa6432ae84e89c02f6
9ebddceb190e79add910a7ce72d229d542be8ce0b7e29cef8d15f680b9bdac77,MITDB_P221,221,1300000000,4,20260927,MODEL_V2_TCN_MEANMAX,1,8.773391723632812,0.9998451471328735,12,V2-004-D1-MEANMAX-F04-S20260927,513a6baa0ccf6a18a076b475e11ec4db466f3c606057a0fa6432ae84e89c02f6
9f3d966d72d66ec0fb8f7a825b06ca9f230d94776c124ec6ba3e210accdf9b22,MITDB_P205,205,1095000000,4,20260927,MODEL_V2_TCN_MEANMAX,0,-5.9836745262146,0.002513218903914094,12,V2-004-D1-MEANMAX-F04-S20260927,513a6baa0ccf6a18a076b475e11ec4db466f3c606057a0fa6432ae84e89c02f6
9f486722f6e5154e1019478e085b34aa94246068b077155ab48298b356b22a8a,MITDB_P228,228,1650000000,4,20260927,MODEL_V2_TCN_MEANMAX,1,8.853713989257812,0.9998571872711182,12,V2-004-D1-MEANMAX-F04-S20260927,513a6baa0ccf6a18a076b475e11ec4db466f3c606057a0fa6432ae84e89c02f6
9f56397232fc520fc04d01b3a92883335762ce981037594039f3711d742aa933,MITDB_P221,221,645000000,4,20260927,MODEL_V2_TCN_MEANMAX,1,10.473125457763672,0.9999717473983765,12,V2-004-D1-MEANMAX-F04-S20260927,513a6baa0ccf6a18a076b475e11ec4db466f3c606057a0fa6432ae84e89c02f6
9fb1c0b5466a23bf20c83782bddf6c8a9d166c27e6c0f5d5acf09c4abc51d7f1,MITDB_P117,117,500000000,4,20260927,MODEL_V2_TCN_MEANMAX,0,-2.161216974258423,0.10328768193721771,12,V2-004-D1-MEANMAX-F04-S20260927,513a6baa0ccf6a18a076b475e11ec4db466f3c606057a0fa6432ae84e89c02f6
9fbd18f77baeb2d4f2f512bf8e262fa78e0fe278dde9af2e5fcbbab4b82e4ae7,MITDB_P117,117,35000000,4,20260927,MODEL_V2_TCN_MEANMAX,0,-0.7089546322822571,0.3298298716545105,12,V2-004-D1-MEANMAX-F04-S20260927,513a6baa0ccf6a18a076b475e11ec4db466f3c606057a0fa6432ae84e89c02f6
9fce686a497dd694115666b6d4438e88d0d87db6c272ea357b95733226a45a17,MITDB_P221,221,295000000,4,20260927,MODEL_V2_TCN_MEANMAX,1,12.229350090026855,0.9999951124191284,12,V2-004-D1-MEANMAX-F04-S20260927,513a6baa0ccf6a18a076b475e11ec4db466f3c606057a0fa6432ae84e89c02f6
9fef8dd27a6a71c83bf66991267d38dbdf0dc15fc5d1b706469db909072ea65d,MITDB_P205,205,1055000000,4,20260927,MODEL_V2_TCN_MEANMAX,0,-5.150532245635986,0.005762915126979351,12,V2-004-D1-MEANMAX-F04-S20260927,513a6baa0ccf6a18a076b475e11ec4db466f3c606057a0fa6432ae84e89c02f6
9fffbb23a9273db06ca1b7a5f2e99b97f3990e33bdaa9d755fd80588973023d9,MITDB_P117,117,1535000000,4,20260927,MODEL_V2_TCN_MEANMAX,0,-1.7743074893951416,0.14500747621059418,12,V2-004-D1-MEANMAX-F04-S20260927,513a6baa0ccf6a18a076b475e11ec4db466f3c606057a0fa6432ae84e89c02f6
a06a062513905405bc84ac0af6f0b0e659da67b25dd922bb312ed22ef9e22564,MITDB_P228,228,610000000,4,20260927,MODEL_V2_TCN_MEANMAX,1,7.284055233001709,0.9993140697479248,12,V2-004-D1-MEANMAX-F04-S20260927,513a6baa0ccf6a18a076b475e11ec4db466f3c606057a0fa6432ae84e89c02f6
a091e65cc1f5a85646a1b00cfd6f08bda97095ca85ace5017ccea7230a427799,MITDB_P205,205,215000000,4,20260927,MODEL_V2_TCN_MEANMAX,0,-5.346376895904541,0.004742783959954977,12,V2-004-D1-MEANMAX-F04-S20260927,513a6baa0ccf6a18a076b475e11ec4db466f3c606057a0fa6432ae84e89c02f6
a0b96bc5a231aca20cc81bacb324ffcaf76a56b7120180215d72f317f09f3704,MITDB_P228,228,1260000000,4,20260927,MODEL_V2_TCN_MEANMAX,1,1.85812509059906,0.8650782704353333,12,V2-004-D1-MEANMAX-F04-S20260927,513a6baa0ccf6a18a076b475e11ec4db466f3c606057a0fa6432ae84e89c02f6
a0d38a1575df617ac4f5564e588ed8b657c62589ba37c46d42aab624e1e004a5,MITDB_P228,228,675000000,4,20260927,MODEL_V2_TCN_MEANMAX,1,13.596492767333984,0.9999988079071045,12,V2-004-D1-MEANMAX-F04-S20260927,513a6baa0ccf6a18a076b475e11ec4db466f3c606057a0fa6432ae84e89c02f6
a16fc9418b004ee7b50c1317e59f9190e727159c62e3278a3063d0d37ba2fdfc,MITDB_P221,221,1325000000,4,20260927,MODEL_V2_TCN_MEANMAX,0,1.0915220975875854,0.7486681938171387,12,V2-004-D1-MEANMAX-F04-S20260927,513a6baa0ccf6a18a076b475e11ec4db466f3c606057a0fa6432ae84e89c02f6
a1b62a561e0197a61dc6e37d1293ece52234453a31fcbd8f467c6bd2ee808181,MITDB_P228,228,690000000,4,20260927,MODEL_V2_TCN_MEANMAX,1,8.633527755737305,0.9998220801353455,12,V2-004-D1-MEANMAX-F04-S20260927,513a6baa0ccf6a18a076b475e11ec4db466f3c606057a0fa6432ae84e89c02f6
a1bf603c7379248587e830cdfa3476969b350039b0d95aa0887d85d9493efc4b,MITDB_P221,221,1700000000,4,20260927,MODEL_V2_TCN_MEANMAX,1,6.107870578765869,0.9977796673774719,12,V2-004-D1-MEANMAX-F04-S20260927,513a6baa0ccf6a18a076b475e11ec4db466f3c606057a0fa6432ae84e89c02f6
a27d553e55e7b439c2c8d09e628c67513938ffd9c21bd0145186af51b2387b2d,MITDB_P228,228,1365000000,4,20260927,MODEL_V2_TCN_MEANMAX,0,-10.441387176513672,2.919782309618313e-05,12,V2-004-D1-MEANMAX-F04-S20260927,513a6baa0ccf6a18a076b475e11ec4db466f3c606057a0fa6432ae84e89c02f6
a2b2ac4cd18da8c8ad2e134a0124f3c7391b792a5f43ee13c477aa21d77e3494,MITDB_P228,228,1085000000,4,20260927,MODEL_V2_TCN_MEANMAX,1,3.0234463214874268,0.9536221623420715,12,V2-004-D1-MEANMAX-F04-S20260927,513a6baa0ccf6a18a076b475e11ec4db466f3c606057a0fa6432ae84e89c02f6
a2d8515bdc302980d3d791f5787f49206f03943b4fb883a59aae82502fdf501c,MITDB_P221,221,165000000,4,20260927,MODEL_V2_TCN_MEANMAX,1,11.680506706237793,0.9999915361404419,12,V2-004-D1-MEANMAX-F04-S20260927,513a6baa0ccf6a18a076b475e11ec4db466f3c606057a0fa6432ae84e89c02f6
a2fbef3acf7c93c9bede6753434e6f862b29f0304d9902493fee5bc328bd9083,MITDB_P117,117,1375000000,4,20260927,MODEL_V2_TCN_MEANMAX,0,-3.4006059169769287,0.03227653354406357,12,V2-004-D1-MEANMAX-F04-S20260927,513a6baa0ccf6a18a076b475e11ec4db466f3c606057a0fa6432ae84e89c02f6
a321ec37fb830c1670c4c5a45351c427f4d3b358f7116fee1cbe64d36ac15cc2,MITDB_P117,117,965000000,4,20260927,MODEL_V2_TCN_MEANMAX,0,-2.640383005142212,0.06658422946929932,12,V2-004-D1-MEANMAX-F04-S20260927,513a6baa0ccf6a18a076b475e11ec4db466f3c606057a0fa6432ae84e89c02f6
a322a6dd54690a90b43eb91a5138eab8df9f211413ec278af1fa9efd7e40b5cd,MITDB_P221,221,1380000000,4,20260927,MODEL_V2_TCN_MEANMAX,0,-0.041562631726264954,0.48961082100868225,12,V2-004-D1-MEANMAX-F04-S20260927,513a6baa0ccf6a18a076b475e11ec4db466f3c606057a0fa6432ae84e89c02f6
a34fcadfd5f1a9b936aadb76543801fe4b74d5104df9caf2b6bbff5014a83c40,MITDB_P221,221,1115000000,4,20260927,MODEL_V2_TCN_MEANMAX,1,12.940664291381836,0.999997615814209,12,V2-004-D1-MEANMAX-F04-S20260927,513a6baa0ccf6a18a076b475e11ec4db466f3c606057a0fa6432ae84e89c02f6
a3613c53ac5d53459d05ae32b91530d5e9b8b218fdacd8b0cf3c3671491eafe8,MITDB_P117,117,320000000,4,20260927,MODEL_V2_TCN_MEANMAX,0,0.08920611441135406,0.5222867131233215,12,V2-004-D1-MEANMAX-F04-S20260927,513a6baa0ccf6a18a076b475e11ec4db466f3c606057a0fa6432ae84e89c02f6
a38fa273eb3bef89b9176dae7992d472e9c802c6bb2a4a2bbe47450f13539691,MITDB_P205,205,1115000000,4,20260927,MODEL_V2_TCN_MEANMAX,0,-5.772231578826904,0.0031031437683850527,12,V2-004-D1-MEANMAX-F04-S20260927,513a6baa0ccf6a18a076b475e11ec4db466f3c606057a0fa6432ae84e89c02f6
a39f9ece9d2f09693cebe94caaf2f4609ee7e61943a79d6fa5d915dbcc3a2812,MITDB_P205,205,295000000,4,20260927,MODEL_V2_TCN_MEANMAX,0,-1.9034332036972046,0.12972038984298706,12,V2-004-D1-MEANMAX-F04-S20260927,513a6baa0ccf6a18a076b475e11ec4db466f3c606057a0fa6432ae84e89c02f6
a3ad7714dde3fd1d1e851922fcd56cf0cdbf042e10430ca4e42ec1b04a61c12e,MITDB_P205,205,1640000000,4,20260927,MODEL_V2_TCN_MEANMAX,0,-7.019706726074219,0.0008932890486903489,12,V2-004-D1-MEANMAX-F04-S20260927,513a6baa0ccf6a18a076b475e11ec4db466f3c606057a0fa6432ae84e89c02f6
a3bc51c1a6df02341da7dd121eb7bbe2c2e102d6e2601a2b0c64fd292828aada,MITDB_P228,228,150000000,4,20260927,MODEL_V2_TCN_MEANMAX,1,11.08144760131836,0.999984622001648,12,V2-004-D1-MEANMAX-F04-S20260927,513a6baa0ccf6a18a076b475e11ec4db466f3c606057a0fa6432ae84e89c02f6
a3c0104a4ddb2695d51e012ad4f56fb97b2142bd26b33c1ecdbddcf1e0973e96,MITDB_P117,117,1595000000,4,20260927,MODEL_V2_TCN_MEANMAX,0,-2.363788604736328,0.0859760046005249,12,V2-004-D1-MEANMAX-F04-S20260927,513a6baa0ccf6a18a076b475e11ec4db466f3c606057a0fa6432ae84e89c02f6
a41fa767cefcd80ababfc0403646104e44024457002dbaee11325258a5c9b8f6,MITDB_P221,221,625000000,4,20260927,MODEL_V2_TCN_MEANMAX,1,11.399245262145996,0.9999887943267822,12,V2-004-D1-MEANMAX-F04-S20260927,513a6baa0ccf6a18a076b475e11ec4db466f3c606057a0fa6432ae84e89c02f6
a422c13bbe59f2c7bd87c69db53e1cd23bbc089010ae0730371df9808034d6e3,MITDB_P205,205,785000000,4,20260927,MODEL_V2_TCN_MEANMAX,0,-4.828057765960693,0.007938523776829243,12,V2-004-D1-MEANMAX-F04-S20260927,513a6baa0ccf6a18a076b475e11ec4db466f3c606057a0fa6432ae84e89c02f6
a42fc67fc400414e0451c917738bc0d8ae8042f17fb590285df544b6c1bcc5f0,MITDB_P228,228,1600000000,4,20260927,MODEL_V2_TCN_MEANMAX,1,-0.304621160030365,0.42442822456359863,12,V2-004-D1-MEANMAX-F04-S20260927,513a6baa0ccf6a18a076b475e11ec4db466f3c606057a0fa6432ae84e89c02f6
a4785d9d326482bc3d6dc6c63dd69c5e6364b682d6f5b9851f6e670e2904d855,MITDB_P230,230,615000000,4,20260927,MODEL_V2_TCN_MEANMAX,0,-5.0094733238220215,0.006630165036767721,12,V2-004-D1-MEANMAX-F04-S20260927,513a6baa0ccf6a18a076b475e11ec4db466f3c606057a0fa6432ae84e89c02f6
a47aefa6cfea93508683d23fb5d17b34fe9bd6cc532f4fb07f5816fe88acc450,MITDB_P221,221,730000000,4,20260927,MODEL_V2_TCN_MEANMAX,1,11.192037582397461,0.9999861717224121,12,V2-004-D1-MEANMAX-F04-S20260927,513a6baa0ccf6a18a076b475e11ec4db466f3c606057a0fa6432ae84e89c02f6
a48424988337088bb9a3a74e2453fc2b105208ffc763725be44609bcccfa3ab9,MITDB_P117,117,970000000,4,20260927,MODEL_V2_TCN_MEANMAX,0,-4.226529598236084,0.014392802491784096,12,V2-004-D1-MEANMAX-F04-S20260927,513a6baa0ccf6a18a076b475e11ec4db466f3c606057a0fa6432ae84e89c02f6
a492442b025bebcdbcba390dec4cb9d00ad3aa64b8d206a404f83d745a9ef728,MITDB_P221,221,1610000000,4,20260927,MODEL_V2_TCN_MEANMAX,0,0.8657651543617249,0.7038637399673462,12,V2-004-D1-MEANMAX-F04-S20260927,513a6baa0ccf6a18a076b475e11ec4db466f3c606057a0fa6432ae84e89c02f6
a55393e0887b193288af9e8fc868ba0e343abc0d414e757cb240e0aa8dc23e9c,MITDB_P228,228,1375000000,4,20260927,MODEL_V2_TCN_MEANMAX,1,8.141768455505371,0.9997089505195618,12,V2-004-D1-MEANMAX-F04-S20260927,513a6baa0ccf6a18a076b475e11ec4db466f3c606057a0fa6432ae84e89c02f6
a567bb820bfc99374fd6e8782edbb2df8bd2b8ba49a0a24f379e5080886d4e0a,MITDB_P228,228,920000000,4,20260927,MODEL_V2_TCN_MEANMAX,1,6.7687087059021,0.9988521337509155,12,V2-004-D1-MEANMAX-F04-S20260927,513a6baa0ccf6a18a076b475e11ec4db466f3c606057a0fa6432ae84e89c02f6
a5c7590a0db0cb29c1fb004ccf51a3855fdc4bdb08fd57e44847e1606fadd8f8,MITDB_P221,221,755000000,4,20260927,MODEL_V2_TCN_MEANMAX,1,12.342018127441406,0.9999955892562866,12,V2-004-D1-MEANMAX-F04-S20260927,513a6baa0ccf6a18a076b475e11ec4db466f3c606057a0fa6432ae84e89c02f6
a6170fc480069ff49963211ce6eaba7a30f353f8549bc53954dba69fdb656ba7,MITDB_P117,117,395000000,4,20260927,MODEL_V2_TCN_MEANMAX,0,0.40639740228652954,0.6002237200737,12,V2-004-D1-MEANMAX-F04-S20260927,513a6baa0ccf6a18a076b475e11ec4db466f3c606057a0fa6432ae84e89c02f6
a650c3a80a2b3014f94a5cdef295306b71449a0b4220ea3f98d6ced78a195710,MITDB_P230,230,1015000000,4,20260927,MODEL_V2_TCN_MEANMAX,0,-2.615281820297241,0.06816136091947556,12,V2-004-D1-MEANMAX-F04-S20260927,513a6baa0ccf6a18a076b475e11ec4db466f3c606057a0fa6432ae84e89c02f6
a6ade1cc39683f06a664945f9cf3c2893b6fd20752e48af422bd919bb34846d7,MITDB_P205,205,385000000,4,20260927,MODEL_V2_TCN_MEANMAX,0,-5.488651752471924,0.004116398748010397,12,V2-004-D1-MEANMAX-F04-S20260927,513a6baa0ccf6a18a076b475e11ec4db466f3c606057a0fa6432ae84e89c02f6
a6b8f7c2dda6650471294b566b197318298b8e904ffa0464b393d537acca3005,MITDB_P228,228,400000000,4,20260927,MODEL_V2_TCN_MEANMAX,1,6.398519039154053,0.9983386993408203,12,V2-004-D1-MEANMAX-F04-S20260927,513a6baa0ccf6a18a076b475e11ec4db466f3c606057a0fa6432ae84e89c02f6
a7963dddc63e5baf6827db27db444681e4036f54ce2c7eee91e93ff3e963c355,MITDB_P221,221,1635000000,4,20260927,MODEL_V2_TCN_MEANMAX,1,9.229059219360352,0.9999018907546997,12,V2-004-D1-MEANMAX-F04-S20260927,513a6baa0ccf6a18a076b475e11ec4db466f3c606057a0fa6432ae84e89c02f6
a7e9337470c90bc20018f166be7f4674bb72ad0ac22b395ae10e5758a25a3256,MITDB_P117,117,1785000000,4,20260927,MODEL_V2_TCN_MEANMAX,0,-3.16463565826416,0.04051845148205757,12,V2-004-D1-MEANMAX-F04-S20260927,513a6baa0ccf6a18a076b475e11ec4db466f3c606057a0fa6432ae84e89c02f6
a7f98a7a529f2031658bb8f3a46d493b2062c3b5710c9f2adbe018995f38ddc0,MITDB_P117,117,765000000,4,20260927,MODEL_V2_TCN_MEANMAX,0,-5.600639820098877,0.0036818920634686947,12,V2-004-D1-MEANMAX-F04-S20260927,513a6baa0ccf6a18a076b475e11ec4db466f3c606057a0fa6432ae84e89c02f6
a85685946f571de1492e3ccb2358402ca8f660c11086d9e9acf1756345eb3561,MITDB_P221,221,1090000000,4,20260927,MODEL_V2_TCN_MEANMAX,1,13.197686195373535,0.9999980926513672,12,V2-004-D1-MEANMAX-F04-S20260927,513a6baa0ccf6a18a076b475e11ec4db466f3c606057a0fa6432ae84e89c02f6
a895c1b77044eb567c0626f19a654ffef63e0ff71cb0b6b133586da7ba3637b2,MITDB_P221,221,710000000,4,20260927,MODEL_V2_TCN_MEANMAX,1,10.059335708618164,0.9999572038650513,12,V2-004-D1-MEANMAX-F04-S20260927,513a6baa0ccf6a18a076b475e11ec4db466f3c606057a0fa6432ae84e89c02f6
a897a04536339208e4589d574323ffd85a2779149f98143b49963de6faa11e9b,MITDB_P205,205,1015000000,4,20260927,MODEL_V2_TCN_MEANMAX,0,-5.103470325469971,0.006038935389369726,12,V2-004-D1-MEANMAX-F04-S20260927,513a6baa0ccf6a18a076b475e11ec4db466f3c606057a0fa6432ae84e89c02f6
a89c37665f08926c5205d4099e8359248fdbf3276530eccb0f9f2ef908e59452,MITDB_P228,228,355000000,4,20260927,MODEL_V2_TCN_MEANMAX,1,4.9976396560668945,0.9932913780212402,12,V2-004-D1-MEANMAX-F04-S20260927,513a6baa0ccf6a18a076b475e11ec4db466f3c606057a0fa6432ae84e89c02f6
a8bd41cb735509b32315edf5bf30a0384a57ffa249d5848cc86ab79dd54bbd30,MITDB_P205,205,1760000000,4,20260927,MODEL_V2_TCN_MEANMAX,0,-6.16159725189209,0.00210444419644773,12,V2-004-D1-MEANMAX-F04-S20260927,513a6baa0ccf6a18a076b475e11ec4db466f3c606057a0fa6432ae84e89c02f6
a8d40605cc30601d49ece6ab2c10e4902ac749d3c7d3db21fbaf82550b0f9862,MITDB_P117,117,1605000000,4,20260927,MODEL_V2_TCN_MEANMAX,0,-4.07407808303833,0.016723457723855972,12,V2-004-D1-MEANMAX-F04-S20260927,513a6baa0ccf6a18a076b475e11ec4db466f3c606057a0fa6432ae84e89c02f6
a8ed332e7a0925f108ff78ca1a38db5f13a62bd76f359910fc61fd584d1933c6,MITDB_P205,205,50000000,4,20260927,MODEL_V2_TCN_MEANMAX,0,-5.6934733390808105,0.0033565701451152563,12,V2-004-D1-MEANMAX-F04-S20260927,513a6baa0ccf6a18a076b475e11ec4db466f3c606057a0fa6432ae84e89c02f6
a91030350ca80d35cbeab34d52744ae76b432fca357a97ff41bb214a25d31d14,MITDB_P230,230,1050000000,4,20260927,MODEL_V2_TCN_MEANMAX,0,-3.3510584831237793,0.03386051952838898,12,V2-004-D1-MEANMAX-F04-S20260927,513a6baa0ccf6a18a076b475e11ec4db466f3c606057a0fa6432ae84e89c02f6
a928932a2b2c7ef9e0cc4bf1e0baa23eefc9ff1e8d242e966caf01c78a1edf83,MITDB_P230,230,735000000,4,20260927,MODEL_V2_TCN_MEANMAX,0,-5.524448871612549,0.003972224425524473,12,V2-004-D1-MEANMAX-F04-S20260927,513a6baa0ccf6a18a076b475e11ec4db466f3c606057a0fa6432ae84e89c02f6
a94a2928390a782c24ff4022699ed3e530d04a8c6f5ca629bfdab5f8ccfeaf1d,MITDB_P228,228,695000000,4,20260927,MODEL_V2_TCN_MEANMAX,0,-11.167478561401367,1.4126011592452414e-05,12,V2-004-D1-MEANMAX-F04-S20260927,513a6baa0ccf6a18a076b475e11ec4db466f3c606057a0fa6432ae84e89c02f6
a9511c88d2af1e577fa821889a02d3a0e4b3e6734cc53d7c8edbebe3462ef9a4,MITDB_P230,230,555000000,4,20260927,MODEL_V2_TCN_MEANMAX,0,-5.233006954193115,0.00530911423265934,12,V2-004-D1-MEANMAX-F04-S20260927,513a6baa0ccf6a18a076b475e11ec4db466f3c606057a0fa6432ae84e89c02f6
a95b2d2f1ebae90256898092665776f2ecece60506ea532b61e90f6922530225,MITDB_P230,230,25000000,4,20260927,MODEL_V2_TCN_MEANMAX,0,-3.1364247798919678,0.041629523038864136,12,V2-004-D1-MEANMAX-F04-S20260927,513a6baa0ccf6a18a076b475e11ec4db466f3c606057a0fa6432ae84e89c02f6
a986f78e33685d6463978a1e990f3417e19ef80101e97cc2189e9c526ffdf792,MITDB_P228,228,15000000,4,20260927,MODEL_V2_TCN_MEANMAX,0,-13.373564720153809,1.5557291135337437e-06,12,V2-004-D1-MEANMAX-F04-S20260927,513a6baa0ccf6a18a076b475e11ec4db466f3c606057a0fa6432ae84e89c02f6
a9b92b9483d15be860f660fbf5eb02db8f2fe8f5089da2d26e680891208ab081,MITDB_P230,230,925000000,4,20260927,MODEL_V2_TCN_MEANMAX,0,-5.0402326583862305,0.006430622190237045,12,V2-004-D1-MEANMAX-F04-S20260927,513a6baa0ccf6a18a076b475e11ec4db466f3c606057a0fa6432ae84e89c02f6
a9c06ea1c958c2119dfdc8d53d81ca04451cf76ed7335c1e3096dc0d95697277,MITDB_P230,230,335000000,4,20260927,MODEL_V2_TCN_MEANMAX,0,-1.341963768005371,0.20718730986118317,12,V2-004-D1-MEANMAX-F04-S20260927,513a6baa0ccf6a18a076b475e11ec4db466f3c606057a0fa6432ae84e89c02f6
a9d1e03434693b7042f39fa000940ed24c0e0fec356da37cb4af2c918e15bf8f,MITDB_P117,117,90000000,4,20260927,MODEL_V2_TCN_MEANMAX,0,0.508770763874054,0.6245182752609253,12,V2-004-D1-MEANMAX-F04-S20260927,513a6baa0ccf6a18a076b475e11ec4db466f3c606057a0fa6432ae84e89c02f6
a9dc8e0aebcb472ad9778a2c4e478722b33d918c89eed7d550ee8349a36e3eb2,MITDB_P205,205,1060000000,4,20260927,MODEL_V2_TCN_MEANMAX,0,-5.824182033538818,0.0029465127736330032,12,V2-004-D1-MEANMAX-F04-S20260927,513a6baa0ccf6a18a076b475e11ec4db466f3c606057a0fa6432ae84e89c02f6
a9fdb3329d0a7cbc590a731e6a509567587442c45651d5d4fea190ecb988ff79,MITDB_P228,228,1240000000,4,20260927,MODEL_V2_TCN_MEANMAX,1,7.146367073059082,0.9992128610610962,12,V2-004-D1-MEANMAX-F04-S20260927,513a6baa0ccf6a18a076b475e11ec4db466f3c606057a0fa6432ae84e89c02f6
aa14261fc92cc4ca4106ab4d8ce0e4c6b7ac6d405e0f173b75c4c8fd46a105a9,MITDB_P117,117,525000000,4,20260927,MODEL_V2_TCN_MEANMAX,0,-1.9616600275039673,0.12328750640153885,12,V2-004-D1-MEANMAX-F04-S20260927,513a6baa0ccf6a18a076b475e11ec4db466f3c606057a0fa6432ae84e89c02f6
aa75dd1058b00f732f051f5487ef0f78ed5476295438918ada104aa7ae73f031,MITDB_P228,228,1295000000,4,20260927,MODEL_V2_TCN_MEANMAX,1,5.232559680938721,0.9946885108947754,12,V2-004-D1-MEANMAX-F04-S20260927,513a6baa0ccf6a18a076b475e11ec4db466f3c606057a0fa6432ae84e89c02f6
aaa6b2430967c18cafbef90b6151286394ece0815632f814bd0c7e5ba2b5af27,MITDB_P205,205,1610000000,4,20260927,MODEL_V2_TCN_MEANMAX,0,-6.6101861000061035,0.001344770658761263,12,V2-004-D1-MEANMAX-F04-S20260927,513a6baa0ccf6a18a076b475e11ec4db466f3c606057a0fa6432ae84e89c02f6
aaab967d5c0fcd67a8aac66118f308e7eadbf7acecb2f6680b23ba5996e8aa51,MITDB_P221,221,15000000,4,20260927,MODEL_V2_TCN_MEANMAX,1,8.889984130859375,0.9998621940612793,12,V2-004-D1-MEANMAX-F04-S20260927,513a6baa0ccf6a18a076b475e11ec4db466f3c606057a0fa6432ae84e89c02f6
aab34faa8395a7c96e83d49b8339507238118ccb2f238a608a5d2252b70b43f3,MITDB_P230,230,600000000,4,20260927,MODEL_V2_TCN_MEANMAX,0,-6.540185928344727,0.0014421372907236218,12,V2-004-D1-MEANMAX-F04-S20260927,513a6baa0ccf6a18a076b475e11ec4db466f3c606057a0fa6432ae84e89c02f6
aae83cd2476d8389003d9b7c76daf1e88efd63d92df744c3a84348e212c8ef9d,MITDB_P228,228,1395000000,4,20260927,MODEL_V2_TCN_MEANMAX,1,0.9052669405937195,0.7120306491851807,12,V2-004-D1-MEANMAX-F04-S20260927,513a6baa0ccf6a18a076b475e11ec4db466f3c606057a0fa6432ae84e89c02f6
aafac35a602c08792b445f62130d5180d56f09bb483a9f759dff829e490a8210,MITDB_P228,228,1530000000,4,20260927,MODEL_V2_TCN_MEANMAX,0,-9.242276191711426,9.684749238658696e-05,12,V2-004-D1-MEANMAX-F04-S20260927,513a6baa0ccf6a18a076b475e11ec4db466f3c606057a0fa6432ae84e89c02f6
ab4f694a7e5bd43024e80a7340c754b01a2edac1099b41f11e9111423b4a4e49,MITDB_P221,221,1135000000,4,20260927,MODEL_V2_TCN_MEANMAX,1,13.96578598022461,0.9999991655349731,12,V2-004-D1-MEANMAX-F04-S20260927,513a6baa0ccf6a18a076b475e11ec4db466f3c606057a0fa6432ae84e89c02f6
abed1e4a25fa1e05a7d83db11da74d647a148d223865340592676cd75d9be2f9,MITDB_P117,117,1240000000,4,20260927,MODEL_V2_TCN_MEANMAX,0,-2.5247058868408203,0.07414425164461136,12,V2-004-D1-MEANMAX-F04-S20260927,513a6baa0ccf6a18a076b475e11ec4db466f3c606057a0fa6432ae84e89c02f6
ac0ca1912d0267ca6d9b71b5040f86425f2062081063ab371ef81484b3784336,MITDB_P221,221,915000000,4,20260927,MODEL_V2_TCN_MEANMAX,1,13.300214767456055,0.9999983310699463,12,V2-004-D1-MEANMAX-F04-S20260927,513a6baa0ccf6a18a076b475e11ec4db466f3c606057a0fa6432ae84e89c02f6
ac1284d5edc4807034c830effbfd57b3d3fe08efca32a2965e9381effa6b8153,MITDB_P221,221,310000000,4,20260927,MODEL_V2_TCN_MEANMAX,1,9.430221557617188,0.9999197721481323,12,V2-004-D1-MEANMAX-F04-S20260927,513a6baa0ccf6a18a076b475e11ec4db466f3c606057a0fa6432ae84e89c02f6
ac2ca0d5b424dbf6a74a7b0ee58b31d5af9e841ceafa19eeb5b891cd86285478,MITDB_P205,205,970000000,4,20260927,MODEL_V2_TCN_MEANMAX,1,1.713057518005371,0.847232460975647,12,V2-004-D1-MEANMAX-F04-S20260927,513a6baa0ccf6a18a076b475e11ec4db466f3c606057a0fa6432ae84e89c02f6
ac307e9ceb59e92f0cb3cffa9dfe35806a279d2b58a3ef7bb6e631924526a7c6,MITDB_P228,228,545000000,4,20260927,MODEL_V2_TCN_MEANMAX,1,3.059885025024414,0.955207347869873,12,V2-004-D1-MEANMAX-F04-S20260927,513a6baa0ccf6a18a076b475e11ec4db466f3c606057a0fa6432ae84e89c02f6
ac4c677c049d1a6c0b65578caff5932c585c79dc3c66e81f82845cd6114bc94b,MITDB_P205,205,915000000,4,20260927,MODEL_V2_TCN_MEANMAX,0,-5.487170219421387,0.004122476559132338,12,V2-004-D1-MEANMAX-F04-S20260927,513a6baa0ccf6a18a076b475e11ec4db466f3c606057a0fa6432ae84e89c02f6
ac76422ebbc964dc206d76e450efd62bb69136a4ee8eddd84dbb3ab173e1704f,MITDB_P230,230,505000000,4,20260927,MODEL_V2_TCN_MEANMAX,0,-2.9893414974212646,0.04790971428155899,12,V2-004-D1-MEANMAX-F04-S20260927,513a6baa0ccf6a18a076b475e11ec4db466f3c606057a0fa6432ae84e89c02f6
ac827b6e129fd7f5e9a7f251f53faaefe09c91b9ce456c3bbb3b71593d8d6a62,MITDB_P117,117,180000000,4,20260927,MODEL_V2_TCN_MEANMAX,0,0.6929449439048767,0.666621744632721,12,V2-004-D1-MEANMAX-F04-S20260927,513a6baa0ccf6a18a076b475e11ec4db466f3c606057a0fa6432ae84e89c02f6
acda4ff2e8b41ec1d6cce08f54ba6fa72442b24d2a8988ab38c42ccb59bf3215,MITDB_P228,228,1545000000,4,20260927,MODEL_V2_TCN_MEANMAX,1,1.3220922946929932,0.78952956199646,12,V2-004-D1-MEANMAX-F04-S20260927,513a6baa0ccf6a18a076b475e11ec4db466f3c606057a0fa6432ae84e89c02f6
ad043a0f8a0afc65932abc60bbcc8d8306e13ea456ba760fb9ef79dbec4432e6,MITDB_P228,228,90000000,4,20260927,MODEL_V2_TCN_MEANMAX,1,10.260143280029297,0.9999649524688721,12,V2-004-D1-MEANMAX-F04-S20260927,513a6baa0ccf6a18a076b475e11ec4db466f3c606057a0fa6432ae84e89c02f6
ad4cb5df80bb8baff9f2de33214cbf72119cfef695be7214af3d46221f8ed767,MITDB_P117,117,630000000,4,20260927,MODEL_V2_TCN_MEANMAX,0,-0.08287785947322845,0.4792923927307129,12,V2-004-D1-MEANMAX-F04-S20260927,513a6baa0ccf6a18a076b475e11ec4db466f3c606057a0fa6432ae84e89c02f6
ad6ddee3b39af34fc2afe50ebfbdb1ca2daa6d24ce7934b6a0129cb98cbbbb7d,MITDB_P230,230,230000000,4,20260927,MODEL_V2_TCN_MEANMAX,0,-0.591093122959137,0.3563840687274933,12,V2-004-D1-MEANMAX-F04-S20260927,513a6baa0ccf6a18a076b475e11ec4db466f3c606057a0fa6432ae84e89c02f6
adb050958b4ae1201c98acf495050ce05a9593478913d2f374dc5e912dbfcee2,MITDB_P221,221,240000000,4,20260927,MODEL_V2_TCN_MEANMAX,1,11.128301620483398,0.9999853372573853,12,V2-004-D1-MEANMAX-F04-S20260927,513a6baa0ccf6a18a076b475e11ec4db466f3c606057a0fa6432ae84e89c02f6
adc4b3c9253bc76aa16f4c2f2a61cb12e367cf9e649f98f5c568bca219f7780f,MITDB_P205,205,1190000000,4,20260927,MODEL_V2_TCN_MEANMAX,0,-5.8531951904296875,0.002862494671717286,12,V2-004-D1-MEANMAX-F04-S20260927,513a6baa0ccf6a18a076b475e11ec4db466f3c606057a0fa6432ae84e89c02f6
adcde14a984f0dc01014336e0b37f828cf4184f012330a182fb262d4cbcccb79,MITDB_P221,221,1790000000,4,20260927,MODEL_V2_TCN_MEANMAX,0,-0.5691362619400024,0.3614361584186554,12,V2-004-D1-MEANMAX-F04-S20260927,513a6baa0ccf6a18a076b475e11ec4db466f3c606057a0fa6432ae84e89c02f6
ae1963d4575488ad422bfb61629b97b5b2a9e691ce7ea98e63b1296f76278150,MITDB_P205,205,460000000,4,20260927,MODEL_V2_TCN_MEANMAX,0,-5.287054538726807,0.005031191743910313,12,V2-004-D1-MEANMAX-F04-S20260927,513a6baa0ccf6a18a076b475e11ec4db466f3c606057a0fa6432ae84e89c02f6
ae3286a42b1418cb5436badd1305c7e66c36b6453f9faf742d13e389175ca802,MITDB_P221,221,195000000,4,20260927,MODEL_V2_TCN_MEANMAX,1,11.11340045928955,0.9999850988388062,12,V2-004-D1-MEANMAX-F04-S20260927,513a6baa0ccf6a18a076b475e11ec4db466f3c606057a0fa6432ae84e89c02f6
aea63a9b99ca2e80edc811527e048437aeb35c1bbb360a2734d3c19eeb1275df,MITDB_P221,221,440000000,4,20260927,MODEL_V2_TCN_MEANMAX,1,10.643542289733887,0.9999761581420898,12,V2-004-D1-MEANMAX-F04-S20260927,513a6baa0ccf6a18a076b475e11ec4db466f3c606057a0fa6432ae84e89c02f6
afa4780e9bbbfe81140b4271eb085cd6b8fd52b4d2c4a2e73e582e66f238e1e2,MITDB_P117,117,945000000,4,20260927,MODEL_V2_TCN_MEANMAX,0,-4.184456825256348,0.015001988969743252,12,V2-004-D1-MEANMAX-F04-S20260927,513a6baa0ccf6a18a076b475e11ec4db466f3c606057a0fa6432ae84e89c02f6
afa5f049a678f7bad948f2ee4722686daa12f7fb649fb0cf7ff71a05522300eb,MITDB_P221,221,815000000,4,20260927,MODEL_V2_TCN_MEANMAX,1,10.712762832641602,0.999977707862854,12,V2-004-D1-MEANMAX-F04-S20260927,513a6baa0ccf6a18a076b475e11ec4db466f3c606057a0fa6432ae84e89c02f6
afe21144424b2da969f8426dd860a70c3da2a17182bc85056e5085cec5f95aac,MITDB_P205,205,165000000,4,20260927,MODEL_V2_TCN_MEANMAX,0,-6.035059928894043,0.002387638669461012,12,V2-004-D1-MEANMAX-F04-S20260927,513a6baa0ccf6a18a076b475e11ec4db466f3c606057a0fa6432ae84e89c02f6
affbcb9607bef9c5a05aacfe565928d2e79d533f09a31d19799eb148fc36d921,MITDB_P221,221,1535000000,4,20260927,MODEL_V2_TCN_MEANMAX,1,11.784348487854004,0.9999923706054688,12,V2-004-D1-MEANMAX-F04-S20260927,513a6baa0ccf6a18a076b475e11ec4db466f3c606057a0fa6432ae84e89c02f6
b00135d3e1981a97013d6025278e834f6ca28a0f7075199552460ac56b1a7ce6,MITDB_P205,205,200000000,4,20260927,MODEL_V2_TCN_MEANMAX,0,-4.720348834991455,0.008833345957100391,12,V2-004-D1-MEANMAX-F04-S20260927,513a6baa0ccf6a18a076b475e11ec4db466f3c606057a0fa6432ae84e89c02f6
b0b8bdb3f760c561305fbe091bc9bab1650f07c3f9fa7f95adf9ff3d28d013b2,MITDB_P117,117,350000000,4,20260927,MODEL_V2_TCN_MEANMAX,0,-2.163783073425293,0.10305025428533554,12,V2-004-D1-MEANMAX-F04-S20260927,513a6baa0ccf6a18a076b475e11ec4db466f3c606057a0fa6432ae84e89c02f6
b0d1c9e6cece4895d0e1217c57a859a51f3532cdbb7fbbbda412f83d386ebc5f,MITDB_P221,221,1450000000,4,20260927,MODEL_V2_TCN_MEANMAX,1,7.883157253265381,0.9996230602264404,12,V2-004-D1-MEANMAX-F04-S20260927,513a6baa0ccf6a18a076b475e11ec4db466f3c606057a0fa6432ae84e89c02f6
b0dae5de1aa2aac20f312cdd81a955bdef31969be52e80aadb638346465f11c7,MITDB_P230,230,475000000,4,20260927,MODEL_V2_TCN_MEANMAX,0,-5.573917865753174,0.003781228791922331,12,V2-004-D1-MEANMAX-F04-S20260927,513a6baa0ccf6a18a076b475e11ec4db466f3c606057a0fa6432ae84e89c02f6
b0f3d868b912c792ed84d3ed3efafcffa2a810ce8feb7d682627e603a3ae0127,MITDB_P117,117,595000000,4,20260927,MODEL_V2_TCN_MEANMAX,0,-0.2346165031194687,0.44161343574523926,12,V2-004-D1-MEANMAX-F04-S20260927,513a6baa0ccf6a18a076b475e11ec4db466f3c606057a0fa6432ae84e89c02f6
b0f77b8cc04edda27830c1ab346a9bab0ae85ad183c6f04fd93bc8b7db88ba92,MITDB_P117,117,655000000,4,20260927,MODEL_V2_TCN_MEANMAX,0,-3.6584999561309814,0.025123676285147667,12,V2-004-D1-MEANMAX-F04-S20260927,513a6baa0ccf6a18a076b475e11ec4db466f3c606057a0fa6432ae84e89c02f6
b151d1365f32f531b7909573f091d1ae96e65b8ebb78dd731843eac8d676e4f0,MITDB_P205,205,1765000000,4,20260927,MODEL_V2_TCN_MEANMAX,0,-6.287267208099365,0.0018563829362392426,12,V2-004-D1-MEANMAX-F04-S20260927,513a6baa0ccf6a18a076b475e11ec4db466f3c606057a0fa6432ae84e89c02f6
b153327f62bf3416fafce88dd86d078707e969838a1c5042808d75ecfd630080,MITDB_P230,230,1635000000,4,20260927,MODEL_V2_TCN_MEANMAX,0,-0.6401071548461914,0.3452223241329193,12,V2-004-D1-MEANMAX-F04-S20260927,513a6baa0ccf6a18a076b475e11ec4db466f3c606057a0fa6432ae84e89c02f6
b16b68660718c5ffba03d524f7e711369f2d5e6e1c20387fdb8937fcf542df42,MITDB_P221,221,985000000,4,20260927,MODEL_V2_TCN_MEANMAX,1,12.286077499389648,0.9999953508377075,12,V2-004-D1-MEANMAX-F04-S20260927,513a6baa0ccf6a18a076b475e11ec4db466f3c606057a0fa6432ae84e89c02f6
b181d21335f11f2cc4a37b8e6bde3d5915001f4f2d86faab0372fa47ded23160,MITDB_P228,228,460000000,4,20260927,MODEL_V2_TCN_MEANMAX,1,12.57198715209961,0.999996542930603,12,V2-004-D1-MEANMAX-F04-S20260927,513a6baa0ccf6a18a076b475e11ec4db466f3c606057a0fa6432ae84e89c02f6
b18e11383695d23a2a0922d37f19013cbf61fe91406f0c339191114d56056a21,MITDB_P228,228,110000000,4,20260927,MODEL_V2_TCN_MEANMAX,1,8.490859031677246,0.9997947812080383,12,V2-004-D1-MEANMAX-F04-S20260927,513a6baa0ccf6a18a076b475e11ec4db466f3c606057a0fa6432ae84e89c02f6
b1a395bfba58e5fca071edeb99375c118541bb35603ae2648534cb42f4023bc6,MITDB_P230,230,1205000000,4,20260927,MODEL_V2_TCN_MEANMAX,0,-3.281705141067505,0.03620417043566704,12,V2-004-D1-MEANMAX-F04-S20260927,513a6baa0ccf6a18a076b475e11ec4db466f3c606057a0fa6432ae84e89c02f6
b1c2b208dc3d8fa29b8a67461647fc4fd2fa733b617ae523e25d732a76e896e4,MITDB_P228,228,705000000,4,20260927,MODEL_V2_TCN_MEANMAX,1,7.627294063568115,0.9995132684707642,12,V2-004-D1-MEANMAX-F04-S20260927,513a6baa0ccf6a18a076b475e11ec4db466f3c606057a0fa6432ae84e89c02f6
b1ed826605a4fd6c85d10779c3f51d2741a17cb7c92ef0d7b2972fdcd46b2800,MITDB_P230,230,195000000,4,20260927,MODEL_V2_TCN_MEANMAX,0,-3.034724473953247,0.04588156193494797,12,V2-004-D1-MEANMAX-F04-S20260927,513a6baa0ccf6a18a076b475e11ec4db466f3c606057a0fa6432ae84e89c02f6
b25361480b13d6d19395068ef58c7cb247ff40ae5905fed4f72c37d6e254ebf8,MITDB_P230,230,970000000,4,20260927,MODEL_V2_TCN_MEANMAX,0,-6.369962692260742,0.001709296484477818,12,V2-004-D1-MEANMAX-F04-S20260927,513a6baa0ccf6a18a076b475e11ec4db466f3c606057a0fa6432ae84e89c02f6
b25fd1e8b667c155cfccf1df6e4d67fe400bce2b694be2b1f6d0e0e2d65d67c4,MITDB_P228,228,540000000,4,20260927,MODEL_V2_TCN_MEANMAX,1,11.196914672851562,0.9999862909317017,12,V2-004-D1-MEANMAX-F04-S20260927,513a6baa0ccf6a18a076b475e11ec4db466f3c606057a0fa6432ae84e89c02f6
b26258998753cb371f0d38cce4ca2a2e9a9c67161a3ad43a802ed0ff63644017,MITDB_P230,230,995000000,4,20260927,MODEL_V2_TCN_MEANMAX,0,-5.574388027191162,0.003779458114877343,12,V2-004-D1-MEANMAX-F04-S20260927,513a6baa0ccf6a18a076b475e11ec4db466f3c606057a0fa6432ae84e89c02f6
b263c41a86416cf3ff6a2ebf77464b113942f6eb84eb4194573df8117dc6247b,MITDB_P228,228,20000000,4,20260927,MODEL_V2_TCN_MEANMAX,1,7.3924946784973145,0.9993845224380493,12,V2-004-D1-MEANMAX-F04-S20260927,513a6baa0ccf6a18a076b475e11ec4db466f3c606057a0fa6432ae84e89c02f6
b273f1170558a917ce1839f64cf4486b099970201ea306f105f6c20b7b1606d3,MITDB_P221,221,1545000000,4,20260927,MODEL_V2_TCN_MEANMAX,1,10.984443664550781,0.9999830722808838,12,V2-004-D1-MEANMAX-F04-S20260927,513a6baa0ccf6a18a076b475e11ec4db466f3c606057a0fa6432ae84e89c02f6
b2bc1dd8a7002f34c7d92c887f19c75b1cc50920645aafac751178c617bf4f02,MITDB_P228,228,60000000,4,20260927,MODEL_V2_TCN_MEANMAX,1,9.417198181152344,0.9999186992645264,12,V2-004-D1-MEANMAX-F04-S20260927,513a6baa0ccf6a18a076b475e11ec4db466f3c606057a0fa6432ae84e89c02f6
b2da62f41fee0c83a02bdee595d41b36a84c3be861e2676793bdbd7139bc3ab3,MITDB_P221,221,1280000000,4,20260927,MODEL_V2_TCN_MEANMAX,1,10.133622169494629,0.9999603033065796,12,V2-004-D1-MEANMAX-F04-S20260927,513a6baa0ccf6a18a076b475e11ec4db466f3c606057a0fa6432ae84e89c02f6
b2ed821563c2e53dbf0249de37ebe087b20bbc0b92eac0fb4e354d879adbdb1f,MITDB_P117,117,1295000000,4,20260927,MODEL_V2_TCN_MEANMAX,0,-2.198505401611328,0.09988478571176529,12,V2-004-D1-MEANMAX-F04-S20260927,513a6baa0ccf6a18a076b475e11ec4db466f3c606057a0fa6432ae84e89c02f6
b3603cf2786ae0cf73c4be8777e501daa69778437063cc059f5a84243f1c1180,MITDB_P228,228,1305000000,4,20260927,MODEL_V2_TCN_MEANMAX,1,-2.5382871627807617,0.07321731746196747,12,V2-004-D1-MEANMAX-F04-S20260927,513a6baa0ccf6a18a076b475e11ec4db466f3c606057a0fa6432ae84e89c02f6
b3c66d7fc3e57236b69afee5b27ba93e8439194b75473c473e29d3ff7afb5755,MITDB_P221,221,685000000,4,20260927,MODEL_V2_TCN_MEANMAX,1,16.016345977783203,0.9999998807907104,12,V2-004-D1-MEANMAX-F04-S20260927,513a6baa0ccf6a18a076b475e11ec4db466f3c606057a0fa6432ae84e89c02f6
b4056d7c25d61d0e9eb9864201978daf8c679acfd6c5023fcd36ba3a4e70267d,MITDB_P228,228,1455000000,4,20260927,MODEL_V2_TCN_MEANMAX,1,8.635791778564453,0.9998224377632141,12,V2-004-D1-MEANMAX-F04-S20260927,513a6baa0ccf6a18a076b475e11ec4db466f3c606057a0fa6432ae84e89c02f6
b413e35b8173841228eeb54b0bb00c5d740b0cf82cf23a7cb17f96b392a51821,MITDB_P117,117,215000000,4,20260927,MODEL_V2_TCN_MEANMAX,0,-1.7575504779815674,0.1470973938703537,12,V2-004-D1-MEANMAX-F04-S20260927,513a6baa0ccf6a18a076b475e11ec4db466f3c606057a0fa6432ae84e89c02f6
b46d5f7c11c96df8591ce6624776901110050074c1139afad93393184f4b9fbb,MITDB_P117,117,710000000,4,20260927,MODEL_V2_TCN_MEANMAX,0,-0.432778537273407,0.39346301555633545,12,V2-004-D1-MEANMAX-F04-S20260927,513a6baa0ccf6a18a076b475e11ec4db466f3c606057a0fa6432ae84e89c02f6
b484783bd143a208bb8c7f59e17b0fb94d25d2acd727009d5732e9aea4c0ba62,MITDB_P230,230,1540000000,4,20260927,MODEL_V2_TCN_MEANMAX,0,-2.399686098098755,0.08319664001464844,12,V2-004-D1-MEANMAX-F04-S20260927,513a6baa0ccf6a18a076b475e11ec4db466f3c606057a0fa6432ae84e89c02f6
b49ea80686e7bf704f54ee166a888730d216f20426f87f64e2f6334e6f789798,MITDB_P221,221,135000000,4,20260927,MODEL_V2_TCN_MEANMAX,1,10.883733749389648,0.9999812841415405,12,V2-004-D1-MEANMAX-F04-S20260927,513a6baa0ccf6a18a076b475e11ec4db466f3c606057a0fa6432ae84e89c02f6
b4c46f49223a8f98f74820a3cb2560297ff4fec4d60fb152e5326f09ab01bf2a,MITDB_P205,205,230000000,4,20260927,MODEL_V2_TCN_MEANMAX,0,-5.412939548492432,0.004438724834471941,12,V2-004-D1-MEANMAX-F04-S20260927,513a6baa0ccf6a18a076b475e11ec4db466f3c606057a0fa6432ae84e89c02f6
b4efa79503cf810973ea2374804b4f88218bce64fc4ad7ffa5ce8cac49e41a22,MITDB_P221,221,1445000000,4,20260927,MODEL_V2_TCN_MEANMAX,1,8.601799011230469,0.9998162388801575,12,V2-004-D1-MEANMAX-F04-S20260927,513a6baa0ccf6a18a076b475e11ec4db466f3c606057a0fa6432ae84e89c02f6
b504eeb5a49654d4d0841de86aff5c5472c768ce29b1b02b4d1eb88e05a6b047,MITDB_P117,117,115000000,4,20260927,MODEL_V2_TCN_MEANMAX,0,-0.19903872907161713,0.45040395855903625,12,V2-004-D1-MEANMAX-F04-S20260927,513a6baa0ccf6a18a076b475e11ec4db466f3c606057a0fa6432ae84e89c02f6
b51bd6f23bf7fbf655e9a544c7ec88a4a8fef9bfda6924d64cc13714d4733db1,MITDB_P117,117,1095000000,4,20260927,MODEL_V2_TCN_MEANMAX,0,-3.9256346225738525,0.019347885623574257,12,V2-004-D1-MEANMAX-F04-S20260927,513a6baa0ccf6a18a076b475e11ec4db466f3c606057a0fa6432ae84e89c02f6
b5364ffd0272fd29f978181446e8cae467549594ab404613a1d14e5bf7986334,MITDB_P221,221,450000000,4,20260927,MODEL_V2_TCN_MEANMAX,1,11.02912712097168,0.9999837875366211,12,V2-004-D1-MEANMAX-F04-S20260927,513a6baa0ccf6a18a076b475e11ec4db466f3c606057a0fa6432ae84e89c02f6
b55e017edb6d190f6bfae7021d78bed48bb93da75fb0c4ef1777b32e6e4c6c01,MITDB_P228,228,530000000,4,20260927,MODEL_V2_TCN_MEANMAX,1,8.059337615966797,0.9996839761734009,12,V2-004-D1-MEANMAX-F04-S20260927,513a6baa0ccf6a18a076b475e11ec4db466f3c606057a0fa6432ae84e89c02f6
b56795a25b7ea83ba653f59c0cf7b1a3e05d3239744ae67f0f3cd313b489b6c8,MITDB_P228,228,200000000,4,20260927,MODEL_V2_TCN_MEANMAX,1,0.2572541832923889,0.5639612078666687,12,V2-004-D1-MEANMAX-F04-S20260927,513a6baa0ccf6a18a076b475e11ec4db466f3c606057a0fa6432ae84e89c02f6
b591d798259ed0d65e48c6039f6746ff2ce1afd24ca8a324e2fe679879f5ef47,MITDB_P205,205,1155000000,4,20260927,MODEL_V2_TCN_MEANMAX,0,-6.124556064605713,0.002183683682233095,12,V2-004-D1-MEANMAX-F04-S20260927,513a6baa0ccf6a18a076b475e11ec4db466f3c606057a0fa6432ae84e89c02f6
b5986527e4eb740d4300dcd5e197e8555da5d9d344ba6dacce19b481b4769907,MITDB_P205,205,1275000000,4,20260927,MODEL_V2_TCN_MEANMAX,0,-6.755210876464844,0.00116343901026994,12,V2-004-D1-MEANMAX-F04-S20260927,513a6baa0ccf6a18a076b475e11ec4db466f3c606057a0fa6432ae84e89c02f6
b5c1627f3e29cdd33c07873796f525a09e866427fb23c3639cc6baf45ba06e52,MITDB_P117,117,615000000,4,20260927,MODEL_V2_TCN_MEANMAX,0,-1.4868813753128052,0.18439027667045593,12,V2-004-D1-MEANMAX-F04-S20260927,513a6baa0ccf6a18a076b475e11ec4db466f3c606057a0fa6432ae84e89c02f6
b5d5ef4275815fa672583657f2bc0ef96d1a31eb7f0f2309998e7f1a761ff6d5,MITDB_P205,205,1605000000,4,20260927,MODEL_V2_TCN_MEANMAX,0,-6.469155788421631,0.0015481337904930115,12,V2-004-D1-MEANMAX-F04-S20260927,513a6baa0ccf6a18a076b475e11ec4db466f3c606057a0fa6432ae84e89c02f6
b5ffdbe9b971096a7b2eccd1a387e26d96c9328ca627a5bd878a3df7334fb51c,MITDB_P228,228,1005000000,4,20260927,MODEL_V2_TCN_MEANMAX,1,0.3486672043800354,0.5862943530082703,12,V2-004-D1-MEANMAX-F04-S20260927,513a6baa0ccf6a18a076b475e11ec4db466f3c606057a0fa6432ae84e89c02f6
b6243697fb0cd0f920d434ee6a35e7d329a511e9bdfa0b21ad53c089b254728c,MITDB_P221,221,1640000000,4,20260927,MODEL_V2_TCN_MEANMAX,1,12.737225532531738,0.9999970197677612,12,V2-004-D1-MEANMAX-F04-S20260927,513a6baa0ccf6a18a076b475e11ec4db466f3c606057a0fa6432ae84e89c02f6
b646fc070c6263470775003790aae1ab69d5e4033546fec2adc9b96dc357a8ef,MITDB_P230,230,1315000000,4,20260927,MODEL_V2_TCN_MEANMAX,0,-4.571566581726074,0.010235888883471489,12,V2-004-D1-MEANMAX-F04-S20260927,513a6baa0ccf6a18a076b475e11ec4db466f3c606057a0fa6432ae84e89c02f6
b7005656e5c3ab18ec8900595d0c882c275fe781e3e79f87edd55ec6ce05fc84,MITDB_P221,221,1365000000,4,20260927,MODEL_V2_TCN_MEANMAX,1,14.598734855651855,0.9999995231628418,12,V2-004-D1-MEANMAX-F04-S20260927,513a6baa0ccf6a18a076b475e11ec4db466f3c606057a0fa6432ae84e89c02f6
b70e8d505294811329e21b66e16faec9107e4191d512d3f862edbe02555e49f6,MITDB_P117,117,1310000000,4,20260927,MODEL_V2_TCN_MEANMAX,0,-2.7728772163391113,0.05880756303668022,12,V2-004-D1-MEANMAX-F04-S20260927,513a6baa0ccf6a18a076b475e11ec4db466f3c606057a0fa6432ae84e89c02f6
b73f2aef5da5ba1f74030bc26e399bdcc256648bac8a5846a3fdec6a79333818,MITDB_P117,117,1495000000,4,20260927,MODEL_V2_TCN_MEANMAX,0,-3.068110942840576,0.04444197937846184,12,V2-004-D1-MEANMAX-F04-S20260927,513a6baa0ccf6a18a076b475e11ec4db466f3c606057a0fa6432ae84e89c02f6
b78eb6d2b8d387f10c5b249d0359b0d312d11d4719cc1ed48312c9b40421cdf5,MITDB_P221,221,745000000,4,20260927,MODEL_V2_TCN_MEANMAX,1,10.06466293334961,0.9999574422836304,12,V2-004-D1-MEANMAX-F04-S20260927,513a6baa0ccf6a18a076b475e11ec4db466f3c606057a0fa6432ae84e89c02f6
b7d4ee89125fa1cf955654b4e152b49b145947af7424df9a12d7f7592533e12a,MITDB_P205,205,1380000000,4,20260927,MODEL_V2_TCN_MEANMAX,0,-5.899652004241943,0.0027329090517014265,12,V2-004-D1-MEANMAX-F04-S20260927,513a6baa0ccf6a18a076b475e11ec4db466f3c606057a0fa6432ae84e89c02f6
b805ce4cb57948443449490dc2878cf3621f0378303e9eac9c33e6d7cd757026,MITDB_P117,117,1720000000,4,20260927,MODEL_V2_TCN_MEANMAX,0,-3.398655652999878,0.032337505370378494,12,V2-004-D1-MEANMAX-F04-S20260927,513a6baa0ccf6a18a076b475e11ec4db466f3c606057a0fa6432ae84e89c02f6
b811579819ead32b708167e5a273bf32e893425ba1272f2c1c785df9e8f66389,MITDB_P228,228,1270000000,4,20260927,MODEL_V2_TCN_MEANMAX,1,8.916549682617188,0.9998658895492554,12,V2-004-D1-MEANMAX-F04-S20260927,513a6baa0ccf6a18a076b475e11ec4db466f3c606057a0fa6432ae84e89c02f6
b828240ed01bfb06bcfef4a2b4798b2c8e691774ef563243bd708bcd416029b8,MITDB_P230,230,1485000000,4,20260927,MODEL_V2_TCN_MEANMAX,0,-3.00075364112854,0.04739183932542801,12,V2-004-D1-MEANMAX-F04-S20260927,513a6baa0ccf6a18a076b475e11ec4db466f3c606057a0fa6432ae84e89c02f6
b8457b4e9a62e5d4e65184a0f7d82e1c348a7ad7e06ffb22e0b0c0d93eaeef40,MITDB_P205,205,810000000,4,20260927,MODEL_V2_TCN_MEANMAX,0,-4.095953941345215,0.016367511823773384,12,V2-004-D1-MEANMAX-F04-S20260927,513a6baa0ccf6a18a076b475e11ec4db466f3c606057a0fa6432ae84e89c02f6
b8efb34760c813fc28b528f0155d815b58584310c07d0c57f39ab08908f4cef0,MITDB_P228,228,420000000,4,20260927,MODEL_V2_TCN_MEANMAX,1,5.284669399261475,0.994956910610199,12,V2-004-D1-MEANMAX-F04-S20260927,513a6baa0ccf6a18a076b475e11ec4db466f3c606057a0fa6432ae84e89c02f6
b90e02ff18edbc8509c408027a34ea3c7e91250244a75e3966ea58b4a8537331,MITDB_P221,221,775000000,4,20260927,MODEL_V2_TCN_MEANMAX,1,12.11170482635498,0.9999945163726807,12,V2-004-D1-MEANMAX-F04-S20260927,513a6baa0ccf6a18a076b475e11ec4db466f3c606057a0fa6432ae84e89c02f6
b913de04004b9dcb8dcb6a16a484a0a9507d3a918939ee598a6d9f0ec7aab113,MITDB_P228,228,255000000,4,20260927,MODEL_V2_TCN_MEANMAX,1,-3.028158664703369,0.04616984724998474,12,V2-004-D1-MEANMAX-F04-S20260927,513a6baa0ccf6a18a076b475e11ec4db466f3c606057a0fa6432ae84e89c02f6
b94b4ce4566a068e7c5a536313e829ddef333c5d715efaf65bd3dc43f3c2a05e,MITDB_P221,221,515000000,4,20260927,MODEL_V2_TCN_MEANMAX,1,9.416879653930664,0.9999186992645264,12,V2-004-D1-MEANMAX-F04-S20260927,513a6baa0ccf6a18a076b475e11ec4db466f3c606057a0fa6432ae84e89c02f6
b974d5895cd2ff5ff87812f0fcf2c25cb11be941fe621c195e905d1ea576b3a1,MITDB_P117,117,1175000000,4,20260927,MODEL_V2_TCN_MEANMAX,0,-3.4532907009124756,0.030670875683426857,12,V2-004-D1-MEANMAX-F04-S20260927,513a6baa0ccf6a18a076b475e11ec4db466f3c606057a0fa6432ae84e89c02f6
b9856c1a36d3b6796b6c983a2d8aa717dba7620d9824da63d150ac9791fc5a5b,MITDB_P117,117,1390000000,4,20260927,MODEL_V2_TCN_MEANMAX,0,-2.531428813934326,0.07368405908346176,12,V2-004-D1-MEANMAX-F04-S20260927,513a6baa0ccf6a18a076b475e11ec4db466f3c606057a0fa6432ae84e89c02f6
b9a69f22358af7e6d3005f82b7552c2871d099011880c2d090cb85ea641f2127,MITDB_P117,117,1420000000,4,20260927,MODEL_V2_TCN_MEANMAX,0,-3.7009146213531494,0.0241054967045784,12,V2-004-D1-MEANMAX-F04-S20260927,513a6baa0ccf6a18a076b475e11ec4db466f3c606057a0fa6432ae84e89c02f6
b9c0da2af52a78984a368bb65b00f4917035d71c36b70b140e9f4c799e7757b2,MITDB_P228,228,620000000,4,20260927,MODEL_V2_TCN_MEANMAX,1,10.849261283874512,0.9999805688858032,12,V2-004-D1-MEANMAX-F04-S20260927,513a6baa0ccf6a18a076b475e11ec4db466f3c606057a0fa6432ae84e89c02f6
b9c795dc861ae5476e08beea971fd45c8da65993f7d2331b33bda658926f5b08,MITDB_P228,228,1250000000,4,20260927,MODEL_V2_TCN_MEANMAX,1,9.688163757324219,0.9999380111694336,12,V2-004-D1-MEANMAX-F04-S20260927,513a6baa0ccf6a18a076b475e11ec4db466f3c606057a0fa6432ae84e89c02f6
b9da4dba43e7db8ebf9283968c21fd467ab272e65db3015ef8c8c4faa85e91d1,MITDB_P230,230,1135000000,4,20260927,MODEL_V2_TCN_MEANMAX,0,-3.968376636505127,0.018553363159298897,12,V2-004-D1-MEANMAX-F04-S20260927,513a6baa0ccf6a18a076b475e11ec4db466f3c606057a0fa6432ae84e89c02f6
b9ea7299d112ebeac6746c40fd4ed9902b402968888fed15104a01236b257163,MITDB_P221,221,1720000000,4,20260927,MODEL_V2_TCN_MEANMAX,1,11.375774383544922,0.9999885559082031,12,V2-004-D1-MEANMAX-F04-S20260927,513a6baa0ccf6a18a076b475e11ec4db466f3c606057a0fa6432ae84e89c02f6
b9ed3444f97fe441f8c7b2069ab0b2b1e60857ea56507769bee57302ffa11ce2,MITDB_P228,228,75000000,4,20260927,MODEL_V2_TCN_MEANMAX,1,8.545665740966797,0.9998056292533875,12,V2-004-D1-MEANMAX-F04-S20260927,513a6baa0ccf6a18a076b475e11ec4db466f3c606057a0fa6432ae84e89c02f6
b9ee91bc3de79d15f83d36818c7a8deea5babc107e7b71b2e34562b57b2351c3,MITDB_P221,221,265000000,4,20260927,MODEL_V2_TCN_MEANMAX,1,13.05215072631836,0.9999978542327881,12,V2-004-D1-MEANMAX-F04-S20260927,513a6baa0ccf6a18a076b475e11ec4db466f3c606057a0fa6432ae84e89c02f6
ba202ccfa20fd06abf2d707ffe66e6ad16970a37c3a93e32d9f1f00904260b0e,MITDB_P221,221,1435000000,4,20260927,MODEL_V2_TCN_MEANMAX,1,12.432579040527344,0.9999960660934448,12,V2-004-D1-MEANMAX-F04-S20260927,513a6baa0ccf6a18a076b475e11ec4db466f3c606057a0fa6432ae84e89c02f6
ba3764c9456c8678f0eb14ca8d91c32e620dca47467d42fb5d24b66f1a78a06d,MITDB_P205,205,225000000,4,20260927,MODEL_V2_TCN_MEANMAX,0,-5.684362411499023,0.00338718737475574,12,V2-004-D1-MEANMAX-F04-S20260927,513a6baa0ccf6a18a076b475e11ec4db466f3c606057a0fa6432ae84e89c02f6
ba49b76ba03d67b754a37dc404f63cb29b5c3214e8d4707938bdd173ec4fabaf,MITDB_P230,230,1385000000,4,20260927,MODEL_V2_TCN_MEANMAX,0,-6.372350692749023,0.0017052264884114265,12,V2-004-D1-MEANMAX-F04-S20260927,513a6baa0ccf6a18a076b475e11ec4db466f3c606057a0fa6432ae84e89c02f6
ba861c94fc8829747013ef72053a99f87f522ec43826211213f6d78b08fd5a5a,MITDB_P230,230,1200000000,4,20260927,MODEL_V2_TCN_MEANMAX,0,-4.06850004196167,0.0168154276907444,12,V2-004-D1-MEANMAX-F04-S20260927,513a6baa0ccf6a18a076b475e11ec4db466f3c606057a0fa6432ae84e89c02f6
bab4c851083a3f3e2e54b83b02aea28bde5123dea87a9a0bfe2ebd3d060b6d0d,MITDB_P205,205,155000000,4,20260927,MODEL_V2_TCN_MEANMAX,0,-5.742542743682861,0.0031963547226041555,12,V2-004-D1-MEANMAX-F04-S20260927,513a6baa0ccf6a18a076b475e11ec4db466f3c606057a0fa6432ae84e89c02f6
bae0a134a3965079103accf0afdfcd727a4749038a0ba24fbfafe206d2c3f15c,MITDB_P228,228,740000000,4,20260927,MODEL_V2_TCN_MEANMAX,1,4.021358489990234,0.9823871850967407,12,V2-004-D1-MEANMAX-F04-S20260927,513a6baa0ccf6a18a076b475e11ec4db466f3c606057a0fa6432ae84e89c02f6
bb061dea75d408a248b4c259455ae012824b87b07c449456bf632efb5b64d3d6,MITDB_P230,230,1145000000,4,20260927,MODEL_V2_TCN_MEANMAX,0,-1.3679414987564087,0.20295263826847076,12,V2-004-D1-MEANMAX-F04-S20260927,513a6baa0ccf6a18a076b475e11ec4db466f3c606057a0fa6432ae84e89c02f6
bb2ea87ea16d6579d518c33237b3034bb14dbcf127d2054d06d9832aee59d637,MITDB_P221,221,855000000,4,20260927,MODEL_V2_TCN_MEANMAX,1,11.10898208618164,0.9999849796295166,12,V2-004-D1-MEANMAX-F04-S20260927,513a6baa0ccf6a18a076b475e11ec4db466f3c606057a0fa6432ae84e89c02f6
bb6bf2d8fde8fa9682e605f253d28d5949131232ee555135d4b0977f99cb415d,MITDB_P205,205,775000000,4,20260927,MODEL_V2_TCN_MEANMAX,0,-4.6518073081970215,0.00945410318672657,12,V2-004-D1-MEANMAX-F04-S20260927,513a6baa0ccf6a18a076b475e11ec4db466f3c606057a0fa6432ae84e89c02f6
bb7b17344812ffd5b9b3086fcc77ee0b400af53e56575f031b96b84b6aebef07,MITDB_P205,205,885000000,4,20260927,MODEL_V2_TCN_MEANMAX,0,-6.235477924346924,0.0019548640120774508,12,V2-004-D1-MEANMAX-F04-S20260927,513a6baa0ccf6a18a076b475e11ec4db466f3c606057a0fa6432ae84e89c02f6
bb7d549b5390218735bcedd6cff443a33bc2fe10d4629c6109cfc8a13ab0bfdb,MITDB_P205,205,20000000,4,20260927,MODEL_V2_TCN_MEANMAX,0,-5.209293365478516,0.0054358248598873615,12,V2-004-D1-MEANMAX-F04-S20260927,513a6baa0ccf6a18a076b475e11ec4db466f3c606057a0fa6432ae84e89c02f6
bb860456b70cd986a50298b08b240cbe4a9dacefdf20c05c7e15662899a8b21d,MITDB_P230,230,1120000000,4,20260927,MODEL_V2_TCN_MEANMAX,0,-4.052064895629883,0.01708931475877762,12,V2-004-D1-MEANMAX-F04-S20260927,513a6baa0ccf6a18a076b475e11ec4db466f3c606057a0fa6432ae84e89c02f6
bbbc1433656057d24abd692960f206e74a7515ee60a31a2e602ef96989ad3ac7,MITDB_P205,205,1305000000,4,20260927,MODEL_V2_TCN_MEANMAX,0,-6.65346622467041,0.001287883729673922,12,V2-004-D1-MEANMAX-F04-S20260927,513a6baa0ccf6a18a076b475e11ec4db466f3c606057a0fa6432ae84e89c02f6
bbdb07814ae8e0a0447bd49dae22912f4c38105f4a247e50055cf2e7c0a77cc5,MITDB_P228,228,235000000,4,20260927,MODEL_V2_TCN_MEANMAX,1,6.620349407196045,0.9986687898635864,12,V2-004-D1-MEANMAX-F04-S20260927,513a6baa0ccf6a18a076b475e11ec4db466f3c606057a0fa6432ae84e89c02f6
bc36f2dc2a3b51461d8890d44c171d5cdcca53609d9b46a52f7c0782f212aa5f,MITDB_P205,205,1670000000,4,20260927,MODEL_V2_TCN_MEANMAX,0,-6.659160614013672,0.0012805801816284657,12,V2-004-D1-MEANMAX-F04-S20260927,513a6baa0ccf6a18a076b475e11ec4db466f3c606057a0fa6432ae84e89c02f6
bc409ffa914936a004c272f656b879cdb8bd7fab653b7abf37cd066a1f49988e,MITDB_P221,221,835000000,4,20260927,MODEL_V2_TCN_MEANMAX,1,11.962453842163086,0.9999935626983643,12,V2-004-D1-MEANMAX-F04-S20260927,513a6baa0ccf6a18a076b475e11ec4db466f3c606057a0fa6432ae84e89c02f6
bc83979c316c56bd001a692a40472435132524a94b0b3661bfd6d87eb6ef479d,MITDB_P117,117,60000000,4,20260927,MODEL_V2_TCN_MEANMAX,0,0.15758611261844635,0.5393152236938477,12,V2-004-D1-MEANMAX-F04-S20260927,513a6baa0ccf6a18a076b475e11ec4db466f3c606057a0fa6432ae84e89c02f6
bced2aba6921ee6065c0bf52e002cb57bdde3df87d32ed1afbb16fa024f5b7b2,MITDB_P221,221,750000000,4,20260927,MODEL_V2_TCN_MEANMAX,1,11.962631225585938,0.9999935626983643,12,V2-004-D1-MEANMAX-F04-S20260927,513a6baa0ccf6a18a076b475e11ec4db466f3c606057a0fa6432ae84e89c02f6
bcf11ba0c86897a031a41c204af2dda87637fabd8864d74a73feea24c26f4c00,MITDB_P228,228,565000000,4,20260927,MODEL_V2_TCN_MEANMAX,1,12.890236854553223,0.9999974966049194,12,V2-004-D1-MEANMAX-F04-S20260927,513a6baa0ccf6a18a076b475e11ec4db466f3c606057a0fa6432ae84e89c02f6
bcff30e44499a0575e6390be48213e2d229f158fd29c380d5d04e43116b61b92,MITDB_P228,228,310000000,4,20260927,MODEL_V2_TCN_MEANMAX,1,9.929232597351074,0.9999512434005737,12,V2-004-D1-MEANMAX-F04-S20260927,513a6baa0ccf6a18a076b475e11ec4db466f3c606057a0fa6432ae84e89c02f6
bd0d7bdfe3313cbef90fff411b096d40b0ba72fa0a4e083a3926133247c9dc92,MITDB_P221,221,1620000000,4,20260927,MODEL_V2_TCN_MEANMAX,0,0.20891545712947845,0.5520397424697876,12,V2-004-D1-MEANMAX-F04-S20260927,513a6baa0ccf6a18a076b475e11ec4db466f3c606057a0fa6432ae84e89c02f6
bd113afc4e5ee640a9bc7c4045f3535d63674da2b3b3dfd4d82d4eaac5ccef2d,MITDB_P228,228,490000000,4,20260927,MODEL_V2_TCN_MEANMAX,1,14.107786178588867,0.9999992847442627,12,V2-004-D1-MEANMAX-F04-S20260927,513a6baa0ccf6a18a076b475e11ec4db466f3c606057a0fa6432ae84e89c02f6
bd3144c1167825ca8608cac7e919c5f17eb05ff0b63bba12ddda983120e2ce3c,MITDB_P117,117,610000000,4,20260927,MODEL_V2_TCN_MEANMAX,0,-1.1765176057815552,0.23567891120910645,12,V2-004-D1-MEANMAX-F04-S20260927,513a6baa0ccf6a18a076b475e11ec4db466f3c606057a0fa6432ae84e89c02f6
bd6171af780ee46485c61122efe2714510561427d0a609f4335c2db76fd83b53,MITDB_P117,117,380000000,4,20260927,MODEL_V2_TCN_MEANMAX,0,-1.5798203945159912,0.1708209216594696,12,V2-004-D1-MEANMAX-F04-S20260927,513a6baa0ccf6a18a076b475e11ec4db466f3c606057a0fa6432ae84e89c02f6
bd61b1f0738fea1f0c86dec6765b0021294a8f0a6a7c483e86e1850fbc7b4cf5,MITDB_P230,230,100000000,4,20260927,MODEL_V2_TCN_MEANMAX,0,-4.270144939422607,0.013787017203867435,12,V2-004-D1-MEANMAX-F04-S20260927,513a6baa0ccf6a18a076b475e11ec4db466f3c606057a0fa6432ae84e89c02f6
bd7805d9b3c4e832758ea15096c9ae820651c3898ee0c1b53bd6af967078e856,MITDB_P221,221,60000000,4,20260927,MODEL_V2_TCN_MEANMAX,1,12.50098705291748,0.9999963045120239,12,V2-004-D1-MEANMAX-F04-S20260927,513a6baa0ccf6a18a076b475e11ec4db466f3c606057a0fa6432ae84e89c02f6
bd9c07625e9a8b43cfebd22f574f5f365752492ae7fc52e773c32f81ed056f6f,MITDB_P205,205,350000000,4,20260927,MODEL_V2_TCN_MEANMAX,0,-5.796082973480225,0.0030302267987281084,12,V2-004-D1-MEANMAX-F04-S20260927,513a6baa0ccf6a18a076b475e11ec4db466f3c606057a0fa6432ae84e89c02f6
bdb1840181b0888c3ca0804ae56ce62413297d3070f1a25ac1cffd8a42076728,MITDB_P228,228,55000000,4,20260927,MODEL_V2_TCN_MEANMAX,1,-4.442581653594971,0.011628706939518452,12,V2-004-D1-MEANMAX-F04-S20260927,513a6baa0ccf6a18a076b475e11ec4db466f3c606057a0fa6432ae84e89c02f6
bdb223e973dc8688eebef55d5b06248d823aaf51d34449bfd365e6c04a9a2524,MITDB_P230,230,45000000,4,20260927,MODEL_V2_TCN_MEANMAX,0,-1.2877423763275146,0.21623516082763672,12,V2-004-D1-MEANMAX-F04-S20260927,513a6baa0ccf6a18a076b475e11ec4db466f3c606057a0fa6432ae84e89c02f6
bdb43b0c04ca971f91cd0c424f62c386b493762dd3f3fc10b237ec4e6ee46363,MITDB_P230,230,60000000,4,20260927,MODEL_V2_TCN_MEANMAX,0,-5.8728718757629395,0.002806877251714468,12,V2-004-D1-MEANMAX-F04-S20260927,513a6baa0ccf6a18a076b475e11ec4db466f3c606057a0fa6432ae84e89c02f6
bdb598ddf3a2d11e244f3352835d34fda45bbbffc47cb47278945c3f0ddfebaa,MITDB_P228,228,820000000,4,20260927,MODEL_V2_TCN_MEANMAX,0,-11.399779319763184,1.1197829735465348e-05,12,V2-004-D1-MEANMAX-F04-S20260927,513a6baa0ccf6a18a076b475e11ec4db466f3c606057a0fa6432ae84e89c02f6
bdbc809c06c5f1606e121e41a274b9f4ed8e3ec0325a6bced026b8a8a2a1681a,MITDB_P221,221,1310000000,4,20260927,MODEL_V2_TCN_MEANMAX,1,13.461118698120117,0.9999985694885254,12,V2-004-D1-MEANMAX-F04-S20260927,513a6baa0ccf6a18a076b475e11ec4db466f3c606057a0fa6432ae84e89c02f6
bdfcc4b034c59a45403d1195b05dd2d512094079d4af2516e786685cf1724967,MITDB_P228,228,215000000,4,20260927,MODEL_V2_TCN_MEANMAX,1,0.8890861868858337,0.7087015509605408,12,V2-004-D1-MEANMAX-F04-S20260927,513a6baa0ccf6a18a076b475e11ec4db466f3c606057a0fa6432ae84e89c02f6
be1ca11e70f3f894a9f6c63f186e93175e5c7a11103125fce1269b10132e25e8,MITDB_P228,228,1110000000,4,20260927,MODEL_V2_TCN_MEANMAX,0,-11.572315216064453,9.42330552788917e-06,12,V2-004-D1-MEANMAX-F04-S20260927,513a6baa0ccf6a18a076b475e11ec4db466f3c606057a0fa6432ae84e89c02f6
be2610435179b84dab75289ea6f58a462b2f7bad82c285ca6ac5c79dcc942a11,MITDB_P117,117,515000000,4,20260927,MODEL_V2_TCN_MEANMAX,0,0.5802640318870544,0.6411281824111938,12,V2-004-D1-MEANMAX-F04-S20260927,513a6baa0ccf6a18a076b475e11ec4db466f3c606057a0fa6432ae84e89c02f6
be2913dca629ce2ab970a31652651b1e03c34d9c82ad9e6d9c400900b5382223,MITDB_P228,228,1665000000,4,20260927,MODEL_V2_TCN_MEANMAX,1,10.372973442077637,0.9999687671661377,12,V2-004-D1-MEANMAX-F04-S20260927,513a6baa0ccf6a18a076b475e11ec4db466f3c606057a0fa6432ae84e89c02f6
be505958be5fbb5dfe891db1a0d089199bd29fd32891430cd8b90faff7209d4e,MITDB_P228,228,980000000,4,20260927,MODEL_V2_TCN_MEANMAX,0,-13.001415252685547,2.2571275621885434e-06,12,V2-004-D1-MEANMAX-F04-S20260927,513a6baa0ccf6a18a076b475e11ec4db466f3c606057a0fa6432ae84e89c02f6
be6af5a346713bef4b963d7904ea51705258b802d4f1cb4251be851c17383c83,MITDB_P117,117,905000000,4,20260927,MODEL_V2_TCN_MEANMAX,0,-3.143019676208496,0.04136720672249794,12,V2-004-D1-MEANMAX-F04-S20260927,513a6baa0ccf6a18a076b475e11ec4db466f3c606057a0fa6432ae84e89c02f6
beab0dfcca8c8d44b11998197d4f31ee3343dac2acc48b30a8c785bf8fe60033,MITDB_P117,117,645000000,4,20260927,MODEL_V2_TCN_MEANMAX,0,-1.2612138986587524,0.22076499462127686,12,V2-004-D1-MEANMAX-F04-S20260927,513a6baa0ccf6a18a076b475e11ec4db466f3c606057a0fa6432ae84e89c02f6
beb7e8459fa6f13771c3757a61ffa6f4bde2dc9363c154448a2be9525aa16d5c,MITDB_P221,221,910000000,4,20260927,MODEL_V2_TCN_MEANMAX,1,11.215222358703613,0.9999865293502808,12,V2-004-D1-MEANMAX-F04-S20260927,513a6baa0ccf6a18a076b475e11ec4db466f3c606057a0fa6432ae84e89c02f6
beded357293e2e373757797d4a28efb1f17c34f40dae917f8a31ede86d9bbead,MITDB_P205,205,25000000,4,20260927,MODEL_V2_TCN_MEANMAX,0,-5.557487487792969,0.0038436283357441425,12,V2-004-D1-MEANMAX-F04-S20260927,513a6baa0ccf6a18a076b475e11ec4db466f3c606057a0fa6432ae84e89c02f6
bef672ad68fa2baca9875a000645f1d322f7221e70cd987f2081d4b2d5703bf2,MITDB_P221,221,820000000,4,20260927,MODEL_V2_TCN_MEANMAX,1,14.85165786743164,0.9999996423721313,12,V2-004-D1-MEANMAX-F04-S20260927,513a6baa0ccf6a18a076b475e11ec4db466f3c606057a0fa6432ae84e89c02f6
bf4729e234487192b163ea04bebae397a00d19bccffbd7f23ba25e20f9ca6a1b,MITDB_P228,228,1725000000,4,20260927,MODEL_V2_TCN_MEANMAX,1,1.1878093481063843,0.7663490176200867,12,V2-004-D1-MEANMAX-F04-S20260927,513a6baa0ccf6a18a076b475e11ec4db466f3c606057a0fa6432ae84e89c02f6
bf4942832fccfdf517703563bfde37c9995ce19a6916eec93ad296d58ec0e45a,MITDB_P228,228,935000000,4,20260927,MODEL_V2_TCN_MEANMAX,0,-10.511366844177246,2.722447970882058e-05,12,V2-004-D1-MEANMAX-F04-S20260927,513a6baa0ccf6a18a076b475e11ec4db466f3c606057a0fa6432ae84e89c02f6
bf6d72f7f09484a695c4650ec8f877ac562aa2fdcd5bd82e433fff25ac1a53a7,MITDB_P230,230,365000000,4,20260927,MODEL_V2_TCN_MEANMAX,0,-4.562926769256592,0.010323790833353996,12,V2-004-D1-MEANMAX-F04-S20260927,513a6baa0ccf6a18a076b475e11ec4db466f3c606057a0fa6432ae84e89c02f6
bfb109d0f4c7eec080a98a0cee301ba30bce9d7d02ad872bdd1cf8333b7a475a,MITDB_P205,205,170000000,4,20260927,MODEL_V2_TCN_MEANMAX,0,-5.9629130363464355,0.0025658071972429752,12,V2-004-D1-MEANMAX-F04-S20260927,513a6baa0ccf6a18a076b475e11ec4db466f3c606057a0fa6432ae84e89c02f6
bfc4da5231e204c5f9e494701b8ec7e0642d6fd726fceffa66c54de280c8cfd0,MITDB_P117,117,1455000000,4,20260927,MODEL_V2_TCN_MEANMAX,0,-3.5121662616729736,0.02896803803741932,12,V2-004-D1-MEANMAX-F04-S20260927,513a6baa0ccf6a18a076b475e11ec4db466f3c606057a0fa6432ae84e89c02f6
bffdf5ab031e4078949ba0d7dd62a7512d54e46c47b5b165b5a485049fdfe23e,MITDB_P230,230,425000000,4,20260927,MODEL_V2_TCN_MEANMAX,0,-2.5991477966308594,0.0691932812333107,12,V2-004-D1-MEANMAX-F04-S20260927,513a6baa0ccf6a18a076b475e11ec4db466f3c606057a0fa6432ae84e89c02f6
c007d9f441d52665e71f06b579df4e45a44649b2616aee88775525b8b275e1d9,MITDB_P230,230,415000000,4,20260927,MODEL_V2_TCN_MEANMAX,0,-5.0175700187683105,0.006577051244676113,12,V2-004-D1-MEANMAX-F04-S20260927,513a6baa0ccf6a18a076b475e11ec4db466f3c606057a0fa6432ae84e89c02f6
c0386ce9a15c27f3f3fa24ec098085d5d80bd6dffb7f4aa8dd5dbf3779c45cba,MITDB_P228,228,1690000000,4,20260927,MODEL_V2_TCN_MEANMAX,1,8.325300216674805,0.999757707118988,12,V2-004-D1-MEANMAX-F04-S20260927,513a6baa0ccf6a18a076b475e11ec4db466f3c606057a0fa6432ae84e89c02f6
c05a23fda66583aaf858dbdf48cf755ab963c0f01857409608ac88f0c89ac796,MITDB_P230,230,410000000,4,20260927,MODEL_V2_TCN_MEANMAX,0,-1.1794298887252808,0.23515470325946808,12,V2-004-D1-MEANMAX-F04-S20260927,513a6baa0ccf6a18a076b475e11ec4db466f3c606057a0fa6432ae84e89c02f6
c06cbd1584a72913e8c4f45c76f46b4e9c7f5a11d66183092c578d93694742f1,MITDB_P205,205,1145000000,4,20260927,MODEL_V2_TCN_MEANMAX,0,-5.880016803741455,0.002786949509754777,12,V2-004-D1-MEANMAX-F04-S20260927,513a6baa0ccf6a18a076b475e11ec4db466f3c606057a0fa6432ae84e89c02f6
c0aa1bff9a68166e2cc663893db4c894a0f8ed9a61c30b1dbde47850a871f81b,MITDB_P117,117,1805000000,4,20260927,MODEL_V2_TCN_MEANMAX,0,-3.507251024246216,0.02910662069916725,12,V2-004-D1-MEANMAX-F04-S20260927,513a6baa0ccf6a18a076b475e11ec4db466f3c606057a0fa6432ae84e89c02f6
c0c6bc87ee20890101bff0feb4f57c342d07463e1545b1aed92321949bfd538a,MITDB_P221,221,190000000,4,20260927,MODEL_V2_TCN_MEANMAX,1,11.36828899383545,0.9999884366989136,12,V2-004-D1-MEANMAX-F04-S20260927,513a6baa0ccf6a18a076b475e11ec4db466f3c606057a0fa6432ae84e89c02f6
c0e52cbdff6db65654c672a8cd8bf2f9a88ca281a7b4c44f1d17a9bb815b962e,MITDB_P205,205,570000000,4,20260927,MODEL_V2_TCN_MEANMAX,0,-5.6792731285095215,0.003404411021620035,12,V2-004-D1-MEANMAX-F04-S20260927,513a6baa0ccf6a18a076b475e11ec4db466f3c606057a0fa6432ae84e89c02f6
c0f964dad78d7a0e9418d9f4c9a574afb2c4d0aa397e9972e24ea06a462729b6,MITDB_P228,228,485000000,4,20260927,MODEL_V2_TCN_MEANMAX,0,-13.200479507446289,1.8497105429560179e-06,12,V2-004-D1-MEANMAX-F04-S20260927,513a6baa0ccf6a18a076b475e11ec4db466f3c606057a0fa6432ae84e89c02f6
c10eed5649da5a24e61bf8d2d2da87d8a1a77f367e95a1444823c91e8f98eab3,MITDB_P221,221,1630000000,4,20260927,MODEL_V2_TCN_MEANMAX,1,10.709426879882812,0.999977707862854,12,V2-004-D1-MEANMAX-F04-S20260927,513a6baa0ccf6a18a076b475e11ec4db466f3c606057a0fa6432ae84e89c02f6
c114f973b5c99abba0499b294edea6e9c76af7c23c2f423494c5f00b2f42a848,MITDB_P230,230,20000000,4,20260927,MODEL_V2_TCN_MEANMAX,0,-2.5499184131622314,0.07243196666240692,12,V2-004-D1-MEANMAX-F04-S20260927,513a6baa0ccf6a18a076b475e11ec4db466f3c606057a0fa6432ae84e89c02f6
c1652674fce7ba3c6f6fc6757c5f43df7343e767a1f6d0bbd21ceda1ad209bad,MITDB_P228,228,170000000,4,20260927,MODEL_V2_TCN_MEANMAX,1,3.601077079772949,0.9734309315681458,12,V2-004-D1-MEANMAX-F04-S20260927,513a6baa0ccf6a18a076b475e11ec4db466f3c606057a0fa6432ae84e89c02f6
c16cf0fd95a97f7215afab639fcf40a9a5b1e41918adb53a31c3bda982bcd187,MITDB_P117,117,130000000,4,20260927,MODEL_V2_TCN_MEANMAX,0,-1.595044732093811,0.16867531836032867,12,V2-004-D1-MEANMAX-F04-S20260927,513a6baa0ccf6a18a076b475e11ec4db466f3c606057a0fa6432ae84e89c02f6
c17fe07331fb1757aa8303c0287b3dc4f7ed7dad55c60f09db9427141877a89f,MITDB_P205,205,645000000,4,20260927,MODEL_V2_TCN_MEANMAX,1,10.185541152954102,0.999962329864502,12,V2-004-D1-MEANMAX-F04-S20260927,513a6baa0ccf6a18a076b475e11ec4db466f3c606057a0fa6432ae84e89c02f6
c180b42f8ba7d432da96088fd7dca43ebecff52af4d1f1e66ad6b043a20a81f2,MITDB_P230,230,1660000000,4,20260927,MODEL_V2_TCN_MEANMAX,0,-1.6513583660125732,0.16092544794082642,12,V2-004-D1-MEANMAX-F04-S20260927,513a6baa0ccf6a18a076b475e11ec4db466f3c606057a0fa6432ae84e89c02f6
c1fefbaf436b21df8b20af1bfda4f0152f673c9c48a913a4db84442f451253fd,MITDB_P228,228,100000000,4,20260927,MODEL_V2_TCN_MEANMAX,1,9.835233688354492,0.9999464750289917,12,V2-004-D1-MEANMAX-F04-S20260927,513a6baa0ccf6a18a076b475e11ec4db466f3c606057a0fa6432ae84e89c02f6
c20c49f9070dc13a8406c79e513f1a86c390caa759ea94ab4b94551ce4cd8438,MITDB_P228,228,135000000,4,20260927,MODEL_V2_TCN_MEANMAX,1,8.898223876953125,0.9998633861541748,12,V2-004-D1-MEANMAX-F04-S20260927,513a6baa0ccf6a18a076b475e11ec4db466f3c606057a0fa6432ae84e89c02f6
c247050b17c7796bf685910fb10dfbb78db18e875888bc6554e21bd512467d77,MITDB_P228,228,560000000,4,20260927,MODEL_V2_TCN_MEANMAX,1,11.179607391357422,0.9999860525131226,12,V2-004-D1-MEANMAX-F04-S20260927,513a6baa0ccf6a18a076b475e11ec4db466f3c606057a0fa6432ae84e89c02f6
c24c7be9c72d649080221dfcb5ca6dcbf246b4a958a160b844ad6f06ee2672f9,MITDB_P221,221,1585000000,4,20260927,MODEL_V2_TCN_MEANMAX,0,0.006531998515129089,0.5016329884529114,12,V2-004-D1-MEANMAX-F04-S20260927,513a6baa0ccf6a18a076b475e11ec4db466f3c606057a0fa6432ae84e89c02f6
c25f33728d2f072c76c338840a4fa0a0aee9aae606305ba658d7ffeb840132b3,MITDB_P230,230,1020000000,4,20260927,MODEL_V2_TCN_MEANMAX,0,-5.146671772003174,0.005785076878964901,12,V2-004-D1-MEANMAX-F04-S20260927,513a6baa0ccf6a18a076b475e11ec4db466f3c606057a0fa6432ae84e89c02f6
c27620677e65513873c144c4bc2f4f363a7324420f01dbe58565c7e734a6afff,MITDB_P230,230,1195000000,4,20260927,MODEL_V2_TCN_MEANMAX,0,-4.724163055419922,0.008800012990832329,12,V2-004-D1-MEANMAX-F04-S20260927,513a6baa0ccf6a18a076b475e11ec4db466f3c606057a0fa6432ae84e89c02f6
c2a631a381504bedbe0331ccf3037795f98dcca4d8d5fb1bd3cfd56681518043,MITDB_P205,205,700000000,4,20260927,MODEL_V2_TCN_MEANMAX,0,-5.532480716705322,0.003940573427826166,12,V2-004-D1-MEANMAX-F04-S20260927,513a6baa0ccf6a18a076b475e11ec4db466f3c606057a0fa6432ae84e89c02f6
c2dce1ded70b0b359354bb86707807eeddcb97e433e82ec309403a82aafc34d7,MITDB_P205,205,1230000000,4,20260927,MODEL_V2_TCN_MEANMAX,0,-6.1140875816345215,0.0022066126111894846,12,V2-004-D1-MEANMAX-F04-S20260927,513a6baa0ccf6a18a076b475e11ec4db466f3c606057a0fa6432ae84e89c02f6
c3353fda6e281349f0b429dc422382c586ff8e2a49e4411900f5765ad896c061,MITDB_P230,230,700000000,4,20260927,MODEL_V2_TCN_MEANMAX,0,-4.331576824188232,0.012976204976439476,12,V2-004-D1-MEANMAX-F04-S20260927,513a6baa0ccf6a18a076b475e11ec4db466f3c606057a0fa6432ae84e89c02f6
c35b7b3e7b378e070485fa4adc3aa762ee88fbf30bef7fdd5721b02646663d8f,MITDB_P117,117,870000000,4,20260927,MODEL_V2_TCN_MEANMAX,0,-3.1771488189697266,0.04003476724028587,12,V2-004-D1-MEANMAX-F04-S20260927,513a6baa0ccf6a18a076b475e11ec4db466f3c606057a0fa6432ae84e89c02f6
c38098603725a35c91a5157bce634c999e76eb85d7265196ca2012a6f1c1adc9,MITDB_P117,117,670000000,4,20260927,MODEL_V2_TCN_MEANMAX,0,-1.8648067712783813,0.13414376974105835,12,V2-004-D1-MEANMAX-F04-S20260927,513a6baa0ccf6a18a076b475e11ec4db466f3c606057a0fa6432ae84e89c02f6
c3908bd4578a46482be1b20fc6e312740f7a8d8f87e4bcdf53601f9572261d4c,MITDB_P117,117,1355000000,4,20260927,MODEL_V2_TCN_MEANMAX,0,-2.1389882564544678,0.10536471754312515,12,V2-004-D1-MEANMAX-F04-S20260927,513a6baa0ccf6a18a076b475e11ec4db466f3c606057a0fa6432ae84e89c02f6
c391b6fed6179086889a7f392c21e2720ec453e086275edf95469f088db441d2,MITDB_P228,228,1380000000,4,20260927,MODEL_V2_TCN_MEANMAX,0,-8.998292922973633,0.0001236053794855252,12,V2-004-D1-MEANMAX-F04-S20260927,513a6baa0ccf6a18a076b475e11ec4db466f3c606057a0fa6432ae84e89c02f6
c3967381fa9d18de96a5e8634fb97a9e30b12fb9e934e9eca3bd57b176b1b040,MITDB_P221,221,1755000000,4,20260927,MODEL_V2_TCN_MEANMAX,0,-1.0264697074890137,0.26376909017562866,12,V2-004-D1-MEANMAX-F04-S20260927,513a6baa0ccf6a18a076b475e11ec4db466f3c606057a0fa6432ae84e89c02f6
c3ab8bf5df191a4b2e0dd4f96ab6c0cd40363f89fc2ae12aff61700721167777,MITDB_P117,117,1330000000,4,20260927,MODEL_V2_TCN_MEANMAX,0,-3.9412341117858887,0.019054116681218147,12,V2-004-D1-MEANMAX-F04-S20260927,513a6baa0ccf6a18a076b475e11ec4db466f3c606057a0fa6432ae84e89c02f6
c3be358726177a06fc25d5ab2defa2fa874aca0c106a2d8e36a75f3daa08a1e6,MITDB_P117,117,860000000,4,20260927,MODEL_V2_TCN_MEANMAX,0,-2.957585096359253,0.04937924072146416,12,V2-004-D1-MEANMAX-F04-S20260927,513a6baa0ccf6a18a076b475e11ec4db466f3c606057a0fa6432ae84e89c02f6
c3c358f4d7bf49d13cd93696060ac6c31e9d47dbce84300fdbaf7c0d33869b65,MITDB_P205,205,905000000,4,20260927,MODEL_V2_TCN_MEANMAX,0,-5.968734264373779,0.0025509526021778584,12,V2-004-D1-MEANMAX-F04-S20260927,513a6baa0ccf6a18a076b475e11ec4db466f3c606057a0fa6432ae84e89c02f6
c3c6f27222ebbddfaa87a7ccd6942b387b5a002b711bad3ada5a2561480e5c51,MITDB_P221,221,1765000000,4,20260927,MODEL_V2_TCN_MEANMAX,1,12.151468276977539,0.9999947547912598,12,V2-004-D1-MEANMAX-F04-S20260927,513a6baa0ccf6a18a076b475e11ec4db466f3c606057a0fa6432ae84e89c02f6
c416ba9066094e34b74e2a1f04ba979b7882ed78a06bf2b4a4bba80b9a7bcaea,MITDB_P230,230,110000000,4,20260927,MODEL_V2_TCN_MEANMAX,0,-5.5515875816345215,0.003866284154355526,12,V2-004-D1-MEANMAX-F04-S20260927,513a6baa0ccf6a18a076b475e11ec4db466f3c606057a0fa6432ae84e89c02f6
c418c3ba035ac2e56df30aa726480d08f592e9fcbb0ffae19c26adee0dc40c3b,MITDB_P230,230,1155000000,4,20260927,MODEL_V2_TCN_MEANMAX,0,-3.155168294906616,0.040888115763664246,12,V2-004-D1-MEANMAX-F04-S20260927,513a6baa0ccf6a18a076b475e11ec4db466f3c606057a0fa6432ae84e89c02f6
c4497e0af815bf5e5e599aa2893f8c2af7e156bf299c618a0d616a99c344b486,MITDB_P221,221,200000000,4,20260927,MODEL_V2_TCN_MEANMAX,1,13.740266799926758,0.999998927116394,12,V2-004-D1-MEANMAX-F04-S20260927,513a6baa0ccf6a18a076b475e11ec4db466f3c606057a0fa6432ae84e89c02f6
c47bb909f20ea120adc525beb5727bf7de80737a4ffe5649f08c8a270d1c96a6,MITDB_P117,117,700000000,4,20260927,MODEL_V2_TCN_MEANMAX,0,-1.4036548137664795,0.1972367912530899,12,V2-004-D1-MEANMAX-F04-S20260927,513a6baa0ccf6a18a076b475e11ec4db466f3c606057a0fa6432ae84e89c02f6
c4d05caebfc5ab1bf7c2a439dcfba54cc202f6d221767342531343ab3aabff00,MITDB_P205,205,1545000000,4,20260927,MODEL_V2_TCN_MEANMAX,0,-6.936888217926025,0.0009703448740765452,12,V2-004-D1-MEANMAX-F04-S20260927,513a6baa0ccf6a18a076b475e11ec4db466f3c606057a0fa6432ae84e89c02f6
c507781f5a75a3b25b88d7371ad077d3a4bf3f4bd53fd620b9e7819532dea683,MITDB_P228,228,990000000,4,20260927,MODEL_V2_TCN_MEANMAX,0,-12.378811836242676,4.206767243886134e-06,12,V2-004-D1-MEANMAX-F04-S20260927,513a6baa0ccf6a18a076b475e11ec4db466f3c606057a0fa6432ae84e89c02f6
c5136aaccdc1621d7373c9bdedee883df317beb6b341fcc7feb73abe5d679852,MITDB_P228,228,1050000000,4,20260927,MODEL_V2_TCN_MEANMAX,1,-1.6866787672042847,0.15621311962604523,12,V2-004-D1-MEANMAX-F04-S20260927,513a6baa0ccf6a18a076b475e11ec4db466f3c606057a0fa6432ae84e89c02f6
c51e1d8760e3d511678efae851f1bf3eab2ceff94df7df3516f6ba2b1cf9f4f7,MITDB_P205,205,1650000000,4,20260927,MODEL_V2_TCN_MEANMAX,0,-6.581483364105225,0.0013838743325322866,12,V2-004-D1-MEANMAX-F04-S20260927,513a6baa0ccf6a18a076b475e11ec4db466f3c606057a0fa6432ae84e89c02f6
c5313081b695532c0accbc184e936da1af44653f3bf9e0f39b0ed401839ca113,MITDB_P117,117,210000000,4,20260927,MODEL_V2_TCN_MEANMAX,0,-0.40205591917037964,0.40081846714019775,12,V2-004-D1-MEANMAX-F04-S20260927,513a6baa0ccf6a18a076b475e11ec4db466f3c606057a0fa6432ae84e89c02f6
c5839e2c9ec77f8dd4a609ce54aac9a52df354e95e3d06bdcdb14ce44d110809,MITDB_P205,205,505000000,4,20260927,MODEL_V2_TCN_MEANMAX,0,-5.647101879119873,0.003515324555337429,12,V2-004-D1-MEANMAX-F04-S20260927,513a6baa0ccf6a18a076b475e11ec4db466f3c606057a0fa6432ae84e89c02f6
c5d6f374507292766f08b21aab5ef07de8cc9d87fbf9de52f1211e0a8e4e4d52,MITDB_P117,117,1730000000,4,20260927,MODEL_V2_TCN_MEANMAX,0,-0.9240355491638184,0.2841363251209259,12,V2-004-D1-MEANMAX-F04-S20260927,513a6baa0ccf6a18a076b475e11ec4db466f3c606057a0fa6432ae84e89c02f6
c600e7a626619af5827d40b7d06ccb70879f41893351eaaa6fe237b3814f2908,MITDB_P117,117,1610000000,4,20260927,MODEL_V2_TCN_MEANMAX,0,-4.543586730957031,0.010523275472223759,12,V2-004-D1-MEANMAX-F04-S20260927,513a6baa0ccf6a18a076b475e11ec4db466f3c606057a0fa6432ae84e89c02f6
c632d1f0761719d728dc198ccf2d14858cbeddc49230aefb28a34e8ebda63a2c,MITDB_P228,228,1490000000,4,20260927,MODEL_V2_TCN_MEANMAX,1,11.182089805603027,0.9999860525131226,12,V2-004-D1-MEANMAX-F04-S20260927,513a6baa0ccf6a18a076b475e11ec4db466f3c606057a0fa6432ae84e89c02f6
c64886e536eca70dcc4db3fb00a937af4c9978703670506f62afd64ba70141cb,MITDB_P117,117,1015000000,4,20260927,MODEL_V2_TCN_MEANMAX,0,-3.9911937713623047,0.01814241334795952,12,V2-004-D1-MEANMAX-F04-S20260927,513a6baa0ccf6a18a076b475e11ec4db466f3c606057a0fa6432ae84e89c02f6
c672e81d09ce7baf8bbfa1dabf95b1cb7d3be8d973c30b7a16d524ad04bf0809,MITDB_P205,205,15000000,4,20260927,MODEL_V2_TCN_MEANMAX,0,-5.854352951049805,0.002859191969037056,12,V2-004-D1-MEANMAX-F04-S20260927,513a6baa0ccf6a18a076b475e11ec4db466f3c606057a0fa6432ae84e89c02f6
c68b6df300564f1b989c496e0a910106e415ce64e5dcc1c4847a99fa315efb12,MITDB_P221,221,1560000000,4,20260927,MODEL_V2_TCN_MEANMAX,1,8.012896537780762,0.9996689558029175,12,V2-004-D1-MEANMAX-F04-S20260927,513a6baa0ccf6a18a076b475e11ec4db466f3c606057a0fa6432ae84e89c02f6
c6aeb6a8f8ebb4013c20d6505aae59f7e740322c40a3f12af82fe43762522faf,MITDB_P221,221,35000000,4,20260927,MODEL_V2_TCN_MEANMAX,1,10.276493072509766,0.9999655485153198,12,V2-004-D1-MEANMAX-F04-S20260927,513a6baa0ccf6a18a076b475e11ec4db466f3c606057a0fa6432ae84e89c02f6
c6ec440a0a84d3df393598479fac4b7e6e34686e8016e764f2792899745a8ee6,MITDB_P117,117,1575000000,4,20260927,MODEL_V2_TCN_MEANMAX,0,-2.999377727508545,0.04745399206876755,12,V2-004-D1-MEANMAX-F04-S20260927,513a6baa0ccf6a18a076b475e11ec4db466f3c606057a0fa6432ae84e89c02f6
c72ada45b95df89af2c9b3f16c7360f206865dbd4fa1c978f9ade94309a00324,MITDB_P221,221,435000000,4,20260927,MODEL_V2_TCN_MEANMAX,1,10.346250534057617,0.9999679327011108,12,V2-004-D1-MEANMAX-F04-S20260927,513a6baa0ccf6a18a076b475e11ec4db466f3c606057a0fa6432ae84e89c02f6
c72f49986e8958dfac241ac1bf8d77b945c720290ed41e3452b35b13a67bfcc5,MITDB_P221,221,210000000,4,20260927,MODEL_V2_TCN_MEANMAX,1,11.237371444702148,0.9999868869781494,12,V2-004-D1-MEANMAX-F04-S20260927,513a6baa0ccf6a18a076b475e11ec4db466f3c606057a0fa6432ae84e89c02f6
c74fbd322bfebb78fbd89cb34999b68b2f8ca93d5d523dab3d9edf9f1465f7aa,MITDB_P117,117,260000000,4,20260927,MODEL_V2_TCN_MEANMAX,0,-0.663404643535614,0.3399752080440521,12,V2-004-D1-MEANMAX-F04-S20260927,513a6baa0ccf6a18a076b475e11ec4db466f3c606057a0fa6432ae84e89c02f6
c7566d00c6096910ec370e7544f575e70b15b227480a5c03611d7d05a587aa63,MITDB_P228,228,1055000000,4,20260927,MODEL_V2_TCN_MEANMAX,1,-1.3410276174545288,0.20734110474586487,12,V2-004-D1-MEANMAX-F04-S20260927,513a6baa0ccf6a18a076b475e11ec4db466f3c606057a0fa6432ae84e89c02f6
c75909caf1ccdfa6c631d90e4ccabfef239e92a5b7274e6f1a010901b608e94a,MITDB_P228,228,550000000,4,20260927,MODEL_V2_TCN_MEANMAX,1,11.8289794921875,0.9999927282333374,12,V2-004-D1-MEANMAX-F04-S20260927,513a6baa0ccf6a18a076b475e11ec4db466f3c606057a0fa6432ae84e89c02f6
c7615c880db492a6000e109120e0f884d350615945a686be29146fa844e93be3,MITDB_P230,230,560000000,4,20260927,MODEL_V2_TCN_MEANMAX,0,-5.348278522491455,0.004733816254884005,12,V2-004-D1-MEANMAX-F04-S20260927,513a6baa0ccf6a18a076b475e11ec4db466f3c606057a0fa6432ae84e89c02f6
c79f3c6febd732b762f564e31910d8c329f481253cf752cb09a553c9f1995c89,MITDB_P221,221,760000000,4,20260927,MODEL_V2_TCN_MEANMAX,1,10.709169387817383,0.999977707862854,12,V2-004-D1-MEANMAX-F04-S20260927,513a6baa0ccf6a18a076b475e11ec4db466f3c606057a0fa6432ae84e89c02f6
c7c74f71426077706b64f6621c082a0a8b565db7907a20284bf30abf7791bd9e,MITDB_P205,205,290000000,4,20260927,MODEL_V2_TCN_MEANMAX,0,-1.3494393825531006,0.20596203207969666,12,V2-004-D1-MEANMAX-F04-S20260927,513a6baa0ccf6a18a076b475e11ec4db466f3c606057a0fa6432ae84e89c02f6
c820e4f88d2cccf924853f66341190c28a8bff03aa77ff69da22dc2602303d6d,MITDB_P205,205,855000000,4,20260927,MODEL_V2_TCN_MEANMAX,0,-5.24722146987915,0.005234573967754841,12,V2-004-D1-MEANMAX-F04-S20260927,513a6baa0ccf6a18a076b475e11ec4db466f3c606057a0fa6432ae84e89c02f6
c8374c3342ff86ab7b411f42dc1f39514e0ede1d59a957584f9412cc0b0e7f23,MITDB_P228,228,195000000,4,20260927,MODEL_V2_TCN_MEANMAX,1,1.8105515241622925,0.8594284653663635,12,V2-004-D1-MEANMAX-F04-S20260927,513a6baa0ccf6a18a076b475e11ec4db466f3c606057a0fa6432ae84e89c02f6
c83e99e76fcd09e031393e85176589217abef226758aa0e0ac6b79c8e3a331ba,MITDB_P228,228,285000000,4,20260927,MODEL_V2_TCN_MEANMAX,1,6.576147556304932,0.9986087679862976,12,V2-004-D1-MEANMAX-F04-S20260927,513a6baa0ccf6a18a076b475e11ec4db466f3c606057a0fa6432ae84e89c02f6
c86f2740d6abbd904aaa1b6f59e78144a8bfd362aa9268fde530c6bd0c14f608,MITDB_P117,117,1035000000,4,20260927,MODEL_V2_TCN_MEANMAX,0,-1.140073537826538,0.24230685830116272,12,V2-004-D1-MEANMAX-F04-S20260927,513a6baa0ccf6a18a076b475e11ec4db466f3c606057a0fa6432ae84e89c02f6
c89f8b1f3233d188b8e1a75465bbeb2f071fc7aae69521499981fb5f875b0415,MITDB_P228,228,415000000,4,20260927,MODEL_V2_TCN_MEANMAX,1,5.77800989151001,0.9969146251678467,12,V2-004-D1-MEANMAX-F04-S20260927,513a6baa0ccf6a18a076b475e11ec4db466f3c606057a0fa6432ae84e89c02f6
c8ee3c45264d08bad045cc17893f57f86d2e7c2801e9a465b470696343db2726,MITDB_P228,228,445000000,4,20260927,MODEL_V2_TCN_MEANMAX,1,13.680816650390625,0.9999988079071045,12,V2-004-D1-MEANMAX-F04-S20260927,513a6baa0ccf6a18a076b475e11ec4db466f3c606057a0fa6432ae84e89c02f6
c90a3f85353f9b247434e3563801428d59d88de3a4e3329f95c38bf9504ad0c9,MITDB_P230,230,745000000,4,20260927,MODEL_V2_TCN_MEANMAX,0,-6.004937171936035,0.0024604755453765392,12,V2-004-D1-MEANMAX-F04-S20260927,513a6baa0ccf6a18a076b475e11ec4db466f3c606057a0fa6432ae84e89c02f6
c93c39b5b2d254d8bdcde58fdbfe60050f65a28b6c0ebe4765cbbaee0194aee4,MITDB_P117,117,1550000000,4,20260927,MODEL_V2_TCN_MEANMAX,0,-4.02400016784668,0.017567168921232224,12,V2-004-D1-MEANMAX-F04-S20260927,513a6baa0ccf6a18a076b475e11ec4db466f3c606057a0fa6432ae84e89c02f6
c9f05f46837785a1356737b794b26016dd9f737bcc313fa250326b44239c1653,MITDB_P221,221,875000000,4,20260927,MODEL_V2_TCN_MEANMAX,1,11.194818496704102,0.9999862909317017,12,V2-004-D1-MEANMAX-F04-S20260927,513a6baa0ccf6a18a076b475e11ec4db466f3c606057a0fa6432ae84e89c02f6
ca04756ccc22939aaf6bc1827d4c918bc802fb94b5d0638f9f763825b529e845,MITDB_P228,228,1130000000,4,20260927,MODEL_V2_TCN_MEANMAX,0,-10.607736587524414,2.4723378373892047e-05,12,V2-004-D1-MEANMAX-F04-S20260927,513a6baa0ccf6a18a076b475e11ec4db466f3c606057a0fa6432ae84e89c02f6
ca3d82c58643e1ba99d0a345ac34996cd4769065f964528845f097bcc53a3e35,MITDB_P117,117,680000000,4,20260927,MODEL_V2_TCN_MEANMAX,0,-0.5207977890968323,0.3726657032966614,12,V2-004-D1-MEANMAX-F04-S20260927,513a6baa0ccf6a18a076b475e11ec4db466f3c606057a0fa6432ae84e89c02f6
ca48e6e181709067fb272a8ba5f557c8ec2a24ee943e9a2eb2f8d80e82a6a87e,MITDB_P221,221,1440000000,4,20260927,MODEL_V2_TCN_MEANMAX,1,2.3214223384857178,0.910635769367218,12,V2-004-D1-MEANMAX-F04-S20260927,513a6baa0ccf6a18a076b475e11ec4db466f3c606057a0fa6432ae84e89c02f6
ca59d198c421d3ae9683ab9f396a2fa7ae6731144cfccbdc3f649f807526238f,MITDB_P230,230,690000000,4,20260927,MODEL_V2_TCN_MEANMAX,0,-5.177918910980225,0.005608102772384882,12,V2-004-D1-MEANMAX-F04-S20260927,513a6baa0ccf6a18a076b475e11ec4db466f3c606057a0fa6432ae84e89c02f6
ca907514a243bd4f3b68cc1d31e61af130afc44a67e36770845228bb39e74068,MITDB_P228,228,850000000,4,20260927,MODEL_V2_TCN_MEANMAX,0,-12.994401931762695,2.2730132513970602e-06,12,V2-004-D1-MEANMAX-F04-S20260927,513a6baa0ccf6a18a076b475e11ec4db466f3c606057a0fa6432ae84e89c02f6
caac166f92a505bfe24ea84e330417e1eb6738e6330bb829116a70f36ef8e928,MITDB_P221,221,1100000000,4,20260927,MODEL_V2_TCN_MEANMAX,1,12.671960830688477,0.9999969005584717,12,V2-004-D1-MEANMAX-F04-S20260927,513a6baa0ccf6a18a076b475e11ec4db466f3c606057a0fa6432ae84e89c02f6
cab54065f97b3441b6520dd90ff0ca49450a23c5da0fee0e8c850f44f7db4065,MITDB_P230,230,565000000,4,20260927,MODEL_V2_TCN_MEANMAX,0,-2.250330924987793,0.095320925116539,12,V2-004-D1-MEANMAX-F04-S20260927,513a6baa0ccf6a18a076b475e11ec4db466f3c606057a0fa6432ae84e89c02f6
cabdc431ef026f780bbf47297a3b2e273ef061d67357841b5b3e311374e27755,MITDB_P205,205,780000000,4,20260927,MODEL_V2_TCN_MEANMAX,0,-5.146788597106934,0.005784404929727316,12,V2-004-D1-MEANMAX-F04-S20260927,513a6baa0ccf6a18a076b475e11ec4db466f3c606057a0fa6432ae84e89c02f6
cad0aeb6ca4d36ca9796f91a467359346599d4f39efca28e40e6305fc65da169,MITDB_P205,205,580000000,4,20260927,MODEL_V2_TCN_MEANMAX,0,-5.817471027374268,0.0029662945307791233,12,V2-004-D1-MEANMAX-F04-S20260927,513a6baa0ccf6a18a076b475e11ec4db466f3c606057a0fa6432ae84e89c02f6
cae1cef7276dbcad599d11d8772678e8b2c03b17d3167f7335621397a7b40a98,MITDB_P221,221,1205000000,4,20260927,MODEL_V2_TCN_MEANMAX,1,14.5565824508667,0.9999995231628418,12,V2-004-D1-MEANMAX-F04-S20260927,513a6baa0ccf6a18a076b475e11ec4db466f3c606057a0fa6432ae84e89c02f6
cb058cb73b57365f22e119ecaa468c7f9a2f058c26655017e0b66f266e4d7228,MITDB_P221,221,690000000,4,20260927,MODEL_V2_TCN_MEANMAX,1,15.214441299438477,0.9999997615814209,12,V2-004-D1-MEANMAX-F04-S20260927,513a6baa0ccf6a18a076b475e11ec4db466f3c606057a0fa6432ae84e89c02f6
cb37667c00182af9a666464739c78ee641a2a5c8ca684713b135ec159e5c5f73,MITDB_P205,205,1560000000,4,20260927,MODEL_V2_TCN_MEANMAX,0,-7.036782741546631,0.0008781779906712472,12,V2-004-D1-MEANMAX-F04-S20260927,513a6baa0ccf6a18a076b475e11ec4db466f3c606057a0fa6432ae84e89c02f6
cb769b36e53f8b81d109d3f8c454f6ed2a79cf26de27082aeef2c4a534d228f8,MITDB_P228,228,665000000,4,20260927,MODEL_V2_TCN_MEANMAX,0,-13.041969299316406,2.167423417631653e-06,12,V2-004-D1-MEANMAX-F04-S20260927,513a6baa0ccf6a18a076b475e11ec4db466f3c606057a0fa6432ae84e89c02f6
cbdd3f566af5fc7a1bdc07ebfa5b71d36bdef5ea490769f465b5756e8e5b1b81,MITDB_P230,230,730000000,4,20260927,MODEL_V2_TCN_MEANMAX,0,-6.516014099121094,0.00147736887447536,12,V2-004-D1-MEANMAX-F04-S20260927,513a6baa0ccf6a18a076b475e11ec4db466f3c606057a0fa6432ae84e89c02f6
cbdf304f25ff4744ab116f94796b022973601ae701cecf3accba4a66d259cb2b,MITDB_P117,117,775000000,4,20260927,MODEL_V2_TCN_MEANMAX,0,-2.458622694015503,0.07881026715040207,12,V2-004-D1-MEANMAX-F04-S20260927,513a6baa0ccf6a18a076b475e11ec4db466f3c606057a0fa6432ae84e89c02f6
cbe9a5c0c435269901aa95d4daf9227e0de2da55e5537c7c35a6bdb03e6902f7,MITDB_P205,205,370000000,4,20260927,MODEL_V2_TCN_MEANMAX,1,8.9432373046875,0.9998693466186523,12,V2-004-D1-MEANMAX-F04-S20260927,513a6baa0ccf6a18a076b475e11ec4db466f3c606057a0fa6432ae84e89c02f6
cbfb4cc890c0ab474ba4365e3c4e2a15baacf65a943cf08d86ce779d3a0a4b89,MITDB_P228,228,1785000000,4,20260927,MODEL_V2_TCN_MEANMAX,1,9.423978805541992,0.9999192953109741,12,V2-004-D1-MEANMAX-F04-S20260927,513a6baa0ccf6a18a076b475e11ec4db466f3c606057a0fa6432ae84e89c02f6
cc0ad2eb2269fdda41ebe1ac11f33ccf7cd6c748146e3e90a94be8c1546a7b9e,MITDB_P117,117,70000000,4,20260927,MODEL_V2_TCN_MEANMAX,0,0.3967198133468628,0.597899317741394,12,V2-004-D1-MEANMAX-F04-S20260927,513a6baa0ccf6a18a076b475e11ec4db466f3c606057a0fa6432ae84e89c02f6
cc4687e158f3cffa951c5068124edd749784fb09fa70e4924311319a27bb53db,MITDB_P205,205,480000000,4,20260927,MODEL_V2_TCN_MEANMAX,0,-5.1623215675354,0.005695757921785116,12,V2-004-D1-MEANMAX-F04-S20260927,513a6baa0ccf6a18a076b475e11ec4db466f3c606057a0fa6432ae84e89c02f6
cc58c03b23b70546cc22711c8fda901efc78d27106210a68d9c1bd9aac687b0e,MITDB_P230,230,675000000,4,20260927,MODEL_V2_TCN_MEANMAX,0,-5.8990349769592285,0.0027345912531018257,12,V2-004-D1-MEANMAX-F04-S20260927,513a6baa0ccf6a18a076b475e11ec4db466f3c606057a0fa6432ae84e89c02f6
cccecf49aedcfe24bd3d9dcdbc5bee777956e6a9b4af12d03f9c7caab48cc124,MITDB_P205,205,1685000000,4,20260927,MODEL_V2_TCN_MEANMAX,1,15.109236717224121,0.9999997615814209,12,V2-004-D1-MEANMAX-F04-S20260927,513a6baa0ccf6a18a076b475e11ec4db466f3c606057a0fa6432ae84e89c02f6
cd1a8d4393521bbbef15ae19b9188dd154594b7c5bd84df16b27b56253f55fc5,MITDB_P228,228,495000000,4,20260927,MODEL_V2_TCN_MEANMAX,1,10.662572860717773,0.999976634979248,12,V2-004-D1-MEANMAX-F04-S20260927,513a6baa0ccf6a18a076b475e11ec4db466f3c606057a0fa6432ae84e89c02f6
cd36734ce6a064a96c7e2fdd1a55262f2d1fea2a31eca2e8221baf2e29ce86d2,MITDB_P230,230,1295000000,4,20260927,MODEL_V2_TCN_MEANMAX,0,-5.342816352844238,0.004759620409458876,12,V2-004-D1-MEANMAX-F04-S20260927,513a6baa0ccf6a18a076b475e11ec4db466f3c606057a0fa6432ae84e89c02f6
cd440fb9c5e99ca3d65ef9ff00bf7e4b615d0df06dcefb496595cfb875f3bffe,MITDB_P117,117,1080000000,4,20260927,MODEL_V2_TCN_MEANMAX,0,-2.782696008682251,0.058266445994377136,12,V2-004-D1-MEANMAX-F04-S20260927,513a6baa0ccf6a18a076b475e11ec4db466f3c606057a0fa6432ae84e89c02f6
cd5784dd51975368dc7cbb1751f47e5c979fae6ea6ea5791d8945233e78b7ff9,MITDB_P228,228,1500000000,4,20260927,MODEL_V2_TCN_MEANMAX,1,10.356833457946777,0.9999681711196899,12,V2-004-D1-MEANMAX-F04-S20260927,513a6baa0ccf6a18a076b475e11ec4db466f3c606057a0fa6432ae84e89c02f6
cd6f93d26eeddd72de3b86373bda1e0842f4289d7552049f6fca4af4cabca80a,MITDB_P117,117,1740000000,4,20260927,MODEL_V2_TCN_MEANMAX,0,-3.5336220264434814,0.0283705722540617,12,V2-004-D1-MEANMAX-F04-S20260927,513a6baa0ccf6a18a076b475e11ec4db466f3c606057a0fa6432ae84e89c02f6
cd7c52f7bb15cd8100296f5e4284008233088185c67775036708b0d4a7cf777b,MITDB_P205,205,1130000000,4,20260927,MODEL_V2_TCN_MEANMAX,0,-5.6630096435546875,0.003460037987679243,12,V2-004-D1-MEANMAX-F04-S20260927,513a6baa0ccf6a18a076b475e11ec4db466f3c606057a0fa6432ae84e89c02f6
cd7f25c665e8086f4d1426895880502db1b7a88772ebc8930d622f59de81aa7b,MITDB_P221,221,370000000,4,20260927,MODEL_V2_TCN_MEANMAX,1,11.47757339477539,0.9999896287918091,12,V2-004-D1-MEANMAX-F04-S20260927,513a6baa0ccf6a18a076b475e11ec4db466f3c606057a0fa6432ae84e89c02f6
cda50078f3574588fb6f73daf3597de747961437c3096a98b8a9d64d5adb872e,MITDB_P221,221,1460000000,4,20260927,MODEL_V2_TCN_MEANMAX,1,1.4738067388534546,0.8136353492736816,12,V2-004-D1-MEANMAX-F04-S20260927,513a6baa0ccf6a18a076b475e11ec4db466f3c606057a0fa6432ae84e89c02f6
cdae4da8e0d6450ebf2afd37ae0864ec49197fbd6b13843b237b28a5611a9735,MITDB_P230,230,1005000000,4,20260927,MODEL_V2_TCN_MEANMAX,0,-4.242397785186768,0.014169428497552872,12,V2-004-D1-MEANMAX-F04-S20260927,513a6baa0ccf6a18a076b475e11ec4db466f3c606057a0fa6432ae84e89c02f6
ce06759acacf4e2c5dd92c82ab33f56904853e281ccdae106aa0825089023889,MITDB_P205,205,1080000000,4,20260927,MODEL_V2_TCN_MEANMAX,0,-5.569972991943359,0.003796118078753352,12,V2-004-D1-MEANMAX-F04-S20260927,513a6baa0ccf6a18a076b475e11ec4db466f3c606057a0fa6432ae84e89c02f6
ce2cf9165364cff530c2ff1ce2e78a4d3458743dcda89bcf12c0f55cd84ad185,MITDB_P117,117,960000000,4,20260927,MODEL_V2_TCN_MEANMAX,0,-1.0138967037200928,0.2662179470062256,12,V2-004-D1-MEANMAX-F04-S20260927,513a6baa0ccf6a18a076b475e11ec4db466f3c606057a0fa6432ae84e89c02f6
ce69cc836da734e0d2263d72557503106400c23c43a4d1da4cc971d82eacf6c5,MITDB_P221,221,1020000000,4,20260927,MODEL_V2_TCN_MEANMAX,1,11.227940559387207,0.9999866485595703,12,V2-004-D1-MEANMAX-F04-S20260927,513a6baa0ccf6a18a076b475e11ec4db466f3c606057a0fa6432ae84e89c02f6
ce836b3f30322691adfb19e83228c6942adc9ebb270540979aba3058a4d6c4e5,MITDB_P117,117,1000000000,4,20260927,MODEL_V2_TCN_MEANMAX,0,-2.7924575805664062,0.057733118534088135,12,V2-004-D1-MEANMAX-F04-S20260927,513a6baa0ccf6a18a076b475e11ec4db466f3c606057a0fa6432ae84e89c02f6
cebc0b527604a5e518b857858eb206903fc286bf2a8b2248aff2cd26e16b79c7,MITDB_P228,228,1160000000,4,20260927,MODEL_V2_TCN_MEANMAX,1,4.680500507354736,0.9908108711242676,12,V2-004-D1-MEANMAX-F04-S20260927,513a6baa0ccf6a18a076b475e11ec4db466f3c606057a0fa6432ae84e89c02f6
cebf4c7ec964b7049b2221a76b2a7585dd2d8e9cea71c73d45a307f5cb351bf9,MITDB_P117,117,935000000,4,20260927,MODEL_V2_TCN_MEANMAX,0,-2.62144136428833,0.06777117401361465,12,V2-004-D1-MEANMAX-F04-S20260927,513a6baa0ccf6a18a076b475e11ec4db466f3c606057a0fa6432ae84e89c02f6
ceecdc4e05c5404a21d1586ba37977bd1ae87caf4121b734645312599983987a,MITDB_P205,205,1595000000,4,20260927,MODEL_V2_TCN_MEANMAX,0,-6.475652694702148,0.0015381237026304007,12,V2-004-D1-MEANMAX-F04-S20260927,513a6baa0ccf6a18a076b475e11ec4db466f3c606057a0fa6432ae84e89c02f6
cef83594a5cd5d1d4619ca1425d1deb97cc7544d653f63c7b1224ab0a64cf55d,MITDB_P221,221,1275000000,4,20260927,MODEL_V2_TCN_MEANMAX,1,11.617340087890625,0.9999909400939941,12,V2-004-D1-MEANMAX-F04-S20260927,513a6baa0ccf6a18a076b475e11ec4db466f3c606057a0fa6432ae84e89c02f6
cf0549995f97cd2f509fbd0a118b62cc5f27a4562b355d1bd331e32bcfe05378,MITDB_P228,228,910000000,4,20260927,MODEL_V2_TCN_MEANMAX,0,-12.691241264343262,3.0779574444750324e-06,12,V2-004-D1-MEANMAX-F04-S20260927,513a6baa0ccf6a18a076b475e11ec4db466f3c606057a0fa6432ae84e89c02f6
cf0c13330eca27feb6047f2291a83e9ea501bd3b2762de01c4fa32c3de73002f,MITDB_P228,228,455000000,4,20260927,MODEL_V2_TCN_MEANMAX,1,15.235275268554688,0.9999997615814209,12,V2-004-D1-MEANMAX-F04-S20260927,513a6baa0ccf6a18a076b475e11ec4db466f3c606057a0fa6432ae84e89c02f6
cf57cbbf1b2fceb829dd812c5e1df951472bf4c3f3c80f385a3a6230186ae6c7,MITDB_P228,228,385000000,4,20260927,MODEL_V2_TCN_MEANMAX,1,7.344335079193115,0.9993541836738586,12,V2-004-D1-MEANMAX-F04-S20260927,513a6baa0ccf6a18a076b475e11ec4db466f3c606057a0fa6432ae84e89c02f6
cf79981b4c0273a5230550e3687fc6b8bf5c467a088b5a0d6e71f7fa1e21e914,MITDB_P117,117,470000000,4,20260927,MODEL_V2_TCN_MEANMAX,0,0.6553345322608948,0.6582115888595581,12,V2-004-D1-MEANMAX-F04-S20260927,513a6baa0ccf6a18a076b475e11ec4db466f3c606057a0fa6432ae84e89c02f6
cfa10030098c267c2d8dc07ff68f830a97c36c3b525df8c48631baf4cab638ac,MITDB_P228,228,1035000000,4,20260927,MODEL_V2_TCN_MEANMAX,1,10.852131843566895,0.9999806880950928,12,V2-004-D1-MEANMAX-F04-S20260927,513a6baa0ccf6a18a076b475e11ec4db466f3c606057a0fa6432ae84e89c02f6
cfae3f919d2dfc4a1c3f771fd7d8d5fe16280ded8a1875c31f8c24d769d7bc6c,MITDB_P221,221,1780000000,4,20260927,MODEL_V2_TCN_MEANMAX,0,1.1686457395553589,0.7629001140594482,12,V2-004-D1-MEANMAX-F04-S20260927,513a6baa0ccf6a18a076b475e11ec4db466f3c606057a0fa6432ae84e89c02f6
cfb680bf1ff8b3948de376d3852d30b431cd25c9715a8263a9a0c7e03081b55e,MITDB_P230,230,650000000,4,20260927,MODEL_V2_TCN_MEANMAX,0,-5.6824421882629395,0.003393675899133086,12,V2-004-D1-MEANMAX-F04-S20260927,513a6baa0ccf6a18a076b475e11ec4db466f3c606057a0fa6432ae84e89c02f6
cfd9531bebef0566124fe6b4cd265ddeb44d268fdfa61d26e3ed0926c1993ea9,MITDB_P205,205,1025000000,4,20260927,MODEL_V2_TCN_MEANMAX,0,-5.785796165466309,0.003061463125050068,12,V2-004-D1-MEANMAX-F04-S20260927,513a6baa0ccf6a18a076b475e11ec4db466f3c606057a0fa6432ae84e89c02f6
cfdc84137eb6c880ce326183be4ee610b1800d5ef7fba67806e1d7c37b3e92f8,MITDB_P117,117,1715000000,4,20260927,MODEL_V2_TCN_MEANMAX,0,-2.7215263843536377,0.0617150217294693,12,V2-004-D1-MEANMAX-F04-S20260927,513a6baa0ccf6a18a076b475e11ec4db466f3c606057a0fa6432ae84e89c02f6
d0860caa2f034a1e62b87ce5b664e778fb23d26fccd09c7363e3a2faf3a1443b,MITDB_P117,117,835000000,4,20260927,MODEL_V2_TCN_MEANMAX,0,-3.8657596111297607,0.02051723003387451,12,V2-004-D1-MEANMAX-F04-S20260927,513a6baa0ccf6a18a076b475e11ec4db466f3c606057a0fa6432ae84e89c02f6
d0a4c67a361439643ecd4118e1ed89f4c92ab4eae1e9ed536a64d67bd81e1fa7,MITDB_P221,221,280000000,4,20260927,MODEL_V2_TCN_MEANMAX,1,11.178958892822266,0.9999860525131226,12,V2-004-D1-MEANMAX-F04-S20260927,513a6baa0ccf6a18a076b475e11ec4db466f3c606057a0fa6432ae84e89c02f6
d0a75e4d8087c2c9177d4836d898bb22e7904a7c843f9074092ee858dbc1b4c4,MITDB_P221,221,340000000,4,20260927,MODEL_V2_TCN_MEANMAX,1,9.99543571472168,0.999954342842102,12,V2-004-D1-MEANMAX-F04-S20260927,513a6baa0ccf6a18a076b475e11ec4db466f3c606057a0fa6432ae84e89c02f6
d0a83a329efcae202660769feb12d7883beea1fca25af4c6ec9b5300eda8b3c2,MITDB_P205,205,675000000,4,20260927,MODEL_V2_TCN_MEANMAX,0,-4.982217311859131,0.006812114268541336,12,V2-004-D1-MEANMAX-F04-S20260927,513a6baa0ccf6a18a076b475e11ec4db466f3c606057a0fa6432ae84e89c02f6
d0aef243c77e8a146540acc0549003e9cd231a379a99bcd41cd5d2dd678cf0a6,MITDB_P228,228,1800000000,4,20260927,MODEL_V2_TCN_MEANMAX,1,3.0189225673675537,0.9534216523170471,12,V2-004-D1-MEANMAX-F04-S20260927,513a6baa0ccf6a18a076b475e11ec4db466f3c606057a0fa6432ae84e89c02f6
d0eddbc5c63eae5bed0804652a9eb4e7b33403b527e6fb46e6e76e3b487b4c56,MITDB_P228,228,1505000000,4,20260927,MODEL_V2_TCN_MEANMAX,1,0.605983555316925,0.6470240354537964,12,V2-004-D1-MEANMAX-F04-S20260927,513a6baa0ccf6a18a076b475e11ec4db466f3c606057a0fa6432ae84e89c02f6
d0f71a7688a7afb7efda65defbcb5beb7c4c26401bcc9416f7aed85e033a695d,MITDB_P228,228,1340000000,4,20260927,MODEL_V2_TCN_MEANMAX,1,10.102132797241211,0.9999589920043945,12,V2-004-D1-MEANMAX-F04-S20260927,513a6baa0ccf6a18a076b475e11ec4db466f3c606057a0fa6432ae84e89c02f6
d10650b67158872c5ed033eee1e21adfb8c5ee505a396e3b51e2891d330872a8,MITDB_P230,230,1180000000,4,20260927,MODEL_V2_TCN_MEANMAX,0,-1.5359631776809692,0.17712287604808807,12,V2-004-D1-MEANMAX-F04-S20260927,513a6baa0ccf6a18a076b475e11ec4db466f3c606057a0fa6432ae84e89c02f6
d125f07059843779468669d75a93adcadcb79d63dc37a4c00261e8b10737a48e,MITDB_P117,117,1205000000,4,20260927,MODEL_V2_TCN_MEANMAX,0,-1.9509495496749878,0.12444986402988434,12,V2-004-D1-MEANMAX-F04-S20260927,513a6baa0ccf6a18a076b475e11ec4db466f3c606057a0fa6432ae84e89c02f6
d143b9631b3ff2548c42841458a3f8fb483ddefc7b4383d136234936959aa5cf,MITDB_P221,221,1605000000,4,20260927,MODEL_V2_TCN_MEANMAX,0,3.6640775203704834,0.9750125408172607,12,V2-004-D1-MEANMAX-F04-S20260927,513a6baa0ccf6a18a076b475e11ec4db466f3c606057a0fa6432ae84e89c02f6
d1542458df27481db90ca4f47dd9b9fa8a53fe06fcd9488e57ba98b5509e0cca,MITDB_P205,205,1185000000,4,20260927,MODEL_V2_TCN_MEANMAX,0,-6.041866302490234,0.002371481154114008,12,V2-004-D1-MEANMAX-F04-S20260927,513a6baa0ccf6a18a076b475e11ec4db466f3c606057a0fa6432ae84e89c02f6
d1de2fa94701d16b2345e3a23ba063989251fe4b5116db0c35caa1b550fa48aa,MITDB_P221,221,840000000,4,20260927,MODEL_V2_TCN_MEANMAX,1,11.894315719604492,0.9999932050704956,12,V2-004-D1-MEANMAX-F04-S20260927,513a6baa0ccf6a18a076b475e11ec4db466f3c606057a0fa6432ae84e89c02f6
d21eb69094ca4622a99aef99d701e3715f216156f4d4c271159478ebc9873518,MITDB_P117,117,695000000,4,20260927,MODEL_V2_TCN_MEANMAX,0,-1.56479811668396,0.17295922338962555,12,V2-004-D1-MEANMAX-F04-S20260927,513a6baa0ccf6a18a076b475e11ec4db466f3c606057a0fa6432ae84e89c02f6
d2afdd2d50efc42a5ee88f096103c6ec21fc795ed31313fe8711394a2fc94af3,MITDB_P230,230,1725000000,4,20260927,MODEL_V2_TCN_MEANMAX,0,-4.462149143218994,0.011405943892896175,12,V2-004-D1-MEANMAX-F04-S20260927,513a6baa0ccf6a18a076b475e11ec4db466f3c606057a0fa6432ae84e89c02f6
d2ff02377b025ead76ec8f03d444f42b776eee4ea7fa7948431982b2abc7b2cb,MITDB_P230,230,645000000,4,20260927,MODEL_V2_TCN_MEANMAX,0,-4.910196781158447,0.0073171029798686504,12,V2-004-D1-MEANMAX-F04-S20260927,513a6baa0ccf6a18a076b475e11ec4db466f3c606057a0fa6432ae84e89c02f6
d30c0a7d49a7b829276d1ead87c5a304fea49b83a43aadd6536d85c17ceae1b5,MITDB_P230,230,1695000000,4,20260927,MODEL_V2_TCN_MEANMAX,0,-5.0869975090026855,0.0061386218294501305,12,V2-004-D1-MEANMAX-F04-S20260927,513a6baa0ccf6a18a076b475e11ec4db466f3c606057a0fa6432ae84e89c02f6
d32f9effd65dcb7c84a2f3d1d32425c8fe17fe71acf1d0684b94e4255a8a3c08,MITDB_P221,221,1715000000,4,20260927,MODEL_V2_TCN_MEANMAX,1,14.469402313232422,0.9999995231628418,12,V2-004-D1-MEANMAX-F04-S20260927,513a6baa0ccf6a18a076b475e11ec4db466f3c606057a0fa6432ae84e89c02f6
d33cb1f0bc1a5df4d5f3253094359f734e9101c7799954213c0c4895f2021c6f,MITDB_P205,205,770000000,4,20260927,MODEL_V2_TCN_MEANMAX,0,-5.385200500488281,0.004563004709780216,12,V2-004-D1-MEANMAX-F04-S20260927,513a6baa0ccf6a18a076b475e11ec4db466f3c606057a0fa6432ae84e89c02f6
d36851093f177550bf58064c1cce5d434b153f56cc08ba6c5abaa37d5c64fde3,MITDB_P230,230,1100000000,4,20260927,MODEL_V2_TCN_MEANMAX,0,-2.2838234901428223,0.09247158467769623,12,V2-004-D1-MEANMAX-F04-S20260927,513a6baa0ccf6a18a076b475e11ec4db466f3c606057a0fa6432ae84e89c02f6
d3691e813cecc5b2f4a130857e385aec8e94299647bd0308c22bc3c7979f4c02,MITDB_P228,228,1135000000,4,20260927,MODEL_V2_TCN_MEANMAX,0,-11.93494987487793,6.557137112395139e-06,12,V2-004-D1-MEANMAX-F04-S20260927,513a6baa0ccf6a18a076b475e11ec4db466f3c606057a0fa6432ae84e89c02f6
d398d826e31ac41ad96c7b37a65ec7f62989da16019e4e37711a4c4f5929f4ce,MITDB_P117,117,1800000000,4,20260927,MODEL_V2_TCN_MEANMAX,0,-2.8847522735595703,0.052912477403879166,12,V2-004-D1-MEANMAX-F04-S20260927,513a6baa0ccf6a18a076b475e11ec4db466f3c606057a0fa6432ae84e89c02f6
d3c51f7209d75988a4e6850208fb4b0a8124d0619f73cf29945a79200803ca4a,MITDB_P117,117,400000000,4,20260927,MODEL_V2_TCN_MEANMAX,0,-0.7923697829246521,0.3116600513458252,12,V2-004-D1-MEANMAX-F04-S20260927,513a6baa0ccf6a18a076b475e11ec4db466f3c606057a0fa6432ae84e89c02f6
d409e6d36e278587cec198e62361e2f29e4cf59aec44f33ff9a19f39f40d7fe1,MITDB_P205,205,680000000,4,20260927,MODEL_V2_TCN_MEANMAX,0,-5.752805233001709,0.0031638233922421932,12,V2-004-D1-MEANMAX-F04-S20260927,513a6baa0ccf6a18a076b475e11ec4db466f3c606057a0fa6432ae84e89c02f6
d41397fa1af5d8c75dd14484659666c08060a3be584c323bc647d16998bd757b,MITDB_P205,205,1730000000,4,20260927,MODEL_V2_TCN_MEANMAX,0,-6.639559268951416,0.001305895857512951,12,V2-004-D1-MEANMAX-F04-S20260927,513a6baa0ccf6a18a076b475e11ec4db466f3c606057a0fa6432ae84e89c02f6
d4200d4f81c59cf0010aa07da30f774b1f96b0b7248d4ba66e5e18e81f8e683c,MITDB_P205,205,585000000,4,20260927,MODEL_V2_TCN_MEANMAX,0,-5.996488094329834,0.0024813006166368723,12,V2-004-D1-MEANMAX-F04-S20260927,513a6baa0ccf6a18a076b475e11ec4db466f3c606057a0fa6432ae84e89c02f6
d4240bb3c29b0ce65e47f15753bbc17b7e496f2c3c20a2ff501eae0ad87251d9,MITDB_P117,117,915000000,4,20260927,MODEL_V2_TCN_MEANMAX,0,-2.589055061340332,0.06984614580869675,12,V2-004-D1-MEANMAX-F04-S20260927,513a6baa0ccf6a18a076b475e11ec4db466f3c606057a0fa6432ae84e89c02f6
d448101a1502f2beb43efedfcee9165d9c7900f3568374722486ad9206c3f03f,MITDB_P205,205,1090000000,4,20260927,MODEL_V2_TCN_MEANMAX,0,-5.129629611968994,0.0058839269913733006,12,V2-004-D1-MEANMAX-F04-S20260927,513a6baa0ccf6a18a076b475e11ec4db466f3c606057a0fa6432ae84e89c02f6
d462cdac96b70241c97972e853f41384e2eae3efba981bf687bbe6f1ebd29af5,MITDB_P228,228,1125000000,4,20260927,MODEL_V2_TCN_MEANMAX,1,-1.362697958946228,0.2038021683692932,12,V2-004-D1-MEANMAX-F04-S20260927,513a6baa0ccf6a18a076b475e11ec4db466f3c606057a0fa6432ae84e89c02f6
d4a9688b3e9201c4d20adae536cf2e3d5acff66e2b8b6cee037b7f5c71c8986e,MITDB_P205,205,525000000,4,20260927,MODEL_V2_TCN_MEANMAX,0,-5.268528461456299,0.005124786403030157,12,V2-004-D1-MEANMAX-F04-S20260927,513a6baa0ccf6a18a076b475e11ec4db466f3c606057a0fa6432ae84e89c02f6
d4ab843c80e998a0c261acdde6989f063cb5db5838388a3088e988e14d50b737,MITDB_P230,230,1555000000,4,20260927,MODEL_V2_TCN_MEANMAX,0,-4.897927761077881,0.007406760938465595,12,V2-004-D1-MEANMAX-F04-S20260927,513a6baa0ccf6a18a076b475e11ec4db466f3c606057a0fa6432ae84e89c02f6
d509024beb7ec4efcd3c82754d63972eb3769db4cb823bcc2141e3247bd9a18c,MITDB_P117,117,950000000,4,20260927,MODEL_V2_TCN_MEANMAX,0,-3.9677751064300537,0.018564319238066673,12,V2-004-D1-MEANMAX-F04-S20260927,513a6baa0ccf6a18a076b475e11ec4db466f3c606057a0fa6432ae84e89c02f6
d51898ca458c25982cb587cc3c9c65d54d0664e032dbad056b4d60dc36e7b598,MITDB_P228,228,305000000,4,20260927,MODEL_V2_TCN_MEANMAX,1,10.528074264526367,0.9999731779098511,12,V2-004-D1-MEANMAX-F04-S20260927,513a6baa0ccf6a18a076b475e11ec4db466f3c606057a0fa6432ae84e89c02f6
d5268574bbf564acd0a7cd995adfda1d8643408a60d11f785424b52e87902aed,MITDB_P228,228,1060000000,4,20260927,MODEL_V2_TCN_MEANMAX,1,-1.4048418998718262,0.19704890251159668,12,V2-004-D1-MEANMAX-F04-S20260927,513a6baa0ccf6a18a076b475e11ec4db466f3c606057a0fa6432ae84e89c02f6
d55dbd8addbf592f726cd61575218a9dc7c3bcbdb1740b47f9a9f3436ef6a3f3,MITDB_P228,228,1120000000,4,20260927,MODEL_V2_TCN_MEANMAX,1,-0.6129979491233826,0.35137560963630676,12,V2-004-D1-MEANMAX-F04-S20260927,513a6baa0ccf6a18a076b475e11ec4db466f3c606057a0fa6432ae84e89c02f6
d59993839dd9b9e8d7cc9642fe12ae104f23f6cabbdcdf97584a7a58450f7b6f,MITDB_P205,205,1290000000,4,20260927,MODEL_V2_TCN_MEANMAX,0,-6.925485134124756,0.000981462188065052,12,V2-004-D1-MEANMAX-F04-S20260927,513a6baa0ccf6a18a076b475e11ec4db466f3c606057a0fa6432ae84e89c02f6
d5aefa6f3a1095b575f11fec3afc268852809be29020d76092147ac1de8bb865,MITDB_P117,117,735000000,4,20260927,MODEL_V2_TCN_MEANMAX,1,-3.4640684127807617,0.030352067202329636,12,V2-004-D1-MEANMAX-F04-S20260927,513a6baa0ccf6a18a076b475e11ec4db466f3c606057a0fa6432ae84e89c02f6
d5c418d3837c9565199352ad7823ca053c93ba50a62e563b709ab5ef463f17e3,MITDB_P221,221,430000000,4,20260927,MODEL_V2_TCN_MEANMAX,1,12.110847473144531,0.9999945163726807,12,V2-004-D1-MEANMAX-F04-S20260927,513a6baa0ccf6a18a076b475e11ec4db466f3c606057a0fa6432ae84e89c02f6
d5d4970669f8c1dce494821b3622fd1e3b79399fa1641128c9b53aea8fd37c02,MITDB_P230,230,1675000000,4,20260927,MODEL_V2_TCN_MEANMAX,0,-2.2845325469970703,0.09241209179162979,12,V2-004-D1-MEANMAX-F04-S20260927,513a6baa0ccf6a18a076b475e11ec4db466f3c606057a0fa6432ae84e89c02f6
d5e593b642cd60c2cc5658e47a01a03cadc8ca1b0e070d32a10b812d92c0856f,MITDB_P117,117,265000000,4,20260927,MODEL_V2_TCN_MEANMAX,0,-0.6302138566970825,0.3474620580673218,12,V2-004-D1-MEANMAX-F04-S20260927,513a6baa0ccf6a18a076b475e11ec4db466f3c606057a0fa6432ae84e89c02f6
d6093dee151e72201f564b5e36f5ad775ddb818a767f0491ce70fe4597e98d04,MITDB_P117,117,855000000,4,20260927,MODEL_V2_TCN_MEANMAX,0,-4.573485851287842,0.01021646335721016,12,V2-004-D1-MEANMAX-F04-S20260927,513a6baa0ccf6a18a076b475e11ec4db466f3c606057a0fa6432ae84e89c02f6
d60ba5bd3a29d1843ca6e298fe3b0cd6dc51143c68507f9cde71ac0fec26464f,MITDB_P228,228,10000000,4,20260927,MODEL_V2_TCN_MEANMAX,0,-13.040894508361816,2.1697542251786217e-06,12,V2-004-D1-MEANMAX-F04-S20260927,513a6baa0ccf6a18a076b475e11ec4db466f3c606057a0fa6432ae84e89c02f6
d621d1e99f7cb5e0901594d4a53829556f8b3ed343d21409f3c9dd258d261273,MITDB_P205,205,490000000,4,20260927,MODEL_V2_TCN_MEANMAX,0,-4.795388698577881,0.00819998886436224,12,V2-004-D1-MEANMAX-F04-S20260927,513a6baa0ccf6a18a076b475e11ec4db466f3c606057a0fa6432ae84e89c02f6
d6472400f41eaec468e2aa4925cc2476987b8ce0264243d39c29bcc351239ecb,MITDB_P205,205,1750000000,4,20260927,MODEL_V2_TCN_MEANMAX,0,-6.605801105499268,0.0013506724499166012,12,V2-004-D1-MEANMAX-F04-S20260927,513a6baa0ccf6a18a076b475e11ec4db466f3c606057a0fa6432ae84e89c02f6
d6948b1d6b6d0fa4b60be26ee6ffae2d933ef974689cc7fc3f073e5d157a2765,MITDB_P228,228,670000000,4,20260927,MODEL_V2_TCN_MEANMAX,1,13.157478332519531,0.9999980926513672,12,V2-004-D1-MEANMAX-F04-S20260927,513a6baa0ccf6a18a076b475e11ec4db466f3c606057a0fa6432ae84e89c02f6
d6d2ada5f3b703a632cfe1708981b4a9af1ae12f831a14f1e7693abbae3e5535,MITDB_P228,228,115000000,4,20260927,MODEL_V2_TCN_MEANMAX,1,9.074485778808594,0.9998854398727417,12,V2-004-D1-MEANMAX-F04-S20260927,513a6baa0ccf6a18a076b475e11ec4db466f3c606057a0fa6432ae84e89c02f6
d6dcb1db1197d4e9a5f75fff23b1964b0b9bb1e6e991a65e0255a3ad7c0d81fb,MITDB_P221,221,1730000000,4,20260927,MODEL_V2_TCN_MEANMAX,0,2.819542169570923,0.9437227249145508,12,V2-004-D1-MEANMAX-F04-S20260927,513a6baa0ccf6a18a076b475e11ec4db466f3c606057a0fa6432ae84e89c02f6
d7031614b04dd18e1657e833dfa349df02a67bc1bd5932e0a4b403229fe6aad5,MITDB_P117,117,1425000000,4,20260927,MODEL_V2_TCN_MEANMAX,0,-3.9176313877105713,0.01950032077729702,12,V2-004-D1-MEANMAX-F04-S20260927,513a6baa0ccf6a18a076b475e11ec4db466f3c606057a0fa6432ae84e89c02f6
d73269119b99e2d90d3d890b8ec06f69933dfe0456d9279f4deb1d8ac60bc580,MITDB_P205,205,520000000,4,20260927,MODEL_V2_TCN_MEANMAX,0,-5.24706506729126,0.005235388875007629,12,V2-004-D1-MEANMAX-F04-S20260927,513a6baa0ccf6a18a076b475e11ec4db466f3c606057a0fa6432ae84e89c02f6
d741344e0f296e7f0f3b95497883b2fc8b56a74c070323b1378ffa6967ccc523,MITDB_P205,205,765000000,4,20260927,MODEL_V2_TCN_MEANMAX,0,-5.421921253204346,0.0043992106802761555,12,V2-004-D1-MEANMAX-F04-S20260927,513a6baa0ccf6a18a076b475e11ec4db466f3c606057a0fa6432ae84e89c02f6
d7952b4a48cb5061df79afc17f8df3ff3c0aecc091af5abd1cece07e8cc6634f,MITDB_P230,230,120000000,4,20260927,MODEL_V2_TCN_MEANMAX,0,-5.718862056732178,0.0032726991921663284,12,V2-004-D1-MEANMAX-F04-S20260927,513a6baa0ccf6a18a076b475e11ec4db466f3c606057a0fa6432ae84e89c02f6
d7d43ddffd2c3621fcb807df2a5e648d1ecf6b8a9131285455de7773cf093eb3,MITDB_P117,117,565000000,4,20260927,MODEL_V2_TCN_MEANMAX,0,-1.554796576499939,0.17439457774162292,12,V2-004-D1-MEANMAX-F04-S20260927,513a6baa0ccf6a18a076b475e11ec4db466f3c606057a0fa6432ae84e89c02f6
d7de3f1605502753cdf195313517374af7e7ed47db0a2df111eccd7a2d585a1c,MITDB_P230,230,605000000,4,20260927,MODEL_V2_TCN_MEANMAX,0,-5.2139363288879395,0.005410781130194664,12,V2-004-D1-MEANMAX-F04-S20260927,513a6baa0ccf6a18a076b475e11ec4db466f3c606057a0fa6432ae84e89c02f6
d804a98badb43b73218691a3e76b85806d2a44a4b583249cb56069fc0cb842ca,MITDB_P228,228,500000000,4,20260927,MODEL_V2_TCN_MEANMAX,1,8.397212982177734,0.9997745156288147,12,V2-004-D1-MEANMAX-F04-S20260927,513a6baa0ccf6a18a076b475e11ec4db466f3c606057a0fa6432ae84e89c02f6
d8a028c221896a4c67bdc8ef445b8d5256790a97b1b64d4b2908bc539c86031f,MITDB_P117,117,100000000,4,20260927,MODEL_V2_TCN_MEANMAX,0,0.39152246713638306,0.596649169921875,12,V2-004-D1-MEANMAX-F04-S20260927,513a6baa0ccf6a18a076b475e11ec4db466f3c606057a0fa6432ae84e89c02f6
d8ea2b2a0661aee0a8b96edc60c87a98e6324dc2387dd249f7c251c7d79f8fcb,MITDB_P117,117,1765000000,4,20260927,MODEL_V2_TCN_MEANMAX,0,-2.892956495285034,0.05250284820795059,12,V2-004-D1-MEANMAX-F04-S20260927,513a6baa0ccf6a18a076b475e11ec4db466f3c606057a0fa6432ae84e89c02f6
d901697fc3d3bb1f3bcc370774849c5d4f10faa0488881751bed2623f0988eb7,MITDB_P230,230,1300000000,4,20260927,MODEL_V2_TCN_MEANMAX,0,-5.147242069244385,0.00578179769217968,12,V2-004-D1-MEANMAX-F04-S20260927,513a6baa0ccf6a18a076b475e11ec4db466f3c606057a0fa6432ae84e89c02f6
d916213f29562d838c0f9c234fb10e981c0c761b7b5c1af63b035ce6c9b0e0ac,MITDB_P230,230,535000000,4,20260927,MODEL_V2_TCN_MEANMAX,0,-4.88202428817749,0.007524602580815554,12,V2-004-D1-MEANMAX-F04-S20260927,513a6baa0ccf6a18a076b475e11ec4db466f3c606057a0fa6432ae84e89c02f6
d91f7306d29cb10120905af629406c8ac564cd127dc8eae55f0aafb160b02f3c,MITDB_P205,205,715000000,4,20260927,MODEL_V2_TCN_MEANMAX,0,-5.7344136238098145,0.0032223600428551435,12,V2-004-D1-MEANMAX-F04-S20260927,513a6baa0ccf6a18a076b475e11ec4db466f3c606057a0fa6432ae84e89c02f6
d950d49ee54abcb5992dfb74a02393403b2bb85459d9d57bc144a951e3600f8f,MITDB_P221,221,1385000000,4,20260927,MODEL_V2_TCN_MEANMAX,1,10.163111686706543,0.9999613761901855,12,V2-004-D1-MEANMAX-F04-S20260927,513a6baa0ccf6a18a076b475e11ec4db466f3c606057a0fa6432ae84e89c02f6
d957d500ba48dee0e9f9baf45c1b00f2fe65777335361dcb95f7832f750a9e9b,MITDB_P205,205,160000000,4,20260927,MODEL_V2_TCN_MEANMAX,0,-5.666994094848633,0.0034463265910744667,12,V2-004-D1-MEANMAX-F04-S20260927,513a6baa0ccf6a18a076b475e11ec4db466f3c606057a0fa6432ae84e89c02f6
d96ef5456473814fd841deed0f57823652ab8747000a098b001bc5dc340ae1f8,MITDB_P205,205,1040000000,4,20260927,MODEL_V2_TCN_MEANMAX,0,-5.762675762176514,0.003132845740765333,12,V2-004-D1-MEANMAX-F04-S20260927,513a6baa0ccf6a18a076b475e11ec4db466f3c606057a0fa6432ae84e89c02f6
d995e6cc67faff59787b9bf5aead169ddc26334c214e5be2b691e09637b2b66e,MITDB_P230,230,870000000,4,20260927,MODEL_V2_TCN_MEANMAX,0,-4.089074611663818,0.016478635370731354,12,V2-004-D1-MEANMAX-F04-S20260927,513a6baa0ccf6a18a076b475e11ec4db466f3c606057a0fa6432ae84e89c02f6
d9bcdcdf3b07c67f5893c7d08edebaea07a3623e9b643291dfb2636a5eca3ff2,MITDB_P205,205,265000000,4,20260927,MODEL_V2_TCN_MEANMAX,0,-5.241006374359131,0.005267036613076925,12,V2-004-D1-MEANMAX-F04-S20260927,513a6baa0ccf6a18a076b475e11ec4db466f3c606057a0fa6432ae84e89c02f6
d9dccf8db886ac4115a886ad610a05be1324a9ca5b1aa9c93f03c723ce6b1490,MITDB_P230,230,1185000000,4,20260927,MODEL_V2_TCN_MEANMAX,0,-3.5252468585968018,0.028602352365851402,12,V2-004-D1-MEANMAX-F04-S20260927,513a6baa0ccf6a18a076b475e11ec4db466f3c606057a0fa6432ae84e89c02f6
d9e546be3219cae938dda4a62d01b6ad64c07b5c3ef3b93758d5a048b3af7ea3,MITDB_P221,221,1600000000,4,20260927,MODEL_V2_TCN_MEANMAX,1,6.232342720031738,0.9980390667915344,12,V2-004-D1-MEANMAX-F04-S20260927,513a6baa0ccf6a18a076b475e11ec4db466f3c606057a0fa6432ae84e89c02f6
d9f24ca40e8d05fb697db2b9e5c7055b8a98169409f3b304f6aeef35683c9639,MITDB_P117,117,1540000000,4,20260927,MODEL_V2_TCN_MEANMAX,0,-1.538818597793579,0.17670707404613495,12,V2-004-D1-MEANMAX-F04-S20260927,513a6baa0ccf6a18a076b475e11ec4db466f3c606057a0fa6432ae84e89c02f6
da1a1676ea5fef2a1157bad9f4fb5e4f84bf6d1174450889bfeed38880496e67,MITDB_P205,205,1400000000,4,20260927,MODEL_V2_TCN_MEANMAX,0,-5.935243129730225,0.0026376042515039444,12,V2-004-D1-MEANMAX-F04-S20260927,513a6baa0ccf6a18a076b475e11ec4db466f3c606057a0fa6432ae84e89c02f6
da3a000c90115f9263dcb0141d46b5880e932b0213bd021b58ca04e15b55aa5e,MITDB_P221,221,1240000000,4,20260927,MODEL_V2_TCN_MEANMAX,1,12.719703674316406,0.9999970197677612,12,V2-004-D1-MEANMAX-F04-S20260927,513a6baa0ccf6a18a076b475e11ec4db466f3c606057a0fa6432ae84e89c02f6
da4f163121db16286155d9890564a9b54a02ea2d81adb10b2cc413ef81842dbe,MITDB_P230,230,430000000,4,20260927,MODEL_V2_TCN_MEANMAX,0,-5.150527000427246,0.005762945394963026,12,V2-004-D1-MEANMAX-F04-S20260927,513a6baa0ccf6a18a076b475e11ec4db466f3c606057a0fa6432ae84e89c02f6
da9b8d9d042682e4d5b4f22bf77e65d4fb41aedfe7dc58b83e0fc0bf44e73b7e,MITDB_P117,117,930000000,4,20260927,MODEL_V2_TCN_MEANMAX,0,-3.867593288421631,0.020480412989854813,12,V2-004-D1-MEANMAX-F04-S20260927,513a6baa0ccf6a18a076b475e11ec4db466f3c606057a0fa6432ae84e89c02f6
daa130977bdb15b09f8f04e624d89f3d6b6ab03d694d342ec0bbb97c3c3ef5be,MITDB_P230,230,1460000000,4,20260927,MODEL_V2_TCN_MEANMAX,0,-4.802096843719482,0.00814561266452074,12,V2-004-D1-MEANMAX-F04-S20260927,513a6baa0ccf6a18a076b475e11ec4db466f3c606057a0fa6432ae84e89c02f6
daa8dc4f9884c735da24093ecfaeaf41681bf233b2d246b6705e781c548c02c4,MITDB_P221,221,635000000,4,20260927,MODEL_V2_TCN_MEANMAX,0,-2.2403383255004883,0.09618612378835678,12,V2-004-D1-MEANMAX-F04-S20260927,513a6baa0ccf6a18a076b475e11ec4db466f3c606057a0fa6432ae84e89c02f6
dabd892b3c33c5d9a32b325b5dd3d4988760ae78c9c9877ebc505aab03075d78,MITDB_P205,205,35000000,4,20260927,MODEL_V2_TCN_MEANMAX,0,-5.833944797515869,0.002917970297858119,12,V2-004-D1-MEANMAX-F04-S20260927,513a6baa0ccf6a18a076b475e11ec4db466f3c606057a0fa6432ae84e89c02f6
dac54332279d6399193151382a055dca5e6278a43b04f7fb7bfc145a0c0d4602,MITDB_P230,230,1345000000,4,20260927,MODEL_V2_TCN_MEANMAX,0,-3.6227595806121826,0.026014063507318497,12,V2-004-D1-MEANMAX-F04-S20260927,513a6baa0ccf6a18a076b475e11ec4db466f3c606057a0fa6432ae84e89c02f6
db058fbd8bd2a4a9aa9cb869577e30663076d07f6f990d398012599c712926a6,MITDB_P205,205,660000000,4,20260927,MODEL_V2_TCN_MEANMAX,1,14.619155883789062,0.9999995231628418,12,V2-004-D1-MEANMAX-F04-S20260927,513a6baa0ccf6a18a076b475e11ec4db466f3c606057a0fa6432ae84e89c02f6
db38f0f6d820a00310d97c0f8e0d11461ec8af2bfc89efc977841b37b9e87fc6,MITDB_P230,230,1210000000,4,20260927,MODEL_V2_TCN_MEANMAX,0,-5.332334518432617,0.004809531383216381,12,V2-004-D1-MEANMAX-F04-S20260927,513a6baa0ccf6a18a076b475e11ec4db466f3c606057a0fa6432ae84e89c02f6
db3935651348e42c8a704e3f45ce30f5e5bd78ce63e92b2ed5a7788672b663f1,MITDB_P228,228,1410000000,4,20260927,MODEL_V2_TCN_MEANMAX,1,9.83165168762207,0.9999462366104126,12,V2-004-D1-MEANMAX-F04-S20260927,513a6baa0ccf6a18a076b475e11ec4db466f3c606057a0fa6432ae84e89c02f6
db4683a0494f644c99d08ba4a6ad823f63ebcacb68570456c2ad8fc54b2efae3,MITDB_P228,228,725000000,4,20260927,MODEL_V2_TCN_MEANMAX,1,7.323578357696533,0.9993405938148499,12,V2-004-D1-MEANMAX-F04-S20260927,513a6baa0ccf6a18a076b475e11ec4db466f3c606057a0fa6432ae84e89c02f6
db54d8d0a4e8536c7f622fd099fb90d6b3cf95fa30c1e76a0f05f4910363fdb2,MITDB_P230,230,1220000000,4,20260927,MODEL_V2_TCN_MEANMAX,0,-4.482361316680908,0.0111802713945508,12,V2-004-D1-MEANMAX-F04-S20260927,513a6baa0ccf6a18a076b475e11ec4db466f3c606057a0fa6432ae84e89c02f6
db6247138ea18bfa669a88531bf91e45e7bb42efe92b3b53822fa45fb317002a,MITDB_P228,228,125000000,4,20260927,MODEL_V2_TCN_MEANMAX,0,-9.437710762023926,7.965622353367507e-05,12,V2-004-D1-MEANMAX-F04-S20260927,513a6baa0ccf6a18a076b475e11ec4db466f3c606057a0fa6432ae84e89c02f6
db673fe8c44cd0a86636bd02938b99a97f8369ded0dde59ddbb62603811e8f10,MITDB_P230,230,620000000,4,20260927,MODEL_V2_TCN_MEANMAX,0,-4.534045219421387,0.010623091831803322,12,V2-004-D1-MEANMAX-F04-S20260927,513a6baa0ccf6a18a076b475e11ec4db466f3c606057a0fa6432ae84e89c02f6
db979351ea28f360c1cc7a6d843891cb8a9a25a19227ae583dd2f83cee1bed29,MITDB_P230,230,1405000000,4,20260927,MODEL_V2_TCN_MEANMAX,0,-3.347771644592285,0.033968210220336914,12,V2-004-D1-MEANMAX-F04-S20260927,513a6baa0ccf6a18a076b475e11ec4db466f3c606057a0fa6432ae84e89c02f6
db9dd04b96dd4ecede1cd626be7a958b2f17828a3b45ed57d7a735788b40b249,MITDB_P205,205,975000000,4,20260927,MODEL_V2_TCN_MEANMAX,1,1.3654900789260864,0.7966505289077759,12,V2-004-D1-MEANMAX-F04-S20260927,513a6baa0ccf6a18a076b475e11ec4db466f3c606057a0fa6432ae84e89c02f6
dba0a8511af35c618e00c52cef2465d2af5a2b918548d4d9e4a554998a847aae,MITDB_P221,221,530000000,4,20260927,MODEL_V2_TCN_MEANMAX,1,10.619806289672852,0.9999755620956421,12,V2-004-D1-MEANMAX-F04-S20260927,513a6baa0ccf6a18a076b475e11ec4db466f3c606057a0fa6432ae84e89c02f6
dbbce2131034810bb2d6cc3096f7a88b2cb442c0ead72fb34d0a573b438b1591,MITDB_P228,228,1390000000,4,20260927,MODEL_V2_TCN_MEANMAX,0,-9.552020072937012,7.105252734618261e-05,12,V2-004-D1-MEANMAX-F04-S20260927,513a6baa0ccf6a18a076b475e11ec4db466f3c606057a0fa6432ae84e89c02f6
dbed3dfe604024f83b9b2ad20d7b009fa62482e8fefc97041ab7d060309485f6,MITDB_P230,230,1080000000,4,20260927,MODEL_V2_TCN_MEANMAX,0,-5.696565628051758,0.003346241544932127,12,V2-004-D1-MEANMAX-F04-S20260927,513a6baa0ccf6a18a076b475e11ec4db466f3c606057a0fa6432ae84e89c02f6
dc3f3f48d26d8133631dedee869032f06b02b69e12e1380ff5099a74b3d21369,MITDB_P117,117,125000000,4,20260927,MODEL_V2_TCN_MEANMAX,0,-0.6871308088302612,0.33467164635658264,12,V2-004-D1-MEANMAX-F04-S20260927,513a6baa0ccf6a18a076b475e11ec4db466f3c606057a0fa6432ae84e89c02f6
dc494d8e7a4e8749a2fa2988b582263ae9e7eac736c4734173e56183c8fe7816,MITDB_P117,117,1255000000,4,20260927,MODEL_V2_TCN_MEANMAX,0,-1.7015670537948608,0.15426070988178253,12,V2-004-D1-MEANMAX-F04-S20260927,513a6baa0ccf6a18a076b475e11ec4db466f3c606057a0fa6432ae84e89c02f6
dc781759e448a0d6018c9d1cc79c34c5c548f9941b7d8c6a9c35542c038f89d3,MITDB_P221,221,475000000,4,20260927,MODEL_V2_TCN_MEANMAX,1,12.170434951782227,0.9999948740005493,12,V2-004-D1-MEANMAX-F04-S20260927,513a6baa0ccf6a18a076b475e11ec4db466f3c606057a0fa6432ae84e89c02f6
dc7b5efb28d443c6f6dec01a4c7bf15d93ce0e6e827fe2d4bfa6a10c9fc228f6,MITDB_P205,205,650000000,4,20260927,MODEL_V2_TCN_MEANMAX,1,9.543577194213867,0.99992835521698,12,V2-004-D1-MEANMAX-F04-S20260927,513a6baa0ccf6a18a076b475e11ec4db466f3c606057a0fa6432ae84e89c02f6
dc9b08458d66e87baba8839d071c8d3f7ea4de58dc85cb8f3842b1471ef000a6,MITDB_P230,230,750000000,4,20260927,MODEL_V2_TCN_MEANMAX,0,-5.783534526824951,0.0030683737713843584,12,V2-004-D1-MEANMAX-F04-S20260927,513a6baa0ccf6a18a076b475e11ec4db466f3c606057a0fa6432ae84e89c02f6
dd0994b35b3c28d98bd28ffb081bce46918208915f2fa66804effd04e589be98,MITDB_P228,228,1350000000,4,20260927,MODEL_V2_TCN_MEANMAX,1,-4.775947093963623,0.008359624072909355,12,V2-004-D1-MEANMAX-F04-S20260927,513a6baa0ccf6a18a076b475e11ec4db466f3c606057a0fa6432ae84e89c02f6
dd0afdde2a9eae84206cdbf9ac2723cb1db45bf1318fba62f014911759eb6428,MITDB_P221,221,1320000000,4,20260927,MODEL_V2_TCN_MEANMAX,1,8.00051498413086,0.9996647834777832,12,V2-004-D1-MEANMAX-F04-S20260927,513a6baa0ccf6a18a076b475e11ec4db466f3c606057a0fa6432ae84e89c02f6
dd140e0410db5545f51b0a52e05df2fc64417211420451dfb856715f14d74444,MITDB_P221,221,845000000,4,20260927,MODEL_V2_TCN_MEANMAX,1,9.251932144165039,0.9999040365219116,12,V2-004-D1-MEANMAX-F04-S20260927,513a6baa0ccf6a18a076b475e11ec4db466f3c606057a0fa6432ae84e89c02f6
dd833ea94a66893ce12302a913715724e869cb9d2b0836c5326ab0e34a3cf7e7,MITDB_P230,230,55000000,4,20260927,MODEL_V2_TCN_MEANMAX,0,-5.712450981140137,0.0032936790958046913,12,V2-004-D1-MEANMAX-F04-S20260927,513a6baa0ccf6a18a076b475e11ec4db466f3c606057a0fa6432ae84e89c02f6
dda76a158fb098b04d89098fc97699d083f5b921812f449a7dffa143b06aeeb9,MITDB_P228,228,1415000000,4,20260927,MODEL_V2_TCN_MEANMAX,1,9.231789588928223,0.9999021291732788,12,V2-004-D1-MEANMAX-F04-S20260927,513a6baa0ccf6a18a076b475e11ec4db466f3c606057a0fa6432ae84e89c02f6
ddb0539a336253e96eb912db1a30ab4bdd2a6765feaf69d7928196b8a4af08ac,MITDB_P117,117,355000000,4,20260927,MODEL_V2_TCN_MEANMAX,0,0.5796052813529968,0.64097660779953,12,V2-004-D1-MEANMAX-F04-S20260927,513a6baa0ccf6a18a076b475e11ec4db466f3c606057a0fa6432ae84e89c02f6
dde52106798834fd58ac37478fdc9a355ef9ceb47c45c70736438d85b86b4ea1,MITDB_P205,205,330000000,4,20260927,MODEL_V2_TCN_MEANMAX,0,-4.99075174331665,0.006754615344107151,12,V2-004-D1-MEANMAX-F04-S20260927,513a6baa0ccf6a18a076b475e11ec4db466f3c606057a0fa6432ae84e89c02f6
de513cbe504e670f2229f8ece9cdb5b3613cef100313f400ba046043b9677067,MITDB_P228,228,1655000000,4,20260927,MODEL_V2_TCN_MEANMAX,1,8.191328048706055,0.9997230172157288,12,V2-004-D1-MEANMAX-F04-S20260927,513a6baa0ccf6a18a076b475e11ec4db466f3c606057a0fa6432ae84e89c02f6
de7d370b91bd58cd42d817f193271530a51490161b2120e3e68ff64c103acaab,MITDB_P117,117,465000000,4,20260927,MODEL_V2_TCN_MEANMAX,0,-2.4078783988952637,0.08257389813661575,12,V2-004-D1-MEANMAX-F04-S20260927,513a6baa0ccf6a18a076b475e11ec4db466f3c606057a0fa6432ae84e89c02f6
de7e63845a76b21c59610aa604eb1f2d1d10d4faa4357cf301862ae91847ef8e,MITDB_P117,117,1690000000,4,20260927,MODEL_V2_TCN_MEANMAX,0,-3.27288556098938,0.036513179540634155,12,V2-004-D1-MEANMAX-F04-S20260927,513a6baa0ccf6a18a076b475e11ec4db466f3c606057a0fa6432ae84e89c02f6
deb0f00bed662f086cabf71e5ef50355d4e46b071d93fa601abd56abbe311feb,MITDB_P117,117,885000000,4,20260927,MODEL_V2_TCN_MEANMAX,0,-3.1329269409179688,0.041769299656152725,12,V2-004-D1-MEANMAX-F04-S20260927,513a6baa0ccf6a18a076b475e11ec4db466f3c606057a0fa6432ae84e89c02f6
deb5c4e7eef596f481ff925dfc79ce44f2915043fdde6fe67754d99517e50baa,MITDB_P205,205,900000000,4,20260927,MODEL_V2_TCN_MEANMAX,0,-5.8018927574157715,0.0030127258505672216,12,V2-004-D1-MEANMAX-F04-S20260927,513a6baa0ccf6a18a076b475e11ec4db466f3c606057a0fa6432ae84e89c02f6
dec051535ef85fe688f56f8cea46060c967f3d3b76752d2981ff4d5059077b56,MITDB_P117,117,1475000000,4,20260927,MODEL_V2_TCN_MEANMAX,0,-3.540309190750122,0.028186818584799767,12,V2-004-D1-MEANMAX-F04-S20260927,513a6baa0ccf6a18a076b475e11ec4db466f3c606057a0fa6432ae84e89c02f6
ded4c13794b0f27cb2b3ac5ebc2e478eb4e1d8d4a584f313d44e8a7b670886e4,MITDB_P205,205,1490000000,4,20260927,MODEL_V2_TCN_MEANMAX,1,17.041728973388672,1.0,12,V2-004-D1-MEANMAX-F04-S20260927,513a6baa0ccf6a18a076b475e11ec4db466f3c606057a0fa6432ae84e89c02f6
dede08b12ee626e347ad039ed6efe0f1a4ad8c8feb43293eaf69fb2388141a0b,MITDB_P205,205,1795000000,4,20260927,MODEL_V2_TCN_MEANMAX,0,-6.604593753814697,0.0013523020315915346,12,V2-004-D1-MEANMAX-F04-S20260927,513a6baa0ccf6a18a076b475e11ec4db466f3c606057a0fa6432ae84e89c02f6
df34aff2e301389b834a37f54ae20dcce528d3e245a6acc8e877b3fd80fbff67,MITDB_P205,205,1635000000,4,20260927,MODEL_V2_TCN_MEANMAX,0,-6.874028205871582,0.0010332335950806737,12,V2-004-D1-MEANMAX-F04-S20260927,513a6baa0ccf6a18a076b475e11ec4db466f3c606057a0fa6432ae84e89c02f6
df50e91deb8c3a901c48a26c86f3a09a13b2401f971a3fc6e7c18ddad2ae27cf,MITDB_P117,117,65000000,4,20260927,MODEL_V2_TCN_MEANMAX,0,-0.19839446246623993,0.4505634307861328,12,V2-004-D1-MEANMAX-F04-S20260927,513a6baa0ccf6a18a076b475e11ec4db466f3c606057a0fa6432ae84e89c02f6
df92760b9b271d9af1202724c3ca1a48cc8b925b605dbaf94ce9a1a47354b510,MITDB_P230,230,1770000000,4,20260927,MODEL_V2_TCN_MEANMAX,0,3.7906980514526367,0.977918803691864,12,V2-004-D1-MEANMAX-F04-S20260927,513a6baa0ccf6a18a076b475e11ec4db466f3c606057a0fa6432ae84e89c02f6
df931f744929d93b7bcbfd7dd645cff2750b94ccac489aef24b43bd8191f9651,MITDB_P221,221,655000000,4,20260927,MODEL_V2_TCN_MEANMAX,1,11.949972152709961,0.9999935626983643,12,V2-004-D1-MEANMAX-F04-S20260927,513a6baa0ccf6a18a076b475e11ec4db466f3c606057a0fa6432ae84e89c02f6
dfa53671f019ee0b8151d638ae5a63037171949b2a96d8201109703b470213eb,MITDB_P228,228,410000000,4,20260927,MODEL_V2_TCN_MEANMAX,1,6.410613536834717,0.9983586668968201,12,V2-004-D1-MEANMAX-F04-S20260927,513a6baa0ccf6a18a076b475e11ec4db466f3c606057a0fa6432ae84e89c02f6
dfb59ad3fa2aa7bb5c52e54d379bbaa556d0ba274c56c0ebd3ecbca2ebdaaed1,MITDB_P228,228,1355000000,4,20260927,MODEL_V2_TCN_MEANMAX,1,-0.5736662745475769,0.3603912889957428,12,V2-004-D1-MEANMAX-F04-S20260927,513a6baa0ccf6a18a076b475e11ec4db466f3c606057a0fa6432ae84e89c02f6
dfc8ef9c7328a2d878e705257b9b6d8d37e4a156af7bcd7943898e0d3715751a,MITDB_P117,117,600000000,4,20260927,MODEL_V2_TCN_MEANMAX,0,1.052952527999878,0.7413414716720581,12,V2-004-D1-MEANMAX-F04-S20260927,513a6baa0ccf6a18a076b475e11ec4db466f3c606057a0fa6432ae84e89c02f6
e0137ff15c4ba987083854b9c72ab82d7519f8742526a8e14e2c6130b6461abb,MITDB_P221,221,335000000,4,20260927,MODEL_V2_TCN_MEANMAX,1,12.584428787231445,0.999996542930603,12,V2-004-D1-MEANMAX-F04-S20260927,513a6baa0ccf6a18a076b475e11ec4db466f3c606057a0fa6432ae84e89c02f6
e047103be66f587a84cf3e5b412991f084d8cd489d7d31b62a0f6526fda195da,MITDB_P117,117,460000000,4,20260927,MODEL_V2_TCN_MEANMAX,0,-3.177281379699707,0.04002967104315758,12,V2-004-D1-MEANMAX-F04-S20260927,513a6baa0ccf6a18a076b475e11ec4db466f3c606057a0fa6432ae84e89c02f6
e085524f8d7b980c6b2e0eeb7c1c26f08869ec8ed74be565c6966fc426c83a69,MITDB_P230,230,1595000000,4,20260927,MODEL_V2_TCN_MEANMAX,0,2.1928136348724365,0.8996022939682007,12,V2-004-D1-MEANMAX-F04-S20260927,513a6baa0ccf6a18a076b475e11ec4db466f3c606057a0fa6432ae84e89c02f6
e08da967fce27916d0e622868e4cb5c568aeff683d707f68505fe5d2420294e2,MITDB_P117,117,1285000000,4,20260927,MODEL_V2_TCN_MEANMAX,0,-3.6960177421569824,0.024220962077379227,12,V2-004-D1-MEANMAX-F04-S20260927,513a6baa0ccf6a18a076b475e11ec4db466f3c606057a0fa6432ae84e89c02f6
e0e5a31bd35adc8822171ddb36ca7c0923d6ac6604819683cfd24d84374877ea,MITDB_P228,228,1245000000,4,20260927,MODEL_V2_TCN_MEANMAX,1,11.571794509887695,0.9999905824661255,12,V2-004-D1-MEANMAX-F04-S20260927,513a6baa0ccf6a18a076b475e11ec4db466f3c606057a0fa6432ae84e89c02f6
e0ef46ac91001061f50d45b7c6d955303e4de4c0bded58dbe4d0d83800c22c88,MITDB_P117,117,475000000,4,20260927,MODEL_V2_TCN_MEANMAX,0,-2.044524908065796,0.11460679024457932,12,V2-004-D1-MEANMAX-F04-S20260927,513a6baa0ccf6a18a076b475e11ec4db466f3c606057a0fa6432ae84e89c02f6
e10eacf4d771140a5381f44a76b24cae8823db1138493b85d3414b92a31e803a,MITDB_P117,117,865000000,4,20260927,MODEL_V2_TCN_MEANMAX,0,-3.8863742351531982,0.020107023417949677,12,V2-004-D1-MEANMAX-F04-S20260927,513a6baa0ccf6a18a076b475e11ec4db466f3c606057a0fa6432ae84e89c02f6
e124760fd65a5394e497b2cfe6cfaf1f065cf6f78e54cc96197aa19aee2903b5,MITDB_P228,228,1560000000,4,20260927,MODEL_V2_TCN_MEANMAX,1,12.102001190185547,0.9999943971633911,12,V2-004-D1-MEANMAX-F04-S20260927,513a6baa0ccf6a18a076b475e11ec4db466f3c606057a0fa6432ae84e89c02f6
e12f133360d9dd5ea8e1581524c995272805b1f6a2d979325bc92f368238c52b,MITDB_P221,221,1420000000,4,20260927,MODEL_V2_TCN_MEANMAX,1,11.914060592651367,0.9999933242797852,12,V2-004-D1-MEANMAX-F04-S20260927,513a6baa0ccf6a18a076b475e11ec4db466f3c606057a0fa6432ae84e89c02f6
e135dec61dff171699dd33ab0fb222f3ad047c46eb8372f7276bb3af1cd07a95,MITDB_P117,117,450000000,4,20260927,MODEL_V2_TCN_MEANMAX,0,0.23917467892169952,0.5595102310180664,12,V2-004-D1-MEANMAX-F04-S20260927,513a6baa0ccf6a18a076b475e11ec4db466f3c606057a0fa6432ae84e89c02f6
e14ff660da72d86fc7834427eeeb29af98766e031079f0e2232d27aef1581bfe,MITDB_P228,228,155000000,4,20260927,MODEL_V2_TCN_MEANMAX,1,11.789102554321289,0.9999923706054688,12,V2-004-D1-MEANMAX-F04-S20260927,513a6baa0ccf6a18a076b475e11ec4db466f3c606057a0fa6432ae84e89c02f6
e1579caec15692202c10ef5309c6ed4d18d60cbfcf54c218cd54ef3e9f38eeee,MITDB_P230,230,270000000,4,20260927,MODEL_V2_TCN_MEANMAX,0,-4.009467124938965,0.017819754779338837,12,V2-004-D1-MEANMAX-F04-S20260927,513a6baa0ccf6a18a076b475e11ec4db466f3c606057a0fa6432ae84e89c02f6
e158cc3ac854ee27e0d7111d7075b0fe08323c07d2e048a156fe41f6781828e5,MITDB_P221,221,1330000000,4,20260927,MODEL_V2_TCN_MEANMAX,1,12.195982933044434,0.9999949932098389,12,V2-004-D1-MEANMAX-F04-S20260927,513a6baa0ccf6a18a076b475e11ec4db466f3c606057a0fa6432ae84e89c02f6
e15963afe8144dfe675a178e2cd888c62993e18ea6f900cf7a2db2bb75f53b4e,MITDB_P230,230,900000000,4,20260927,MODEL_V2_TCN_MEANMAX,0,-5.731306552886963,0.003232355462387204,12,V2-004-D1-MEANMAX-F04-S20260927,513a6baa0ccf6a18a076b475e11ec4db466f3c606057a0fa6432ae84e89c02f6
e161e165cca12538324ed3d39df30cb8b24d587023eed7fc9a9384567927f426,MITDB_P221,221,950000000,4,20260927,MODEL_V2_TCN_MEANMAX,1,12.298471450805664,0.9999954700469971,12,V2-004-D1-MEANMAX-F04-S20260927,513a6baa0ccf6a18a076b475e11ec4db466f3c606057a0fa6432ae84e89c02f6
e20ffd2a4e898ef712ae1d03cb3e90581c01c9d345dd1095828bfe5d714e5be1,MITDB_P205,205,600000000,4,20260927,MODEL_V2_TCN_MEANMAX,0,-5.751502513885498,0.0031679344829171896,12,V2-004-D1-MEANMAX-F04-S20260927,513a6baa0ccf6a18a076b475e11ec4db466f3c606057a0fa6432ae84e89c02f6
e22c0321e3c5f5d1f50ae56dbdb63f88725b01eaca930756de45ddc86b62eb71,MITDB_P230,230,1615000000,4,20260927,MODEL_V2_TCN_MEANMAX,0,-2.603111743927002,0.06893841922283173,12,V2-004-D1-MEANMAX-F04-S20260927,513a6baa0ccf6a18a076b475e11ec4db466f3c606057a0fa6432ae84e89c02f6
e23b4ecaa107cc36f4f8645f2c8991534c42c45041c62d15164e3f27072cdc84,MITDB_P221,221,1395000000,4,20260927,MODEL_V2_TCN_MEANMAX,1,10.095050811767578,0.9999587535858154,12,V2-004-D1-MEANMAX-F04-S20260927,513a6baa0ccf6a18a076b475e11ec4db466f3c606057a0fa6432ae84e89c02f6
e2410775ba3ba8b89bd2327ed648a84f8e1e3e0ac78899f058c45a4a335c9fd9,MITDB_P117,117,1220000000,4,20260927,MODEL_V2_TCN_MEANMAX,0,-3.7035694122314453,0.024043124169111252,12,V2-004-D1-MEANMAX-F04-S20260927,513a6baa0ccf6a18a076b475e11ec4db466f3c606057a0fa6432ae84e89c02f6
e24334c120f6be8dd95ed8610d67d4987618bd4f1aec73df11fb604a24cafcff,MITDB_P205,205,1745000000,4,20260927,MODEL_V2_TCN_MEANMAX,0,-6.807186603546143,0.0011045781429857016,12,V2-004-D1-MEANMAX-F04-S20260927,513a6baa0ccf6a18a076b475e11ec4db466f3c606057a0fa6432ae84e89c02f6
e289fcf4cbda337c5df38a0e2656be8f725b1c081a9c4ae0a8e76e35306ebbd8,MITDB_P228,228,615000000,4,20260927,MODEL_V2_TCN_MEANMAX,1,11.932007789611816,0.9999934434890747,12,V2-004-D1-MEANMAX-F04-S20260927,513a6baa0ccf6a18a076b475e11ec4db466f3c606057a0fa6432ae84e89c02f6
e2d2642ec31d32cb51106f30ebbef2140eaf44777aeb2785051822660de7cf6c,MITDB_P230,230,65000000,4,20260927,MODEL_V2_TCN_MEANMAX,0,-5.581925392150879,0.003751184558495879,12,V2-004-D1-MEANMAX-F04-S20260927,513a6baa0ccf6a18a076b475e11ec4db466f3c606057a0fa6432ae84e89c02f6
e2d8af5350655cafd36ea24054437e230c83748d29b0ded686b045e9fc28b0cb,MITDB_P230,230,1235000000,4,20260927,MODEL_V2_TCN_MEANMAX,0,-3.796410322189331,0.021958231925964355,12,V2-004-D1-MEANMAX-F04-S20260927,513a6baa0ccf6a18a076b475e11ec4db466f3c606057a0fa6432ae84e89c02f6
e32022e47a7110ddbe1ef6b8e777c893bb12aa43f73b87f3d320e8f0d4a0d711,MITDB_P228,228,520000000,4,20260927,MODEL_V2_TCN_MEANMAX,1,6.582525730133057,0.9986175298690796,12,V2-004-D1-MEANMAX-F04-S20260927,513a6baa0ccf6a18a076b475e11ec4db466f3c606057a0fa6432ae84e89c02f6
e327c2ec7b7782734f32ff236947b220a8231ddcd42ce15a2dccd424e8bedfa8,MITDB_P117,117,1465000000,4,20260927,MODEL_V2_TCN_MEANMAX,0,-3.594137668609619,0.02674918808043003,12,V2-004-D1-MEANMAX-F04-S20260927,513a6baa0ccf6a18a076b475e11ec4db466f3c606057a0fa6432ae84e89c02f6
e34944b372910fd70d30c6940d4e35a526ca8fb2acbd73124561d1ffa8110fa2,MITDB_P228,228,1030000000,4,20260927,MODEL_V2_TCN_MEANMAX,1,-1.2031183242797852,0.2309209406375885,12,V2-004-D1-MEANMAX-F04-S20260927,513a6baa0ccf6a18a076b475e11ec4db466f3c606057a0fa6432ae84e89c02f6
e3c52abf3594cf413ade14a5810c6ddced2e2e297cddd8bcfc12ff11e4ee31b3,MITDB_P228,228,1285000000,4,20260927,MODEL_V2_TCN_MEANMAX,1,-9.944828033447266,4.797281508217566e-05,12,V2-004-D1-MEANMAX-F04-S20260927,513a6baa0ccf6a18a076b475e11ec4db466f3c606057a0fa6432ae84e89c02f6
e3fcb30ca9e0149798da7710ee3dc60d95b981bf5098d5cc849c7b25517de907,MITDB_P117,117,660000000,4,20260927,MODEL_V2_TCN_MEANMAX,0,-2.224595546722412,0.09756344556808472,12,V2-004-D1-MEANMAX-F04-S20260927,513a6baa0ccf6a18a076b475e11ec4db466f3c606057a0fa6432ae84e89c02f6
e40a87d5e43931822f46e2da7e2c65867602a0cef932e740178231438d499132,MITDB_P228,228,1770000000,4,20260927,MODEL_V2_TCN_MEANMAX,1,1.7075388431549072,0.8465167880058289,12,V2-004-D1-MEANMAX-F04-S20260927,513a6baa0ccf6a18a076b475e11ec4db466f3c606057a0fa6432ae84e89c02f6
e45076e6113829d45c9bdcc53828d74aee16810fde7539bd9f7623a4b93510a0,MITDB_P117,117,1350000000,4,20260927,MODEL_V2_TCN_MEANMAX,0,-3.9504408836364746,0.018882792443037033,12,V2-004-D1-MEANMAX-F04-S20260927,513a6baa0ccf6a18a076b475e11ec4db466f3c606057a0fa6432ae84e89c02f6
e45edd6ee562ec5bd6db9df6055a4777fecb3faea8eb61c2f4e95e9ad9bbf346,MITDB_P221,221,1180000000,4,20260927,MODEL_V2_TCN_MEANMAX,1,12.41336441040039,0.9999959468841553,12,V2-004-D1-MEANMAX-F04-S20260927,513a6baa0ccf6a18a076b475e11ec4db466f3c606057a0fa6432ae84e89c02f6
e4631b9cf25f528745258f141e91345b3e6b998ce30b1713a8d967c56e246c2e,MITDB_P228,228,45000000,4,20260927,MODEL_V2_TCN_MEANMAX,0,-12.336431503295898,4.388882643979741e-06,12,V2-004-D1-MEANMAX-F04-S20260927,513a6baa0ccf6a18a076b475e11ec4db466f3c606057a0fa6432ae84e89c02f6
e470b068b03afad0841640f136e813e92d56895a3d55e16cbc6509a77019b23d,MITDB_P230,230,1190000000,4,20260927,MODEL_V2_TCN_MEANMAX,0,-5.634407043457031,0.0035600755363702774,12,V2-004-D1-MEANMAX-F04-S20260927,513a6baa0ccf6a18a076b475e11ec4db466f3c606057a0fa6432ae84e89c02f6
e487c9386a8dcb75375bc81606649b192a248afdd0cf3021167b56f536c4d9f8,MITDB_P117,117,1590000000,4,20260927,MODEL_V2_TCN_MEANMAX,0,-2.2682344913482666,0.09378816187381744,12,V2-004-D1-MEANMAX-F04-S20260927,513a6baa0ccf6a18a076b475e11ec4db466f3c606057a0fa6432ae84e89c02f6
e4aba7bf731254af850665bd3daed008b02b931a83a05ba376b21d88101828c6,MITDB_P230,230,450000000,4,20260927,MODEL_V2_TCN_MEANMAX,0,-5.558422088623047,0.003840051358565688,12,V2-004-D1-MEANMAX-F04-S20260927,513a6baa0ccf6a18a076b475e11ec4db466f3c606057a0fa6432ae84e89c02f6
e4b08c8b4f479dd1c5aee137ef1c811d17fe8602a31b9e1105dc79c1503c2172,MITDB_P117,117,360000000,4,20260927,MODEL_V2_TCN_MEANMAX,0,-2.56510329246521,0.07141835987567902,12,V2-004-D1-MEANMAX-F04-S20260927,513a6baa0ccf6a18a076b475e11ec4db466f3c606057a0fa6432ae84e89c02f6
e4db229e4b9605853e07460974068bd93dee3528805ac53f4177b1e153d75bd8,MITDB_P228,228,1465000000,4,20260927,MODEL_V2_TCN_MEANMAX,1,6.890970706939697,0.9989840388298035,12,V2-004-D1-MEANMAX-F04-S20260927,513a6baa0ccf6a18a076b475e11ec4db466f3c606057a0fa6432ae84e89c02f6
e4dd79611aac0f46fd0c51011975ef4b485811b2318c4ee6246f6a4b0c899100,MITDB_P228,228,1680000000,4,20260927,MODEL_V2_TCN_MEANMAX,1,13.125316619873047,0.9999979734420776,12,V2-004-D1-MEANMAX-F04-S20260927,513a6baa0ccf6a18a076b475e11ec4db466f3c606057a0fa6432ae84e89c02f6
e4de4d52d55d7c516ab9417253a5a80495bc84d8531262b830ecb892b7dc9297,MITDB_P205,205,220000000,4,20260927,MODEL_V2_TCN_MEANMAX,0,-5.852283000946045,0.0028650995809584856,12,V2-004-D1-MEANMAX-F04-S20260927,513a6baa0ccf6a18a076b475e11ec4db466f3c606057a0fa6432ae84e89c02f6
e54d6ef72c95c9e63c11519069e2314d2243327b41928594cf80e26fef6b53a2,MITDB_P221,221,970000000,4,20260927,MODEL_V2_TCN_MEANMAX,1,18.283246994018555,1.0,12,V2-004-D1-MEANMAX-F04-S20260927,513a6baa0ccf6a18a076b475e11ec4db466f3c606057a0fa6432ae84e89c02f6
e55a6fa41bb4c0c45acf4737e1d2d05d661ec5a7d557e2d99135e08ec85ed5ce,MITDB_P228,228,425000000,4,20260927,MODEL_V2_TCN_MEANMAX,1,7.380783557891846,0.9993773102760315,12,V2-004-D1-MEANMAX-F04-S20260927,513a6baa0ccf6a18a076b475e11ec4db466f3c606057a0fa6432ae84e89c02f6
e5660bde554ea2b04003aa0afe2d219c798c001807cb5f8094d45514b7fb49db,MITDB_P230,230,1745000000,4,20260927,MODEL_V2_TCN_MEANMAX,0,-3.3930585384368896,0.03251310810446739,12,V2-004-D1-MEANMAX-F04-S20260927,513a6baa0ccf6a18a076b475e11ec4db466f3c606057a0fa6432ae84e89c02f6
e577b188dce3458f7ad896abab18cbcf2a53cfc9fe6dce29cfed499f044f3cc7,MITDB_P221,221,495000000,4,20260927,MODEL_V2_TCN_MEANMAX,1,8.701151847839355,0.9998335838317871,12,V2-004-D1-MEANMAX-F04-S20260927,513a6baa0ccf6a18a076b475e11ec4db466f3c606057a0fa6432ae84e89c02f6
e5be57048cb454e7f357bb4d2ba9b06071cec6ca0e66bc7d0b5f05ca25517146,MITDB_P230,230,1175000000,4,20260927,MODEL_V2_TCN_MEANMAX,0,-2.811105489730835,0.05672699958086014,12,V2-004-D1-MEANMAX-F04-S20260927,513a6baa0ccf6a18a076b475e11ec4db466f3c606057a0fa6432ae84e89c02f6
e5cf50445a191b8d80db36796fa7ee76ca8e15c9841964d26f7c52e9b9b53a1a,MITDB_P228,228,1210000000,4,20260927,MODEL_V2_TCN_MEANMAX,1,9.56010627746582,0.9999295473098755,12,V2-004-D1-MEANMAX-F04-S20260927,513a6baa0ccf6a18a076b475e11ec4db466f3c606057a0fa6432ae84e89c02f6
e5dfb69283f1965581302fbe697c8f5381a9423018c4d016aef592bd50b1382d,MITDB_P117,117,975000000,4,20260927,MODEL_V2_TCN_MEANMAX,0,-4.106255531311035,0.01620248332619667,12,V2-004-D1-MEANMAX-F04-S20260927,513a6baa0ccf6a18a076b475e11ec4db466f3c606057a0fa6432ae84e89c02f6
e601db35bffd4165fd7b39292a4df7bc32d895eaff1b89d006e7db7f8f7bea9c,MITDB_P221,221,1735000000,4,20260927,MODEL_V2_TCN_MEANMAX,1,10.644078254699707,0.9999761581420898,12,V2-004-D1-MEANMAX-F04-S20260927,513a6baa0ccf6a18a076b475e11ec4db466f3c606057a0fa6432ae84e89c02f6
e63041b5263585200aab23d063c9d6b878d61e80ff9d5843ba71c99085ee68dd,MITDB_P221,221,1625000000,4,20260927,MODEL_V2_TCN_MEANMAX,1,6.0136637687683105,0.9975608587265015,12,V2-004-D1-MEANMAX-F04-S20260927,513a6baa0ccf6a18a076b475e11ec4db466f3c606057a0fa6432ae84e89c02f6
e639762eab2b8097b08a46b9d57ad8f0f694057891dae20e68dc6f25d983f5f2,MITDB_P228,228,1215000000,4,20260927,MODEL_V2_TCN_MEANMAX,1,10.614718437194824,0.9999754428863525,12,V2-004-D1-MEANMAX-F04-S20260927,513a6baa0ccf6a18a076b475e11ec4db466f3c606057a0fa6432ae84e89c02f6
e63d7d77d7aa5ac54c97310b0784e16ac20a66c8b044c27ba75ed2b221fc01a9,MITDB_P228,228,575000000,4,20260927,MODEL_V2_TCN_MEANMAX,1,10.98631477355957,0.9999830722808838,12,V2-004-D1-MEANMAX-F04-S20260927,513a6baa0ccf6a18a076b475e11ec4db466f3c606057a0fa6432ae84e89c02f6
e6408d238dacdc87f9218326d1c0a45bc6d1ebc2952f2ac96a71dfe9eba289c2,MITDB_P228,228,845000000,4,20260927,MODEL_V2_TCN_MEANMAX,0,-13.25694751739502,1.7481556824350264e-06,12,V2-004-D1-MEANMAX-F04-S20260927,513a6baa0ccf6a18a076b475e11ec4db466f3c606057a0fa6432ae84e89c02f6
e6491d281494778e4f24bc2f05ab73804658c65299e5ded5e9efddc275e98785,MITDB_P205,205,1355000000,4,20260927,MODEL_V2_TCN_MEANMAX,0,-5.840939521789551,0.002897690050303936,12,V2-004-D1-MEANMAX-F04-S20260927,513a6baa0ccf6a18a076b475e11ec4db466f3c606057a0fa6432ae84e89c02f6
e6568426f1e07de019a35608c15db81066e995c11158bd4c63f57486688d941c,MITDB_P205,205,475000000,4,20260927,MODEL_V2_TCN_MEANMAX,0,-5.205019474029541,0.0054589794017374516,12,V2-004-D1-MEANMAX-F04-S20260927,513a6baa0ccf6a18a076b475e11ec4db466f3c606057a0fa6432ae84e89c02f6
e67b8530cbf1b41bd3f90db782dbb40a395e64563f6f0b4be7fc2ac66d1e428d,MITDB_P117,117,520000000,4,20260927,MODEL_V2_TCN_MEANMAX,0,-0.44713807106018066,0.39004141092300415,12,V2-004-D1-MEANMAX-F04-S20260927,513a6baa0ccf6a18a076b475e11ec4db466f3c606057a0fa6432ae84e89c02f6
e6fb6d30856e40c0bf928f7efafdc892dc018b9ba8bd16f6274513ecad4f949c,MITDB_P205,205,1215000000,4,20260927,MODEL_V2_TCN_MEANMAX,0,-6.1894989013671875,0.002046656794846058,12,V2-004-D1-MEANMAX-F04-S20260927,513a6baa0ccf6a18a076b475e11ec4db466f3c606057a0fa6432ae84e89c02f6
e7892f4457d2d17c899dbe1227065af913a3134c7342756924b5478a885bc9ea,MITDB_P228,228,735000000,4,20260927,MODEL_V2_TCN_MEANMAX,1,13.053701400756836,0.9999978542327881,12,V2-004-D1-MEANMAX-F04-S20260927,513a6baa0ccf6a18a076b475e11ec4db466f3c606057a0fa6432ae84e89c02f6
e78ae8d88f4e66512ac2459c5dcead8be6559e2362d554608068c201f0f02ed4,MITDB_P117,117,435000000,4,20260927,MODEL_V2_TCN_MEANMAX,0,-1.1843364238739014,0.23427337408065796,12,V2-004-D1-MEANMAX-F04-S20260927,513a6baa0ccf6a18a076b475e11ec4db466f3c606057a0fa6432ae84e89c02f6
e78c16412ac03429d901ba71d7ddba6c347c662577fa0b2fbc48d291dc0aec0b,MITDB_P228,228,475000000,4,20260927,MODEL_V2_TCN_MEANMAX,1,12.251771926879883,0.999995231628418,12,V2-004-D1-MEANMAX-F04-S20260927,513a6baa0ccf6a18a076b475e11ec4db466f3c606057a0fa6432ae84e89c02f6
e793d039af5db5b8bf1261c59c0abf4b393c0f3e6e304ae31c4650eb5dbd9941,MITDB_P228,228,745000000,4,20260927,MODEL_V2_TCN_MEANMAX,1,0.30456191301345825,0.5755573511123657,12,V2-004-D1-MEANMAX-F04-S20260927,513a6baa0ccf6a18a076b475e11ec4db466f3c606057a0fa6432ae84e89c02f6
e7cf4622f14042597b08ffa2ff5cce392634094e7b70fc0699f5a8824ada1e80,MITDB_P230,230,1690000000,4,20260927,MODEL_V2_TCN_MEANMAX,0,-6.523054599761963,0.00146701920311898,12,V2-004-D1-MEANMAX-F04-S20260927,513a6baa0ccf6a18a076b475e11ec4db466f3c606057a0fa6432ae84e89c02f6
e7ff3c560966d0abae53f00be9b08383e5ce1b9a764ddd08cb53921fd5244fd7,MITDB_P230,230,1225000000,4,20260927,MODEL_V2_TCN_MEANMAX,0,-4.392302989959717,0.012221002951264381,12,V2-004-D1-MEANMAX-F04-S20260927,513a6baa0ccf6a18a076b475e11ec4db466f3c606057a0fa6432ae84e89c02f6
e84603dc99900268a801da02872e9d050b9071dc2a206fb8aff277edc1576bbd,MITDB_P117,117,420000000,4,20260927,MODEL_V2_TCN_MEANMAX,0,-0.2472590059041977,0.43849822878837585,12,V2-004-D1-MEANMAX-F04-S20260927,513a6baa0ccf6a18a076b475e11ec4db466f3c606057a0fa6432ae84e89c02f6
e84c62418a403ed09f34d74c9dcc58a3e0a6386225314bc7e2092aeadc6f3379,MITDB_P221,221,830000000,4,20260927,MODEL_V2_TCN_MEANMAX,1,13.415584564208984,0.9999984502792358,12,V2-004-D1-MEANMAX-F04-S20260927,513a6baa0ccf6a18a076b475e11ec4db466f3c606057a0fa6432ae84e89c02f6
e871a2ab53dd238444cac854632e555ce17eb239247566a072f8722317612c92,MITDB_P117,117,1580000000,4,20260927,MODEL_V2_TCN_MEANMAX,0,-3.2748377323150635,0.036444563418626785,12,V2-004-D1-MEANMAX-F04-S20260927,513a6baa0ccf6a18a076b475e11ec4db466f3c606057a0fa6432ae84e89c02f6
e877800dde453cf5bae77812fcf92c8c53e2be9dedf148c610e3826b241512ef,MITDB_P221,221,20000000,4,20260927,MODEL_V2_TCN_MEANMAX,1,11.058307647705078,0.9999842643737793,12,V2-004-D1-MEANMAX-F04-S20260927,513a6baa0ccf6a18a076b475e11ec4db466f3c606057a0fa6432ae84e89c02f6
e8872e806c00b87adad3001b15127a57941a957ac3f4489b75582baa0454c972,MITDB_P221,221,1470000000,4,20260927,MODEL_V2_TCN_MEANMAX,1,13.05844497680664,0.9999978542327881,12,V2-004-D1-MEANMAX-F04-S20260927,513a6baa0ccf6a18a076b475e11ec4db466f3c606057a0fa6432ae84e89c02f6
e8a47f25ebf7a252a3b9fc9d65b0214e137fecb975adac649234328e7df26537,MITDB_P221,221,220000000,4,20260927,MODEL_V2_TCN_MEANMAX,1,14.14871597290039,0.9999992847442627,12,V2-004-D1-MEANMAX-F04-S20260927,513a6baa0ccf6a18a076b475e11ec4db466f3c606057a0fa6432ae84e89c02f6
e8d240cb27e621dea6c6fbe1549b216dde1e14a7c14d66c0f37e4e6754425f95,MITDB_P221,221,1215000000,4,20260927,MODEL_V2_TCN_MEANMAX,1,11.775032997131348,0.9999922513961792,12,V2-004-D1-MEANMAX-F04-S20260927,513a6baa0ccf6a18a076b475e11ec4db466f3c606057a0fa6432ae84e89c02f6
e94e4a5096022c8e0c6d14605cf7d8719207b85bc039343c8d86cd990959861a,MITDB_P228,228,1445000000,4,20260927,MODEL_V2_TCN_MEANMAX,1,8.087841033935547,0.9996929168701172,12,V2-004-D1-MEANMAX-F04-S20260927,513a6baa0ccf6a18a076b475e11ec4db466f3c606057a0fa6432ae84e89c02f6
e98fc1f6d4d67d193be7a3e0bc9abdb16652e6d3839c7d939cc95a54e1db2222,MITDB_P228,228,795000000,4,20260927,MODEL_V2_TCN_MEANMAX,1,6.67021369934082,0.9987334609031677,12,V2-004-D1-MEANMAX-F04-S20260927,513a6baa0ccf6a18a076b475e11ec4db466f3c606057a0fa6432ae84e89c02f6
e995b895795f438978871575d669e547c094bd7427e3fc06afb65bc5be3cd247,MITDB_P228,228,1200000000,4,20260927,MODEL_V2_TCN_MEANMAX,0,-12.043323516845703,5.883672656636918e-06,12,V2-004-D1-MEANMAX-F04-S20260927,513a6baa0ccf6a18a076b475e11ec4db466f3c606057a0fa6432ae84e89c02f6
e99f0e7e2e23e1d7fac196f8494fa9d3f98cc9e35f4e64c792c8e654a4359bcf,MITDB_P221,221,1515000000,4,20260927,MODEL_V2_TCN_MEANMAX,1,11.030826568603516,0.9999837875366211,12,V2-004-D1-MEANMAX-F04-S20260927,513a6baa0ccf6a18a076b475e11ec4db466f3c606057a0fa6432ae84e89c02f6
e9d94133dc7104bb52a780271366a4b1a6d653390b8de472b4705afcdfc2fac7,MITDB_P117,117,1405000000,4,20260927,MODEL_V2_TCN_MEANMAX,0,-3.9215128421783447,0.019426245242357254,12,V2-004-D1-MEANMAX-F04-S20260927,513a6baa0ccf6a18a076b475e11ec4db466f3c606057a0fa6432ae84e89c02f6
ea05d4736e5a2d26d765805c2bff2b5305102349eee1f3cf7a118f3402419dc1,MITDB_P228,228,335000000,4,20260927,MODEL_V2_TCN_MEANMAX,1,0.29822856187820435,0.5740094184875488,12,V2-004-D1-MEANMAX-F04-S20260927,513a6baa0ccf6a18a076b475e11ec4db466f3c606057a0fa6432ae84e89c02f6
ea0df8add9f2bb48e40fc9f97ed6b4f1cde8257c0e610107982304d3b7cdb478,MITDB_P221,221,480000000,4,20260927,MODEL_V2_TCN_MEANMAX,1,12.38985824584961,0.9999958276748657,12,V2-004-D1-MEANMAX-F04-S20260927,513a6baa0ccf6a18a076b475e11ec4db466f3c606057a0fa6432ae84e89c02f6
ea22354c1c880b9adb547aef68cb902cf692656506bdafecc07e5c4e2e6275a7,MITDB_P205,205,105000000,4,20260927,MODEL_V2_TCN_MEANMAX,0,-5.761385440826416,0.003136877901852131,12,V2-004-D1-MEANMAX-F04-S20260927,513a6baa0ccf6a18a076b475e11ec4db466f3c606057a0fa6432ae84e89c02f6
ea6a9ca9325c043c4a3448cf86aeab14af4e60ca3a4eecd3f26f8924f82c40b5,MITDB_P117,117,1360000000,4,20260927,MODEL_V2_TCN_MEANMAX,0,-2.742389440536499,0.06051790714263916,12,V2-004-D1-MEANMAX-F04-S20260927,513a6baa0ccf6a18a076b475e11ec4db466f3c606057a0fa6432ae84e89c02f6
ea82fb1934aa42062a4ac5798526f9dbb42b76e1b49af47e59bb3e64d7210231,MITDB_P230,230,155000000,4,20260927,MODEL_V2_TCN_MEANMAX,0,-1.6665593385696411,0.15888343751430511,12,V2-004-D1-MEANMAX-F04-S20260927,513a6baa0ccf6a18a076b475e11ec4db466f3c606057a0fa6432ae84e89c02f6
ea83f890eabf84db7955a4b5b2217cd967a3f7379e241481f8b2f9c632603f1c,MITDB_P221,221,300000000,4,20260927,MODEL_V2_TCN_MEANMAX,1,11.74858283996582,0.9999921321868896,12,V2-004-D1-MEANMAX-F04-S20260927,513a6baa0ccf6a18a076b475e11ec4db466f3c606057a0fa6432ae84e89c02f6
ea850d4caaed54f15952e29396798dbde068c03eee0235e79856327b2d54fc03,MITDB_P205,205,1720000000,4,20260927,MODEL_V2_TCN_MEANMAX,1,15.749870300292969,0.9999998807907104,12,V2-004-D1-MEANMAX-F04-S20260927,513a6baa0ccf6a18a076b475e11ec4db466f3c606057a0fa6432ae84e89c02f6
ea87c4b44c8e858ec61a2bcbbbc0f6df994977e16814106c1f8f60999e3ad7bc,MITDB_P228,228,860000000,4,20260927,MODEL_V2_TCN_MEANMAX,1,4.955587863922119,0.9930053353309631,12,V2-004-D1-MEANMAX-F04-S20260927,513a6baa0ccf6a18a076b475e11ec4db466f3c606057a0fa6432ae84e89c02f6
eb0419be92ce9c44e122646b30b713c5982226e0ba620268d437d3be756a7874,MITDB_P221,221,1055000000,4,20260927,MODEL_V2_TCN_MEANMAX,1,13.181282997131348,0.9999980926513672,12,V2-004-D1-MEANMAX-F04-S20260927,513a6baa0ccf6a18a076b475e11ec4db466f3c606057a0fa6432ae84e89c02f6
eb081ab8221358f124f97354e1eb5457582556a164c6940ab1342bd6fc557f05,MITDB_P221,221,595000000,4,20260927,MODEL_V2_TCN_MEANMAX,1,14.836731910705566,0.9999996423721313,12,V2-004-D1-MEANMAX-F04-S20260927,513a6baa0ccf6a18a076b475e11ec4db466f3c606057a0fa6432ae84e89c02f6
eb22f6500b2850a4b0b3d6694c3d34c73ad18e544e39dd5c540b0570d7742cd1,MITDB_P205,205,380000000,4,20260927,MODEL_V2_TCN_MEANMAX,0,-5.528164386749268,0.003957551438361406,12,V2-004-D1-MEANMAX-F04-S20260927,513a6baa0ccf6a18a076b475e11ec4db466f3c606057a0fa6432ae84e89c02f6
eb89c1f7ecb0e70acee940c129d93d9c0f0aa250daf7c107e0bf7ff0d795c449,MITDB_P221,221,400000000,4,20260927,MODEL_V2_TCN_MEANMAX,1,12.674466133117676,0.9999969005584717,12,V2-004-D1-MEANMAX-F04-S20260927,513a6baa0ccf6a18a076b475e11ec4db466f3c606057a0fa6432ae84e89c02f6
eba2b70e256f1f1275eb6389c990367279a19a44c1c6d228300a9e06ed310965,MITDB_P205,205,145000000,4,20260927,MODEL_V2_TCN_MEANMAX,0,-5.7638373374938965,0.003129220101982355,12,V2-004-D1-MEANMAX-F04-S20260927,513a6baa0ccf6a18a076b475e11ec4db466f3c606057a0fa6432ae84e89c02f6
ebb3ef9810c923ce93743587023e2633a0f464929768a7ab04a6222311364aba,MITDB_P205,205,10000000,4,20260927,MODEL_V2_TCN_MEANMAX,0,-5.461530685424805,0.00422908877953887,12,V2-004-D1-MEANMAX-F04-S20260927,513a6baa0ccf6a18a076b475e11ec4db466f3c606057a0fa6432ae84e89c02f6
ebdff50a2ad8594cd05badf38402aff45cdd01580ddbb05cbcfa763dd3cec777,MITDB_P230,230,50000000,4,20260927,MODEL_V2_TCN_MEANMAX,0,-4.6673970222473145,0.009309221059083939,12,V2-004-D1-MEANMAX-F04-S20260927,513a6baa0ccf6a18a076b475e11ec4db466f3c606057a0fa6432ae84e89c02f6
ec04fefd35f426483106bfef1c50f5b0284bfa55c80ceb8d1e7c09027025f3ee,MITDB_P230,230,285000000,4,20260927,MODEL_V2_TCN_MEANMAX,0,-1.429263949394226,0.19321340322494507,12,V2-004-D1-MEANMAX-F04-S20260927,513a6baa0ccf6a18a076b475e11ec4db466f3c606057a0fa6432ae84e89c02f6
ec2e73cef8522b1ee9abe9a6f3622ef6e556a0afde88d6adf2b070d05f2f3f11,MITDB_P117,117,335000000,4,20260927,MODEL_V2_TCN_MEANMAX,0,-0.31860917806625366,0.4210147559642792,12,V2-004-D1-MEANMAX-F04-S20260927,513a6baa0ccf6a18a076b475e11ec4db466f3c606057a0fa6432ae84e89c02f6
ec591238d6ad4602b68af4cbdc522653dbf3c66a05f60286d175bc33d84159bb,MITDB_P230,230,1010000000,4,20260927,MODEL_V2_TCN_MEANMAX,0,-4.826934337615967,0.007947375997900963,12,V2-004-D1-MEANMAX-F04-S20260927,513a6baa0ccf6a18a076b475e11ec4db466f3c606057a0fa6432ae84e89c02f6
ec71e49bbd1df0f9959bbdd38c90296ea31c9a12d08aca276f681a6bd11262f4,MITDB_P230,230,400000000,4,20260927,MODEL_V2_TCN_MEANMAX,0,-4.8880839347839355,0.007479483727365732,12,V2-004-D1-MEANMAX-F04-S20260927,513a6baa0ccf6a18a076b475e11ec4db466f3c606057a0fa6432ae84e89c02f6
ec9af4109511a5e3275fddb905c522b6e029172a947c18ca5d0a9569e9cb743a,MITDB_P205,205,1010000000,4,20260927,MODEL_V2_TCN_MEANMAX,0,-4.337672710418701,0.012898361310362816,12,V2-004-D1-MEANMAX-F04-S20260927,513a6baa0ccf6a18a076b475e11ec4db466f3c606057a0fa6432ae84e89c02f6
ec9f71885778592374bf81a453f85cb3769107359ba810a079796ed7a268523f,MITDB_P117,117,1300000000,4,20260927,MODEL_V2_TCN_MEANMAX,0,-2.296330213546753,0.09142734110355377,12,V2-004-D1-MEANMAX-F04-S20260927,513a6baa0ccf6a18a076b475e11ec4db466f3c606057a0fa6432ae84e89c02f6
ecb85988f52df6d686f26a3a5c44ae6b08952064056c7598b53a1ac8532faffa,MITDB_P117,117,1145000000,4,20260927,MODEL_V2_TCN_MEANMAX,0,-3.5771045684814453,0.027196215465664864,12,V2-004-D1-MEANMAX-F04-S20260927,513a6baa0ccf6a18a076b475e11ec4db466f3c606057a0fa6432ae84e89c02f6
ecd54057d4d698847e5a6b410e6198a2a1de446651e86a00250afd3106f975e8,MITDB_P117,117,1110000000,4,20260927,MODEL_V2_TCN_MEANMAX,0,-0.41849958896636963,0.39687585830688477,12,V2-004-D1-MEANMAX-F04-S20260927,513a6baa0ccf6a18a076b475e11ec4db466f3c606057a0fa6432ae84e89c02f6
ecfe095a8f108cb950585a05ceb86befe607e21a8fb84b7e4e654136f5d78882,MITDB_P205,205,1120000000,4,20260927,MODEL_V2_TCN_MEANMAX,0,-4.9509196281433105,0.007027166895568371,12,V2-004-D1-MEANMAX-F04-S20260927,513a6baa0ccf6a18a076b475e11ec4db466f3c606057a0fa6432ae84e89c02f6
ed1ca32928af7644382006a87a0c7ff4e48cdcd06eefab62d72afd013479d31e,MITDB_P228,228,375000000,4,20260927,MODEL_V2_TCN_MEANMAX,1,7.578559398651123,0.9994889497756958,12,V2-004-D1-MEANMAX-F04-S20260927,513a6baa0ccf6a18a076b475e11ec4db466f3c606057a0fa6432ae84e89c02f6
ed1fa04f8b69c4cf309296c0f3227c57026a76b13f61cfbfef84fe732daf3875,MITDB_P230,230,720000000,4,20260927,MODEL_V2_TCN_MEANMAX,0,-4.80586051940918,0.008115260861814022,12,V2-004-D1-MEANMAX-F04-S20260927,513a6baa0ccf6a18a076b475e11ec4db466f3c606057a0fa6432ae84e89c02f6
ed2e0e563c57a1f18b35461fd6c6adbd868a2c1bb30e6797f4b2abf61cdbb07d,MITDB_P205,205,195000000,4,20260927,MODEL_V2_TCN_MEANMAX,0,-4.686154842376709,0.00913780927658081,12,V2-004-D1-MEANMAX-F04-S20260927,513a6baa0ccf6a18a076b475e11ec4db466f3c606057a0fa6432ae84e89c02f6
ed8b62a6e44c5a9da3bca6847d9e7b377d67d081550b07137f694b5654aa506f,MITDB_P221,221,500000000,4,20260927,MODEL_V2_TCN_MEANMAX,1,10.233112335205078,0.9999639987945557,12,V2-004-D1-MEANMAX-F04-S20260927,513a6baa0ccf6a18a076b475e11ec4db466f3c606057a0fa6432ae84e89c02f6
ed8efb73b8e098d6dba1aa4cdf60d7c407db5638e3d1dd49ae3b95833429dc34,MITDB_P205,205,120000000,4,20260927,MODEL_V2_TCN_MEANMAX,0,-5.492398738861084,0.004101066384464502,12,V2-004-D1-MEANMAX-F04-S20260927,513a6baa0ccf6a18a076b475e11ec4db466f3c606057a0fa6432ae84e89c02f6
edaa0cebab06302f2254be6e5a393add18f619085f890d0fd4c062244c893145,MITDB_P221,221,1505000000,4,20260927,MODEL_V2_TCN_MEANMAX,1,13.745889663696289,0.999998927116394,12,V2-004-D1-MEANMAX-F04-S20260927,513a6baa0ccf6a18a076b475e11ec4db466f3c606057a0fa6432ae84e89c02f6
ede3fe2fe13f59dcf8b92e92eda8bcbd9754aead236096603689466a0f2b5b58,MITDB_P205,205,235000000,4,20260927,MODEL_V2_TCN_MEANMAX,0,-5.99922513961792,0.002474535256624222,12,V2-004-D1-MEANMAX-F04-S20260927,513a6baa0ccf6a18a076b475e11ec4db466f3c606057a0fa6432ae84e89c02f6
edf1a5c7317f44d75926a44709f17bd5da6afbf5e3ef34ea3c9f26adcb3ff327,MITDB_P117,117,1525000000,4,20260927,MODEL_V2_TCN_MEANMAX,0,-3.7572381496429443,0.022815437987446785,12,V2-004-D1-MEANMAX-F04-S20260927,513a6baa0ccf6a18a076b475e11ec4db466f3c606057a0fa6432ae84e89c02f6
ee03cf4b7479c3c841fcc6591ed6f59a08caec7db33c55844ac3b058d4c4afd2,MITDB_P117,117,505000000,4,20260927,MODEL_V2_TCN_MEANMAX,0,-1.6137001514434814,0.16607552766799927,12,V2-004-D1-MEANMAX-F04-S20260927,513a6baa0ccf6a18a076b475e11ec4db466f3c606057a0fa6432ae84e89c02f6
ee1d22cd179581f76597a14dfcd9217c9d8e26baf860263f962c5900d88aec35,MITDB_P117,117,195000000,4,20260927,MODEL_V2_TCN_MEANMAX,0,-1.7268214225769043,0.15099459886550903,12,V2-004-D1-MEANMAX-F04-S20260927,513a6baa0ccf6a18a076b475e11ec4db466f3c606057a0fa6432ae84e89c02f6
eedc5c1e0195db1f4c21a2b70eaea9193355389f03146104765b7a40efcff02b,MITDB_P117,117,1705000000,4,20260927,MODEL_V2_TCN_MEANMAX,0,-3.269415855407715,0.03663543984293938,12,V2-004-D1-MEANMAX-F04-S20260927,513a6baa0ccf6a18a076b475e11ec4db466f3c606057a0fa6432ae84e89c02f6
ef02d9d5843df3fdf74016e89ee7feaad0ec10c5d204354ab3da6e2fdb9d8a55,MITDB_P221,221,535000000,4,20260927,MODEL_V2_TCN_MEANMAX,1,13.81324577331543,0.9999990463256836,12,V2-004-D1-MEANMAX-F04-S20260927,513a6baa0ccf6a18a076b475e11ec4db466f3c606057a0fa6432ae84e89c02f6
ef39ffc7df81a72326d9b772c9ef4ddc917d53d01bd43fa2b5b4b7fcc31c81bd,MITDB_P117,117,85000000,4,20260927,MODEL_V2_TCN_MEANMAX,0,0.5916503071784973,0.6437437534332275,12,V2-004-D1-MEANMAX-F04-S20260927,513a6baa0ccf6a18a076b475e11ec4db466f3c606057a0fa6432ae84e89c02f6
efd4b166daa2fc5e70e7d5e960ee8fd85dc724a14eaf475b804562e57e4d940d,MITDB_P228,228,1290000000,4,20260927,MODEL_V2_TCN_MEANMAX,1,-2.8890209197998047,0.052698973566293716,12,V2-004-D1-MEANMAX-F04-S20260927,513a6baa0ccf6a18a076b475e11ec4db466f3c606057a0fa6432ae84e89c02f6
efd63cf926458c303cb7121c3d45a5c1450458216e554ff664ee7ba5e4d7e023,MITDB_P228,228,1310000000,4,20260927,MODEL_V2_TCN_MEANMAX,1,7.639174461364746,0.9995189905166626,12,V2-004-D1-MEANMAX-F04-S20260927,513a6baa0ccf6a18a076b475e11ec4db466f3c606057a0fa6432ae84e89c02f6
f00e3b699ac897b4cb187133e00d8efc6403889fad5fdbc7e8dbcbdae0c960d4,MITDB_P205,205,1310000000,4,20260927,MODEL_V2_TCN_MEANMAX,0,-6.466647148132324,0.0015520163578912616,12,V2-004-D1-MEANMAX-F04-S20260927,513a6baa0ccf6a18a076b475e11ec4db466f3c606057a0fa6432ae84e89c02f6
f0144747ca70cdfe186a7599fa34cebc615de05989042c6bd0510ea51024d4c8,MITDB_P221,221,1590000000,4,20260927,MODEL_V2_TCN_MEANMAX,0,2.9436817169189453,0.9499640464782715,12,V2-004-D1-MEANMAX-F04-S20260927,513a6baa0ccf6a18a076b475e11ec4db466f3c606057a0fa6432ae84e89c02f6
f02693c69ca39e2059eda5a8d41cd7a911121014419dbf1617240de2766fb801,MITDB_P221,221,1725000000,4,20260927,MODEL_V2_TCN_MEANMAX,1,11.760210037231445,0.9999921321868896,12,V2-004-D1-MEANMAX-F04-S20260927,513a6baa0ccf6a18a076b475e11ec4db466f3c606057a0fa6432ae84e89c02f6
f02c05a081f6c4a0d68c7e00b9a43d2e1565a442f5d5418b76659e19ef81f917,MITDB_P205,205,1325000000,4,20260927,MODEL_V2_TCN_MEANMAX,0,-5.874279499053955,0.002802940085530281,12,V2-004-D1-MEANMAX-F04-S20260927,513a6baa0ccf6a18a076b475e11ec4db466f3c606057a0fa6432ae84e89c02f6
f05b8c7bd26a33357cea8d6aeaa5e5241e01d62b659340418ce8db8738369656,MITDB_P205,205,270000000,4,20260927,MODEL_V2_TCN_MEANMAX,0,-5.073342800140381,0.006222492549568415,12,V2-004-D1-MEANMAX-F04-S20260927,513a6baa0ccf6a18a076b475e11ec4db466f3c606057a0fa6432ae84e89c02f6
f07bc83a24c33296dd9c27028504d7f84f5e87f5a45f4bf9599ad5b8f78690df,MITDB_P205,205,70000000,4,20260927,MODEL_V2_TCN_MEANMAX,0,-5.78425931930542,0.0030661574564874172,12,V2-004-D1-MEANMAX-F04-S20260927,513a6baa0ccf6a18a076b475e11ec4db466f3c606057a0fa6432ae84e89c02f6
f07c809b2e20f326a3a4e03f4b75d63738bde636631efabad52d78de2538f6ca,MITDB_P205,205,1585000000,4,20260927,MODEL_V2_TCN_MEANMAX,0,-6.87001895904541,0.0010373800760135055,12,V2-004-D1-MEANMAX-F04-S20260927,513a6baa0ccf6a18a076b475e11ec4db466f3c606057a0fa6432ae84e89c02f6
f08b9db373add48355a909d43dc4154f9dd8ee3de86d00234d153b7a7f475362,MITDB_P228,228,790000000,4,20260927,MODEL_V2_TCN_MEANMAX,1,7.986208438873291,0.9996600151062012,12,V2-004-D1-MEANMAX-F04-S20260927,513a6baa0ccf6a18a076b475e11ec4db466f3c606057a0fa6432ae84e89c02f6
f0a4823ecae84a50af55d249e8f84f91e7c56118200cec1e18e7f12dadd59575,MITDB_P205,205,1125000000,4,20260927,MODEL_V2_TCN_MEANMAX,0,-6.12515115737915,0.0021823872812092304,12,V2-004-D1-MEANMAX-F04-S20260927,513a6baa0ccf6a18a076b475e11ec4db466f3c606057a0fa6432ae84e89c02f6
f0dd6a52c80e8ce96998b12cced8564869ab084b1ebd31d2c4e8e087e839bed5,MITDB_P117,117,730000000,4,20260927,MODEL_V2_TCN_MEANMAX,1,-1.6893359422683716,0.1558631956577301,12,V2-004-D1-MEANMAX-F04-S20260927,513a6baa0ccf6a18a076b475e11ec4db466f3c606057a0fa6432ae84e89c02f6
f16b81cbf49033379c118260b73239575ce3e7fd65f385d8239cba0cb00959cf,MITDB_P117,117,1410000000,4,20260927,MODEL_V2_TCN_MEANMAX,0,0.9701821208000183,0.725155770778656,12,V2-004-D1-MEANMAX-F04-S20260927,513a6baa0ccf6a18a076b475e11ec4db466f3c606057a0fa6432ae84e89c02f6
f1ad0072338b90b96e292c29c985b70309c734ffd2747a7a1a433b65c040644e,MITDB_P205,205,725000000,4,20260927,MODEL_V2_TCN_MEANMAX,0,-5.519316673278809,0.003992581740021706,12,V2-004-D1-MEANMAX-F04-S20260927,513a6baa0ccf6a18a076b475e11ec4db466f3c606057a0fa6432ae84e89c02f6
f1d424c210f31a7a2beaa486caef6b627b22fd4d459be2b134de68dab4069f7b,MITDB_P230,230,1325000000,4,20260927,MODEL_V2_TCN_MEANMAX,0,-3.948408365249634,0.01892048306763172,12,V2-004-D1-MEANMAX-F04-S20260927,513a6baa0ccf6a18a076b475e11ec4db466f3c606057a0fa6432ae84e89c02f6
f1efcc276ece606cfb68cd4b908ea1666890e623d07304cf44f54decb17a01c2,MITDB_P230,230,1800000000,4,20260927,MODEL_V2_TCN_MEANMAX,0,-0.719765305519104,0.3274446725845337,12,V2-004-D1-MEANMAX-F04-S20260927,513a6baa0ccf6a18a076b475e11ec4db466f3c606057a0fa6432ae84e89c02f6
f20673d9b3ccb4ae83a3912255243cba33a36bb2aedb56da430bcf4efdffc153,MITDB_P117,117,1170000000,4,20260927,MODEL_V2_TCN_MEANMAX,0,-2.7211713790893555,0.06173558160662651,12,V2-004-D1-MEANMAX-F04-S20260927,513a6baa0ccf6a18a076b475e11ec4db466f3c606057a0fa6432ae84e89c02f6
f213657fc8d1360f58278ab9882b80ddffc89582f4325b107065317931eaff21,MITDB_P205,205,1365000000,4,20260927,MODEL_V2_TCN_MEANMAX,0,-5.665234088897705,0.003452376462519169,12,V2-004-D1-MEANMAX-F04-S20260927,513a6baa0ccf6a18a076b475e11ec4db466f3c606057a0fa6432ae84e89c02f6
f23f45ab4aca2f0faff7ed7a40d6b7a02cdb6a4453a586c52fb68e2266cd07af,MITDB_P221,221,615000000,4,20260927,MODEL_V2_TCN_MEANMAX,1,13.088313102722168,0.9999979734420776,12,V2-004-D1-MEANMAX-F04-S20260927,513a6baa0ccf6a18a076b475e11ec4db466f3c606057a0fa6432ae84e89c02f6
f2931d1222ef540fce10bfba354e28a96c4eaa5882e1403e2581125debb35798,MITDB_P228,228,755000000,4,20260927,MODEL_V2_TCN_MEANMAX,0,-12.819252014160156,2.7081230200565187e-06,12,V2-004-D1-MEANMAX-F04-S20260927,513a6baa0ccf6a18a076b475e11ec4db466f3c606057a0fa6432ae84e89c02f6
f30061918fd79d8fec6f0416e36a346c193189a35ba91779516814f54eb15a40,MITDB_P221,221,1295000000,4,20260927,MODEL_V2_TCN_MEANMAX,1,9.84383773803711,0.9999469518661499,12,V2-004-D1-MEANMAX-F04-S20260927,513a6baa0ccf6a18a076b475e11ec4db466f3c606057a0fa6432ae84e89c02f6
f3118e007d548e16cde94df29b347921c4d445d54f7e84b22a47e7d4c351ae34,MITDB_P205,205,1615000000,4,20260927,MODEL_V2_TCN_MEANMAX,0,-6.563562870025635,0.001408862415701151,12,V2-004-D1-MEANMAX-F04-S20260927,513a6baa0ccf6a18a076b475e11ec4db466f3c606057a0fa6432ae84e89c02f6
f33b1f9264ec4c06d449bc9a113638f79de120e2d6480c03a2dda8b3673d3a41,MITDB_P117,117,415000000,4,20260927,MODEL_V2_TCN_MEANMAX,0,-0.9462878108024597,0.27963200211524963,12,V2-004-D1-MEANMAX-F04-S20260927,513a6baa0ccf6a18a076b475e11ec4db466f3c606057a0fa6432ae84e89c02f6
f3736943cac260711330db3293f30480e702204c10b28f3a1b440ef48f8659b7,MITDB_P230,230,1585000000,4,20260927,MODEL_V2_TCN_MEANMAX,0,-3.162687301635742,0.04059426486492157,12,V2-004-D1-MEANMAX-F04-S20260927,513a6baa0ccf6a18a076b475e11ec4db466f3c606057a0fa6432ae84e89c02f6
f3abb8adb65532efa7e54f1374eddc1e0e8ec41ea94f352e293913768e46a43a,MITDB_P205,205,1195000000,4,20260927,MODEL_V2_TCN_MEANMAX,0,-5.521856784820557,0.0039824931882321835,12,V2-004-D1-MEANMAX-F04-S20260927,513a6baa0ccf6a18a076b475e11ec4db466f3c606057a0fa6432ae84e89c02f6
f3ff341298970e807a9f3bec373c30cd5b634ae1c48838b406caf2b9dd333f36,MITDB_P117,117,605000000,4,20260927,MODEL_V2_TCN_MEANMAX,0,-0.12870250642299652,0.46786871552467346,12,V2-004-D1-MEANMAX-F04-S20260927,513a6baa0ccf6a18a076b475e11ec4db466f3c606057a0fa6432ae84e89c02f6
f4074fd926be25c16ce33c5551146013b1e89ba4cee6ea0273bf5d491b55fa91,MITDB_P230,230,1380000000,4,20260927,MODEL_V2_TCN_MEANMAX,0,-5.708496570587158,0.0033066861797124147,12,V2-004-D1-MEANMAX-F04-S20260927,513a6baa0ccf6a18a076b475e11ec4db466f3c606057a0fa6432ae84e89c02f6
f417d8c80ab6391d11b8d7c64782d31c649fb626cf284ae770b59f326b0d897d,MITDB_P228,228,1515000000,4,20260927,MODEL_V2_TCN_MEANMAX,1,8.26703929901123,0.9997431635856628,12,V2-004-D1-MEANMAX-F04-S20260927,513a6baa0ccf6a18a076b475e11ec4db466f3c606057a0fa6432ae84e89c02f6
f4404d36995ef9299745fa02127a16725ef3c6b1d85a3e7c302850249b821565,MITDB_P205,205,960000000,4,20260927,MODEL_V2_TCN_MEANMAX,0,-5.153645992279053,0.005745101720094681,12,V2-004-D1-MEANMAX-F04-S20260927,513a6baa0ccf6a18a076b475e11ec4db466f3c606057a0fa6432ae84e89c02f6
f46c3b276c2d3a778b63eed5d46e3aa3ca32e513855ea05e12c0beb36397f88c,MITDB_P205,205,1540000000,4,20260927,MODEL_V2_TCN_MEANMAX,0,-7.042385101318359,0.0008732761489227414,12,V2-004-D1-MEANMAX-F04-S20260927,513a6baa0ccf6a18a076b475e11ec4db466f3c606057a0fa6432ae84e89c02f6
f471045dca4a5f13af2da402b6007f9657f837b04bbbcd1d89d6649cc47e3a1a,MITDB_P230,230,985000000,4,20260927,MODEL_V2_TCN_MEANMAX,0,-5.385844707489014,0.004560079425573349,12,V2-004-D1-MEANMAX-F04-S20260927,513a6baa0ccf6a18a076b475e11ec4db466f3c606057a0fa6432ae84e89c02f6
f4b2a59430606536ff2789f31648e417333ff6e32af08c921e8cf908dc0d5f3f,MITDB_P221,221,1575000000,4,20260927,MODEL_V2_TCN_MEANMAX,1,10.955254554748535,0.999982476234436,12,V2-004-D1-MEANMAX-F04-S20260927,513a6baa0ccf6a18a076b475e11ec4db466f3c606057a0fa6432ae84e89c02f6
f4fcf345cfae9ec78eee035a80acbc21a8da5bfcd502695495e11e68c619f999,MITDB_P221,221,930000000,4,20260927,MODEL_V2_TCN_MEANMAX,1,17.077327728271484,1.0,12,V2-004-D1-MEANMAX-F04-S20260927,513a6baa0ccf6a18a076b475e11ec4db466f3c606057a0fa6432ae84e89c02f6
f50b2c407809c1ed29e5e9168fe7b401df514b4a50b956d3bb90eb3a97638fb5,MITDB_P228,228,625000000,4,20260927,MODEL_V2_TCN_MEANMAX,1,10.455406188964844,0.9999711513519287,12,V2-004-D1-MEANMAX-F04-S20260927,513a6baa0ccf6a18a076b475e11ec4db466f3c606057a0fa6432ae84e89c02f6
f52f1111b65a0eb16e08df8f1a0c3bf0175030e8804fd879b0aa4ec6a0617c27,MITDB_P228,228,1780000000,4,20260927,MODEL_V2_TCN_MEANMAX,1,11.755802154541016,0.9999921321868896,12,V2-004-D1-MEANMAX-F04-S20260927,513a6baa0ccf6a18a076b475e11ec4db466f3c606057a0fa6432ae84e89c02f6
f5346370e1873bbab536d23351d595cf54f414e749b9b9aa9a594b784cd4dadb,MITDB_P228,228,585000000,4,20260927,MODEL_V2_TCN_MEANMAX,1,7.890621662139893,0.9996259212493896,12,V2-004-D1-MEANMAX-F04-S20260927,513a6baa0ccf6a18a076b475e11ec4db466f3c606057a0fa6432ae84e89c02f6
f54a2850be77b3fc9dd3ed12118423753cdaf2290d12f0e8120febb0d78655da,MITDB_P228,228,300000000,4,20260927,MODEL_V2_TCN_MEANMAX,1,12.414884567260742,0.9999959468841553,12,V2-004-D1-MEANMAX-F04-S20260927,513a6baa0ccf6a18a076b475e11ec4db466f3c606057a0fa6432ae84e89c02f6
f5520cc55719882f661b2da08e3feedbce19bd3b613f8150ca880bdaac68fd53,MITDB_P228,228,1330000000,4,20260927,MODEL_V2_TCN_MEANMAX,1,12.20547103881836,0.9999949932098389,12,V2-004-D1-MEANMAX-F04-S20260927,513a6baa0ccf6a18a076b475e11ec4db466f3c606057a0fa6432ae84e89c02f6
f56ea1b035a243c1b2cb6b8d8807c85e86a48531a20903fb1713112674f81253,MITDB_P221,221,355000000,4,20260927,MODEL_V2_TCN_MEANMAX,1,11.50776481628418,0.9999899864196777,12,V2-004-D1-MEANMAX-F04-S20260927,513a6baa0ccf6a18a076b475e11ec4db466f3c606057a0fa6432ae84e89c02f6
f59693b7935911a9b83ca6c0e42d4ee04a4f4c844feecefb900976c09f1490f3,MITDB_P205,205,1450000000,4,20260927,MODEL_V2_TCN_MEANMAX,0,-6.555256366729736,0.0014205971965566278,12,V2-004-D1-MEANMAX-F04-S20260927,513a6baa0ccf6a18a076b475e11ec4db466f3c606057a0fa6432ae84e89c02f6
f59d3801e72634240d6329d7e86c3d3544d965bb2c3ef3bcf40fe84589fe0994,MITDB_P230,230,1525000000,4,20260927,MODEL_V2_TCN_MEANMAX,0,-4.432359218597412,0.011746786534786224,12,V2-004-D1-MEANMAX-F04-S20260927,513a6baa0ccf6a18a076b475e11ec4db466f3c606057a0fa6432ae84e89c02f6
f5c3ba04561197fb862d5b2ceddc85b60eb7ea36fd4fa4c9f4727e8f642e8360,MITDB_P230,230,435000000,4,20260927,MODEL_V2_TCN_MEANMAX,0,-3.5473835468292236,0.02799368090927601,12,V2-004-D1-MEANMAX-F04-S20260927,513a6baa0ccf6a18a076b475e11ec4db466f3c606057a0fa6432ae84e89c02f6
f5fbf23a037cac26572e894a96afed0bbdeaba4d450570a59329f9ac39f52788,MITDB_P230,230,180000000,4,20260927,MODEL_V2_TCN_MEANMAX,0,-0.07117404043674469,0.48221397399902344,12,V2-004-D1-MEANMAX-F04-S20260927,513a6baa0ccf6a18a076b475e11ec4db466f3c606057a0fa6432ae84e89c02f6
f62e16edf0ae51c28d74fbfc4047b38b5ecf69a800020b459c16e5fa6cb93a92,MITDB_P230,230,1415000000,4,20260927,MODEL_V2_TCN_MEANMAX,0,-1.8237966299057007,0.13897892832756042,12,V2-004-D1-MEANMAX-F04-S20260927,513a6baa0ccf6a18a076b475e11ec4db466f3c606057a0fa6432ae84e89c02f6
f64ef5a08d53374723416acfa6489844f2c377993e6e8356c100bcc1f9ca65b6,MITDB_P230,230,880000000,4,20260927,MODEL_V2_TCN_MEANMAX,0,-4.98435640335083,0.006797656882554293,12,V2-004-D1-MEANMAX-F04-S20260927,513a6baa0ccf6a18a076b475e11ec4db466f3c606057a0fa6432ae84e89c02f6
f68f651723a44f64dfc85d41548c38939c48136bb4b0acec22974754ef759a1b,MITDB_P205,205,1580000000,4,20260927,MODEL_V2_TCN_MEANMAX,0,-6.790350437164307,0.0011233113473281264,12,V2-004-D1-MEANMAX-F04-S20260927,513a6baa0ccf6a18a076b475e11ec4db466f3c606057a0fa6432ae84e89c02f6
f6cef324f49db359257d756eecfc08c84d355d8835c546f38b336cb24d94db2f,MITDB_P228,228,1585000000,4,20260927,MODEL_V2_TCN_MEANMAX,1,-4.277575492858887,0.0136863486841321,12,V2-004-D1-MEANMAX-F04-S20260927,513a6baa0ccf6a18a076b475e11ec4db466f3c606057a0fa6432ae84e89c02f6
f6ef3b81a0fbd52121212a813530137793ae72ea6009974243dd0cd8d68dbfc1,MITDB_P228,228,770000000,4,20260927,MODEL_V2_TCN_MEANMAX,1,12.478126525878906,0.9999961853027344,12,V2-004-D1-MEANMAX-F04-S20260927,513a6baa0ccf6a18a076b475e11ec4db466f3c606057a0fa6432ae84e89c02f6
f6fd2e1cffb5b3e2bfb6120eaf08614cb68844fe5aefda02b4186f4519950b5b,MITDB_P221,221,85000000,4,20260927,MODEL_V2_TCN_MEANMAX,1,11.130044937133789,0.9999853372573853,12,V2-004-D1-MEANMAX-F04-S20260927,513a6baa0ccf6a18a076b475e11ec4db466f3c606057a0fa6432ae84e89c02f6
f715196abd44d66544660d7a0181a9bcd2aff1462abfc2119c3b5316931753b2,MITDB_P205,205,95000000,4,20260927,MODEL_V2_TCN_MEANMAX,0,-5.586061000823975,0.0037357609253376722,12,V2-004-D1-MEANMAX-F04-S20260927,513a6baa0ccf6a18a076b475e11ec4db466f3c606057a0fa6432ae84e89c02f6
f7485bcbbbec452b72e33e7ac6e4ac7285a7a905f5103a98d8e0e6fc3eccc1a8,MITDB_P221,221,175000000,4,20260927,MODEL_V2_TCN_MEANMAX,1,11.005105972290039,0.9999834299087524,12,V2-004-D1-MEANMAX-F04-S20260927,513a6baa0ccf6a18a076b475e11ec4db466f3c606057a0fa6432ae84e89c02f6
f7510cf7ec5667bc7ba403f2ff69bc2fe795fd572f633ce0da0308ebbbf86e78,MITDB_P230,230,310000000,4,20260927,MODEL_V2_TCN_MEANMAX,0,-1.2068827152252197,0.23025308549404144,12,V2-004-D1-MEANMAX-F04-S20260927,513a6baa0ccf6a18a076b475e11ec4db466f3c606057a0fa6432ae84e89c02f6
f7562f25a49aef722651076d9ca7ad4bf958d1df864363d809f39532c33e68f2,MITDB_P117,117,1515000000,4,20260927,MODEL_V2_TCN_MEANMAX,0,-3.996800422668457,0.018042810261249542,12,V2-004-D1-MEANMAX-F04-S20260927,513a6baa0ccf6a18a076b475e11ec4db466f3c606057a0fa6432ae84e89c02f6
f759748bf21c4a3e0fb73dac41ebe753fc220f6a0eb4d5b7d1ad317718f224af,MITDB_P205,205,1690000000,4,20260927,MODEL_V2_TCN_MEANMAX,1,14.994669914245605,0.9999996423721313,12,V2-004-D1-MEANMAX-F04-S20260927,513a6baa0ccf6a18a076b475e11ec4db466f3c606057a0fa6432ae84e89c02f6
f76973c723f2ec3fba33b6110159d1a5b5f17b58ea5107ec81086ea071e3d288,MITDB_P205,205,1735000000,4,20260927,MODEL_V2_TCN_MEANMAX,0,-6.565093517303467,0.0014067105948925018,12,V2-004-D1-MEANMAX-F04-S20260927,513a6baa0ccf6a18a076b475e11ec4db466f3c606057a0fa6432ae84e89c02f6
f777e610f268c92f3cb8c9e75f6de1b4d3ac463b9275b271f1347eeb64a7e876,MITDB_P228,228,655000000,4,20260927,MODEL_V2_TCN_MEANMAX,1,13.025891304016113,0.9999978542327881,12,V2-004-D1-MEANMAX-F04-S20260927,513a6baa0ccf6a18a076b475e11ec4db466f3c606057a0fa6432ae84e89c02f6
f7986c222d83c04420e565e82a26c18832f2dc4dfb0a9f5306ead0b2f0f1b9c8,MITDB_P205,205,1630000000,4,20260927,MODEL_V2_TCN_MEANMAX,0,-6.363047122955322,0.0017211376689374447,12,V2-004-D1-MEANMAX-F04-S20260927,513a6baa0ccf6a18a076b475e11ec4db466f3c606057a0fa6432ae84e89c02f6
f7b58156b0242729e504895c87b321cd76cac6f72899b40c86de4426845e87d6,MITDB_P221,221,25000000,4,20260927,MODEL_V2_TCN_MEANMAX,1,11.07931137084961,0.999984622001648,12,V2-004-D1-MEANMAX-F04-S20260927,513a6baa0ccf6a18a076b475e11ec4db466f3c606057a0fa6432ae84e89c02f6
f7cbf99e829314f92f767ee10e9edd318c60ca7154339474506156b5ca1a4c5c,MITDB_P230,230,630000000,4,20260927,MODEL_V2_TCN_MEANMAX,0,-4.119266033172607,0.01599639654159546,12,V2-004-D1-MEANMAX-F04-S20260927,513a6baa0ccf6a18a076b475e11ec4db466f3c606057a0fa6432ae84e89c02f6
f80735ed65814e7cbb0135be61bcf9ba1a29ad885f6c6fc6eb985f281b59e71b,MITDB_P221,221,1130000000,4,20260927,MODEL_V2_TCN_MEANMAX,1,12.438638687133789,0.9999960660934448,12,V2-004-D1-MEANMAX-F04-S20260927,513a6baa0ccf6a18a076b475e11ec4db466f3c606057a0fa6432ae84e89c02f6
f819cdcdc35ef1926acd7b304c83340efbdd92fc5231c01482e2c37055852b30,MITDB_P230,230,1670000000,4,20260927,MODEL_V2_TCN_MEANMAX,0,-1.5521087646484375,0.1747819036245346,12,V2-004-D1-MEANMAX-F04-S20260927,513a6baa0ccf6a18a076b475e11ec4db466f3c606057a0fa6432ae84e89c02f6
f86a84fb75248b16f02e516a9cb2c847878370ec90ff6bcae05ae8d16925acb0,MITDB_P228,228,405000000,4,20260927,MODEL_V2_TCN_MEANMAX,1,5.978661060333252,0.9974741339683533,12,V2-004-D1-MEANMAX-F04-S20260927,513a6baa0ccf6a18a076b475e11ec4db466f3c606057a0fa6432ae84e89c02f6
f88b9222b34b89fd92bdd708f44c57bd4afb3ffc559c3b75c307592629ce94bc,MITDB_P230,230,1025000000,4,20260927,MODEL_V2_TCN_MEANMAX,0,-4.779335021972656,0.008331585675477982,12,V2-004-D1-MEANMAX-F04-S20260927,513a6baa0ccf6a18a076b475e11ec4db466f3c606057a0fa6432ae84e89c02f6
f88bf3309511d0960a0555ac1fa405505d0909cb3ba1bd519eded1d6c50f2d39,MITDB_P117,117,1135000000,4,20260927,MODEL_V2_TCN_MEANMAX,0,-3.4556989669799805,0.030599357560276985,12,V2-004-D1-MEANMAX-F04-S20260927,513a6baa0ccf6a18a076b475e11ec4db466f3c606057a0fa6432ae84e89c02f6
f8b1a190e693d51419887580ce792ecbd287d6d5b06de7ecbfb5d06cae6b8a08,MITDB_P228,228,1345000000,4,20260927,MODEL_V2_TCN_MEANMAX,1,9.031264305114746,0.9998804330825806,12,V2-004-D1-MEANMAX-F04-S20260927,513a6baa0ccf6a18a076b475e11ec4db466f3c606057a0fa6432ae84e89c02f6
f8db86a3217cac33d69e746eade84e079bdbc51bfb4b45504006daecadaca051,MITDB_P221,221,1200000000,4,20260927,MODEL_V2_TCN_MEANMAX,1,10.192584037780762,0.999962568283081,12,V2-004-D1-MEANMAX-F04-S20260927,513a6baa0ccf6a18a076b475e11ec4db466f3c606057a0fa6432ae84e89c02f6
f8e58e365e858166a00a9b43697425d56b2d1147857242859e92fc59b9f4b326,MITDB_P230,230,1435000000,4,20260927,MODEL_V2_TCN_MEANMAX,0,-4.044933795928955,0.017209509387612343,12,V2-004-D1-MEANMAX-F04-S20260927,513a6baa0ccf6a18a076b475e11ec4db466f3c606057a0fa6432ae84e89c02f6
f919fcae9c738c35da3450866d8173cc1c5b491c7262ad791ed6379bc47cfc8e,MITDB_P228,228,1015000000,4,20260927,MODEL_V2_TCN_MEANMAX,1,5.704500198364258,0.9966801404953003,12,V2-004-D1-MEANMAX-F04-S20260927,513a6baa0ccf6a18a076b475e11ec4db466f3c606057a0fa6432ae84e89c02f6
f9354fcdf9f1826d970d18430c300462a6876b0462a20c68e5993243c74b6315,MITDB_P230,230,170000000,4,20260927,MODEL_V2_TCN_MEANMAX,0,-3.6767995357513428,0.02467934787273407,12,V2-004-D1-MEANMAX-F04-S20260927,513a6baa0ccf6a18a076b475e11ec4db466f3c606057a0fa6432ae84e89c02f6
f960b3b85369dbdf3486fa550e737d88fbf2174ec14e06b4bfd61df61c36ba96,MITDB_P230,230,875000000,4,20260927,MODEL_V2_TCN_MEANMAX,0,-3.307417631149292,0.035317596048116684,12,V2-004-D1-MEANMAX-F04-S20260927,513a6baa0ccf6a18a076b475e11ec4db466f3c606057a0fa6432ae84e89c02f6
f9c8469120f8339ee2fc6d6bcd984a7c6b40212837d4e233c8b8b801fdfcd4ff,MITDB_P228,228,1705000000,4,20260927,MODEL_V2_TCN_MEANMAX,1,7.15797758102417,0.999221920967102,12,V2-004-D1-MEANMAX-F04-S20260927,513a6baa0ccf6a18a076b475e11ec4db466f3c606057a0fa6432ae84e89c02f6
fa0b392bb4ee16f9a111bed748c9fac38f407644865fb13858b52a40a575b0cd,MITDB_P228,228,1255000000,4,20260927,MODEL_V2_TCN_MEANMAX,1,1.8196521997451782,0.8605244159698486,12,V2-004-D1-MEANMAX-F04-S20260927,513a6baa0ccf6a18a076b475e11ec4db466f3c606057a0fa6432ae84e89c02f6
fa0cad49cf4a0480d8d0f7ec94b87b6d7aa9f79e3e2020a9b918e61dedce107a,MITDB_P221,221,230000000,4,20260927,MODEL_V2_TCN_MEANMAX,1,14.954020500183105,0.9999996423721313,12,V2-004-D1-MEANMAX-F04-S20260927,513a6baa0ccf6a18a076b475e11ec4db466f3c606057a0fa6432ae84e89c02f6
fa1ca59462f799a42bee10de61ee4ded419b69604cf459b0cfe3061aa244abc5,MITDB_P205,205,1800000000,4,20260927,MODEL_V2_TCN_MEANMAX,0,-6.885130405426025,0.0010218375828117132,12,V2-004-D1-MEANMAX-F04-S20260927,513a6baa0ccf6a18a076b475e11ec4db466f3c606057a0fa6432ae84e89c02f6
fa2d83589c950ded36b223cf6fb8ea2d2141b0a9f245663be5dcbb12c4bf811c,MITDB_P228,228,465000000,4,20260927,MODEL_V2_TCN_MEANMAX,1,10.059652328491211,0.9999572038650513,12,V2-004-D1-MEANMAX-F04-S20260927,513a6baa0ccf6a18a076b475e11ec4db466f3c606057a0fa6432ae84e89c02f6
fa71298842a5cb8057a5b9a52768586f58f2ca96357a98385b6088061186788a,MITDB_P230,230,915000000,4,20260927,MODEL_V2_TCN_MEANMAX,0,-4.197389602661133,0.014812075532972813,12,V2-004-D1-MEANMAX-F04-S20260927,513a6baa0ccf6a18a076b475e11ec4db466f3c606057a0fa6432ae84e89c02f6
fa7150cb9cc338b0ee91a7ff1380ba4812348a16ddaa4579d17d0e79341f9398,MITDB_P228,228,1765000000,4,20260927,MODEL_V2_TCN_MEANMAX,1,11.927972793579102,0.9999934434890747,12,V2-004-D1-MEANMAX-F04-S20260927,513a6baa0ccf6a18a076b475e11ec4db466f3c606057a0fa6432ae84e89c02f6
fa87088165485b4f7af8a2d2f30298f2830919caf1cd600a3c10fb02d5816ef6,MITDB_P117,117,1260000000,4,20260927,MODEL_V2_TCN_MEANMAX,0,-2.3229317665100098,0.08924148231744766,12,V2-004-D1-MEANMAX-F04-S20260927,513a6baa0ccf6a18a076b475e11ec4db466f3c606057a0fa6432ae84e89c02f6
fa93551d70d728930965eba22ade03d5b640b05216e4bfcb54dfc8d8bbb11384,MITDB_P205,205,130000000,4,20260927,MODEL_V2_TCN_MEANMAX,0,-5.651517391204834,0.0034998911432921886,12,V2-004-D1-MEANMAX-F04-S20260927,513a6baa0ccf6a18a076b475e11ec4db466f3c606057a0fa6432ae84e89c02f6
fae8d8b334ef5294abdc2c299521e867f573c939e0faee2e9e88c1fff4ab902c,MITDB_P221,221,1285000000,4,20260927,MODEL_V2_TCN_MEANMAX,1,9.881558418273926,0.9999488592147827,12,V2-004-D1-MEANMAX-F04-S20260927,513a6baa0ccf6a18a076b475e11ec4db466f3c606057a0fa6432ae84e89c02f6
fb1a5c2c37252e0ba02df7cb3397268760d59c22c07c511184c7154d378f9b73,MITDB_P117,117,1745000000,4,20260927,MODEL_V2_TCN_MEANMAX,0,-2.074756383895874,0.111574687063694,12,V2-004-D1-MEANMAX-F04-S20260927,513a6baa0ccf6a18a076b475e11ec4db466f3c606057a0fa6432ae84e89c02f6
fb338c3745f2260b0ca27c8d8aada3103808dd7fae7876eb6d142aabf79113be,MITDB_P221,221,880000000,4,20260927,MODEL_V2_TCN_MEANMAX,1,11.759981155395508,0.9999921321868896,12,V2-004-D1-MEANMAX-F04-S20260927,513a6baa0ccf6a18a076b475e11ec4db466f3c606057a0fa6432ae84e89c02f6
fb4b6834fe9f20f5756a8bf261f312d0ac487d020169adda5131f22d545e0ed5,MITDB_P228,228,435000000,4,20260927,MODEL_V2_TCN_MEANMAX,1,7.798315525054932,0.999589741230011,12,V2-004-D1-MEANMAX-F04-S20260927,513a6baa0ccf6a18a076b475e11ec4db466f3c606057a0fa6432ae84e89c02f6
fb7a4b9d98f2d3b2ff28a6dba0b2d5d8fc45fefffa628fa9586824060a816fb7,MITDB_P205,205,1740000000,4,20260927,MODEL_V2_TCN_MEANMAX,0,-6.690225601196289,0.0012414591619744897,12,V2-004-D1-MEANMAX-F04-S20260927,513a6baa0ccf6a18a076b475e11ec4db466f3c606057a0fa6432ae84e89c02f6
fb954b1ee7ee9ddaebe331f5ac073f4fd0bd5bc76e6bd43d389b1f341ef302bf,MITDB_P230,230,205000000,4,20260927,MODEL_V2_TCN_MEANMAX,0,-4.112727165222168,0.01609964855015278,12,V2-004-D1-MEANMAX-F04-S20260927,513a6baa0ccf6a18a076b475e11ec4db466f3c606057a0fa6432ae84e89c02f6
fba2153b1ad29a8d446f7cc38f16cd065fac087d9204f77fa5339ddb405d056f,MITDB_P230,230,1265000000,4,20260927,MODEL_V2_TCN_MEANMAX,0,-5.0380635261535645,0.006444496102631092,12,V2-004-D1-MEANMAX-F04-S20260927,513a6baa0ccf6a18a076b475e11ec4db466f3c606057a0fa6432ae84e89c02f6
fba39b9c1307c5e1589bb19f499bf4c5e666dc8fa512c77e2a8053d68d211502,MITDB_P221,221,965000000,4,20260927,MODEL_V2_TCN_MEANMAX,1,8.977022171020508,0.9998737573623657,12,V2-004-D1-MEANMAX-F04-S20260927,513a6baa0ccf6a18a076b475e11ec4db466f3c606057a0fa6432ae84e89c02f6
fbd03215d08967258c2f88c8fcf6c425c56af99791c880728d403cefbb955e0a,MITDB_P221,221,1480000000,4,20260927,MODEL_V2_TCN_MEANMAX,1,8.975972175598145,0.9998736381530762,12,V2-004-D1-MEANMAX-F04-S20260927,513a6baa0ccf6a18a076b475e11ec4db466f3c606057a0fa6432ae84e89c02f6
fc1df44e82d6e46985ff583dea67d8c7618dc06e0b32b071cfd657e34fcc0c4d,MITDB_P230,230,1340000000,4,20260927,MODEL_V2_TCN_MEANMAX,0,-4.724417209625244,0.008797797374427319,12,V2-004-D1-MEANMAX-F04-S20260927,513a6baa0ccf6a18a076b475e11ec4db466f3c606057a0fa6432ae84e89c02f6
fc266b0d827b0f4a416b3efc9e921fcbd341995287f660d2da56d42c7ef5e97f,MITDB_P205,205,1255000000,4,20260927,MODEL_V2_TCN_MEANMAX,0,-5.779447078704834,0.003080902388319373,12,V2-004-D1-MEANMAX-F04-S20260927,513a6baa0ccf6a18a076b475e11ec4db466f3c606057a0fa6432ae84e89c02f6
fc6ebc081a5bf37f0eadbb46841512b2f6163b18c89f6c08828b2d2effc270ec,MITDB_P221,221,490000000,4,20260927,MODEL_V2_TCN_MEANMAX,1,13.934535026550293,0.9999991655349731,12,V2-004-D1-MEANMAX-F04-S20260927,513a6baa0ccf6a18a076b475e11ec4db466f3c606057a0fa6432ae84e89c02f6
fc819d5c5d58f7caeb56d20d30395125f6cefb5394c6bd9f9d76e20025f0383f,MITDB_P117,117,760000000,4,20260927,MODEL_V2_TCN_MEANMAX,0,-5.336429119110107,0.004789972212165594,12,V2-004-D1-MEANMAX-F04-S20260927,513a6baa0ccf6a18a076b475e11ec4db466f3c606057a0fa6432ae84e89c02f6
fc9acdeb1bf70cea54111760b0bdd580d4f04c4c6faf8651308e5bb9e6d3c8a3,MITDB_P230,230,395000000,4,20260927,MODEL_V2_TCN_MEANMAX,0,-2.381967544555664,0.08455813676118851,12,V2-004-D1-MEANMAX-F04-S20260927,513a6baa0ccf6a18a076b475e11ec4db466f3c606057a0fa6432ae84e89c02f6
fca41c894ce6b9f89f9205f9747ddd2d141ec8c6cf7655fb513659da980bf724,MITDB_P228,228,1385000000,4,20260927,MODEL_V2_TCN_MEANMAX,0,-9.221643447875977,9.88662795862183e-05,12,V2-004-D1-MEANMAX-F04-S20260927,513a6baa0ccf6a18a076b475e11ec4db466f3c606057a0fa6432ae84e89c02f6
fcabb42b6140c5e58da3878b1c73fa72bd75b2db2baca1ad5532f2a20841ea78,MITDB_P228,228,995000000,4,20260927,MODEL_V2_TCN_MEANMAX,0,-12.512961387634277,3.6786489090445684e-06,12,V2-004-D1-MEANMAX-F04-S20260927,513a6baa0ccf6a18a076b475e11ec4db466f3c606057a0fa6432ae84e89c02f6
fcaefb01dd954a357700b20a3084ba74ce210e672b771e5173090dcacb2bce06,MITDB_P221,221,1185000000,4,20260927,MODEL_V2_TCN_MEANMAX,1,13.083511352539062,0.9999979734420776,12,V2-004-D1-MEANMAX-F04-S20260927,513a6baa0ccf6a18a076b475e11ec4db466f3c606057a0fa6432ae84e89c02f6
fccc77c5caf27e39ba4e6046d32338ae8096ce2fbe7f72fff75f9679bf30a7a2,MITDB_P205,205,310000000,4,20260927,MODEL_V2_TCN_MEANMAX,1,5.555644989013672,0.9961493015289307,12,V2-004-D1-MEANMAX-F04-S20260927,513a6baa0ccf6a18a076b475e11ec4db466f3c606057a0fa6432ae84e89c02f6
fcd0bd529e4f14a58d59336b63d74628253bfb9a84eedc4094f91906e2902b29,MITDB_P221,221,1595000000,4,20260927,MODEL_V2_TCN_MEANMAX,1,4.631979465484619,0.9903584122657776,12,V2-004-D1-MEANMAX-F04-S20260927,513a6baa0ccf6a18a076b475e11ec4db466f3c606057a0fa6432ae84e89c02f6
fcdde8c740de600c08bcc70d3659f6c1c9bb18ee19237d8b7cf225ababe2bbd7,MITDB_P228,228,1675000000,4,20260927,MODEL_V2_TCN_MEANMAX,1,6.308371543884277,0.9981822967529297,12,V2-004-D1-MEANMAX-F04-S20260927,513a6baa0ccf6a18a076b475e11ec4db466f3c606057a0fa6432ae84e89c02f6
fcf9818bace1bb63a83bb518325797ad743538f32038504ae5247ddbe8a72f50,MITDB_P205,205,1785000000,4,20260927,MODEL_V2_TCN_MEANMAX,0,-6.374156951904297,0.0017021544044837356,12,V2-004-D1-MEANMAX-F04-S20260927,513a6baa0ccf6a18a076b475e11ec4db466f3c606057a0fa6432ae84e89c02f6
fdb123adbe94597354ef097e4b1824fd36f74ccc78591c33490c777eeb73930a,MITDB_P228,228,1400000000,4,20260927,MODEL_V2_TCN_MEANMAX,1,2.194223642349243,0.8997295498847961,12,V2-004-D1-MEANMAX-F04-S20260927,513a6baa0ccf6a18a076b475e11ec4db466f3c606057a0fa6432ae84e89c02f6
fdb386e09470e08816b8910571f651a7856c9729b66a3672e45726dc08555e5f,MITDB_P205,205,605000000,4,20260927,MODEL_V2_TCN_MEANMAX,0,-5.655930995941162,0.00348453177139163,12,V2-004-D1-MEANMAX-F04-S20260927,513a6baa0ccf6a18a076b475e11ec4db466f3c606057a0fa6432ae84e89c02f6
fdbd282a480bb269a75c014f49d4810b9afb59502e2b25bf79342521cf67a04f,MITDB_P205,205,1265000000,4,20260927,MODEL_V2_TCN_MEANMAX,0,-6.60232400894165,0.0013553706230595708,12,V2-004-D1-MEANMAX-F04-S20260927,513a6baa0ccf6a18a076b475e11ec4db466f3c606057a0fa6432ae84e89c02f6
fdd737d8853a5d6f733e9a00c7785cae956f71999449e1729a8b4bbf544a6b91,MITDB_P205,205,620000000,4,20260927,MODEL_V2_TCN_MEANMAX,0,-5.824926376342773,0.0029443269595503807,12,V2-004-D1-MEANMAX-F04-S20260927,513a6baa0ccf6a18a076b475e11ec4db466f3c606057a0fa6432ae84e89c02f6
fe140fbb9c9bb0afba783fa89d1aa14ce9b69360d651b43ed5927e7f508aabfe,MITDB_P117,117,165000000,4,20260927,MODEL_V2_TCN_MEANMAX,0,-0.8386377692222595,0.301821768283844,12,V2-004-D1-MEANMAX-F04-S20260927,513a6baa0ccf6a18a076b475e11ec4db466f3c606057a0fa6432ae84e89c02f6
fe4a623f7d3ab25c8d183059844a10d0149a374d651836fca8099a0e99989501,MITDB_P221,221,460000000,4,20260927,MODEL_V2_TCN_MEANMAX,1,11.12342643737793,0.9999852180480957,12,V2-004-D1-MEANMAX-F04-S20260927,513a6baa0ccf6a18a076b475e11ec4db466f3c606057a0fa6432ae84e89c02f6
fe5096e5a77985a01f07d93c7553abb0eb005739563348c77aa65813a67792ae,MITDB_P230,230,350000000,4,20260927,MODEL_V2_TCN_MEANMAX,0,-4.8071370124816895,0.008104993030428886,12,V2-004-D1-MEANMAX-F04-S20260927,513a6baa0ccf6a18a076b475e11ec4db466f3c606057a0fa6432ae84e89c02f6
fe70679048d011690d48bad384d066b753e9afe72fef17a2456c9e76942999ea,MITDB_P221,221,330000000,4,20260927,MODEL_V2_TCN_MEANMAX,1,12.325642585754395,0.9999955892562866,12,V2-004-D1-MEANMAX-F04-S20260927,513a6baa0ccf6a18a076b475e11ec4db466f3c606057a0fa6432ae84e89c02f6
feb08fb40041982efd16d8f1e7fa124ea9a13614a95ce1b8cab411d7fb0e5a27,MITDB_P117,117,200000000,4,20260927,MODEL_V2_TCN_MEANMAX,0,-0.27678877115249634,0.4312412440776825,12,V2-004-D1-MEANMAX-F04-S20260927,513a6baa0ccf6a18a076b475e11ec4db466f3c606057a0fa6432ae84e89c02f6
feb9e4bdfc8011815f8405eaab43c55f9ff489757e5c5c72e69c19bdbb03c796,MITDB_P205,205,1430000000,4,20260927,MODEL_V2_TCN_MEANMAX,1,10.52502727508545,0.9999731779098511,12,V2-004-D1-MEANMAX-F04-S20260927,513a6baa0ccf6a18a076b475e11ec4db466f3c606057a0fa6432ae84e89c02f6
fecba29c4d00aa0bbb7a639fe9f8d003c6a1b55566080eda4ef32d23a3c839cc,MITDB_P117,117,220000000,4,20260927,MODEL_V2_TCN_MEANMAX,0,-2.4287753105163574,0.08100458979606628,12,V2-004-D1-MEANMAX-F04-S20260927,513a6baa0ccf6a18a076b475e11ec4db466f3c606057a0fa6432ae84e89c02f6
fedf69d6eed74b2f692cd2e081de3b796a3370c3d2bfaad278e6b1d31ec3c10d,MITDB_P117,117,1485000000,4,20260927,MODEL_V2_TCN_MEANMAX,0,-3.14327073097229,0.04135724902153015,12,V2-004-D1-MEANMAX-F04-S20260927,513a6baa0ccf6a18a076b475e11ec4db466f3c606057a0fa6432ae84e89c02f6
ff147d82a9199af4a5e3635716811e984fc799a8836be4eb44f409ee53590ea4,MITDB_P205,205,640000000,4,20260927,MODEL_V2_TCN_MEANMAX,0,-4.7555060386657715,0.00853078905493021,12,V2-004-D1-MEANMAX-F04-S20260927,513a6baa0ccf6a18a076b475e11ec4db466f3c606057a0fa6432ae84e89c02f6
ff2af1f753062b7c573c7535610b773c707bd88cbe850c51a5583ac9f3ee5b78,MITDB_P230,230,755000000,4,20260927,MODEL_V2_TCN_MEANMAX,0,-5.177478790283203,0.005610557738691568,12,V2-004-D1-MEANMAX-F04-S20260927,513a6baa0ccf6a18a076b475e11ec4db466f3c606057a0fa6432ae84e89c02f6
ff3da2d4166ab2f8b00873d9ef985d57d12741bf4449e385c4e2902e09b7fb85,MITDB_P117,117,1435000000,4,20260927,MODEL_V2_TCN_MEANMAX,0,-3.119441509246826,0.04231239855289459,12,V2-004-D1-MEANMAX-F04-S20260927,513a6baa0ccf6a18a076b475e11ec4db466f3c606057a0fa6432ae84e89c02f6
ff531fcc470020d45e851e5c720a8fb99d803926ef6af2b2db3fea443f0a754e,MITDB_P221,221,565000000,4,20260927,MODEL_V2_TCN_MEANMAX,1,11.715703964233398,0.9999918937683105,12,V2-004-D1-MEANMAX-F04-S20260927,513a6baa0ccf6a18a076b475e11ec4db466f3c606057a0fa6432ae84e89c02f6
ff75ec8d5827bacd8188ef38ca42a4e1f4e18bc63d093d1bb5400f23e5fd7b1b,MITDB_P117,117,495000000,4,20260927,MODEL_V2_TCN_MEANMAX,0,-1.7762634754180908,0.14476513862609863,12,V2-004-D1-MEANMAX-F04-S20260927,513a6baa0ccf6a18a076b475e11ec4db466f3c606057a0fa6432ae84e89c02f6
ffc48325a2eb17aa5652336c20ca177cde5cf3db6edbdcb9b5086c461692142a,MITDB_P230,230,355000000,4,20260927,MODEL_V2_TCN_MEANMAX,0,-3.898667573928833,0.019866233691573143,12,V2-004-D1-MEANMAX-F04-S20260927,513a6baa0ccf6a18a076b475e11ec4db466f3c606057a0fa6432ae84e89c02f6
ffcd960e81b21ff9ecd0b8fa2bd6e989deda1468f8a0d10947ea6a73dda171ec,MITDB_P205,205,1295000000,4,20260927,MODEL_V2_TCN_MEANMAX,0,-6.492460250854492,0.0015125263016670942,12,V2-004-D1-MEANMAX-F04-S20260927,513a6baa0ccf6a18a076b475e11ec4db466f3c606057a0fa6432ae84e89c02f6
ffe88aa7d234795de4780fcba6d4195a36482df99d92d3fdd59f5d2d0ec4216b,MITDB_P117,117,540000000,4,20260927,MODEL_V2_TCN_MEANMAX,0,-1.4203683137893677,0.1946038454771042,12,V2-004-D1-MEANMAX-F04-S20260927,513a6baa0ccf6a18a076b475e11ec4db466f3c606057a0fa6432ae84e89c02f6
fffd99e725eb8089708df8ae66619dad79898c47af5cfedb3889f23ded75b248,MITDB_P230,230,90000000,4,20260927,MODEL_V2_TCN_MEANMAX,0,-4.462637901306152,0.01140043418854475,12,V2-004-D1-MEANMAX-F04-S20260927,513a6baa0ccf6a18a076b475e11ec4db466f3c606057a0fa6432ae84e89c02f6
