example_id,participant_group_id,record_id,prediction_timestamp_us,outer_fold,seed,label,raw_logit,raw_probability,selected_epoch,experiment_id,checkpoint_sha256,model_id
001f28ce5161f938f36f1b54ecae90451e0048b82345610011b62c0928e7008e,MITDB_P124,124,70000000,0,20260927,0,7.286445617675781,0.9993157386779785,35,V2-002-F00-S20260927,a72ac38ce4df2be3a418366a097fbe027ef38d9964f5b1b5705df5f48169be84,MODEL_V1_CV_REFERENCE_V1
00214aa63444c915f6bb97962081779b59ef5ac5c62769b2260696608fe9b777,MITDB_P124,124,1220000000,0,20260927,1,5.883373260498047,0.9972224235534668,35,V2-002-F00-S20260927,a72ac38ce4df2be3a418366a097fbe027ef38d9964f5b1b5705df5f48169be84,MODEL_V1_CV_REFERENCE_V1
002d315cc32f3cbc89c5eb841c0479261476d319a6e6c33e7a1c200f017bca56,MITDB_P212,212,25000000,0,20260927,0,19.77560043334961,1.0,35,V2-002-F00-S20260927,a72ac38ce4df2be3a418366a097fbe027ef38d9964f5b1b5705df5f48169be84,MODEL_V1_CV_REFERENCE_V1
005312e7a2a024143167a6946bd2e2fe98d054568144957f53b80a63f5213b55,MITDB_P203,203,1585000000,0,20260927,1,13.972167015075684,0.9999991655349731,35,V2-002-F00-S20260927,a72ac38ce4df2be3a418366a097fbe027ef38d9964f5b1b5705df5f48169be84,MODEL_V1_CV_REFERENCE_V1
005f2cfc8d2653651f138245bf17d4ed0985ea4dce4723d87625c0d02d09ee33,MITDB_P212,212,415000000,0,20260927,0,6.643514633178711,0.9986991882324219,35,V2-002-F00-S20260927,a72ac38ce4df2be3a418366a097fbe027ef38d9964f5b1b5705df5f48169be84,MODEL_V1_CV_REFERENCE_V1
007cd8f5eb0af3e9d27c82930864ee344a11fb6a42e26fa37d8873be08cca96b,MITDB_P124,124,1530000000,0,20260927,0,8.415637016296387,0.999778687953949,35,V2-002-F00-S20260927,a72ac38ce4df2be3a418366a097fbe027ef38d9964f5b1b5705df5f48169be84,MODEL_V1_CV_REFERENCE_V1
00a57c23d9e4f8238d8ea02d879538117a7e226fe5ee9ee49f0396da91eb09ed,MITDB_P105,105,750000000,0,20260927,1,2.476356267929077,0.9224676489830017,35,V2-002-F00-S20260927,a72ac38ce4df2be3a418366a097fbe027ef38d9964f5b1b5705df5f48169be84,MODEL_V1_CV_REFERENCE_V1
00c6fdf0c2b90cedb45dbfd9551c2690742e9d06a93d3a10beaf8aaf778718c0,MITDB_P203,203,1465000000,0,20260927,1,14.213292121887207,0.9999992847442627,35,V2-002-F00-S20260927,a72ac38ce4df2be3a418366a097fbe027ef38d9964f5b1b5705df5f48169be84,MODEL_V1_CV_REFERENCE_V1
013e0a029d1d2c9c2703af26bd6b787e0436f4b23742c8270206eb1dbb949c82,MITDB_P222,222,1730000000,0,20260927,0,10.738324165344238,0.9999783039093018,35,V2-002-F00-S20260927,a72ac38ce4df2be3a418366a097fbe027ef38d9964f5b1b5705df5f48169be84,MODEL_V1_CV_REFERENCE_V1
014073a78fc4c8ee4588322a34062ea756ecb6a51fcf658b2c5eaae316a9ebbd,MITDB_P209,209,1285000000,0,20260927,1,7.135531425476074,0.9992043375968933,35,V2-002-F00-S20260927,a72ac38ce4df2be3a418366a097fbe027ef38d9964f5b1b5705df5f48169be84,MODEL_V1_CV_REFERENCE_V1
014fe382698451d6d0c090738503e945e9197963f72666260f8b6bed97db6996,MITDB_P105,105,1255000000,0,20260927,0,5.148280143737793,0.9942241311073303,35,V2-002-F00-S20260927,a72ac38ce4df2be3a418366a097fbe027ef38d9964f5b1b5705df5f48169be84,MODEL_V1_CV_REFERENCE_V1
016d0741ec7dbdbaf14bf40c07f2fe082d83b6cb25d018e76811c7f6e6c782d1,MITDB_P124,124,695000000,0,20260927,0,5.63826847076416,0.9964536428451538,35,V2-002-F00-S20260927,a72ac38ce4df2be3a418366a097fbe027ef38d9964f5b1b5705df5f48169be84,MODEL_V1_CV_REFERENCE_V1
0193802d55b2e00f8b6f9895fff75c0bd3f32166486dcfb2c3e185c47f925bb9,MITDB_P209,209,1565000000,0,20260927,1,7.671428680419922,0.9995342493057251,35,V2-002-F00-S20260927,a72ac38ce4df2be3a418366a097fbe027ef38d9964f5b1b5705df5f48169be84,MODEL_V1_CV_REFERENCE_V1
01d175ef39b2b22372af19f58035e559bbe91a9bdc1ca17ac6bd7fbb2ba9e11a,MITDB_P209,209,1580000000,0,20260927,1,5.5255513191223145,0.996032178401947,35,V2-002-F00-S20260927,a72ac38ce4df2be3a418366a097fbe027ef38d9964f5b1b5705df5f48169be84,MODEL_V1_CV_REFERENCE_V1
02048cdb7079a796f28dc8331f8b35394db41846e22fd7f3eaa2786034393355,MITDB_P105,105,1575000000,0,20260927,0,0.8200067281723022,0.6942377686500549,35,V2-002-F00-S20260927,a72ac38ce4df2be3a418366a097fbe027ef38d9964f5b1b5705df5f48169be84,MODEL_V1_CV_REFERENCE_V1
0210e265a5ba293dbdf507b745d34de9fc33ecd261deea5eeb14c70e1e0de32e,MITDB_P212,212,105000000,0,20260927,0,-0.010363070294260979,0.49740925431251526,35,V2-002-F00-S20260927,a72ac38ce4df2be3a418366a097fbe027ef38d9964f5b1b5705df5f48169be84,MODEL_V1_CV_REFERENCE_V1
021e69bf6c704d2c8449001cf0e909f8d284f69fbbfe5a713a3d24899a399d20,MITDB_P212,212,115000000,0,20260927,0,9.817946434020996,0.9999455213546753,35,V2-002-F00-S20260927,a72ac38ce4df2be3a418366a097fbe027ef38d9964f5b1b5705df5f48169be84,MODEL_V1_CV_REFERENCE_V1
02954f40e56ccbcc3e76f80eaef346746032c1b48be311666de55fa1269f5de9,MITDB_P212,212,1395000000,0,20260927,0,-0.290231853723526,0.42794710397720337,35,V2-002-F00-S20260927,a72ac38ce4df2be3a418366a097fbe027ef38d9964f5b1b5705df5f48169be84,MODEL_V1_CV_REFERENCE_V1
0298c973e54a952dca5d4c844316358ef33ddccf9088a50e33df9bf89c1d3b0f,MITDB_P105,105,25000000,0,20260927,1,3.827789068222046,0.9787055850028992,35,V2-002-F00-S20260927,a72ac38ce4df2be3a418366a097fbe027ef38d9964f5b1b5705df5f48169be84,MODEL_V1_CV_REFERENCE_V1
02c8f11f582704d778187fd61edae323fd26d4f4ccef9fd9829080984cb9a5af,MITDB_P105,105,410000000,0,20260927,1,3.800830125808716,0.9781364798545837,35,V2-002-F00-S20260927,a72ac38ce4df2be3a418366a097fbe027ef38d9964f5b1b5705df5f48169be84,MODEL_V1_CV_REFERENCE_V1
031033acd7c0de1930aee3d6860767e0ae9810cffdc729fcf735cc073ee473e2,MITDB_P222,222,250000000,0,20260927,0,8.665038108825684,0.99982750415802,35,V2-002-F00-S20260927,a72ac38ce4df2be3a418366a097fbe027ef38d9964f5b1b5705df5f48169be84,MODEL_V1_CV_REFERENCE_V1
032b10d0bd8e8b52b58573c7bbbead81cfb736a74da1b9b29a68a9c4e789c097,MITDB_P212,212,590000000,0,20260927,0,8.011568069458008,0.9996684789657593,35,V2-002-F00-S20260927,a72ac38ce4df2be3a418366a097fbe027ef38d9964f5b1b5705df5f48169be84,MODEL_V1_CV_REFERENCE_V1
03686e3b9b8458654bdd50db6f421557fb652fd207212fa94f951991029dd4c7,MITDB_P203,203,360000000,0,20260927,1,6.209240913391113,0.9979932308197021,35,V2-002-F00-S20260927,a72ac38ce4df2be3a418366a097fbe027ef38d9964f5b1b5705df5f48169be84,MODEL_V1_CV_REFERENCE_V1
0390bf9d850884e280c9ef8436cc21c6c464d7addb30dc0160aeb0ae377bf74c,MITDB_P124,124,1085000000,0,20260927,0,7.323250770568848,0.9993403553962708,35,V2-002-F00-S20260927,a72ac38ce4df2be3a418366a097fbe027ef38d9964f5b1b5705df5f48169be84,MODEL_V1_CV_REFERENCE_V1
03b2975eb367524ebd3b2a338fa4eeff0d2bf74725bd170bb9e7984918a9c7ff,MITDB_P212,212,430000000,0,20260927,0,13.324787139892578,0.9999983310699463,35,V2-002-F00-S20260927,a72ac38ce4df2be3a418366a097fbe027ef38d9964f5b1b5705df5f48169be84,MODEL_V1_CV_REFERENCE_V1
03c216cf2a9a1c5921faa6145d57ab66a8bb0aecbb03c4b3ae53bfa71d3aaf9b,MITDB_P212,212,1115000000,0,20260927,0,-0.11320832371711731,0.47172811627388,35,V2-002-F00-S20260927,a72ac38ce4df2be3a418366a097fbe027ef38d9964f5b1b5705df5f48169be84,MODEL_V1_CV_REFERENCE_V1
03ea3c3d104806273119d872882b7cf1e67ab12b53bd24e809928234effe7029,MITDB_P203,203,1610000000,0,20260927,1,26.230968475341797,1.0,35,V2-002-F00-S20260927,a72ac38ce4df2be3a418366a097fbe027ef38d9964f5b1b5705df5f48169be84,MODEL_V1_CV_REFERENCE_V1
04225ba980057cef06c557ea5e875d990e3c46fe8429df39a24bc2e68033c5b7,MITDB_P105,105,1670000000,0,20260927,0,4.64339017868042,0.9904667735099792,35,V2-002-F00-S20260927,a72ac38ce4df2be3a418366a097fbe027ef38d9964f5b1b5705df5f48169be84,MODEL_V1_CV_REFERENCE_V1
0430fcf2fcaa38dfcc1af4799eb5a61c59d3298bc1f44dde1b26cf380a3244a7,MITDB_P105,105,550000000,0,20260927,0,2.148408889770508,0.8955199718475342,35,V2-002-F00-S20260927,a72ac38ce4df2be3a418366a097fbe027ef38d9964f5b1b5705df5f48169be84,MODEL_V1_CV_REFERENCE_V1
0435e26e1443f7c6fbe7bed8e1756ef3a0845f86db72c8af29f82d855778e0ba,MITDB_P222,222,770000000,0,20260927,1,1.6409885883331299,0.8376693725585938,35,V2-002-F00-S20260927,a72ac38ce4df2be3a418366a097fbe027ef38d9964f5b1b5705df5f48169be84,MODEL_V1_CV_REFERENCE_V1
043da5569dbe5e63b204fe4d8a301e8ca27f2c548fce75b54ae0129a69d29a6f,MITDB_P124,124,1105000000,0,20260927,0,5.444036483764648,0.9956965446472168,35,V2-002-F00-S20260927,a72ac38ce4df2be3a418366a097fbe027ef38d9964f5b1b5705df5f48169be84,MODEL_V1_CV_REFERENCE_V1
043fc8681dcc73ab466136ca20235672ff12cfe87c3a95807fb121659c2f15a6,MITDB_P212,212,1445000000,0,20260927,0,13.97562026977539,0.9999991655349731,35,V2-002-F00-S20260927,a72ac38ce4df2be3a418366a097fbe027ef38d9964f5b1b5705df5f48169be84,MODEL_V1_CV_REFERENCE_V1
0457bea38d4a9b5c57f855ee78240b5f768420959c456f395c9ee389b52d9cfa,MITDB_P212,212,610000000,0,20260927,0,15.659611701965332,0.9999998807907104,35,V2-002-F00-S20260927,a72ac38ce4df2be3a418366a097fbe027ef38d9964f5b1b5705df5f48169be84,MODEL_V1_CV_REFERENCE_V1
0492b3a9ba5e4033c8de0b03354f172e787c0bf486094fc911e6e2f23e5637e4,MITDB_P203,203,545000000,0,20260927,1,11.806652069091797,0.9999924898147583,35,V2-002-F00-S20260927,a72ac38ce4df2be3a418366a097fbe027ef38d9964f5b1b5705df5f48169be84,MODEL_V1_CV_REFERENCE_V1
049881b63cec2d545a8de38badd8d50d86a7f5fb071d2770c325c2929ed08b19,MITDB_P212,212,720000000,0,20260927,0,0.0317024290561676,0.5079249143600464,35,V2-002-F00-S20260927,a72ac38ce4df2be3a418366a097fbe027ef38d9964f5b1b5705df5f48169be84,MODEL_V1_CV_REFERENCE_V1
049f1669bbed2980837d585e7f2fd696f628d1b55ac668941f79169568941dcb,MITDB_P124,124,580000000,0,20260927,0,6.0981011390686035,0.9977579712867737,35,V2-002-F00-S20260927,a72ac38ce4df2be3a418366a097fbe027ef38d9964f5b1b5705df5f48169be84,MODEL_V1_CV_REFERENCE_V1
04a6af549b6d4dab46143bf3c93782906631a5bb2943a6078016b354ba8caf1e,MITDB_P105,105,340000000,0,20260927,0,3.1400177478790283,0.9585135579109192,35,V2-002-F00-S20260927,a72ac38ce4df2be3a418366a097fbe027ef38d9964f5b1b5705df5f48169be84,MODEL_V1_CV_REFERENCE_V1
04ae4918d28a9d3c4559ef691ad704f416ea02330a826737bf92f37bde97f4ac,MITDB_P124,124,60000000,0,20260927,0,8.3758544921875,0.9997697472572327,35,V2-002-F00-S20260927,a72ac38ce4df2be3a418366a097fbe027ef38d9964f5b1b5705df5f48169be84,MODEL_V1_CV_REFERENCE_V1
04ce1ec545dd0439a0d003a2d922d29c01e8f0965c2f2612d0c53b0dc0f02d13,MITDB_P212,212,605000000,0,20260927,0,14.962823867797852,0.9999996423721313,35,V2-002-F00-S20260927,a72ac38ce4df2be3a418366a097fbe027ef38d9964f5b1b5705df5f48169be84,MODEL_V1_CV_REFERENCE_V1
04f62fb02a20daa1ae22246153032791d2ac92cac4e53162688a9a43197eebee,MITDB_P222,222,240000000,0,20260927,0,8.712387084960938,0.9998354911804199,35,V2-002-F00-S20260927,a72ac38ce4df2be3a418366a097fbe027ef38d9964f5b1b5705df5f48169be84,MODEL_V1_CV_REFERENCE_V1
052527d24883a1f0b3dfdb727660371671f810a91a2930e256e111bda7f48ed7,MITDB_P209,209,270000000,0,20260927,1,11.846839904785156,0.999992847442627,35,V2-002-F00-S20260927,a72ac38ce4df2be3a418366a097fbe027ef38d9964f5b1b5705df5f48169be84,MODEL_V1_CV_REFERENCE_V1
05641ff3d7980c0e38cb16002d25e8756d1e23c8f095b529b68aa7b37de51164,MITDB_P105,105,120000000,0,20260927,0,1.0598516464233398,0.7426621913909912,35,V2-002-F00-S20260927,a72ac38ce4df2be3a418366a097fbe027ef38d9964f5b1b5705df5f48169be84,MODEL_V1_CV_REFERENCE_V1
05819c09e2305534b5903bff178ce5b8404913e0029cdaa8c4bb82238e1ba664,MITDB_P124,124,1410000000,0,20260927,1,6.892414569854736,0.9989855885505676,35,V2-002-F00-S20260927,a72ac38ce4df2be3a418366a097fbe027ef38d9964f5b1b5705df5f48169be84,MODEL_V1_CV_REFERENCE_V1
0587728cd1b726e802e26821d51f6c5c7fd3e44330fda35fc5e576ce67399b2b,MITDB_P203,203,270000000,0,20260927,1,14.981493949890137,0.9999996423721313,35,V2-002-F00-S20260927,a72ac38ce4df2be3a418366a097fbe027ef38d9964f5b1b5705df5f48169be84,MODEL_V1_CV_REFERENCE_V1
05e257d6b0e933b7bd86bb823076201cba58b7952b3ca890d92f655729037706,MITDB_P212,212,710000000,0,20260927,0,-0.12508007884025574,0.46877068281173706,35,V2-002-F00-S20260927,a72ac38ce4df2be3a418366a097fbe027ef38d9964f5b1b5705df5f48169be84,MODEL_V1_CV_REFERENCE_V1
060d104bc22356648804a645109546f9f36ef899f883a3713c204f6e056bd50d,MITDB_P124,124,1255000000,0,20260927,0,5.610456466674805,0.9963539838790894,35,V2-002-F00-S20260927,a72ac38ce4df2be3a418366a097fbe027ef38d9964f5b1b5705df5f48169be84,MODEL_V1_CV_REFERENCE_V1
0611029d396dc3cf53d9351871a47c83acd0e3a6b7e3aebccc7bdea018ad42bc,MITDB_P212,212,935000000,0,20260927,0,12.985462188720703,0.9999977350234985,35,V2-002-F00-S20260927,a72ac38ce4df2be3a418366a097fbe027ef38d9964f5b1b5705df5f48169be84,MODEL_V1_CV_REFERENCE_V1
064204dbd7ae716565a3b011663134398e8a69b2750a514b4dc901e50dd9fa4c,MITDB_P209,209,1045000000,0,20260927,0,8.904279708862305,0.9998642206192017,35,V2-002-F00-S20260927,a72ac38ce4df2be3a418366a097fbe027ef38d9964f5b1b5705df5f48169be84,MODEL_V1_CV_REFERENCE_V1
065802dfd1813633119a4a2fc7a708ee8fb1279c541a9cce079615cb0e2e464d,MITDB_P212,212,1765000000,0,20260927,0,13.728455543518066,0.999998927116394,35,V2-002-F00-S20260927,a72ac38ce4df2be3a418366a097fbe027ef38d9964f5b1b5705df5f48169be84,MODEL_V1_CV_REFERENCE_V1
067ddf8449998538ff2495bd7a95b2255f697f95bf91bfef7e6af8696a429340,MITDB_P222,222,750000000,0,20260927,1,7.213298797607422,0.9992638230323792,35,V2-002-F00-S20260927,a72ac38ce4df2be3a418366a097fbe027ef38d9964f5b1b5705df5f48169be84,MODEL_V1_CV_REFERENCE_V1
0685b9b4c32089fe8c12c8edfaa89fe30420950f48cb7bbf30064f2604a1f77d,MITDB_P203,203,870000000,0,20260927,1,12.76534652709961,0.9999971389770508,35,V2-002-F00-S20260927,a72ac38ce4df2be3a418366a097fbe027ef38d9964f5b1b5705df5f48169be84,MODEL_V1_CV_REFERENCE_V1
0685e120fa74d277f55949a343afe28fe6a5469ff42dc28c15de83565b433120,MITDB_P124,124,1735000000,0,20260927,0,4.885796070098877,0.9925035238265991,35,V2-002-F00-S20260927,a72ac38ce4df2be3a418366a097fbe027ef38d9964f5b1b5705df5f48169be84,MODEL_V1_CV_REFERENCE_V1
06b4010c0181e3ee9c5170353ad97d475680a1151350c8f31fac45a2cab4124f,MITDB_P222,222,1130000000,0,20260927,1,8.628514289855957,0.999821126461029,35,V2-002-F00-S20260927,a72ac38ce4df2be3a418366a097fbe027ef38d9964f5b1b5705df5f48169be84,MODEL_V1_CV_REFERENCE_V1
06e3781b7ec6709ca1c07bc432b22ffbe2aec505974a498749010148873de9e0,MITDB_P212,212,180000000,0,20260927,0,18.192384719848633,1.0,35,V2-002-F00-S20260927,a72ac38ce4df2be3a418366a097fbe027ef38d9964f5b1b5705df5f48169be84,MODEL_V1_CV_REFERENCE_V1
06e70dd1e69ee81583e868acd7bbc605f94fb340b88455bf3b4b59635cbcf3e2,MITDB_P124,124,1725000000,0,20260927,0,3.7037980556488037,0.975962221622467,35,V2-002-F00-S20260927,a72ac38ce4df2be3a418366a097fbe027ef38d9964f5b1b5705df5f48169be84,MODEL_V1_CV_REFERENCE_V1
070960d845d042f297b00d2c513e71f1a73e7348e5e46506c9ce53f35c88feb4,MITDB_P212,212,1415000000,0,20260927,0,16.277437210083008,0.9999998807907104,35,V2-002-F00-S20260927,a72ac38ce4df2be3a418366a097fbe027ef38d9964f5b1b5705df5f48169be84,MODEL_V1_CV_REFERENCE_V1
07098740b04102c1707b75b3386f933a617dc46adf551baeac44d1637613cf43,MITDB_P124,124,30000000,0,20260927,0,5.434929847717285,0.9956574440002441,35,V2-002-F00-S20260927,a72ac38ce4df2be3a418366a097fbe027ef38d9964f5b1b5705df5f48169be84,MODEL_V1_CV_REFERENCE_V1
0714a41b95f4b81edefbdc9f1c378f4ff637981899e9f904a03a69f012e80fc5,MITDB_P209,209,1470000000,0,20260927,1,8.985340118408203,0.9998747110366821,35,V2-002-F00-S20260927,a72ac38ce4df2be3a418366a097fbe027ef38d9964f5b1b5705df5f48169be84,MODEL_V1_CV_REFERENCE_V1
0729c6cf065c73db2ef42ceebc4ee9a0bf963fd382d8e1c029c8dbacfa486363,MITDB_P105,105,575000000,0,20260927,0,1.7775366306304932,0.8553924560546875,35,V2-002-F00-S20260927,a72ac38ce4df2be3a418366a097fbe027ef38d9964f5b1b5705df5f48169be84,MODEL_V1_CV_REFERENCE_V1
074c8a27cc05cb0ca86b60c092b2f38659fb69d9def59c6504ad84dfe795c890,MITDB_P203,203,330000000,0,20260927,1,10.887336730957031,0.9999812841415405,35,V2-002-F00-S20260927,a72ac38ce4df2be3a418366a097fbe027ef38d9964f5b1b5705df5f48169be84,MODEL_V1_CV_REFERENCE_V1
07bb4fbf9193749ef3a1d705bbb3a84b90e0b8b72e16271edcfa11a25c5fcb63,MITDB_P124,124,380000000,0,20260927,0,8.369754791259766,0.9997683167457581,35,V2-002-F00-S20260927,a72ac38ce4df2be3a418366a097fbe027ef38d9964f5b1b5705df5f48169be84,MODEL_V1_CV_REFERENCE_V1
080e4a8c6a7b0a212603cf919f7d14c5658a39d3a0b57ae7bffe0eb8fafb2463,MITDB_P105,105,1060000000,0,20260927,0,-0.8156272172927856,0.3066926598548889,35,V2-002-F00-S20260927,a72ac38ce4df2be3a418366a097fbe027ef38d9964f5b1b5705df5f48169be84,MODEL_V1_CV_REFERENCE_V1
08448268cdb000e59eff9677163e9b5fb3b91c671af330900ad4bf5a6fb6080c,MITDB_P124,124,1350000000,0,20260927,0,8.948031425476074,0.9998700618743896,35,V2-002-F00-S20260927,a72ac38ce4df2be3a418366a097fbe027ef38d9964f5b1b5705df5f48169be84,MODEL_V1_CV_REFERENCE_V1
08700e0d3c0a2b5621d27a35417e41d97714d9e0ed107271de4bf8506d32b590,MITDB_P124,124,705000000,0,20260927,0,4.114311695098877,0.983925461769104,35,V2-002-F00-S20260927,a72ac38ce4df2be3a418366a097fbe027ef38d9964f5b1b5705df5f48169be84,MODEL_V1_CV_REFERENCE_V1
087ab06d617b0498a4e8d5f90d3c8b0d4d1ecf7e27c2979cb998d13acec4cf67,MITDB_P105,105,1755000000,0,20260927,0,1.6492187976837158,0.8387854695320129,35,V2-002-F00-S20260927,a72ac38ce4df2be3a418366a097fbe027ef38d9964f5b1b5705df5f48169be84,MODEL_V1_CV_REFERENCE_V1
088e938fbbe206f929890e077e7d48acd49b4961af34c8859bd7b9779b5083fc,MITDB_P222,222,1625000000,0,20260927,0,6.16324520111084,0.997899055480957,35,V2-002-F00-S20260927,a72ac38ce4df2be3a418366a097fbe027ef38d9964f5b1b5705df5f48169be84,MODEL_V1_CV_REFERENCE_V1
08a3158333bd0ca06f003733993e08e03d96e1ea509cdca0604a333ea4e58be0,MITDB_P222,222,1790000000,0,20260927,0,13.846017837524414,0.9999990463256836,35,V2-002-F00-S20260927,a72ac38ce4df2be3a418366a097fbe027ef38d9964f5b1b5705df5f48169be84,MODEL_V1_CV_REFERENCE_V1
08f843cfe74de84019ec40b84246254010533cc35a31ed4d67ed05f9418456f6,MITDB_P222,222,565000000,0,20260927,1,10.742026329040527,0.9999784231185913,35,V2-002-F00-S20260927,a72ac38ce4df2be3a418366a097fbe027ef38d9964f5b1b5705df5f48169be84,MODEL_V1_CV_REFERENCE_V1
090142a60ccb6c9d04017dab3b8422c5510458e16720c29f2dad51d96e802c2b,MITDB_P124,124,610000000,0,20260927,0,5.214430809020996,0.9945918917655945,35,V2-002-F00-S20260927,a72ac38ce4df2be3a418366a097fbe027ef38d9964f5b1b5705df5f48169be84,MODEL_V1_CV_REFERENCE_V1
090f476fb5e6d013f78a387aa42e141fe460cb45cf970b758d9ec893b3949047,MITDB_P105,105,10000000,0,20260927,0,1.885323166847229,0.8682213425636292,35,V2-002-F00-S20260927,a72ac38ce4df2be3a418366a097fbe027ef38d9964f5b1b5705df5f48169be84,MODEL_V1_CV_REFERENCE_V1
0966e3fcd6a3a28a6690bc579327ecd9c615f7a7dc77bb0f0de7dccadbc6a3b2,MITDB_P222,222,960000000,0,20260927,1,12.032480239868164,0.9999940395355225,35,V2-002-F00-S20260927,a72ac38ce4df2be3a418366a097fbe027ef38d9964f5b1b5705df5f48169be84,MODEL_V1_CV_REFERENCE_V1
096f67a440079474097c89850a8ca6f32d2ad00d24aab737821874e8fc1bf276,MITDB_P212,212,1745000000,0,20260927,0,10.921483993530273,0.9999818801879883,35,V2-002-F00-S20260927,a72ac38ce4df2be3a418366a097fbe027ef38d9964f5b1b5705df5f48169be84,MODEL_V1_CV_REFERENCE_V1
097293fd8205748ceede3f5c94c46cac532e943162fc0cf088067997bccf8bf4,MITDB_P203,203,465000000,0,20260927,1,15.58263874053955,0.9999998807907104,35,V2-002-F00-S20260927,a72ac38ce4df2be3a418366a097fbe027ef38d9964f5b1b5705df5f48169be84,MODEL_V1_CV_REFERENCE_V1
097310c0038e3e2740592a8634641f51d90ee7e153aa1dec55588721d228d296,MITDB_P203,203,1555000000,0,20260927,1,16.776742935180664,1.0,35,V2-002-F00-S20260927,a72ac38ce4df2be3a418366a097fbe027ef38d9964f5b1b5705df5f48169be84,MODEL_V1_CV_REFERENCE_V1
0990e47b93aa51e844522f19df60ddb5420399a3eea734756cba0138dc08aec4,MITDB_P105,105,140000000,0,20260927,0,2.2078490257263184,0.900952160358429,35,V2-002-F00-S20260927,a72ac38ce4df2be3a418366a097fbe027ef38d9964f5b1b5705df5f48169be84,MODEL_V1_CV_REFERENCE_V1
09912575ea107930ca13978c8a85bc9816978ae771ffbfbcc896b208a172c3da,MITDB_P124,124,1065000000,0,20260927,1,17.88287925720215,1.0,35,V2-002-F00-S20260927,a72ac38ce4df2be3a418366a097fbe027ef38d9964f5b1b5705df5f48169be84,MODEL_V1_CV_REFERENCE_V1
09f0133e3015b62047cab665d94e7992f1787d70bd108e0cac59c936aafef8dd,MITDB_P212,212,1105000000,0,20260927,0,7.368127346038818,0.9993693232536316,35,V2-002-F00-S20260927,a72ac38ce4df2be3a418366a097fbe027ef38d9964f5b1b5705df5f48169be84,MODEL_V1_CV_REFERENCE_V1
09f71f9e42a501043a882eab0fa09fc8467d69537533d4b8d752fa8ae2abe172,MITDB_P124,124,1360000000,0,20260927,0,7.331117153167725,0.999345600605011,35,V2-002-F00-S20260927,a72ac38ce4df2be3a418366a097fbe027ef38d9964f5b1b5705df5f48169be84,MODEL_V1_CV_REFERENCE_V1
0a033489280da3ff821eb1214e4abbaacdf0b43b1b7d1ed6077ee1592c3076b6,MITDB_P222,222,585000000,0,20260927,0,18.174711227416992,1.0,35,V2-002-F00-S20260927,a72ac38ce4df2be3a418366a097fbe027ef38d9964f5b1b5705df5f48169be84,MODEL_V1_CV_REFERENCE_V1
0a17f8a3dd546a763a82a80c85934fd5ab1adb1f1327466097446691a166581b,MITDB_P209,209,920000000,0,20260927,1,7.921694755554199,0.9996373653411865,35,V2-002-F00-S20260927,a72ac38ce4df2be3a418366a097fbe027ef38d9964f5b1b5705df5f48169be84,MODEL_V1_CV_REFERENCE_V1
0a1cbfd73b524bb0394d4de3e7781d7e7e2c967e32243f1844244233c12da2b9,MITDB_P124,124,1630000000,0,20260927,0,6.228325366973877,0.9980310797691345,35,V2-002-F00-S20260927,a72ac38ce4df2be3a418366a097fbe027ef38d9964f5b1b5705df5f48169be84,MODEL_V1_CV_REFERENCE_V1
0a88cf49a97403c29e9762c2c59cb8275487ac0e2c12ff4d814500eda858abce,MITDB_P209,209,780000000,0,20260927,1,8.936982154846191,0.9998685121536255,35,V2-002-F00-S20260927,a72ac38ce4df2be3a418366a097fbe027ef38d9964f5b1b5705df5f48169be84,MODEL_V1_CV_REFERENCE_V1
0ad60ae1047d266b8602064ba63f6f5a4058ef4a592c7926dcb4e9e5fe020208,MITDB_P212,212,1725000000,0,20260927,0,-0.17636579275131226,0.4560224711894989,35,V2-002-F00-S20260927,a72ac38ce4df2be3a418366a097fbe027ef38d9964f5b1b5705df5f48169be84,MODEL_V1_CV_REFERENCE_V1
0ad89984675cf9f62a05171bddfb656d3477cd1cc31d59e640ea4c70062a44d8,MITDB_P222,222,105000000,0,20260927,0,15.573142051696777,0.9999998807907104,35,V2-002-F00-S20260927,a72ac38ce4df2be3a418366a097fbe027ef38d9964f5b1b5705df5f48169be84,MODEL_V1_CV_REFERENCE_V1
0b0eceaeec897eb8b616b7f5058e62e0feff28f5c59942749502f78b4e45d7fc,MITDB_P209,209,85000000,0,20260927,0,10.232104301452637,0.9999639987945557,35,V2-002-F00-S20260927,a72ac38ce4df2be3a418366a097fbe027ef38d9964f5b1b5705df5f48169be84,MODEL_V1_CV_REFERENCE_V1
0b2ca817515680cfa0d07fa36336d620ff2d470230ce26ca5ab6d04462905ea6,MITDB_P203,203,425000000,0,20260927,0,7.366483688354492,0.9993683695793152,35,V2-002-F00-S20260927,a72ac38ce4df2be3a418366a097fbe027ef38d9964f5b1b5705df5f48169be84,MODEL_V1_CV_REFERENCE_V1
0b52f307dd0dca0c7e1b4de442d5fef5da5989965c8d96a1150788a1e6c1b0ec,MITDB_P212,212,435000000,0,20260927,0,15.661239624023438,0.9999998807907104,35,V2-002-F00-S20260927,a72ac38ce4df2be3a418366a097fbe027ef38d9964f5b1b5705df5f48169be84,MODEL_V1_CV_REFERENCE_V1
0b7c59b3458a145e6ffa0509771b2a440d86e26d722605a6011f2a6d64a5ed98,MITDB_P209,209,400000000,0,20260927,1,7.8913421630859375,0.9996261596679688,35,V2-002-F00-S20260927,a72ac38ce4df2be3a418366a097fbe027ef38d9964f5b1b5705df5f48169be84,MODEL_V1_CV_REFERENCE_V1
0b99ac5c58089da953f86fbd4adad0a5400b716a3de241271a42be0b75c4bbfb,MITDB_P212,212,1695000000,0,20260927,0,-0.17631736397743225,0.45603445172309875,35,V2-002-F00-S20260927,a72ac38ce4df2be3a418366a097fbe027ef38d9964f5b1b5705df5f48169be84,MODEL_V1_CV_REFERENCE_V1
0bb29a9aaadfa9436285a62183ff39bfc4d214fdd30306baf4a4ea411be428b3,MITDB_P124,124,1285000000,0,20260927,0,6.058804035186768,0.9976682066917419,35,V2-002-F00-S20260927,a72ac38ce4df2be3a418366a097fbe027ef38d9964f5b1b5705df5f48169be84,MODEL_V1_CV_REFERENCE_V1
0bc02f5cad207b577b1062c57eb95aa6b89fa0d26d05166b416bc2a29adfdaae,MITDB_P105,105,1505000000,0,20260927,0,4.235433578491211,0.985732913017273,35,V2-002-F00-S20260927,a72ac38ce4df2be3a418366a097fbe027ef38d9964f5b1b5705df5f48169be84,MODEL_V1_CV_REFERENCE_V1
0bcec0622bb43f96d54b5cbdce753ad389aad529719bba9716e589543d827e7f,MITDB_P212,212,805000000,0,20260927,0,0.1693737804889679,0.5422425270080566,35,V2-002-F00-S20260927,a72ac38ce4df2be3a418366a097fbe027ef38d9964f5b1b5705df5f48169be84,MODEL_V1_CV_REFERENCE_V1
0be0bb2f0925684c438f436e927325ef005d1a826c6bfb0c43e679bb5677a824,MITDB_P124,124,675000000,0,20260927,0,6.166401386260986,0.9979056119918823,35,V2-002-F00-S20260927,a72ac38ce4df2be3a418366a097fbe027ef38d9964f5b1b5705df5f48169be84,MODEL_V1_CV_REFERENCE_V1
0beb6a81f6ab20c4701705e4d6d06dae79c6f7a6fa89f081270a0b36014ec191,MITDB_P124,124,1470000000,0,20260927,0,8.691473960876465,0.999832034111023,35,V2-002-F00-S20260927,a72ac38ce4df2be3a418366a097fbe027ef38d9964f5b1b5705df5f48169be84,MODEL_V1_CV_REFERENCE_V1
0bf3139f0a5ee1d7cf76155653c53bb243da1e69459924ef5388a20b7b5a2f88,MITDB_P222,222,1250000000,0,20260927,1,7.282678604125977,0.9993131160736084,35,V2-002-F00-S20260927,a72ac38ce4df2be3a418366a097fbe027ef38d9964f5b1b5705df5f48169be84,MODEL_V1_CV_REFERENCE_V1
0bfe07d66d919a1f6135ee596e992b21a7cabd593f7d529932a129bd6e18f5ae,MITDB_P209,209,330000000,0,20260927,1,16.535263061523438,0.9999998807907104,35,V2-002-F00-S20260927,a72ac38ce4df2be3a418366a097fbe027ef38d9964f5b1b5705df5f48169be84,MODEL_V1_CV_REFERENCE_V1
0c067639c93b1ba4426fe435d403f1542f238969ad16c6ce1e2bc14ae613a3fa,MITDB_P222,222,1705000000,0,20260927,0,12.858499526977539,0.9999973773956299,35,V2-002-F00-S20260927,a72ac38ce4df2be3a418366a097fbe027ef38d9964f5b1b5705df5f48169be84,MODEL_V1_CV_REFERENCE_V1
0c1fb8db625810e762a60b1f209d3a9f8edf70beabef8e212f28f355c26ccfb4,MITDB_P124,124,1050000000,0,20260927,1,6.817503929138184,0.9989067316055298,35,V2-002-F00-S20260927,a72ac38ce4df2be3a418366a097fbe027ef38d9964f5b1b5705df5f48169be84,MODEL_V1_CV_REFERENCE_V1
0c4b71dac082d71be7698068cbf8da7bc70b2307fc169c56a3e83ff9fdf27267,MITDB_P212,212,1455000000,0,20260927,0,14.313289642333984,0.9999994039535522,35,V2-002-F00-S20260927,a72ac38ce4df2be3a418366a097fbe027ef38d9964f5b1b5705df5f48169be84,MODEL_V1_CV_REFERENCE_V1
0c821ce290cb6b857fdcb60a5a948583cde66c68f1fcf03713fbd50ddbf4155b,MITDB_P222,222,570000000,0,20260927,1,12.222505569458008,0.9999951124191284,35,V2-002-F00-S20260927,a72ac38ce4df2be3a418366a097fbe027ef38d9964f5b1b5705df5f48169be84,MODEL_V1_CV_REFERENCE_V1
0ca00b2b1e8ba86dc5a493364a34492565528d555620c2b9f0684fca83a80f92,MITDB_P222,222,995000000,0,20260927,0,9.642982482910156,0.9999351501464844,35,V2-002-F00-S20260927,a72ac38ce4df2be3a418366a097fbe027ef38d9964f5b1b5705df5f48169be84,MODEL_V1_CV_REFERENCE_V1
0cd027ec0b2af1f66c8f433b0119fe807c2459a4b2df8516657a0e45dccf940e,MITDB_P124,124,780000000,0,20260927,0,5.233798980712891,0.9946951270103455,35,V2-002-F00-S20260927,a72ac38ce4df2be3a418366a097fbe027ef38d9964f5b1b5705df5f48169be84,MODEL_V1_CV_REFERENCE_V1
0cd18226b3910f483018c0fdf92beea23d3fad46de7f8ac5eee42c61693b2ce4,MITDB_P124,124,755000000,0,20260927,0,5.894733905792236,0.9972537159919739,35,V2-002-F00-S20260927,a72ac38ce4df2be3a418366a097fbe027ef38d9964f5b1b5705df5f48169be84,MODEL_V1_CV_REFERENCE_V1
0cdeec35506dfed2764fc79d5526184642af6c08803624622d9f52898520e157,MITDB_P203,203,605000000,0,20260927,1,10.253767013549805,0.9999648332595825,35,V2-002-F00-S20260927,a72ac38ce4df2be3a418366a097fbe027ef38d9964f5b1b5705df5f48169be84,MODEL_V1_CV_REFERENCE_V1
0cee8950005f1ef7619f9c634f0ab207e6c38f81b3700fc87e7852aeff884943,MITDB_P124,124,510000000,0,20260927,0,6.87893533706665,0.9989718198776245,35,V2-002-F00-S20260927,a72ac38ce4df2be3a418366a097fbe027ef38d9964f5b1b5705df5f48169be84,MODEL_V1_CV_REFERENCE_V1
0d0ee1d9ec342ac3d03a34153bd49085413e25cf2a0acdaf8a0fe88241c5d059,MITDB_P209,209,30000000,0,20260927,0,11.176643371582031,0.9999860525131226,35,V2-002-F00-S20260927,a72ac38ce4df2be3a418366a097fbe027ef38d9964f5b1b5705df5f48169be84,MODEL_V1_CV_REFERENCE_V1
0d0fc9c37f5201a094b151ceb8bacea43bb04a1ce0a349caa27cc1b2893bbbb3,MITDB_P222,222,50000000,0,20260927,0,23.179908752441406,1.0,35,V2-002-F00-S20260927,a72ac38ce4df2be3a418366a097fbe027ef38d9964f5b1b5705df5f48169be84,MODEL_V1_CV_REFERENCE_V1
0d12f8072ee6ee49c64305f8f459490e161c38373b1902611f9b32cf9f9c94e6,MITDB_P203,203,140000000,0,20260927,1,16.041889190673828,0.9999998807907104,35,V2-002-F00-S20260927,a72ac38ce4df2be3a418366a097fbe027ef38d9964f5b1b5705df5f48169be84,MODEL_V1_CV_REFERENCE_V1
0d4b13631e00cffb7e413fe93b2589e1755434c53edb948d3c5110e92c2c6ff1,MITDB_P212,212,40000000,0,20260927,0,21.32670021057129,1.0,35,V2-002-F00-S20260927,a72ac38ce4df2be3a418366a097fbe027ef38d9964f5b1b5705df5f48169be84,MODEL_V1_CV_REFERENCE_V1
0d5d5e1ed1743ed65f3a0e4fc6defd7d8cc293108f2ae1f094200d3a47a3d584,MITDB_P203,203,1150000000,0,20260927,1,16.412443161010742,0.9999998807907104,35,V2-002-F00-S20260927,a72ac38ce4df2be3a418366a097fbe027ef38d9964f5b1b5705df5f48169be84,MODEL_V1_CV_REFERENCE_V1
0d71382bf6b2d3519d219c7e816f207cb7e3a441724a968a868f74a17cf6acbf,MITDB_P124,124,100000000,0,20260927,0,7.015557289123535,0.9991030693054199,35,V2-002-F00-S20260927,a72ac38ce4df2be3a418366a097fbe027ef38d9964f5b1b5705df5f48169be84,MODEL_V1_CV_REFERENCE_V1
0dc8ed956e55eb9ecb7ee0664dfa2a0cbc777cca5529ef22b1e45eb48103087f,MITDB_P105,105,625000000,0,20260927,0,2.2190208435058594,0.901944637298584,35,V2-002-F00-S20260927,a72ac38ce4df2be3a418366a097fbe027ef38d9964f5b1b5705df5f48169be84,MODEL_V1_CV_REFERENCE_V1
0dcae489c55322bbcc2b935ce33e1b839eceb3e4b990ef145411bac23ce072cd,MITDB_P222,222,1660000000,0,20260927,0,10.800209045410156,0.9999796152114868,35,V2-002-F00-S20260927,a72ac38ce4df2be3a418366a097fbe027ef38d9964f5b1b5705df5f48169be84,MODEL_V1_CV_REFERENCE_V1
0ded76e95d7110260a66763e892f45ec01eadcc66f31972f74a3178d9848b103,MITDB_P222,222,1680000000,0,20260927,0,11.771878242492676,0.9999922513961792,35,V2-002-F00-S20260927,a72ac38ce4df2be3a418366a097fbe027ef38d9964f5b1b5705df5f48169be84,MODEL_V1_CV_REFERENCE_V1
0e0b18176a6903119b4d2681cef6e44c682d40e35273f8c4f1dc5f73efbc5be6,MITDB_P212,212,565000000,0,20260927,0,9.550312042236328,0.9999288320541382,35,V2-002-F00-S20260927,a72ac38ce4df2be3a418366a097fbe027ef38d9964f5b1b5705df5f48169be84,MODEL_V1_CV_REFERENCE_V1
0e33c37872c8107d4d81cf33b7b741cf2ea30e5244e225d00396e5f21012dd81,MITDB_P222,222,35000000,0,20260927,0,11.864816665649414,0.9999929666519165,35,V2-002-F00-S20260927,a72ac38ce4df2be3a418366a097fbe027ef38d9964f5b1b5705df5f48169be84,MODEL_V1_CV_REFERENCE_V1
0e4303067b3073333ec3220330047af753bef1720b384373acae48635835167b,MITDB_P105,105,1205000000,0,20260927,0,4.591796875,0.9899671077728271,35,V2-002-F00-S20260927,a72ac38ce4df2be3a418366a097fbe027ef38d9964f5b1b5705df5f48169be84,MODEL_V1_CV_REFERENCE_V1
0e7f754f766d971cfa1a44666048c1c56323fece96d8b9a8a246c7feebed5a00,MITDB_P209,209,110000000,0,20260927,1,8.348884582519531,0.9997634291648865,35,V2-002-F00-S20260927,a72ac38ce4df2be3a418366a097fbe027ef38d9964f5b1b5705df5f48169be84,MODEL_V1_CV_REFERENCE_V1
0e91dc43f4b43ecd4919d8804339711e8d42e7fff398ba6224542bed1ce71c3e,MITDB_P212,212,1430000000,0,20260927,0,16.537153244018555,0.9999998807907104,35,V2-002-F00-S20260927,a72ac38ce4df2be3a418366a097fbe027ef38d9964f5b1b5705df5f48169be84,MODEL_V1_CV_REFERENCE_V1
0ea7f6110e419aedeed51b15368fcdba4222f485dde3baf62811ccf2b2c1314f,MITDB_P105,105,230000000,0,20260927,0,0.7014291286468506,0.6685045957565308,35,V2-002-F00-S20260927,a72ac38ce4df2be3a418366a097fbe027ef38d9964f5b1b5705df5f48169be84,MODEL_V1_CV_REFERENCE_V1
0eadd8d035e3d3da7c10be725de41f81a6bd3f5bfdfd614349c687da9cdcc82b,MITDB_P203,203,640000000,0,20260927,1,16.92810821533203,1.0,35,V2-002-F00-S20260927,a72ac38ce4df2be3a418366a097fbe027ef38d9964f5b1b5705df5f48169be84,MODEL_V1_CV_REFERENCE_V1
0ebd65265f8652930f4724b649c5ca844511cd12451dfee28714ece137e1d5cb,MITDB_P203,203,95000000,0,20260927,1,15.248628616333008,0.9999997615814209,35,V2-002-F00-S20260927,a72ac38ce4df2be3a418366a097fbe027ef38d9964f5b1b5705df5f48169be84,MODEL_V1_CV_REFERENCE_V1
0ecb1d3a8c61abaae7ab5694a954c28ce0224250ce38f7a9d6b152cf59397433,MITDB_P222,222,670000000,0,20260927,0,20.733781814575195,1.0,35,V2-002-F00-S20260927,a72ac38ce4df2be3a418366a097fbe027ef38d9964f5b1b5705df5f48169be84,MODEL_V1_CV_REFERENCE_V1
0ed426b258c743414e958aeec1d7ae735536c25067ed5d18ace378b4362ca678,MITDB_P209,209,765000000,0,20260927,1,10.487375259399414,0.9999721050262451,35,V2-002-F00-S20260927,a72ac38ce4df2be3a418366a097fbe027ef38d9964f5b1b5705df5f48169be84,MODEL_V1_CV_REFERENCE_V1
0ed5ed874df66b9785f65000467a1f26598369fb1da9f45e4497c4923e04e1d7,MITDB_P124,124,1025000000,0,20260927,0,5.728509426116943,0.9967586398124695,35,V2-002-F00-S20260927,a72ac38ce4df2be3a418366a097fbe027ef38d9964f5b1b5705df5f48169be84,MODEL_V1_CV_REFERENCE_V1
0eda43cd15e90d1b57da89684c211293ec27b0345dcbd2625630110eb05d39f8,MITDB_P203,203,505000000,0,20260927,1,16.060497283935547,0.9999998807907104,35,V2-002-F00-S20260927,a72ac38ce4df2be3a418366a097fbe027ef38d9964f5b1b5705df5f48169be84,MODEL_V1_CV_REFERENCE_V1
0ee792a8b097bd67f73c2f19316af8a7029b0a0cc2a6545bfd29a521cf42bbec,MITDB_P209,209,1530000000,0,20260927,1,7.933448314666748,0.9996415376663208,35,V2-002-F00-S20260927,a72ac38ce4df2be3a418366a097fbe027ef38d9964f5b1b5705df5f48169be84,MODEL_V1_CV_REFERENCE_V1
0ee8a3c23de4e3e8f346c68c2b554e608182a7238c9db40ec6ef2b4cb37dd99a,MITDB_P222,222,445000000,0,20260927,0,14.771646499633789,0.9999996423721313,35,V2-002-F00-S20260927,a72ac38ce4df2be3a418366a097fbe027ef38d9964f5b1b5705df5f48169be84,MODEL_V1_CV_REFERENCE_V1
0eee968e0f839f1826db109a5accfb86a7b547bea6b5cddd2c807387c549f99b,MITDB_P212,212,410000000,0,20260927,0,6.178304672241211,0.9979304075241089,35,V2-002-F00-S20260927,a72ac38ce4df2be3a418366a097fbe027ef38d9964f5b1b5705df5f48169be84,MODEL_V1_CV_REFERENCE_V1
0f5a811d7fa730aa9103da29c4f4183a25a7fe43075c8ee7da435838d058622f,MITDB_P105,105,640000000,0,20260927,0,4.8265299797058105,0.9920493960380554,35,V2-002-F00-S20260927,a72ac38ce4df2be3a418366a097fbe027ef38d9964f5b1b5705df5f48169be84,MODEL_V1_CV_REFERENCE_V1
0f5ae4f8d87c0be950990a535883bc2cc90704ed5e29885e4cf200d979547352,MITDB_P105,105,965000000,0,20260927,0,1.2911320924758911,0.7843387722969055,35,V2-002-F00-S20260927,a72ac38ce4df2be3a418366a097fbe027ef38d9964f5b1b5705df5f48169be84,MODEL_V1_CV_REFERENCE_V1
0f62f08107e0dad8e0f202bd2842c5a12f043a54c176ea6d3c659f9ac0c4141c,MITDB_P124,124,505000000,0,20260927,0,7.635227203369141,0.9995170831680298,35,V2-002-F00-S20260927,a72ac38ce4df2be3a418366a097fbe027ef38d9964f5b1b5705df5f48169be84,MODEL_V1_CV_REFERENCE_V1
0f740c1ca32018824d6b31f5109a7dac5bdf7586aaa13a214bc7cf41d5443c7e,MITDB_P124,124,1685000000,0,20260927,0,4.156398773193359,0.9845777153968811,35,V2-002-F00-S20260927,a72ac38ce4df2be3a418366a097fbe027ef38d9964f5b1b5705df5f48169be84,MODEL_V1_CV_REFERENCE_V1
0fde47067d6721fff4f2607e5108ad06398377b49632f6f1e28cc1eb8a7b29f9,MITDB_P222,222,365000000,0,20260927,0,20.600255966186523,1.0,35,V2-002-F00-S20260927,a72ac38ce4df2be3a418366a097fbe027ef38d9964f5b1b5705df5f48169be84,MODEL_V1_CV_REFERENCE_V1
0fe4ed8397ee2338504bf4408363148e06ce3f3c49f71da066fe35b9daba9d4b,MITDB_P105,105,255000000,0,20260927,0,3.000805377960205,0.9526104927062988,35,V2-002-F00-S20260927,a72ac38ce4df2be3a418366a097fbe027ef38d9964f5b1b5705df5f48169be84,MODEL_V1_CV_REFERENCE_V1
0fe5686d9d005e8ad32d163f258ce185251bd37db2d8743f2582e6db7169c330,MITDB_P105,105,380000000,0,20260927,0,2.9838082790374756,0.9518372416496277,35,V2-002-F00-S20260927,a72ac38ce4df2be3a418366a097fbe027ef38d9964f5b1b5705df5f48169be84,MODEL_V1_CV_REFERENCE_V1
0ffd302cbaf6df51ebc5972a0a96967a8a0aa67fe3d51caeec7c78042f9e7f90,MITDB_P209,209,655000000,0,20260927,1,5.736766338348389,0.9967851638793945,35,V2-002-F00-S20260927,a72ac38ce4df2be3a418366a097fbe027ef38d9964f5b1b5705df5f48169be84,MODEL_V1_CV_REFERENCE_V1
10139555bee54bdd4ea9c0b5bc939da3cb42c492d808036e321e6089c200f40b,MITDB_P105,105,1435000000,0,20260927,0,8.362589836120605,0.9997666478157043,35,V2-002-F00-S20260927,a72ac38ce4df2be3a418366a097fbe027ef38d9964f5b1b5705df5f48169be84,MODEL_V1_CV_REFERENCE_V1
1036c77c156c7494bd58343b931c919349c473e9f02bc8818ee60451d4a4ecd3,MITDB_P222,222,1045000000,0,20260927,0,7.764772415161133,0.9995757937431335,35,V2-002-F00-S20260927,a72ac38ce4df2be3a418366a097fbe027ef38d9964f5b1b5705df5f48169be84,MODEL_V1_CV_REFERENCE_V1
103fbb8c8591d33cab4b07625ba54c642faaaa7b2fa32e74cfe99bd00dcc4a39,MITDB_P209,209,215000000,0,20260927,0,6.222369194030762,0.9980193376541138,35,V2-002-F00-S20260927,a72ac38ce4df2be3a418366a097fbe027ef38d9964f5b1b5705df5f48169be84,MODEL_V1_CV_REFERENCE_V1
106ed2974760c709f1a89790a7d368bc2fb7e820601458ebcc928145ceb7adef,MITDB_P212,212,1135000000,0,20260927,0,-0.9915177226066589,0.2706124186515808,35,V2-002-F00-S20260927,a72ac38ce4df2be3a418366a097fbe027ef38d9964f5b1b5705df5f48169be84,MODEL_V1_CV_REFERENCE_V1
10a15d57d19148a772d92d8118d5f299370c53ec12761cfabd537d19653093dd,MITDB_P222,222,610000000,0,20260927,0,23.904714584350586,1.0,35,V2-002-F00-S20260927,a72ac38ce4df2be3a418366a097fbe027ef38d9964f5b1b5705df5f48169be84,MODEL_V1_CV_REFERENCE_V1
10a60f8e99f6e4dc335cb62c29674ee5a73ed88ce741c020dfd616b32608ec5f,MITDB_P105,105,1350000000,0,20260927,0,4.252338409423828,0.9859687089920044,35,V2-002-F00-S20260927,a72ac38ce4df2be3a418366a097fbe027ef38d9964f5b1b5705df5f48169be84,MODEL_V1_CV_REFERENCE_V1
10b75b51ecec01636eef5f7c0f05e85015a2b12dfa62daf931ef7c6e1d2c88aa,MITDB_P203,203,1265000000,0,20260927,1,13.694717407226562,0.999998927116394,35,V2-002-F00-S20260927,a72ac38ce4df2be3a418366a097fbe027ef38d9964f5b1b5705df5f48169be84,MODEL_V1_CV_REFERENCE_V1
10cd7eed4790442036c16f494e9885f903431067fcb0b87f995c587d9479683b,MITDB_P105,105,115000000,0,20260927,0,1.1478737592697144,0.759122371673584,35,V2-002-F00-S20260927,a72ac38ce4df2be3a418366a097fbe027ef38d9964f5b1b5705df5f48169be84,MODEL_V1_CV_REFERENCE_V1
111acff0487ba617dc21cc87f81bde9627787923faff7fc2b9b5cb8e9837ae93,MITDB_P124,124,1045000000,0,20260927,1,6.580819129943848,0.9986151456832886,35,V2-002-F00-S20260927,a72ac38ce4df2be3a418366a097fbe027ef38d9964f5b1b5705df5f48169be84,MODEL_V1_CV_REFERENCE_V1
1122fc297a698f906112030ff57fb2ac3313d9368548b07323ca7c020973fc87,MITDB_P222,222,130000000,0,20260927,0,11.070765495300293,0.9999843835830688,35,V2-002-F00-S20260927,a72ac38ce4df2be3a418366a097fbe027ef38d9964f5b1b5705df5f48169be84,MODEL_V1_CV_REFERENCE_V1
115976907c5470cdba0f9463161f59684641dd9546490d7582947035ee7217f8,MITDB_P209,209,1575000000,0,20260927,1,5.493230819702148,0.9959023594856262,35,V2-002-F00-S20260927,a72ac38ce4df2be3a418366a097fbe027ef38d9964f5b1b5705df5f48169be84,MODEL_V1_CV_REFERENCE_V1
115ea4d02100167dce8e2f5f5bbadf44a498ab7df7ab04cd52feae47c88a4499,MITDB_P203,203,840000000,0,20260927,0,9.540792465209961,0.9999281167984009,35,V2-002-F00-S20260927,a72ac38ce4df2be3a418366a097fbe027ef38d9964f5b1b5705df5f48169be84,MODEL_V1_CV_REFERENCE_V1
117d3914fcc251b4a2faf1755a64b82f82eec84c8af5a5813de0d29cc04e7fbf,MITDB_P105,105,170000000,0,20260927,0,1.7876347303390503,0.8566370606422424,35,V2-002-F00-S20260927,a72ac38ce4df2be3a418366a097fbe027ef38d9964f5b1b5705df5f48169be84,MODEL_V1_CV_REFERENCE_V1
11e4513ee2e28a8441e5b5a115eb5ea545e6c14e013eb64e66aaed8f9acfd19e,MITDB_P124,124,645000000,0,20260927,1,4.076192378997803,0.9833112955093384,35,V2-002-F00-S20260927,a72ac38ce4df2be3a418366a097fbe027ef38d9964f5b1b5705df5f48169be84,MODEL_V1_CV_REFERENCE_V1
11e88609602251aa7d8b78af799a86a728bfbda935d2fa9fed761d8d418ec1a9,MITDB_P209,209,1110000000,0,20260927,1,12.043872833251953,0.999994158744812,35,V2-002-F00-S20260927,a72ac38ce4df2be3a418366a097fbe027ef38d9964f5b1b5705df5f48169be84,MODEL_V1_CV_REFERENCE_V1
11ffe1d272c05edf175de40b3c0049c8ef2c55cc190a6e4f0ccccfce6769110e,MITDB_P105,105,765000000,0,20260927,0,2.5625689029693604,0.928413450717926,35,V2-002-F00-S20260927,a72ac38ce4df2be3a418366a097fbe027ef38d9964f5b1b5705df5f48169be84,MODEL_V1_CV_REFERENCE_V1
12664be36f458771278d9b1724d9065c4b8e2e740e04173afb276a3abe9a25fa,MITDB_P212,212,65000000,0,20260927,0,20.138341903686523,1.0,35,V2-002-F00-S20260927,a72ac38ce4df2be3a418366a097fbe027ef38d9964f5b1b5705df5f48169be84,MODEL_V1_CV_REFERENCE_V1
12931816fad2a467a2107fbb4f49bf9decadad399f71ff26bb0dd28b1e57a281,MITDB_P105,105,355000000,0,20260927,1,3.8811569213867188,0.9797899723052979,35,V2-002-F00-S20260927,a72ac38ce4df2be3a418366a097fbe027ef38d9964f5b1b5705df5f48169be84,MODEL_V1_CV_REFERENCE_V1
12bfb41dd529fc2e8d462757f5053b3d53cfcf90ce765ff5300255955b371f64,MITDB_P212,212,400000000,0,20260927,0,8.312639236450195,0.9997546076774597,35,V2-002-F00-S20260927,a72ac38ce4df2be3a418366a097fbe027ef38d9964f5b1b5705df5f48169be84,MODEL_V1_CV_REFERENCE_V1
12f3d39d68e81c4dddfe5a55c7896019a016429332cb99498dbe21c5ebb18ec7,MITDB_P105,105,1415000000,0,20260927,0,1.6524004936218262,0.8392152190208435,35,V2-002-F00-S20260927,a72ac38ce4df2be3a418366a097fbe027ef38d9964f5b1b5705df5f48169be84,MODEL_V1_CV_REFERENCE_V1
12f94936e11f3f79833bc7ef32179802ec38fa2b08b7e2c57fd610863b9f11c8,MITDB_P105,105,1055000000,0,20260927,0,-1.1147658824920654,0.24698343873023987,35,V2-002-F00-S20260927,a72ac38ce4df2be3a418366a097fbe027ef38d9964f5b1b5705df5f48169be84,MODEL_V1_CV_REFERENCE_V1
1302c29ab35dfd171480b443b04c584564607cb26ed4028288e2c1cf709323e4,MITDB_P222,222,1210000000,0,20260927,1,7.702180862426758,0.9995483756065369,35,V2-002-F00-S20260927,a72ac38ce4df2be3a418366a097fbe027ef38d9964f5b1b5705df5f48169be84,MODEL_V1_CV_REFERENCE_V1
132a5b60022de16d43038d23b2bff17e07c0b34b33868f94aa204e259b3a4d6b,MITDB_P209,209,585000000,0,20260927,1,11.298347473144531,0.9999876022338867,35,V2-002-F00-S20260927,a72ac38ce4df2be3a418366a097fbe027ef38d9964f5b1b5705df5f48169be84,MODEL_V1_CV_REFERENCE_V1
13457b53b971fb878de99accbc28116dc72f0a83dc59ec40f948433fbe303402,MITDB_P222,222,1070000000,0,20260927,0,9.806342124938965,0.9999449253082275,35,V2-002-F00-S20260927,a72ac38ce4df2be3a418366a097fbe027ef38d9964f5b1b5705df5f48169be84,MODEL_V1_CV_REFERENCE_V1
136f00ee8738f0ebf8134fbbd1cd190ed0d8e227cc7f20b1561ab8de0406cd1c,MITDB_P212,212,800000000,0,20260927,0,0.184881329536438,0.5460891127586365,35,V2-002-F00-S20260927,a72ac38ce4df2be3a418366a097fbe027ef38d9964f5b1b5705df5f48169be84,MODEL_V1_CV_REFERENCE_V1
137ebc7a7df123af439e80cd91cb9a73cd92ff1d21511543ef20d61de6a9635a,MITDB_P209,209,80000000,0,20260927,1,9.26974105834961,0.9999058246612549,35,V2-002-F00-S20260927,a72ac38ce4df2be3a418366a097fbe027ef38d9964f5b1b5705df5f48169be84,MODEL_V1_CV_REFERENCE_V1
139a3015f2e9eeff25d9420b0ebbc188dcbac31dbe297bfaedb2440ea7b19bdd,MITDB_P105,105,265000000,0,20260927,0,4.970837116241455,0.9931104183197021,35,V2-002-F00-S20260927,a72ac38ce4df2be3a418366a097fbe027ef38d9964f5b1b5705df5f48169be84,MODEL_V1_CV_REFERENCE_V1
13aba4537bf4121b5d7e308466cfeee2cf9b41b45e4f18a976802cf130518c8a,MITDB_P105,105,990000000,0,20260927,0,1.1552948951721191,0.7604767084121704,35,V2-002-F00-S20260927,a72ac38ce4df2be3a418366a097fbe027ef38d9964f5b1b5705df5f48169be84,MODEL_V1_CV_REFERENCE_V1
13bc5eefb02ef4c86a51d8c0f07b541e1fef8f68957dd1b4d5d6892e4f726f99,MITDB_P124,124,340000000,0,20260927,1,3.060920238494873,0.9552516341209412,35,V2-002-F00-S20260927,a72ac38ce4df2be3a418366a097fbe027ef38d9964f5b1b5705df5f48169be84,MODEL_V1_CV_REFERENCE_V1
13ed37a26683c2b54fc8e9aa080f4b4a00eae85dafe0f0456d7ced1c1f858a4e,MITDB_P124,124,515000000,0,20260927,0,7.450847625732422,0.9994194507598877,35,V2-002-F00-S20260927,a72ac38ce4df2be3a418366a097fbe027ef38d9964f5b1b5705df5f48169be84,MODEL_V1_CV_REFERENCE_V1
13f155012b357f05fc6b10b51ff0ff0d344e2a33f9f66b225a9576244be8689e,MITDB_P124,124,550000000,0,20260927,0,6.695837497711182,0.9987654685974121,35,V2-002-F00-S20260927,a72ac38ce4df2be3a418366a097fbe027ef38d9964f5b1b5705df5f48169be84,MODEL_V1_CV_REFERENCE_V1
1404806ec5d89cd91c03b4a8a591d385ca487e1751496bff0179997492c84554,MITDB_P203,203,390000000,0,20260927,1,6.796488285064697,0.9988835453987122,35,V2-002-F00-S20260927,a72ac38ce4df2be3a418366a097fbe027ef38d9964f5b1b5705df5f48169be84,MODEL_V1_CV_REFERENCE_V1
1458507e090c2ba2c528af51b0ddb39481b310a6f6762f38e203718430de331d,MITDB_P105,105,1685000000,0,20260927,0,2.733227014541626,0.9389591217041016,35,V2-002-F00-S20260927,a72ac38ce4df2be3a418366a097fbe027ef38d9964f5b1b5705df5f48169be84,MODEL_V1_CV_REFERENCE_V1
14797ed50e6071506345c469fe2b79d0b37723718fc02c147c0bde7e95679199,MITDB_P222,222,340000000,0,20260927,0,15.631763458251953,0.9999998807907104,35,V2-002-F00-S20260927,a72ac38ce4df2be3a418366a097fbe027ef38d9964f5b1b5705df5f48169be84,MODEL_V1_CV_REFERENCE_V1
14822eed6e1ebb7b4d84ac298df7a45a0f97465d4c5bf1c33ed2d20e8749d910,MITDB_P222,222,735000000,0,20260927,0,24.543237686157227,1.0,35,V2-002-F00-S20260927,a72ac38ce4df2be3a418366a097fbe027ef38d9964f5b1b5705df5f48169be84,MODEL_V1_CV_REFERENCE_V1
148a52d5555c2cee7b6970c46d4d7cb013ad0dbc4549b24b295b23ac857f3704,MITDB_P212,212,160000000,0,20260927,0,22.341306686401367,1.0,35,V2-002-F00-S20260927,a72ac38ce4df2be3a418366a097fbe027ef38d9964f5b1b5705df5f48169be84,MODEL_V1_CV_REFERENCE_V1
14a481b41d0703bee21692a92c95b597d1c1cfdadcead10556f0d7f3053da763,MITDB_P222,222,1630000000,0,20260927,0,4.371835708618164,0.9875293970108032,35,V2-002-F00-S20260927,a72ac38ce4df2be3a418366a097fbe027ef38d9964f5b1b5705df5f48169be84,MODEL_V1_CV_REFERENCE_V1
14bb485f43ef2acccd85547e01b630ed1eef84151310ed26d39c4105bdd79949,MITDB_P203,203,1745000000,0,20260927,1,13.612204551696777,0.9999988079071045,35,V2-002-F00-S20260927,a72ac38ce4df2be3a418366a097fbe027ef38d9964f5b1b5705df5f48169be84,MODEL_V1_CV_REFERENCE_V1
14ca429a251d34933cfd1bbcca5ba422ef5ec264b0842872a3b9c7b43dec31d8,MITDB_P203,203,1715000000,0,20260927,0,18.826099395751953,1.0,35,V2-002-F00-S20260927,a72ac38ce4df2be3a418366a097fbe027ef38d9964f5b1b5705df5f48169be84,MODEL_V1_CV_REFERENCE_V1
15106c3cd8368162d0a03d69068171ad8be3088be39e2d8d6d3f7a610afb45b8,MITDB_P124,124,150000000,0,20260927,0,5.3885908126831055,0.995452344417572,35,V2-002-F00-S20260927,a72ac38ce4df2be3a418366a097fbe027ef38d9964f5b1b5705df5f48169be84,MODEL_V1_CV_REFERENCE_V1
15131717e729044b38c82d4141d56b55b0dceacc63a1c76e2074b05f0389dc6a,MITDB_P124,124,1635000000,0,20260927,0,6.4662861824035645,0.9984474778175354,35,V2-002-F00-S20260927,a72ac38ce4df2be3a418366a097fbe027ef38d9964f5b1b5705df5f48169be84,MODEL_V1_CV_REFERENCE_V1
152733b0bc5436885a393f26c91e1abd735ac83af0b26ee8c221bcfdcfbdc05a,MITDB_P222,222,405000000,0,20260927,0,14.255410194396973,0.9999994039535522,35,V2-002-F00-S20260927,a72ac38ce4df2be3a418366a097fbe027ef38d9964f5b1b5705df5f48169be84,MODEL_V1_CV_REFERENCE_V1
1542035c6c97937768059a9753f8646ccbe2c6d02d3c2ed0345e5b4fe481ea74,MITDB_P105,105,50000000,0,20260927,0,1.3515565395355225,0.7943840026855469,35,V2-002-F00-S20260927,a72ac38ce4df2be3a418366a097fbe027ef38d9964f5b1b5705df5f48169be84,MODEL_V1_CV_REFERENCE_V1
1586ebc167b9fee38934120315b1af786f1ce807720efba268014aefdb372cae,MITDB_P209,209,770000000,0,20260927,0,12.082132339477539,0.9999943971633911,35,V2-002-F00-S20260927,a72ac38ce4df2be3a418366a097fbe027ef38d9964f5b1b5705df5f48169be84,MODEL_V1_CV_REFERENCE_V1
15902ded5d2fbd9ebd26716e6f75a2305aff5d33ed14d9a5e548a55392c1bd32,MITDB_P105,105,975000000,0,20260927,0,1.852123737335205,0.8643762469291687,35,V2-002-F00-S20260927,a72ac38ce4df2be3a418366a097fbe027ef38d9964f5b1b5705df5f48169be84,MODEL_V1_CV_REFERENCE_V1
1598ae7d28be06a8b8e0c3090de015f7e0da222fb86c8c1fa7637976d148c9bd,MITDB_P209,209,1165000000,0,20260927,1,7.660299301147461,0.9995291233062744,35,V2-002-F00-S20260927,a72ac38ce4df2be3a418366a097fbe027ef38d9964f5b1b5705df5f48169be84,MODEL_V1_CV_REFERENCE_V1
15d2247be95e814e743d3ba89ba01e93aa90a8d2db0cb7d26ccbb019fe7d8ed4,MITDB_P124,124,1070000000,0,20260927,1,28.452613830566406,1.0,35,V2-002-F00-S20260927,a72ac38ce4df2be3a418366a097fbe027ef38d9964f5b1b5705df5f48169be84,MODEL_V1_CV_REFERENCE_V1
15d730d9b209b845bb5b4884068c6fb969cfac4f2c2d9bd26314b67cd76d5de5,MITDB_P209,209,1680000000,0,20260927,1,4.6642632484436035,0.9906617999076843,35,V2-002-F00-S20260927,a72ac38ce4df2be3a418366a097fbe027ef38d9964f5b1b5705df5f48169be84,MODEL_V1_CV_REFERENCE_V1
15e1bf939dc272bb5fea17ccbe90916daeba13b1c881fa98c9134d0fb16ff628,MITDB_P209,209,380000000,0,20260927,1,11.870573043823242,0.9999929666519165,35,V2-002-F00-S20260927,a72ac38ce4df2be3a418366a097fbe027ef38d9964f5b1b5705df5f48169be84,MODEL_V1_CV_REFERENCE_V1
160616bd4dbac9f8d310b62b95fceb85b956a86f84d366dc2da22ab27104de42,MITDB_P203,203,1575000000,0,20260927,1,10.639373779296875,0.9999760389328003,35,V2-002-F00-S20260927,a72ac38ce4df2be3a418366a097fbe027ef38d9964f5b1b5705df5f48169be84,MODEL_V1_CV_REFERENCE_V1
1610882c70712da83eaf94731651cc9197ff80248a74bd71b25700b2b8e64ad7,MITDB_P222,222,720000000,0,20260927,1,8.901402473449707,0.9998637437820435,35,V2-002-F00-S20260927,a72ac38ce4df2be3a418366a097fbe027ef38d9964f5b1b5705df5f48169be84,MODEL_V1_CV_REFERENCE_V1
161c3e582d581116466a30b5c3c43a8ef015e7584c86704d6e995a4767f25fe8,MITDB_P222,222,45000000,0,20260927,0,15.420694351196289,0.9999997615814209,35,V2-002-F00-S20260927,a72ac38ce4df2be3a418366a097fbe027ef38d9964f5b1b5705df5f48169be84,MODEL_V1_CV_REFERENCE_V1
1627e0d94f248e47077ddd5ad749a113471594e78ac404cbf7c09c3276a45794,MITDB_P222,222,170000000,0,20260927,0,16.13077735900879,0.9999998807907104,35,V2-002-F00-S20260927,a72ac38ce4df2be3a418366a097fbe027ef38d9964f5b1b5705df5f48169be84,MODEL_V1_CV_REFERENCE_V1
1641925a08fd073f3a91492f6e7960c5dd821e3834cd25effec6fdeede4d4066,MITDB_P203,203,890000000,0,20260927,1,18.585569381713867,1.0,35,V2-002-F00-S20260927,a72ac38ce4df2be3a418366a097fbe027ef38d9964f5b1b5705df5f48169be84,MODEL_V1_CV_REFERENCE_V1
1641999870539852641e8a03bde38ac9be22deecd0d4ee16b5c246936df38956,MITDB_P203,203,40000000,0,20260927,0,5.517396926879883,0.995999813079834,35,V2-002-F00-S20260927,a72ac38ce4df2be3a418366a097fbe027ef38d9964f5b1b5705df5f48169be84,MODEL_V1_CV_REFERENCE_V1
169f2bf098fc6be028c3d98229c105c6d5ce00a3cf04a67f391a24b6e29b8fc7,MITDB_P222,222,1480000000,0,20260927,1,4.291196823120117,0.9864962697029114,35,V2-002-F00-S20260927,a72ac38ce4df2be3a418366a097fbe027ef38d9964f5b1b5705df5f48169be84,MODEL_V1_CV_REFERENCE_V1
16add6a2c00aa452a295aeefd253066c8746b84502e01594f90c353159bd74df,MITDB_P209,209,635000000,0,20260927,0,8.27163028717041,0.9997443556785583,35,V2-002-F00-S20260927,a72ac38ce4df2be3a418366a097fbe027ef38d9964f5b1b5705df5f48169be84,MODEL_V1_CV_REFERENCE_V1
16ae4aac98958b1f01a635a2754a1ebb70771450dcde4b88a37f82d550d83434,MITDB_P105,105,940000000,0,20260927,0,2.0339150428771973,0.8843122124671936,35,V2-002-F00-S20260927,a72ac38ce4df2be3a418366a097fbe027ef38d9964f5b1b5705df5f48169be84,MODEL_V1_CV_REFERENCE_V1
16ceb24171e59d49d58cba3dff1d40a4fccee1a358c94f8ac8d1c1387f2aaf75,MITDB_P222,222,360000000,0,20260927,0,14.941923141479492,0.9999996423721313,35,V2-002-F00-S20260927,a72ac38ce4df2be3a418366a097fbe027ef38d9964f5b1b5705df5f48169be84,MODEL_V1_CV_REFERENCE_V1
1715dac44147523a027c3d8947e4cfd98783c9af5d0d9bfbba506a7ec13e6ecf,MITDB_P124,124,1715000000,0,20260927,1,6.515748500823975,0.9985222220420837,35,V2-002-F00-S20260927,a72ac38ce4df2be3a418366a097fbe027ef38d9964f5b1b5705df5f48169be84,MODEL_V1_CV_REFERENCE_V1
172f441eca20f284418f3627409b84155d48d69b8b5356b1d106836584674487,MITDB_P124,124,1365000000,0,20260927,0,8.835138320922852,0.9998544454574585,35,V2-002-F00-S20260927,a72ac38ce4df2be3a418366a097fbe027ef38d9964f5b1b5705df5f48169be84,MODEL_V1_CV_REFERENCE_V1
1730ee1a8368a71d33eca54b9a09c20cd9bce13c28c18412b82c6a695efb3221,MITDB_P105,105,480000000,0,20260927,0,2.5289456844329834,0.9261462688446045,35,V2-002-F00-S20260927,a72ac38ce4df2be3a418366a097fbe027ef38d9964f5b1b5705df5f48169be84,MODEL_V1_CV_REFERENCE_V1
1743cd41f0d1c82111adb8fd6c82218f367d08bb6d362ca8cd089944763d57bc,MITDB_P203,203,265000000,0,20260927,1,14.643381118774414,0.9999995231628418,35,V2-002-F00-S20260927,a72ac38ce4df2be3a418366a097fbe027ef38d9964f5b1b5705df5f48169be84,MODEL_V1_CV_REFERENCE_V1
17579c0b2909d7e87133c41f53f721a4d186c5c0d92fb5f2f76061bc8825d532,MITDB_P212,212,1645000000,0,20260927,0,-0.16355517506599426,0.4592020809650421,35,V2-002-F00-S20260927,a72ac38ce4df2be3a418366a097fbe027ef38d9964f5b1b5705df5f48169be84,MODEL_V1_CV_REFERENCE_V1
17b6ab4a3000bcff5858c6aee388ed70e7b5ccd0ed7fa1b894f757b095bdead9,MITDB_P203,203,1725000000,0,20260927,1,19.966266632080078,1.0,35,V2-002-F00-S20260927,a72ac38ce4df2be3a418366a097fbe027ef38d9964f5b1b5705df5f48169be84,MODEL_V1_CV_REFERENCE_V1
17e04f1f16fe8b4d6873f652d8fff6b32bd954817943a3f6551e58088838dc88,MITDB_P124,124,1265000000,0,20260927,0,6.443550109863281,0.9984117746353149,35,V2-002-F00-S20260927,a72ac38ce4df2be3a418366a097fbe027ef38d9964f5b1b5705df5f48169be84,MODEL_V1_CV_REFERENCE_V1
17ec8503a01e7732ebb130b3b5f1530409ea2907277a6febcaccaada9ab347a3,MITDB_P105,105,795000000,0,20260927,0,-0.6935146450996399,0.3332516849040985,35,V2-002-F00-S20260927,a72ac38ce4df2be3a418366a097fbe027ef38d9964f5b1b5705df5f48169be84,MODEL_V1_CV_REFERENCE_V1
17ed1f26216da99ccfb30aa939a2db378ba328e967563a83443a8fd2e4de0ef3,MITDB_P209,209,665000000,0,20260927,1,6.705207824707031,0.9987769722938538,35,V2-002-F00-S20260927,a72ac38ce4df2be3a418366a097fbe027ef38d9964f5b1b5705df5f48169be84,MODEL_V1_CV_REFERENCE_V1
17fc6822bb9bb5b1ec1ad4346dcda5f03d3aee3f89b2a6333ace334174215e57,MITDB_P124,124,1625000000,0,20260927,0,7.1294264793396,0.9991994500160217,35,V2-002-F00-S20260927,a72ac38ce4df2be3a418366a097fbe027ef38d9964f5b1b5705df5f48169be84,MODEL_V1_CV_REFERENCE_V1
1851b2267ee62f0ac9c22df83044b51c5eb5d9802252bfa64e1c8782b3a1f2f4,MITDB_P209,209,950000000,0,20260927,1,6.091446399688721,0.9977430105209351,35,V2-002-F00-S20260927,a72ac38ce4df2be3a418366a097fbe027ef38d9964f5b1b5705df5f48169be84,MODEL_V1_CV_REFERENCE_V1
18c433bbcc17154cedc1fde1528429603986f9a405d2444cbcd5217afd13d0be,MITDB_P124,124,1780000000,0,20260927,0,6.157480716705322,0.9978868365287781,35,V2-002-F00-S20260927,a72ac38ce4df2be3a418366a097fbe027ef38d9964f5b1b5705df5f48169be84,MODEL_V1_CV_REFERENCE_V1
18f8acbb9b6182964f3e86680137e34db6771e6fbc2a0d8fc2feb9c4b4ed6bb9,MITDB_P203,203,225000000,0,20260927,1,17.871803283691406,1.0,35,V2-002-F00-S20260927,a72ac38ce4df2be3a418366a097fbe027ef38d9964f5b1b5705df5f48169be84,MODEL_V1_CV_REFERENCE_V1
194363789966d1b25a181432a3f85375220d1ef03117618e666f9d9d83931774,MITDB_P124,124,360000000,0,20260927,0,9.20628547668457,0.9998996257781982,35,V2-002-F00-S20260927,a72ac38ce4df2be3a418366a097fbe027ef38d9964f5b1b5705df5f48169be84,MODEL_V1_CV_REFERENCE_V1
194b14f735b65b347fe342dcba2e514d8f948c4b2a5101791e58788b71ebc694,MITDB_P105,105,955000000,0,20260927,0,1.4839911460876465,0.8151746988296509,35,V2-002-F00-S20260927,a72ac38ce4df2be3a418366a097fbe027ef38d9964f5b1b5705df5f48169be84,MODEL_V1_CV_REFERENCE_V1
196ba10c462360f109ce21f6017f1db3790e6ab1bfb12658c3b1acca28584522,MITDB_P222,222,510000000,0,20260927,0,20.045869827270508,1.0,35,V2-002-F00-S20260927,a72ac38ce4df2be3a418366a097fbe027ef38d9964f5b1b5705df5f48169be84,MODEL_V1_CV_REFERENCE_V1
1977a2d91c5555895247ff9a99ac1c1cdd05f89ee1a6ee2c2a4a9f372aada1c9,MITDB_P203,203,1670000000,0,20260927,1,15.108672142028809,0.9999997615814209,35,V2-002-F00-S20260927,a72ac38ce4df2be3a418366a097fbe027ef38d9964f5b1b5705df5f48169be84,MODEL_V1_CV_REFERENCE_V1
1983ba1ad18fba75d354f4d9f02e845864fdd71167942b285ac37095667219e4,MITDB_P124,124,315000000,0,20260927,1,-0.4109536111354828,0.39868345856666565,35,V2-002-F00-S20260927,a72ac38ce4df2be3a418366a097fbe027ef38d9964f5b1b5705df5f48169be84,MODEL_V1_CV_REFERENCE_V1
19978db0078e75c344176d9de3833ac645e47bb212bc13e80fb0d341f80fe92a,MITDB_P105,105,145000000,0,20260927,0,2.332888126373291,0.9115644693374634,35,V2-002-F00-S20260927,a72ac38ce4df2be3a418366a097fbe027ef38d9964f5b1b5705df5f48169be84,MODEL_V1_CV_REFERENCE_V1
19a8794ba914db986b1e02609b5005b58a837dfc57fe175498730b1301fa357f,MITDB_P209,209,105000000,0,20260927,1,9.42156982421875,0.999919056892395,35,V2-002-F00-S20260927,a72ac38ce4df2be3a418366a097fbe027ef38d9964f5b1b5705df5f48169be84,MODEL_V1_CV_REFERENCE_V1
19aad1853b3eaa929a3ce0e46cd160d5e489fa190eb3668f27bcb2c6b4b54d9b,MITDB_P105,105,430000000,0,20260927,0,2.4625017642974854,0.9214708209037781,35,V2-002-F00-S20260927,a72ac38ce4df2be3a418366a097fbe027ef38d9964f5b1b5705df5f48169be84,MODEL_V1_CV_REFERENCE_V1
19d03767e41d3538e0db3cf75996be36132891ba0c88a221a741823712f137a8,MITDB_P105,105,65000000,0,20260927,1,3.3864362239837646,0.967278003692627,35,V2-002-F00-S20260927,a72ac38ce4df2be3a418366a097fbe027ef38d9964f5b1b5705df5f48169be84,MODEL_V1_CV_REFERENCE_V1
19e6cbed4ac0b6fb2ddc076e6165c459f910574d971d1857ab3426307bc4ac7b,MITDB_P209,209,1495000000,0,20260927,0,5.509380340576172,0.9959677457809448,35,V2-002-F00-S20260927,a72ac38ce4df2be3a418366a097fbe027ef38d9964f5b1b5705df5f48169be84,MODEL_V1_CV_REFERENCE_V1
19f152a2467a75a0f9086eb627fd558f1d882670da2929005f9f955159ca57ab,MITDB_P222,222,1205000000,0,20260927,1,5.879948139190674,0.997212827205658,35,V2-002-F00-S20260927,a72ac38ce4df2be3a418366a097fbe027ef38d9964f5b1b5705df5f48169be84,MODEL_V1_CV_REFERENCE_V1
19f8461206b425d6d0c78eb67002ccd78195aaa7c61c87f734b12951ced92ee3,MITDB_P212,212,1030000000,0,20260927,0,17.768766403198242,1.0,35,V2-002-F00-S20260927,a72ac38ce4df2be3a418366a097fbe027ef38d9964f5b1b5705df5f48169be84,MODEL_V1_CV_REFERENCE_V1
1a2169f84e9e1684d5f1d291881478134ce6750f20c5a8df9517117a58376ddb,MITDB_P209,209,1465000000,0,20260927,1,6.778118133544922,0.9988628625869751,35,V2-002-F00-S20260927,a72ac38ce4df2be3a418366a097fbe027ef38d9964f5b1b5705df5f48169be84,MODEL_V1_CV_REFERENCE_V1
1a290dbfd391fcf40887495aae2d4548ad6a385047599ec4b1cd7feddca53618,MITDB_P203,203,1185000000,0,20260927,1,12.511882781982422,0.9999963045120239,35,V2-002-F00-S20260927,a72ac38ce4df2be3a418366a097fbe027ef38d9964f5b1b5705df5f48169be84,MODEL_V1_CV_REFERENCE_V1
1a4643f86ced23962e241c02742350ad12ebdd1aaeb979078e26960eec1d638d,MITDB_P212,212,370000000,0,20260927,0,13.475076675415039,0.9999985694885254,35,V2-002-F00-S20260927,a72ac38ce4df2be3a418366a097fbe027ef38d9964f5b1b5705df5f48169be84,MODEL_V1_CV_REFERENCE_V1
1a4bc8bcc3eb086948271ab796b23a9c6c7eee0513f466094f453af259e22f46,MITDB_P124,124,815000000,0,20260927,0,6.46031379699707,0.9984381794929504,35,V2-002-F00-S20260927,a72ac38ce4df2be3a418366a097fbe027ef38d9964f5b1b5705df5f48169be84,MODEL_V1_CV_REFERENCE_V1
1a5bb23a1a4ab36b44eaeb7796f11d3c1ed4bb847266a9598dd39813cf6a2312,MITDB_P222,222,1555000000,0,20260927,0,10.071293830871582,0.9999576807022095,35,V2-002-F00-S20260927,a72ac38ce4df2be3a418366a097fbe027ef38d9964f5b1b5705df5f48169be84,MODEL_V1_CV_REFERENCE_V1
1a5bfbcb12060235e5db60329762bdb71bc3ceaa4a9f09df1cd8c60b99ce07e7,MITDB_P203,203,955000000,0,20260927,1,16.73862648010254,1.0,35,V2-002-F00-S20260927,a72ac38ce4df2be3a418366a097fbe027ef38d9964f5b1b5705df5f48169be84,MODEL_V1_CV_REFERENCE_V1
1a9141bb836c63c796a8680313b7fd16e94d26bc0e10b08f9b7f387d27cd498b,MITDB_P212,212,1255000000,0,20260927,0,12.042135238647461,0.999994158744812,35,V2-002-F00-S20260927,a72ac38ce4df2be3a418366a097fbe027ef38d9964f5b1b5705df5f48169be84,MODEL_V1_CV_REFERENCE_V1
1a93c2b5b0732674da3e1effc3e0d8e2523bfbb2c6829f7b40a67d41948d13bf,MITDB_P209,209,700000000,0,20260927,0,10.798795700073242,0.9999796152114868,35,V2-002-F00-S20260927,a72ac38ce4df2be3a418366a097fbe027ef38d9964f5b1b5705df5f48169be84,MODEL_V1_CV_REFERENCE_V1
1aa71446b4da6000c4f6d9dc893cdb9334eef79e698f3f483a5cbb5da090b63c,MITDB_P209,209,130000000,0,20260927,0,13.687736511230469,0.9999988079071045,35,V2-002-F00-S20260927,a72ac38ce4df2be3a418366a097fbe027ef38d9964f5b1b5705df5f48169be84,MODEL_V1_CV_REFERENCE_V1
1af4eae7d62f4b99758429e3fdc9deadd77451b304c16cedf60ef2ddb092d514,MITDB_P212,212,340000000,0,20260927,0,0.2240290343761444,0.5557742118835449,35,V2-002-F00-S20260927,a72ac38ce4df2be3a418366a097fbe027ef38d9964f5b1b5705df5f48169be84,MODEL_V1_CV_REFERENCE_V1
1b4af0f15bb247f7b09e34e9ac1a321bf8a64f75ca09dafdce2f51ac5fda287c,MITDB_P203,203,755000000,0,20260927,1,15.48245620727539,0.9999997615814209,35,V2-002-F00-S20260927,a72ac38ce4df2be3a418366a097fbe027ef38d9964f5b1b5705df5f48169be84,MODEL_V1_CV_REFERENCE_V1
1b8759ecb2f36d10abbe23e066a2902fb73951459c0835b0839036e34f899349,MITDB_P212,212,1515000000,0,20260927,0,15.827021598815918,0.9999998807907104,35,V2-002-F00-S20260927,a72ac38ce4df2be3a418366a097fbe027ef38d9964f5b1b5705df5f48169be84,MODEL_V1_CV_REFERENCE_V1
1b89ea1e2b4f1a70bc12290eabd1c218522dfd1bd59aa52052a3ed99cd39a28f,MITDB_P209,209,455000000,0,20260927,0,7.0089850425720215,0.9990971088409424,35,V2-002-F00-S20260927,a72ac38ce4df2be3a418366a097fbe027ef38d9964f5b1b5705df5f48169be84,MODEL_V1_CV_REFERENCE_V1
1b963ac40bd4a8455f492ec91af882fad621511695838e940aee32304a664a0d,MITDB_P222,222,790000000,0,20260927,0,21.6630916595459,1.0,35,V2-002-F00-S20260927,a72ac38ce4df2be3a418366a097fbe027ef38d9964f5b1b5705df5f48169be84,MODEL_V1_CV_REFERENCE_V1
1b9e951d3363d5f31f2ae79557f42d9e44968209c5511b8a409bf944d3637f8d,MITDB_P212,212,735000000,0,20260927,0,0.17322370409965515,0.5431979298591614,35,V2-002-F00-S20260927,a72ac38ce4df2be3a418366a097fbe027ef38d9964f5b1b5705df5f48169be84,MODEL_V1_CV_REFERENCE_V1
1be4b413a9a46d1b6d0754c9fb515c39a9afb9c49d85edab5b90d9620ae9c1e8,MITDB_P203,203,1505000000,0,20260927,1,22.314899444580078,1.0,35,V2-002-F00-S20260927,a72ac38ce4df2be3a418366a097fbe027ef38d9964f5b1b5705df5f48169be84,MODEL_V1_CV_REFERENCE_V1
1bf52ce3dc6151e9ffab2b8789a13675986932323efe310bccd1c808575c9b3a,MITDB_P209,209,305000000,0,20260927,1,9.620176315307617,0.9999336004257202,35,V2-002-F00-S20260927,a72ac38ce4df2be3a418366a097fbe027ef38d9964f5b1b5705df5f48169be84,MODEL_V1_CV_REFERENCE_V1
1c6fd2cec0dac34a65a8c6e40b7e49a3adef4b7941892d45b429e81b0542fe8f,MITDB_P212,212,1505000000,0,20260927,0,11.878482818603516,0.999993085861206,35,V2-002-F00-S20260927,a72ac38ce4df2be3a418366a097fbe027ef38d9964f5b1b5705df5f48169be84,MODEL_V1_CV_REFERENCE_V1
1cbfdaeb3b653579210289b7b509007b46f0ee9d615e0b4934327e7046c3c168,MITDB_P222,222,1085000000,0,20260927,1,5.670986652374268,0.9965673685073853,35,V2-002-F00-S20260927,a72ac38ce4df2be3a418366a097fbe027ef38d9964f5b1b5705df5f48169be84,MODEL_V1_CV_REFERENCE_V1
1cce2c009d9ce977b9fb6704b88370c6abcbaf1c0b61fb257510ae23ac964e25,MITDB_P209,209,1035000000,0,20260927,0,6.234084129333496,0.9980423450469971,35,V2-002-F00-S20260927,a72ac38ce4df2be3a418366a097fbe027ef38d9964f5b1b5705df5f48169be84,MODEL_V1_CV_REFERENCE_V1
1cd47fc7cc2f23789d95720bf3f6c319f35779cc7ebeb68f06612bbbb019db39,MITDB_P203,203,1380000000,0,20260927,0,9.5840482711792,0.9999312162399292,35,V2-002-F00-S20260927,a72ac38ce4df2be3a418366a097fbe027ef38d9964f5b1b5705df5f48169be84,MODEL_V1_CV_REFERENCE_V1
1d2b3349f466aaf8ee514c52a3f661691e79253addf337326c43b28127b25fc4,MITDB_P209,209,260000000,0,20260927,1,15.473640441894531,0.9999997615814209,35,V2-002-F00-S20260927,a72ac38ce4df2be3a418366a097fbe027ef38d9964f5b1b5705df5f48169be84,MODEL_V1_CV_REFERENCE_V1
1d429854ba40a45c091fcfe579ff3662a9d2c59909629724fb4b4836e9ba4665,MITDB_P124,124,1745000000,0,20260927,0,7.519491195678711,0.9994578957557678,35,V2-002-F00-S20260927,a72ac38ce4df2be3a418366a097fbe027ef38d9964f5b1b5705df5f48169be84,MODEL_V1_CV_REFERENCE_V1
1d9bfb41ec1cd2cdabda86cd777c89d16afaa08234869ca5b74cb8796ee0eddf,MITDB_P124,124,895000000,0,20260927,0,6.033172130584717,0.9976078271865845,35,V2-002-F00-S20260927,a72ac38ce4df2be3a418366a097fbe027ef38d9964f5b1b5705df5f48169be84,MODEL_V1_CV_REFERENCE_V1
1dd2f55162700db2c2facf980dcb65881a9de7f6ec2d5bb5c139c7658e79922d,MITDB_P203,203,1275000000,0,20260927,1,11.574630737304688,0.9999905824661255,35,V2-002-F00-S20260927,a72ac38ce4df2be3a418366a097fbe027ef38d9964f5b1b5705df5f48169be84,MODEL_V1_CV_REFERENCE_V1
1e32b1ace1a0ecc52ea25c8c9c58afb68b1cc68c3492bda76546ee07d2525ed2,MITDB_P105,105,620000000,0,20260927,0,2.3848345279693604,0.9156635403633118,35,V2-002-F00-S20260927,a72ac38ce4df2be3a418366a097fbe027ef38d9964f5b1b5705df5f48169be84,MODEL_V1_CV_REFERENCE_V1
1e5b009a1f00d1f984189e05bd59f9ec9e5c8103269ef3c0617940872bf5c54c,MITDB_P209,209,560000000,0,20260927,1,5.962674617767334,0.997433602809906,35,V2-002-F00-S20260927,a72ac38ce4df2be3a418366a097fbe027ef38d9964f5b1b5705df5f48169be84,MODEL_V1_CV_REFERENCE_V1
1e72bd7eeddb8c8d96baa9ab2fae766e8d5b64533d52ae96b8b3115c1ca7c159,MITDB_P212,212,995000000,0,20260927,0,-0.26995953917503357,0.4329170286655426,35,V2-002-F00-S20260927,a72ac38ce4df2be3a418366a097fbe027ef38d9964f5b1b5705df5f48169be84,MODEL_V1_CV_REFERENCE_V1
1e8514a9a9a4c9cc9c48f8affc8fa3f35debc4b76a0923b0b9de567bbe843be7,MITDB_P222,222,180000000,0,20260927,0,14.958020210266113,0.9999996423721313,35,V2-002-F00-S20260927,a72ac38ce4df2be3a418366a097fbe027ef38d9964f5b1b5705df5f48169be84,MODEL_V1_CV_REFERENCE_V1
1e96af90a8d30b5e392b7ed4b2c95e3858cb6ac486cbc1ecc54cc93e9b80de71,MITDB_P212,212,980000000,0,20260927,0,-0.23116806149482727,0.4424639642238617,35,V2-002-F00-S20260927,a72ac38ce4df2be3a418366a097fbe027ef38d9964f5b1b5705df5f48169be84,MODEL_V1_CV_REFERENCE_V1
1eb972c2f5ff9e784dca8a7d5702f4e33ac5b03398302b756c4f865c3d1d4d23,MITDB_P124,124,1750000000,0,20260927,0,6.346498489379883,0.9982501864433289,35,V2-002-F00-S20260927,a72ac38ce4df2be3a418366a097fbe027ef38d9964f5b1b5705df5f48169be84,MODEL_V1_CV_REFERENCE_V1
1ebb1341922078e1acf8d1e81dbea965c48312ff8ce15b28663ba464bf4341ff,MITDB_P222,222,740000000,0,20260927,0,25.3669376373291,1.0,35,V2-002-F00-S20260927,a72ac38ce4df2be3a418366a097fbe027ef38d9964f5b1b5705df5f48169be84,MODEL_V1_CV_REFERENCE_V1
1f122a52fa96ab7ac2f0c61a548bd7a4edc0a3ec3d2fc0c0b30576c686f5d680,MITDB_P222,222,1545000000,0,20260927,1,9.492101669311523,0.9999245405197144,35,V2-002-F00-S20260927,a72ac38ce4df2be3a418366a097fbe027ef38d9964f5b1b5705df5f48169be84,MODEL_V1_CV_REFERENCE_V1
1f5768aea136576f7ecc7b5b9b06b6b6ce31bda03046dd34e97e8f5c3c7c1bb6,MITDB_P203,203,1545000000,0,20260927,1,15.651773452758789,0.9999998807907104,35,V2-002-F00-S20260927,a72ac38ce4df2be3a418366a097fbe027ef38d9964f5b1b5705df5f48169be84,MODEL_V1_CV_REFERENCE_V1
1f9b49838b7f3fe71a262f6db36a36f8e8d066c090a3556b5141df4e9553117a,MITDB_P203,203,745000000,0,20260927,1,25.91455078125,1.0,35,V2-002-F00-S20260927,a72ac38ce4df2be3a418366a097fbe027ef38d9964f5b1b5705df5f48169be84,MODEL_V1_CV_REFERENCE_V1
1fb31b4d607a993f8772783b39731c3446f4763782de6c5e5856f400ef200a96,MITDB_P105,105,1540000000,0,20260927,0,0.5889130234718323,0.6431156992912292,35,V2-002-F00-S20260927,a72ac38ce4df2be3a418366a097fbe027ef38d9964f5b1b5705df5f48169be84,MODEL_V1_CV_REFERENCE_V1
1fedbd1ab67bf4ba1ccf1dba41217f0dad95b142fb2021346da01c39e9d05a30,MITDB_P105,105,1270000000,0,20260927,1,14.894350051879883,0.9999996423721313,35,V2-002-F00-S20260927,a72ac38ce4df2be3a418366a097fbe027ef38d9964f5b1b5705df5f48169be84,MODEL_V1_CV_REFERENCE_V1
2026077a621caf3479aa5cd0fb95cff4c90cda9a6aaba7ff7ec10201642e103f,MITDB_P209,209,1020000000,0,20260927,1,3.960314989089966,0.9812992215156555,35,V2-002-F00-S20260927,a72ac38ce4df2be3a418366a097fbe027ef38d9964f5b1b5705df5f48169be84,MODEL_V1_CV_REFERENCE_V1
205872b4119af3dcd43cf93d30d67214ea4a56746a1bfc965cfeda420f7cb269,MITDB_P124,124,140000000,0,20260927,0,4.865928649902344,0.9923542737960815,35,V2-002-F00-S20260927,a72ac38ce4df2be3a418366a097fbe027ef38d9964f5b1b5705df5f48169be84,MODEL_V1_CV_REFERENCE_V1
2088a5d2f8c250ff3047c1131e3107cf8b24840640c05f827e5d34805c0cfb5d,MITDB_P203,203,710000000,0,20260927,1,17.189943313598633,1.0,35,V2-002-F00-S20260927,a72ac38ce4df2be3a418366a097fbe027ef38d9964f5b1b5705df5f48169be84,MODEL_V1_CV_REFERENCE_V1
20bc4889348538a2b405b7f3c27f5f2b0e71c1778d3af867e4ccd976a04e39a2,MITDB_P124,124,1325000000,0,20260927,0,6.741340160369873,0.9988203644752502,35,V2-002-F00-S20260927,a72ac38ce4df2be3a418366a097fbe027ef38d9964f5b1b5705df5f48169be84,MODEL_V1_CV_REFERENCE_V1
20f0651c1f7025c3cff02f534ae108f647047a834915ebf95045840302e731a8,MITDB_P212,212,1555000000,0,20260927,0,11.982444763183594,0.9999938011169434,35,V2-002-F00-S20260927,a72ac38ce4df2be3a418366a097fbe027ef38d9964f5b1b5705df5f48169be84,MODEL_V1_CV_REFERENCE_V1
20f4688fcd93a04424c8d950b5cd092c64dbe3614a5cdb881ec04b040b9f6258,MITDB_P105,105,1530000000,0,20260927,0,0.922515869140625,0.7155544757843018,35,V2-002-F00-S20260927,a72ac38ce4df2be3a418366a097fbe027ef38d9964f5b1b5705df5f48169be84,MODEL_V1_CV_REFERENCE_V1
214f3636bdf8e069cb076c2619e7b347e7d5896afab9b5edfcc69e1c70b65bf5,MITDB_P209,209,1645000000,0,20260927,0,12.656684875488281,0.9999967813491821,35,V2-002-F00-S20260927,a72ac38ce4df2be3a418366a097fbe027ef38d9964f5b1b5705df5f48169be84,MODEL_V1_CV_REFERENCE_V1
21c77d17b4d03fac62d6710ee4deeeb70d9dfcbdd0c93652bf11003021fdbb08,MITDB_P222,222,1165000000,0,20260927,1,3.539079427719116,0.9717794060707092,35,V2-002-F00-S20260927,a72ac38ce4df2be3a418366a097fbe027ef38d9964f5b1b5705df5f48169be84,MODEL_V1_CV_REFERENCE_V1
2202ce9a48c9b0d0b65c459c02075e85d3542b3b6611c9fc215f38d0b47b5da6,MITDB_P105,105,200000000,0,20260927,0,2.6357734203338623,0.9331287145614624,35,V2-002-F00-S20260927,a72ac38ce4df2be3a418366a097fbe027ef38d9964f5b1b5705df5f48169be84,MODEL_V1_CV_REFERENCE_V1
221ca955594532d769d75d8c6123bc652f2ddc66eb777793137f1f94cf5a6dac,MITDB_P222,222,55000000,0,20260927,0,25.969715118408203,1.0,35,V2-002-F00-S20260927,a72ac38ce4df2be3a418366a097fbe027ef38d9964f5b1b5705df5f48169be84,MODEL_V1_CV_REFERENCE_V1
221ef80c762a52c661ac2d51dfe3f1193597194c7bde9d173159c6ea40d499a0,MITDB_P105,105,195000000,0,20260927,1,3.224947929382324,0.9617623686790466,35,V2-002-F00-S20260927,a72ac38ce4df2be3a418366a097fbe027ef38d9964f5b1b5705df5f48169be84,MODEL_V1_CV_REFERENCE_V1
223eb6bc770be617857c794d6b9ef4b9485adaa128ef15d0a1671be2f97a97d1,MITDB_P105,105,740000000,0,20260927,0,2.5500519275665283,0.9275770783424377,35,V2-002-F00-S20260927,a72ac38ce4df2be3a418366a097fbe027ef38d9964f5b1b5705df5f48169be84,MODEL_V1_CV_REFERENCE_V1
227d013b2568f633d61cb49ca4edfa6cc15b513034c07f59f8a08a82da67e46a,MITDB_P124,124,260000000,0,20260927,0,6.301504135131836,0.9981697797775269,35,V2-002-F00-S20260927,a72ac38ce4df2be3a418366a097fbe027ef38d9964f5b1b5705df5f48169be84,MODEL_V1_CV_REFERENCE_V1
228159d4ce751ce7b9c86804046c4688ef0d72f1217d2b91220f7d733f493d45,MITDB_P212,212,815000000,0,20260927,0,13.571889877319336,0.9999986886978149,35,V2-002-F00-S20260927,a72ac38ce4df2be3a418366a097fbe027ef38d9964f5b1b5705df5f48169be84,MODEL_V1_CV_REFERENCE_V1
22a5c75d594acbb9df6407a14bade3e187e2e40480f68440112e72c2e6a032dd,MITDB_P209,209,420000000,0,20260927,1,8.677717208862305,0.9998296499252319,35,V2-002-F00-S20260927,a72ac38ce4df2be3a418366a097fbe027ef38d9964f5b1b5705df5f48169be84,MODEL_V1_CV_REFERENCE_V1
22d385684e1a35eafbe3822fdd2a3ab7f946ccd702e22d91ae0c56352844f6fa,MITDB_P124,124,765000000,0,20260927,0,7.072218418121338,0.999152421951294,35,V2-002-F00-S20260927,a72ac38ce4df2be3a418366a097fbe027ef38d9964f5b1b5705df5f48169be84,MODEL_V1_CV_REFERENCE_V1
22d9a0eb7825953ba1bf14cbb76247f6d5ae6ed6a3bb5f8bcac59d868687b451,MITDB_P212,212,285000000,0,20260927,0,17.914899826049805,1.0,35,V2-002-F00-S20260927,a72ac38ce4df2be3a418366a097fbe027ef38d9964f5b1b5705df5f48169be84,MODEL_V1_CV_REFERENCE_V1
22e36565158d99b7b9a961183103724ffbd50ddbb1fdcdf763a2ebbfd3c8403b,MITDB_P222,222,30000000,0,20260927,0,9.316361427307129,0.9999101161956787,35,V2-002-F00-S20260927,a72ac38ce4df2be3a418366a097fbe027ef38d9964f5b1b5705df5f48169be84,MODEL_V1_CV_REFERENCE_V1
22e42f511bff00a664f95645f15531fb603cdcd6756d2d42d6eff26b58fddd62,MITDB_P222,222,1590000000,0,20260927,1,11.094310760498047,0.999984860420227,35,V2-002-F00-S20260927,a72ac38ce4df2be3a418366a097fbe027ef38d9964f5b1b5705df5f48169be84,MODEL_V1_CV_REFERENCE_V1
2336ce14c5b1409d482d31f45f05bc97cbb84a7015a331b52140030601a7d395,MITDB_P209,209,1665000000,0,20260927,1,8.809513092041016,0.9998507499694824,35,V2-002-F00-S20260927,a72ac38ce4df2be3a418366a097fbe027ef38d9964f5b1b5705df5f48169be84,MODEL_V1_CV_REFERENCE_V1
23455446bf8815e27f7c4df8ed1d07555dfd0dc6785d9d3f1e09bc147cea0934,MITDB_P222,222,1235000000,0,20260927,1,4.613554954528809,0.9901808500289917,35,V2-002-F00-S20260927,a72ac38ce4df2be3a418366a097fbe027ef38d9964f5b1b5705df5f48169be84,MODEL_V1_CV_REFERENCE_V1
23691dfbd3c5cdd45119295436e10b78b0ecdf21aa67f66056872270cb041887,MITDB_P105,105,1550000000,0,20260927,0,1.3464308977127075,0.7935455441474915,35,V2-002-F00-S20260927,a72ac38ce4df2be3a418366a097fbe027ef38d9964f5b1b5705df5f48169be84,MODEL_V1_CV_REFERENCE_V1
2374fcfaf10678f5878f839045ce1ff2a075a94633713b245a36156f40f8463a,MITDB_P212,212,1610000000,0,20260927,0,-0.7602540254592896,0.3185911178588867,35,V2-002-F00-S20260927,a72ac38ce4df2be3a418366a097fbe027ef38d9964f5b1b5705df5f48169be84,MODEL_V1_CV_REFERENCE_V1
2398d9ab622182a8d865d55e936dda2871cfa2d2455cc4eff7c0111b4177ffdb,MITDB_P222,222,605000000,0,20260927,0,21.670347213745117,1.0,35,V2-002-F00-S20260927,a72ac38ce4df2be3a418366a097fbe027ef38d9964f5b1b5705df5f48169be84,MODEL_V1_CV_REFERENCE_V1
23dcfec67dc4524e763ca4049a7f687eb751d5c38185546b19010688d9217edb,MITDB_P222,222,1565000000,0,20260927,0,23.957178115844727,1.0,35,V2-002-F00-S20260927,a72ac38ce4df2be3a418366a097fbe027ef38d9964f5b1b5705df5f48169be84,MODEL_V1_CV_REFERENCE_V1
23ed15b096010d99ed329c5cf2fce90b47ff1e35639ebe8f735c4b4433131a70,MITDB_P209,209,1445000000,0,20260927,0,6.732919692993164,0.9988104104995728,35,V2-002-F00-S20260927,a72ac38ce4df2be3a418366a097fbe027ef38d9964f5b1b5705df5f48169be84,MODEL_V1_CV_REFERENCE_V1
240683a2157144f0e1517df4fb771f4c4a00870872aefcac75608d6eb3d8d16e,MITDB_P222,222,1465000000,0,20260927,1,6.137488842010498,0.9978443384170532,35,V2-002-F00-S20260927,a72ac38ce4df2be3a418366a097fbe027ef38d9964f5b1b5705df5f48169be84,MODEL_V1_CV_REFERENCE_V1
240bf5c764655c86fd52a0801bc4ae52dc7a6967dc279e3c89ac8c9a96c21f15,MITDB_P212,212,175000000,0,20260927,0,21.5872745513916,1.0,35,V2-002-F00-S20260927,a72ac38ce4df2be3a418366a097fbe027ef38d9964f5b1b5705df5f48169be84,MODEL_V1_CV_REFERENCE_V1
240fde27052d425be2dfb1c2da9204c4e414d87febc8907e0bc952a8df63b757,MITDB_P105,105,1460000000,0,20260927,0,0.19400671124458313,0.5483500957489014,35,V2-002-F00-S20260927,a72ac38ce4df2be3a418366a097fbe027ef38d9964f5b1b5705df5f48169be84,MODEL_V1_CV_REFERENCE_V1
244827fa3b4d4a7ca13b3347ed6e31c5155dfc01ed20ebf8a481a64d4c7d20ac,MITDB_P212,212,1300000000,0,20260927,0,14.901081085205078,0.9999996423721313,35,V2-002-F00-S20260927,a72ac38ce4df2be3a418366a097fbe027ef38d9964f5b1b5705df5f48169be84,MODEL_V1_CV_REFERENCE_V1
2462552f318722cd2d8f0a2a8e2ebec7d289ef59d52a4036b22e0c1dcd6a8e19,MITDB_P105,105,365000000,0,20260927,0,2.6798603534698486,0.9358277320861816,35,V2-002-F00-S20260927,a72ac38ce4df2be3a418366a097fbe027ef38d9964f5b1b5705df5f48169be84,MODEL_V1_CV_REFERENCE_V1
247abae51b0e03fd2ef68e4bcbbd2f7e813424ac7ceaf07bb64056d101a1e136,MITDB_P222,222,185000000,0,20260927,0,14.365460395812988,0.9999994039535522,35,V2-002-F00-S20260927,a72ac38ce4df2be3a418366a097fbe027ef38d9964f5b1b5705df5f48169be84,MODEL_V1_CV_REFERENCE_V1
248534af36cc999cbc7819fab0aec08c3691a89ba9aa933dfd0efe0f075b06d9,MITDB_P212,212,560000000,0,20260927,0,6.213013172149658,0.9980008006095886,35,V2-002-F00-S20260927,a72ac38ce4df2be3a418366a097fbe027ef38d9964f5b1b5705df5f48169be84,MODEL_V1_CV_REFERENCE_V1
24a21b41da929e4ed16f1adc2a37455551231e19c2ccfe4b85ad2e7f01b58103,MITDB_P209,209,1270000000,0,20260927,0,4.8123459815979,0.9919368028640747,35,V2-002-F00-S20260927,a72ac38ce4df2be3a418366a097fbe027ef38d9964f5b1b5705df5f48169be84,MODEL_V1_CV_REFERENCE_V1
24bebe9494b7459335d44c15e3e71c4ac56ce09d06099db28cb34388e99c85fa,MITDB_P105,105,1590000000,0,20260927,0,-0.5380890965461731,0.3686322271823883,35,V2-002-F00-S20260927,a72ac38ce4df2be3a418366a097fbe027ef38d9964f5b1b5705df5f48169be84,MODEL_V1_CV_REFERENCE_V1
24ca2526287a4bc0f188dece6f1b058d3c649dcb20d425145cf8f6fc81913159,MITDB_P209,209,640000000,0,20260927,1,7.7111077308654785,0.999552309513092,35,V2-002-F00-S20260927,a72ac38ce4df2be3a418366a097fbe027ef38d9964f5b1b5705df5f48169be84,MODEL_V1_CV_REFERENCE_V1
24d70baa71f3bc15305fe29392061f246e0826a46962a35b76914bea2f63e78a,MITDB_P209,209,1025000000,0,20260927,1,2.98032546043396,0.9516772627830505,35,V2-002-F00-S20260927,a72ac38ce4df2be3a418366a097fbe027ef38d9964f5b1b5705df5f48169be84,MODEL_V1_CV_REFERENCE_V1
24fdefa865bfeac40071f9fd51bd1db54e5f5a8a065bb3b4d45d657091ef087a,MITDB_P124,124,280000000,0,20260927,0,6.2928924560546875,0.9981539845466614,35,V2-002-F00-S20260927,a72ac38ce4df2be3a418366a097fbe027ef38d9964f5b1b5705df5f48169be84,MODEL_V1_CV_REFERENCE_V1
252e2b56cfc9cac718df6e51e50b0301dc1a6e438beebd895825efde72349939,MITDB_P203,203,1200000000,0,20260927,1,10.749188423156738,0.9999785423278809,35,V2-002-F00-S20260927,a72ac38ce4df2be3a418366a097fbe027ef38d9964f5b1b5705df5f48169be84,MODEL_V1_CV_REFERENCE_V1
25562b2d6444ff682e168242ca75eed6ef09c98ddce131d455a73659bbadd308,MITDB_P212,212,20000000,0,20260927,0,23.98415184020996,1.0,35,V2-002-F00-S20260927,a72ac38ce4df2be3a418366a097fbe027ef38d9964f5b1b5705df5f48169be84,MODEL_V1_CV_REFERENCE_V1
2583fc77044ca45266feec6390922953f8f1bee982c29386b4feacb06fc169e2,MITDB_P203,203,300000000,0,20260927,1,11.054374694824219,0.9999841451644897,35,V2-002-F00-S20260927,a72ac38ce4df2be3a418366a097fbe027ef38d9964f5b1b5705df5f48169be84,MODEL_V1_CV_REFERENCE_V1
25c75904c7d13a510cbc8e02337f200cd8265240eccd9f501ee0d4125af00044,MITDB_P212,212,475000000,0,20260927,0,11.630317687988281,0.9999910593032837,35,V2-002-F00-S20260927,a72ac38ce4df2be3a418366a097fbe027ef38d9964f5b1b5705df5f48169be84,MODEL_V1_CV_REFERENCE_V1
25ce738fe47c034785a357d43dae241737e38e3d8aa865b1861091f13c04c5b0,MITDB_P212,212,695000000,0,20260927,0,15.80554485321045,0.9999998807907104,35,V2-002-F00-S20260927,a72ac38ce4df2be3a418366a097fbe027ef38d9964f5b1b5705df5f48169be84,MODEL_V1_CV_REFERENCE_V1
25f4471ff8d9458dd8f6cf62fa66071d2d1c3888ad5c3c24fd76bfe40b5c9c81,MITDB_P212,212,190000000,0,20260927,0,20.247934341430664,1.0,35,V2-002-F00-S20260927,a72ac38ce4df2be3a418366a097fbe027ef38d9964f5b1b5705df5f48169be84,MODEL_V1_CV_REFERENCE_V1
25fa3e3964ac1735f3475773421830d2829b4d3938ad5b54967988418fe8812f,MITDB_P212,212,685000000,0,20260927,0,11.223031997680664,0.9999866485595703,35,V2-002-F00-S20260927,a72ac38ce4df2be3a418366a097fbe027ef38d9964f5b1b5705df5f48169be84,MODEL_V1_CV_REFERENCE_V1
260598316f54b5758b1bd26c9be18e0ee21a232a9bb505e322841f225dab1219,MITDB_P124,124,1320000000,0,20260927,0,3.9629156589508057,0.9813469648361206,35,V2-002-F00-S20260927,a72ac38ce4df2be3a418366a097fbe027ef38d9964f5b1b5705df5f48169be84,MODEL_V1_CV_REFERENCE_V1
261d286c0c85f2c249591dd6f3c2b9c161869d44e9448c8903b077cece1bb496,MITDB_P203,203,590000000,0,20260927,1,15.506682395935059,0.9999997615814209,35,V2-002-F00-S20260927,a72ac38ce4df2be3a418366a097fbe027ef38d9964f5b1b5705df5f48169be84,MODEL_V1_CV_REFERENCE_V1
26329cd546b35b37135021e84b59d90d3390e2dd1e739fce996743add26f775d,MITDB_P124,124,945000000,0,20260927,0,5.492669105529785,0.9958999752998352,35,V2-002-F00-S20260927,a72ac38ce4df2be3a418366a097fbe027ef38d9964f5b1b5705df5f48169be84,MODEL_V1_CV_REFERENCE_V1
263f171647df34fc7a568287cf3683b7854b411bd38c01d2a7d155b1b1c82522,MITDB_P203,203,700000000,0,20260927,1,10.990965843200684,0.9999831914901733,35,V2-002-F00-S20260927,a72ac38ce4df2be3a418366a097fbe027ef38d9964f5b1b5705df5f48169be84,MODEL_V1_CV_REFERENCE_V1
2713533a3ce71937f74a9675f72fd597bbad57c5e1bc989e5f1c227179b7f8fe,MITDB_P105,105,1640000000,0,20260927,0,2.2584340572357178,0.905375599861145,35,V2-002-F00-S20260927,a72ac38ce4df2be3a418366a097fbe027ef38d9964f5b1b5705df5f48169be84,MODEL_V1_CV_REFERENCE_V1
271ecd9b9629e3310f13f1b6da1cf0e5f9974a5cee28e2d154c6b456d1bf574c,MITDB_P124,124,595000000,0,20260927,0,5.453716278076172,0.9957379102706909,35,V2-002-F00-S20260927,a72ac38ce4df2be3a418366a097fbe027ef38d9964f5b1b5705df5f48169be84,MODEL_V1_CV_REFERENCE_V1
2735e4bf2d9673d284ff979237d7618e49be6e7a88f1fd15a7c93f102c83ce64,MITDB_P203,203,1540000000,0,20260927,1,18.05714988708496,1.0,35,V2-002-F00-S20260927,a72ac38ce4df2be3a418366a097fbe027ef38d9964f5b1b5705df5f48169be84,MODEL_V1_CV_REFERENCE_V1
273b71dd7f7b48c5ebf5678574d2de7d9b8d4c66316d368965d79c9e2cfa4d34,MITDB_P212,212,235000000,0,20260927,0,11.98562240600586,0.9999938011169434,35,V2-002-F00-S20260927,a72ac38ce4df2be3a418366a097fbe027ef38d9964f5b1b5705df5f48169be84,MODEL_V1_CV_REFERENCE_V1
2792a54682db5d9145bc27e1038f1d3af41b189f63392bc9555128ce2a790563,MITDB_P105,105,300000000,0,20260927,0,2.4948837757110596,0.9237823486328125,35,V2-002-F00-S20260927,a72ac38ce4df2be3a418366a097fbe027ef38d9964f5b1b5705df5f48169be84,MODEL_V1_CV_REFERENCE_V1
279355a75d73dd9f146f723b4539ce9530c360122e5181ef55ddaf532aad116c,MITDB_P222,222,1415000000,0,20260927,1,6.461451530456543,0.9984399676322937,35,V2-002-F00-S20260927,a72ac38ce4df2be3a418366a097fbe027ef38d9964f5b1b5705df5f48169be84,MODEL_V1_CV_REFERENCE_V1
27a8f5ee2e01172a790dd1d610560cfead53197e955cf88fbad5de625970c3e1,MITDB_P222,222,1105000000,0,20260927,0,24.930095672607422,1.0,35,V2-002-F00-S20260927,a72ac38ce4df2be3a418366a097fbe027ef38d9964f5b1b5705df5f48169be84,MODEL_V1_CV_REFERENCE_V1
27bd5fca8a806de83dbe3e8ad7b1d02c7b2f9f2cece893265626293007ddf8b1,MITDB_P203,203,995000000,0,20260927,1,15.323064804077148,0.9999997615814209,35,V2-002-F00-S20260927,a72ac38ce4df2be3a418366a097fbe027ef38d9964f5b1b5705df5f48169be84,MODEL_V1_CV_REFERENCE_V1
27c2029d4f0a8bf2f963ae9094cec15a79f07a562fa035961f38bd66ba52f5f2,MITDB_P124,124,1040000000,0,20260927,0,6.869287490844727,0.9989618062973022,35,V2-002-F00-S20260927,a72ac38ce4df2be3a418366a097fbe027ef38d9964f5b1b5705df5f48169be84,MODEL_V1_CV_REFERENCE_V1
27ce7cacd20468afbf1fa769b6021fb21a4c3b98cc40d7a2124e89cf3fcc995c,MITDB_P209,209,750000000,0,20260927,1,0.8007000684738159,0.6901242136955261,35,V2-002-F00-S20260927,a72ac38ce4df2be3a418366a097fbe027ef38d9964f5b1b5705df5f48169be84,MODEL_V1_CV_REFERENCE_V1
27d227e4ea6302852031219ee9ae5fe017adb07c9f5ddd3c92f12faf9663b3b9,MITDB_P105,105,785000000,0,20260927,0,-1.0050991773605347,0.26794004440307617,35,V2-002-F00-S20260927,a72ac38ce4df2be3a418366a097fbe027ef38d9964f5b1b5705df5f48169be84,MODEL_V1_CV_REFERENCE_V1
27fec06d9dc75dd973737d39fb215e9a161a95b048920a131c59ee77933d4c2b,MITDB_P124,124,50000000,0,20260927,0,7.323535919189453,0.9993405938148499,35,V2-002-F00-S20260927,a72ac38ce4df2be3a418366a097fbe027ef38d9964f5b1b5705df5f48169be84,MODEL_V1_CV_REFERENCE_V1
28088a3721ffa056b387f0c83b33fe430a7cc51f98fc35f453a0e0a0a7ca6265,MITDB_P212,212,930000000,0,20260927,0,13.55941104888916,0.9999986886978149,35,V2-002-F00-S20260927,a72ac38ce4df2be3a418366a097fbe027ef38d9964f5b1b5705df5f48169be84,MODEL_V1_CV_REFERENCE_V1
289c09f5a9ad1db207366a0e2015dffc52abb74a903edd1fd5304c279463aabc,MITDB_P124,124,135000000,0,20260927,0,5.053045272827148,0.9936507344245911,35,V2-002-F00-S20260927,a72ac38ce4df2be3a418366a097fbe027ef38d9964f5b1b5705df5f48169be84,MODEL_V1_CV_REFERENCE_V1
28a86f94053c79b2459161362b4c2753432d7279580e9249c2082bfc2a623f76,MITDB_P222,222,1745000000,0,20260927,0,7.665821075439453,0.999531626701355,35,V2-002-F00-S20260927,a72ac38ce4df2be3a418366a097fbe027ef38d9964f5b1b5705df5f48169be84,MODEL_V1_CV_REFERENCE_V1
28b771901990700fa861c50966ab1d948bc96942b11b0f67d851316f987c1969,MITDB_P105,105,215000000,0,20260927,1,3.264263391494751,0.9631823301315308,35,V2-002-F00-S20260927,a72ac38ce4df2be3a418366a097fbe027ef38d9964f5b1b5705df5f48169be84,MODEL_V1_CV_REFERENCE_V1
28d39c16406bf115cd9c30e7cc005e26bebfe7f0b6968e1ad5f6a5863cfc53ff,MITDB_P203,203,1015000000,0,20260927,1,17.922901153564453,1.0,35,V2-002-F00-S20260927,a72ac38ce4df2be3a418366a097fbe027ef38d9964f5b1b5705df5f48169be84,MODEL_V1_CV_REFERENCE_V1
28e0b544b9ea572d52afd3be49e502d8e3a5d329c7c936ecbf5e58cc4b51b579,MITDB_P209,209,95000000,0,20260927,0,7.952332496643066,0.9996483325958252,35,V2-002-F00-S20260927,a72ac38ce4df2be3a418366a097fbe027ef38d9964f5b1b5705df5f48169be84,MODEL_V1_CV_REFERENCE_V1
290ae6413f858a079258057943de82d610be3ef346244fae4abff9677eaf5618,MITDB_P105,105,995000000,0,20260927,0,0.5396642684936523,0.631734311580658,35,V2-002-F00-S20260927,a72ac38ce4df2be3a418366a097fbe027ef38d9964f5b1b5705df5f48169be84,MODEL_V1_CV_REFERENCE_V1
291202359acafe8f7e41f9715945e3d99eaa7f97a63287a2f162913857fd1e6d,MITDB_P222,222,1500000000,0,20260927,1,8.583996772766113,0.9998130202293396,35,V2-002-F00-S20260927,a72ac38ce4df2be3a418366a097fbe027ef38d9964f5b1b5705df5f48169be84,MODEL_V1_CV_REFERENCE_V1
291712db75ecb8e5fe2a168856374977d3cdff9e59da908e63a01ff4559e3a03,MITDB_P222,222,1615000000,0,20260927,0,4.912539958953857,0.992699921131134,35,V2-002-F00-S20260927,a72ac38ce4df2be3a418366a097fbe027ef38d9964f5b1b5705df5f48169be84,MODEL_V1_CV_REFERENCE_V1
2923493946c56377f00bb3b7e5290f01c65a35ce5a30ec944b842f81b38f7b67,MITDB_P212,212,150000000,0,20260927,0,1.0564754009246826,0.7420163750648499,35,V2-002-F00-S20260927,a72ac38ce4df2be3a418366a097fbe027ef38d9964f5b1b5705df5f48169be84,MODEL_V1_CV_REFERENCE_V1
293ea5bba1ab966465ac241436562e937b2df53bc1f17fcbd838cb535c986046,MITDB_P222,222,1485000000,0,20260927,1,3.002232789993286,0.9526748657226562,35,V2-002-F00-S20260927,a72ac38ce4df2be3a418366a097fbe027ef38d9964f5b1b5705df5f48169be84,MODEL_V1_CV_REFERENCE_V1
29647c24b99a6584eeee9175a28ce41767a38bc44c117d44b28ffc630cbfd264,MITDB_P212,212,75000000,0,20260927,0,0.01866886205971241,0.5046671032905579,35,V2-002-F00-S20260927,a72ac38ce4df2be3a418366a097fbe027ef38d9964f5b1b5705df5f48169be84,MODEL_V1_CV_REFERENCE_V1
29649d9246041c80d5f78ca64eb63e1bd9f8862079b3c84e750c460e0f7d6d5a,MITDB_P124,124,160000000,0,20260927,0,5.617398262023926,0.9963790774345398,35,V2-002-F00-S20260927,a72ac38ce4df2be3a418366a097fbe027ef38d9964f5b1b5705df5f48169be84,MODEL_V1_CV_REFERENCE_V1
297aa94bd50bd7ad2fb85b4bf914a7c0c19782bf0e0eda4320151b14a999d6bf,MITDB_P203,203,695000000,0,20260927,1,14.284832000732422,0.9999994039535522,35,V2-002-F00-S20260927,a72ac38ce4df2be3a418366a097fbe027ef38d9964f5b1b5705df5f48169be84,MODEL_V1_CV_REFERENCE_V1
29984b9c3af12c566a2352abf9dc5b49ea294100338d1ae214286ac21d4b09a5,MITDB_P203,203,1100000000,0,20260927,1,12.669591903686523,0.9999969005584717,35,V2-002-F00-S20260927,a72ac38ce4df2be3a418366a097fbe027ef38d9964f5b1b5705df5f48169be84,MODEL_V1_CV_REFERENCE_V1
29a5d6e8b5ed73a2fce41f84f65d29c6ba10e55750f134bdf7320da0a31528c1,MITDB_P124,124,220000000,0,20260927,0,5.822136402130127,0.997047483921051,35,V2-002-F00-S20260927,a72ac38ce4df2be3a418366a097fbe027ef38d9964f5b1b5705df5f48169be84,MODEL_V1_CV_REFERENCE_V1
29a5ddb6a7fc560eb2e587063363bf6e08ef55bc916b0ec54d2e096ed38eca04,MITDB_P124,124,955000000,0,20260927,0,7.127553939819336,0.9991980195045471,35,V2-002-F00-S20260927,a72ac38ce4df2be3a418366a097fbe027ef38d9964f5b1b5705df5f48169be84,MODEL_V1_CV_REFERENCE_V1
29b187dfbda33eb267f3ba19a7df2c8ee738c86d5910fee9fd983a981e755ea3,MITDB_P105,105,585000000,0,20260927,0,2.728309154510498,0.9386765956878662,35,V2-002-F00-S20260927,a72ac38ce4df2be3a418366a097fbe027ef38d9964f5b1b5705df5f48169be84,MODEL_V1_CV_REFERENCE_V1
29c061b2df1e1af6f3f040f052e652f03a3b9ecbc7e2822d3e5a9565ce6f11b8,MITDB_P105,105,930000000,0,20260927,0,2.1047046184539795,0.8913595676422119,35,V2-002-F00-S20260927,a72ac38ce4df2be3a418366a097fbe027ef38d9964f5b1b5705df5f48169be84,MODEL_V1_CV_REFERENCE_V1
29d0a8d08f19631afa553fe3d7ddd9b3aaf10935412eb10eacc28c56fa8e413e,MITDB_P212,212,230000000,0,20260927,0,12.652542114257812,0.9999967813491821,35,V2-002-F00-S20260927,a72ac38ce4df2be3a418366a097fbe027ef38d9964f5b1b5705df5f48169be84,MODEL_V1_CV_REFERENCE_V1
29de0ae3d74532fbdaa0ea4f343fe1ad1c391d34408c61c56215764e638898c9,MITDB_P212,212,1310000000,0,20260927,0,13.301773071289062,0.9999983310699463,35,V2-002-F00-S20260927,a72ac38ce4df2be3a418366a097fbe027ef38d9964f5b1b5705df5f48169be84,MODEL_V1_CV_REFERENCE_V1
29f3edf9c662793f4996b249e8997bbae344051e307c053693971cf4628cd6e0,MITDB_P124,124,85000000,0,20260927,0,7.598264217376709,0.9994989633560181,35,V2-002-F00-S20260927,a72ac38ce4df2be3a418366a097fbe027ef38d9964f5b1b5705df5f48169be84,MODEL_V1_CV_REFERENCE_V1
29f44befe9c60443ec0f2ddec7d43ea8f6fb1b30f69dae7d61298b5f187d7e9b,MITDB_P222,222,420000000,0,20260927,0,15.93054485321045,0.9999998807907104,35,V2-002-F00-S20260927,a72ac38ce4df2be3a418366a097fbe027ef38d9964f5b1b5705df5f48169be84,MODEL_V1_CV_REFERENCE_V1
29fef5a10e46783e820936c8975632881d0a3910f8c9410110fccccf69fe083d,MITDB_P105,105,665000000,0,20260927,1,1.7243070602416992,0.8486827611923218,35,V2-002-F00-S20260927,a72ac38ce4df2be3a418366a097fbe027ef38d9964f5b1b5705df5f48169be84,MODEL_V1_CV_REFERENCE_V1
2a1a76f4406979ccba8bff945533ad13f6650ce0af2980e3dc12b970021739bb,MITDB_P209,209,470000000,0,20260927,1,4.2328572273254395,0.9856966733932495,35,V2-002-F00-S20260927,a72ac38ce4df2be3a418366a097fbe027ef38d9964f5b1b5705df5f48169be84,MODEL_V1_CV_REFERENCE_V1
2a330945271c37a449435a706115cc19206442cf9edcfd7a3ba7fc91dd1986d4,MITDB_P209,209,710000000,0,20260927,1,10.395539283752441,0.999969482421875,35,V2-002-F00-S20260927,a72ac38ce4df2be3a418366a097fbe027ef38d9964f5b1b5705df5f48169be84,MODEL_V1_CV_REFERENCE_V1
2a8bc1f6a1c85247ee81db3d84ffc028d1c34611dc34301970437c0520063de9,MITDB_P105,105,240000000,0,20260927,0,2.3669230937957764,0.9142699837684631,35,V2-002-F00-S20260927,a72ac38ce4df2be3a418366a097fbe027ef38d9964f5b1b5705df5f48169be84,MODEL_V1_CV_REFERENCE_V1
2a96507544c0555b9d673b1461ff457e0b68ed33fe3c46fb95f86c6c4c579304,MITDB_P222,222,915000000,0,20260927,1,8.179155349731445,0.9997196793556213,35,V2-002-F00-S20260927,a72ac38ce4df2be3a418366a097fbe027ef38d9964f5b1b5705df5f48169be84,MODEL_V1_CV_REFERENCE_V1
2aa6c3266554394df24d774752b7cbccf2f1c0035b68e7222bcac0c10478b440,MITDB_P212,212,265000000,0,20260927,0,14.84181022644043,0.9999996423721313,35,V2-002-F00-S20260927,a72ac38ce4df2be3a418366a097fbe027ef38d9964f5b1b5705df5f48169be84,MODEL_V1_CV_REFERENCE_V1
2ab78fd2299040ecef15f464838ddebedbbf9a4dcdf5a082986ea4500a381f49,MITDB_P209,209,1435000000,0,20260927,0,9.38389778137207,0.9999159574508667,35,V2-002-F00-S20260927,a72ac38ce4df2be3a418366a097fbe027ef38d9964f5b1b5705df5f48169be84,MODEL_V1_CV_REFERENCE_V1
2ac0a68823f96655dfb7e4e27448d9a69091da213e60cd6dd0a89908b2bdcea9,MITDB_P222,222,315000000,0,20260927,0,19.677576065063477,1.0,35,V2-002-F00-S20260927,a72ac38ce4df2be3a418366a097fbe027ef38d9964f5b1b5705df5f48169be84,MODEL_V1_CV_REFERENCE_V1
2adf4972edb2119379da77f0b4edff3d250bcfd36786ae91a95b0f3c2272a994,MITDB_P212,212,505000000,0,20260927,0,8.65931510925293,0.9998266100883484,35,V2-002-F00-S20260927,a72ac38ce4df2be3a418366a097fbe027ef38d9964f5b1b5705df5f48169be84,MODEL_V1_CV_REFERENCE_V1
2aea6e084ce3422a72801c1a3bd1a263e6099cdd88ce4d4968cb4af22488153e,MITDB_P124,124,425000000,0,20260927,0,7.752854824066162,0.9995706677436829,35,V2-002-F00-S20260927,a72ac38ce4df2be3a418366a097fbe027ef38d9964f5b1b5705df5f48169be84,MODEL_V1_CV_REFERENCE_V1
2aeb10d8925dd16fda4b810aaf70920b8908576111bc8f9700b43f48977aeffd,MITDB_P212,212,1675000000,0,20260927,0,-0.3264963924884796,0.41909337043762207,35,V2-002-F00-S20260927,a72ac38ce4df2be3a418366a097fbe027ef38d9964f5b1b5705df5f48169be84,MODEL_V1_CV_REFERENCE_V1
2af71e2c4977eec35b06b94ebca7897ac006e029f2fdf4e8a4f2a3609ab4dc06,MITDB_P212,212,255000000,0,20260927,0,12.678988456726074,0.9999969005584717,35,V2-002-F00-S20260927,a72ac38ce4df2be3a418366a097fbe027ef38d9964f5b1b5705df5f48169be84,MODEL_V1_CV_REFERENCE_V1
2b0923a18fa9054aec423547d80acfca1a5442b63ae63265e77ba29069aee6af,MITDB_P212,212,1460000000,0,20260927,0,16.049442291259766,0.9999998807907104,35,V2-002-F00-S20260927,a72ac38ce4df2be3a418366a097fbe027ef38d9964f5b1b5705df5f48169be84,MODEL_V1_CV_REFERENCE_V1
2b23c767c7fbdad548121635d5a7f6d44a3f97928e0d4d207b0b40482eb0af43,MITDB_P222,222,345000000,0,20260927,0,16.68770980834961,1.0,35,V2-002-F00-S20260927,a72ac38ce4df2be3a418366a097fbe027ef38d9964f5b1b5705df5f48169be84,MODEL_V1_CV_REFERENCE_V1
2b7fa43402c16282ca64e6cbaa249b73445a9d53b1d34af233ccad27b6f7d471,MITDB_P124,124,750000000,0,20260927,0,6.5552544593811035,0.9985793828964233,35,V2-002-F00-S20260927,a72ac38ce4df2be3a418366a097fbe027ef38d9964f5b1b5705df5f48169be84,MODEL_V1_CV_REFERENCE_V1
2b8433f352ac01da257619eae31774c7f9c6221b596b77213615d86d4147ef9c,MITDB_P209,209,1205000000,0,20260927,1,6.473438739776611,0.9984585046768188,35,V2-002-F00-S20260927,a72ac38ce4df2be3a418366a097fbe027ef38d9964f5b1b5705df5f48169be84,MODEL_V1_CV_REFERENCE_V1
2b91b0c32e9a12e2ec732652aac725d9b1c00526a7dc84dd1ad6cc3474f819dc,MITDB_P105,105,1745000000,0,20260927,0,0.21412406861782074,0.5533274412155151,35,V2-002-F00-S20260927,a72ac38ce4df2be3a418366a097fbe027ef38d9964f5b1b5705df5f48169be84,MODEL_V1_CV_REFERENCE_V1
2ba272a657e35ed88ea988116af0ae781d66631ee4e02d12915443da9beb5f5f,MITDB_P222,222,920000000,0,20260927,0,10.578369140625,0.9999744892120361,35,V2-002-F00-S20260927,a72ac38ce4df2be3a418366a097fbe027ef38d9964f5b1b5705df5f48169be84,MODEL_V1_CV_REFERENCE_V1
2bd5843f4d7e474881c98dca28ea948ae780ac5067a1c7582afc505025e1e325,MITDB_P124,124,90000000,0,20260927,0,7.090621471405029,0.999167799949646,35,V2-002-F00-S20260927,a72ac38ce4df2be3a418366a097fbe027ef38d9964f5b1b5705df5f48169be84,MODEL_V1_CV_REFERENCE_V1
2bd9bdb4b4e49f877a1ce320c7989c74d2c30bf3665fd554e887f9cdf7fd956f,MITDB_P105,105,445000000,0,20260927,1,1.8014196157455444,0.8583217263221741,35,V2-002-F00-S20260927,a72ac38ce4df2be3a418366a097fbe027ef38d9964f5b1b5705df5f48169be84,MODEL_V1_CV_REFERENCE_V1
2c17f392c53eac034aed909a48bc7c74d5254315bc38470d8c501911b7bbf47d,MITDB_P209,209,1425000000,0,20260927,0,9.798686027526855,0.9999444484710693,35,V2-002-F00-S20260927,a72ac38ce4df2be3a418366a097fbe027ef38d9964f5b1b5705df5f48169be84,MODEL_V1_CV_REFERENCE_V1
2c26dc6cd1ecb829474698e66c252a7564feee220e77d03bb5f284485f04fd4b,MITDB_P209,209,915000000,0,20260927,0,2.5913987159729004,0.9303059577941895,35,V2-002-F00-S20260927,a72ac38ce4df2be3a418366a097fbe027ef38d9964f5b1b5705df5f48169be84,MODEL_V1_CV_REFERENCE_V1
2c34f408a19fc81d90c6432fe65d71d4dbf80485b100f5c51afdfad26903d463,MITDB_P209,209,1170000000,0,20260927,0,6.256026744842529,0.9980847835540771,35,V2-002-F00-S20260927,a72ac38ce4df2be3a418366a097fbe027ef38d9964f5b1b5705df5f48169be84,MODEL_V1_CV_REFERENCE_V1
2c364b0935dc9af99376e03db67e12273a32ae73c88b5edc64b1944487c4026a,MITDB_P222,222,410000000,0,20260927,0,10.375505447387695,0.9999687671661377,35,V2-002-F00-S20260927,a72ac38ce4df2be3a418366a097fbe027ef38d9964f5b1b5705df5f48169be84,MODEL_V1_CV_REFERENCE_V1
2c4b6de983702c89e7ce2e87a7ca73ca86d58c8a8e5b0d886eb36a64f22352f8,MITDB_P222,222,1690000000,0,20260927,0,13.260028839111328,0.9999982118606567,35,V2-002-F00-S20260927,a72ac38ce4df2be3a418366a097fbe027ef38d9964f5b1b5705df5f48169be84,MODEL_V1_CV_REFERENCE_V1
2ca1553f4677d830f44c11a998949d3038041eaa88ea9a2f75dc190cc01514d4,MITDB_P203,203,80000000,0,20260927,1,9.025424003601074,0.9998797178268433,35,V2-002-F00-S20260927,a72ac38ce4df2be3a418366a097fbe027ef38d9964f5b1b5705df5f48169be84,MODEL_V1_CV_REFERENCE_V1
2ca7f3561cc904753453b45cd485152299127cbe52de2dcb728fc76524a1c611,MITDB_P222,222,1335000000,0,20260927,1,7.973056793212891,0.9996554851531982,35,V2-002-F00-S20260927,a72ac38ce4df2be3a418366a097fbe027ef38d9964f5b1b5705df5f48169be84,MODEL_V1_CV_REFERENCE_V1
2cbbecedec0c3683c28b55d4af928e26e19f6442c778b8bde61e8dcaaf92a9c1,MITDB_P203,203,1075000000,0,20260927,1,10.932528495788574,0.9999821186065674,35,V2-002-F00-S20260927,a72ac38ce4df2be3a418366a097fbe027ef38d9964f5b1b5705df5f48169be84,MODEL_V1_CV_REFERENCE_V1
2cbd328dd16340d23b4a9096260f52c8af2ef9adbc5feacf91f410991d2f464f,MITDB_P124,124,565000000,0,20260927,0,3.917875051498413,0.9805043339729309,35,V2-002-F00-S20260927,a72ac38ce4df2be3a418366a097fbe027ef38d9964f5b1b5705df5f48169be84,MODEL_V1_CV_REFERENCE_V1
2d0756c7aabf8490760e0206c0e5dd7a1b307d9f5aa4dc33b7608621ec3546c9,MITDB_P124,124,700000000,0,20260927,0,4.5860161781311035,0.9899095296859741,35,V2-002-F00-S20260927,a72ac38ce4df2be3a418366a097fbe027ef38d9964f5b1b5705df5f48169be84,MODEL_V1_CV_REFERENCE_V1
2d26a55e955d40354f8d4b95333a57fa9addab4ff9ad28f68154f641adf62027,MITDB_P222,222,1760000000,0,20260927,0,5.435047149658203,0.9956579208374023,35,V2-002-F00-S20260927,a72ac38ce4df2be3a418366a097fbe027ef38d9964f5b1b5705df5f48169be84,MODEL_V1_CV_REFERENCE_V1
2d3044a43e9e17e2ab596aae883a37dbbfdd9c1c0af8f2d94b59523dafa1dae8,MITDB_P212,212,1755000000,0,20260927,0,12.293712615966797,0.9999954700469971,35,V2-002-F00-S20260927,a72ac38ce4df2be3a418366a097fbe027ef38d9964f5b1b5705df5f48169be84,MODEL_V1_CV_REFERENCE_V1
2d3386df6efe7214159ecfcc3f4e325adf525a5f496708f4269b2fb08de49534,MITDB_P209,209,1510000000,0,20260927,1,9.86016845703125,0.9999477863311768,35,V2-002-F00-S20260927,a72ac38ce4df2be3a418366a097fbe027ef38d9964f5b1b5705df5f48169be84,MODEL_V1_CV_REFERENCE_V1
2d563da10dc5a0899d7c79d5e00585731326580e748ad21dfdb7993e9e1c9269,MITDB_P212,212,955000000,0,20260927,0,11.411755561828613,0.9999889135360718,35,V2-002-F00-S20260927,a72ac38ce4df2be3a418366a097fbe027ef38d9964f5b1b5705df5f48169be84,MODEL_V1_CV_REFERENCE_V1
2d7ebccd4fe0d301fc3a9490b7ef79b902be99731b866e9ea4150a73f020222d,MITDB_P124,124,1505000000,0,20260927,0,6.607823371887207,0.9986520409584045,35,V2-002-F00-S20260927,a72ac38ce4df2be3a418366a097fbe027ef38d9964f5b1b5705df5f48169be84,MODEL_V1_CV_REFERENCE_V1
2d875a773cc107826682bfb16c64fb14f73f4112c0fcd6b7aa552c4ba47762ec,MITDB_P105,105,185000000,0,20260927,0,2.544080972671509,0.9271748661994934,35,V2-002-F00-S20260927,a72ac38ce4df2be3a418366a097fbe027ef38d9964f5b1b5705df5f48169be84,MODEL_V1_CV_REFERENCE_V1
2d8c38b5ad17cc9723a1852e5134180cae5af1ce349a5ab95bc7b1813d77cc51,MITDB_P212,212,840000000,0,20260927,0,15.631290435791016,0.9999998807907104,35,V2-002-F00-S20260927,a72ac38ce4df2be3a418366a097fbe027ef38d9964f5b1b5705df5f48169be84,MODEL_V1_CV_REFERENCE_V1
2d8f0b3158d34318135246087eef464d1d59e72e1e8f64fc3ca17ce27dae9236,MITDB_P209,209,50000000,0,20260927,0,9.836628913879395,0.9999465942382812,35,V2-002-F00-S20260927,a72ac38ce4df2be3a418366a097fbe027ef38d9964f5b1b5705df5f48169be84,MODEL_V1_CV_REFERENCE_V1
2da515981e3cb34ea33130d412b27b6e40d80af2f32f31d77f497d9246bf3bb2,MITDB_P124,124,440000000,0,20260927,0,8.459972381591797,0.999788224697113,35,V2-002-F00-S20260927,a72ac38ce4df2be3a418366a097fbe027ef38d9964f5b1b5705df5f48169be84,MODEL_V1_CV_REFERENCE_V1
2ded75d06197a5af22c04e2c587e739f292ae64d2ef8a02c134894a9dc3e145f,MITDB_P124,124,1245000000,0,20260927,0,7.694419860839844,0.9995447993278503,35,V2-002-F00-S20260927,a72ac38ce4df2be3a418366a097fbe027ef38d9964f5b1b5705df5f48169be84,MODEL_V1_CV_REFERENCE_V1
2df448399afb1d2b52069bb10784cce9eae78ee611ecc81840063588cd9d5f54,MITDB_P105,105,905000000,0,20260927,0,0.1770050823688507,0.544136106967926,35,V2-002-F00-S20260927,a72ac38ce4df2be3a418366a097fbe027ef38d9964f5b1b5705df5f48169be84,MODEL_V1_CV_REFERENCE_V1
2df45cc6a46965dd817523776f0ebbe494e1e19b3572b4d0b375ba862b9f7aa0,MITDB_P203,203,1630000000,0,20260927,1,16.011384963989258,0.9999998807907104,35,V2-002-F00-S20260927,a72ac38ce4df2be3a418366a097fbe027ef38d9964f5b1b5705df5f48169be84,MODEL_V1_CV_REFERENCE_V1
2e0544fa5401c1c6682dd8679ff87b128e000297c847aca5970f4df6aa153367,MITDB_P212,212,1795000000,0,20260927,0,-0.5019913911819458,0.3770727813243866,35,V2-002-F00-S20260927,a72ac38ce4df2be3a418366a097fbe027ef38d9964f5b1b5705df5f48169be84,MODEL_V1_CV_REFERENCE_V1
2e7c6fd64ec802f37d87f979fc6def078edaa779fa1e2d84268089460801c879,MITDB_P105,105,1095000000,0,20260927,0,-1.147200584411621,0.24100075662136078,35,V2-002-F00-S20260927,a72ac38ce4df2be3a418366a097fbe027ef38d9964f5b1b5705df5f48169be84,MODEL_V1_CV_REFERENCE_V1
2e90fb14efe7191754350f5e61641452740fd6a10623a876ce340fd2d71e1072,MITDB_P209,209,1210000000,0,20260927,1,6.944905757904053,0.9990373849868774,35,V2-002-F00-S20260927,a72ac38ce4df2be3a418366a097fbe027ef38d9964f5b1b5705df5f48169be84,MODEL_V1_CV_REFERENCE_V1
2e95f04c26742cbb16e79dae1b5e22a33ababc3ed3331ad330bdddb7dc5062a0,MITDB_P209,209,825000000,0,20260927,1,6.208346366882324,0.9979914426803589,35,V2-002-F00-S20260927,a72ac38ce4df2be3a418366a097fbe027ef38d9964f5b1b5705df5f48169be84,MODEL_V1_CV_REFERENCE_V1
2ec28151b26ec22ab3b4ab01922fd321cc749149dee0c72d87a139d790aa65ba,MITDB_P105,105,190000000,0,20260927,1,3.1696417331695557,0.9596757292747498,35,V2-002-F00-S20260927,a72ac38ce4df2be3a418366a097fbe027ef38d9964f5b1b5705df5f48169be84,MODEL_V1_CV_REFERENCE_V1
2ed53138577ef5f62529d20705162cd2d7eaa50cbdb8640e762630286b4bb0ec,MITDB_P222,222,700000000,0,20260927,1,8.027189254760742,0.99967360496521,35,V2-002-F00-S20260927,a72ac38ce4df2be3a418366a097fbe027ef38d9964f5b1b5705df5f48169be84,MODEL_V1_CV_REFERENCE_V1
2ee7ebf00fc1b753daffff1503666e7934fbb499b94b9653b7440242fdd721a1,MITDB_P222,222,820000000,0,20260927,0,21.13289451599121,1.0,35,V2-002-F00-S20260927,a72ac38ce4df2be3a418366a097fbe027ef38d9964f5b1b5705df5f48169be84,MODEL_V1_CV_REFERENCE_V1
2efff76ba34e79dc03303e8624556a49bd0b3b21f1e1f43767ed5b701d771ec8,MITDB_P203,203,130000000,0,20260927,1,22.5837459564209,1.0,35,V2-002-F00-S20260927,a72ac38ce4df2be3a418366a097fbe027ef38d9964f5b1b5705df5f48169be84,MODEL_V1_CV_REFERENCE_V1
2f04fca7bd609c3223037c5e482fcc0fe2e1812d8624a44cf7794fdd12ab5b6d,MITDB_P124,124,1315000000,0,20260927,0,5.798613548278809,0.9969774484634399,35,V2-002-F00-S20260927,a72ac38ce4df2be3a418366a097fbe027ef38d9964f5b1b5705df5f48169be84,MODEL_V1_CV_REFERENCE_V1
2f2ec02db836d046c246c64dc8ade4daa761eab03566be375f9504b35330ee42,MITDB_P105,105,1025000000,0,20260927,0,-0.12402130663394928,0.469034343957901,35,V2-002-F00-S20260927,a72ac38ce4df2be3a418366a097fbe027ef38d9964f5b1b5705df5f48169be84,MODEL_V1_CV_REFERENCE_V1
2f4b1896d66042f3ec9c31837799699286ea43bf66f27a84ced2f5b84cb8f2d8,MITDB_P209,209,265000000,0,20260927,1,16.642314910888672,1.0,35,V2-002-F00-S20260927,a72ac38ce4df2be3a418366a097fbe027ef38d9964f5b1b5705df5f48169be84,MODEL_V1_CV_REFERENCE_V1
2f57d3686a1f5f25bbf620947001e6bfde86be7a44d82764f44c5c8686c573f0,MITDB_P209,209,1295000000,0,20260927,1,6.72004508972168,0.9987949132919312,35,V2-002-F00-S20260927,a72ac38ce4df2be3a418366a097fbe027ef38d9964f5b1b5705df5f48169be84,MODEL_V1_CV_REFERENCE_V1
2f6d39e95796541701105ad5b194f79c9af54b2db0637389711818cd374431f5,MITDB_P105,105,440000000,0,20260927,1,2.20766544342041,0.900935709476471,35,V2-002-F00-S20260927,a72ac38ce4df2be3a418366a097fbe027ef38d9964f5b1b5705df5f48169be84,MODEL_V1_CV_REFERENCE_V1
2f7a33762d3813ab28fb25e852d20fd6bf06867b2149a1f43e48473b6059b5ad,MITDB_P105,105,570000000,0,20260927,0,1.8795113563537598,0.8675550222396851,35,V2-002-F00-S20260927,a72ac38ce4df2be3a418366a097fbe027ef38d9964f5b1b5705df5f48169be84,MODEL_V1_CV_REFERENCE_V1
2f8269fb8d1bd04e8aa116f1b5897106b6cab8cd067860939732194a3c620fe2,MITDB_P105,105,1605000000,0,20260927,0,-0.6259663105010986,0.3484257161617279,35,V2-002-F00-S20260927,a72ac38ce4df2be3a418366a097fbe027ef38d9964f5b1b5705df5f48169be84,MODEL_V1_CV_REFERENCE_V1
2f8ee3c03ad82c1510d5cceebe84a05678937123a9dc1f4908f2cba4e5614bcd,MITDB_P124,124,1125000000,0,20260927,0,6.440717697143555,0.9984073042869568,35,V2-002-F00-S20260927,a72ac38ce4df2be3a418366a097fbe027ef38d9964f5b1b5705df5f48169be84,MODEL_V1_CV_REFERENCE_V1
2f92b84854443845e262b3050065de6ecfac78d0fe88d82d3c217070f5b4d608,MITDB_P105,105,1715000000,0,20260927,0,0.4390462338924408,0.6080317497253418,35,V2-002-F00-S20260927,a72ac38ce4df2be3a418366a097fbe027ef38d9964f5b1b5705df5f48169be84,MODEL_V1_CV_REFERENCE_V1
2f95ef43dd2bb176e419e15c4e6961c8c2efeea97a58c1addc78b05bfb26e3e4,MITDB_P124,124,1140000000,0,20260927,0,6.447535991668701,0.9984180927276611,35,V2-002-F00-S20260927,a72ac38ce4df2be3a418366a097fbe027ef38d9964f5b1b5705df5f48169be84,MODEL_V1_CV_REFERENCE_V1
2fa8fa2e1a0fcaa3d747327c20e5d3de494dce4331f849bbf870eca8eafacd20,MITDB_P203,203,195000000,0,20260927,1,9.577849388122559,0.999930739402771,35,V2-002-F00-S20260927,a72ac38ce4df2be3a418366a097fbe027ef38d9964f5b1b5705df5f48169be84,MODEL_V1_CV_REFERENCE_V1
2fbc9675b9b10192aa3748d59e2b625480759e729f0366e953129c2724325e6f,MITDB_P203,203,420000000,0,20260927,1,17.639387130737305,1.0,35,V2-002-F00-S20260927,a72ac38ce4df2be3a418366a097fbe027ef38d9964f5b1b5705df5f48169be84,MODEL_V1_CV_REFERENCE_V1
2fc44147405ee3f0423bf50f091cf6c1e0d64b991e4073a582c034b575af26ec,MITDB_P124,124,1485000000,0,20260927,0,7.51076602935791,0.9994531273841858,35,V2-002-F00-S20260927,a72ac38ce4df2be3a418366a097fbe027ef38d9964f5b1b5705df5f48169be84,MODEL_V1_CV_REFERENCE_V1
2fc856c0e427ceda3bf1c5011b7454a814db4a4e5ecaf235832623146347aad4,MITDB_P203,203,1135000000,0,20260927,1,16.33574867248535,0.9999998807907104,35,V2-002-F00-S20260927,a72ac38ce4df2be3a418366a097fbe027ef38d9964f5b1b5705df5f48169be84,MODEL_V1_CV_REFERENCE_V1
2fd8e9e4fac4fbb16e17b0979c0b83b12bc83d19df5f1bec1c1d9e710432c67a,MITDB_P212,212,1560000000,0,20260927,0,13.502490043640137,0.9999986886978149,35,V2-002-F00-S20260927,a72ac38ce4df2be3a418366a097fbe027ef38d9964f5b1b5705df5f48169be84,MODEL_V1_CV_REFERENCE_V1
2fe457280322f11b9ba88e0c71b9178607edb4d9e678ecfebd4016ca68aee62d,MITDB_P105,105,125000000,0,20260927,0,1.1148016452789307,0.7530232071876526,35,V2-002-F00-S20260927,a72ac38ce4df2be3a418366a097fbe027ef38d9964f5b1b5705df5f48169be84,MODEL_V1_CV_REFERENCE_V1
2ff36be1a24c07b2c7615116084e2383cf7e7103f0aabfc4bcc1702765b0bdd3,MITDB_P203,203,1480000000,0,20260927,0,8.259852409362793,0.9997413754463196,35,V2-002-F00-S20260927,a72ac38ce4df2be3a418366a097fbe027ef38d9964f5b1b5705df5f48169be84,MODEL_V1_CV_REFERENCE_V1
3008b06414cf03f171c5b71ea405f80e3fba619aa639a56a9d77e67675378bab,MITDB_P105,105,985000000,0,20260927,0,2.1080691814422607,0.8916850090026855,35,V2-002-F00-S20260927,a72ac38ce4df2be3a418366a097fbe027ef38d9964f5b1b5705df5f48169be84,MODEL_V1_CV_REFERENCE_V1
3015fad9a2aae62b7a9b10f1a4e6fc767281d9f3b043924f8113473f127b345f,MITDB_P212,212,1490000000,0,20260927,0,-0.6836382150650024,0.33544978499412537,35,V2-002-F00-S20260927,a72ac38ce4df2be3a418366a097fbe027ef38d9964f5b1b5705df5f48169be84,MODEL_V1_CV_REFERENCE_V1
3018bf99975d38d41680b727c546f241122a43c10e0a2b10ea1bc348bf544f54,MITDB_P222,222,1240000000,0,20260927,1,3.3308510780334473,0.9654721617698669,35,V2-002-F00-S20260927,a72ac38ce4df2be3a418366a097fbe027ef38d9964f5b1b5705df5f48169be84,MODEL_V1_CV_REFERENCE_V1
3067c579393174c70a6c42c80cc27378776ef86328c97b3c25e412373be85851,MITDB_P212,212,820000000,0,20260927,0,20.462322235107422,1.0,35,V2-002-F00-S20260927,a72ac38ce4df2be3a418366a097fbe027ef38d9964f5b1b5705df5f48169be84,MODEL_V1_CV_REFERENCE_V1
306c77c009ac7194f09aebaa5bf73f264b38722d6edca50a9cf06d398e5f3a80,MITDB_P203,203,1640000000,0,20260927,1,19.54582977294922,1.0,35,V2-002-F00-S20260927,a72ac38ce4df2be3a418366a097fbe027ef38d9964f5b1b5705df5f48169be84,MODEL_V1_CV_REFERENCE_V1
30b3543e04b3369c5aa65392ba2660cfc7e45c4c8fa2fb9a16a6410d2c6a68da,MITDB_P203,203,645000000,0,20260927,1,28.180330276489258,1.0,35,V2-002-F00-S20260927,a72ac38ce4df2be3a418366a097fbe027ef38d9964f5b1b5705df5f48169be84,MODEL_V1_CV_REFERENCE_V1
30dfe13275639d7e203e3be78d3cfae766fd50b94f5f36c4bd6569a9e8ed2604,MITDB_P222,222,75000000,0,20260927,0,15.671040534973145,0.9999998807907104,35,V2-002-F00-S20260927,a72ac38ce4df2be3a418366a097fbe027ef38d9964f5b1b5705df5f48169be84,MODEL_V1_CV_REFERENCE_V1
30e26c1211769d7f0a46c3db73a60a1de5d82edfb93964846f08dd68b97855fa,MITDB_P222,222,1580000000,0,20260927,0,16.92605209350586,1.0,35,V2-002-F00-S20260927,a72ac38ce4df2be3a418366a097fbe027ef38d9964f5b1b5705df5f48169be84,MODEL_V1_CV_REFERENCE_V1
30ee935ae9c35973c5f3053741c03f13c6d6bd16f07939c23cf964e7ff457535,MITDB_P203,203,1390000000,0,20260927,0,6.49336576461792,0.9984887838363647,35,V2-002-F00-S20260927,a72ac38ce4df2be3a418366a097fbe027ef38d9964f5b1b5705df5f48169be84,MODEL_V1_CV_REFERENCE_V1
30fb7134506a32cb321f6db3a5f7b91140b2bd56eacf21ddfc10023abd779bea,MITDB_P203,203,410000000,0,20260927,1,10.401368141174316,0.9999696016311646,35,V2-002-F00-S20260927,a72ac38ce4df2be3a418366a097fbe027ef38d9964f5b1b5705df5f48169be84,MODEL_V1_CV_REFERENCE_V1
30ff32ad00dd49a1b02825d637fece27ff8dbd2dd4f68b81e28650006923acea,MITDB_P222,222,1410000000,0,20260927,0,10.293550491333008,0.9999661445617676,35,V2-002-F00-S20260927,a72ac38ce4df2be3a418366a097fbe027ef38d9964f5b1b5705df5f48169be84,MODEL_V1_CV_REFERENCE_V1
310310b2f06e305e6f2a8e5f71ccde800d3e570e0558f5c72f4152504eceebdb,MITDB_P203,203,1730000000,0,20260927,1,19.588354110717773,1.0,35,V2-002-F00-S20260927,a72ac38ce4df2be3a418366a097fbe027ef38d9964f5b1b5705df5f48169be84,MODEL_V1_CV_REFERENCE_V1
312673713c0034dfb8151d7f1f922a86d7970e20dd1c8110ff93be59651dd62d,MITDB_P105,105,970000000,0,20260927,0,1.678226351737976,0.8426694869995117,35,V2-002-F00-S20260927,a72ac38ce4df2be3a418366a097fbe027ef38d9964f5b1b5705df5f48169be84,MODEL_V1_CV_REFERENCE_V1
31a1da1fff5c405d6f0823fe11569215b77d13df539ad0a4fc07fc5e9fedaeaf,MITDB_P203,203,1645000000,0,20260927,1,18.576902389526367,1.0,35,V2-002-F00-S20260927,a72ac38ce4df2be3a418366a097fbe027ef38d9964f5b1b5705df5f48169be84,MODEL_V1_CV_REFERENCE_V1
31e88307ee36390503411fd76bbc24d3e91b2a9557f9540359f8edb77d6ea068,MITDB_P124,124,415000000,0,20260927,0,10.148375511169434,0.9999608993530273,35,V2-002-F00-S20260927,a72ac38ce4df2be3a418366a097fbe027ef38d9964f5b1b5705df5f48169be84,MODEL_V1_CV_REFERENCE_V1
31f7921c8cd6e01f718b2b11a798eb9c5dfd9f4e5cfb2427fee4349554c7bce2,MITDB_P212,212,960000000,0,20260927,0,10.544702529907227,0.9999736547470093,35,V2-002-F00-S20260927,a72ac38ce4df2be3a418366a097fbe027ef38d9964f5b1b5705df5f48169be84,MODEL_V1_CV_REFERENCE_V1
31fd4d555bf65357713325f94534b067e0164fed9e01fc8368d4aa12624ebe9b,MITDB_P203,203,685000000,0,20260927,0,15.776839256286621,0.9999998807907104,35,V2-002-F00-S20260927,a72ac38ce4df2be3a418366a097fbe027ef38d9964f5b1b5705df5f48169be84,MODEL_V1_CV_REFERENCE_V1
3208c0ef4efa43a6870eef0a85da2bd41d10348d6a519bef2130c73239d6a3c5,MITDB_P124,124,1525000000,0,20260927,0,6.424431800842285,0.9983811378479004,35,V2-002-F00-S20260927,a72ac38ce4df2be3a418366a097fbe027ef38d9964f5b1b5705df5f48169be84,MODEL_V1_CV_REFERENCE_V1
321a6c11db659830303e55354b06b78530cd51500455349ef4db25109a6b62dd,MITDB_P203,203,1210000000,0,20260927,1,10.193490982055664,0.999962568283081,35,V2-002-F00-S20260927,a72ac38ce4df2be3a418366a097fbe027ef38d9964f5b1b5705df5f48169be84,MODEL_V1_CV_REFERENCE_V1
32202abf732da0cdba7c63f768ba89c5f1d4857c22e0db41252533c78c2c6438,MITDB_P124,124,1170000000,0,20260927,0,4.322221755981445,0.9869034290313721,35,V2-002-F00-S20260927,a72ac38ce4df2be3a418366a097fbe027ef38d9964f5b1b5705df5f48169be84,MODEL_V1_CV_REFERENCE_V1
3226f76a84cea36b5debc1d0eaa1208959eadbb17af26e06b7084aa5d8d694d8,MITDB_P105,105,1105000000,0,20260927,0,-0.006017534527927637,0.49849557876586914,35,V2-002-F00-S20260927,a72ac38ce4df2be3a418366a097fbe027ef38d9964f5b1b5705df5f48169be84,MODEL_V1_CV_REFERENCE_V1
3250d74cf07ee9c5f4accd06091baf3dacb718e48e964f3f81d019ad2ba1d83d,MITDB_P209,209,565000000,0,20260927,1,4.09469747543335,0.9836122393608093,35,V2-002-F00-S20260927,a72ac38ce4df2be3a418366a097fbe027ef38d9964f5b1b5705df5f48169be84,MODEL_V1_CV_REFERENCE_V1
329270d5b81fc2bfb0109e2566109ac8b29371522cc562d867b3140bbeab59cf,MITDB_P212,212,1240000000,0,20260927,0,12.851529121398926,0.9999973773956299,35,V2-002-F00-S20260927,a72ac38ce4df2be3a418366a097fbe027ef38d9964f5b1b5705df5f48169be84,MODEL_V1_CV_REFERENCE_V1
32ad8f76a5b37b8124f499f897f42b28f41e27d9afce505ff948b7b4d0c71c32,MITDB_P222,222,970000000,0,20260927,1,11.17465591430664,0.999985933303833,35,V2-002-F00-S20260927,a72ac38ce4df2be3a418366a097fbe027ef38d9964f5b1b5705df5f48169be84,MODEL_V1_CV_REFERENCE_V1
32b2e87b37804e7b1f6a7a74986466a65adf74073fedde79d2313d2b9d065d0a,MITDB_P203,203,1215000000,0,20260927,1,11.805578231811523,0.9999924898147583,35,V2-002-F00-S20260927,a72ac38ce4df2be3a418366a097fbe027ef38d9964f5b1b5705df5f48169be84,MODEL_V1_CV_REFERENCE_V1
32b6df74149030ce55479a102a7ada92c69b4c5277d30d7590f34085a6860990,MITDB_P203,203,1145000000,0,20260927,1,15.90890121459961,0.9999998807907104,35,V2-002-F00-S20260927,a72ac38ce4df2be3a418366a097fbe027ef38d9964f5b1b5705df5f48169be84,MODEL_V1_CV_REFERENCE_V1
32d7ab016721c31f0463b779485d47ced30d048948e371bd39a213878c7ec3f9,MITDB_P222,222,85000000,0,20260927,0,18.986421585083008,1.0,35,V2-002-F00-S20260927,a72ac38ce4df2be3a418366a097fbe027ef38d9964f5b1b5705df5f48169be84,MODEL_V1_CV_REFERENCE_V1
32ee8d8cc7cb7599f7faaa3cf3ff6211bd8908f85200ba911615d90fa985f516,MITDB_P105,105,1500000000,0,20260927,0,0.5093990564346313,0.6246656179428101,35,V2-002-F00-S20260927,a72ac38ce4df2be3a418366a097fbe027ef38d9964f5b1b5705df5f48169be84,MODEL_V1_CV_REFERENCE_V1
32f69ad8aeceb334419c29808804ba01f2cff801a2de83ae7768f2fec14857a7,MITDB_P209,209,125000000,0,20260927,1,12.316915512084961,0.9999954700469971,35,V2-002-F00-S20260927,a72ac38ce4df2be3a418366a097fbe027ef38d9964f5b1b5705df5f48169be84,MODEL_V1_CV_REFERENCE_V1
332704d49da3e00336594eca5865048d056807e21c26614fc6f98ec4b5d5c5b9,MITDB_P105,105,730000000,0,20260927,0,2.06421160697937,0.8873757719993591,35,V2-002-F00-S20260927,a72ac38ce4df2be3a418366a097fbe027ef38d9964f5b1b5705df5f48169be84,MODEL_V1_CV_REFERENCE_V1
334ef519dcbba3f8bb4aecc4b4860ac115cf6a69ce9f64931812d937da97b9e5,MITDB_P222,222,935000000,0,20260927,0,5.261919021606445,0.9948413968086243,35,V2-002-F00-S20260927,a72ac38ce4df2be3a418366a097fbe027ef38d9964f5b1b5705df5f48169be84,MODEL_V1_CV_REFERENCE_V1
335571959951d0a5ee137d20e8b197511a673d82ba68609b412a565bace828c4,MITDB_P222,222,1700000000,0,20260927,0,10.436107635498047,0.9999706745147705,35,V2-002-F00-S20260927,a72ac38ce4df2be3a418366a097fbe027ef38d9964f5b1b5705df5f48169be84,MODEL_V1_CV_REFERENCE_V1
335d4977a4d7ab6bb6ddc791cd1360c42c670c594c3e4f120477f3fea727c05a,MITDB_P212,212,1805000000,0,20260927,0,-0.2945783734321594,0.42688336968421936,35,V2-002-F00-S20260927,a72ac38ce4df2be3a418366a097fbe027ef38d9964f5b1b5705df5f48169be84,MODEL_V1_CV_REFERENCE_V1
3360ba580c98521eb4af212a3250f99420b5bb75bca6fb278ef3c1aa39528cb9,MITDB_P124,124,795000000,0,20260927,0,6.213863849639893,0.9980024695396423,35,V2-002-F00-S20260927,a72ac38ce4df2be3a418366a097fbe027ef38d9964f5b1b5705df5f48169be84,MODEL_V1_CV_REFERENCE_V1
33851fbada259f0a6abe9e6f61b20d61fed599a4f8164e1c0e226a11a0096107,MITDB_P222,222,685000000,0,20260927,1,6.683652877807617,0.9987503290176392,35,V2-002-F00-S20260927,a72ac38ce4df2be3a418366a097fbe027ef38d9964f5b1b5705df5f48169be84,MODEL_V1_CV_REFERENCE_V1
3385c307e96edb6c9237570f0687e16aa9ee354e4f5b03e162ce658ec7ff6b76,MITDB_P203,203,1760000000,0,20260927,0,15.934671401977539,0.9999998807907104,35,V2-002-F00-S20260927,a72ac38ce4df2be3a418366a097fbe027ef38d9964f5b1b5705df5f48169be84,MODEL_V1_CV_REFERENCE_V1
33a0ffb5d606d5d27a3fa56fb478aa32a4542d557489ef5c162d562888a74e6e,MITDB_P209,209,35000000,0,20260927,0,8.135055541992188,0.9997069239616394,35,V2-002-F00-S20260927,a72ac38ce4df2be3a418366a097fbe027ef38d9964f5b1b5705df5f48169be84,MODEL_V1_CV_REFERENCE_V1
33ad8818f6b927fed6c5efd8313b9a84c9842ce4fed8baf4f2f2669c725367a0,MITDB_P203,203,1700000000,0,20260927,1,29.07864761352539,1.0,35,V2-002-F00-S20260927,a72ac38ce4df2be3a418366a097fbe027ef38d9964f5b1b5705df5f48169be84,MODEL_V1_CV_REFERENCE_V1
33d4ead3368255954d7b90ae7c158d34babba1d59758662fc28a05753a4de3a3,MITDB_P105,105,875000000,0,20260927,1,1.3791002035140991,0.798846423625946,35,V2-002-F00-S20260927,a72ac38ce4df2be3a418366a097fbe027ef38d9964f5b1b5705df5f48169be84,MODEL_V1_CV_REFERENCE_V1
33deca1f21779568d4b06fc936c8e48e747a6fa21095dbff6671da8f3edb87c3,MITDB_P222,222,625000000,0,20260927,1,11.197154998779297,0.9999862909317017,35,V2-002-F00-S20260927,a72ac38ce4df2be3a418366a097fbe027ef38d9964f5b1b5705df5f48169be84,MODEL_V1_CV_REFERENCE_V1
3404f3df9caffcccbf3268a13576903f0068d2bd4d2f0d531711bdb24460a5e3,MITDB_P124,124,1495000000,0,20260927,0,5.132604122161865,0.9941334128379822,35,V2-002-F00-S20260927,a72ac38ce4df2be3a418366a097fbe027ef38d9964f5b1b5705df5f48169be84,MODEL_V1_CV_REFERENCE_V1
340775f88edecac2eb1588212ad2798a7c4f93f1878db0263be9b775a6dd3d6c,MITDB_P105,105,465000000,0,20260927,1,3.6893553733825684,0.9756211042404175,35,V2-002-F00-S20260927,a72ac38ce4df2be3a418366a097fbe027ef38d9964f5b1b5705df5f48169be84,MODEL_V1_CV_REFERENCE_V1
340e1387fd6f88afba67370e99ba983469729d3555608430fb490a823f871321,MITDB_P209,209,25000000,0,20260927,0,11.835671424865723,0.9999927282333374,35,V2-002-F00-S20260927,a72ac38ce4df2be3a418366a097fbe027ef38d9964f5b1b5705df5f48169be84,MODEL_V1_CV_REFERENCE_V1
341893f72ae8a1042eed083faac00f588602478eb3b17bb83bb8cd48b9ced815,MITDB_P212,212,1680000000,0,20260927,0,-0.18769197165966034,0.45321425795555115,35,V2-002-F00-S20260927,a72ac38ce4df2be3a418366a097fbe027ef38d9964f5b1b5705df5f48169be84,MODEL_V1_CV_REFERENCE_V1
342af5786994d6eba5cf7f85293b98d0ffb49ee3bf9feb43518d98f23784497c,MITDB_P209,209,580000000,0,20260927,1,6.494663238525391,0.9984908103942871,35,V2-002-F00-S20260927,a72ac38ce4df2be3a418366a097fbe027ef38d9964f5b1b5705df5f48169be84,MODEL_V1_CV_REFERENCE_V1
3456205f5859259b5e5a30f7b819f3a51ca916361848723d254fd966d0214bee,MITDB_P124,124,1700000000,0,20260927,0,3.770808458328247,0.9774852395057678,35,V2-002-F00-S20260927,a72ac38ce4df2be3a418366a097fbe027ef38d9964f5b1b5705df5f48169be84,MODEL_V1_CV_REFERENCE_V1
346a43ecc1886527d40a6c00bd7a7d1eb73eb2a6427e11e20d8040936ceb6b09,MITDB_P124,124,275000000,0,20260927,0,6.237140655517578,0.9980484247207642,35,V2-002-F00-S20260927,a72ac38ce4df2be3a418366a097fbe027ef38d9964f5b1b5705df5f48169be84,MODEL_V1_CV_REFERENCE_V1
34718c7bf3a6f8b2eeb3f2efeed76cbe927ce04fb79efa4117ea133cf9fc7c56,MITDB_P222,222,1095000000,0,20260927,1,14.173858642578125,0.9999992847442627,35,V2-002-F00-S20260927,a72ac38ce4df2be3a418366a097fbe027ef38d9964f5b1b5705df5f48169be84,MODEL_V1_CV_REFERENCE_V1
349488f4a44649ec65a0eeb47cf9a93d59c2797a0299d4b82b8ea9e489d3ecbb,MITDB_P124,124,325000000,0,20260927,1,-4.661661148071289,0.009362270124256611,35,V2-002-F00-S20260927,a72ac38ce4df2be3a418366a097fbe027ef38d9964f5b1b5705df5f48169be84,MODEL_V1_CV_REFERENCE_V1
34abf87403474b34bc98148dc435e9f9db261a409984e79aa40d72d0494c67d1,MITDB_P209,209,1010000000,0,20260927,1,6.385843753814697,0.9983175992965698,35,V2-002-F00-S20260927,a72ac38ce4df2be3a418366a097fbe027ef38d9964f5b1b5705df5f48169be84,MODEL_V1_CV_REFERENCE_V1
34e5d5fda1907df4116599c8b99e09855fdefe914c6ffa2ad8bd1f598c9c936b,MITDB_P124,124,1015000000,0,20260927,0,5.79847526550293,0.9969769716262817,35,V2-002-F00-S20260927,a72ac38ce4df2be3a418366a097fbe027ef38d9964f5b1b5705df5f48169be84,MODEL_V1_CV_REFERENCE_V1
34e9fb7ceca381a34515506f53c72df0995cc254302d1c474c496ca04551f545,MITDB_P105,105,1190000000,0,20260927,1,7.387333393096924,0.9993813037872314,35,V2-002-F00-S20260927,a72ac38ce4df2be3a418366a097fbe027ef38d9964f5b1b5705df5f48169be84,MODEL_V1_CV_REFERENCE_V1
354ac283cecba60370c65586c2acba92f6353b3eaf801f3ac554409a5b7bd39f,MITDB_P212,212,320000000,0,20260927,0,2.4848151206970215,0.9230703711509705,35,V2-002-F00-S20260927,a72ac38ce4df2be3a418366a097fbe027ef38d9964f5b1b5705df5f48169be84,MODEL_V1_CV_REFERENCE_V1
354b7f3178bb7465598a4c09e92753422d611687e9f5a799e3bf486dcd7fd0e9,MITDB_P209,209,1260000000,0,20260927,0,6.500929832458496,0.9985002279281616,35,V2-002-F00-S20260927,a72ac38ce4df2be3a418366a097fbe027ef38d9964f5b1b5705df5f48169be84,MODEL_V1_CV_REFERENCE_V1
355aa8f5bccb8e4f555bc89b6aa307fe738319e7bfb48257979d3f7c60eed81d,MITDB_P209,209,1515000000,0,20260927,1,10.389233589172363,0.9999692440032959,35,V2-002-F00-S20260927,a72ac38ce4df2be3a418366a097fbe027ef38d9964f5b1b5705df5f48169be84,MODEL_V1_CV_REFERENCE_V1
3564d28531b8a82ba245d012da3f05ad2897910a51b0f08c0b1c758892c0fda0,MITDB_P124,124,1445000000,0,20260927,0,7.145061492919922,0.9992117881774902,35,V2-002-F00-S20260927,a72ac38ce4df2be3a418366a097fbe027ef38d9964f5b1b5705df5f48169be84,MODEL_V1_CV_REFERENCE_V1
35a6aee4e211ed30e27c5a542cc046dced72107f5a9eebe07ab72facda4b8055,MITDB_P105,105,1075000000,0,20260927,0,2.389033317565918,0.9159871935844421,35,V2-002-F00-S20260927,a72ac38ce4df2be3a418366a097fbe027ef38d9964f5b1b5705df5f48169be84,MODEL_V1_CV_REFERENCE_V1
35ebdff57a663cccf3cbb35fb256f55e19b45a0bc975f5827c2f5fe08b1b10c7,MITDB_P209,209,55000000,0,20260927,1,11.459321975708008,0.99998939037323,35,V2-002-F00-S20260927,a72ac38ce4df2be3a418366a097fbe027ef38d9964f5b1b5705df5f48169be84,MODEL_V1_CV_REFERENCE_V1
35f7f4633a4ea9136f9ca23b47b22557990dda41e6090a056eeb0b9c48f51f0e,MITDB_P222,222,500000000,0,20260927,0,19.748628616333008,1.0,35,V2-002-F00-S20260927,a72ac38ce4df2be3a418366a097fbe027ef38d9964f5b1b5705df5f48169be84,MODEL_V1_CV_REFERENCE_V1
35fe4273b4d831880cd7df5c1c901fdb6ee9bd79069d79fc636001f39f8cfce7,MITDB_P209,209,1225000000,0,20260927,0,7.819080829620361,0.9995982050895691,35,V2-002-F00-S20260927,a72ac38ce4df2be3a418366a097fbe027ef38d9964f5b1b5705df5f48169be84,MODEL_V1_CV_REFERENCE_V1
35ff1b21437d0c20686ef01018b39aafe05c3fb75e3399cef755f87730287d7c,MITDB_P222,222,210000000,0,20260927,0,9.536567687988281,0.9999278783798218,35,V2-002-F00-S20260927,a72ac38ce4df2be3a418366a097fbe027ef38d9964f5b1b5705df5f48169be84,MODEL_V1_CV_REFERENCE_V1
361351a301ff6bb6cbfd81c7997a492f91211c85db90b5837d1cfb4d8acddc03,MITDB_P124,124,1260000000,0,20260927,0,6.126450538635254,0.9978204965591431,35,V2-002-F00-S20260927,a72ac38ce4df2be3a418366a097fbe027ef38d9964f5b1b5705df5f48169be84,MODEL_V1_CV_REFERENCE_V1
36225921a5d690ce8f6130e131ce87e3b2d61fa7ba40760ded71ce94463d911a,MITDB_P203,203,830000000,0,20260927,0,13.734052658081055,0.999998927116394,35,V2-002-F00-S20260927,a72ac38ce4df2be3a418366a097fbe027ef38d9964f5b1b5705df5f48169be84,MODEL_V1_CV_REFERENCE_V1
369c29216ccc431075f1cad78507fcfd472744bcab5cd1c5ac66ed050bf77188,MITDB_P212,212,1485000000,0,20260927,0,-0.6562950611114502,0.3415723741054535,35,V2-002-F00-S20260927,a72ac38ce4df2be3a418366a097fbe027ef38d9964f5b1b5705df5f48169be84,MODEL_V1_CV_REFERENCE_V1
36a34fd205eef3689b7649f652db831d12dfadb9edf90c8ec6d5ebd5e36201e3,MITDB_P203,203,1045000000,0,20260927,1,21.909006118774414,1.0,35,V2-002-F00-S20260927,a72ac38ce4df2be3a418366a097fbe027ef38d9964f5b1b5705df5f48169be84,MODEL_V1_CV_REFERENCE_V1
36a5abd9843f4b423c8738dbbd6c174b9ba7987678393accf2a06ffcffb3cf7f,MITDB_P212,212,1140000000,0,20260927,0,-0.30012673139572144,0.42552649974823,35,V2-002-F00-S20260927,a72ac38ce4df2be3a418366a097fbe027ef38d9964f5b1b5705df5f48169be84,MODEL_V1_CV_REFERENCE_V1
36ac96b6764a82b281005cfbedfee600f8f79b1176afe145c404303bd1570088,MITDB_P212,212,690000000,0,20260927,0,10.614233016967773,0.9999754428863525,35,V2-002-F00-S20260927,a72ac38ce4df2be3a418366a097fbe027ef38d9964f5b1b5705df5f48169be84,MODEL_V1_CV_REFERENCE_V1
36bfad6d18e778d33e36eea624a8803d0310bd31e61885ab236251107fcba09c,MITDB_P212,212,1060000000,0,20260927,0,16.043851852416992,0.9999998807907104,35,V2-002-F00-S20260927,a72ac38ce4df2be3a418366a097fbe027ef38d9964f5b1b5705df5f48169be84,MODEL_V1_CV_REFERENCE_V1
36cc53c254cdfad9fa41323321df4aa3e9f05f812f0f16d48496caac57645718,MITDB_P222,222,775000000,0,20260927,1,2.4230053424835205,0.9185648560523987,35,V2-002-F00-S20260927,a72ac38ce4df2be3a418366a097fbe027ef38d9964f5b1b5705df5f48169be84,MODEL_V1_CV_REFERENCE_V1
370ccd64b1fb587eb21c4833b29cc865c7f0ed8d19fa8a148d4f177eb833938b,MITDB_P203,203,1420000000,0,20260927,1,11.986125946044922,0.9999938011169434,35,V2-002-F00-S20260927,a72ac38ce4df2be3a418366a097fbe027ef38d9964f5b1b5705df5f48169be84,MODEL_V1_CV_REFERENCE_V1
372cfc39164e044ea5308757abd57c6fb5f65a16e4e11a35e2193dd05aaf3a31,MITDB_P212,212,220000000,0,20260927,0,14.894439697265625,0.9999996423721313,35,V2-002-F00-S20260927,a72ac38ce4df2be3a418366a097fbe027ef38d9964f5b1b5705df5f48169be84,MODEL_V1_CV_REFERENCE_V1
3770ca086107259d6b62c48a8ebc788b4c90702bc28f122412347757d6ec226a,MITDB_P209,209,410000000,0,20260927,0,10.369308471679688,0.9999686479568481,35,V2-002-F00-S20260927,a72ac38ce4df2be3a418366a097fbe027ef38d9964f5b1b5705df5f48169be84,MODEL_V1_CV_REFERENCE_V1
3771465351eeb75bd8bae2a7f8c50a0d1e5cca9560214e1fa7d83ed5825b34bc,MITDB_P209,209,1105000000,0,20260927,1,14.994439125061035,0.9999996423721313,35,V2-002-F00-S20260927,a72ac38ce4df2be3a418366a097fbe027ef38d9964f5b1b5705df5f48169be84,MODEL_V1_CV_REFERENCE_V1
378824c72e17b0be38f94759ec47420d6cedbddb942f1d87c902b6546093421c,MITDB_P209,209,70000000,0,20260927,0,9.750225067138672,0.9999417066574097,35,V2-002-F00-S20260927,a72ac38ce4df2be3a418366a097fbe027ef38d9964f5b1b5705df5f48169be84,MODEL_V1_CV_REFERENCE_V1
378987b7f179d764d8c3eafafd38522393879680a85cad799807a4c8caee2f52,MITDB_P209,209,1320000000,0,20260927,1,6.515442371368408,0.9985217452049255,35,V2-002-F00-S20260927,a72ac38ce4df2be3a418366a097fbe027ef38d9964f5b1b5705df5f48169be84,MODEL_V1_CV_REFERENCE_V1
37b3b4eaae985c8890c385efbd836253592dd263b8a20c2dc9f2b83fbeca0d4d,MITDB_P124,124,655000000,0,20260927,0,7.075407981872559,0.9991550445556641,35,V2-002-F00-S20260927,a72ac38ce4df2be3a418366a097fbe027ef38d9964f5b1b5705df5f48169be84,MODEL_V1_CV_REFERENCE_V1
37b8933c23a03a30e9393a463dd4b16ddbccd79656a8d7308ec93fab59f366a8,MITDB_P105,105,495000000,0,20260927,0,2.1703908443450928,0.8975589275360107,35,V2-002-F00-S20260927,a72ac38ce4df2be3a418366a097fbe027ef38d9964f5b1b5705df5f48169be84,MODEL_V1_CV_REFERENCE_V1
37cfb7175634da1db86a36adea694db0f0c6ed0314544c04275daca3bbc0ec92,MITDB_P105,105,180000000,0,20260927,0,2.0504813194274902,0.8859962224960327,35,V2-002-F00-S20260927,a72ac38ce4df2be3a418366a097fbe027ef38d9964f5b1b5705df5f48169be84,MODEL_V1_CV_REFERENCE_V1
37dbd2e576fe61a87968d101f908e1be2035842fc4182e1d8f47c290b1f3de90,MITDB_P212,212,1260000000,0,20260927,0,14.545367240905762,0.9999995231628418,35,V2-002-F00-S20260927,a72ac38ce4df2be3a418366a097fbe027ef38d9964f5b1b5705df5f48169be84,MODEL_V1_CV_REFERENCE_V1
3800945948efe12fb08335c472f1ae321ebc1f688602a37dd64cd2c10a6d6412,MITDB_P209,209,1235000000,0,20260927,1,5.6046528816223145,0.9963327646255493,35,V2-002-F00-S20260927,a72ac38ce4df2be3a418366a097fbe027ef38d9964f5b1b5705df5f48169be84,MODEL_V1_CV_REFERENCE_V1
3841a80c58052495765468bd2d7c00ba5862da3df7a5637fe0e5a725ec8f4850,MITDB_P212,212,1225000000,0,20260927,0,11.465105056762695,0.9999895095825195,35,V2-002-F00-S20260927,a72ac38ce4df2be3a418366a097fbe027ef38d9964f5b1b5705df5f48169be84,MODEL_V1_CV_REFERENCE_V1
3866b18c3418c4fde949f6755714b079799527edb638e182cc2d2974303216a0,MITDB_P209,209,875000000,0,20260927,1,1.95638108253479,0.8761407732963562,35,V2-002-F00-S20260927,a72ac38ce4df2be3a418366a097fbe027ef38d9964f5b1b5705df5f48169be84,MODEL_V1_CV_REFERENCE_V1
38753c42c4c699dbd9b3033d23a60109394dba58368d3860910c7e02b0cde4f4,MITDB_P203,203,1140000000,0,20260927,1,10.502447128295898,0.9999725818634033,35,V2-002-F00-S20260927,a72ac38ce4df2be3a418366a097fbe027ef38d9964f5b1b5705df5f48169be84,MODEL_V1_CV_REFERENCE_V1
388dec0f3feb800e5046b7ddc60c5578b581b5828d803cfaf610e0af46f097c4,MITDB_P203,203,1120000000,0,20260927,1,11.891460418701172,0.9999932050704956,35,V2-002-F00-S20260927,a72ac38ce4df2be3a418366a097fbe027ef38d9964f5b1b5705df5f48169be84,MODEL_V1_CV_REFERENCE_V1
38b7abecfaa57fe0ede8381ffde78a7c91e8c45afd51c1f5236ec79311b678dd,MITDB_P124,124,870000000,0,20260927,0,5.58392333984375,0.9962562322616577,35,V2-002-F00-S20260927,a72ac38ce4df2be3a418366a097fbe027ef38d9964f5b1b5705df5f48169be84,MODEL_V1_CV_REFERENCE_V1
38c6b1b50a1a12099b24d3e186c189f7e7d6529021019aa4b9bae8b998a77eae,MITDB_P222,222,110000000,0,20260927,0,12.37850570678711,0.9999958276748657,35,V2-002-F00-S20260927,a72ac38ce4df2be3a418366a097fbe027ef38d9964f5b1b5705df5f48169be84,MODEL_V1_CV_REFERENCE_V1
38db6b9e7c4411a58cb0ae0cc8e1c1b5a494285b5a6ba748a27afb6d2eefe93e,MITDB_P222,222,515000000,0,20260927,0,14.569695472717285,0.9999995231628418,35,V2-002-F00-S20260927,a72ac38ce4df2be3a418366a097fbe027ef38d9964f5b1b5705df5f48169be84,MODEL_V1_CV_REFERENCE_V1
39006b627b8c6d297933c03eefe8d5cdacafc4d4145cdb8bdfe95071c3c0899e,MITDB_P203,203,460000000,0,20260927,1,12.032413482666016,0.9999940395355225,35,V2-002-F00-S20260927,a72ac38ce4df2be3a418366a097fbe027ef38d9964f5b1b5705df5f48169be84,MODEL_V1_CV_REFERENCE_V1
391839a4d5fe0b54e756ea601557f989d5199faf9aeb23983e1cf9311197517c,MITDB_P124,124,935000000,0,20260927,0,4.416737079620361,0.9880704879760742,35,V2-002-F00-S20260927,a72ac38ce4df2be3a418366a097fbe027ef38d9964f5b1b5705df5f48169be84,MODEL_V1_CV_REFERENCE_V1
392a26735dd73b652ceaf12ffb1c76f7cf0a328866b1a4354a7b7238c7d8c86e,MITDB_P203,203,1355000000,0,20260927,1,14.332781791687012,0.9999994039535522,35,V2-002-F00-S20260927,a72ac38ce4df2be3a418366a097fbe027ef38d9964f5b1b5705df5f48169be84,MODEL_V1_CV_REFERENCE_V1
3941da0e40a9ee14bcd004ee903dc2f9c09fcc62784aac0a281ac24d0ec9de61,MITDB_P203,203,385000000,0,20260927,1,13.366594314575195,0.9999984502792358,35,V2-002-F00-S20260927,a72ac38ce4df2be3a418366a097fbe027ef38d9964f5b1b5705df5f48169be84,MODEL_V1_CV_REFERENCE_V1
3974146da25506f8db9084ce6775c4943fa0a33a3e4e07874fb4f710de579f18,MITDB_P209,209,185000000,0,20260927,0,7.620658874511719,0.9995100498199463,35,V2-002-F00-S20260927,a72ac38ce4df2be3a418366a097fbe027ef38d9964f5b1b5705df5f48169be84,MODEL_V1_CV_REFERENCE_V1
39835ab85a4731305cc076670f82ff273f124e3e394fbc7952d6c8bfa5b0c6db,MITDB_P124,124,1380000000,0,20260927,0,6.394897937774658,0.9983327984809875,35,V2-002-F00-S20260927,a72ac38ce4df2be3a418366a097fbe027ef38d9964f5b1b5705df5f48169be84,MODEL_V1_CV_REFERENCE_V1
39edbe5e7ec1e82340bfcb5fc8dd505680ad32d7333efb9466e1d3f2603579e0,MITDB_P212,212,1090000000,0,20260927,0,18.483781814575195,1.0,35,V2-002-F00-S20260927,a72ac38ce4df2be3a418366a097fbe027ef38d9964f5b1b5705df5f48169be84,MODEL_V1_CV_REFERENCE_V1
3a0a344f0165f6871194bfbed4d5fb0c49771f8aae8f1777b7e2deb9158e433f,MITDB_P124,124,560000000,0,20260927,0,7.857248306274414,0.9996132254600525,35,V2-002-F00-S20260927,a72ac38ce4df2be3a418366a097fbe027ef38d9964f5b1b5705df5f48169be84,MODEL_V1_CV_REFERENCE_V1
3a4485bed952b90886a773bf2016ba9405635068bb206de7cf6d7ffaef0ee7f9,MITDB_P222,222,455000000,0,20260927,0,19.307790756225586,1.0,35,V2-002-F00-S20260927,a72ac38ce4df2be3a418366a097fbe027ef38d9964f5b1b5705df5f48169be84,MODEL_V1_CV_REFERENCE_V1
3abbcf961a5168fd820bc82c34d58166492e19808aa4a77fe843226d1e5ca15d,MITDB_P222,222,1540000000,0,20260927,1,10.84166145324707,0.9999804496765137,35,V2-002-F00-S20260927,a72ac38ce4df2be3a418366a097fbe027ef38d9964f5b1b5705df5f48169be84,MODEL_V1_CV_REFERENCE_V1
3aea1323bc9b62cea6226fe05e05cb91b0431ae11ae5c5705f7eab1f9d8070c7,MITDB_P124,124,890000000,0,20260927,0,7.476128578186035,0.9994338154792786,35,V2-002-F00-S20260927,a72ac38ce4df2be3a418366a097fbe027ef38d9964f5b1b5705df5f48169be84,MODEL_V1_CV_REFERENCE_V1
3af6094c6aee830a0bc21454437eb5f085467a8b62bea011b3b2dda12c285900,MITDB_P212,212,645000000,0,20260927,0,16.46742057800293,0.9999998807907104,35,V2-002-F00-S20260927,a72ac38ce4df2be3a418366a097fbe027ef38d9964f5b1b5705df5f48169be84,MODEL_V1_CV_REFERENCE_V1
3b05688c34c898925b536581ba2ce1ab65222f035ae6b8aad756738d50dbf237,MITDB_P124,124,760000000,0,20260927,0,5.907571792602539,0.9972885847091675,35,V2-002-F00-S20260927,a72ac38ce4df2be3a418366a097fbe027ef38d9964f5b1b5705df5f48169be84,MODEL_V1_CV_REFERENCE_V1
3b4c8cffb5eb1cebf863e12698565bffc6002f437e1e723dc69f246aebd130f6,MITDB_P209,209,1800000000,0,20260927,1,10.036979675292969,0.9999562501907349,35,V2-002-F00-S20260927,a72ac38ce4df2be3a418366a097fbe027ef38d9964f5b1b5705df5f48169be84,MODEL_V1_CV_REFERENCE_V1
3b4fa0e7a3bdc3565810ec263140e8324244fff90ab74d0f7caa2b6908e8572f,MITDB_P105,105,520000000,0,20260927,0,1.5349808931350708,0.8227338790893555,35,V2-002-F00-S20260927,a72ac38ce4df2be3a418366a097fbe027ef38d9964f5b1b5705df5f48169be84,MODEL_V1_CV_REFERENCE_V1
3b532cf16f2887af41f6802b99a23b3593296d28ca1ff3a606885ced4301cb8d,MITDB_P105,105,1385000000,0,20260927,0,4.844015121459961,0.9921861886978149,35,V2-002-F00-S20260927,a72ac38ce4df2be3a418366a097fbe027ef38d9964f5b1b5705df5f48169be84,MODEL_V1_CV_REFERENCE_V1
3b6284be202e00e52424e62439c65ec829bf6c3cda551ab3d5aa826ff1384337,MITDB_P124,124,110000000,0,20260927,0,8.085725784301758,0.9996922016143799,35,V2-002-F00-S20260927,a72ac38ce4df2be3a418366a097fbe027ef38d9964f5b1b5705df5f48169be84,MODEL_V1_CV_REFERENCE_V1
3bc5d48de729bf1a0d540c63e7a7e31ced491395f161b232b9a222ca6fe79ed7,MITDB_P209,209,1325000000,0,20260927,1,5.1895575523376465,0.99445641040802,35,V2-002-F00-S20260927,a72ac38ce4df2be3a418366a097fbe027ef38d9964f5b1b5705df5f48169be84,MODEL_V1_CV_REFERENCE_V1
3be71c214c42cd94cf20a850c4168e3fc4113e0206c03cf9938074abe2391a78,MITDB_P212,212,1025000000,0,20260927,0,13.190828323364258,0.9999980926513672,35,V2-002-F00-S20260927,a72ac38ce4df2be3a418366a097fbe027ef38d9964f5b1b5705df5f48169be84,MODEL_V1_CV_REFERENCE_V1
3c49d591000836e00581b5506d1bc5146a23d4920fb6ce796cbcaf65f56878e2,MITDB_P203,203,1105000000,0,20260927,1,12.27042293548584,0.9999953508377075,35,V2-002-F00-S20260927,a72ac38ce4df2be3a418366a097fbe027ef38d9964f5b1b5705df5f48169be84,MODEL_V1_CV_REFERENCE_V1
3c4e87b7396b9d18e415763687bd60b66fbac83f602e955ee3129f9a5da3795f,MITDB_P212,212,540000000,0,20260927,0,-0.3425895869731903,0.4151805639266968,35,V2-002-F00-S20260927,a72ac38ce4df2be3a418366a097fbe027ef38d9964f5b1b5705df5f48169be84,MODEL_V1_CV_REFERENCE_V1
3c5e7580ae9034e991b941d30fee0781b0cbfa6478c33f2010d7c413b5488f0e,MITDB_P209,209,1265000000,0,20260927,0,3.672370195388794,0.9752138257026672,35,V2-002-F00-S20260927,a72ac38ce4df2be3a418366a097fbe027ef38d9964f5b1b5705df5f48169be84,MODEL_V1_CV_REFERENCE_V1
3c93e07625856f86c1776619f78d90d9cc0b044eef55b71c5f86e0705e63d174,MITDB_P222,222,1030000000,0,20260927,0,2.9824142456054688,0.9517732858657837,35,V2-002-F00-S20260927,a72ac38ce4df2be3a418366a097fbe027ef38d9964f5b1b5705df5f48169be84,MODEL_V1_CV_REFERENCE_V1
3cb1e3d1c0763cacb1c7b374b98522b95f193df1cef68d291cde77dc7ba09013,MITDB_P209,209,285000000,0,20260927,0,13.670448303222656,0.9999988079071045,35,V2-002-F00-S20260927,a72ac38ce4df2be3a418366a097fbe027ef38d9964f5b1b5705df5f48169be84,MODEL_V1_CV_REFERENCE_V1
3cba246acb7a2df8e58adb29958e907a56668a7803089a4bdc84bb28d04acadb,MITDB_P105,105,250000000,0,20260927,0,1.617446780204773,0.834442675113678,35,V2-002-F00-S20260927,a72ac38ce4df2be3a418366a097fbe027ef38d9964f5b1b5705df5f48169be84,MODEL_V1_CV_REFERENCE_V1
3cf18f1d546ba914fd5e8d1fad9441d8468afc77bd846de16cff50d518926a73,MITDB_P222,222,1290000000,0,20260927,1,1.767655372619629,0.8541658520698547,35,V2-002-F00-S20260927,a72ac38ce4df2be3a418366a097fbe027ef38d9964f5b1b5705df5f48169be84,MODEL_V1_CV_REFERENCE_V1
3cfdcd2c48b22afee21e09129eb515639eac5c46c81e6c58adb84cc05faaf9f9,MITDB_P222,222,65000000,0,20260927,0,19.038211822509766,1.0,35,V2-002-F00-S20260927,a72ac38ce4df2be3a418366a097fbe027ef38d9964f5b1b5705df5f48169be84,MODEL_V1_CV_REFERENCE_V1
3d00f54ec6c14c3dd521b89b52928e7b83a3df4a4d801d96ec27ebad1e88803e,MITDB_P212,212,1365000000,0,20260927,0,-1.090764045715332,0.25147444009780884,35,V2-002-F00-S20260927,a72ac38ce4df2be3a418366a097fbe027ef38d9964f5b1b5705df5f48169be84,MODEL_V1_CV_REFERENCE_V1
3d0557fcb2081b209167499d4d6d0553fa064bd61e1c0cce6ca34da4abedcf70,MITDB_P105,105,165000000,0,20260927,1,1.9980649948120117,0.8805937170982361,35,V2-002-F00-S20260927,a72ac38ce4df2be3a418366a097fbe027ef38d9964f5b1b5705df5f48169be84,MODEL_V1_CV_REFERENCE_V1
3d1bb5d9b0fd2673cf121a3e181084e9a47c1e2055366113ba6b79c7c6df4f4e,MITDB_P105,105,915000000,0,20260927,0,1.7532689571380615,0.8523646593093872,35,V2-002-F00-S20260927,a72ac38ce4df2be3a418366a097fbe027ef38d9964f5b1b5705df5f48169be84,MODEL_V1_CV_REFERENCE_V1
3d1e4756ad40ae7db4dd8e1aefe39e11f1aee430935470dc87a1e94d0c780d04,MITDB_P209,209,960000000,0,20260927,1,7.406306266784668,0.9993929862976074,35,V2-002-F00-S20260927,a72ac38ce4df2be3a418366a097fbe027ef38d9964f5b1b5705df5f48169be84,MODEL_V1_CV_REFERENCE_V1
3d307850d6d9f7148912f39e672cdb504b220d067b29b2ce2c5928a9639c4ebf,MITDB_P222,222,245000000,0,20260927,0,8.089311599731445,0.9996932744979858,35,V2-002-F00-S20260927,a72ac38ce4df2be3a418366a097fbe027ef38d9964f5b1b5705df5f48169be84,MODEL_V1_CV_REFERENCE_V1
3dfcf6b8527b83f1a2985540f9042d5348cef45a3c3bb8290a3544997d0735e6,MITDB_P222,222,480000000,0,20260927,0,18.969804763793945,1.0,35,V2-002-F00-S20260927,a72ac38ce4df2be3a418366a097fbe027ef38d9964f5b1b5705df5f48169be84,MODEL_V1_CV_REFERENCE_V1
3e179d0ed1c9a077bbcd11b8a99cb9c91bff518669b886b72e90cbc6da26ff8c,MITDB_P203,203,1445000000,0,20260927,1,11.851851463317871,0.999992847442627,35,V2-002-F00-S20260927,a72ac38ce4df2be3a418366a097fbe027ef38d9964f5b1b5705df5f48169be84,MODEL_V1_CV_REFERENCE_V1
3e25a8c3bf10d42bf3485d990092bae951cfd093402da307525252886cbb163b,MITDB_P209,209,250000000,0,20260927,0,9.260218620300293,0.9999048709869385,35,V2-002-F00-S20260927,a72ac38ce4df2be3a418366a097fbe027ef38d9964f5b1b5705df5f48169be84,MODEL_V1_CV_REFERENCE_V1
3e58010def20ff0c9d273d711c78299d41b3fbc0981077096ef548a24939b1d0,MITDB_P212,212,480000000,0,20260927,0,11.071081161499023,0.9999845027923584,35,V2-002-F00-S20260927,a72ac38ce4df2be3a418366a097fbe027ef38d9964f5b1b5705df5f48169be84,MODEL_V1_CV_REFERENCE_V1
3e5db27406b971437fb21224a619d84f75a940835d029db6f0b274ab4a364bda,MITDB_P209,209,1720000000,0,20260927,1,5.511643886566162,0.9959768652915955,35,V2-002-F00-S20260927,a72ac38ce4df2be3a418366a097fbe027ef38d9964f5b1b5705df5f48169be84,MODEL_V1_CV_REFERENCE_V1
3e6cbdf439507bf4b90ccdc63b597a098809c295d959a55a5b392b51bd8b1f73,MITDB_P222,222,1445000000,0,20260927,1,7.83056640625,0.999602735042572,35,V2-002-F00-S20260927,a72ac38ce4df2be3a418366a097fbe027ef38d9964f5b1b5705df5f48169be84,MODEL_V1_CV_REFERENCE_V1
3e7487c147fc1460a166f60578f6a90d36617358e78b81493f7b961113571fd4,MITDB_P203,203,450000000,0,20260927,1,15.449593544006348,0.9999997615814209,35,V2-002-F00-S20260927,a72ac38ce4df2be3a418366a097fbe027ef38d9964f5b1b5705df5f48169be84,MODEL_V1_CV_REFERENCE_V1
3e9728a7bbaa3a00ef6f103b955d599154d55ebb212ebcd458b816a9fcee3282,MITDB_P124,124,105000000,0,20260927,0,7.581452369689941,0.9994903802871704,35,V2-002-F00-S20260927,a72ac38ce4df2be3a418366a097fbe027ef38d9964f5b1b5705df5f48169be84,MODEL_V1_CV_REFERENCE_V1
3ed8fc08779c65a5014989644ad18eb7516f12d6c4c867eec7aab976fe0cce95,MITDB_P222,222,1330000000,0,20260927,1,6.506396770477295,0.9985083937644958,35,V2-002-F00-S20260927,a72ac38ce4df2be3a418366a097fbe027ef38d9964f5b1b5705df5f48169be84,MODEL_V1_CV_REFERENCE_V1
3ee888bdb23cc004bede5243841bb5752694955ebfa8cc2fce461a7c650ceb70,MITDB_P222,222,1520000000,0,20260927,0,13.060285568237305,0.9999978542327881,35,V2-002-F00-S20260927,a72ac38ce4df2be3a418366a097fbe027ef38d9964f5b1b5705df5f48169be84,MODEL_V1_CV_REFERENCE_V1
3efd7b11ab4569b7c26f8bca34aff464590176fe67d1a8317c65e5594eba4577,MITDB_P222,222,1180000000,0,20260927,1,7.307781219482422,0.9993301630020142,35,V2-002-F00-S20260927,a72ac38ce4df2be3a418366a097fbe027ef38d9964f5b1b5705df5f48169be84,MODEL_V1_CV_REFERENCE_V1
3f141d1fb674cf5b7a9b9024a7f0f23acaeb5a2ec1b7754b6adb281763b5bd1b,MITDB_P212,212,1335000000,0,20260927,0,11.274337768554688,0.9999873638153076,35,V2-002-F00-S20260927,a72ac38ce4df2be3a418366a097fbe027ef38d9964f5b1b5705df5f48169be84,MODEL_V1_CV_REFERENCE_V1
3f24d85c19a0a0ca729f94e85e368e0031ef10d1cbaf78770a39cd71636cd439,MITDB_P212,212,835000000,0,20260927,0,13.61134147644043,0.9999988079071045,35,V2-002-F00-S20260927,a72ac38ce4df2be3a418366a097fbe027ef38d9964f5b1b5705df5f48169be84,MODEL_V1_CV_REFERENCE_V1
3f4ff7b21a592071e91b0edd6ca9055327b7f6ffd63815e6637f0db97de17230,MITDB_P124,124,125000000,0,20260927,0,4.925026893615723,0.9927898049354553,35,V2-002-F00-S20260927,a72ac38ce4df2be3a418366a097fbe027ef38d9964f5b1b5705df5f48169be84,MODEL_V1_CV_REFERENCE_V1
3f58f58ce9d748fe71d43386ef9dd2cc3edfd45e76e29e764cd2d5cf289fe62c,MITDB_P209,209,180000000,0,20260927,0,11.921335220336914,0.9999933242797852,35,V2-002-F00-S20260927,a72ac38ce4df2be3a418366a097fbe027ef38d9964f5b1b5705df5f48169be84,MODEL_V1_CV_REFERENCE_V1
3f8b2e86e982b77c65dda15b3f18a16fbd1ca4502ce73e108db63ec80cc56741,MITDB_P124,124,475000000,0,20260927,0,9.100770950317383,0.9998884201049805,35,V2-002-F00-S20260927,a72ac38ce4df2be3a418366a097fbe027ef38d9964f5b1b5705df5f48169be84,MODEL_V1_CV_REFERENCE_V1
3f9413ed3f30d20063fd6189f0a3202e64ef7f912f18c575480375b1cb4f3391,MITDB_P105,105,1785000000,0,20260927,0,0.9967936277389526,0.7304276823997498,35,V2-002-F00-S20260927,a72ac38ce4df2be3a418366a097fbe027ef38d9964f5b1b5705df5f48169be84,MODEL_V1_CV_REFERENCE_V1
3fa81cba289d3200ff8a7b0a7d0c6ca9e1b39ae2b0b99807a243131cdb02f143,MITDB_P105,105,1680000000,0,20260927,0,2.9544918537139893,0.95047527551651,35,V2-002-F00-S20260927,a72ac38ce4df2be3a418366a097fbe027ef38d9964f5b1b5705df5f48169be84,MODEL_V1_CV_REFERENCE_V1
3fb1d4b42859278d4dbcd26b7f103064690696db68697f7184de1d5173a34bf5,MITDB_P105,105,810000000,0,20260927,0,-1.0407841205596924,0.2609987258911133,35,V2-002-F00-S20260927,a72ac38ce4df2be3a418366a097fbe027ef38d9964f5b1b5705df5f48169be84,MODEL_V1_CV_REFERENCE_V1
3fc6be2b017c71bd5f82758ba545a5a87b420c438595e5cdf062fd6f4c4b09f8,MITDB_P124,124,940000000,0,20260927,0,6.348769187927246,0.998254120349884,35,V2-002-F00-S20260927,a72ac38ce4df2be3a418366a097fbe027ef38d9964f5b1b5705df5f48169be84,MODEL_V1_CV_REFERENCE_V1
3fc799ec4e6002167dea9f96bce34703d8d098d44c9eac0f09a243f7b7de13b5,MITDB_P105,105,1795000000,0,20260927,0,1.0694440603256226,0.7444911599159241,35,V2-002-F00-S20260927,a72ac38ce4df2be3a418366a097fbe027ef38d9964f5b1b5705df5f48169be84,MODEL_V1_CV_REFERENCE_V1
401ba4eb700b78a0d4b8c0b86b2a7deec66c559a1e596ea62eae1819597ee9cb,MITDB_P105,105,330000000,0,20260927,1,2.450948476791382,0.9206307530403137,35,V2-002-F00-S20260927,a72ac38ce4df2be3a418366a097fbe027ef38d9964f5b1b5705df5f48169be84,MODEL_V1_CV_REFERENCE_V1
4052bac17c244c112a7c7f4d6969fef119dec6a581ebcb76f939799813594fdb,MITDB_P209,209,805000000,0,20260927,1,0.8857951164245605,0.7080216407775879,35,V2-002-F00-S20260927,a72ac38ce4df2be3a418366a097fbe027ef38d9964f5b1b5705df5f48169be84,MODEL_V1_CV_REFERENCE_V1
4053bf814ff894720f488b347344425e39a6d929e9fc1b6bae1b62cbf502c720,MITDB_P203,203,380000000,0,20260927,1,15.067831993103027,0.9999997615814209,35,V2-002-F00-S20260927,a72ac38ce4df2be3a418366a097fbe027ef38d9964f5b1b5705df5f48169be84,MODEL_V1_CV_REFERENCE_V1
4055589962211a45291a80a74bb4f6d9022bfa793384c41572431f0ab1d604a3,MITDB_P212,212,1590000000,0,20260927,0,8.177801132202148,0.9997192025184631,35,V2-002-F00-S20260927,a72ac38ce4df2be3a418366a097fbe027ef38d9964f5b1b5705df5f48169be84,MODEL_V1_CV_REFERENCE_V1
40aa29e601bc18c41a0c2e988aad6e2345e0216610498bba8956a95a7b7f0651,MITDB_P105,105,1485000000,0,20260927,0,1.0077271461486816,0.7325751185417175,35,V2-002-F00-S20260927,a72ac38ce4df2be3a418366a097fbe027ef38d9964f5b1b5705df5f48169be84,MODEL_V1_CV_REFERENCE_V1
40eb13a3cc6ef3a5517f21485faf63154fe5c67cbd761cabd867f8fc1532c674,MITDB_P105,105,1010000000,0,20260927,0,2.641571521759033,0.9334895610809326,35,V2-002-F00-S20260927,a72ac38ce4df2be3a418366a097fbe027ef38d9964f5b1b5705df5f48169be84,MODEL_V1_CV_REFERENCE_V1
4104e502f69f310ffa0ab9fbedb186fe329a98cd937e9c5474788da0ad96557e,MITDB_P212,212,750000000,0,20260927,0,18.23575782775879,1.0,35,V2-002-F00-S20260927,a72ac38ce4df2be3a418366a097fbe027ef38d9964f5b1b5705df5f48169be84,MODEL_V1_CV_REFERENCE_V1
411b41a7117220805539404a7e7b75083cd842118210528848707ee972ce44fc,MITDB_P203,203,1285000000,0,20260927,0,1.8336567878723145,0.8621967434883118,35,V2-002-F00-S20260927,a72ac38ce4df2be3a418366a097fbe027ef38d9964f5b1b5705df5f48169be84,MODEL_V1_CV_REFERENCE_V1
4127049d069d9ae0d3bf7ef7c9cca9c521c71fd422ec1551221af986ddc80787,MITDB_P124,124,1385000000,0,20260927,0,7.9931745529174805,0.9996623992919922,35,V2-002-F00-S20260927,a72ac38ce4df2be3a418366a097fbe027ef38d9964f5b1b5705df5f48169be84,MODEL_V1_CV_REFERENCE_V1
41999662ed29dafc5c8ba3fe2502f0fcd5b5f668e6ff2c69f78e8087818374cc,MITDB_P105,105,320000000,0,20260927,0,1.8566703796386719,0.8649083971977234,35,V2-002-F00-S20260927,a72ac38ce4df2be3a418366a097fbe027ef38d9964f5b1b5705df5f48169be84,MODEL_V1_CV_REFERENCE_V1
41a3d9ea958a9bf117b5e71fbd26705906994fa42730b3edd98584c6306ea4e2,MITDB_P105,105,1135000000,0,20260927,0,2.5746543407440186,0.9292125105857849,35,V2-002-F00-S20260927,a72ac38ce4df2be3a418366a097fbe027ef38d9964f5b1b5705df5f48169be84,MODEL_V1_CV_REFERENCE_V1
41c1acfd66294c195a2400bcc600a85c8290e03f376106fc9309ff29251974d5,MITDB_P209,209,1375000000,0,20260927,0,7.065943717956543,0.9991470575332642,35,V2-002-F00-S20260927,a72ac38ce4df2be3a418366a097fbe027ef38d9964f5b1b5705df5f48169be84,MODEL_V1_CV_REFERENCE_V1
41d22684b370977b0010d5098865afb72fc69659fd083c9de2d47ddc86824018,MITDB_P222,222,1050000000,0,20260927,0,9.199657440185547,0.9998989105224609,35,V2-002-F00-S20260927,a72ac38ce4df2be3a418366a097fbe027ef38d9964f5b1b5705df5f48169be84,MODEL_V1_CV_REFERENCE_V1
41ed8f21092965f4202096f1666ca756c5a1b5cfee6a2e816be6f6ddb33c3055,MITDB_P222,222,1460000000,0,20260927,1,7.597386360168457,0.9994984865188599,35,V2-002-F00-S20260927,a72ac38ce4df2be3a418366a097fbe027ef38d9964f5b1b5705df5f48169be84,MODEL_V1_CV_REFERENCE_V1
421d425d0a7367de6f3415e30fd597c5d4213a36fdb5f3a963ee8a936ca7be11,MITDB_P222,222,390000000,0,20260927,0,10.002582550048828,0.9999547004699707,35,V2-002-F00-S20260927,a72ac38ce4df2be3a418366a097fbe027ef38d9964f5b1b5705df5f48169be84,MODEL_V1_CV_REFERENCE_V1
4271a4bce90ea70afc84635293c0a41a45a699ef8c2c3e9ac7982c5f106aee52,MITDB_P212,212,470000000,0,20260927,0,12.269193649291992,0.9999953508377075,35,V2-002-F00-S20260927,a72ac38ce4df2be3a418366a097fbe027ef38d9964f5b1b5705df5f48169be84,MODEL_V1_CV_REFERENCE_V1
429a202d7879bfbeb29836963edca1c47c14e1879f7666948a51a21764cae0d2,MITDB_P212,212,1040000000,0,20260927,0,15.77613639831543,0.9999998807907104,35,V2-002-F00-S20260927,a72ac38ce4df2be3a418366a097fbe027ef38d9964f5b1b5705df5f48169be84,MODEL_V1_CV_REFERENCE_V1
42bd78d592473eb5e3748cd648818682dfe56d8eb18be93f50f235bd914df456,MITDB_P212,212,725000000,0,20260927,0,0.06300714612007141,0.5157465934753418,35,V2-002-F00-S20260927,a72ac38ce4df2be3a418366a097fbe027ef38d9964f5b1b5705df5f48169be84,MODEL_V1_CV_REFERENCE_V1
42c686a1893b20f37b6ffdb5d0cdf2d4d0a0742f391045094346fb77ba49992f,MITDB_P222,222,545000000,0,20260927,1,6.974771499633789,0.9990656971931458,35,V2-002-F00-S20260927,a72ac38ce4df2be3a418366a097fbe027ef38d9964f5b1b5705df5f48169be84,MODEL_V1_CV_REFERENCE_V1
42cbf4e33270e9734a2752365270e6b1f6f34aba1159b10d3db9c3efbf61b8fe,MITDB_P105,105,510000000,0,20260927,0,2.4427058696746826,0.9200264811515808,35,V2-002-F00-S20260927,a72ac38ce4df2be3a418366a097fbe027ef38d9964f5b1b5705df5f48169be84,MODEL_V1_CV_REFERENCE_V1
42ef1a6fa982915522fa27779ff449fd308863e1d177bf53eb528aacfbc8a7e8,MITDB_P209,209,1305000000,0,20260927,1,7.010406494140625,0.9990984201431274,35,V2-002-F00-S20260927,a72ac38ce4df2be3a418366a097fbe027ef38d9964f5b1b5705df5f48169be84,MODEL_V1_CV_REFERENCE_V1
42fa9ab0efdc84ab7693e1d05c32e5ce7bda956bacdd28fccd181baa2f19d57a,MITDB_P209,209,910000000,0,20260927,0,5.4406304359436035,0.9956820011138916,35,V2-002-F00-S20260927,a72ac38ce4df2be3a418366a097fbe027ef38d9964f5b1b5705df5f48169be84,MODEL_V1_CV_REFERENCE_V1
42fed59cf8a3dc9f2ba86c594e0c1b6bb8969d917dd03811475c943103dabdb0,MITDB_P105,105,295000000,0,20260927,0,2.0245187282562256,0.8833473920822144,35,V2-002-F00-S20260927,a72ac38ce4df2be3a418366a097fbe027ef38d9964f5b1b5705df5f48169be84,MODEL_V1_CV_REFERENCE_V1
430a80b059cd1b4be0bd504d3b0781fad29635380712210c81b45b5af7ef25e3,MITDB_P222,222,950000000,0,20260927,0,11.815048217773438,0.9999926090240479,35,V2-002-F00-S20260927,a72ac38ce4df2be3a418366a097fbe027ef38d9964f5b1b5705df5f48169be84,MODEL_V1_CV_REFERENCE_V1
430fe05a6f37749129767e4a9e8144a89738c836cbfd20ff07c686fb1fa10a99,MITDB_P209,209,1520000000,0,20260927,1,7.528136730194092,0.9994625449180603,35,V2-002-F00-S20260927,a72ac38ce4df2be3a418366a097fbe027ef38d9964f5b1b5705df5f48169be84,MODEL_V1_CV_REFERENCE_V1
433f16611e59843a4a634f12adac1015d45480eead5d3f2ba51cc40546eb5e62,MITDB_P209,209,1775000000,0,20260927,0,5.801117420196533,0.9969848990440369,35,V2-002-F00-S20260927,a72ac38ce4df2be3a418366a097fbe027ef38d9964f5b1b5705df5f48169be84,MODEL_V1_CV_REFERENCE_V1
435f081411f92f2e5126681c121c53d15c67a53e12a3aa5de5ead7ad73855c3b,MITDB_P203,203,1065000000,0,20260927,1,10.785409927368164,0.9999792575836182,35,V2-002-F00-S20260927,a72ac38ce4df2be3a418366a097fbe027ef38d9964f5b1b5705df5f48169be84,MODEL_V1_CV_REFERENCE_V1
43624c092ce513d011c3144dbe916b3b3c549a36260fdb9b812669ca224a1141,MITDB_P203,203,935000000,0,20260927,0,17.18001365661621,1.0,35,V2-002-F00-S20260927,a72ac38ce4df2be3a418366a097fbe027ef38d9964f5b1b5705df5f48169be84,MODEL_V1_CV_REFERENCE_V1
436426adcc7a457614eb978eadcebbe830ce80a971417917e1c659dddd0bf4c9,MITDB_P124,124,1095000000,0,20260927,0,7.343496799468994,0.9993535876274109,35,V2-002-F00-S20260927,a72ac38ce4df2be3a418366a097fbe027ef38d9964f5b1b5705df5f48169be84,MODEL_V1_CV_REFERENCE_V1
436743ae18eaf0c1db2d3584248fd4bfef866d8db3e80ddd29e86df470d0840f,MITDB_P124,124,525000000,0,20260927,0,9.050634384155273,0.999882698059082,35,V2-002-F00-S20260927,a72ac38ce4df2be3a418366a097fbe027ef38d9964f5b1b5705df5f48169be84,MODEL_V1_CV_REFERENCE_V1
436ce88cfdb0ec6bdca691f8101b107ef93b90471b00926c03baf4990c8c93cb,MITDB_P124,124,1580000000,0,20260927,1,6.850751876831055,0.9989424347877502,35,V2-002-F00-S20260927,a72ac38ce4df2be3a418366a097fbe027ef38d9964f5b1b5705df5f48169be84,MODEL_V1_CV_REFERENCE_V1
43a134d16473c780a88566839088ce664d046c63292a97b391a9ad60270c0958,MITDB_P203,203,1615000000,0,20260927,1,26.863359451293945,1.0,35,V2-002-F00-S20260927,a72ac38ce4df2be3a418366a097fbe027ef38d9964f5b1b5705df5f48169be84,MODEL_V1_CV_REFERENCE_V1
43a2f61dc8f81fa95fa8b6032fa94c682b439a1cd13327a9ab489152583237e0,MITDB_P124,124,1175000000,0,20260927,0,6.305321216583252,0.9981768131256104,35,V2-002-F00-S20260927,a72ac38ce4df2be3a418366a097fbe027ef38d9964f5b1b5705df5f48169be84,MODEL_V1_CV_REFERENCE_V1
43a7184b9b15541bac24c4dc531259621e4288f6e182fd13957df5cd542bb3d5,MITDB_P124,124,355000000,0,20260927,0,5.219437599182129,0.9946187734603882,35,V2-002-F00-S20260927,a72ac38ce4df2be3a418366a097fbe027ef38d9964f5b1b5705df5f48169be84,MODEL_V1_CV_REFERENCE_V1
43b7220f1ae29ee77acfe26ea32d8e30971f8848eae65981f7501d4c3752d429,MITDB_P212,212,1475000000,0,20260927,0,1.0338585376739502,0.7376632690429688,35,V2-002-F00-S20260927,a72ac38ce4df2be3a418366a097fbe027ef38d9964f5b1b5705df5f48169be84,MODEL_V1_CV_REFERENCE_V1
43d9bbb2c3b9b0758b579dc35f3cccc4568d00305e93828aaa60faef664f8598,MITDB_P124,124,835000000,0,20260927,0,6.172924995422363,0.9979192614555359,35,V2-002-F00-S20260927,a72ac38ce4df2be3a418366a097fbe027ef38d9964f5b1b5705df5f48169be84,MODEL_V1_CV_REFERENCE_V1
43e472247b16234ba730d8d9f24dc83f37f648242f69dbc13a3d50a8ffd084cd,MITDB_P222,222,1670000000,0,20260927,0,11.117080688476562,0.9999850988388062,35,V2-002-F00-S20260927,a72ac38ce4df2be3a418366a097fbe027ef38d9964f5b1b5705df5f48169be84,MODEL_V1_CV_REFERENCE_V1
43f1ce6b8235e0ed6ad75c2f44a423889b6e9161e67eff9ab4273fff12b3343d,MITDB_P222,222,1170000000,0,20260927,1,3.9756321907043457,0.9815782308578491,35,V2-002-F00-S20260927,a72ac38ce4df2be3a418366a097fbe027ef38d9964f5b1b5705df5f48169be84,MODEL_V1_CV_REFERENCE_V1
4445d2111d6eb16eefbbffc79855b75074a9d080928b42cfcd4d6208a0f50c75,MITDB_P222,222,870000000,0,20260927,1,6.939133644104004,0.9990319013595581,35,V2-002-F00-S20260927,a72ac38ce4df2be3a418366a097fbe027ef38d9964f5b1b5705df5f48169be84,MODEL_V1_CV_REFERENCE_V1
446fdea528ca657d434676fe386ae923b35e9588eaec6cb0a6b6a4bfc909cf7f,MITDB_P124,124,470000000,0,20260927,0,7.004574775695801,0.9990930557250977,35,V2-002-F00-S20260927,a72ac38ce4df2be3a418366a097fbe027ef38d9964f5b1b5705df5f48169be84,MODEL_V1_CV_REFERENCE_V1
4472ddd91fa35bf68ebcc6ad67d65430602588e1438352e206ea8a7290abe4ad,MITDB_P212,212,660000000,0,20260927,0,15.937165260314941,0.9999998807907104,35,V2-002-F00-S20260927,a72ac38ce4df2be3a418366a097fbe027ef38d9964f5b1b5705df5f48169be84,MODEL_V1_CV_REFERENCE_V1
4473a16c4c5018263b830ead066826814906deea27d2971157a61326a4a32c8d,MITDB_P212,212,1760000000,0,20260927,0,13.466877937316895,0.9999985694885254,35,V2-002-F00-S20260927,a72ac38ce4df2be3a418366a097fbe027ef38d9964f5b1b5705df5f48169be84,MODEL_V1_CV_REFERENCE_V1
4481cf82b9b51ecd3c3dcc406fff0fcc6ad26b5645e8b9af75ce2db70b0380bf,MITDB_P124,124,80000000,0,20260927,0,6.042939186096191,0.9976310729980469,35,V2-002-F00-S20260927,a72ac38ce4df2be3a418366a097fbe027ef38d9964f5b1b5705df5f48169be84,MODEL_V1_CV_REFERENCE_V1
4491ad5cb520b23f4200f1b72189af8732230eef266f241c1ed252ae59f75dc6,MITDB_P222,222,1195000000,0,20260927,1,2.2192041873931885,0.9019607901573181,35,V2-002-F00-S20260927,a72ac38ce4df2be3a418366a097fbe027ef38d9964f5b1b5705df5f48169be84,MODEL_V1_CV_REFERENCE_V1
44b14015e4018cbb98a4e75f48779c0e947261e31d8d599299194bab379c4938,MITDB_P105,105,460000000,0,20260927,1,3.6116206645965576,0.9737021923065186,35,V2-002-F00-S20260927,a72ac38ce4df2be3a418366a097fbe027ef38d9964f5b1b5705df5f48169be84,MODEL_V1_CV_REFERENCE_V1
44dc8510feda385d1dca1f21a534ca12b8823bf3a561dac43d65845840861560,MITDB_P105,105,1710000000,0,20260927,0,2.7675459384918213,0.9408966302871704,35,V2-002-F00-S20260927,a72ac38ce4df2be3a418366a097fbe027ef38d9964f5b1b5705df5f48169be84,MODEL_V1_CV_REFERENCE_V1
44efaa49ab98801243fdab12a709c287d6b2a85bc3339d6c9432ac69b3eaec37,MITDB_P203,203,500000000,0,20260927,1,16.317659378051758,0.9999998807907104,35,V2-002-F00-S20260927,a72ac38ce4df2be3a418366a097fbe027ef38d9964f5b1b5705df5f48169be84,MODEL_V1_CV_REFERENCE_V1
45469a6ff0a0a94271de89e613025d1c1ab78984a02cc3fad872bd9ef4e3073c,MITDB_P222,222,1450000000,0,20260927,1,8.404683113098145,0.9997761845588684,35,V2-002-F00-S20260927,a72ac38ce4df2be3a418366a097fbe027ef38d9964f5b1b5705df5f48169be84,MODEL_V1_CV_REFERENCE_V1
457867b7cb680cd131fc87cb87d4320fc87f3fde4c7bfa593540f40cdb465278,MITDB_P105,105,885000000,0,20260927,0,-0.6231380105018616,0.3490681052207947,35,V2-002-F00-S20260927,a72ac38ce4df2be3a418366a097fbe027ef38d9964f5b1b5705df5f48169be84,MODEL_V1_CV_REFERENCE_V1
45b71b714e630930c000746c3f0e14edf8c963f81386c27c1bc378fa3796abc7,MITDB_P105,105,1110000000,0,20260927,0,6.456381797790527,0.9984319806098938,35,V2-002-F00-S20260927,a72ac38ce4df2be3a418366a097fbe027ef38d9964f5b1b5705df5f48169be84,MODEL_V1_CV_REFERENCE_V1
45c8bf52b4086167d302566e3a57c9e1e1c93122f058a8adcf444d8052af09ac,MITDB_P209,209,1155000000,0,20260927,1,7.192915916442871,0.9992486834526062,35,V2-002-F00-S20260927,a72ac38ce4df2be3a418366a097fbe027ef38d9964f5b1b5705df5f48169be84,MODEL_V1_CV_REFERENCE_V1
45cb7001b0cdfa9ae36662999713913f5733e49573d4b237115dc05076b464fb,MITDB_P212,212,325000000,0,20260927,0,-0.03690788149833679,0.49077409505844116,35,V2-002-F00-S20260927,a72ac38ce4df2be3a418366a097fbe027ef38d9964f5b1b5705df5f48169be84,MODEL_V1_CV_REFERENCE_V1
45d9e6a78945560040c4dc397ba79d089e136050abd7ed9a9d056f56e0f465a2,MITDB_P105,105,1330000000,0,20260927,0,8.000402450561523,0.9996647834777832,35,V2-002-F00-S20260927,a72ac38ce4df2be3a418366a097fbe027ef38d9964f5b1b5705df5f48169be84,MODEL_V1_CV_REFERENCE_V1
460ae2146c0678511d477fb9d9a7e5699f90c11a5a56758eab8d7ac633cc0443,MITDB_P209,209,1245000000,0,20260927,0,8.56583023071289,0.9998095631599426,35,V2-002-F00-S20260927,a72ac38ce4df2be3a418366a097fbe027ef38d9964f5b1b5705df5f48169be84,MODEL_V1_CV_REFERENCE_V1
46595d42327f43e4b71e97d03ddedfa439cf4dee7d68c8da4895f033a76243e4,MITDB_P105,105,1080000000,0,20260927,0,4.03765344619751,0.9826669096946716,35,V2-002-F00-S20260927,a72ac38ce4df2be3a418366a097fbe027ef38d9964f5b1b5705df5f48169be84,MODEL_V1_CV_REFERENCE_V1
469a6d6ab1127c804b8332d42634167e53027067e52efb0ffdb9d79878e2d2cd,MITDB_P203,203,665000000,0,20260927,1,11.575553894042969,0.9999905824661255,35,V2-002-F00-S20260927,a72ac38ce4df2be3a418366a097fbe027ef38d9964f5b1b5705df5f48169be84,MODEL_V1_CV_REFERENCE_V1
469ed82860173ffaad0de6af78d50ceb0affa1b19f0b6b7eba8b05aaae7ddf5d,MITDB_P212,212,295000000,0,20260927,0,17.009021759033203,1.0,35,V2-002-F00-S20260927,a72ac38ce4df2be3a418366a097fbe027ef38d9964f5b1b5705df5f48169be84,MODEL_V1_CV_REFERENCE_V1
46ed6a93bbb351fc4fbbd92e9c947c2f6b540c8185809942ad1ee86cbf080506,MITDB_P105,105,670000000,0,20260927,1,1.2771893739700317,0.7819709777832031,35,V2-002-F00-S20260927,a72ac38ce4df2be3a418366a097fbe027ef38d9964f5b1b5705df5f48169be84,MODEL_V1_CV_REFERENCE_V1
46f3e51515e3dd60099c2f50f8d1ffc1d5b1adbdfcda412bf3bea8fd829cf704,MITDB_P212,212,1540000000,0,20260927,0,13.790550231933594,0.999998927116394,35,V2-002-F00-S20260927,a72ac38ce4df2be3a418366a097fbe027ef38d9964f5b1b5705df5f48169be84,MODEL_V1_CV_REFERENCE_V1
46f57b551c1e2fe54110f03877d13d0f1212480045e7f94020b1dd06794230f3,MITDB_P124,124,1225000000,0,20260927,1,6.562770843505859,0.9985900521278381,35,V2-002-F00-S20260927,a72ac38ce4df2be3a418366a097fbe027ef38d9964f5b1b5705df5f48169be84,MODEL_V1_CV_REFERENCE_V1
472d248eee81315eecf1d9ccba71f0dec70047eae34b5b82ae86d3af04770532,MITDB_P222,222,1620000000,0,20260927,0,6.848911762237549,0.9989405274391174,35,V2-002-F00-S20260927,a72ac38ce4df2be3a418366a097fbe027ef38d9964f5b1b5705df5f48169be84,MODEL_V1_CV_REFERENCE_V1
47310c1166c39527b4da52bfe5015dfdc8116e468e18ecf886a2eeabb27f44d1,MITDB_P105,105,610000000,0,20260927,0,1.2839257717132568,0.7831172347068787,35,V2-002-F00-S20260927,a72ac38ce4df2be3a418366a097fbe027ef38d9964f5b1b5705df5f48169be84,MODEL_V1_CV_REFERENCE_V1
47339a0b93bf11af9dcf949579e5b4e3a22c6b5dc2f9c162a5d4428bc7efe1a6,MITDB_P124,124,300000000,0,20260927,1,1.7700645923614502,0.8544657230377197,35,V2-002-F00-S20260927,a72ac38ce4df2be3a418366a097fbe027ef38d9964f5b1b5705df5f48169be84,MODEL_V1_CV_REFERENCE_V1
4746bf0a07454317df1e0018119e83b8d8333b145937e766981afb08f204b519,MITDB_P203,203,155000000,0,20260927,0,19.261133193969727,1.0,35,V2-002-F00-S20260927,a72ac38ce4df2be3a418366a097fbe027ef38d9964f5b1b5705df5f48169be84,MODEL_V1_CV_REFERENCE_V1
477212261d90747acc23a26b1b0a959f86c64e6e2f7b01afe5b23a93c288cf35,MITDB_P124,124,1765000000,0,20260927,0,9.163558959960938,0.9998952150344849,35,V2-002-F00-S20260927,a72ac38ce4df2be3a418366a097fbe027ef38d9964f5b1b5705df5f48169be84,MODEL_V1_CV_REFERENCE_V1
4777b32a05826080eccab452033401b1ca30dfdbdcf5ed57d316397f6f53eddb,MITDB_P209,209,730000000,0,20260927,0,6.9896697998046875,0.9990794658660889,35,V2-002-F00-S20260927,a72ac38ce4df2be3a418366a097fbe027ef38d9964f5b1b5705df5f48169be84,MODEL_V1_CV_REFERENCE_V1
4779a16acb6278940c41796f706e7ffa90def0a300931cff4f44ca5b2eefdb9b,MITDB_P222,222,675000000,0,20260927,1,15.734777450561523,0.9999998807907104,35,V2-002-F00-S20260927,a72ac38ce4df2be3a418366a097fbe027ef38d9964f5b1b5705df5f48169be84,MODEL_V1_CV_REFERENCE_V1
479e1b41b51e2767d3acddfebcc7f81e4698bbeab6a85d0185ed6009541b3d51,MITDB_P203,203,105000000,0,20260927,1,11.768853187561035,0.9999922513961792,35,V2-002-F00-S20260927,a72ac38ce4df2be3a418366a097fbe027ef38d9964f5b1b5705df5f48169be84,MODEL_V1_CV_REFERENCE_V1
47aa9fff3081cc9b8a26ad4f0e4c7e5070b2a313a8da1f322fe47614fa4be4fc,MITDB_P105,105,860000000,0,20260927,0,0.9138826131820679,0.7137939929962158,35,V2-002-F00-S20260927,a72ac38ce4df2be3a418366a097fbe027ef38d9964f5b1b5705df5f48169be84,MODEL_V1_CV_REFERENCE_V1
47d59f982c9ca79e77e767f9d6a21a5566424c2440042fec790438d71c617b0a,MITDB_P222,222,1510000000,0,20260927,0,3.137291669845581,0.958405077457428,35,V2-002-F00-S20260927,a72ac38ce4df2be3a418366a097fbe027ef38d9964f5b1b5705df5f48169be84,MODEL_V1_CV_REFERENCE_V1
47da8a0f57461c6fee6d18158ccedd965d6b43fd1c551b56a9a8ea23c8f4a6f7,MITDB_P222,222,1740000000,0,20260927,0,9.395092010498047,0.9999169111251831,35,V2-002-F00-S20260927,a72ac38ce4df2be3a418366a097fbe027ef38d9964f5b1b5705df5f48169be84,MODEL_V1_CV_REFERENCE_V1
47f597b11555dea5a51b12e8922b7414a1dcf20a95128cc54b7c77d774e88045,MITDB_P212,212,765000000,0,20260927,0,24.16926383972168,1.0,35,V2-002-F00-S20260927,a72ac38ce4df2be3a418366a097fbe027ef38d9964f5b1b5705df5f48169be84,MODEL_V1_CV_REFERENCE_V1
48019688b68bb67b0438bdfd2e25f8acdb42804bc46bcf99deb1d0e68c7d4449,MITDB_P124,124,170000000,0,20260927,0,5.951077461242676,0.9974036812782288,35,V2-002-F00-S20260927,a72ac38ce4df2be3a418366a097fbe027ef38d9964f5b1b5705df5f48169be84,MODEL_V1_CV_REFERENCE_V1
4868ad6a698d0cb133f820bdc5e193d75a6d3deae622265fbe00d61670894ead,MITDB_P212,212,1270000000,0,20260927,0,12.753580093383789,0.9999971389770508,35,V2-002-F00-S20260927,a72ac38ce4df2be3a418366a097fbe027ef38d9964f5b1b5705df5f48169be84,MODEL_V1_CV_REFERENCE_V1
487d0b2ff058f06b2685258b8adfbd3893c7559b1cfac162940105c7107ac08f,MITDB_P105,105,1555000000,0,20260927,0,0.8146030902862549,0.6930895447731018,35,V2-002-F00-S20260927,a72ac38ce4df2be3a418366a097fbe027ef38d9964f5b1b5705df5f48169be84,MODEL_V1_CV_REFERENCE_V1
48a2215fac292f442eaedf2109a4651e9259f1ada3d83c4e657196212c92d263,MITDB_P222,222,830000000,0,20260927,1,16.426137924194336,0.9999998807907104,35,V2-002-F00-S20260927,a72ac38ce4df2be3a418366a097fbe027ef38d9964f5b1b5705df5f48169be84,MODEL_V1_CV_REFERENCE_V1
48e38fd71a7916c6bcc9b65e96f65e039884851cecae701fdbb214db6984d37a,MITDB_P105,105,760000000,0,20260927,0,1.884326696395874,0.8681073188781738,35,V2-002-F00-S20260927,a72ac38ce4df2be3a418366a097fbe027ef38d9964f5b1b5705df5f48169be84,MODEL_V1_CV_REFERENCE_V1
4910e840f6a2d506059ddb7b1318766b8231bbe6b25ad4853d8379b368a86bdf,MITDB_P105,105,1775000000,0,20260927,0,0.6199596524238586,0.650209367275238,35,V2-002-F00-S20260927,a72ac38ce4df2be3a418366a097fbe027ef38d9964f5b1b5705df5f48169be84,MODEL_V1_CV_REFERENCE_V1
493052a5e3841fe23c94a3899bf30fd8cd5b1a94b26486cd2bcdd6348b20e502,MITDB_P222,222,615000000,0,20260927,1,20.58707618713379,1.0,35,V2-002-F00-S20260927,a72ac38ce4df2be3a418366a097fbe027ef38d9964f5b1b5705df5f48169be84,MODEL_V1_CV_REFERENCE_V1
49504879c3a36843f98d855614e96860fb0c0c893a02bf4649705cc4f9ac0e93,MITDB_P212,212,1215000000,0,20260927,0,16.635099411010742,0.9999998807907104,35,V2-002-F00-S20260927,a72ac38ce4df2be3a418366a097fbe027ef38d9964f5b1b5705df5f48169be84,MODEL_V1_CV_REFERENCE_V1
4975e10f5aa51c12a350866be9cd604d4f2da4cfef2b99143f1e04291d0031dc,MITDB_P105,105,1230000000,0,20260927,0,1.9847939014434814,0.8791912198066711,35,V2-002-F00-S20260927,a72ac38ce4df2be3a418366a097fbe027ef38d9964f5b1b5705df5f48169be84,MODEL_V1_CV_REFERENCE_V1
49898506383befd4dc0f3879a53e7bc1b568bb46960352e08f2c4f5c985c5b91,MITDB_P203,203,35000000,0,20260927,0,5.845419883728027,0.9971152544021606,35,V2-002-F00-S20260927,a72ac38ce4df2be3a418366a097fbe027ef38d9964f5b1b5705df5f48169be84,MODEL_V1_CV_REFERENCE_V1
49deaa377e85959aaab9d907bc933b9a5b5f4161266a14f0044eacbe3a0986da,MITDB_P124,124,1160000000,0,20260927,0,5.447022438049316,0.9957094192504883,35,V2-002-F00-S20260927,a72ac38ce4df2be3a418366a097fbe027ef38d9964f5b1b5705df5f48169be84,MODEL_V1_CV_REFERENCE_V1
4a0a1c006e3b7c05baba1325d7df409ab2eaa2bfa6d82e5affde068e86cc2035,MITDB_P212,212,1570000000,0,20260927,0,13.293208122253418,0.9999983310699463,35,V2-002-F00-S20260927,a72ac38ce4df2be3a418366a097fbe027ef38d9964f5b1b5705df5f48169be84,MODEL_V1_CV_REFERENCE_V1
4a0fd3d2f05aae9686d5dfa2b2e7e55d0fd5dc27a9a85fdc5d09af98c1be01f7,MITDB_P124,124,225000000,0,20260927,0,5.101506233215332,0.993949294090271,35,V2-002-F00-S20260927,a72ac38ce4df2be3a418366a097fbe027ef38d9964f5b1b5705df5f48169be84,MODEL_V1_CV_REFERENCE_V1
4a6de809451701a155e489261d4c7a0c6862cf20ed8f5ce91352efdb2e8ea884,MITDB_P124,124,270000000,0,20260927,0,6.451852798461914,0.9984248876571655,35,V2-002-F00-S20260927,a72ac38ce4df2be3a418366a097fbe027ef38d9964f5b1b5705df5f48169be84,MODEL_V1_CV_REFERENCE_V1
4a71efc62d1dac388c7a8fe727491ec7756a662a8cd205281647c82983efe8d3,MITDB_P212,212,60000000,0,20260927,0,20.85849952697754,1.0,35,V2-002-F00-S20260927,a72ac38ce4df2be3a418366a097fbe027ef38d9964f5b1b5705df5f48169be84,MODEL_V1_CV_REFERENCE_V1
4a7f5ddf8bf69d1700b388a38cdc7b7e941ff751c5d46646994d125c4461401b,MITDB_P203,203,220000000,0,20260927,1,14.627747535705566,0.9999995231628418,35,V2-002-F00-S20260927,a72ac38ce4df2be3a418366a097fbe027ef38d9964f5b1b5705df5f48169be84,MODEL_V1_CV_REFERENCE_V1
4b2e0af3ac20f43f89b66f0e4c1c613ee8badf47049f6ea680fca8c7ef3386b0,MITDB_P209,209,325000000,0,20260927,0,12.146474838256836,0.9999946355819702,35,V2-002-F00-S20260927,a72ac38ce4df2be3a418366a097fbe027ef38d9964f5b1b5705df5f48169be84,MODEL_V1_CV_REFERENCE_V1
4b444088a1b0892e404c768deec0981d918dddacace85f3872beff1815f305d0,MITDB_P203,203,580000000,0,20260927,1,10.705875396728516,0.9999775886535645,35,V2-002-F00-S20260927,a72ac38ce4df2be3a418366a097fbe027ef38d9964f5b1b5705df5f48169be84,MODEL_V1_CV_REFERENCE_V1
4b661b99d267f3e865e0d778045150f702e4320d7d982ad44a501f2928a3b7e2,MITDB_P222,222,395000000,0,20260927,0,6.204692363739014,0.9979841709136963,35,V2-002-F00-S20260927,a72ac38ce4df2be3a418366a097fbe027ef38d9964f5b1b5705df5f48169be84,MODEL_V1_CV_REFERENCE_V1
4b8af1c388ab0dbbdf0954b623d1c9a9e8b38043da351900f0a534d4e5341d68,MITDB_P124,124,1330000000,0,20260927,0,7.186728477478027,0.9992440938949585,35,V2-002-F00-S20260927,a72ac38ce4df2be3a418366a097fbe027ef38d9964f5b1b5705df5f48169be84,MODEL_V1_CV_REFERENCE_V1
4b91c7f83228e6c994faedf9b9bf1ca0ca1aed5ac87a91c15a2f85f50edc17e9,MITDB_P212,212,515000000,0,20260927,0,16.509456634521484,0.9999998807907104,35,V2-002-F00-S20260927,a72ac38ce4df2be3a418366a097fbe027ef38d9964f5b1b5705df5f48169be84,MODEL_V1_CV_REFERENCE_V1
4bac512e4dab5f18c8338a0b3c826a9931e1cb03e22fa818d32a69f296b89886,MITDB_P212,212,510000000,0,20260927,0,13.2700777053833,0.9999983310699463,35,V2-002-F00-S20260927,a72ac38ce4df2be3a418366a097fbe027ef38d9964f5b1b5705df5f48169be84,MODEL_V1_CV_REFERENCE_V1
4bae565931b7a23c9fef7105abd7469ce15f1137038c85f333e367b7e12d35aa,MITDB_P105,105,95000000,0,20260927,0,2.4340522289276123,0.9193873405456543,35,V2-002-F00-S20260927,a72ac38ce4df2be3a418366a097fbe027ef38d9964f5b1b5705df5f48169be84,MODEL_V1_CV_REFERENCE_V1
4bba5d35cf8c336455b85ed0dbae1ab5402a8ccb8aa59bb5032768e1c8863a59,MITDB_P209,209,40000000,0,20260927,0,7.504885673522949,0.9994499087333679,35,V2-002-F00-S20260927,a72ac38ce4df2be3a418366a097fbe027ef38d9964f5b1b5705df5f48169be84,MODEL_V1_CV_REFERENCE_V1
4bdcf5ea29578a80b5d70bb908ee7d6f1066980561d789550eec222068646435,MITDB_P209,209,1005000000,0,20260927,1,5.812350749969482,0.997018575668335,35,V2-002-F00-S20260927,a72ac38ce4df2be3a418366a097fbe027ef38d9964f5b1b5705df5f48169be84,MODEL_V1_CV_REFERENCE_V1
4bf7c85a6ded1f9155e5f838c3e911d74326a49568a2c7bb882d0d92cecaeba1,MITDB_P124,124,625000000,0,20260927,1,6.8106584548950195,0.9988992214202881,35,V2-002-F00-S20260927,a72ac38ce4df2be3a418366a097fbe027ef38d9964f5b1b5705df5f48169be84,MODEL_V1_CV_REFERENCE_V1
4c035ea2b355fb1c6c0109e45ac7e79b0ad93ff641b97df7da99d1742da0283e,MITDB_P124,124,295000000,0,20260927,1,3.025880813598633,0.9537297487258911,35,V2-002-F00-S20260927,a72ac38ce4df2be3a418366a097fbe027ef38d9964f5b1b5705df5f48169be84,MODEL_V1_CV_REFERENCE_V1
4c2272096ba85b9771f7d9c0eda01231450580b73cb755c17511016dff830522,MITDB_P209,209,1555000000,0,20260927,1,9.040813446044922,0.9998815059661865,35,V2-002-F00-S20260927,a72ac38ce4df2be3a418366a097fbe027ef38d9964f5b1b5705df5f48169be84,MODEL_V1_CV_REFERENCE_V1
4c23ad857a5d6ff9c43722dc5f491cb7b18376025db08fca63536536a9b717d7,MITDB_P222,222,925000000,0,20260927,1,17.11088752746582,1.0,35,V2-002-F00-S20260927,a72ac38ce4df2be3a418366a097fbe027ef38d9964f5b1b5705df5f48169be84,MODEL_V1_CV_REFERENCE_V1
4c3ebe76c6f5fce74afc5d001f37bf4624238a5333fd027b332a0d25d47c1ea8,MITDB_P212,212,1405000000,0,20260927,0,7.113931655883789,0.9991869330406189,35,V2-002-F00-S20260927,a72ac38ce4df2be3a418366a097fbe027ef38d9964f5b1b5705df5f48169be84,MODEL_V1_CV_REFERENCE_V1
4c5e39a5d242c0ae07a09a742793c153f61b2babf5ad9006eefa8f3b4d851a1c,MITDB_P212,212,1385000000,0,20260927,0,0.03529295325279236,0.5088223218917847,35,V2-002-F00-S20260927,a72ac38ce4df2be3a418366a097fbe027ef38d9964f5b1b5705df5f48169be84,MODEL_V1_CV_REFERENCE_V1
4cbe7514709968a6dcd78ca6b3e18b59d99ff2c78c34ef3d9b7ad86ef71a5ec8,MITDB_P222,222,1750000000,0,20260927,0,7.778009414672852,0.9995812773704529,35,V2-002-F00-S20260927,a72ac38ce4df2be3a418366a097fbe027ef38d9964f5b1b5705df5f48169be84,MODEL_V1_CV_REFERENCE_V1
4d28e4ababc1f1a2e70c0dd2b9f25129aa91defa434c0a4a30e6be0ba43a7b1a,MITDB_P105,105,555000000,0,20260927,1,2.385087251663208,0.9156830310821533,35,V2-002-F00-S20260927,a72ac38ce4df2be3a418366a097fbe027ef38d9964f5b1b5705df5f48169be84,MODEL_V1_CV_REFERENCE_V1
4d6825fa7ca5ed135e3e6545d7d032eb29eb9d2cb4fb20347bdd455ea32c55c5,MITDB_P212,212,35000000,0,20260927,0,19.9517879486084,1.0,35,V2-002-F00-S20260927,a72ac38ce4df2be3a418366a097fbe027ef38d9964f5b1b5705df5f48169be84,MODEL_V1_CV_REFERENCE_V1
4d7abf68fade077e21a922993cd261b66292000fbf851938b07cfc444a08bdfd,MITDB_P203,203,680000000,0,20260927,1,16.744213104248047,1.0,35,V2-002-F00-S20260927,a72ac38ce4df2be3a418366a097fbe027ef38d9964f5b1b5705df5f48169be84,MODEL_V1_CV_REFERENCE_V1
4d809c92c59e35be38d1bf2b0668538a9277c7f6532de0d233355cddb5423a55,MITDB_P124,124,1465000000,0,20260927,0,8.283079147338867,0.9997473359107971,35,V2-002-F00-S20260927,a72ac38ce4df2be3a418366a097fbe027ef38d9964f5b1b5705df5f48169be84,MODEL_V1_CV_REFERENCE_V1
4d9aadd62902ae876b5d39824735a740988a151e862228191eac2e11b86e0e68,MITDB_P222,222,275000000,0,20260927,0,5.857785224914551,0.9971505999565125,35,V2-002-F00-S20260927,a72ac38ce4df2be3a418366a097fbe027ef38d9964f5b1b5705df5f48169be84,MODEL_V1_CV_REFERENCE_V1
4d9f0b4b21c8b6640972299c4a36fb7941eaacba47e1776060ff85b011b04e41,MITDB_P105,105,1305000000,0,20260927,0,3.77858829498291,0.9776557683944702,35,V2-002-F00-S20260927,a72ac38ce4df2be3a418366a097fbe027ef38d9964f5b1b5705df5f48169be84,MODEL_V1_CV_REFERENCE_V1
4dabc03efb0b2ccf993c83b49302dd75230e6cc2d1e46283a9285a37df6f30e7,MITDB_P209,209,145000000,0,20260927,0,8.373346328735352,0.9997691512107849,35,V2-002-F00-S20260927,a72ac38ce4df2be3a418366a097fbe027ef38d9964f5b1b5705df5f48169be84,MODEL_V1_CV_REFERENCE_V1
4db0d8605d32033d6e8799bd260a5189ed72d45b3a3b37a0403ffc849bc354b9,MITDB_P124,124,840000000,0,20260927,0,6.555694580078125,0.9985799789428711,35,V2-002-F00-S20260927,a72ac38ce4df2be3a418366a097fbe027ef38d9964f5b1b5705df5f48169be84,MODEL_V1_CV_REFERENCE_V1
4db1d25f27b855085c896720872ca0eab28009bbfbc76bbdd478e16de55ae478,MITDB_P105,105,1570000000,0,20260927,0,0.7579874992370605,0.6809166073799133,35,V2-002-F00-S20260927,a72ac38ce4df2be3a418366a097fbe027ef38d9964f5b1b5705df5f48169be84,MODEL_V1_CV_REFERENCE_V1
4dcc22664e1e76ee7d6b3d4e46c0b5bc388747675dfbe997957c384cb457168b,MITDB_P124,124,45000000,0,20260927,0,6.584399223327637,0.9986201524734497,35,V2-002-F00-S20260927,a72ac38ce4df2be3a418366a097fbe027ef38d9964f5b1b5705df5f48169be84,MODEL_V1_CV_REFERENCE_V1
4de100f79710a04dfa615c56a1422a9c0590328cb089fe39c28f8c2aaa598dea,MITDB_P124,124,1290000000,0,20260927,0,5.9734039306640625,0.9974608421325684,35,V2-002-F00-S20260927,a72ac38ce4df2be3a418366a097fbe027ef38d9964f5b1b5705df5f48169be84,MODEL_V1_CV_REFERENCE_V1
4e197980bb45771330614353f9caa7ba0198a177f0bb2226535072da90ed9011,MITDB_P124,124,850000000,0,20260927,0,6.37998104095459,0.9983077049255371,35,V2-002-F00-S20260927,a72ac38ce4df2be3a418366a097fbe027ef38d9964f5b1b5705df5f48169be84,MODEL_V1_CV_REFERENCE_V1
4e20250c1b1e4a4085bd156fa148f50cc6bdfc4c378061f14127a38c9964fc30,MITDB_P203,203,885000000,0,20260927,1,15.668158531188965,0.9999998807907104,35,V2-002-F00-S20260927,a72ac38ce4df2be3a418366a097fbe027ef38d9964f5b1b5705df5f48169be84,MODEL_V1_CV_REFERENCE_V1
4e6e02dece2cdb39bdf75958d07be6078afb90cc6e0a5b62216d8fa5484b48dd,MITDB_P212,212,1705000000,0,20260927,0,-0.35059452056884766,0.4132382869720459,35,V2-002-F00-S20260927,a72ac38ce4df2be3a418366a097fbe027ef38d9964f5b1b5705df5f48169be84,MODEL_V1_CV_REFERENCE_V1
4e7c8963826cd295fce0b7e8e4a138245529880b9749082530ada92413f852a2,MITDB_P222,222,1395000000,0,20260927,0,13.749504089355469,0.999998927116394,35,V2-002-F00-S20260927,a72ac38ce4df2be3a418366a097fbe027ef38d9964f5b1b5705df5f48169be84,MODEL_V1_CV_REFERENCE_V1
4e93ef53c9cb4c486b27009572ab969e0fdd5af7253cf9d14fa53bcb9c9076cd,MITDB_P105,105,900000000,0,20260927,0,0.06454725563526154,0.5161311626434326,35,V2-002-F00-S20260927,a72ac38ce4df2be3a418366a097fbe027ef38d9964f5b1b5705df5f48169be84,MODEL_V1_CV_REFERENCE_V1
4e99be607499f957bc436f95b376f73d3b4a82f98e2f5d9585ec2047e9cf2687,MITDB_P209,209,345000000,0,20260927,1,15.448188781738281,0.9999997615814209,35,V2-002-F00-S20260927,a72ac38ce4df2be3a418366a097fbe027ef38d9964f5b1b5705df5f48169be84,MODEL_V1_CV_REFERENCE_V1
4ec1511c0cd30748c3410d09fbed053a4887a9f9942ee95aa862b2638002676b,MITDB_P222,222,780000000,0,20260927,1,2.056879758834839,0.8866409063339233,35,V2-002-F00-S20260927,a72ac38ce4df2be3a418366a097fbe027ef38d9964f5b1b5705df5f48169be84,MODEL_V1_CV_REFERENCE_V1
4edd80d0b8ff2a199829b2d34a11add8efbf9fb3ec872b8e73816b215d7add59,MITDB_P209,209,1215000000,0,20260927,1,8.883213996887207,0.9998613595962524,35,V2-002-F00-S20260927,a72ac38ce4df2be3a418366a097fbe027ef38d9964f5b1b5705df5f48169be84,MODEL_V1_CV_REFERENCE_V1
4f103b0d2a56b387878f7fb6e94c17c8450d5d32f494e00513ad511d1cde08f4,MITDB_P124,124,600000000,0,20260927,0,6.780365467071533,0.9988654851913452,35,V2-002-F00-S20260927,a72ac38ce4df2be3a418366a097fbe027ef38d9964f5b1b5705df5f48169be84,MODEL_V1_CV_REFERENCE_V1
4f13ef3720c78ee106d0831297093ecae4e4379579ef9f04f1851f4037a228b3,MITDB_P105,105,1445000000,0,20260927,0,0.36609983444213867,0.5905162692070007,35,V2-002-F00-S20260927,a72ac38ce4df2be3a418366a097fbe027ef38d9964f5b1b5705df5f48169be84,MODEL_V1_CV_REFERENCE_V1
4f35b7a5aa6e1e1f6097644df8315aef97f3c48fd5bfd2823b7b7a917fec4eb4,MITDB_P222,222,1425000000,0,20260927,0,16.509586334228516,0.9999998807907104,35,V2-002-F00-S20260927,a72ac38ce4df2be3a418366a097fbe027ef38d9964f5b1b5705df5f48169be84,MODEL_V1_CV_REFERENCE_V1
4f398740eaad6cddddcd8eeff48bd3e6c897a7431e46a6710d663304e1333cb7,MITDB_P222,222,555000000,0,20260927,0,10.277958869934082,0.9999656677246094,35,V2-002-F00-S20260927,a72ac38ce4df2be3a418366a097fbe027ef38d9964f5b1b5705df5f48169be84,MODEL_V1_CV_REFERENCE_V1
4f631d038a7571c88d311b7faa399ec96fb0ba788deee737b6470ccd5dda9e37,MITDB_P209,209,1125000000,0,20260927,1,7.474395275115967,0.9994328618049622,35,V2-002-F00-S20260927,a72ac38ce4df2be3a418366a097fbe027ef38d9964f5b1b5705df5f48169be84,MODEL_V1_CV_REFERENCE_V1
4f900bef2d3c3d0795e2ac6ff756eb72ce62492dfda0d8c00d51bcbf86cbdc83,MITDB_P222,222,1390000000,0,20260927,1,7.227328300476074,0.9992740750312805,35,V2-002-F00-S20260927,a72ac38ce4df2be3a418366a097fbe027ef38d9964f5b1b5705df5f48169be84,MODEL_V1_CV_REFERENCE_V1
4f995a53655c0883e169a5e0c3d5b964f9080098299bcf0ca667309713bdd15a,MITDB_P105,105,345000000,0,20260927,0,3.1602537631988525,0.9593108296394348,35,V2-002-F00-S20260927,a72ac38ce4df2be3a418366a097fbe027ef38d9964f5b1b5705df5f48169be84,MODEL_V1_CV_REFERENCE_V1
4fbf7c03ade9597dea60cf66e033eb4a3a135a4b3cc5e30b4243ceb4f23a8168,MITDB_P124,124,180000000,0,20260927,0,7.1120476722717285,0.9991853833198547,35,V2-002-F00-S20260927,a72ac38ce4df2be3a418366a097fbe027ef38d9964f5b1b5705df5f48169be84,MODEL_V1_CV_REFERENCE_V1
4fc04966f0acee7415462b483c2da7cb8947c51ab1d19fc4d581abdbd6b8efb7,MITDB_P124,124,290000000,0,20260927,1,4.714475631713867,0.9911150932312012,35,V2-002-F00-S20260927,a72ac38ce4df2be3a418366a097fbe027ef38d9964f5b1b5705df5f48169be84,MODEL_V1_CV_REFERENCE_V1
4fcba7ffa167f6e551aa1569dbe908d5b2e9418220cb2967444adfbcb7a81da6,MITDB_P209,209,10000000,0,20260927,0,8.917502403259277,0.9998660087585449,35,V2-002-F00-S20260927,a72ac38ce4df2be3a418366a097fbe027ef38d9964f5b1b5705df5f48169be84,MODEL_V1_CV_REFERENCE_V1
50103f4be0f01f075a14439c598716134be3e82a25cd367596d0fb0c7167c1f3,MITDB_P222,222,865000000,0,20260927,1,9.985662460327148,0.9999539852142334,35,V2-002-F00-S20260927,a72ac38ce4df2be3a418366a097fbe027ef38d9964f5b1b5705df5f48169be84,MODEL_V1_CV_REFERENCE_V1
5039ccc7005b3d9af194cb2e1615a62a5a2d0c0887c858da8bbf9f717602d269,MITDB_P105,105,1780000000,0,20260927,0,0.7381942868232727,0.6766008734703064,35,V2-002-F00-S20260927,a72ac38ce4df2be3a418366a097fbe027ef38d9964f5b1b5705df5f48169be84,MODEL_V1_CV_REFERENCE_V1
505551f1b36dd9844b37fd708357350ae706d15bf3165360f45ec3001735835b,MITDB_P212,212,885000000,0,20260927,0,15.720270156860352,0.9999998807907104,35,V2-002-F00-S20260927,a72ac38ce4df2be3a418366a097fbe027ef38d9964f5b1b5705df5f48169be84,MODEL_V1_CV_REFERENCE_V1
5069527ac94037722b7bd1cb36bae285cc021f8220d026f9935a82ce8c400b65,MITDB_P124,124,320000000,0,20260927,1,-3.985715389251709,0.01824025996029377,35,V2-002-F00-S20260927,a72ac38ce4df2be3a418366a097fbe027ef38d9964f5b1b5705df5f48169be84,MODEL_V1_CV_REFERENCE_V1
506c009afa532b459c5bcf8f5831117a8606e7d66536e0f934ec8c34b644eeaf,MITDB_P124,124,1205000000,0,20260927,0,7.474625587463379,0.9994329810142517,35,V2-002-F00-S20260927,a72ac38ce4df2be3a418366a097fbe027ef38d9964f5b1b5705df5f48169be84,MODEL_V1_CV_REFERENCE_V1
506e53608331a9fd7c767910ed57fd7416d9a53c8207bd37015d5a0e31318e3c,MITDB_P105,105,630000000,0,20260927,0,1.1450811624526978,0.7586113214492798,35,V2-002-F00-S20260927,a72ac38ce4df2be3a418366a097fbe027ef38d9964f5b1b5705df5f48169be84,MODEL_V1_CV_REFERENCE_V1
5092b9f03a3257e37322f7ba7ecfb5d4b92c75c63fdad55a57d413c7a4c943ae,MITDB_P105,105,865000000,0,20260927,0,-0.18061962723731995,0.4549674391746521,35,V2-002-F00-S20260927,a72ac38ce4df2be3a418366a097fbe027ef38d9964f5b1b5705df5f48169be84,MODEL_V1_CV_REFERENCE_V1
50a2f280cfae6f089a8d7084541cd841c7f1e365a47449e67f19c720dc6b2036,MITDB_P105,105,1185000000,0,20260927,0,-0.8778887391090393,0.293615460395813,35,V2-002-F00-S20260927,a72ac38ce4df2be3a418366a097fbe027ef38d9964f5b1b5705df5f48169be84,MODEL_V1_CV_REFERENCE_V1
50c133075c8fecca889f4bd1750d48a8d8528897b2d8cd7ff0a72dd7f160364c,MITDB_P222,222,1345000000,0,20260927,1,8.300914764404297,0.9997517466545105,35,V2-002-F00-S20260927,a72ac38ce4df2be3a418366a097fbe027ef38d9964f5b1b5705df5f48169be84,MODEL_V1_CV_REFERENCE_V1
50c9e49dc7e423ed6c5b6087f9d5ebbccaa59f50e01d2be779b4c9690be7ee25,MITDB_P209,209,970000000,0,20260927,1,3.34517765045166,0.9659464955329895,35,V2-002-F00-S20260927,a72ac38ce4df2be3a418366a097fbe027ef38d9964f5b1b5705df5f48169be84,MODEL_V1_CV_REFERENCE_V1
512c38387f3b3da76c4701af44661c3ba569437885da15d836f7257acfe9915b,MITDB_P124,124,990000000,0,20260927,0,8.297340393066406,0.9997509121894836,35,V2-002-F00-S20260927,a72ac38ce4df2be3a418366a097fbe027ef38d9964f5b1b5705df5f48169be84,MODEL_V1_CV_REFERENCE_V1
5141dff1de82555cb01401463f45eb26bf7c7367faef6656efc2c3231e773b8d,MITDB_P203,203,1605000000,0,20260927,1,17.683551788330078,1.0,35,V2-002-F00-S20260927,a72ac38ce4df2be3a418366a097fbe027ef38d9964f5b1b5705df5f48169be84,MODEL_V1_CV_REFERENCE_V1
5144f042b77a8c70b4bca4f9f030a5ba73f512c48e3823eb8c7c0ad39566b903,MITDB_P222,222,310000000,0,20260927,0,20.811031341552734,1.0,35,V2-002-F00-S20260927,a72ac38ce4df2be3a418366a097fbe027ef38d9964f5b1b5705df5f48169be84,MODEL_V1_CV_REFERENCE_V1
51712af439c1b03e42e592062f575fafcdba928ca262583f97aed0e61554b377,MITDB_P222,222,1140000000,0,20260927,1,4.823592185974121,0.9920262694358826,35,V2-002-F00-S20260927,a72ac38ce4df2be3a418366a097fbe027ef38d9964f5b1b5705df5f48169be84,MODEL_V1_CV_REFERENCE_V1
5179ef2ac49e7857d9776f297575604185b60b29f91152989fc9bdb1fbd0039f,MITDB_P124,124,920000000,0,20260927,0,5.573304653167725,0.9962164759635925,35,V2-002-F00-S20260927,a72ac38ce4df2be3a418366a097fbe027ef38d9964f5b1b5705df5f48169be84,MODEL_V1_CV_REFERENCE_V1
51d5718dfa9e4ff8162c9f07d68574ce915605632feb7e0108d58aebbaa76f24,MITDB_P222,222,505000000,0,20260927,0,18.879993438720703,1.0,35,V2-002-F00-S20260927,a72ac38ce4df2be3a418366a097fbe027ef38d9964f5b1b5705df5f48169be84,MODEL_V1_CV_REFERENCE_V1
51f81a0053ffca48395b66a6579e9e01d2e6a049e3ba2fd05975cc291ac5ab49,MITDB_P105,105,600000000,0,20260927,0,1.6300809383392334,0.8361807465553284,35,V2-002-F00-S20260927,a72ac38ce4df2be3a418366a097fbe027ef38d9964f5b1b5705df5f48169be84,MODEL_V1_CV_REFERENCE_V1
520c6789f04e58eb0033c62649a0a6d4bc3b0630c5b9be9ff1d7187a60277241,MITDB_P209,209,1625000000,0,20260927,1,12.073661804199219,0.9999942779541016,35,V2-002-F00-S20260927,a72ac38ce4df2be3a418366a097fbe027ef38d9964f5b1b5705df5f48169be84,MODEL_V1_CV_REFERENCE_V1
522ab471dccf29b95ceb7d054afb7fdd4db60bb128978e38bf928e09707239a9,MITDB_P212,212,360000000,0,20260927,0,15.544543266296387,0.9999998807907104,35,V2-002-F00-S20260927,a72ac38ce4df2be3a418366a097fbe027ef38d9964f5b1b5705df5f48169be84,MODEL_V1_CV_REFERENCE_V1
526e1f8e40e637adb363a7029104c4b9da27f35ae3c6bdce287f44e7775d9628,MITDB_P222,222,655000000,0,20260927,0,11.958370208740234,0.9999935626983643,35,V2-002-F00-S20260927,a72ac38ce4df2be3a418366a097fbe027ef38d9964f5b1b5705df5f48169be84,MODEL_V1_CV_REFERENCE_V1
5287b1ed1c7440587348c846af51652e1f4c65ff8cdc46463ff9eb7c8f345e19,MITDB_P212,212,1070000000,0,20260927,0,15.29487419128418,0.9999997615814209,35,V2-002-F00-S20260927,a72ac38ce4df2be3a418366a097fbe027ef38d9964f5b1b5705df5f48169be84,MODEL_V1_CV_REFERENCE_V1
52a304bd92fc9b93a28fb7aff59e3f579072b8247c1f9c6c6bc8f89285bef21d,MITDB_P212,212,1305000000,0,20260927,0,14.354784965515137,0.9999994039535522,35,V2-002-F00-S20260927,a72ac38ce4df2be3a418366a097fbe027ef38d9964f5b1b5705df5f48169be84,MODEL_V1_CV_REFERENCE_V1
52ac23bfee46bbbfe2ebc70be1414887002831176226717cf4c25867012a610d,MITDB_P203,203,1030000000,0,20260927,1,16.316877365112305,0.9999998807907104,35,V2-002-F00-S20260927,a72ac38ce4df2be3a418366a097fbe027ef38d9964f5b1b5705df5f48169be84,MODEL_V1_CV_REFERENCE_V1
52d5610e032964cf7a185299c1df39fc60253d3d773645c4c5b960aa5b992f1d,MITDB_P203,203,320000000,0,20260927,1,15.469175338745117,0.9999997615814209,35,V2-002-F00-S20260927,a72ac38ce4df2be3a418366a097fbe027ef38d9964f5b1b5705df5f48169be84,MODEL_V1_CV_REFERENCE_V1
52facddc003ef5bc5c32b2165737e71b185fb7f5ec14b74b9cb6f168d398c4b6,MITDB_P105,105,15000000,0,20260927,0,2.71500825881958,0.9379064440727234,35,V2-002-F00-S20260927,a72ac38ce4df2be3a418366a097fbe027ef38d9964f5b1b5705df5f48169be84,MODEL_V1_CV_REFERENCE_V1
533c3c296137815000000200ec925451b30cdf0334594593a40c52d8fccc247c,MITDB_P222,222,825000000,0,20260927,0,28.541025161743164,1.0,35,V2-002-F00-S20260927,a72ac38ce4df2be3a418366a097fbe027ef38d9964f5b1b5705df5f48169be84,MODEL_V1_CV_REFERENCE_V1
5348d83d63bb2c6a0aaa56cebcfa9ba830ef283bfcbe03688b5271f34d95deb1,MITDB_P124,124,800000000,0,20260927,0,6.076059341430664,0.9977080821990967,35,V2-002-F00-S20260927,a72ac38ce4df2be3a418366a097fbe027ef38d9964f5b1b5705df5f48169be84,MODEL_V1_CV_REFERENCE_V1
534b812339890af2f6dd4e5e0625f1a1ae89e445d7113577b24dbe6816dd8f0a,MITDB_P203,203,1340000000,0,20260927,1,16.352371215820312,0.9999998807907104,35,V2-002-F00-S20260927,a72ac38ce4df2be3a418366a097fbe027ef38d9964f5b1b5705df5f48169be84,MODEL_V1_CV_REFERENCE_V1
535412fe4cfcdf1654b3b1a3087dd9cd9c26d9e4c56b9c7dc90ed2c7eecd7d5c,MITDB_P222,222,895000000,0,20260927,1,-0.490796834230423,0.37970587611198425,35,V2-002-F00-S20260927,a72ac38ce4df2be3a418366a097fbe027ef38d9964f5b1b5705df5f48169be84,MODEL_V1_CV_REFERENCE_V1
535d448bb00fe8474a49e42e28cf282f0643ffd5032c42d50d0258c0acf6f51b,MITDB_P124,124,885000000,0,20260927,0,7.158249378204346,0.9992221593856812,35,V2-002-F00-S20260927,a72ac38ce4df2be3a418366a097fbe027ef38d9964f5b1b5705df5f48169be84,MODEL_V1_CV_REFERENCE_V1
53e3e3cfbf6652f59935e900c24e062f54d7d195b857f110f61b2b52d3639c5a,MITDB_P209,209,1455000000,0,20260927,0,4.937088489532471,0.9928756952285767,35,V2-002-F00-S20260927,a72ac38ce4df2be3a418366a097fbe027ef38d9964f5b1b5705df5f48169be84,MODEL_V1_CV_REFERENCE_V1
54141521e09b01e6c03a8d8ae51d2082a49c2cda79907e36abe160cd7a85b6a7,MITDB_P209,209,1540000000,0,20260927,1,4.959763526916504,0.9930342435836792,35,V2-002-F00-S20260927,a72ac38ce4df2be3a418366a097fbe027ef38d9964f5b1b5705df5f48169be84,MODEL_V1_CV_REFERENCE_V1
542365d27e419db6148a3b848969c94f0fd2656881bc3cca66793780c0ef3e39,MITDB_P222,222,755000000,0,20260927,1,5.637490272521973,0.9964507818222046,35,V2-002-F00-S20260927,a72ac38ce4df2be3a418366a097fbe027ef38d9964f5b1b5705df5f48169be84,MODEL_V1_CV_REFERENCE_V1
54620ea3d343d4ee58cac945e51a5950eb2c18d604efd75ab701b12e498d6a7f,MITDB_P105,105,1225000000,0,20260927,0,5.5336594581604,0.9960640072822571,35,V2-002-F00-S20260927,a72ac38ce4df2be3a418366a097fbe027ef38d9964f5b1b5705df5f48169be84,MODEL_V1_CV_REFERENCE_V1
546250d780637aec9e84b52ac9a1f4a653ef08efaad6ff3bd7b5155d4049215a,MITDB_P212,212,635000000,0,20260927,0,9.956462860107422,0.9999525547027588,35,V2-002-F00-S20260927,a72ac38ce4df2be3a418366a097fbe027ef38d9964f5b1b5705df5f48169be84,MODEL_V1_CV_REFERENCE_V1
54ad72c1fdcb2851a03ff464253fa3b4d340ec22e8b6b1ea7053bd797fc52558,MITDB_P203,203,1470000000,0,20260927,0,9.74396800994873,0.999941349029541,35,V2-002-F00-S20260927,a72ac38ce4df2be3a418366a097fbe027ef38d9964f5b1b5705df5f48169be84,MODEL_V1_CV_REFERENCE_V1
54aec3e10c9d0fca1f85ea95d0d72f4f259a3432088e2a4d40c2795a2a064b6b,MITDB_P222,222,60000000,0,20260927,0,19.066030502319336,1.0,35,V2-002-F00-S20260927,a72ac38ce4df2be3a418366a097fbe027ef38d9964f5b1b5705df5f48169be84,MODEL_V1_CV_REFERENCE_V1
54cb68a4a3d4866e04f64ee703d6a3f856ee21720ac24dba4aec06928e521d1d,MITDB_P124,124,120000000,0,20260927,0,9.621114730834961,0.9999337196350098,35,V2-002-F00-S20260927,a72ac38ce4df2be3a418366a097fbe027ef38d9964f5b1b5705df5f48169be84,MODEL_V1_CV_REFERENCE_V1
54eb319519264c3719a7a64077d82e79c4cf6a702d24014d0413d87f0124b191,MITDB_P222,222,580000000,0,20260927,1,12.837322235107422,0.9999973773956299,35,V2-002-F00-S20260927,a72ac38ce4df2be3a418366a097fbe027ef38d9964f5b1b5705df5f48169be84,MODEL_V1_CV_REFERENCE_V1
5509ed9e30216b39816b9f219cb0965706f41129888cc12f2c2e7c0e539a1624,MITDB_P124,124,1540000000,0,20260927,0,8.441184997558594,0.9997842907905579,35,V2-002-F00-S20260927,a72ac38ce4df2be3a418366a097fbe027ef38d9964f5b1b5705df5f48169be84,MODEL_V1_CV_REFERENCE_V1
551324059c48c2a4d985c8e1ede63c4f75b31b471862e2ca255b5382da8aa63d,MITDB_P203,203,800000000,0,20260927,1,22.093624114990234,1.0,35,V2-002-F00-S20260927,a72ac38ce4df2be3a418366a097fbe027ef38d9964f5b1b5705df5f48169be84,MODEL_V1_CV_REFERENCE_V1
55170670e79dc11fbb41f0092d25cb1f68d97333acb9c6d4242d2a331de48b1e,MITDB_P105,105,725000000,0,20260927,0,1.6422219276428223,0.8378370404243469,35,V2-002-F00-S20260927,a72ac38ce4df2be3a418366a097fbe027ef38d9964f5b1b5705df5f48169be84,MODEL_V1_CV_REFERENCE_V1
554931a90836ffc8ba4742e4c4d4ec6d4a83114829dd03ee65f73c3b2772cdea,MITDB_P124,124,1520000000,0,20260927,0,6.618015289306641,0.9986656904220581,35,V2-002-F00-S20260927,a72ac38ce4df2be3a418366a097fbe027ef38d9964f5b1b5705df5f48169be84,MODEL_V1_CV_REFERENCE_V1
5593af03b2a7132473c3eca014f465242bd9d32b36f5d14be4f90888ae086cff,MITDB_P209,209,245000000,0,20260927,0,7.113323211669922,0.9991864562034607,35,V2-002-F00-S20260927,a72ac38ce4df2be3a418366a097fbe027ef38d9964f5b1b5705df5f48169be84,MODEL_V1_CV_REFERENCE_V1
55dbfb4ec43b1cb0fcbd20d4f5be6e7892607edb97fe9ba5cd83abfcc32189aa,MITDB_P209,209,430000000,0,20260927,1,10.878511428833008,0.999981164932251,35,V2-002-F00-S20260927,a72ac38ce4df2be3a418366a097fbe027ef38d9964f5b1b5705df5f48169be84,MODEL_V1_CV_REFERENCE_V1
55e1f2bfbc33a8ecce5514d71b36dc18da13f47b1a27fca14052cc7f0ec27f55,MITDB_P124,124,1655000000,0,20260927,0,7.824529647827148,0.999600350856781,35,V2-002-F00-S20260927,a72ac38ce4df2be3a418366a097fbe027ef38d9964f5b1b5705df5f48169be84,MODEL_V1_CV_REFERENCE_V1
55ebcdb32f7bc7975134f2a906e58fdc88ae5e239518fadb08cecf65035ccbdd,MITDB_P222,222,1190000000,0,20260927,1,5.164552211761475,0.9943168759346008,35,V2-002-F00-S20260927,a72ac38ce4df2be3a418366a097fbe027ef38d9964f5b1b5705df5f48169be84,MODEL_V1_CV_REFERENCE_V1
560513a50aa41d76374fcd719ba10ace321a0d13ed7ef0792edcaeb17826543c,MITDB_P212,212,525000000,0,20260927,0,4.83014440536499,0.9920778870582581,35,V2-002-F00-S20260927,a72ac38ce4df2be3a418366a097fbe027ef38d9964f5b1b5705df5f48169be84,MODEL_V1_CV_REFERENCE_V1
5616d5ab862c0d392e60fc1dfdc56b04bf33356380f53d6d62c567b37af2de79,MITDB_P203,203,215000000,0,20260927,0,9.432109832763672,0.9999198913574219,35,V2-002-F00-S20260927,a72ac38ce4df2be3a418366a097fbe027ef38d9964f5b1b5705df5f48169be84,MODEL_V1_CV_REFERENCE_V1
5622625d11e041e30d48311af05bce874016622abc2ddf5d4cfcb9b237c7488c,MITDB_P203,203,260000000,0,20260927,1,16.18906593322754,0.9999998807907104,35,V2-002-F00-S20260927,a72ac38ce4df2be3a418366a097fbe027ef38d9964f5b1b5705df5f48169be84,MODEL_V1_CV_REFERENCE_V1
56231ac575fdf952ec92bb8ce04f10294d295fd88ef187c565a2e10e1dd28cf0,MITDB_P105,105,415000000,0,20260927,1,3.839346170425415,0.9789451956748962,35,V2-002-F00-S20260927,a72ac38ce4df2be3a418366a097fbe027ef38d9964f5b1b5705df5f48169be84,MODEL_V1_CV_REFERENCE_V1
56280b8306a69a49bb7130d5f44c68d2e63131150f8ccafd14cc896233f5b22f,MITDB_P212,212,1020000000,0,20260927,0,3.8644399642944336,0.9794562458992004,35,V2-002-F00-S20260927,a72ac38ce4df2be3a418366a097fbe027ef38d9964f5b1b5705df5f48169be84,MODEL_V1_CV_REFERENCE_V1
5676c59d07af802b066f0646db0ff61d0ab664ee829f30c54193f7370a0a8c86,MITDB_P105,105,1645000000,0,20260927,0,0.639827311038971,0.6547144055366516,35,V2-002-F00-S20260927,a72ac38ce4df2be3a418366a097fbe027ef38d9964f5b1b5705df5f48169be84,MODEL_V1_CV_REFERENCE_V1
568a5bcd1408cf51d7c73a8f37c45615a3f442bbc830e39a06e7aeb741f4e302,MITDB_P124,124,1570000000,0,20260927,0,6.653996467590332,0.9987127780914307,35,V2-002-F00-S20260927,a72ac38ce4df2be3a418366a097fbe027ef38d9964f5b1b5705df5f48169be84,MODEL_V1_CV_REFERENCE_V1
56a95d16f8a50099731b6e315b7e24f5d6ba1197642a4afcecfee22eae08e34f,MITDB_P212,212,1690000000,0,20260927,0,-0.1607271134853363,0.4599044919013977,35,V2-002-F00-S20260927,a72ac38ce4df2be3a418366a097fbe027ef38d9964f5b1b5705df5f48169be84,MODEL_V1_CV_REFERENCE_V1
56b1d0ae46e0527bb187ac2fd92a047a7a952d66286f49361515a7dc5f65a9ec,MITDB_P105,105,450000000,0,20260927,0,1.1688669919967651,0.7629401683807373,35,V2-002-F00-S20260927,a72ac38ce4df2be3a418366a097fbe027ef38d9964f5b1b5705df5f48169be84,MODEL_V1_CV_REFERENCE_V1
56b4b297c1449a47b8bf573ddb8a089f654e3ba18dccc1306e561ef717b8db7d,MITDB_P209,209,1725000000,0,20260927,1,5.866071701049805,0.9971740245819092,35,V2-002-F00-S20260927,a72ac38ce4df2be3a418366a097fbe027ef38d9964f5b1b5705df5f48169be84,MODEL_V1_CV_REFERENCE_V1
56b87e9c886467ea5392f1e59b8156d5fbbf0f5b3d66ea43d2fae097a818b1ca,MITDB_P222,222,1295000000,0,20260927,1,7.959258556365967,0.9996507167816162,35,V2-002-F00-S20260927,a72ac38ce4df2be3a418366a097fbe027ef38d9964f5b1b5705df5f48169be84,MODEL_V1_CV_REFERENCE_V1
56e71fd7fa36ea764ca579f6fdca96ac480fe7793d7664527a36a64f7b3e4203,MITDB_P203,203,825000000,0,20260927,1,15.158763885498047,0.9999997615814209,35,V2-002-F00-S20260927,a72ac38ce4df2be3a418366a097fbe027ef38d9964f5b1b5705df5f48169be84,MODEL_V1_CV_REFERENCE_V1
570cea70bc2c04fc366cffae92866a370f4a1d3078f8083cb7b57ac0fbc7b378,MITDB_P212,212,1420000000,0,20260927,0,18.035219192504883,1.0,35,V2-002-F00-S20260927,a72ac38ce4df2be3a418366a097fbe027ef38d9964f5b1b5705df5f48169be84,MODEL_V1_CV_REFERENCE_V1
573d43ca5fd3420d47b8766a532f8e39cbf3a7352b0fe3d93966eb99b7f63cf4,MITDB_P124,124,310000000,0,20260927,1,1.2317416667938232,0.7741232514381409,35,V2-002-F00-S20260927,a72ac38ce4df2be3a418366a097fbe027ef38d9964f5b1b5705df5f48169be84,MODEL_V1_CV_REFERENCE_V1
576e99405f64d0316a7cab405179f0a9fb5e252b121e70c461940f2c497dcc34,MITDB_P222,222,440000000,0,20260927,0,16.57619285583496,0.9999998807907104,35,V2-002-F00-S20260927,a72ac38ce4df2be3a418366a097fbe027ef38d9964f5b1b5705df5f48169be84,MODEL_V1_CV_REFERENCE_V1
5786dfb441152380445703f518d4d05fa9097e6a04e6e8e1238e6265b351a1dc,MITDB_P209,209,1180000000,0,20260927,1,8.414083480834961,0.9997783303260803,35,V2-002-F00-S20260927,a72ac38ce4df2be3a418366a097fbe027ef38d9964f5b1b5705df5f48169be84,MODEL_V1_CV_REFERENCE_V1
578ca842554ff5e608e6ad51f47f644745cbe16e27bf27638cea519036c3028e,MITDB_P222,222,645000000,0,20260927,0,8.98996639251709,0.9998753070831299,35,V2-002-F00-S20260927,a72ac38ce4df2be3a418366a097fbe027ef38d9964f5b1b5705df5f48169be84,MODEL_V1_CV_REFERENCE_V1
579f7150b62fe51e362889db23edfac4e6ff9f13c87e1e2c09bd87da203f17dd,MITDB_P105,105,1065000000,0,20260927,0,-0.5061241388320923,0.3761025667190552,35,V2-002-F00-S20260927,a72ac38ce4df2be3a418366a097fbe027ef38d9964f5b1b5705df5f48169be84,MODEL_V1_CV_REFERENCE_V1
57ac193bb8003ba9662d35824828082de352d6302c089ceead08dc8ec645d86e,MITDB_P212,212,1520000000,0,20260927,0,14.302788734436035,0.9999994039535522,35,V2-002-F00-S20260927,a72ac38ce4df2be3a418366a097fbe027ef38d9964f5b1b5705df5f48169be84,MODEL_V1_CV_REFERENCE_V1
57b4403bad02f5ba3080fbace7b3e98c0c5b91761c4c710faee794dd5f91665f,MITDB_P124,124,520000000,0,20260927,0,7.426308631896973,0.999405026435852,35,V2-002-F00-S20260927,a72ac38ce4df2be3a418366a097fbe027ef38d9964f5b1b5705df5f48169be84,MODEL_V1_CV_REFERENCE_V1
58178a8cd86c9c0dc339be9f033cbd28be4cc64f6eac149550cb849648c70c43,MITDB_P105,105,1720000000,0,20260927,1,5.357816696166992,0.9953109622001648,35,V2-002-F00-S20260927,a72ac38ce4df2be3a418366a097fbe027ef38d9964f5b1b5705df5f48169be84,MODEL_V1_CV_REFERENCE_V1
583177ac1eed46e78447b65af31ca3521f6f854fed1ea12be45492ea0468d572,MITDB_P203,203,655000000,0,20260927,1,18.708864212036133,1.0,35,V2-002-F00-S20260927,a72ac38ce4df2be3a418366a097fbe027ef38d9964f5b1b5705df5f48169be84,MODEL_V1_CV_REFERENCE_V1
585b1b467c5eeef2d8211580274be220b51abed6341932ee97e76cec708c5a9a,MITDB_P105,105,820000000,0,20260927,0,-0.35436874628067017,0.4123234152793884,35,V2-002-F00-S20260927,a72ac38ce4df2be3a418366a097fbe027ef38d9964f5b1b5705df5f48169be84,MODEL_V1_CV_REFERENCE_V1
58655336055ab7a851ae07cb6c8992637733e8ca30f8ec06147266a7760b9c19,MITDB_P124,124,1310000000,0,20260927,0,6.6512651443481445,0.9987093210220337,35,V2-002-F00-S20260927,a72ac38ce4df2be3a418366a097fbe027ef38d9964f5b1b5705df5f48169be84,MODEL_V1_CV_REFERENCE_V1
586faadbb6fa2cebf7aa34492c7e65fdf5965aef79437d669c01e89a58f4386c,MITDB_P209,209,435000000,0,20260927,1,8.023351669311523,0.9996724128723145,35,V2-002-F00-S20260927,a72ac38ce4df2be3a418366a097fbe027ef38d9964f5b1b5705df5f48169be84,MODEL_V1_CV_REFERENCE_V1
5876005f2703eff013cb962e9876b9cacb57209dc1161fd0f6ff92929b30dbc0,MITDB_P212,212,330000000,0,20260927,0,-0.028787313029170036,0.4928036332130432,35,V2-002-F00-S20260927,a72ac38ce4df2be3a418366a097fbe027ef38d9964f5b1b5705df5f48169be84,MODEL_V1_CV_REFERENCE_V1
589021bdd225bc304163c52f8bdbd18588d860fb2ce28aa9f06530c1c3dd80a9,MITDB_P203,203,190000000,0,20260927,0,10.701475143432617,0.9999774694442749,35,V2-002-F00-S20260927,a72ac38ce4df2be3a418366a097fbe027ef38d9964f5b1b5705df5f48169be84,MODEL_V1_CV_REFERENCE_V1
58b56aee121f59a5025d5a2694a0414b4b2d203f062c1937146c540ca1ac8407,MITDB_P212,212,1800000000,0,20260927,0,-0.2960212230682373,0.4265304207801819,35,V2-002-F00-S20260927,a72ac38ce4df2be3a418366a097fbe027ef38d9964f5b1b5705df5f48169be84,MODEL_V1_CV_REFERENCE_V1
58b93061ee9432a79fc711fdb7a76edb752f4ea912d0b5e633a46080e8e4320e,MITDB_P212,212,155000000,0,20260927,0,9.540404319763184,0.9999281167984009,35,V2-002-F00-S20260927,a72ac38ce4df2be3a418366a097fbe027ef38d9964f5b1b5705df5f48169be84,MODEL_V1_CV_REFERENCE_V1
58d1fa2e4d5c9a3d360ea84263b2847d4afefbe9acd23077f815db33c706bee9,MITDB_P203,203,585000000,0,20260927,1,12.12575912475586,0.9999946355819702,35,V2-002-F00-S20260927,a72ac38ce4df2be3a418366a097fbe027ef38d9964f5b1b5705df5f48169be84,MODEL_V1_CV_REFERENCE_V1
58db072185c596a7543620046fdc74ca0fc3abfd95b8d3fdb488e2391cfbd9e7,MITDB_P124,124,455000000,0,20260927,1,5.725955963134766,0.9967503547668457,35,V2-002-F00-S20260927,a72ac38ce4df2be3a418366a097fbe027ef38d9964f5b1b5705df5f48169be84,MODEL_V1_CV_REFERENCE_V1
58dcc0c23515c743ea3d2fab03033bd21a13491c3e5729422f1c51ebd498396f,MITDB_P105,105,425000000,0,20260927,0,2.3321516513824463,0.9115050435066223,35,V2-002-F00-S20260927,a72ac38ce4df2be3a418366a097fbe027ef38d9964f5b1b5705df5f48169be84,MODEL_V1_CV_REFERENCE_V1
58e0ad72ecf0a0b6de8e5711ee2b8227a5b9135368dd9c750c24ea1a72e2ad85,MITDB_P124,124,900000000,0,20260927,0,6.320259094238281,0.9982037544250488,35,V2-002-F00-S20260927,a72ac38ce4df2be3a418366a097fbe027ef38d9964f5b1b5705df5f48169be84,MODEL_V1_CV_REFERENCE_V1
591db84282a57980f3e9c5cf2e117c450ab1bf05264290ea344956c21d3d004c,MITDB_P124,124,385000000,0,20260927,0,9.405710220336914,0.99991774559021,35,V2-002-F00-S20260927,a72ac38ce4df2be3a418366a097fbe027ef38d9964f5b1b5705df5f48169be84,MODEL_V1_CV_REFERENCE_V1
592e497d77c78b882ddf45a3215f89e17a9c13d0d89868f9d5af34cfc3c8d72e,MITDB_P209,209,290000000,0,20260927,0,13.93857479095459,0.9999991655349731,35,V2-002-F00-S20260927,a72ac38ce4df2be3a418366a097fbe027ef38d9964f5b1b5705df5f48169be84,MODEL_V1_CV_REFERENCE_V1
596c8a9903275d7b90211cc01b2eab12e854249334fbc097de03256c9a7e0317,MITDB_P124,124,1425000000,0,20260927,0,6.195252418518066,0.9979650974273682,35,V2-002-F00-S20260927,a72ac38ce4df2be3a418366a097fbe027ef38d9964f5b1b5705df5f48169be84,MODEL_V1_CV_REFERENCE_V1
5976d3a68ecb92398ee621c5bafccba6c324586eed5a3c765fb818e4770fbb94,MITDB_P222,222,1650000000,0,20260927,0,5.566272735595703,0.9961898326873779,35,V2-002-F00-S20260927,a72ac38ce4df2be3a418366a097fbe027ef38d9964f5b1b5705df5f48169be84,MODEL_V1_CV_REFERENCE_V1
5981fad055cf1dc210ceecce9cc1199e94fa7a7af8373cdc8690f5dc92d88d28,MITDB_P212,212,940000000,0,20260927,0,14.114892959594727,0.9999992847442627,35,V2-002-F00-S20260927,a72ac38ce4df2be3a418366a097fbe027ef38d9964f5b1b5705df5f48169be84,MODEL_V1_CV_REFERENCE_V1
599dbb5046e1ee6c101de0803579794b59bf0bafe9a0c27e45ca762bcde7e841,MITDB_P124,124,40000000,0,20260927,0,6.620499134063721,0.9986690282821655,35,V2-002-F00-S20260927,a72ac38ce4df2be3a418366a097fbe027ef38d9964f5b1b5705df5f48169be84,MODEL_V1_CV_REFERENCE_V1
59a363dd93908eae4c5e5b7c2b0c762153ac5df6cd89a6d2688bd3482eb5074e,MITDB_P203,203,1385000000,0,20260927,0,8.65562629699707,0.9998258948326111,35,V2-002-F00-S20260927,a72ac38ce4df2be3a418366a097fbe027ef38d9964f5b1b5705df5f48169be84,MODEL_V1_CV_REFERENCE_V1
59e61a130fa7a0ce9c67dd8a4c58e517da7e27c051539ad7bffbdcdb3f2866c2,MITDB_P124,124,1215000000,0,20260927,0,7.810158729553223,0.9995946288108826,35,V2-002-F00-S20260927,a72ac38ce4df2be3a418366a097fbe027ef38d9964f5b1b5705df5f48169be84,MODEL_V1_CV_REFERENCE_V1
59f1be02552e0213646ad2ed0442fd4a6704064b3ccfa786cb60ada334615138,MITDB_P203,203,1675000000,0,20260927,1,16.073644638061523,0.9999998807907104,35,V2-002-F00-S20260927,a72ac38ce4df2be3a418366a097fbe027ef38d9964f5b1b5705df5f48169be84,MODEL_V1_CV_REFERENCE_V1
59f50c2556c82e21cdb8da3d834c81e62114ebaaca38c05e361e338a6e8c39c2,MITDB_P209,209,900000000,0,20260927,0,4.945652484893799,0.9929359555244446,35,V2-002-F00-S20260927,a72ac38ce4df2be3a418366a097fbe027ef38d9964f5b1b5705df5f48169be84,MODEL_V1_CV_REFERENCE_V1
5a3683a370adde37d6960fd4539b24c1035e2456e6b734e477be161f67153599,MITDB_P212,212,615000000,0,20260927,0,11.393234252929688,0.9999886751174927,35,V2-002-F00-S20260927,a72ac38ce4df2be3a418366a097fbe027ef38d9964f5b1b5705df5f48169be84,MODEL_V1_CV_REFERENCE_V1
5a3ab457a6a67338c3b9766b7499b79b6922b8cc6594469a011763aae27badc7,MITDB_P212,212,1425000000,0,20260927,0,17.033687591552734,1.0,35,V2-002-F00-S20260927,a72ac38ce4df2be3a418366a097fbe027ef38d9964f5b1b5705df5f48169be84,MODEL_V1_CV_REFERENCE_V1
5a4a568f007196bbb78029b1ed8134274b611f7724c5c2a062425a3f06601669,MITDB_P212,212,1265000000,0,20260927,0,15.985946655273438,0.9999998807907104,35,V2-002-F00-S20260927,a72ac38ce4df2be3a418366a097fbe027ef38d9964f5b1b5705df5f48169be84,MODEL_V1_CV_REFERENCE_V1
5a80be279b264bfa9ae24d757f98d6570c4a553c66bb8c5240fe87932dfadc37,MITDB_P209,209,230000000,0,20260927,0,9.826644897460938,0.9999459981918335,35,V2-002-F00-S20260927,a72ac38ce4df2be3a418366a097fbe027ef38d9964f5b1b5705df5f48169be84,MODEL_V1_CV_REFERENCE_V1
5a9bd6552a7c0258a186b281cbc5f1361d00cad92cfffc4267890aa845721d29,MITDB_P209,209,1790000000,0,20260927,0,7.6563615798950195,0.9995272159576416,35,V2-002-F00-S20260927,a72ac38ce4df2be3a418366a097fbe027ef38d9964f5b1b5705df5f48169be84,MODEL_V1_CV_REFERENCE_V1
5ac63449b5916bd7f0a2c8ef7fbdf52450cf31c4dabc91652f5bf156dcab3256,MITDB_P212,212,55000000,0,20260927,0,20.618623733520508,1.0,35,V2-002-F00-S20260927,a72ac38ce4df2be3a418366a097fbe027ef38d9964f5b1b5705df5f48169be84,MODEL_V1_CV_REFERENCE_V1
5acadab77e4f1178834b1fa5d2a0583f79dab50be05156bc61fcffdaae10f172,MITDB_P203,203,670000000,0,20260927,1,11.568817138671875,0.9999905824661255,35,V2-002-F00-S20260927,a72ac38ce4df2be3a418366a097fbe027ef38d9964f5b1b5705df5f48169be84,MODEL_V1_CV_REFERENCE_V1
5afc00611c052a60248b39450985479a7eea4472b4cfcac8e7d72dbd67e38c6a,MITDB_P222,222,1490000000,0,20260927,1,5.4197869300842285,0.995591402053833,35,V2-002-F00-S20260927,a72ac38ce4df2be3a418366a097fbe027ef38d9964f5b1b5705df5f48169be84,MODEL_V1_CV_REFERENCE_V1
5b2d0e6616b9efdc9fcd30514c8669e4dea03ecde9af1a12b85f4e61a3ecd85e,MITDB_P222,222,280000000,0,20260927,0,12.745979309082031,0.9999971389770508,35,V2-002-F00-S20260927,a72ac38ce4df2be3a418366a097fbe027ef38d9964f5b1b5705df5f48169be84,MODEL_V1_CV_REFERENCE_V1
5b8d0ffb67441e0ad03404d5dc6111aa6aeb5b25f44048b6d14be70674a08bb2,MITDB_P209,209,390000000,0,20260927,1,7.133150100708008,0.9992024302482605,35,V2-002-F00-S20260927,a72ac38ce4df2be3a418366a097fbe027ef38d9964f5b1b5705df5f48169be84,MODEL_V1_CV_REFERENCE_V1
5b8db04c70d2da9a92702765faf2206505a0ece29259160753ae8ec216ffba9b,MITDB_P203,203,340000000,0,20260927,0,12.463494300842285,0.9999961853027344,35,V2-002-F00-S20260927,a72ac38ce4df2be3a418366a097fbe027ef38d9964f5b1b5705df5f48169be84,MODEL_V1_CV_REFERENCE_V1
5ba40811aac73246611c96881894abafab0455f0c196d607c95931f7f5a130b7,MITDB_P212,212,570000000,0,20260927,0,9.355640411376953,0.9999135732650757,35,V2-002-F00-S20260927,a72ac38ce4df2be3a418366a097fbe027ef38d9964f5b1b5705df5f48169be84,MODEL_V1_CV_REFERENCE_V1
5bb404253836d9b2c410b9b014e9736560dbee8b8518a98146ba54d74e119b33,MITDB_P203,203,315000000,0,20260927,1,19.18520164489746,1.0,35,V2-002-F00-S20260927,a72ac38ce4df2be3a418366a097fbe027ef38d9964f5b1b5705df5f48169be84,MODEL_V1_CV_REFERENCE_V1
5bcbc0a7dd0d59ca8e1bdebfc69e151ac3c327beda785ac5fb7da1e0928a28b6,MITDB_P209,209,550000000,0,20260927,0,8.1304349899292,0.9997056126594543,35,V2-002-F00-S20260927,a72ac38ce4df2be3a418366a097fbe027ef38d9964f5b1b5705df5f48169be84,MODEL_V1_CV_REFERENCE_V1
5bf738e93826b765168969857ff385651e2110c76374bbb5bea5e4e2a75f0202,MITDB_P212,212,1770000000,0,20260927,0,16.135061264038086,0.9999998807907104,35,V2-002-F00-S20260927,a72ac38ce4df2be3a418366a097fbe027ef38d9964f5b1b5705df5f48169be84,MODEL_V1_CV_REFERENCE_V1
5c1b5166907d8b25ae42374b86be344a805bcdb859319c8590e09132e0a34e14,MITDB_P124,124,1775000000,0,20260927,0,5.185635566711426,0.9944347739219666,35,V2-002-F00-S20260927,a72ac38ce4df2be3a418366a097fbe027ef38d9964f5b1b5705df5f48169be84,MODEL_V1_CV_REFERENCE_V1
5c36c37dcdeb337e151ff21b8cc39f99eaa6bf9f946a0f572b94628c983160fe,MITDB_P203,203,850000000,0,20260927,1,15.918071746826172,0.9999998807907104,35,V2-002-F00-S20260927,a72ac38ce4df2be3a418366a097fbe027ef38d9964f5b1b5705df5f48169be84,MODEL_V1_CV_REFERENCE_V1
5c434e07bf9c0070f02bde51ad839ff5bbb270f90f4a1ce2f607a21b868a20ee,MITDB_P222,222,1100000000,0,20260927,0,31.736263275146484,1.0,35,V2-002-F00-S20260927,a72ac38ce4df2be3a418366a097fbe027ef38d9964f5b1b5705df5f48169be84,MODEL_V1_CV_REFERENCE_V1
5c53fdb128e480746e4ad177dc5be897ea24dfff82d4185fba0978b6747973cf,MITDB_P124,124,1800000000,0,20260927,0,6.737743377685547,0.9988161325454712,35,V2-002-F00-S20260927,a72ac38ce4df2be3a418366a097fbe027ef38d9964f5b1b5705df5f48169be84,MODEL_V1_CV_REFERENCE_V1
5ccae0aac63e60bc4c977dc2d9e1dcc28635f8a123ad64a7a628e18688e4a6aa,MITDB_P203,203,1375000000,0,20260927,0,8.756514549255371,0.9998425245285034,35,V2-002-F00-S20260927,a72ac38ce4df2be3a418366a097fbe027ef38d9964f5b1b5705df5f48169be84,MODEL_V1_CV_REFERENCE_V1
5cf017d64198aa0abf7e7b79e07697659c0974c9de6e797d7924bd3578c5a3bb,MITDB_P209,209,210000000,0,20260927,0,6.50716495513916,0.9985094666481018,35,V2-002-F00-S20260927,a72ac38ce4df2be3a418366a097fbe027ef38d9964f5b1b5705df5f48169be84,MODEL_V1_CV_REFERENCE_V1
5cf7c9d0358773c2c2bd4d9e2fa30d7fa9f0099efb84f161ca48fa8c82783af2,MITDB_P105,105,1285000000,0,20260927,0,2.1640048027038574,0.8969702124595642,35,V2-002-F00-S20260927,a72ac38ce4df2be3a418366a097fbe027ef38d9964f5b1b5705df5f48169be84,MODEL_V1_CV_REFERENCE_V1
5cfac54b15de54558ac3ef795b883996aebc4ad3329a68d0eaeb52ba6f627d68,MITDB_P124,124,1035000000,0,20260927,0,7.915622711181641,0.9996351003646851,35,V2-002-F00-S20260927,a72ac38ce4df2be3a418366a097fbe027ef38d9964f5b1b5705df5f48169be84,MODEL_V1_CV_REFERENCE_V1
5d227867671dab9e8344b68d99b006b75cada8ae865ebe01071c765dadbbc174,MITDB_P105,105,1545000000,0,20260927,0,0.4352272152900696,0.6071211695671082,35,V2-002-F00-S20260927,a72ac38ce4df2be3a418366a097fbe027ef38d9964f5b1b5705df5f48169be84,MODEL_V1_CV_REFERENCE_V1
5d233b33663002d40cb1fee6b363c8ac2a88d784a83708e558908c8d9e1a76a3,MITDB_P222,222,1550000000,0,20260927,0,7.39672327041626,0.9993871450424194,35,V2-002-F00-S20260927,a72ac38ce4df2be3a418366a097fbe027ef38d9964f5b1b5705df5f48169be84,MODEL_V1_CV_REFERENCE_V1
5d24b52b42c5cf1bebd02133ea8535f44b0da70fbde81da00d913a2d9380df19,MITDB_P203,203,1180000000,0,20260927,1,11.480560302734375,0.9999896287918091,35,V2-002-F00-S20260927,a72ac38ce4df2be3a418366a097fbe027ef38d9964f5b1b5705df5f48169be84,MODEL_V1_CV_REFERENCE_V1
5d3a49bb497d4bc8a96d3b6a693ae5dd2df312ed380e153161cbaec5cabbbd13,MITDB_P105,105,800000000,0,20260927,0,-0.3632075786590576,0.410183310508728,35,V2-002-F00-S20260927,a72ac38ce4df2be3a418366a097fbe027ef38d9964f5b1b5705df5f48169be84,MODEL_V1_CV_REFERENCE_V1
5d785d3231f01da1ab3ca50a25657977691b74f139dd37d65378c761b3b1eef5,MITDB_P105,105,75000000,0,20260927,1,2.2025392055511475,0.9004772901535034,35,V2-002-F00-S20260927,a72ac38ce4df2be3a418366a097fbe027ef38d9964f5b1b5705df5f48169be84,MODEL_V1_CV_REFERENCE_V1
5d8c32289c814420c2e585e5943b3323a7ebe573ae50e6860ca2153ed9429fa7,MITDB_P124,124,1340000000,0,20260927,0,6.970247268676758,0.9990615248680115,35,V2-002-F00-S20260927,a72ac38ce4df2be3a418366a097fbe027ef38d9964f5b1b5705df5f48169be84,MODEL_V1_CV_REFERENCE_V1
5d9e67e3e8ae6d50e70b36e77ac0113c526672c1513ad95116e2635b67bcd843,MITDB_P209,209,1710000000,0,20260927,1,8.892728805541992,0.9998626708984375,35,V2-002-F00-S20260927,a72ac38ce4df2be3a418366a097fbe027ef38d9964f5b1b5705df5f48169be84,MODEL_V1_CV_REFERENCE_V1
5da8402a35e4da42806a435e33f5c77441ec4bb28d2c60d22d6d925de43c8bdd,MITDB_P222,222,195000000,0,20260927,0,16.287687301635742,0.9999998807907104,35,V2-002-F00-S20260927,a72ac38ce4df2be3a418366a097fbe027ef38d9964f5b1b5705df5f48169be84,MODEL_V1_CV_REFERENCE_V1
5db34d78034c289aa5d98b301ed6ae6f25e65313e43a520768757b7d84f0bf58,MITDB_P222,222,1525000000,0,20260927,0,24.984663009643555,1.0,35,V2-002-F00-S20260927,a72ac38ce4df2be3a418366a097fbe027ef38d9964f5b1b5705df5f48169be84,MODEL_V1_CV_REFERENCE_V1
5dba95d2ef22e893679928437cdd04e5ce36afc6ddc77a073b2babcfc9766f6a,MITDB_P222,222,1600000000,0,20260927,1,7.3036417961120605,0.9993274211883545,35,V2-002-F00-S20260927,a72ac38ce4df2be3a418366a097fbe027ef38d9964f5b1b5705df5f48169be84,MODEL_V1_CV_REFERENCE_V1
5de001686acad7b5265f2e0c8a0bc251d10fb1f427898d48f0c86dfe12dbb8d3,MITDB_P209,209,990000000,0,20260927,1,3.3211865425109863,0.9651485681533813,35,V2-002-F00-S20260927,a72ac38ce4df2be3a418366a097fbe027ef38d9964f5b1b5705df5f48169be84,MODEL_V1_CV_REFERENCE_V1
5de8188fdccf51061ec27183402abfe0eba3350c7b2dbc472f48ed88cdf3d156,MITDB_P105,105,1620000000,0,20260927,1,5.4564008712768555,0.9957492351531982,35,V2-002-F00-S20260927,a72ac38ce4df2be3a418366a097fbe027ef38d9964f5b1b5705df5f48169be84,MODEL_V1_CV_REFERENCE_V1
5dfedc643e878999a773ab9ef5a1048bd6a755c123716e20b63052a117e3bf29,MITDB_P105,105,135000000,0,20260927,1,2.0273263454437256,0.8836364150047302,35,V2-002-F00-S20260927,a72ac38ce4df2be3a418366a097fbe027ef38d9964f5b1b5705df5f48169be84,MODEL_V1_CV_REFERENCE_V1
5e29a3a1d2bfdbdf8175e0f2ad994c84731dc180b0c2ab216313d6a7da365738,MITDB_P124,124,770000000,0,20260927,0,5.511256694793701,0.9959751963615417,35,V2-002-F00-S20260927,a72ac38ce4df2be3a418366a097fbe027ef38d9964f5b1b5705df5f48169be84,MODEL_V1_CV_REFERENCE_V1
5e2bbf38a4f0bb2a15094ea11fa8afb2b255f7207e4e1bc5f9c72216c0f88623,MITDB_P209,209,1415000000,0,20260927,1,12.222615242004395,0.9999951124191284,35,V2-002-F00-S20260927,a72ac38ce4df2be3a418366a097fbe027ef38d9964f5b1b5705df5f48169be84,MODEL_V1_CV_REFERENCE_V1
5e9df64e294e67001c7a7da64abe216391c19e6a72adbfbd36920f8e60783016,MITDB_P212,212,170000000,0,20260927,0,22.020774841308594,1.0,35,V2-002-F00-S20260927,a72ac38ce4df2be3a418366a097fbe027ef38d9964f5b1b5705df5f48169be84,MODEL_V1_CV_REFERENCE_V1
5ebfd12b0f8c37874984e58db6c5b5ca8959443696f61984ab94bee00caabc39,MITDB_P203,203,1235000000,0,20260927,1,15.811521530151367,0.9999998807907104,35,V2-002-F00-S20260927,a72ac38ce4df2be3a418366a097fbe027ef38d9964f5b1b5705df5f48169be84,MODEL_V1_CV_REFERENCE_V1
5ecaa80def81c7a845a71853d749bdb6ca5899312b073b083adbd99f762e3a7a,MITDB_P124,124,400000000,0,20260927,0,4.869689464569092,0.9923827052116394,35,V2-002-F00-S20260927,a72ac38ce4df2be3a418366a097fbe027ef38d9964f5b1b5705df5f48169be84,MODEL_V1_CV_REFERENCE_V1
5f056e0f65867fe55b6c0238f1d73aa725bb20300a492d28131c2a7234ebcb7c,MITDB_P222,222,1385000000,0,20260927,1,1.7092845439910889,0.8467434644699097,35,V2-002-F00-S20260927,a72ac38ce4df2be3a418366a097fbe027ef38d9964f5b1b5705df5f48169be84,MODEL_V1_CV_REFERENCE_V1
5f261b6447bd92afcb957760472fbe03ac68a00e12deeab20285e800233561bf,MITDB_P105,105,590000000,0,20260927,0,2.4860992431640625,0.923161506652832,35,V2-002-F00-S20260927,a72ac38ce4df2be3a418366a097fbe027ef38d9964f5b1b5705df5f48169be84,MODEL_V1_CV_REFERENCE_V1
5f7acec70a33d72feefb9f35549c0c7b6356f8ab1829e4c58d83d4220af87395,MITDB_P105,105,1400000000,0,20260927,0,5.831996917724609,0.9970763921737671,35,V2-002-F00-S20260927,a72ac38ce4df2be3a418366a097fbe027ef38d9964f5b1b5705df5f48169be84,MODEL_V1_CV_REFERENCE_V1
5f7fa6cc8c87369ccafe916c227c11d8f8fee39c4c37603a82749bb65050cafd,MITDB_P209,209,65000000,0,20260927,0,10.723921775817871,0.9999779462814331,35,V2-002-F00-S20260927,a72ac38ce4df2be3a418366a097fbe027ef38d9964f5b1b5705df5f48169be84,MODEL_V1_CV_REFERENCE_V1
5f98093dfbfef1c222032167dfb57ab0a6b5e2a42584d68a8cf0499e17f3f7ac,MITDB_P105,105,40000000,0,20260927,1,2.7910592555999756,0.9421907663345337,35,V2-002-F00-S20260927,a72ac38ce4df2be3a418366a097fbe027ef38d9964f5b1b5705df5f48169be84,MODEL_V1_CV_REFERENCE_V1
5f9a5af44417f1657dd444edb9a89c9efa325bc9ea11e52317c983f1453e4be6,MITDB_P212,212,920000000,0,20260927,0,11.470795631408691,0.9999896287918091,35,V2-002-F00-S20260927,a72ac38ce4df2be3a418366a097fbe027ef38d9964f5b1b5705df5f48169be84,MODEL_V1_CV_REFERENCE_V1
5fa31df0e81a43c40046e39de7574565b5663894a5f0ee583f87405bcc110fe5,MITDB_P124,124,1270000000,0,20260927,0,5.547489166259766,0.9961179494857788,35,V2-002-F00-S20260927,a72ac38ce4df2be3a418366a097fbe027ef38d9964f5b1b5705df5f48169be84,MODEL_V1_CV_REFERENCE_V1
5fb01fc8f02f0d4139d8f18e417da55e58bb9ca58643e4ff8ecebfc616cc67df,MITDB_P209,209,575000000,0,20260927,1,3.4160373210906982,0.9682020545005798,35,V2-002-F00-S20260927,a72ac38ce4df2be3a418366a097fbe027ef38d9964f5b1b5705df5f48169be84,MODEL_V1_CV_REFERENCE_V1
5fd57d4a9216c89c7229e149400d29943aa6dd5ac264045f91062ffb4e95ca44,MITDB_P124,124,1300000000,0,20260927,0,6.195026874542236,0.99796462059021,35,V2-002-F00-S20260927,a72ac38ce4df2be3a418366a097fbe027ef38d9964f5b1b5705df5f48169be84,MODEL_V1_CV_REFERENCE_V1
5fe1afb9f7bf4102e0bdf5883940b5f813f0630f0854745efb46cd4345c53496,MITDB_P203,203,860000000,0,20260927,1,12.579005241394043,0.999996542930603,35,V2-002-F00-S20260927,a72ac38ce4df2be3a418366a097fbe027ef38d9964f5b1b5705df5f48169be84,MODEL_V1_CV_REFERENCE_V1
5feea1f855e142acd03c9cb9566a6eec0e557487e1ad7b877ff7ec8789e2c765,MITDB_P105,105,705000000,0,20260927,0,2.884209156036377,0.947060227394104,35,V2-002-F00-S20260927,a72ac38ce4df2be3a418366a097fbe027ef38d9964f5b1b5705df5f48169be84,MODEL_V1_CV_REFERENCE_V1
6014e9747f07525c373e09b27c74f539e96c61eebd4db1473d7b318312652951,MITDB_P209,209,755000000,0,20260927,1,4.271588325500488,0.9862325191497803,35,V2-002-F00-S20260927,a72ac38ce4df2be3a418366a097fbe027ef38d9964f5b1b5705df5f48169be84,MODEL_V1_CV_REFERENCE_V1
601769cb125ff118a97c5b5a5f7729c8f33331489fecacd83c4acece02c59daf,MITDB_P209,209,1475000000,0,20260927,0,8.513750076293945,0.9997993111610413,35,V2-002-F00-S20260927,a72ac38ce4df2be3a418366a097fbe027ef38d9964f5b1b5705df5f48169be84,MODEL_V1_CV_REFERENCE_V1
60586dc8cf3e1350a66213ec4745ca1c32616bdfb60cae42a90703c6c02b263c,MITDB_P203,203,950000000,0,20260927,1,19.77641487121582,1.0,35,V2-002-F00-S20260927,a72ac38ce4df2be3a418366a097fbe027ef38d9964f5b1b5705df5f48169be84,MODEL_V1_CV_REFERENCE_V1
6061812c42cc5a01f61809d2d70cf755b0aea496e231aef6b88cda697568b2ec,MITDB_P209,209,45000000,0,20260927,0,7.287677764892578,0.9993165731430054,35,V2-002-F00-S20260927,a72ac38ce4df2be3a418366a097fbe027ef38d9964f5b1b5705df5f48169be84,MODEL_V1_CV_REFERENCE_V1
60737031f302bfd50577ea958606cd95ad97f9e16a1f127c1fce6ecc1cbe5003,MITDB_P124,124,75000000,0,20260927,0,5.507302284240723,0.9959593415260315,35,V2-002-F00-S20260927,a72ac38ce4df2be3a418366a097fbe027ef38d9964f5b1b5705df5f48169be84,MODEL_V1_CV_REFERENCE_V1
60e27e81ff932f2261f6b295d5c8f52011d267973994fb40fd40deb7fa9153c8,MITDB_P222,222,600000000,0,20260927,0,24.594348907470703,1.0,35,V2-002-F00-S20260927,a72ac38ce4df2be3a418366a097fbe027ef38d9964f5b1b5705df5f48169be84,MODEL_V1_CV_REFERENCE_V1
60f0b883a1415e6f14b33703628c29e11d22f160e48c861b6a3c2403218f88f4,MITDB_P105,105,695000000,0,20260927,0,1.630027174949646,0.8361733555793762,35,V2-002-F00-S20260927,a72ac38ce4df2be3a418366a097fbe027ef38d9964f5b1b5705df5f48169be84,MODEL_V1_CV_REFERENCE_V1
60f2b3355ab47627c5c096cc67144d29bfe8e03ffb29d48881dc92b65f307a8b,MITDB_P124,124,1450000000,0,20260927,0,8.000261306762695,0.9996647834777832,35,V2-002-F00-S20260927,a72ac38ce4df2be3a418366a097fbe027ef38d9964f5b1b5705df5f48169be84,MODEL_V1_CV_REFERENCE_V1
60fc1b6c90fd7483bf0d8b3ef85ae67146583e313328d2ba0a2ffa11b289f67a,MITDB_P209,209,975000000,0,20260927,1,1.8545712232589722,0.8646629452705383,35,V2-002-F00-S20260927,a72ac38ce4df2be3a418366a097fbe027ef38d9964f5b1b5705df5f48169be84,MODEL_V1_CV_REFERENCE_V1
61295e2722e0f1c632439da5b8529205807d83b70cfeebfb9e31f470513d0c86,MITDB_P105,105,85000000,0,20260927,0,1.8733007907867432,0.8668397665023804,35,V2-002-F00-S20260927,a72ac38ce4df2be3a418366a097fbe027ef38d9964f5b1b5705df5f48169be84,MODEL_V1_CV_REFERENCE_V1
613d590989cf69c56cdae8215140b060df8fd011ebf5bbd847b0d396cfa8b783,MITDB_P222,222,1350000000,0,20260927,1,7.345511436462402,0.999354898929596,35,V2-002-F00-S20260927,a72ac38ce4df2be3a418366a097fbe027ef38d9964f5b1b5705df5f48169be84,MODEL_V1_CV_REFERENCE_V1
613e24776ae9f17642d338399d71a3cdb3d82900e2d0055b652f86fe00cee19b,MITDB_P124,124,875000000,0,20260927,0,5.401603698730469,0.9955109357833862,35,V2-002-F00-S20260927,a72ac38ce4df2be3a418366a097fbe027ef38d9964f5b1b5705df5f48169be84,MODEL_V1_CV_REFERENCE_V1
615818ed59a238a12e23b292150ecd051a57a9604302f77ef3684e4c895754e7,MITDB_P222,222,1735000000,0,20260927,0,11.327680587768555,0.9999879598617554,35,V2-002-F00-S20260927,a72ac38ce4df2be3a418366a097fbe027ef38d9964f5b1b5705df5f48169be84,MODEL_V1_CV_REFERENCE_V1
6166a5f48b401a81055276ad8c06d217761584a2b042227d1a25ac6c20e9b9b4,MITDB_P222,222,650000000,0,20260927,0,8.597763061523438,0.9998155236244202,35,V2-002-F00-S20260927,a72ac38ce4df2be3a418366a097fbe027ef38d9964f5b1b5705df5f48169be84,MODEL_V1_CV_REFERENCE_V1
617e483df7706f8ca9b2a29482d08bd646d8f70f6aae8f023021700489742f23,MITDB_P212,212,1410000000,0,20260927,0,14.201099395751953,0.9999992847442627,35,V2-002-F00-S20260927,a72ac38ce4df2be3a418366a097fbe027ef38d9964f5b1b5705df5f48169be84,MODEL_V1_CV_REFERENCE_V1
6181281666ca0ca46938ccba386bde6e6fc47dd32ca1c16a359e8110060498bf,MITDB_P124,124,1710000000,0,20260927,0,3.570333480834961,0.9726240038871765,35,V2-002-F00-S20260927,a72ac38ce4df2be3a418366a097fbe027ef38d9964f5b1b5705df5f48169be84,MODEL_V1_CV_REFERENCE_V1
6186207236eb609c0262dc82e5c2e55aea4a54e1e96cab5a7dc88e7ca420ac7a,MITDB_P203,203,1080000000,0,20260927,1,17.12496566772461,1.0,35,V2-002-F00-S20260927,a72ac38ce4df2be3a418366a097fbe027ef38d9964f5b1b5705df5f48169be84,MODEL_V1_CV_REFERENCE_V1
61a8e9da08363554f920634945628b8fdb17039ebe491d16eafa038fa8be35a1,MITDB_P105,105,35000000,0,20260927,0,1.8623321056365967,0.8655685186386108,35,V2-002-F00-S20260927,a72ac38ce4df2be3a418366a097fbe027ef38d9964f5b1b5705df5f48169be84,MODEL_V1_CV_REFERENCE_V1
61b3348a994f70efb4c3767fe771a7a1c69d9d36c64bd9dfb95970fc58ffbdd5,MITDB_P212,212,1640000000,0,20260927,0,-0.19142550230026245,0.4522892236709595,35,V2-002-F00-S20260927,a72ac38ce4df2be3a418366a097fbe027ef38d9964f5b1b5705df5f48169be84,MODEL_V1_CV_REFERENCE_V1
61e25e42ed0e09c8afcb264d3c59645993a3b74f029f40d392c56292f9d1c250,MITDB_P222,222,1310000000,0,20260927,1,7.850536346435547,0.9996106028556824,35,V2-002-F00-S20260927,a72ac38ce4df2be3a418366a097fbe027ef38d9964f5b1b5705df5f48169be84,MODEL_V1_CV_REFERENCE_V1
626418d47236868ec2d125fb1e744bfcca1def765be2ea1bbc615e6c45f2cf6f,MITDB_P105,105,840000000,0,20260927,0,-0.8228942155838013,0.305149644613266,35,V2-002-F00-S20260927,a72ac38ce4df2be3a418366a097fbe027ef38d9964f5b1b5705df5f48169be84,MODEL_V1_CV_REFERENCE_V1
626e3bd97a67da89af43ea58e7d937459c205d1ecbafa8366f3e8d0e65149d79,MITDB_P124,124,855000000,0,20260927,0,6.005878925323486,0.9975419044494629,35,V2-002-F00-S20260927,a72ac38ce4df2be3a418366a097fbe027ef38d9964f5b1b5705df5f48169be84,MODEL_V1_CV_REFERENCE_V1
627f1f16a329176dd07ee38c2c46c8afcad71d2938e68ba7084cfdebe07be411,MITDB_P209,209,1055000000,0,20260927,1,8.097738265991211,0.999695897102356,35,V2-002-F00-S20260927,a72ac38ce4df2be3a418366a097fbe027ef38d9964f5b1b5705df5f48169be84,MODEL_V1_CV_REFERENCE_V1
6280c9372325c6cb03fc39b147e8c1cb323c883908e0d64afbe2553121db9a13,MITDB_P105,105,400000000,0,20260927,0,2.5462863445281982,0.9273236989974976,35,V2-002-F00-S20260927,a72ac38ce4df2be3a418366a097fbe027ef38d9964f5b1b5705df5f48169be84,MODEL_V1_CV_REFERENCE_V1
628f2b6566cc28502cb2d4d7681798b13fa7dfe86e3e5006a68e70deff38dbba,MITDB_P124,124,115000000,0,20260927,0,7.404430866241455,0.9993917942047119,35,V2-002-F00-S20260927,a72ac38ce4df2be3a418366a097fbe027ef38d9964f5b1b5705df5f48169be84,MODEL_V1_CV_REFERENCE_V1
6292bfe8db21025aa031a72f78828a9d71bf0d120c676ddbaebd42faf7130a72,MITDB_P124,124,740000000,0,20260927,0,4.386603832244873,0.9877099990844727,35,V2-002-F00-S20260927,a72ac38ce4df2be3a418366a097fbe027ef38d9964f5b1b5705df5f48169be84,MODEL_V1_CV_REFERENCE_V1
62af35c23afda3ecdca4c3878d65fe9c33e263ed26da8c0a1da5633900611c3e,MITDB_P203,203,1535000000,0,20260927,1,17.187036514282227,1.0,35,V2-002-F00-S20260927,a72ac38ce4df2be3a418366a097fbe027ef38d9964f5b1b5705df5f48169be84,MODEL_V1_CV_REFERENCE_V1
62cfbf3a2a3ec1c41e396018daa5064be587c16ea314510239892a7d0273c16e,MITDB_P209,209,240000000,0,20260927,0,10.828594207763672,0.9999802112579346,35,V2-002-F00-S20260927,a72ac38ce4df2be3a418366a097fbe027ef38d9964f5b1b5705df5f48169be84,MODEL_V1_CV_REFERENCE_V1
62d622db8b581dff750aaa92d4cb60114f74d7b3ad7480e76964e019b5206a5d,MITDB_P105,105,1580000000,0,20260927,1,1.3633142709732056,0.7962977886199951,35,V2-002-F00-S20260927,a72ac38ce4df2be3a418366a097fbe027ef38d9964f5b1b5705df5f48169be84,MODEL_V1_CV_REFERENCE_V1
62dd397b30f39f4f1ffa6064348084fbbdd3844b87d6baa630d57df5c5241771,MITDB_P203,203,1405000000,0,20260927,0,6.19654655456543,0.9979676604270935,35,V2-002-F00-S20260927,a72ac38ce4df2be3a418366a097fbe027ef38d9964f5b1b5705df5f48169be84,MODEL_V1_CV_REFERENCE_V1
62ef0881ababf0d076442cc9c7ad829a90e69bf056e8c594d8fc9b0203a06cac,MITDB_P212,212,630000000,0,20260927,0,8.620737075805664,0.9998196959495544,35,V2-002-F00-S20260927,a72ac38ce4df2be3a418366a097fbe027ef38d9964f5b1b5705df5f48169be84,MODEL_V1_CV_REFERENCE_V1
63121014afe36993be94f075af309d1fb0cde3ff5d1e9897bccb2bd7eedacd47,MITDB_P212,212,1130000000,0,20260927,0,-0.7152191996574402,0.328446626663208,35,V2-002-F00-S20260927,a72ac38ce4df2be3a418366a097fbe027ef38d9964f5b1b5705df5f48169be84,MODEL_V1_CV_REFERENCE_V1
633b839b72f1b25593aca7b45ab6910da389c7282d3816f6fb5a6fa292a4cd9c,MITDB_P212,212,145000000,0,20260927,0,0.5793390274047852,0.6409152746200562,35,V2-002-F00-S20260927,a72ac38ce4df2be3a418366a097fbe027ef38d9964f5b1b5705df5f48169be84,MODEL_V1_CV_REFERENCE_V1
634ebef59d7ad5bd6dbc15e29c4ca96998578208eac42582d971d8fe516198ff,MITDB_P124,124,1795000000,0,20260927,0,6.014883995056152,0.9975638389587402,35,V2-002-F00-S20260927,a72ac38ce4df2be3a418366a097fbe027ef38d9964f5b1b5705df5f48169be84,MODEL_V1_CV_REFERENCE_V1
63531ad15afab3e42ad09bbd86fca6ca79ba455a1343305ca8354024c6df8fcb,MITDB_P203,203,1660000000,0,20260927,1,15.233701705932617,0.9999997615814209,35,V2-002-F00-S20260927,a72ac38ce4df2be3a418366a097fbe027ef38d9964f5b1b5705df5f48169be84,MODEL_V1_CV_REFERENCE_V1
63588470a55ba281fb09c5ff0641fb9afc8112975d34163568b0e55da52f3264,MITDB_P124,124,265000000,0,20260927,0,7.042224884033203,0.9991266131401062,35,V2-002-F00-S20260927,a72ac38ce4df2be3a418366a097fbe027ef38d9964f5b1b5705df5f48169be84,MODEL_V1_CV_REFERENCE_V1
6374c3fa3c37f18bb925097d42bd6f5516fb32e16990713d04749a9c8183cf3b,MITDB_P203,203,1765000000,0,20260927,0,18.776418685913086,1.0,35,V2-002-F00-S20260927,a72ac38ce4df2be3a418366a097fbe027ef38d9964f5b1b5705df5f48169be84,MODEL_V1_CV_REFERENCE_V1
637c41f2e6905adc32069504c8debb46880b5815488c97e585a2b2fb2e697045,MITDB_P203,203,50000000,0,20260927,1,12.881802558898926,0.9999974966049194,35,V2-002-F00-S20260927,a72ac38ce4df2be3a418366a097fbe027ef38d9964f5b1b5705df5f48169be84,MODEL_V1_CV_REFERENCE_V1
63ab319bce1a479b509fd6588697629a679ccc6ad101991440ea6188099f43ab,MITDB_P124,124,1595000000,0,20260927,0,7.548854827880859,0.9994736313819885,35,V2-002-F00-S20260927,a72ac38ce4df2be3a418366a097fbe027ef38d9964f5b1b5705df5f48169be84,MODEL_V1_CV_REFERENCE_V1
63c0a8f27bf6fe7a18fdf7317c3602d23e25b630036f121579c34dac8d336942,MITDB_P209,209,1230000000,0,20260927,1,5.843086242675781,0.997108519077301,35,V2-002-F00-S20260927,a72ac38ce4df2be3a418366a097fbe027ef38d9964f5b1b5705df5f48169be84,MODEL_V1_CV_REFERENCE_V1
642e24e70773008f2bcbb151b6e8e60ef7dadf84ec61353e11798e7815f320e9,MITDB_P212,212,1180000000,0,20260927,0,21.022403717041016,1.0,35,V2-002-F00-S20260927,a72ac38ce4df2be3a418366a097fbe027ef38d9964f5b1b5705df5f48169be84,MODEL_V1_CV_REFERENCE_V1
6431fdd9ef1c64e179af94421620af95b3b30b9e4e168a78c21303aca5b8dcb1,MITDB_P105,105,1140000000,0,20260927,0,2.6965227127075195,0.9368212223052979,35,V2-002-F00-S20260927,a72ac38ce4df2be3a418366a097fbe027ef38d9964f5b1b5705df5f48169be84,MODEL_V1_CV_REFERENCE_V1
64473916dc4e33273e461d324359437b8606dd52db7c3940d2e81325c7109439,MITDB_P209,209,1550000000,0,20260927,1,8.848139762878418,0.9998563528060913,35,V2-002-F00-S20260927,a72ac38ce4df2be3a418366a097fbe027ef38d9964f5b1b5705df5f48169be84,MODEL_V1_CV_REFERENCE_V1
64a5c6f3986bb0a4f25826ce6950874d768df872e2d0a56e5e1994e343f07860,MITDB_P222,222,135000000,0,20260927,0,11.355033874511719,0.999988317489624,35,V2-002-F00-S20260927,a72ac38ce4df2be3a418366a097fbe027ef38d9964f5b1b5705df5f48169be84,MODEL_V1_CV_REFERENCE_V1
64e109a7ff80eafee4e23eee6e315c88b3dfb89db066ef27a0f8aa89eabdfeb7,MITDB_P212,212,1530000000,0,20260927,0,11.350831985473633,0.9999881982803345,35,V2-002-F00-S20260927,a72ac38ce4df2be3a418366a097fbe027ef38d9964f5b1b5705df5f48169be84,MODEL_V1_CV_REFERENCE_V1
64e45c9169278309e3c2c7d2efec33945f280a317ae638de33d908bba7e2db28,MITDB_P105,105,1430000000,0,20260927,0,0.8271793723106384,0.6957582235336304,35,V2-002-F00-S20260927,a72ac38ce4df2be3a418366a097fbe027ef38d9964f5b1b5705df5f48169be84,MODEL_V1_CV_REFERENCE_V1
64e967f7b96197084c64d3509010e7899ebd5c565742f33556dcf6f369049384,MITDB_P209,209,1075000000,0,20260927,1,9.556032180786133,0.9999291896820068,35,V2-002-F00-S20260927,a72ac38ce4df2be3a418366a097fbe027ef38d9964f5b1b5705df5f48169be84,MODEL_V1_CV_REFERENCE_V1
64ea58c6b635134591b03eb84b9515e7513ea13e3370a82f9e1232a158daa995,MITDB_P212,212,70000000,0,20260927,0,9.173047065734863,0.9998961687088013,35,V2-002-F00-S20260927,a72ac38ce4df2be3a418366a097fbe027ef38d9964f5b1b5705df5f48169be84,MODEL_V1_CV_REFERENCE_V1
64efb084658edc85b5dd1eeecef0dee5eb37ebb833cc6ed08fa58383f4ff28e3,MITDB_P209,209,650000000,0,20260927,1,7.731693744659424,0.9995614886283875,35,V2-002-F00-S20260927,a72ac38ce4df2be3a418366a097fbe027ef38d9964f5b1b5705df5f48169be84,MODEL_V1_CV_REFERENCE_V1
6507b377172edb3c05e7d9541239176656e2d1425c94aa6a6b13829a02b59132,MITDB_P222,222,575000000,0,20260927,1,9.674517631530762,0.9999371767044067,35,V2-002-F00-S20260927,a72ac38ce4df2be3a418366a097fbe027ef38d9964f5b1b5705df5f48169be84,MODEL_V1_CV_REFERENCE_V1
6513c833b8e8fdeb5dedfd91e515839d87050b03411ceafb4c0bd14ff5de7602,MITDB_P212,212,900000000,0,20260927,0,11.947186470031738,0.9999935626983643,35,V2-002-F00-S20260927,a72ac38ce4df2be3a418366a097fbe027ef38d9964f5b1b5705df5f48169be84,MODEL_V1_CV_REFERENCE_V1
65275a78ee4b1de1957f20b2db09856aa8b3c87f5e7f32eabbed7dbc6a7f198c,MITDB_P124,124,155000000,0,20260927,0,7.584821701049805,0.9994921684265137,35,V2-002-F00-S20260927,a72ac38ce4df2be3a418366a097fbe027ef38d9964f5b1b5705df5f48169be84,MODEL_V1_CV_REFERENCE_V1
6543c5d244c578629422cf87065038939c98a2bb7dd49fba3f1b4fe7678e8c9c,MITDB_P105,105,285000000,0,20260927,1,3.410252571105957,0.9680233597755432,35,V2-002-F00-S20260927,a72ac38ce4df2be3a418366a097fbe027ef38d9964f5b1b5705df5f48169be84,MODEL_V1_CV_REFERENCE_V1
655d8b14e6dc947cdb163a9db0096adaf96fdbfca146c4d5f261831cd83124f4,MITDB_P209,209,590000000,0,20260927,1,10.22205924987793,0.999963641166687,35,V2-002-F00-S20260927,a72ac38ce4df2be3a418366a097fbe027ef38d9964f5b1b5705df5f48169be84,MODEL_V1_CV_REFERENCE_V1
65703d75bae3b908ff6edf49fa215f0e1f665b248ce39aa2aa37150e90f71c74,MITDB_P209,209,1255000000,0,20260927,0,7.382798194885254,0.9993784427642822,35,V2-002-F00-S20260927,a72ac38ce4df2be3a418366a097fbe027ef38d9964f5b1b5705df5f48169be84,MODEL_V1_CV_REFERENCE_V1
657aa8151fcee8084fbbc8f001802c4100c16819a7b7cfd4ec9b8434ea06a919,MITDB_P203,203,1515000000,0,20260927,0,19.02884292602539,1.0,35,V2-002-F00-S20260927,a72ac38ce4df2be3a418366a097fbe027ef38d9964f5b1b5705df5f48169be84,MODEL_V1_CV_REFERENCE_V1
65914de1b98a083153495a015d4f393e3dadd98c2b7d41445239b045949cd656,MITDB_P203,203,930000000,0,20260927,1,14.445577621459961,0.9999995231628418,35,V2-002-F00-S20260927,a72ac38ce4df2be3a418366a097fbe027ef38d9964f5b1b5705df5f48169be84,MODEL_V1_CV_REFERENCE_V1
65ea91536008e0587e1049a7586522571f664e46f8050ade2c25ef36f1f15de3,MITDB_P209,209,660000000,0,20260927,1,7.615155220031738,0.9995073080062866,35,V2-002-F00-S20260927,a72ac38ce4df2be3a418366a097fbe027ef38d9964f5b1b5705df5f48169be84,MODEL_V1_CV_REFERENCE_V1
65f138dac00f74b54ca42d01ecb63e2016a8a196b0471cb3711c28bbb3e91beb,MITDB_P105,105,1130000000,0,20260927,0,-0.5060909986495972,0.376110315322876,35,V2-002-F00-S20260927,a72ac38ce4df2be3a418366a097fbe027ef38d9964f5b1b5705df5f48169be84,MODEL_V1_CV_REFERENCE_V1
66317128670fa1d0812172aec678ef1f7f378218af8d20fdf15c8b3bb7f278d6,MITDB_P212,212,500000000,0,20260927,0,7.975579261779785,0.9996563196182251,35,V2-002-F00-S20260927,a72ac38ce4df2be3a418366a097fbe027ef38d9964f5b1b5705df5f48169be84,MODEL_V1_CV_REFERENCE_V1
663176e420a3c804d8480f0558ee69954065a6596616589389b57b978179baaf,MITDB_P203,203,235000000,0,20260927,1,15.346413612365723,0.9999997615814209,35,V2-002-F00-S20260927,a72ac38ce4df2be3a418366a097fbe027ef38d9964f5b1b5705df5f48169be84,MODEL_V1_CV_REFERENCE_V1
664c330520ad6f8c2d3e206a8c4416afcbf77db0df296158468c067efe72097b,MITDB_P222,222,980000000,0,20260927,0,5.343297481536865,0.995242714881897,35,V2-002-F00-S20260927,a72ac38ce4df2be3a418366a097fbe027ef38d9964f5b1b5705df5f48169be84,MODEL_V1_CV_REFERENCE_V1
6681bdab8b197c91cc8cecf4a9e0277a2c7870a05624c06dfd7d8c4069e9a03e,MITDB_P209,209,670000000,0,20260927,1,5.171884536743164,0.9943581223487854,35,V2-002-F00-S20260927,a72ac38ce4df2be3a418366a097fbe027ef38d9964f5b1b5705df5f48169be84,MODEL_V1_CV_REFERENCE_V1
6690ef0d2f8fc9a02a77836f114b0e0e6c1eb65a3f0a486d9049178a1702b6ec,MITDB_P212,212,335000000,0,20260927,0,0.09609556198120117,0.5240054130554199,35,V2-002-F00-S20260927,a72ac38ce4df2be3a418366a097fbe027ef38d9964f5b1b5705df5f48169be84,MODEL_V1_CV_REFERENCE_V1
669389517f21a31aafe8dfe13526013c29695fb547032a091d0ae2b570e5a4e5,MITDB_P203,203,635000000,0,20260927,1,24.22491455078125,1.0,35,V2-002-F00-S20260927,a72ac38ce4df2be3a418366a097fbe027ef38d9964f5b1b5705df5f48169be84,MODEL_V1_CV_REFERENCE_V1
66df334b79d5e26597f875bbc2723168c5b73658e2b3d8cc87fbc00201ca8a10,MITDB_P222,222,15000000,0,20260927,0,14.240995407104492,0.9999994039535522,35,V2-002-F00-S20260927,a72ac38ce4df2be3a418366a097fbe027ef38d9964f5b1b5705df5f48169be84,MODEL_V1_CV_REFERENCE_V1
671d05c8f6ab8cae2dcea6ce52458925f53b1706f6d19a109c7425d70ee2c324,MITDB_P105,105,1470000000,0,20260927,1,2.2023584842681885,0.9004610776901245,35,V2-002-F00-S20260927,a72ac38ce4df2be3a418366a097fbe027ef38d9964f5b1b5705df5f48169be84,MODEL_V1_CV_REFERENCE_V1
6753a8b6ce38b0bfab5c1a5b07def79d2ec76a7ff1e5ea35c3e4af910bc4f2f3,MITDB_P222,222,270000000,0,20260927,0,5.502324104309082,0.9959392547607422,35,V2-002-F00-S20260927,a72ac38ce4df2be3a418366a097fbe027ef38d9964f5b1b5705df5f48169be84,MODEL_V1_CV_REFERENCE_V1
675958108c8d9dd53ca816c3a85ad70d5e3d0465f03858dc6c45bd4277fc405b,MITDB_P212,212,205000000,0,20260927,0,14.64236831665039,0.9999995231628418,35,V2-002-F00-S20260927,a72ac38ce4df2be3a418366a097fbe027ef38d9964f5b1b5705df5f48169be84,MODEL_V1_CV_REFERENCE_V1
678a4c4755134e469e1101520d51badc7e004c1065bb631ef037f600d7a4d027,MITDB_P203,203,515000000,0,20260927,1,17.9682674407959,1.0,35,V2-002-F00-S20260927,a72ac38ce4df2be3a418366a097fbe027ef38d9964f5b1b5705df5f48169be84,MODEL_V1_CV_REFERENCE_V1
67bca8d408fb0bc67297823f38f74258aa42e2cb6401f6bb00a359bdd1ac708c,MITDB_P105,105,1625000000,0,20260927,0,6.957172870635986,0.9990491271018982,35,V2-002-F00-S20260927,a72ac38ce4df2be3a418366a097fbe027ef38d9964f5b1b5705df5f48169be84,MODEL_V1_CV_REFERENCE_V1
67c455b18e4fc2b62342a98fbae0117a715449806e3ff6ad35f7788fe9cc9e6b,MITDB_P212,212,665000000,0,20260927,0,11.281745910644531,0.9999873638153076,35,V2-002-F00-S20260927,a72ac38ce4df2be3a418366a097fbe027ef38d9964f5b1b5705df5f48169be84,MODEL_V1_CV_REFERENCE_V1
67f0975502176b094489e11a5857a9ee8e21f9417dd3cd86d4372648a9f7f638,MITDB_P124,124,735000000,0,20260927,0,4.41070032119751,0.9879990816116333,35,V2-002-F00-S20260927,a72ac38ce4df2be3a418366a097fbe027ef38d9964f5b1b5705df5f48169be84,MODEL_V1_CV_REFERENCE_V1
67fb176fd3e7c7f2de49a64ce8aae7f71add8b2983235e3e7dc1148586d57a4e,MITDB_P212,212,970000000,0,20260927,0,10.42723274230957,0.9999704360961914,35,V2-002-F00-S20260927,a72ac38ce4df2be3a418366a097fbe027ef38d9964f5b1b5705df5f48169be84,MODEL_V1_CV_REFERENCE_V1
682d6012f1d017acf714bdd61c4199e382e3bb7026d8d527b77d3f9a9dbad39d,MITDB_P209,209,1175000000,0,20260927,1,7.440053462982178,0.9994131326675415,35,V2-002-F00-S20260927,a72ac38ce4df2be3a418366a097fbe027ef38d9964f5b1b5705df5f48169be84,MODEL_V1_CV_REFERENCE_V1
6830d6dda8d79545c39d62a06fa225e40c794815f5f64f4d86eed7a35cb28329,MITDB_P222,222,1175000000,0,20260927,1,7.090159893035889,0.9991674423217773,35,V2-002-F00-S20260927,a72ac38ce4df2be3a418366a097fbe027ef38d9964f5b1b5705df5f48169be84,MODEL_V1_CV_REFERENCE_V1
6840ea5084160632f5d66295a0cf1cb08f62697fae931b2c6ddb97d460d17a41,MITDB_P105,105,1395000000,0,20260927,0,0.5419886112213135,0.6322749257087708,35,V2-002-F00-S20260927,a72ac38ce4df2be3a418366a097fbe027ef38d9964f5b1b5705df5f48169be84,MODEL_V1_CV_REFERENCE_V1
68431eee4dc48e6ce352545ef0c8931b6350abd7bfdd5aeb95acf213118b7b71,MITDB_P105,105,1355000000,0,20260927,0,6.578888893127441,0.9986125230789185,35,V2-002-F00-S20260927,a72ac38ce4df2be3a418366a097fbe027ef38d9964f5b1b5705df5f48169be84,MODEL_V1_CV_REFERENCE_V1
686098a6156ad678d647bad4347d16182231fc68fc6169200fc31156e0bfc17a,MITDB_P212,212,245000000,0,20260927,0,15.30880355834961,0.9999997615814209,35,V2-002-F00-S20260927,a72ac38ce4df2be3a418366a097fbe027ef38d9964f5b1b5705df5f48169be84,MODEL_V1_CV_REFERENCE_V1
68a436828715799be0641a539ac3409d405e38a87a069ef6f243abe8b32cbe38,MITDB_P124,124,1210000000,0,20260927,0,6.39340353012085,0.998330295085907,35,V2-002-F00-S20260927,a72ac38ce4df2be3a418366a097fbe027ef38d9964f5b1b5705df5f48169be84,MODEL_V1_CV_REFERENCE_V1
68aa721222d9ed4ec05bc37b3fb2ac12c1d37d36de2aa55b3850ee2847e240d5,MITDB_P105,105,1790000000,0,20260927,0,0.9319844245910645,0.7174776792526245,35,V2-002-F00-S20260927,a72ac38ce4df2be3a418366a097fbe027ef38d9964f5b1b5705df5f48169be84,MODEL_V1_CV_REFERENCE_V1
68b2554b00bb7deaa71bc18a7e1c837867bc6c13c276cc336c77dd93e26c62e7,MITDB_P212,212,1055000000,0,20260927,0,15.10125732421875,0.9999997615814209,35,V2-002-F00-S20260927,a72ac38ce4df2be3a418366a097fbe027ef38d9964f5b1b5705df5f48169be84,MODEL_V1_CV_REFERENCE_V1
68c3060ea145acba2d5adc80316872e5764342173212912ce5e4903daf586278,MITDB_P203,203,770000000,0,20260927,1,19.178524017333984,1.0,35,V2-002-F00-S20260927,a72ac38ce4df2be3a418366a097fbe027ef38d9964f5b1b5705df5f48169be84,MODEL_V1_CV_REFERENCE_V1
68dc22bf6f9cc7d8a5eb80265ca963182f31f05a79649c70f6bf3e36fde1e80f,MITDB_P209,209,735000000,0,20260927,1,6.791620254516602,0.9988780617713928,35,V2-002-F00-S20260927,a72ac38ce4df2be3a418366a097fbe027ef38d9964f5b1b5705df5f48169be84,MODEL_V1_CV_REFERENCE_V1
68ffe93eb331163939b5b83090db5a76382bf272f1e2de3715bc2268134eec36,MITDB_P209,209,845000000,0,20260927,1,5.631552696228027,0.9964298605918884,35,V2-002-F00-S20260927,a72ac38ce4df2be3a418366a097fbe027ef38d9964f5b1b5705df5f48169be84,MODEL_V1_CV_REFERENCE_V1
691505590941e289ab8536b1af6caf806196536cda8eca04d8374584a6c34343,MITDB_P209,209,930000000,0,20260927,1,8.21851921081543,0.9997304081916809,35,V2-002-F00-S20260927,a72ac38ce4df2be3a418366a097fbe027ef38d9964f5b1b5705df5f48169be84,MODEL_V1_CV_REFERENCE_V1
694e345e9bce9917353146ce8710a0b15565867e61e21f2aa291669912e4ded2,MITDB_P212,212,300000000,0,20260927,0,18.633113861083984,1.0,35,V2-002-F00-S20260927,a72ac38ce4df2be3a418366a097fbe027ef38d9964f5b1b5705df5f48169be84,MODEL_V1_CV_REFERENCE_V1
69b02e98e3c2d201c2f02faab9412daf4da9a84a5fb5ad3ed478feb5d2bb0d77,MITDB_P212,212,1700000000,0,20260927,0,-0.3218839764595032,0.4202166795730591,35,V2-002-F00-S20260927,a72ac38ce4df2be3a418366a097fbe027ef38d9964f5b1b5705df5f48169be84,MODEL_V1_CV_REFERENCE_V1
69c63954b90ff088c2126ccfbd712ec9fb68969c6afcd9923b9cccb358e0f1e4,MITDB_P203,203,750000000,0,20260927,1,26.704626083374023,1.0,35,V2-002-F00-S20260927,a72ac38ce4df2be3a418366a097fbe027ef38d9964f5b1b5705df5f48169be84,MODEL_V1_CV_REFERENCE_V1
69d30aabedc44693f655a9e6abd6529b11ccd9bb65b55fc911131bc49bc92440,MITDB_P209,209,610000000,0,20260927,1,3.8749849796295166,0.9796673059463501,35,V2-002-F00-S20260927,a72ac38ce4df2be3a418366a097fbe027ef38d9964f5b1b5705df5f48169be84,MODEL_V1_CV_REFERENCE_V1
69e2f5dbaf7b0ed22049c79f6937a2e0e6c33417624effe02680343be7a8db76,MITDB_P212,212,15000000,0,20260927,0,24.75018310546875,1.0,35,V2-002-F00-S20260927,a72ac38ce4df2be3a418366a097fbe027ef38d9964f5b1b5705df5f48169be84,MODEL_V1_CV_REFERENCE_V1
69ebbbce1b2eacce3aeb3e4907b7a533764dc1cbc7fee4a6f1c44a18ffff8fb2,MITDB_P124,124,1305000000,0,20260927,0,5.595586776733398,0.9962995648384094,35,V2-002-F00-S20260927,a72ac38ce4df2be3a418366a097fbe027ef38d9964f5b1b5705df5f48169be84,MODEL_V1_CV_REFERENCE_V1
6a19afe6395dfeb96449c37bebb2aa70dfb675312099fa7d63060d8e638dbc85,MITDB_P209,209,1095000000,0,20260927,0,11.862177848815918,0.9999929666519165,35,V2-002-F00-S20260927,a72ac38ce4df2be3a418366a097fbe027ef38d9964f5b1b5705df5f48169be84,MODEL_V1_CV_REFERENCE_V1
6a616a62e6f156cbe59d67e984f39dae903bed442e02e6d33da02cc5ac17e062,MITDB_P209,209,605000000,0,20260927,1,5.795812606811523,0.9969689249992371,35,V2-002-F00-S20260927,a72ac38ce4df2be3a418366a097fbe027ef38d9964f5b1b5705df5f48169be84,MODEL_V1_CV_REFERENCE_V1
6a622779572a17856aba532c66c02fb5a3525158b3c984bafaf5dc6ed63d9587,MITDB_P212,212,755000000,0,20260927,0,25.007917404174805,1.0,35,V2-002-F00-S20260927,a72ac38ce4df2be3a418366a097fbe027ef38d9964f5b1b5705df5f48169be84,MODEL_V1_CV_REFERENCE_V1
6a6c534a97fd71457715e8f3bcf9625830c3bf8d1c906fd49f537b6217186c1e,MITDB_P222,222,265000000,0,20260927,0,9.33913803100586,0.9999121427536011,35,V2-002-F00-S20260927,a72ac38ce4df2be3a418366a097fbe027ef38d9964f5b1b5705df5f48169be84,MODEL_V1_CV_REFERENCE_V1
6abda23613e612caac8d6ed0facffdd892e671a3180e8e8e9fb3496e5aec5def,MITDB_P212,212,1035000000,0,20260927,0,16.004404067993164,0.9999998807907104,35,V2-002-F00-S20260927,a72ac38ce4df2be3a418366a097fbe027ef38d9964f5b1b5705df5f48169be84,MODEL_V1_CV_REFERENCE_V1
6ac8099fb94818ec543a44cd92cd178eaa9e5ac7da6b002b2b24b8ed694c7686,MITDB_P124,124,1275000000,0,20260927,0,7.6842217445373535,0.9995402097702026,35,V2-002-F00-S20260927,a72ac38ce4df2be3a418366a097fbe027ef38d9964f5b1b5705df5f48169be84,MODEL_V1_CV_REFERENCE_V1
6adb2bf57061e2918606527080fa254c79750c9a8f154b45a05f24ac29335d0a,MITDB_P209,209,300000000,0,20260927,1,13.955802917480469,0.9999991655349731,35,V2-002-F00-S20260927,a72ac38ce4df2be3a418366a097fbe027ef38d9964f5b1b5705df5f48169be84,MODEL_V1_CV_REFERENCE_V1
6b4e48f1a4ef7d12cba4e24d1b2ca6ebc022c80962a4b1e1f965d2a5b6321f0c,MITDB_P212,212,1465000000,0,20260927,0,14.548829078674316,0.9999995231628418,35,V2-002-F00-S20260927,a72ac38ce4df2be3a418366a097fbe027ef38d9964f5b1b5705df5f48169be84,MODEL_V1_CV_REFERENCE_V1
6b6288748f99c77c40aa49677fd540af098d15b4eb105de7d2b66c9b3acee814,MITDB_P203,203,1770000000,0,20260927,1,17.316783905029297,1.0,35,V2-002-F00-S20260927,a72ac38ce4df2be3a418366a097fbe027ef38d9964f5b1b5705df5f48169be84,MODEL_V1_CV_REFERENCE_V1
6b6d0ce86e861980d91935e71a942f90156d3a6246a654a18b18023fb7fd429b,MITDB_P209,209,160000000,0,20260927,1,14.22227668762207,0.9999992847442627,35,V2-002-F00-S20260927,a72ac38ce4df2be3a418366a097fbe027ef38d9964f5b1b5705df5f48169be84,MODEL_V1_CV_REFERENCE_V1
6b93efca71031ea3825462ac1c897265506185c8b5a35999e3ff9f73ea0117dd,MITDB_P105,105,1085000000,0,20260927,0,4.540767669677734,0.9894473552703857,35,V2-002-F00-S20260927,a72ac38ce4df2be3a418366a097fbe027ef38d9964f5b1b5705df5f48169be84,MODEL_V1_CV_REFERENCE_V1
6ba6d9d77fb5dd9a7d154df2283b4925b6583d1457c6dbaeeb661e90ab39e2f6,MITDB_P212,212,1125000000,0,20260927,0,-0.38437578082084656,0.4050719738006592,35,V2-002-F00-S20260927,a72ac38ce4df2be3a418366a097fbe027ef38d9964f5b1b5705df5f48169be84,MODEL_V1_CV_REFERENCE_V1
6bd36a39dc0e0fe527a47589645f95844902269bd4342bd0e82f781ba9af4696,MITDB_P222,222,1060000000,0,20260927,0,5.236235618591309,0.9947079420089722,35,V2-002-F00-S20260927,a72ac38ce4df2be3a418366a097fbe027ef38d9964f5b1b5705df5f48169be84,MODEL_V1_CV_REFERENCE_V1
6bd614da2860f9f62580dd579d45740521ee696e30fcb7275c3c0c48e02bd49a,MITDB_P124,124,1110000000,0,20260927,0,5.745837211608887,0.9968141913414001,35,V2-002-F00-S20260927,a72ac38ce4df2be3a418366a097fbe027ef38d9964f5b1b5705df5f48169be84,MODEL_V1_CV_REFERENCE_V1
6bddb1d34f5e8f75bb16451fe04f796b4e0f1a0c6449283f533a1a358f14083e,MITDB_P203,203,1205000000,0,20260927,1,13.907830238342285,0.9999990463256836,35,V2-002-F00-S20260927,a72ac38ce4df2be3a418366a097fbe027ef38d9964f5b1b5705df5f48169be84,MODEL_V1_CV_REFERENCE_V1
6c02c9ca855fc15a55288d7da75fc5f6b7aedaf11e4acbc54adfe68071ebcede,MITDB_P209,209,490000000,0,20260927,1,6.233686447143555,0.9980416297912598,35,V2-002-F00-S20260927,a72ac38ce4df2be3a418366a097fbe027ef38d9964f5b1b5705df5f48169be84,MODEL_V1_CV_REFERENCE_V1
6c4678c6be378d981d6e0762bc5809fc8433c70b9e5aa79dcb21bfa85782b21d,MITDB_P209,209,1795000000,0,20260927,1,9.89992618560791,0.9999498128890991,35,V2-002-F00-S20260927,a72ac38ce4df2be3a418366a097fbe027ef38d9964f5b1b5705df5f48169be84,MODEL_V1_CV_REFERENCE_V1
6c6b3593859abcd2978c523e087713ec90788bb7a3c36dc82057bf411fc999e9,MITDB_P222,222,1665000000,0,20260927,0,12.094947814941406,0.9999943971633911,35,V2-002-F00-S20260927,a72ac38ce4df2be3a418366a097fbe027ef38d9964f5b1b5705df5f48169be84,MODEL_V1_CV_REFERENCE_V1
6c7f4556f03b049ce2b16a4becd117f710ba5dbb9314e6c261c5e832c379b8e2,MITDB_P209,209,140000000,0,20260927,0,9.942171096801758,0.9999518394470215,35,V2-002-F00-S20260927,a72ac38ce4df2be3a418366a097fbe027ef38d9964f5b1b5705df5f48169be84,MODEL_V1_CV_REFERENCE_V1
6cbe38f98b502d88d1cf743c0cc7ffe3bf74d4cc5c2118ef6091dbe0f16654ee,MITDB_P203,203,365000000,0,20260927,1,9.168320655822754,0.9998956918716431,35,V2-002-F00-S20260927,a72ac38ce4df2be3a418366a097fbe027ef38d9964f5b1b5705df5f48169be84,MODEL_V1_CV_REFERENCE_V1
6cf0e31dd074f2bbb11069654782caa83b24a90b85df523e1779376d5d1a2fab,MITDB_P212,212,100000000,0,20260927,0,0.2408829629421234,0.559931218624115,35,V2-002-F00-S20260927,a72ac38ce4df2be3a418366a097fbe027ef38d9964f5b1b5705df5f48169be84,MODEL_V1_CV_REFERENCE_V1
6d0500d56a587c689b581a18a8ec3b52fe83cb540330875ea373eec400831503,MITDB_P203,203,120000000,0,20260927,1,20.179948806762695,1.0,35,V2-002-F00-S20260927,a72ac38ce4df2be3a418366a097fbe027ef38d9964f5b1b5705df5f48169be84,MODEL_V1_CV_REFERENCE_V1
6d0e5a659bd4f8b468ddc4c09900bfa84c1a6de2338548c1fdabd3fa0480bbab,MITDB_P212,212,600000000,0,20260927,0,11.832670211791992,0.9999927282333374,35,V2-002-F00-S20260927,a72ac38ce4df2be3a418366a097fbe027ef38d9964f5b1b5705df5f48169be84,MODEL_V1_CV_REFERENCE_V1
6d5595383d00d4d9f99fabc3c53d17d0b4613f70f36052140dda43f3fa2cc6ca,MITDB_P212,212,1480000000,0,20260927,0,-0.29991522431373596,0.42557820677757263,35,V2-002-F00-S20260927,a72ac38ce4df2be3a418366a097fbe027ef38d9964f5b1b5705df5f48169be84,MODEL_V1_CV_REFERENCE_V1
6d707d62e7f403b82d24bdaf8b30d694cbbae09bc5cffe71024d4a58d1d636b2,MITDB_P222,222,120000000,0,20260927,0,10.991962432861328,0.9999831914901733,35,V2-002-F00-S20260927,a72ac38ce4df2be3a418366a097fbe027ef38d9964f5b1b5705df5f48169be84,MODEL_V1_CV_REFERENCE_V1
6d95d27c5e531f2cdc4d12615a2099fb2639c919223146ca712473cb8ebb183b,MITDB_P105,105,1290000000,0,20260927,1,4.676046371459961,0.9907702803611755,35,V2-002-F00-S20260927,a72ac38ce4df2be3a418366a097fbe027ef38d9964f5b1b5705df5f48169be84,MODEL_V1_CV_REFERENCE_V1
6dba005bb28df0c3b7726620412d7cf6fb72253b3b10740e9cc43c784c3f7980,MITDB_P124,124,1535000000,0,20260927,0,7.660748481750488,0.999529242515564,35,V2-002-F00-S20260927,a72ac38ce4df2be3a418366a097fbe027ef38d9964f5b1b5705df5f48169be84,MODEL_V1_CV_REFERENCE_V1
6ddd8b7f6c153a4c29fa9d61d5f07620fef3dcdfb152bbab466d86aba71b0e86,MITDB_P222,222,400000000,0,20260927,0,11.931144714355469,0.9999934434890747,35,V2-002-F00-S20260927,a72ac38ce4df2be3a418366a097fbe027ef38d9964f5b1b5705df5f48169be84,MODEL_V1_CV_REFERENCE_V1
6def5125c764a6783410f0ad99874c5c9dc9c0676da19947cb156f73dcc0cc54,MITDB_P209,209,1650000000,0,20260927,0,5.418087005615234,0.9955839514732361,35,V2-002-F00-S20260927,a72ac38ce4df2be3a418366a097fbe027ef38d9964f5b1b5705df5f48169be84,MODEL_V1_CV_REFERENCE_V1
6e1184830d1c3d2c5ebf6c93d195931bcdd78623cfabc6e5c31f952a9ba6879f,MITDB_P124,124,1490000000,0,20260927,0,7.875979423522949,0.9996203184127808,35,V2-002-F00-S20260927,a72ac38ce4df2be3a418366a097fbe027ef38d9964f5b1b5705df5f48169be84,MODEL_V1_CV_REFERENCE_V1
6e2851ce3009f5f7d9f7ef188a73c51bd3c932d69d696b9a828c400b803f8436,MITDB_P222,222,1255000000,0,20260927,1,4.2428154945373535,0.985836386680603,35,V2-002-F00-S20260927,a72ac38ce4df2be3a418366a097fbe027ef38d9964f5b1b5705df5f48169be84,MODEL_V1_CV_REFERENCE_V1
6e71dd69f8ef69b9fa307b125187b9c2e9c9a8c55d81cb9c6239ab6625e2fd41,MITDB_P105,105,635000000,0,20260927,0,4.2452569007873535,0.9858704209327698,35,V2-002-F00-S20260927,a72ac38ce4df2be3a418366a097fbe027ef38d9964f5b1b5705df5f48169be84,MODEL_V1_CV_REFERENCE_V1
6e7270c314055ce6c83d3065358252d2a9f8cd7d61808685c0119ab7dd17a844,MITDB_P209,209,860000000,0,20260927,1,15.39303970336914,0.9999997615814209,35,V2-002-F00-S20260927,a72ac38ce4df2be3a418366a097fbe027ef38d9964f5b1b5705df5f48169be84,MODEL_V1_CV_REFERENCE_V1
6e88428589d1c1a77647ff307c0a4bc4c698dd6cd96beabc1ee207a798fe4c7a,MITDB_P212,212,965000000,0,20260927,0,13.037092208862305,0.9999978542327881,35,V2-002-F00-S20260927,a72ac38ce4df2be3a418366a097fbe027ef38d9964f5b1b5705df5f48169be84,MODEL_V1_CV_REFERENCE_V1
6f0f7089058f5a8346e37dbdfefb31b58a058a8dba3598357b363367b2fba9c3,MITDB_P212,212,1350000000,0,20260927,0,9.755659103393555,0.9999420642852783,35,V2-002-F00-S20260927,a72ac38ce4df2be3a418366a097fbe027ef38d9964f5b1b5705df5f48169be84,MODEL_V1_CV_REFERENCE_V1
6f2b6d6967d7d9d45b5072668c76e023853b9f6e5318c9cbe0bbe9ff83b78060,MITDB_P222,222,460000000,0,20260927,0,20.40685272216797,1.0,35,V2-002-F00-S20260927,a72ac38ce4df2be3a418366a097fbe027ef38d9964f5b1b5705df5f48169be84,MODEL_V1_CV_REFERENCE_V1
6f2b9761eea06ce0d6132612bb2b6d02c0c15ded588926ed21ddecb0a7913a47,MITDB_P105,105,655000000,0,20260927,0,3.0616884231567383,0.9552844762802124,35,V2-002-F00-S20260927,a72ac38ce4df2be3a418366a097fbe027ef38d9964f5b1b5705df5f48169be84,MODEL_V1_CV_REFERENCE_V1
6f3da7e17e31c70ef4d21fb501de83d88c2ed0dbef9b17049c58f4afa90f1c62,MITDB_P209,209,280000000,0,20260927,0,10.367172241210938,0.9999685287475586,35,V2-002-F00-S20260927,a72ac38ce4df2be3a418366a097fbe027ef38d9964f5b1b5705df5f48169be84,MODEL_V1_CV_REFERENCE_V1
6f4865e2732cef0029cbd284419b07a776db1a2d7c10b9b240eb3a9213542928,MITDB_P212,212,650000000,0,20260927,0,19.04668426513672,1.0,35,V2-002-F00-S20260927,a72ac38ce4df2be3a418366a097fbe027ef38d9964f5b1b5705df5f48169be84,MODEL_V1_CV_REFERENCE_V1
6f733d1bf26bca70d950940a46c48fa27925982f2bb32de3eb687fa5abafd407,MITDB_P209,209,220000000,0,20260927,0,7.366822242736816,0.9993684887886047,35,V2-002-F00-S20260927,a72ac38ce4df2be3a418366a097fbe027ef38d9964f5b1b5705df5f48169be84,MODEL_V1_CV_REFERENCE_V1
6fa6362f02e87e4b6aced2d1443e9a42bb4dd40ed4d451c78d79a28fc7277ab7,MITDB_P222,222,335000000,0,20260927,0,13.49528980255127,0.9999985694885254,35,V2-002-F00-S20260927,a72ac38ce4df2be3a418366a097fbe027ef38d9964f5b1b5705df5f48169be84,MODEL_V1_CV_REFERENCE_V1
6fb8af5a31f591d5462463e66c18571ef80afb610088f85437d73ca4bf1d966b,MITDB_P212,212,1735000000,0,20260927,0,8.494607925415039,0.9997954964637756,35,V2-002-F00-S20260927,a72ac38ce4df2be3a418366a097fbe027ef38d9964f5b1b5705df5f48169be84,MODEL_V1_CV_REFERENCE_V1
6fbd85146831f4d75350cddc9865fc50248d991d93fcf6f36e1c5367486fbafe,MITDB_P203,203,1365000000,0,20260927,1,13.051654815673828,0.9999978542327881,35,V2-002-F00-S20260927,a72ac38ce4df2be3a418366a097fbe027ef38d9964f5b1b5705df5f48169be84,MODEL_V1_CV_REFERENCE_V1
6fd10132b6bdacaa57da002ba28445f92f8e082965e73ea1331af01f3dca9551,MITDB_P203,203,160000000,0,20260927,1,16.273094177246094,0.9999998807907104,35,V2-002-F00-S20260927,a72ac38ce4df2be3a418366a097fbe027ef38d9964f5b1b5705df5f48169be84,MODEL_V1_CV_REFERENCE_V1
701c060ecac187533d92b15fa438c1753f510e3eeb0c9ee6c36847ab7be8e2dc,MITDB_P209,209,1310000000,0,20260927,1,6.073925971984863,0.9977031350135803,35,V2-002-F00-S20260927,a72ac38ce4df2be3a418366a097fbe027ef38d9964f5b1b5705df5f48169be84,MODEL_V1_CV_REFERENCE_V1
704888ff3e1f95642d89ecd3479763030c737ba70d4d37b083e2faab5a80ff52,MITDB_P105,105,55000000,0,20260927,0,2.216531753540039,0.9017242193222046,35,V2-002-F00-S20260927,a72ac38ce4df2be3a418366a097fbe027ef38d9964f5b1b5705df5f48169be84,MODEL_V1_CV_REFERENCE_V1
704ddeae8bd06775de8450168d3777996c959ab416cc6399511cfa9a99608bf5,MITDB_P203,203,1620000000,0,20260927,1,15.626283645629883,0.9999998807907104,35,V2-002-F00-S20260927,a72ac38ce4df2be3a418366a097fbe027ef38d9964f5b1b5705df5f48169be84,MODEL_V1_CV_REFERENCE_V1
705af5eea2c430ec7d26476ed8f8182f38413733c197ac491bab542dc5cffcb4,MITDB_P203,203,1710000000,0,20260927,1,15.491601943969727,0.9999997615814209,35,V2-002-F00-S20260927,a72ac38ce4df2be3a418366a097fbe027ef38d9964f5b1b5705df5f48169be84,MODEL_V1_CV_REFERENCE_V1
70718985466073a0d93d3a3799cec4a62fb087f445cbdc7c4f687f1c47c836bc,MITDB_P209,209,315000000,0,20260927,1,9.6638822555542,0.9999364614486694,35,V2-002-F00-S20260927,a72ac38ce4df2be3a418366a097fbe027ef38d9964f5b1b5705df5f48169be84,MODEL_V1_CV_REFERENCE_V1
70925f715f5f908d54706847c29a2c2e7de8ba27fbbf4a8b01748eebc6b485e0,MITDB_P203,203,575000000,0,20260927,1,10.988581657409668,0.9999830722808838,35,V2-002-F00-S20260927,a72ac38ce4df2be3a418366a097fbe027ef38d9964f5b1b5705df5f48169be84,MODEL_V1_CV_REFERENCE_V1
70bf0e68faac5d2b0c0e262d690842093688398b1029565781c15e1cf6068635,MITDB_P124,124,1640000000,0,20260927,0,7.133227825164795,0.99920254945755,35,V2-002-F00-S20260927,a72ac38ce4df2be3a418366a097fbe027ef38d9964f5b1b5705df5f48169be84,MODEL_V1_CV_REFERENCE_V1
70c7d7b553a7bf8091bc879d4d19ca9a7fbe7d9ead10bb2eba144bf51b86a09b,MITDB_P209,209,830000000,0,20260927,0,5.935757637023926,0.9973637461662292,35,V2-002-F00-S20260927,a72ac38ce4df2be3a418366a097fbe027ef38d9964f5b1b5705df5f48169be84,MODEL_V1_CV_REFERENCE_V1
7114d0fb5836f13451c7be4483bc237067ba452707619cc3b2f3190b904502bd,MITDB_P124,124,10000000,0,20260927,0,6.518095970153809,0.9985256791114807,35,V2-002-F00-S20260927,a72ac38ce4df2be3a418366a097fbe027ef38d9964f5b1b5705df5f48169be84,MODEL_V1_CV_REFERENCE_V1
7141929feac5277a86618e2bb0bf941eaa25a9fc0b12bab8f57247f85cca66b0,MITDB_P203,203,1320000000,0,20260927,1,9.942743301391602,0.999951958656311,35,V2-002-F00-S20260927,a72ac38ce4df2be3a418366a097fbe027ef38d9964f5b1b5705df5f48169be84,MODEL_V1_CV_REFERENCE_V1
7143a29edd325cab8242d2da401a29da5de6abb7a21266fd242dcc9053681f79,MITDB_P105,105,1465000000,0,20260927,1,2.1930925846099854,0.8996275067329407,35,V2-002-F00-S20260927,a72ac38ce4df2be3a418366a097fbe027ef38d9964f5b1b5705df5f48169be84,MODEL_V1_CV_REFERENCE_V1
7150b753aaa26c99e774c83cd92fc2dbcaa6b62263e7fb1573a14287b40fa031,MITDB_P222,222,945000000,0,20260927,0,4.679614543914795,0.9908027648925781,35,V2-002-F00-S20260927,a72ac38ce4df2be3a418366a097fbe027ef38d9964f5b1b5705df5f48169be84,MODEL_V1_CV_REFERENCE_V1
718bd17d6c4deb554c2f59af0ef2d2a4e43e0d7349aeb567826333987566b821,MITDB_P105,105,1770000000,0,20260927,0,3.563896894454956,0.9724522233009338,35,V2-002-F00-S20260927,a72ac38ce4df2be3a418366a097fbe027ef38d9964f5b1b5705df5f48169be84,MODEL_V1_CV_REFERENCE_V1
71da97374b2052e3a8315b3ab7b79e6151dead4aea6e82a419f6435ca0641975,MITDB_P212,212,185000000,0,20260927,0,20.927125930786133,1.0,35,V2-002-F00-S20260927,a72ac38ce4df2be3a418366a097fbe027ef38d9964f5b1b5705df5f48169be84,MODEL_V1_CV_REFERENCE_V1
71ed2de844be237b297abfdd45a6153d0756216b130a3d4948ccbe69ca81e251,MITDB_P105,105,150000000,0,20260927,0,1.7162467241287231,0.8476447463035583,35,V2-002-F00-S20260927,a72ac38ce4df2be3a418366a097fbe027ef38d9964f5b1b5705df5f48169be84,MODEL_V1_CV_REFERENCE_V1
71fae7c0ee1106cbeb42a0a099217eb969ebfef2ec895089a396e1c317873f96,MITDB_P212,212,90000000,0,20260927,0,-0.07397949695587158,0.4815135896205902,35,V2-002-F00-S20260927,a72ac38ce4df2be3a418366a097fbe027ef38d9964f5b1b5705df5f48169be84,MODEL_V1_CV_REFERENCE_V1
71fd879b2b33795056d58841d7856fe27140b87318509e415e9f23280ca8fc65,MITDB_P212,212,1775000000,0,20260927,0,11.231242179870605,0.9999867677688599,35,V2-002-F00-S20260927,a72ac38ce4df2be3a418366a097fbe027ef38d9964f5b1b5705df5f48169be84,MODEL_V1_CV_REFERENCE_V1
722fc166e7d9486231545988d489176ed3cb98c4a3dabeb2e3c88ba0e7267391,MITDB_P124,124,1680000000,0,20260927,0,5.237397193908691,0.9947139620780945,35,V2-002-F00-S20260927,a72ac38ce4df2be3a418366a097fbe027ef38d9964f5b1b5705df5f48169be84,MODEL_V1_CV_REFERENCE_V1
724716d5ea2883297876768a14eea35a26ac8853d3848633b6d1df4a1ed44c4b,MITDB_P203,203,965000000,0,20260927,0,15.47093677520752,0.9999997615814209,35,V2-002-F00-S20260927,a72ac38ce4df2be3a418366a097fbe027ef38d9964f5b1b5705df5f48169be84,MODEL_V1_CV_REFERENCE_V1
725d5c049742a62d03426f8c3275ca04afcd2751fc0cb5564c4fff19f61c9df2,MITDB_P212,212,80000000,0,20260927,0,-0.1554437279701233,0.46121713519096375,35,V2-002-F00-S20260927,a72ac38ce4df2be3a418366a097fbe027ef38d9964f5b1b5705df5f48169be84,MODEL_V1_CV_REFERENCE_V1
726727f7e0a1f8cc2c0521d90263f5425f8c6f60a157c30d64a87bc169d15885,MITDB_P203,203,15000000,0,20260927,1,10.116569519042969,0.9999595880508423,35,V2-002-F00-S20260927,a72ac38ce4df2be3a418366a097fbe027ef38d9964f5b1b5705df5f48169be84,MODEL_V1_CV_REFERENCE_V1
72786f959a79850852b9d6a3cf6112ad0bdaa1a429b228df730e10669697b171,MITDB_P212,212,655000000,0,20260927,0,22.473745346069336,1.0,35,V2-002-F00-S20260927,a72ac38ce4df2be3a418366a097fbe027ef38d9964f5b1b5705df5f48169be84,MODEL_V1_CV_REFERENCE_V1
7293c99b7d9720dfe5594de8a5822d7b74ba8bd08155ebe39d370c28508e8663,MITDB_P209,209,1300000000,0,20260927,1,8.286636352539062,0.999748170375824,35,V2-002-F00-S20260927,a72ac38ce4df2be3a418366a097fbe027ef38d9964f5b1b5705df5f48169be84,MODEL_V1_CV_REFERENCE_V1
7293e4360a7743666c30e2f6249be2e2ac7f0fc7b5a9a36566c9fe16384da938,MITDB_P212,212,1565000000,0,20260927,0,14.705912590026855,0.9999996423721313,35,V2-002-F00-S20260927,a72ac38ce4df2be3a418366a097fbe027ef38d9964f5b1b5705df5f48169be84,MODEL_V1_CV_REFERENCE_V1
729fbebbe748184c3e39430bf3d519f012e5f852211d1a06e10f36543d99bed5,MITDB_P124,124,335000000,0,20260927,1,-3.320183038711548,0.03488524258136749,35,V2-002-F00-S20260927,a72ac38ce4df2be3a418366a097fbe027ef38d9964f5b1b5705df5f48169be84,MODEL_V1_CV_REFERENCE_V1
73206ba6309890d1ce86f44111cd6f3b41edd94f2a8f98a2a339ab3450b5c66f,MITDB_P124,124,1645000000,0,20260927,0,7.414522171020508,0.999397873878479,35,V2-002-F00-S20260927,a72ac38ce4df2be3a418366a097fbe027ef38d9964f5b1b5705df5f48169be84,MODEL_V1_CV_REFERENCE_V1
73456745600fc3c590781ac75cf9e635cdeab0f158da70e3cffead0d53a0c2d2,MITDB_P124,124,635000000,0,20260927,1,7.884063243865967,0.9996234178543091,35,V2-002-F00-S20260927,a72ac38ce4df2be3a418366a097fbe027ef38d9964f5b1b5705df5f48169be84,MODEL_V1_CV_REFERENCE_V1
738a17bca71ba44ec6593cd0e304a828051808dcdb088b2f8cc2dba3a4f9096d,MITDB_P209,209,255000000,0,20260927,0,11.032485008239746,0.9999837875366211,35,V2-002-F00-S20260927,a72ac38ce4df2be3a418366a097fbe027ef38d9964f5b1b5705df5f48169be84,MODEL_V1_CV_REFERENCE_V1
7394d7e1eaada736a393c4031095a3c89a9dfb39fbafa2aef6458fb26e26bbde,MITDB_P209,209,545000000,0,20260927,0,6.381710052490234,0.9983106851577759,35,V2-002-F00-S20260927,a72ac38ce4df2be3a418366a097fbe027ef38d9964f5b1b5705df5f48169be84,MODEL_V1_CV_REFERENCE_V1
739b97443b83975f5d32502b68a558fb9b7b7b95559b1c3c6365acf2c518edfe,MITDB_P105,105,1325000000,0,20260927,0,6.742833614349365,0.998822033405304,35,V2-002-F00-S20260927,a72ac38ce4df2be3a418366a097fbe027ef38d9964f5b1b5705df5f48169be84,MODEL_V1_CV_REFERENCE_V1
739cd414a9f9b3fd4f50e96303d89b2d0031daffda6aa05615bb67aa6a4a95b3,MITDB_P209,209,375000000,0,20260927,1,11.10745620727539,0.9999849796295166,35,V2-002-F00-S20260927,a72ac38ce4df2be3a418366a097fbe027ef38d9964f5b1b5705df5f48169be84,MODEL_V1_CV_REFERENCE_V1
73dfbdc94dc109e61290959036401fb21bf9b39b76bdf602b4f75329a2bd6f9b,MITDB_P209,209,820000000,0,20260927,1,12.646944046020508,0.9999967813491821,35,V2-002-F00-S20260927,a72ac38ce4df2be3a418366a097fbe027ef38d9964f5b1b5705df5f48169be84,MODEL_V1_CV_REFERENCE_V1
740dcc667fb2e3b219a89eb75c76973aa0af957f1032dfda66fe7d539136935e,MITDB_P212,212,1635000000,0,20260927,0,-0.13006368279457092,0.46752986311912537,35,V2-002-F00-S20260927,a72ac38ce4df2be3a418366a097fbe027ef38d9964f5b1b5705df5f48169be84,MODEL_V1_CV_REFERENCE_V1
7411ef7247ad89a9635fea9019d05364068c0225caafe934a146a722c4694609,MITDB_P124,124,685000000,0,20260927,0,6.5430097579956055,0.9985619187355042,35,V2-002-F00-S20260927,a72ac38ce4df2be3a418366a097fbe027ef38d9964f5b1b5705df5f48169be84,MODEL_V1_CV_REFERENCE_V1
7428ee85fda2367594e0468c164af47daa0e66cc38e0e1c87fbe785bfd839cbe,MITDB_P105,105,1070000000,0,20260927,0,2.443117380142212,0.9200567007064819,35,V2-002-F00-S20260927,a72ac38ce4df2be3a418366a097fbe027ef38d9964f5b1b5705df5f48169be84,MODEL_V1_CV_REFERENCE_V1
74292588569ae82b24becbe914bf11e4562bb347527df7a69640f3619b42f00b,MITDB_P124,124,710000000,0,20260927,0,4.439260005950928,0.9883330464363098,35,V2-002-F00-S20260927,a72ac38ce4df2be3a418366a097fbe027ef38d9964f5b1b5705df5f48169be84,MODEL_V1_CV_REFERENCE_V1
74301f7a1b279165978d69cf2fb342953a96b5ebc3d2107ff606adf2448e7ed8,MITDB_P203,203,1255000000,0,20260927,0,9.350939750671387,0.9999130964279175,35,V2-002-F00-S20260927,a72ac38ce4df2be3a418366a097fbe027ef38d9964f5b1b5705df5f48169be84,MODEL_V1_CV_REFERENCE_V1
745142a1314dfd3337fd9dcbb35d7a4458dcfca08a47dfcb23c8cbac2a06c956,MITDB_P124,124,1235000000,0,20260927,0,5.69781494140625,0.9966579675674438,35,V2-002-F00-S20260927,a72ac38ce4df2be3a418366a097fbe027ef38d9964f5b1b5705df5f48169be84,MODEL_V1_CV_REFERENCE_V1
748ffc2945bcfd9b81b0f6fb885322dac130f93e1adf1685b29742f291a337e8,MITDB_P212,212,1200000000,0,20260927,0,15.059038162231445,0.9999997615814209,35,V2-002-F00-S20260927,a72ac38ce4df2be3a418366a097fbe027ef38d9964f5b1b5705df5f48169be84,MODEL_V1_CV_REFERENCE_V1
74a8ce64aa1e1d68b5fd2d3ec2716c676363b0fad9129ec4f934f249b22e5dae,MITDB_P124,124,190000000,0,20260927,0,5.458817481994629,0.9957594275474548,35,V2-002-F00-S20260927,a72ac38ce4df2be3a418366a097fbe027ef38d9964f5b1b5705df5f48169be84,MODEL_V1_CV_REFERENCE_V1
74a9e5d4ee082b14cb5e222729e03f8940e09f94b676438272a26920d36fdd26,MITDB_P203,203,230000000,0,20260927,1,16.73418617248535,1.0,35,V2-002-F00-S20260927,a72ac38ce4df2be3a418366a097fbe027ef38d9964f5b1b5705df5f48169be84,MODEL_V1_CV_REFERENCE_V1
74dea3a67b5529e6f0ee5161bf1b5c787aa2972fc31587ef8780df21bd106df9,MITDB_P209,209,1275000000,0,20260927,0,5.064787864685059,0.9937244057655334,35,V2-002-F00-S20260927,a72ac38ce4df2be3a418366a097fbe027ef38d9964f5b1b5705df5f48169be84,MODEL_V1_CV_REFERENCE_V1
74fa1cbd35fcfa4ed63c905f891d6df6e2d32ec27a1b2f811b9f0f50d3e40722,MITDB_P124,124,350000000,0,20260927,0,4.984899997711182,0.9932060241699219,35,V2-002-F00-S20260927,a72ac38ce4df2be3a418366a097fbe027ef38d9964f5b1b5705df5f48169be84,MODEL_V1_CV_REFERENCE_V1
755851f7c577d955b1d0d69241ca6ccd1244aeb9796b9bf082b52707d90006cd,MITDB_P212,212,1630000000,0,20260927,0,-0.27630534768104553,0.43135982751846313,35,V2-002-F00-S20260927,a72ac38ce4df2be3a418366a097fbe027ef38d9964f5b1b5705df5f48169be84,MODEL_V1_CV_REFERENCE_V1
759c83e0da92cf857a3ad4320d2758bd7eed34d9ac4d3f3a6839bca7dd99c6dd,MITDB_P105,105,205000000,0,20260927,1,3.053285837173462,0.9549242258071899,35,V2-002-F00-S20260927,a72ac38ce4df2be3a418366a097fbe027ef38d9964f5b1b5705df5f48169be84,MODEL_V1_CV_REFERENCE_V1
75bd539a6ead6192197998d141b5ec0902f79d78773560615e8316bb0dceb60b,MITDB_P209,209,340000000,0,20260927,1,13.55439567565918,0.9999986886978149,35,V2-002-F00-S20260927,a72ac38ce4df2be3a418366a097fbe027ef38d9964f5b1b5705df5f48169be84,MODEL_V1_CV_REFERENCE_V1
75bf52ab39a576f784d0f3091c2738a095bf3b3b1cec1a4644c6eacfd0ae1fcc,MITDB_P203,203,1060000000,0,20260927,1,14.043146133422852,0.9999991655349731,35,V2-002-F00-S20260927,a72ac38ce4df2be3a418366a097fbe027ef38d9964f5b1b5705df5f48169be84,MODEL_V1_CV_REFERENCE_V1
75cba0338841300b7d90ddffa8dff4f4c62e28edf6cfd8eb1b5df020901afff3,MITDB_P222,222,725000000,0,20260927,1,11.283843994140625,0.9999874830245972,35,V2-002-F00-S20260927,a72ac38ce4df2be3a418366a097fbe027ef38d9964f5b1b5705df5f48169be84,MODEL_V1_CV_REFERENCE_V1
762f6661daade58f5f62a7b9569cc05cd6b63fd9311dedcefe9a7fc149a0a66f,MITDB_P203,203,1280000000,0,20260927,0,2.6502134799957275,0.9340241551399231,35,V2-002-F00-S20260927,a72ac38ce4df2be3a418366a097fbe027ef38d9964f5b1b5705df5f48169be84,MODEL_V1_CV_REFERENCE_V1
765233878eaed23b204579a50c0cd308d56e487afe94864098c5402401df6b31,MITDB_P222,222,1075000000,0,20260927,0,10.002009391784668,0.9999547004699707,35,V2-002-F00-S20260927,a72ac38ce4df2be3a418366a097fbe027ef38d9964f5b1b5705df5f48169be84,MODEL_V1_CV_REFERENCE_V1
76814974cda6f0a2e95fc13c5109b770805943b3afe06e483f06fc7e59fc8523,MITDB_P209,209,685000000,0,20260927,0,12.355436325073242,0.9999957084655762,35,V2-002-F00-S20260927,a72ac38ce4df2be3a418366a097fbe027ef38d9964f5b1b5705df5f48169be84,MODEL_V1_CV_REFERENCE_V1
77316d1bb0c166c649c1a1378f8ffc0cc66ee903d0e9fb876ed960356f42d3b1,MITDB_P105,105,1145000000,0,20260927,0,1.6502695083618164,0.8389275074005127,35,V2-002-F00-S20260927,a72ac38ce4df2be3a418366a097fbe027ef38d9964f5b1b5705df5f48169be84,MODEL_V1_CV_REFERENCE_V1
775c13274a6cc610581a289d084cd7b85dcfb82db61d98c67c3c6775bfdbb462,MITDB_P209,209,885000000,0,20260927,0,9.338277816772461,0.9999120235443115,35,V2-002-F00-S20260927,a72ac38ce4df2be3a418366a097fbe027ef38d9964f5b1b5705df5f48169be84,MODEL_V1_CV_REFERENCE_V1
7773c532d56a434a72b06b9547fdf13222b61942559fc1bd1380c645cc0035ab,MITDB_P203,203,205000000,0,20260927,1,7.448084354400635,0.999417781829834,35,V2-002-F00-S20260927,a72ac38ce4df2be3a418366a097fbe027ef38d9964f5b1b5705df5f48169be84,MODEL_V1_CV_REFERENCE_V1
77a5bcd9a475aad5582baf6b7b9bae353dde59e1c6b2871cab42a95b46f1a833,MITDB_P222,222,520000000,0,20260927,0,11.366943359375,0.9999884366989136,35,V2-002-F00-S20260927,a72ac38ce4df2be3a418366a097fbe027ef38d9964f5b1b5705df5f48169be84,MODEL_V1_CV_REFERENCE_V1
77ccd56267887dcaef726d760044b81ea0b4e9ef008721fd2a91df94cd465ca7,MITDB_P212,212,135000000,0,20260927,0,0.3292270600795746,0.5815713405609131,35,V2-002-F00-S20260927,a72ac38ce4df2be3a418366a097fbe027ef38d9964f5b1b5705df5f48169be84,MODEL_V1_CV_REFERENCE_V1
77d3775c2f9de90449355cb0fd005235d92a2d21455bc3145995f853927db802,MITDB_P124,124,1150000000,0,20260927,0,6.478569984436035,0.9984663724899292,35,V2-002-F00-S20260927,a72ac38ce4df2be3a418366a097fbe027ef38d9964f5b1b5705df5f48169be84,MODEL_V1_CV_REFERENCE_V1
77da7f9c52cabe4601f19f674e4fa72dbe7c09fb7ed186db40de9f52ef83461b,MITDB_P222,222,1675000000,0,20260927,0,10.816556930541992,0.9999799728393555,35,V2-002-F00-S20260927,a72ac38ce4df2be3a418366a097fbe027ef38d9964f5b1b5705df5f48169be84,MODEL_V1_CV_REFERENCE_V1
77dd189e6dd39a48e2e13e99bbf409e7616842b87c7d96a2f012ff868a086ba6,MITDB_P222,222,590000000,0,20260927,0,13.32118034362793,0.9999983310699463,35,V2-002-F00-S20260927,a72ac38ce4df2be3a418366a097fbe027ef38d9964f5b1b5705df5f48169be84,MODEL_V1_CV_REFERENCE_V1
77e2ea0662118e46cde09f9d67294c247824ebabd9d776c63e21550a89e599c3,MITDB_P222,222,150000000,0,20260927,0,9.401079177856445,0.9999173879623413,35,V2-002-F00-S20260927,a72ac38ce4df2be3a418366a097fbe027ef38d9964f5b1b5705df5f48169be84,MODEL_V1_CV_REFERENCE_V1
77e3cf0b7b2275ced7dbf900432a448228706a0b7b83a7ceaddb83192d6c38bb,MITDB_P222,222,880000000,0,20260927,1,0.7220277190208435,0.6730533838272095,35,V2-002-F00-S20260927,a72ac38ce4df2be3a418366a097fbe027ef38d9964f5b1b5705df5f48169be84,MODEL_V1_CV_REFERENCE_V1
7817d44440e402211ef33c1982d471379adac3b2b858a2c9ea87d590b1a9c030,MITDB_P203,203,1125000000,0,20260927,1,13.451881408691406,0.9999985694885254,35,V2-002-F00-S20260927,a72ac38ce4df2be3a418366a097fbe027ef38d9964f5b1b5705df5f48169be84,MODEL_V1_CV_REFERENCE_V1
7857a3edae87b846869e56de76f98812494f3d3bc9f708b6415dde3790394abb,MITDB_P124,124,1760000000,0,20260927,0,9.164368629455566,0.9998953342437744,35,V2-002-F00-S20260927,a72ac38ce4df2be3a418366a097fbe027ef38d9964f5b1b5705df5f48169be84,MODEL_V1_CV_REFERENCE_V1
785ac1e8c7db11185ea3fe76844fd894e1015c6cf3739066aaa19b2da8cfc8c4,MITDB_P203,203,760000000,0,20260927,1,19.57175064086914,1.0,35,V2-002-F00-S20260927,a72ac38ce4df2be3a418366a097fbe027ef38d9964f5b1b5705df5f48169be84,MODEL_V1_CV_REFERENCE_V1
78820f35e82596232109f8c7a97d52f202ba9203ebcf75ef95a7168750cfb815,MITDB_P203,203,875000000,0,20260927,1,12.177803039550781,0.9999948740005493,35,V2-002-F00-S20260927,a72ac38ce4df2be3a418366a097fbe027ef38d9964f5b1b5705df5f48169be84,MODEL_V1_CV_REFERENCE_V1
7894badea75966c1228d305dbd71af298250d506be68a298179b16e5081ee087,MITDB_P212,212,380000000,0,20260927,0,15.337142944335938,0.9999997615814209,35,V2-002-F00-S20260927,a72ac38ce4df2be3a418366a097fbe027ef38d9964f5b1b5705df5f48169be84,MODEL_V1_CV_REFERENCE_V1
78aad523cb2384e247f935590a3f6aacb5854b7e9f4c0e9f50099a324bd8bbeb,MITDB_P222,222,905000000,0,20260927,1,16.371747970581055,0.9999998807907104,35,V2-002-F00-S20260927,a72ac38ce4df2be3a418366a097fbe027ef38d9964f5b1b5705df5f48169be84,MODEL_V1_CV_REFERENCE_V1
78d2c52f1f4cadb3e44e3aa6f8dd992044340f88526df7badeb0649372c07bb0,MITDB_P212,212,595000000,0,20260927,0,9.507671356201172,0.9999257326126099,35,V2-002-F00-S20260927,a72ac38ce4df2be3a418366a097fbe027ef38d9964f5b1b5705df5f48169be84,MODEL_V1_CV_REFERENCE_V1
78e03381f00a8b165b50be03e3ad47c859ceb317071896ef77ff5e9fe1ce1fb1,MITDB_P222,222,300000000,0,20260927,0,19.131797790527344,1.0,35,V2-002-F00-S20260927,a72ac38ce4df2be3a418366a097fbe027ef38d9964f5b1b5705df5f48169be84,MODEL_V1_CV_REFERENCE_V1
78e874acff90c7775fd07ce4a0b130b1f36038a88a1ed7524369cae55805de7f,MITDB_P124,124,370000000,0,20260927,0,5.604303359985352,0.996331512928009,35,V2-002-F00-S20260927,a72ac38ce4df2be3a418366a097fbe027ef38d9964f5b1b5705df5f48169be84,MODEL_V1_CV_REFERENCE_V1
78fec8de8f757ccd954f5f343b961c724c2929bd85f2660d450f53a1e2bf1222,MITDB_P105,105,360000000,0,20260927,1,3.390599250793457,0.9674094915390015,35,V2-002-F00-S20260927,a72ac38ce4df2be3a418366a097fbe027ef38d9964f5b1b5705df5f48169be84,MODEL_V1_CV_REFERENCE_V1
790b5f90cd05b3a7527524465aca26926c38635638e800217f7f8985efcc19a3,MITDB_P105,105,275000000,0,20260927,0,2.8894779682159424,0.9473239183425903,35,V2-002-F00-S20260927,a72ac38ce4df2be3a418366a097fbe027ef38d9964f5b1b5705df5f48169be84,MODEL_V1_CV_REFERENCE_V1
7920c232d37e6eddf24620904161215a44e1fd84e38273429200475192c33406,MITDB_P203,203,1325000000,0,20260927,1,9.796381950378418,0.9999443292617798,35,V2-002-F00-S20260927,a72ac38ce4df2be3a418366a097fbe027ef38d9964f5b1b5705df5f48169be84,MODEL_V1_CV_REFERENCE_V1
792da7d1c62b1a1f0d3b80b9a4a648d8ba1184b54322f41eeceb0c820e9e20df,MITDB_P209,209,1685000000,0,20260927,1,3.7170095443725586,0.9762702584266663,35,V2-002-F00-S20260927,a72ac38ce4df2be3a418366a097fbe027ef38d9964f5b1b5705df5f48169be84,MODEL_V1_CV_REFERENCE_V1
794678bb8fcb1bd00cbffd698439853e43d87ed4c7ff6f43730beaaaa7792fc7,MITDB_P203,203,1560000000,0,20260927,1,16.55573844909668,0.9999998807907104,35,V2-002-F00-S20260927,a72ac38ce4df2be3a418366a097fbe027ef38d9964f5b1b5705df5f48169be84,MODEL_V1_CV_REFERENCE_V1
79526e193cc159b8d243c187e0e6b94a4f8a7658767fd53c8662b86a1e4e20de,MITDB_P105,105,1705000000,0,20260927,0,1.8129258155822754,0.8597151041030884,35,V2-002-F00-S20260927,a72ac38ce4df2be3a418366a097fbe027ef38d9964f5b1b5705df5f48169be84,MODEL_V1_CV_REFERENCE_V1
795ecad4dedd301e03f3639956c4efc9f3a2b974f64b4a91d73c7608f584f28d,MITDB_P222,222,415000000,0,20260927,0,12.39665699005127,0.9999958276748657,35,V2-002-F00-S20260927,a72ac38ce4df2be3a418366a097fbe027ef38d9964f5b1b5705df5f48169be84,MODEL_V1_CV_REFERENCE_V1
797bc243cd72f3a94cd0774a034cd85fb9f5ed343213ddd9c3be2b4ed53c9db6,MITDB_P105,105,1515000000,0,20260927,0,0.4098067879676819,0.6010415554046631,35,V2-002-F00-S20260927,a72ac38ce4df2be3a418366a097fbe027ef38d9964f5b1b5705df5f48169be84,MODEL_V1_CV_REFERENCE_V1
7985a711b8554d9e2e462074c78d0d81eaf1e3119ddeafadbbd6ec2edd490495,MITDB_P212,212,225000000,0,20260927,0,12.512645721435547,0.9999963045120239,35,V2-002-F00-S20260927,a72ac38ce4df2be3a418366a097fbe027ef38d9964f5b1b5705df5f48169be84,MODEL_V1_CV_REFERENCE_V1
79ab0dcd34dce1e1777828ee082882cfcbcfdff683553a3ee5446623ffb0c238,MITDB_P203,203,815000000,0,20260927,1,15.661815643310547,0.9999998807907104,35,V2-002-F00-S20260927,a72ac38ce4df2be3a418366a097fbe027ef38d9964f5b1b5705df5f48169be84,MODEL_V1_CV_REFERENCE_V1
79b8a994de2e8c91df3ddbca6e6abf1d5fc9dd8d2c3b9494a496591f5b558d94,MITDB_P203,203,1785000000,0,20260927,0,14.379826545715332,0.9999994039535522,35,V2-002-F00-S20260927,a72ac38ce4df2be3a418366a097fbe027ef38d9964f5b1b5705df5f48169be84,MODEL_V1_CV_REFERENCE_V1
79bbbbb58ac760bff1912526949c5afdd8b07bc45c18a4f0062a6a67ebbb2791,MITDB_P222,222,595000000,0,20260927,0,16.406858444213867,0.9999998807907104,35,V2-002-F00-S20260927,a72ac38ce4df2be3a418366a097fbe027ef38d9964f5b1b5705df5f48169be84,MODEL_V1_CV_REFERENCE_V1
79cca644ed15e1152cfc920c2bedc3d8d6a03e6982cbe023a9413d52c71ccc3e,MITDB_P203,203,1410000000,0,20260927,0,4.570221900939941,0.9897504448890686,35,V2-002-F00-S20260927,a72ac38ce4df2be3a418366a097fbe027ef38d9964f5b1b5705df5f48169be84,MODEL_V1_CV_REFERENCE_V1
79e6029b583c1b0c4a99b603db34eac1c5799e1a36b7bad476c21c3954bf9fd2,MITDB_P203,203,135000000,0,20260927,1,22.184185028076172,1.0,35,V2-002-F00-S20260927,a72ac38ce4df2be3a418366a097fbe027ef38d9964f5b1b5705df5f48169be84,MODEL_V1_CV_REFERENCE_V1
7a236bbad6ad7dd6b4c6c64139345ac187b04efe87c6413713317d835c83d709,MITDB_P209,209,1040000000,0,20260927,0,9.951459884643555,0.9999523162841797,35,V2-002-F00-S20260927,a72ac38ce4df2be3a418366a097fbe027ef38d9964f5b1b5705df5f48169be84,MODEL_V1_CV_REFERENCE_V1
7a269e01a2b7494ed252699cf33185d6baeb474b70c0be5acfd5c941db053c2d,MITDB_P209,209,440000000,0,20260927,1,5.954221725463867,0.9974119067192078,35,V2-002-F00-S20260927,a72ac38ce4df2be3a418366a097fbe027ef38d9964f5b1b5705df5f48169be84,MODEL_V1_CV_REFERENCE_V1
7a3adb1deb49f92728a8c82ea0a93e6b004fccfa8f1c6126d6b2591552a6d953,MITDB_P124,124,1420000000,0,20260927,1,9.08166217803955,0.9998862743377686,35,V2-002-F00-S20260927,a72ac38ce4df2be3a418366a097fbe027ef38d9964f5b1b5705df5f48169be84,MODEL_V1_CV_REFERENCE_V1
7a5f176a050013b28196eac6df34af44d36c806ec621e3095fad7d2fb915eb9d,MITDB_P222,222,220000000,0,20260927,0,15.459863662719727,0.9999997615814209,35,V2-002-F00-S20260927,a72ac38ce4df2be3a418366a097fbe027ef38d9964f5b1b5705df5f48169be84,MODEL_V1_CV_REFERENCE_V1
7a7715d32407c1d4e0e7f81debb12cdab20416ba3561aa0002aa085412b366cf,MITDB_P209,209,515000000,0,20260927,1,5.1305952072143555,0.9941217303276062,35,V2-002-F00-S20260927,a72ac38ce4df2be3a418366a097fbe027ef38d9964f5b1b5705df5f48169be84,MODEL_V1_CV_REFERENCE_V1
7a7acefc4a5c06068a601afbfff64ec97b0f3af3881f484ecc34cdcdf87bbec0,MITDB_P124,124,365000000,0,20260927,0,6.763260364532471,0.9988458156585693,35,V2-002-F00-S20260927,a72ac38ce4df2be3a418366a097fbe027ef38d9964f5b1b5705df5f48169be84,MODEL_V1_CV_REFERENCE_V1
7a86e5b55ce4fb1e6470b4fbc50c22c96f4bb70b3e680ecfe7d0bbed03957c49,MITDB_P209,209,1100000000,0,20260927,0,14.535741806030273,0.9999995231628418,35,V2-002-F00-S20260927,a72ac38ce4df2be3a418366a097fbe027ef38d9964f5b1b5705df5f48169be84,MODEL_V1_CV_REFERENCE_V1
7ab44fe503a25651bbabac40bd32af973e0c1c93c68f2b8c2b8bf2de84c10573,MITDB_P212,212,95000000,0,20260927,0,0.18894603848457336,0.5470964908599854,35,V2-002-F00-S20260927,a72ac38ce4df2be3a418366a097fbe027ef38d9964f5b1b5705df5f48169be84,MODEL_V1_CV_REFERENCE_V1
7ae42e760a3604a8117dd740a48983e8950e2f0d9503ad732ac22e609585c15b,MITDB_P209,209,540000000,0,20260927,0,7.8686604499816895,0.9996175765991211,35,V2-002-F00-S20260927,a72ac38ce4df2be3a418366a097fbe027ef38d9964f5b1b5705df5f48169be84,MODEL_V1_CV_REFERENCE_V1
7ae91d5eaaf5a849fa2e80f1091b6bc4115c0321b014a23dbae0dbb41aae3bfe,MITDB_P209,209,100000000,0,20260927,0,10.305319786071777,0.9999665021896362,35,V2-002-F00-S20260927,a72ac38ce4df2be3a418366a097fbe027ef38d9964f5b1b5705df5f48169be84,MODEL_V1_CV_REFERENCE_V1
7b02e9c98cb57784715ed76de3abf02295adcf88ae23947afe351be621686ee3,MITDB_P212,212,1495000000,0,20260927,0,-0.6315019130706787,0.3471700847148895,35,V2-002-F00-S20260927,a72ac38ce4df2be3a418366a097fbe027ef38d9964f5b1b5705df5f48169be84,MODEL_V1_CV_REFERENCE_V1
7b106632810d91b2055e95a1a1579f3e55271b0f72bdf503b09fc3c3e91f9e97,MITDB_P124,124,210000000,0,20260927,0,8.828125,0.9998534917831421,35,V2-002-F00-S20260927,a72ac38ce4df2be3a418366a097fbe027ef38d9964f5b1b5705df5f48169be84,MODEL_V1_CV_REFERENCE_V1
7b293d1ed57ce1e20c0a855f21639b20cb1279bbca5f258cbcd242853f9c1571,MITDB_P222,222,525000000,0,20260927,0,13.083974838256836,0.9999979734420776,35,V2-002-F00-S20260927,a72ac38ce4df2be3a418366a097fbe027ef38d9964f5b1b5705df5f48169be84,MODEL_V1_CV_REFERENCE_V1
7b2d39da58f979c6cf5dcaf930ac9249afc0660770c32225f47fba04d1c7733a,MITDB_P124,124,1005000000,0,20260927,1,5.296149253845215,0.9950141310691833,35,V2-002-F00-S20260927,a72ac38ce4df2be3a418366a097fbe027ef38d9964f5b1b5705df5f48169be84,MODEL_V1_CV_REFERENCE_V1
7b399a8ddee5d0db5c32e77155f080135a7b89456a1a3485ea302ecae1737375,MITDB_P212,212,1160000000,0,20260927,0,-0.3272310197353363,0.4189144968986511,35,V2-002-F00-S20260927,a72ac38ce4df2be3a418366a097fbe027ef38d9964f5b1b5705df5f48169be84,MODEL_V1_CV_REFERENCE_V1
7b4491be67fb8a156bbe30d6caf1f1770b12924a36fe723b631a3bdf1bbd1d34,MITDB_P212,212,1250000000,0,20260927,0,11.79469108581543,0.9999924898147583,35,V2-002-F00-S20260927,a72ac38ce4df2be3a418366a097fbe027ef38d9964f5b1b5705df5f48169be84,MODEL_V1_CV_REFERENCE_V1
7b48cd5d49b71fdc3093239490aa1a19833e39ace227cb10bd450e9d09802750,MITDB_P203,203,325000000,0,20260927,1,13.24199390411377,0.9999982118606567,35,V2-002-F00-S20260927,a72ac38ce4df2be3a418366a097fbe027ef38d9964f5b1b5705df5f48169be84,MODEL_V1_CV_REFERENCE_V1
7b5e3a4762a38037bce190558b999030038b906a0eb94a4ff18b8cad2ec8ee28,MITDB_P212,212,1435000000,0,20260927,0,12.403787612915039,0.9999959468841553,35,V2-002-F00-S20260927,a72ac38ce4df2be3a418366a097fbe027ef38d9964f5b1b5705df5f48169be84,MODEL_V1_CV_REFERENCE_V1
7b7c4c98668f23f87aa8d6666b04cdbe9c30416fe754c9b12fc909068ff8db6e,MITDB_P209,209,1730000000,0,20260927,1,4.536344051361084,0.9894010424613953,35,V2-002-F00-S20260927,a72ac38ce4df2be3a418366a097fbe027ef38d9964f5b1b5705df5f48169be84,MODEL_V1_CV_REFERENCE_V1
7b914e19b5dc18c888988df823b80a2bf095082cc8e7afc06b1bc04fd5052e94,MITDB_P209,209,1535000000,0,20260927,1,6.897092342376709,0.9989902377128601,35,V2-002-F00-S20260927,a72ac38ce4df2be3a418366a097fbe027ef38d9964f5b1b5705df5f48169be84,MODEL_V1_CV_REFERENCE_V1
7b9476f261839b70e1f10914923ba59b6e8a772bb140511168b1751a515adcb5,MITDB_P222,222,620000000,0,20260927,1,10.965493202209473,0.9999827146530151,35,V2-002-F00-S20260927,a72ac38ce4df2be3a418366a097fbe027ef38d9964f5b1b5705df5f48169be84,MODEL_V1_CV_REFERENCE_V1
7bb01f9b9c6312f933f8e3d589ad1da1e13a84db021f624bccb88c09ac18601a,MITDB_P203,203,980000000,0,20260927,1,15.607341766357422,0.9999998807907104,35,V2-002-F00-S20260927,a72ac38ce4df2be3a418366a097fbe027ef38d9964f5b1b5705df5f48169be84,MODEL_V1_CV_REFERENCE_V1
7c09805159b2321f8943207847a23364e2fd55aecadf7e268cc690027f9960f2,MITDB_P124,124,1165000000,0,20260927,0,4.839542865753174,0.9921513795852661,35,V2-002-F00-S20260927,a72ac38ce4df2be3a418366a097fbe027ef38d9964f5b1b5705df5f48169be84,MODEL_V1_CV_REFERENCE_V1
7c1cddfaa63e3f565546cde2d00888ad20bee76a3a45aa854fe113f22fe23482,MITDB_P203,203,90000000,0,20260927,1,9.729256629943848,0.9999405145645142,35,V2-002-F00-S20260927,a72ac38ce4df2be3a418366a097fbe027ef38d9964f5b1b5705df5f48169be84,MODEL_V1_CV_REFERENCE_V1
7cc12ccc101dd5918048ab47d640fb30fac15041cebe30442aa1848d3456d6f9,MITDB_P222,222,215000000,0,20260927,0,13.225683212280273,0.9999982118606567,35,V2-002-F00-S20260927,a72ac38ce4df2be3a418366a097fbe027ef38d9964f5b1b5705df5f48169be84,MODEL_V1_CV_REFERENCE_V1
7cc8cfdb145697b0df7f480305d253fd756c90e8e7cb8f2f36de450d7cbd4b96,MITDB_P203,203,345000000,0,20260927,1,12.513591766357422,0.9999963045120239,35,V2-002-F00-S20260927,a72ac38ce4df2be3a418366a097fbe027ef38d9964f5b1b5705df5f48169be84,MODEL_V1_CV_REFERENCE_V1
7cd3d71bd59a47b084c28367de043675504b029f78be03437f1a5f4fd3091c96,MITDB_P209,209,370000000,0,20260927,1,10.909364700317383,0.9999817609786987,35,V2-002-F00-S20260927,a72ac38ce4df2be3a418366a097fbe027ef38d9964f5b1b5705df5f48169be84,MODEL_V1_CV_REFERENCE_V1
7cfa69166d7a2e4ec7b4d09898ee5ab1c2d1aa612388fff797cd6c1a242f7d55,MITDB_P105,105,280000000,0,20260927,0,2.304445505142212,0.9092445373535156,35,V2-002-F00-S20260927,a72ac38ce4df2be3a418366a097fbe027ef38d9964f5b1b5705df5f48169be84,MODEL_V1_CV_REFERENCE_V1
7cfbd9d53e230cfeeac18a74534cc2899472a0c775e9178404709c9f3a224c19,MITDB_P105,105,1100000000,0,20260927,0,-0.4312843978404999,0.3938196897506714,35,V2-002-F00-S20260927,a72ac38ce4df2be3a418366a097fbe027ef38d9964f5b1b5705df5f48169be84,MODEL_V1_CV_REFERENCE_V1
7d042548ca2a6ff93b2030cf5bc0e5d00c4115ae5d1d2410b900aee3f177c442,MITDB_P105,105,770000000,0,20260927,0,1.481367826461792,0.8147791028022766,35,V2-002-F00-S20260927,a72ac38ce4df2be3a418366a097fbe027ef38d9964f5b1b5705df5f48169be84,MODEL_V1_CV_REFERENCE_V1
7d100e8c3b88a16ebebb2495a0b4d9287f83878378abb11c0b49ee2ef9867f65,MITDB_P209,209,1595000000,0,20260927,0,5.697231292724609,0.9966559410095215,35,V2-002-F00-S20260927,a72ac38ce4df2be3a418366a097fbe027ef38d9964f5b1b5705df5f48169be84,MODEL_V1_CV_REFERENCE_V1
7d3b537a27a11243c6ce3ef6ab008e395f5882b46248605bc0585681d4e7fe28,MITDB_P124,124,1510000000,0,20260927,0,5.8296074867248535,0.9970694184303284,35,V2-002-F00-S20260927,a72ac38ce4df2be3a418366a097fbe027ef38d9964f5b1b5705df5f48169be84,MODEL_V1_CV_REFERENCE_V1
7d4e67e213e2eed711e01d7e1e38cb669c840af9a89586861db1b1e2c614cdd6,MITDB_P209,209,1675000000,0,20260927,1,8.075263023376465,0.999688982963562,35,V2-002-F00-S20260927,a72ac38ce4df2be3a418366a097fbe027ef38d9964f5b1b5705df5f48169be84,MODEL_V1_CV_REFERENCE_V1
7d6776521ea6316221c54270388956cddc7efd169f8ad8ab2b84fe9ea6741227,MITDB_P105,105,845000000,0,20260927,0,-0.5935194492340088,0.3558277487754822,35,V2-002-F00-S20260927,a72ac38ce4df2be3a418366a097fbe027ef38d9964f5b1b5705df5f48169be84,MODEL_V1_CV_REFERENCE_V1
7d81fd0d8b007fab8bd2f28bd46868db11fa7861f9a4e78f8e79fb952b20067d,MITDB_P212,212,165000000,0,20260927,0,21.44407081604004,1.0,35,V2-002-F00-S20260927,a72ac38ce4df2be3a418366a097fbe027ef38d9964f5b1b5705df5f48169be84,MODEL_V1_CV_REFERENCE_V1
7d8ccddfc2cb6cb99397553109da722c50db987f6ee0c965203c2060e00fa35e,MITDB_P209,209,835000000,0,20260927,0,7.915398120880127,0.9996349811553955,35,V2-002-F00-S20260927,a72ac38ce4df2be3a418366a097fbe027ef38d9964f5b1b5705df5f48169be84,MODEL_V1_CV_REFERENCE_V1
7db6648047ea0e148c88cdca932952c314b4686a31273c038265c766f3ba8c7e,MITDB_P203,203,405000000,0,20260927,1,10.451316833496094,0.9999710321426392,35,V2-002-F00-S20260927,a72ac38ce4df2be3a418366a097fbe027ef38d9964f5b1b5705df5f48169be84,MODEL_V1_CV_REFERENCE_V1
7dc21474c9a99c35ffa3b509a70b3798abaf9eb568bbe10bdf9340f20f33c9e4,MITDB_P124,124,1115000000,0,20260927,0,5.966925621032715,0.9974443912506104,35,V2-002-F00-S20260927,a72ac38ce4df2be3a418366a097fbe027ef38d9964f5b1b5705df5f48169be84,MODEL_V1_CV_REFERENCE_V1
7dd1629c92cb16b30ecd448f16ef1fe5285607272bae33c2f84adb61600713db,MITDB_P105,105,1665000000,0,20260927,0,4.366194248199463,0.9874597787857056,35,V2-002-F00-S20260927,a72ac38ce4df2be3a418366a097fbe027ef38d9964f5b1b5705df5f48169be84,MODEL_V1_CV_REFERENCE_V1
7e055cc205698f91b415691f13084c027394f17f3c651f5535e76cf72dcc51c2,MITDB_P212,212,1315000000,0,20260927,0,13.627016067504883,0.9999988079071045,35,V2-002-F00-S20260927,a72ac38ce4df2be3a418366a097fbe027ef38d9964f5b1b5705df5f48169be84,MODEL_V1_CV_REFERENCE_V1
7e602942cac067e1f935c3c3d24cacd48eee1d8ea383c27681053d91b0bb3525,MITDB_P105,105,1535000000,0,20260927,0,1.2374991178512573,0.7751284241676331,35,V2-002-F00-S20260927,a72ac38ce4df2be3a418366a097fbe027ef38d9964f5b1b5705df5f48169be84,MODEL_V1_CV_REFERENCE_V1
7e7727a3749c0c64b6f89887d6d6e84691f3328bd332048b2aaabd6cdf06f943,MITDB_P222,222,1365000000,0,20260927,1,7.437617301940918,0.9994117021560669,35,V2-002-F00-S20260927,a72ac38ce4df2be3a418366a097fbe027ef38d9964f5b1b5705df5f48169be84,MODEL_V1_CV_REFERENCE_V1
7f1bda0b818063825f26875f3149c2862e731c24efdd988c9dacd614280e3337,MITDB_P212,212,215000000,0,20260927,0,15.63253402709961,0.9999998807907104,35,V2-002-F00-S20260927,a72ac38ce4df2be3a418366a097fbe027ef38d9964f5b1b5705df5f48169be84,MODEL_V1_CV_REFERENCE_V1
7f469ca3d2dbf296dd92b26b2238f249b39d5ae543d040cb697b1fb9a7b8ec93,MITDB_P222,222,1605000000,0,20260927,1,4.802422046661377,0.9918570518493652,35,V2-002-F00-S20260927,a72ac38ce4df2be3a418366a097fbe027ef38d9964f5b1b5705df5f48169be84,MODEL_V1_CV_REFERENCE_V1
7f53bcfa3494373f4fae86a5727c671a20c23b2ac09f30c105a74756abb97303,MITDB_P124,124,130000000,0,20260927,0,4.318382740020752,0.9868537187576294,35,V2-002-F00-S20260927,a72ac38ce4df2be3a418366a097fbe027ef38d9964f5b1b5705df5f48169be84,MODEL_V1_CV_REFERENCE_V1
7f555b7d09b66c61cef47715dea3977a23c7cd1c793a809442d86e3b21a98a56,MITDB_P124,124,1565000000,0,20260927,0,7.244048118591309,0.9992861151695251,35,V2-002-F00-S20260927,a72ac38ce4df2be3a418366a097fbe027ef38d9964f5b1b5705df5f48169be84,MODEL_V1_CV_REFERENCE_V1
7f7a4218376768c4efd7dfe2abc876cb78b22716b3216e7c0c2b6c57c0dac05d,MITDB_P222,222,1340000000,0,20260927,0,6.561300754547119,0.9985879063606262,35,V2-002-F00-S20260927,a72ac38ce4df2be3a418366a097fbe027ef38d9964f5b1b5705df5f48169be84,MODEL_V1_CV_REFERENCE_V1
7f8539343a6a5efd5f501c670dde59bbbdf75996106bc3a22c24c8dc11fe0c71,MITDB_P203,203,1110000000,0,20260927,1,12.201854705810547,0.9999949932098389,35,V2-002-F00-S20260927,a72ac38ce4df2be3a418366a097fbe027ef38d9964f5b1b5705df5f48169be84,MODEL_V1_CV_REFERENCE_V1
806026f626d88967b39a9fabd8c56fb7a954a988911ef3e1c56c80c2b4858745,MITDB_P209,209,1690000000,0,20260927,1,5.9594855308532715,0.997425377368927,35,V2-002-F00-S20260927,a72ac38ce4df2be3a418366a097fbe027ef38d9964f5b1b5705df5f48169be84,MODEL_V1_CV_REFERENCE_V1
80626a0b15883b64397782e47196710c06be44cd031f7016b4cafdf71963b608,MITDB_P105,105,615000000,0,20260927,0,1.692739486694336,0.8445841073989868,35,V2-002-F00-S20260927,a72ac38ce4df2be3a418366a097fbe027ef38d9964f5b1b5705df5f48169be84,MODEL_V1_CV_REFERENCE_V1
807e255d2fa40929cd018ec3d46897713b20772097b0fc0039cc7c167630914d,MITDB_P222,222,225000000,0,20260927,0,14.83082389831543,0.9999996423721313,35,V2-002-F00-S20260927,a72ac38ce4df2be3a418366a097fbe027ef38d9964f5b1b5705df5f48169be84,MODEL_V1_CV_REFERENCE_V1
8092c95ffbd9b7303bc7719d9376891a1e7ca75ec076cd7e661f7d9cb7f5a8b2,MITDB_P209,209,760000000,0,20260927,1,10.132244110107422,0.99996018409729,35,V2-002-F00-S20260927,a72ac38ce4df2be3a418366a097fbe027ef38d9964f5b1b5705df5f48169be84,MODEL_V1_CV_REFERENCE_V1
809762c218843aa7ac04612ae99d02560f04abb686329b9f7dd389466dd02efa,MITDB_P222,222,1435000000,0,20260927,1,10.002738952636719,0.9999547004699707,35,V2-002-F00-S20260927,a72ac38ce4df2be3a418366a097fbe027ef38d9964f5b1b5705df5f48169be84,MODEL_V1_CV_REFERENCE_V1
80b7b5cc02139e491059eceb2bc4e5bc1a6e492ac94f3ff219260b28612d1d52,MITDB_P105,105,645000000,0,20260927,1,3.5477216243743896,0.9720155596733093,35,V2-002-F00-S20260927,a72ac38ce4df2be3a418366a097fbe027ef38d9964f5b1b5705df5f48169be84,MODEL_V1_CV_REFERENCE_V1
81002100d4f1d994a79a429453674ae0e6cea7308101ab554c043e132a723b9b,MITDB_P222,222,1530000000,0,20260927,0,19.56735610961914,1.0,35,V2-002-F00-S20260927,a72ac38ce4df2be3a418366a097fbe027ef38d9964f5b1b5705df5f48169be84,MODEL_V1_CV_REFERENCE_V1
811aac2eb1e69b6728ebf23290dc1e82993450501d437049ae43fdd7d4276eaa,MITDB_P209,209,1655000000,0,20260927,0,6.423734188079834,0.9983800649642944,35,V2-002-F00-S20260927,a72ac38ce4df2be3a418366a097fbe027ef38d9964f5b1b5705df5f48169be84,MODEL_V1_CV_REFERENCE_V1
81209ec8b89a1d336928cba911cd3d5bd8965b5225cd4ff140b2034e18692cd1,MITDB_P124,124,145000000,0,20260927,0,5.596731185913086,0.9963037967681885,35,V2-002-F00-S20260927,a72ac38ce4df2be3a418366a097fbe027ef38d9964f5b1b5705df5f48169be84,MODEL_V1_CV_REFERENCE_V1
812b284e602b4f40610acda4c61cda0257f095620a99a953b53306cdc95e2a38,MITDB_P203,203,565000000,0,20260927,0,11.198382377624512,0.9999862909317017,35,V2-002-F00-S20260927,a72ac38ce4df2be3a418366a097fbe027ef38d9964f5b1b5705df5f48169be84,MODEL_V1_CV_REFERENCE_V1
8150a06caa0547f0a2697246027f3c68b5058bc05480cfb94d5ea8494258c128,MITDB_P209,209,510000000,0,20260927,1,6.446940898895264,0.9984171390533447,35,V2-002-F00-S20260927,a72ac38ce4df2be3a418366a097fbe027ef38d9964f5b1b5705df5f48169be84,MODEL_V1_CV_REFERENCE_V1
81530d55a6b9a3d9aaaeb0e6394c09816de37c225092a81249e5a413c18f53cf,MITDB_P105,105,715000000,0,20260927,1,3.9585752487182617,0.9812673330307007,35,V2-002-F00-S20260927,a72ac38ce4df2be3a418366a097fbe027ef38d9964f5b1b5705df5f48169be84,MODEL_V1_CV_REFERENCE_V1
815d2f26bd4a92d5dcc9c3b3f75f9146ccee56595295ca7a7ec03f81af250bee,MITDB_P203,203,1395000000,0,20260927,1,9.265546798706055,0.9999053478240967,35,V2-002-F00-S20260927,a72ac38ce4df2be3a418366a097fbe027ef38d9964f5b1b5705df5f48169be84,MODEL_V1_CV_REFERENCE_V1
81638f86e4427650af3ddb7b4a00a0fe642517ad1e935b7491c729bf6f3ea197,MITDB_P222,222,80000000,0,20260927,0,19.143890380859375,1.0,35,V2-002-F00-S20260927,a72ac38ce4df2be3a418366a097fbe027ef38d9964f5b1b5705df5f48169be84,MODEL_V1_CV_REFERENCE_V1
816ed224d78a739486287245b1a28741476d8771cb135d630cf9c3b471f025c5,MITDB_P105,105,1610000000,0,20260927,0,-0.8027126789093018,0.3094455599784851,35,V2-002-F00-S20260927,a72ac38ce4df2be3a418366a097fbe027ef38d9964f5b1b5705df5f48169be84,MODEL_V1_CV_REFERENCE_V1
819a57adff305efc8fcb4bfc3009633a9bd35b27af6c08d79f2d7ba70d8644c9,MITDB_P203,203,1520000000,0,20260927,1,13.464820861816406,0.9999985694885254,35,V2-002-F00-S20260927,a72ac38ce4df2be3a418366a097fbe027ef38d9964f5b1b5705df5f48169be84,MODEL_V1_CV_REFERENCE_V1
8208adf3fb5532328c9ac0e739fad03f66e7ed54781a8c805bee6c40f2f8e816,MITDB_P212,212,1175000000,0,20260927,0,17.3492374420166,1.0,35,V2-002-F00-S20260927,a72ac38ce4df2be3a418366a097fbe027ef38d9964f5b1b5705df5f48169be84,MODEL_V1_CV_REFERENCE_V1
8249f5aaf58b3985cefd62e037a7786111450ff9f406a1462d230702b87eab44,MITDB_P105,105,1335000000,0,20260927,0,13.574363708496094,0.9999986886978149,35,V2-002-F00-S20260927,a72ac38ce4df2be3a418366a097fbe027ef38d9964f5b1b5705df5f48169be84,MODEL_V1_CV_REFERENCE_V1
824aa3108da0eb6b7ff6b3504cce1b9bba8f612a28acd5a94847f26fea425953,MITDB_P212,212,460000000,0,20260927,0,16.505168914794922,0.9999998807907104,35,V2-002-F00-S20260927,a72ac38ce4df2be3a418366a097fbe027ef38d9964f5b1b5705df5f48169be84,MODEL_V1_CV_REFERENCE_V1
824e8f2bbebdee161d5f99e8b5a5c8312626c2f622b9d0e84485d0ffbad0f6da,MITDB_P222,222,430000000,0,20260927,0,12.256613731384277,0.999995231628418,35,V2-002-F00-S20260927,a72ac38ce4df2be3a418366a097fbe027ef38d9964f5b1b5705df5f48169be84,MODEL_V1_CV_REFERENCE_V1
82630b3b9456f4792255244d717de7bb85701116bccaf808157799b72989ce12,MITDB_P203,203,480000000,0,20260927,1,18.14703941345215,1.0,35,V2-002-F00-S20260927,a72ac38ce4df2be3a418366a097fbe027ef38d9964f5b1b5705df5f48169be84,MODEL_V1_CV_REFERENCE_V1
82658117742c40feea7975a0f28bfc62786b7448bad69ecca2e4cd9749b376dd,MITDB_P212,212,240000000,0,20260927,0,13.946771621704102,0.9999991655349731,35,V2-002-F00-S20260927,a72ac38ce4df2be3a418366a097fbe027ef38d9964f5b1b5705df5f48169be84,MODEL_V1_CV_REFERENCE_V1
827b0c0d98dc10f5d4cde11bb7ffa9dae55430213f6107a8296d8011ff806515,MITDB_P105,105,720000000,0,20260927,0,1.724520206451416,0.8487101793289185,35,V2-002-F00-S20260927,a72ac38ce4df2be3a418366a097fbe027ef38d9964f5b1b5705df5f48169be84,MODEL_V1_CV_REFERENCE_V1
828b34000c8c2c0150ba8fb25fd96a0829a923f9ae0cf9602ffc66ca4cedd8eb,MITDB_P105,105,1740000000,0,20260927,0,0.8290772438049316,0.6961597204208374,35,V2-002-F00-S20260927,a72ac38ce4df2be3a418366a097fbe027ef38d9964f5b1b5705df5f48169be84,MODEL_V1_CV_REFERENCE_V1
8292553ea24c50f47416d30a57c5046c59823f8e1aac47df776db13eb51021e9,MITDB_P124,124,785000000,0,20260927,0,5.230627059936523,0.9946783781051636,35,V2-002-F00-S20260927,a72ac38ce4df2be3a418366a097fbe027ef38d9964f5b1b5705df5f48169be84,MODEL_V1_CV_REFERENCE_V1
82b293d079a44b270fd7d66d7c86018196ba8dee0b6af1c801882e3474cb08f7,MITDB_P222,222,205000000,0,20260927,0,13.089601516723633,0.9999979734420776,35,V2-002-F00-S20260927,a72ac38ce4df2be3a418366a097fbe027ef38d9964f5b1b5705df5f48169be84,MODEL_V1_CV_REFERENCE_V1
82fd56643bd2c1393f725d099c73f971e1e0a28aa065ecc17621f4962e163a37,MITDB_P105,105,1730000000,0,20260927,0,2.8727657794952393,0.9464836716651917,35,V2-002-F00-S20260927,a72ac38ce4df2be3a418366a097fbe027ef38d9964f5b1b5705df5f48169be84,MODEL_V1_CV_REFERENCE_V1
830342d30e09379ed6ccbc488007548ec32ad81932b4f1988c056301a9b9fe82,MITDB_P105,105,130000000,0,20260927,1,2.062563180923462,0.8872109651565552,35,V2-002-F00-S20260927,a72ac38ce4df2be3a418366a097fbe027ef38d9964f5b1b5705df5f48169be84,MODEL_V1_CV_REFERENCE_V1
833752c9e5c4393e46d37a104684eb0dea3dc873c370f40227e2c6fa4e99312e,MITDB_P212,212,290000000,0,20260927,0,19.198583602905273,1.0,35,V2-002-F00-S20260927,a72ac38ce4df2be3a418366a097fbe027ef38d9964f5b1b5705df5f48169be84,MODEL_V1_CV_REFERENCE_V1
8343dd73c0cdd27a68d480357979b7ee1cc2d4d39ff6563be40cfced6def36b0,MITDB_P212,212,1195000000,0,20260927,0,12.750482559204102,0.9999971389770508,35,V2-002-F00-S20260927,a72ac38ce4df2be3a418366a097fbe027ef38d9964f5b1b5705df5f48169be84,MODEL_V1_CV_REFERENCE_V1
8378c86999d59b322d30b10bf9302bdc49994910983722d5fcff0b0434d1d00b,MITDB_P203,203,865000000,0,20260927,0,16.528121948242188,0.9999998807907104,35,V2-002-F00-S20260927,a72ac38ce4df2be3a418366a097fbe027ef38d9964f5b1b5705df5f48169be84,MODEL_V1_CV_REFERENCE_V1
839133d915c267c845c4e46c25bc24d308463f359a1c94ab3f974218be45043c,MITDB_P105,105,650000000,0,20260927,1,4.025856971740723,0.9824648499488831,35,V2-002-F00-S20260927,a72ac38ce4df2be3a418366a097fbe027ef38d9964f5b1b5705df5f48169be84,MODEL_V1_CV_REFERENCE_V1
83b6ed2cc9847234617693b57660e73c513db9e4aefbb44d079ef7e726c7a67a,MITDB_P124,124,485000000,0,20260927,0,8.51357364654541,0.9997993111610413,35,V2-002-F00-S20260927,a72ac38ce4df2be3a418366a097fbe027ef38d9964f5b1b5705df5f48169be84,MODEL_V1_CV_REFERENCE_V1
84114f277a1024ace688b2ea0daa18091e09ed5942e8841a61ae20f275ad392f,MITDB_P209,209,1615000000,0,20260927,1,7.621213912963867,0.9995102882385254,35,V2-002-F00-S20260927,a72ac38ce4df2be3a418366a097fbe027ef38d9964f5b1b5705df5f48169be84,MODEL_V1_CV_REFERENCE_V1
8445d2cf700eca7449fca4a7e74556e55f484eb4ea7dbce3184057cae121fcc1,MITDB_P209,209,1440000000,0,20260927,0,7.2115373611450195,0.9992625117301941,35,V2-002-F00-S20260927,a72ac38ce4df2be3a418366a097fbe027ef38d9964f5b1b5705df5f48169be84,MODEL_V1_CV_REFERENCE_V1
844c688ffbd02e60bbdb64d538f76c80f3c3ed0b48bed1f70f2ec068f7652c73,MITDB_P222,222,1125000000,0,20260927,1,14.57684326171875,0.9999995231628418,35,V2-002-F00-S20260927,a72ac38ce4df2be3a418366a097fbe027ef38d9964f5b1b5705df5f48169be84,MODEL_V1_CV_REFERENCE_V1
8450b0e0662feb8d061c6ed889cc8efc382b239955e74e033528995ba6519da3,MITDB_P105,105,1420000000,0,20260927,0,2.0778467655181885,0.8887312412261963,35,V2-002-F00-S20260927,a72ac38ce4df2be3a418366a097fbe027ef38d9964f5b1b5705df5f48169be84,MODEL_V1_CV_REFERENCE_V1
846ce78f33d50485151d08820163235424275ba926213e7d4f1e1b1386342b5b,MITDB_P222,222,530000000,0,20260927,0,10.233377456665039,0.9999639987945557,35,V2-002-F00-S20260927,a72ac38ce4df2be3a418366a097fbe027ef38d9964f5b1b5705df5f48169be84,MODEL_V1_CV_REFERENCE_V1
84a8bb5de62015901b3a81ffe3eb2fe4c272c510371e50a866c1e8cd5c16583f,MITDB_P222,222,1715000000,0,20260927,0,9.690820693969727,0.9999381303787231,35,V2-002-F00-S20260927,a72ac38ce4df2be3a418366a097fbe027ef38d9964f5b1b5705df5f48169be84,MODEL_V1_CV_REFERENCE_V1
84ac410dc5123c4c3912dda090a153276aef88be9b535431c8de39e9644e236d,MITDB_P105,105,310000000,0,20260927,1,3.506929397583008,0.9708842635154724,35,V2-002-F00-S20260927,a72ac38ce4df2be3a418366a097fbe027ef38d9964f5b1b5705df5f48169be84,MODEL_V1_CV_REFERENCE_V1
84c37a3b3a1ccf981bbb508c772f82604947541e8a616381e9b2545d2681e944,MITDB_P222,222,1110000000,0,20260927,0,18.241619110107422,1.0,35,V2-002-F00-S20260927,a72ac38ce4df2be3a418366a097fbe027ef38d9964f5b1b5705df5f48169be84,MODEL_V1_CV_REFERENCE_V1
84dbff96f424978f8bca26d500ce2dead1bf2ad844e0c312801b95754b4284e1,MITDB_P203,203,1335000000,0,20260927,1,12.302931785583496,0.9999954700469971,35,V2-002-F00-S20260927,a72ac38ce4df2be3a418366a097fbe027ef38d9964f5b1b5705df5f48169be84,MODEL_V1_CV_REFERENCE_V1
84e17db019cbe62e247171d078bf940095d31f3960f92fcdd5360036bf09f1b6,MITDB_P124,124,450000000,0,20260927,1,5.881547927856445,0.9972172975540161,35,V2-002-F00-S20260927,a72ac38ce4df2be3a418366a097fbe027ef38d9964f5b1b5705df5f48169be84,MODEL_V1_CV_REFERENCE_V1
84e2bd895f50127c1c44a59badf6faccde5fc19cbbb29f58f8444e7e144d5913,MITDB_P222,222,90000000,0,20260927,0,17.734375,1.0,35,V2-002-F00-S20260927,a72ac38ce4df2be3a418366a097fbe027ef38d9964f5b1b5705df5f48169be84,MODEL_V1_CV_REFERENCE_V1
84ec35f66a880338040214439c0bbfb989abbe84673fd2a1c091c17b93601e00,MITDB_P212,212,1045000000,0,20260927,0,15.154618263244629,0.9999997615814209,35,V2-002-F00-S20260927,a72ac38ce4df2be3a418366a097fbe027ef38d9964f5b1b5705df5f48169be84,MODEL_V1_CV_REFERENCE_V1
84efcdd8e24ec0cd26f678c02945bcb5eb01320cc76fa7a3a2f6bbc491972986,MITDB_P209,209,415000000,0,20260927,1,10.058107376098633,0.9999572038650513,35,V2-002-F00-S20260927,a72ac38ce4df2be3a418366a097fbe027ef38d9964f5b1b5705df5f48169be84,MODEL_V1_CV_REFERENCE_V1
84f184e28452f245fbe5487a881bde732a8d36166b245bc245396aeecf342124,MITDB_P203,203,735000000,0,20260927,1,18.74015235900879,1.0,35,V2-002-F00-S20260927,a72ac38ce4df2be3a418366a097fbe027ef38d9964f5b1b5705df5f48169be84,MODEL_V1_CV_REFERENCE_V1
850496cc69bbdff1b07aa103eb384473acddf9d83bc9e8b99725e432ad8efdc3,MITDB_P203,203,370000000,0,20260927,0,10.824064254760742,0.999980092048645,35,V2-002-F00-S20260927,a72ac38ce4df2be3a418366a097fbe027ef38d9964f5b1b5705df5f48169be84,MODEL_V1_CV_REFERENCE_V1
851eec6fc300738e18408e474d15ff8ae6899fa3960f3cc3272d7f2771a832a0,MITDB_P203,203,1190000000,0,20260927,1,11.554801940917969,0.9999904632568359,35,V2-002-F00-S20260927,a72ac38ce4df2be3a418366a097fbe027ef38d9964f5b1b5705df5f48169be84,MODEL_V1_CV_REFERENCE_V1
854fb092633f40bec10c20b6bf8d58960b9b271415290468cdf7a58d0ea3c10e,MITDB_P105,105,1180000000,0,20260927,0,-0.02644781582057476,0.49338844418525696,35,V2-002-F00-S20260927,a72ac38ce4df2be3a418366a097fbe027ef38d9964f5b1b5705df5f48169be84,MODEL_V1_CV_REFERENCE_V1
855bb85af1880492662c9ae0b432834936a3f9270a0ecfaffd50455d9c15c1a9,MITDB_P209,209,500000000,0,20260927,0,6.884182453155518,0.9989771842956543,35,V2-002-F00-S20260927,a72ac38ce4df2be3a418366a097fbe027ef38d9964f5b1b5705df5f48169be84,MODEL_V1_CV_REFERENCE_V1
8571a2af6261c91ae4c06120ef163d880628a7fa16d445a5ce7930046d991071,MITDB_P212,212,1670000000,0,20260927,0,-0.427089124917984,0.3948216438293457,35,V2-002-F00-S20260927,a72ac38ce4df2be3a418366a097fbe027ef38d9964f5b1b5705df5f48169be84,MODEL_V1_CV_REFERENCE_V1
858249fff767ff47a085ad5b00762ff3ed3e11c1a62697ae2d4e12c1f5b312ee,MITDB_P105,105,335000000,0,20260927,1,3.640143394470215,0.974422812461853,35,V2-002-F00-S20260927,a72ac38ce4df2be3a418366a097fbe027ef38d9964f5b1b5705df5f48169be84,MODEL_V1_CV_REFERENCE_V1
85865637da5a52e3d4b4d6cb56777781a3b8954170c41d7800c912e8909860bf,MITDB_P203,203,290000000,0,20260927,1,10.88815975189209,0.9999812841415405,35,V2-002-F00-S20260927,a72ac38ce4df2be3a418366a097fbe027ef38d9964f5b1b5705df5f48169be84,MODEL_V1_CV_REFERENCE_V1
85d915124df10f731c40860bbae231903eebb4afd5b85deee4f950efc9e4bd00,MITDB_P124,124,1695000000,0,20260927,0,6.44639778137207,0.9984163045883179,35,V2-002-F00-S20260927,a72ac38ce4df2be3a418366a097fbe027ef38d9964f5b1b5705df5f48169be84,MODEL_V1_CV_REFERENCE_V1
85ecbb4eedef091738efa02e3f49e38e94a9963b55653023d399ffab979afb29,MITDB_P105,105,1035000000,0,20260927,1,6.309538841247559,0.9981843829154968,35,V2-002-F00-S20260927,a72ac38ce4df2be3a418366a097fbe027ef38d9964f5b1b5705df5f48169be84,MODEL_V1_CV_REFERENCE_V1
85fd0a0cf19a75695f5a6b4531f939151a724949658b0347e69e399756a2b002,MITDB_P209,209,90000000,0,20260927,0,10.98040771484375,0.9999829530715942,35,V2-002-F00-S20260927,a72ac38ce4df2be3a418366a097fbe027ef38d9964f5b1b5705df5f48169be84,MODEL_V1_CV_REFERENCE_V1
8600b972288abca75fef7fd552bc15031ca5ccc2068d515b92b232b9eafa3577,MITDB_P212,212,1150000000,0,20260927,0,-0.17122766375541687,0.45729735493659973,35,V2-002-F00-S20260927,a72ac38ce4df2be3a418366a097fbe027ef38d9964f5b1b5705df5f48169be84,MODEL_V1_CV_REFERENCE_V1
861156f36aabcf0af768d536f70f87042aec4fc8f42809cd38c5cef1e87ad052,MITDB_P203,203,650000000,0,20260927,1,27.5217342376709,1.0,35,V2-002-F00-S20260927,a72ac38ce4df2be3a418366a097fbe027ef38d9964f5b1b5705df5f48169be84,MODEL_V1_CV_REFERENCE_V1
8618c812887b8f84adca8fd35699205ec1b11d5c7d1d8bb27f6a0e9e40416018,MITDB_P222,222,805000000,0,20260927,1,9.994793891906738,0.999954342842102,35,V2-002-F00-S20260927,a72ac38ce4df2be3a418366a097fbe027ef38d9964f5b1b5705df5f48169be84,MODEL_V1_CV_REFERENCE_V1
8638a7e865af35c59f3cbdb69f66addc034e1c8b83aae00b08d23d155757a575,MITDB_P105,105,1370000000,0,20260927,1,3.0468013286590576,0.9546442627906799,35,V2-002-F00-S20260927,a72ac38ce4df2be3a418366a097fbe027ef38d9964f5b1b5705df5f48169be84,MODEL_V1_CV_REFERENCE_V1
86487d766b6fddafbb115e09e9579882170cfa36228908b405c1fd456b8d4fc6,MITDB_P105,105,390000000,0,20260927,0,2.6903669834136963,0.9364557862281799,35,V2-002-F00-S20260927,a72ac38ce4df2be3a418366a097fbe027ef38d9964f5b1b5705df5f48169be84,MODEL_V1_CV_REFERENCE_V1
864c2843f02118b14a50583b6aff8744674f66e298ed5ff8509ae475d4742cce,MITDB_P222,222,1800000000,0,20260927,0,8.614764213562012,0.9998186230659485,35,V2-002-F00-S20260927,a72ac38ce4df2be3a418366a097fbe027ef38d9964f5b1b5705df5f48169be84,MODEL_V1_CV_REFERENCE_V1
8664639f1ded7a54dbc4edd86b52c9fab9bf63e6f68f0f660ab6701efcf1c150,MITDB_P222,222,370000000,0,20260927,0,19.82950210571289,1.0,35,V2-002-F00-S20260927,a72ac38ce4df2be3a418366a097fbe027ef38d9964f5b1b5705df5f48169be84,MODEL_V1_CV_REFERENCE_V1
8677cb0fa113e7639df0b2ebb614542b86f5ef475423466ebb459b653dde76f0,MITDB_P105,105,1120000000,0,20260927,0,-0.21153172850608826,0.44731342792510986,35,V2-002-F00-S20260927,a72ac38ce4df2be3a418366a097fbe027ef38d9964f5b1b5705df5f48169be84,MODEL_V1_CV_REFERENCE_V1
86941ec48bb30e8493e722aaa4146e50f0c4b734c71e4fdfcda561dc4bef0d48,MITDB_P209,209,1140000000,0,20260927,1,9.088510513305664,0.9998869895935059,35,V2-002-F00-S20260927,a72ac38ce4df2be3a418366a097fbe027ef38d9964f5b1b5705df5f48169be84,MODEL_V1_CV_REFERENCE_V1
869db36b7afa0e635da305bafc3548a169ced86b5911308de2a853e9804463fa,MITDB_P105,105,565000000,0,20260927,0,1.2734673023223877,0.781335711479187,35,V2-002-F00-S20260927,a72ac38ce4df2be3a418366a097fbe027ef38d9964f5b1b5705df5f48169be84,MODEL_V1_CV_REFERENCE_V1
86c0266e1bbe20f27174e7ecad5f22a0f4a46c7012a02a8151eeb12b38357bb2,MITDB_P209,209,675000000,0,20260927,1,11.295587539672852,0.9999876022338867,35,V2-002-F00-S20260927,a72ac38ce4df2be3a418366a097fbe027ef38d9964f5b1b5705df5f48169be84,MODEL_V1_CV_REFERENCE_V1
86da4f66981a1122f78833986c73b7ffe1b548c63798ec5f2e8dfb56caa32b93,MITDB_P124,124,430000000,0,20260927,0,7.29487943649292,0.999321460723877,35,V2-002-F00-S20260927,a72ac38ce4df2be3a418366a097fbe027ef38d9964f5b1b5705df5f48169be84,MODEL_V1_CV_REFERENCE_V1
86fa5dfa8325124b52168055801725413fc7f959f975bc60f49c434d08baa710,MITDB_P105,105,605000000,0,20260927,0,1.3228009939193726,0.7896472811698914,35,V2-002-F00-S20260927,a72ac38ce4df2be3a418366a097fbe027ef38d9964f5b1b5705df5f48169be84,MODEL_V1_CV_REFERENCE_V1
870786e9969052092bb7a19536aff854911a8232edfe78b9bc9eea7dc2931669,MITDB_P212,212,1015000000,0,20260927,0,0.016788961365818977,0.5041971206665039,35,V2-002-F00-S20260927,a72ac38ce4df2be3a418366a097fbe027ef38d9964f5b1b5705df5f48169be84,MODEL_V1_CV_REFERENCE_V1
873df58589abb73e98a9606518b793d0d435e2d750be72e5326eb3ca911903c9,MITDB_P105,105,540000000,0,20260927,0,2.3206112384796143,0.9105697274208069,35,V2-002-F00-S20260927,a72ac38ce4df2be3a418366a097fbe027ef38d9964f5b1b5705df5f48169be84,MODEL_V1_CV_REFERENCE_V1
8746b85122f0d8b6de1a1cd45bd520b1327e56654c79791bf05817a453748735,MITDB_P209,209,1705000000,0,20260927,1,8.118834495544434,0.9997021555900574,35,V2-002-F00-S20260927,a72ac38ce4df2be3a418366a097fbe027ef38d9964f5b1b5705df5f48169be84,MODEL_V1_CV_REFERENCE_V1
875d8e38c68301e60123814a7d1ba582cc164478b8c8c83c64d04bccbe3e12ba,MITDB_P222,222,1025000000,0,20260927,0,0.4519844949245453,0.6111109852790833,35,V2-002-F00-S20260927,a72ac38ce4df2be3a418366a097fbe027ef38d9964f5b1b5705df5f48169be84,MODEL_V1_CV_REFERENCE_V1
876e61464f03fe5a7c20aaf83fd1c9efd0d9073f47a9b0fadc80537fb2b1aa3a,MITDB_P203,203,1350000000,0,20260927,1,12.128300666809082,0.9999946355819702,35,V2-002-F00-S20260927,a72ac38ce4df2be3a418366a097fbe027ef38d9964f5b1b5705df5f48169be84,MODEL_V1_CV_REFERENCE_V1
879872122907c30dea6802f527998a739dd69a3e98d161f893a91dda91005129,MITDB_P203,203,1345000000,0,20260927,0,11.349035263061523,0.9999881982803345,35,V2-002-F00-S20260927,a72ac38ce4df2be3a418366a097fbe027ef38d9964f5b1b5705df5f48169be84,MODEL_V1_CV_REFERENCE_V1
879a195098d3c97a6fade9df3f62b299ae696df6098383759440572ccb5cb2a2,MITDB_P212,212,1100000000,0,20260927,0,19.03156852722168,1.0,35,V2-002-F00-S20260927,a72ac38ce4df2be3a418366a097fbe027ef38d9964f5b1b5705df5f48169be84,MODEL_V1_CV_REFERENCE_V1
87bc7ffc2fb159f76e5948d880ba49e6a7078c5b3bc5192b0c211de5cbcf7fa0,MITDB_P209,209,1220000000,0,20260927,1,9.048359870910645,0.9998824596405029,35,V2-002-F00-S20260927,a72ac38ce4df2be3a418366a097fbe027ef38d9964f5b1b5705df5f48169be84,MODEL_V1_CV_REFERENCE_V1
87c19cbdfb53704099ee6e92ceb868f4e07292c6425c702bd7ce49b908eea25a,MITDB_P124,124,1405000000,0,20260927,1,7.621293067932129,0.9995102882385254,35,V2-002-F00-S20260927,a72ac38ce4df2be3a418366a097fbe027ef38d9964f5b1b5705df5f48169be84,MODEL_V1_CV_REFERENCE_V1
87f45222f823a3cfdb2f25bd1321c31d26797d491a724af3dea58158c810b281,MITDB_P203,203,1035000000,0,20260927,1,6.046950340270996,0.9976404905319214,35,V2-002-F00-S20260927,a72ac38ce4df2be3a418366a097fbe027ef38d9964f5b1b5705df5f48169be84,MODEL_V1_CV_REFERENCE_V1
880c1848fe7661597f593468742e9635cc51be280e36e2db6b5ca614007d9615,MITDB_P209,209,695000000,0,20260927,0,11.79041862487793,0.9999923706054688,35,V2-002-F00-S20260927,a72ac38ce4df2be3a418366a097fbe027ef38d9964f5b1b5705df5f48169be84,MODEL_V1_CV_REFERENCE_V1
881d269544544fcddbf39683e249126ad65ccf203cef364757293f964231756a,MITDB_P105,105,530000000,0,20260927,0,1.5843958854675293,0.8298261761665344,35,V2-002-F00-S20260927,a72ac38ce4df2be3a418366a097fbe027ef38d9964f5b1b5705df5f48169be84,MODEL_V1_CV_REFERENCE_V1
881db89e66233231b028e30521ed16cff5371dd700bc9faf21e12cfec181a7bc,MITDB_P203,203,1690000000,0,20260927,1,18.512020111083984,1.0,35,V2-002-F00-S20260927,a72ac38ce4df2be3a418366a097fbe027ef38d9964f5b1b5705df5f48169be84,MODEL_V1_CV_REFERENCE_V1
885d2d1aef37ec7ae6728bfb32f6efd438a7fd22c65f3a3d29d57299e2dc2527,MITDB_P209,209,955000000,0,20260927,1,6.032819747924805,0.9976069927215576,35,V2-002-F00-S20260927,a72ac38ce4df2be3a418366a097fbe027ef38d9964f5b1b5705df5f48169be84,MODEL_V1_CV_REFERENCE_V1
886469a9ce7c6af39bc7d7b33b33283204a065e56761342317aa9528491eace1,MITDB_P209,209,890000000,0,20260927,1,6.869147300720215,0.9989616870880127,35,V2-002-F00-S20260927,a72ac38ce4df2be3a418366a097fbe027ef38d9964f5b1b5705df5f48169be84,MODEL_V1_CV_REFERENCE_V1
886f2c58f1825fb9d3f24b5a5cb76d14b601953af6d37b2bfa733d596d0a2cca,MITDB_P105,105,1150000000,0,20260927,0,4.104937553405762,0.9837765097618103,35,V2-002-F00-S20260927,a72ac38ce4df2be3a418366a097fbe027ef38d9964f5b1b5705df5f48169be84,MODEL_V1_CV_REFERENCE_V1
88eb74e47d7faef06841033e63c10e19699ee3a12c4d7f9726d81f3dee44859e,MITDB_P209,209,725000000,0,20260927,0,9.60477066040039,0.9999326467514038,35,V2-002-F00-S20260927,a72ac38ce4df2be3a418366a097fbe027ef38d9964f5b1b5705df5f48169be84,MODEL_V1_CV_REFERENCE_V1
88ecc8d07e45c9e9ca47441ffad484e690dda60d485687023bd5bb0a8d1a24eb,MITDB_P203,203,1130000000,0,20260927,1,19.978116989135742,1.0,35,V2-002-F00-S20260927,a72ac38ce4df2be3a418366a097fbe027ef38d9964f5b1b5705df5f48169be84,MODEL_V1_CV_REFERENCE_V1
88ff4c3dac0d8115d06c08ac7759c2a4f17b795e090c8d592340b636bd42dd1e,MITDB_P212,212,1110000000,0,20260927,0,-0.2671314477920532,0.4336114525794983,35,V2-002-F00-S20260927,a72ac38ce4df2be3a418366a097fbe027ef38d9964f5b1b5705df5f48169be84,MODEL_V1_CV_REFERENCE_V1
89912a4ee3c52ff745bb9e88e42fbdb3535dae96e4e8ead191f6bd26d6e8fc18,MITDB_P105,105,160000000,0,20260927,1,1.959430456161499,0.8764713406562805,35,V2-002-F00-S20260927,a72ac38ce4df2be3a418366a097fbe027ef38d9964f5b1b5705df5f48169be84,MODEL_V1_CV_REFERENCE_V1
89b191c97bb636b695499cd90d5494c38ae3bb720f1342ae906691e91a103277,MITDB_P203,203,470000000,0,20260927,1,15.607669830322266,0.9999998807907104,35,V2-002-F00-S20260927,a72ac38ce4df2be3a418366a097fbe027ef38d9964f5b1b5705df5f48169be84,MODEL_V1_CV_REFERENCE_V1
8a040c16c4d37ca4c23e25f27df2e075cc4eedd7e3bbcb2cf7f71c1f96899eb6,MITDB_P105,105,155000000,0,20260927,0,1.8340619802474976,0.8622449040412903,35,V2-002-F00-S20260927,a72ac38ce4df2be3a418366a097fbe027ef38d9964f5b1b5705df5f48169be84,MODEL_V1_CV_REFERENCE_V1
8a04da3a85c7cc3c889f3efac9dc8e825af7b90879f65db797a269a8c90055c4,MITDB_P124,124,1395000000,0,20260927,0,7.585921287536621,0.9994926452636719,35,V2-002-F00-S20260927,a72ac38ce4df2be3a418366a097fbe027ef38d9964f5b1b5705df5f48169be84,MODEL_V1_CV_REFERENCE_V1
8a2617b9f2dfadbd80115719f372d35da5bb6003ebc3d9d909f08d42106713c9,MITDB_P203,203,1750000000,0,20260927,1,8.550163269042969,0.9998065829277039,35,V2-002-F00-S20260927,a72ac38ce4df2be3a418366a097fbe027ef38d9964f5b1b5705df5f48169be84,MODEL_V1_CV_REFERENCE_V1
8a2903ebcf74340e2cb91388db4797236323d7aaf3dc7b76dafd7c488b0a7bd6,MITDB_P209,209,705000000,0,20260927,0,9.60201358795166,0.9999324083328247,35,V2-002-F00-S20260927,a72ac38ce4df2be3a418366a097fbe027ef38d9964f5b1b5705df5f48169be84,MODEL_V1_CV_REFERENCE_V1
8a5d26d0e9855e1f16441c1617638e9a486468abd57dc4ba3cf8daeca9df8310,MITDB_P124,124,1020000000,0,20260927,0,6.135120391845703,0.9978392720222473,35,V2-002-F00-S20260927,a72ac38ce4df2be3a418366a097fbe027ef38d9964f5b1b5705df5f48169be84,MODEL_V1_CV_REFERENCE_V1
8a7feb28c1486dcb5b08cc864037cefc5c3c9a1b07d468e2d58b3802b859ca99,MITDB_P222,222,840000000,0,20260927,1,8.975404739379883,0.9998735189437866,35,V2-002-F00-S20260927,a72ac38ce4df2be3a418366a097fbe027ef38d9964f5b1b5705df5f48169be84,MODEL_V1_CV_REFERENCE_V1
8a8ebbcc106b3d04639cf87027eea4ce3a0756a0f54b7bdc52e7f9a9445cac96,MITDB_P212,212,390000000,0,20260927,0,13.10263442993164,0.9999979734420776,35,V2-002-F00-S20260927,a72ac38ce4df2be3a418366a097fbe027ef38d9964f5b1b5705df5f48169be84,MODEL_V1_CV_REFERENCE_V1
8ab36ba4e748b6ada46bdec5fa8a89d26235bae97f2541e44101e783681add4d,MITDB_P212,212,1600000000,0,20260927,0,-0.35920223593711853,0.4111526906490326,35,V2-002-F00-S20260927,a72ac38ce4df2be3a418366a097fbe027ef38d9964f5b1b5705df5f48169be84,MODEL_V1_CV_REFERENCE_V1
8ab760124aef64895f5fb7c1e46ec800f681e25d5a03bda445c4cd6cc9463122,MITDB_P212,212,715000000,0,20260927,0,-0.16850349307060242,0.45797353982925415,35,V2-002-F00-S20260927,a72ac38ce4df2be3a418366a097fbe027ef38d9964f5b1b5705df5f48169be84,MODEL_V1_CV_REFERENCE_V1
8ad353966c66324270c205baf2a4977ae60a0a2bf9c31c493d7917b4c330dc3a,MITDB_P203,203,820000000,0,20260927,1,19.069656372070312,1.0,35,V2-002-F00-S20260927,a72ac38ce4df2be3a418366a097fbe027ef38d9964f5b1b5705df5f48169be84,MODEL_V1_CV_REFERENCE_V1
8adba76211f511dfa6bf57a12f9e2f6452867a6dfd07f283e1c8acc344275dd6,MITDB_P212,212,1575000000,0,20260927,0,11.63994026184082,0.9999911785125732,35,V2-002-F00-S20260927,a72ac38ce4df2be3a418366a097fbe027ef38d9964f5b1b5705df5f48169be84,MODEL_V1_CV_REFERENCE_V1
8afa611c442f69f419df9b0c499e0fda11063889cafc7c4eafd8fef1e1050601,MITDB_P209,209,1410000000,0,20260927,1,12.842205047607422,0.9999973773956299,35,V2-002-F00-S20260927,a72ac38ce4df2be3a418366a097fbe027ef38d9964f5b1b5705df5f48169be84,MODEL_V1_CV_REFERENCE_V1
8b11703190ba342b352b16fa9750260ed8d7e41f5f6c5a7c0c75d547e5848290,MITDB_P203,203,725000000,0,20260927,1,21.900327682495117,1.0,35,V2-002-F00-S20260927,a72ac38ce4df2be3a418366a097fbe027ef38d9964f5b1b5705df5f48169be84,MODEL_V1_CV_REFERENCE_V1
8b180eb96ed529cc789376e005d7f59410a6681acf54a591f8c5cf46297337e8,MITDB_P124,124,575000000,0,20260927,0,6.069876670837402,0.9976938366889954,35,V2-002-F00-S20260927,a72ac38ce4df2be3a418366a097fbe027ef38d9964f5b1b5705df5f48169be84,MODEL_V1_CV_REFERENCE_V1
8b1d6a2170c760295d9c1a56a1dc566ddbf04682bc3a7c8cb0514fc958572117,MITDB_P105,105,505000000,0,20260927,0,2.2878947257995605,0.9078695178031921,35,V2-002-F00-S20260927,a72ac38ce4df2be3a418366a097fbe027ef38d9964f5b1b5705df5f48169be84,MODEL_V1_CV_REFERENCE_V1
8b254beca7218e08f91e0170b7eb683816c3d7cbce24a8d7968345bc8d18e0ab,MITDB_P222,222,350000000,0,20260927,0,14.278626441955566,0.9999994039535522,35,V2-002-F00-S20260927,a72ac38ce4df2be3a418366a097fbe027ef38d9964f5b1b5705df5f48169be84,MODEL_V1_CV_REFERENCE_V1
8b26dbb3ec2f70d6074d97a4912d8d4d62d2b2136d49d511a8fa9a782f460f2e,MITDB_P203,203,690000000,0,20260927,1,16.067781448364258,0.9999998807907104,35,V2-002-F00-S20260927,a72ac38ce4df2be3a418366a097fbe027ef38d9964f5b1b5705df5f48169be84,MODEL_V1_CV_REFERENCE_V1
8b2c628859d9fe39430c43cf3ee32c66fbb8b60d36d277c9e84c765886d6cb37,MITDB_P124,124,185000000,0,20260927,0,6.820648670196533,0.9989101886749268,35,V2-002-F00-S20260927,a72ac38ce4df2be3a418366a097fbe027ef38d9964f5b1b5705df5f48169be84,MODEL_V1_CV_REFERENCE_V1
8b44679432fa4ee34950e05723d70fc2873a236219ea89468550713953e1f9d8,MITDB_P124,124,165000000,0,20260927,0,6.771249771118164,0.9988549947738647,35,V2-002-F00-S20260927,a72ac38ce4df2be3a418366a097fbe027ef38d9964f5b1b5705df5f48169be84,MODEL_V1_CV_REFERENCE_V1
8b4dae90461336187b8405db1c2b2522e90bfd75246789f7d4b6ebc7e7dfcbd0,MITDB_P212,212,355000000,0,20260927,0,12.552903175354004,0.9999964237213135,35,V2-002-F00-S20260927,a72ac38ce4df2be3a418366a097fbe027ef38d9964f5b1b5705df5f48169be84,MODEL_V1_CV_REFERENCE_V1
8b6ed260639d1a0206283e741edadeffa525d24f3acb6e2ec5e24b3aa88a70d6,MITDB_P212,212,305000000,0,20260927,0,17.8028507232666,1.0,35,V2-002-F00-S20260927,a72ac38ce4df2be3a418366a097fbe027ef38d9964f5b1b5705df5f48169be84,MODEL_V1_CV_REFERENCE_V1
8b746ada2e8f55cf8b8120b3c3194b0177147d26bc29b571fcdcf062e1a96a50,MITDB_P212,212,1750000000,0,20260927,0,11.858419418334961,0.9999929666519165,35,V2-002-F00-S20260927,a72ac38ce4df2be3a418366a097fbe027ef38d9964f5b1b5705df5f48169be84,MODEL_V1_CV_REFERENCE_V1
8babc59c05e740a8896e993ec385040e74eb56cd2f689ca41b055b7361546ffe,MITDB_P212,212,120000000,0,20260927,0,1.5590813159942627,0.8262215256690979,35,V2-002-F00-S20260927,a72ac38ce4df2be3a418366a097fbe027ef38d9964f5b1b5705df5f48169be84,MODEL_V1_CV_REFERENCE_V1
8bcba7aa8d54c733032d167d697c93ee756ad7b5d35da4d38d17583cfbdd656f,MITDB_P203,203,1460000000,0,20260927,1,13.931875228881836,0.9999991655349731,35,V2-002-F00-S20260927,a72ac38ce4df2be3a418366a097fbe027ef38d9964f5b1b5705df5f48169be84,MODEL_V1_CV_REFERENCE_V1
8bece7f0278e97f6e584c9b4a05efa8c6f46ab5f9662d45389b22f818f6f51f9,MITDB_P209,209,1060000000,0,20260927,1,10.269630432128906,0.9999653100967407,35,V2-002-F00-S20260927,a72ac38ce4df2be3a418366a097fbe027ef38d9964f5b1b5705df5f48169be84,MODEL_V1_CV_REFERENCE_V1
8ca22d0a3ff09ef2ed517cccba37fb195c9b1fa5f7d31a5417ad45c661f77bf6,MITDB_P124,124,1740000000,0,20260927,0,6.043912410736084,0.9976333379745483,35,V2-002-F00-S20260927,a72ac38ce4df2be3a418366a097fbe027ef38d9964f5b1b5705df5f48169be84,MODEL_V1_CV_REFERENCE_V1
8caa87fd31c1be4431de21095bd7e7d52615761a1aa9aaeb2cd3f85a3d01d513,MITDB_P203,203,1550000000,0,20260927,0,12.757186889648438,0.9999971389770508,35,V2-002-F00-S20260927,a72ac38ce4df2be3a418366a097fbe027ef38d9964f5b1b5705df5f48169be84,MODEL_V1_CV_REFERENCE_V1
8cb5338a3bb87d04b28f7c58846b72bc7b5c3be89f0eb73248debde1fbad049d,MITDB_P209,209,335000000,0,20260927,1,14.990859031677246,0.9999996423721313,35,V2-002-F00-S20260927,a72ac38ce4df2be3a418366a097fbe027ef38d9964f5b1b5705df5f48169be84,MODEL_V1_CV_REFERENCE_V1
8cbcb5558cc881b917473ffb5609aecb5d23050b6fb7be2310b3900a5d91ffd7,MITDB_P105,105,735000000,0,20260927,0,2.878906488418579,0.946793794631958,35,V2-002-F00-S20260927,a72ac38ce4df2be3a418366a097fbe027ef38d9964f5b1b5705df5f48169be84,MODEL_V1_CV_REFERENCE_V1
8cc13c7f3bb2d595f15bad99b2ca0483024dd95acd3388af23fada6f00c40dc9,MITDB_P212,212,425000000,0,20260927,0,12.125322341918945,0.9999946355819702,35,V2-002-F00-S20260927,a72ac38ce4df2be3a418366a097fbe027ef38d9964f5b1b5705df5f48169be84,MODEL_V1_CV_REFERENCE_V1
8cd2fd87c06bec438f7bbfc240424f8918cf391f044117975c4d260ae9ef575c,MITDB_P203,203,210000000,0,20260927,0,10.010749816894531,0.9999550580978394,35,V2-002-F00-S20260927,a72ac38ce4df2be3a418366a097fbe027ef38d9964f5b1b5705df5f48169be84,MODEL_V1_CV_REFERENCE_V1
8cf5e9804a5d4ec99773ccdecf387fbba65646102078f49beb0c7dfb8d2dec4a,MITDB_P203,203,940000000,0,20260927,1,15.844928741455078,0.9999998807907104,35,V2-002-F00-S20260927,a72ac38ce4df2be3a418366a097fbe027ef38d9964f5b1b5705df5f48169be84,MODEL_V1_CV_REFERENCE_V1
8cf962289ae02adc175650ef36209ec860c9f95e54ecdab6c51e2e9b272e07fe,MITDB_P222,222,1405000000,0,20260927,1,9.7389497756958,0.9999411106109619,35,V2-002-F00-S20260927,a72ac38ce4df2be3a418366a097fbe027ef38d9964f5b1b5705df5f48169be84,MODEL_V1_CV_REFERENCE_V1
8d15f4eaeacc68f37cf2e9c311d4a8727cdd45114548f2032cb92cace11eb44a,MITDB_P209,209,1740000000,0,20260927,1,9.74225902557373,0.9999412298202515,35,V2-002-F00-S20260927,a72ac38ce4df2be3a418366a097fbe027ef38d9964f5b1b5705df5f48169be84,MODEL_V1_CV_REFERENCE_V1
8d2452559dbee63b01ec994085bd703da9645da7d3b7872cb2bbadaa55caaac5,MITDB_P212,212,1190000000,0,20260927,0,15.683717727661133,0.9999998807907104,35,V2-002-F00-S20260927,a72ac38ce4df2be3a418366a097fbe027ef38d9964f5b1b5705df5f48169be84,MODEL_V1_CV_REFERENCE_V1
8d51e5f8b62fe5550e659555b003e6768b3f0f96c506c939b7a84c12574c0998,MITDB_P209,209,940000000,0,20260927,0,2.701641798019409,0.9371234178543091,35,V2-002-F00-S20260927,a72ac38ce4df2be3a418366a097fbe027ef38d9964f5b1b5705df5f48169be84,MODEL_V1_CV_REFERENCE_V1
8d79a2c50223b14868eaeec1f7f4974151c023c84c38d489ad03baacd4b908b4,MITDB_P209,209,1085000000,0,20260927,0,9.36441421508789,0.999914288520813,35,V2-002-F00-S20260927,a72ac38ce4df2be3a418366a097fbe027ef38d9964f5b1b5705df5f48169be84,MODEL_V1_CV_REFERENCE_V1
8d855ed5515a151654caf8af99502afaca1f8d1b13c81b23808bd35889afe0a4,MITDB_P222,222,1265000000,0,20260927,1,-2.0396323204040527,0.11510417610406876,35,V2-002-F00-S20260927,a72ac38ce4df2be3a418366a097fbe027ef38d9964f5b1b5705df5f48169be84,MODEL_V1_CV_REFERENCE_V1
8d883bbd0e4e49c947880155c7b29023c01c5e4cb5a1306a3195510e01fbf3bc,MITDB_P222,222,200000000,0,20260927,0,15.675699234008789,0.9999998807907104,35,V2-002-F00-S20260927,a72ac38ce4df2be3a418366a097fbe027ef38d9964f5b1b5705df5f48169be84,MODEL_V1_CV_REFERENCE_V1
8e08c7fa6626cb832ed72c788c2bc1fa175649a89f70bce4d8db8fca5905f938,MITDB_P222,222,450000000,0,20260927,0,18.662803649902344,1.0,35,V2-002-F00-S20260927,a72ac38ce4df2be3a418366a097fbe027ef38d9964f5b1b5705df5f48169be84,MODEL_V1_CV_REFERENCE_V1
8e38726699c6c2622d1befb3e91fb5d8e6491e6dbbe729082850d6727d254b9b,MITDB_P212,212,770000000,0,20260927,0,10.528285026550293,0.9999731779098511,35,V2-002-F00-S20260927,a72ac38ce4df2be3a418366a097fbe027ef38d9964f5b1b5705df5f48169be84,MODEL_V1_CV_REFERENCE_V1
8e4b3f1926ef7b258daacafcd22f169a52e8ad35cdc10e5786d9fc9e9b1f003c,MITDB_P222,222,1230000000,0,20260927,0,4.078608989715576,0.9833508133888245,35,V2-002-F00-S20260927,a72ac38ce4df2be3a418366a097fbe027ef38d9964f5b1b5705df5f48169be84,MODEL_V1_CV_REFERENCE_V1
8e676fffdca32ab2c848b1b6b92dbcdb4d8d2d62e45a5d6ccca7668240a7334d,MITDB_P222,222,1475000000,0,20260927,1,7.208600997924805,0.9992603659629822,35,V2-002-F00-S20260927,a72ac38ce4df2be3a418366a097fbe027ef38d9964f5b1b5705df5f48169be84,MODEL_V1_CV_REFERENCE_V1
8e8aab5f1ffa7148d1b8da6f53f981c90797d892f45abaf117ba79c45c38f99b,MITDB_P209,209,1420000000,0,20260927,1,8.213147163391113,0.9997289776802063,35,V2-002-F00-S20260927,a72ac38ce4df2be3a418366a097fbe027ef38d9964f5b1b5705df5f48169be84,MODEL_V1_CV_REFERENCE_V1
8ebbbec88b44c8ca20be499bde5c68008b1febf18be9ccce26aeabad05029d7f,MITDB_P105,105,225000000,0,20260927,0,0.8538949489593506,0.7013835906982422,35,V2-002-F00-S20260927,a72ac38ce4df2be3a418366a097fbe027ef38d9964f5b1b5705df5f48169be84,MODEL_V1_CV_REFERENCE_V1
8ec4abd67056fafac792563048b99eccf365e460844e765a35e0211c8132eef7,MITDB_P105,105,490000000,0,20260927,1,3.6106889247894287,0.9736783504486084,35,V2-002-F00-S20260927,a72ac38ce4df2be3a418366a097fbe027ef38d9964f5b1b5705df5f48169be84,MODEL_V1_CV_REFERENCE_V1
8ed1ed7471d851f3d7c3631e90bad4fbb70a110ea637f7cfc077b3a4bd4aa2d2,MITDB_P212,212,260000000,0,20260927,0,13.425216674804688,0.9999985694885254,35,V2-002-F00-S20260927,a72ac38ce4df2be3a418366a097fbe027ef38d9964f5b1b5705df5f48169be84,MODEL_V1_CV_REFERENCE_V1
8f3885b86500d680ea7c7e0565f80bbcaab0dbc6ac082f22316f849028c4d9af,MITDB_P222,222,1005000000,0,20260927,0,4.078291893005371,0.983345627784729,35,V2-002-F00-S20260927,a72ac38ce4df2be3a418366a097fbe027ef38d9964f5b1b5705df5f48169be84,MODEL_V1_CV_REFERENCE_V1
8f3a160fc7b6e6e3138982958044637e85dafddde61e9249f1ef15c320b8e410,MITDB_P209,209,1700000000,0,20260927,1,7.592557907104492,0.9994961023330688,35,V2-002-F00-S20260927,a72ac38ce4df2be3a418366a097fbe027ef38d9964f5b1b5705df5f48169be84,MODEL_V1_CV_REFERENCE_V1
8f4f1570f5982efe4f66f251a709760c33f848011d944bebfec0522b91f53818,MITDB_P212,212,465000000,0,20260927,0,13.700616836547852,0.999998927116394,35,V2-002-F00-S20260927,a72ac38ce4df2be3a418366a097fbe027ef38d9964f5b1b5705df5f48169be84,MODEL_V1_CV_REFERENCE_V1
8f67332961a35d4b213468bee20f22dee324f98cd160c62a3bbc6233ebb00ad0,MITDB_P222,222,1270000000,0,20260927,0,-0.6701062917709351,0.33847305178642273,35,V2-002-F00-S20260927,a72ac38ce4df2be3a418366a097fbe027ef38d9964f5b1b5705df5f48169be84,MODEL_V1_CV_REFERENCE_V1
8fb67d5841ff577df8225eb8f107c8f3233a3bddfb3823ea15a263d839290d2e,MITDB_P222,222,1080000000,0,20260927,1,7.14515495300293,0.9992119073867798,35,V2-002-F00-S20260927,a72ac38ce4df2be3a418366a097fbe027ef38d9964f5b1b5705df5f48169be84,MODEL_V1_CV_REFERENCE_V1
8fba0b92a16ab401cd6a25884e82742faa92ab89f77ee68bcfe881fa2cc2fb7a,MITDB_P209,209,60000000,0,20260927,1,10.506683349609375,0.9999727010726929,35,V2-002-F00-S20260927,a72ac38ce4df2be3a418366a097fbe027ef38d9964f5b1b5705df5f48169be84,MODEL_V1_CV_REFERENCE_V1
8fc8b1a1dc8b640e5dfcf2f0db2557a4476afbdba60e9ebc10687985c94d511a,MITDB_P105,105,385000000,0,20260927,0,3.023158550262451,0.9536094665527344,35,V2-002-F00-S20260927,a72ac38ce4df2be3a418366a097fbe027ef38d9964f5b1b5705df5f48169be84,MODEL_V1_CV_REFERENCE_V1
8feb4edd506c8569b79fb8b62b90f2d6a4791f5d0ed5942a622e6885f568d6e4,MITDB_P209,209,505000000,0,20260927,0,6.530016899108887,0.9985431432723999,35,V2-002-F00-S20260927,a72ac38ce4df2be3a418366a097fbe027ef38d9964f5b1b5705df5f48169be84,MODEL_V1_CV_REFERENCE_V1
8ff2ac8ddbccb2d5a87616b66c4c5a853f914b95823ded133e861fea5282a89e,MITDB_P222,222,815000000,0,20260927,0,18.64016342163086,1.0,35,V2-002-F00-S20260927,a72ac38ce4df2be3a418366a097fbe027ef38d9964f5b1b5705df5f48169be84,MODEL_V1_CV_REFERENCE_V1
8ff7cc4243f2fa04f079803cbabef73ab804e3dd4c6df0d79b76b833be1831a2,MITDB_P124,124,775000000,0,20260927,0,5.645452499389648,0.9964788556098938,35,V2-002-F00-S20260927,a72ac38ce4df2be3a418366a097fbe027ef38d9964f5b1b5705df5f48169be84,MODEL_V1_CV_REFERENCE_V1
901e12ef4c2999ba5276a251b24c62eba6cda985ff9a4f46b0491f7b4e43c23a,MITDB_P209,209,1280000000,0,20260927,0,5.929007530212402,0.9973459243774414,35,V2-002-F00-S20260927,a72ac38ce4df2be3a418366a097fbe027ef38d9964f5b1b5705df5f48169be84,MODEL_V1_CV_REFERENCE_V1
90847928819cab7f78d72cac0ea00f8059591cd0ab10b15ac5251f283cf172f2,MITDB_P124,124,880000000,0,20260927,0,7.471317768096924,0.9994310736656189,35,V2-002-F00-S20260927,a72ac38ce4df2be3a418366a097fbe027ef38d9964f5b1b5705df5f48169be84,MODEL_V1_CV_REFERENCE_V1
908fe6bf93d2f7f886720e0901d705c0a26cd712829d40688f9396ff795a19eb,MITDB_P209,209,1715000000,0,20260927,1,7.073716163635254,0.9991536140441895,35,V2-002-F00-S20260927,a72ac38ce4df2be3a418366a097fbe027ef38d9964f5b1b5705df5f48169be84,MODEL_V1_CV_REFERENCE_V1
90957af271a407bbb64ecd622d4d1d79070c479817b66a0cd2067712ae8279c0,MITDB_P124,124,690000000,0,20260927,0,5.996991157531738,0.9975199103355408,35,V2-002-F00-S20260927,a72ac38ce4df2be3a418366a097fbe027ef38d9964f5b1b5705df5f48169be84,MODEL_V1_CV_REFERENCE_V1
9095eb3965b5f018aeb17815f2071f5bb454d1ea999c88a7e7d40ab839282c61,MITDB_P222,222,1000000000,0,20260927,0,6.171667098999023,0.9979166388511658,35,V2-002-F00-S20260927,a72ac38ce4df2be3a418366a097fbe027ef38d9964f5b1b5705df5f48169be84,MODEL_V1_CV_REFERENCE_V1
9099884e4f21bbe1b68c84f133ed02e2fc70c3dc4bbbf3b1843b7cadb9a6c116,MITDB_P124,124,465000000,0,20260927,0,7.3300065994262695,0.9993448853492737,35,V2-002-F00-S20260927,a72ac38ce4df2be3a418366a097fbe027ef38d9964f5b1b5705df5f48169be84,MODEL_V1_CV_REFERENCE_V1
90a70cca84ddc40d4ba59a8b99ec5c64638ae836d487d442d3b0797c2e77dcc3,MITDB_P124,124,500000000,0,20260927,0,6.9246931076049805,0.9990177154541016,35,V2-002-F00-S20260927,a72ac38ce4df2be3a418366a097fbe027ef38d9964f5b1b5705df5f48169be84,MODEL_V1_CV_REFERENCE_V1
90c2267c7f70a2041c81f1c8d0c4192e9fbf8e7a46a5fceab767ab2bf7b9ea43,MITDB_P124,124,55000000,0,20260927,0,7.823836326599121,0.9996001124382019,35,V2-002-F00-S20260927,a72ac38ce4df2be3a418366a097fbe027ef38d9964f5b1b5705df5f48169be84,MODEL_V1_CV_REFERENCE_V1
90f5d7181aa8575a5ef52f064bcfd265dbf97a8bdde84df9ffa0c4702ae87cd8,MITDB_P105,105,755000000,0,20260927,1,2.6865036487579346,0.9362255334854126,35,V2-002-F00-S20260927,a72ac38ce4df2be3a418366a097fbe027ef38d9964f5b1b5705df5f48169be84,MODEL_V1_CV_REFERENCE_V1
9160b9c0e00cc5710a499a259a76bd96eb4e1d58c937637a4f4d83e9bf5a8202,MITDB_P222,222,1535000000,0,20260927,0,18.264135360717773,1.0,35,V2-002-F00-S20260927,a72ac38ce4df2be3a418366a097fbe027ef38d9964f5b1b5705df5f48169be84,MODEL_V1_CV_REFERENCE_V1
91afb27c2c391b6746b8563d6f726816b54efb2a4b1ea5a2d9ef2cb46ca96133,MITDB_P203,203,1155000000,0,20260927,1,21.601797103881836,1.0,35,V2-002-F00-S20260927,a72ac38ce4df2be3a418366a097fbe027ef38d9964f5b1b5705df5f48169be84,MODEL_V1_CV_REFERENCE_V1
91d4b5e73af24076b66c79be3a106ca1804de115b454f4475957ac48d554e6fb,MITDB_P212,212,530000000,0,20260927,0,-0.13762781023979187,0.46564728021621704,35,V2-002-F00-S20260927,a72ac38ce4df2be3a418366a097fbe027ef38d9964f5b1b5705df5f48169be84,MODEL_V1_CV_REFERENCE_V1
91edb78f74f2d4331855106253912e72eeaf02e974e1aaaadb63f17f6927852c,MITDB_P222,222,140000000,0,20260927,0,9.275991439819336,0.9999063014984131,35,V2-002-F00-S20260927,a72ac38ce4df2be3a418366a097fbe027ef38d9964f5b1b5705df5f48169be84,MODEL_V1_CV_REFERENCE_V1
9201e4c0d55fd68c4aaf18fbb9fd8a0a79eebf39d4b3b1eba60c759d7869364a,MITDB_P124,124,390000000,0,20260927,0,5.594350814819336,0.9962949156761169,35,V2-002-F00-S20260927,a72ac38ce4df2be3a418366a097fbe027ef38d9964f5b1b5705df5f48169be84,MODEL_V1_CV_REFERENCE_V1
922bd6ee5746a9a8d8f9dd1b7171ae1679345edb9f2a52c54330b8ba742b836b,MITDB_P212,212,880000000,0,20260927,0,17.054201126098633,1.0,35,V2-002-F00-S20260927,a72ac38ce4df2be3a418366a097fbe027ef38d9964f5b1b5705df5f48169be84,MODEL_V1_CV_REFERENCE_V1
9232929bb9f0b536207abce6ab51f23730983faf9edbe09cde7b2773d4165f28,MITDB_P209,209,1620000000,0,20260927,1,12.408824920654297,0.9999959468841553,35,V2-002-F00-S20260927,a72ac38ce4df2be3a418366a097fbe027ef38d9964f5b1b5705df5f48169be84,MODEL_V1_CV_REFERENCE_V1
927b4389c27c8b041d61c0facc3e228521964610d2816b6150b111c48086e2be,MITDB_P209,209,495000000,0,20260927,1,6.974984169006348,0.9990659356117249,35,V2-002-F00-S20260927,a72ac38ce4df2be3a418366a097fbe027ef38d9964f5b1b5705df5f48169be84,MODEL_V1_CV_REFERENCE_V1
929244e7de4650403f7398293e7d71502d99ad5e22a90fb913be559dc195d8ad,MITDB_P209,209,150000000,0,20260927,1,9.40119743347168,0.9999173879623413,35,V2-002-F00-S20260927,a72ac38ce4df2be3a418366a097fbe027ef38d9964f5b1b5705df5f48169be84,MODEL_V1_CV_REFERENCE_V1
92c5392a248371809196fdd568f8faa6c9a7b5f018127c51d6f86bc907cba1c6,MITDB_P203,203,1095000000,0,20260927,1,14.31820297241211,0.9999994039535522,35,V2-002-F00-S20260927,a72ac38ce4df2be3a418366a097fbe027ef38d9964f5b1b5705df5f48169be84,MODEL_V1_CV_REFERENCE_V1
92dd47b0c15a497339f76e922f0e1609991c268251bc3633f66ad707eea442a0,MITDB_P209,209,405000000,0,20260927,1,7.364887237548828,0.9993672966957092,35,V2-002-F00-S20260927,a72ac38ce4df2be3a418366a097fbe027ef38d9964f5b1b5705df5f48169be84,MODEL_V1_CV_REFERENCE_V1
92ddd4a805f67fa5114cc271f40be9b8269a4db664837af97767a2e73235c86c,MITDB_P124,124,1200000000,0,20260927,0,7.084753513336182,0.9991629123687744,35,V2-002-F00-S20260927,a72ac38ce4df2be3a418366a097fbe027ef38d9964f5b1b5705df5f48169be84,MODEL_V1_CV_REFERENCE_V1
93067cfb0a6545294dbf99644f5fa28f3bd4a9a1df48c1cbab00e102d4172530,MITDB_P209,209,320000000,0,20260927,1,10.21672534942627,0.9999634027481079,35,V2-002-F00-S20260927,a72ac38ce4df2be3a418366a097fbe027ef38d9964f5b1b5705df5f48169be84,MODEL_V1_CV_REFERENCE_V1
9310ab3787b4c301ab93472dae6b63f097e810f1c108a1e08e3954e291343ec3,MITDB_P209,209,1600000000,0,20260927,1,5.575840473175049,0.9962260723114014,35,V2-002-F00-S20260927,a72ac38ce4df2be3a418366a097fbe027ef38d9964f5b1b5705df5f48169be84,MODEL_V1_CV_REFERENCE_V1
93247356b8799aa14d3c2524ca33600f85e24d1a5793f90c7326fb2e9a66614d,MITDB_P203,203,945000000,0,20260927,1,17.09859848022461,1.0,35,V2-002-F00-S20260927,a72ac38ce4df2be3a418366a097fbe027ef38d9964f5b1b5705df5f48169be84,MODEL_V1_CV_REFERENCE_V1
9380616055d2091d506262955bb7f8575ae7dd66da321d2e277eb9bd3adb49c4,MITDB_P124,124,480000000,0,20260927,0,11.371322631835938,0.9999884366989136,35,V2-002-F00-S20260927,a72ac38ce4df2be3a418366a097fbe027ef38d9964f5b1b5705df5f48169be84,MODEL_V1_CV_REFERENCE_V1
93cf2d44e2280272a1ce1f60f372ad2d96cc2f865951ffbbdbb0a25c7dcb031a,MITDB_P222,222,745000000,0,20260927,1,21.452585220336914,1.0,35,V2-002-F00-S20260927,a72ac38ce4df2be3a418366a097fbe027ef38d9964f5b1b5705df5f48169be84,MODEL_V1_CV_REFERENCE_V1
940eac4c88887efa895ca62240f4fd1bc527cf4b7e5459e21394b0539788096c,MITDB_P105,105,850000000,0,20260927,0,-1.4188849925994873,0.19483643770217896,35,V2-002-F00-S20260927,a72ac38ce4df2be3a418366a097fbe027ef38d9964f5b1b5705df5f48169be84,MODEL_V1_CV_REFERENCE_V1
941328ad5e6683d3d5598b11f9fb1506f96c46f16d78479e725cbd34cdf24708,MITDB_P105,105,370000000,0,20260927,0,2.5515830516815186,0.9276798367500305,35,V2-002-F00-S20260927,a72ac38ce4df2be3a418366a097fbe027ef38d9964f5b1b5705df5f48169be84,MODEL_V1_CV_REFERENCE_V1
9428a2a08f6a68215178f69fdeaa9f19b34de8cdf8622f31b3edcc916b7d2c97,MITDB_P124,124,200000000,0,20260927,0,7.658010482788086,0.9995280504226685,35,V2-002-F00-S20260927,a72ac38ce4df2be3a418366a097fbe027ef38d9964f5b1b5705df5f48169be84,MODEL_V1_CV_REFERENCE_V1
94338843499617500f4c34491feb37c479327f8ba97906b251cc1a5b008cb6c0,MITDB_P212,212,450000000,0,20260927,0,13.552745819091797,0.9999986886978149,35,V2-002-F00-S20260927,a72ac38ce4df2be3a418366a097fbe027ef38d9964f5b1b5705df5f48169be84,MODEL_V1_CV_REFERENCE_V1
94395b289c9ce80231435a81da094c69aecdc1956df5ec7da419e77748756632,MITDB_P222,222,1215000000,0,20260927,1,9.998905181884766,0.9999545812606812,35,V2-002-F00-S20260927,a72ac38ce4df2be3a418366a097fbe027ef38d9964f5b1b5705df5f48169be84,MODEL_V1_CV_REFERENCE_V1
946197c832b84a55e0dec1794d65a21babfefd7a5c05e75c44a98b0788a53f5a,MITDB_P203,203,1455000000,0,20260927,1,9.114811897277832,0.9998899698257446,35,V2-002-F00-S20260927,a72ac38ce4df2be3a418366a097fbe027ef38d9964f5b1b5705df5f48169be84,MODEL_V1_CV_REFERENCE_V1
9464b1b17a17dd8f5e38c17e8d94556859415da6030662ce88d75dbd282e1e18,MITDB_P222,222,1355000000,0,20260927,1,8.56445598602295,0.9998093247413635,35,V2-002-F00-S20260927,a72ac38ce4df2be3a418366a097fbe027ef38d9964f5b1b5705df5f48169be84,MODEL_V1_CV_REFERENCE_V1
947087f605b33c9b3660026cc27f4bac329cdcbbad7e290d9f00d6c2cf3eaa80,MITDB_P124,124,810000000,0,20260927,0,4.887956619262695,0.9925196170806885,35,V2-002-F00-S20260927,a72ac38ce4df2be3a418366a097fbe027ef38d9964f5b1b5705df5f48169be84,MODEL_V1_CV_REFERENCE_V1
9472e11e6557e91666884cf5af0e0e9b2ac71f9063d8fd4bd5be73de4a73a982,MITDB_P105,105,375000000,0,20260927,0,2.3847742080688477,0.9156588315963745,35,V2-002-F00-S20260927,a72ac38ce4df2be3a418366a097fbe027ef38d9964f5b1b5705df5f48169be84,MODEL_V1_CV_REFERENCE_V1
94b1ee9142fe3362292aceb1f87e1221dc86fca326e82f66949d3071f2cfb56e,MITDB_P124,124,620000000,0,20260927,1,5.456454277038574,0.9957494735717773,35,V2-002-F00-S20260927,a72ac38ce4df2be3a418366a097fbe027ef38d9964f5b1b5705df5f48169be84,MODEL_V1_CV_REFERENCE_V1
94c9756c46dff72b7fe5a31abd6697d537a0ed00b7d54919414242b6838aff29,MITDB_P124,124,1000000000,0,20260927,1,4.628072738647461,0.9903209805488586,35,V2-002-F00-S20260927,a72ac38ce4df2be3a418366a097fbe027ef38d9964f5b1b5705df5f48169be84,MODEL_V1_CV_REFERENCE_V1
952d6d6973303624cdc88b4e8716c6196d7539f942339120c4fc2fd6acb7e823,MITDB_P124,124,1195000000,0,20260927,0,6.847710609436035,0.9989392161369324,35,V2-002-F00-S20260927,a72ac38ce4df2be3a418366a097fbe027ef38d9964f5b1b5705df5f48169be84,MODEL_V1_CV_REFERENCE_V1
9537ef210ee4cf1c6a5d4bc047e29cc60eb345f48e8083680e3b46a59569bc56,MITDB_P209,209,1350000000,0,20260927,0,8.2130126953125,0.9997289776802063,35,V2-002-F00-S20260927,a72ac38ce4df2be3a418366a097fbe027ef38d9964f5b1b5705df5f48169be84,MODEL_V1_CV_REFERENCE_V1
9580d83f6beba94b5dd4b23434545e7d51c4b212e91ae84b02d66f7fe30489ef,MITDB_P212,212,620000000,0,20260927,0,8.224995613098145,0.9997321963310242,35,V2-002-F00-S20260927,a72ac38ce4df2be3a418366a097fbe027ef38d9964f5b1b5705df5f48169be84,MODEL_V1_CV_REFERENCE_V1
959f61504b7524e9c1a017831c40142109c9b980479d2e5c6a7a141e75fb284a,MITDB_P105,105,1160000000,0,20260927,0,-1.4813324213027954,0.18522624671459198,35,V2-002-F00-S20260927,a72ac38ce4df2be3a418366a097fbe027ef38d9964f5b1b5705df5f48169be84,MODEL_V1_CV_REFERENCE_V1
95b0020a63cfe9ef10ceb2bb9e8ab33f449f5298092775ce7ffa700652e1cbbd,MITDB_P124,124,435000000,0,20260927,0,7.545395374298096,0.9994717240333557,35,V2-002-F00-S20260927,a72ac38ce4df2be3a418366a097fbe027ef38d9964f5b1b5705df5f48169be84,MODEL_V1_CV_REFERENCE_V1
95c3928397f8f58149cdecda9c01f602e28d82b206f86947ae41c6809426098a,MITDB_P124,124,1770000000,0,20260927,0,7.40862512588501,0.9993942975997925,35,V2-002-F00-S20260927,a72ac38ce4df2be3a418366a097fbe027ef38d9964f5b1b5705df5f48169be84,MODEL_V1_CV_REFERENCE_V1
962204e9d0f22fea634b51a2473b3d410e56e0d987faae49a5e81f5ecc3ff7e4,MITDB_P105,105,1310000000,0,20260927,0,0.6002609729766846,0.6457160115242004,35,V2-002-F00-S20260927,a72ac38ce4df2be3a418366a097fbe027ef38d9964f5b1b5705df5f48169be84,MODEL_V1_CV_REFERENCE_V1
9633d1a82b909af4156d995b9af622eb09ebc4e6ee9d5bd73265074e06f7a391,MITDB_P222,222,1360000000,0,20260927,1,8.927797317504883,0.99986732006073,35,V2-002-F00-S20260927,a72ac38ce4df2be3a418366a097fbe027ef38d9964f5b1b5705df5f48169be84,MODEL_V1_CV_REFERENCE_V1
964307be495ac421975de9c2e08f0b0c4a6b7b7a40f0fb168b9814db0d7b93c1,MITDB_P203,203,350000000,0,20260927,1,11.32451343536377,0.9999879598617554,35,V2-002-F00-S20260927,a72ac38ce4df2be3a418366a097fbe027ef38d9964f5b1b5705df5f48169be84,MODEL_V1_CV_REFERENCE_V1
96522bb053dde8830eaf596f2a9ed55d4fc68ce1fd6be89f25ecc1694711fb58,MITDB_P209,209,1670000000,0,20260927,1,10.259288787841797,0.9999649524688721,35,V2-002-F00-S20260927,a72ac38ce4df2be3a418366a097fbe027ef38d9964f5b1b5705df5f48169be84,MODEL_V1_CV_REFERENCE_V1
9655f31350925639c57f58becaeb24662223d9e52c24459e229a559271f29d41,MITDB_P124,124,1720000000,0,20260927,1,5.764837265014648,0.9968738555908203,35,V2-002-F00-S20260927,a72ac38ce4df2be3a418366a097fbe027ef38d9964f5b1b5705df5f48169be84,MODEL_V1_CV_REFERENCE_V1
96d22d45c827ff8c454c19154f81374d424156cfc43be3f1148bedfba458b201,MITDB_P124,124,660000000,0,20260927,0,5.258542060852051,0.9948240518569946,35,V2-002-F00-S20260927,a72ac38ce4df2be3a418366a097fbe027ef38d9964f5b1b5705df5f48169be84,MODEL_V1_CV_REFERENCE_V1
96e2201f5616ee3747828d0f18fc412197acaa6486ddfebbc6a45aec96e934f2,MITDB_P222,222,230000000,0,20260927,0,13.671285629272461,0.9999988079071045,35,V2-002-F00-S20260927,a72ac38ce4df2be3a418366a097fbe027ef38d9964f5b1b5705df5f48169be84,MODEL_V1_CV_REFERENCE_V1
9734855f5c48d49ce777d2a8bf3c9d12d6b656ba539284564083fc6aecfd377d,MITDB_P222,222,1285000000,0,20260927,0,2.843920946121216,0.9450036287307739,35,V2-002-F00-S20260927,a72ac38ce4df2be3a418366a097fbe027ef38d9964f5b1b5705df5f48169be84,MODEL_V1_CV_REFERENCE_V1
975b0f3bfa6e5362d8328d834692f6bc0b0e7fbfa47d7a95aec1dd9bba0e4e86,MITDB_P209,209,115000000,0,20260927,0,8.61948013305664,0.9998194575309753,35,V2-002-F00-S20260927,a72ac38ce4df2be3a418366a097fbe027ef38d9964f5b1b5705df5f48169be84,MODEL_V1_CV_REFERENCE_V1
9763ed33d3d4cd7c7b3991237cfbebe653774f05548eda87133b8725030b9e9c,MITDB_P222,222,1035000000,0,20260927,0,2.043320655822754,0.8852709531784058,35,V2-002-F00-S20260927,a72ac38ce4df2be3a418366a097fbe027ef38d9964f5b1b5705df5f48169be84,MODEL_V1_CV_REFERENCE_V1
9773ae58e7efb6adf08eefbd00067b35d6693fc3da24a1630e53f797b39bb381,MITDB_P203,203,60000000,0,20260927,1,13.56905746459961,0.9999986886978149,35,V2-002-F00-S20260927,a72ac38ce4df2be3a418366a097fbe027ef38d9964f5b1b5705df5f48169be84,MODEL_V1_CV_REFERENCE_V1
9780444811754e9e3e9ed125dc3e261a9f651cf0b3dcb060e66d34dd915918fb,MITDB_P203,203,615000000,0,20260927,1,13.208489418029785,0.9999982118606567,35,V2-002-F00-S20260927,a72ac38ce4df2be3a418366a097fbe027ef38d9964f5b1b5705df5f48169be84,MODEL_V1_CV_REFERENCE_V1
9782696b785265c0d1ffe5ea7d7500cb4cf6bab4efc81a0cc7271e0513210e39,MITDB_P203,203,1170000000,0,20260927,1,10.200433731079102,0.9999628067016602,35,V2-002-F00-S20260927,a72ac38ce4df2be3a418366a097fbe027ef38d9964f5b1b5705df5f48169be84,MODEL_V1_CV_REFERENCE_V1
9784b629fbaef583d387ae7801811518f05cebb4bcdfc6b0f6234ac5fbd4ccba,MITDB_P209,209,1160000000,0,20260927,1,8.863096237182617,0.9998584985733032,35,V2-002-F00-S20260927,a72ac38ce4df2be3a418366a097fbe027ef38d9964f5b1b5705df5f48169be84,MODEL_V1_CV_REFERENCE_V1
9791f8e8754c509cf8ab1f9839ab90f91181c9aaea592b1ef765274b9ec308c5,MITDB_P105,105,1405000000,0,20260927,0,6.035193920135498,0.997612714767456,35,V2-002-F00-S20260927,a72ac38ce4df2be3a418366a097fbe027ef38d9964f5b1b5705df5f48169be84,MODEL_V1_CV_REFERENCE_V1
97f251e5c7c66786c9e78558d13abe29896803c76c36c5a38bf393b139fd7f7a,MITDB_P203,203,985000000,0,20260927,1,15.721511840820312,0.9999998807907104,35,V2-002-F00-S20260927,a72ac38ce4df2be3a418366a097fbe027ef38d9964f5b1b5705df5f48169be84,MODEL_V1_CV_REFERENCE_V1
980566186796547cf6651ac3ac31dab92d9bc4f0269b961c04890ab3eaf9fb20,MITDB_P105,105,890000000,0,20260927,0,0.10336984694004059,0.5258194804191589,35,V2-002-F00-S20260927,a72ac38ce4df2be3a418366a097fbe027ef38d9964f5b1b5705df5f48169be84,MODEL_V1_CV_REFERENCE_V1
9813c565738d3ff5c12f46366300178639808bf4edee09bddd6ceac7c73ed0a0,MITDB_P124,124,1435000000,0,20260927,0,8.305813789367676,0.999752938747406,35,V2-002-F00-S20260927,a72ac38ce4df2be3a418366a097fbe027ef38d9964f5b1b5705df5f48169be84,MODEL_V1_CV_REFERENCE_V1
981ac97297bee9aadbd04bbc079463bcde2fa7b5d7e1aad7ea99002251f54d87,MITDB_P212,212,1685000000,0,20260927,0,-0.2919846475124359,0.4275180697441101,35,V2-002-F00-S20260927,a72ac38ce4df2be3a418366a097fbe027ef38d9964f5b1b5705df5f48169be84,MODEL_V1_CV_REFERENCE_V1
990430e3bce27c089660f1c95ca132f4cc5f66cd2dae9b7843affd35b01ac2cc,MITDB_P105,105,1000000000,0,20260927,0,3.0212419033050537,0.9535245895385742,35,V2-002-F00-S20260927,a72ac38ce4df2be3a418366a097fbe027ef38d9964f5b1b5705df5f48169be84,MODEL_V1_CV_REFERENCE_V1
9922e487af753cec10dc7eddd3fdd66a1df38492d47f5e742659d2150159d204,MITDB_P209,209,615000000,0,20260927,1,1.417102336883545,0.8048837780952454,35,V2-002-F00-S20260927,a72ac38ce4df2be3a418366a097fbe027ef38d9964f5b1b5705df5f48169be84,MODEL_V1_CV_REFERENCE_V1
9932a9aa3b7a94f31ecc027f079bd08ef95a5ab74e062491be9aea61a7c761a5,MITDB_P203,203,1425000000,0,20260927,1,20.95177459716797,1.0,35,V2-002-F00-S20260927,a72ac38ce4df2be3a418366a097fbe027ef38d9964f5b1b5705df5f48169be84,MODEL_V1_CV_REFERENCE_V1
99bd5fb61d7d7c70af41757d50c6052e04f22156fdd554fad9d30a4a08e3ee9d,MITDB_P212,212,575000000,0,20260927,0,12.187018394470215,0.9999948740005493,35,V2-002-F00-S20260927,a72ac38ce4df2be3a418366a097fbe027ef38d9964f5b1b5705df5f48169be84,MODEL_V1_CV_REFERENCE_V1
99be20100e435aa3ffea9f537dd86abf8ecf0bc370b071c5327e02eccc5322e9,MITDB_P124,124,720000000,0,20260927,0,5.704514980316162,0.9966801404953003,35,V2-002-F00-S20260927,a72ac38ce4df2be3a418366a097fbe027ef38d9964f5b1b5705df5f48169be84,MODEL_V1_CV_REFERENCE_V1
9a091ad2936262fb1d278020c61dab66b2ac1fa935e0900ebaaf926107e100a4,MITDB_P203,203,1450000000,0,20260927,1,15.453253746032715,0.9999997615814209,35,V2-002-F00-S20260927,a72ac38ce4df2be3a418366a097fbe027ef38d9964f5b1b5705df5f48169be84,MODEL_V1_CV_REFERENCE_V1
9a0ae5df3a5e34945ac67718b663b16c1cda1326ff74f127c4737a3f768ecb8f,MITDB_P203,203,915000000,0,20260927,1,3.2097883224487305,0.961201012134552,35,V2-002-F00-S20260927,a72ac38ce4df2be3a418366a097fbe027ef38d9964f5b1b5705df5f48169be84,MODEL_V1_CV_REFERENCE_V1
9a61a49274492ea7b53a715a3eb9b467603c22b80bd780be97536ce511bf3dde,MITDB_P124,124,330000000,0,20260927,1,-4.814203262329102,0.008048382587730885,35,V2-002-F00-S20260927,a72ac38ce4df2be3a418366a097fbe027ef38d9964f5b1b5705df5f48169be84,MODEL_V1_CV_REFERENCE_V1
9a65eb47615f8c57707765bad130cff938d70434a4418a7cd779a1facc385f7e,MITDB_P203,203,1485000000,0,20260927,1,7.8722076416015625,0.9996188879013062,35,V2-002-F00-S20260927,a72ac38ce4df2be3a418366a097fbe027ef38d9964f5b1b5705df5f48169be84,MODEL_V1_CV_REFERENCE_V1
9aac077532019ec705c424407c1141fd66fde03ba0df36a798f72812504b6768,MITDB_P212,212,775000000,0,20260927,0,-0.10008510947227478,0.4749995470046997,35,V2-002-F00-S20260927,a72ac38ce4df2be3a418366a097fbe027ef38d9964f5b1b5705df5f48169be84,MODEL_V1_CV_REFERENCE_V1
9ae9c0ee81a3aa7e90d1ebf47a60ebe4be39997a72152a86b9955ba79794a40d,MITDB_P105,105,20000000,0,20260927,1,3.2398314476013184,0.9623059630393982,35,V2-002-F00-S20260927,a72ac38ce4df2be3a418366a097fbe027ef38d9964f5b1b5705df5f48169be84,MODEL_V1_CV_REFERENCE_V1
9b0e0220d30c0fb1f7ec1179b67a2246af1213a21a0115c6c6a073c14ae87191,MITDB_P203,203,295000000,0,20260927,1,15.134899139404297,0.9999997615814209,35,V2-002-F00-S20260927,a72ac38ce4df2be3a418366a097fbe027ef38d9964f5b1b5705df5f48169be84,MODEL_V1_CV_REFERENCE_V1
9b1266efbfc31bb6d8bb39b2f28a126c209d2c06073d369c4ad340a6a2594c82,MITDB_P209,209,865000000,0,20260927,1,4.787128925323486,0.9917325973510742,35,V2-002-F00-S20260927,a72ac38ce4df2be3a418366a097fbe027ef38d9964f5b1b5705df5f48169be84,MODEL_V1_CV_REFERENCE_V1
9b31eec1bc704e22bd48910e8d2216ecdf7464ad1b65b6f39d6f546f3de4daa4,MITDB_P203,203,180000000,0,20260927,0,12.541821479797363,0.9999964237213135,35,V2-002-F00-S20260927,a72ac38ce4df2be3a418366a097fbe027ef38d9964f5b1b5705df5f48169be84,MODEL_V1_CV_REFERENCE_V1
9b5a33d591474beef409f8d2d79329106bd8d603b8ba9b9da6cb3fbbbbf722d3,MITDB_P209,209,485000000,0,20260927,1,8.168593406677246,0.9997166991233826,35,V2-002-F00-S20260927,a72ac38ce4df2be3a418366a097fbe027ef38d9964f5b1b5705df5f48169be84,MODEL_V1_CV_REFERENCE_V1
9b7584c0d573bd106bcc9151da1a5a07be5d94134b40fd6bcd080e31986e069a,MITDB_P203,203,145000000,0,20260927,1,16.917795181274414,1.0,35,V2-002-F00-S20260927,a72ac38ce4df2be3a418366a097fbe027ef38d9964f5b1b5705df5f48169be84,MODEL_V1_CV_REFERENCE_V1
9b9250c2b4ca56752c6aff36861af97dd452461937775b31e3b6f86eb3e08ba2,MITDB_P105,105,1450000000,0,20260927,0,0.6561599373817444,0.6583972573280334,35,V2-002-F00-S20260927,a72ac38ce4df2be3a418366a097fbe027ef38d9964f5b1b5705df5f48169be84,MODEL_V1_CV_REFERENCE_V1
9bb317a0060a5db83d5d12f50ffe7a63e017860d111784f256e1c7cac26232c6,MITDB_P212,212,845000000,0,20260927,0,17.930448532104492,1.0,35,V2-002-F00-S20260927,a72ac38ce4df2be3a418366a097fbe027ef38d9964f5b1b5705df5f48169be84,MODEL_V1_CV_REFERENCE_V1
9bd4ceee04a9221d8dccdee4ef5db50c95e75ea0ca739c70e7fc5f6ec3770954,MITDB_P222,222,1150000000,0,20260927,1,1.7887372970581055,0.8567724227905273,35,V2-002-F00-S20260927,a72ac38ce4df2be3a418366a097fbe027ef38d9964f5b1b5705df5f48169be84,MODEL_V1_CV_REFERENCE_V1
9c377bb7ce1b66e5ba943346b92b8c8692bbc867d1ef1d93b1d3d23df95c97a2,MITDB_P209,209,1370000000,0,20260927,0,8.34809398651123,0.9997631907463074,35,V2-002-F00-S20260927,a72ac38ce4df2be3a418366a097fbe027ef38d9964f5b1b5705df5f48169be84,MODEL_V1_CV_REFERENCE_V1
9c43989fd93f7b358914220a6436339e5b0482eeb3ee60b06dfc15fd6364c0b6,MITDB_P105,105,1170000000,0,20260927,0,-0.3167749047279358,0.42146193981170654,35,V2-002-F00-S20260927,a72ac38ce4df2be3a418366a097fbe027ef38d9964f5b1b5705df5f48169be84,MODEL_V1_CV_REFERENCE_V1
9c475150d6643fa35bb1f72f63f8d9c67d1c430eced531eb0c43e272c67c976f,MITDB_P212,212,1290000000,0,20260927,0,14.290571212768555,0.9999994039535522,35,V2-002-F00-S20260927,a72ac38ce4df2be3a418366a097fbe027ef38d9964f5b1b5705df5f48169be84,MODEL_V1_CV_REFERENCE_V1
9c5842ef0b6d626019b38f79b703ee46d61e7a63e04e56de8830ba8d258fb1f1,MITDB_P222,222,1015000000,0,20260927,0,6.173625469207764,0.9979206919670105,35,V2-002-F00-S20260927,a72ac38ce4df2be3a418366a097fbe027ef38d9964f5b1b5705df5f48169be84,MODEL_V1_CV_REFERENCE_V1
9c7170ed097adc695f0effb6d86e76b49ee6bd2de73eb37d0bdea361e807e5aa,MITDB_P203,203,1530000000,0,20260927,1,18.280109405517578,1.0,35,V2-002-F00-S20260927,a72ac38ce4df2be3a418366a097fbe027ef38d9964f5b1b5705df5f48169be84,MODEL_V1_CV_REFERENCE_V1
9c7c2fc29ed7296ea1fd05b53ecd435e37feaf4492969ddf9c17a908e05ee292,MITDB_P124,124,1480000000,0,20260927,0,6.12946081161499,0.9978269934654236,35,V2-002-F00-S20260927,a72ac38ce4df2be3a418366a097fbe027ef38d9964f5b1b5705df5f48169be84,MODEL_V1_CV_REFERENCE_V1
9c882b92abe4889bd1f624cedcc6b7e7724355cb3c4b6ef4af03823f2b1c4f86,MITDB_P212,212,1545000000,0,20260927,0,13.59650993347168,0.9999988079071045,35,V2-002-F00-S20260927,a72ac38ce4df2be3a418366a097fbe027ef38d9964f5b1b5705df5f48169be84,MODEL_V1_CV_REFERENCE_V1
9cabf68be429364ea73611487cd9fc70bbc711830a34d3e5213eebe49a875c29,MITDB_P212,212,1595000000,0,20260927,0,4.165655136108398,0.9847176671028137,35,V2-002-F00-S20260927,a72ac38ce4df2be3a418366a097fbe027ef38d9964f5b1b5705df5f48169be84,MODEL_V1_CV_REFERENCE_V1
9cc8a3384d587b23bb9688741f1ae1b77a5890eb9c464c735a20839986398faf,MITDB_P105,105,105000000,0,20260927,1,2.3514750003814697,0.913051426410675,35,V2-002-F00-S20260927,a72ac38ce4df2be3a418366a097fbe027ef38d9964f5b1b5705df5f48169be84,MODEL_V1_CV_REFERENCE_V1
9cf3c56274d2543c238774471010421f917f1b49e0ba03a30cf625c55e346afa,MITDB_P203,203,525000000,0,20260927,1,12.948790550231934,0.999997615814209,35,V2-002-F00-S20260927,a72ac38ce4df2be3a418366a097fbe027ef38d9964f5b1b5705df5f48169be84,MODEL_V1_CV_REFERENCE_V1
9cf8d6390d8e08f2ab8ed8b37f31151350a449be5216eaf1d6f2104589825c87,MITDB_P209,209,645000000,0,20260927,1,7.046138286590576,0.9991299510002136,35,V2-002-F00-S20260927,a72ac38ce4df2be3a418366a097fbe027ef38d9964f5b1b5705df5f48169be84,MODEL_V1_CV_REFERENCE_V1
9d0e4d36a6422891b0a2cc657471f6877400f37319a7ff47d0ae41b393e01437,MITDB_P209,209,775000000,0,20260927,0,9.871194839477539,0.9999483823776245,35,V2-002-F00-S20260927,a72ac38ce4df2be3a418366a097fbe027ef38d9964f5b1b5705df5f48169be84,MODEL_V1_CV_REFERENCE_V1
9d4b4444f32dbac5376b7891988ba4f689fe61d26718faafcc0d53ad4bcb0b73,MITDB_P222,222,1020000000,0,20260927,0,3.67553973197937,0.9752903580665588,35,V2-002-F00-S20260927,a72ac38ce4df2be3a418366a097fbe027ef38d9964f5b1b5705df5f48169be84,MODEL_V1_CV_REFERENCE_V1
9d74cd68c3f6f84778433afd41d6cda73b6196b271157aa95ef44a73e6834ea3,MITDB_P203,203,550000000,0,20260927,1,11.189803123474121,0.9999861717224121,35,V2-002-F00-S20260927,a72ac38ce4df2be3a418366a097fbe027ef38d9964f5b1b5705df5f48169be84,MODEL_V1_CV_REFERENCE_V1
9dd73fabe21488e885c081a31d49a922de2bf58902219749e1f54295a079e35e,MITDB_P105,105,245000000,0,20260927,0,1.9837212562561035,0.8790772557258606,35,V2-002-F00-S20260927,a72ac38ce4df2be3a418366a097fbe027ef38d9964f5b1b5705df5f48169be84,MODEL_V1_CV_REFERENCE_V1
9ddcab57b2e2b34f3a90a379377bdd27def6e1dbb8c8b2a52bfad11fa4aec245,MITDB_P212,212,520000000,0,20260927,0,16.046470642089844,0.9999998807907104,35,V2-002-F00-S20260927,a72ac38ce4df2be3a418366a097fbe027ef38d9964f5b1b5705df5f48169be84,MODEL_V1_CV_REFERENCE_V1
9e1d7991154401613949f242892f9dcfad2c5d184275066b150ab2ef39a7bcdb,MITDB_P203,203,1005000000,0,20260927,1,17.238656997680664,1.0,35,V2-002-F00-S20260927,a72ac38ce4df2be3a418366a097fbe027ef38d9964f5b1b5705df5f48169be84,MODEL_V1_CV_REFERENCE_V1
9e26a737c55a364451a8c460fdf6437bc3d24e0ddcbee6255d08bc9b5f6b6550,MITDB_P209,209,995000000,0,20260927,1,2.2674450874328613,0.9061447381973267,35,V2-002-F00-S20260927,a72ac38ce4df2be3a418366a097fbe027ef38d9964f5b1b5705df5f48169be84,MODEL_V1_CV_REFERENCE_V1
9e3e13d8914857b618f1065c52469795cd88cb852f09b0e54422d5e8f090d72b,MITDB_P105,105,825000000,0,20260927,1,1.7349967956542969,0.8500504493713379,35,V2-002-F00-S20260927,a72ac38ce4df2be3a418366a097fbe027ef38d9964f5b1b5705df5f48169be84,MODEL_V1_CV_REFERENCE_V1
9e4434ed63859ac8e44cf4fa1f6ca4b0af58374c29dea85affcac3346e183409,MITDB_P203,203,200000000,0,20260927,1,6.319694995880127,0.9982026815414429,35,V2-002-F00-S20260927,a72ac38ce4df2be3a418366a097fbe027ef38d9964f5b1b5705df5f48169be84,MODEL_V1_CV_REFERENCE_V1
9e7a2f43511784a80e75cc694199a082f81ad9f1ece3e26ebebb71f321c6d84c,MITDB_P124,124,930000000,0,20260927,0,4.833388328552246,0.9921033978462219,35,V2-002-F00-S20260927,a72ac38ce4df2be3a418366a097fbe027ef38d9964f5b1b5705df5f48169be84,MODEL_V1_CV_REFERENCE_V1
9e7ab46285f3a984f3b86e687291632a1e2829c2b1dbfc9541583394db996aca,MITDB_P209,209,1115000000,0,20260927,0,10.501443862915039,0.9999724626541138,35,V2-002-F00-S20260927,a72ac38ce4df2be3a418366a097fbe027ef38d9964f5b1b5705df5f48169be84,MODEL_V1_CV_REFERENCE_V1
9eb9716628f0ab4286c4685a4f3222bbf4cf74576e47acaeae3f780d38b5c3f7,MITDB_P222,222,385000000,0,20260927,0,13.929348945617676,0.9999991655349731,35,V2-002-F00-S20260927,a72ac38ce4df2be3a418366a097fbe027ef38d9964f5b1b5705df5f48169be84,MODEL_V1_CV_REFERENCE_V1
9ebabe78a661ee4518da211ef494747b0c97d42e7414e5bd5ac0765c45b12152,MITDB_P212,212,1440000000,0,20260927,0,13.107002258300781,0.9999979734420776,35,V2-002-F00-S20260927,a72ac38ce4df2be3a418366a097fbe027ef38d9964f5b1b5705df5f48169be84,MODEL_V1_CV_REFERENCE_V1
9f0983a2d10119930d166c865f9e3300faec4d6701666e640f6159f4bdc5c9b7,MITDB_P222,222,1145000000,0,20260927,0,5.666952133178711,0.9965535402297974,35,V2-002-F00-S20260927,a72ac38ce4df2be3a418366a097fbe027ef38d9964f5b1b5705df5f48169be84,MODEL_V1_CV_REFERENCE_V1
9f446b6ad41e2cb07b32adba59c553ee86a479b21cfcace2af77f721003661cf,MITDB_P222,222,910000000,0,20260927,1,10.5292387008667,0.9999732971191406,35,V2-002-F00-S20260927,a72ac38ce4df2be3a418366a097fbe027ef38d9964f5b1b5705df5f48169be84,MODEL_V1_CV_REFERENCE_V1
9f526e76fc0d4acd6798d9e252937ba1c20866b2bc602d8e1a47ce9368755b9f,MITDB_P105,105,220000000,0,20260927,0,1.5089216232299805,0.8189013004302979,35,V2-002-F00-S20260927,a72ac38ce4df2be3a418366a097fbe027ef38d9964f5b1b5705df5f48169be84,MODEL_V1_CV_REFERENCE_V1
9f64ccbd052a30598aad519c62fbc971dac9851a09a4d8ffae2c7d5b08af9e2d,MITDB_P124,124,345000000,0,20260927,1,6.699238300323486,0.9987695813179016,35,V2-002-F00-S20260927,a72ac38ce4df2be3a418366a097fbe027ef38d9964f5b1b5705df5f48169be84,MODEL_V1_CV_REFERENCE_V1
9f6d3745d4bc2d71b4fcaca25a7a0f49dc6711b703910d0f04666b82c547a689,MITDB_P222,222,1305000000,0,20260927,1,4.040041446685791,0.9827075600624084,35,V2-002-F00-S20260927,a72ac38ce4df2be3a418366a097fbe027ef38d9964f5b1b5705df5f48169be84,MODEL_V1_CV_REFERENCE_V1
9f7f7e214b02e23a7728e31e0391197715b544b42c7a12647a87624fe3525870,MITDB_P212,212,1340000000,0,20260927,0,9.895133972167969,0.99994957447052,35,V2-002-F00-S20260927,a72ac38ce4df2be3a418366a097fbe027ef38d9964f5b1b5705df5f48169be84,MODEL_V1_CV_REFERENCE_V1
9f8b30406a1c9ed9948d935d687f251fcab9f7880e4623930151344763543903,MITDB_P212,212,280000000,0,20260927,0,15.936149597167969,0.9999998807907104,35,V2-002-F00-S20260927,a72ac38ce4df2be3a418366a097fbe027ef38d9964f5b1b5705df5f48169be84,MODEL_V1_CV_REFERENCE_V1
9f8b769768dad2f731f0c0243263036e5811253fde0c8f99f418101b7e3fafd3,MITDB_P212,212,550000000,0,20260927,0,0.38710856437683105,0.5955864787101746,35,V2-002-F00-S20260927,a72ac38ce4df2be3a418366a097fbe027ef38d9964f5b1b5705df5f48169be84,MODEL_V1_CV_REFERENCE_V1
9f9f0b4e6ee6435d292a439a5f9fed95a5906b590ef5c0b2987d492a2bec21d6,MITDB_P212,212,1400000000,0,20260927,0,3.218035936355591,0.9615074396133423,35,V2-002-F00-S20260927,a72ac38ce4df2be3a418366a097fbe027ef38d9964f5b1b5705df5f48169be84,MODEL_V1_CV_REFERENCE_V1
9fbab7570761382d4f70e57728ddf66f74b04b9ef4c41a5f8f59dfb8624d7383,MITDB_P124,124,915000000,0,20260927,0,5.888014793395996,0.9972352385520935,35,V2-002-F00-S20260927,a72ac38ce4df2be3a418366a097fbe027ef38d9964f5b1b5705df5f48169be84,MODEL_V1_CV_REFERENCE_V1
9ff421117c337eef4ef4d0df524446051e189962a62b4de009514aec1313f82e,MITDB_P203,203,810000000,0,20260927,1,14.638842582702637,0.9999995231628418,35,V2-002-F00-S20260927,a72ac38ce4df2be3a418366a097fbe027ef38d9964f5b1b5705df5f48169be84,MODEL_V1_CV_REFERENCE_V1
a008ce55b7615e3d5978b204f8c4efe50bd9913a7db9f0c5d405e40279a86509,MITDB_P105,105,1005000000,0,20260927,0,2.96205472946167,0.9508301615715027,35,V2-002-F00-S20260927,a72ac38ce4df2be3a418366a097fbe027ef38d9964f5b1b5705df5f48169be84,MODEL_V1_CV_REFERENCE_V1
a026f33905de5487771eb42814fb93979ea04dd12fb5cf0522c6cfc881466f9f,MITDB_P203,203,880000000,0,20260927,1,16.71671485900879,1.0,35,V2-002-F00-S20260927,a72ac38ce4df2be3a418366a097fbe027ef38d9964f5b1b5705df5f48169be84,MODEL_V1_CV_REFERENCE_V1
a048b607f4f9cac4896add376f54f8e895016662b7c0b21b8f142819865fd14c,MITDB_P212,212,1615000000,0,20260927,0,-0.047463566064834595,0.4881363809108734,35,V2-002-F00-S20260927,a72ac38ce4df2be3a418366a097fbe027ef38d9964f5b1b5705df5f48169be84,MODEL_V1_CV_REFERENCE_V1
a05fa3401a4977c9bcbd7a30b55632a730d8330e97f72dde8abde9893d4c3751,MITDB_P203,203,1270000000,0,20260927,1,17.049461364746094,1.0,35,V2-002-F00-S20260927,a72ac38ce4df2be3a418366a097fbe027ef38d9964f5b1b5705df5f48169be84,MODEL_V1_CV_REFERENCE_V1
a07c40157307cd8e0f4cdf955c7ab842b671f466f552271de35c111680a16068,MITDB_P222,222,680000000,0,20260927,1,9.892345428466797,0.9999494552612305,35,V2-002-F00-S20260927,a72ac38ce4df2be3a418366a097fbe027ef38d9964f5b1b5705df5f48169be84,MODEL_V1_CV_REFERENCE_V1
a0a3e720d48a2ad78d1269c51fc47e569ca1869ccc6c0fe6dfac7d2a5d9b09c4,MITDB_P209,209,840000000,0,20260927,0,9.538412094116211,0.9999279975891113,35,V2-002-F00-S20260927,a72ac38ce4df2be3a418366a097fbe027ef38d9964f5b1b5705df5f48169be84,MODEL_V1_CV_REFERENCE_V1
a0b81ccfc0325f4a8cf970447a5c88cec98ddb4e59c460b63e5514bab8eee4f7,MITDB_P124,124,1605000000,0,20260927,0,5.572528839111328,0.9962134957313538,35,V2-002-F00-S20260927,a72ac38ce4df2be3a418366a097fbe027ef38d9964f5b1b5705df5f48169be84,MODEL_V1_CV_REFERENCE_V1
a0d21c5633e05b0cebd62729bc3059cb7f0cc4169ebb3e0879c5c409f29d33c1,MITDB_P209,209,355000000,0,20260927,1,16.140180587768555,0.9999998807907104,35,V2-002-F00-S20260927,a72ac38ce4df2be3a418366a097fbe027ef38d9964f5b1b5705df5f48169be84,MODEL_V1_CV_REFERENCE_V1
a13538e4f694e5d372ff4a48716dc04243a915b29ad6d1dc686e133384bdf66b,MITDB_P209,209,1360000000,0,20260927,0,8.479426383972168,0.9997923970222473,35,V2-002-F00-S20260927,a72ac38ce4df2be3a418366a097fbe027ef38d9964f5b1b5705df5f48169be84,MODEL_V1_CV_REFERENCE_V1
a1354270e327c37a7680e1e8bc01380167f222c55f9708a3b13b8de5a264fdc7,MITDB_P203,203,1315000000,0,20260927,1,12.143085479736328,0.9999946355819702,35,V2-002-F00-S20260927,a72ac38ce4df2be3a418366a097fbe027ef38d9964f5b1b5705df5f48169be84,MODEL_V1_CV_REFERENCE_V1
a155a5b11e0145515434ffa289965c6f8cca5a7e92a08ace0c9398d971c39c8c,MITDB_P209,209,935000000,0,20260927,0,3.741739511489868,0.9768363833427429,35,V2-002-F00-S20260927,a72ac38ce4df2be3a418366a097fbe027ef38d9964f5b1b5705df5f48169be84,MODEL_V1_CV_REFERENCE_V1
a178804a8c7211fe45dc9b521400a84e6a7cd3883e8feea63421424f3d451308,MITDB_P212,212,1330000000,0,20260927,0,12.494213104248047,0.9999963045120239,35,V2-002-F00-S20260927,a72ac38ce4df2be3a418366a097fbe027ef38d9964f5b1b5705df5f48169be84,MODEL_V1_CV_REFERENCE_V1
a1a9be68120c23b94c15e450033782e4f9ad016020ccc5380bb7f410c3ce439f,MITDB_P105,105,1345000000,0,20260927,0,3.796212911605835,0.9780374765396118,35,V2-002-F00-S20260927,a72ac38ce4df2be3a418366a097fbe027ef38d9964f5b1b5705df5f48169be84,MODEL_V1_CV_REFERENCE_V1
a1d401d52f26e232f13108e779930e155fc6f67de939e438366f06971a3a7292,MITDB_P209,209,450000000,0,20260927,0,6.822116851806641,0.9989117383956909,35,V2-002-F00-S20260927,a72ac38ce4df2be3a418366a097fbe027ef38d9964f5b1b5705df5f48169be84,MODEL_V1_CV_REFERENCE_V1
a200f728802e3a4ce48dbf755303b566986c860c43959892f4026f93aca2be5f,MITDB_P222,222,10000000,0,20260927,0,15.237122535705566,0.9999997615814209,35,V2-002-F00-S20260927,a72ac38ce4df2be3a418366a097fbe027ef38d9964f5b1b5705df5f48169be84,MODEL_V1_CV_REFERENCE_V1
a20272e819dce76783d19c23e71826eac3f6f4acad8df8ac4a485179b0cb2a56,MITDB_P209,209,870000000,0,20260927,1,0.9465466737747192,0.7204201221466064,35,V2-002-F00-S20260927,a72ac38ce4df2be3a418366a097fbe027ef38d9964f5b1b5705df5f48169be84,MODEL_V1_CV_REFERENCE_V1
a20b47f0ffba468ea6bfa997f5a4130c8f7241518a064102bb9e59fef8147ef7,MITDB_P124,124,1415000000,0,20260927,1,8.619250297546387,0.9998194575309753,35,V2-002-F00-S20260927,a72ac38ce4df2be3a418366a097fbe027ef38d9964f5b1b5705df5f48169be84,MODEL_V1_CV_REFERENCE_V1
a2476c938c12ba283e1203296d9a3abcf9c0f1e993fc9274e505af87b2741487,MITDB_P212,212,875000000,0,20260927,0,15.70708179473877,0.9999998807907104,35,V2-002-F00-S20260927,a72ac38ce4df2be3a418366a097fbe027ef38d9964f5b1b5705df5f48169be84,MODEL_V1_CV_REFERENCE_V1
a29072f5cf410602f655770f27f5e0978c92948db4047f8d2e9f99e816b61011,MITDB_P222,222,1320000000,0,20260927,1,6.702659606933594,0.9987738728523254,35,V2-002-F00-S20260927,a72ac38ce4df2be3a418366a097fbe027ef38d9964f5b1b5705df5f48169be84,MODEL_V1_CV_REFERENCE_V1
a2bbd18ab5fc854cb443f33486c324dd492b826a851c84b7bbb1ed25fb587f71,MITDB_P222,222,665000000,0,20260927,0,20.520292282104492,1.0,35,V2-002-F00-S20260927,a72ac38ce4df2be3a418366a097fbe027ef38d9964f5b1b5705df5f48169be84,MODEL_V1_CV_REFERENCE_V1
a2c30a31bfbf5f0a15fb3547172656856246b04b9a729fb63989fee63ed6f278,MITDB_P105,105,700000000,0,20260927,0,1.9844200611114502,0.8791515231132507,35,V2-002-F00-S20260927,a72ac38ce4df2be3a418366a097fbe027ef38d9964f5b1b5705df5f48169be84,MODEL_V1_CV_REFERENCE_V1
a2d857379691e6da021d7b16201275eeb5cdc298f20e2ea994766c9e30026539,MITDB_P212,212,440000000,0,20260927,0,15.940790176391602,0.9999998807907104,35,V2-002-F00-S20260927,a72ac38ce4df2be3a418366a097fbe027ef38d9964f5b1b5705df5f48169be84,MODEL_V1_CV_REFERENCE_V1
a2ed1ab80689cd8f95389097e0132beafa7631b041a97bde074170f9cc4e8282,MITDB_P203,203,975000000,0,20260927,1,13.698419570922852,0.999998927116394,35,V2-002-F00-S20260927,a72ac38ce4df2be3a418366a097fbe027ef38d9964f5b1b5705df5f48169be84,MODEL_V1_CV_REFERENCE_V1
a31a8df8f6b02c85699afdc696b20b3332a93f287cb03322f6674ab30de3d11d,MITDB_P124,124,535000000,0,20260927,0,8.083406448364258,0.9996914863586426,35,V2-002-F00-S20260927,a72ac38ce4df2be3a418366a097fbe027ef38d9964f5b1b5705df5f48169be84,MODEL_V1_CV_REFERENCE_V1
a31e074eac11215089278557899e5c19118989bbcd6d4809e97492c4b89c2910,MITDB_P212,212,1550000000,0,20260927,0,11.590032577514648,0.999990701675415,35,V2-002-F00-S20260927,a72ac38ce4df2be3a418366a097fbe027ef38d9964f5b1b5705df5f48169be84,MODEL_V1_CV_REFERENCE_V1
a32de8bd1b621e0448b8dae6d306ab126c73b5d080788948b2f86ed093378204,MITDB_P212,212,1000000000,0,20260927,0,-0.38554444909095764,0.40479034185409546,35,V2-002-F00-S20260927,a72ac38ce4df2be3a418366a097fbe027ef38d9964f5b1b5705df5f48169be84,MODEL_V1_CV_REFERENCE_V1
a32fcf23678e2f90445688ade89962b6b662cd1ecd006f233c54b8f012eb6ac8,MITDB_P105,105,1565000000,0,20260927,0,0.8222588300704956,0.6947156190872192,35,V2-002-F00-S20260927,a72ac38ce4df2be3a418366a097fbe027ef38d9964f5b1b5705df5f48169be84,MODEL_V1_CV_REFERENCE_V1
a330bcca7189a3794a1c03287f2983eda1f0747b19a5e5e57315fb5218aa24b2,MITDB_P212,212,975000000,0,20260927,0,5.452785491943359,0.995733916759491,35,V2-002-F00-S20260927,a72ac38ce4df2be3a418366a097fbe027ef38d9964f5b1b5705df5f48169be84,MODEL_V1_CV_REFERENCE_V1
a34f73ae383aef2f63f76dbfb3434c51cf2348d65c234d42e79d9f19d69e82d7,MITDB_P124,124,15000000,0,20260927,0,7.129723072052002,0.9991996884346008,35,V2-002-F00-S20260927,a72ac38ce4df2be3a418366a097fbe027ef38d9964f5b1b5705df5f48169be84,MODEL_V1_CV_REFERENCE_V1
a3552b2a3f7c643ccde55959da8b8e88c3e70a55f961667c962afe47ac9c8286,MITDB_P212,212,45000000,0,20260927,0,17.551633834838867,1.0,35,V2-002-F00-S20260927,a72ac38ce4df2be3a418366a097fbe027ef38d9964f5b1b5705df5f48169be84,MODEL_V1_CV_REFERENCE_V1
a3570f5207e91f9812048e2c95424c33393ead75c9ecc43cdc3697d7cb6162af,MITDB_P222,222,1655000000,0,20260927,0,6.638296127319336,0.9986924529075623,35,V2-002-F00-S20260927,a72ac38ce4df2be3a418366a097fbe027ef38d9964f5b1b5705df5f48169be84,MODEL_V1_CV_REFERENCE_V1
a361312c47279199f57c13033f6ae7e5beda895b53e8ed3e8ffc737d3de7f9aa,MITDB_P222,222,1685000000,0,20260927,0,12.412447929382324,0.9999959468841553,35,V2-002-F00-S20260927,a72ac38ce4df2be3a418366a097fbe027ef38d9964f5b1b5705df5f48169be84,MODEL_V1_CV_REFERENCE_V1
a38c85fe48f760c5c827e8a8ca1fbedfacb8f05a890d74fa907357d4f6cf4620,MITDB_P124,124,1120000000,0,20260927,0,5.673519134521484,0.9965760111808777,35,V2-002-F00-S20260927,a72ac38ce4df2be3a418366a097fbe027ef38d9964f5b1b5705df5f48169be84,MODEL_V1_CV_REFERENCE_V1
a3bd7e590ec721a81f2b622f234edfaea762f674d8792f6bdce1724a6afb8d5f,MITDB_P203,203,990000000,0,20260927,1,13.818765640258789,0.9999990463256836,35,V2-002-F00-S20260927,a72ac38ce4df2be3a418366a097fbe027ef38d9964f5b1b5705df5f48169be84,MODEL_V1_CV_REFERENCE_V1
a3d2ea2bfd22ba716ccffd9b01509a1208340a6a64e1f412acd4c535b0a9e044,MITDB_P209,209,715000000,0,20260927,1,13.272697448730469,0.9999983310699463,35,V2-002-F00-S20260927,a72ac38ce4df2be3a418366a097fbe027ef38d9964f5b1b5705df5f48169be84,MODEL_V1_CV_REFERENCE_V1
a4267dd6a3316db402b0147ef9aa08e8838a0e88cd39c532c5ff02c4c2843c84,MITDB_P209,209,1505000000,0,20260927,1,6.880804061889648,0.9989737272262573,35,V2-002-F00-S20260927,a72ac38ce4df2be3a418366a097fbe027ef38d9964f5b1b5705df5f48169be84,MODEL_V1_CV_REFERENCE_V1
a4307d66f7087282ee1606ec1e2b55e69269af5d584368d649cca71a2f20c307,MITDB_P222,222,1635000000,0,20260927,0,4.948746681213379,0.9929577112197876,35,V2-002-F00-S20260927,a72ac38ce4df2be3a418366a097fbe027ef38d9964f5b1b5705df5f48169be84,MODEL_V1_CV_REFERENCE_V1
a43209004abd82b506ca60fb1bdbf5e865846cf8aca319590120d1f864a59274,MITDB_P209,209,690000000,0,20260927,0,10.916986465454102,0.9999818801879883,35,V2-002-F00-S20260927,a72ac38ce4df2be3a418366a097fbe027ef38d9964f5b1b5705df5f48169be84,MODEL_V1_CV_REFERENCE_V1
a44158783dc64d3c86e78ff2b391be54f7cc4918f5977f1014547890ed9e88f7,MITDB_P105,105,945000000,0,20260927,0,1.9289133548736572,0.87312912940979,35,V2-002-F00-S20260927,a72ac38ce4df2be3a418366a097fbe027ef38d9964f5b1b5705df5f48169be84,MODEL_V1_CV_REFERENCE_V1
a4415a024e3b18a5c294adb7558c22bbb488995f1980dd5f61748e6a58c5120a,MITDB_P105,105,1300000000,0,20260927,0,6.105263710021973,0.9977738261222839,35,V2-002-F00-S20260927,a72ac38ce4df2be3a418366a097fbe027ef38d9964f5b1b5705df5f48169be84,MODEL_V1_CV_REFERENCE_V1
a47100a43d78ff53629c260980098928cdd0e69935adf34c18dc2b10d829f184,MITDB_P124,124,235000000,0,20260927,0,6.925706386566162,0.9990187883377075,35,V2-002-F00-S20260927,a72ac38ce4df2be3a418366a097fbe027ef38d9964f5b1b5705df5f48169be84,MODEL_V1_CV_REFERENCE_V1
a4a2088f8008d6fc83e7c0aeb5e4110cc30582178603d2233ec7bd3a52f50874,MITDB_P222,222,425000000,0,20260927,0,16.071651458740234,0.9999998807907104,35,V2-002-F00-S20260927,a72ac38ce4df2be3a418366a097fbe027ef38d9964f5b1b5705df5f48169be84,MODEL_V1_CV_REFERENCE_V1
a4a7af5891bee8cc04fd5a7a684ca51ac8c74d8d59250e3f5df72d3f9e781626,MITDB_P203,203,115000000,0,20260927,1,28.53116226196289,1.0,35,V2-002-F00-S20260927,a72ac38ce4df2be3a418366a097fbe027ef38d9964f5b1b5705df5f48169be84,MODEL_V1_CV_REFERENCE_V1
a4db172a9b02a2ff0451342ebfa4f749d70eb53b7ff5208dbc0ff85c3e593b70,MITDB_P222,222,1040000000,0,20260927,0,3.802222967147827,0.9781662225723267,35,V2-002-F00-S20260927,a72ac38ce4df2be3a418366a097fbe027ef38d9964f5b1b5705df5f48169be84,MODEL_V1_CV_REFERENCE_V1
a4dcb3ffc18856f2ab5520672cd166eb61f430dbb29d28677f034e63f93d78c9,MITDB_P212,212,395000000,0,20260927,0,9.602842330932617,0.9999324083328247,35,V2-002-F00-S20260927,a72ac38ce4df2be3a418366a097fbe027ef38d9964f5b1b5705df5f48169be84,MODEL_V1_CV_REFERENCE_V1
a4e34dbcc74254269ebf23850deeb0330872b3f83615700b74ccfad0f56af417,MITDB_P124,124,985000000,0,20260927,0,7.638758659362793,0.999518871307373,35,V2-002-F00-S20260927,a72ac38ce4df2be3a418366a097fbe027ef38d9964f5b1b5705df5f48169be84,MODEL_V1_CV_REFERENCE_V1
a50029265dd81b33039e7c77a25e172bf2b829239ed1137e5c2f5718b186850b,MITDB_P212,212,810000000,0,20260927,0,0.24323725700378418,0.5605112314224243,35,V2-002-F00-S20260927,a72ac38ce4df2be3a418366a097fbe027ef38d9964f5b1b5705df5f48169be84,MODEL_V1_CV_REFERENCE_V1
a54d983529074e63e029a95b1606131cc964b710ce1d96a134074d5ad4f4ba35,MITDB_P212,212,485000000,0,20260927,0,12.152426719665527,0.9999947547912598,35,V2-002-F00-S20260927,a72ac38ce4df2be3a418366a097fbe027ef38d9964f5b1b5705df5f48169be84,MODEL_V1_CV_REFERENCE_V1
a56d2b910fbeb1c1b110b129a90d85d3a02ce730d92c5b9a2aaf3eb7d7095eab,MITDB_P209,209,1290000000,0,20260927,1,6.244115829467773,0.9980619549751282,35,V2-002-F00-S20260927,a72ac38ce4df2be3a418366a097fbe027ef38d9964f5b1b5705df5f48169be84,MODEL_V1_CV_REFERENCE_V1
a57aed46560845e64ab69c90f6d5a6e3c19d9484b5feea15c297d1f8fe090e92,MITDB_P124,124,490000000,0,20260927,0,6.443141937255859,0.9984110593795776,35,V2-002-F00-S20260927,a72ac38ce4df2be3a418366a097fbe027ef38d9964f5b1b5705df5f48169be84,MODEL_V1_CV_REFERENCE_V1
a57eeed23f07e671b850ce7ed07d203a7b208e6c655063549791aef73056cff3,MITDB_P222,222,470000000,0,20260927,0,20.15316390991211,1.0,35,V2-002-F00-S20260927,a72ac38ce4df2be3a418366a097fbe027ef38d9964f5b1b5705df5f48169be84,MODEL_V1_CV_REFERENCE_V1
a5a7fc8d76f22d2c193a70f0c3040f4f21484052f99fe51e7831e85c8172f703,MITDB_P222,222,875000000,0,20260927,1,5.866244316101074,0.9971745014190674,35,V2-002-F00-S20260927,a72ac38ce4df2be3a418366a097fbe027ef38d9964f5b1b5705df5f48169be84,MODEL_V1_CV_REFERENCE_V1
a5c36cb472dbb1a58743e2e5456542840bd3f571188b806cea58f26686056d79,MITDB_P222,222,1770000000,0,20260927,0,4.651501655578613,0.9905430674552917,35,V2-002-F00-S20260927,a72ac38ce4df2be3a418366a097fbe027ef38d9964f5b1b5705df5f48169be84,MODEL_V1_CV_REFERENCE_V1
a5e2feada437f5ecf4f48a45a3c86024de14b8034e961550302ba9884557ad2c,MITDB_P222,222,930000000,0,20260927,1,13.586795806884766,0.9999986886978149,35,V2-002-F00-S20260927,a72ac38ce4df2be3a418366a097fbe027ef38d9964f5b1b5705df5f48169be84,MODEL_V1_CV_REFERENCE_V1
a63623ac9845604e4a90791a953f873d2ccc6e9a72671afb326249533fa30614,MITDB_P124,124,670000000,0,20260927,0,5.572196960449219,0.996212363243103,35,V2-002-F00-S20260927,a72ac38ce4df2be3a418366a097fbe027ef38d9964f5b1b5705df5f48169be84,MODEL_V1_CV_REFERENCE_V1
a64439a1f714deed0d6bb00c9c3646a313b446788b938cfb9a9dde853020c6e4,MITDB_P222,222,145000000,0,20260927,0,8.639521598815918,0.9998230338096619,35,V2-002-F00-S20260927,a72ac38ce4df2be3a418366a097fbe027ef38d9964f5b1b5705df5f48169be84,MODEL_V1_CV_REFERENCE_V1
a6474ab33f2a0d3ea248ab16bc19da2e7ecd635b67b10349ab8c470516b78012,MITDB_P203,203,1430000000,0,20260927,1,18.03045082092285,1.0,35,V2-002-F00-S20260927,a72ac38ce4df2be3a418366a097fbe027ef38d9964f5b1b5705df5f48169be84,MODEL_V1_CV_REFERENCE_V1
a658e84f4e732d5072e5a3c4ec2d2b28938472cf7cc9f2ec9afed0c5a4df365d,MITDB_P209,209,965000000,0,20260927,0,5.963266372680664,0.9974351525306702,35,V2-002-F00-S20260927,a72ac38ce4df2be3a418366a097fbe027ef38d9964f5b1b5705df5f48169be84,MODEL_V1_CV_REFERENCE_V1
a672036ec4de6e7ef18f14b3987d9833c5fb3f6e3751e41d2cbb839c62f8c2a5,MITDB_P222,222,1260000000,0,20260927,1,1.707074761390686,0.8464564681053162,35,V2-002-F00-S20260927,a72ac38ce4df2be3a418366a097fbe027ef38d9964f5b1b5705df5f48169be84,MODEL_V1_CV_REFERENCE_V1
a68262e7ec4c168e0e5a9faff18b94af2354748a81a06fd6a3fd2b1272ee1245,MITDB_P203,203,1000000000,0,20260927,1,18.755657196044922,1.0,35,V2-002-F00-S20260927,a72ac38ce4df2be3a418366a097fbe027ef38d9964f5b1b5705df5f48169be84,MODEL_V1_CV_REFERENCE_V1
a69e684948177f7748858fe353430e30c19a33cba957a3edaa1144db9b2611fd,MITDB_P209,209,1660000000,0,20260927,0,8.316901206970215,0.9997556805610657,35,V2-002-F00-S20260927,a72ac38ce4df2be3a418366a097fbe027ef38d9964f5b1b5705df5f48169be84,MODEL_V1_CV_REFERENCE_V1
a6fc5656dd590b68516a6922657be230877369e5d33948a0bfb51f3988d2fe88,MITDB_P222,222,1065000000,0,20260927,0,6.02313232421875,0.9975837469100952,35,V2-002-F00-S20260927,a72ac38ce4df2be3a418366a097fbe027ef38d9964f5b1b5705df5f48169be84,MODEL_V1_CV_REFERENCE_V1
a7300eb3221a14528154d8f5ec2f23de518650bb7c3c3ca7786e6fdf56f5f891,MITDB_P212,212,585000000,0,20260927,0,11.719728469848633,0.9999918937683105,35,V2-002-F00-S20260927,a72ac38ce4df2be3a418366a097fbe027ef38d9964f5b1b5705df5f48169be84,MODEL_V1_CV_REFERENCE_V1
a79035aa10b045468fe0c0993736408128c964c5dcb4b3c0eb556994ddbb413c,MITDB_P203,203,175000000,0,20260927,0,11.679222106933594,0.9999915361404419,35,V2-002-F00-S20260927,a72ac38ce4df2be3a418366a097fbe027ef38d9964f5b1b5705df5f48169be84,MODEL_V1_CV_REFERENCE_V1
a7953719ceaad8144d0cb9cb2dbbda6931f3ed06605af0ea402f5daa6831b387,MITDB_P203,203,1360000000,0,20260927,1,15.295724868774414,0.9999997615814209,35,V2-002-F00-S20260927,a72ac38ce4df2be3a418366a097fbe027ef38d9964f5b1b5705df5f48169be84,MODEL_V1_CV_REFERENCE_V1
a79d88a6a20371761ddc35cb878a34925047a828923f8bc5c8cfa62948aee555,MITDB_P124,124,1055000000,0,20260927,1,7.253716945648193,0.9992929697036743,35,V2-002-F00-S20260927,a72ac38ce4df2be3a418366a097fbe027ef38d9964f5b1b5705df5f48169be84,MODEL_V1_CV_REFERENCE_V1
a7d5a82a8f81dfd06bb010307ceea48322f5db805f45d04542371bfc69410fe5,MITDB_P124,124,1790000000,0,20260927,0,6.366506099700928,0.9982847571372986,35,V2-002-F00-S20260927,a72ac38ce4df2be3a418366a097fbe027ef38d9964f5b1b5705df5f48169be84,MODEL_V1_CV_REFERENCE_V1
a818e714278f3146dff9fac7ece26f6ab90c8a13d2b759553c91f4897d441f86,MITDB_P222,222,1775000000,0,20260927,0,3.600026845932007,0.9734036922454834,35,V2-002-F00-S20260927,a72ac38ce4df2be3a418366a097fbe027ef38d9964f5b1b5705df5f48169be84,MODEL_V1_CV_REFERENCE_V1
a836f53df184668ddc87e62771e00b6760f3fbe04bcf71a3fb519bb092332873,MITDB_P222,222,190000000,0,20260927,0,13.198012351989746,0.9999980926513672,35,V2-002-F00-S20260927,a72ac38ce4df2be3a418366a097fbe027ef38d9964f5b1b5705df5f48169be84,MODEL_V1_CV_REFERENCE_V1
a850d63188066f98eae4f3df91d73cf304ee9b70a2c34f597edb0d9ac76476ec,MITDB_P105,105,790000000,0,20260927,0,-0.8847737312316895,0.29218950867652893,35,V2-002-F00-S20260927,a72ac38ce4df2be3a418366a097fbe027ef38d9964f5b1b5705df5f48169be84,MODEL_V1_CV_REFERENCE_V1
a8a5993bfc6a7375a6f771d1331d6a246fca7330f735aeef1c94b02e3ef1c945,MITDB_P124,124,555000000,0,20260927,0,5.36099100112915,0.9953256845474243,35,V2-002-F00-S20260927,a72ac38ce4df2be3a418366a097fbe027ef38d9964f5b1b5705df5f48169be84,MODEL_V1_CV_REFERENCE_V1
a8b5b50270d05c0e0c16add2bd93c8d685764437be9d199ebbd3b6336a5ac3f1,MITDB_P209,209,365000000,0,20260927,1,13.9471435546875,0.9999991655349731,35,V2-002-F00-S20260927,a72ac38ce4df2be3a418366a097fbe027ef38d9964f5b1b5705df5f48169be84,MODEL_V1_CV_REFERENCE_V1
a8dafc89ce5f1eecb90b7bd22b54d8ef0b82d56c0267dde9645bc0e7557f33a8,MITDB_P212,212,950000000,0,20260927,0,13.870059967041016,0.9999990463256836,35,V2-002-F00-S20260927,a72ac38ce4df2be3a418366a097fbe027ef38d9964f5b1b5705df5f48169be84,MODEL_V1_CV_REFERENCE_V1
a8dd2a794a404410383ecfd3018d17eaf85b9df94309f2fe6b57c267b03a6323,MITDB_P124,124,1650000000,0,20260927,0,8.662866592407227,0.9998272061347961,35,V2-002-F00-S20260927,a72ac38ce4df2be3a418366a097fbe027ef38d9964f5b1b5705df5f48169be84,MODEL_V1_CV_REFERENCE_V1
a8ff040647a13bc579c66cc3dcd2ea024574ec4f2248f020b8c23a41d178b58c,MITDB_P222,222,1765000000,0,20260927,0,5.465850353240967,0.995789110660553,35,V2-002-F00-S20260927,a72ac38ce4df2be3a418366a097fbe027ef38d9964f5b1b5705df5f48169be84,MODEL_V1_CV_REFERENCE_V1
a91dbeaf07475b85a61aeb827581e6925a25cd82efab37bb14a0a8b7a42b16b2,MITDB_P203,203,70000000,0,20260927,1,18.151426315307617,1.0,35,V2-002-F00-S20260927,a72ac38ce4df2be3a418366a097fbe027ef38d9964f5b1b5705df5f48169be84,MODEL_V1_CV_REFERENCE_V1
a9488bce6750958657860439d97e57a639267ed48181e10d2bd53503ce5cec74,MITDB_P209,209,200000000,0,20260927,1,12.867501258850098,0.9999973773956299,35,V2-002-F00-S20260927,a72ac38ce4df2be3a418366a097fbe027ef38d9964f5b1b5705df5f48169be84,MODEL_V1_CV_REFERENCE_V1
a98469badd31452c3cdcea1e1200ad1442829eba0e880093e10556824e37f55d,MITDB_P212,212,315000000,0,20260927,0,5.7258405685424805,0.996749997138977,35,V2-002-F00-S20260927,a72ac38ce4df2be3a418366a097fbe027ef38d9964f5b1b5705df5f48169be84,MODEL_V1_CV_REFERENCE_V1
a994eff53ff2b3de035c0fe0e6e676513a7104c2ba3186687a465f3c1825e8fa,MITDB_P203,203,610000000,0,20260927,1,6.886187553405762,0.9989792704582214,35,V2-002-F00-S20260927,a72ac38ce4df2be3a418366a097fbe027ef38d9964f5b1b5705df5f48169be84,MODEL_V1_CV_REFERENCE_V1
a998197c32d5cd7c05d2c393efa9c0ef10995a4b9763fc0d7a2db8567145c6e5,MITDB_P209,209,1770000000,0,20260927,0,6.206768989562988,0.9979883432388306,35,V2-002-F00-S20260927,a72ac38ce4df2be3a418366a097fbe027ef38d9964f5b1b5705df5f48169be84,MODEL_V1_CV_REFERENCE_V1
a9a394d959bebee3743abda805bf19e6f7678ecd74a58be5fcc77ecbd9cc8416,MITDB_P203,203,285000000,0,20260927,1,13.55953311920166,0.9999986886978149,35,V2-002-F00-S20260927,a72ac38ce4df2be3a418366a097fbe027ef38d9964f5b1b5705df5f48169be84,MODEL_V1_CV_REFERENCE_V1
a9b8d50bdd1d08e256cdc40a26937227f57637ed8b4a9ceb95dd710a599ba88c,MITDB_P209,209,850000000,0,20260927,1,6.389724254608154,0.9983240962028503,35,V2-002-F00-S20260927,a72ac38ce4df2be3a418366a097fbe027ef38d9964f5b1b5705df5f48169be84,MODEL_V1_CV_REFERENCE_V1
a9d8408d7f86a418ac878588a9989d8b77c58a348cd639585815f9edf398f441,MITDB_P209,209,855000000,0,20260927,0,14.757933616638184,0.9999996423721313,35,V2-002-F00-S20260927,a72ac38ce4df2be3a418366a097fbe027ef38d9964f5b1b5705df5f48169be84,MODEL_V1_CV_REFERENCE_V1
aa111083d392e20ed72244a2786ba04da0ebd3bdadda9eea1d25e28c2c30cac0,MITDB_P212,212,1230000000,0,20260927,0,13.942115783691406,0.9999991655349731,35,V2-002-F00-S20260927,a72ac38ce4df2be3a418366a097fbe027ef38d9964f5b1b5705df5f48169be84,MODEL_V1_CV_REFERENCE_V1
aa34e23f9ba6a187c2ef539f40c6de96ca4372fca7b5c7a443a94933a9596eb7,MITDB_P209,209,1090000000,0,20260927,0,8.408583641052246,0.9997771382331848,35,V2-002-F00-S20260927,a72ac38ce4df2be3a418366a097fbe027ef38d9964f5b1b5705df5f48169be84,MODEL_V1_CV_REFERENCE_V1
aa53fbc7f485a735a9870946cc790c82611aa31c744fa9fb29256ecc9788ad6c,MITDB_P212,212,365000000,0,20260927,0,13.59079360961914,0.9999986886978149,35,V2-002-F00-S20260927,a72ac38ce4df2be3a418366a097fbe027ef38d9964f5b1b5705df5f48169be84,MODEL_V1_CV_REFERENCE_V1
aa59f1c8c1b9165579988b03393823311919f28479f097ccb39de3e6087d9e72,MITDB_P212,212,125000000,0,20260927,0,2.195716142654419,0.899864137172699,35,V2-002-F00-S20260927,a72ac38ce4df2be3a418366a097fbe027ef38d9964f5b1b5705df5f48169be84,MODEL_V1_CV_REFERENCE_V1
aa5e879e24a19ad1f606ee7199854f31086102194586fdd24dabccb7bdd2dc8f,MITDB_P212,212,555000000,0,20260927,0,0.222327321767807,0.5553539991378784,35,V2-002-F00-S20260927,a72ac38ce4df2be3a418366a097fbe027ef38d9964f5b1b5705df5f48169be84,MODEL_V1_CV_REFERENCE_V1
aa75e0e1ab6088bcbac08dfd80203786ab7036d0b981b748b4a7ff1cea9a9f6b,MITDB_P222,222,1055000000,0,20260927,0,7.3478193283081055,0.9993564486503601,35,V2-002-F00-S20260927,a72ac38ce4df2be3a418366a097fbe027ef38d9964f5b1b5705df5f48169be84,MODEL_V1_CV_REFERENCE_V1
aa889013f847d2266b944a1cf5a0f9a5eb5487218694b47e2bed6d5ca2daf8d6,MITDB_P222,222,100000000,0,20260927,0,16.463247299194336,0.9999998807907104,35,V2-002-F00-S20260927,a72ac38ce4df2be3a418366a097fbe027ef38d9964f5b1b5705df5f48169be84,MODEL_V1_CV_REFERENCE_V1
aa8db3e11b04c13b50bdfc104165f79773ebf4eec122baf90965626f1e093657,MITDB_P212,212,275000000,0,20260927,0,15.6953706741333,0.9999998807907104,35,V2-002-F00-S20260927,a72ac38ce4df2be3a418366a097fbe027ef38d9964f5b1b5705df5f48169be84,MODEL_V1_CV_REFERENCE_V1
aa9b6d6141bed0c6d460ffe712816021c23405f8fca8d68056454459737b248c,MITDB_P222,222,1370000000,0,20260927,1,0.7263070344924927,0.6739943623542786,35,V2-002-F00-S20260927,a72ac38ce4df2be3a418366a097fbe027ef38d9964f5b1b5705df5f48169be84,MODEL_V1_CV_REFERENCE_V1
aaacb084b3eb5e18208465787443b682cbd5b472e2dc3d0a5f5a101cabf86648,MITDB_P105,105,1800000000,0,20260927,0,0.7755836844444275,0.6847275495529175,35,V2-002-F00-S20260927,a72ac38ce4df2be3a418366a097fbe027ef38d9964f5b1b5705df5f48169be84,MODEL_V1_CV_REFERENCE_V1
aac2a1e4a6f4019447385909313d2ff4ff71702540527c3539d266028de1e4fd,MITDB_P209,209,795000000,0,20260927,1,2.615452289581299,0.931849479675293,35,V2-002-F00-S20260927,a72ac38ce4df2be3a418366a097fbe027ef38d9964f5b1b5705df5f48169be84,MODEL_V1_CV_REFERENCE_V1
aac9389defdb4d501603109d55f37271fceba46e1acc514849826d20ab3f11d4,MITDB_P212,212,890000000,0,20260927,0,14.812270164489746,0.9999996423721313,35,V2-002-F00-S20260927,a72ac38ce4df2be3a418366a097fbe027ef38d9964f5b1b5705df5f48169be84,MODEL_V1_CV_REFERENCE_V1
ab11a125a15eb5953b017ef90b345ba96c890db73706e98baed443f7011a4970,MITDB_P212,212,760000000,0,20260927,0,28.704187393188477,1.0,35,V2-002-F00-S20260927,a72ac38ce4df2be3a418366a097fbe027ef38d9964f5b1b5705df5f48169be84,MODEL_V1_CV_REFERENCE_V1
ab31fe4fa87e4adf41dab389618863d6d049748931d6b38a2d8076c7fa0416a0,MITDB_P209,209,1745000000,0,20260927,1,7.151401996612549,0.9992167949676514,35,V2-002-F00-S20260927,a72ac38ce4df2be3a418366a097fbe027ef38d9964f5b1b5705df5f48169be84,MODEL_V1_CV_REFERENCE_V1
ab3e7c074d9d40195692a89e19aaae7df9434f62ea7630069173780737893af0,MITDB_P105,105,1455000000,0,20260927,0,0.28188952803611755,0.5700093507766724,35,V2-002-F00-S20260927,a72ac38ce4df2be3a418366a097fbe027ef38d9964f5b1b5705df5f48169be84,MODEL_V1_CV_REFERENCE_V1
ab9cc4680f38ce0c4fa0d7fbbad59d610f443c185bde8b021b4f8b9c17f49455,MITDB_P209,209,1200000000,0,20260927,1,6.675447940826416,0.9987401366233826,35,V2-002-F00-S20260927,a72ac38ce4df2be3a418366a097fbe027ef38d9964f5b1b5705df5f48169be84,MODEL_V1_CV_REFERENCE_V1
aba47130b7bc1311749b83a60ef7aeb298d8686122fff0f87cbd162244c99fb6,MITDB_P124,124,1135000000,0,20260927,0,7.7534260749816895,0.999570906162262,35,V2-002-F00-S20260927,a72ac38ce4df2be3a418366a097fbe027ef38d9964f5b1b5705df5f48169be84,MODEL_V1_CV_REFERENCE_V1
aba7dd021bf21a6da616eb7277cf0e5d21120fe1d570302939e48f51b130e1b3,MITDB_P209,209,1735000000,0,20260927,1,8.126418113708496,0.9997044205665588,35,V2-002-F00-S20260927,a72ac38ce4df2be3a418366a097fbe027ef38d9964f5b1b5705df5f48169be84,MODEL_V1_CV_REFERENCE_V1
abbf8bd42d44fa74416a803e48de9790678213efa77effa811187d508d35d63f,MITDB_P212,212,1620000000,0,20260927,0,0.7641896605491638,0.682262659072876,35,V2-002-F00-S20260927,a72ac38ce4df2be3a418366a097fbe027ef38d9964f5b1b5705df5f48169be84,MODEL_V1_CV_REFERENCE_V1
abeb4ab7383a0855a77f7634ae8c2c465cb7cefa9a10c14a2c53344b512e38a6,MITDB_P222,222,1720000000,0,20260927,0,10.694822311401367,0.9999773502349854,35,V2-002-F00-S20260927,a72ac38ce4df2be3a418366a097fbe027ef38d9964f5b1b5705df5f48169be84,MODEL_V1_CV_REFERENCE_V1
abec6cb3cc5310106500c6fbc388967070d14d2e47dca8148165c18baecd3be1,MITDB_P209,209,530000000,0,20260927,1,8.066600799560547,0.9996862411499023,35,V2-002-F00-S20260927,a72ac38ce4df2be3a418366a097fbe027ef38d9964f5b1b5705df5f48169be84,MODEL_V1_CV_REFERENCE_V1
abfe0966978ee566cb0e2945f31fbdceb1f2402d1025ed3dacd53a9498c22293,MITDB_P124,124,1610000000,0,20260927,0,5.624968528747559,0.9964062571525574,35,V2-002-F00-S20260927,a72ac38ce4df2be3a418366a097fbe027ef38d9964f5b1b5705df5f48169be84,MODEL_V1_CV_REFERENCE_V1
ac0dd038670a87178f6563f8a8d21dd59962a289c8e232bd933403854f0d7e04,MITDB_P222,222,1160000000,0,20260927,1,0.15876737236976624,0.5396086573600769,35,V2-002-F00-S20260927,a72ac38ce4df2be3a418366a097fbe027ef38d9964f5b1b5705df5f48169be84,MODEL_V1_CV_REFERENCE_V1
ac28344c3c18da5413c38e7445e7bd0710de0612fa2035be86c8176265f95b76,MITDB_P124,124,715000000,0,20260927,0,5.048423767089844,0.9936215281486511,35,V2-002-F00-S20260927,a72ac38ce4df2be3a418366a097fbe027ef38d9964f5b1b5705df5f48169be84,MODEL_V1_CV_REFERENCE_V1
ac29cd2cce9de2d6e94ecc8ad6d6c1e019a4ab29d13cb920c6cdb6f10bb69b2a,MITDB_P203,203,1010000000,0,20260927,1,19.241527557373047,1.0,35,V2-002-F00-S20260927,a72ac38ce4df2be3a418366a097fbe027ef38d9964f5b1b5705df5f48169be84,MODEL_V1_CV_REFERENCE_V1
ac8edca8b063b11b5c12252681be4deeee87684c8673a1d697c5210f33c53ef5,MITDB_P105,105,1365000000,0,20260927,1,2.936643600463867,0.9496284127235413,35,V2-002-F00-S20260927,a72ac38ce4df2be3a418366a097fbe027ef38d9964f5b1b5705df5f48169be84,MODEL_V1_CV_REFERENCE_V1
acae2fc62ee64d202873ba1af5796110ec080762bd14dba71c717f49ff74658d,MITDB_P222,222,900000000,0,20260927,1,7.697637557983398,0.999546229839325,35,V2-002-F00-S20260927,a72ac38ce4df2be3a418366a097fbe027ef38d9964f5b1b5705df5f48169be84,MODEL_V1_CV_REFERENCE_V1
acae41a0dd821ec85707598c6169777ca9115d7fd5dc46f2009a01ed74b4a967,MITDB_P203,203,1025000000,0,20260927,1,12.161819458007812,0.9999947547912598,35,V2-002-F00-S20260927,a72ac38ce4df2be3a418366a097fbe027ef38d9964f5b1b5705df5f48169be84,MODEL_V1_CV_REFERENCE_V1
ace39b8378985dc90d92f817317ae6f7d308ca2e98dd659b13a7e3ed8a2c9083,MITDB_P105,105,315000000,0,20260927,0,2.3042449951171875,0.9092279672622681,35,V2-002-F00-S20260927,a72ac38ce4df2be3a418366a097fbe027ef38d9964f5b1b5705df5f48169be84,MODEL_V1_CV_REFERENCE_V1
acf5baf5e98d0fb5ef1c9534c1cb64c347a8caf39055add53e355c21f057b15e,MITDB_P203,203,1680000000,0,20260927,1,21.470643997192383,1.0,35,V2-002-F00-S20260927,a72ac38ce4df2be3a418366a097fbe027ef38d9964f5b1b5705df5f48169be84,MODEL_V1_CV_REFERENCE_V1
acfbb47baa721bf105d80a53688b040c09f0fa6723b5cadaa5c5de387a19e2fe,MITDB_P124,124,1060000000,0,20260927,1,4.330436706542969,0.9870092272758484,35,V2-002-F00-S20260927,a72ac38ce4df2be3a418366a097fbe027ef38d9964f5b1b5705df5f48169be84,MODEL_V1_CV_REFERENCE_V1
ad0c3472f3da2537e78b202e150ce53096fadf0afb4a7b2a1b3724294821c7f4,MITDB_P209,209,1695000000,0,20260927,1,6.984715461730957,0.9990749359130859,35,V2-002-F00-S20260927,a72ac38ce4df2be3a418366a097fbe027ef38d9964f5b1b5705df5f48169be84,MODEL_V1_CV_REFERENCE_V1
ad17b08aefdd8717e8a3fe5b761b5d54621e818fa81f4bb7c3c7dd7dfb583295,MITDB_P212,212,705000000,0,20260927,0,12.200774192810059,0.9999949932098389,35,V2-002-F00-S20260927,a72ac38ce4df2be3a418366a097fbe027ef38d9964f5b1b5705df5f48169be84,MODEL_V1_CV_REFERENCE_V1
ad2d5fa7fc291e87a90044a4663e06cd88fc5fc2def92c6f25f0beebb8a28d29,MITDB_P222,222,710000000,0,20260927,0,16.842153549194336,1.0,35,V2-002-F00-S20260927,a72ac38ce4df2be3a418366a097fbe027ef38d9964f5b1b5705df5f48169be84,MODEL_V1_CV_REFERENCE_V1
ad3646c1fb1249224306f6e2b0262ab2d93b4b30aa18f3bc7b5688c3a4e270be,MITDB_P209,209,600000000,0,20260927,1,7.04603385925293,0.9991299510002136,35,V2-002-F00-S20260927,a72ac38ce4df2be3a418366a097fbe027ef38d9964f5b1b5705df5f48169be84,MODEL_V1_CV_REFERENCE_V1
ad3dca1e7e74c18ac70548dd0cdbc19146904c441790fd944da15449188777aa,MITDB_P212,212,1280000000,0,20260927,0,16.844003677368164,1.0,35,V2-002-F00-S20260927,a72ac38ce4df2be3a418366a097fbe027ef38d9964f5b1b5705df5f48169be84,MODEL_V1_CV_REFERENCE_V1
ad4621c060fa8144c6b1d8de83292db7044fa5ab3f694f0207a08a68e759ba71,MITDB_P222,222,1200000000,0,20260927,1,4.58815860748291,0.9899308681488037,35,V2-002-F00-S20260927,a72ac38ce4df2be3a418366a097fbe027ef38d9964f5b1b5705df5f48169be84,MODEL_V1_CV_REFERENCE_V1
ad6beaec82d52ed70fce5bb04c939adca38f3cc8b23f3666ccdf9ec2b2ec72e3,MITDB_P209,209,1640000000,0,20260927,0,11.457365989685059,0.99998939037323,35,V2-002-F00-S20260927,a72ac38ce4df2be3a418366a097fbe027ef38d9964f5b1b5705df5f48169be84,MODEL_V1_CV_REFERENCE_V1
ad72b09012b3e5bcc5eb420c6a90f9ca42a65cfbf645a81cabbc9383e88cc2ea,MITDB_P203,203,535000000,0,20260927,1,15.600841522216797,0.9999998807907104,35,V2-002-F00-S20260927,a72ac38ce4df2be3a418366a097fbe027ef38d9964f5b1b5705df5f48169be84,MODEL_V1_CV_REFERENCE_V1
ad80593ef5558b714f19d559d83414fb5a4b5deab74ff68742b437c842dc2aa0,MITDB_P203,203,780000000,0,20260927,1,17.80133628845215,1.0,35,V2-002-F00-S20260927,a72ac38ce4df2be3a418366a097fbe027ef38d9964f5b1b5705df5f48169be84,MODEL_V1_CV_REFERENCE_V1
ade74a9724feb95cc2e731941729181b9473ab1b0f1c42e6a5613f72993a6d27,MITDB_P124,124,665000000,0,20260927,0,4.494369029998779,0.9889517426490784,35,V2-002-F00-S20260927,a72ac38ce4df2be3a418366a097fbe027ef38d9964f5b1b5705df5f48169be84,MODEL_V1_CV_REFERENCE_V1
adf8c66a5c137f9e350d2909df3ee1dc9396d6a370cbd11ecb6478f7fa5e85b7,MITDB_P124,124,445000000,0,20260927,0,9.42319107055664,0.9999191761016846,35,V2-002-F00-S20260927,a72ac38ce4df2be3a418366a097fbe027ef38d9964f5b1b5705df5f48169be84,MODEL_V1_CV_REFERENCE_V1
ae5917185a765c6a798e3762c17c6a9d7890023814e3efdb23c2f9433711aad4,MITDB_P209,209,905000000,0,20260927,0,4.941689491271973,0.9929081201553345,35,V2-002-F00-S20260927,a72ac38ce4df2be3a418366a097fbe027ef38d9964f5b1b5705df5f48169be84,MODEL_V1_CV_REFERENCE_V1
ae8962bff18aa8d79219e97522c9f5a32d411632556b205b301e4cc046702ff8,MITDB_P212,212,675000000,0,20260927,0,12.23991584777832,0.9999951124191284,35,V2-002-F00-S20260927,a72ac38ce4df2be3a418366a097fbe027ef38d9964f5b1b5705df5f48169be84,MODEL_V1_CV_REFERENCE_V1
ae89e75da2c51a31c4c0930356145ae79f584371ce95b06e07c829c05ace8f5f,MITDB_P124,124,1665000000,0,20260927,1,6.001269817352295,0.9975305199623108,35,V2-002-F00-S20260927,a72ac38ce4df2be3a418366a097fbe027ef38d9964f5b1b5705df5f48169be84,MODEL_V1_CV_REFERENCE_V1
aeb92c4aff50711e9dee7ee3833b5e8fbee6529194f9cfdf9c076d03678cbf4d,MITDB_P124,124,205000000,0,20260927,0,8.037123680114746,0.9996768236160278,35,V2-002-F00-S20260927,a72ac38ce4df2be3a418366a097fbe027ef38d9964f5b1b5705df5f48169be84,MODEL_V1_CV_REFERENCE_V1
aed1f379b8a899201dea88ca56cc65dc1df8fcd3d9680461a917398dfc0bccc8,MITDB_P212,212,1010000000,0,20260927,0,-0.034915655851364136,0.4912719428539276,35,V2-002-F00-S20260927,a72ac38ce4df2be3a418366a097fbe027ef38d9964f5b1b5705df5f48169be84,MODEL_V1_CV_REFERENCE_V1
aed29848bac51c5f47194c10efffa14da5dab285d976777ea2b2614d78864621,MITDB_P124,124,1460000000,0,20260927,0,6.885826110839844,0.998978853225708,35,V2-002-F00-S20260927,a72ac38ce4df2be3a418366a097fbe027ef38d9964f5b1b5705df5f48169be84,MODEL_V1_CV_REFERENCE_V1
aee02efd061809076cfa7f3d675e2b7dddd5c31e175d00ae1c620da49ca3f099,MITDB_P105,105,435000000,0,20260927,0,2.1860063076019287,0.8989858031272888,35,V2-002-F00-S20260927,a72ac38ce4df2be3a418366a097fbe027ef38d9964f5b1b5705df5f48169be84,MODEL_V1_CV_REFERENCE_V1
aee492d026aeae7ad16d65ab6b1aed76ac57b188f5e3c927b615e2fe2e999eb1,MITDB_P222,222,635000000,0,20260927,1,7.694746971130371,0.9995449185371399,35,V2-002-F00-S20260927,a72ac38ce4df2be3a418366a097fbe027ef38d9964f5b1b5705df5f48169be84,MODEL_V1_CV_REFERENCE_V1
aeee78f07506a034b182140992465bfda8bdc952d1051b26a634565a2dd73de5,MITDB_P222,222,1245000000,0,20260927,1,6.442913055419922,0.998410701751709,35,V2-002-F00-S20260927,a72ac38ce4df2be3a418366a097fbe027ef38d9964f5b1b5705df5f48169be84,MODEL_V1_CV_REFERENCE_V1
aefcd762bed777845a409ead9c97162df97b7856b565aedf34eb21c537f1b77a,MITDB_P105,105,1635000000,0,20260927,0,3.7461674213409424,0.976936399936676,35,V2-002-F00-S20260927,a72ac38ce4df2be3a418366a097fbe027ef38d9964f5b1b5705df5f48169be84,MODEL_V1_CV_REFERENCE_V1
af3ba5e0121cb64badf749b63e6c5dc8a565fb869290b9a86ee4db77f8b7fb03,MITDB_P203,203,1755000000,0,20260927,0,8.27469253540039,0.9997451901435852,35,V2-002-F00-S20260927,a72ac38ce4df2be3a418366a097fbe027ef38d9964f5b1b5705df5f48169be84,MODEL_V1_CV_REFERENCE_V1
af4e9bdf640a036e5b9463dfe0ddb2fdf501341346d5686fc56354c18dda7528,MITDB_P124,124,1010000000,0,20260927,0,5.514732837677002,0.9959891438484192,35,V2-002-F00-S20260927,a72ac38ce4df2be3a418366a097fbe027ef38d9964f5b1b5705df5f48169be84,MODEL_V1_CV_REFERENCE_V1
af909b362e8dd2e780ba07f45e5f1eaeb41cee72a1579ac414c13fad00071edf,MITDB_P124,124,615000000,0,20260927,1,4.445316791534424,0.9884026646614075,35,V2-002-F00-S20260927,a72ac38ce4df2be3a418366a097fbe027ef38d9964f5b1b5705df5f48169be84,MODEL_V1_CV_REFERENCE_V1
af98a0eb93d7257ba9e1fb8b3fd845308dd7c89f0376ac2c19fdfa7ed01311cf,MITDB_P203,203,305000000,0,20260927,1,20.553466796875,1.0,35,V2-002-F00-S20260927,a72ac38ce4df2be3a418366a097fbe027ef38d9964f5b1b5705df5f48169be84,MODEL_V1_CV_REFERENCE_V1
af9c549ca46c7b2d50e7194cc89811a3365b2af0b8d4eb0243a5499e39249451,MITDB_P203,203,20000000,0,20260927,1,11.195343971252441,0.9999862909317017,35,V2-002-F00-S20260927,a72ac38ce4df2be3a418366a097fbe027ef38d9964f5b1b5705df5f48169be84,MODEL_V1_CV_REFERENCE_V1
afa74fb8e7737f00e7fc1f9a5f6c771cf29c5896f80aef63a7b6b4259cce016c,MITDB_P212,212,780000000,0,20260927,0,-0.07935220003128052,0.480172336101532,35,V2-002-F00-S20260927,a72ac38ce4df2be3a418366a097fbe027ef38d9964f5b1b5705df5f48169be84,MODEL_V1_CV_REFERENCE_V1
b044df708be40eb4100cb186379f0abc857a6cb7ec70993226ad8d0c0365799e,MITDB_P212,212,1585000000,0,20260927,0,10.411874771118164,0.9999699592590332,35,V2-002-F00-S20260927,a72ac38ce4df2be3a418366a097fbe027ef38d9964f5b1b5705df5f48169be84,MODEL_V1_CV_REFERENCE_V1
b050668dbee25e9ddffdc61f0157e267d8d187af99fba4dc9b0101e137769cd0,MITDB_P209,209,190000000,0,20260927,0,5.025594234466553,0.9934751391410828,35,V2-002-F00-S20260927,a72ac38ce4df2be3a418366a097fbe027ef38d9964f5b1b5705df5f48169be84,MODEL_V1_CV_REFERENCE_V1
b07b044c73a5d6e88c055b020f1220cfb082ac5c0f145c76d3f55ff6ffa8d23b,MITDB_P212,212,445000000,0,20260927,0,15.829825401306152,0.9999998807907104,35,V2-002-F00-S20260927,a72ac38ce4df2be3a418366a097fbe027ef38d9964f5b1b5705df5f48169be84,MODEL_V1_CV_REFERENCE_V1
b08d6158b27f454dc37aa82e9b19af8a39dee2f26ed9bb36f2696142eef0cf93,MITDB_P222,222,1090000000,0,20260927,1,5.859059810638428,0.9971542358398438,35,V2-002-F00-S20260927,a72ac38ce4df2be3a418366a097fbe027ef38d9964f5b1b5705df5f48169be84,MODEL_V1_CV_REFERENCE_V1
b095fda679582392d067e22cad2bc950f66dbbea5aacfec148af391661b475af,MITDB_P124,124,590000000,0,20260927,0,5.694238185882568,0.996645987033844,35,V2-002-F00-S20260927,a72ac38ce4df2be3a418366a097fbe027ef38d9964f5b1b5705df5f48169be84,MODEL_V1_CV_REFERENCE_V1
b099d9d9a415815779f6414529d6a7907a49d462b32fb54a54ec5cc520684e69,MITDB_P124,124,495000000,0,20260927,0,8.096302032470703,0.9996954202651978,35,V2-002-F00-S20260927,a72ac38ce4df2be3a418366a097fbe027ef38d9964f5b1b5705df5f48169be84,MODEL_V1_CV_REFERENCE_V1
b0a6b016aabed3524ed0a52a574ef07f360f0960dddf8ab50b7a443aa5628bd4,MITDB_P209,209,520000000,0,20260927,1,6.192724227905273,0.9979599714279175,35,V2-002-F00-S20260927,a72ac38ce4df2be3a418366a097fbe027ef38d9964f5b1b5705df5f48169be84,MODEL_V1_CV_REFERENCE_V1
b0d2e2bd633f0d86e53b92f2b57553fb5ad35544b6c1fd8714d992938611f9e2,MITDB_P203,203,110000000,0,20260927,1,24.13014030456543,1.0,35,V2-002-F00-S20260927,a72ac38ce4df2be3a418366a097fbe027ef38d9964f5b1b5705df5f48169be84,MODEL_V1_CV_REFERENCE_V1
b0dabd51f7c51c3b9f5565b91d2c9899da6f3f86ea205f2d9368b5617bd7cbbd,MITDB_P212,212,1085000000,0,20260927,0,18.11854362487793,1.0,35,V2-002-F00-S20260927,a72ac38ce4df2be3a418366a097fbe027ef38d9964f5b1b5705df5f48169be84,MODEL_V1_CV_REFERENCE_V1
b1029025e6c041c5048652dc579bb7cfd7e134d0a51de4fe3fec76c91fb1ca8c,MITDB_P222,222,325000000,0,20260927,0,18.04745864868164,1.0,35,V2-002-F00-S20260927,a72ac38ce4df2be3a418366a097fbe027ef38d9964f5b1b5705df5f48169be84,MODEL_V1_CV_REFERENCE_V1
b151bcd4822f5ee555a5191f0e501dbb33ba171c3dd1cee315793f8666d43f67,MITDB_P105,105,560000000,0,20260927,1,1.463252305984497,0.8120296597480774,35,V2-002-F00-S20260927,a72ac38ce4df2be3a418366a097fbe027ef38d9964f5b1b5705df5f48169be84,MODEL_V1_CV_REFERENCE_V1
b18db5fd48715f8a7141c73483c03b941c1699426775339c16aa521f5cf8061e,MITDB_P105,105,90000000,0,20260927,0,2.9370055198669434,0.9496456980705261,35,V2-002-F00-S20260927,a72ac38ce4df2be3a418366a097fbe027ef38d9964f5b1b5705df5f48169be84,MODEL_V1_CV_REFERENCE_V1
b18dc03ff9b8db3fabc0fbf15cbf792923e5262b2d283fbc31c54e2b55e97b31,MITDB_P209,209,225000000,0,20260927,0,5.326201438903809,0.9951609969139099,35,V2-002-F00-S20260927,a72ac38ce4df2be3a418366a097fbe027ef38d9964f5b1b5705df5f48169be84,MODEL_V1_CV_REFERENCE_V1
b212162498b7c3f22223ef3e67ed3c56b92ff8ed05020d4d56d61db22eccbde8,MITDB_P209,209,1380000000,0,20260927,0,6.416396141052246,0.9983682036399841,35,V2-002-F00-S20260927,a72ac38ce4df2be3a418366a097fbe027ef38d9964f5b1b5705df5f48169be84,MODEL_V1_CV_REFERENCE_V1
b229c78e68eda73041954272d9e6cc759964d7d1ebb0b723c511911dd80d84c3,MITDB_P222,222,1795000000,0,20260927,0,11.752283096313477,0.9999921321868896,35,V2-002-F00-S20260927,a72ac38ce4df2be3a418366a097fbe027ef38d9964f5b1b5705df5f48169be84,MODEL_V1_CV_REFERENCE_V1
b23b0b681e265a66f7f11eb8ca40bb0d8c6546a9957c231ef4aaccfc2fa2f0ec,MITDB_P209,209,1015000000,0,20260927,0,5.312875270843506,0.9950963854789734,35,V2-002-F00-S20260927,a72ac38ce4df2be3a418366a097fbe027ef38d9964f5b1b5705df5f48169be84,MODEL_V1_CV_REFERENCE_V1
b247fccda5995bb47617a9e37bbad4681c7ea7ddc07b123e883ac50aafac38a0,MITDB_P212,212,670000000,0,20260927,0,12.184494018554688,0.9999948740005493,35,V2-002-F00-S20260927,a72ac38ce4df2be3a418366a097fbe027ef38d9964f5b1b5705df5f48169be84,MODEL_V1_CV_REFERENCE_V1
b24da68739615ec4886526dc4423c2ad7dac418f0cad48c3f40b114d2678e191,MITDB_P222,222,1470000000,0,20260927,1,5.691356182098389,0.9966362714767456,35,V2-002-F00-S20260927,a72ac38ce4df2be3a418366a097fbe027ef38d9964f5b1b5705df5f48169be84,MODEL_V1_CV_REFERENCE_V1
b253c79b11064cefbd244a18c64af675a139feffca8f16d46b99e3aa68131263,MITDB_P124,124,1560000000,0,20260927,0,5.970120429992676,0.9974525570869446,35,V2-002-F00-S20260927,a72ac38ce4df2be3a418366a097fbe027ef38d9964f5b1b5705df5f48169be84,MODEL_V1_CV_REFERENCE_V1
b274d2d3244b67c51ec75a66176571617832b010c5e10ff5a7a646abb9af2807,MITDB_P124,124,680000000,0,20260927,0,7.520648002624512,0.9994584918022156,35,V2-002-F00-S20260927,a72ac38ce4df2be3a418366a097fbe027ef38d9964f5b1b5705df5f48169be84,MODEL_V1_CV_REFERENCE_V1
b28098652ff8d28600f40ee9ef3e3162aad6f3095ac86689e169a12cc76148dc,MITDB_P124,124,1575000000,0,20260927,1,5.508387565612793,0.9959636926651001,35,V2-002-F00-S20260927,a72ac38ce4df2be3a418366a097fbe027ef38d9964f5b1b5705df5f48169be84,MODEL_V1_CV_REFERENCE_V1
b29ddd133316cfa4a5d1cdf875edfd24d4271c6cf21e6cf2079b0e5332348e4a,MITDB_P209,209,1340000000,0,20260927,1,4.906359672546387,0.9926550388336182,35,V2-002-F00-S20260927,a72ac38ce4df2be3a418366a097fbe027ef38d9964f5b1b5705df5f48169be84,MODEL_V1_CV_REFERENCE_V1
b2fabf6789c6266f905540a97626728742f160b3929f81de82516bb1dff74338,MITDB_P212,212,1650000000,0,20260927,0,-0.10031411051750183,0.47494247555732727,35,V2-002-F00-S20260927,a72ac38ce4df2be3a418366a097fbe027ef38d9964f5b1b5705df5f48169be84,MODEL_V1_CV_REFERENCE_V1
b377f7eb254bcd36ff53f1e9e499f3540188b1749b9b02e6e173f6974ba96d16,MITDB_P209,209,1000000000,0,20260927,1,2.1714043617248535,0.8976520895957947,35,V2-002-F00-S20260927,a72ac38ce4df2be3a418366a097fbe027ef38d9964f5b1b5705df5f48169be84,MODEL_V1_CV_REFERENCE_V1
b3993d41e9efd835e55150b7a0f0ef09bda6aaca84cf68c34d2a7831d3486dff,MITDB_P124,124,1730000000,0,20260927,0,3.0573253631591797,0.9550977349281311,35,V2-002-F00-S20260927,a72ac38ce4df2be3a418366a097fbe027ef38d9964f5b1b5705df5f48169be84,MODEL_V1_CV_REFERENCE_V1
b3a606bcf40dc241b8cd1b5dd974f336a27b3e1af8c30d0bfad642ad3f4f900b,MITDB_P212,212,1165000000,0,20260927,0,-0.5770740509033203,0.3596061170101166,35,V2-002-F00-S20260927,a72ac38ce4df2be3a418366a097fbe027ef38d9964f5b1b5705df5f48169be84,MODEL_V1_CV_REFERENCE_V1
b3e2af6b02cbc3154adfb45992959fc7be4b82b2dadc267194dbf7edbe96a80b,MITDB_P212,212,985000000,0,20260927,0,-0.3120531737804413,0.42261365056037903,35,V2-002-F00-S20260927,a72ac38ce4df2be3a418366a097fbe027ef38d9964f5b1b5705df5f48169be84,MODEL_V1_CV_REFERENCE_V1
b401889f678ef1dd0911e92219bf8761c6ae724e1882df7bc9c5e24f613131a0,MITDB_P203,203,435000000,0,20260927,1,15.157180786132812,0.9999997615814209,35,V2-002-F00-S20260927,a72ac38ce4df2be3a418366a097fbe027ef38d9964f5b1b5705df5f48169be84,MODEL_V1_CV_REFERENCE_V1
b424cf619fb00adda6e565a5f5e4eb1c2984e08eeb8b2ac8cfb239e682ccd240,MITDB_P212,212,1720000000,0,20260927,0,-0.23180720210075378,0.4423063099384308,35,V2-002-F00-S20260927,a72ac38ce4df2be3a418366a097fbe027ef38d9964f5b1b5705df5f48169be84,MODEL_V1_CV_REFERENCE_V1
b4256daf431421d55c89eb019a53c66ad75acfda9ebad89950efcf8f4eb2cbf3,MITDB_P222,222,175000000,0,20260927,0,14.917162895202637,0.9999996423721313,35,V2-002-F00-S20260927,a72ac38ce4df2be3a418366a097fbe027ef38d9964f5b1b5705df5f48169be84,MODEL_V1_CV_REFERENCE_V1
b4576d94418dbe866fac8e6eac8c623d40b2d2fd873e5e2cd5116358176a9675,MITDB_P209,209,785000000,0,20260927,1,17.485321044921875,1.0,35,V2-002-F00-S20260927,a72ac38ce4df2be3a418366a097fbe027ef38d9964f5b1b5705df5f48169be84,MODEL_V1_CV_REFERENCE_V1
b45fc69caed7ea61363ed11111d3f0f16eeb7a10e45bdedb1e8ec72111c050df,MITDB_P203,203,25000000,0,20260927,0,6.059637546539307,0.9976702332496643,35,V2-002-F00-S20260927,a72ac38ce4df2be3a418366a097fbe027ef38d9964f5b1b5705df5f48169be84,MODEL_V1_CV_REFERENCE_V1
b483430cd70b6c3f42d8a4324a30a572a3a63c94efa6e06e0923e745cf987d64,MITDB_P105,105,1030000000,0,20260927,0,1.7372448444366455,0.8503367900848389,35,V2-002-F00-S20260927,a72ac38ce4df2be3a418366a097fbe027ef38d9964f5b1b5705df5f48169be84,MODEL_V1_CV_REFERENCE_V1
b484aeb9b01c6bfb9fe168d1edd7322da22d1b9d9ba88a8527981b15d3659c52,MITDB_P124,124,965000000,0,20260927,0,5.983745574951172,0.99748694896698,35,V2-002-F00-S20260927,a72ac38ce4df2be3a418366a097fbe027ef38d9964f5b1b5705df5f48169be84,MODEL_V1_CV_REFERENCE_V1
b497952ae2773a681dc2000dae2e4fbccaebea4e1508e4d5b59813d0d4496f68,MITDB_P209,209,480000000,0,20260927,0,9.752731323242188,0.9999418258666992,35,V2-002-F00-S20260927,a72ac38ce4df2be3a418366a097fbe027ef38d9964f5b1b5705df5f48169be84,MODEL_V1_CV_REFERENCE_V1
b49be76fbdc641685472e504da39b984923e99fd832d9b9aee0403c319a6fb61,MITDB_P212,212,375000000,0,20260927,0,14.785873413085938,0.9999996423721313,35,V2-002-F00-S20260927,a72ac38ce4df2be3a418366a097fbe027ef38d9964f5b1b5705df5f48169be84,MODEL_V1_CV_REFERENCE_V1
b49e93b1c27fa65102f5355edfdb75ac70129c4a065d2d28f04b236487bcca1b,MITDB_P124,124,1145000000,0,20260927,0,5.747368812561035,0.996819019317627,35,V2-002-F00-S20260927,a72ac38ce4df2be3a418366a097fbe027ef38d9964f5b1b5705df5f48169be84,MODEL_V1_CV_REFERENCE_V1
b4d299fbc5bec9c5d611a8efb6cacbbf5735410e1b845cc52addf2ef87b02d1d,MITDB_P222,222,475000000,0,20260927,0,16.183103561401367,0.9999998807907104,35,V2-002-F00-S20260927,a72ac38ce4df2be3a418366a097fbe027ef38d9964f5b1b5705df5f48169be84,MODEL_V1_CV_REFERENCE_V1
b4d69c6df693a242e533e1dc9669f0b275437018bd25f8951e98848f2f0d0702,MITDB_P222,222,355000000,0,20260927,0,14.003311157226562,0.9999991655349731,35,V2-002-F00-S20260927,a72ac38ce4df2be3a418366a097fbe027ef38d9964f5b1b5705df5f48169be84,MODEL_V1_CV_REFERENCE_V1
b5109f73d8e19424cab6611dea08b9053f5f12addf394dfa2ba68c8df8b5e621,MITDB_P124,124,1440000000,0,20260927,0,7.24527645111084,0.999286949634552,35,V2-002-F00-S20260927,a72ac38ce4df2be3a418366a097fbe027ef38d9964f5b1b5705df5f48169be84,MODEL_V1_CV_REFERENCE_V1
b5286fad084b6f61416789345e5db68fdf43bb9c7bffc39f808e89a66fcca0f7,MITDB_P212,212,1345000000,0,20260927,0,11.547968864440918,0.9999903440475464,35,V2-002-F00-S20260927,a72ac38ce4df2be3a418366a097fbe027ef38d9964f5b1b5705df5f48169be84,MODEL_V1_CV_REFERENCE_V1
b53997b9096b1cab1c3a5c705b1d4dfc931aae5e2e00d1b617c5d822208858ca,MITDB_P105,105,830000000,0,20260927,1,1.711559534072876,0.8470384478569031,35,V2-002-F00-S20260927,a72ac38ce4df2be3a418366a097fbe027ef38d9964f5b1b5705df5f48169be84,MODEL_V1_CV_REFERENCE_V1
b56227c9b7c3c7a0d682f8eaf4c397af50ba67d9a6a1f2bd2fa8559269caa9c3,MITDB_P105,105,925000000,0,20260927,0,2.6271579265594482,0.932589054107666,35,V2-002-F00-S20260927,a72ac38ce4df2be3a418366a097fbe027ef38d9964f5b1b5705df5f48169be84,MODEL_V1_CV_REFERENCE_V1
b57064537a0790207de483a55383679d74a2ab8825f71ead6e246ad7b12bbcf6,MITDB_P105,105,660000000,0,20260927,0,2.0014421939849854,0.8809484839439392,35,V2-002-F00-S20260927,a72ac38ce4df2be3a418366a097fbe027ef38d9964f5b1b5705df5f48169be84,MODEL_V1_CV_REFERENCE_V1
b57be15bb94d57c4352bbdfa434c25a4cb59122a1c28c2097cc778a6a9afeef6,MITDB_P105,105,1390000000,0,20260927,0,0.7485079169273376,0.678853452205658,35,V2-002-F00-S20260927,a72ac38ce4df2be3a418366a097fbe027ef38d9964f5b1b5705df5f48169be84,MODEL_V1_CV_REFERENCE_V1
b5821586747b910fa2a8622ebb06e44f8685e72ecfaf1c690cab56931ae90b83,MITDB_P209,209,535000000,0,20260927,0,8.816871643066406,0.9998518228530884,35,V2-002-F00-S20260927,a72ac38ce4df2be3a418366a097fbe027ef38d9964f5b1b5705df5f48169be84,MODEL_V1_CV_REFERENCE_V1
b626cbf48e645ae025568df583e3f3ed778b3841b861a771d57de328914a5b84,MITDB_P222,222,885000000,0,20260927,1,0.8506470322608948,0.7007028460502625,35,V2-002-F00-S20260927,a72ac38ce4df2be3a418366a097fbe027ef38d9964f5b1b5705df5f48169be84,MODEL_V1_CV_REFERENCE_V1
b67a241d5121e9b7ff3f0f443c3a6d1d18565c2c7cf030163bc7214c8a0d298c,MITDB_P203,203,1440000000,0,20260927,1,7.3041582107543945,0.9993277788162231,35,V2-002-F00-S20260927,a72ac38ce4df2be3a418366a097fbe027ef38d9964f5b1b5705df5f48169be84,MODEL_V1_CV_REFERENCE_V1
b69740ba557d637519867e81d9f0c485d097fbac07511a0baed7831e32fa5e68,MITDB_P212,212,745000000,0,20260927,0,14.008720397949219,0.9999991655349731,35,V2-002-F00-S20260927,a72ac38ce4df2be3a418366a097fbe027ef38d9964f5b1b5705df5f48169be84,MODEL_V1_CV_REFERENCE_V1
b6ceb5a50530d6f87ac8cb5524084abf63e2d802560e48e396233124f46485a5,MITDB_P212,212,700000000,0,20260927,0,21.676790237426758,1.0,35,V2-002-F00-S20260927,a72ac38ce4df2be3a418366a097fbe027ef38d9964f5b1b5705df5f48169be84,MODEL_V1_CV_REFERENCE_V1
b7060b36a4b925c9abd86f4b9245b2e8254bad392d097350dd65023121abdb00,MITDB_P209,209,1585000000,0,20260927,0,5.566431045532227,0.9961904287338257,35,V2-002-F00-S20260927,a72ac38ce4df2be3a418366a097fbe027ef38d9964f5b1b5705df5f48169be84,MODEL_V1_CV_REFERENCE_V1
b713e6c1d6885f5803ba1d5b41947a05b6212fbcbdc4b5518948ef87596319cb,MITDB_P203,203,660000000,0,20260927,1,17.223928451538086,1.0,35,V2-002-F00-S20260927,a72ac38ce4df2be3a418366a097fbe027ef38d9964f5b1b5705df5f48169be84,MODEL_V1_CV_REFERENCE_V1
b7140a123191080889d82512d2ea4f372e3590f10866e481fa81542109668402,MITDB_P212,212,1740000000,0,20260927,0,12.65224838256836,0.9999967813491821,35,V2-002-F00-S20260927,a72ac38ce4df2be3a418366a097fbe027ef38d9964f5b1b5705df5f48169be84,MODEL_V1_CV_REFERENCE_V1
b72b809f562a3f16dc70999d7f42498e0b6691a3b6e59782e3fb892d6683053b,MITDB_P105,105,175000000,0,20260927,0,1.9123317003250122,0.8712809085845947,35,V2-002-F00-S20260927,a72ac38ce4df2be3a418366a097fbe027ef38d9964f5b1b5705df5f48169be84,MODEL_V1_CV_REFERENCE_V1
b73083f91d879b3d884af11b9049643e398cd640af9886014613048f12ee5db0,MITDB_P203,203,1085000000,0,20260927,1,17.121173858642578,1.0,35,V2-002-F00-S20260927,a72ac38ce4df2be3a418366a097fbe027ef38d9964f5b1b5705df5f48169be84,MODEL_V1_CV_REFERENCE_V1
b746150c6845605d5015d5a3ce33ccb2125504b507769bc1b946c3551d1e6750,MITDB_P203,203,165000000,0,20260927,1,15.86027717590332,0.9999998807907104,35,V2-002-F00-S20260927,a72ac38ce4df2be3a418366a097fbe027ef38d9964f5b1b5705df5f48169be84,MODEL_V1_CV_REFERENCE_V1
b74d372e1aaf35a516e8e57615bb9f51e70c261ef6097db817a7656233991cec,MITDB_P209,209,445000000,0,20260927,0,5.5801310539245605,0.9962421655654907,35,V2-002-F00-S20260927,a72ac38ce4df2be3a418366a097fbe027ef38d9964f5b1b5705df5f48169be84,MODEL_V1_CV_REFERENCE_V1
b751209debeab9194f4ddef516ff11b8885e01e2f5db8d6ac809caaf0bad95c6,MITDB_P212,212,350000000,0,20260927,0,1.8641482591629028,0.86577969789505,35,V2-002-F00-S20260927,a72ac38ce4df2be3a418366a097fbe027ef38d9964f5b1b5705df5f48169be84,MODEL_V1_CV_REFERENCE_V1
b763503a7455b361705196368766e43745a5b462c999f2bc8a797a3edbbda6a2,MITDB_P124,124,1455000000,0,20260927,0,6.8328046798706055,0.9989232420921326,35,V2-002-F00-S20260927,a72ac38ce4df2be3a418366a097fbe027ef38d9964f5b1b5705df5f48169be84,MODEL_V1_CV_REFERENCE_V1
b7734c9e1944972e8943ba1ea941eeb938f03f48c220ed9f70437d71f5e1c691,MITDB_P203,203,805000000,0,20260927,1,22.31719398498535,1.0,35,V2-002-F00-S20260927,a72ac38ce4df2be3a418366a097fbe027ef38d9964f5b1b5705df5f48169be84,MODEL_V1_CV_REFERENCE_V1
b7f89a53781ead6b2b15491202a1ad76c0f57bad5573129db6ab89c09fdf3156,MITDB_P222,222,1120000000,0,20260927,0,23.086448669433594,1.0,35,V2-002-F00-S20260927,a72ac38ce4df2be3a418366a097fbe027ef38d9964f5b1b5705df5f48169be84,MODEL_V1_CV_REFERENCE_V1
b8090217bc0ba3e58b118b63719bca39c8b212e36cb4ef6e99651d0b1b78acda,MITDB_P105,105,1020000000,0,20260927,0,-1.2313241958618164,0.2259497344493866,35,V2-002-F00-S20260927,a72ac38ce4df2be3a418366a097fbe027ef38d9964f5b1b5705df5f48169be84,MODEL_V1_CV_REFERENCE_V1
b845d91437ca177aa5a4caa90463304cbf8f1ebf73ac3be64f64845e0e8248e2,MITDB_P105,105,960000000,0,20260927,0,1.507191777229309,0.8186447024345398,35,V2-002-F00-S20260927,a72ac38ce4df2be3a418366a097fbe027ef38d9964f5b1b5705df5f48169be84,MODEL_V1_CV_REFERENCE_V1
b87f4999851a03ce5d2011a4ab29cc91ba8d3de8bbc8ea726f6345d32d5efbc0,MITDB_P212,212,1790000000,0,20260927,0,-0.4946843981742859,0.3787906765937805,35,V2-002-F00-S20260927,a72ac38ce4df2be3a418366a097fbe027ef38d9964f5b1b5705df5f48169be84,MODEL_V1_CV_REFERENCE_V1
b8bc91ec2cca2037cbb847941923b5e6b7c237e2c30090a6fedbb58350da9910,MITDB_P222,222,1280000000,0,20260927,1,-0.3488573431968689,0.4136595129966736,35,V2-002-F00-S20260927,a72ac38ce4df2be3a418366a097fbe027ef38d9964f5b1b5705df5f48169be84,MODEL_V1_CV_REFERENCE_V1
b8c418877abedc151e9a0473c69083d00580e70d06552d1b7282d7f905352c86,MITDB_P209,209,625000000,0,20260927,1,3.4831318855285645,0.9702039957046509,35,V2-002-F00-S20260927,a72ac38ce4df2be3a418366a097fbe027ef38d9964f5b1b5705df5f48169be84,MODEL_V1_CV_REFERENCE_V1
b8f3231dd0fffaf4cac3394b838a0e4eb1b1bbac986f3f375d4664b72633be32,MITDB_P203,203,1635000000,0,20260927,1,13.283452987670898,0.9999983310699463,35,V2-002-F00-S20260927,a72ac38ce4df2be3a418366a097fbe027ef38d9964f5b1b5705df5f48169be84,MODEL_V1_CV_REFERENCE_V1
b907631130ea23e97945fc585e2d52f22302d1309226727adbde1cf73fb235c0,MITDB_P203,203,765000000,0,20260927,1,20.739831924438477,1.0,35,V2-002-F00-S20260927,a72ac38ce4df2be3a418366a097fbe027ef38d9964f5b1b5705df5f48169be84,MODEL_V1_CV_REFERENCE_V1
b91afe7219263dbaf9302603411e08a165112ff5a5e6d71a70e270b58c61951c,MITDB_P203,203,1740000000,0,20260927,1,21.58555030822754,1.0,35,V2-002-F00-S20260927,a72ac38ce4df2be3a418366a097fbe027ef38d9964f5b1b5705df5f48169be84,MODEL_V1_CV_REFERENCE_V1
b928fae36bfe1cf19839ff3b47788e9c880e290264cdd4483794a6ba67024def,MITDB_P203,203,1790000000,0,20260927,0,12.064781188964844,0.9999942779541016,35,V2-002-F00-S20260927,a72ac38ce4df2be3a418366a097fbe027ef38d9964f5b1b5705df5f48169be84,MODEL_V1_CV_REFERENCE_V1
b9346ad49b0ef61986177299117ec7fcaab0b85badb35f3a11a501eca3642f16,MITDB_P209,209,815000000,0,20260927,1,15.17105484008789,0.9999997615814209,35,V2-002-F00-S20260927,a72ac38ce4df2be3a418366a097fbe027ef38d9964f5b1b5705df5f48169be84,MODEL_V1_CV_REFERENCE_V1
ba113d711e98b808e6602bc6129e90c653008b4888a20b85b3e5fd7af5f4f409,MITDB_P203,203,495000000,0,20260927,0,11.640352249145508,0.9999911785125732,35,V2-002-F00-S20260927,a72ac38ce4df2be3a418366a097fbe027ef38d9964f5b1b5705df5f48169be84,MODEL_V1_CV_REFERENCE_V1
ba34228f5e613e1962de6e1769b0db2aeec7aa4d707fe04857ff28400621f169,MITDB_P124,124,790000000,0,20260927,0,4.747424602508545,0.9914005398750305,35,V2-002-F00-S20260927,a72ac38ce4df2be3a418366a097fbe027ef38d9964f5b1b5705df5f48169be84,MODEL_V1_CV_REFERENCE_V1
ba5d552ac08b7161fb658000c15428292e99a16cb7e442b2f361ad17301da292,MITDB_P209,209,1190000000,0,20260927,1,7.454559803009033,0.9994215965270996,35,V2-002-F00-S20260927,a72ac38ce4df2be3a418366a097fbe027ef38d9964f5b1b5705df5f48169be84,MODEL_V1_CV_REFERENCE_V1
bac7dd8bb61ac61a884cc1ebe16787ab95a89c524c1489e45728195ddbbded92,MITDB_P212,212,1605000000,0,20260927,0,-0.3190801441669464,0.4208999276161194,35,V2-002-F00-S20260927,a72ac38ce4df2be3a418366a097fbe027ef38d9964f5b1b5705df5f48169be84,MODEL_V1_CV_REFERENCE_V1
bad16dac7a99ba1e9b627884203c3ecc52a6a6fde08688f6ee2168aec40630ef,MITDB_P203,203,1475000000,0,20260927,0,10.304465293884277,0.9999665021896362,35,V2-002-F00-S20260927,a72ac38ce4df2be3a418366a097fbe027ef38d9964f5b1b5705df5f48169be84,MODEL_V1_CV_REFERENCE_V1
bad6b9a2cdfff116b71b203003a1edf388ea4a48730a31dc9c488f7f9a334049,MITDB_P222,222,95000000,0,20260927,0,17.85393714904785,1.0,35,V2-002-F00-S20260927,a72ac38ce4df2be3a418366a097fbe027ef38d9964f5b1b5705df5f48169be84,MODEL_V1_CV_REFERENCE_V1
baea7cd6e6b51d43e617bf6ed08bf79ba4ae88bd709c8c68100985a5db92c685,MITDB_P124,124,215000000,0,20260927,0,7.4280900955200195,0.9994059801101685,35,V2-002-F00-S20260927,a72ac38ce4df2be3a418366a097fbe027ef38d9964f5b1b5705df5f48169be84,MODEL_V1_CV_REFERENCE_V1
bb1dbfb60b42575a59b7a4cc672e14113455f7fa82a3e86b85b083a99ab3f132,MITDB_P105,105,1425000000,0,20260927,0,1.2109936475753784,0.7704746723175049,35,V2-002-F00-S20260927,a72ac38ce4df2be3a418366a097fbe027ef38d9964f5b1b5705df5f48169be84,MODEL_V1_CV_REFERENCE_V1
bb2b0ab430850488ba9ca4fa34d39c77991f0e1610be1f02c957edbb008a5363,MITDB_P222,222,1780000000,0,20260927,0,5.063011646270752,0.9937133193016052,35,V2-002-F00-S20260927,a72ac38ce4df2be3a418366a097fbe027ef38d9964f5b1b5705df5f48169be84,MODEL_V1_CV_REFERENCE_V1
bb352140e21ff0225d58539a8fa9868c8d6f3bc52696927ed96877ffd2ccf5a7,MITDB_P209,209,810000000,0,20260927,1,5.575443267822266,0.9962245225906372,35,V2-002-F00-S20260927,a72ac38ce4df2be3a418366a097fbe027ef38d9964f5b1b5705df5f48169be84,MODEL_V1_CV_REFERENCE_V1
bb3a565970e17eec3cb9474f2cabf3d33808113d0cb982b7b11a9627a3364e4c,MITDB_P203,203,1290000000,0,20260927,1,7.210812091827393,0.9992620348930359,35,V2-002-F00-S20260927,a72ac38ce4df2be3a418366a097fbe027ef38d9964f5b1b5705df5f48169be84,MODEL_V1_CV_REFERENCE_V1
bb6e2366d1edc7f3c2a1bddb8df89c4adf8e76b8a6f577226eb17de75915f664,MITDB_P222,222,70000000,0,20260927,0,17.921756744384766,1.0,35,V2-002-F00-S20260927,a72ac38ce4df2be3a418366a097fbe027ef38d9964f5b1b5705df5f48169be84,MODEL_V1_CV_REFERENCE_V1
bb8e01a662bb5cace2c2e8b6f23ad8df2e1bebb80a9fd38fc265a45a06d45ece,MITDB_P124,124,195000000,0,20260927,0,5.966032981872559,0.9974421262741089,35,V2-002-F00-S20260927,a72ac38ce4df2be3a418366a097fbe027ef38d9964f5b1b5705df5f48169be84,MODEL_V1_CV_REFERENCE_V1
bb8ecdd87870175258182e1923f189e72839e0d36a830c5392c361920a82ac51,MITDB_P212,212,850000000,0,20260927,0,16.914243698120117,1.0,35,V2-002-F00-S20260927,a72ac38ce4df2be3a418366a097fbe027ef38d9964f5b1b5705df5f48169be84,MODEL_V1_CV_REFERENCE_V1
bb93cb6ab590bd97c4fa5dad8bf5d018e66b56710bd63597cb561de27f8dca88,MITDB_P203,203,1020000000,0,20260927,1,14.141895294189453,0.9999992847442627,35,V2-002-F00-S20260927,a72ac38ce4df2be3a418366a097fbe027ef38d9964f5b1b5705df5f48169be84,MODEL_V1_CV_REFERENCE_V1
bba6a9d6d52932fecf9509e2778f592ad00b69454460802180a8ae3eaaad09b2,MITDB_P209,209,1760000000,0,20260927,1,3.0449483394622803,0.9545639753341675,35,V2-002-F00-S20260927,a72ac38ce4df2be3a418366a097fbe027ef38d9964f5b1b5705df5f48169be84,MODEL_V1_CV_REFERENCE_V1
bba6ba199617daad84501670c4e6f38d26ed84bcc80caa10c29c3c9fcc6ce397,MITDB_P222,222,940000000,0,20260927,0,3.3362619876861572,0.9656520485877991,35,V2-002-F00-S20260927,a72ac38ce4df2be3a418366a097fbe027ef38d9964f5b1b5705df5f48169be84,MODEL_V1_CV_REFERENCE_V1
bbaee460ca60911131df67a20fdf86f965ea2fdf541831a93ef267508bfae1e8,MITDB_P222,222,890000000,0,20260927,0,0.8386287093162537,0.6981763243675232,35,V2-002-F00-S20260927,a72ac38ce4df2be3a418366a097fbe027ef38d9964f5b1b5705df5f48169be84,MODEL_V1_CV_REFERENCE_V1
bbdab29d1e3416af7fbf7bcecd642dec05c26a6b1d3ed035b1a00b7c97442b4a,MITDB_P209,209,350000000,0,20260927,1,14.633071899414062,0.9999995231628418,35,V2-002-F00-S20260927,a72ac38ce4df2be3a418366a097fbe027ef38d9964f5b1b5705df5f48169be84,MODEL_V1_CV_REFERENCE_V1
bc02c0074e2c4c82a1dc566f472b9bd38d8847b1abadbd7a85f9fbb43d1959a6,MITDB_P105,105,535000000,0,20260927,0,2.150317430496216,0.8956984281539917,35,V2-002-F00-S20260927,a72ac38ce4df2be3a418366a097fbe027ef38d9964f5b1b5705df5f48169be84,MODEL_V1_CV_REFERENCE_V1
bc4f68baccfb1b100e79550940da004c1da796107b0518d066540ceee4a47120,MITDB_P212,212,1715000000,0,20260927,0,-0.1524147093296051,0.46196988224983215,35,V2-002-F00-S20260927,a72ac38ce4df2be3a418366a097fbe027ef38d9964f5b1b5705df5f48169be84,MODEL_V1_CV_REFERENCE_V1
bc7f836407e28c7d438c6463699580b1f2b3a78835d72ff3089d22c562fe88f7,MITDB_P222,222,155000000,0,20260927,0,15.024242401123047,0.9999996423721313,35,V2-002-F00-S20260927,a72ac38ce4df2be3a418366a097fbe027ef38d9964f5b1b5705df5f48169be84,MODEL_V1_CV_REFERENCE_V1
bc8dcce8bb771cf5bcd488519ea61309a88a9f41fdcafdc4ff980135803e3581,MITDB_P222,222,985000000,0,20260927,0,6.288393974304199,0.9981456995010376,35,V2-002-F00-S20260927,a72ac38ce4df2be3a418366a097fbe027ef38d9964f5b1b5705df5f48169be84,MODEL_V1_CV_REFERENCE_V1
bcc15755b489ca9e6d3a5907a550def5b78cddec989887897fb200a93b1c342d,MITDB_P203,203,1220000000,0,20260927,1,13.535199165344238,0.9999986886978149,35,V2-002-F00-S20260927,a72ac38ce4df2be3a418366a097fbe027ef38d9964f5b1b5705df5f48169be84,MODEL_V1_CV_REFERENCE_V1
bcc93f7a2eb8135e2e7c58f003cd6d91ead4440baa388cfe5be1cdadf24512f0,MITDB_P222,222,380000000,0,20260927,0,14.56905460357666,0.9999995231628418,35,V2-002-F00-S20260927,a72ac38ce4df2be3a418366a097fbe027ef38d9964f5b1b5705df5f48169be84,MODEL_V1_CV_REFERENCE_V1
bcddc4bbd05fa831b876b4ce84afe4a2f62927e500b1fc87ff4828deb9361dde,MITDB_P105,105,545000000,0,20260927,0,2.4394850730895996,0.9197890758514404,35,V2-002-F00-S20260927,a72ac38ce4df2be3a418366a097fbe027ef38d9964f5b1b5705df5f48169be84,MODEL_V1_CV_REFERENCE_V1
bd2704a3b4137c26cc0bc8ab27d5baf7d715c7ef9f54d98b833ba80085dfef8c,MITDB_P124,124,530000000,0,20260927,0,8.328023910522461,0.9997584223747253,35,V2-002-F00-S20260927,a72ac38ce4df2be3a418366a097fbe027ef38d9964f5b1b5705df5f48169be84,MODEL_V1_CV_REFERENCE_V1
bd388cd580f5b74161245c45bd8f6155df7e027f55bd0c5caba4a90e6c7ab76c,MITDB_P222,222,1455000000,0,20260927,1,8.783838272094727,0.9998468160629272,35,V2-002-F00-S20260927,a72ac38ce4df2be3a418366a097fbe027ef38d9964f5b1b5705df5f48169be84,MODEL_V1_CV_REFERENCE_V1
bd4f61e68ecb7d8457f06fede769fb0f3644a777e83cc4bb449227f19a352be3,MITDB_P222,222,1515000000,0,20260927,0,6.0318217277526855,0.9976046085357666,35,V2-002-F00-S20260927,a72ac38ce4df2be3a418366a097fbe027ef38d9964f5b1b5705df5f48169be84,MODEL_V1_CV_REFERENCE_V1
bd7ef16bc82cc53751dfa265d1d26745d6136519f07614bb53424a16cfc71053,MITDB_P222,222,1440000000,0,20260927,1,7.018193244934082,0.9991052746772766,35,V2-002-F00-S20260927,a72ac38ce4df2be3a418366a097fbe027ef38d9964f5b1b5705df5f48169be84,MODEL_V1_CV_REFERENCE_V1
bd9370f222435a1ce4387818c8297186fe45c22e4c7fdfcb537667d2bb9164fd,MITDB_P203,203,1695000000,0,20260927,1,17.51548957824707,1.0,35,V2-002-F00-S20260927,a72ac38ce4df2be3a418366a097fbe027ef38d9964f5b1b5705df5f48169be84,MODEL_V1_CV_REFERENCE_V1
bd98eca43b616703bcd9cb47e6fb5d7daf094d3a4d9f78eb4b7a8fdd8332063e,MITDB_P212,212,535000000,0,20260927,0,-0.36233434081077576,0.4103945791721344,35,V2-002-F00-S20260927,a72ac38ce4df2be3a418366a097fbe027ef38d9964f5b1b5705df5f48169be84,MODEL_V1_CV_REFERENCE_V1
bdcccaf95bcee6acefd10f9ee776c752a359500e0aa78602a34b55ff6f05b922,MITDB_P203,203,275000000,0,20260927,1,15.038290977478027,0.9999997615814209,35,V2-002-F00-S20260927,a72ac38ce4df2be3a418366a097fbe027ef38d9964f5b1b5705df5f48169be84,MODEL_V1_CV_REFERENCE_V1
be0bccabf0d621108efbd1f6621341d9ad91a3b488ce4b2cfad26df2184c1717,MITDB_P203,203,1330000000,0,20260927,1,12.150617599487305,0.9999947547912598,35,V2-002-F00-S20260927,a72ac38ce4df2be3a418366a097fbe027ef38d9964f5b1b5705df5f48169be84,MODEL_V1_CV_REFERENCE_V1
be57577aacc302c6d5d2cf77f908472d71247c55c3cdcb729dba0d435cd618eb,MITDB_P209,209,1395000000,0,20260927,0,6.870659351348877,0.9989632368087769,35,V2-002-F00-S20260927,a72ac38ce4df2be3a418366a097fbe027ef38d9964f5b1b5705df5f48169be84,MODEL_V1_CV_REFERENCE_V1
be8e5e5b30dd8973b8805e29ea263a5388447d1e6722427759e1f1e40f0150ac,MITDB_P209,209,195000000,0,20260927,1,9.078920364379883,0.9998859167098999,35,V2-002-F00-S20260927,a72ac38ce4df2be3a418366a097fbe027ef38d9964f5b1b5705df5f48169be84,MODEL_V1_CV_REFERENCE_V1
bed7ba9249d54a98eb4c980bfb8d772cb51371cd3fd153f35d3cc1202657d18b,MITDB_P124,124,305000000,0,20260927,1,1.4040817022323608,0.8028308153152466,35,V2-002-F00-S20260927,a72ac38ce4df2be3a418366a097fbe027ef38d9964f5b1b5705df5f48169be84,MODEL_V1_CV_REFERENCE_V1
bedd6c9de6b3b61bb0901e29621f63a7fb9e1041e74cb7d7c4ad3d075abf66ab,MITDB_P105,105,405000000,0,20260927,0,2.342179775238037,0.9123106598854065,35,V2-002-F00-S20260927,a72ac38ce4df2be3a418366a097fbe027ef38d9964f5b1b5705df5f48169be84,MODEL_V1_CV_REFERENCE_V1
bf148573273f4cdbd795742e9662000e13e1dc518c081bcdecc4ea1e96e078c2,MITDB_P209,209,720000000,0,20260927,1,13.088227272033691,0.9999979734420776,35,V2-002-F00-S20260927,a72ac38ce4df2be3a418366a097fbe027ef38d9964f5b1b5705df5f48169be84,MODEL_V1_CV_REFERENCE_V1
bf19be32965c47370ad19e369fcee96990c0dab6e2e65d9599b951fdb73f5841,MITDB_P209,209,740000000,0,20260927,1,5.888365745544434,0.9972361922264099,35,V2-002-F00-S20260927,a72ac38ce4df2be3a418366a097fbe027ef38d9964f5b1b5705df5f48169be84,MODEL_V1_CV_REFERENCE_V1
bf1dbc17b80d343413cfbe5b082693497f5cbe17ffbe7867aec22818e8d6ce60,MITDB_P222,222,695000000,0,20260927,1,5.394270420074463,0.9954779744148254,35,V2-002-F00-S20260927,a72ac38ce4df2be3a418366a097fbe027ef38d9964f5b1b5705df5f48169be84,MODEL_V1_CV_REFERENCE_V1
bf277bc3a1e5c3283a46bd9edd1d11fd18a1bac03ccfd3b1e80f889f2e93b0bc,MITDB_P124,124,1475000000,0,20260927,0,6.327200889587402,0.9982160925865173,35,V2-002-F00-S20260927,a72ac38ce4df2be3a418366a097fbe027ef38d9964f5b1b5705df5f48169be84,MODEL_V1_CV_REFERENCE_V1
bf4d1cea11dbdb21a027116611f8afdf30ad099b8656d8c079e985276231e611,MITDB_P203,203,600000000,0,20260927,1,16.261940002441406,0.9999998807907104,35,V2-002-F00-S20260927,a72ac38ce4df2be3a418366a097fbe027ef38d9964f5b1b5705df5f48169be84,MODEL_V1_CV_REFERENCE_V1
bf91421b3b51a7bb499156cdb6f7b42bd8b7bce66dabff4c1bbc70cf9e3937a6,MITDB_P124,124,95000000,0,20260927,0,7.477668285369873,0.999434769153595,35,V2-002-F00-S20260927,a72ac38ce4df2be3a418366a097fbe027ef38d9964f5b1b5705df5f48169be84,MODEL_V1_CV_REFERENCE_V1
bfb8f84cf4c85d16c4e21e3a54c0f55ee4e22307c0551893594e378500f6b64c,MITDB_P105,105,1410000000,0,20260927,0,1.0424394607543945,0.7393204569816589,35,V2-002-F00-S20260927,a72ac38ce4df2be3a418366a097fbe027ef38d9964f5b1b5705df5f48169be84,MODEL_V1_CV_REFERENCE_V1
bfc8573f4437752c49870b5cdfa0001389fa7c22e7e9c1276c018f2a8122838e,MITDB_P203,203,1055000000,0,20260927,1,14.644866943359375,0.9999995231628418,35,V2-002-F00-S20260927,a72ac38ce4df2be3a418366a097fbe027ef38d9964f5b1b5705df5f48169be84,MODEL_V1_CV_REFERENCE_V1
c042f623ee7da9926a6986eb7c2924426954a52be8ee75a902bb5b249eefb73f,MITDB_P105,105,1700000000,0,20260927,1,2.778474807739258,0.9415014982223511,35,V2-002-F00-S20260927,a72ac38ce4df2be3a418366a097fbe027ef38d9964f5b1b5705df5f48169be84,MODEL_V1_CV_REFERENCE_V1
c0436d871f5a756033874250e76b4f4176cec3b84ee0cdcdb5f0d9432a5e9041,MITDB_P105,105,1125000000,0,20260927,0,-0.870162844657898,0.29522043466567993,35,V2-002-F00-S20260927,a72ac38ce4df2be3a418366a097fbe027ef38d9964f5b1b5705df5f48169be84,MODEL_V1_CV_REFERENCE_V1
c050e8a80c4565b9ff880970e71e89fbd79ad4eb86fe35662f4f37f903b33d2c,MITDB_P124,124,1600000000,0,20260927,0,7.2628912925720215,0.9992994070053101,35,V2-002-F00-S20260927,a72ac38ce4df2be3a418366a097fbe027ef38d9964f5b1b5705df5f48169be84,MODEL_V1_CV_REFERENCE_V1
c0ab883c8856507de019ad948b68c328324b9bc1fc47a67d992e701af6617868,MITDB_P105,105,1115000000,0,20260927,0,6.642941474914551,0.9986984729766846,35,V2-002-F00-S20260927,a72ac38ce4df2be3a418366a097fbe027ef38d9964f5b1b5705df5f48169be84,MODEL_V1_CV_REFERENCE_V1
c0afe184be99d672f60abec69a43222a035ec1c9a4816ff913b879fd9b6c64f0,MITDB_P203,203,1565000000,0,20260927,1,9.619213104248047,0.9999336004257202,35,V2-002-F00-S20260927,a72ac38ce4df2be3a418366a097fbe027ef38d9964f5b1b5705df5f48169be84,MODEL_V1_CV_REFERENCE_V1
c0bbd5fc00adcc85eab7a9ca75cf41153320aee37f2d456eb8d538f17ce367b2,MITDB_P203,203,1400000000,0,20260927,1,10.037586212158203,0.9999562501907349,35,V2-002-F00-S20260927,a72ac38ce4df2be3a418366a097fbe027ef38d9964f5b1b5705df5f48169be84,MODEL_V1_CV_REFERENCE_V1
c0d118446da4f68ec50bca7bd6a7e304b6e3ecbe725299a31f21fd557a5bed3e,MITDB_P105,105,1735000000,0,20260927,0,0.5094699263572693,0.6246821880340576,35,V2-002-F00-S20260927,a72ac38ce4df2be3a418366a097fbe027ef38d9964f5b1b5705df5f48169be84,MODEL_V1_CV_REFERENCE_V1
c0ec4865ec85ef956c1484ee573658b1612576addff2d2962691a72bc9e1ed67,MITDB_P105,105,685000000,0,20260927,0,2.1546478271484375,0.8961023092269897,35,V2-002-F00-S20260927,a72ac38ce4df2be3a418366a097fbe027ef38d9964f5b1b5705df5f48169be84,MODEL_V1_CV_REFERENCE_V1
c10b9abac7d2a76f2ebc7b6d326c53eabaef4d6d4a379db39dd62f5a797e131b,MITDB_P222,222,1275000000,0,20260927,1,-2.2085392475128174,0.09898627549409866,35,V2-002-F00-S20260927,a72ac38ce4df2be3a418366a097fbe027ef38d9964f5b1b5705df5f48169be84,MODEL_V1_CV_REFERENCE_V1
c1247e488f37372d21061c507fb69e1ba934e0ea3ce20c4fd56a44e0598a6cd2,MITDB_P209,209,1525000000,0,20260927,1,7.989255905151367,0.9996610879898071,35,V2-002-F00-S20260927,a72ac38ce4df2be3a418366a097fbe027ef38d9964f5b1b5705df5f48169be84,MODEL_V1_CV_REFERENCE_V1
c14a2e4e600ec7228050d8d7c1dfbe72bd78c9d8c714f440e5af81a5755acdb0,MITDB_P212,212,640000000,0,20260927,0,14.615986824035645,0.9999995231628418,35,V2-002-F00-S20260927,a72ac38ce4df2be3a418366a097fbe027ef38d9964f5b1b5705df5f48169be84,MODEL_V1_CV_REFERENCE_V1
c162461e9d77cac7c6a8f1b0af5a99c31d183f1238faff0a147b03d638c967ae,MITDB_P212,212,870000000,0,20260927,0,12.932878494262695,0.999997615814209,35,V2-002-F00-S20260927,a72ac38ce4df2be3a418366a097fbe027ef38d9964f5b1b5705df5f48169be84,MODEL_V1_CV_REFERENCE_V1
c17796f6289ef287acd282a0097c01aa66fab96366a55b221ac89e449c2fc8bb,MITDB_P124,124,1240000000,0,20260927,0,7.632425308227539,0.9995157718658447,35,V2-002-F00-S20260927,a72ac38ce4df2be3a418366a097fbe027ef38d9964f5b1b5705df5f48169be84,MODEL_V1_CV_REFERENCE_V1
c1ae719c56feb6a4e258e18ec34e3a662dff2bd3b01d96c6b2c58715257e3008,MITDB_P124,124,1075000000,0,20260927,1,13.061639785766602,0.9999978542327881,35,V2-002-F00-S20260927,a72ac38ce4df2be3a418366a097fbe027ef38d9964f5b1b5705df5f48169be84,MODEL_V1_CV_REFERENCE_V1
c1c9564d6e6ae0aaf98937285cbb0375200a63324e9d5f92d75e6e808652c03c,MITDB_P124,124,1130000000,0,20260927,0,6.151821613311768,0.9978749752044678,35,V2-002-F00-S20260927,a72ac38ce4df2be3a418366a097fbe027ef38d9964f5b1b5705df5f48169be84,MODEL_V1_CV_REFERENCE_V1
c1d4834bc77449e7214b41ce79e58baa54740499b3fca2b48b197949c56334ca,MITDB_P105,105,1760000000,0,20260927,0,4.680193901062012,0.9908080697059631,35,V2-002-F00-S20260927,a72ac38ce4df2be3a418366a097fbe027ef38d9964f5b1b5705df5f48169be84,MODEL_V1_CV_REFERENCE_V1
c1f2dd7a071e4dc68b67f90b3aa688b9fdc2d528a772866e01f42dc8727717e1,MITDB_P203,203,430000000,0,20260927,1,12.986896514892578,0.9999977350234985,35,V2-002-F00-S20260927,a72ac38ce4df2be3a418366a097fbe027ef38d9964f5b1b5705df5f48169be84,MODEL_V1_CV_REFERENCE_V1
c2553b809fd449e053cc1a275b210b0b4e00d63e42c0ac8c8ee9db6b44573957,MITDB_P105,105,1750000000,0,20260927,0,1.7988836765289307,0.8580130338668823,35,V2-002-F00-S20260927,a72ac38ce4df2be3a418366a097fbe027ef38d9964f5b1b5705df5f48169be84,MODEL_V1_CV_REFERENCE_V1
c27a35a85b977e4e956d28bc5a728b978a8f1ab33043026852efb7fed505463a,MITDB_P105,105,880000000,0,20260927,0,1.800080418586731,0.8581587076187134,35,V2-002-F00-S20260927,a72ac38ce4df2be3a418366a097fbe027ef38d9964f5b1b5705df5f48169be84,MODEL_V1_CV_REFERENCE_V1
c2cf49d16445f698b2c250eae5ef44490c9fa915a0b57e4e837c888cd96e9cf3,MITDB_P105,105,805000000,0,20260927,0,-0.442836195230484,0.3910653591156006,35,V2-002-F00-S20260927,a72ac38ce4df2be3a418366a097fbe027ef38d9964f5b1b5705df5f48169be84,MODEL_V1_CV_REFERENCE_V1
c2e62bbb2596692a18293a6b8d6ac5927c7273753639016161a961a7d49cbfad,MITDB_P105,105,1215000000,0,20260927,1,6.235232830047607,0.9980446100234985,35,V2-002-F00-S20260927,a72ac38ce4df2be3a418366a097fbe027ef38d9964f5b1b5705df5f48169be84,MODEL_V1_CV_REFERENCE_V1
c2e838cf34f94753272e09d44e384d518f63ae29032116396562317799b82d31,MITDB_P203,203,125000000,0,20260927,0,10.647439002990723,0.9999762773513794,35,V2-002-F00-S20260927,a72ac38ce4df2be3a418366a097fbe027ef38d9964f5b1b5705df5f48169be84,MODEL_V1_CV_REFERENCE_V1
c2e8ade1789579f27a0a1aba4c9d73d04c9a0a21884269cefb139d24bb9ae9be,MITDB_P212,212,195000000,0,20260927,0,16.605066299438477,0.9999998807907104,35,V2-002-F00-S20260927,a72ac38ce4df2be3a418366a097fbe027ef38d9964f5b1b5705df5f48169be84,MODEL_V1_CV_REFERENCE_V1
c313098cbb5274dcfb5217d32181ee41c5ee9ffa74c65231c18e7cd98786dcc0,MITDB_P212,212,140000000,0,20260927,0,0.09861516952514648,0.5246338248252869,35,V2-002-F00-S20260927,a72ac38ce4df2be3a418366a097fbe027ef38d9964f5b1b5705df5f48169be84,MODEL_V1_CV_REFERENCE_V1
c34c49d83239044a3367baa94f5ba11cc9ee7f1143c2aca09229d0dc38c8da53,MITDB_P124,124,1295000000,0,20260927,0,7.748640537261963,0.9995688796043396,35,V2-002-F00-S20260927,a72ac38ce4df2be3a418366a097fbe027ef38d9964f5b1b5705df5f48169be84,MODEL_V1_CV_REFERENCE_V1
c35fe8647a1e42a9ab53282716ba0a82a29f9b0afe046f2b75869123c80cb191,MITDB_P105,105,110000000,0,20260927,1,2.2494161128997803,0.904600203037262,35,V2-002-F00-S20260927,a72ac38ce4df2be3a418366a097fbe027ef38d9964f5b1b5705df5f48169be84,MODEL_V1_CV_REFERENCE_V1
c36e6f390c118ceb090c3e48e4ebc11c6a8db3288d1f23eb4ba10926d41cca69,MITDB_P203,203,1250000000,0,20260927,1,13.563555717468262,0.9999986886978149,35,V2-002-F00-S20260927,a72ac38ce4df2be3a418366a097fbe027ef38d9964f5b1b5705df5f48169be84,MODEL_V1_CV_REFERENCE_V1
c376b8c602399636309007f4d1c1c8d760ec96e6552b46d2a5c91d7b42a7428f,MITDB_P105,105,270000000,0,20260927,0,3.9644370079040527,0.9813747406005859,35,V2-002-F00-S20260927,a72ac38ce4df2be3a418366a097fbe027ef38d9964f5b1b5705df5f48169be84,MODEL_V1_CV_REFERENCE_V1
c3c181bd05f7fb2a69def875efec906019d03843f9c542e901294790496e1ed3,MITDB_P212,212,1285000000,0,20260927,0,14.753787994384766,0.9999996423721313,35,V2-002-F00-S20260927,a72ac38ce4df2be3a418366a097fbe027ef38d9964f5b1b5705df5f48169be84,MODEL_V1_CV_REFERENCE_V1
c3f2f26c00794c6a4752575206596bd572067e222fc4ad05ae7b987b454a51a8,MITDB_P212,212,910000000,0,20260927,0,16.597990036010742,0.9999998807907104,35,V2-002-F00-S20260927,a72ac38ce4df2be3a418366a097fbe027ef38d9964f5b1b5705df5f48169be84,MODEL_V1_CV_REFERENCE_V1
c3f9c2e0c56c1953a71cf6f1435816dfbdb3b93515168fd8b84d89277d7db8c1,MITDB_P209,209,1755000000,0,20260927,1,4.103377819061279,0.9837515950202942,35,V2-002-F00-S20260927,a72ac38ce4df2be3a418366a097fbe027ef38d9964f5b1b5705df5f48169be84,MODEL_V1_CV_REFERENCE_V1
c4117856bafd88fa7ba8e6a7c5ffb7791281a48664fa5459afaec82e58a25c3b,MITDB_P222,222,855000000,0,20260927,0,21.095104217529297,1.0,35,V2-002-F00-S20260927,a72ac38ce4df2be3a418366a097fbe027ef38d9964f5b1b5705df5f48169be84,MODEL_V1_CV_REFERENCE_V1
c42ea26066014bc6469995f752c2567097543bbcc6ba3786891b966babed6e0a,MITDB_P222,222,800000000,0,20260927,1,17.07884979248047,1.0,35,V2-002-F00-S20260927,a72ac38ce4df2be3a418366a097fbe027ef38d9964f5b1b5705df5f48169be84,MODEL_V1_CV_REFERENCE_V1
c430964eb1c6d067a661f771c57b12e74b7f7efcc9cc0412d193c53082e71210,MITDB_P212,212,1205000000,0,20260927,0,14.226829528808594,0.9999992847442627,35,V2-002-F00-S20260927,a72ac38ce4df2be3a418366a097fbe027ef38d9964f5b1b5705df5f48169be84,MODEL_V1_CV_REFERENCE_V1
c448746ec9e1603138d90584f3e83bd9893e1688e863c116c416320341b8c37c,MITDB_P124,124,995000000,0,20260927,0,7.1572418212890625,0.9992214441299438,35,V2-002-F00-S20260927,a72ac38ce4df2be3a418366a097fbe027ef38d9964f5b1b5705df5f48169be84,MODEL_V1_CV_REFERENCE_V1
c4497ba5ee240bb048ff33315a2196cfa5945059910041083715fa390dda43ce,MITDB_P222,222,760000000,0,20260927,1,8.991432189941406,0.999875545501709,35,V2-002-F00-S20260927,a72ac38ce4df2be3a418366a097fbe027ef38d9964f5b1b5705df5f48169be84,MODEL_V1_CV_REFERENCE_V1
c470c9212482d2fc97790d9d8f4af387fd3f6c676eec47d5469b32108e4e82f6,MITDB_P222,222,975000000,0,20260927,1,4.139925479888916,0.9843255281448364,35,V2-002-F00-S20260927,a72ac38ce4df2be3a418366a097fbe027ef38d9964f5b1b5705df5f48169be84,MODEL_V1_CV_REFERENCE_V1
c48367c759812b90f8cbab54bcf7456fbb6dbfaeffde8a4e67e0585fa9e85e88,MITDB_P222,222,1785000000,0,20260927,0,8.447805404663086,0.9997857213020325,35,V2-002-F00-S20260927,a72ac38ce4df2be3a418366a097fbe027ef38d9964f5b1b5705df5f48169be84,MODEL_V1_CV_REFERENCE_V1
c493ca18497c1ed73aeb322cd876db16e63ac67ba5fe096d74a1b232ce429db7,MITDB_P222,222,1570000000,0,20260927,1,22.057302474975586,1.0,35,V2-002-F00-S20260927,a72ac38ce4df2be3a418366a097fbe027ef38d9964f5b1b5705df5f48169be84,MODEL_V1_CV_REFERENCE_V1
c4f7f86c3156304a22d37eb8653bb3e86c7a54f08d02b9fd4927e2d7c379232b,MITDB_P105,105,475000000,0,20260927,0,2.583822727203369,0.9298131465911865,35,V2-002-F00-S20260927,a72ac38ce4df2be3a418366a097fbe027ef38d9964f5b1b5705df5f48169be84,MODEL_V1_CV_REFERENCE_V1
c509ddd1e99299d91929980747a0d0b8934d6b8c4a170e9e2d98ab2d4f3fab7e,MITDB_P105,105,350000000,0,20260927,0,3.437818765640259,0.9688658118247986,35,V2-002-F00-S20260927,a72ac38ce4df2be3a418366a097fbe027ef38d9964f5b1b5705df5f48169be84,MODEL_V1_CV_REFERENCE_V1
c53d1c29e8bdde090e9e978fcaed40d7b398559f69bc9e05705f8bad6dbfae2a,MITDB_P124,124,1500000000,0,20260927,0,4.786700248718262,0.9917290806770325,35,V2-002-F00-S20260927,a72ac38ce4df2be3a418366a097fbe027ef38d9964f5b1b5705df5f48169be84,MODEL_V1_CV_REFERENCE_V1
c589c865705cde6d5fbeb5dd948780082e96ba0dab1f8d3fd216d3fe7b344f37,MITDB_P203,203,485000000,0,20260927,1,14.880955696105957,0.9999996423721313,35,V2-002-F00-S20260927,a72ac38ce4df2be3a418366a097fbe027ef38d9964f5b1b5705df5f48169be84,MODEL_V1_CV_REFERENCE_V1
c5b10a4f1fdf06f259d2a966603dce9c1156d18a59db23b843dd4995b1d00a23,MITDB_P105,105,1260000000,0,20260927,0,4.024142265319824,0.9824352860450745,35,V2-002-F00-S20260927,a72ac38ce4df2be3a418366a097fbe027ef38d9964f5b1b5705df5f48169be84,MODEL_V1_CV_REFERENCE_V1
c5b80743b4e422c3eadfe7cf3b83563fe459a4dbe6bba69c98656bd91d06422c,MITDB_P124,124,905000000,0,20260927,0,6.448415756225586,0.9984195232391357,35,V2-002-F00-S20260927,a72ac38ce4df2be3a418366a097fbe027ef38d9964f5b1b5705df5f48169be84,MODEL_V1_CV_REFERENCE_V1
c5badb4fd0e21b77816dae94a26dcfbfc0870b6b6f2a9131855641aa7035145b,MITDB_P212,212,855000000,0,20260927,0,17.29560661315918,1.0,35,V2-002-F00-S20260927,a72ac38ce4df2be3a418366a097fbe027ef38d9964f5b1b5705df5f48169be84,MODEL_V1_CV_REFERENCE_V1
c6043fd8aad3aed3696586c1c3a7bbe44f9cc5a7f4a3df986f10e7037a7a8fcc,MITDB_P124,124,605000000,0,20260927,0,4.306844711303711,0.9867031574249268,35,V2-002-F00-S20260927,a72ac38ce4df2be3a418366a097fbe027ef38d9964f5b1b5705df5f48169be84,MODEL_V1_CV_REFERENCE_V1
c60f32b48d5ad26f7629578dc772c322cfdf74febda302a89e484bcb61b62452,MITDB_P124,124,1345000000,0,20260927,0,8.256023406982422,0.9997404217720032,35,V2-002-F00-S20260927,a72ac38ce4df2be3a418366a097fbe027ef38d9964f5b1b5705df5f48169be84,MODEL_V1_CV_REFERENCE_V1
c6131c8a0cd64230d8435f81c25b4b16bb38d01e60799daeada41a9c9f32813d,MITDB_P209,209,1605000000,0,20260927,1,6.668544769287109,0.9987313151359558,35,V2-002-F00-S20260927,a72ac38ce4df2be3a418366a097fbe027ef38d9964f5b1b5705df5f48169be84,MODEL_V1_CV_REFERENCE_V1
c629386e9acfc43327d04e971b364c2bddd5ce4971e0178c52cc85796ad27e7b,MITDB_P105,105,1220000000,0,20260927,0,5.824379920959473,0.9970541000366211,35,V2-002-F00-S20260927,a72ac38ce4df2be3a418366a097fbe027ef38d9964f5b1b5705df5f48169be84,MODEL_V1_CV_REFERENCE_V1
c649b7edc3ca6b9e3481e117aab807a5a522771c3c8b345a3eb24c25fe5b6ef7,MITDB_P105,105,80000000,0,20260927,0,1.688977837562561,0.844089686870575,35,V2-002-F00-S20260927,a72ac38ce4df2be3a418366a097fbe027ef38d9964f5b1b5705df5f48169be84,MODEL_V1_CV_REFERENCE_V1
c65047d0cb48f3cdd0ece736e9d8d254c9478f02f209abf47d219b8da4d1dc93,MITDB_P212,212,680000000,0,20260927,0,13.490074157714844,0.9999985694885254,35,V2-002-F00-S20260927,a72ac38ce4df2be3a418366a097fbe027ef38d9964f5b1b5705df5f48169be84,MODEL_V1_CV_REFERENCE_V1
c66089ba115fb5a1e216b16bac3fd99859c45cb4233fc60ed21c9e2d8986dfbb,MITDB_P105,105,1280000000,0,20260927,0,6.415423393249512,0.9983665347099304,35,V2-002-F00-S20260927,a72ac38ce4df2be3a418366a097fbe027ef38d9964f5b1b5705df5f48169be84,MODEL_V1_CV_REFERENCE_V1
c669c16c325cf1f483fcaafc445dfb04313df44dfbe52d13696faeec34b3d4af,MITDB_P222,222,1225000000,0,20260927,1,3.466435194015503,0.9697175025939941,35,V2-002-F00-S20260927,a72ac38ce4df2be3a418366a097fbe027ef38d9964f5b1b5705df5f48169be84,MODEL_V1_CV_REFERENCE_V1
c6a8274c67f87c665369e8c71bdfa6d7bf2406948cc694e5badef5393d0b0a6c,MITDB_P124,124,1590000000,0,20260927,0,7.098511695861816,0.9991742968559265,35,V2-002-F00-S20260927,a72ac38ce4df2be3a418366a097fbe027ef38d9964f5b1b5705df5f48169be84,MODEL_V1_CV_REFERENCE_V1
c6a9a8156f558aa8754f5d48704495c0f0e06123e374e737c4a6502361c4c034,MITDB_P203,203,920000000,0,20260927,1,16.45896339416504,0.9999998807907104,35,V2-002-F00-S20260927,a72ac38ce4df2be3a418366a097fbe027ef38d9964f5b1b5705df5f48169be84,MODEL_V1_CV_REFERENCE_V1
c6ac9b3dfb1e14603e354128a8a5ebe5147a8f52903e6b4175bc8e7990a5e7f1,MITDB_P222,222,540000000,0,20260927,1,5.088173866271973,0.9938685297966003,35,V2-002-F00-S20260927,a72ac38ce4df2be3a418366a097fbe027ef38d9964f5b1b5705df5f48169be84,MODEL_V1_CV_REFERENCE_V1
c715e1a3f3b4a5ad3820bbd80d1e56de1b8e661dc26ab3fc9c69159073f76da9,MITDB_P124,124,825000000,0,20260927,1,4.707304000854492,0.9910517334938049,35,V2-002-F00-S20260927,a72ac38ce4df2be3a418366a097fbe027ef38d9964f5b1b5705df5f48169be84,MODEL_V1_CV_REFERENCE_V1
c7694f14c2938e54127e1b167d44fc7eb6bd69e678c5e7b6e5d6a35d97d93407,MITDB_P203,203,400000000,0,20260927,1,9.51850700378418,0.9999265670776367,35,V2-002-F00-S20260927,a72ac38ce4df2be3a418366a097fbe027ef38d9964f5b1b5705df5f48169be84,MODEL_V1_CV_REFERENCE_V1
c776bf489fb0e3b7dd2594aefec1fa0ed6dcd6d481105b74e7cd333d5cf139a1,MITDB_P124,124,910000000,0,20260927,0,5.144265174865723,0.9942010045051575,35,V2-002-F00-S20260927,a72ac38ce4df2be3a418366a097fbe027ef38d9964f5b1b5705df5f48169be84,MODEL_V1_CV_REFERENCE_V1
c785d355e3442ec0c3e9732141b277664c09b6ed11828c361f307939a6ac9f2f,MITDB_P105,105,45000000,0,20260927,1,2.3670144081115723,0.9142771363258362,35,V2-002-F00-S20260927,a72ac38ce4df2be3a418366a097fbe027ef38d9964f5b1b5705df5f48169be84,MODEL_V1_CV_REFERENCE_V1
c78eea80847693f40416f812ba1f0ce5151ab4f3dfa27da05908264018efa201,MITDB_P212,212,345000000,0,20260927,0,0.4809401333332062,0.617969810962677,35,V2-002-F00-S20260927,a72ac38ce4df2be3a418366a097fbe027ef38d9964f5b1b5705df5f48169be84,MODEL_V1_CV_REFERENCE_V1
c7c3fe9c33d0809323e5ff8584556c4df9b2a74e66b232c221950b797db99b0d,MITDB_P203,203,1415000000,0,20260927,0,3.9906342029571533,0.9818476438522339,35,V2-002-F00-S20260927,a72ac38ce4df2be3a418366a097fbe027ef38d9964f5b1b5705df5f48169be84,MODEL_V1_CV_REFERENCE_V1
c7d369dd5abbd867d45dea81b52829ca49bf5cfd399ed02c45fae8d646b559cb,MITDB_P212,212,1525000000,0,20260927,0,12.829719543457031,0.9999973773956299,35,V2-002-F00-S20260927,a72ac38ce4df2be3a418366a097fbe027ef38d9964f5b1b5705df5f48169be84,MODEL_V1_CV_REFERENCE_V1
c7d5d8c3e1bd8918d46b9c158e2c6e79c320018d88f357b0b914b02567528e76,MITDB_P105,105,675000000,0,20260927,1,2.5186469554901123,0.9254387617111206,35,V2-002-F00-S20260927,a72ac38ce4df2be3a418366a097fbe027ef38d9964f5b1b5705df5f48169be84,MODEL_V1_CV_REFERENCE_V1
c7e987ceaf142f1b1c4f1d7b0e60e584cb3036d2397c6db3557b4db40c6952b5,MITDB_P203,203,475000000,0,20260927,1,18.586341857910156,1.0,35,V2-002-F00-S20260927,a72ac38ce4df2be3a418366a097fbe027ef38d9964f5b1b5705df5f48169be84,MODEL_V1_CV_REFERENCE_V1
c8334c44465226df6b320e440fc7e2332ecd9ca86a31e0867564bc1507f5ec1c,MITDB_P105,105,710000000,0,20260927,1,4.586960315704346,0.9899188280105591,35,V2-002-F00-S20260927,a72ac38ce4df2be3a418366a097fbe027ef38d9964f5b1b5705df5f48169be84,MODEL_V1_CV_REFERENCE_V1
c834964766d238da66d7cbbe6c0847a1ee9723d090b6c645857243b2e29a9633,MITDB_P209,209,1050000000,0,20260927,0,7.474520683288574,0.9994329810142517,35,V2-002-F00-S20260927,a72ac38ce4df2be3a418366a097fbe027ef38d9964f5b1b5705df5f48169be84,MODEL_V1_CV_REFERENCE_V1
c8420cd90ffb66ef52378154b67969d0f54cabdf58f956d5a2dc3fece583fb5f,MITDB_P222,222,550000000,0,20260927,1,8.986530303955078,0.9998749494552612,35,V2-002-F00-S20260927,a72ac38ce4df2be3a418366a097fbe027ef38d9964f5b1b5705df5f48169be84,MODEL_V1_CV_REFERENCE_V1
c8599817ce5fc80903841d48cf7b39158e58e23d1b9ea8d9eee0c24aad3bde7a,MITDB_P212,212,385000000,0,20260927,0,14.17979621887207,0.9999992847442627,35,V2-002-F00-S20260927,a72ac38ce4df2be3a418366a097fbe027ef38d9964f5b1b5705df5f48169be84,MODEL_V1_CV_REFERENCE_V1
c8e2eec243d431deb3ace560ba6adc7881197ca5cc0b3ef4f2601c4ce952cfce,MITDB_P105,105,1560000000,0,20260927,0,1.0228461027145386,0.7355266213417053,35,V2-002-F00-S20260927,a72ac38ce4df2be3a418366a097fbe027ef38d9964f5b1b5705df5f48169be84,MODEL_V1_CV_REFERENCE_V1
c8fa8286459950d314ae9469902a253b0a962cd6266968ccc8a445ef02ffbb1c,MITDB_P222,222,1220000000,0,20260927,1,7.273712158203125,0.9993069171905518,35,V2-002-F00-S20260927,a72ac38ce4df2be3a418366a097fbe027ef38d9964f5b1b5705df5f48169be84,MODEL_V1_CV_REFERENCE_V1
c92e3a76f47fdade7ccdc67cbc7bd13cc5c03cfb46097b22ef3295cb8819e733,MITDB_P209,209,925000000,0,20260927,1,12.041767120361328,0.999994158744812,35,V2-002-F00-S20260927,a72ac38ce4df2be3a418366a097fbe027ef38d9964f5b1b5705df5f48169be84,MODEL_V1_CV_REFERENCE_V1
c949b2d34b224d3d1e39431260f99841a69a89281c258f8a1256f4afb3bef481,MITDB_P203,203,255000000,0,20260927,1,16.065134048461914,0.9999998807907104,35,V2-002-F00-S20260927,a72ac38ce4df2be3a418366a097fbe027ef38d9964f5b1b5705df5f48169be84,MODEL_V1_CV_REFERENCE_V1
c94ea6751b94fff99b5e14318014a30d401a0fa63cd77c156936676e04f625bd,MITDB_P212,212,10000000,0,20260927,0,23.131139755249023,1.0,35,V2-002-F00-S20260927,a72ac38ce4df2be3a418366a097fbe027ef38d9964f5b1b5705df5f48169be84,MODEL_V1_CV_REFERENCE_V1
c961e2e816ba8f897130095f6dfc29862aec0b6ac27d7df7b79713cb8adccecc,MITDB_P124,124,1660000000,0,20260927,0,5.101204872131348,0.9939473867416382,35,V2-002-F00-S20260927,a72ac38ce4df2be3a418366a097fbe027ef38d9964f5b1b5705df5f48169be84,MODEL_V1_CV_REFERENCE_V1
c96ed63bfbeaa85c185e42ff193b08370c14af2c320df2589d85cb554ab43151,MITDB_P203,203,960000000,0,20260927,0,14.85744857788086,0.9999996423721313,35,V2-002-F00-S20260927,a72ac38ce4df2be3a418366a097fbe027ef38d9964f5b1b5705df5f48169be84,MODEL_V1_CV_REFERENCE_V1
c97eaea8607c9693b86a3c6be1ce6010255e0015115e31d3cc32a871216b9291,MITDB_P203,203,85000000,0,20260927,1,8.073244094848633,0.9996883869171143,35,V2-002-F00-S20260927,a72ac38ce4df2be3a418366a097fbe027ef38d9964f5b1b5705df5f48169be84,MODEL_V1_CV_REFERENCE_V1
c9b25c78af025c6d9ae16b9edfa7744d41ba0a9bdfe36f6a89c64856fb620e7e,MITDB_P222,222,845000000,0,20260927,1,5.136309623718262,0.9941549897193909,35,V2-002-F00-S20260927,a72ac38ce4df2be3a418366a097fbe027ef38d9964f5b1b5705df5f48169be84,MODEL_V1_CV_REFERENCE_V1
c9b5d0c9979728b85075089724526ef270f4c07f3314ad1cdc5443777327c24f,MITDB_P105,105,1480000000,0,20260927,0,0.39613962173461914,0.5977598428726196,35,V2-002-F00-S20260927,a72ac38ce4df2be3a418366a097fbe027ef38d9964f5b1b5705df5f48169be84,MODEL_V1_CV_REFERENCE_V1
c9cbcffde8c7f856c03d9aba53fd2b87c1b9bf3e213824cff2be38b098913ff3,MITDB_P212,212,1155000000,0,20260927,0,-0.4010230600833893,0.4010665714740753,35,V2-002-F00-S20260927,a72ac38ce4df2be3a418366a097fbe027ef38d9964f5b1b5705df5f48169be84,MODEL_V1_CV_REFERENCE_V1
c9d5c607a0e96209f8bbc1da02f6685903257d7c4e8c1042670ba209f7711c51,MITDB_P209,209,360000000,0,20260927,1,20.955718994140625,1.0,35,V2-002-F00-S20260927,a72ac38ce4df2be3a418366a097fbe027ef38d9964f5b1b5705df5f48169be84,MODEL_V1_CV_REFERENCE_V1
c9e691acdc48e30c4727fdbce5345cc289d393fc8c86535350a1128a0a71c2d8,MITDB_P222,222,1610000000,0,20260927,0,5.125877857208252,0.9940940737724304,35,V2-002-F00-S20260927,a72ac38ce4df2be3a418366a097fbe027ef38d9964f5b1b5705df5f48169be84,MODEL_V1_CV_REFERENCE_V1
ca128af2d302029dda90352bd0348f0397a7a452d7887d2534d9bfe9ad1a48df,MITDB_P209,209,15000000,0,20260927,0,8.022573471069336,0.9996721744537354,35,V2-002-F00-S20260927,a72ac38ce4df2be3a418366a097fbe027ef38d9964f5b1b5705df5f48169be84,MODEL_V1_CV_REFERENCE_V1
ca1f6414d4f59523b9097d686c81aabaf2c3e8ecd357f95c5dd442db91e4f22c,MITDB_P105,105,680000000,0,20260927,1,2.780470609664917,0.9416112899780273,35,V2-002-F00-S20260927,a72ac38ce4df2be3a418366a097fbe027ef38d9964f5b1b5705df5f48169be84,MODEL_V1_CV_REFERENCE_V1
ca46190b4f2807fe2bf195bfa1f419cef151876827d1cef271c0eeb6307f3359,MITDB_P203,203,625000000,0,20260927,1,12.83199691772461,0.9999973773956299,35,V2-002-F00-S20260927,a72ac38ce4df2be3a418366a097fbe027ef38d9964f5b1b5705df5f48169be84,MODEL_V1_CV_REFERENCE_V1
ca7cbbb603b643c4a16efcc8aabc815619661a404bec32c6d3d17c5e08e2b94e,MITDB_P203,203,1525000000,0,20260927,1,14.226594924926758,0.9999992847442627,35,V2-002-F00-S20260927,a72ac38ce4df2be3a418366a097fbe027ef38d9964f5b1b5705df5f48169be84,MODEL_V1_CV_REFERENCE_V1
ca80ccc4100867fd5bf6a45dd02f22cd70b799943fae345b095997c710d08535,MITDB_P209,209,1765000000,0,20260927,1,4.39850378036499,0.9878536462783813,35,V2-002-F00-S20260927,a72ac38ce4df2be3a418366a097fbe027ef38d9964f5b1b5705df5f48169be84,MODEL_V1_CV_REFERENCE_V1
cab94b13f647cef60f05a36d0d537403adac6b1aa9a349fc2b94cb3faf9c8ecb,MITDB_P209,209,295000000,0,20260927,0,16.33161735534668,0.9999998807907104,35,V2-002-F00-S20260927,a72ac38ce4df2be3a418366a097fbe027ef38d9964f5b1b5705df5f48169be84,MODEL_V1_CV_REFERENCE_V1
cabcf7f3541bdb622296bb0402a819d5189066ac37516ec85bec3c766d63d739,MITDB_P209,209,1485000000,0,20260927,0,8.253847122192383,0.9997398257255554,35,V2-002-F00-S20260927,a72ac38ce4df2be3a418366a097fbe027ef38d9964f5b1b5705df5f48169be84,MODEL_V1_CV_REFERENCE_V1
cb051f9e8ad9b5b39590f72cfa9a63cfdebfaa87e2578132243f4f33edbc1c2c,MITDB_P209,209,1590000000,0,20260927,0,6.537500381469727,0.9985539317131042,35,V2-002-F00-S20260927,a72ac38ce4df2be3a418366a097fbe027ef38d9964f5b1b5705df5f48169be84,MODEL_V1_CV_REFERENCE_V1
cb2e5c6f36ccac8ba93708e7ed2559c4c0343d77b96b665ea51a0903e00e70cf,MITDB_P203,203,1665000000,0,20260927,1,15.740809440612793,0.9999998807907104,35,V2-002-F00-S20260927,a72ac38ce4df2be3a418366a097fbe027ef38d9964f5b1b5705df5f48169be84,MODEL_V1_CV_REFERENCE_V1
cb49baa755f25ad47e64b4b01599172831bbe6e6a6b19d5d7f7ebaf94a023447,MITDB_P203,203,620000000,0,20260927,1,10.525192260742188,0.9999731779098511,35,V2-002-F00-S20260927,a72ac38ce4df2be3a418366a097fbe027ef38d9964f5b1b5705df5f48169be84,MODEL_V1_CV_REFERENCE_V1
cb6aba03f8138599aa9c08cad4afe9eac8a73bb120e1774d68f0e4b9174c30e0,MITDB_P124,124,925000000,0,20260927,0,5.970827102661133,0.9974543452262878,35,V2-002-F00-S20260927,a72ac38ce4df2be3a418366a097fbe027ef38d9964f5b1b5705df5f48169be84,MODEL_V1_CV_REFERENCE_V1
cb923cc73c5ba4e05b18f7add072a9029c323a3eff7ed403670ce5784bdee238,MITDB_P124,124,1555000000,0,20260927,0,6.998984336853027,0.9990880489349365,35,V2-002-F00-S20260927,a72ac38ce4df2be3a418366a097fbe027ef38d9964f5b1b5705df5f48169be84,MODEL_V1_CV_REFERENCE_V1
cbcc34b967edfae24295a8a43b53705c006735e71518a62ad9ca0d92e96cf02e,MITDB_P203,203,630000000,0,20260927,1,18.43634033203125,1.0,35,V2-002-F00-S20260927,a72ac38ce4df2be3a418366a097fbe027ef38d9964f5b1b5705df5f48169be84,MODEL_V1_CV_REFERENCE_V1
cbe059642648bf952a294e868161597f8f142f248c998be59ebab379457a256c,MITDB_P105,105,950000000,0,20260927,0,1.702296495437622,0.8458344340324402,35,V2-002-F00-S20260927,a72ac38ce4df2be3a418366a097fbe027ef38d9964f5b1b5705df5f48169be84,MODEL_V1_CV_REFERENCE_V1
cbf1f4dac5375a9e7f9714fa4eeed85fad1515628529d6be2abc405383bcacf3,MITDB_P222,222,730000000,0,20260927,1,15.251668930053711,0.9999997615814209,35,V2-002-F00-S20260927,a72ac38ce4df2be3a418366a097fbe027ef38d9964f5b1b5705df5f48169be84,MODEL_V1_CV_REFERENCE_V1
cc04a15ee8f85a627252fc27f7cd0a0d3c9f2fd1d0e5a932422a903ad4a332b2,MITDB_P222,222,1805000000,0,20260927,0,11.54204273223877,0.9999903440475464,35,V2-002-F00-S20260927,a72ac38ce4df2be3a418366a097fbe027ef38d9964f5b1b5705df5f48169be84,MODEL_V1_CV_REFERENCE_V1
cc3055ddae31da8534e9a786d183a2124fa8235b98dfec62650e21efa1b0f508,MITDB_P212,212,1170000000,0,20260927,0,6.710908889770508,0.9987838864326477,35,V2-002-F00-S20260927,a72ac38ce4df2be3a418366a097fbe027ef38d9964f5b1b5705df5f48169be84,MODEL_V1_CV_REFERENCE_V1
cc48c7f503aec10b2dc7a07d40440fa6cf7100c80505910706e1e916e4e5e265,MITDB_P212,212,1710000000,0,20260927,0,-0.24644088745117188,0.43869972229003906,35,V2-002-F00-S20260927,a72ac38ce4df2be3a418366a097fbe027ef38d9964f5b1b5705df5f48169be84,MODEL_V1_CV_REFERENCE_V1
cc5789f48f7096500a1d669e12c1a3871c014100f64492360ba6574d8229190c,MITDB_P209,209,1635000000,0,20260927,0,9.53125,0.9999274015426636,35,V2-002-F00-S20260927,a72ac38ce4df2be3a418366a097fbe027ef38d9964f5b1b5705df5f48169be84,MODEL_V1_CV_REFERENCE_V1
cc8adc6f8d99d90948bc03e6365b7dd29ff67d9b0f425ab15c90cce481c8b0ae,MITDB_P203,203,1305000000,0,20260927,1,7.224523067474365,0.9992720484733582,35,V2-002-F00-S20260927,a72ac38ce4df2be3a418366a097fbe027ef38d9964f5b1b5705df5f48169be84,MODEL_V1_CV_REFERENCE_V1
cd42338498f96fb5dc51fa1548fb5b49b72185d263478c9c681f69fc2bdcbd3a,MITDB_P203,203,250000000,0,20260927,1,16.350576400756836,0.9999998807907104,35,V2-002-F00-S20260927,a72ac38ce4df2be3a418366a097fbe027ef38d9964f5b1b5705df5f48169be84,MODEL_V1_CV_REFERENCE_V1
cd5d1ab6c53eb25982b481073a853650ab9a0711fdf516ea698614049185d67b,MITDB_P124,124,1100000000,0,20260927,0,5.973702430725098,0.9974616765975952,35,V2-002-F00-S20260927,a72ac38ce4df2be3a418366a097fbe027ef38d9964f5b1b5705df5f48169be84,MODEL_V1_CV_REFERENCE_V1
cda3c659b24336f1b5b99d035c7ad192f0b59023904e52bd7d5576e2f33d70f6,MITDB_P105,105,1600000000,0,20260927,0,-0.8268002271652222,0.3043220639228821,35,V2-002-F00-S20260927,a72ac38ce4df2be3a418366a097fbe027ef38d9964f5b1b5705df5f48169be84,MODEL_V1_CV_REFERENCE_V1
cde3431c6fd55230f3d4e07409c82383019411fa9ed5d05ee684a387d52980ed,MITDB_P212,212,1095000000,0,20260927,0,21.947586059570312,1.0,35,V2-002-F00-S20260927,a72ac38ce4df2be3a418366a097fbe027ef38d9964f5b1b5705df5f48169be84,MODEL_V1_CV_REFERENCE_V1
cdf54ced62f173df857bae63cbed18b5a4bc39190536d9a01b316b3ab5fb9786,MITDB_P203,203,790000000,0,20260927,1,16.368915557861328,0.9999998807907104,35,V2-002-F00-S20260927,a72ac38ce4df2be3a418366a097fbe027ef38d9964f5b1b5705df5f48169be84,MODEL_V1_CV_REFERENCE_V1
ce08f9423fb7fad3d50db96ba330f22c5ac60b667356cae687ffed95bb945714,MITDB_P124,124,410000000,0,20260927,0,12.572798728942871,0.999996542930603,35,V2-002-F00-S20260927,a72ac38ce4df2be3a418366a097fbe027ef38d9964f5b1b5705df5f48169be84,MODEL_V1_CV_REFERENCE_V1
ce2a338fd3ae16eac2269495b8b36486b56f2bd3bfc58883d15c0f15225e80ed,MITDB_P105,105,1045000000,0,20260927,0,3.4654858112335205,0.9696895480155945,35,V2-002-F00-S20260927,a72ac38ce4df2be3a418366a097fbe027ef38d9964f5b1b5705df5f48169be84,MODEL_V1_CV_REFERENCE_V1
ce2c5ace970e82148840ef85107e30e7bb34a9d74593ea2197b6b56ef585732b,MITDB_P105,105,100000000,0,20260927,0,2.006798028945923,0.881509006023407,35,V2-002-F00-S20260927,a72ac38ce4df2be3a418366a097fbe027ef38d9964f5b1b5705df5f48169be84,MODEL_V1_CV_REFERENCE_V1
ce33f09126015e1b9b464ec08cdbdc624dee01da2977300ec0be7dde1fce626a,MITDB_P203,203,490000000,0,20260927,1,12.584264755249023,0.999996542930603,35,V2-002-F00-S20260927,a72ac38ce4df2be3a418366a097fbe027ef38d9964f5b1b5705df5f48169be84,MODEL_V1_CV_REFERENCE_V1
ce342c317933cd08944f7296793252774546e19c2192afc3a21be2504ebcd1fb,MITDB_P212,212,830000000,0,20260927,0,14.354415893554688,0.9999994039535522,35,V2-002-F00-S20260927,a72ac38ce4df2be3a418366a097fbe027ef38d9964f5b1b5705df5f48169be84,MODEL_V1_CV_REFERENCE_V1
ce513a435e093efea9998e72e20dfb3db012013fe4b1571500546a20acfd950d,MITDB_P212,212,1050000000,0,20260927,0,17.445919036865234,1.0,35,V2-002-F00-S20260927,a72ac38ce4df2be3a418366a097fbe027ef38d9964f5b1b5705df5f48169be84,MODEL_V1_CV_REFERENCE_V1
cea3c15e107561f2f293bb9b4a9712747988d3bfe1e98dbd5301bb58a655c6f6,MITDB_P203,203,1595000000,0,20260927,1,19.649585723876953,1.0,35,V2-002-F00-S20260927,a72ac38ce4df2be3a418366a097fbe027ef38d9964f5b1b5705df5f48169be84,MODEL_V1_CV_REFERENCE_V1
cef24527b8d4dd4ec858ab88afb1e9128ab22d09bf283fae0c0b6aba929adbde,MITDB_P209,209,1560000000,0,20260927,1,9.763921737670898,0.9999425411224365,35,V2-002-F00-S20260927,a72ac38ce4df2be3a418366a097fbe027ef38d9964f5b1b5705df5f48169be84,MODEL_V1_CV_REFERENCE_V1
cef5023669a73f74759462f63b9e853ef62ff8a3b0686c50e9014e3b317f1270,MITDB_P105,105,1650000000,0,20260927,0,2.3556735515594482,0.913384199142456,35,V2-002-F00-S20260927,a72ac38ce4df2be3a418366a097fbe027ef38d9964f5b1b5705df5f48169be84,MODEL_V1_CV_REFERENCE_V1
cf032bce65b593482cc32e8a7ab86315e4a5a09d2ca24edd8038b43c2b3a5b35,MITDB_P212,212,200000000,0,20260927,0,13.684683799743652,0.9999988079071045,35,V2-002-F00-S20260927,a72ac38ce4df2be3a418366a097fbe027ef38d9964f5b1b5705df5f48169be84,MODEL_V1_CV_REFERENCE_V1
cf1701dc65067ad480d44ceaac50a6b83578a31304fb23b501753658b11dfdf7,MITDB_P222,222,810000000,0,20260927,1,15.408111572265625,0.9999997615814209,35,V2-002-F00-S20260927,a72ac38ce4df2be3a418366a097fbe027ef38d9964f5b1b5705df5f48169be84,MODEL_V1_CV_REFERENCE_V1
cf1fcc6385c3320d6f42e8d0b2dcb44759e97f6ffe5fee7c052495371fb23dc1,MITDB_P209,209,1785000000,0,20260927,1,6.665192604064941,0.9987271428108215,35,V2-002-F00-S20260927,a72ac38ce4df2be3a418366a097fbe027ef38d9964f5b1b5705df5f48169be84,MODEL_V1_CV_REFERENCE_V1
cf2da96609b59326a9ed07f7bcc5767c916c8a881b1e71ebc85654d32428892c,MITDB_P124,124,1390000000,0,20260927,0,7.008985996246338,0.9990971088409424,35,V2-002-F00-S20260927,a72ac38ce4df2be3a418366a097fbe027ef38d9964f5b1b5705df5f48169be84,MODEL_V1_CV_REFERENCE_V1
cf327dcffb017927412f1eeb14d59420f99a2abed74106e617a2f66b50cec48a,MITDB_P203,203,1775000000,0,20260927,1,17.481420516967773,1.0,35,V2-002-F00-S20260927,a72ac38ce4df2be3a418366a097fbe027ef38d9964f5b1b5705df5f48169be84,MODEL_V1_CV_REFERENCE_V1
cf79ab15136e40e7a2f092719d45b1bae72e059d37a3243d82b47ea1c701cc7e,MITDB_P203,203,785000000,0,20260927,1,16.881059646606445,1.0,35,V2-002-F00-S20260927,a72ac38ce4df2be3a418366a097fbe027ef38d9964f5b1b5705df5f48169be84,MODEL_V1_CV_REFERENCE_V1
cf8207568fd3469aadfeed3935c07adf276915f7b68043f9b0e1d4de3076b438,MITDB_P105,105,1360000000,0,20260927,1,3.2257730960845947,0.9617927074432373,35,V2-002-F00-S20260927,a72ac38ce4df2be3a418366a097fbe027ef38d9964f5b1b5705df5f48169be84,MODEL_V1_CV_REFERENCE_V1
cf84d8189851799e6778ce0059c86203f408faacd95949639cae03e2cbca5b45,MITDB_P203,203,1295000000,0,20260927,1,8.03023910522461,0.9996746778488159,35,V2-002-F00-S20260927,a72ac38ce4df2be3a418366a097fbe027ef38d9964f5b1b5705df5f48169be84,MODEL_V1_CV_REFERENCE_V1
cfa1ed0989506c448d773ac1b120808918d1d5356f1b6e36ba4e330acaa7dc7b,MITDB_P124,124,1030000000,0,20260927,0,5.976283073425293,0.9974682331085205,35,V2-002-F00-S20260927,a72ac38ce4df2be3a418366a097fbe027ef38d9964f5b1b5705df5f48169be84,MODEL_V1_CV_REFERENCE_V1
cfba564932d503e6d9ef6d5821d069645e73714544b54bdaa59272614eb56172,MITDB_P222,222,1560000000,0,20260927,0,18.68396759033203,1.0,35,V2-002-F00-S20260927,a72ac38ce4df2be3a418366a097fbe027ef38d9964f5b1b5705df5f48169be84,MODEL_V1_CV_REFERENCE_V1
cfbe8bb49b8f41ae35203114c89e803a04622437a1e0d6196baf82ef56d93bb8,MITDB_P209,209,1145000000,0,20260927,1,6.326476573944092,0.998214840888977,35,V2-002-F00-S20260927,a72ac38ce4df2be3a418366a097fbe027ef38d9964f5b1b5705df5f48169be84,MODEL_V1_CV_REFERENCE_V1
cfc209805e36308af8fdd4f1ae5badb3cdcd594e61178aea4b02ce634b78b9b8,MITDB_P203,203,100000000,0,20260927,1,17.0659122467041,1.0,35,V2-002-F00-S20260927,a72ac38ce4df2be3a418366a097fbe027ef38d9964f5b1b5705df5f48169be84,MODEL_V1_CV_REFERENCE_V1
cfc88dac2ca3c6cd3f92f3acf8dac526f867386b764dfa547b55dc48015e6fca,MITDB_P105,105,935000000,0,20260927,0,1.5964051485061646,0.831515371799469,35,V2-002-F00-S20260927,a72ac38ce4df2be3a418366a097fbe027ef38d9964f5b1b5705df5f48169be84,MODEL_V1_CV_REFERENCE_V1
cfd67e147c4b2bae0232a6b04fd295c2e40d9a3016c09cfed07a68b411c422c8,MITDB_P209,209,1750000000,0,20260927,1,7.178472518920898,0.9992377758026123,35,V2-002-F00-S20260927,a72ac38ce4df2be3a418366a097fbe027ef38d9964f5b1b5705df5f48169be84,MODEL_V1_CV_REFERENCE_V1
cfeb07f56ae2376345777d5c283bdb32255c7dbcd79bdb5d42256caebf7f42bb,MITDB_P203,203,1310000000,0,20260927,1,9.725006103515625,0.9999402761459351,35,V2-002-F00-S20260927,a72ac38ce4df2be3a418366a097fbe027ef38d9964f5b1b5705df5f48169be84,MODEL_V1_CV_REFERENCE_V1
cfff26a99b20bab54575af960d20fce556d18712d0a00e089b299682717c417b,MITDB_P209,209,310000000,0,20260927,1,10.493371963500977,0.9999722242355347,35,V2-002-F00-S20260927,a72ac38ce4df2be3a418366a097fbe027ef38d9964f5b1b5705df5f48169be84,MODEL_V1_CV_REFERENCE_V1
d0262b622b8d7c4e49ef55f6d03c1e5e10a1452e48dd02a8d131db7ca0036ebc,MITDB_P105,105,210000000,0,20260927,1,3.728379011154175,0.9765322208404541,35,V2-002-F00-S20260927,a72ac38ce4df2be3a418366a097fbe027ef38d9964f5b1b5705df5f48169be84,MODEL_V1_CV_REFERENCE_V1
d02984c6e9fed2b08f417a518b71e4ba16ba253d0f6852b8c5cf9f400f10545f,MITDB_P124,124,405000000,0,20260927,0,7.059619903564453,0.9991415739059448,35,V2-002-F00-S20260927,a72ac38ce4df2be3a418366a097fbe027ef38d9964f5b1b5705df5f48169be84,MODEL_V1_CV_REFERENCE_V1
d02f73572201dc730f74ed1d12e5c6e8fb4a2172827364dc61d46b7391acd3d2,MITDB_P212,212,795000000,0,20260927,0,0.19833806157112122,0.5494226217269897,35,V2-002-F00-S20260927,a72ac38ce4df2be3a418366a097fbe027ef38d9964f5b1b5705df5f48169be84,MODEL_V1_CV_REFERENCE_V1
d045b1acff008eb760a41e0dbb958f4ee6a77aadf11c03d1ca9470864bb4b1c4,MITDB_P105,105,1275000000,0,20260927,1,12.100627899169922,0.9999943971633911,35,V2-002-F00-S20260927,a72ac38ce4df2be3a418366a097fbe027ef38d9964f5b1b5705df5f48169be84,MODEL_V1_CV_REFERENCE_V1
d04b6121cdd96d898e3fa6bb06e8c2fafc9e8f1f707374b34e7aab62f2185922,MITDB_P203,203,1655000000,0,20260927,0,14.682287216186523,0.9999995231628418,35,V2-002-F00-S20260927,a72ac38ce4df2be3a418366a097fbe027ef38d9964f5b1b5705df5f48169be84,MODEL_V1_CV_REFERENCE_V1
d0aa46d2502c9109422e5fb4b3a2fdbe18572631dc96c3e720241581d390b275,MITDB_P203,203,925000000,0,20260927,1,18.03346824645996,1.0,35,V2-002-F00-S20260927,a72ac38ce4df2be3a418366a097fbe027ef38d9964f5b1b5705df5f48169be84,MODEL_V1_CV_REFERENCE_V1
d0af089ac0b1c6d04e0e09bfc7151f3578a424da9a0568d114b05699ec3603a2,MITDB_P203,203,1735000000,0,20260927,1,22.310306549072266,1.0,35,V2-002-F00-S20260927,a72ac38ce4df2be3a418366a097fbe027ef38d9964f5b1b5705df5f48169be84,MODEL_V1_CV_REFERENCE_V1
d0bfc5a6e651b1f367cfd6db71188eec6b4ae31885e49b3a7d01cb1808b37bf7,MITDB_P124,124,585000000,0,20260927,0,4.833919048309326,0.9921074509620667,35,V2-002-F00-S20260927,a72ac38ce4df2be3a418366a097fbe027ef38d9964f5b1b5705df5f48169be84,MODEL_V1_CV_REFERENCE_V1
d0da779840c54942bc749f45f480bade645bfc0abb73c7181fd5981cf054ed61,MITDB_P124,124,25000000,0,20260927,0,6.163577556610107,0.9978996515274048,35,V2-002-F00-S20260927,a72ac38ce4df2be3a418366a097fbe027ef38d9964f5b1b5705df5f48169be84,MODEL_V1_CV_REFERENCE_V1
d0df2b980e034934f237a8f342c735e8e2da2ae1adb4492ed1792910bc152a74,MITDB_P212,212,1730000000,0,20260927,0,-0.45788291096687317,0.3874881863594055,35,V2-002-F00-S20260927,a72ac38ce4df2be3a418366a097fbe027ef38d9964f5b1b5705df5f48169be84,MODEL_V1_CV_REFERENCE_V1
d10636ea307870ad224aec11b766f1c741687bec2ef8fa6072a154cd6aecc5f4,MITDB_P203,203,240000000,0,20260927,1,12.85151195526123,0.9999973773956299,35,V2-002-F00-S20260927,a72ac38ce4df2be3a418366a097fbe027ef38d9964f5b1b5705df5f48169be84,MODEL_V1_CV_REFERENCE_V1
d11bee80192006f69aa68b042698138b992759635ec99eaada06145e3887e357,MITDB_P124,124,975000000,0,20260927,0,5.6726837158203125,0.9965732097625732,35,V2-002-F00-S20260927,a72ac38ce4df2be3a418366a097fbe027ef38d9964f5b1b5705df5f48169be84,MODEL_V1_CV_REFERENCE_V1
d13c161911df8df0101bbeac1c9f7f59ddc5cfe7fac1d2fa8b748b390fe4f40a,MITDB_P212,212,625000000,0,20260927,0,9.84775447845459,0.999947190284729,35,V2-002-F00-S20260927,a72ac38ce4df2be3a418366a097fbe027ef38d9964f5b1b5705df5f48169be84,MODEL_V1_CV_REFERENCE_V1
d1407d72c3e54ee34e198b8dfab66a9edb3df0b7cc053e3c82690c8a2c1872e9,MITDB_P105,105,1585000000,0,20260927,1,1.546757698059082,0.8244449496269226,35,V2-002-F00-S20260927,a72ac38ce4df2be3a418366a097fbe027ef38d9964f5b1b5705df5f48169be84,MODEL_V1_CV_REFERENCE_V1
d166c6c0fa56155d563f58d636beeb37c53457d2ae0b551e602ffa7252d94686,MITDB_P212,212,1500000000,0,20260927,0,3.6801891326904297,0.9754020571708679,35,V2-002-F00-S20260927,a72ac38ce4df2be3a418366a097fbe027ef38d9964f5b1b5705df5f48169be84,MODEL_V1_CV_REFERENCE_V1
d1bcdbcf574b71ce30ed2106bc31ba892fb7bdcce35f22a9c89e410cc1cf6be6,MITDB_P222,222,285000000,0,20260927,0,18.88022804260254,1.0,35,V2-002-F00-S20260927,a72ac38ce4df2be3a418366a097fbe027ef38d9964f5b1b5705df5f48169be84,MODEL_V1_CV_REFERENCE_V1
d1d377b68d814e775a7c8c1b1acb3c691cca246cabaab86e61ebb4ebc4c67962,MITDB_P124,124,1755000000,0,20260927,0,8.914291381835938,0.9998655319213867,35,V2-002-F00-S20260927,a72ac38ce4df2be3a418366a097fbe027ef38d9964f5b1b5705df5f48169be84,MODEL_V1_CV_REFERENCE_V1
d1ffa4316ba44f36f654412529739a24fd08703f819fae4b2aabb130252cc0d3,MITDB_P124,124,1280000000,0,20260927,0,6.217628479003906,0.998009979724884,35,V2-002-F00-S20260927,a72ac38ce4df2be3a418366a097fbe027ef38d9964f5b1b5705df5f48169be84,MODEL_V1_CV_REFERENCE_V1
d22b8d1d5cb598b0efa39111e55f0bcb9ad36480c17aceb4a0f0be3290e4246a,MITDB_P209,209,745000000,0,20260927,1,2.9175312519073486,0.9487062692642212,35,V2-002-F00-S20260927,a72ac38ce4df2be3a418366a097fbe027ef38d9964f5b1b5705df5f48169be84,MODEL_V1_CV_REFERENCE_V1
d24bf3e5b6871845f213a144465dbd8d1aa04b0e0748bc94409ce2f832562581,MITDB_P222,222,485000000,0,20260927,0,23.16527557373047,1.0,35,V2-002-F00-S20260927,a72ac38ce4df2be3a418366a097fbe027ef38d9964f5b1b5705df5f48169be84,MODEL_V1_CV_REFERENCE_V1
d2576373c67777ea9666a65ede38adea745062d41e760d8eba1bdcc03917a2f3,MITDB_P105,105,1475000000,0,20260927,0,0.4904748201370239,0.6202182769775391,35,V2-002-F00-S20260927,a72ac38ce4df2be3a418366a097fbe027ef38d9964f5b1b5705df5f48169be84,MODEL_V1_CV_REFERENCE_V1
d2a1f3b77f6ee9f9c97ddb69745c9f65c3331f03b939b2b81e0bdae03ac77172,MITDB_P105,105,515000000,0,20260927,0,2.156362533569336,0.8962618112564087,35,V2-002-F00-S20260927,a72ac38ce4df2be3a418366a097fbe027ef38d9964f5b1b5705df5f48169be84,MODEL_V1_CV_REFERENCE_V1
d2aa8e8b496ed2db09e8a259fd2b9847ebf3cf7f48a75d122be49126d0ac192b,MITDB_P105,105,1490000000,0,20260927,0,1.3104443550109863,0.7875875234603882,35,V2-002-F00-S20260927,a72ac38ce4df2be3a418366a097fbe027ef38d9964f5b1b5705df5f48169be84,MODEL_V1_CV_REFERENCE_V1
d2b4b969edabcdce562d391620ed5d5d57f9d0e6b994977b39a620c25b6eb47e,MITDB_P209,209,1490000000,0,20260927,0,7.66582727432251,0.999531626701355,35,V2-002-F00-S20260927,a72ac38ce4df2be3a418366a097fbe027ef38d9964f5b1b5705df5f48169be84,MODEL_V1_CV_REFERENCE_V1
d2cbe1153de2e9873e6fe0e779549fb7d55eb5777ee4260eac6565cdf43be3b5,MITDB_P209,209,1500000000,0,20260927,0,6.7132439613342285,0.9987867474555969,35,V2-002-F00-S20260927,a72ac38ce4df2be3a418366a097fbe027ef38d9964f5b1b5705df5f48169be84,MODEL_V1_CV_REFERENCE_V1
d2d01dd282b6cae411261bce08b3abd7286c9a604c3ecc8cf076219097ab18bc,MITDB_P203,203,1685000000,0,20260927,1,20.4354190826416,1.0,35,V2-002-F00-S20260927,a72ac38ce4df2be3a418366a097fbe027ef38d9964f5b1b5705df5f48169be84,MODEL_V1_CV_REFERENCE_V1
d3037f58ce50c18081adfe2c11051712ff5300b4cc8b48a746dcb4929e18b97c,MITDB_P209,209,1135000000,0,20260927,0,10.489293098449707,0.9999722242355347,35,V2-002-F00-S20260927,a72ac38ce4df2be3a418366a097fbe027ef38d9964f5b1b5705df5f48169be84,MODEL_V1_CV_REFERENCE_V1
d31f8164d5d873b325e5052550f42dc2f5d1d2a93950e295c3d6221e6f7c4715,MITDB_P203,203,455000000,0,20260927,1,14.44728946685791,0.9999995231628418,35,V2-002-F00-S20260927,a72ac38ce4df2be3a418366a097fbe027ef38d9964f5b1b5705df5f48169be84,MODEL_V1_CV_REFERENCE_V1
d31f9af5bd373351fe42726b6c2db878ab7359c867601030706255100d29e4c2,MITDB_P209,209,1185000000,0,20260927,1,7.145313262939453,0.9992120265960693,35,V2-002-F00-S20260927,a72ac38ce4df2be3a418366a097fbe027ef38d9964f5b1b5705df5f48169be84,MODEL_V1_CV_REFERENCE_V1
d3218b6d5f46dcfaf41d782c74dcc3d050a8e308406a628b9dd19f38be423981,MITDB_P124,124,20000000,0,20260927,0,7.190245628356934,0.9992467164993286,35,V2-002-F00-S20260927,a72ac38ce4df2be3a418366a097fbe027ef38d9964f5b1b5705df5f48169be84,MODEL_V1_CV_REFERENCE_V1
d32d18ebf46aac5adfe9be13a41ac97955a6769f6e25eb1ddc36acf99c1042f8,MITDB_P209,209,1070000000,0,20260927,0,7.637231826782227,0.9995180368423462,35,V2-002-F00-S20260927,a72ac38ce4df2be3a418366a097fbe027ef38d9964f5b1b5705df5f48169be84,MODEL_V1_CV_REFERENCE_V1
d34a401c2309bec02e2218e86333951ceb2f53310763b9860ce9915ac2809a68,MITDB_P209,209,1450000000,0,20260927,0,7.085737228393555,0.9991637468338013,35,V2-002-F00-S20260927,a72ac38ce4df2be3a418366a097fbe027ef38d9964f5b1b5705df5f48169be84,MODEL_V1_CV_REFERENCE_V1
d358dd4f3387ca5c87ec42812259b6db2662f186156baf8d353ff9090942e136,MITDB_P209,209,165000000,0,20260927,1,12.367032051086426,0.9999957084655762,35,V2-002-F00-S20260927,a72ac38ce4df2be3a418366a097fbe027ef38d9964f5b1b5705df5f48169be84,MODEL_V1_CV_REFERENCE_V1
d37b631efa676d2d729eec88662c310786ce7104c6fcd6e46c7130c1e6e55ebf,MITDB_P203,203,30000000,0,20260927,0,7.327418327331543,0.9993430972099304,35,V2-002-F00-S20260927,a72ac38ce4df2be3a418366a097fbe027ef38d9964f5b1b5705df5f48169be84,MODEL_V1_CV_REFERENCE_V1
d3e97ac283cbbdaffb12c6f4b26c8fa8d659b3adf6b412895e364f8160e32c3b,MITDB_P105,105,1630000000,0,20260927,0,4.048653602600098,0.982853353023529,35,V2-002-F00-S20260927,a72ac38ce4df2be3a418366a097fbe027ef38d9964f5b1b5705df5f48169be84,MODEL_V1_CV_REFERENCE_V1
d4145ab7a5db2f58c3f13a22cffd898af64eb7da317a85ffebac37a97a014a9b,MITDB_P105,105,1805000000,0,20260927,0,0.6117228865623474,0.6483336687088013,35,V2-002-F00-S20260927,a72ac38ce4df2be3a418366a097fbe027ef38d9964f5b1b5705df5f48169be84,MODEL_V1_CV_REFERENCE_V1
d422fde19007067469b23dc4134611fd04640397f4e024587b1eac53ad151eac,MITDB_P209,209,1405000000,0,20260927,1,12.451128959655762,0.9999960660934448,35,V2-002-F00-S20260927,a72ac38ce4df2be3a418366a097fbe027ef38d9964f5b1b5705df5f48169be84,MODEL_V1_CV_REFERENCE_V1
d45c9432b9f6e8e7a6748c33fa36703a0e9bacf7d0718ace0841d74a92e1d6ee,MITDB_P124,124,745000000,0,20260927,0,6.287292957305908,0.9981436729431152,35,V2-002-F00-S20260927,a72ac38ce4df2be3a418366a097fbe027ef38d9964f5b1b5705df5f48169be84,MODEL_V1_CV_REFERENCE_V1
d4ea0543f47af9378cf0f7123e18c56c5fe79de6386342dc2479b472ba6511e0,MITDB_P209,209,790000000,0,20260927,1,16.553281784057617,0.9999998807907104,35,V2-002-F00-S20260927,a72ac38ce4df2be3a418366a097fbe027ef38d9964f5b1b5705df5f48169be84,MODEL_V1_CV_REFERENCE_V1
d4ecf4013d2a9de10bf3b44b08b1ec5e3d928cca68469866badd90f10da6297a,MITDB_P212,212,110000000,0,20260927,0,5.580382347106934,0.9962431192398071,35,V2-002-F00-S20260927,a72ac38ce4df2be3a418366a097fbe027ef38d9964f5b1b5705df5f48169be84,MODEL_V1_CV_REFERENCE_V1
d50ae4048e04932051ba47c7a7c672d8a37fc585b939be69bdef630f070c0675,MITDB_P105,105,500000000,0,20260927,0,2.345876693725586,0.9126059412956238,35,V2-002-F00-S20260927,a72ac38ce4df2be3a418366a097fbe027ef38d9964f5b1b5705df5f48169be84,MODEL_V1_CV_REFERENCE_V1
d52fd555fc57d7a30766554a1265e99f21eb83aec6f78df0fb382ea96b0d112d,MITDB_P105,105,1520000000,0,20260927,0,0.7952245473861694,0.6889520287513733,35,V2-002-F00-S20260927,a72ac38ce4df2be3a418366a097fbe027ef38d9964f5b1b5705df5f48169be84,MODEL_V1_CV_REFERENCE_V1
d53efd9971d6b8b8cdc7feb6b2fb6b8980b9ab31df44819c52ef030f18da0940,MITDB_P105,105,455000000,0,20260927,1,0.838271975517273,0.6981011033058167,35,V2-002-F00-S20260927,a72ac38ce4df2be3a418366a097fbe027ef38d9964f5b1b5705df5f48169be84,MODEL_V1_CV_REFERENCE_V1
d587075f81b8a1c8ffd1f389e0003838e572a79bbb6413b3d99bafd1d5e4d48b,MITDB_P203,203,1260000000,0,20260927,1,12.24653434753418,0.999995231628418,35,V2-002-F00-S20260927,a72ac38ce4df2be3a418366a097fbe027ef38d9964f5b1b5705df5f48169be84,MODEL_V1_CV_REFERENCE_V1
d59a0967d2ff8b3931badd79b9df0791c8bb842f193579385771c5b0c0fcd609,MITDB_P212,212,250000000,0,20260927,0,15.412322998046875,0.9999997615814209,35,V2-002-F00-S20260927,a72ac38ce4df2be3a418366a097fbe027ef38d9964f5b1b5705df5f48169be84,MODEL_V1_CV_REFERENCE_V1
d59c96b03c602e2b12f29288bfd22c989d1c20d87fc0193862e11ceed75d8507,MITDB_P209,209,205000000,0,20260927,0,11.079557418823242,0.999984622001648,35,V2-002-F00-S20260927,a72ac38ce4df2be3a418366a097fbe027ef38d9964f5b1b5705df5f48169be84,MODEL_V1_CV_REFERENCE_V1
d5bdc65e02b41b638d0936395ad352b505f8cb6d102be5b47fb8fc76118b3109,MITDB_P209,209,1355000000,0,20260927,0,8.847005844116211,0.9998562335968018,35,V2-002-F00-S20260927,a72ac38ce4df2be3a418366a097fbe027ef38d9964f5b1b5705df5f48169be84,MODEL_V1_CV_REFERENCE_V1
d5cae65ef993d727a23352611e4b604710424ec51ae1d2109e3ddeb2be14e78e,MITDB_P124,124,820000000,0,20260927,0,5.538113594055176,0.996081531047821,35,V2-002-F00-S20260927,a72ac38ce4df2be3a418366a097fbe027ef38d9964f5b1b5705df5f48169be84,MODEL_V1_CV_REFERENCE_V1
d5d1bd8b0e49281f3cf047a0a82a86285bd54621bdd5315d70afe021774e23a8,MITDB_P209,209,1315000000,0,20260927,0,5.5342631340026855,0.9960663914680481,35,V2-002-F00-S20260927,a72ac38ce4df2be3a418366a097fbe027ef38d9964f5b1b5705df5f48169be84,MODEL_V1_CV_REFERENCE_V1
d63fda57a655fc1bad4d1c310da0b11451052bbd82c4c85d12664e3430f2b046,MITDB_P212,212,1220000000,0,20260927,0,12.649334907531738,0.9999967813491821,35,V2-002-F00-S20260927,a72ac38ce4df2be3a418366a097fbe027ef38d9964f5b1b5705df5f48169be84,MODEL_V1_CV_REFERENCE_V1
d6491f78cccea44e34172d520fbbfc8d8d568941606d089b0bb60d11d664c506,MITDB_P209,209,1780000000,0,20260927,1,4.604264259338379,0.9900901317596436,35,V2-002-F00-S20260927,a72ac38ce4df2be3a418366a097fbe027ef38d9964f5b1b5705df5f48169be84,MODEL_V1_CV_REFERENCE_V1
d67c049bf3cdcb56a4420b3eb7781a9497db315a7238243ab148319f9084981e,MITDB_P203,203,245000000,0,20260927,0,11.393574714660645,0.9999886751174927,35,V2-002-F00-S20260927,a72ac38ce4df2be3a418366a097fbe027ef38d9964f5b1b5705df5f48169be84,MODEL_V1_CV_REFERENCE_V1
d67ce42e19bbf8bcfa9ffff0e24c86e50aeb2b94ad2a9618fd95b463e5337e77,MITDB_P212,212,1065000000,0,20260927,0,15.827070236206055,0.9999998807907104,35,V2-002-F00-S20260927,a72ac38ce4df2be3a418366a097fbe027ef38d9964f5b1b5705df5f48169be84,MODEL_V1_CV_REFERENCE_V1
d68c046221acdfe30c129c42ac1779d10ea1371fe891edb10cdd003acafb9af7,MITDB_P124,124,230000000,0,20260927,0,6.3616943359375,0.9982765913009644,35,V2-002-F00-S20260927,a72ac38ce4df2be3a418366a097fbe027ef38d9964f5b1b5705df5f48169be84,MODEL_V1_CV_REFERENCE_V1
d697af01c63159cd52191b0a66dc8902a606d5aa23ed9b943c3baa0f6ebc657e,MITDB_P203,203,530000000,0,20260927,1,18.36696434020996,1.0,35,V2-002-F00-S20260927,a72ac38ce4df2be3a418366a097fbe027ef38d9964f5b1b5705df5f48169be84,MODEL_V1_CV_REFERENCE_V1
d6980be4e2c3f464bc5a8ca14a0003c053b037566cd4b78907b952158a50edcb,MITDB_P209,209,460000000,0,20260927,0,6.287443161010742,0.9981439113616943,35,V2-002-F00-S20260927,a72ac38ce4df2be3a418366a097fbe027ef38d9964f5b1b5705df5f48169be84,MODEL_V1_CV_REFERENCE_V1
d6b9bee03458e1027a7e31accea7b38bd1cbb1565d6ec5be6e0e7d3fc28f6431,MITDB_P124,124,1370000000,0,20260927,0,7.946842193603516,0.9996463060379028,35,V2-002-F00-S20260927,a72ac38ce4df2be3a418366a097fbe027ef38d9964f5b1b5705df5f48169be84,MODEL_V1_CV_REFERENCE_V1
d6b9d43e68c1cc62efa765018d2b9cce9eab60ef56644f4b82cf21da6dc64a45,MITDB_P222,222,20000000,0,20260927,0,8.846460342407227,0.9998561143875122,35,V2-002-F00-S20260927,a72ac38ce4df2be3a418366a097fbe027ef38d9964f5b1b5705df5f48169be84,MODEL_V1_CV_REFERENCE_V1
d6d54a6e403bea046e232d7132a0c0d4a32e805cdef7bc1f6dd9d56024ecb001,MITDB_P124,124,1670000000,0,20260927,1,5.615176200866699,0.9963710308074951,35,V2-002-F00-S20260927,a72ac38ce4df2be3a418366a097fbe027ef38d9964f5b1b5705df5f48169be84,MODEL_V1_CV_REFERENCE_V1
d6ea1e74f36c3915cafda4091654ed18a29ce8f004db8784f897304b8ab58497,MITDB_P124,124,240000000,0,20260927,0,6.859332084655762,0.9989514350891113,35,V2-002-F00-S20260927,a72ac38ce4df2be3a418366a097fbe027ef38d9964f5b1b5705df5f48169be84,MODEL_V1_CV_REFERENCE_V1
d742316dddd2c828c4b7cf623dcc523e1fe0d336fd31e6e8d24d4d740a718420,MITDB_P124,124,1430000000,0,20260927,0,7.431203842163086,0.9994078874588013,35,V2-002-F00-S20260927,a72ac38ce4df2be3a418366a097fbe027ef38d9964f5b1b5705df5f48169be84,MODEL_V1_CV_REFERENCE_V1
d75c485f71188ed7a569bd1ff461c63eaee91ce3a582ccdb0f078830b0b6dfdc,MITDB_P203,203,895000000,0,20260927,1,18.39100456237793,1.0,35,V2-002-F00-S20260927,a72ac38ce4df2be3a418366a097fbe027ef38d9964f5b1b5705df5f48169be84,MODEL_V1_CV_REFERENCE_V1
d78bb0593d94ce9651e0a201dddf58eb85c442719f3e1dd2f55f8a3a00c7f3dd,MITDB_P124,124,860000000,0,20260927,0,6.408023357391357,0.998354434967041,35,V2-002-F00-S20260927,a72ac38ce4df2be3a418366a097fbe027ef38d9964f5b1b5705df5f48169be84,MODEL_V1_CV_REFERENCE_V1
d7bbea64d7d161a982f27605a35bf4836101cb72bce38fd5743030ec5be90295,MITDB_P124,124,960000000,0,20260927,0,5.036271572113037,0.9935439825057983,35,V2-002-F00-S20260927,a72ac38ce4df2be3a418366a097fbe027ef38d9964f5b1b5705df5f48169be84,MODEL_V1_CV_REFERENCE_V1
d7e37ea6109e8ba7d24ca4caa58513de774471ca3f9a8c3fb4f189eef678b527,MITDB_P222,222,660000000,0,20260927,0,18.507349014282227,1.0,35,V2-002-F00-S20260927,a72ac38ce4df2be3a418366a097fbe027ef38d9964f5b1b5705df5f48169be84,MODEL_V1_CV_REFERENCE_V1
d7e8afeeb4b9773415a77c960fd67d480024f07b9f126e5c2f3a4c189463b3a5,MITDB_P203,203,1600000000,0,20260927,1,19.621139526367188,1.0,35,V2-002-F00-S20260927,a72ac38ce4df2be3a418366a097fbe027ef38d9964f5b1b5705df5f48169be84,MODEL_V1_CV_REFERENCE_V1
d8302f6e0bb05f6e06694f9e41bf7b5a6d800a36dac7a3f83f02d92ad0857ee7,MITDB_P212,212,990000000,0,20260927,0,-0.06310653686523438,0.48422861099243164,35,V2-002-F00-S20260927,a72ac38ce4df2be3a418366a097fbe027ef38d9964f5b1b5705df5f48169be84,MODEL_V1_CV_REFERENCE_V1
d83579317512a82955c22fa52c894dd6d91ec8277a1fc6f72e0e0c656f7809ed,MITDB_P124,124,1550000000,0,20260927,0,8.435203552246094,0.9997829794883728,35,V2-002-F00-S20260927,a72ac38ce4df2be3a418366a097fbe027ef38d9964f5b1b5705df5f48169be84,MODEL_V1_CV_REFERENCE_V1
d856b0253e22e424a8feb45bb4d111be9bdd7bbe4d2d9ccc24c39950d4416a29,MITDB_P203,203,1175000000,0,20260927,1,10.981012344360352,0.9999829530715942,35,V2-002-F00-S20260927,a72ac38ce4df2be3a418366a097fbe027ef38d9964f5b1b5705df5f48169be84,MODEL_V1_CV_REFERENCE_V1
d893d0369d24a78d00580c471dde14baa1706c3783455e41ba143a9f2f943edb,MITDB_P105,105,290000000,0,20260927,1,3.302137851715088,0.9645020365715027,35,V2-002-F00-S20260927,a72ac38ce4df2be3a418366a097fbe027ef38d9964f5b1b5705df5f48169be84,MODEL_V1_CV_REFERENCE_V1
d8c9c301f7862da08dc2c42e8c26fe187c6a73e706239c05765911a79bfc2425,MITDB_P212,212,1210000000,0,20260927,0,15.502756118774414,0.9999997615814209,35,V2-002-F00-S20260927,a72ac38ce4df2be3a418366a097fbe027ef38d9964f5b1b5705df5f48169be84,MODEL_V1_CV_REFERENCE_V1
d94317bdf75bdedcf506249a8c6d18a803b75d2bec363f96f80e6ef9746075b0,MITDB_P105,105,895000000,0,20260927,0,-0.13498395681381226,0.4663051664829254,35,V2-002-F00-S20260927,a72ac38ce4df2be3a418366a097fbe027ef38d9964f5b1b5705df5f48169be84,MODEL_V1_CV_REFERENCE_V1
d9539409db9e6d233ce6ac8829aa1315d436ecece5d9407dc1c1dce7655eb5ba,MITDB_P203,203,570000000,0,20260927,1,11.416439056396484,0.9999890327453613,35,V2-002-F00-S20260927,a72ac38ce4df2be3a418366a097fbe027ef38d9964f5b1b5705df5f48169be84,MODEL_V1_CV_REFERENCE_V1
d9559deb994cff8375793459801e4457fc83704fd92bd59950e6d85fc9860065,MITDB_P124,124,65000000,0,20260927,0,7.099933624267578,0.999175488948822,35,V2-002-F00-S20260927,a72ac38ce4df2be3a418366a097fbe027ef38d9964f5b1b5705df5f48169be84,MODEL_V1_CV_REFERENCE_V1
d968a332511a12e64f51d5bce0d8f2e24a2668919de44f06ee64d0a6492327bd,MITDB_P105,105,1200000000,0,20260927,0,5.362990856170654,0.995335042476654,35,V2-002-F00-S20260927,a72ac38ce4df2be3a418366a097fbe027ef38d9964f5b1b5705df5f48169be84,MODEL_V1_CV_REFERENCE_V1
d9f46df2d915008c103dd0a0fa4bdb0838595ff008d3934d2d80e8abada2d81d,MITDB_P203,203,715000000,0,20260927,1,21.235633850097656,1.0,35,V2-002-F00-S20260927,a72ac38ce4df2be3a418366a097fbe027ef38d9964f5b1b5705df5f48169be84,MODEL_V1_CV_REFERENCE_V1
d9f5763341385bef6cdbfb6469d7c09e7db74ef650627b40d230bd120e85b86f,MITDB_P203,203,1300000000,0,20260927,1,4.8093953132629395,0.9919130802154541,35,V2-002-F00-S20260927,a72ac38ce4df2be3a418366a097fbe027ef38d9964f5b1b5705df5f48169be84,MODEL_V1_CV_REFERENCE_V1
da0026da979689ee2e72a1eb0080af60cb6b623acad6d69d4e4c0b18e07a5e0f,MITDB_P209,209,1080000000,0,20260927,1,10.858024597167969,0.9999808073043823,35,V2-002-F00-S20260927,a72ac38ce4df2be3a418366a097fbe027ef38d9964f5b1b5705df5f48169be84,MODEL_V1_CV_REFERENCE_V1
da00569dce458cf0bfac944c2eb402bb0675d6aecfc4992dd615f1e1a5d06fd0,MITDB_P222,222,705000000,0,20260927,1,12.882043838500977,0.9999974966049194,35,V2-002-F00-S20260927,a72ac38ce4df2be3a418366a097fbe027ef38d9964f5b1b5705df5f48169be84,MODEL_V1_CV_REFERENCE_V1
da2080ed67aca7ac9ae5b14cb079b92387db369e14827ea14be8b75308f572c1,MITDB_P203,203,1570000000,0,20260927,1,12.379268646240234,0.9999958276748657,35,V2-002-F00-S20260927,a72ac38ce4df2be3a418366a097fbe027ef38d9964f5b1b5705df5f48169be84,MODEL_V1_CV_REFERENCE_V1
da8aab93f99b3bd336e072dfe310c265be943016b40e4d2eb328027e5b396857,MITDB_P222,222,495000000,0,20260927,0,21.698930740356445,1.0,35,V2-002-F00-S20260927,a72ac38ce4df2be3a418366a097fbe027ef38d9964f5b1b5705df5f48169be84,MODEL_V1_CV_REFERENCE_V1
da93dd20ff78a0308b4e766e3339231560fd4439e581a6b4cba6105f0b800a2b,MITDB_P124,124,460000000,0,20260927,0,5.867225646972656,0.997177243232727,35,V2-002-F00-S20260927,a72ac38ce4df2be3a418366a097fbe027ef38d9964f5b1b5705df5f48169be84,MODEL_V1_CV_REFERENCE_V1
daabecf1c87ea66e7d757f1f82db2c30da76769de011f8b49adeee78021fc3b7,MITDB_P124,124,175000000,0,20260927,0,6.795568466186523,0.9988824725151062,35,V2-002-F00-S20260927,a72ac38ce4df2be3a418366a097fbe027ef38d9964f5b1b5705df5f48169be84,MODEL_V1_CV_REFERENCE_V1
dac8e3a4c44d822734630be1719cd8a1e48b14e5049c40a48dda89f34bc24933,MITDB_P212,212,1450000000,0,20260927,0,13.81685733795166,0.9999990463256836,35,V2-002-F00-S20260927,a72ac38ce4df2be3a418366a097fbe027ef38d9964f5b1b5705df5f48169be84,MODEL_V1_CV_REFERENCE_V1
daddf5520cf42c9dfc3ac654fa06fe39cadfa192fe34fff3635906265c8ca7d8,MITDB_P124,124,540000000,0,20260927,0,7.62107515335083,0.9995101690292358,35,V2-002-F00-S20260927,a72ac38ce4df2be3a418366a097fbe027ef38d9964f5b1b5705df5f48169be84,MODEL_V1_CV_REFERENCE_V1
daedae7c16a63d50f46330a65d91c308272c929d2a514d512b317c47d4db81aa,MITDB_P203,203,445000000,0,20260927,1,15.624002456665039,0.9999998807907104,35,V2-002-F00-S20260927,a72ac38ce4df2be3a418366a097fbe027ef38d9964f5b1b5705df5f48169be84,MODEL_V1_CV_REFERENCE_V1
daf592563c8af20c0f19bdf9163d078bbb867555b9ed8ccfcd2097c6cb898c81,MITDB_P212,212,825000000,0,20260927,0,16.750213623046875,1.0,35,V2-002-F00-S20260927,a72ac38ce4df2be3a418366a097fbe027ef38d9964f5b1b5705df5f48169be84,MODEL_V1_CV_REFERENCE_V1
dafff53f9f0c62322946bdd088fd82ee2d5e1bd9076879655ddc1139ab433c2e,MITDB_P209,209,1390000000,0,20260927,0,5.28974723815918,0.9949823021888733,35,V2-002-F00-S20260927,a72ac38ce4df2be3a418366a097fbe027ef38d9964f5b1b5705df5f48169be84,MODEL_V1_CV_REFERENCE_V1
db04cc8e2ac8fd67231cb9bdcae6dc4e15b7a8ef1dc8d9541d8d2e21d1e6d313,MITDB_P209,209,120000000,0,20260927,1,8.980376243591309,0.9998741149902344,35,V2-002-F00-S20260927,a72ac38ce4df2be3a418366a097fbe027ef38d9964f5b1b5705df5f48169be84,MODEL_V1_CV_REFERENCE_V1
db0aef197916a3ad12533cf5f7d9d9ee012a00bbf006aece826cfd48cc8e1dcd,MITDB_P105,105,1210000000,0,20260927,1,8.021881103515625,0.9996719360351562,35,V2-002-F00-S20260927,a72ac38ce4df2be3a418366a097fbe027ef38d9964f5b1b5705df5f48169be84,MODEL_V1_CV_REFERENCE_V1
db14881fea807532bbccdd269e3e8ccce3d3884827d11c2dfc2ff3b68b47f9b9,MITDB_P124,124,1585000000,0,20260927,0,7.400971412658691,0.9993896484375,35,V2-002-F00-S20260927,a72ac38ce4df2be3a418366a097fbe027ef38d9964f5b1b5705df5f48169be84,MODEL_V1_CV_REFERENCE_V1
db40b3a8257f0b49423b8e8ff0db74cf51b7da10379e7a82c00dc9a0f10c8196,MITDB_P124,124,725000000,0,20260927,0,6.346557140350342,0.9982503056526184,35,V2-002-F00-S20260927,a72ac38ce4df2be3a418366a097fbe027ef38d9964f5b1b5705df5f48169be84,MODEL_V1_CV_REFERENCE_V1
db489d446431c94b0c8798ccfd9cb9366597d46d90d14cedc624cfdaaa30f1c4,MITDB_P105,105,1175000000,0,20260927,0,-0.6483264565467834,0.3433667719364166,35,V2-002-F00-S20260927,a72ac38ce4df2be3a418366a097fbe027ef38d9964f5b1b5705df5f48169be84,MODEL_V1_CV_REFERENCE_V1
dbb2c5106304ec3684803a9026aa454613443c56e211254f843b588079e33574,MITDB_P209,209,1250000000,0,20260927,0,7.45002555847168,0.9994189739227295,35,V2-002-F00-S20260927,a72ac38ce4df2be3a418366a097fbe027ef38d9964f5b1b5705df5f48169be84,MODEL_V1_CV_REFERENCE_V1
dbb797f4a5cb38c6bfa076d0bd3ceee6c3b2d32c67e509f7454f78cb186c5403,MITDB_P212,212,1120000000,0,20260927,0,-0.11847221851348877,0.4704165458679199,35,V2-002-F00-S20260927,a72ac38ce4df2be3a418366a097fbe027ef38d9964f5b1b5705df5f48169be84,MODEL_V1_CV_REFERENCE_V1
dbc5ed00c34aeeb14ce79c160fff4117c183a673bd52030163d2ee5ba38113e8,MITDB_P105,105,1690000000,0,20260927,0,24.129478454589844,1.0,35,V2-002-F00-S20260927,a72ac38ce4df2be3a418366a097fbe027ef38d9964f5b1b5705df5f48169be84,MODEL_V1_CV_REFERENCE_V1
dbca6378a5c265ffb30913e4e6b66c7482423ab6a4236ec12277200fb7688b8f,MITDB_P222,222,965000000,0,20260927,1,13.294093132019043,0.9999983310699463,35,V2-002-F00-S20260927,a72ac38ce4df2be3a418366a097fbe027ef38d9964f5b1b5705df5f48169be84,MODEL_V1_CV_REFERENCE_V1
dbea3c28d1dee772b85cc0a5f01a2102f54605cb518e80a3c89009145251c197,MITDB_P203,203,1805000000,0,20260927,0,11.89960765838623,0.9999932050704956,35,V2-002-F00-S20260927,a72ac38ce4df2be3a418366a097fbe027ef38d9964f5b1b5705df5f48169be84,MODEL_V1_CV_REFERENCE_V1
dc5f8e1bde66604586e39613419a5cfdb1d3f016a7e0f16de3a34d54fc845628,MITDB_P212,212,405000000,0,20260927,0,9.711908340454102,0.9999394416809082,35,V2-002-F00-S20260927,a72ac38ce4df2be3a418366a097fbe027ef38d9964f5b1b5705df5f48169be84,MODEL_V1_CV_REFERENCE_V1
dcad39f7670bf6657edaaa11fa7407bc8c1056c5aaa501e33a74b18531b61cd3,MITDB_P203,203,1705000000,0,20260927,1,28.199928283691406,1.0,35,V2-002-F00-S20260927,a72ac38ce4df2be3a418366a097fbe027ef38d9964f5b1b5705df5f48169be84,MODEL_V1_CV_REFERENCE_V1
dcb43f423b4118172160a1ffc70d532d6552f2eab24a53e74d2bfbd956f0585b,MITDB_P209,209,1385000000,0,20260927,0,6.115952968597412,0.9977974891662598,35,V2-002-F00-S20260927,a72ac38ce4df2be3a418366a097fbe027ef38d9964f5b1b5705df5f48169be84,MODEL_V1_CV_REFERENCE_V1
dcd461fc64ab70854fc4462ebfa5731c2dfd05b430f7ba4237997d2d5a2317a5,MITDB_P124,124,830000000,0,20260927,1,6.890518665313721,0.9989836812019348,35,V2-002-F00-S20260927,a72ac38ce4df2be3a418366a097fbe027ef38d9964f5b1b5705df5f48169be84,MODEL_V1_CV_REFERENCE_V1
dcd84fe4913067cb2cea964885b88d1f33f3fd7c76fcb9c165d5cb9632e761aa,MITDB_P105,105,485000000,0,20260927,1,3.9987480640411377,0.981991708278656,35,V2-002-F00-S20260927,a72ac38ce4df2be3a418366a097fbe027ef38d9964f5b1b5705df5f48169be84,MODEL_V1_CV_REFERENCE_V1
dce6ad091e7f80f553e55e669f473bc6d3108af465e71accaf9a3e75d73c4671,MITDB_P222,222,850000000,0,20260927,1,7.693692207336426,0.9995444416999817,35,V2-002-F00-S20260927,a72ac38ce4df2be3a418366a097fbe027ef38d9964f5b1b5705df5f48169be84,MODEL_V1_CV_REFERENCE_V1
dce8e94e50013829126fb729f99319517d1f8adf8451910029ab2e4c4863c193,MITDB_P212,212,790000000,0,20260927,0,0.029089124873280525,0.5072717666625977,35,V2-002-F00-S20260927,a72ac38ce4df2be3a418366a097fbe027ef38d9964f5b1b5705df5f48169be84,MODEL_V1_CV_REFERENCE_V1
dcf8f1b8685055d53dde7a756c00330e24f135580976c25bf139e9fc429fed4c,MITDB_P209,209,1610000000,0,20260927,1,6.327885150909424,0.9982174038887024,35,V2-002-F00-S20260927,a72ac38ce4df2be3a418366a097fbe027ef38d9964f5b1b5705df5f48169be84,MODEL_V1_CV_REFERENCE_V1
dd1d7217bef6d5a191ddc52ee722dfcf16f5e7006f44a4619c4803b395a4b751,MITDB_P222,222,1585000000,0,20260927,0,19.036115646362305,1.0,35,V2-002-F00-S20260927,a72ac38ce4df2be3a418366a097fbe027ef38d9964f5b1b5705df5f48169be84,MODEL_V1_CV_REFERENCE_V1
dd2b85dfaaec42e040bc3203176ad6b7319a0b16d1caa6f0cfd0b4eb6c8f83cf,MITDB_P209,209,1570000000,0,20260927,0,5.5858259201049805,0.996263325214386,35,V2-002-F00-S20260927,a72ac38ce4df2be3a418366a097fbe027ef38d9964f5b1b5705df5f48169be84,MODEL_V1_CV_REFERENCE_V1
dd6333697f259e96fb4ae97082932fd07b86754125c4273e5084c78385c54d3b,MITDB_P212,212,1185000000,0,20260927,0,18.6412353515625,1.0,35,V2-002-F00-S20260927,a72ac38ce4df2be3a418366a097fbe027ef38d9964f5b1b5705df5f48169be84,MODEL_V1_CV_REFERENCE_V1
dd66ca58c2bd63758dcc35f2ad425fdde6edffd84860517b80369264017fef5a,MITDB_P212,212,905000000,0,20260927,0,14.170445442199707,0.9999992847442627,35,V2-002-F00-S20260927,a72ac38ce4df2be3a418366a097fbe027ef38d9964f5b1b5705df5f48169be84,MODEL_V1_CV_REFERENCE_V1
dd7e3fb41cd617c30705f6a874d68db71a4fc97f0c355da7009ffc5d6e9fce95,MITDB_P203,203,595000000,0,20260927,1,19.930315017700195,1.0,35,V2-002-F00-S20260927,a72ac38ce4df2be3a418366a097fbe027ef38d9964f5b1b5705df5f48169be84,MODEL_V1_CV_REFERENCE_V1
dd9f71fd09c6cf16da9e122205834ee01562e4f85eb287f477c2e0f4cc717d67,MITDB_P203,203,440000000,0,20260927,1,12.405614852905273,0.9999959468841553,35,V2-002-F00-S20260927,a72ac38ce4df2be3a418366a097fbe027ef38d9964f5b1b5705df5f48169be84,MODEL_V1_CV_REFERENCE_V1
ddc13ab6e6bd5a3397d023f1509706c24b4e6bd3ffff92fb6099b83a7a8c7863,MITDB_P105,105,1615000000,0,20260927,1,1.1650508642196655,0.762249231338501,35,V2-002-F00-S20260927,a72ac38ce4df2be3a418366a097fbe027ef38d9964f5b1b5705df5f48169be84,MODEL_V1_CV_REFERENCE_V1
dde891ef4f6b4e54451662df8d9c97d2aeef98c29eb7b4749913d90f2da22af0,MITDB_P105,105,870000000,0,20260927,1,1.3726704120635986,0.7978112697601318,35,V2-002-F00-S20260927,a72ac38ce4df2be3a418366a097fbe027ef38d9964f5b1b5705df5f48169be84,MODEL_V1_CV_REFERENCE_V1
ddf6e7c46684107f313f01431f5536227a5d2aa2e9bc2a60d0c43046f1693438,MITDB_P212,212,925000000,0,20260927,0,11.97812271118164,0.9999936819076538,35,V2-002-F00-S20260927,a72ac38ce4df2be3a418366a097fbe027ef38d9964f5b1b5705df5f48169be84,MODEL_V1_CV_REFERENCE_V1
ddf826b22d34ee3f276e5d28f97e4fc90d093a03bd27bd3bbd40a4e661eb6de2,MITDB_P209,209,395000000,0,20260927,1,8.21761703491211,0.9997301697731018,35,V2-002-F00-S20260927,a72ac38ce4df2be3a418366a097fbe027ef38d9964f5b1b5705df5f48169be84,MODEL_V1_CV_REFERENCE_V1
de039e7d56a919b7bfa281443a166aa7e45083d33d6b24be2eb11146b954df65,MITDB_P124,124,1180000000,0,20260927,0,6.146564483642578,0.9978637099266052,35,V2-002-F00-S20260927,a72ac38ce4df2be3a418366a097fbe027ef38d9964f5b1b5705df5f48169be84,MODEL_V1_CV_REFERENCE_V1
de09abcce8d113f8d1714f50a468500ec3b49c76300d88e0a5a3b99b1eeb863e,MITDB_P209,209,595000000,0,20260927,1,6.048171043395996,0.9976434111595154,35,V2-002-F00-S20260927,a72ac38ce4df2be3a418366a097fbe027ef38d9964f5b1b5705df5f48169be84,MODEL_V1_CV_REFERENCE_V1
de0bbaba3c6ea2a61bad77a57acfcddc7af0f83110f0e31e81a493ebe2a234da,MITDB_P222,222,1695000000,0,20260927,0,13.85004711151123,0.9999990463256836,35,V2-002-F00-S20260927,a72ac38ce4df2be3a418366a097fbe027ef38d9964f5b1b5705df5f48169be84,MODEL_V1_CV_REFERENCE_V1
de1fbfdee6c14ff613814239e652e5ce098d248cbcb52ac39fd5a89b2341d667,MITDB_P203,203,905000000,0,20260927,1,18.5448055267334,1.0,35,V2-002-F00-S20260927,a72ac38ce4df2be3a418366a097fbe027ef38d9964f5b1b5705df5f48169be84,MODEL_V1_CV_REFERENCE_V1
de65d49c31a07a01b3e75da022190611cb0f82eace302d9fafe4137a46a356c7,MITDB_P203,203,775000000,0,20260927,1,17.207246780395508,1.0,35,V2-002-F00-S20260927,a72ac38ce4df2be3a418366a097fbe027ef38d9964f5b1b5705df5f48169be84,MODEL_V1_CV_REFERENCE_V1
de7857e45e6267ce2f37923c385cf8a5a0be16708aa2fcf3bb40952f38a3f5e2,MITDB_P203,203,1240000000,0,20260927,1,17.419185638427734,1.0,35,V2-002-F00-S20260927,a72ac38ce4df2be3a418366a097fbe027ef38d9964f5b1b5705df5f48169be84,MODEL_V1_CV_REFERENCE_V1
dedc2fab16b65d7c1594e9d4e68310cbe7e6ec4fc77e8bdecc7aba3dc731cc79,MITDB_P105,105,325000000,0,20260927,0,2.104374408721924,0.8913276195526123,35,V2-002-F00-S20260927,a72ac38ce4df2be3a418366a097fbe027ef38d9964f5b1b5705df5f48169be84,MODEL_V1_CV_REFERENCE_V1
df309fe51dbc3b4e7235fd01f9740f83299485f2503f421af761a81af4ae06a8,MITDB_P209,209,1480000000,0,20260927,0,7.5110907554626465,0.9994533658027649,35,V2-002-F00-S20260927,a72ac38ce4df2be3a418366a097fbe027ef38d9964f5b1b5705df5f48169be84,MODEL_V1_CV_REFERENCE_V1
df3ca375f51d036c945475518d641c131adb90d479881382fad0b7d3d5c38d5a,MITDB_P212,212,270000000,0,20260927,0,15.689437866210938,0.9999998807907104,35,V2-002-F00-S20260927,a72ac38ce4df2be3a418366a097fbe027ef38d9964f5b1b5705df5f48169be84,MODEL_V1_CV_REFERENCE_V1
df3d4892c71aa7b9e2e78e1a18a45a228258dec16382b7bacea908a9135791b8,MITDB_P203,203,1245000000,0,20260927,1,13.652837753295898,0.9999988079071045,35,V2-002-F00-S20260927,a72ac38ce4df2be3a418366a097fbe027ef38d9964f5b1b5705df5f48169be84,MODEL_V1_CV_REFERENCE_V1
df544169a16ae427383b751624f42cc62be5913f399447593f3f66e411ffab62,MITDB_P222,222,1115000000,0,20260927,0,20.978992462158203,1.0,35,V2-002-F00-S20260927,a72ac38ce4df2be3a418366a097fbe027ef38d9964f5b1b5705df5f48169be84,MODEL_V1_CV_REFERENCE_V1
dfad57b304b0f786d201d16367d9a5817cf300e42e42543acdcb3c962f5bdfbc,MITDB_P222,222,1725000000,0,20260927,0,11.884987831115723,0.999993085861206,35,V2-002-F00-S20260927,a72ac38ce4df2be3a418366a097fbe027ef38d9964f5b1b5705df5f48169be84,MODEL_V1_CV_REFERENCE_V1
dfb51b10d439d6bc7125b7e68b93d404bd717d23cb1af48b965e5fee92ceeb7e,MITDB_P209,209,1430000000,0,20260927,0,11.015890121459961,0.999983549118042,35,V2-002-F00-S20260927,a72ac38ce4df2be3a418366a097fbe027ef38d9964f5b1b5705df5f48169be84,MODEL_V1_CV_REFERENCE_V1
e00301a053dc49cd44ef8b849e988a239413945ca1f618eae1189de484d7fe51,MITDB_P222,222,260000000,0,20260927,0,10.10744857788086,0.9999592304229736,35,V2-002-F00-S20260927,a72ac38ce4df2be3a418366a097fbe027ef38d9964f5b1b5705df5f48169be84,MODEL_V1_CV_REFERENCE_V1
e0110ccbb119ec11db81e045679170ddcc38dd1a04cf27e2d5911373f7499b67,MITDB_P105,105,910000000,0,20260927,0,0.7967384457588196,0.689276397228241,35,V2-002-F00-S20260927,a72ac38ce4df2be3a418366a097fbe027ef38d9964f5b1b5705df5f48169be84,MODEL_V1_CV_REFERENCE_V1
e047e3656b9872367601451cf8e41b9a3313202d9e5407a95afdc72e841f54fd,MITDB_P124,124,1355000000,0,20260927,0,7.059203147888184,0.9991412162780762,35,V2-002-F00-S20260927,a72ac38ce4df2be3a418366a097fbe027ef38d9964f5b1b5705df5f48169be84,MODEL_V1_CV_REFERENCE_V1
e09975a134a907280ab2fc749cf37a9b9b23fb6df55c3057f22bb124cd7209b1,MITDB_P212,212,1625000000,0,20260927,0,-0.49824658036231995,0.37795281410217285,35,V2-002-F00-S20260927,a72ac38ce4df2be3a418366a097fbe027ef38d9964f5b1b5705df5f48169be84,MODEL_V1_CV_REFERENCE_V1
e0e61c928f4034955f6007503c18e37a28cfab48d48a9484a7e4d357734e0fd6,MITDB_P209,209,1345000000,0,20260927,0,5.85331916809082,0.9971379041671753,35,V2-002-F00-S20260927,a72ac38ce4df2be3a418366a097fbe027ef38d9964f5b1b5705df5f48169be84,MODEL_V1_CV_REFERENCE_V1
e12240a856c22b60a3baf1cbcfac639fcd7509a5e1e36e2cd60938c6da5ba87f,MITDB_P209,209,1065000000,0,20260927,0,7.7849931716918945,0.9995842576026917,35,V2-002-F00-S20260927,a72ac38ce4df2be3a418366a097fbe027ef38d9964f5b1b5705df5f48169be84,MODEL_V1_CV_REFERENCE_V1
e144cb37aa3a61618f865c29f0e6dfd103e81c8155660532138f43b8bde925b8,MITDB_P124,124,1515000000,0,20260927,0,5.679805755615234,0.9965973496437073,35,V2-002-F00-S20260927,a72ac38ce4df2be3a418366a097fbe027ef38d9964f5b1b5705df5f48169be84,MODEL_V1_CV_REFERENCE_V1
e15cc182e1bdf6fb10ae9ed3d68a738573266d69ce7ba0bfe93da8d2402c71eb,MITDB_P203,203,1195000000,0,20260927,1,12.374643325805664,0.9999958276748657,35,V2-002-F00-S20260927,a72ac38ce4df2be3a418366a097fbe027ef38d9964f5b1b5705df5f48169be84,MODEL_V1_CV_REFERENCE_V1
e1b301a16729695609d8b551abc4e892817928eef7e1ae968d9e12eea3db39cc,MITDB_P222,222,125000000,0,20260927,0,15.021175384521484,0.9999996423721313,35,V2-002-F00-S20260927,a72ac38ce4df2be3a418366a097fbe027ef38d9964f5b1b5705df5f48169be84,MODEL_V1_CV_REFERENCE_V1
e1ea8e55c1c0f1eea9688ed1a7bad4e7cf5d6364db5e8f8fcbfc703c6e3ec8f4,MITDB_P105,105,305000000,0,20260927,1,3.5435051918029785,0.9719005823135376,35,V2-002-F00-S20260927,a72ac38ce4df2be3a418366a097fbe027ef38d9964f5b1b5705df5f48169be84,MODEL_V1_CV_REFERENCE_V1
e1eb62563a257ec892b30fbf2cc5b5fcc7af54d8402b4e18b51d11332562646a,MITDB_P124,124,1155000000,0,20260927,0,7.727270126342773,0.9995595812797546,35,V2-002-F00-S20260927,a72ac38ce4df2be3a418366a097fbe027ef38d9964f5b1b5705df5f48169be84,MODEL_V1_CV_REFERENCE_V1
e238d6406460b9172974e2700357490cc72efb8a29f180a5ecf3ef0ed911ce62,MITDB_P222,222,1595000000,0,20260927,1,5.530727863311768,0.9960525035858154,35,V2-002-F00-S20260927,a72ac38ce4df2be3a418366a097fbe027ef38d9964f5b1b5705df5f48169be84,MODEL_V1_CV_REFERENCE_V1
e2438c18af6f75aaaae7c0472b89cd2e8d969609b4874de95266920f7fde5559,MITDB_P105,105,1165000000,0,20260927,0,-0.37818244099617004,0.4065653681755066,35,V2-002-F00-S20260927,a72ac38ce4df2be3a418366a097fbe027ef38d9964f5b1b5705df5f48169be84,MODEL_V1_CV_REFERENCE_V1
e26cf6a04375fb1496b5e0d6cd616594c814b6f1ae05cf71b708048339c8bc29,MITDB_P212,212,1535000000,0,20260927,0,11.517937660217285,0.9999901056289673,35,V2-002-F00-S20260927,a72ac38ce4df2be3a418366a097fbe027ef38d9964f5b1b5705df5f48169be84,MODEL_V1_CV_REFERENCE_V1
e288467651d5a52714d738582d515614db6ed00f80341da0ea28b97a1ecfec85,MITDB_P105,105,1015000000,0,20260927,0,0.7107812762260437,0.6705737709999084,35,V2-002-F00-S20260927,a72ac38ce4df2be3a418366a097fbe027ef38d9964f5b1b5705df5f48169be84,MODEL_V1_CV_REFERENCE_V1
e2ae3e6aaf1e37e3555e54b50bed0a203fd256b945b5ee7cf801ef50d6aea41f,MITDB_P209,209,20000000,0,20260927,0,11.098134994506836,0.999984860420227,35,V2-002-F00-S20260927,a72ac38ce4df2be3a418366a097fbe027ef38d9964f5b1b5705df5f48169be84,MODEL_V1_CV_REFERENCE_V1
e2cb62f1af3a04650953056555b523014da22755f59f00979670294b62a0d620,MITDB_P124,124,1785000000,0,20260927,0,5.829129219055176,0.9970679879188538,35,V2-002-F00-S20260927,a72ac38ce4df2be3a418366a097fbe027ef38d9964f5b1b5705df5f48169be84,MODEL_V1_CV_REFERENCE_V1
e2d27437996e1ce308a53a1f802f0644fa17a131341020a5951cccdf17538925,MITDB_P203,203,510000000,0,20260927,1,14.392693519592285,0.9999994039535522,35,V2-002-F00-S20260927,a72ac38ce4df2be3a418366a097fbe027ef38d9964f5b1b5705df5f48169be84,MODEL_V1_CV_REFERENCE_V1
e2d29ca52eaae08d01831bad78e2cc43e7b29ba5636566daef01a2708fe65350,MITDB_P222,222,1420000000,0,20260927,1,6.740495204925537,0.9988192915916443,35,V2-002-F00-S20260927,a72ac38ce4df2be3a418366a097fbe027ef38d9964f5b1b5705df5f48169be84,MODEL_V1_CV_REFERENCE_V1
e2f6bcb200fba3b95a3ab7f56332c7fc51668647bf2d55d4c2b8139489ae0ba6,MITDB_P124,124,1400000000,0,20260927,0,7.032258987426758,0.9991177916526794,35,V2-002-F00-S20260927,a72ac38ce4df2be3a418366a097fbe027ef38d9964f5b1b5705df5f48169be84,MODEL_V1_CV_REFERENCE_V1
e320ec408bb88a76e6ce2a2a0e975fe8d33e06cf339c8dcb72750960b42bdb74,MITDB_P203,203,795000000,0,20260927,0,16.3253116607666,0.9999998807907104,35,V2-002-F00-S20260927,a72ac38ce4df2be3a418366a097fbe027ef38d9964f5b1b5705df5f48169be84,MODEL_V1_CV_REFERENCE_V1
e32896619633f464719d67dab40fede8bf23a360a3563e1bf78fea5fe2ee777f,MITDB_P209,209,1545000000,0,20260927,1,6.694958209991455,0.9987643957138062,35,V2-002-F00-S20260927,a72ac38ce4df2be3a418366a097fbe027ef38d9964f5b1b5705df5f48169be84,MODEL_V1_CV_REFERENCE_V1
e3a33084e46cdbc3832db06e343a351cfa82889e990aaf0b9e71ca760afb4847,MITDB_P203,203,1780000000,0,20260927,1,18.497289657592773,1.0,35,V2-002-F00-S20260927,a72ac38ce4df2be3a418366a097fbe027ef38d9964f5b1b5705df5f48169be84,MODEL_V1_CV_REFERENCE_V1
e3a4297b2e45e31f85de58e3f960b82f84eb0048a52606843459e387bb8f2b2e,MITDB_P212,212,915000000,0,20260927,0,15.737531661987305,0.9999998807907104,35,V2-002-F00-S20260927,a72ac38ce4df2be3a418366a097fbe027ef38d9964f5b1b5705df5f48169be84,MODEL_V1_CV_REFERENCE_V1
e3b8537ec2be85742a5c212b5beb4a736f3d90deafd78bd7e9efc96c7e0f16e0,MITDB_P105,105,470000000,0,20260927,1,2.8797688484191895,0.9468372464179993,35,V2-002-F00-S20260927,a72ac38ce4df2be3a418366a097fbe027ef38d9964f5b1b5705df5f48169be84,MODEL_V1_CV_REFERENCE_V1
e3f3bad08b01fce356ab071a24031e3e46ba34c5de5710cbb02c3ed95d14b4f6,MITDB_P222,222,640000000,0,20260927,0,10.452574729919434,0.9999711513519287,35,V2-002-F00-S20260927,a72ac38ce4df2be3a418366a097fbe027ef38d9964f5b1b5705df5f48169be84,MODEL_V1_CV_REFERENCE_V1
e425438565fa5fdae80ad5b0ce2eb977f7c7f5413f6eb3c8db67e4b05587f733,MITDB_P212,212,1785000000,0,20260927,0,-0.4673021733760834,0.38525497913360596,35,V2-002-F00-S20260927,a72ac38ce4df2be3a418366a097fbe027ef38d9964f5b1b5705df5f48169be84,MODEL_V1_CV_REFERENCE_V1
e43a5d42e34ca2237f1b3d88bf8a3b887695c142ce1bc94eb653d703dd4914ac,MITDB_P212,212,1665000000,0,20260927,0,-0.34488174319267273,0.4146241545677185,35,V2-002-F00-S20260927,a72ac38ce4df2be3a418366a097fbe027ef38d9964f5b1b5705df5f48169be84,MODEL_V1_CV_REFERENCE_V1
e445e1bf185bfec8d387c8c923c8c25ed5007847085fb409c8a3fc42292d03a5,MITDB_P105,105,1050000000,0,20260927,0,3.2228901386260986,0.9616866707801819,35,V2-002-F00-S20260927,a72ac38ce4df2be3a418366a097fbe027ef38d9964f5b1b5705df5f48169be84,MODEL_V1_CV_REFERENCE_V1
e446ca514890ccad32c85f0a4e154c8ec03fba016a50f617afbc6c5147531beb,MITDB_P222,222,785000000,0,20260927,0,8.73222827911377,0.9998387098312378,35,V2-002-F00-S20260927,a72ac38ce4df2be3a418366a097fbe027ef38d9964f5b1b5705df5f48169be84,MODEL_V1_CV_REFERENCE_V1
e447f8633f27e05cd8f9c4c2e933e1de0d7b2391016a33f54423311db00074e9,MITDB_P209,209,170000000,0,20260927,0,8.532827377319336,0.9998031258583069,35,V2-002-F00-S20260927,a72ac38ce4df2be3a418366a097fbe027ef38d9964f5b1b5705df5f48169be84,MODEL_V1_CV_REFERENCE_V1
e474defe8228136c46dc57147729106553053cf0b9604c1bd5f9404c1bb80e1a,MITDB_P203,203,310000000,0,20260927,1,24.912399291992188,1.0,35,V2-002-F00-S20260927,a72ac38ce4df2be3a418366a097fbe027ef38d9964f5b1b5705df5f48169be84,MODEL_V1_CV_REFERENCE_V1
e47ea95842196662bc69f8cb195ac62a7becdf3327dd9dd8e4c05dde7bcd7780,MITDB_P203,203,335000000,0,20260927,0,9.073694229125977,0.9998853206634521,35,V2-002-F00-S20260927,a72ac38ce4df2be3a418366a097fbe027ef38d9964f5b1b5705df5f48169be84,MODEL_V1_CV_REFERENCE_V1
e48a4b8507e158add844ac3dd47c5398d11d4e2824d93cad0f445808cecff8fe,MITDB_P212,212,1370000000,0,20260927,0,-0.9547380805015564,0.27793294191360474,35,V2-002-F00-S20260927,a72ac38ce4df2be3a418366a097fbe027ef38d9964f5b1b5705df5f48169be84,MODEL_V1_CV_REFERENCE_V1
e48af2bd1af182faf6a3f62e6633b5767cfce107c9c6f91acfae4ebec504a43d,MITDB_P222,222,1495000000,0,20260927,0,12.314467430114746,0.9999954700469971,35,V2-002-F00-S20260927,a72ac38ce4df2be3a418366a097fbe027ef38d9964f5b1b5705df5f48169be84,MODEL_V1_CV_REFERENCE_V1
e4a7c1d171300580c2307ef6b4cc905e479ad2e81823262ee03ef77878fd0f60,MITDB_P105,105,60000000,0,20260927,1,2.7361013889312744,0.9391236305236816,35,V2-002-F00-S20260927,a72ac38ce4df2be3a418366a097fbe027ef38d9964f5b1b5705df5f48169be84,MODEL_V1_CV_REFERENCE_V1
e4a806639f288c1f4525145005120f37d02925528b013c43cdc08476acf9973a,MITDB_P203,203,55000000,0,20260927,1,14.304828643798828,0.9999994039535522,35,V2-002-F00-S20260927,a72ac38ce4df2be3a418366a097fbe027ef38d9964f5b1b5705df5f48169be84,MODEL_V1_CV_REFERENCE_V1
e4bdf70fa1ee2df815776c95326562d0f51938e7f6e34097bf57d7bd0ff8944f,MITDB_P212,212,1320000000,0,20260927,0,11.733436584472656,0.9999920129776001,35,V2-002-F00-S20260927,a72ac38ce4df2be3a418366a097fbe027ef38d9964f5b1b5705df5f48169be84,MODEL_V1_CV_REFERENCE_V1
e4c1679b71445cbde9527854790195232fceecf56da261a2723ac1dcdb90df49,MITDB_P209,209,155000000,0,20260927,1,11.012900352478027,0.999983549118042,35,V2-002-F00-S20260927,a72ac38ce4df2be3a418366a097fbe027ef38d9964f5b1b5705df5f48169be84,MODEL_V1_CV_REFERENCE_V1
e501bc25aa36664bb1188f63b16a41b93063fc7e645bb83173c950eec8d767a4,MITDB_P222,222,1155000000,0,20260927,1,2.8802545070648193,0.9468616247177124,35,V2-002-F00-S20260927,a72ac38ce4df2be3a418366a097fbe027ef38d9964f5b1b5705df5f48169be84,MODEL_V1_CV_REFERENCE_V1
e5176ae90e293aee63f60473e97afabc98ed371aac0556ffe2b91dca2a9041b7,MITDB_P203,203,675000000,0,20260927,1,14.05665397644043,0.9999991655349731,35,V2-002-F00-S20260927,a72ac38ce4df2be3a418366a097fbe027ef38d9964f5b1b5705df5f48169be84,MODEL_V1_CV_REFERENCE_V1
e517d10708c4b337e3a5787c3587505a5849f06979ac07b628d84f2ed1ce6220,MITDB_P105,105,395000000,0,20260927,0,2.5376992225646973,0.9267427921295166,35,V2-002-F00-S20260927,a72ac38ce4df2be3a418366a097fbe027ef38d9964f5b1b5705df5f48169be84,MODEL_V1_CV_REFERENCE_V1
e525895e9af11e0296f65ff8fa3a6494d963af0f7818c1ffc4c35646a1502328,MITDB_P203,203,910000000,0,20260927,1,10.507661819458008,0.9999727010726929,35,V2-002-F00-S20260927,a72ac38ce4df2be3a418366a097fbe027ef38d9964f5b1b5705df5f48169be84,MODEL_V1_CV_REFERENCE_V1
e5553d063a0c5aea74c28b235f3184fdef026e148efb36a28d7dac1049df02cf,MITDB_P105,105,1675000000,0,20260927,0,3.319265365600586,0.9650838375091553,35,V2-002-F00-S20260927,a72ac38ce4df2be3a418366a097fbe027ef38d9964f5b1b5705df5f48169be84,MODEL_V1_CV_REFERENCE_V1
e571ee943f50d05510edb033986e7c5a7347e652becf9c5a7181ca818da39165,MITDB_P124,124,1335000000,0,20260927,0,5.54652214050293,0.9961141347885132,35,V2-002-F00-S20260927,a72ac38ce4df2be3a418366a097fbe027ef38d9964f5b1b5705df5f48169be84,MODEL_V1_CV_REFERENCE_V1
e58660949dbaeb09f256d3757180185fb400d3e6f0afd60a5ae58c4dcc2ddc7b,MITDB_P203,203,1160000000,0,20260927,1,25.45829200744629,1.0,35,V2-002-F00-S20260927,a72ac38ce4df2be3a418366a097fbe027ef38d9964f5b1b5705df5f48169be84,MODEL_V1_CV_REFERENCE_V1
e5c6518e7dfd339beb044b50f43cdc61217675580f8b5b350b715178a25c7680,MITDB_P222,222,1400000000,0,20260927,1,10.680895805358887,0.9999769926071167,35,V2-002-F00-S20260927,a72ac38ce4df2be3a418366a097fbe027ef38d9964f5b1b5705df5f48169be84,MODEL_V1_CV_REFERENCE_V1
e5d51269348759ebf53f8497eb7fa0eca518be772f82b7ff52009dc2542f6201,MITDB_P222,222,165000000,0,20260927,0,12.662988662719727,0.9999967813491821,35,V2-002-F00-S20260927,a72ac38ce4df2be3a418366a097fbe027ef38d9964f5b1b5705df5f48169be84,MODEL_V1_CV_REFERENCE_V1
e5f57e3692c3677f003f820ae2d93fd31cba8878e98680a226b6bf9c29ca5c71,MITDB_P203,203,1225000000,0,20260927,1,13.982558250427246,0.9999991655349731,35,V2-002-F00-S20260927,a72ac38ce4df2be3a418366a097fbe027ef38d9964f5b1b5705df5f48169be84,MODEL_V1_CV_REFERENCE_V1
e5fea9c84d0942315d6155545e820d157f76bc1c2ab3e01d661a7ef42253f2e3,MITDB_P203,203,740000000,0,20260927,1,11.405988693237305,0.9999889135360718,35,V2-002-F00-S20260927,a72ac38ce4df2be3a418366a097fbe027ef38d9964f5b1b5705df5f48169be84,MODEL_V1_CV_REFERENCE_V1
e5ffde72eb694ae6edc586284d347d2e7c0cf576a37e6f6fcb49929f65d41d8b,MITDB_P105,105,70000000,0,20260927,1,3.3305301666259766,0.9654614925384521,35,V2-002-F00-S20260927,a72ac38ce4df2be3a418366a097fbe027ef38d9964f5b1b5705df5f48169be84,MODEL_V1_CV_REFERENCE_V1
e602b6da24dd29332122d79e23cdbcbefba7817b5f57c89b329342fd1d6920c2,MITDB_P209,209,1400000000,0,20260927,1,11.992408752441406,0.9999938011169434,35,V2-002-F00-S20260927,a72ac38ce4df2be3a418366a097fbe027ef38d9964f5b1b5705df5f48169be84,MODEL_V1_CV_REFERENCE_V1
e6209dc367c05da9d31f99c0471892587145c0cba115470f2df50dd0f016eb42,MITDB_P105,105,920000000,0,20260927,0,1.876420259475708,0.8671994209289551,35,V2-002-F00-S20260927,a72ac38ce4df2be3a418366a097fbe027ef38d9964f5b1b5705df5f48169be84,MODEL_V1_CV_REFERENCE_V1
e6615e7fcd843614b53f9c0a08aebef5cbfb6cdea304b334ab452f22ce55e0f5,MITDB_P105,105,260000000,0,20260927,0,4.145728588104248,0.98441481590271,35,V2-002-F00-S20260927,a72ac38ce4df2be3a418366a097fbe027ef38d9964f5b1b5705df5f48169be84,MODEL_V1_CV_REFERENCE_V1
e6749c969548292234f3063b5e13605468f381a1bb0070d1714a2502af7251eb,MITDB_P222,222,630000000,0,20260927,1,8.590243339538574,0.9998140931129456,35,V2-002-F00-S20260927,a72ac38ce4df2be3a418366a097fbe027ef38d9964f5b1b5705df5f48169be84,MODEL_V1_CV_REFERENCE_V1
e677b8acadc3f69a649ede8467c5656b1d34db13d3e830c8281c0c3a475cdf4b,MITDB_P203,203,1230000000,0,20260927,1,12.787363052368164,0.9999972581863403,35,V2-002-F00-S20260927,a72ac38ce4df2be3a418366a097fbe027ef38d9964f5b1b5705df5f48169be84,MODEL_V1_CV_REFERENCE_V1
e678a46373df70ff44a07153939254df0c781807313bec6702b8240f520c7c19,MITDB_P124,124,395000000,0,20260927,0,5.738493919372559,0.9967907071113586,35,V2-002-F00-S20260927,a72ac38ce4df2be3a418366a097fbe027ef38d9964f5b1b5705df5f48169be84,MODEL_V1_CV_REFERENCE_V1
e6b2311af14f9e09589d705aa4fcf15215eb346850f4f4d6825e32fd1ebc8aeb,MITDB_P203,203,45000000,0,20260927,1,7.137271881103516,0.9992057681083679,35,V2-002-F00-S20260927,a72ac38ce4df2be3a418366a097fbe027ef38d9964f5b1b5705df5f48169be84,MODEL_V1_CV_REFERENCE_V1
e6dacb1d68cdb11ee93355cb6d47cb3c4787fe06a9502f4de05841ed05c093e9,MITDB_P209,209,1240000000,0,20260927,1,8.060871124267578,0.9996844530105591,35,V2-002-F00-S20260927,a72ac38ce4df2be3a418366a097fbe027ef38d9964f5b1b5705df5f48169be84,MODEL_V1_CV_REFERENCE_V1
e740966d6ea37f6488a0967859fae56707b9ba6bb22f4d87afd16455d4e9bb8c,MITDB_P203,203,280000000,0,20260927,1,13.526780128479004,0.9999986886978149,35,V2-002-F00-S20260927,a72ac38ce4df2be3a418366a097fbe027ef38d9964f5b1b5705df5f48169be84,MODEL_V1_CV_REFERENCE_V1
e7576993ecdcd078d0c13e787517c6a1fedf6942f5246a4f4352646938707ade,MITDB_P209,209,1030000000,0,20260927,1,2.568470001220703,0.9288045763969421,35,V2-002-F00-S20260927,a72ac38ce4df2be3a418366a097fbe027ef38d9964f5b1b5705df5f48169be84,MODEL_V1_CV_REFERENCE_V1
e758ba4e279a5a928e6566314eaa8cde80f9059581393531a14ff16b2017c242,MITDB_P222,222,795000000,0,20260927,1,22.429712295532227,1.0,35,V2-002-F00-S20260927,a72ac38ce4df2be3a418366a097fbe027ef38d9964f5b1b5705df5f48169be84,MODEL_V1_CV_REFERENCE_V1
e75940597da73560de182dc8ba426f49674149a9781d5540b4c5025e39280fbb,MITDB_P209,209,570000000,0,20260927,1,3.1547563076019287,0.9590957164764404,35,V2-002-F00-S20260927,a72ac38ce4df2be3a418366a097fbe027ef38d9964f5b1b5705df5f48169be84,MODEL_V1_CV_REFERENCE_V1
e77f64823f4ec4cd8f26ce4a27ba1ead91a6d607504214c8709debec6024d9d1,MITDB_P209,209,800000000,0,20260927,1,1.0598556995391846,0.7426629066467285,35,V2-002-F00-S20260927,a72ac38ce4df2be3a418366a097fbe027ef38d9964f5b1b5705df5f48169be84,MODEL_V1_CV_REFERENCE_V1
e785dd875c89076e185c2412ac4a4757c7026c4f00859bc06efbd79941377ad7,MITDB_P212,212,1510000000,0,20260927,0,12.541465759277344,0.9999964237213135,35,V2-002-F00-S20260927,a72ac38ce4df2be3a418366a097fbe027ef38d9964f5b1b5705df5f48169be84,MODEL_V1_CV_REFERENCE_V1
e7af02828739b3cb79037ff515fe452fe81ef14b13a984899783a41f9df30422,MITDB_P222,222,1755000000,0,20260927,0,4.59193229675293,0.9899683594703674,35,V2-002-F00-S20260927,a72ac38ce4df2be3a418366a097fbe027ef38d9964f5b1b5705df5f48169be84,MODEL_V1_CV_REFERENCE_V1
e7cd492db9ea3f0efd320707d7b7303517d60b775d09219561fb1a98a2c8824a,MITDB_P222,222,1710000000,0,20260927,0,13.291984558105469,0.9999983310699463,35,V2-002-F00-S20260927,a72ac38ce4df2be3a418366a097fbe027ef38d9964f5b1b5705df5f48169be84,MODEL_V1_CV_REFERENCE_V1
e7dfd79800237e179c4c499a49c4ed65c3738fec14e9cad3cfd57c934158f956,MITDB_P203,203,1795000000,0,20260927,1,13.352123260498047,0.9999984502792358,35,V2-002-F00-S20260927,a72ac38ce4df2be3a418366a097fbe027ef38d9964f5b1b5705df5f48169be84,MODEL_V1_CV_REFERENCE_V1
e7ebfd598c33a370be0f967e3d2baa0b1b80277573446e8093ee5e2b9100d979,MITDB_P105,105,580000000,0,20260927,0,2.3846113681793213,0.9156462550163269,35,V2-002-F00-S20260927,a72ac38ce4df2be3a418366a097fbe027ef38d9964f5b1b5705df5f48169be84,MODEL_V1_CV_REFERENCE_V1
e7ec213caeb21cec2e8628a3a3ae6d55fbfd43a8814c57a9ff1bef4665c8be74,MITDB_P212,212,740000000,0,20260927,0,8.564458847045898,0.9998093247413635,35,V2-002-F00-S20260927,a72ac38ce4df2be3a418366a097fbe027ef38d9964f5b1b5705df5f48169be84,MODEL_V1_CV_REFERENCE_V1
e81711286bcc418face340fe6a7749bde1aab204117ce82faae886ee08732a83,MITDB_P222,222,1325000000,0,20260927,1,5.509437561035156,0.9959679841995239,35,V2-002-F00-S20260927,a72ac38ce4df2be3a418366a097fbe027ef38d9964f5b1b5705df5f48169be84,MODEL_V1_CV_REFERENCE_V1
e855fe12294fff5692dd89694430b17a1432ef40004ab563fb28518854fc1f3b,MITDB_P209,209,1805000000,0,20260927,1,6.269774436950684,0.9981108903884888,35,V2-002-F00-S20260927,a72ac38ce4df2be3a418366a097fbe027ef38d9964f5b1b5705df5f48169be84,MODEL_V1_CV_REFERENCE_V1
e881861e81b36fece1971c99557fba2b28770a36e2af129422d3fb4a7685c8a9,MITDB_P124,124,1090000000,0,20260927,0,7.799516677856445,0.9995902180671692,35,V2-002-F00-S20260927,a72ac38ce4df2be3a418366a097fbe027ef38d9964f5b1b5705df5f48169be84,MODEL_V1_CV_REFERENCE_V1
e8a8a97e090807d824d643a6a536e8fff9e0aded0d2013435e42c252721c5212,MITDB_P222,222,1640000000,0,20260927,0,4.78741455078125,0.9917349815368652,35,V2-002-F00-S20260927,a72ac38ce4df2be3a418366a097fbe027ef38d9964f5b1b5705df5f48169be84,MODEL_V1_CV_REFERENCE_V1
e8b221361e878d2981ada081beac3212611f92cecfc6e700a909370563b2b5b2,MITDB_P209,209,945000000,0,20260927,1,6.011160850524902,0.9975548386573792,35,V2-002-F00-S20260927,a72ac38ce4df2be3a418366a097fbe027ef38d9964f5b1b5705df5f48169be84,MODEL_V1_CV_REFERENCE_V1
e8c579fcf3cb9e6d741d1e4abb86db68f69541eeeb51ef2d4ebf14b9a25989e1,MITDB_P209,209,525000000,0,20260927,1,6.154593467712402,0.9978808164596558,35,V2-002-F00-S20260927,a72ac38ce4df2be3a418366a097fbe027ef38d9964f5b1b5705df5f48169be84,MODEL_V1_CV_REFERENCE_V1
e8f280fb5bfdcf3ecfb14d744e6b19bd03ba1d647e451b75b41e65663341bac8,MITDB_P209,209,1460000000,0,20260927,0,5.295917510986328,0.9950129389762878,35,V2-002-F00-S20260927,a72ac38ce4df2be3a418366a097fbe027ef38d9964f5b1b5705df5f48169be84,MODEL_V1_CV_REFERENCE_V1
e8f347499a2b9e7cc2392bdfc4a598e441ea7a4542c12eb050943e63147b1303,MITDB_P105,105,815000000,0,20260927,0,-0.7925393581390381,0.3116236925125122,35,V2-002-F00-S20260927,a72ac38ce4df2be3a418366a097fbe027ef38d9964f5b1b5705df5f48169be84,MODEL_V1_CV_REFERENCE_V1
e909adbca7b9bcdf6b8101616fb858e194bc2c3eaf314aff79235fca9a70eab7,MITDB_P212,212,1580000000,0,20260927,0,12.46336555480957,0.9999961853027344,35,V2-002-F00-S20260927,a72ac38ce4df2be3a418366a097fbe027ef38d9964f5b1b5705df5f48169be84,MODEL_V1_CV_REFERENCE_V1
e90f38da323ed4a20d3050655cb0c3721b083afe8baf13741234115bb9bbfe5e,MITDB_P209,209,475000000,0,20260927,1,6.959534645080566,0.9990513920783997,35,V2-002-F00-S20260927,a72ac38ce4df2be3a418366a097fbe027ef38d9964f5b1b5705df5f48169be84,MODEL_V1_CV_REFERENCE_V1
e916852fadf900cf767db4b6c23f168a5afda048e972ec368182be720ff4355c,MITDB_P124,124,285000000,0,20260927,0,4.664944648742676,0.9906681180000305,35,V2-002-F00-S20260927,a72ac38ce4df2be3a418366a097fbe027ef38d9964f5b1b5705df5f48169be84,MODEL_V1_CV_REFERENCE_V1
e94abb7d18830be450de9aab4865e0cb9b332274b77ec183c06a0fd1c804aca2,MITDB_P222,222,255000000,0,20260927,0,8.82890796661377,0.9998536109924316,35,V2-002-F00-S20260927,a72ac38ce4df2be3a418366a097fbe027ef38d9964f5b1b5705df5f48169be84,MODEL_V1_CV_REFERENCE_V1
e94f1199ac9af27f57e3d2cf8f00905ca717106013d622a0759906f4f12acc9f,MITDB_P209,209,135000000,0,20260927,0,12.38848876953125,0.9999958276748657,35,V2-002-F00-S20260927,a72ac38ce4df2be3a418366a097fbe027ef38d9964f5b1b5705df5f48169be84,MODEL_V1_CV_REFERENCE_V1
e9b55d7a1aac5ac6dfb42f2d80bb5cb55b5302373e391ac7650f0b488280373f,MITDB_P203,203,1370000000,0,20260927,0,9.481241226196289,0.9999237060546875,35,V2-002-F00-S20260927,a72ac38ce4df2be3a418366a097fbe027ef38d9964f5b1b5705df5f48169be84,MODEL_V1_CV_REFERENCE_V1
e9c5aae7ae8fdbc1bd4ef2f878a33a7cf4f3f628ef6217436d899a6e1cd252bc,MITDB_P105,105,1495000000,0,20260927,0,0.8251556158065796,0.6953296065330505,35,V2-002-F00-S20260927,a72ac38ce4df2be3a418366a097fbe027ef38d9964f5b1b5705df5f48169be84,MODEL_V1_CV_REFERENCE_V1
e9c67b3aee28cfdf45b211e870ec7b59fe697ed2d4d4545ae660daf29583a248,MITDB_P203,203,1070000000,0,20260927,1,9.51957893371582,0.9999265670776367,35,V2-002-F00-S20260927,a72ac38ce4df2be3a418366a097fbe027ef38d9964f5b1b5705df5f48169be84,MODEL_V1_CV_REFERENCE_V1
e9d698a3da985b3d851f5e87a9df87ba79ce9174ae8b9df631130b6fb1788bb7,MITDB_P105,105,1265000000,0,20260927,0,10.05095100402832,0.9999568462371826,35,V2-002-F00-S20260927,a72ac38ce4df2be3a418366a097fbe027ef38d9964f5b1b5705df5f48169be84,MODEL_V1_CV_REFERENCE_V1
ea27fe9b9fe2430c7cf2c525ba20f77b45d33d01bb5ebd38ef002ee5e98af631,MITDB_P203,203,1510000000,0,20260927,1,13.790124893188477,0.999998927116394,35,V2-002-F00-S20260927,a72ac38ce4df2be3a418366a097fbe027ef38d9964f5b1b5705df5f48169be84,MODEL_V1_CV_REFERENCE_V1
ea2d6ede5206e5ce5bc6169ffa15c881391b6e1b57ed7f41192c6b1bd80ed954,MITDB_P222,222,40000000,0,20260927,0,12.425840377807617,0.9999959468841553,35,V2-002-F00-S20260927,a72ac38ce4df2be3a418366a097fbe027ef38d9964f5b1b5705df5f48169be84,MODEL_V1_CV_REFERENCE_V1
ea3beea8c10873d08c156be643fb0ef666ec1a1f531f1d86b27e6df0b5e1fe05,MITDB_P124,124,420000000,0,20260927,0,8.544339179992676,0.9998053908348083,35,V2-002-F00-S20260927,a72ac38ce4df2be3a418366a097fbe027ef38d9964f5b1b5705df5f48169be84,MODEL_V1_CV_REFERENCE_V1
ea5ba75c75e29921ed78c9f99a3e36854ead66525d6ba021bb80f4a16d52ce5b,MITDB_P105,105,1595000000,0,20260927,0,-0.8452057242393494,0.3004395365715027,35,V2-002-F00-S20260927,a72ac38ce4df2be3a418366a097fbe027ef38d9964f5b1b5705df5f48169be84,MODEL_V1_CV_REFERENCE_V1
ea5c90a1a0746ec429bb9a3ed848626cde3f14141512398133492acee43b0029,MITDB_P222,222,235000000,0,20260927,0,10.735156059265137,0.9999781847000122,35,V2-002-F00-S20260927,a72ac38ce4df2be3a418366a097fbe027ef38d9964f5b1b5705df5f48169be84,MODEL_V1_CV_REFERENCE_V1
ea69c49df8778c282a11a7bb76f2b501bd572279d76083b18b0cb7957dab07b2,MITDB_P105,105,1725000000,0,20260927,1,6.304234981536865,0.998174786567688,35,V2-002-F00-S20260927,a72ac38ce4df2be3a418366a097fbe027ef38d9964f5b1b5705df5f48169be84,MODEL_V1_CV_REFERENCE_V1
ea7330620a798289f5606ea6e1e7246edf8abb6c4fc3f65d3e3c63a008bee09d,MITDB_P209,209,1630000000,0,20260927,0,10.303028106689453,0.9999665021896362,35,V2-002-F00-S20260927,a72ac38ce4df2be3a418366a097fbe027ef38d9964f5b1b5705df5f48169be84,MODEL_V1_CV_REFERENCE_V1
ea9e9a0915129b7bf5cb7f857aeed05b62499006ccf8326ca28580897c75381e,MITDB_P203,203,185000000,0,20260927,0,11.96679973602295,0.9999936819076538,35,V2-002-F00-S20260927,a72ac38ce4df2be3a418366a097fbe027ef38d9964f5b1b5705df5f48169be84,MODEL_V1_CV_REFERENCE_V1
eabb7bc8b28312652edf3153aeaffc24299ff2d4e426238a2b266007de4ede82,MITDB_P124,124,1545000000,0,20260927,0,6.647327899932861,0.998704195022583,35,V2-002-F00-S20260927,a72ac38ce4df2be3a418366a097fbe027ef38d9964f5b1b5705df5f48169be84,MODEL_V1_CV_REFERENCE_V1
eaeed8bf571e4ae061fa1b08a68abd3aae2f361a0b2022627a56360d6688401d,MITDB_P222,222,860000000,0,20260927,0,28.00908851623535,1.0,35,V2-002-F00-S20260927,a72ac38ce4df2be3a418366a097fbe027ef38d9964f5b1b5705df5f48169be84,MODEL_V1_CV_REFERENCE_V1
eb31861443df4c042814e9fbe4974b4acf548bfdcde8a8723f19182f0ec6f6ed,MITDB_P124,124,1375000000,0,20260927,0,8.521300315856934,0.9998008608818054,35,V2-002-F00-S20260927,a72ac38ce4df2be3a418366a097fbe027ef38d9964f5b1b5705df5f48169be84,MODEL_V1_CV_REFERENCE_V1
eb353f8632ba8d46e8a7ec0c94040d7a1e41d312ab44c923e256b1bb35edc5db,MITDB_P212,212,895000000,0,20260927,0,14.348116874694824,0.9999994039535522,35,V2-002-F00-S20260927,a72ac38ce4df2be3a418366a097fbe027ef38d9964f5b1b5705df5f48169be84,MODEL_V1_CV_REFERENCE_V1
eb393f2f47fd4943d00a1d726ae816cfa9868eba9ae8e15206e42de9262e45c4,MITDB_P222,222,490000000,0,20260927,0,25.108495712280273,1.0,35,V2-002-F00-S20260927,a72ac38ce4df2be3a418366a097fbe027ef38d9964f5b1b5705df5f48169be84,MODEL_V1_CV_REFERENCE_V1
eb589bea4dfb64593d48c642b0aa4490c270d091a175954c25332ae3cc058595,MITDB_P222,222,1645000000,0,20260927,0,7.303248405456543,0.9993271827697754,35,V2-002-F00-S20260927,a72ac38ce4df2be3a418366a097fbe027ef38d9964f5b1b5705df5f48169be84,MODEL_V1_CV_REFERENCE_V1
eb64ce5122f07df394d0285b75602d1e737d8f13bc034dea81aae4f67febf956,MITDB_P105,105,1155000000,0,20260927,0,11.341403007507324,0.9999880790710449,35,V2-002-F00-S20260927,a72ac38ce4df2be3a418366a097fbe027ef38d9964f5b1b5705df5f48169be84,MODEL_V1_CV_REFERENCE_V1
ebb40d37eff2ee15a78e01c2d6e96591b5e197c70a057b0eed191fce5a2c10eb,MITDB_P203,203,355000000,0,20260927,1,8.526717185974121,0.9998019337654114,35,V2-002-F00-S20260927,a72ac38ce4df2be3a418366a097fbe027ef38d9964f5b1b5705df5f48169be84,MODEL_V1_CV_REFERENCE_V1
ebc091e9bab8a394e18dc7833f3f7ecb818881056281a7be9de960de7d5a0936,MITDB_P209,209,1130000000,0,20260927,0,8.090991020202637,0.9996938705444336,35,V2-002-F00-S20260927,a72ac38ce4df2be3a418366a097fbe027ef38d9964f5b1b5705df5f48169be84,MODEL_V1_CV_REFERENCE_V1
ebde420850cd444fd7d129e4924318ae2acbc03bf3889f304a1eb83cbe5df957,MITDB_P203,203,1050000000,0,20260927,1,15.351041793823242,0.9999997615814209,35,V2-002-F00-S20260927,a72ac38ce4df2be3a418366a097fbe027ef38d9964f5b1b5705df5f48169be84,MODEL_V1_CV_REFERENCE_V1
ebeb327ebaf72c18db6b79db9c91b324c56eb0e640ef9caec30115d559dd02b4,MITDB_P209,209,1335000000,0,20260927,1,5.565555572509766,0.996187150478363,35,V2-002-F00-S20260927,a72ac38ce4df2be3a418366a097fbe027ef38d9964f5b1b5705df5f48169be84,MODEL_V1_CV_REFERENCE_V1
ebf289d4f3f4ebf9f1f6c499dc8f7cba12e5c510028469387bdf4bd6796ed818,MITDB_P105,105,1040000000,0,20260927,1,5.732237815856934,0.9967706203460693,35,V2-002-F00-S20260927,a72ac38ce4df2be3a418366a097fbe027ef38d9964f5b1b5705df5f48169be84,MODEL_V1_CV_REFERENCE_V1
ec0fc543455c35ec5cd8165ae01023167fa2520e1ce311ddaea6c7fb091fbc03,MITDB_P203,203,10000000,0,20260927,1,2.340056896209717,0.9121406078338623,35,V2-002-F00-S20260927,a72ac38ce4df2be3a418366a097fbe027ef38d9964f5b1b5705df5f48169be84,MODEL_V1_CV_REFERENCE_V1
ec2c7e6502323e2e1d2d001146d576d186b844c1f71321653e1bf584f215de57,MITDB_P209,209,620000000,0,20260927,1,1.275311827659607,0.7816506624221802,35,V2-002-F00-S20260927,a72ac38ce4df2be3a418366a097fbe027ef38d9964f5b1b5705df5f48169be84,MODEL_V1_CV_REFERENCE_V1
ec34700500a7ac67ccc8e5b7e33608f91993b472e4787b8125a97ebca921bc8a,MITDB_P203,203,845000000,0,20260927,1,15.594135284423828,0.9999998807907104,35,V2-002-F00-S20260927,a72ac38ce4df2be3a418366a097fbe027ef38d9964f5b1b5705df5f48169be84,MODEL_V1_CV_REFERENCE_V1
ec4e3e98622686be640f053a198ee86c2e483ecf548820001c84190ca2e87a09,MITDB_P124,124,970000000,0,20260927,0,6.802773475646973,0.9988905787467957,35,V2-002-F00-S20260927,a72ac38ce4df2be3a418366a097fbe027ef38d9964f5b1b5705df5f48169be84,MODEL_V1_CV_REFERENCE_V1
ec973e900ba224320639acfe7b31d7ceaa3b27967a333ba6352bafb318e7bb67,MITDB_P209,209,75000000,0,20260927,1,9.95059585571289,0.9999523162841797,35,V2-002-F00-S20260927,a72ac38ce4df2be3a418366a097fbe027ef38d9964f5b1b5705df5f48169be84,MODEL_V1_CV_REFERENCE_V1
ec9de39a61baaf30fa874fc55d998bdb1264216ec08f44bb95b0cbad511aae27,MITDB_P212,212,785000000,0,20260927,0,0.11577111482620239,0.5289104580879211,35,V2-002-F00-S20260927,a72ac38ce4df2be3a418366a097fbe027ef38d9964f5b1b5705df5f48169be84,MODEL_V1_CV_REFERENCE_V1
ececd1eba739f83272179eaeb322d0b7ccf46896380ee7b345ba1f7ce45299f8,MITDB_P124,124,1230000000,0,20260927,0,6.71258020401001,0.9987859129905701,35,V2-002-F00-S20260927,a72ac38ce4df2be3a418366a097fbe027ef38d9964f5b1b5705df5f48169be84,MODEL_V1_CV_REFERENCE_V1
ecee30c0b55c151bc9dbed4e6ba5352f888376fe8c98f2c0f3a0d0c576b3db85,MITDB_P105,105,1380000000,0,20260927,0,4.825772285461426,0.9920434355735779,35,V2-002-F00-S20260927,a72ac38ce4df2be3a418366a097fbe027ef38d9964f5b1b5705df5f48169be84,MODEL_V1_CV_REFERENCE_V1
ed0b32509df4467a686a61626fce717083107859a0d5d4ef97cf99d16620d36d,MITDB_P212,212,1355000000,0,20260927,0,3.192639112472534,0.9605563879013062,35,V2-002-F00-S20260927,a72ac38ce4df2be3a418366a097fbe027ef38d9964f5b1b5705df5f48169be84,MODEL_V1_CV_REFERENCE_V1
ed0b63d7bacfd45d78a02a9392a4fe7365224565350a47b8d8d271a06e712429,MITDB_P105,105,1440000000,0,20260927,0,9.212518692016602,0.999900221824646,35,V2-002-F00-S20260927,a72ac38ce4df2be3a418366a097fbe027ef38d9964f5b1b5705df5f48169be84,MODEL_V1_CV_REFERENCE_V1
ed511e79105c7c403bb8e7c2795d1e8e8fb7b937d713a5fee86a317e16083b9f,MITDB_P222,222,560000000,0,20260927,1,10.485788345336914,0.9999721050262451,35,V2-002-F00-S20260927,a72ac38ce4df2be3a418366a097fbe027ef38d9964f5b1b5705df5f48169be84,MODEL_V1_CV_REFERENCE_V1
ed6c19f9c133bc79619b64e805b8f1ae6052c3187a7dcff6bb4e626a91b873ae,MITDB_P222,222,990000000,0,20260927,0,9.174607276916504,0.9998964071273804,35,V2-002-F00-S20260927,a72ac38ce4df2be3a418366a097fbe027ef38d9964f5b1b5705df5f48169be84,MODEL_V1_CV_REFERENCE_V1
eddad1f5107bd7e69900eadea5c47ed12218fc4bb7703dac6c5bc20791d8d14b,MITDB_P124,124,1805000000,0,20260927,0,6.487874984741211,0.998480498790741,35,V2-002-F00-S20260927,a72ac38ce4df2be3a418366a097fbe027ef38d9964f5b1b5705df5f48169be84,MODEL_V1_CV_REFERENCE_V1
edee8890cb20af310c5de2164641ff6a4a2af949ded7f593c50ec1591ac0204c,MITDB_P209,209,555000000,0,20260927,1,8.480932235717773,0.9997926354408264,35,V2-002-F00-S20260927,a72ac38ce4df2be3a418366a097fbe027ef38d9964f5b1b5705df5f48169be84,MODEL_V1_CV_REFERENCE_V1
edfc9046da700f1881d598708998b726e45acace7817d38eed54b8947690bd1e,MITDB_P124,124,950000000,0,20260927,0,5.401432514190674,0.9955101013183594,35,V2-002-F00-S20260927,a72ac38ce4df2be3a418366a097fbe027ef38d9964f5b1b5705df5f48169be84,MODEL_V1_CV_REFERENCE_V1
ee3515785e7808450aae84aaaa5857f258bef0ccaf8501ee94ddb7697b710733,MITDB_P124,124,35000000,0,20260927,0,6.792830467224121,0.9988794922828674,35,V2-002-F00-S20260927,a72ac38ce4df2be3a418366a097fbe027ef38d9964f5b1b5705df5f48169be84,MODEL_V1_CV_REFERENCE_V1
ee49b1984ee1721a6393aa0cebc8d826ee444a9b8461089540e4730ab6c79dcc,MITDB_P124,124,1705000000,0,20260927,0,2.795891046524048,0.9424533843994141,35,V2-002-F00-S20260927,a72ac38ce4df2be3a418366a097fbe027ef38d9964f5b1b5705df5f48169be84,MODEL_V1_CV_REFERENCE_V1
ee5de16222af722914eb29394024307d7013097591b992168c05fd4a9edaa1a1,MITDB_P209,209,385000000,0,20260927,1,12.566665649414062,0.999996542930603,35,V2-002-F00-S20260927,a72ac38ce4df2be3a418366a097fbe027ef38d9964f5b1b5705df5f48169be84,MODEL_V1_CV_REFERENCE_V1
ee6b5eb11dde405bb4f556a01edb4ed0784c25ed953a9cb5c11b28a2e910dbed,MITDB_P203,203,1800000000,0,20260927,1,12.383975982666016,0.9999958276748657,35,V2-002-F00-S20260927,a72ac38ce4df2be3a418366a097fbe027ef38d9964f5b1b5705df5f48169be84,MODEL_V1_CV_REFERENCE_V1
eea1913268a8e93a788839bc2d36822c9fd906cec83d76330faee2a9960ac902,MITDB_P222,222,690000000,0,20260927,1,4.398667335510254,0.9878556132316589,35,V2-002-F00-S20260927,a72ac38ce4df2be3a418366a097fbe027ef38d9964f5b1b5705df5f48169be84,MODEL_V1_CV_REFERENCE_V1
eebe5369ec41559446a5a265b95769bfb53033fee9de56aea4908d98b8a691ba,MITDB_P203,203,1040000000,0,20260927,1,17.602046966552734,1.0,35,V2-002-F00-S20260927,a72ac38ce4df2be3a418366a097fbe027ef38d9964f5b1b5705df5f48169be84,MODEL_V1_CV_REFERENCE_V1
eedf769dee3726de783f6489b35b5c73d4825c366e093eb0e8b6b4c16a639f0f,MITDB_P212,212,1470000000,0,20260927,0,6.678920269012451,0.9987443685531616,35,V2-002-F00-S20260927,a72ac38ce4df2be3a418366a097fbe027ef38d9964f5b1b5705df5f48169be84,MODEL_V1_CV_REFERENCE_V1
eef23b30e37146bf0969342e62578970a6b97e954a1fc52f69cc6e88cc73fb9b,MITDB_P209,209,880000000,0,20260927,0,8.74083137512207,0.9998400211334229,35,V2-002-F00-S20260927,a72ac38ce4df2be3a418366a097fbe027ef38d9964f5b1b5705df5f48169be84,MODEL_V1_CV_REFERENCE_V1
ef0fd3ffdcd0b9a82d7775a4307b985f4bff741e5260c97a6cf6ca85f4770730,MITDB_P209,209,465000000,0,20260927,0,4.470002174377441,0.9886822700500488,35,V2-002-F00-S20260927,a72ac38ce4df2be3a418366a097fbe027ef38d9964f5b1b5705df5f48169be84,MODEL_V1_CV_REFERENCE_V1
ef2b01ecf201efd1521a897fc05661219915c30e9b1dce0191e1bb4250f661ba,MITDB_P124,124,570000000,0,20260927,0,4.784967422485352,0.9917147755622864,35,V2-002-F00-S20260927,a72ac38ce4df2be3a418366a097fbe027ef38d9964f5b1b5705df5f48169be84,MODEL_V1_CV_REFERENCE_V1
ef32b697c98b8c9fd18d2518af182662a4b4a69cd1180efb31122a08e8d7636d,MITDB_P212,212,1655000000,0,20260927,0,-0.3161800801753998,0.42160698771476746,35,V2-002-F00-S20260927,a72ac38ce4df2be3a418366a097fbe027ef38d9964f5b1b5705df5f48169be84,MODEL_V1_CV_REFERENCE_V1
ef40cb422c9a8756d618e653ea7555c34de17ccc10bda43888b9f88295b8322b,MITDB_P203,203,520000000,0,20260927,1,20.687997817993164,1.0,35,V2-002-F00-S20260927,a72ac38ce4df2be3a418366a097fbe027ef38d9964f5b1b5705df5f48169be84,MODEL_V1_CV_REFERENCE_V1
ef512adf04639b219b24606c5d6dd76ae345aa8fbcda4cd628d39404dbb1a4f5,MITDB_P124,124,730000000,0,20260927,0,5.860352993011475,0.9971578121185303,35,V2-002-F00-S20260927,a72ac38ce4df2be3a418366a097fbe027ef38d9964f5b1b5705df5f48169be84,MODEL_V1_CV_REFERENCE_V1
efac1d638dec89e57eaa29bc5f70adb726e2077110b9884308a52564259bfebe,MITDB_P212,212,945000000,0,20260927,0,15.309893608093262,0.9999997615814209,35,V2-002-F00-S20260927,a72ac38ce4df2be3a418366a097fbe027ef38d9964f5b1b5705df5f48169be84,MODEL_V1_CV_REFERENCE_V1
efadfb43f84a99da58862fe55bd732a8a62fab5dd3c274407048e90da25cab67,MITDB_P203,203,1590000000,0,20260927,1,15.507791519165039,0.9999997615814209,35,V2-002-F00-S20260927,a72ac38ce4df2be3a418366a097fbe027ef38d9964f5b1b5705df5f48169be84,MODEL_V1_CV_REFERENCE_V1
efbb36fcdf0a56ae56c1f6ba07abefaebc76200fdeddc198dea3a6815a533661,MITDB_P222,222,435000000,0,20260927,0,17.160825729370117,1.0,35,V2-002-F00-S20260927,a72ac38ce4df2be3a418366a097fbe027ef38d9964f5b1b5705df5f48169be84,MODEL_V1_CV_REFERENCE_V1
efc74b59f03192968189bdb00b09d180cf11bc72aff0f2fe4f97857a3e8f5ca7,MITDB_P209,209,985000000,0,20260927,0,6.2937331199646,0.9981555342674255,35,V2-002-F00-S20260927,a72ac38ce4df2be3a418366a097fbe027ef38d9964f5b1b5705df5f48169be84,MODEL_V1_CV_REFERENCE_V1
efc92485dd92723e0f4628d9c2e5587bff69da98ad125d6e55b02cc2d1022dc5,MITDB_P105,105,1195000000,0,20260927,1,3.3361871242523193,0.9656496047973633,35,V2-002-F00-S20260927,a72ac38ce4df2be3a418366a097fbe027ef38d9964f5b1b5705df5f48169be84,MODEL_V1_CV_REFERENCE_V1
eff9246f27ddf0bbe248bd46f893b3ebca37367deccd6ebbe535fa9af4dc4a17,MITDB_P222,222,1300000000,0,20260927,1,7.973747730255127,0.9996557235717773,35,V2-002-F00-S20260927,a72ac38ce4df2be3a418366a097fbe027ef38d9964f5b1b5705df5f48169be84,MODEL_V1_CV_REFERENCE_V1
f0188e39d7597f5d7103b4a99ce21dcae07e3ce8eb657abd6434be4dd403bb05,MITDB_P203,203,415000000,0,20260927,1,20.5830135345459,1.0,35,V2-002-F00-S20260927,a72ac38ce4df2be3a418366a097fbe027ef38d9964f5b1b5705df5f48169be84,MODEL_V1_CV_REFERENCE_V1
f01e76bf19e7931bf9a09e674d8b70d56532dc2cee9a60b3ec41f293ae4cd59f,MITDB_P203,203,375000000,0,20260927,0,13.149106979370117,0.9999980926513672,35,V2-002-F00-S20260927,a72ac38ce4df2be3a418366a097fbe027ef38d9964f5b1b5705df5f48169be84,MODEL_V1_CV_REFERENCE_V1
f03044a401e004f269a87c2fe5ac4c786294575232f6d7ff58f79cb70a463e96,MITDB_P222,222,465000000,0,20260927,0,23.842357635498047,1.0,35,V2-002-F00-S20260927,a72ac38ce4df2be3a418366a097fbe027ef38d9964f5b1b5705df5f48169be84,MODEL_V1_CV_REFERENCE_V1
f0412d610fecc68537464f5768711aa44277f8928b9a220a40b9573e3f2cd708,MITDB_P203,203,970000000,0,20260927,1,14.558043479919434,0.9999995231628418,35,V2-002-F00-S20260927,a72ac38ce4df2be3a418366a097fbe027ef38d9964f5b1b5705df5f48169be84,MODEL_V1_CV_REFERENCE_V1
f052bacd089dc1db0361171710dbb54b4f2133c76aa06d0f8c9d492e0406b946,MITDB_P209,209,680000000,0,20260927,0,14.154287338256836,0.9999992847442627,35,V2-002-F00-S20260927,a72ac38ce4df2be3a418366a097fbe027ef38d9964f5b1b5705df5f48169be84,MODEL_V1_CV_REFERENCE_V1
f05c13f0ac615b330eed265b7de6a53909c879863cbdc2a227eec7f919966c42,MITDB_P222,222,305000000,0,20260927,0,17.56439971923828,1.0,35,V2-002-F00-S20260927,a72ac38ce4df2be3a418366a097fbe027ef38d9964f5b1b5705df5f48169be84,MODEL_V1_CV_REFERENCE_V1
f07c4ae61d2b46a3382e3bcb1ff5630a44e4fd5b9d2f85ec60803f1c54c62566,MITDB_P222,222,835000000,0,20260927,1,10.567180633544922,0.999974250793457,35,V2-002-F00-S20260927,a72ac38ce4df2be3a418366a097fbe027ef38d9964f5b1b5705df5f48169be84,MODEL_V1_CV_REFERENCE_V1
f08be11877eee3d335731b891cd417deb3e14683763d2e85d90c2515a8ba1b06,MITDB_P212,212,1245000000,0,20260927,0,15.163738250732422,0.9999997615814209,35,V2-002-F00-S20260927,a72ac38ce4df2be3a418366a097fbe027ef38d9964f5b1b5705df5f48169be84,MODEL_V1_CV_REFERENCE_V1
f0b1c770db17cf7b16738fd0d7b557581474b085da0f6d12c387d2e8563149d6,MITDB_P203,203,1650000000,0,20260927,1,11.12399959564209,0.9999852180480957,35,V2-002-F00-S20260927,a72ac38ce4df2be3a418366a097fbe027ef38d9964f5b1b5705df5f48169be84,MODEL_V1_CV_REFERENCE_V1
f0c85798bf840f711a3838176b0678aff3ea0c5a7f5e256d7ae55fc242053f8f,MITDB_P209,209,1150000000,0,20260927,0,4.951726913452148,0.9929785132408142,35,V2-002-F00-S20260927,a72ac38ce4df2be3a418366a097fbe027ef38d9964f5b1b5705df5f48169be84,MODEL_V1_CV_REFERENCE_V1
f0de67b8c378828e8dfe30ffda015e3969fd8775b7bb922a6ccdb2ee29f141d6,MITDB_P222,222,295000000,0,20260927,0,18.094804763793945,1.0,35,V2-002-F00-S20260927,a72ac38ce4df2be3a418366a097fbe027ef38d9964f5b1b5705df5f48169be84,MODEL_V1_CV_REFERENCE_V1
f0f075972c48fbf853ea0d76dccc0851e84b9b43ff807ef20a195444c99e9200,MITDB_P105,105,745000000,0,20260927,0,1.6415650844573975,0.8377477526664734,35,V2-002-F00-S20260927,a72ac38ce4df2be3a418366a097fbe027ef38d9964f5b1b5705df5f48169be84,MODEL_V1_CV_REFERENCE_V1
f0f3eeba8d5d6d14444a7c2b79de0b73c9d831bf6ba0dd148ef9d51d4e9de179,MITDB_P203,203,150000000,0,20260927,1,15.65833854675293,0.9999998807907104,35,V2-002-F00-S20260927,a72ac38ce4df2be3a418366a097fbe027ef38d9964f5b1b5705df5f48169be84,MODEL_V1_CV_REFERENCE_V1
f105c69518310aa2740da9f04df42e4c12a051a646b38766666fef33ca5bfbf1,MITDB_P203,203,900000000,0,20260927,1,12.889782905578613,0.9999974966049194,35,V2-002-F00-S20260927,a72ac38ce4df2be3a418366a097fbe027ef38d9964f5b1b5705df5f48169be84,MODEL_V1_CV_REFERENCE_V1
f140980fda0a9d66308fa6fb7ba7fae59448c9952afa33d69cf773b0335ff3ac,MITDB_P124,124,375000000,0,20260927,0,7.038647651672363,0.9991235136985779,35,V2-002-F00-S20260927,a72ac38ce4df2be3a418366a097fbe027ef38d9964f5b1b5705df5f48169be84,MODEL_V1_CV_REFERENCE_V1
f1628bf71b435ae4ad17a2873d3e0d273106fbca626f00e0e2fd70b395807a8d,MITDB_P222,222,375000000,0,20260927,0,13.343551635742188,0.9999984502792358,35,V2-002-F00-S20260927,a72ac38ce4df2be3a418366a097fbe027ef38d9964f5b1b5705df5f48169be84,MODEL_V1_CV_REFERENCE_V1
f1a6b0f92593d2209e772055785a97f6087f8dcc3c2cb6caab141c50939113ed,MITDB_P212,212,310000000,0,20260927,0,11.848932266235352,0.999992847442627,35,V2-002-F00-S20260927,a72ac38ce4df2be3a418366a097fbe027ef38d9964f5b1b5705df5f48169be84,MODEL_V1_CV_REFERENCE_V1
f1c66edb231ad532d7769899adb9879bdba934caaa63d51e4e5a9382369abd2a,MITDB_P222,222,320000000,0,20260927,0,15.81876277923584,0.9999998807907104,35,V2-002-F00-S20260927,a72ac38ce4df2be3a418366a097fbe027ef38d9964f5b1b5705df5f48169be84,MODEL_V1_CV_REFERENCE_V1
f1e0026a9eb4b79abc3c5dedc43323234079abaf8acb74e6f9241dd509c69540,MITDB_P124,124,255000000,0,20260927,0,6.419771671295166,0.9983736276626587,35,V2-002-F00-S20260927,a72ac38ce4df2be3a418366a097fbe027ef38d9964f5b1b5705df5f48169be84,MODEL_V1_CV_REFERENCE_V1
f211486dac7d9e9a0e9ce63a556c3237dbb13d52f33b4f447e23cb8281cb2d28,MITDB_P203,203,1115000000,0,20260927,0,11.958542823791504,0.9999935626983643,35,V2-002-F00-S20260927,a72ac38ce4df2be3a418366a097fbe027ef38d9964f5b1b5705df5f48169be84,MODEL_V1_CV_REFERENCE_V1
f233f3d0dd47c0de63ca121e68b541f3c4d8a21ae80068dac0a4dfef9bb70a60,MITDB_P222,222,715000000,0,20260927,1,10.913419723510742,0.9999817609786987,35,V2-002-F00-S20260927,a72ac38ce4df2be3a418366a097fbe027ef38d9964f5b1b5705df5f48169be84,MODEL_V1_CV_REFERENCE_V1
f240376b1f49df7ac2388eae78876333a296861821b6beb7d25db2d761dce8ac,MITDB_P105,105,690000000,0,20260927,0,1.9377211332321167,0.8741015791893005,35,V2-002-F00-S20260927,a72ac38ce4df2be3a418366a097fbe027ef38d9964f5b1b5705df5f48169be84,MODEL_V1_CV_REFERENCE_V1
f27d53dd5f9b05cda49edf250acbbacb71bae650d5363ebcb95146076f4f15ff,MITDB_P222,222,1575000000,0,20260927,1,16.647552490234375,1.0,35,V2-002-F00-S20260927,a72ac38ce4df2be3a418366a097fbe027ef38d9964f5b1b5705df5f48169be84,MODEL_V1_CV_REFERENCE_V1
f2eb96f7af4c7a9b7ddd6a4a0b6bf1014b349f03057ede4e7c66950adbf204ca,MITDB_P124,124,250000000,0,20260927,0,5.262358665466309,0.994843602180481,35,V2-002-F00-S20260927,a72ac38ce4df2be3a418366a097fbe027ef38d9964f5b1b5705df5f48169be84,MODEL_V1_CV_REFERENCE_V1
f2eef20b2ff9484ce6328c447082e2ae7b8466b51ee2f817eba887b81b0bc1d5,MITDB_P222,222,115000000,0,20260927,0,7.376722812652588,0.9993748068809509,35,V2-002-F00-S20260927,a72ac38ce4df2be3a418366a097fbe027ef38d9964f5b1b5705df5f48169be84,MODEL_V1_CV_REFERENCE_V1
f320e31b0b1fc7bac966997558a7875e215546f664cdef126c819128fe936467,MITDB_P105,105,1340000000,0,20260927,0,13.05647087097168,0.9999978542327881,35,V2-002-F00-S20260927,a72ac38ce4df2be3a418366a097fbe027ef38d9964f5b1b5705df5f48169be84,MODEL_V1_CV_REFERENCE_V1
f326dc9d57d289c981c3f52b5d23dccc88f101db3fbcce4f78344c96da875336,MITDB_P209,209,275000000,0,20260927,1,8.954471588134766,0.9998708963394165,35,V2-002-F00-S20260927,a72ac38ce4df2be3a418366a097fbe027ef38d9964f5b1b5705df5f48169be84,MODEL_V1_CV_REFERENCE_V1
f33ff02be117ae3da59b080a5f306a2c433249fe4a1fffdbdd2aceb38bcbcb4b,MITDB_P212,212,865000000,0,20260927,0,12.113487243652344,0.9999945163726807,35,V2-002-F00-S20260927,a72ac38ce4df2be3a418366a097fbe027ef38d9964f5b1b5705df5f48169be84,MODEL_V1_CV_REFERENCE_V1
f343f9f3d2f2a12cb47dd7060c7c1d1155b820792acecc0a46bfec588ac9844f,MITDB_P209,209,425000000,0,20260927,1,9.310514450073242,0.999909520149231,35,V2-002-F00-S20260927,a72ac38ce4df2be3a418366a097fbe027ef38d9964f5b1b5705df5f48169be84,MODEL_V1_CV_REFERENCE_V1
f3575367c94baffd2c1cb6cb71038f739a63217af11b1ec9f3ae60cd7452d778,MITDB_P105,105,595000000,0,20260927,0,1.4385417699813843,0.8082287907600403,35,V2-002-F00-S20260927,a72ac38ce4df2be3a418366a097fbe027ef38d9964f5b1b5705df5f48169be84,MODEL_V1_CV_REFERENCE_V1
f3af4ebf86ab4062b52d03fe995c834fa1e9762556b9b1aac7a44784e5cc67ff,MITDB_P124,124,1675000000,0,20260927,0,4.2815117835998535,0.9863666892051697,35,V2-002-F00-S20260927,a72ac38ce4df2be3a418366a097fbe027ef38d9964f5b1b5705df5f48169be84,MODEL_V1_CV_REFERENCE_V1
f3e0cf3cb0ea34c0a03ded74c0590f668d23dbe00f388b3108df9e073e0188c0,MITDB_P124,124,640000000,0,20260927,1,6.506086349487305,0.9985079169273376,35,V2-002-F00-S20260927,a72ac38ce4df2be3a418366a097fbe027ef38d9964f5b1b5705df5f48169be84,MODEL_V1_CV_REFERENCE_V1
f3e72670aa358a442316758070b75473d5456d482ce691f1662998a3c1b5c354,MITDB_P203,203,395000000,0,20260927,1,9.34252643585205,0.9999123811721802,35,V2-002-F00-S20260927,a72ac38ce4df2be3a418366a097fbe027ef38d9964f5b1b5705df5f48169be84,MODEL_V1_CV_REFERENCE_V1
f448481b2658e1227b74fa718c06d6098eb053056375b015f80fd1937169fce5,MITDB_P203,203,170000000,0,20260927,0,13.212721824645996,0.9999982118606567,35,V2-002-F00-S20260927,a72ac38ce4df2be3a418366a097fbe027ef38d9964f5b1b5705df5f48169be84,MODEL_V1_CV_REFERENCE_V1
f4c29114e6b6723d841d62170aa2af1a6a272357d71d4900e7aa65b57a1684a6,MITDB_P124,124,845000000,0,20260927,0,6.086908340454102,0.9977327585220337,35,V2-002-F00-S20260927,a72ac38ce4df2be3a418366a097fbe027ef38d9964f5b1b5705df5f48169be84,MODEL_V1_CV_REFERENCE_V1
f4c31010b182753f57315f3c7652f4dcf2d3a0b9a8d989dc71adca36a7db6b3a,MITDB_P203,203,75000000,0,20260927,1,11.497900009155273,0.9999898672103882,35,V2-002-F00-S20260927,a72ac38ce4df2be3a418366a097fbe027ef38d9964f5b1b5705df5f48169be84,MODEL_V1_CV_REFERENCE_V1
f4d6f8abda68b5ed19ae760fcb7ec23231421a5310f41a7140b52f495fe364da,MITDB_P105,105,235000000,0,20260927,0,1.6065021753311157,0.8329252004623413,35,V2-002-F00-S20260927,a72ac38ce4df2be3a418366a097fbe027ef38d9964f5b1b5705df5f48169be84,MODEL_V1_CV_REFERENCE_V1
f4e10d6c1c396d0631aa740f9eebd265e99123ee4a245af4c9c593cbbd67dcef,MITDB_P212,212,545000000,0,20260927,0,0.08173277974128723,0.5204218626022339,35,V2-002-F00-S20260927,a72ac38ce4df2be3a418366a097fbe027ef38d9964f5b1b5705df5f48169be84,MODEL_V1_CV_REFERENCE_V1
f4feb5faaa21f06f12c9b113e5d74d8b1c8a1bee3f6577edfac597a998a69b19,MITDB_P209,209,1365000000,0,20260927,0,8.612116813659668,0.9998181462287903,35,V2-002-F00-S20260927,a72ac38ce4df2be3a418366a097fbe027ef38d9964f5b1b5705df5f48169be84,MODEL_V1_CV_REFERENCE_V1
f52aec114fef268d76a3573cd6c4b96887042b0132b26fd53f327521331dfe40,MITDB_P124,124,650000000,0,20260927,0,6.872025966644287,0.9989646673202515,35,V2-002-F00-S20260927,a72ac38ce4df2be3a418366a097fbe027ef38d9964f5b1b5705df5f48169be84,MODEL_V1_CV_REFERENCE_V1
f551be6a20f075cea8013c90baf3b7a501486a5747df5b7634da78498f167576,MITDB_P124,124,980000000,0,20260927,0,5.9275312423706055,0.997342050075531,35,V2-002-F00-S20260927,a72ac38ce4df2be3a418366a097fbe027ef38d9964f5b1b5705df5f48169be84,MODEL_V1_CV_REFERENCE_V1
f55e7f7695530509b6a9b48fcda94c2a0bb102a56b9e8d6740bf2f2c66f8dd8f,MITDB_P105,105,1090000000,0,20260927,0,-1.015733003616333,0.2658593952655792,35,V2-002-F00-S20260927,a72ac38ce4df2be3a418366a097fbe027ef38d9964f5b1b5705df5f48169be84,MODEL_V1_CV_REFERENCE_V1
f56cb6175983faa467844323a94b234ee8155480f5a7a2cf5e400b77cd558ae0,MITDB_P222,222,1010000000,0,20260927,0,4.850481986999512,0.9922360777854919,35,V2-002-F00-S20260927,a72ac38ce4df2be3a418366a097fbe027ef38d9964f5b1b5705df5f48169be84,MODEL_V1_CV_REFERENCE_V1
f58298a5f8df34dd005fa6af43ad30788c343d75490f8e13542d42b6e0dada12,MITDB_P222,222,955000000,0,20260927,0,15.396093368530273,0.9999997615814209,35,V2-002-F00-S20260927,a72ac38ce4df2be3a418366a097fbe027ef38d9964f5b1b5705df5f48169be84,MODEL_V1_CV_REFERENCE_V1
f58d63b91738cf769e8ba4ad91194e97cee887b5b5077e529a3f899ca275ac5b,MITDB_P105,105,30000000,0,20260927,1,2.8833553791046143,0.9470174908638,35,V2-002-F00-S20260927,a72ac38ce4df2be3a418366a097fbe027ef38d9964f5b1b5705df5f48169be84,MODEL_V1_CV_REFERENCE_V1
f5a2917ced45eb8d22090dee739668e7f39041ba8ebec77ba8e711764417fda1,MITDB_P203,203,730000000,0,20260927,1,19.931943893432617,1.0,35,V2-002-F00-S20260927,a72ac38ce4df2be3a418366a097fbe027ef38d9964f5b1b5705df5f48169be84,MODEL_V1_CV_REFERENCE_V1
f5c1ba1c07e031546ed0995695205d09488ca61403c2434e152c51e9fdc44d61,MITDB_P209,209,1330000000,0,20260927,0,4.421719551086426,0.9881290793418884,35,V2-002-F00-S20260927,a72ac38ce4df2be3a418366a097fbe027ef38d9964f5b1b5705df5f48169be84,MODEL_V1_CV_REFERENCE_V1
f5da8f35edf79125f6b02ef8eb8c71221f3e7f52c4d6ff09cba5aea4cc0300ef,MITDB_P105,105,775000000,0,20260927,0,1.1537582874298096,0.7601966857910156,35,V2-002-F00-S20260927,a72ac38ce4df2be3a418366a097fbe027ef38d9964f5b1b5705df5f48169be84,MODEL_V1_CV_REFERENCE_V1
f5e41c8cb7a4ee4c60eb2b16ea93a70fa01144ce11304858955bd5784e336411,MITDB_P124,124,1250000000,0,20260927,0,5.583726406097412,0.9962555170059204,35,V2-002-F00-S20260927,a72ac38ce4df2be3a418366a097fbe027ef38d9964f5b1b5705df5f48169be84,MODEL_V1_CV_REFERENCE_V1
f5e50e49bea14cc2ef71a52b87494ac5d3fec5438cbe631b28d7d4f601b34258,MITDB_P203,203,1165000000,0,20260927,1,18.626358032226562,1.0,35,V2-002-F00-S20260927,a72ac38ce4df2be3a418366a097fbe027ef38d9964f5b1b5705df5f48169be84,MODEL_V1_CV_REFERENCE_V1
f5e5ca94dad8351e34a35509226196100c56aed7dce450da874942fd68ed749e,MITDB_P212,212,1075000000,0,20260927,0,18.170713424682617,1.0,35,V2-002-F00-S20260927,a72ac38ce4df2be3a418366a097fbe027ef38d9964f5b1b5705df5f48169be84,MODEL_V1_CV_REFERENCE_V1
f5fd46a28ee05317bfbdbbbd85b9c92420c99d9b26db4e05385d02bbc22c02ad,MITDB_P209,209,235000000,0,20260927,0,11.428842544555664,0.9999891519546509,35,V2-002-F00-S20260927,a72ac38ce4df2be3a418366a097fbe027ef38d9964f5b1b5705df5f48169be84,MODEL_V1_CV_REFERENCE_V1
f5fe024d82f50f9745d51274132850397f0647b1600032f6d64415120d6fd845,MITDB_P212,212,495000000,0,20260927,0,10.544233322143555,0.9999736547470093,35,V2-002-F00-S20260927,a72ac38ce4df2be3a418366a097fbe027ef38d9964f5b1b5705df5f48169be84,MODEL_V1_CV_REFERENCE_V1
f5fe24e34330099d2fd19d0f78ee706b661f69f208e209496acb1ceda5ca737e,MITDB_P212,212,130000000,0,20260927,0,1.5564677715301514,0.8258458971977234,35,V2-002-F00-S20260927,a72ac38ce4df2be3a418366a097fbe027ef38d9964f5b1b5705df5f48169be84,MODEL_V1_CV_REFERENCE_V1
f61a69325aaf7643b886ca05c2b50b17732b5e592f3ad89a847145732672b90f,MITDB_P124,124,865000000,0,20260927,0,5.948629379272461,0.9973974227905273,35,V2-002-F00-S20260927,a72ac38ce4df2be3a418366a097fbe027ef38d9964f5b1b5705df5f48169be84,MODEL_V1_CV_REFERENCE_V1
f650e1d7db15a48db834242ec0d3dbd5569214f62d1aacc1f2f7b27e67429b50,MITDB_P222,222,160000000,0,20260927,0,15.284567832946777,0.9999997615814209,35,V2-002-F00-S20260927,a72ac38ce4df2be3a418366a097fbe027ef38d9964f5b1b5705df5f48169be84,MODEL_V1_CV_REFERENCE_V1
f695414012c1ea07e1744cb92ef11867169da7e242f32fb048bd9b764ef6b02e,MITDB_P105,105,420000000,0,20260927,0,2.197139024734497,0.8999923467636108,35,V2-002-F00-S20260927,a72ac38ce4df2be3a418366a097fbe027ef38d9964f5b1b5705df5f48169be84,MODEL_V1_CV_REFERENCE_V1
f69aed18c1d68a6cea7f8ce95cde4f9d86a9856954a7eb2464040775fe129870,MITDB_P203,203,1435000000,0,20260927,1,8.461089134216309,0.9997884631156921,35,V2-002-F00-S20260927,a72ac38ce4df2be3a418366a097fbe027ef38d9964f5b1b5705df5f48169be84,MODEL_V1_CV_REFERENCE_V1
f69e6f50b1a54b21474ba76ddb992e61a779eb0e0b538d14a7e426c51dc9fbb6,MITDB_P222,222,1135000000,0,20260927,1,6.187678337097168,0.9979496598243713,35,V2-002-F00-S20260927,a72ac38ce4df2be3a418366a097fbe027ef38d9964f5b1b5705df5f48169be84,MODEL_V1_CV_REFERENCE_V1
f6a1f21407d3e0b14d46bc7f8b729cd6bee99e80c1f4db94f2b8db914403af62,MITDB_P124,124,245000000,0,20260927,0,6.759313583374023,0.9988413453102112,35,V2-002-F00-S20260927,a72ac38ce4df2be3a418366a097fbe027ef38d9964f5b1b5705df5f48169be84,MODEL_V1_CV_REFERENCE_V1
f6b53182501e8eb4e0b991b69ae041f0ab98776f2170103e1d1b94ed9da795a6,MITDB_P212,212,50000000,0,20260927,0,17.532756805419922,1.0,35,V2-002-F00-S20260927,a72ac38ce4df2be3a418366a097fbe027ef38d9964f5b1b5705df5f48169be84,MODEL_V1_CV_REFERENCE_V1
f6bd2e10231e6f4c5a239dc0a744ebd605dd0ae0c636f8d4b48f10cae5403cb0,MITDB_P124,124,545000000,0,20260927,0,7.761075973510742,0.9995741248130798,35,V2-002-F00-S20260927,a72ac38ce4df2be3a418366a097fbe027ef38d9964f5b1b5705df5f48169be84,MODEL_V1_CV_REFERENCE_V1
f6e6977212bd1bcd89ec3e2ee143206bf2ae45ffa930a9166739d7c439341d00,MITDB_P212,212,580000000,0,20260927,0,14.055191993713379,0.9999991655349731,35,V2-002-F00-S20260927,a72ac38ce4df2be3a418366a097fbe027ef38d9964f5b1b5705df5f48169be84,MODEL_V1_CV_REFERENCE_V1
f728343506511ed59895ae938e27593cc21fcbc69718e8aed3ba5a7fe1aafe4f,MITDB_P222,222,535000000,0,20260927,1,4.766242504119873,0.9915595650672913,35,V2-002-F00-S20260927,a72ac38ce4df2be3a418366a097fbe027ef38d9964f5b1b5705df5f48169be84,MODEL_V1_CV_REFERENCE_V1
f74b817d3564bdb726278944dc5d8624507f3d34f76be6ef2265445a7ae7ac25,MITDB_P212,212,730000000,0,20260927,0,0.31948181986808777,0.5791979432106018,35,V2-002-F00-S20260927,a72ac38ce4df2be3a418366a097fbe027ef38d9964f5b1b5705df5f48169be84,MODEL_V1_CV_REFERENCE_V1
f78df102ef8144498bdb75cfe3604862c827e420f402934d122c522f2ed00600,MITDB_P209,209,1120000000,0,20260927,1,9.644702911376953,0.9999352693557739,35,V2-002-F00-S20260927,a72ac38ce4df2be3a418366a097fbe027ef38d9964f5b1b5705df5f48169be84,MODEL_V1_CV_REFERENCE_V1
f7941c4b4677d63a129e2be6d9d0f57cfd53bf200cbfd9326c101c2c7b5d6030,MITDB_P209,209,630000000,0,20260927,1,7.761145114898682,0.9995742440223694,35,V2-002-F00-S20260927,a72ac38ce4df2be3a418366a097fbe027ef38d9964f5b1b5705df5f48169be84,MODEL_V1_CV_REFERENCE_V1
f799d8b49a6c4a8a9f74065c1eb90a6b2bbe6e07a01286b3ff5efa2f6830dff9,MITDB_P212,212,420000000,0,20260927,0,8.737749099731445,0.9998395442962646,35,V2-002-F00-S20260927,a72ac38ce4df2be3a418366a097fbe027ef38d9964f5b1b5705df5f48169be84,MODEL_V1_CV_REFERENCE_V1
f7bbc297d4013bf8b7eeedcd9216f429de4e6fd4d84a4c8c485477866f568600,MITDB_P105,105,1765000000,0,20260927,0,8.019983291625977,0.9996713399887085,35,V2-002-F00-S20260927,a72ac38ce4df2be3a418366a097fbe027ef38d9964f5b1b5705df5f48169be84,MODEL_V1_CV_REFERENCE_V1
f7d57bd1e42c84ab8ecf39e164e5fc4d9900aca1b537898d4b8a3dc469feccb8,MITDB_P124,124,1185000000,0,20260927,0,7.697376251220703,0.9995461106300354,35,V2-002-F00-S20260927,a72ac38ce4df2be3a418366a097fbe027ef38d9964f5b1b5705df5f48169be84,MODEL_V1_CV_REFERENCE_V1
f80710393f6227ecb25d824a2240d26818d89ddb0b5ee960a45fac69cc1f239c,MITDB_P105,105,1375000000,0,20260927,0,1.8323538303375244,0.8620418906211853,35,V2-002-F00-S20260927,a72ac38ce4df2be3a418366a097fbe027ef38d9964f5b1b5705df5f48169be84,MODEL_V1_CV_REFERENCE_V1
f812a24da0993bf031e411551f7cd0491ac59f5510d46fb14323712803e977f7,MITDB_P124,124,1615000000,0,20260927,0,6.01431131362915,0.9975624084472656,35,V2-002-F00-S20260927,a72ac38ce4df2be3a418366a097fbe027ef38d9964f5b1b5705df5f48169be84,MODEL_V1_CV_REFERENCE_V1
f8267ce4a1b165ba12b4ebd34d5500892b5fc920dea359a0927a409e19cb08cd,MITDB_P222,222,1315000000,0,20260927,1,6.825203895568848,0.9989151954650879,35,V2-002-F00-S20260927,a72ac38ce4df2be3a418366a097fbe027ef38d9964f5b1b5705df5f48169be84,MODEL_V1_CV_REFERENCE_V1
f8fefb0ecbeb1258defb67d161c948cdbacfcdd017319a814349dfaf873e4096,MITDB_P212,212,1660000000,0,20260927,0,-0.30589625239372253,0.42411673069000244,35,V2-002-F00-S20260927,a72ac38ce4df2be3a418366a097fbe027ef38d9964f5b1b5705df5f48169be84,MODEL_V1_CV_REFERENCE_V1
f92aca238651b124bc74a5c9b5baa241667da0e29ba8dd6b75ec5f79860e409b,MITDB_P203,203,1720000000,0,20260927,1,19.66147804260254,1.0,35,V2-002-F00-S20260927,a72ac38ce4df2be3a418366a097fbe027ef38d9964f5b1b5705df5f48169be84,MODEL_V1_CV_REFERENCE_V1
f952f37e13caf802ce605357075372c2928ab6d315e6746d36a9e8a17d115f3f,MITDB_P124,124,1620000000,0,20260927,0,6.977873802185059,0.999068558216095,35,V2-002-F00-S20260927,a72ac38ce4df2be3a418366a097fbe027ef38d9964f5b1b5705df5f48169be84,MODEL_V1_CV_REFERENCE_V1
f967fc05574b71ba81b9b6d4c4264986984ff4572b47f1677a0a1063c70feb14,MITDB_P222,222,290000000,0,20260927,0,18.55238151550293,1.0,35,V2-002-F00-S20260927,a72ac38ce4df2be3a418366a097fbe027ef38d9964f5b1b5705df5f48169be84,MODEL_V1_CV_REFERENCE_V1
f97646c1354d2882eac25d8496f482ce1a66fe0d1e9943dc33b5cfd0e3640264,MITDB_P222,222,1380000000,0,20260927,1,1.7389576435089111,0.8505546450614929,35,V2-002-F00-S20260927,a72ac38ce4df2be3a418366a097fbe027ef38d9964f5b1b5705df5f48169be84,MODEL_V1_CV_REFERENCE_V1
f9c78c80034e66d2a3ebe68ec96031cad0149e29b21bfb696f676140fd913a66,MITDB_P203,203,65000000,0,20260927,1,14.50198745727539,0.9999995231628418,35,V2-002-F00-S20260927,a72ac38ce4df2be3a418366a097fbe027ef38d9964f5b1b5705df5f48169be84,MODEL_V1_CV_REFERENCE_V1
f9cc85079fcbea6c7b97fc94aa9a6572559ca242cc760f0454fd27c5955c6941,MITDB_P212,212,1375000000,0,20260927,0,-0.6170414686203003,0.3504546284675598,35,V2-002-F00-S20260927,a72ac38ce4df2be3a418366a097fbe027ef38d9964f5b1b5705df5f48169be84,MODEL_V1_CV_REFERENCE_V1
f9f558aae107b90520e4558a4dd4c68d591b2f0a6c4470fc4b47e9e5c5a0c3d5,MITDB_P124,124,1080000000,0,20260927,0,6.094590187072754,0.9977499842643738,35,V2-002-F00-S20260927,a72ac38ce4df2be3a418366a097fbe027ef38d9964f5b1b5705df5f48169be84,MODEL_V1_CV_REFERENCE_V1
fa06496a9cd8dfbb456e67ba8f2a3c6961633d8f6332e5df30b640aba4661c53,MITDB_P105,105,780000000,0,20260927,0,-1.0548936128616333,0.2582865059375763,35,V2-002-F00-S20260927,a72ac38ce4df2be3a418366a097fbe027ef38d9964f5b1b5705df5f48169be84,MODEL_V1_CV_REFERENCE_V1
fa064dde0db0383b46d12d53ecad55d04723d165dd19a8e542a4c5a43a6ded0d,MITDB_P222,222,330000000,0,20260927,0,17.436878204345703,1.0,35,V2-002-F00-S20260927,a72ac38ce4df2be3a418366a097fbe027ef38d9964f5b1b5705df5f48169be84,MODEL_V1_CV_REFERENCE_V1
fa2cf3f56e32062dd5000c54143f68eab4560847ba8564d3c8c4a89a21572623,MITDB_P209,209,1195000000,0,20260927,1,7.222639083862305,0.9992706179618835,35,V2-002-F00-S20260927,a72ac38ce4df2be3a418366a097fbe027ef38d9964f5b1b5705df5f48169be84,MODEL_V1_CV_REFERENCE_V1
fa970aeee6657cd3cff7addefd351d11d1601b2b4cf2409d74db52f7f2508818,MITDB_P105,105,525000000,0,20260927,0,1.315114974975586,0.7883678078651428,35,V2-002-F00-S20260927,a72ac38ce4df2be3a418366a097fbe027ef38d9964f5b1b5705df5f48169be84,MODEL_V1_CV_REFERENCE_V1
fabbc1e89a308c8b10a81adb95fed5c2826fe39d0a531962cbaeecde1480e511,MITDB_P212,212,1780000000,0,20260927,0,3.2029826641082764,0.9609463214874268,35,V2-002-F00-S20260927,a72ac38ce4df2be3a418366a097fbe027ef38d9964f5b1b5705df5f48169be84,MODEL_V1_CV_REFERENCE_V1
fabecac77faf7958aa3e3ff6b59de0019a16afd3f11746f94efca0c321017d36,MITDB_P203,203,705000000,0,20260927,1,15.97667121887207,0.9999998807907104,35,V2-002-F00-S20260927,a72ac38ce4df2be3a418366a097fbe027ef38d9964f5b1b5705df5f48169be84,MODEL_V1_CV_REFERENCE_V1
facc4ba15842ab16a52df183525b15436a770ac2f7c4577dc41f8085c7ff2341,MITDB_P124,124,630000000,0,20260927,1,4.195165157318115,0.9851554036140442,35,V2-002-F00-S20260927,a72ac38ce4df2be3a418366a097fbe027ef38d9964f5b1b5705df5f48169be84,MODEL_V1_CV_REFERENCE_V1
faddb0187178647746e18bb506010c67cf19f84a04dae686ea2b7a7566344a8a,MITDB_P212,212,1275000000,0,20260927,0,12.294902801513672,0.9999954700469971,35,V2-002-F00-S20260927,a72ac38ce4df2be3a418366a097fbe027ef38d9964f5b1b5705df5f48169be84,MODEL_V1_CV_REFERENCE_V1
fae361b1dacb44b4d9e27ae3ec3d9ecd6db94fd7cccf6e13662ad622ad8231f5,MITDB_P209,209,175000000,0,20260927,0,11.965426445007324,0.9999936819076538,35,V2-002-F00-S20260927,a72ac38ce4df2be3a418366a097fbe027ef38d9964f5b1b5705df5f48169be84,MODEL_V1_CV_REFERENCE_V1
fb06bb4b06386d63316e57a2829845e06f3deabb1a8c6a499881e331c0895bc3,MITDB_P212,212,1360000000,0,20260927,0,-0.460145503282547,0.3869513273239136,35,V2-002-F00-S20260927,a72ac38ce4df2be3a418366a097fbe027ef38d9964f5b1b5705df5f48169be84,MODEL_V1_CV_REFERENCE_V1
fb2e834f766eb6b68d256cec22528f4652e31b03282799ce29e827848f2c9232,MITDB_P105,105,855000000,0,20260927,0,0.3897078335285187,0.5962123870849609,35,V2-002-F00-S20260927,a72ac38ce4df2be3a418366a097fbe027ef38d9964f5b1b5705df5f48169be84,MODEL_V1_CV_REFERENCE_V1
fb88d52ad62d90982f2890bfd809008a00102a1846647619e595f4b293a5bfbe,MITDB_P209,209,895000000,0,20260927,1,7.111681938171387,0.9991851449012756,35,V2-002-F00-S20260927,a72ac38ce4df2be3a418366a097fbe027ef38d9964f5b1b5705df5f48169be84,MODEL_V1_CV_REFERENCE_V1
fb9fa2e776052c5a2b483d34009046142709e1c21a565326d6d5e8c69d150243,MITDB_P212,212,490000000,0,20260927,0,13.65892219543457,0.9999988079071045,35,V2-002-F00-S20260927,a72ac38ce4df2be3a418366a097fbe027ef38d9964f5b1b5705df5f48169be84,MODEL_V1_CV_REFERENCE_V1
fba29395582b67d3434ef302cb91fff0b7811218630f91aa0cd5a688f16d3e9e,MITDB_P212,212,1235000000,0,20260927,0,13.827269554138184,0.9999990463256836,35,V2-002-F00-S20260927,a72ac38ce4df2be3a418366a097fbe027ef38d9964f5b1b5705df5f48169be84,MODEL_V1_CV_REFERENCE_V1
fbb9411b217afaeba05b0ae3bd8964c2fc25f65a9d8f2dc407b5a9c240435de9,MITDB_P105,105,1695000000,0,20260927,1,17.187149047851562,1.0,35,V2-002-F00-S20260927,a72ac38ce4df2be3a418366a097fbe027ef38d9964f5b1b5705df5f48169be84,MODEL_V1_CV_REFERENCE_V1
fbcb11de75a3802f13a94e5be544e534c98fb0c3a612f91653b427b406e082f8,MITDB_P203,203,1625000000,0,20260927,1,14.512413024902344,0.9999995231628418,35,V2-002-F00-S20260927,a72ac38ce4df2be3a418366a097fbe027ef38d9964f5b1b5705df5f48169be84,MODEL_V1_CV_REFERENCE_V1
fc01a68fa4160f2b53e7aeb9273af4af01f037bf63c431022f0ceeb9b9798119,MITDB_P212,212,85000000,0,20260927,0,-0.32128164172172546,0.4203634262084961,35,V2-002-F00-S20260927,a72ac38ce4df2be3a418366a097fbe027ef38d9964f5b1b5705df5f48169be84,MODEL_V1_CV_REFERENCE_V1
fc3a9d622f36233b3e11aff0af7eb3894755afc672ad27cd9635611bf55f3401,MITDB_P209,209,980000000,0,20260927,0,5.608111381530762,0.9963454604148865,35,V2-002-F00-S20260927,a72ac38ce4df2be3a418366a097fbe027ef38d9964f5b1b5705df5f48169be84,MODEL_V1_CV_REFERENCE_V1
fc41cc33b0d78533b60dfa585124891ec92f422fef9b638288f509f491338c18,MITDB_P222,222,1505000000,0,20260927,1,1.694356083869934,0.8447961807250977,35,V2-002-F00-S20260927,a72ac38ce4df2be3a418366a097fbe027ef38d9964f5b1b5705df5f48169be84,MODEL_V1_CV_REFERENCE_V1
fc59ef503815faad29d9c36af716156985d552d1e42fef07ab9c0e39c51738b9,MITDB_P222,222,1430000000,0,20260927,1,14.997652053833008,0.9999996423721313,35,V2-002-F00-S20260927,a72ac38ce4df2be3a418366a097fbe027ef38d9964f5b1b5705df5f48169be84,MODEL_V1_CV_REFERENCE_V1
fc5e7b45d0759422502d5ca396609612eb0dc018494e158592a4d9d216f5cfe2,MITDB_P105,105,1525000000,0,20260927,0,0.9492398500442505,0.7209622859954834,35,V2-002-F00-S20260927,a72ac38ce4df2be3a418366a097fbe027ef38d9964f5b1b5705df5f48169be84,MODEL_V1_CV_REFERENCE_V1
fca937ee8bbcda76b8458b6d6b0b3bd91c8bedc4eb780fec294d051eb670d07c,MITDB_P124,124,1190000000,0,20260927,0,6.055488586425781,0.9976605176925659,35,V2-002-F00-S20260927,a72ac38ce4df2be3a418366a097fbe027ef38d9964f5b1b5705df5f48169be84,MODEL_V1_CV_REFERENCE_V1
fd00dee32a52f332d092a843dab4af4fc33e68c6fc1e8c58820ec5860bf464dc,MITDB_P222,222,765000000,0,20260927,0,5.995560646057129,0.997516393661499,35,V2-002-F00-S20260927,a72ac38ce4df2be3a418366a097fbe027ef38d9964f5b1b5705df5f48169be84,MODEL_V1_CV_REFERENCE_V1
fd04c71856797a0ae310ce352f08d3d4eab29dea6b75db7162c5b18d9c0f4e30,MITDB_P203,203,1090000000,0,20260927,1,15.080438613891602,0.9999997615814209,35,V2-002-F00-S20260927,a72ac38ce4df2be3a418366a097fbe027ef38d9964f5b1b5705df5f48169be84,MODEL_V1_CV_REFERENCE_V1
fd16accec444fb103412ec6b65abc86398867d644eebe6d1f17230ad811e10ce,MITDB_P105,105,835000000,0,20260927,0,-0.9609135389328003,0.2766953110694885,35,V2-002-F00-S20260927,a72ac38ce4df2be3a418366a097fbe027ef38d9964f5b1b5705df5f48169be84,MODEL_V1_CV_REFERENCE_V1
fd41c705793a39a218162d1c6c7008ba31a960e04870fe82dfdc274cd9c7a19f,MITDB_P105,105,1510000000,0,20260927,0,3.7213330268859863,0.9763702750205994,35,V2-002-F00-S20260927,a72ac38ce4df2be3a418366a097fbe027ef38d9964f5b1b5705df5f48169be84,MODEL_V1_CV_REFERENCE_V1
fd42036d7031867d801f609ad3a4774d702435432f24ae37f0b618d0738928e4,MITDB_P212,212,1145000000,0,20260927,0,-0.24421575665473938,0.43924766778945923,35,V2-002-F00-S20260927,a72ac38ce4df2be3a418366a097fbe027ef38d9964f5b1b5705df5f48169be84,MODEL_V1_CV_REFERENCE_V1
fd5a619a0009d1c838b8d1d4613990d13fdfa3c53c66555e53f5c6a3497df3c0,MITDB_P203,203,835000000,0,20260927,0,12.029205322265625,0.9999940395355225,35,V2-002-F00-S20260927,a72ac38ce4df2be3a418366a097fbe027ef38d9964f5b1b5705df5f48169be84,MODEL_V1_CV_REFERENCE_V1
fd78388e05d08296f1a0a352ffadf2d627b0d798d193be61a334ca1599cc8e2d,MITDB_P105,105,1295000000,0,20260927,1,4.15087366104126,0.984493613243103,35,V2-002-F00-S20260927,a72ac38ce4df2be3a418366a097fbe027ef38d9964f5b1b5705df5f48169be84,MODEL_V1_CV_REFERENCE_V1
fd7ceecb6dde9fb858c3e3103ddef62111be62e2d88b653cc5ce276d4fa1e65e,MITDB_P124,124,805000000,0,20260927,0,4.982799530029297,0.9931917786598206,35,V2-002-F00-S20260927,a72ac38ce4df2be3a418366a097fbe027ef38d9964f5b1b5705df5f48169be84,MODEL_V1_CV_REFERENCE_V1
fda8ec0e59e986dbfa6a9b61ae7c98afed0359571a2d17f2afb44d451986c445,MITDB_P222,222,1375000000,0,20260927,1,1.5738900899887085,0.8283374309539795,35,V2-002-F00-S20260927,a72ac38ce4df2be3a418366a097fbe027ef38d9964f5b1b5705df5f48169be84,MODEL_V1_CV_REFERENCE_V1
fdde4928339448eae3042c95bd04e9392bbec323403b77dbf06d5f43879dbe7a,MITDB_P212,212,860000000,0,20260927,0,14.271299362182617,0.9999994039535522,35,V2-002-F00-S20260927,a72ac38ce4df2be3a418366a097fbe027ef38d9964f5b1b5705df5f48169be84,MODEL_V1_CV_REFERENCE_V1
fde5fc2b7aad491eb6b7166896a912d420c48f4791106c2dac38334297f53b7f,MITDB_P212,212,210000000,0,20260927,0,16.702556610107422,1.0,35,V2-002-F00-S20260927,a72ac38ce4df2be3a418366a097fbe027ef38d9964f5b1b5705df5f48169be84,MODEL_V1_CV_REFERENCE_V1
fe05ed20a6e3958c0bbb61e763d1e3be211423b451e9f96df7789477205c0677,MITDB_P124,124,1690000000,0,20260927,0,5.586822509765625,0.9962671399116516,35,V2-002-F00-S20260927,a72ac38ce4df2be3a418366a097fbe027ef38d9964f5b1b5705df5f48169be84,MODEL_V1_CV_REFERENCE_V1
fe0677239878ed8dc84801792e6bbbf11f16b636548d2af39228bbd294455f9d,MITDB_P212,212,1325000000,0,20260927,0,13.500656127929688,0.9999986886978149,35,V2-002-F00-S20260927,a72ac38ce4df2be3a418366a097fbe027ef38d9964f5b1b5705df5f48169be84,MODEL_V1_CV_REFERENCE_V1
fe135ea0c605aec4fe9635bc1f8b27d8d0a6b8d54ba2cac5c87ca6051f927a5d,MITDB_P203,203,720000000,0,20260927,1,27.211950302124023,1.0,35,V2-002-F00-S20260927,a72ac38ce4df2be3a418366a097fbe027ef38d9964f5b1b5705df5f48169be84,MODEL_V1_CV_REFERENCE_V1
fe39456825e712473bc3c586160dc02e4d65ec79ae393cfc8c477f07879b1b0a,MITDB_P222,222,25000000,0,20260927,0,6.067761421203613,0.9976890087127686,35,V2-002-F00-S20260927,a72ac38ce4df2be3a418366a097fbe027ef38d9964f5b1b5705df5f48169be84,MODEL_V1_CV_REFERENCE_V1
fe9ad4c3af4a14bc965e94304bc2ea5683939901117b1c808415e8c83c95a60d,MITDB_P212,212,1005000000,0,20260927,0,-0.106711745262146,0.47334736585617065,35,V2-002-F00-S20260927,a72ac38ce4df2be3a418366a097fbe027ef38d9964f5b1b5705df5f48169be84,MODEL_V1_CV_REFERENCE_V1
fed18248f637b77522bc482ec22c30e9f896cc268fe0100fea04eca8fba51253,MITDB_P105,105,980000000,0,20260927,0,2.172332763671875,0.8977372646331787,35,V2-002-F00-S20260927,a72ac38ce4df2be3a418366a097fbe027ef38d9964f5b1b5705df5f48169be84,MODEL_V1_CV_REFERENCE_V1
ff105afe5699d329e4ddb3620597cd007b65db4f9c9513e5bcf91cb8c9da42e2,MITDB_P203,203,855000000,0,20260927,1,13.197892189025879,0.9999980926513672,35,V2-002-F00-S20260927,a72ac38ce4df2be3a418366a097fbe027ef38d9964f5b1b5705df5f48169be84,MODEL_V1_CV_REFERENCE_V1
ff108cf76ba5e2a3d15428d3ff6e7a3e8c4aebfaf7cd673ee494f29813a7371c,MITDB_P203,203,1580000000,0,20260927,1,11.227785110473633,0.9999866485595703,35,V2-002-F00-S20260927,a72ac38ce4df2be3a418366a097fbe027ef38d9964f5b1b5705df5f48169be84,MODEL_V1_CV_REFERENCE_V1
ff187f9d2fff6d39aac4e2236ca3c247189b97d553797bb40c4a874d2dd745ce,MITDB_P212,212,1380000000,0,20260927,0,-0.6082118153572083,0.35246720910072327,35,V2-002-F00-S20260927,a72ac38ce4df2be3a418366a097fbe027ef38d9964f5b1b5705df5f48169be84,MODEL_V1_CV_REFERENCE_V1
ff29aa99704d15b80cd26c49f025c4672a277ea88f9cdb164a04c5e449356c0e,MITDB_P212,212,30000000,0,20260927,0,17.32575225830078,1.0,35,V2-002-F00-S20260927,a72ac38ce4df2be3a418366a097fbe027ef38d9964f5b1b5705df5f48169be84,MODEL_V1_CV_REFERENCE_V1
ff35aaa584f8aff6010fa28266ca5f396a3942e74540c54b37f289e961946338,MITDB_P222,222,1185000000,0,20260927,1,5.747130870819092,0.9968181848526001,35,V2-002-F00-S20260927,a72ac38ce4df2be3a418366a097fbe027ef38d9964f5b1b5705df5f48169be84,MODEL_V1_CV_REFERENCE_V1
ff38643811fe800c44f1c3aa121c8fdbaf78923df0aba9a2950786a32408aab0,MITDB_P212,212,1080000000,0,20260927,0,16.30122947692871,0.9999998807907104,35,V2-002-F00-S20260927,a72ac38ce4df2be3a418366a097fbe027ef38d9964f5b1b5705df5f48169be84,MODEL_V1_CV_REFERENCE_V1
ff83d29c7dd61d37d54372b15b684db0027b64fd10d634dfe50b6e3e43cd33e2,MITDB_P212,212,1390000000,0,20260927,0,-0.03604814410209656,0.49098894000053406,35,V2-002-F00-S20260927,a72ac38ce4df2be3a418366a097fbe027ef38d9964f5b1b5705df5f48169be84,MODEL_V1_CV_REFERENCE_V1
ffc7884d97a2be956a7a168901821cf1c4249cf1af6fcccad80a1518518ba1e6,MITDB_P212,212,1295000000,0,20260927,0,14.54013729095459,0.9999995231628418,35,V2-002-F00-S20260927,a72ac38ce4df2be3a418366a097fbe027ef38d9964f5b1b5705df5f48169be84,MODEL_V1_CV_REFERENCE_V1
ffdc9b3d0ba9ccbb101d1f233d95b036064ac7b507b783f941aaf04af4ceb0fd,MITDB_P203,203,540000000,0,20260927,1,14.8495512008667,0.9999996423721313,35,V2-002-F00-S20260927,a72ac38ce4df2be3a418366a097fbe027ef38d9964f5b1b5705df5f48169be84,MODEL_V1_CV_REFERENCE_V1
fff20c3bc434c6056b8db951e27a83f30bd942fb0b451e7ce15b892fccaaf995,MITDB_P212,212,455000000,0,20260927,0,15.80020523071289,0.9999998807907104,35,V2-002-F00-S20260927,a72ac38ce4df2be3a418366a097fbe027ef38d9964f5b1b5705df5f48169be84,MODEL_V1_CV_REFERENCE_V1
