example_id,participant_group_id,record_id,prediction_timestamp_us,outer_fold,seed,architecture_id,label,raw_logit,raw_probability,selected_epoch,experiment_id,checkpoint_sha256
0019ae74f4a7e8d521c53ebac6b021458dc443e1635ab56186af3e623dafda71,MITDB_P223,223,785000000,3,20260927,MODEL_V2_TCN_MEAN,0,-2.7735321521759033,0.058771319687366486,5,V2-004-D1-TCNMEAN-F03-S20260927,f02c47aad1549dbd9710aef224c49f59b190eb0ed6cee1ba2a4cc8908a386ca7
001c8c8c997512329fae0ba53c358d5f9546963c4a0eae150de2a1daf7e456c9,MITDB_P208,208,875000000,3,20260927,MODEL_V2_TCN_MEAN,1,13.608194351196289,0.9999988079071045,5,V2-004-D1-TCNMEAN-F03-S20260927,f02c47aad1549dbd9710aef224c49f59b190eb0ed6cee1ba2a4cc8908a386ca7
003911bf0ded8a0c34525562af41f85d1dd45d7cf7180bccf59ed170a17c25f3,MITDB_P208,208,700000000,3,20260927,MODEL_V2_TCN_MEAN,1,12.919898986816406,0.9999974966049194,5,V2-004-D1-TCNMEAN-F03-S20260927,f02c47aad1549dbd9710aef224c49f59b190eb0ed6cee1ba2a4cc8908a386ca7
005efc5dc523644f6a958e3959aafbe02171428eb6df071d6b671aaf51fe365c,MITDB_P208,208,1610000000,3,20260927,MODEL_V2_TCN_MEAN,1,9.901976585388184,0.9999499320983887,5,V2-004-D1-TCNMEAN-F03-S20260927,f02c47aad1549dbd9710aef224c49f59b190eb0ed6cee1ba2a4cc8908a386ca7
0090ce6de440b0752bb57243bfc6672fc43f0c0f8683dd9bbbe8cd336ef7401c,MITDB_P208,208,1725000000,3,20260927,MODEL_V2_TCN_MEAN,1,12.208406448364258,0.9999949932098389,5,V2-004-D1-TCNMEAN-F03-S20260927,f02c47aad1549dbd9710aef224c49f59b190eb0ed6cee1ba2a4cc8908a386ca7
00c03eeffc85ab91b9320992eeac2f452285ffb20b486c1e7f6c18df91acd10f,MITDB_P223,223,155000000,3,20260927,MODEL_V2_TCN_MEAN,1,0.6490398645401001,0.6567940711975098,5,V2-004-D1-TCNMEAN-F03-S20260927,f02c47aad1549dbd9710aef224c49f59b190eb0ed6cee1ba2a4cc8908a386ca7
00c2983189146aa611c3296d59c39b5031db91a5f28a72ce1ca268d17a920c40,MITDB_P223,223,815000000,3,20260927,MODEL_V2_TCN_MEAN,1,2.1012520790100098,0.8910247683525085,5,V2-004-D1-TCNMEAN-F03-S20260927,f02c47aad1549dbd9710aef224c49f59b190eb0ed6cee1ba2a4cc8908a386ca7
00ea14b261f7fb0e6c513671a4594c2abc0686c6282f783d01ac734c772b4c54,MITDB_P223,223,85000000,3,20260927,MODEL_V2_TCN_MEAN,0,-2.996081590652466,0.04760320484638214,5,V2-004-D1-TCNMEAN-F03-S20260927,f02c47aad1549dbd9710aef224c49f59b190eb0ed6cee1ba2a4cc8908a386ca7
00f2699194079c03d3cf9de805fdadc180017e93dba75520155bd757a3693456,MITDB_P223,223,1460000000,3,20260927,MODEL_V2_TCN_MEAN,1,0.6082479953765869,0.6475410461425781,5,V2-004-D1-TCNMEAN-F03-S20260927,f02c47aad1549dbd9710aef224c49f59b190eb0ed6cee1ba2a4cc8908a386ca7
0104b09d911eaa71f9b252e4d4b9d03314aa8ad8c8818ffe4c7ca29497aeff43,MITDB_P121,121,1755000000,3,20260927,MODEL_V2_TCN_MEAN,0,-5.426187038421631,0.004380566533654928,5,V2-004-D1-TCNMEAN-F03-S20260927,f02c47aad1549dbd9710aef224c49f59b190eb0ed6cee1ba2a4cc8908a386ca7
0171f6f1ca52b7bd6f9b14a0a56e98beb3a1468b5b12bfba1392f615eb2d6114,MITDB_P208,208,315000000,3,20260927,MODEL_V2_TCN_MEAN,1,10.688579559326172,0.9999772310256958,5,V2-004-D1-TCNMEAN-F03-S20260927,f02c47aad1549dbd9710aef224c49f59b190eb0ed6cee1ba2a4cc8908a386ca7
022230e26cd73e748be4c4e30297f131586ee98d98b0fbb043d1ab077a2c89a2,MITDB_P223,223,755000000,3,20260927,MODEL_V2_TCN_MEAN,1,15.515114784240723,0.9999997615814209,5,V2-004-D1-TCNMEAN-F03-S20260927,f02c47aad1549dbd9710aef224c49f59b190eb0ed6cee1ba2a4cc8908a386ca7
025a76ac3cb89951a60e7f92ffa7f5a596ba4de64e82e65154ed56536d5f485a,MITDB_P121,121,1625000000,3,20260927,MODEL_V2_TCN_MEAN,0,-2.9315381050109863,0.05061636120080948,5,V2-004-D1-TCNMEAN-F03-S20260927,f02c47aad1549dbd9710aef224c49f59b190eb0ed6cee1ba2a4cc8908a386ca7
0293ef8aa083f088146afc3c40f9c6d5232f9e850709a3b8ebfe25f41effa047,MITDB_P114,114,385000000,3,20260927,MODEL_V2_TCN_MEAN,0,0.1269252449274063,0.5316887497901917,5,V2-004-D1-TCNMEAN-F03-S20260927,f02c47aad1549dbd9710aef224c49f59b190eb0ed6cee1ba2a4cc8908a386ca7
02a1c255c0d25c36593a109c858f8cc1407e60356e23b6eaf3aecc144324406a,MITDB_P208,208,1220000000,3,20260927,MODEL_V2_TCN_MEAN,1,3.9897115230560303,0.9818311333656311,5,V2-004-D1-TCNMEAN-F03-S20260927,f02c47aad1549dbd9710aef224c49f59b190eb0ed6cee1ba2a4cc8908a386ca7
02b7c61673ea425f78c7a0529d34e88468ae980dc0ebd897fa99879fc181dbb1,MITDB_P121,121,1035000000,3,20260927,MODEL_V2_TCN_MEAN,0,-4.79313850402832,0.008218309842050076,5,V2-004-D1-TCNMEAN-F03-S20260927,f02c47aad1549dbd9710aef224c49f59b190eb0ed6cee1ba2a4cc8908a386ca7
02b93ba54596ee24b0374640e85ff090dcd89cf65fb4e55bc26cc1e639c4ccc9,MITDB_P114,114,1420000000,3,20260927,MODEL_V2_TCN_MEAN,0,2.986693859100342,0.95196932554245,5,V2-004-D1-TCNMEAN-F03-S20260927,f02c47aad1549dbd9710aef224c49f59b190eb0ed6cee1ba2a4cc8908a386ca7
02bc50b475a9f6ed80f60e1ba889982a0756c781e4dbd729ea9f95547da4b7c4,MITDB_P114,114,1465000000,3,20260927,MODEL_V2_TCN_MEAN,0,-0.14589358866214752,0.46359115839004517,5,V2-004-D1-TCNMEAN-F03-S20260927,f02c47aad1549dbd9710aef224c49f59b190eb0ed6cee1ba2a4cc8908a386ca7
02bee48992b12b36a3089a15d578a550e0a315f2ce36d4dca02f6523fb95d695,MITDB_P121,121,1310000000,3,20260927,MODEL_V2_TCN_MEAN,0,-3.9541845321655273,0.018813561648130417,5,V2-004-D1-TCNMEAN-F03-S20260927,f02c47aad1549dbd9710aef224c49f59b190eb0ed6cee1ba2a4cc8908a386ca7
02c14880843d96f7e08b958f3289a11c3fab7e653d49c7572e38a133b530fe9f,MITDB_P114,114,585000000,3,20260927,MODEL_V2_TCN_MEAN,0,2.0848803520202637,0.8894249796867371,5,V2-004-D1-TCNMEAN-F03-S20260927,f02c47aad1549dbd9710aef224c49f59b190eb0ed6cee1ba2a4cc8908a386ca7
02d1c730176b5fbb810bbb521fa353c4aaf595467d26634bbb1697c42a129cb9,MITDB_P121,121,1240000000,3,20260927,MODEL_V2_TCN_MEAN,0,-3.9366631507873535,0.019139740616083145,5,V2-004-D1-TCNMEAN-F03-S20260927,f02c47aad1549dbd9710aef224c49f59b190eb0ed6cee1ba2a4cc8908a386ca7
02e6e83eb2826c6a92033a49c7087c21d6dbe967362b4aab1646ba9a002d04ac,MITDB_P114,114,290000000,3,20260927,MODEL_V2_TCN_MEAN,1,5.772556781768799,0.99689781665802,5,V2-004-D1-TCNMEAN-F03-S20260927,f02c47aad1549dbd9710aef224c49f59b190eb0ed6cee1ba2a4cc8908a386ca7
03154b845173e28c27e56bfe0d1d2c63c1b0b4078f8184c3ba6cc24871428c8b,MITDB_P114,114,1225000000,3,20260927,MODEL_V2_TCN_MEAN,0,2.070523500442505,0.8880050182342529,5,V2-004-D1-TCNMEAN-F03-S20260927,f02c47aad1549dbd9710aef224c49f59b190eb0ed6cee1ba2a4cc8908a386ca7
0327cbb0854e8b71dc38355291e364ac86cb4478bb935abd0094aed3f907f254,MITDB_P103,103,1650000000,3,20260927,MODEL_V2_TCN_MEAN,0,-1.6425517797470093,0.16211813688278198,5,V2-004-D1-TCNMEAN-F03-S20260927,f02c47aad1549dbd9710aef224c49f59b190eb0ed6cee1ba2a4cc8908a386ca7
03402de7bc5bfc8b653d77648a015bae147a91816885822945314fdb8ddf8756,MITDB_P121,121,1775000000,3,20260927,MODEL_V2_TCN_MEAN,0,-6.6856465339660645,0.0012471498921513557,5,V2-004-D1-TCNMEAN-F03-S20260927,f02c47aad1549dbd9710aef224c49f59b190eb0ed6cee1ba2a4cc8908a386ca7
035fcd644d243b896069a470bad264e7383c3d6746a792b4f92fb5e3a2c63e80,MITDB_P208,208,350000000,3,20260927,MODEL_V2_TCN_MEAN,1,10.625433921813965,0.9999756813049316,5,V2-004-D1-TCNMEAN-F03-S20260927,f02c47aad1549dbd9710aef224c49f59b190eb0ed6cee1ba2a4cc8908a386ca7
03625aa16c3eb4bd51c43790b79b1118dd7dce6234ffc52e38ccf2c8de8b6b66,MITDB_P208,208,540000000,3,20260927,MODEL_V2_TCN_MEAN,1,15.309591293334961,0.9999997615814209,5,V2-004-D1-TCNMEAN-F03-S20260927,f02c47aad1549dbd9710aef224c49f59b190eb0ed6cee1ba2a4cc8908a386ca7
038b98a3ca033da5568afc3bcb16d68fd06d2c70814673c6a0a132b401829867,MITDB_P208,208,1405000000,3,20260927,MODEL_V2_TCN_MEAN,1,9.773172378540039,0.9999430179595947,5,V2-004-D1-TCNMEAN-F03-S20260927,f02c47aad1549dbd9710aef224c49f59b190eb0ed6cee1ba2a4cc8908a386ca7
03d209aaabff65ad1f868d7817818f6c2de929b358ec8a7a52995722daf843f7,MITDB_P114,114,1530000000,3,20260927,MODEL_V2_TCN_MEAN,0,-1.1799649000167847,0.2350585013628006,5,V2-004-D1-TCNMEAN-F03-S20260927,f02c47aad1549dbd9710aef224c49f59b190eb0ed6cee1ba2a4cc8908a386ca7
041ae1f707db1f65b0af11110d73b20f803e0ab26a4d2fb88be4c7e4dc4e4e2b,MITDB_P208,208,745000000,3,20260927,MODEL_V2_TCN_MEAN,1,13.995338439941406,0.9999991655349731,5,V2-004-D1-TCNMEAN-F03-S20260927,f02c47aad1549dbd9710aef224c49f59b190eb0ed6cee1ba2a4cc8908a386ca7
0424a4e2f2f19a8dc4e27a9db153ee7c043a4bb40e3eb52901dffdecb0c79dad,MITDB_P223,223,1515000000,3,20260927,MODEL_V2_TCN_MEAN,1,5.468557834625244,0.9958004355430603,5,V2-004-D1-TCNMEAN-F03-S20260927,f02c47aad1549dbd9710aef224c49f59b190eb0ed6cee1ba2a4cc8908a386ca7
046975ec61d42bffbfb835d7f1a21bf0507dd63589dec107561f8a891abd0b55,MITDB_P208,208,1455000000,3,20260927,MODEL_V2_TCN_MEAN,1,11.165135383605957,0.9999858140945435,5,V2-004-D1-TCNMEAN-F03-S20260927,f02c47aad1549dbd9710aef224c49f59b190eb0ed6cee1ba2a4cc8908a386ca7
046ba8abda2a18cca993e57d5a1ed615ed58db294fcbe8069ffb62a2dd2001ab,MITDB_P114,114,1690000000,3,20260927,MODEL_V2_TCN_MEAN,0,2.886594772338867,0.9471797943115234,5,V2-004-D1-TCNMEAN-F03-S20260927,f02c47aad1549dbd9710aef224c49f59b190eb0ed6cee1ba2a4cc8908a386ca7
047c65742e5d01be737007cf187ada390f1f601611859afa218fe9437f52edab,MITDB_P114,114,1200000000,3,20260927,MODEL_V2_TCN_MEAN,0,3.808396577835083,0.9782976508140564,5,V2-004-D1-TCNMEAN-F03-S20260927,f02c47aad1549dbd9710aef224c49f59b190eb0ed6cee1ba2a4cc8908a386ca7
04f415b40983a709c65935c0f3c39ebdf8c181c4f7d0b14c97fd4325838a4341,MITDB_P121,121,500000000,3,20260927,MODEL_V2_TCN_MEAN,0,-5.176233768463135,0.005617508199065924,5,V2-004-D1-TCNMEAN-F03-S20260927,f02c47aad1549dbd9710aef224c49f59b190eb0ed6cee1ba2a4cc8908a386ca7
0529862d72e0dd4f58915477bf93d1dbf3200efaebe4c3805bf28cc59f1e92b0,MITDB_P103,103,935000000,3,20260927,MODEL_V2_TCN_MEAN,0,-1.5646061897277832,0.1729866862297058,5,V2-004-D1-TCNMEAN-F03-S20260927,f02c47aad1549dbd9710aef224c49f59b190eb0ed6cee1ba2a4cc8908a386ca7
0539fa56f017818aff7c08ef4942b90a010309622ca219f31f5b4741253a838b,MITDB_P121,121,405000000,3,20260927,MODEL_V2_TCN_MEAN,0,-5.583230972290039,0.003746308386325836,5,V2-004-D1-TCNMEAN-F03-S20260927,f02c47aad1549dbd9710aef224c49f59b190eb0ed6cee1ba2a4cc8908a386ca7
0556f58a1b172bf756f4f391afeccb63ad0589a760f37cbedeb71297cb192ea4,MITDB_P121,121,275000000,3,20260927,MODEL_V2_TCN_MEAN,0,-3.87935733795166,0.020245740190148354,5,V2-004-D1-TCNMEAN-F03-S20260927,f02c47aad1549dbd9710aef224c49f59b190eb0ed6cee1ba2a4cc8908a386ca7
05980baef1b2003d55bf2476494a295b760c2fb4c0cc99120d889b7819577a34,MITDB_P114,114,845000000,3,20260927,MODEL_V2_TCN_MEAN,1,7.002274990081787,0.9990910291671753,5,V2-004-D1-TCNMEAN-F03-S20260927,f02c47aad1549dbd9710aef224c49f59b190eb0ed6cee1ba2a4cc8908a386ca7
05abffb0799abd97b209dc929e4b086967969a92195cb913356e1a34d0e4d148,MITDB_P114,114,335000000,3,20260927,MODEL_V2_TCN_MEAN,0,0.7840380668640137,0.686549723148346,5,V2-004-D1-TCNMEAN-F03-S20260927,f02c47aad1549dbd9710aef224c49f59b190eb0ed6cee1ba2a4cc8908a386ca7
05be4816c09145e539e96a35e8e4838c40693b755308fe803d7b5296cc89ca60,MITDB_P114,114,160000000,3,20260927,MODEL_V2_TCN_MEAN,0,0.24971571564674377,0.5621065497398376,5,V2-004-D1-TCNMEAN-F03-S20260927,f02c47aad1549dbd9710aef224c49f59b190eb0ed6cee1ba2a4cc8908a386ca7
05d04dc2daacb83581625f7839ea90eb66dc1f08e3dde5bc8bb4ee473e99bdb6,MITDB_P121,121,310000000,3,20260927,MODEL_V2_TCN_MEAN,0,-4.3935723304748535,0.012205689214169979,5,V2-004-D1-TCNMEAN-F03-S20260927,f02c47aad1549dbd9710aef224c49f59b190eb0ed6cee1ba2a4cc8908a386ca7
05d979faa8452c00fb3b5d3b9d3d89b502a8cc125ec556eda828421dbe641eb2,MITDB_P223,223,465000000,3,20260927,MODEL_V2_TCN_MEAN,1,3.9799318313598633,0.9816558957099915,5,V2-004-D1-TCNMEAN-F03-S20260927,f02c47aad1549dbd9710aef224c49f59b190eb0ed6cee1ba2a4cc8908a386ca7
060db85753cdf0c1fd61791fa10f61ffbf826984fb194796e81b879891b450a8,MITDB_P114,114,1425000000,3,20260927,MODEL_V2_TCN_MEAN,0,3.1345834732055664,0.9582970142364502,5,V2-004-D1-TCNMEAN-F03-S20260927,f02c47aad1549dbd9710aef224c49f59b190eb0ed6cee1ba2a4cc8908a386ca7
06359572f8febdd0cecf42a637a8ca87f7bedc8f993098af202307da44560867,MITDB_P103,103,415000000,3,20260927,MODEL_V2_TCN_MEAN,0,-2.73934006690979,0.06069151312112808,5,V2-004-D1-TCNMEAN-F03-S20260927,f02c47aad1549dbd9710aef224c49f59b190eb0ed6cee1ba2a4cc8908a386ca7
063ae34b807ca709a1536715c2469f5ae0f58cba774153b3e05d788781af60c0,MITDB_P208,208,510000000,3,20260927,MODEL_V2_TCN_MEAN,1,13.036404609680176,0.9999978542327881,5,V2-004-D1-TCNMEAN-F03-S20260927,f02c47aad1549dbd9710aef224c49f59b190eb0ed6cee1ba2a4cc8908a386ca7
065121f2eb81689c621b5d56e4a05ee1640e128b96341112d608dfa46fa88dc1,MITDB_P103,103,840000000,3,20260927,MODEL_V2_TCN_MEAN,0,-2.892360210418701,0.05253252014517784,5,V2-004-D1-TCNMEAN-F03-S20260927,f02c47aad1549dbd9710aef224c49f59b190eb0ed6cee1ba2a4cc8908a386ca7
0652b65b9479a5f9d5e705ff1dd3d3ead140d282f79707fb8c97b53186b21f0d,MITDB_P223,223,1770000000,3,20260927,MODEL_V2_TCN_MEAN,1,7.819929599761963,0.9995985627174377,5,V2-004-D1-TCNMEAN-F03-S20260927,f02c47aad1549dbd9710aef224c49f59b190eb0ed6cee1ba2a4cc8908a386ca7
065d25a790cd72d752f1992bdcb24226ce86729ff71c862c07c7c9003a3243bb,MITDB_P103,103,1485000000,3,20260927,MODEL_V2_TCN_MEAN,0,-1.6633210182189941,0.15931668877601624,5,V2-004-D1-TCNMEAN-F03-S20260927,f02c47aad1549dbd9710aef224c49f59b190eb0ed6cee1ba2a4cc8908a386ca7
067b59279630376887440f5282cac4be67bcebb0d214cccd358289e3abad9cfb,MITDB_P223,223,30000000,3,20260927,MODEL_V2_TCN_MEAN,1,0.7030490636825562,0.6688634157180786,5,V2-004-D1-TCNMEAN-F03-S20260927,f02c47aad1549dbd9710aef224c49f59b190eb0ed6cee1ba2a4cc8908a386ca7
067d3706db9fb1e8bee8b4141eca9a23a9d7291a2f049d64e557812165d15c54,MITDB_P103,103,665000000,3,20260927,MODEL_V2_TCN_MEAN,0,-3.5978739261627197,0.02665209211409092,5,V2-004-D1-TCNMEAN-F03-S20260927,f02c47aad1549dbd9710aef224c49f59b190eb0ed6cee1ba2a4cc8908a386ca7
067f6e753f5c3a1d63f0fa6f97ba2fa41614b8b37ac67cb5c44b41e4f6728df4,MITDB_P114,114,380000000,3,20260927,MODEL_V2_TCN_MEAN,1,9.75013256072998,0.9999417066574097,5,V2-004-D1-TCNMEAN-F03-S20260927,f02c47aad1549dbd9710aef224c49f59b190eb0ed6cee1ba2a4cc8908a386ca7
0688de100fec0b1e69665574e0b8cc65e296ded0c9becc4f7770a45db7390217,MITDB_P223,223,1490000000,3,20260927,MODEL_V2_TCN_MEAN,1,6.03102445602417,0.9976027607917786,5,V2-004-D1-TCNMEAN-F03-S20260927,f02c47aad1549dbd9710aef224c49f59b190eb0ed6cee1ba2a4cc8908a386ca7
06ec8b04a663475c00a25ae4e40e4f49a382f52ba63511bc9cb01b77870688b9,MITDB_P103,103,190000000,3,20260927,MODEL_V2_TCN_MEAN,0,-3.331808090209961,0.03449595719575882,5,V2-004-D1-TCNMEAN-F03-S20260927,f02c47aad1549dbd9710aef224c49f59b190eb0ed6cee1ba2a4cc8908a386ca7
06fbcbd6ec377e22687b4c9bc4fb721f5296da8b3b294a95a748f6c9d93f3162,MITDB_P121,121,1245000000,3,20260927,MODEL_V2_TCN_MEAN,0,-4.869329929351807,0.007619997952133417,5,V2-004-D1-TCNMEAN-F03-S20260927,f02c47aad1549dbd9710aef224c49f59b190eb0ed6cee1ba2a4cc8908a386ca7
070987021bd51950fa4612b8cfb0d204e34a62caa8ee266b3c784a1376841365,MITDB_P121,121,535000000,3,20260927,MODEL_V2_TCN_MEAN,0,-2.8952627182006836,0.05238823965191841,5,V2-004-D1-TCNMEAN-F03-S20260927,f02c47aad1549dbd9710aef224c49f59b190eb0ed6cee1ba2a4cc8908a386ca7
075115068e2fc2c4f2dd94a4643037551bc1f2c817a4b17b8eaaf47f4bbcd9b2,MITDB_P114,114,65000000,3,20260927,MODEL_V2_TCN_MEAN,0,0.7984739542007446,0.6896479725837708,5,V2-004-D1-TCNMEAN-F03-S20260927,f02c47aad1549dbd9710aef224c49f59b190eb0ed6cee1ba2a4cc8908a386ca7
0766b7de9e43a2d78dc027035d646e8f0e1312746ad2e53b73f61d538f6d8960,MITDB_P103,103,1420000000,3,20260927,MODEL_V2_TCN_MEAN,0,-2.7228188514709473,0.061640214174985886,5,V2-004-D1-TCNMEAN-F03-S20260927,f02c47aad1549dbd9710aef224c49f59b190eb0ed6cee1ba2a4cc8908a386ca7
076a2b5f7d96210d71790e1d2a49fa31775c2790ce6a9721c9be334cc28ddf66,MITDB_P121,121,815000000,3,20260927,MODEL_V2_TCN_MEAN,0,-4.622134685516357,0.009736062958836555,5,V2-004-D1-TCNMEAN-F03-S20260927,f02c47aad1549dbd9710aef224c49f59b190eb0ed6cee1ba2a4cc8908a386ca7
07949c2d3f46ff3d2e7093a96771d02e4858d0cea5f70b374236a935a3f81e0d,MITDB_P208,208,1685000000,3,20260927,MODEL_V2_TCN_MEAN,1,13.24128246307373,0.9999982118606567,5,V2-004-D1-TCNMEAN-F03-S20260927,f02c47aad1549dbd9710aef224c49f59b190eb0ed6cee1ba2a4cc8908a386ca7
079ef8053f236f7943f88a67951326b045720dfd590b3ce7007559b0df09ae06,MITDB_P103,103,1100000000,3,20260927,MODEL_V2_TCN_MEAN,0,4.6086955070495605,0.99013352394104,5,V2-004-D1-TCNMEAN-F03-S20260927,f02c47aad1549dbd9710aef224c49f59b190eb0ed6cee1ba2a4cc8908a386ca7
07ab27a9e00be422af8268261f4cf39670f8d0d915b02688e343d98983feea63,MITDB_P114,114,1120000000,3,20260927,MODEL_V2_TCN_MEAN,0,1.5395827293395996,0.8234040141105652,5,V2-004-D1-TCNMEAN-F03-S20260927,f02c47aad1549dbd9710aef224c49f59b190eb0ed6cee1ba2a4cc8908a386ca7
07d834d27c19baf3c9dc89fc926844d326b87d7b3ece387328b6deb14dfeba6e,MITDB_P114,114,85000000,3,20260927,MODEL_V2_TCN_MEAN,0,0.2689066529273987,0.5668244957923889,5,V2-004-D1-TCNMEAN-F03-S20260927,f02c47aad1549dbd9710aef224c49f59b190eb0ed6cee1ba2a4cc8908a386ca7
07f76b55cef492682f0884a1b5c4fbe7eaf157e198b801d1007deba03264dc0e,MITDB_P223,223,905000000,3,20260927,MODEL_V2_TCN_MEAN,1,8.842951774597168,0.999855637550354,5,V2-004-D1-TCNMEAN-F03-S20260927,f02c47aad1549dbd9710aef224c49f59b190eb0ed6cee1ba2a4cc8908a386ca7
0801828cfb946821eb69ec9e034c92660a1c9982dddb2e123d7a4385cc7a9e00,MITDB_P103,103,655000000,3,20260927,MODEL_V2_TCN_MEAN,0,-2.463412284851074,0.07846324890851974,5,V2-004-D1-TCNMEAN-F03-S20260927,f02c47aad1549dbd9710aef224c49f59b190eb0ed6cee1ba2a4cc8908a386ca7
082152213358592cf97427925360585dd4af2f88efb21d4ffeab1866a783b660,MITDB_P223,223,10000000,3,20260927,MODEL_V2_TCN_MEAN,0,-2.6425485610961914,0.06644976139068604,5,V2-004-D1-TCNMEAN-F03-S20260927,f02c47aad1549dbd9710aef224c49f59b190eb0ed6cee1ba2a4cc8908a386ca7
08382953011532e7ef30cfb24f4709567791f420a77dca095ed1c786d836ab04,MITDB_P114,114,805000000,3,20260927,MODEL_V2_TCN_MEAN,0,2.6251559257507324,0.9324631094932556,5,V2-004-D1-TCNMEAN-F03-S20260927,f02c47aad1549dbd9710aef224c49f59b190eb0ed6cee1ba2a4cc8908a386ca7
08621c8688f87c8eb1b4a63414eb3a4ac4af34bb5c3afff0981b234497d5ca90,MITDB_P121,121,835000000,3,20260927,MODEL_V2_TCN_MEAN,0,-4.289000988006592,0.01353297010064125,5,V2-004-D1-TCNMEAN-F03-S20260927,f02c47aad1549dbd9710aef224c49f59b190eb0ed6cee1ba2a4cc8908a386ca7
08aa8a6db70d7b5398f93f286a21e0c1efa9c41acf6a89ba46f2d1484014d75b,MITDB_P223,223,1195000000,3,20260927,MODEL_V2_TCN_MEAN,0,-2.567049503326416,0.07128940522670746,5,V2-004-D1-TCNMEAN-F03-S20260927,f02c47aad1549dbd9710aef224c49f59b190eb0ed6cee1ba2a4cc8908a386ca7
08dbdb73d562c1523c8ec219e6713ee41ed15713d6413c8db502788099690b15,MITDB_P208,208,985000000,3,20260927,MODEL_V2_TCN_MEAN,1,10.262676239013672,0.9999650716781616,5,V2-004-D1-TCNMEAN-F03-S20260927,f02c47aad1549dbd9710aef224c49f59b190eb0ed6cee1ba2a4cc8908a386ca7
08ecd265a9038db3c5390608471148b7a7dae6e0edeac0889b9afd7f1dc26f09,MITDB_P121,121,660000000,3,20260927,MODEL_V2_TCN_MEAN,0,-4.54672384262085,0.010490660555660725,5,V2-004-D1-TCNMEAN-F03-S20260927,f02c47aad1549dbd9710aef224c49f59b190eb0ed6cee1ba2a4cc8908a386ca7
0961dacbc05770cb848172f179d19ce83210c859b73b05e2a268570a04353eb0,MITDB_P121,121,1540000000,3,20260927,MODEL_V2_TCN_MEAN,0,-3.727621078491211,0.02348516322672367,5,V2-004-D1-TCNMEAN-F03-S20260927,f02c47aad1549dbd9710aef224c49f59b190eb0ed6cee1ba2a4cc8908a386ca7
0964bcd80e2aa06759d3fa5c6dc5838e2217f0a3e7903a66712d86cbe7622d4c,MITDB_P208,208,1245000000,3,20260927,MODEL_V2_TCN_MEAN,1,3.27067232131958,0.9634088277816772,5,V2-004-D1-TCNMEAN-F03-S20260927,f02c47aad1549dbd9710aef224c49f59b190eb0ed6cee1ba2a4cc8908a386ca7
097cd74a44e5c8e573d8563a0473f5b8c16762d9aa2ca5f101fe5e26b0514fad,MITDB_P223,223,415000000,3,20260927,MODEL_V2_TCN_MEAN,0,-0.4620022177696228,0.3865109384059906,5,V2-004-D1-TCNMEAN-F03-S20260927,f02c47aad1549dbd9710aef224c49f59b190eb0ed6cee1ba2a4cc8908a386ca7
09c3be21338a643951d3edfdf2dcb063a43876102bd1f784bdc40c0bc2ac532a,MITDB_P208,208,60000000,3,20260927,MODEL_V2_TCN_MEAN,1,12.32318115234375,0.9999955892562866,5,V2-004-D1-TCNMEAN-F03-S20260927,f02c47aad1549dbd9710aef224c49f59b190eb0ed6cee1ba2a4cc8908a386ca7
09e77fd93e81bba3992fa0e5f00cb95f45ff68fc781e76766f65cbea81faaefc,MITDB_P121,121,1180000000,3,20260927,MODEL_V2_TCN_MEAN,0,-4.296306133270264,0.013435792177915573,5,V2-004-D1-TCNMEAN-F03-S20260927,f02c47aad1549dbd9710aef224c49f59b190eb0ed6cee1ba2a4cc8908a386ca7
0a05466aad49a8a4759f2ccf73d1c1d9498d4c490ed043fe554dfaba0fb11756,MITDB_P114,114,395000000,3,20260927,MODEL_V2_TCN_MEAN,1,6.429162979125977,0.9983887672424316,5,V2-004-D1-TCNMEAN-F03-S20260927,f02c47aad1549dbd9710aef224c49f59b190eb0ed6cee1ba2a4cc8908a386ca7
0a08fcd1c3618fa71d44f5a9d46d8a12ef545cfb5f803e8f873b87313cc5b321,MITDB_P121,121,515000000,3,20260927,MODEL_V2_TCN_MEAN,0,-4.001174449920654,0.01796547695994377,5,V2-004-D1-TCNMEAN-F03-S20260927,f02c47aad1549dbd9710aef224c49f59b190eb0ed6cee1ba2a4cc8908a386ca7
0a1a5730723b740a22e867ac9624873bcdc9af473da9791192b40aac153100c4,MITDB_P103,103,1275000000,3,20260927,MODEL_V2_TCN_MEAN,0,-2.2087440490722656,0.0989680141210556,5,V2-004-D1-TCNMEAN-F03-S20260927,f02c47aad1549dbd9710aef224c49f59b190eb0ed6cee1ba2a4cc8908a386ca7
0a1ec8b003ca7e0dd8a4b5af80e543db84e5738b8cc04ad487db17046f05c063,MITDB_P223,223,1635000000,3,20260927,MODEL_V2_TCN_MEAN,1,9.0339937210083,0.9998806715011597,5,V2-004-D1-TCNMEAN-F03-S20260927,f02c47aad1549dbd9710aef224c49f59b190eb0ed6cee1ba2a4cc8908a386ca7
0a2cc27d5c45a1912efd937ced436084e2f80e286627eaa34b423354a762383a,MITDB_P208,208,1450000000,3,20260927,MODEL_V2_TCN_MEAN,1,10.251365661621094,0.999964714050293,5,V2-004-D1-TCNMEAN-F03-S20260927,f02c47aad1549dbd9710aef224c49f59b190eb0ed6cee1ba2a4cc8908a386ca7
0a2ea021ceaa7f179cd4abf32676a05e36f3c83ce65254c72364a0347efc7a3a,MITDB_P121,121,555000000,3,20260927,MODEL_V2_TCN_MEAN,0,-4.168417930603027,0.015240847133100033,5,V2-004-D1-TCNMEAN-F03-S20260927,f02c47aad1549dbd9710aef224c49f59b190eb0ed6cee1ba2a4cc8908a386ca7
0a2f8b469b0d03899195c43dd80c858ad19380a0060692b219b2383639d0f531,MITDB_P208,208,235000000,3,20260927,MODEL_V2_TCN_MEAN,1,9.786375045776367,0.999943733215332,5,V2-004-D1-TCNMEAN-F03-S20260927,f02c47aad1549dbd9710aef224c49f59b190eb0ed6cee1ba2a4cc8908a386ca7
0a30a6e723b3b56d36b1537e997b7d6922146f7b50f0d587d03b76b4a873c334,MITDB_P223,223,95000000,3,20260927,MODEL_V2_TCN_MEAN,0,-2.8991363048553467,0.05219627544283867,5,V2-004-D1-TCNMEAN-F03-S20260927,f02c47aad1549dbd9710aef224c49f59b190eb0ed6cee1ba2a4cc8908a386ca7
0a5af60e127b3806d7e8b182bb2b71b7d83ca10214ceebf59a58ff1e53c35f98,MITDB_P121,121,830000000,3,20260927,MODEL_V2_TCN_MEAN,0,-3.673081398010254,0.024769002571702003,5,V2-004-D1-TCNMEAN-F03-S20260927,f02c47aad1549dbd9710aef224c49f59b190eb0ed6cee1ba2a4cc8908a386ca7
0a6b7c1ff6ad36068c512cb7d5e9b15fe01a64e3547022ea60dfd2a2a549197f,MITDB_P223,223,110000000,3,20260927,MODEL_V2_TCN_MEAN,0,-2.618400812149048,0.06796352565288544,5,V2-004-D1-TCNMEAN-F03-S20260927,f02c47aad1549dbd9710aef224c49f59b190eb0ed6cee1ba2a4cc8908a386ca7
0a770cf0931ff9f121c27e71541e6c9a5dcab1caf84b45402d9fdead77cef6b4,MITDB_P208,208,715000000,3,20260927,MODEL_V2_TCN_MEAN,1,15.578418731689453,0.9999998807907104,5,V2-004-D1-TCNMEAN-F03-S20260927,f02c47aad1549dbd9710aef224c49f59b190eb0ed6cee1ba2a4cc8908a386ca7
0a864a41200a866231dd6c85c98121ded14bb35c8222a3b9d0afb663fb20a09a,MITDB_P121,121,1645000000,3,20260927,MODEL_V2_TCN_MEAN,0,-5.855841159820557,0.0028549523558467627,5,V2-004-D1-TCNMEAN-F03-S20260927,f02c47aad1549dbd9710aef224c49f59b190eb0ed6cee1ba2a4cc8908a386ca7
0a9c2ea609c6022a17cf8e5ba8d2f437c3c4875fc554cf90413ce3e49e11a3b6,MITDB_P121,121,650000000,3,20260927,MODEL_V2_TCN_MEAN,0,-4.0131940841674805,0.01775464229285717,5,V2-004-D1-TCNMEAN-F03-S20260927,f02c47aad1549dbd9710aef224c49f59b190eb0ed6cee1ba2a4cc8908a386ca7
0aa9d26942c0f5f0105a222d54da96136eb1561bde4a21e97b08acd28477ea6f,MITDB_P114,114,1085000000,3,20260927,MODEL_V2_TCN_MEAN,0,2.3621151447296143,0.913892388343811,5,V2-004-D1-TCNMEAN-F03-S20260927,f02c47aad1549dbd9710aef224c49f59b190eb0ed6cee1ba2a4cc8908a386ca7
0ad981e538bd042d585d73b66caa00a8e99ccc4fbca474716962c78745c8e186,MITDB_P103,103,1715000000,3,20260927,MODEL_V2_TCN_MEAN,0,-1.8012101650238037,0.14170381426811218,5,V2-004-D1-TCNMEAN-F03-S20260927,f02c47aad1549dbd9710aef224c49f59b190eb0ed6cee1ba2a4cc8908a386ca7
0ae1a1d9b6044a6470d4d3bd56b685cdfd583170baf1d2a33afffba955fe9e3e,MITDB_P114,114,340000000,3,20260927,MODEL_V2_TCN_MEAN,1,10.456357955932617,0.9999712705612183,5,V2-004-D1-TCNMEAN-F03-S20260927,f02c47aad1549dbd9710aef224c49f59b190eb0ed6cee1ba2a4cc8908a386ca7
0ae876260f7c38e0eabe7b46da01195df0725b71e0c4126a1196f58ec0f46fa0,MITDB_P223,223,170000000,3,20260927,MODEL_V2_TCN_MEAN,1,8.277230262756348,0.999745786190033,5,V2-004-D1-TCNMEAN-F03-S20260927,f02c47aad1549dbd9710aef224c49f59b190eb0ed6cee1ba2a4cc8908a386ca7
0b24d9b6c829679e44f55bbb1e9a7873ad66b790077eeece1fbe399b6d9d64dd,MITDB_P103,103,1365000000,3,20260927,MODEL_V2_TCN_MEAN,1,1.2284233570098877,0.7735424637794495,5,V2-004-D1-TCNMEAN-F03-S20260927,f02c47aad1549dbd9710aef224c49f59b190eb0ed6cee1ba2a4cc8908a386ca7
0b2c6dd3e796db79fc151f4ef1a9c3b81500f096acc4757207a2ec62191edd4a,MITDB_P208,208,260000000,3,20260927,MODEL_V2_TCN_MEAN,1,15.165451049804688,0.9999997615814209,5,V2-004-D1-TCNMEAN-F03-S20260927,f02c47aad1549dbd9710aef224c49f59b190eb0ed6cee1ba2a4cc8908a386ca7
0b334af4e43cc0a0333e87868c2cedccb1b087b58278f454a73f599c6a108bce,MITDB_P121,121,1500000000,3,20260927,MODEL_V2_TCN_MEAN,0,-3.942145824432373,0.01903708279132843,5,V2-004-D1-TCNMEAN-F03-S20260927,f02c47aad1549dbd9710aef224c49f59b190eb0ed6cee1ba2a4cc8908a386ca7
0b86325b5daffc24316a0b6a737a9aa0550d5b58c6110f0248f9bdc8883727a4,MITDB_P223,223,725000000,3,20260927,MODEL_V2_TCN_MEAN,0,-2.0539450645446777,0.11365435272455215,5,V2-004-D1-TCNMEAN-F03-S20260927,f02c47aad1549dbd9710aef224c49f59b190eb0ed6cee1ba2a4cc8908a386ca7
0b871bc7d4faf48ae7e3cf0b4c1b248ef6e2281bbf26ff65b180dd94c0b0b9f3,MITDB_P208,208,1110000000,3,20260927,MODEL_V2_TCN_MEAN,1,5.100254535675049,0.9939417839050293,5,V2-004-D1-TCNMEAN-F03-S20260927,f02c47aad1549dbd9710aef224c49f59b190eb0ed6cee1ba2a4cc8908a386ca7
0c01a04eea76d1456451919cbb086da654ee3e56c66977550ee82bab2a333aa2,MITDB_P208,208,75000000,3,20260927,MODEL_V2_TCN_MEAN,1,14.4033842086792,0.9999994039535522,5,V2-004-D1-TCNMEAN-F03-S20260927,f02c47aad1549dbd9710aef224c49f59b190eb0ed6cee1ba2a4cc8908a386ca7
0c702d80e4a0802478d2b91f24152f11ce146014752ffc547786cb95943171b5,MITDB_P114,114,1650000000,3,20260927,MODEL_V2_TCN_MEAN,0,2.7279820442199707,0.9386577606201172,5,V2-004-D1-TCNMEAN-F03-S20260927,f02c47aad1549dbd9710aef224c49f59b190eb0ed6cee1ba2a4cc8908a386ca7
0cbfa6a4b850bc5d53711a863891519905d696ed54443351830a787637651f73,MITDB_P223,223,1650000000,3,20260927,MODEL_V2_TCN_MEAN,1,5.6567792892456055,0.9965183734893799,5,V2-004-D1-TCNMEAN-F03-S20260927,f02c47aad1549dbd9710aef224c49f59b190eb0ed6cee1ba2a4cc8908a386ca7
0ce068783ae18c77c02fc284e4a88ffeceed39c18f6f8ea96614a712ad21b495,MITDB_P208,208,440000000,3,20260927,MODEL_V2_TCN_MEAN,1,14.134774208068848,0.9999992847442627,5,V2-004-D1-TCNMEAN-F03-S20260927,f02c47aad1549dbd9710aef224c49f59b190eb0ed6cee1ba2a4cc8908a386ca7
0d0cd5804cfc28d1564964007fcbd7548683620cce7f48d983a8bc93e84ac6f0,MITDB_P114,114,1095000000,3,20260927,MODEL_V2_TCN_MEAN,0,2.4528346061706543,0.9207684993743896,5,V2-004-D1-TCNMEAN-F03-S20260927,f02c47aad1549dbd9710aef224c49f59b190eb0ed6cee1ba2a4cc8908a386ca7
0d720707e0d6402c92b782b74927400c10df18354259af3d9f23ade4482b6792,MITDB_P208,208,845000000,3,20260927,MODEL_V2_TCN_MEAN,1,14.693790435791016,0.9999996423721313,5,V2-004-D1-TCNMEAN-F03-S20260927,f02c47aad1549dbd9710aef224c49f59b190eb0ed6cee1ba2a4cc8908a386ca7
0d78e88231c256960fc2626fc8402216c49653d6ba19c9c9e55fbed962fe99fc,MITDB_P114,114,1620000000,3,20260927,MODEL_V2_TCN_MEAN,1,1.0348329544067383,0.7378517985343933,5,V2-004-D1-TCNMEAN-F03-S20260927,f02c47aad1549dbd9710aef224c49f59b190eb0ed6cee1ba2a4cc8908a386ca7
0de18d0ffb71f154bee922163a6889ec79910f3fa41c03dc7c9f34b2cec0cf19,MITDB_P208,208,55000000,3,20260927,MODEL_V2_TCN_MEAN,1,9.428548812866211,0.9999196529388428,5,V2-004-D1-TCNMEAN-F03-S20260927,f02c47aad1549dbd9710aef224c49f59b190eb0ed6cee1ba2a4cc8908a386ca7
0defc470268d084043d136a964714f10d455bc873a01fed400ddaf69df4bad09,MITDB_P208,208,475000000,3,20260927,MODEL_V2_TCN_MEAN,1,12.482953071594238,0.9999961853027344,5,V2-004-D1-TCNMEAN-F03-S20260927,f02c47aad1549dbd9710aef224c49f59b190eb0ed6cee1ba2a4cc8908a386ca7
0e5cf61d4ecc494433ba27b000a88ea7425519469e0f07334201123ea848cc07,MITDB_P208,208,1135000000,3,20260927,MODEL_V2_TCN_MEAN,1,6.942024230957031,0.9990346431732178,5,V2-004-D1-TCNMEAN-F03-S20260927,f02c47aad1549dbd9710aef224c49f59b190eb0ed6cee1ba2a4cc8908a386ca7
0e6a302ede7edc7a6848470941f5c5d9da969e9e10806fe99801f3467d695155,MITDB_P208,208,1105000000,3,20260927,MODEL_V2_TCN_MEAN,1,5.800971508026123,0.9969845414161682,5,V2-004-D1-TCNMEAN-F03-S20260927,f02c47aad1549dbd9710aef224c49f59b190eb0ed6cee1ba2a4cc8908a386ca7
0e931d8ed1b1656ad6ccd66eed296bc806a5bcecef2de8fa1bb8d1ddb431ac1a,MITDB_P114,114,1740000000,3,20260927,MODEL_V2_TCN_MEAN,0,0.6436842679977417,0.6555858254432678,5,V2-004-D1-TCNMEAN-F03-S20260927,f02c47aad1549dbd9710aef224c49f59b190eb0ed6cee1ba2a4cc8908a386ca7
0ec7a5889caa7b814bb49d148f6e1d74646c51b4642e39a524b967d13dfa0bf1,MITDB_P121,121,1560000000,3,20260927,MODEL_V2_TCN_MEAN,0,-5.4648051261901855,0.004215321969240904,5,V2-004-D1-TCNMEAN-F03-S20260927,f02c47aad1549dbd9710aef224c49f59b190eb0ed6cee1ba2a4cc8908a386ca7
0ed50ac8945f1d00375ba39c57aba2146d955ef9a6015231ddc69bd7e2195b2a,MITDB_P103,103,500000000,3,20260927,MODEL_V2_TCN_MEAN,0,-3.2669434547424316,0.03672279790043831,5,V2-004-D1-TCNMEAN-F03-S20260927,f02c47aad1549dbd9710aef224c49f59b190eb0ed6cee1ba2a4cc8908a386ca7
0ee48f55fe08a857b333fdb142500e6c34dcd4a9098b3925c0de59fdb5e78826,MITDB_P114,114,545000000,3,20260927,MODEL_V2_TCN_MEAN,1,10.710241317749023,0.999977707862854,5,V2-004-D1-TCNMEAN-F03-S20260927,f02c47aad1549dbd9710aef224c49f59b190eb0ed6cee1ba2a4cc8908a386ca7
0f0960908e16ac747967cc0c17dfb6d436b9f86cfdc387ce2c4b69bea5d65015,MITDB_P114,114,1520000000,3,20260927,MODEL_V2_TCN_MEAN,0,1.3233542442321777,0.789739191532135,5,V2-004-D1-TCNMEAN-F03-S20260927,f02c47aad1549dbd9710aef224c49f59b190eb0ed6cee1ba2a4cc8908a386ca7
0f8a44a00767f388e0697c54628644f31c48d49b31192380b55c4dad1dccd6fe,MITDB_P103,103,910000000,3,20260927,MODEL_V2_TCN_MEAN,0,-2.0131378173828125,0.11783042550086975,5,V2-004-D1-TCNMEAN-F03-S20260927,f02c47aad1549dbd9710aef224c49f59b190eb0ed6cee1ba2a4cc8908a386ca7
0fb8f1bdaaedc724d5eeb6903058a6e8d559f1f7a5ab04e5979c4dfb13089ac8,MITDB_P223,223,1425000000,3,20260927,MODEL_V2_TCN_MEAN,1,13.762983322143555,0.999998927116394,5,V2-004-D1-TCNMEAN-F03-S20260927,f02c47aad1549dbd9710aef224c49f59b190eb0ed6cee1ba2a4cc8908a386ca7
104ed54c2a8c85fad62064679f576b270e3152dc841c885caab4d66875a6301f,MITDB_P114,114,1065000000,3,20260927,MODEL_V2_TCN_MEAN,0,1.8899877071380615,0.8687540888786316,5,V2-004-D1-TCNMEAN-F03-S20260927,f02c47aad1549dbd9710aef224c49f59b190eb0ed6cee1ba2a4cc8908a386ca7
106cf668a3b3baa7b6e6d6fd0297eefbfc88dfc7b0a5e2752c9cbba80efcd62f,MITDB_P103,103,1200000000,3,20260927,MODEL_V2_TCN_MEAN,0,-1.9000718593597412,0.1301003396511078,5,V2-004-D1-TCNMEAN-F03-S20260927,f02c47aad1549dbd9710aef224c49f59b190eb0ed6cee1ba2a4cc8908a386ca7
107f95150a33952f37c7ed2d8ba592df8e0e3ef0520e7ecb784a0f2a18ddcb9d,MITDB_P114,114,885000000,3,20260927,MODEL_V2_TCN_MEAN,0,3.2412705421447754,0.9623582363128662,5,V2-004-D1-TCNMEAN-F03-S20260927,f02c47aad1549dbd9710aef224c49f59b190eb0ed6cee1ba2a4cc8908a386ca7
108cd7b4145465bc541c240b00647a3ecd49f9e7ce2265c7d0d6a4a23cf4919d,MITDB_P114,114,1045000000,3,20260927,MODEL_V2_TCN_MEAN,0,0.4694178104400635,0.6152459383010864,5,V2-004-D1-TCNMEAN-F03-S20260927,f02c47aad1549dbd9710aef224c49f59b190eb0ed6cee1ba2a4cc8908a386ca7
109da826f7d775989469551a92c90d372c052a3de2ece34d1cef66b4d7ae8ef9,MITDB_P103,103,155000000,3,20260927,MODEL_V2_TCN_MEAN,0,-3.31453013420105,0.035076070576906204,5,V2-004-D1-TCNMEAN-F03-S20260927,f02c47aad1549dbd9710aef224c49f59b190eb0ed6cee1ba2a4cc8908a386ca7
10b7d2c0b51d981d3e72adddacdadb5a29175658f14d9feb00202a35741e12ba,MITDB_P223,223,1325000000,3,20260927,MODEL_V2_TCN_MEAN,1,16.147531509399414,0.9999998807907104,5,V2-004-D1-TCNMEAN-F03-S20260927,f02c47aad1549dbd9710aef224c49f59b190eb0ed6cee1ba2a4cc8908a386ca7
1120b094962d101c0980ae76704f2fe7f4d2fc54b76e3ce064cd62f1322dd59d,MITDB_P114,114,45000000,3,20260927,MODEL_V2_TCN_MEAN,0,-0.18089963495731354,0.45489802956581116,5,V2-004-D1-TCNMEAN-F03-S20260927,f02c47aad1549dbd9710aef224c49f59b190eb0ed6cee1ba2a4cc8908a386ca7
112c718f06398d7f0807f8f6cb081cb5199363edea893ae24eac16ccf34b1d04,MITDB_P223,223,305000000,3,20260927,MODEL_V2_TCN_MEAN,1,-2.5917017459869385,0.06967439502477646,5,V2-004-D1-TCNMEAN-F03-S20260927,f02c47aad1549dbd9710aef224c49f59b190eb0ed6cee1ba2a4cc8908a386ca7
115617425b2c102131fe5bbe23706088aaef75b582a677b838cac4eb3bab3e86,MITDB_P114,114,1610000000,3,20260927,MODEL_V2_TCN_MEAN,1,0.9294350743293762,0.7169606685638428,5,V2-004-D1-TCNMEAN-F03-S20260927,f02c47aad1549dbd9710aef224c49f59b190eb0ed6cee1ba2a4cc8908a386ca7
1168b1b7a0dcbcb6a99ad4fc2570f2a29de7f1a0d1cab97ae34725d7775c38bb,MITDB_P208,208,25000000,3,20260927,MODEL_V2_TCN_MEAN,1,10.59486198425293,0.9999749660491943,5,V2-004-D1-TCNMEAN-F03-S20260927,f02c47aad1549dbd9710aef224c49f59b190eb0ed6cee1ba2a4cc8908a386ca7
118bdec49602c6df7bd5d19a29a806f935741db0dbf8d8e2d492ca7f7cd82772,MITDB_P121,121,1320000000,3,20260927,MODEL_V2_TCN_MEAN,0,-3.439624071121216,0.03107980266213417,5,V2-004-D1-TCNMEAN-F03-S20260927,f02c47aad1549dbd9710aef224c49f59b190eb0ed6cee1ba2a4cc8908a386ca7
11a25c7c325c2f1d975e0d010a6db9527f0cc3130a19d188aaa2239ca2f7de7a,MITDB_P114,114,1360000000,3,20260927,MODEL_V2_TCN_MEAN,0,1.9701251983642578,0.8776245713233948,5,V2-004-D1-TCNMEAN-F03-S20260927,f02c47aad1549dbd9710aef224c49f59b190eb0ed6cee1ba2a4cc8908a386ca7
11bff453f7871b3588436f9f6e9863c1af8e001e7be57af9490a7466381dbfda,MITDB_P121,121,760000000,3,20260927,MODEL_V2_TCN_MEAN,0,-4.0400471687316895,0.017292356118559837,5,V2-004-D1-TCNMEAN-F03-S20260927,f02c47aad1549dbd9710aef224c49f59b190eb0ed6cee1ba2a4cc8908a386ca7
120a0ff11c297dd9e96611f3a0519e2050777eb2baf6c2f5fe36959afa5b79bd,MITDB_P103,103,580000000,3,20260927,MODEL_V2_TCN_MEAN,0,-2.263791561126709,0.09416645765304565,5,V2-004-D1-TCNMEAN-F03-S20260927,f02c47aad1549dbd9710aef224c49f59b190eb0ed6cee1ba2a4cc8908a386ca7
121ca404e691d069b761c81924f70938eb2d581204d964afa4e68e44da10c335,MITDB_P114,114,240000000,3,20260927,MODEL_V2_TCN_MEAN,0,0.5015519261360168,0.62282395362854,5,V2-004-D1-TCNMEAN-F03-S20260927,f02c47aad1549dbd9710aef224c49f59b190eb0ed6cee1ba2a4cc8908a386ca7
1223c7dd21975a6b81d0c07bb7e45ab7cc977635f09b7844876c4ea4f4169634,MITDB_P223,223,800000000,3,20260927,MODEL_V2_TCN_MEAN,1,5.676603317260742,0.9965865612030029,5,V2-004-D1-TCNMEAN-F03-S20260927,f02c47aad1549dbd9710aef224c49f59b190eb0ed6cee1ba2a4cc8908a386ca7
123b4f9d41e630fb9dc36895a5ee1a1513b17978dc15f0a3af2ea3ed79fd89b4,MITDB_P121,121,270000000,3,20260927,MODEL_V2_TCN_MEAN,0,-4.448476314544678,0.011561151593923569,5,V2-004-D1-TCNMEAN-F03-S20260927,f02c47aad1549dbd9710aef224c49f59b190eb0ed6cee1ba2a4cc8908a386ca7
124badb7f7085be6b5beb59528814daacb3a5e21d4b61e0aa68468463460cd3f,MITDB_P114,114,365000000,3,20260927,MODEL_V2_TCN_MEAN,1,5.7175822257995605,0.9967231154441833,5,V2-004-D1-TCNMEAN-F03-S20260927,f02c47aad1549dbd9710aef224c49f59b190eb0ed6cee1ba2a4cc8908a386ca7
124e93ce49d09fb34d66f5f2ac8cb0a68eac191f89b73b191f672d9036a8264e,MITDB_P208,208,800000000,3,20260927,MODEL_V2_TCN_MEAN,1,14.743514060974121,0.9999996423721313,5,V2-004-D1-TCNMEAN-F03-S20260927,f02c47aad1549dbd9710aef224c49f59b190eb0ed6cee1ba2a4cc8908a386ca7
1262d264f80e733563d5fb12929b3911a7a40977be63d21bbec7fc63cb118488,MITDB_P223,223,1615000000,3,20260927,MODEL_V2_TCN_MEAN,0,-1.581550121307373,0.1705760657787323,5,V2-004-D1-TCNMEAN-F03-S20260927,f02c47aad1549dbd9710aef224c49f59b190eb0ed6cee1ba2a4cc8908a386ca7
1265cb92c1aff37e97dc497ef990ac6ba9711378df942ed120461dc172e9f1eb,MITDB_P208,208,1005000000,3,20260927,MODEL_V2_TCN_MEAN,1,12.051973342895508,0.999994158744812,5,V2-004-D1-TCNMEAN-F03-S20260927,f02c47aad1549dbd9710aef224c49f59b190eb0ed6cee1ba2a4cc8908a386ca7
1283c782323d5907f85e230a9e20afe1ff7f3b133bf5f68014cf5628c184c3db,MITDB_P223,223,1410000000,3,20260927,MODEL_V2_TCN_MEAN,1,16.14847755432129,0.9999998807907104,5,V2-004-D1-TCNMEAN-F03-S20260927,f02c47aad1549dbd9710aef224c49f59b190eb0ed6cee1ba2a4cc8908a386ca7
12986755871ed9ab3b90ab3458dd9c4d6de42aae24d55743b6d1401aae1ec0ae,MITDB_P223,223,1715000000,3,20260927,MODEL_V2_TCN_MEAN,1,14.029167175292969,0.9999991655349731,5,V2-004-D1-TCNMEAN-F03-S20260927,f02c47aad1549dbd9710aef224c49f59b190eb0ed6cee1ba2a4cc8908a386ca7
12d451b3aa37362038d622c8c5cacc27bac05ba20398870c7854333579932040,MITDB_P223,223,510000000,3,20260927,MODEL_V2_TCN_MEAN,0,-2.2803144454956055,0.09276647865772247,5,V2-004-D1-TCNMEAN-F03-S20260927,f02c47aad1549dbd9710aef224c49f59b190eb0ed6cee1ba2a4cc8908a386ca7
12e2739d146da412b92d4956ebf642a7f178b6fb6576880d36bcb666290d8f6a,MITDB_P103,103,120000000,3,20260927,MODEL_V2_TCN_MEAN,0,-3.455763816833496,0.03059743344783783,5,V2-004-D1-TCNMEAN-F03-S20260927,f02c47aad1549dbd9710aef224c49f59b190eb0ed6cee1ba2a4cc8908a386ca7
133f6d4b7f0a9a3d3fed019be4c093d59e0bc3840b88f19338689ff3e80fc372,MITDB_P121,121,720000000,3,20260927,MODEL_V2_TCN_MEAN,0,-3.2597873210906982,0.036976784467697144,5,V2-004-D1-TCNMEAN-F03-S20260927,f02c47aad1549dbd9710aef224c49f59b190eb0ed6cee1ba2a4cc8908a386ca7
1358976b7d0c33bd84ab1460e3868e264b5c0399e797e736f47ca28678f8e318,MITDB_P208,208,135000000,3,20260927,MODEL_V2_TCN_MEAN,1,14.439953804016113,0.9999995231628418,5,V2-004-D1-TCNMEAN-F03-S20260927,f02c47aad1549dbd9710aef224c49f59b190eb0ed6cee1ba2a4cc8908a386ca7
13adbb60a89dc6d2c8af1a80254d3d3bc1c66f2822764fb72d872e7b3c7206c3,MITDB_P103,103,380000000,3,20260927,MODEL_V2_TCN_MEAN,0,-1.2749121189117432,0.21841752529144287,5,V2-004-D1-TCNMEAN-F03-S20260927,f02c47aad1549dbd9710aef224c49f59b190eb0ed6cee1ba2a4cc8908a386ca7
13b0b8a6bf20ec0e32210408bf6975c3db898ebce459c8154a208d762d4f1788,MITDB_P114,114,1440000000,3,20260927,MODEL_V2_TCN_MEAN,0,1.0203229188919067,0.7350354790687561,5,V2-004-D1-TCNMEAN-F03-S20260927,f02c47aad1549dbd9710aef224c49f59b190eb0ed6cee1ba2a4cc8908a386ca7
14957884a209a0507c787c9f4ab53c6b9028988f1245d7d42ab57104ce06feda,MITDB_P208,208,185000000,3,20260927,MODEL_V2_TCN_MEAN,1,12.60786247253418,0.9999966621398926,5,V2-004-D1-TCNMEAN-F03-S20260927,f02c47aad1549dbd9710aef224c49f59b190eb0ed6cee1ba2a4cc8908a386ca7
149eeeefc1332302c595f4a81451953e0c46704c85247b33a7ac236d4ff4219c,MITDB_P103,103,20000000,3,20260927,MODEL_V2_TCN_MEAN,0,-1.41701078414917,0.1951306313276291,5,V2-004-D1-TCNMEAN-F03-S20260927,f02c47aad1549dbd9710aef224c49f59b190eb0ed6cee1ba2a4cc8908a386ca7
14ba17d2aee3940d3e766254da1b23868e46f16220505441a3870fc4ae225ef0,MITDB_P121,121,45000000,3,20260927,MODEL_V2_TCN_MEAN,0,-4.755711078643799,0.008529054932296276,5,V2-004-D1-TCNMEAN-F03-S20260927,f02c47aad1549dbd9710aef224c49f59b190eb0ed6cee1ba2a4cc8908a386ca7
14e2b7094dfd1ef3969504454d77d2dc385515aeb660600c4d5fb6438720a987,MITDB_P208,208,1165000000,3,20260927,MODEL_V2_TCN_MEAN,1,4.724046230316162,0.9911989569664001,5,V2-004-D1-TCNMEAN-F03-S20260927,f02c47aad1549dbd9710aef224c49f59b190eb0ed6cee1ba2a4cc8908a386ca7
15173bd3783bf33d8dabf8804fd9b3d037b08b098bf147c9c3084fd7aafce6be,MITDB_P121,121,1495000000,3,20260927,MODEL_V2_TCN_MEAN,0,-3.9434738159179688,0.019012300297617912,5,V2-004-D1-TCNMEAN-F03-S20260927,f02c47aad1549dbd9710aef224c49f59b190eb0ed6cee1ba2a4cc8908a386ca7
151c162e53f1141d349d3154f1840e7adf1b55b78d43cf3f432480a625a0dca5,MITDB_P208,208,1345000000,3,20260927,MODEL_V2_TCN_MEAN,1,8.477807998657227,0.9997920393943787,5,V2-004-D1-TCNMEAN-F03-S20260927,f02c47aad1549dbd9710aef224c49f59b190eb0ed6cee1ba2a4cc8908a386ca7
15286d17a54cef79ab14d2430c14570222527e78a5cb818509e73b55934c2a2a,MITDB_P208,208,85000000,3,20260927,MODEL_V2_TCN_MEAN,1,14.559104919433594,0.9999995231628418,5,V2-004-D1-TCNMEAN-F03-S20260927,f02c47aad1549dbd9710aef224c49f59b190eb0ed6cee1ba2a4cc8908a386ca7
15337c715fb0f98c8ba635c869645cbcc02ba5423fec1b6c2eb5a8be30f50093,MITDB_P208,208,1745000000,3,20260927,MODEL_V2_TCN_MEAN,1,10.690925598144531,0.9999772310256958,5,V2-004-D1-TCNMEAN-F03-S20260927,f02c47aad1549dbd9710aef224c49f59b190eb0ed6cee1ba2a4cc8908a386ca7
154b782607d06c8223f1b1574b6297a06f0b604455fbb05b50fb7417f1ff41a1,MITDB_P103,103,845000000,3,20260927,MODEL_V2_TCN_MEAN,0,-1.9973618984222412,0.1194801852107048,5,V2-004-D1-TCNMEAN-F03-S20260927,f02c47aad1549dbd9710aef224c49f59b190eb0ed6cee1ba2a4cc8908a386ca7
1582175dae9b58a3bb366f8f71132ba7c75324507a24ac00b962f6b939bedd25,MITDB_P121,121,240000000,3,20260927,MODEL_V2_TCN_MEAN,0,-4.537126064300537,0.010590760037302971,5,V2-004-D1-TCNMEAN-F03-S20260927,f02c47aad1549dbd9710aef224c49f59b190eb0ed6cee1ba2a4cc8908a386ca7
15a1d90323be34065a146d211153a68e1763016195371e8fb19664042301b9d3,MITDB_P114,114,675000000,3,20260927,MODEL_V2_TCN_MEAN,0,3.7647078037261963,0.9773504734039307,5,V2-004-D1-TCNMEAN-F03-S20260927,f02c47aad1549dbd9710aef224c49f59b190eb0ed6cee1ba2a4cc8908a386ca7
15a2446f76a8d5cf1dc23e98de77fc07c7bbc48a073b1070ffa240022a85b077,MITDB_P223,223,185000000,3,20260927,MODEL_V2_TCN_MEAN,0,-2.193755626678467,0.10031263530254364,5,V2-004-D1-TCNMEAN-F03-S20260927,f02c47aad1549dbd9710aef224c49f59b190eb0ed6cee1ba2a4cc8908a386ca7
15a956a23532f01e32ee9439b00f7d3dbb0bb198e8203589e19bef20a4fbc5de,MITDB_P121,121,1110000000,3,20260927,MODEL_V2_TCN_MEAN,0,-4.175826072692871,0.015130060724914074,5,V2-004-D1-TCNMEAN-F03-S20260927,f02c47aad1549dbd9710aef224c49f59b190eb0ed6cee1ba2a4cc8908a386ca7
15bfe0c1250c6cd295c5b0520be02e1ff18d1b4a98ffed9a6f4588773842eca2,MITDB_P114,114,1055000000,3,20260927,MODEL_V2_TCN_MEAN,0,2.0257251262664795,0.8834717273712158,5,V2-004-D1-TCNMEAN-F03-S20260927,f02c47aad1549dbd9710aef224c49f59b190eb0ed6cee1ba2a4cc8908a386ca7
15c32da807776cb777a3b06d11c13331179072172b1c4389296fd0fa3b200590,MITDB_P114,114,100000000,3,20260927,MODEL_V2_TCN_MEAN,0,-0.08888228237628937,0.4777940511703491,5,V2-004-D1-TCNMEAN-F03-S20260927,f02c47aad1549dbd9710aef224c49f59b190eb0ed6cee1ba2a4cc8908a386ca7
15f8102351f89f224c10f10e64f515026b6d74c66aa85e4e2b8972f756b299fc,MITDB_P114,114,1645000000,3,20260927,MODEL_V2_TCN_MEAN,0,0.9987084865570068,0.7308046221733093,5,V2-004-D1-TCNMEAN-F03-S20260927,f02c47aad1549dbd9710aef224c49f59b190eb0ed6cee1ba2a4cc8908a386ca7
15fae2d0d55fadfd58aca512e747f52ee75447d306271c312533383381ec2b5e,MITDB_P103,103,185000000,3,20260927,MODEL_V2_TCN_MEAN,0,-2.4169254302978516,0.08189111948013306,5,V2-004-D1-TCNMEAN-F03-S20260927,f02c47aad1549dbd9710aef224c49f59b190eb0ed6cee1ba2a4cc8908a386ca7
162acb9073e9ae60c3a5303cfdccc7e0309725afe0bc562ded24a947d21a692e,MITDB_P114,114,235000000,3,20260927,MODEL_V2_TCN_MEAN,0,0.34047073125839233,0.5843048691749573,5,V2-004-D1-TCNMEAN-F03-S20260927,f02c47aad1549dbd9710aef224c49f59b190eb0ed6cee1ba2a4cc8908a386ca7
163a18c402786b453229f996fd7d4719d272e43d77096b1979f572eb1557e18f,MITDB_P208,208,990000000,3,20260927,MODEL_V2_TCN_MEAN,1,12.925708770751953,0.999997615814209,5,V2-004-D1-TCNMEAN-F03-S20260927,f02c47aad1549dbd9710aef224c49f59b190eb0ed6cee1ba2a4cc8908a386ca7
16d2f77e7f238922f02fd465239c610e3c0370478bc4ef78ba025c1aa75385ec,MITDB_P208,208,1340000000,3,20260927,MODEL_V2_TCN_MEAN,1,7.943888187408447,0.9996453523635864,5,V2-004-D1-TCNMEAN-F03-S20260927,f02c47aad1549dbd9710aef224c49f59b190eb0ed6cee1ba2a4cc8908a386ca7
172b48cf75da4db4af4f804292cb77134da75280e968bb399061fc015e765abe,MITDB_P121,121,585000000,3,20260927,MODEL_V2_TCN_MEAN,0,-3.092074155807495,0.04343537613749504,5,V2-004-D1-TCNMEAN-F03-S20260927,f02c47aad1549dbd9710aef224c49f59b190eb0ed6cee1ba2a4cc8908a386ca7
176d21bc7616ed78aa7c64ac1b1f17f05f68c0ee6eb1a9d4b162a9f51b90cbca,MITDB_P208,208,930000000,3,20260927,MODEL_V2_TCN_MEAN,1,12.372000694274902,0.9999957084655762,5,V2-004-D1-TCNMEAN-F03-S20260927,f02c47aad1549dbd9710aef224c49f59b190eb0ed6cee1ba2a4cc8908a386ca7
179eda16207cbefd65f6addb168b86cdfe5e33c378bb488558f2f754b656721d,MITDB_P114,114,1490000000,3,20260927,MODEL_V2_TCN_MEAN,0,1.7421433925628662,0.8509591221809387,5,V2-004-D1-TCNMEAN-F03-S20260927,f02c47aad1549dbd9710aef224c49f59b190eb0ed6cee1ba2a4cc8908a386ca7
17b7348b7bdc07619d866cb3c5a5d334bddd1ba163824df08bbfc699822c1993,MITDB_P223,223,1205000000,3,20260927,MODEL_V2_TCN_MEAN,0,-2.825950860977173,0.05593784153461456,5,V2-004-D1-TCNMEAN-F03-S20260927,f02c47aad1549dbd9710aef224c49f59b190eb0ed6cee1ba2a4cc8908a386ca7
17cadbb8681b75e4364cc9fc1508d4698ed3830de479bba5af24454624d7b32f,MITDB_P114,114,1160000000,3,20260927,MODEL_V2_TCN_MEAN,0,2.2699806690216064,0.9063601493835449,5,V2-004-D1-TCNMEAN-F03-S20260927,f02c47aad1549dbd9710aef224c49f59b190eb0ed6cee1ba2a4cc8908a386ca7
17d4afd0d6dc289ea8fa7f2dc87836e1e3fc20ac722030be59ea4e5183cd49b0,MITDB_P208,208,115000000,3,20260927,MODEL_V2_TCN_MEAN,1,14.164901733398438,0.9999992847442627,5,V2-004-D1-TCNMEAN-F03-S20260927,f02c47aad1549dbd9710aef224c49f59b190eb0ed6cee1ba2a4cc8908a386ca7
1853c8a587c90c998566df602bb6ff6becd1ced6b9c700f1869353e099810e81,MITDB_P121,121,600000000,3,20260927,MODEL_V2_TCN_MEAN,0,-3.2268404960632324,0.03816806897521019,5,V2-004-D1-TCNMEAN-F03-S20260927,f02c47aad1549dbd9710aef224c49f59b190eb0ed6cee1ba2a4cc8908a386ca7
1876312597272b0586bab53024de9605e24b3d61c2cda410530199c6448358d9,MITDB_P208,208,1025000000,3,20260927,MODEL_V2_TCN_MEAN,1,13.545106887817383,0.9999986886978149,5,V2-004-D1-TCNMEAN-F03-S20260927,f02c47aad1549dbd9710aef224c49f59b190eb0ed6cee1ba2a4cc8908a386ca7
1888d5859f91904a6c0da4d434dd1d7b6e9ac5f27fc05746b1830439608e04ad,MITDB_P223,223,1330000000,3,20260927,MODEL_V2_TCN_MEAN,1,16.895784378051758,1.0,5,V2-004-D1-TCNMEAN-F03-S20260927,f02c47aad1549dbd9710aef224c49f59b190eb0ed6cee1ba2a4cc8908a386ca7
1897c9217a6a4caefb91c3f0cffd01a6431aa44fef7ecc28f115d6e86d4197ca,MITDB_P121,121,1105000000,3,20260927,MODEL_V2_TCN_MEAN,0,-4.265501499176025,0.013850297778844833,5,V2-004-D1-TCNMEAN-F03-S20260927,f02c47aad1549dbd9710aef224c49f59b190eb0ed6cee1ba2a4cc8908a386ca7
1898e15def352a75b5880e7b10a17d1699404561c5b3598e413de13c22a2aba3,MITDB_P208,208,1560000000,3,20260927,MODEL_V2_TCN_MEAN,1,7.861949920654297,0.999614953994751,5,V2-004-D1-TCNMEAN-F03-S20260927,f02c47aad1549dbd9710aef224c49f59b190eb0ed6cee1ba2a4cc8908a386ca7
18a9d429d224c9713067f194e7e09b1af573a2372810276ec6af2800683bc179,MITDB_P103,103,85000000,3,20260927,MODEL_V2_TCN_MEAN,0,-3.3412985801696777,0.03418126329779625,5,V2-004-D1-TCNMEAN-F03-S20260927,f02c47aad1549dbd9710aef224c49f59b190eb0ed6cee1ba2a4cc8908a386ca7
18de3d09ea57aa69083ef8dd4ce33cd1888eea64dbbd03a2c15535c3e51799eb,MITDB_P208,208,940000000,3,20260927,MODEL_V2_TCN_MEAN,1,10.817030906677246,0.9999799728393555,5,V2-004-D1-TCNMEAN-F03-S20260927,f02c47aad1549dbd9710aef224c49f59b190eb0ed6cee1ba2a4cc8908a386ca7
18efdc68fdf82329cb2759d5caebb46aa504bc7888e605e7cf55ac59b373c4ac,MITDB_P121,121,595000000,3,20260927,MODEL_V2_TCN_MEAN,0,-3.9256229400634766,0.019348107278347015,5,V2-004-D1-TCNMEAN-F03-S20260927,f02c47aad1549dbd9710aef224c49f59b190eb0ed6cee1ba2a4cc8908a386ca7
190c35a3abae9600385a5c0da4d52da986969bb628b2ad8d0b447275773c580b,MITDB_P208,208,1795000000,3,20260927,MODEL_V2_TCN_MEAN,1,5.578927040100098,0.9962375164031982,5,V2-004-D1-TCNMEAN-F03-S20260927,f02c47aad1549dbd9710aef224c49f59b190eb0ed6cee1ba2a4cc8908a386ca7
198034a2de287c0fd1fab35edb8995ef604682e0c1898b599d27facf4d90c14e,MITDB_P114,114,1175000000,3,20260927,MODEL_V2_TCN_MEAN,0,2.6937267780303955,0.9366555213928223,5,V2-004-D1-TCNMEAN-F03-S20260927,f02c47aad1549dbd9710aef224c49f59b190eb0ed6cee1ba2a4cc8908a386ca7
198b9c66ac52cf9ce3fd308f66248686d937e1ebc7421b1c50e7a617275fa5c0,MITDB_P223,223,950000000,3,20260927,MODEL_V2_TCN_MEAN,1,6.092431545257568,0.9977452158927917,5,V2-004-D1-TCNMEAN-F03-S20260927,f02c47aad1549dbd9710aef224c49f59b190eb0ed6cee1ba2a4cc8908a386ca7
1996b0cfd03af773816ac70a9bcbd065cdb16d3d7957f602396bb219fc6e4426,MITDB_P114,114,245000000,3,20260927,MODEL_V2_TCN_MEAN,1,7.816941738128662,0.9995973706245422,5,V2-004-D1-TCNMEAN-F03-S20260927,f02c47aad1549dbd9710aef224c49f59b190eb0ed6cee1ba2a4cc8908a386ca7
19b451ab680d35e2384beae54fb0b44c54ee29353ce084c0e5300cdfc088a826,MITDB_P223,223,1020000000,3,20260927,MODEL_V2_TCN_MEAN,1,15.964009284973145,0.9999998807907104,5,V2-004-D1-TCNMEAN-F03-S20260927,f02c47aad1549dbd9710aef224c49f59b190eb0ed6cee1ba2a4cc8908a386ca7
19c89304d12ffc2023ea7187474d4a1f66b4d1884ff09fbee1ac6951cc9158a7,MITDB_P114,114,1505000000,3,20260927,MODEL_V2_TCN_MEAN,0,2.457585096359253,0.9211143851280212,5,V2-004-D1-TCNMEAN-F03-S20260927,f02c47aad1549dbd9710aef224c49f59b190eb0ed6cee1ba2a4cc8908a386ca7
19d503a15a274e34def0e95fa48bf7087db4e5efd075f1dc9ee21341780562ee,MITDB_P208,208,980000000,3,20260927,MODEL_V2_TCN_MEAN,1,8.318286895751953,0.9997560381889343,5,V2-004-D1-TCNMEAN-F03-S20260927,f02c47aad1549dbd9710aef224c49f59b190eb0ed6cee1ba2a4cc8908a386ca7
19fa16d2abdd3710de5552d35b4584a3ef17572d0e28b6a4a189e7ac1a4d24c0,MITDB_P114,114,600000000,3,20260927,MODEL_V2_TCN_MEAN,0,4.7776007652282715,0.9916540384292603,5,V2-004-D1-TCNMEAN-F03-S20260927,f02c47aad1549dbd9710aef224c49f59b190eb0ed6cee1ba2a4cc8908a386ca7
1a56c6ba27394e9e399dd2a1764d668b0ce2203b2511269aa0d27c76b38ac317,MITDB_P208,208,1500000000,3,20260927,MODEL_V2_TCN_MEAN,1,8.297927856445312,0.9997510313987732,5,V2-004-D1-TCNMEAN-F03-S20260927,f02c47aad1549dbd9710aef224c49f59b190eb0ed6cee1ba2a4cc8908a386ca7
1a5bbf1911300ed2afa692241fbce3cb63d68177753eaa1185213e6345e3e2c0,MITDB_P103,103,1145000000,3,20260927,MODEL_V2_TCN_MEAN,0,-1.211648941040039,0.22940942645072937,5,V2-004-D1-TCNMEAN-F03-S20260927,f02c47aad1549dbd9710aef224c49f59b190eb0ed6cee1ba2a4cc8908a386ca7
1a6cdca5696440b93239d62ed07582b6ce8a93b88c7ccb3fb58901534444236e,MITDB_P208,208,1365000000,3,20260927,MODEL_V2_TCN_MEAN,1,7.404555320739746,0.9993919134140015,5,V2-004-D1-TCNMEAN-F03-S20260927,f02c47aad1549dbd9710aef224c49f59b190eb0ed6cee1ba2a4cc8908a386ca7
1a6f52d1b2e20f7903b3040206391726db6348a0d288ea24dfc5b9e1cafda6ee,MITDB_P121,121,1470000000,3,20260927,MODEL_V2_TCN_MEAN,0,-4.252380847930908,0.014030653052031994,5,V2-004-D1-TCNMEAN-F03-S20260927,f02c47aad1549dbd9710aef224c49f59b190eb0ed6cee1ba2a4cc8908a386ca7
1abaa24b483c439bef8fcf4131c2be3ab0c34d8311df42c79f997fd2d485dd72,MITDB_P208,208,920000000,3,20260927,MODEL_V2_TCN_MEAN,1,14.114492416381836,0.9999992847442627,5,V2-004-D1-TCNMEAN-F03-S20260927,f02c47aad1549dbd9710aef224c49f59b190eb0ed6cee1ba2a4cc8908a386ca7
1ae698a76aedfdda7d4969cb850d5d49cd560fc37957234f86b727a7a18dd1cc,MITDB_P121,121,200000000,3,20260927,MODEL_V2_TCN_MEAN,0,-3.8829479217529297,0.02017464116215706,5,V2-004-D1-TCNMEAN-F03-S20260927,f02c47aad1549dbd9710aef224c49f59b190eb0ed6cee1ba2a4cc8908a386ca7
1ae738e8d05e19028dc33cc8e9eb3ebb42bbff5440b02c50cdd7594e492f1698,MITDB_P103,103,1530000000,3,20260927,MODEL_V2_TCN_MEAN,0,-2.171720027923584,0.10231894254684448,5,V2-004-D1-TCNMEAN-F03-S20260927,f02c47aad1549dbd9710aef224c49f59b190eb0ed6cee1ba2a4cc8908a386ca7
1afa32d8dfa608d0db94718a4645f5b4afb42995a90e25f09e483a1ab90930b3,MITDB_P223,223,1400000000,3,20260927,MODEL_V2_TCN_MEAN,1,15.915412902832031,0.9999998807907104,5,V2-004-D1-TCNMEAN-F03-S20260927,f02c47aad1549dbd9710aef224c49f59b190eb0ed6cee1ba2a4cc8908a386ca7
1b1ab3ee42374dc48c64a6ef1a557909fd5aa854a43101272dec0f9cb15b056f,MITDB_P114,114,1395000000,3,20260927,MODEL_V2_TCN_MEAN,0,0.6014277338981628,0.6459828615188599,5,V2-004-D1-TCNMEAN-F03-S20260927,f02c47aad1549dbd9710aef224c49f59b190eb0ed6cee1ba2a4cc8908a386ca7
1bb6504dc44aea786afb6cac13392b1f3ec5acdba9d12a7789c0b8d988d7bf76,MITDB_P208,208,815000000,3,20260927,MODEL_V2_TCN_MEAN,1,14.459482192993164,0.9999995231628418,5,V2-004-D1-TCNMEAN-F03-S20260927,f02c47aad1549dbd9710aef224c49f59b190eb0ed6cee1ba2a4cc8908a386ca7
1c21f0109116dbf045368a195c7fbafc932b84e8b858de2eac0dc727df17feda,MITDB_P223,223,1350000000,3,20260927,MODEL_V2_TCN_MEAN,1,16.41787338256836,0.9999998807907104,5,V2-004-D1-TCNMEAN-F03-S20260927,f02c47aad1549dbd9710aef224c49f59b190eb0ed6cee1ba2a4cc8908a386ca7
1c3425c598ceb9cef727a537464e1c0be5a27e98305082e9f5aecc80e51d54a2,MITDB_P114,114,900000000,3,20260927,MODEL_V2_TCN_MEAN,0,2.090261220932007,0.8899530172348022,5,V2-004-D1-TCNMEAN-F03-S20260927,f02c47aad1549dbd9710aef224c49f59b190eb0ed6cee1ba2a4cc8908a386ca7
1ca31e891988383419e63f425742e415d35ca9816c23c9876d9272ab610babbd,MITDB_P223,223,1380000000,3,20260927,MODEL_V2_TCN_MEAN,1,17.050891876220703,1.0,5,V2-004-D1-TCNMEAN-F03-S20260927,f02c47aad1549dbd9710aef224c49f59b190eb0ed6cee1ba2a4cc8908a386ca7
1cb8f43ee559d2c74ce9513e3bbc2b3adb215f517476db7cf056b5fafe3fba4f,MITDB_P103,103,770000000,3,20260927,MODEL_V2_TCN_MEAN,0,-2.8110861778259277,0.05672803148627281,5,V2-004-D1-TCNMEAN-F03-S20260927,f02c47aad1549dbd9710aef224c49f59b190eb0ed6cee1ba2a4cc8908a386ca7
1d28887656c25b6acc43d1e24d0bba0f32ac3651fa033c8aebb3d6f044e5ca95,MITDB_P223,223,650000000,3,20260927,MODEL_V2_TCN_MEAN,0,1.3877789974212646,0.8002374172210693,5,V2-004-D1-TCNMEAN-F03-S20260927,f02c47aad1549dbd9710aef224c49f59b190eb0ed6cee1ba2a4cc8908a386ca7
1d4a1b64a6fd2a213e40f0da8297147a4df42da1b74a55e9866e6692429be2b0,MITDB_P103,103,905000000,3,20260927,MODEL_V2_TCN_MEAN,0,-2.5669116973876953,0.0712985247373581,5,V2-004-D1-TCNMEAN-F03-S20260927,f02c47aad1549dbd9710aef224c49f59b190eb0ed6cee1ba2a4cc8908a386ca7
1d4e1327f8fc798630b4d5044498ae299b936c01bc47d1dfd110fd3220987fc1,MITDB_P121,121,1465000000,3,20260927,MODEL_V2_TCN_MEAN,0,-3.4693102836608887,0.030198173597455025,5,V2-004-D1-TCNMEAN-F03-S20260927,f02c47aad1549dbd9710aef224c49f59b190eb0ed6cee1ba2a4cc8908a386ca7
1d69bdaca6948847894f061d6ad082e8f784296ec39c33e8168eae73ff8beaea,MITDB_P114,114,930000000,3,20260927,MODEL_V2_TCN_MEAN,0,2.754179000854492,0.9401489496231079,5,V2-004-D1-TCNMEAN-F03-S20260927,f02c47aad1549dbd9710aef224c49f59b190eb0ed6cee1ba2a4cc8908a386ca7
1d93b14efba95e53043c099a778ec3b84bcc12004a95f445017fe96ea0bc33e0,MITDB_P208,208,910000000,3,20260927,MODEL_V2_TCN_MEAN,1,11.593210220336914,0.9999908208847046,5,V2-004-D1-TCNMEAN-F03-S20260927,f02c47aad1549dbd9710aef224c49f59b190eb0ed6cee1ba2a4cc8908a386ca7
1dc2f712b37c86db603e9f21e847e9ced2283f8f6a6c2844471cc13167fc15de,MITDB_P103,103,1725000000,3,20260927,MODEL_V2_TCN_MEAN,0,-0.5627242922782898,0.36291733384132385,5,V2-004-D1-TCNMEAN-F03-S20260927,f02c47aad1549dbd9710aef224c49f59b190eb0ed6cee1ba2a4cc8908a386ca7
1dd4226804f3d3873bffa653ddb9dd2ecb1e287d4cd2cb7d3c372eb0945841d0,MITDB_P208,208,770000000,3,20260927,MODEL_V2_TCN_MEAN,1,13.243001937866211,0.9999982118606567,5,V2-004-D1-TCNMEAN-F03-S20260927,f02c47aad1549dbd9710aef224c49f59b190eb0ed6cee1ba2a4cc8908a386ca7
1dfb5b959af3850198507eee1259cb920e063a61ca019d2d9aba4c992981795b,MITDB_P114,114,1750000000,3,20260927,MODEL_V2_TCN_MEAN,0,2.0033881664276123,0.881152331829071,5,V2-004-D1-TCNMEAN-F03-S20260927,f02c47aad1549dbd9710aef224c49f59b190eb0ed6cee1ba2a4cc8908a386ca7
1e0650fbfe7fa25a9209a4f0a2d693ebf4d69948c1b17851cf02c97fbb4c0469,MITDB_P223,223,1465000000,3,20260927,MODEL_V2_TCN_MEAN,0,-2.6975345611572266,0.06311899423599243,5,V2-004-D1-TCNMEAN-F03-S20260927,f02c47aad1549dbd9710aef224c49f59b190eb0ed6cee1ba2a4cc8908a386ca7
1e7a556888afd7cb3366fe1348c1542a9a6a29e58d7f47acd2965bcf91fe7615,MITDB_P103,103,1765000000,3,20260927,MODEL_V2_TCN_MEAN,0,-1.5173901319503784,0.1798461526632309,5,V2-004-D1-TCNMEAN-F03-S20260927,f02c47aad1549dbd9710aef224c49f59b190eb0ed6cee1ba2a4cc8908a386ca7
1ea10c47a61b6ac251b2e9a15a7e781b02ca9db134432a6c6726e8e53d8c3173,MITDB_P223,223,65000000,3,20260927,MODEL_V2_TCN_MEAN,1,4.64668607711792,0.9904977679252625,5,V2-004-D1-TCNMEAN-F03-S20260927,f02c47aad1549dbd9710aef224c49f59b190eb0ed6cee1ba2a4cc8908a386ca7
1ee8831aec412347f0133d17deeeb3dc13d1f5cda05e0bc96eda907d28273f1c,MITDB_P223,223,765000000,3,20260927,MODEL_V2_TCN_MEAN,1,8.342842102050781,0.9997619986534119,5,V2-004-D1-TCNMEAN-F03-S20260927,f02c47aad1549dbd9710aef224c49f59b190eb0ed6cee1ba2a4cc8908a386ca7
1ef98eaa5d6b6b3e191bba0d8591d58552ba37ef41f27269d9045dad7178a4ba,MITDB_P223,223,90000000,3,20260927,MODEL_V2_TCN_MEAN,0,-2.66105318069458,0.0653110146522522,5,V2-004-D1-TCNMEAN-F03-S20260927,f02c47aad1549dbd9710aef224c49f59b190eb0ed6cee1ba2a4cc8908a386ca7
1f754b4f262139e4c4eff241a5fe1b64eaab517165092d365c1a0d7e67f77ad0,MITDB_P103,103,195000000,3,20260927,MODEL_V2_TCN_MEAN,0,-3.2204461097717285,0.03840350732207298,5,V2-004-D1-TCNMEAN-F03-S20260927,f02c47aad1549dbd9710aef224c49f59b190eb0ed6cee1ba2a4cc8908a386ca7
1fd28bf214637fed3a8d5c634545f21e7851d15d48c05c8abec00bf42610596d,MITDB_P114,114,220000000,3,20260927,MODEL_V2_TCN_MEAN,0,0.32814595103263855,0.5813081860542297,5,V2-004-D1-TCNMEAN-F03-S20260927,f02c47aad1549dbd9710aef224c49f59b190eb0ed6cee1ba2a4cc8908a386ca7
1fda53d02b7fd43658c22318d0071fb31ecf2b60856056196f71bd39311ee8db,MITDB_P114,114,1450000000,3,20260927,MODEL_V2_TCN_MEAN,0,0.9699747562408447,0.7251144647598267,5,V2-004-D1-TCNMEAN-F03-S20260927,f02c47aad1549dbd9710aef224c49f59b190eb0ed6cee1ba2a4cc8908a386ca7
2007c72cd4d8869bf5f5cb27e6d35336725b560c7f4109018af700244b2566ed,MITDB_P223,223,435000000,3,20260927,MODEL_V2_TCN_MEAN,1,-1.0606131553649902,0.2571922838687897,5,V2-004-D1-TCNMEAN-F03-S20260927,f02c47aad1549dbd9710aef224c49f59b190eb0ed6cee1ba2a4cc8908a386ca7
2048a587a898c8061344a0d8ccd29a8fd72449edd0c60a24dba990337b715d76,MITDB_P121,121,915000000,3,20260927,MODEL_V2_TCN_MEAN,0,-4.163675785064697,0.015312183648347855,5,V2-004-D1-TCNMEAN-F03-S20260927,f02c47aad1549dbd9710aef224c49f59b190eb0ed6cee1ba2a4cc8908a386ca7
2053fcbcd6aa15eb004ae51aa2e40062f3cb42972512e2b503c11fb3be6a3a16,MITDB_P223,223,160000000,3,20260927,MODEL_V2_TCN_MEAN,1,1.133744239807129,0.7565292119979858,5,V2-004-D1-TCNMEAN-F03-S20260927,f02c47aad1549dbd9710aef224c49f59b190eb0ed6cee1ba2a4cc8908a386ca7
206609b3d220c9cf547143ac11ea14bb4dbf0caf3abfa670cc07cdd1c4179f13,MITDB_P121,121,1235000000,3,20260927,MODEL_V2_TCN_MEAN,0,-3.813680410385132,0.02159038372337818,5,V2-004-D1-TCNMEAN-F03-S20260927,f02c47aad1549dbd9710aef224c49f59b190eb0ed6cee1ba2a4cc8908a386ca7
208df940723197f6d2210ee63069920cd6cd1fc24a2a812de38e533913745ca8,MITDB_P121,121,965000000,3,20260927,MODEL_V2_TCN_MEAN,0,-4.064236640930176,0.016886059194803238,5,V2-004-D1-TCNMEAN-F03-S20260927,f02c47aad1549dbd9710aef224c49f59b190eb0ed6cee1ba2a4cc8908a386ca7
20ceab72fa61389888e74f6b586fdc749f223e5376b2b5f0416a4d9ead0f97f7,MITDB_P103,103,1780000000,3,20260927,MODEL_V2_TCN_MEAN,0,-0.6666547060012817,0.33924630284309387,5,V2-004-D1-TCNMEAN-F03-S20260927,f02c47aad1549dbd9710aef224c49f59b190eb0ed6cee1ba2a4cc8908a386ca7
20dae0c354933e3ece21dd4e55821af0824f11dd131152354321ba26da88084c,MITDB_P223,223,15000000,3,20260927,MODEL_V2_TCN_MEAN,0,-2.840383291244507,0.05518054962158203,5,V2-004-D1-TCNMEAN-F03-S20260927,f02c47aad1549dbd9710aef224c49f59b190eb0ed6cee1ba2a4cc8908a386ca7
20e661c8ce7364a3965f6f88efabbbb395822a8f53110fb02c205743e81443b3,MITDB_P114,114,650000000,3,20260927,MODEL_V2_TCN_MEAN,0,1.3988478183746338,0.8020009994506836,5,V2-004-D1-TCNMEAN-F03-S20260927,f02c47aad1549dbd9710aef224c49f59b190eb0ed6cee1ba2a4cc8908a386ca7
20f43e52716b333dd65be7f7eb4f83de99a10cfb9734dfa80bc37cabfad5bc3d,MITDB_P103,103,115000000,3,20260927,MODEL_V2_TCN_MEAN,0,-3.3565926551818848,0.033679939806461334,5,V2-004-D1-TCNMEAN-F03-S20260927,f02c47aad1549dbd9710aef224c49f59b190eb0ed6cee1ba2a4cc8908a386ca7
20f57f2721db48748e4b8383ada1b3d74635dfae3d2efdc0463008d81cae0932,MITDB_P114,114,1290000000,3,20260927,MODEL_V2_TCN_MEAN,0,1.4596710205078125,0.8114823698997498,5,V2-004-D1-TCNMEAN-F03-S20260927,f02c47aad1549dbd9710aef224c49f59b190eb0ed6cee1ba2a4cc8908a386ca7
21120dda26546139e0b25e48d6ef7f1335f6a542a0682ced64dd89c1e3b66054,MITDB_P103,103,1745000000,3,20260927,MODEL_V2_TCN_MEAN,0,-2.361237049102783,0.08617672324180603,5,V2-004-D1-TCNMEAN-F03-S20260927,f02c47aad1549dbd9710aef224c49f59b190eb0ed6cee1ba2a4cc8908a386ca7
2119d9dc372132fee5291e3fbb2e315328f383ea99a70793be1b0ff5f7ba7faa,MITDB_P103,103,90000000,3,20260927,MODEL_V2_TCN_MEAN,0,-3.2710158824920654,0.036579012870788574,5,V2-004-D1-TCNMEAN-F03-S20260927,f02c47aad1549dbd9710aef224c49f59b190eb0ed6cee1ba2a4cc8908a386ca7
211faeb0bb2ab180ea655d480aa721f8873f67010009de156b38af9d57671db3,MITDB_P121,121,755000000,3,20260927,MODEL_V2_TCN_MEAN,0,-4.471214771270752,0.011304172687232494,5,V2-004-D1-TCNMEAN-F03-S20260927,f02c47aad1549dbd9710aef224c49f59b190eb0ed6cee1ba2a4cc8908a386ca7
2185157139bb7033a3f2930a7fa373e80e7ab348e425a10316959d964dad47ea,MITDB_P121,121,1520000000,3,20260927,MODEL_V2_TCN_MEAN,0,-2.7277262210845947,0.061356984078884125,5,V2-004-D1-TCNMEAN-F03-S20260927,f02c47aad1549dbd9710aef224c49f59b190eb0ed6cee1ba2a4cc8908a386ca7
21bcccfa633e7550f2eadd661f97a18ab07c9ce0eb54503fbc9506227995a35d,MITDB_P223,223,280000000,3,20260927,MODEL_V2_TCN_MEAN,1,3.294626235961914,0.9642439484596252,5,V2-004-D1-TCNMEAN-F03-S20260927,f02c47aad1549dbd9710aef224c49f59b190eb0ed6cee1ba2a4cc8908a386ca7
21eb2b98eb33b849676aaddcbf78d227801cb910cd727e1d7377a7a9fdc50e2d,MITDB_P103,103,305000000,3,20260927,MODEL_V2_TCN_MEAN,0,-2.8870205879211426,0.05279892683029175,5,V2-004-D1-TCNMEAN-F03-S20260927,f02c47aad1549dbd9710aef224c49f59b190eb0ed6cee1ba2a4cc8908a386ca7
222c36c678c2de5b5cee95d79b69d84c3729adaf0cc5ac813267aa73db5e0cc8,MITDB_P103,103,945000000,3,20260927,MODEL_V2_TCN_MEAN,0,-2.009347677230835,0.11822496354579926,5,V2-004-D1-TCNMEAN-F03-S20260927,f02c47aad1549dbd9710aef224c49f59b190eb0ed6cee1ba2a4cc8908a386ca7
222e1ffb3b9144c13f2d16d7dea921750f71fb3bd94a20d7697136948e4fe922,MITDB_P103,103,15000000,3,20260927,MODEL_V2_TCN_MEAN,0,-2.5044994354248047,0.0755433589220047,5,V2-004-D1-TCNMEAN-F03-S20260927,f02c47aad1549dbd9710aef224c49f59b190eb0ed6cee1ba2a4cc8908a386ca7
223c55a0c20a233a937e0f0ccd8c9bbc1da56754ac21d59d1dadfbe82785b95f,MITDB_P103,103,1805000000,3,20260927,MODEL_V2_TCN_MEAN,0,-1.6165568828582764,0.16568027436733246,5,V2-004-D1-TCNMEAN-F03-S20260927,f02c47aad1549dbd9710aef224c49f59b190eb0ed6cee1ba2a4cc8908a386ca7
225789256a5d46b3373661568a0246f73545b9d936115e0e9fc89ea1b1c24b2c,MITDB_P208,208,1215000000,3,20260927,MODEL_V2_TCN_MEAN,1,7.730527400970459,0.9995610117912292,5,V2-004-D1-TCNMEAN-F03-S20260927,f02c47aad1549dbd9710aef224c49f59b190eb0ed6cee1ba2a4cc8908a386ca7
2273abf0a6548212ae475c6959e84a78220ac33cf2ae1faf6f8d5b8b99342e3c,MITDB_P223,223,1365000000,3,20260927,MODEL_V2_TCN_MEAN,1,16.23269271850586,0.9999998807907104,5,V2-004-D1-TCNMEAN-F03-S20260927,f02c47aad1549dbd9710aef224c49f59b190eb0ed6cee1ba2a4cc8908a386ca7
2298387c5707b4b63c19ddd093055fc5de155e8338d63925f4ee841f0b6fa121,MITDB_P121,121,1220000000,3,20260927,MODEL_V2_TCN_MEAN,0,-4.755164623260498,0.008533677086234093,5,V2-004-D1-TCNMEAN-F03-S20260927,f02c47aad1549dbd9710aef224c49f59b190eb0ed6cee1ba2a4cc8908a386ca7
22bfb9a8322b840fb3eaee1f56a9d4a919d1238e41661facb1295563fe1dc008,MITDB_P121,121,1600000000,3,20260927,MODEL_V2_TCN_MEAN,0,-5.746304035186768,0.0031843932811170816,5,V2-004-D1-TCNMEAN-F03-S20260927,f02c47aad1549dbd9710aef224c49f59b190eb0ed6cee1ba2a4cc8908a386ca7
22c624a4987153dcbe71c9b062d3da7dbc0cb94b1ead5dd882874a0af0222cb7,MITDB_P103,103,645000000,3,20260927,MODEL_V2_TCN_MEAN,0,-2.3514537811279297,0.08695028722286224,5,V2-004-D1-TCNMEAN-F03-S20260927,f02c47aad1549dbd9710aef224c49f59b190eb0ed6cee1ba2a4cc8908a386ca7
22cd28115a79ea50aaec9e8726a26c664fdf978d3d45d55cde0eb3007aef86f1,MITDB_P114,114,770000000,3,20260927,MODEL_V2_TCN_MEAN,0,2.4975929260253906,0.9239729642868042,5,V2-004-D1-TCNMEAN-F03-S20260927,f02c47aad1549dbd9710aef224c49f59b190eb0ed6cee1ba2a4cc8908a386ca7
23422d5eb997ad6876c8700a0e6d6117d703cdf2cbc4ebbc8964791bb64d6502,MITDB_P121,121,160000000,3,20260927,MODEL_V2_TCN_MEAN,0,-4.533600330352783,0.01062776893377304,5,V2-004-D1-TCNMEAN-F03-S20260927,f02c47aad1549dbd9710aef224c49f59b190eb0ed6cee1ba2a4cc8908a386ca7
2361cd7f0c52d622ad567432b1205c45387448e16deeb9c456f92d719e4fce44,MITDB_P223,223,260000000,3,20260927,MODEL_V2_TCN_MEAN,0,-2.9827466011047363,0.048211436718702316,5,V2-004-D1-TCNMEAN-F03-S20260927,f02c47aad1549dbd9710aef224c49f59b190eb0ed6cee1ba2a4cc8908a386ca7
2372c2588edc6b4c3bfbe3a935a6cc62f6ef9791b2701d9b19fe8ac8c335f0b1,MITDB_P114,114,935000000,3,20260927,MODEL_V2_TCN_MEAN,0,2.9374442100524902,0.9496666789054871,5,V2-004-D1-TCNMEAN-F03-S20260927,f02c47aad1549dbd9710aef224c49f59b190eb0ed6cee1ba2a4cc8908a386ca7
23bf3597510a6b3febb7d464f7c75e16724de71059d13f328e63863e502000b7,MITDB_P114,114,1350000000,3,20260927,MODEL_V2_TCN_MEAN,0,1.716695785522461,0.8477027416229248,5,V2-004-D1-TCNMEAN-F03-S20260927,f02c47aad1549dbd9710aef224c49f59b190eb0ed6cee1ba2a4cc8908a386ca7
241e74d28cc1d3fb5da1e0cd40a5098fb5feb2f116705ea0a89e17511e8e06cf,MITDB_P121,121,1015000000,3,20260927,MODEL_V2_TCN_MEAN,1,6.706649303436279,0.998778760433197,5,V2-004-D1-TCNMEAN-F03-S20260927,f02c47aad1549dbd9710aef224c49f59b190eb0ed6cee1ba2a4cc8908a386ca7
241f54bf87f98d5c2e4067e92fa148332c37efbe30bfa6743847c5cde7fccc40,MITDB_P114,114,1585000000,3,20260927,MODEL_V2_TCN_MEAN,0,1.582585096359253,0.8295702934265137,5,V2-004-D1-TCNMEAN-F03-S20260927,f02c47aad1549dbd9710aef224c49f59b190eb0ed6cee1ba2a4cc8908a386ca7
244c6a8ec261d4bb266fb95c9b79161a5ad60e6912deb4642bdcec910ad6a26d,MITDB_P103,103,510000000,3,20260927,MODEL_V2_TCN_MEAN,0,-2.7618184089660645,0.05942264944314957,5,V2-004-D1-TCNMEAN-F03-S20260927,f02c47aad1549dbd9710aef224c49f59b190eb0ed6cee1ba2a4cc8908a386ca7
2490ca5526feace3355095b5f7d776ecc2aae708d0e4d64b902daf8da8cf5e3d,MITDB_P121,121,855000000,3,20260927,MODEL_V2_TCN_MEAN,0,-3.4144961833953857,0.03184548392891884,5,V2-004-D1-TCNMEAN-F03-S20260927,f02c47aad1549dbd9710aef224c49f59b190eb0ed6cee1ba2a4cc8908a386ca7
249cecb972f765b2c687918fbc43a1eabac3d322db6679df8cb1744562d495b3,MITDB_P223,223,1225000000,3,20260927,MODEL_V2_TCN_MEAN,0,-2.7308080196380615,0.06117973476648331,5,V2-004-D1-TCNMEAN-F03-S20260927,f02c47aad1549dbd9710aef224c49f59b190eb0ed6cee1ba2a4cc8908a386ca7
24adace249e5e8ffa142995bcd5e924b3aca8fe599544c09795c1a6bf1233b09,MITDB_P223,223,230000000,3,20260927,MODEL_V2_TCN_MEAN,1,2.9946019649505615,0.9523296356201172,5,V2-004-D1-TCNMEAN-F03-S20260927,f02c47aad1549dbd9710aef224c49f59b190eb0ed6cee1ba2a4cc8908a386ca7
24e1a3ec3f8c50806caf8faae6c11c74368c00c1ccbf06a811749fafdce3b020,MITDB_P223,223,345000000,3,20260927,MODEL_V2_TCN_MEAN,0,-2.052852153778076,0.11376449465751648,5,V2-004-D1-TCNMEAN-F03-S20260927,f02c47aad1549dbd9710aef224c49f59b190eb0ed6cee1ba2a4cc8908a386ca7
24fedf35cdf4c1e5c89249a960bb11473e864e496d2775b552e171b98c95286e,MITDB_P121,121,445000000,3,20260927,MODEL_V2_TCN_MEAN,0,-4.3018107414245605,0.013363023288547993,5,V2-004-D1-TCNMEAN-F03-S20260927,f02c47aad1549dbd9710aef224c49f59b190eb0ed6cee1ba2a4cc8908a386ca7
2534bde30ab49307a39d30d9b283fbaa8887523a19e82500f3568469ddc5b3c7,MITDB_P103,103,1620000000,3,20260927,MODEL_V2_TCN_MEAN,0,-1.7799124717712402,0.14431394636631012,5,V2-004-D1-TCNMEAN-F03-S20260927,f02c47aad1549dbd9710aef224c49f59b190eb0ed6cee1ba2a4cc8908a386ca7
255051e3eda491219f874445e11306cffd623b508acc2da96b2907b3a31b45e6,MITDB_P223,223,55000000,3,20260927,MODEL_V2_TCN_MEAN,0,-2.9703826904296875,0.04878196120262146,5,V2-004-D1-TCNMEAN-F03-S20260927,f02c47aad1549dbd9710aef224c49f59b190eb0ed6cee1ba2a4cc8908a386ca7
257267067670cebe88ab1424c4a022c4ba246471a5013dd394f5873c0aa62a32,MITDB_P223,223,210000000,3,20260927,MODEL_V2_TCN_MEAN,0,-2.9784812927246094,0.04840753600001335,5,V2-004-D1-TCNMEAN-F03-S20260927,f02c47aad1549dbd9710aef224c49f59b190eb0ed6cee1ba2a4cc8908a386ca7
25752852f6764979eb86d1e831bb0440409052efd8f8c497b6d6eae98b46b50a,MITDB_P223,223,830000000,3,20260927,MODEL_V2_TCN_MEAN,1,12.983701705932617,0.9999977350234985,5,V2-004-D1-TCNMEAN-F03-S20260927,f02c47aad1549dbd9710aef224c49f59b190eb0ed6cee1ba2a4cc8908a386ca7
25ced4ca939cdbe939eb531300c4c18ef6d5085f2f12feac0e28b29ce806e2bd,MITDB_P208,208,1670000000,3,20260927,MODEL_V2_TCN_MEAN,1,6.96641206741333,0.9990578293800354,5,V2-004-D1-TCNMEAN-F03-S20260927,f02c47aad1549dbd9710aef224c49f59b190eb0ed6cee1ba2a4cc8908a386ca7
261d2e7f8329b8c6e9edff34b82fd83b05b9f97df2df05ce89ad4d058d24c64e,MITDB_P121,121,1790000000,3,20260927,MODEL_V2_TCN_MEAN,0,-5.6705522537231445,0.003434127662330866,5,V2-004-D1-TCNMEAN-F03-S20260927,f02c47aad1549dbd9710aef224c49f59b190eb0ed6cee1ba2a4cc8908a386ca7
263b10f0033bb52b801307e03509884138a57fd4cb1b8aa87a56495129d59597,MITDB_P208,208,240000000,3,20260927,MODEL_V2_TCN_MEAN,1,9.66782283782959,0.9999366998672485,5,V2-004-D1-TCNMEAN-F03-S20260927,f02c47aad1549dbd9710aef224c49f59b190eb0ed6cee1ba2a4cc8908a386ca7
267a32ae0e316e88b54f417ac9ea82b79848bc486535916f521f458791c0a3a1,MITDB_P103,103,1105000000,3,20260927,MODEL_V2_TCN_MEAN,0,2.5285274982452393,0.9261176586151123,5,V2-004-D1-TCNMEAN-F03-S20260927,f02c47aad1549dbd9710aef224c49f59b190eb0ed6cee1ba2a4cc8908a386ca7
268e02d83ca55e0cc0b70f2c0bbf4bb4977cda5b2c5dcc00e2f788742102d019,MITDB_P103,103,100000000,3,20260927,MODEL_V2_TCN_MEAN,0,-2.1789941787719727,0.10165274143218994,5,V2-004-D1-TCNMEAN-F03-S20260927,f02c47aad1549dbd9710aef224c49f59b190eb0ed6cee1ba2a4cc8908a386ca7
269a5c171b99a2ebbbef7fc4030296d177f8062e4438cec7576062a5314c5c9a,MITDB_P121,121,645000000,3,20260927,MODEL_V2_TCN_MEAN,0,-4.435730934143066,0.011707709170877934,5,V2-004-D1-TCNMEAN-F03-S20260927,f02c47aad1549dbd9710aef224c49f59b190eb0ed6cee1ba2a4cc8908a386ca7
26e683adf361962dbf3c1b2728b1d64079db36da5f17952435cf5123914c827c,MITDB_P103,103,1635000000,3,20260927,MODEL_V2_TCN_MEAN,0,-0.5193712115287781,0.37299931049346924,5,V2-004-D1-TCNMEAN-F03-S20260927,f02c47aad1549dbd9710aef224c49f59b190eb0ed6cee1ba2a4cc8908a386ca7
2713123e65cb7f1dd7418e654a66b4aba7c1ff9da8e51c1900080a5690b540df,MITDB_P208,208,1120000000,3,20260927,MODEL_V2_TCN_MEAN,1,10.181347846984863,0.9999620914459229,5,V2-004-D1-TCNMEAN-F03-S20260927,f02c47aad1549dbd9710aef224c49f59b190eb0ed6cee1ba2a4cc8908a386ca7
271cb8a2a650612449d0d99e8eb90827e2ce530863815a58ea8813c80f18159d,MITDB_P208,208,1225000000,3,20260927,MODEL_V2_TCN_MEAN,1,2.226390838623047,0.9025945067405701,5,V2-004-D1-TCNMEAN-F03-S20260927,f02c47aad1549dbd9710aef224c49f59b190eb0ed6cee1ba2a4cc8908a386ca7
27618591dff60d39be5bbe9df2ed57c9f6f36367e648e6a8b21dd425cf246e1a,MITDB_P208,208,190000000,3,20260927,MODEL_V2_TCN_MEAN,1,9.565536499023438,0.9999299049377441,5,V2-004-D1-TCNMEAN-F03-S20260927,f02c47aad1549dbd9710aef224c49f59b190eb0ed6cee1ba2a4cc8908a386ca7
276a58835c3ecc6a27c6953acbad65510d13e9498249902ba3e227d1b4666957,MITDB_P223,223,645000000,3,20260927,MODEL_V2_TCN_MEAN,1,4.565622806549072,0.9897037148475647,5,V2-004-D1-TCNMEAN-F03-S20260927,f02c47aad1549dbd9710aef224c49f59b190eb0ed6cee1ba2a4cc8908a386ca7
279f84a8f0326e96bd463eb78644056a21524fd24ea625f1b1f622b3e5444e91,MITDB_P114,114,1625000000,3,20260927,MODEL_V2_TCN_MEAN,0,-2.4029860496520996,0.08294527977705002,5,V2-004-D1-TCNMEAN-F03-S20260927,f02c47aad1549dbd9710aef224c49f59b190eb0ed6cee1ba2a4cc8908a386ca7
27d65d28a109141adaddc514837d2562a9c8645fdce889fc062c0f380824c9c3,MITDB_P114,114,250000000,3,20260927,MODEL_V2_TCN_MEAN,1,15.078468322753906,0.9999997615814209,5,V2-004-D1-TCNMEAN-F03-S20260927,f02c47aad1549dbd9710aef224c49f59b190eb0ed6cee1ba2a4cc8908a386ca7
28135e9f8bc318cdb87c3ee8b660f0d0aec8ba5f72ea78eb5b4d828b2df0aeb7,MITDB_P114,114,560000000,3,20260927,MODEL_V2_TCN_MEAN,1,3.702341079711914,0.9759280681610107,5,V2-004-D1-TCNMEAN-F03-S20260927,f02c47aad1549dbd9710aef224c49f59b190eb0ed6cee1ba2a4cc8908a386ca7
282e971f9c38d950bfff7652f29c774d4c7272accba7f2f49f78df5d5f9a9bcc,MITDB_P208,208,1300000000,3,20260927,MODEL_V2_TCN_MEAN,1,2.6450958251953125,0.9337080717086792,5,V2-004-D1-TCNMEAN-F03-S20260927,f02c47aad1549dbd9710aef224c49f59b190eb0ed6cee1ba2a4cc8908a386ca7
283e0e907760c44ee41223f5c9929ec5dc6169306bee33145a1e0c2cd2374b13,MITDB_P208,208,1010000000,3,20260927,MODEL_V2_TCN_MEAN,1,6.810232639312744,0.9988987445831299,5,V2-004-D1-TCNMEAN-F03-S20260927,f02c47aad1549dbd9710aef224c49f59b190eb0ed6cee1ba2a4cc8908a386ca7
283ed4d21d3bbf48156f59534879acfabca708278a7ae65e25263bf8d737d3a9,MITDB_P208,208,1230000000,3,20260927,MODEL_V2_TCN_MEAN,1,5.5554304122924805,0.9961484670639038,5,V2-004-D1-TCNMEAN-F03-S20260927,f02c47aad1549dbd9710aef224c49f59b190eb0ed6cee1ba2a4cc8908a386ca7
28514b0fdf6c2ec15a1b593a9843a079c2c6a16e1cc60a04d407103966ab1b19,MITDB_P208,208,200000000,3,20260927,MODEL_V2_TCN_MEAN,1,12.967283248901367,0.999997615814209,5,V2-004-D1-TCNMEAN-F03-S20260927,f02c47aad1549dbd9710aef224c49f59b190eb0ed6cee1ba2a4cc8908a386ca7
287a50f2cc6089eaf52f56558b118688ac55d5d653623b7125c0af70d971764e,MITDB_P114,114,485000000,3,20260927,MODEL_V2_TCN_MEAN,1,5.451528072357178,0.9957285523414612,5,V2-004-D1-TCNMEAN-F03-S20260927,f02c47aad1549dbd9710aef224c49f59b190eb0ed6cee1ba2a4cc8908a386ca7
28f0b90cefbe3ac921816eb9bc7c2978f38c3f1329bf19969ac2a6de80d73f51,MITDB_P114,114,1330000000,3,20260927,MODEL_V2_TCN_MEAN,0,3.3727149963378906,0.9668408632278442,5,V2-004-D1-TCNMEAN-F03-S20260927,f02c47aad1549dbd9710aef224c49f59b190eb0ed6cee1ba2a4cc8908a386ca7
291d7638c13496d55106045841cc06fdd8e3ccc4516433cc8c721f8808959fdd,MITDB_P121,121,930000000,3,20260927,MODEL_V2_TCN_MEAN,0,-4.11086368560791,0.01612919382750988,5,V2-004-D1-TCNMEAN-F03-S20260927,f02c47aad1549dbd9710aef224c49f59b190eb0ed6cee1ba2a4cc8908a386ca7
29353b546154c8e646caafa9e41597ac9f81af59028fda4d93cbcb2b5156c72e,MITDB_P121,121,1515000000,3,20260927,MODEL_V2_TCN_MEAN,0,-2.6406168937683105,0.06656969338655472,5,V2-004-D1-TCNMEAN-F03-S20260927,f02c47aad1549dbd9710aef224c49f59b190eb0ed6cee1ba2a4cc8908a386ca7
295a985531506bab0ac876e6498ff94b485fe6d7804449acbe321c14b2ececa5,MITDB_P103,103,1235000000,3,20260927,MODEL_V2_TCN_MEAN,0,-1.9220857620239258,0.12762916088104248,5,V2-004-D1-TCNMEAN-F03-S20260927,f02c47aad1549dbd9710aef224c49f59b190eb0ed6cee1ba2a4cc8908a386ca7
297118b1fd3dcf0fb4d80cc411984de16ce6e618c102460b57a89e9dc7bd0c4a,MITDB_P208,208,1360000000,3,20260927,MODEL_V2_TCN_MEAN,1,4.4050211906433105,0.9879315495491028,5,V2-004-D1-TCNMEAN-F03-S20260927,f02c47aad1549dbd9710aef224c49f59b190eb0ed6cee1ba2a4cc8908a386ca7
29889a1d1969cb82a39312adb27ae25009482d7686f5cd4eef099ce115b284a1,MITDB_P208,208,95000000,3,20260927,MODEL_V2_TCN_MEAN,1,11.30239200592041,0.9999876022338867,5,V2-004-D1-TCNMEAN-F03-S20260927,f02c47aad1549dbd9710aef224c49f59b190eb0ed6cee1ba2a4cc8908a386ca7
29a737ab578ccc634ffe30ec27672e19199004b1aab5100586fcfef507c25cbb,MITDB_P223,223,135000000,3,20260927,MODEL_V2_TCN_MEAN,1,8.233104705810547,0.9997343420982361,5,V2-004-D1-TCNMEAN-F03-S20260927,f02c47aad1549dbd9710aef224c49f59b190eb0ed6cee1ba2a4cc8908a386ca7
29eb5f5dabc12d7972f239978f01f6970e081fb92d49ef543f0588db4ad177b2,MITDB_P103,103,1430000000,3,20260927,MODEL_V2_TCN_MEAN,0,-2.20027494430542,0.09972579777240753,5,V2-004-D1-TCNMEAN-F03-S20260927,f02c47aad1549dbd9710aef224c49f59b190eb0ed6cee1ba2a4cc8908a386ca7
29f8a53b83c72837615ad38f2b2c77e200e42bbf3ac4e56a481948cf619db0f9,MITDB_P208,208,395000000,3,20260927,MODEL_V2_TCN_MEAN,1,11.627516746520996,0.9999910593032837,5,V2-004-D1-TCNMEAN-F03-S20260927,f02c47aad1549dbd9710aef224c49f59b190eb0ed6cee1ba2a4cc8908a386ca7
2a02d184d0cc38a1d6716dfe3e334c2c276ad730c4e5ee51dd9f5a22495fcbe4,MITDB_P223,223,150000000,3,20260927,MODEL_V2_TCN_MEAN,1,2.349440336227417,0.9128897786140442,5,V2-004-D1-TCNMEAN-F03-S20260927,f02c47aad1549dbd9710aef224c49f59b190eb0ed6cee1ba2a4cc8908a386ca7
2a0f21b139278d5bd583d3623921190706ae17a70950b3b42d77e496fd03e3df,MITDB_P114,114,200000000,3,20260927,MODEL_V2_TCN_MEAN,1,12.034502029418945,0.9999940395355225,5,V2-004-D1-TCNMEAN-F03-S20260927,f02c47aad1549dbd9710aef224c49f59b190eb0ed6cee1ba2a4cc8908a386ca7
2a1f700245450c11ec7ef9d866a25e4809612c81c0a6032ae3995fb10c102969,MITDB_P223,223,290000000,3,20260927,MODEL_V2_TCN_MEAN,1,-0.22509907186031342,0.4439616799354553,5,V2-004-D1-TCNMEAN-F03-S20260927,f02c47aad1549dbd9710aef224c49f59b190eb0ed6cee1ba2a4cc8908a386ca7
2a244dda28f85227dc8d1ba5d045c92e3d9961753b4849f0d1ec9dc4ad780c50,MITDB_P114,114,1370000000,3,20260927,MODEL_V2_TCN_MEAN,0,0.5009198188781738,0.6226754784584045,5,V2-004-D1-TCNMEAN-F03-S20260927,f02c47aad1549dbd9710aef224c49f59b190eb0ed6cee1ba2a4cc8908a386ca7
2a5f098911838d8cf6b4ce5431d659ef83b4c2849db60dd64baa5aad93307109,MITDB_P114,114,1640000000,3,20260927,MODEL_V2_TCN_MEAN,0,-1.0459227561950684,0.2600088119506836,5,V2-004-D1-TCNMEAN-F03-S20260927,f02c47aad1549dbd9710aef224c49f59b190eb0ed6cee1ba2a4cc8908a386ca7
2a66907b7fa8e48d56c3846b6668f45367fea18a456ff34b94d6251f8bdae96a,MITDB_P223,223,605000000,3,20260927,MODEL_V2_TCN_MEAN,1,2.758756160736084,0.9404059052467346,5,V2-004-D1-TCNMEAN-F03-S20260927,f02c47aad1549dbd9710aef224c49f59b190eb0ed6cee1ba2a4cc8908a386ca7
2a76bc70d74a03546a924c1590b4075d180bf5cb9eb9fd242ad1388e70560701,MITDB_P103,103,1625000000,3,20260927,MODEL_V2_TCN_MEAN,0,-2.4252781867980957,0.08126530796289444,5,V2-004-D1-TCNMEAN-F03-S20260927,f02c47aad1549dbd9710aef224c49f59b190eb0ed6cee1ba2a4cc8908a386ca7
2ac3158e3d0ea16d06504669e0a7523b4245236c6379a00473799fb6ee496cdc,MITDB_P114,114,430000000,3,20260927,MODEL_V2_TCN_MEAN,0,2.006568431854248,0.8814849853515625,5,V2-004-D1-TCNMEAN-F03-S20260927,f02c47aad1549dbd9710aef224c49f59b190eb0ed6cee1ba2a4cc8908a386ca7
2aea3f3e787e1b8d19999bee6c2093e3f3d7806fd96c872f5c17de8050498ef0,MITDB_P208,208,375000000,3,20260927,MODEL_V2_TCN_MEAN,1,11.789647102355957,0.9999923706054688,5,V2-004-D1-TCNMEAN-F03-S20260927,f02c47aad1549dbd9710aef224c49f59b190eb0ed6cee1ba2a4cc8908a386ca7
2b11d2e52df4dbaf2330987017d0cd9ca269c4b53fc67f2e83e8a7799cc7b2be,MITDB_P121,121,80000000,3,20260927,MODEL_V2_TCN_MEAN,0,-4.573241710662842,0.010218932293355465,5,V2-004-D1-TCNMEAN-F03-S20260927,f02c47aad1549dbd9710aef224c49f59b190eb0ed6cee1ba2a4cc8908a386ca7
2b17334896f8705f6b028f272012c96ed03fb7215c0fe45359064d9336d45fe3,MITDB_P103,103,790000000,3,20260927,MODEL_V2_TCN_MEAN,0,-2.573169231414795,0.07088529318571091,5,V2-004-D1-TCNMEAN-F03-S20260927,f02c47aad1549dbd9710aef224c49f59b190eb0ed6cee1ba2a4cc8908a386ca7
2b286f91c9de4c65d3032dfac4d624c2fc10f3c462cb641436f08ebbba9425cb,MITDB_P114,114,905000000,3,20260927,MODEL_V2_TCN_MEAN,0,2.554065227508545,0.9278461933135986,5,V2-004-D1-TCNMEAN-F03-S20260927,f02c47aad1549dbd9710aef224c49f59b190eb0ed6cee1ba2a4cc8908a386ca7
2b7def96ef45bdbee02dc3645e9e4ef42b36d31d377d3905647a09a52708bd1f,MITDB_P103,103,1285000000,3,20260927,MODEL_V2_TCN_MEAN,0,-1.7037904262542725,0.153970867395401,5,V2-004-D1-TCNMEAN-F03-S20260927,f02c47aad1549dbd9710aef224c49f59b190eb0ed6cee1ba2a4cc8908a386ca7
2b8e1b2e73f07ae4c03ed54dee6fb8bfa66cb3e55f6d326271f0711896008aa8,MITDB_P208,208,1385000000,3,20260927,MODEL_V2_TCN_MEAN,1,10.687259674072266,0.9999771118164062,5,V2-004-D1-TCNMEAN-F03-S20260927,f02c47aad1549dbd9710aef224c49f59b190eb0ed6cee1ba2a4cc8908a386ca7
2b9d62874f12fd9bdb4451cf2cbdbd0ebb87adcc03731cb4b27ced068994d336,MITDB_P114,114,1145000000,3,20260927,MODEL_V2_TCN_MEAN,0,1.923072338104248,0.8724806308746338,5,V2-004-D1-TCNMEAN-F03-S20260927,f02c47aad1549dbd9710aef224c49f59b190eb0ed6cee1ba2a4cc8908a386ca7
2ba4096251e9f091ecd49299ba0c35df6274f9f15b7326b785b575d9be271bcb,MITDB_P103,103,600000000,3,20260927,MODEL_V2_TCN_MEAN,0,-3.456860303878784,0.03056492656469345,5,V2-004-D1-TCNMEAN-F03-S20260927,f02c47aad1549dbd9710aef224c49f59b190eb0ed6cee1ba2a4cc8908a386ca7
2bb64852c329eeeed646bc67598038fe4bfec1d99dacda95319bf3ef3894cca2,MITDB_P223,223,80000000,3,20260927,MODEL_V2_TCN_MEAN,1,8.885726928710938,0.9998615980148315,5,V2-004-D1-TCNMEAN-F03-S20260927,f02c47aad1549dbd9710aef224c49f59b190eb0ed6cee1ba2a4cc8908a386ca7
2bb8feeb9214148f33283e88ecbd7b29823abc8402fb96485ead767fce1a6ae9,MITDB_P103,103,1405000000,3,20260927,MODEL_V2_TCN_MEAN,0,-1.3448779582977295,0.20670902729034424,5,V2-004-D1-TCNMEAN-F03-S20260927,f02c47aad1549dbd9710aef224c49f59b190eb0ed6cee1ba2a4cc8908a386ca7
2bc1c4889fec5a27862f294c21d6f480b82261c87b324243b42d03ac4aaa6dcc,MITDB_P208,208,265000000,3,20260927,MODEL_V2_TCN_MEAN,1,15.125783920288086,0.9999997615814209,5,V2-004-D1-TCNMEAN-F03-S20260927,f02c47aad1549dbd9710aef224c49f59b190eb0ed6cee1ba2a4cc8908a386ca7
2bd46a0e71d73bcc33fc8d3afaf58cfbe56dc99e33bd5c1afed41b6a855bfbfc,MITDB_P208,208,805000000,3,20260927,MODEL_V2_TCN_MEAN,1,14.735477447509766,0.9999996423721313,5,V2-004-D1-TCNMEAN-F03-S20260927,f02c47aad1549dbd9710aef224c49f59b190eb0ed6cee1ba2a4cc8908a386ca7
2bea17b39684d54a310c57a2bc2fb24e21636ccde911d072ae88663c496a21f0,MITDB_P114,114,980000000,3,20260927,MODEL_V2_TCN_MEAN,0,4.736814975738525,0.991309642791748,5,V2-004-D1-TCNMEAN-F03-S20260927,f02c47aad1549dbd9710aef224c49f59b190eb0ed6cee1ba2a4cc8908a386ca7
2c38280da4ea923f0d929bdab12151dd58633b0c60e8e3bb0a005462e1ded6d1,MITDB_P121,121,1765000000,3,20260927,MODEL_V2_TCN_MEAN,0,-4.839447498321533,0.007849324494600296,5,V2-004-D1-TCNMEAN-F03-S20260927,f02c47aad1549dbd9710aef224c49f59b190eb0ed6cee1ba2a4cc8908a386ca7
2c8b35317c09609cbeba186e61e9a88df35d4e747d51d13237196945fef53806,MITDB_P114,114,655000000,3,20260927,MODEL_V2_TCN_MEAN,0,1.4035823345184326,0.8027517199516296,5,V2-004-D1-TCNMEAN-F03-S20260927,f02c47aad1549dbd9710aef224c49f59b190eb0ed6cee1ba2a4cc8908a386ca7
2ca9c6d7c400032e4b4845a570cd504437b676942c14c06d57e31ac339dbb1a3,MITDB_P103,103,685000000,3,20260927,MODEL_V2_TCN_MEAN,0,-3.034785747528076,0.045878879725933075,5,V2-004-D1-TCNMEAN-F03-S20260927,f02c47aad1549dbd9710aef224c49f59b190eb0ed6cee1ba2a4cc8908a386ca7
2cab760d421d72007e26e3557ffa56590c1abc7fa827aa4a2cee5075af5186c9,MITDB_P114,114,1710000000,3,20260927,MODEL_V2_TCN_MEAN,0,-1.0519601106643677,0.2588488757610321,5,V2-004-D1-TCNMEAN-F03-S20260927,f02c47aad1549dbd9710aef224c49f59b190eb0ed6cee1ba2a4cc8908a386ca7
2cee575325b0c650377492589f92af3c1a47b33b439e03e29245ad58533c3f80,MITDB_P223,223,300000000,3,20260927,MODEL_V2_TCN_MEAN,1,5.251706600189209,0.9947887659072876,5,V2-004-D1-TCNMEAN-F03-S20260927,f02c47aad1549dbd9710aef224c49f59b190eb0ed6cee1ba2a4cc8908a386ca7
2cf88820d5a8a837aad10581bc69a27380bf6ee04a5815371944a01d4b4f1255,MITDB_P223,223,890000000,3,20260927,MODEL_V2_TCN_MEAN,1,8.158233642578125,0.9997137188911438,5,V2-004-D1-TCNMEAN-F03-S20260927,f02c47aad1549dbd9710aef224c49f59b190eb0ed6cee1ba2a4cc8908a386ca7
2d008e61d9f5cfbaa4928aa6986a04571c3991067afa5afc11643aa85a0e8640,MITDB_P223,223,1535000000,3,20260927,MODEL_V2_TCN_MEAN,1,12.123102188110352,0.9999945163726807,5,V2-004-D1-TCNMEAN-F03-S20260927,f02c47aad1549dbd9710aef224c49f59b190eb0ed6cee1ba2a4cc8908a386ca7
2d592502fa7f3d4e5a65ab61917a300213ea388f4c3c840e951c9290ba69f1aa,MITDB_P114,114,745000000,3,20260927,MODEL_V2_TCN_MEAN,1,3.396294116973877,0.967588484287262,5,V2-004-D1-TCNMEAN-F03-S20260927,f02c47aad1549dbd9710aef224c49f59b190eb0ed6cee1ba2a4cc8908a386ca7
2d8db6f9cde3f758d8624b14d6594d21f8b39e2a5548dbb7085827dfd4b2e3f8,MITDB_P103,103,1395000000,3,20260927,MODEL_V2_TCN_MEAN,0,-2.0775234699249268,0.11130068451166153,5,V2-004-D1-TCNMEAN-F03-S20260927,f02c47aad1549dbd9710aef224c49f59b190eb0ed6cee1ba2a4cc8908a386ca7
2db0e1285cc6d5d979d2ecaefae2b1596688899fd0b8a42b5ccb630c09a56840,MITDB_P121,121,260000000,3,20260927,MODEL_V2_TCN_MEAN,0,-3.5601656436920166,0.027647970244288445,5,V2-004-D1-TCNMEAN-F03-S20260927,f02c47aad1549dbd9710aef224c49f59b190eb0ed6cee1ba2a4cc8908a386ca7
2dcd2e39b05a2aa10c639eb055de1b15c03ec8fbc087d7d86cf8133877bee1e2,MITDB_P114,114,355000000,3,20260927,MODEL_V2_TCN_MEAN,0,0.3066312074661255,0.5760627388954163,5,V2-004-D1-TCNMEAN-F03-S20260927,f02c47aad1549dbd9710aef224c49f59b190eb0ed6cee1ba2a4cc8908a386ca7
2e7dfedb918b09e87c94b198e91659caa85a64d196bac5ad8dbc2d24f453e3f3,MITDB_P121,121,455000000,3,20260927,MODEL_V2_TCN_MEAN,0,-4.304228782653809,0.01333117950707674,5,V2-004-D1-TCNMEAN-F03-S20260927,f02c47aad1549dbd9710aef224c49f59b190eb0ed6cee1ba2a4cc8908a386ca7
2e92fa0d5aab8d43493fe37465a76b835676d4c3689e771e56c1fbbc75507e54,MITDB_P223,223,590000000,3,20260927,MODEL_V2_TCN_MEAN,1,5.392515182495117,0.9954701662063599,5,V2-004-D1-TCNMEAN-F03-S20260927,f02c47aad1549dbd9710aef224c49f59b190eb0ed6cee1ba2a4cc8908a386ca7
2ed26ab700f5a3adb8ef9fd5c23462eb3d2147008bbb392552426396ea8a336a,MITDB_P208,208,725000000,3,20260927,MODEL_V2_TCN_MEAN,1,13.736478805541992,0.999998927116394,5,V2-004-D1-TCNMEAN-F03-S20260927,f02c47aad1549dbd9710aef224c49f59b190eb0ed6cee1ba2a4cc8908a386ca7
2f00ed65a0b4fe0cc7aceadf89496083d44d907fc4424fa45724e513df57d73d,MITDB_P121,121,1365000000,3,20260927,MODEL_V2_TCN_MEAN,0,-4.3867621421813965,0.01228807121515274,5,V2-004-D1-TCNMEAN-F03-S20260927,f02c47aad1549dbd9710aef224c49f59b190eb0ed6cee1ba2a4cc8908a386ca7
2f28545bc40f7eb1d09a75bec0c4194292154835b6812999c20a1a444aa0b918,MITDB_P208,208,1790000000,3,20260927,MODEL_V2_TCN_MEAN,1,9.44024658203125,0.9999204874038696,5,V2-004-D1-TCNMEAN-F03-S20260927,f02c47aad1549dbd9710aef224c49f59b190eb0ed6cee1ba2a4cc8908a386ca7
2f33371b220b82fbfa4c8a54dbf1add5ae21919cb94e8bd393e9c1ed156c2937,MITDB_P121,121,435000000,3,20260927,MODEL_V2_TCN_MEAN,0,-4.701695919036865,0.008998163044452667,5,V2-004-D1-TCNMEAN-F03-S20260927,f02c47aad1549dbd9710aef224c49f59b190eb0ed6cee1ba2a4cc8908a386ca7
2f38089f46e826518937ccab51ca8ab1c2da4474126af3aa7d90fcf5b5d1dd28,MITDB_P223,223,1120000000,3,20260927,MODEL_V2_TCN_MEAN,0,-2.608914375305176,0.06856690347194672,5,V2-004-D1-TCNMEAN-F03-S20260927,f02c47aad1549dbd9710aef224c49f59b190eb0ed6cee1ba2a4cc8908a386ca7
2f6923f642f5bb201de56ea731a440622f5fa1a9a9a71c96f5259e3cbccef2c7,MITDB_P223,223,20000000,3,20260927,MODEL_V2_TCN_MEAN,0,-2.7213892936706543,0.06172295659780502,5,V2-004-D1-TCNMEAN-F03-S20260927,f02c47aad1549dbd9710aef224c49f59b190eb0ed6cee1ba2a4cc8908a386ca7
2f7f55aefab4f6ac1f9128523a86f904dcf35b345dca15c8d54dcbe436e532a3,MITDB_P114,114,225000000,3,20260927,MODEL_V2_TCN_MEAN,1,10.889537811279297,0.9999814033508301,5,V2-004-D1-TCNMEAN-F03-S20260927,f02c47aad1549dbd9710aef224c49f59b190eb0ed6cee1ba2a4cc8908a386ca7
2fa85c10be3a8e5f01b8f4bd3a6af4f1616311a4645a409e8792bcad7d8bf227,MITDB_P114,114,1800000000,3,20260927,MODEL_V2_TCN_MEAN,0,0.18198569118976593,0.5453712940216064,5,V2-004-D1-TCNMEAN-F03-S20260927,f02c47aad1549dbd9710aef224c49f59b190eb0ed6cee1ba2a4cc8908a386ca7
2faab20e60e3ef57ca18ddb4a994ac4c88c24edac90f7d2029cb203dea097a45,MITDB_P103,103,1040000000,3,20260927,MODEL_V2_TCN_MEAN,0,-1.7684249877929688,0.14573831856250763,5,V2-004-D1-TCNMEAN-F03-S20260927,f02c47aad1549dbd9710aef224c49f59b190eb0ed6cee1ba2a4cc8908a386ca7
2fdad0e799929344bac0229e7e1bd9c0bbc67781c7e046759ff8dc2ec7b6e8a8,MITDB_P103,103,360000000,3,20260927,MODEL_V2_TCN_MEAN,0,-2.775006055831909,0.05868983641266823,5,V2-004-D1-TCNMEAN-F03-S20260927,f02c47aad1549dbd9710aef224c49f59b190eb0ed6cee1ba2a4cc8908a386ca7
2fedfe97506717f30d6d61156fe7b4763488a54aceca0c4727df692c5909c3bd,MITDB_P103,103,585000000,3,20260927,MODEL_V2_TCN_MEAN,0,-3.27211856842041,0.03654016926884651,5,V2-004-D1-TCNMEAN-F03-S20260927,f02c47aad1549dbd9710aef224c49f59b190eb0ed6cee1ba2a4cc8908a386ca7
301e5b95dcc0bc0a783b57117337fbe69252c738baa4057a8ef8c7d0fa873242,MITDB_P114,114,1455000000,3,20260927,MODEL_V2_TCN_MEAN,0,0.6435368061065674,0.6555525064468384,5,V2-004-D1-TCNMEAN-F03-S20260927,f02c47aad1549dbd9710aef224c49f59b190eb0ed6cee1ba2a4cc8908a386ca7
303806e37d468aef7167316a5c6bd2f459de40773b98f854a2102ecfe9d8e7dd,MITDB_P223,223,190000000,3,20260927,MODEL_V2_TCN_MEAN,1,3.6158432960510254,0.9738101363182068,5,V2-004-D1-TCNMEAN-F03-S20260927,f02c47aad1549dbd9710aef224c49f59b190eb0ed6cee1ba2a4cc8908a386ca7
304f9d5c8750029277db05ef15406dc395f2267123f90de6bbcac8a6a6b24adb,MITDB_P114,114,1680000000,3,20260927,MODEL_V2_TCN_MEAN,0,1.1296370029449463,0.7557719349861145,5,V2-004-D1-TCNMEAN-F03-S20260927,f02c47aad1549dbd9710aef224c49f59b190eb0ed6cee1ba2a4cc8908a386ca7
30b808d7bd8eeda3fdff65f6a72f1a05dac999e7842d1364e5add0e61f489698,MITDB_P208,208,20000000,3,20260927,MODEL_V2_TCN_MEAN,1,13.394969940185547,0.9999984502792358,5,V2-004-D1-TCNMEAN-F03-S20260927,f02c47aad1549dbd9710aef224c49f59b190eb0ed6cee1ba2a4cc8908a386ca7
30c256d33250c75fe64d08a2676b37790e62f0a736f8333541f6bda6ee060a5c,MITDB_P223,223,1275000000,3,20260927,MODEL_V2_TCN_MEAN,0,-2.695920467376709,0.063214510679245,5,V2-004-D1-TCNMEAN-F03-S20260927,f02c47aad1549dbd9710aef224c49f59b190eb0ed6cee1ba2a4cc8908a386ca7
30c4d6e7b35b1cd06df589c5a05a1a64e67baa220f12c8539e8973a7dc860863,MITDB_P103,103,495000000,3,20260927,MODEL_V2_TCN_MEAN,0,-3.390249729156494,0.032601580023765564,5,V2-004-D1-TCNMEAN-F03-S20260927,f02c47aad1549dbd9710aef224c49f59b190eb0ed6cee1ba2a4cc8908a386ca7
30d3938d49b61509d87adaec126323c2e280bc2dad5d2dac8f39b7d6283e57bf,MITDB_P114,114,1515000000,3,20260927,MODEL_V2_TCN_MEAN,0,2.0956897735595703,0.890483558177948,5,V2-004-D1-TCNMEAN-F03-S20260927,f02c47aad1549dbd9710aef224c49f59b190eb0ed6cee1ba2a4cc8908a386ca7
30dca975859a2e25c3f56cc80452fdf9978916ca4049153224840e69f23bfee5,MITDB_P114,114,830000000,3,20260927,MODEL_V2_TCN_MEAN,1,8.052444458007812,0.999681830406189,5,V2-004-D1-TCNMEAN-F03-S20260927,f02c47aad1549dbd9710aef224c49f59b190eb0ed6cee1ba2a4cc8908a386ca7
3116790c7441ac56156f40b713df462c877a2485bc5956f7429b48d180cef2d5,MITDB_P103,103,60000000,3,20260927,MODEL_V2_TCN_MEAN,0,-3.5646986961364746,0.027526363730430603,5,V2-004-D1-TCNMEAN-F03-S20260927,f02c47aad1549dbd9710aef224c49f59b190eb0ed6cee1ba2a4cc8908a386ca7
3129aba743c3275408c3b9cfe961a4ca00f67fde77abac7e1ff01622fe4312b2,MITDB_P114,114,210000000,3,20260927,MODEL_V2_TCN_MEAN,0,0.962990403175354,0.723720133304596,5,V2-004-D1-TCNMEAN-F03-S20260927,f02c47aad1549dbd9710aef224c49f59b190eb0ed6cee1ba2a4cc8908a386ca7
312e5213183e2022174b32a1e479173050df089fa3f427c72dd91fb2849dc77c,MITDB_P103,103,1585000000,3,20260927,MODEL_V2_TCN_MEAN,0,-1.322326421737671,0.2104315161705017,5,V2-004-D1-TCNMEAN-F03-S20260927,f02c47aad1549dbd9710aef224c49f59b190eb0ed6cee1ba2a4cc8908a386ca7
3138ae6a17615dbb3c096f88129086dfc5015ccba8891db98be39ec7c9562cc5,MITDB_P114,114,820000000,3,20260927,MODEL_V2_TCN_MEAN,0,1.8383642435073853,0.8627551198005676,5,V2-004-D1-TCNMEAN-F03-S20260927,f02c47aad1549dbd9710aef224c49f59b190eb0ed6cee1ba2a4cc8908a386ca7
314b4d7801e8308383a4be6861996d9b4c6b00482694e00dd7860bc16e20b71c,MITDB_P223,223,1200000000,3,20260927,MODEL_V2_TCN_MEAN,0,-2.4927759170532227,0.07636617124080658,5,V2-004-D1-TCNMEAN-F03-S20260927,f02c47aad1549dbd9710aef224c49f59b190eb0ed6cee1ba2a4cc8908a386ca7
31647f41a77e3690866ba8d8f7119a40e7ff0aad20a730558c5060f28959d40a,MITDB_P103,103,980000000,3,20260927,MODEL_V2_TCN_MEAN,0,-2.3923327922821045,0.08375922590494156,5,V2-004-D1-TCNMEAN-F03-S20260927,f02c47aad1549dbd9710aef224c49f59b190eb0ed6cee1ba2a4cc8908a386ca7
3172b384c9ee1b70c5e9cf48aef66498911e4d95f81e66d653ef334e82ace97a,MITDB_P208,208,1505000000,3,20260927,MODEL_V2_TCN_MEAN,1,9.016389846801758,0.9998786449432373,5,V2-004-D1-TCNMEAN-F03-S20260927,f02c47aad1549dbd9710aef224c49f59b190eb0ed6cee1ba2a4cc8908a386ca7
317719fb61fc612b9b6e397955085a6dd2d9b5b61ee28d19093f11e41e91cb99,MITDB_P208,208,465000000,3,20260927,MODEL_V2_TCN_MEAN,1,12.97806167602539,0.9999977350234985,5,V2-004-D1-TCNMEAN-F03-S20260927,f02c47aad1549dbd9710aef224c49f59b190eb0ed6cee1ba2a4cc8908a386ca7
31818bf4b9c8f225fce4a1b6b365a937d0ff8411cc83981f4af606c97f54aa51,MITDB_P223,223,1545000000,3,20260927,MODEL_V2_TCN_MEAN,1,9.677302360534668,0.9999372959136963,5,V2-004-D1-TCNMEAN-F03-S20260927,f02c47aad1549dbd9710aef224c49f59b190eb0ed6cee1ba2a4cc8908a386ca7
31832bb61dbc29ef97316ce9a63e04e55960a9bb52dedb155a0f55472a40b003,MITDB_P114,114,1080000000,3,20260927,MODEL_V2_TCN_MEAN,0,2.7144222259521484,0.9378723502159119,5,V2-004-D1-TCNMEAN-F03-S20260927,f02c47aad1549dbd9710aef224c49f59b190eb0ed6cee1ba2a4cc8908a386ca7
31b891571ded6097a333ff17d619c1e734e12f2036be301ed96d21ab98101bf5,MITDB_P103,103,1155000000,3,20260927,MODEL_V2_TCN_MEAN,0,3.5118093490600586,0.9710219502449036,5,V2-004-D1-TCNMEAN-F03-S20260927,f02c47aad1549dbd9710aef224c49f59b190eb0ed6cee1ba2a4cc8908a386ca7
31d5e6cef33101bb062f2e1da73c4e6727b75adc15f1d7bbf5bca188ca8433b4,MITDB_P121,121,1605000000,3,20260927,MODEL_V2_TCN_MEAN,0,-5.299037456512451,0.004971561022102833,5,V2-004-D1-TCNMEAN-F03-S20260927,f02c47aad1549dbd9710aef224c49f59b190eb0ed6cee1ba2a4cc8908a386ca7
31dc4e6d64cfa7cd227741e494b3b26e497e23970d620dd6ba2a4532e64b5d86,MITDB_P103,103,960000000,3,20260927,MODEL_V2_TCN_MEAN,0,-1.5727760791778564,0.1718209981918335,5,V2-004-D1-TCNMEAN-F03-S20260927,f02c47aad1549dbd9710aef224c49f59b190eb0ed6cee1ba2a4cc8908a386ca7
31f557e882b0f97f4f0730b316bc4f1cb8ef5b053a51eaf290c33150d0232c48,MITDB_P114,114,170000000,3,20260927,MODEL_V2_TCN_MEAN,0,0.4558485150337219,0.6120288372039795,5,V2-004-D1-TCNMEAN-F03-S20260927,f02c47aad1549dbd9710aef224c49f59b190eb0ed6cee1ba2a4cc8908a386ca7
31fa2661576cd1610348ab15153def9a40df44d8f0941615a54ea604797319cb,MITDB_P103,103,405000000,3,20260927,MODEL_V2_TCN_MEAN,0,-3.000326156616211,0.04741114005446434,5,V2-004-D1-TCNMEAN-F03-S20260927,f02c47aad1549dbd9710aef224c49f59b190eb0ed6cee1ba2a4cc8908a386ca7
31fe701b8c2631fd9ddf5813ae6578dd9c20fd1f357c838b863d7e5bb9b097b5,MITDB_P114,114,840000000,3,20260927,MODEL_V2_TCN_MEAN,1,7.176638126373291,0.9992363452911377,5,V2-004-D1-TCNMEAN-F03-S20260927,f02c47aad1549dbd9710aef224c49f59b190eb0ed6cee1ba2a4cc8908a386ca7
320904788201251913c33da7123fb365b9b465831128408bd7eff741b8cfca08,MITDB_P208,208,1235000000,3,20260927,MODEL_V2_TCN_MEAN,1,6.256552696228027,0.9980858564376831,5,V2-004-D1-TCNMEAN-F03-S20260927,f02c47aad1549dbd9710aef224c49f59b190eb0ed6cee1ba2a4cc8908a386ca7
324548277f8c4dfc0824ca887872efa46e483403b6706ffdc0ae8c92beefc5ac,MITDB_P114,114,1685000000,3,20260927,MODEL_V2_TCN_MEAN,0,1.5206009149551392,0.820626974105835,5,V2-004-D1-TCNMEAN-F03-S20260927,f02c47aad1549dbd9710aef224c49f59b190eb0ed6cee1ba2a4cc8908a386ca7
325ca8ecfc5e5e784be9646e80f298362dcce27ec112f696005dd48b4c8db691,MITDB_P223,223,175000000,3,20260927,MODEL_V2_TCN_MEAN,1,4.473618507385254,0.9887226819992065,5,V2-004-D1-TCNMEAN-F03-S20260927,f02c47aad1549dbd9710aef224c49f59b190eb0ed6cee1ba2a4cc8908a386ca7
326171f97ab086f93cd89f52927f9577bf3eba073277fc4495dc6ccbde332268,MITDB_P114,114,645000000,3,20260927,MODEL_V2_TCN_MEAN,0,1.454202651977539,0.8106443881988525,5,V2-004-D1-TCNMEAN-F03-S20260927,f02c47aad1549dbd9710aef224c49f59b190eb0ed6cee1ba2a4cc8908a386ca7
32757ac2f872590fcd3be9f319e33751d3d4d43215268fa182e582502a9b88ef,MITDB_P114,114,565000000,3,20260927,MODEL_V2_TCN_MEAN,1,9.423971176147461,0.9999191761016846,5,V2-004-D1-TCNMEAN-F03-S20260927,f02c47aad1549dbd9710aef224c49f59b190eb0ed6cee1ba2a4cc8908a386ca7
329ffd4f899bf8e07520c062e276373c3169473bc7e42f1c2c26e2dfdd80dd15,MITDB_P114,114,505000000,3,20260927,MODEL_V2_TCN_MEAN,1,9.688732147216797,0.9999380111694336,5,V2-004-D1-TCNMEAN-F03-S20260927,f02c47aad1549dbd9710aef224c49f59b190eb0ed6cee1ba2a4cc8908a386ca7
32bd1e0bb0e55844ff0cc6ca8e7597c2a98a843048cb1a9554eab43081e122b7,MITDB_P121,121,770000000,3,20260927,MODEL_V2_TCN_MEAN,0,-4.795630931854248,0.008198019117116928,5,V2-004-D1-TCNMEAN-F03-S20260927,f02c47aad1549dbd9710aef224c49f59b190eb0ed6cee1ba2a4cc8908a386ca7
32bf1088f1ffaf2f552ae71e9ff589b94e5be9537da2b1a69757559632bfcccc,MITDB_P114,114,40000000,3,20260927,MODEL_V2_TCN_MEAN,0,-0.25826770067214966,0.4357895851135254,5,V2-004-D1-TCNMEAN-F03-S20260927,f02c47aad1549dbd9710aef224c49f59b190eb0ed6cee1ba2a4cc8908a386ca7
32ce17ae5b40ad69c35b28bdce70233f4ed9897fbdde1d805ffd6f5b9086c8aa,MITDB_P223,223,1625000000,3,20260927,MODEL_V2_TCN_MEAN,0,-2.5072362422943115,0.07535244524478912,5,V2-004-D1-TCNMEAN-F03-S20260927,f02c47aad1549dbd9710aef224c49f59b190eb0ed6cee1ba2a4cc8908a386ca7
331073011ec11e2ec67879e9eaa2a4486fcff016724a5aa224afcbda329e97cb,MITDB_P121,121,1650000000,3,20260927,MODEL_V2_TCN_MEAN,0,-5.692088603973389,0.0033612060360610485,5,V2-004-D1-TCNMEAN-F03-S20260927,f02c47aad1549dbd9710aef224c49f59b190eb0ed6cee1ba2a4cc8908a386ca7
331649b79ef7e0bf2e25bce939e8a45dde7dbec3d9dd726ca2be46dcc1db5816,MITDB_P223,223,565000000,3,20260927,MODEL_V2_TCN_MEAN,1,8.894665718078613,0.9998629093170166,5,V2-004-D1-TCNMEAN-F03-S20260927,f02c47aad1549dbd9710aef224c49f59b190eb0ed6cee1ba2a4cc8908a386ca7
33204e8100b630e1cb336cf93e6630197c1f9631bc5645bffe5cc3547ad7d9a5,MITDB_P208,208,625000000,3,20260927,MODEL_V2_TCN_MEAN,1,13.298149108886719,0.9999983310699463,5,V2-004-D1-TCNMEAN-F03-S20260927,f02c47aad1549dbd9710aef224c49f59b190eb0ed6cee1ba2a4cc8908a386ca7
333912cccdbfdda8b9b3b97189401ec8b4e7d6de6ec38424e11e74ee0493bfde,MITDB_P208,208,325000000,3,20260927,MODEL_V2_TCN_MEAN,1,8.669851303100586,0.9998283386230469,5,V2-004-D1-TCNMEAN-F03-S20260927,f02c47aad1549dbd9710aef224c49f59b190eb0ed6cee1ba2a4cc8908a386ca7
33a9458acb46ad28b2941620c06bdfd9da937d31f771707c3e220ca7d95ec476,MITDB_P208,208,1075000000,3,20260927,MODEL_V2_TCN_MEAN,1,11.958531379699707,0.9999935626983643,5,V2-004-D1-TCNMEAN-F03-S20260927,f02c47aad1549dbd9710aef224c49f59b190eb0ed6cee1ba2a4cc8908a386ca7
33e9b4c932118f7229c23efb91ca4b4293dd8a4dda1447a830d757689c91ba11,MITDB_P103,103,860000000,3,20260927,MODEL_V2_TCN_MEAN,0,-2.775564193725586,0.058659013360738754,5,V2-004-D1-TCNMEAN-F03-S20260927,f02c47aad1549dbd9710aef224c49f59b190eb0ed6cee1ba2a4cc8908a386ca7
34199f89b6d5f249c27bae784c8c257acf4c32e956a412251599efa72f4265f2,MITDB_P121,121,870000000,3,20260927,MODEL_V2_TCN_MEAN,0,-3.8932738304138184,0.019971530884504318,5,V2-004-D1-TCNMEAN-F03-S20260927,f02c47aad1549dbd9710aef224c49f59b190eb0ed6cee1ba2a4cc8908a386ca7
3425f5dd8e0aec34cb385b80a51665bcab9df2dd535c4edca464b926fdc7295f,MITDB_P103,103,1590000000,3,20260927,MODEL_V2_TCN_MEAN,0,-2.347362756729126,0.08727562427520752,5,V2-004-D1-TCNMEAN-F03-S20260927,f02c47aad1549dbd9710aef224c49f59b190eb0ed6cee1ba2a4cc8908a386ca7
3438176a49b69b15e4a23a2c5bd9f03584c8e56675e2aa026301fe45c46e4efb,MITDB_P223,223,840000000,3,20260927,MODEL_V2_TCN_MEAN,1,4.838554859161377,0.9921437501907349,5,V2-004-D1-TCNMEAN-F03-S20260927,f02c47aad1549dbd9710aef224c49f59b190eb0ed6cee1ba2a4cc8908a386ca7
34803557beb6ad18715df02cbe0a72554d535dddaec4571485be7011df3a194e,MITDB_P223,223,115000000,3,20260927,MODEL_V2_TCN_MEAN,0,-2.9621469974517822,0.04916553944349289,5,V2-004-D1-TCNMEAN-F03-S20260927,f02c47aad1549dbd9710aef224c49f59b190eb0ed6cee1ba2a4cc8908a386ca7
34b0c08f816a27dd841ee106a24b131fe2af15c2e699a6ff40803802a2a79f28,MITDB_P223,223,995000000,3,20260927,MODEL_V2_TCN_MEAN,0,-2.6013877391815186,0.0690491572022438,5,V2-004-D1-TCNMEAN-F03-S20260927,f02c47aad1549dbd9710aef224c49f59b190eb0ed6cee1ba2a4cc8908a386ca7
34d125b75892c9505051c9e3a14ee2be8a220f86645a5367d26a34dd6ce19c87,MITDB_P114,114,965000000,3,20260927,MODEL_V2_TCN_MEAN,0,3.1350040435791016,0.9583137631416321,5,V2-004-D1-TCNMEAN-F03-S20260927,f02c47aad1549dbd9710aef224c49f59b190eb0ed6cee1ba2a4cc8908a386ca7
34d422136f6867a959080f5d937b77b6c4939e038a3605ceb95c1512092567ce,MITDB_P114,114,1700000000,3,20260927,MODEL_V2_TCN_MEAN,0,2.487185478210449,0.9232386350631714,5,V2-004-D1-TCNMEAN-F03-S20260927,f02c47aad1549dbd9710aef224c49f59b190eb0ed6cee1ba2a4cc8908a386ca7
353164ec83fb96da37b7ff9e1ed3899f76f6132533875f277eef9870b632c16d,MITDB_P208,208,1650000000,3,20260927,MODEL_V2_TCN_MEAN,1,12.864312171936035,0.9999973773956299,5,V2-004-D1-TCNMEAN-F03-S20260927,f02c47aad1549dbd9710aef224c49f59b190eb0ed6cee1ba2a4cc8908a386ca7
35629d05e44427299a6ab8bf8a4868448044ea2c6fa55a0aacd19105a3c08c8a,MITDB_P223,223,790000000,3,20260927,MODEL_V2_TCN_MEAN,0,-2.2363710403442383,0.09653156995773315,5,V2-004-D1-TCNMEAN-F03-S20260927,f02c47aad1549dbd9710aef224c49f59b190eb0ed6cee1ba2a4cc8908a386ca7
356495ba08064d4c81982f38f795833ec1c73cc98d766ccfea8c37c8a4ac85cd,MITDB_P121,121,365000000,3,20260927,MODEL_V2_TCN_MEAN,0,1.498884677886963,0.8174080848693848,5,V2-004-D1-TCNMEAN-F03-S20260927,f02c47aad1549dbd9710aef224c49f59b190eb0ed6cee1ba2a4cc8908a386ca7
35b356012eb5002a3fe81dbaa2deaa0006fee7db0cd6a6a5d21380aa58dde78a,MITDB_P208,208,1535000000,3,20260927,MODEL_V2_TCN_MEAN,1,10.864588737487793,0.9999809265136719,5,V2-004-D1-TCNMEAN-F03-S20260927,f02c47aad1549dbd9710aef224c49f59b190eb0ed6cee1ba2a4cc8908a386ca7
35e7ef300293cb37076da66934a69e7aaebbf0875624f5c796dc2ffb595c6389,MITDB_P223,223,460000000,3,20260927,MODEL_V2_TCN_MEAN,1,4.067992210388184,0.9831762313842773,5,V2-004-D1-TCNMEAN-F03-S20260927,f02c47aad1549dbd9710aef224c49f59b190eb0ed6cee1ba2a4cc8908a386ca7
35fc62a5a845d082249416a31c9601d37d2d4cebf2312f97f50cc6b99dc44762,MITDB_P121,121,1285000000,3,20260927,MODEL_V2_TCN_MEAN,0,-4.267628192901611,0.01382127869874239,5,V2-004-D1-TCNMEAN-F03-S20260927,f02c47aad1549dbd9710aef224c49f59b190eb0ed6cee1ba2a4cc8908a386ca7
360d149f5856867629193c8bec15c57230ee690e30399a8cb8d0250679bc2d31,MITDB_P114,114,1720000000,3,20260927,MODEL_V2_TCN_MEAN,0,1.717625617980957,0.8478227853775024,5,V2-004-D1-TCNMEAN-F03-S20260927,f02c47aad1549dbd9710aef224c49f59b190eb0ed6cee1ba2a4cc8908a386ca7
364c5932051020d4d2f5fa68a71fc8bed427888178b19f254f8b1ac19c9526bc,MITDB_P223,223,1045000000,3,20260927,MODEL_V2_TCN_MEAN,1,8.431933403015137,0.9997822642326355,5,V2-004-D1-TCNMEAN-F03-S20260927,f02c47aad1549dbd9710aef224c49f59b190eb0ed6cee1ba2a4cc8908a386ca7
365a7b3ac30b9c0418bf1174d1b1d710feb9c43369215546e3822fddb6d50c63,MITDB_P208,208,955000000,3,20260927,MODEL_V2_TCN_MEAN,1,13.203065872192383,0.9999982118606567,5,V2-004-D1-TCNMEAN-F03-S20260927,f02c47aad1549dbd9710aef224c49f59b190eb0ed6cee1ba2a4cc8908a386ca7
365b7756d6b6e04c803271c64a2982eddd5b40af350140202399357dadc909d7,MITDB_P103,103,125000000,3,20260927,MODEL_V2_TCN_MEAN,0,-2.874864101409912,0.05341020226478577,5,V2-004-D1-TCNMEAN-F03-S20260927,f02c47aad1549dbd9710aef224c49f59b190eb0ed6cee1ba2a4cc8908a386ca7
3667397a7dabdcc05f640afff6f3c31459ea20bf891fe6d0118087c493ae8dce,MITDB_P208,208,1615000000,3,20260927,MODEL_V2_TCN_MEAN,1,9.67156982421875,0.9999369382858276,5,V2-004-D1-TCNMEAN-F03-S20260927,f02c47aad1549dbd9710aef224c49f59b190eb0ed6cee1ba2a4cc8908a386ca7
3667a84b43c3ef2e390c8c4e4503c94e375c333c24514e47238d0afda612af2e,MITDB_P121,121,1485000000,3,20260927,MODEL_V2_TCN_MEAN,0,1.802452802658081,0.8584471940994263,5,V2-004-D1-TCNMEAN-F03-S20260927,f02c47aad1549dbd9710aef224c49f59b190eb0ed6cee1ba2a4cc8908a386ca7
367c863fea62850b909fd622a2ae8498f8f83313830a87046d5c1b530d6c88af,MITDB_P208,208,1210000000,3,20260927,MODEL_V2_TCN_MEAN,1,7.9048638343811035,0.9996311664581299,5,V2-004-D1-TCNMEAN-F03-S20260927,f02c47aad1549dbd9710aef224c49f59b190eb0ed6cee1ba2a4cc8908a386ca7
368ad08afa208a506153887196d8481f25c561c66eeacfcc4e2998a158c93b13,MITDB_P223,223,490000000,3,20260927,MODEL_V2_TCN_MEAN,1,-0.4707411527633667,0.3844408392906189,5,V2-004-D1-TCNMEAN-F03-S20260927,f02c47aad1549dbd9710aef224c49f59b190eb0ed6cee1ba2a4cc8908a386ca7
368e928c87e0afc5da48f7cee7970ae465ee1f068a746e498e997d69b39d4b0e,MITDB_P223,223,900000000,3,20260927,MODEL_V2_TCN_MEAN,1,7.474453926086426,0.9994328618049622,5,V2-004-D1-TCNMEAN-F03-S20260927,f02c47aad1549dbd9710aef224c49f59b190eb0ed6cee1ba2a4cc8908a386ca7
36a4a3597fbeabbac5c4e36e4f317a4cd52f0f5b99747bce464808e01647d0f0,MITDB_P114,114,320000000,3,20260927,MODEL_V2_TCN_MEAN,0,0.791345477104187,0.6881201863288879,5,V2-004-D1-TCNMEAN-F03-S20260927,f02c47aad1549dbd9710aef224c49f59b190eb0ed6cee1ba2a4cc8908a386ca7
36a9d0a22a64d8a49bda2339dde08fd33189eed11ba35f31084f336d01d7a095,MITDB_P114,114,1140000000,3,20260927,MODEL_V2_TCN_MEAN,0,1.6603105068206787,0.8402796983718872,5,V2-004-D1-TCNMEAN-F03-S20260927,f02c47aad1549dbd9710aef224c49f59b190eb0ed6cee1ba2a4cc8908a386ca7
36b5ee6a70f923c8083411396a577a5f95756b6479fdb023405cd4c577b3e363,MITDB_P223,223,1595000000,3,20260927,MODEL_V2_TCN_MEAN,0,-2.9282732009887695,0.05077348276972771,5,V2-004-D1-TCNMEAN-F03-S20260927,f02c47aad1549dbd9710aef224c49f59b190eb0ed6cee1ba2a4cc8908a386ca7
36e3cc3ea757ba24b123e011efe4723923fec34d1c8c442e0ed72ba8bd8c0093,MITDB_P121,121,300000000,3,20260927,MODEL_V2_TCN_MEAN,0,-4.866077423095703,0.0076446328312158585,5,V2-004-D1-TCNMEAN-F03-S20260927,f02c47aad1549dbd9710aef224c49f59b190eb0ed6cee1ba2a4cc8908a386ca7
3706d150a481fba920257eab9d53a40d07cf39de3b21bd2ab557d1dd2b62eca9,MITDB_P208,208,1070000000,3,20260927,MODEL_V2_TCN_MEAN,1,9.832856178283691,0.9999463558197021,5,V2-004-D1-TCNMEAN-F03-S20260927,f02c47aad1549dbd9710aef224c49f59b190eb0ed6cee1ba2a4cc8908a386ca7
373782c4a451d625298ed57c5589fbc97a455fe55707c6b70926f68f6ead9861,MITDB_P121,121,1190000000,3,20260927,MODEL_V2_TCN_MEAN,0,-3.9463915824890137,0.0189579576253891,5,V2-004-D1-TCNMEAN-F03-S20260927,f02c47aad1549dbd9710aef224c49f59b190eb0ed6cee1ba2a4cc8908a386ca7
37393996cbdec60f93eab41f88358b365c878f6a05e2bd523b87d2207b298d0d,MITDB_P114,114,1615000000,3,20260927,MODEL_V2_TCN_MEAN,1,4.053806304931641,0.9829399585723877,5,V2-004-D1-TCNMEAN-F03-S20260927,f02c47aad1549dbd9710aef224c49f59b190eb0ed6cee1ba2a4cc8908a386ca7
374fa865d9278af2e7a74b5fba2ed3e387f034ff4838c79733e2bec94fe267b0,MITDB_P121,121,255000000,3,20260927,MODEL_V2_TCN_MEAN,0,-2.2833123207092285,0.09251449257135391,5,V2-004-D1-TCNMEAN-F03-S20260927,f02c47aad1549dbd9710aef224c49f59b190eb0ed6cee1ba2a4cc8908a386ca7
377fc4089f758507ff9fcfad253877bbc4fc2f799a9da2bae01a321f7b544bfb,MITDB_P121,121,25000000,3,20260927,MODEL_V2_TCN_MEAN,0,-4.215731143951416,0.014546792954206467,5,V2-004-D1-TCNMEAN-F03-S20260927,f02c47aad1549dbd9710aef224c49f59b190eb0ed6cee1ba2a4cc8908a386ca7
37874d6b94b1fe926af989199bfd99f6c5e6e13c789f31114afddd316648e0a1,MITDB_P114,114,725000000,3,20260927,MODEL_V2_TCN_MEAN,0,1.373647689819336,0.797968864440918,5,V2-004-D1-TCNMEAN-F03-S20260927,f02c47aad1549dbd9710aef224c49f59b190eb0ed6cee1ba2a4cc8908a386ca7
3792b78e4a20bacc0dd10891d1b81065fe83d971d80831b25d72faa7977b0419,MITDB_P114,114,1365000000,3,20260927,MODEL_V2_TCN_MEAN,0,0.7679447531700134,0.6830761432647705,5,V2-004-D1-TCNMEAN-F03-S20260927,f02c47aad1549dbd9710aef224c49f59b190eb0ed6cee1ba2a4cc8908a386ca7
37aa4a99e27b54e03a4a2dfb50750ec0e4e760a617a419b97e4ba552db4726b1,MITDB_P114,114,20000000,3,20260927,MODEL_V2_TCN_MEAN,0,-0.5269994735717773,0.37121695280075073,5,V2-004-D1-TCNMEAN-F03-S20260927,f02c47aad1549dbd9710aef224c49f59b190eb0ed6cee1ba2a4cc8908a386ca7
37b922388a5adfeb277e8aaa19618d419c29c1b847e2216b996b42e8e7feb4a9,MITDB_P223,223,1765000000,3,20260927,MODEL_V2_TCN_MEAN,1,12.32600212097168,0.9999955892562866,5,V2-004-D1-TCNMEAN-F03-S20260927,f02c47aad1549dbd9710aef224c49f59b190eb0ed6cee1ba2a4cc8908a386ca7
37e3ce9610b34dbc5c7102a607fffaaad3fcb94d8b1639e45183dc5a43cb2973,MITDB_P121,121,415000000,3,20260927,MODEL_V2_TCN_MEAN,0,-4.278053283691406,0.013679901137948036,5,V2-004-D1-TCNMEAN-F03-S20260927,f02c47aad1549dbd9710aef224c49f59b190eb0ed6cee1ba2a4cc8908a386ca7
37ee443a18e82be93a07f68d9fc8ff08a66e865023e1b63ac33985858440502e,MITDB_P223,223,1375000000,3,20260927,MODEL_V2_TCN_MEAN,1,16.19005012512207,0.9999998807907104,5,V2-004-D1-TCNMEAN-F03-S20260927,f02c47aad1549dbd9710aef224c49f59b190eb0ed6cee1ba2a4cc8908a386ca7
38079ddc9715689f8aab89e90039ece7e5d58ebeb76c693f219c0d7bbd38f5c4,MITDB_P103,103,240000000,3,20260927,MODEL_V2_TCN_MEAN,0,-3.467412233352661,0.030253810808062553,5,V2-004-D1-TCNMEAN-F03-S20260927,f02c47aad1549dbd9710aef224c49f59b190eb0ed6cee1ba2a4cc8908a386ca7
382a23ce3a8262e5acdc07ebf25abbb7e35a55e1dcf7e0b78aaffa97768d6013,MITDB_P208,208,1355000000,3,20260927,MODEL_V2_TCN_MEAN,1,7.71797513961792,0.9995554089546204,5,V2-004-D1-TCNMEAN-F03-S20260927,f02c47aad1549dbd9710aef224c49f59b190eb0ed6cee1ba2a4cc8908a386ca7
382e514fb2be0343a444faf44a20fb662245815c5ab8638567b9ffce731c8d5b,MITDB_P223,223,220000000,3,20260927,MODEL_V2_TCN_MEAN,0,-2.0214285850524902,0.11697135120630264,5,V2-004-D1-TCNMEAN-F03-S20260927,f02c47aad1549dbd9710aef224c49f59b190eb0ed6cee1ba2a4cc8908a386ca7
387ebf0f8f091849b15699db04fc476c9c4eda56fa692f837bc05215ecac0014,MITDB_P121,121,1315000000,3,20260927,MODEL_V2_TCN_MEAN,0,-2.999176263809204,0.04746310040354729,5,V2-004-D1-TCNMEAN-F03-S20260927,f02c47aad1549dbd9710aef224c49f59b190eb0ed6cee1ba2a4cc8908a386ca7
3883412f21bd799fe46b6e97469052ed5211de8d66df7e9bcc12c1f5f7b5989e,MITDB_P103,103,470000000,3,20260927,MODEL_V2_TCN_MEAN,0,-3.3565666675567627,0.033680785447359085,5,V2-004-D1-TCNMEAN-F03-S20260927,f02c47aad1549dbd9710aef224c49f59b190eb0ed6cee1ba2a4cc8908a386ca7
38b7b869e5e043850d51ecb388d12583f1851bb41bd76a2924ec8ce0e940dc1b,MITDB_P114,114,660000000,3,20260927,MODEL_V2_TCN_MEAN,0,2.03562593460083,0.8844871520996094,5,V2-004-D1-TCNMEAN-F03-S20260927,f02c47aad1549dbd9710aef224c49f59b190eb0ed6cee1ba2a4cc8908a386ca7
38bc89647631b55205677ab88ddc5b6108fcc425994c8fa9378f424615d9387a,MITDB_P121,121,620000000,3,20260927,MODEL_V2_TCN_MEAN,0,-3.710031270980835,0.023891961202025414,5,V2-004-D1-TCNMEAN-F03-S20260927,f02c47aad1549dbd9710aef224c49f59b190eb0ed6cee1ba2a4cc8908a386ca7
38bcc485d73c1be0f68250f38dfcb05cde2ab3b55310d171c228cf7b46faee63,MITDB_P208,208,340000000,3,20260927,MODEL_V2_TCN_MEAN,1,12.126530647277832,0.9999946355819702,5,V2-004-D1-TCNMEAN-F03-S20260927,f02c47aad1549dbd9710aef224c49f59b190eb0ed6cee1ba2a4cc8908a386ca7
390982557e10a6aee1b15fffcad2a44d1c20e88ed95c81ceb78c5c1acef33e71,MITDB_P121,121,420000000,3,20260927,MODEL_V2_TCN_MEAN,0,-5.177034854888916,0.0056130350567400455,5,V2-004-D1-TCNMEAN-F03-S20260927,f02c47aad1549dbd9710aef224c49f59b190eb0ed6cee1ba2a4cc8908a386ca7
3917fd990728387948b1c35008d65ea6db5aca6b9f2e4e0f0be0aa3068a44444,MITDB_P121,121,575000000,3,20260927,MODEL_V2_TCN_MEAN,0,-3.5465378761291504,0.028016699478030205,5,V2-004-D1-TCNMEAN-F03-S20260927,f02c47aad1549dbd9710aef224c49f59b190eb0ed6cee1ba2a4cc8908a386ca7
3984e0236a0293b55c9ec46a9aec14381cca1aa95b33d667e4818935b769ead2,MITDB_P121,121,1345000000,3,20260927,MODEL_V2_TCN_MEAN,0,-4.13484525680542,0.015753012150526047,5,V2-004-D1-TCNMEAN-F03-S20260927,f02c47aad1549dbd9710aef224c49f59b190eb0ed6cee1ba2a4cc8908a386ca7
39c1c1da2a36407ccef37ebf2b53402cf5bf87efd37709b40984850700b98aec,MITDB_P121,121,150000000,3,20260927,MODEL_V2_TCN_MEAN,0,-4.552390098571777,0.010432003997266293,5,V2-004-D1-TCNMEAN-F03-S20260927,f02c47aad1549dbd9710aef224c49f59b190eb0ed6cee1ba2a4cc8908a386ca7
39ef813121e829a8005f80514cb54be78e413df9f537db3485bcbdffd955fec9,MITDB_P114,114,550000000,3,20260927,MODEL_V2_TCN_MEAN,0,0.47142279148101807,0.6157204508781433,5,V2-004-D1-TCNMEAN-F03-S20260927,f02c47aad1549dbd9710aef224c49f59b190eb0ed6cee1ba2a4cc8908a386ca7
39fc2a2e466339afeb9764525a5f464f138eeabcd0af2f62b7d59785231bfb07,MITDB_P208,208,1420000000,3,20260927,MODEL_V2_TCN_MEAN,1,7.672836780548096,0.9995349645614624,5,V2-004-D1-TCNMEAN-F03-S20260927,f02c47aad1549dbd9710aef224c49f59b190eb0ed6cee1ba2a4cc8908a386ca7
3a05136f1491daf470cd3b184a9f0d9e0ab0a85b0b60595096c3ec74b16052a7,MITDB_P223,223,1725000000,3,20260927,MODEL_V2_TCN_MEAN,1,11.90114688873291,0.9999932050704956,5,V2-004-D1-TCNMEAN-F03-S20260927,f02c47aad1549dbd9710aef224c49f59b190eb0ed6cee1ba2a4cc8908a386ca7
3a212ccc864570a7c7a823821f69eb9fc0257915ff585a1b71d2dd1e484dd07a,MITDB_P223,223,295000000,3,20260927,MODEL_V2_TCN_MEAN,0,-2.70050048828125,0.06294383108615875,5,V2-004-D1-TCNMEAN-F03-S20260927,f02c47aad1549dbd9710aef224c49f59b190eb0ed6cee1ba2a4cc8908a386ca7
3a219faa22986ac2a82b7925a0362c22438bfa954479f490943a21796cf7e485,MITDB_P121,121,1735000000,3,20260927,MODEL_V2_TCN_MEAN,0,-5.2062811851501465,0.0054521337151527405,5,V2-004-D1-TCNMEAN-F03-S20260927,f02c47aad1549dbd9710aef224c49f59b190eb0ed6cee1ba2a4cc8908a386ca7
3a83960fdaa7df417b8750881bcb8e7597bc9ba77b5c791039b1d22cc42f0c77,MITDB_P208,208,130000000,3,20260927,MODEL_V2_TCN_MEAN,1,15.658534049987793,0.9999998807907104,5,V2-004-D1-TCNMEAN-F03-S20260927,f02c47aad1549dbd9710aef224c49f59b190eb0ed6cee1ba2a4cc8908a386ca7
3adf96bbac730cbf0a73db6a9689bb468bfb35cccb4d64ac5941af348d080f6c,MITDB_P121,121,705000000,3,20260927,MODEL_V2_TCN_MEAN,0,-3.545085906982422,0.02805626578629017,5,V2-004-D1-TCNMEAN-F03-S20260927,f02c47aad1549dbd9710aef224c49f59b190eb0ed6cee1ba2a4cc8908a386ca7
3aeaeb3a610ea255e64319e8b52a884fca533f88cb316c4c7cf0e4f2019162c2,MITDB_P103,103,420000000,3,20260927,MODEL_V2_TCN_MEAN,0,-2.1803812980651855,0.10152614116668701,5,V2-004-D1-TCNMEAN-F03-S20260927,f02c47aad1549dbd9710aef224c49f59b190eb0ed6cee1ba2a4cc8908a386ca7
3afbe52009bb1bda40e591907e21a11a2913765d824c98c55de513ced17cdb1c,MITDB_P121,121,350000000,3,20260927,MODEL_V2_TCN_MEAN,0,-0.03195123374462128,0.4920128881931305,5,V2-004-D1-TCNMEAN-F03-S20260927,f02c47aad1549dbd9710aef224c49f59b190eb0ed6cee1ba2a4cc8908a386ca7
3b00afffe2a64285fe00f4f903432cb1216cc7b7aaab8a3bd516c5f7bf893b4c,MITDB_P114,114,1220000000,3,20260927,MODEL_V2_TCN_MEAN,0,0.8966391682624817,0.7102583646774292,5,V2-004-D1-TCNMEAN-F03-S20260927,f02c47aad1549dbd9710aef224c49f59b190eb0ed6cee1ba2a4cc8908a386ca7
3b7cb441de6b5ce2ce860ca9b9a24f916b175758cd24d89b1e4cf2f3c36ad884,MITDB_P121,121,340000000,3,20260927,MODEL_V2_TCN_MEAN,0,-4.508416652679443,0.010895861312747002,5,V2-004-D1-TCNMEAN-F03-S20260927,f02c47aad1549dbd9710aef224c49f59b190eb0ed6cee1ba2a4cc8908a386ca7
3b7e441484376e36752abfbed6f1eb751f7ada23f5c17697d2b516b7d0403f3a,MITDB_P121,121,100000000,3,20260927,MODEL_V2_TCN_MEAN,0,-4.625112533569336,0.009707394987344742,5,V2-004-D1-TCNMEAN-F03-S20260927,f02c47aad1549dbd9710aef224c49f59b190eb0ed6cee1ba2a4cc8908a386ca7
3bced3d8429881386ab0cdb0e5ecc42845eb5e4c1f863bd90a1e3ab5bccad9e4,MITDB_P223,223,1235000000,3,20260927,MODEL_V2_TCN_MEAN,0,-2.8624167442321777,0.05404301732778549,5,V2-004-D1-TCNMEAN-F03-S20260927,f02c47aad1549dbd9710aef224c49f59b190eb0ed6cee1ba2a4cc8908a386ca7
3bfba5435f51e3c904d4689799ff7b7425bd8ce6d265d39fcb17c0a506c796f9,MITDB_P223,223,1565000000,3,20260927,MODEL_V2_TCN_MEAN,1,14.442045211791992,0.9999995231628418,5,V2-004-D1-TCNMEAN-F03-S20260927,f02c47aad1549dbd9710aef224c49f59b190eb0ed6cee1ba2a4cc8908a386ca7
3c63d9fa31151248571f0556b095bb4f77d814bb12308a76c80c217f0c955f17,MITDB_P121,121,1575000000,3,20260927,MODEL_V2_TCN_MEAN,0,4.8414998054504395,0.9921666383743286,5,V2-004-D1-TCNMEAN-F03-S20260927,f02c47aad1549dbd9710aef224c49f59b190eb0ed6cee1ba2a4cc8908a386ca7
3c79096b33d51c59f91943bf23477add2c56592c48bc271a5f29f476dacddda6,MITDB_P121,121,30000000,3,20260927,MODEL_V2_TCN_MEAN,0,-4.695496082305908,0.009053616784512997,5,V2-004-D1-TCNMEAN-F03-S20260927,f02c47aad1549dbd9710aef224c49f59b190eb0ed6cee1ba2a4cc8908a386ca7
3ca8e5c96bb2263b3ab3fc0db3e275d5edd0839680af6b22f54b2cc36b0fc4ab,MITDB_P103,103,1205000000,3,20260927,MODEL_V2_TCN_MEAN,0,0.11249123513698578,0.528093159198761,5,V2-004-D1-TCNMEAN-F03-S20260927,f02c47aad1549dbd9710aef224c49f59b190eb0ed6cee1ba2a4cc8908a386ca7
3cbce48e6c58647075bdb60188474ab17a0d869665ad07394c8d3d8009204ea6,MITDB_P223,223,1695000000,3,20260927,MODEL_V2_TCN_MEAN,1,15.333789825439453,0.9999997615814209,5,V2-004-D1-TCNMEAN-F03-S20260927,f02c47aad1549dbd9710aef224c49f59b190eb0ed6cee1ba2a4cc8908a386ca7
3cd35dd27001ddb502ae370ca4e3833362cb1b0c29c67df88122d9000bc3a896,MITDB_P208,208,1590000000,3,20260927,MODEL_V2_TCN_MEAN,1,5.891157150268555,0.9972438812255859,5,V2-004-D1-TCNMEAN-F03-S20260927,f02c47aad1549dbd9710aef224c49f59b190eb0ed6cee1ba2a4cc8908a386ca7
3d066df6cfe78906e95377c8ca7d5e4e7848f437c3e9ded165c386186783dcba,MITDB_P103,103,565000000,3,20260927,MODEL_V2_TCN_MEAN,0,-2.5375962257385254,0.0732642188668251,5,V2-004-D1-TCNMEAN-F03-S20260927,f02c47aad1549dbd9710aef224c49f59b190eb0ed6cee1ba2a4cc8908a386ca7
3d09601a1ae65f8459195565d6e27b671994bcda2106799de129d15947bf3322,MITDB_P103,103,1490000000,3,20260927,MODEL_V2_TCN_MEAN,0,-1.8816030025482178,0.13220486044883728,5,V2-004-D1-TCNMEAN-F03-S20260927,f02c47aad1549dbd9710aef224c49f59b190eb0ed6cee1ba2a4cc8908a386ca7
3d2afde0376b1c3e918a1e90d1b78236a0cce6594bac87025a57bb932aff0368,MITDB_P121,121,1200000000,3,20260927,MODEL_V2_TCN_MEAN,0,-4.271301746368408,0.0137712974101305,5,V2-004-D1-TCNMEAN-F03-S20260927,f02c47aad1549dbd9710aef224c49f59b190eb0ed6cee1ba2a4cc8908a386ca7
3d2ef9ca78b60ff18f74facc3cf0a683dd9d073c5c4698230261113dfb31ac7e,MITDB_P121,121,325000000,3,20260927,MODEL_V2_TCN_MEAN,0,-2.971984386444092,0.04870769381523132,5,V2-004-D1-TCNMEAN-F03-S20260927,f02c47aad1549dbd9710aef224c49f59b190eb0ed6cee1ba2a4cc8908a386ca7
3d3ca989caa306d7b2ed090ac6773fc797f0a11b3ba8c9b0682d0711800bb2d3,MITDB_P121,121,1150000000,3,20260927,MODEL_V2_TCN_MEAN,0,-4.628868579864502,0.009671353735029697,5,V2-004-D1-TCNMEAN-F03-S20260927,f02c47aad1549dbd9710aef224c49f59b190eb0ed6cee1ba2a4cc8908a386ca7
3d4e83452aabd895de1efde66d734bc25e52f02b96a51fb67c62594de8c855e2,MITDB_P208,208,635000000,3,20260927,MODEL_V2_TCN_MEAN,1,9.591899871826172,0.9999316930770874,5,V2-004-D1-TCNMEAN-F03-S20260927,f02c47aad1549dbd9710aef224c49f59b190eb0ed6cee1ba2a4cc8908a386ca7
3d98e93ba1574b1479eb5f1b5077bb12774989b1f11a0850805126dbacc7832a,MITDB_P223,223,1185000000,3,20260927,MODEL_V2_TCN_MEAN,1,9.655216217041016,0.9999358654022217,5,V2-004-D1-TCNMEAN-F03-S20260927,f02c47aad1549dbd9710aef224c49f59b190eb0ed6cee1ba2a4cc8908a386ca7
3db3e1aef1fa9ac0899352fe884251b7de13266b679cc7ceaeda71dad600eeb2,MITDB_P208,208,1370000000,3,20260927,MODEL_V2_TCN_MEAN,1,8.050457000732422,0.9996811151504517,5,V2-004-D1-TCNMEAN-F03-S20260927,f02c47aad1549dbd9710aef224c49f59b190eb0ed6cee1ba2a4cc8908a386ca7
3e1a89c61056c7953869513043557ee8e5aee64d420b0392e0210fe05e62ec5f,MITDB_P114,114,1060000000,3,20260927,MODEL_V2_TCN_MEAN,0,2.1248929500579834,0.8932991623878479,5,V2-004-D1-TCNMEAN-F03-S20260927,f02c47aad1549dbd9710aef224c49f59b190eb0ed6cee1ba2a4cc8908a386ca7
3e41f604b0cbc4d7814e96bc4f1a3cea965e9569b10b4fac97848b3abd0d641c,MITDB_P114,114,535000000,3,20260927,MODEL_V2_TCN_MEAN,0,-0.01543666422367096,0.4961409270763397,5,V2-004-D1-TCNMEAN-F03-S20260927,f02c47aad1549dbd9710aef224c49f59b190eb0ed6cee1ba2a4cc8908a386ca7
3e994a8d0a58522064591e45bcf044b391302cdbfb2509c701d007f13c8158e8,MITDB_P223,223,990000000,3,20260927,MODEL_V2_TCN_MEAN,0,-2.3874351978302,0.08413585275411606,5,V2-004-D1-TCNMEAN-F03-S20260927,f02c47aad1549dbd9710aef224c49f59b190eb0ed6cee1ba2a4cc8908a386ca7
3ea1cc9201224704ec8750930ccdb48e3f1105103b5b9562fc933e9e896316d7,MITDB_P103,103,80000000,3,20260927,MODEL_V2_TCN_MEAN,0,-3.628063201904297,0.02588002011179924,5,V2-004-D1-TCNMEAN-F03-S20260927,f02c47aad1549dbd9710aef224c49f59b190eb0ed6cee1ba2a4cc8908a386ca7
3ec045d672b6e28c9a26165980d3805c6250029c9c465352c1100ebfd16c7233,MITDB_P103,103,1090000000,3,20260927,MODEL_V2_TCN_MEAN,0,-2.067777395248413,0.11226836591959,5,V2-004-D1-TCNMEAN-F03-S20260927,f02c47aad1549dbd9710aef224c49f59b190eb0ed6cee1ba2a4cc8908a386ca7
3ec0e80588e9db8ac270575a44617a6c167d297f414a541a6ecf6f1a02e99bb0,MITDB_P114,114,1655000000,3,20260927,MODEL_V2_TCN_MEAN,0,1.7636595964431763,0.8536673784255981,5,V2-004-D1-TCNMEAN-F03-S20260927,f02c47aad1549dbd9710aef224c49f59b190eb0ed6cee1ba2a4cc8908a386ca7
3ee164a3cabeddac213197d91b782cd116f3c00aa5f999c792622de5275f7013,MITDB_P223,223,265000000,3,20260927,MODEL_V2_TCN_MEAN,0,-2.9895429611206055,0.04790052771568298,5,V2-004-D1-TCNMEAN-F03-S20260927,f02c47aad1549dbd9710aef224c49f59b190eb0ed6cee1ba2a4cc8908a386ca7
3f1ed07d0e29f37ce7660632a04d1f3344b405e0a4dd1ecc7693ff9b71e8a542,MITDB_P103,103,210000000,3,20260927,MODEL_V2_TCN_MEAN,0,-3.3505547046661377,0.03387700393795967,5,V2-004-D1-TCNMEAN-F03-S20260927,f02c47aad1549dbd9710aef224c49f59b190eb0ed6cee1ba2a4cc8908a386ca7
3f4f7b60094e523557066f60803da25a1ed47757ebdf45f2dbdc81e34530e84e,MITDB_P114,114,1105000000,3,20260927,MODEL_V2_TCN_MEAN,0,1.0092799663543701,0.7328792214393616,5,V2-004-D1-TCNMEAN-F03-S20260927,f02c47aad1549dbd9710aef224c49f59b190eb0ed6cee1ba2a4cc8908a386ca7
3f7642f912594b03c7a7b0caeb513dcefe4b8448782ed01b40d7c5b56476af1d,MITDB_P208,208,1080000000,3,20260927,MODEL_V2_TCN_MEAN,1,11.034252166748047,0.9999839067459106,5,V2-004-D1-TCNMEAN-F03-S20260927,f02c47aad1549dbd9710aef224c49f59b190eb0ed6cee1ba2a4cc8908a386ca7
3fc84213c6ffce7504a79e4a1abc01328c6c6dab258ca06262f3c45624356896,MITDB_P223,223,875000000,3,20260927,MODEL_V2_TCN_MEAN,0,-2.8129160404205322,0.05663019418716431,5,V2-004-D1-TCNMEAN-F03-S20260927,f02c47aad1549dbd9710aef224c49f59b190eb0ed6cee1ba2a4cc8908a386ca7
3fcafab249288295cf2add671a3d74d2d5ca17843214ec465c5385d67e2fa25e,MITDB_P208,208,695000000,3,20260927,MODEL_V2_TCN_MEAN,1,11.50130844116211,0.9999898672103882,5,V2-004-D1-TCNMEAN-F03-S20260927,f02c47aad1549dbd9710aef224c49f59b190eb0ed6cee1ba2a4cc8908a386ca7
3fe5d02134adaea961295ae3bdc30abb926feb91d68cc2c1c51259d1fb7504a0,MITDB_P103,103,1735000000,3,20260927,MODEL_V2_TCN_MEAN,0,-0.9694960117340088,0.27498096227645874,5,V2-004-D1-TCNMEAN-F03-S20260927,f02c47aad1549dbd9710aef224c49f59b190eb0ed6cee1ba2a4cc8908a386ca7
3fea606c8f02b22da3df2db8efd621466f8bf2e541448f2a38f8c165dadb125d,MITDB_P121,121,955000000,3,20260927,MODEL_V2_TCN_MEAN,0,-2.9923863410949707,0.04777102172374725,5,V2-004-D1-TCNMEAN-F03-S20260927,f02c47aad1549dbd9710aef224c49f59b190eb0ed6cee1ba2a4cc8908a386ca7
405817e4149f93fe4083044ada56b5f5f979efd0e03bec30b9ff0c4e04fadea1,MITDB_P223,223,850000000,3,20260927,MODEL_V2_TCN_MEAN,1,9.022879600524902,0.9998793601989746,5,V2-004-D1-TCNMEAN-F03-S20260927,f02c47aad1549dbd9710aef224c49f59b190eb0ed6cee1ba2a4cc8908a386ca7
408b7b1f2177052fef24de74e662757d1b0b6d789796219d2ae3a46bb767908a,MITDB_P121,121,1700000000,3,20260927,MODEL_V2_TCN_MEAN,0,-6.234433650970459,0.0019569024443626404,5,V2-004-D1-TCNMEAN-F03-S20260927,f02c47aad1549dbd9710aef224c49f59b190eb0ed6cee1ba2a4cc8908a386ca7
4097fedab93f351a012dafb64815df27eebeab91c3653d3eedbe3069ed09253f,MITDB_P223,223,805000000,3,20260927,MODEL_V2_TCN_MEAN,0,-2.826078176498413,0.055931124836206436,5,V2-004-D1-TCNMEAN-F03-S20260927,f02c47aad1549dbd9710aef224c49f59b190eb0ed6cee1ba2a4cc8908a386ca7
40e6b3844002f792da570aadec8400fe60ecfb636a1fb7feb2de443748273ba3,MITDB_P103,103,810000000,3,20260927,MODEL_V2_TCN_MEAN,0,-1.762843370437622,0.14643459022045135,5,V2-004-D1-TCNMEAN-F03-S20260927,f02c47aad1549dbd9710aef224c49f59b190eb0ed6cee1ba2a4cc8908a386ca7
40f4e3f60fca3129b9858fbd74ca73ff1b0368d2a476919037d19fbb14b64a6d,MITDB_P223,223,1525000000,3,20260927,MODEL_V2_TCN_MEAN,1,6.055911540985107,0.9976614713668823,5,V2-004-D1-TCNMEAN-F03-S20260927,f02c47aad1549dbd9710aef224c49f59b190eb0ed6cee1ba2a4cc8908a386ca7
4104605ca9744f2616fe41dee9dbbf2c4752881dd4c28de7de7b7ccad473e1f8,MITDB_P208,208,70000000,3,20260927,MODEL_V2_TCN_MEAN,1,12.987338066101074,0.9999977350234985,5,V2-004-D1-TCNMEAN-F03-S20260927,f02c47aad1549dbd9710aef224c49f59b190eb0ed6cee1ba2a4cc8908a386ca7
4140ae6c0cb9d1840f730bb1dca77ccb57f0b1c7f537b285a8d3247227503197,MITDB_P103,103,25000000,3,20260927,MODEL_V2_TCN_MEAN,0,-3.11509370803833,0.042488932609558105,5,V2-004-D1-TCNMEAN-F03-S20260927,f02c47aad1549dbd9710aef224c49f59b190eb0ed6cee1ba2a4cc8908a386ca7
4170a4a5fcc0725590dd648e3f8a8cdc59a178e210367de6baa19a89732421b1,MITDB_P121,121,1805000000,3,20260927,MODEL_V2_TCN_MEAN,0,-5.179346561431885,0.005600146949291229,5,V2-004-D1-TCNMEAN-F03-S20260927,f02c47aad1549dbd9710aef224c49f59b190eb0ed6cee1ba2a4cc8908a386ca7
41b6a06ca2b296e170e0f90d6b2a9f9272ebe37eec02f8b13ff2afb51ebe38df,MITDB_P121,121,345000000,3,20260927,MODEL_V2_TCN_MEAN,0,-3.570283889770508,0.027377251535654068,5,V2-004-D1-TCNMEAN-F03-S20260927,f02c47aad1549dbd9710aef224c49f59b190eb0ed6cee1ba2a4cc8908a386ca7
41c1c0f751ae275e51882d4c9ebcb598eca976badf2d8065b37aa8fa3849ac74,MITDB_P208,208,1475000000,3,20260927,MODEL_V2_TCN_MEAN,1,10.68252944946289,0.9999771118164062,5,V2-004-D1-TCNMEAN-F03-S20260927,f02c47aad1549dbd9710aef224c49f59b190eb0ed6cee1ba2a4cc8908a386ca7
4202699ecc2a81f77e416a4e569a086cd6a86d2e394b9b3d87c225817b982711,MITDB_P103,103,485000000,3,20260927,MODEL_V2_TCN_MEAN,0,-2.4007372856140137,0.08311649411916733,5,V2-004-D1-TCNMEAN-F03-S20260927,f02c47aad1549dbd9710aef224c49f59b190eb0ed6cee1ba2a4cc8908a386ca7
4222704b88ba67228676c659c913d30b4effd26e0163e6df92bcd3e39ac5b890,MITDB_P121,121,570000000,3,20260927,MODEL_V2_TCN_MEAN,0,-4.466115474700928,0.01136130653321743,5,V2-004-D1-TCNMEAN-F03-S20260927,f02c47aad1549dbd9710aef224c49f59b190eb0ed6cee1ba2a4cc8908a386ca7
424d3daace8bab1bff71e45feb043f8b351d923fe2761b68196dc88074b84591,MITDB_P103,103,880000000,3,20260927,MODEL_V2_TCN_MEAN,0,-1.8914427757263184,0.1310800462961197,5,V2-004-D1-TCNMEAN-F03-S20260927,f02c47aad1549dbd9710aef224c49f59b190eb0ed6cee1ba2a4cc8908a386ca7
427ef5fddccddacc37ba87cff584ddbdedf045146e11057d5f7ee202b4754da8,MITDB_P223,223,920000000,3,20260927,MODEL_V2_TCN_MEAN,1,3.4374470710754395,0.968854546546936,5,V2-004-D1-TCNMEAN-F03-S20260927,f02c47aad1549dbd9710aef224c49f59b190eb0ed6cee1ba2a4cc8908a386ca7
428786653d5ec1bfde22b0b192c4ece11c89b1b194c4b31be9932bba5dec22e0,MITDB_P208,208,1695000000,3,20260927,MODEL_V2_TCN_MEAN,1,13.259860038757324,0.9999982118606567,5,V2-004-D1-TCNMEAN-F03-S20260927,f02c47aad1549dbd9710aef224c49f59b190eb0ed6cee1ba2a4cc8908a386ca7
428bf0113edf1f8f01dea722940eb29e4550202574acd5a34c3cd02ef18ce2dc,MITDB_P223,223,100000000,3,20260927,MODEL_V2_TCN_MEAN,0,-2.5221521854400635,0.0743197500705719,5,V2-004-D1-TCNMEAN-F03-S20260927,f02c47aad1549dbd9710aef224c49f59b190eb0ed6cee1ba2a4cc8908a386ca7
42e0a569360aec5e0150e203689d7359e048faa027a9eb47770b39f42b29d0e5,MITDB_P114,114,1805000000,3,20260927,MODEL_V2_TCN_MEAN,0,0.36916130781173706,0.591256320476532,5,V2-004-D1-TCNMEAN-F03-S20260927,f02c47aad1549dbd9710aef224c49f59b190eb0ed6cee1ba2a4cc8908a386ca7
432f093bf866b03683a654cd4eafe87b50cf5b84aef05c866f0fe924a9e281f8,MITDB_P103,103,1415000000,3,20260927,MODEL_V2_TCN_MEAN,0,-1.7931121587753296,0.14269159734249115,5,V2-004-D1-TCNMEAN-F03-S20260927,f02c47aad1549dbd9710aef224c49f59b190eb0ed6cee1ba2a4cc8908a386ca7
436edce264cff1efa0948c6ce6d61e0986910f4c2f5bb9a7c00d805f1372a0af,MITDB_P223,223,1700000000,3,20260927,MODEL_V2_TCN_MEAN,1,16.052600860595703,0.9999998807907104,5,V2-004-D1-TCNMEAN-F03-S20260927,f02c47aad1549dbd9710aef224c49f59b190eb0ed6cee1ba2a4cc8908a386ca7
4389f546d1305a71d46174315e6fdf1d681d66d1dcf33a48f44505f492d9196a,MITDB_P103,103,105000000,3,20260927,MODEL_V2_TCN_MEAN,0,-3.0439229011535645,0.04548056423664093,5,V2-004-D1-TCNMEAN-F03-S20260927,f02c47aad1549dbd9710aef224c49f59b190eb0ed6cee1ba2a4cc8908a386ca7
439a8ace5a372ba65eea8038cdced49c7447b228ac82e9d77d9ce38565d5c5f7,MITDB_P223,223,615000000,3,20260927,MODEL_V2_TCN_MEAN,1,4.070577621459961,0.9832188487052917,5,V2-004-D1-TCNMEAN-F03-S20260927,f02c47aad1549dbd9710aef224c49f59b190eb0ed6cee1ba2a4cc8908a386ca7
43a62b685f7bc5c3845bded0c21b450463e181567b688ffa48ebd88fc55f439e,MITDB_P121,121,1175000000,3,20260927,MODEL_V2_TCN_MEAN,0,-4.294048309326172,0.013465753756463528,5,V2-004-D1-TCNMEAN-F03-S20260927,f02c47aad1549dbd9710aef224c49f59b190eb0ed6cee1ba2a4cc8908a386ca7
43b4f052df316456bfc98ec311356a5f537e430f28010896cef96437f5acfc1a,MITDB_P103,103,1295000000,3,20260927,MODEL_V2_TCN_MEAN,0,-2.032742500305176,0.11580780893564224,5,V2-004-D1-TCNMEAN-F03-S20260927,f02c47aad1549dbd9710aef224c49f59b190eb0ed6cee1ba2a4cc8908a386ca7
43eea6dc7c75dc19e3d71a0ed68580e2b4923c3ccdfaedc87e18794345b39059,MITDB_P121,121,1715000000,3,20260927,MODEL_V2_TCN_MEAN,0,-2.442786693572998,0.07996764779090881,5,V2-004-D1-TCNMEAN-F03-S20260927,f02c47aad1549dbd9710aef224c49f59b190eb0ed6cee1ba2a4cc8908a386ca7
441fc0ebf37719e76522459a417f2e67182a216a5719446e74b3154cb9489c08,MITDB_P223,223,1255000000,3,20260927,MODEL_V2_TCN_MEAN,0,-2.9973137378692627,0.04754737764596939,5,V2-004-D1-TCNMEAN-F03-S20260927,f02c47aad1549dbd9710aef224c49f59b190eb0ed6cee1ba2a4cc8908a386ca7
4440e096e0a4509f83971e1de74c21190d3c71e6cf55d48fcdc89d2048ccdb46,MITDB_P223,223,1115000000,3,20260927,MODEL_V2_TCN_MEAN,0,-2.68314266204834,0.06397543102502823,5,V2-004-D1-TCNMEAN-F03-S20260927,f02c47aad1549dbd9710aef224c49f59b190eb0ed6cee1ba2a4cc8908a386ca7
445125ae5898c8799812bcdb66bcb5bc32d979d5bc2be055b53cd94b2ca45051,MITDB_P114,114,60000000,3,20260927,MODEL_V2_TCN_MEAN,0,-0.055478617548942566,0.4861339032649994,5,V2-004-D1-TCNMEAN-F03-S20260927,f02c47aad1549dbd9710aef224c49f59b190eb0ed6cee1ba2a4cc8908a386ca7
448097296bc957b857b817edfcfa315d144fee0131565c3f221ae8dd3a761676,MITDB_P114,114,695000000,3,20260927,MODEL_V2_TCN_MEAN,0,2.3532140254974365,0.9131894111633301,5,V2-004-D1-TCNMEAN-F03-S20260927,f02c47aad1549dbd9710aef224c49f59b190eb0ed6cee1ba2a4cc8908a386ca7
450ba089a5c1146cd84d98977dbd2d54444eca362b575b574176f10dc6e203e7,MITDB_P121,121,690000000,3,20260927,MODEL_V2_TCN_MEAN,0,-3.459660530090332,0.030482066795229912,5,V2-004-D1-TCNMEAN-F03-S20260927,f02c47aad1549dbd9710aef224c49f59b190eb0ed6cee1ba2a4cc8908a386ca7
4516ec2768c0cd01340b53c1bfa9e7c33a2b709fab57dcbdc3f3957f693181cd,MITDB_P208,208,165000000,3,20260927,MODEL_V2_TCN_MEAN,1,13.910551071166992,0.9999990463256836,5,V2-004-D1-TCNMEAN-F03-S20260927,f02c47aad1549dbd9710aef224c49f59b190eb0ed6cee1ba2a4cc8908a386ca7
451e3d09c40fe1a9e8853972bc424d01ea58e385aefbd03a5f72024b09a9dfac,MITDB_P208,208,255000000,3,20260927,MODEL_V2_TCN_MEAN,1,11.889458656311035,0.999993085861206,5,V2-004-D1-TCNMEAN-F03-S20260927,f02c47aad1549dbd9710aef224c49f59b190eb0ed6cee1ba2a4cc8908a386ca7
45621445f8a3818c882385b274689ec8b39547b988a2e743628952414749a988,MITDB_P103,103,255000000,3,20260927,MODEL_V2_TCN_MEAN,0,-3.216616630554199,0.03854517638683319,5,V2-004-D1-TCNMEAN-F03-S20260927,f02c47aad1549dbd9710aef224c49f59b190eb0ed6cee1ba2a4cc8908a386ca7
457ef647a16ac90a2c5e50944a5de67df16c9a729979d9d75564f3d1802885b9,MITDB_P223,223,1310000000,3,20260927,MODEL_V2_TCN_MEAN,1,15.22970199584961,0.9999997615814209,5,V2-004-D1-TCNMEAN-F03-S20260927,f02c47aad1549dbd9710aef224c49f59b190eb0ed6cee1ba2a4cc8908a386ca7
459ab5cd1484df4b21bff57e6e97dceba67be3683b57fa677d2e3eb3e048b862,MITDB_P103,103,1755000000,3,20260927,MODEL_V2_TCN_MEAN,0,-1.8123911619186401,0.1403493881225586,5,V2-004-D1-TCNMEAN-F03-S20260927,f02c47aad1549dbd9710aef224c49f59b190eb0ed6cee1ba2a4cc8908a386ca7
45b65c5618905f365a22445c4c7e511f7c6cfe37755323c30c2ebd39a1880b78,MITDB_P208,208,1600000000,3,20260927,MODEL_V2_TCN_MEAN,1,6.170714855194092,0.9979146122932434,5,V2-004-D1-TCNMEAN-F03-S20260927,f02c47aad1549dbd9710aef224c49f59b190eb0ed6cee1ba2a4cc8908a386ca7
45e335860d1050da0bcf77528bf813416db27b84f0cf57b41b2255e96b684c89,MITDB_P121,121,95000000,3,20260927,MODEL_V2_TCN_MEAN,0,-4.432315349578857,0.011747296899557114,5,V2-004-D1-TCNMEAN-F03-S20260927,f02c47aad1549dbd9710aef224c49f59b190eb0ed6cee1ba2a4cc8908a386ca7
45e360e0596ae96d00db7ac38de569c50bc6120db70c65782456ec8b41f97d1b,MITDB_P208,208,1640000000,3,20260927,MODEL_V2_TCN_MEAN,1,10.305501937866211,0.9999665021896362,5,V2-004-D1-TCNMEAN-F03-S20260927,f02c47aad1549dbd9710aef224c49f59b190eb0ed6cee1ba2a4cc8908a386ca7
45f992dffd16326035f79c18f787087e62e3e4200785b55f6c1653b6ce655c7c,MITDB_P208,208,1550000000,3,20260927,MODEL_V2_TCN_MEAN,1,7.722527027130127,0.9995574355125427,5,V2-004-D1-TCNMEAN-F03-S20260927,f02c47aad1549dbd9710aef224c49f59b190eb0ed6cee1ba2a4cc8908a386ca7
460742069da402f904354bc0c58fe83f8748f5f12cb616220d967ed0a3f8e1cf,MITDB_P223,223,1295000000,3,20260927,MODEL_V2_TCN_MEAN,1,8.424934387207031,0.9997807145118713,5,V2-004-D1-TCNMEAN-F03-S20260927,f02c47aad1549dbd9710aef224c49f59b190eb0ed6cee1ba2a4cc8908a386ca7
460ba8171cbe27c962865e0c2023421d8e2fcb41c23f77f591122033aa8b5d80,MITDB_P223,223,1050000000,3,20260927,MODEL_V2_TCN_MEAN,1,5.602394104003906,0.9963244795799255,5,V2-004-D1-TCNMEAN-F03-S20260927,f02c47aad1549dbd9710aef224c49f59b190eb0ed6cee1ba2a4cc8908a386ca7
4620d1e0cc0e93871de561b74ea1006ad59a462bd6604ab13e235dea2e74b946,MITDB_P121,121,205000000,3,20260927,MODEL_V2_TCN_MEAN,0,-4.729288578033447,0.008755418471992016,5,V2-004-D1-TCNMEAN-F03-S20260927,f02c47aad1549dbd9710aef224c49f59b190eb0ed6cee1ba2a4cc8908a386ca7
4634a48aeff009dce03fef419d9c4b790aa080686b15675196e26d2670bdf236,MITDB_P114,114,475000000,3,20260927,MODEL_V2_TCN_MEAN,1,6.206204891204834,0.9979871511459351,5,V2-004-D1-TCNMEAN-F03-S20260927,f02c47aad1549dbd9710aef224c49f59b190eb0ed6cee1ba2a4cc8908a386ca7
46395f84f6597b31128655f0a73d9a3fd6df160e7ea63e8a93b5a831a5d0031a,MITDB_P103,103,220000000,3,20260927,MODEL_V2_TCN_MEAN,0,-3.53371000289917,0.02836814895272255,5,V2-004-D1-TCNMEAN-F03-S20260927,f02c47aad1549dbd9710aef224c49f59b190eb0ed6cee1ba2a4cc8908a386ca7
4665e4ba81bd32501c316e7edcbbcd686e0d140285453965c0f8adbaa0c5fd3e,MITDB_P223,223,1745000000,3,20260927,MODEL_V2_TCN_MEAN,1,8.057141304016113,0.9996832609176636,5,V2-004-D1-TCNMEAN-F03-S20260927,f02c47aad1549dbd9710aef224c49f59b190eb0ed6cee1ba2a4cc8908a386ca7
466f57bca61c0ede05e24d78eb1b960f9f9831f14e8da133bff8dc6d27d6999f,MITDB_P121,121,1115000000,3,20260927,MODEL_V2_TCN_MEAN,0,-3.765899419784546,0.022623131051659584,5,V2-004-D1-TCNMEAN-F03-S20260927,f02c47aad1549dbd9710aef224c49f59b190eb0ed6cee1ba2a4cc8908a386ca7
46889ae34c820e05fc726f7b769ac5ab031bb9d95e9269e5392fabd5619532fa,MITDB_P114,114,800000000,3,20260927,MODEL_V2_TCN_MEAN,0,3.042872905731201,0.9544738531112671,5,V2-004-D1-TCNMEAN-F03-S20260927,f02c47aad1549dbd9710aef224c49f59b190eb0ed6cee1ba2a4cc8908a386ca7
46b83db0cd37e46f305cff79905183ec0e50fedcd5f70b638c97725af4a18b95,MITDB_P208,208,1305000000,3,20260927,MODEL_V2_TCN_MEAN,1,6.674072265625,0.9987383484840393,5,V2-004-D1-TCNMEAN-F03-S20260927,f02c47aad1549dbd9710aef224c49f59b190eb0ed6cee1ba2a4cc8908a386ca7
47158b27315b66524db03797473b777c5afe2a18220d268fdb639f3a2944e322,MITDB_P223,223,195000000,3,20260927,MODEL_V2_TCN_MEAN,1,3.603184700012207,0.9734853506088257,5,V2-004-D1-TCNMEAN-F03-S20260927,f02c47aad1549dbd9710aef224c49f59b190eb0ed6cee1ba2a4cc8908a386ca7
472e0883f8256ac6e1abf8501a402786e59b8c1a3bc556dd6d6cc88075f4c8cb,MITDB_P121,121,430000000,3,20260927,MODEL_V2_TCN_MEAN,0,-4.534979343414307,0.010613279417157173,5,V2-004-D1-TCNMEAN-F03-S20260927,f02c47aad1549dbd9710aef224c49f59b190eb0ed6cee1ba2a4cc8908a386ca7
473bfbc5e952a4830199aa2bee8e5f152b284601d6efd6a8872ad8d1a155d934,MITDB_P103,103,1665000000,3,20260927,MODEL_V2_TCN_MEAN,0,-2.4300241470336914,0.08091167360544205,5,V2-004-D1-TCNMEAN-F03-S20260927,f02c47aad1549dbd9710aef224c49f59b190eb0ed6cee1ba2a4cc8908a386ca7
4755f5c23f30847049cc2d1b3740c6c6e855f809c88837d6ebb636ee016e6b32,MITDB_P223,223,255000000,3,20260927,MODEL_V2_TCN_MEAN,0,-2.811343193054199,0.05671427771449089,5,V2-004-D1-TCNMEAN-F03-S20260927,f02c47aad1549dbd9710aef224c49f59b190eb0ed6cee1ba2a4cc8908a386ca7
47711ff812767047d1bed8c0c86b0a9a7cef4aad88b7f2ce111537192592f537,MITDB_P121,121,665000000,3,20260927,MODEL_V2_TCN_MEAN,0,-4.407689094543457,0.01203665416687727,5,V2-004-D1-TCNMEAN-F03-S20260927,f02c47aad1549dbd9710aef224c49f59b190eb0ed6cee1ba2a4cc8908a386ca7
477eb0523bfa10e6258b685c38e6d71a7c1a555bd16a0750566bfd42938e4e25,MITDB_P121,121,1640000000,3,20260927,MODEL_V2_TCN_MEAN,0,-6.103063583374023,0.0022310183849185705,5,V2-004-D1-TCNMEAN-F03-S20260927,f02c47aad1549dbd9710aef224c49f59b190eb0ed6cee1ba2a4cc8908a386ca7
478f774c4fec287d84ebb5a82c3bc7d60dcea32f470433aacf474e61bc3d57c1,MITDB_P103,103,160000000,3,20260927,MODEL_V2_TCN_MEAN,0,-2.7905523777008057,0.05783684551715851,5,V2-004-D1-TCNMEAN-F03-S20260927,f02c47aad1549dbd9710aef224c49f59b190eb0ed6cee1ba2a4cc8908a386ca7
47cca4faf533e750d1536f4cac432d17bffe27bc7028f36fc38f319fd077b7ee,MITDB_P223,223,425000000,3,20260927,MODEL_V2_TCN_MEAN,0,-0.23085276782512665,0.44254177808761597,5,V2-004-D1-TCNMEAN-F03-S20260927,f02c47aad1549dbd9710aef224c49f59b190eb0ed6cee1ba2a4cc8908a386ca7
481e283a55c0f7c8136920aa8ed0eaee2540621f2f024f18f084371793d86c6b,MITDB_P114,114,105000000,3,20260927,MODEL_V2_TCN_MEAN,0,-0.25436699390411377,0.4367489218711853,5,V2-004-D1-TCNMEAN-F03-S20260927,f02c47aad1549dbd9710aef224c49f59b190eb0ed6cee1ba2a4cc8908a386ca7
48342c19f2922d7331744a74a7c6be9f2dd9f29352c9fac1de9e7d42f3114eb5,MITDB_P223,223,600000000,3,20260927,MODEL_V2_TCN_MEAN,1,3.71170711517334,0.9761471152305603,5,V2-004-D1-TCNMEAN-F03-S20260927,f02c47aad1549dbd9710aef224c49f59b190eb0ed6cee1ba2a4cc8908a386ca7
48360fb12d0eaba8d1608c3f420da3d5bb56a8ef13f6914a6cd92e061e6dd47b,MITDB_P114,114,1785000000,3,20260927,MODEL_V2_TCN_MEAN,0,3.162630081176758,0.9594035148620605,5,V2-004-D1-TCNMEAN-F03-S20260927,f02c47aad1549dbd9710aef224c49f59b190eb0ed6cee1ba2a4cc8908a386ca7
483b59cc0761464c38293ca65d63e7f82a406da9b2b26fa09af30354522a4833,MITDB_P208,208,100000000,3,20260927,MODEL_V2_TCN_MEAN,1,13.63760757446289,0.9999988079071045,5,V2-004-D1-TCNMEAN-F03-S20260927,f02c47aad1549dbd9710aef224c49f59b190eb0ed6cee1ba2a4cc8908a386ca7
4843144c3c7912be193626a7e12b1a90a597542036b360b6df02d6ab3c10390f,MITDB_P121,121,460000000,3,20260927,MODEL_V2_TCN_MEAN,0,-4.7449469566345215,0.008620562963187695,5,V2-004-D1-TCNMEAN-F03-S20260927,f02c47aad1549dbd9710aef224c49f59b190eb0ed6cee1ba2a4cc8908a386ca7
485ebcde0474724f35346b2db7fc225c604ab222d82c2a6dd364c0b5adae4d16,MITDB_P114,114,1390000000,3,20260927,MODEL_V2_TCN_MEAN,0,0.8455712199211121,0.6996372938156128,5,V2-004-D1-TCNMEAN-F03-S20260927,f02c47aad1549dbd9710aef224c49f59b190eb0ed6cee1ba2a4cc8908a386ca7
4875eeaaeddc34517d6ea99888ffc8584814b52199ed463eae775efb26eac838,MITDB_P121,121,970000000,3,20260927,MODEL_V2_TCN_MEAN,0,-4.283346652984619,0.013608663342893124,5,V2-004-D1-TCNMEAN-F03-S20260927,f02c47aad1549dbd9710aef224c49f59b190eb0ed6cee1ba2a4cc8908a386ca7
48858c91e72ebcb0ae16b9b25571e676b0d070e38e60fea7738db997fa627874,MITDB_P103,103,505000000,3,20260927,MODEL_V2_TCN_MEAN,0,-3.275362491607666,0.03642614185810089,5,V2-004-D1-TCNMEAN-F03-S20260927,f02c47aad1549dbd9710aef224c49f59b190eb0ed6cee1ba2a4cc8908a386ca7
489d514368c8f41c1b6a0b11ce35ffe4c6f386ffe72d3372c339d551bbbd484f,MITDB_P103,103,915000000,3,20260927,MODEL_V2_TCN_MEAN,0,-2.2435359954833984,0.09590849280357361,5,V2-004-D1-TCNMEAN-F03-S20260927,f02c47aad1549dbd9710aef224c49f59b190eb0ed6cee1ba2a4cc8908a386ca7
489e0e19cac4fa589d4b8388df0562bed60f738992ebb5fac63ce63be8a107ec,MITDB_P103,103,1730000000,3,20260927,MODEL_V2_TCN_MEAN,0,-1.3779687881469727,0.20133541524410248,5,V2-004-D1-TCNMEAN-F03-S20260927,f02c47aad1549dbd9710aef224c49f59b190eb0ed6cee1ba2a4cc8908a386ca7
48a07a2e3e7481892875a02a0dfc7d0d0d45eaa22912515bb317efa6a05a4a87,MITDB_P114,114,95000000,3,20260927,MODEL_V2_TCN_MEAN,1,5.772642612457275,0.9968981742858887,5,V2-004-D1-TCNMEAN-F03-S20260927,f02c47aad1549dbd9710aef224c49f59b190eb0ed6cee1ba2a4cc8908a386ca7
48b19e71d7b28e7a5e575d29f5d699bb259da20ee5623cfee697a91622686c47,MITDB_P121,121,1405000000,3,20260927,MODEL_V2_TCN_MEAN,0,-3.2911570072174072,0.03587580472230911,5,V2-004-D1-TCNMEAN-F03-S20260927,f02c47aad1549dbd9710aef224c49f59b190eb0ed6cee1ba2a4cc8908a386ca7
48cd9e680036896aae955765aa2d721dbaa03adb18eecc3d1d79eb02d04fa7f5,MITDB_P114,114,115000000,3,20260927,MODEL_V2_TCN_MEAN,0,0.3787928819656372,0.5935819149017334,5,V2-004-D1-TCNMEAN-F03-S20260927,f02c47aad1549dbd9710aef224c49f59b190eb0ed6cee1ba2a4cc8908a386ca7
4958a83ebfcc87470a574ea79853ddc80a10533bc11890ae63d2c6e19e687d8a,MITDB_P103,103,820000000,3,20260927,MODEL_V2_TCN_MEAN,0,-2.701251745223999,0.06289953738451004,5,V2-004-D1-TCNMEAN-F03-S20260927,f02c47aad1549dbd9710aef224c49f59b190eb0ed6cee1ba2a4cc8908a386ca7
499f0489a4e534771942e85766adb8588c5382ab0429044ed63b1ec3ee0a59c4,MITDB_P103,103,1115000000,3,20260927,MODEL_V2_TCN_MEAN,0,-1.0363332033157349,0.26185810565948486,5,V2-004-D1-TCNMEAN-F03-S20260927,f02c47aad1549dbd9710aef224c49f59b190eb0ed6cee1ba2a4cc8908a386ca7
49a0c0a330046b120e058706a6f961a2c329e86f2269bf07581a4df08869453c,MITDB_P208,208,1320000000,3,20260927,MODEL_V2_TCN_MEAN,1,11.754586219787598,0.9999921321868896,5,V2-004-D1-TCNMEAN-F03-S20260927,f02c47aad1549dbd9710aef224c49f59b190eb0ed6cee1ba2a4cc8908a386ca7
49f05f299b489e8cce7c9c9194913e7b7d32596f9dd0d8ff765bf8523e35a172,MITDB_P121,121,235000000,3,20260927,MODEL_V2_TCN_MEAN,0,-4.5102314949035645,0.010876319371163845,5,V2-004-D1-TCNMEAN-F03-S20260927,f02c47aad1549dbd9710aef224c49f59b190eb0ed6cee1ba2a4cc8908a386ca7
4a1327ac64821307cd1c71bd202f65c2d13903d0526aec1e4ffc1615a30eab4e,MITDB_P114,114,525000000,3,20260927,MODEL_V2_TCN_MEAN,1,8.97256088256836,0.999873161315918,5,V2-004-D1-TCNMEAN-F03-S20260927,f02c47aad1549dbd9710aef224c49f59b190eb0ed6cee1ba2a4cc8908a386ca7
4a16734343d149a0bcc603a87add86b664c394550f07da87a7727ebfb461a929,MITDB_P103,103,50000000,3,20260927,MODEL_V2_TCN_MEAN,0,-2.8700928688049316,0.05365193635225296,5,V2-004-D1-TCNMEAN-F03-S20260927,f02c47aad1549dbd9710aef224c49f59b190eb0ed6cee1ba2a4cc8908a386ca7
4a3ad5e9602b521848bda06955048b8ef4a089a65880865d7944a48b5b6e7441,MITDB_P114,114,1355000000,3,20260927,MODEL_V2_TCN_MEAN,0,1.6378482580184937,0.8372418880462646,5,V2-004-D1-TCNMEAN-F03-S20260927,f02c47aad1549dbd9710aef224c49f59b190eb0ed6cee1ba2a4cc8908a386ca7
4a42f95eb9a43a7dfea47430017ff47db65467ed3fabe991ee4b0fb4dcf9ef80,MITDB_P121,121,880000000,3,20260927,MODEL_V2_TCN_MEAN,0,-3.9319214820861816,0.019228961318731308,5,V2-004-D1-TCNMEAN-F03-S20260927,f02c47aad1549dbd9710aef224c49f59b190eb0ed6cee1ba2a4cc8908a386ca7
4a5c02cc8d63c445c31f4d030192bff09e57b7e1274d4c9d5f2a2151a7ddda65,MITDB_P223,223,200000000,3,20260927,MODEL_V2_TCN_MEAN,0,-3.0296132564544678,0.04610583186149597,5,V2-004-D1-TCNMEAN-F03-S20260927,f02c47aad1549dbd9710aef224c49f59b190eb0ed6cee1ba2a4cc8908a386ca7
4a7e95f20cc7df9543153153cc95f4f657297f5164f3befbc97766519e1efbac,MITDB_P114,114,690000000,3,20260927,MODEL_V2_TCN_MEAN,0,1.9032500982284546,0.8702589869499207,5,V2-004-D1-TCNMEAN-F03-S20260927,f02c47aad1549dbd9710aef224c49f59b190eb0ed6cee1ba2a4cc8908a386ca7
4a7f718dfafac16f9c6f99fcdaec9190e477f677eb8635da6d78047c269278eb,MITDB_P223,223,745000000,3,20260927,MODEL_V2_TCN_MEAN,1,14.400026321411133,0.9999994039535522,5,V2-004-D1-TCNMEAN-F03-S20260927,f02c47aad1549dbd9710aef224c49f59b190eb0ed6cee1ba2a4cc8908a386ca7
4a8b465e2ae63354484399ff072a2bb0b104a81d2e4921388196230612d1aed1,MITDB_P223,223,930000000,3,20260927,MODEL_V2_TCN_MEAN,1,1.8845183849334717,0.8681292533874512,5,V2-004-D1-TCNMEAN-F03-S20260927,f02c47aad1549dbd9710aef224c49f59b190eb0ed6cee1ba2a4cc8908a386ca7
4a8bbbecb423463bae0539c77e984df4825474e0ed2974d166db1d5eb7b21945,MITDB_P208,208,140000000,3,20260927,MODEL_V2_TCN_MEAN,1,9.15141487121582,0.9998939037322998,5,V2-004-D1-TCNMEAN-F03-S20260927,f02c47aad1549dbd9710aef224c49f59b190eb0ed6cee1ba2a4cc8908a386ca7
4ab42ab8d7ecf73b4e03e95e102088d028935f3bef2b3ad2323192ae6d5cf420,MITDB_P121,121,465000000,3,20260927,MODEL_V2_TCN_MEAN,0,-5.385341167449951,0.00456236582249403,5,V2-004-D1-TCNMEAN-F03-S20260927,f02c47aad1549dbd9710aef224c49f59b190eb0ed6cee1ba2a4cc8908a386ca7
4abd7badaacd49c8dcebad95c837a4e4ace35c06731c5d7af2d2ebbef2c24aea,MITDB_P208,208,755000000,3,20260927,MODEL_V2_TCN_MEAN,1,15.442289352416992,0.9999997615814209,5,V2-004-D1-TCNMEAN-F03-S20260927,f02c47aad1549dbd9710aef224c49f59b190eb0ed6cee1ba2a4cc8908a386ca7
4ac0b10bcb107d66943003cad8db76c157791514c73fd5aa73a641f8004377f0,MITDB_P114,114,15000000,3,20260927,MODEL_V2_TCN_MEAN,0,0.05903942883014679,0.5147555470466614,5,V2-004-D1-TCNMEAN-F03-S20260927,f02c47aad1549dbd9710aef224c49f59b190eb0ed6cee1ba2a4cc8908a386ca7
4ac90f8e7e005c966a15b7c43d11fa4901c65d1d9de20caf8a2f29ecf150392a,MITDB_P223,223,1395000000,3,20260927,MODEL_V2_TCN_MEAN,1,16.678180694580078,1.0,5,V2-004-D1-TCNMEAN-F03-S20260927,f02c47aad1549dbd9710aef224c49f59b190eb0ed6cee1ba2a4cc8908a386ca7
4aec99795ddf4ad80f9d102a25cfa286e99e4e5032e815ec527619815ee3a832,MITDB_P223,223,1670000000,3,20260927,MODEL_V2_TCN_MEAN,1,14.935212135314941,0.9999996423721313,5,V2-004-D1-TCNMEAN-F03-S20260927,f02c47aad1549dbd9710aef224c49f59b190eb0ed6cee1ba2a4cc8908a386ca7
4b05d7b67b9e91c243a3cff4c05727e6a056e3211ab42e3e30c45c14c1aeed3d,MITDB_P208,208,660000000,3,20260927,MODEL_V2_TCN_MEAN,1,11.494423866271973,0.9999898672103882,5,V2-004-D1-TCNMEAN-F03-S20260927,f02c47aad1549dbd9710aef224c49f59b190eb0ed6cee1ba2a4cc8908a386ca7
4b351f5e100ca8d30adc8e0e935e2c454f1927db1a192b4a38f73b7cf5e62a55,MITDB_P103,103,740000000,3,20260927,MODEL_V2_TCN_MEAN,0,-2.9085497856140137,0.05173253268003464,5,V2-004-D1-TCNMEAN-F03-S20260927,f02c47aad1549dbd9710aef224c49f59b190eb0ed6cee1ba2a4cc8908a386ca7
4bac41db29356793a543a0d739e7300fd3f2f218a603aa296fb2280fc732bde0,MITDB_P208,208,1760000000,3,20260927,MODEL_V2_TCN_MEAN,1,11.70640754699707,0.999991774559021,5,V2-004-D1-TCNMEAN-F03-S20260927,f02c47aad1549dbd9710aef224c49f59b190eb0ed6cee1ba2a4cc8908a386ca7
4bbb0d4d3792677c2dc92fd0eb85ac9f043f9b824f1268a041ff64d279ee5405,MITDB_P103,103,1310000000,3,20260927,MODEL_V2_TCN_MEAN,0,-1.8239575624465942,0.13895967602729797,5,V2-004-D1-TCNMEAN-F03-S20260927,f02c47aad1549dbd9710aef224c49f59b190eb0ed6cee1ba2a4cc8908a386ca7
4bf29c939486332c59aa5e715daff5d4a172a5a4a5983bd7983f490f33b2df3a,MITDB_P121,121,1335000000,3,20260927,MODEL_V2_TCN_MEAN,0,-3.5250444412231445,0.02860797755420208,5,V2-004-D1-TCNMEAN-F03-S20260927,f02c47aad1549dbd9710aef224c49f59b190eb0ed6cee1ba2a4cc8908a386ca7
4c0bc144d8477ed5ba078a51b7fe918e3bfa64ca2b51490ff337932a872153c6,MITDB_P103,103,625000000,3,20260927,MODEL_V2_TCN_MEAN,0,-3.0263473987579346,0.04624968022108078,5,V2-004-D1-TCNMEAN-F03-S20260927,f02c47aad1549dbd9710aef224c49f59b190eb0ed6cee1ba2a4cc8908a386ca7
4c17d32668057e65f2a836a2324cf9214bf05e8668d4e0bda5d9bf36e5aa4c8f,MITDB_P103,103,605000000,3,20260927,MODEL_V2_TCN_MEAN,0,-3.3086636066436768,0.0352751687169075,5,V2-004-D1-TCNMEAN-F03-S20260927,f02c47aad1549dbd9710aef224c49f59b190eb0ed6cee1ba2a4cc8908a386ca7
4c1ef7ee47e7b2a23057a3a76a5814b454b716014559320012c974cc6751d702,MITDB_P208,208,1665000000,3,20260927,MODEL_V2_TCN_MEAN,1,4.5748796463012695,0.9897975921630859,5,V2-004-D1-TCNMEAN-F03-S20260927,f02c47aad1549dbd9710aef224c49f59b190eb0ed6cee1ba2a4cc8908a386ca7
4c60449fd37d3bc6279259986a41613b155b2d3efbbb2f9aec8e7c78a0b09a2c,MITDB_P114,114,1375000000,3,20260927,MODEL_V2_TCN_MEAN,0,1.3891379833221436,0.8004546165466309,5,V2-004-D1-TCNMEAN-F03-S20260927,f02c47aad1549dbd9710aef224c49f59b190eb0ed6cee1ba2a4cc8908a386ca7
4cca2c132b1edb7dce23e7a190a4a25939bb9190ddf7c0ba0db4812cb3a9bf2f,MITDB_P208,208,1595000000,3,20260927,MODEL_V2_TCN_MEAN,1,5.851352214813232,0.9971321821212769,5,V2-004-D1-TCNMEAN-F03-S20260927,f02c47aad1549dbd9710aef224c49f59b190eb0ed6cee1ba2a4cc8908a386ca7
4cce057fab35251d8f81d88c5405d05efaad68bedb3eff013fac45d6dbe28d25,MITDB_P223,223,720000000,3,20260927,MODEL_V2_TCN_MEAN,0,-2.6352555751800537,0.06690361350774765,5,V2-004-D1-TCNMEAN-F03-S20260927,f02c47aad1549dbd9710aef224c49f59b190eb0ed6cee1ba2a4cc8908a386ca7
4cf974ab62278d4614cdc070ebf96aeae633ceeeb014a84aa167361ed72a060f,MITDB_P103,103,45000000,3,20260927,MODEL_V2_TCN_MEAN,0,-3.6066832542419434,0.026424512267112732,5,V2-004-D1-TCNMEAN-F03-S20260927,f02c47aad1549dbd9710aef224c49f59b190eb0ed6cee1ba2a4cc8908a386ca7
4cffaf2ae1eae9d3fff08e0b8c2bfd654962cd14bf14cc7063a56b98123bc797,MITDB_P103,103,1260000000,3,20260927,MODEL_V2_TCN_MEAN,0,-2.730121612548828,0.06121917441487312,5,V2-004-D1-TCNMEAN-F03-S20260927,f02c47aad1549dbd9710aef224c49f59b190eb0ed6cee1ba2a4cc8908a386ca7
4d08e20346b08dcee224627f28c2cfa1343f604ab0057e1af335a35373e82c03,MITDB_P103,103,1170000000,3,20260927,MODEL_V2_TCN_MEAN,1,-1.7219734191894531,0.1516171395778656,5,V2-004-D1-TCNMEAN-F03-S20260927,f02c47aad1549dbd9710aef224c49f59b190eb0ed6cee1ba2a4cc8908a386ca7
4d2051d60f2af860d201fa14bd7a0342a67b3a8522cf53d013ec9192fceb6c2a,MITDB_P121,121,1720000000,3,20260927,MODEL_V2_TCN_MEAN,0,-3.0999021530151367,0.04311129078269005,5,V2-004-D1-TCNMEAN-F03-S20260927,f02c47aad1549dbd9710aef224c49f59b190eb0ed6cee1ba2a4cc8908a386ca7
4da4e34ebff420c8c1010b7c34297e3fdf0e37fdaf397c8599f9f452b28f9d0b,MITDB_P103,103,270000000,3,20260927,MODEL_V2_TCN_MEAN,0,-1.8592255115509033,0.13479335606098175,5,V2-004-D1-TCNMEAN-F03-S20260927,f02c47aad1549dbd9710aef224c49f59b190eb0ed6cee1ba2a4cc8908a386ca7
4da5bd1ceb0f18c5609788102c79081185bb86a9a3d08577e9e81953576a75a7,MITDB_P103,103,365000000,3,20260927,MODEL_V2_TCN_MEAN,0,-3.2170028686523438,0.0385308638215065,5,V2-004-D1-TCNMEAN-F03-S20260927,f02c47aad1549dbd9710aef224c49f59b190eb0ed6cee1ba2a4cc8908a386ca7
4dcf1bd73e8b9e81232be172c040bd3b94c1a4f12e6905931ad79005feaae9fa,MITDB_P223,223,1160000000,3,20260927,MODEL_V2_TCN_MEAN,1,10.398916244506836,0.999969482421875,5,V2-004-D1-TCNMEAN-F03-S20260927,f02c47aad1549dbd9710aef224c49f59b190eb0ed6cee1ba2a4cc8908a386ca7
4de737345b6cc1ef54ae6864bcb3c725c96f1cc908e50b3fcccf18997b227da0,MITDB_P103,103,140000000,3,20260927,MODEL_V2_TCN_MEAN,0,-2.4134647846221924,0.08215168863534927,5,V2-004-D1-TCNMEAN-F03-S20260927,f02c47aad1549dbd9710aef224c49f59b190eb0ed6cee1ba2a4cc8908a386ca7
4df15b86a3cc5e89dcbe68665df4e52fb287c3d2d7ddc6e0485222fe27278c70,MITDB_P121,121,15000000,3,20260927,MODEL_V2_TCN_MEAN,0,-3.15010666847229,0.0410870760679245,5,V2-004-D1-TCNMEAN-F03-S20260927,f02c47aad1549dbd9710aef224c49f59b190eb0ed6cee1ba2a4cc8908a386ca7
4df5349eef8a2da9b1851007d6f0914f962e13b02f36cbb8d482235c6c85baa3,MITDB_P114,114,1155000000,3,20260927,MODEL_V2_TCN_MEAN,0,2.501404285430908,0.9242401719093323,5,V2-004-D1-TCNMEAN-F03-S20260927,f02c47aad1549dbd9710aef224c49f59b190eb0ed6cee1ba2a4cc8908a386ca7
4e44a94aed72a0c30d0ebd747fad3cc031ed85958665069c170fe6abd6b024a4,MITDB_P103,103,285000000,3,20260927,MODEL_V2_TCN_MEAN,0,-3.170011520385742,0.04030996933579445,5,V2-004-D1-TCNMEAN-F03-S20260927,f02c47aad1549dbd9710aef224c49f59b190eb0ed6cee1ba2a4cc8908a386ca7
4e4846543787d8b5a9de64bcfe80d1ec211e3ab550aaf51ed175b128294f49f7,MITDB_P223,223,375000000,3,20260927,MODEL_V2_TCN_MEAN,1,4.886476993560791,0.992508590221405,5,V2-004-D1-TCNMEAN-F03-S20260927,f02c47aad1549dbd9710aef224c49f59b190eb0ed6cee1ba2a4cc8908a386ca7
4e6bd3873383dbfc25b7edc4b765719bdf0aab81d6c1365ab31eaef80f865c4f,MITDB_P114,114,415000000,3,20260927,MODEL_V2_TCN_MEAN,1,12.072999954223633,0.9999942779541016,5,V2-004-D1-TCNMEAN-F03-S20260927,f02c47aad1549dbd9710aef224c49f59b190eb0ed6cee1ba2a4cc8908a386ca7
4e8cb0be2a3995f604b52f07fa02c4e1e0706316ebcc0c35ecca5422ad98c3c7,MITDB_P208,208,1645000000,3,20260927,MODEL_V2_TCN_MEAN,1,10.336837768554688,0.9999675750732422,5,V2-004-D1-TCNMEAN-F03-S20260927,f02c47aad1549dbd9710aef224c49f59b190eb0ed6cee1ba2a4cc8908a386ca7
4ea08e5ac1c70cf5e8c345cc9474d4b84caa5b488fcdc1039a0bff28f689760e,MITDB_P223,223,730000000,3,20260927,MODEL_V2_TCN_MEAN,1,6.260594844818115,0.9980935454368591,5,V2-004-D1-TCNMEAN-F03-S20260927,f02c47aad1549dbd9710aef224c49f59b190eb0ed6cee1ba2a4cc8908a386ca7
4ec00df1320d862c8b3c16ffa99741c8fb0e28dae1adb7e62cca9bd1e6db4aaf,MITDB_P223,223,1510000000,3,20260927,MODEL_V2_TCN_MEAN,1,2.937490701675415,0.9496689438819885,5,V2-004-D1-TCNMEAN-F03-S20260927,f02c47aad1549dbd9710aef224c49f59b190eb0ed6cee1ba2a4cc8908a386ca7
4ec8f260a6411d4d6ccc6951c47bedb8a6aec962970fe7688a37f42d05daf571,MITDB_P121,121,1005000000,3,20260927,MODEL_V2_TCN_MEAN,0,-3.0950379371643066,0.043312400579452515,5,V2-004-D1-TCNMEAN-F03-S20260927,f02c47aad1549dbd9710aef224c49f59b190eb0ed6cee1ba2a4cc8908a386ca7
4ecedf1f207de49a7cda9b68f8ba16e5f78d4def8a9d60506e2075f5e1064863,MITDB_P121,121,1210000000,3,20260927,MODEL_V2_TCN_MEAN,0,-2.2875168323516846,0.0921621024608612,5,V2-004-D1-TCNMEAN-F03-S20260927,f02c47aad1549dbd9710aef224c49f59b190eb0ed6cee1ba2a4cc8908a386ca7
4ee880bc1b921b4cafade92f1ba38d3318620f97ee53eada9057dd5b6f4fe8db,MITDB_P121,121,895000000,3,20260927,MODEL_V2_TCN_MEAN,0,-3.643198251724243,0.02550118789076805,5,V2-004-D1-TCNMEAN-F03-S20260927,f02c47aad1549dbd9710aef224c49f59b190eb0ed6cee1ba2a4cc8908a386ca7
4ef6e9762c56d3e6d1dafa0f8c266da6def5a122d26c78f2487d468df27672e0,MITDB_P208,208,1090000000,3,20260927,MODEL_V2_TCN_MEAN,1,10.155876159667969,0.9999611377716064,5,V2-004-D1-TCNMEAN-F03-S20260927,f02c47aad1549dbd9710aef224c49f59b190eb0ed6cee1ba2a4cc8908a386ca7
4f106aebb810c71b98c78301b7dd36a781cdcf873ea442a0131645fb094b9d62,MITDB_P121,121,560000000,3,20260927,MODEL_V2_TCN_MEAN,0,-4.271522521972656,0.013768298551440239,5,V2-004-D1-TCNMEAN-F03-S20260927,f02c47aad1549dbd9710aef224c49f59b190eb0ed6cee1ba2a4cc8908a386ca7
4f4c6621966d4265e2e78112967e3e448dbd296304b170ca4c2af7eadd7fd20f,MITDB_P223,223,640000000,3,20260927,MODEL_V2_TCN_MEAN,1,5.035282611846924,0.9935376048088074,5,V2-004-D1-TCNMEAN-F03-S20260927,f02c47aad1549dbd9710aef224c49f59b190eb0ed6cee1ba2a4cc8908a386ca7
4fc8d01eca5d6ca75f2e504b151837fcc402370ed75354e8e4a9e8cd9509ccb5,MITDB_P114,114,50000000,3,20260927,MODEL_V2_TCN_MEAN,0,-0.15843985974788666,0.4604727029800415,5,V2-004-D1-TCNMEAN-F03-S20260927,f02c47aad1549dbd9710aef224c49f59b190eb0ed6cee1ba2a4cc8908a386ca7
5057b2582ba5e319840551600f324db052ce2ebb672fc1631d4ad84565b169fe,MITDB_P114,114,765000000,3,20260927,MODEL_V2_TCN_MEAN,0,2.1067733764648438,0.8915597200393677,5,V2-004-D1-TCNMEAN-F03-S20260927,f02c47aad1549dbd9710aef224c49f59b190eb0ed6cee1ba2a4cc8908a386ca7
506234eb763f84099672ddfa44b1b01bc32a72487907b8cd9aaf104b2b87018e,MITDB_P223,223,445000000,3,20260927,MODEL_V2_TCN_MEAN,1,-1.6406362056732178,0.16237851977348328,5,V2-004-D1-TCNMEAN-F03-S20260927,f02c47aad1549dbd9710aef224c49f59b190eb0ed6cee1ba2a4cc8908a386ca7
50769f207a8dc6f273dea2cd9db214c9fc733788c929018a0d2f7fd603a60d87,MITDB_P208,208,1040000000,3,20260927,MODEL_V2_TCN_MEAN,1,5.693684101104736,0.996644139289856,5,V2-004-D1-TCNMEAN-F03-S20260927,f02c47aad1549dbd9710aef224c49f59b190eb0ed6cee1ba2a4cc8908a386ca7
508fa393964f44de07f7650a80de6c55e0a901d95bb9d4efb0dc0c25d4b604eb,MITDB_P121,121,1215000000,3,20260927,MODEL_V2_TCN_MEAN,0,-2.4785215854644775,0.07737768441438675,5,V2-004-D1-TCNMEAN-F03-S20260927,f02c47aad1549dbd9710aef224c49f59b190eb0ed6cee1ba2a4cc8908a386ca7
50a40bc3103db28b7b3f7b1dba246eeabe73e886e0892888d35a67fda935ee2a,MITDB_P223,223,1575000000,3,20260927,MODEL_V2_TCN_MEAN,1,9.465885162353516,0.999922513961792,5,V2-004-D1-TCNMEAN-F03-S20260927,f02c47aad1549dbd9710aef224c49f59b190eb0ed6cee1ba2a4cc8908a386ca7
50b2640fb545d36fe019f261daa3caedb836d97c38f8b13ba6d352020c518397,MITDB_P121,121,885000000,3,20260927,MODEL_V2_TCN_MEAN,0,-3.5553951263427734,0.027776505798101425,5,V2-004-D1-TCNMEAN-F03-S20260927,f02c47aad1549dbd9710aef224c49f59b190eb0ed6cee1ba2a4cc8908a386ca7
50bbf4908b847caf16679f89a7a461f05c6811c302f764764bc6027089469495,MITDB_P208,208,65000000,3,20260927,MODEL_V2_TCN_MEAN,1,11.704022407531738,0.999991774559021,5,V2-004-D1-TCNMEAN-F03-S20260927,f02c47aad1549dbd9710aef224c49f59b190eb0ed6cee1ba2a4cc8908a386ca7
511bbc957515a30b003f93b93dd985e3db62454a69663747ae663ee886038421,MITDB_P103,103,1475000000,3,20260927,MODEL_V2_TCN_MEAN,0,-0.8712806701660156,0.29498788714408875,5,V2-004-D1-TCNMEAN-F03-S20260927,f02c47aad1549dbd9710aef224c49f59b190eb0ed6cee1ba2a4cc8908a386ca7
515e99b65d724cdb30f88cd0011b4d8193cdf2e734b7763352e8d16cf0407f9b,MITDB_P208,208,1425000000,3,20260927,MODEL_V2_TCN_MEAN,1,10.766399383544922,0.9999788999557495,5,V2-004-D1-TCNMEAN-F03-S20260927,f02c47aad1549dbd9710aef224c49f59b190eb0ed6cee1ba2a4cc8908a386ca7
51c6334e0792d457ec8fdfba547798e48a8fcb99da4250926d36cf4c05dd1405,MITDB_P223,223,1640000000,3,20260927,MODEL_V2_TCN_MEAN,1,5.1332621574401855,0.9941372871398926,5,V2-004-D1-TCNMEAN-F03-S20260927,f02c47aad1549dbd9710aef224c49f59b190eb0ed6cee1ba2a4cc8908a386ca7
51c93f7e5719732fbfce9e41c0901510468bbf0b1e7778c809b1a2aedf469431,MITDB_P208,208,670000000,3,20260927,MODEL_V2_TCN_MEAN,1,13.493293762207031,0.9999985694885254,5,V2-004-D1-TCNMEAN-F03-S20260927,f02c47aad1549dbd9710aef224c49f59b190eb0ed6cee1ba2a4cc8908a386ca7
51de91674e0437eb9c764e57adc0b3478992d9c7c5b2f4a8dc7d8a9a52d239c9,MITDB_P103,103,35000000,3,20260927,MODEL_V2_TCN_MEAN,0,-2.921633005142212,0.05109446868300438,5,V2-004-D1-TCNMEAN-F03-S20260927,f02c47aad1549dbd9710aef224c49f59b190eb0ed6cee1ba2a4cc8908a386ca7
51e1ff37f0fc0fc61a27be0edf496a89dd3da847d87912910b5c83c5fe1fb343,MITDB_P114,114,555000000,3,20260927,MODEL_V2_TCN_MEAN,0,2.4316437244415283,0.9192086458206177,5,V2-004-D1-TCNMEAN-F03-S20260927,f02c47aad1549dbd9710aef224c49f59b190eb0ed6cee1ba2a4cc8908a386ca7
522439653fc81348b9beee3db7979dbb205c6ec1786f6ac644c933d28ca036a7,MITDB_P114,114,1470000000,3,20260927,MODEL_V2_TCN_MEAN,0,2.054112434387207,0.8863624930381775,5,V2-004-D1-TCNMEAN-F03-S20260927,f02c47aad1549dbd9710aef224c49f59b190eb0ed6cee1ba2a4cc8908a386ca7
52254b77e3e65a32cee0320f5248aa8bb8192c43bb6698f5e63ac7e3a9ab609f,MITDB_P103,103,330000000,3,20260927,MODEL_V2_TCN_MEAN,0,-2.9446167945861816,0.04999155551195145,5,V2-004-D1-TCNMEAN-F03-S20260927,f02c47aad1549dbd9710aef224c49f59b190eb0ed6cee1ba2a4cc8908a386ca7
52470d470332898d755c64cd063ccfc76bb114a80a9164b561cd38cfbe30f645,MITDB_P103,103,1440000000,3,20260927,MODEL_V2_TCN_MEAN,0,-1.2988694906234741,0.21435534954071045,5,V2-004-D1-TCNMEAN-F03-S20260927,f02c47aad1549dbd9710aef224c49f59b190eb0ed6cee1ba2a4cc8908a386ca7
533b68bbe38d208cbf3ff6a9ddd4af3f15746a715480097e024da2b3639101be,MITDB_P121,121,1435000000,3,20260927,MODEL_V2_TCN_MEAN,0,-4.688169002532959,0.009119589813053608,5,V2-004-D1-TCNMEAN-F03-S20260927,f02c47aad1549dbd9710aef224c49f59b190eb0ed6cee1ba2a4cc8908a386ca7
535e86894b8a99a55c5b3b554d68a8a065175f3469d39cec1ff247b7ffe83825,MITDB_P103,103,265000000,3,20260927,MODEL_V2_TCN_MEAN,0,-2.60485577583313,0.06882656365633011,5,V2-004-D1-TCNMEAN-F03-S20260927,f02c47aad1549dbd9710aef224c49f59b190eb0ed6cee1ba2a4cc8908a386ca7
536fc981bce4e1a8a15c4b99e23dcf808ee238ec584ea68d0863f76cb0668773,MITDB_P121,121,1065000000,3,20260927,MODEL_V2_TCN_MEAN,0,-4.705236911773682,0.008966642431914806,5,V2-004-D1-TCNMEAN-F03-S20260927,f02c47aad1549dbd9710aef224c49f59b190eb0ed6cee1ba2a4cc8908a386ca7
537032830cc238f9934c9d18380445b9ca890be9ee851e108ca48e6826b107a2,MITDB_P223,223,735000000,3,20260927,MODEL_V2_TCN_MEAN,1,14.58122444152832,0.9999995231628418,5,V2-004-D1-TCNMEAN-F03-S20260927,f02c47aad1549dbd9710aef224c49f59b190eb0ed6cee1ba2a4cc8908a386ca7
539eb63df55c04c16be4fb07d806df173a99dbe191d47845e93eea5fe13dbe84,MITDB_P121,121,1545000000,3,20260927,MODEL_V2_TCN_MEAN,0,-4.6568121910095215,0.009407348930835724,5,V2-004-D1-TCNMEAN-F03-S20260927,f02c47aad1549dbd9710aef224c49f59b190eb0ed6cee1ba2a4cc8908a386ca7
53bcdb3ad282c0cb1f34100b799fc1ecbc70725e2f53e724b139e14adf6858d0,MITDB_P223,223,1520000000,3,20260927,MODEL_V2_TCN_MEAN,1,8.217350006103516,0.9997301697731018,5,V2-004-D1-TCNMEAN-F03-S20260927,f02c47aad1549dbd9710aef224c49f59b190eb0ed6cee1ba2a4cc8908a386ca7
53d62797140b656cfaf763b998c415a5670979de6e197317707792c7baf6276b,MITDB_P223,223,1165000000,3,20260927,MODEL_V2_TCN_MEAN,0,-2.5917351245880127,0.06967223435640335,5,V2-004-D1-TCNMEAN-F03-S20260927,f02c47aad1549dbd9710aef224c49f59b190eb0ed6cee1ba2a4cc8908a386ca7
53e4f4bfe9e7e71f43518e7be5595ea7fa8bf5b785eed69065344f9194a1a220,MITDB_P103,103,260000000,3,20260927,MODEL_V2_TCN_MEAN,0,-3.262315034866333,0.036886874586343765,5,V2-004-D1-TCNMEAN-F03-S20260927,f02c47aad1549dbd9710aef224c49f59b190eb0ed6cee1ba2a4cc8908a386ca7
542af4f30d40157328e40899f45322e7bb8f3a6ecdeec272440db2584c14e437,MITDB_P103,103,1720000000,3,20260927,MODEL_V2_TCN_MEAN,0,-1.7467392683029175,0.14845894277095795,5,V2-004-D1-TCNMEAN-F03-S20260927,f02c47aad1549dbd9710aef224c49f59b190eb0ed6cee1ba2a4cc8908a386ca7
543093311a4fdb44a35bca133e587ab56744735a676438c42345620c6eaf5033,MITDB_P208,208,1000000000,3,20260927,MODEL_V2_TCN_MEAN,1,13.390950202941895,0.9999984502792358,5,V2-004-D1-TCNMEAN-F03-S20260927,f02c47aad1549dbd9710aef224c49f59b190eb0ed6cee1ba2a4cc8908a386ca7
546541f70d86ea05af8c545397d0bf75b4d65f439125565eb74aaec442db2865,MITDB_P223,223,1070000000,3,20260927,MODEL_V2_TCN_MEAN,1,6.537974834442139,0.9985546469688416,5,V2-004-D1-TCNMEAN-F03-S20260927,f02c47aad1549dbd9710aef224c49f59b190eb0ed6cee1ba2a4cc8908a386ca7
54865f3fd2bff89592590c1e33ff3219ccf3f43af2d49532d5c6ee6c5b173f4c,MITDB_P121,121,1795000000,3,20260927,MODEL_V2_TCN_MEAN,0,-6.209483623504639,0.002006242284551263,5,V2-004-D1-TCNMEAN-F03-S20260927,f02c47aad1549dbd9710aef224c49f59b190eb0ed6cee1ba2a4cc8908a386ca7
54fa286e18c5be2f2e001f7ebbe38ea239c08e4adc7528f7069bf7ecad71f62a,MITDB_P103,103,1315000000,3,20260927,MODEL_V2_TCN_MEAN,0,-2.2054948806762695,0.09925813227891922,5,V2-004-D1-TCNMEAN-F03-S20260927,f02c47aad1549dbd9710aef224c49f59b190eb0ed6cee1ba2a4cc8908a386ca7
5503ad3dec315f7ad3a3507d59091eb70da8672ee319d5e5c58bc98bdf4c2132,MITDB_P121,121,1135000000,3,20260927,MODEL_V2_TCN_MEAN,0,-4.336691379547119,0.012910861521959305,5,V2-004-D1-TCNMEAN-F03-S20260927,f02c47aad1549dbd9710aef224c49f59b190eb0ed6cee1ba2a4cc8908a386ca7
551c344082794afbfbfeb86ee502b2733f01bc2145e0bad9bc70653d2f838d21,MITDB_P114,114,875000000,3,20260927,MODEL_V2_TCN_MEAN,0,2.46073579788208,0.9213430285453796,5,V2-004-D1-TCNMEAN-F03-S20260927,f02c47aad1549dbd9710aef224c49f59b190eb0ed6cee1ba2a4cc8908a386ca7
5530f21e6875dd59bada91230e05e13a771a8245cca6d123702109fcac781b79,MITDB_P121,121,1460000000,3,20260927,MODEL_V2_TCN_MEAN,0,-4.005922794342041,0.01788189634680748,5,V2-004-D1-TCNMEAN-F03-S20260927,f02c47aad1549dbd9710aef224c49f59b190eb0ed6cee1ba2a4cc8908a386ca7
55449c7006ad119a5bacb43d25f0887a0010188bd89c0bd769606264751bf1a6,MITDB_P121,121,130000000,3,20260927,MODEL_V2_TCN_MEAN,0,-3.396793842315674,0.03239581361413002,5,V2-004-D1-TCNMEAN-F03-S20260927,f02c47aad1549dbd9710aef224c49f59b190eb0ed6cee1ba2a4cc8908a386ca7
554671b827bee26aae0875318be9a9eaed9acfac1032338179de377b21da106b,MITDB_P208,208,505000000,3,20260927,MODEL_V2_TCN_MEAN,1,13.8629150390625,0.9999990463256836,5,V2-004-D1-TCNMEAN-F03-S20260927,f02c47aad1549dbd9710aef224c49f59b190eb0ed6cee1ba2a4cc8908a386ca7
55524137a7205d7cfe9e36e5e21fbfea410107d9fd5a00668a49c881ff33c5b9,MITDB_P121,121,940000000,3,20260927,MODEL_V2_TCN_MEAN,0,-3.843637228012085,0.020966555923223495,5,V2-004-D1-TCNMEAN-F03-S20260927,f02c47aad1549dbd9710aef224c49f59b190eb0ed6cee1ba2a4cc8908a386ca7
55580fedd0eddf0ad1b8db5b7336a5d32437e9050fd3715b3f1e56f08d1715c6,MITDB_P121,121,1140000000,3,20260927,MODEL_V2_TCN_MEAN,0,-4.5828752517700195,0.010121951811015606,5,V2-004-D1-TCNMEAN-F03-S20260927,f02c47aad1549dbd9710aef224c49f59b190eb0ed6cee1ba2a4cc8908a386ca7
5569c07c8e018fb92e4fdf7ac78e4595057164d388171af1415550f9c4194dd9,MITDB_P208,208,150000000,3,20260927,MODEL_V2_TCN_MEAN,1,14.613301277160645,0.9999995231628418,5,V2-004-D1-TCNMEAN-F03-S20260927,f02c47aad1549dbd9710aef224c49f59b190eb0ed6cee1ba2a4cc8908a386ca7
559e39c0c5addcfb3abfc184e3b17b6a9234fc1caa3ef0e7a766b388ae9a9304,MITDB_P114,114,520000000,3,20260927,MODEL_V2_TCN_MEAN,1,14.31166934967041,0.9999994039535522,5,V2-004-D1-TCNMEAN-F03-S20260927,f02c47aad1549dbd9710aef224c49f59b190eb0ed6cee1ba2a4cc8908a386ca7
562f8ed9fca02858e7f92aa48f61dc147958891f6804a413f04f8a4e06c3ba3e,MITDB_P103,103,1545000000,3,20260927,MODEL_V2_TCN_MEAN,0,-2.4606637954711914,0.0786622166633606,5,V2-004-D1-TCNMEAN-F03-S20260927,f02c47aad1549dbd9710aef224c49f59b190eb0ed6cee1ba2a4cc8908a386ca7
563935352103d453d28c28a49841086760f111d4dce91cfe1f93607b42b40ff3,MITDB_P223,223,70000000,3,20260927,MODEL_V2_TCN_MEAN,1,6.610541820526123,0.9986556768417358,5,V2-004-D1-TCNMEAN-F03-S20260927,f02c47aad1549dbd9710aef224c49f59b190eb0ed6cee1ba2a4cc8908a386ca7
56490f15d1a079578c208f6587c75e41abc2317273be9f2726cc196f1d535697,MITDB_P223,223,760000000,3,20260927,MODEL_V2_TCN_MEAN,1,14.131447792053223,0.9999992847442627,5,V2-004-D1-TCNMEAN-F03-S20260927,f02c47aad1549dbd9710aef224c49f59b190eb0ed6cee1ba2a4cc8908a386ca7
5666b41585f85c4bce743b93c35026ffc695b0abb76751893696bcc040b4b03d,MITDB_P121,121,1185000000,3,20260927,MODEL_V2_TCN_MEAN,0,-3.5971977710723877,0.026669638231396675,5,V2-004-D1-TCNMEAN-F03-S20260927,f02c47aad1549dbd9710aef224c49f59b190eb0ed6cee1ba2a4cc8908a386ca7
567e12fd9588d788f6710ba985b333be499b6836475ff21a70dbe5f7bc87085b,MITDB_P208,208,935000000,3,20260927,MODEL_V2_TCN_MEAN,1,11.869918823242188,0.9999929666519165,5,V2-004-D1-TCNMEAN-F03-S20260927,f02c47aad1549dbd9710aef224c49f59b190eb0ed6cee1ba2a4cc8908a386ca7
56a2779953635692ab4f2f7a68d6b834fa8154f59d1e3d4dd7a6a6d578082b61,MITDB_P223,223,530000000,3,20260927,MODEL_V2_TCN_MEAN,0,-2.5338380336761475,0.07351978868246078,5,V2-004-D1-TCNMEAN-F03-S20260927,f02c47aad1549dbd9710aef224c49f59b190eb0ed6cee1ba2a4cc8908a386ca7
5743b4567fa18be55a32b37b4953e58efe592539e96076530a943159841c6eb0,MITDB_P208,208,850000000,3,20260927,MODEL_V2_TCN_MEAN,1,15.578694343566895,0.9999998807907104,5,V2-004-D1-TCNMEAN-F03-S20260927,f02c47aad1549dbd9710aef224c49f59b190eb0ed6cee1ba2a4cc8908a386ca7
57734d438aa43b12d30a910232dfd90a9bb8eb75734aec8c264634dccc5c068a,MITDB_P103,103,1305000000,3,20260927,MODEL_V2_TCN_MEAN,0,-2.0808610916137695,0.11097098141908646,5,V2-004-D1-TCNMEAN-F03-S20260927,f02c47aad1549dbd9710aef224c49f59b190eb0ed6cee1ba2a4cc8908a386ca7
578fb74152432db64e80511489efb2e581f534861af1d38e489954266bcdd5ee,MITDB_P208,208,365000000,3,20260927,MODEL_V2_TCN_MEAN,1,13.616500854492188,0.9999988079071045,5,V2-004-D1-TCNMEAN-F03-S20260927,f02c47aad1549dbd9710aef224c49f59b190eb0ed6cee1ba2a4cc8908a386ca7
57c6b4f167f5e7ea1019faab19d99fde8535ee27580cd76695898efabcf5ae07,MITDB_P103,103,1500000000,3,20260927,MODEL_V2_TCN_MEAN,0,-1.571163296699524,0.1720506250858307,5,V2-004-D1-TCNMEAN-F03-S20260927,f02c47aad1549dbd9710aef224c49f59b190eb0ed6cee1ba2a4cc8908a386ca7
57d53f9c3c7ff3a9c3ebec9b438ea0b7534a16c8045b03f32ccff555f87efd38,MITDB_P114,114,1185000000,3,20260927,MODEL_V2_TCN_MEAN,0,3.5322561264038086,0.9715918302536011,5,V2-004-D1-TCNMEAN-F03-S20260927,f02c47aad1549dbd9710aef224c49f59b190eb0ed6cee1ba2a4cc8908a386ca7
57e0806fc1ef73be3bf301d15ba9f8f48369733cff7b4b02c5a95309457faff9,MITDB_P114,114,1495000000,3,20260927,MODEL_V2_TCN_MEAN,0,2.243105173110962,0.9040541052818298,5,V2-004-D1-TCNMEAN-F03-S20260927,f02c47aad1549dbd9710aef224c49f59b190eb0ed6cee1ba2a4cc8908a386ca7
57ee358eed3636d0b10eb227d5a975aa9f721d2de6ac244b6d3eb2361fe31fa3,MITDB_P103,103,870000000,3,20260927,MODEL_V2_TCN_MEAN,0,-2.737213373184204,0.06081286445260048,5,V2-004-D1-TCNMEAN-F03-S20260927,f02c47aad1549dbd9710aef224c49f59b190eb0ed6cee1ba2a4cc8908a386ca7
5802a8d03945a63c706080c43402999bb676b08fcff5fd5a91381dd64c7e4453,MITDB_P208,208,760000000,3,20260927,MODEL_V2_TCN_MEAN,1,16.705839157104492,1.0,5,V2-004-D1-TCNMEAN-F03-S20260927,f02c47aad1549dbd9710aef224c49f59b190eb0ed6cee1ba2a4cc8908a386ca7
5816133f753ea55b30b23d4509e3374b7a24036d875c0e208c661d5bab50edaa,MITDB_P208,208,825000000,3,20260927,MODEL_V2_TCN_MEAN,1,15.819398880004883,0.9999998807907104,5,V2-004-D1-TCNMEAN-F03-S20260927,f02c47aad1549dbd9710aef224c49f59b190eb0ed6cee1ba2a4cc8908a386ca7
5817eeecb0d89df41ab5333a66508c2724090a99bf55df69895ebc1b26eedb74,MITDB_P121,121,630000000,3,20260927,MODEL_V2_TCN_MEAN,0,-3.443669080734253,0.03095822036266327,5,V2-004-D1-TCNMEAN-F03-S20260927,f02c47aad1549dbd9710aef224c49f59b190eb0ed6cee1ba2a4cc8908a386ca7
581ac813201b370fd20f2e61cb4d3bdd6f4cb8c5ffc2537afc7a2c5ea397508d,MITDB_P208,208,1485000000,3,20260927,MODEL_V2_TCN_MEAN,1,8.975998878479004,0.9998736381530762,5,V2-004-D1-TCNMEAN-F03-S20260927,f02c47aad1549dbd9710aef224c49f59b190eb0ed6cee1ba2a4cc8908a386ca7
583907e4dfc81ce1559007aea5603cdaac55b6be3f8f51b5d94a80df85abefbb,MITDB_P114,114,1545000000,3,20260927,MODEL_V2_TCN_MEAN,0,2.4216229915618896,0.9184613823890686,5,V2-004-D1-TCNMEAN-F03-S20260927,f02c47aad1549dbd9710aef224c49f59b190eb0ed6cee1ba2a4cc8908a386ca7
5861e8a7f4d8f4adeb91f2f86d04d0b59e601e90cd81cc68d0cef83d2e4b35e7,MITDB_P103,103,800000000,3,20260927,MODEL_V2_TCN_MEAN,0,-2.19289493560791,0.10039033740758896,5,V2-004-D1-TCNMEAN-F03-S20260927,f02c47aad1549dbd9710aef224c49f59b190eb0ed6cee1ba2a4cc8908a386ca7
589e92a76ca3772a463c80c5c7c9281c058f64f94eb14fa5d3edd7fcf8bb3791,MITDB_P208,208,820000000,3,20260927,MODEL_V2_TCN_MEAN,1,14.495783805847168,0.9999995231628418,5,V2-004-D1-TCNMEAN-F03-S20260927,f02c47aad1549dbd9710aef224c49f59b190eb0ed6cee1ba2a4cc8908a386ca7
58affc2d32b0a02843289bba4999c03942357baf9f097a7c145b39b251ed48fd,MITDB_P121,121,1325000000,3,20260927,MODEL_V2_TCN_MEAN,0,-4.4789652824401855,0.011217877268791199,5,V2-004-D1-TCNMEAN-F03-S20260927,f02c47aad1549dbd9710aef224c49f59b190eb0ed6cee1ba2a4cc8908a386ca7
58e1dc13e6d33ad5de4ebdea6e0891e886a4e2572477c0c1074c2aa049091a65,MITDB_P114,114,940000000,3,20260927,MODEL_V2_TCN_MEAN,0,2.4019603729248047,0.9169766902923584,5,V2-004-D1-TCNMEAN-F03-S20260927,f02c47aad1549dbd9710aef224c49f59b190eb0ed6cee1ba2a4cc8908a386ca7
591184fc6c9759d3d1af07e73e6ccae096b12868f637b69f588120cb78c4f40f,MITDB_P103,103,1400000000,3,20260927,MODEL_V2_TCN_MEAN,0,-2.090040683746338,0.11006858944892883,5,V2-004-D1-TCNMEAN-F03-S20260927,f02c47aad1549dbd9710aef224c49f59b190eb0ed6cee1ba2a4cc8908a386ca7
591f6d861b6317a357f89b0fc248402e2af96ba4ff7d3a9e514f3a79c7f09f7c,MITDB_P103,103,400000000,3,20260927,MODEL_V2_TCN_MEAN,0,-2.375396490097046,0.08506818115711212,5,V2-004-D1-TCNMEAN-F03-S20260927,f02c47aad1549dbd9710aef224c49f59b190eb0ed6cee1ba2a4cc8908a386ca7
59362f57fca6e5e4e655f84fe838ff5f129a2a32d2183b1d455ab4c9aec1ed84,MITDB_P223,223,935000000,3,20260927,MODEL_V2_TCN_MEAN,1,11.98458480834961,0.9999938011169434,5,V2-004-D1-TCNMEAN-F03-S20260927,f02c47aad1549dbd9710aef224c49f59b190eb0ed6cee1ba2a4cc8908a386ca7
594caf7899b553bba2371812cc04f3ce3c1ac328be220338263a8f40c85ab690,MITDB_P103,103,785000000,3,20260927,MODEL_V2_TCN_MEAN,0,-1.7050139904022217,0.15381154417991638,5,V2-004-D1-TCNMEAN-F03-S20260927,f02c47aad1549dbd9710aef224c49f59b190eb0ed6cee1ba2a4cc8908a386ca7
59603b91324709af34395443868f991ca2546e22fa7db3b7f540d9b9260d12b8,MITDB_P114,114,1215000000,3,20260927,MODEL_V2_TCN_MEAN,0,4.340816497802734,0.9871416091918945,5,V2-004-D1-TCNMEAN-F03-S20260927,f02c47aad1549dbd9710aef224c49f59b190eb0ed6cee1ba2a4cc8908a386ca7
598f2c7b7b5c951f96e8fedd3723dfbb1bb023fa26410ad693654b4d7ef460c4,MITDB_P114,114,30000000,3,20260927,MODEL_V2_TCN_MEAN,0,-0.9308614730834961,0.2827499806880951,5,V2-004-D1-TCNMEAN-F03-S20260927,f02c47aad1549dbd9710aef224c49f59b190eb0ed6cee1ba2a4cc8908a386ca7
59a19520985a9b0d787859158f261a09d8901e54c94244000f94bad30d2ad6c3,MITDB_P208,208,1015000000,3,20260927,MODEL_V2_TCN_MEAN,1,7.298603057861328,0.9993239641189575,5,V2-004-D1-TCNMEAN-F03-S20260927,f02c47aad1549dbd9710aef224c49f59b190eb0ed6cee1ba2a4cc8908a386ca7
59c2af591f6a4fd5cfd9e9e0b35d2f0e792cd6bf9c76c03d4996f64b34bd2290,MITDB_P121,121,1255000000,3,20260927,MODEL_V2_TCN_MEAN,0,-4.952295780181885,0.0070175714790821075,5,V2-004-D1-TCNMEAN-F03-S20260927,f02c47aad1549dbd9710aef224c49f59b190eb0ed6cee1ba2a4cc8908a386ca7
59ca0ce460c7ad4dcb17645511e4270d0030303dbef3c8757b309f8628e79ce2,MITDB_P223,223,740000000,3,20260927,MODEL_V2_TCN_MEAN,1,15.143453598022461,0.9999997615814209,5,V2-004-D1-TCNMEAN-F03-S20260927,f02c47aad1549dbd9710aef224c49f59b190eb0ed6cee1ba2a4cc8908a386ca7
59de5055c483ed4ce146ab26234b97b0c2baecedf2ea1691f30d2a8bcbbe9ef2,MITDB_P208,208,775000000,3,20260927,MODEL_V2_TCN_MEAN,1,15.004509925842285,0.9999996423721313,5,V2-004-D1-TCNMEAN-F03-S20260927,f02c47aad1549dbd9710aef224c49f59b190eb0ed6cee1ba2a4cc8908a386ca7
5a15a32c8fdd91b14302d435d9821de0544e4ef89d90b55d612368037a387937,MITDB_P121,121,280000000,3,20260927,MODEL_V2_TCN_MEAN,0,-4.147177219390869,0.01556294597685337,5,V2-004-D1-TCNMEAN-F03-S20260927,f02c47aad1549dbd9710aef224c49f59b190eb0ed6cee1ba2a4cc8908a386ca7
5a3dbbbfdc7ab8b8010c6be742f21eb4e1cff5be156b3a720482f8264ed57373,MITDB_P114,114,445000000,3,20260927,MODEL_V2_TCN_MEAN,0,-0.4046640396118164,0.4001922905445099,5,V2-004-D1-TCNMEAN-F03-S20260927,f02c47aad1549dbd9710aef224c49f59b190eb0ed6cee1ba2a4cc8908a386ca7
5a4c1a3dd717ae59fb872b50a05b5a59ec40fa40588051e74a9f79ce45d0a477,MITDB_P103,103,1355000000,3,20260927,MODEL_V2_TCN_MEAN,0,-1.8363442420959473,0.13748423755168915,5,V2-004-D1-TCNMEAN-F03-S20260927,f02c47aad1549dbd9710aef224c49f59b190eb0ed6cee1ba2a4cc8908a386ca7
5a65d6b810e2f059bbb1dc2cf7ef1aa84b07e2169289741aef5e49c32ea8e3be,MITDB_P208,208,585000000,3,20260927,MODEL_V2_TCN_MEAN,1,15.532198905944824,0.9999997615814209,5,V2-004-D1-TCNMEAN-F03-S20260927,f02c47aad1549dbd9710aef224c49f59b190eb0ed6cee1ba2a4cc8908a386ca7
5ad73464c5f24b987ad9a70dd6a39f5460185597095c290209aac71734e1cccf,MITDB_P121,121,1710000000,3,20260927,MODEL_V2_TCN_MEAN,0,-6.495972156524658,0.001507231849245727,5,V2-004-D1-TCNMEAN-F03-S20260927,f02c47aad1549dbd9710aef224c49f59b190eb0ed6cee1ba2a4cc8908a386ca7
5b13d972e4e275be139e07d5220389f9aaebeaa0f6ca167bb04c9aedffd51005,MITDB_P121,121,1260000000,3,20260927,MODEL_V2_TCN_MEAN,0,-4.459811210632324,0.011432336643338203,5,V2-004-D1-TCNMEAN-F03-S20260927,f02c47aad1549dbd9710aef224c49f59b190eb0ed6cee1ba2a4cc8908a386ca7
5b5fb6725e9f3eb53676e3899e78cc531317aa69921856201d2fa3753e911510,MITDB_P223,223,635000000,3,20260927,MODEL_V2_TCN_MEAN,1,5.43969202041626,0.9956780076026917,5,V2-004-D1-TCNMEAN-F03-S20260927,f02c47aad1549dbd9710aef224c49f59b190eb0ed6cee1ba2a4cc8908a386ca7
5b8db7b69af8124be35f53378e7abf503a8dc54bcab0ec28a8d52b3ab6a3c068,MITDB_P121,121,1615000000,3,20260927,MODEL_V2_TCN_MEAN,0,-4.4920172691345215,0.011074024252593517,5,V2-004-D1-TCNMEAN-F03-S20260927,f02c47aad1549dbd9710aef224c49f59b190eb0ed6cee1ba2a4cc8908a386ca7
5bbeaa5992234fe4eff56c393df975c5b70dc873c63cf84cddd2a5b4c09ce57f,MITDB_P121,121,1665000000,3,20260927,MODEL_V2_TCN_MEAN,0,-3.434110641479492,0.031246263533830643,5,V2-004-D1-TCNMEAN-F03-S20260927,f02c47aad1549dbd9710aef224c49f59b190eb0ed6cee1ba2a4cc8908a386ca7
5bcda26d40ebe5b771bd053d7b4280524a4c548ccc33108dea188729772e0910,MITDB_P208,208,1765000000,3,20260927,MODEL_V2_TCN_MEAN,1,11.615137100219727,0.9999909400939941,5,V2-004-D1-TCNMEAN-F03-S20260927,f02c47aad1549dbd9710aef224c49f59b190eb0ed6cee1ba2a4cc8908a386ca7
5bdd54e45047e122b8ba6f74c2807835c2e21a73349fd185ab29538b1f4c47a9,MITDB_P121,121,1370000000,3,20260927,MODEL_V2_TCN_MEAN,0,-4.258878231048584,0.013941052369773388,5,V2-004-D1-TCNMEAN-F03-S20260927,f02c47aad1549dbd9710aef224c49f59b190eb0ed6cee1ba2a4cc8908a386ca7
5c10a9105f0813045086ae8a22b71b40f5a7e945bf456a69dfffa42d3a2612c4,MITDB_P208,208,960000000,3,20260927,MODEL_V2_TCN_MEAN,1,11.664899826049805,0.9999914169311523,5,V2-004-D1-TCNMEAN-F03-S20260927,f02c47aad1549dbd9710aef224c49f59b190eb0ed6cee1ba2a4cc8908a386ca7
5c18eb8acf0a1e28432c341864e68e294b3f0b979ef9da5175a4b6376153bd85,MITDB_P121,121,315000000,3,20260927,MODEL_V2_TCN_MEAN,0,-5.003173828125,0.006671783979982138,5,V2-004-D1-TCNMEAN-F03-S20260927,f02c47aad1549dbd9710aef224c49f59b190eb0ed6cee1ba2a4cc8908a386ca7
5c2448d7e36d2974d446f631cd5c90168a0b03d789e2f3133b21728cd069f6a1,MITDB_P208,208,280000000,3,20260927,MODEL_V2_TCN_MEAN,1,12.997383117675781,0.9999977350234985,5,V2-004-D1-TCNMEAN-F03-S20260927,f02c47aad1549dbd9710aef224c49f59b190eb0ed6cee1ba2a4cc8908a386ca7
5c385a629c5fd6499b83155d685c114a3f7d5cca1c4e0ca75113635df2de243c,MITDB_P223,223,1560000000,3,20260927,MODEL_V2_TCN_MEAN,1,11.691509246826172,0.9999916553497314,5,V2-004-D1-TCNMEAN-F03-S20260927,f02c47aad1549dbd9710aef224c49f59b190eb0ed6cee1ba2a4cc8908a386ca7
5c3c91ba75c9e69dcbbd3a3a16ff2ba09ad4ec7c4e5629f8cad5ff1e79a35aff,MITDB_P223,223,1580000000,3,20260927,MODEL_V2_TCN_MEAN,0,-1.054724931716919,0.25831881165504456,5,V2-004-D1-TCNMEAN-F03-S20260927,f02c47aad1549dbd9710aef224c49f59b190eb0ed6cee1ba2a4cc8908a386ca7
5c46636e38d61f0339668774d624f76434f3c11d9bad62c412ab5db522355722,MITDB_P114,114,1325000000,3,20260927,MODEL_V2_TCN_MEAN,0,4.002450466156006,0.9820569753646851,5,V2-004-D1-TCNMEAN-F03-S20260927,f02c47aad1549dbd9710aef224c49f59b190eb0ed6cee1ba2a4cc8908a386ca7
5c4cf78cf27e21e2974cf278108383f15ea1b436c2c9bb28e2239fa2b946aa54,MITDB_P114,114,465000000,3,20260927,MODEL_V2_TCN_MEAN,1,7.561652660369873,0.9994803071022034,5,V2-004-D1-TCNMEAN-F03-S20260927,f02c47aad1549dbd9710aef224c49f59b190eb0ed6cee1ba2a4cc8908a386ca7
5c6a64a6219d36ddc5fa358c8db3f83aac2e5f7cf4254c86b859bed28d4a6511,MITDB_P103,103,595000000,3,20260927,MODEL_V2_TCN_MEAN,0,-3.2496163845062256,0.0373406745493412,5,V2-004-D1-TCNMEAN-F03-S20260927,f02c47aad1549dbd9710aef224c49f59b190eb0ed6cee1ba2a4cc8908a386ca7
5c8eb6e7355c9ccc5c377ef19daf03b7c3b5cad63ee0c5d5b389dab2a05f3193,MITDB_P103,103,1445000000,3,20260927,MODEL_V2_TCN_MEAN,0,-1.4372072219848633,0.19197820127010345,5,V2-004-D1-TCNMEAN-F03-S20260927,f02c47aad1549dbd9710aef224c49f59b190eb0ed6cee1ba2a4cc8908a386ca7
5cbdb540d6fd24672a94874badc2f0382d60bd9698d9e75cebdbadac209397a6,MITDB_P121,121,1550000000,3,20260927,MODEL_V2_TCN_MEAN,0,1.8949054479599,0.8693138360977173,5,V2-004-D1-TCNMEAN-F03-S20260927,f02c47aad1549dbd9710aef224c49f59b190eb0ed6cee1ba2a4cc8908a386ca7
5d2e3f9a44b172105a925960e7bbb113febddc9f16264321bc8aa8ebc9bf5b10,MITDB_P114,114,375000000,3,20260927,MODEL_V2_TCN_MEAN,1,9.817570686340332,0.9999455213546753,5,V2-004-D1-TCNMEAN-F03-S20260927,f02c47aad1549dbd9710aef224c49f59b190eb0ed6cee1ba2a4cc8908a386ca7
5d8fd6545dde67101193fc5502d7531d86f586e9113845a217cc15e012d189ff,MITDB_P208,208,445000000,3,20260927,MODEL_V2_TCN_MEAN,1,14.989957809448242,0.9999996423721313,5,V2-004-D1-TCNMEAN-F03-S20260927,f02c47aad1549dbd9710aef224c49f59b190eb0ed6cee1ba2a4cc8908a386ca7
5db52ddd4cd5753ad74f8ada5148486184e3c6025fe7aa452fccd3e444046867,MITDB_P121,121,580000000,3,20260927,MODEL_V2_TCN_MEAN,0,-3.7898261547088623,0.02210007980465889,5,V2-004-D1-TCNMEAN-F03-S20260927,f02c47aad1549dbd9710aef224c49f59b190eb0ed6cee1ba2a4cc8908a386ca7
5df7c89620c0c741ba86d1e1ca9d6612a23bc2a4d4f6106e0cf4de0c827bd94c,MITDB_P121,121,245000000,3,20260927,MODEL_V2_TCN_MEAN,0,-3.0595335960388184,0.044807661324739456,5,V2-004-D1-TCNMEAN-F03-S20260927,f02c47aad1549dbd9710aef224c49f59b190eb0ed6cee1ba2a4cc8908a386ca7
5dfbca27f94ec19c589d994ce6e250d41a9ea4e8e96119f94bbc8c136036cb79,MITDB_P121,121,775000000,3,20260927,MODEL_V2_TCN_MEAN,0,-4.573700428009033,0.010214293375611305,5,V2-004-D1-TCNMEAN-F03-S20260927,f02c47aad1549dbd9710aef224c49f59b190eb0ed6cee1ba2a4cc8908a386ca7
5e00981f22a0eafb9160d102c98ce00e02e5b6c74c1811242729122606a54403,MITDB_P223,223,1320000000,3,20260927,MODEL_V2_TCN_MEAN,1,16.106243133544922,0.9999998807907104,5,V2-004-D1-TCNMEAN-F03-S20260927,f02c47aad1549dbd9710aef224c49f59b190eb0ed6cee1ba2a4cc8908a386ca7
5e1098b5fe88a29439fa82fdcb46b80930e29de3915cf65edbb3080ed68849ed,MITDB_P114,114,1205000000,3,20260927,MODEL_V2_TCN_MEAN,0,3.2257182598114014,0.9617907404899597,5,V2-004-D1-TCNMEAN-F03-S20260927,f02c47aad1549dbd9710aef224c49f59b190eb0ed6cee1ba2a4cc8908a386ca7
5e44051c073bddd215b851607d224895ca1fd6128e6f84f1394ed526bed006c5,MITDB_P114,114,1635000000,3,20260927,MODEL_V2_TCN_MEAN,0,-1.0833518505096436,0.2528722286224365,5,V2-004-D1-TCNMEAN-F03-S20260927,f02c47aad1549dbd9710aef224c49f59b190eb0ed6cee1ba2a4cc8908a386ca7
5e5b6570abdcb63ccd6ac3622c4d062424491bcb7f5cf266cc30d5a6e52ae490,MITDB_P208,208,1580000000,3,20260927,MODEL_V2_TCN_MEAN,1,4.690136432647705,0.9908981919288635,5,V2-004-D1-TCNMEAN-F03-S20260927,f02c47aad1549dbd9710aef224c49f59b190eb0ed6cee1ba2a4cc8908a386ca7
5e7af25674b30378251a7e2c47fc5705baaf2529ad0d7090703ad2b0c712710a,MITDB_P208,208,310000000,3,20260927,MODEL_V2_TCN_MEAN,1,13.58756160736084,0.9999986886978149,5,V2-004-D1-TCNMEAN-F03-S20260927,f02c47aad1549dbd9710aef224c49f59b190eb0ed6cee1ba2a4cc8908a386ca7
5e8f870d607c3112f57863d718ec25ff14c522b0be654b0f43db1e619e870f72,MITDB_P114,114,910000000,3,20260927,MODEL_V2_TCN_MEAN,0,2.9539854526519775,0.9504514932632446,5,V2-004-D1-TCNMEAN-F03-S20260927,f02c47aad1549dbd9710aef224c49f59b190eb0ed6cee1ba2a4cc8908a386ca7
5eb7f364e0119f3606e0033ca386e0f817c266f8b8ac2d8beed9197facb8116e,MITDB_P103,103,395000000,3,20260927,MODEL_V2_TCN_MEAN,0,-2.6800739765167236,0.06415943801403046,5,V2-004-D1-TCNMEAN-F03-S20260927,f02c47aad1549dbd9710aef224c49f59b190eb0ed6cee1ba2a4cc8908a386ca7
5ef85e88ef21b861b15b418d1ca35c85bd43bb49e181b3dd66d632a14d33aed7,MITDB_P121,121,230000000,3,20260927,MODEL_V2_TCN_MEAN,0,-3.2514264583587646,0.03727566450834274,5,V2-004-D1-TCNMEAN-F03-S20260927,f02c47aad1549dbd9710aef224c49f59b190eb0ed6cee1ba2a4cc8908a386ca7
5f1d5c3b91a14ae134993ad378c6f7b46daa9f7801c8956bfc05c79c0b55be25,MITDB_P223,223,1530000000,3,20260927,MODEL_V2_TCN_MEAN,1,6.645838737487793,0.9987022876739502,5,V2-004-D1-TCNMEAN-F03-S20260927,f02c47aad1549dbd9710aef224c49f59b190eb0ed6cee1ba2a4cc8908a386ca7
5f25361e01b9a6e14632b6356eb3067ef1fed1825e723d6a8bb152b4f2b337e3,MITDB_P103,103,1290000000,3,20260927,MODEL_V2_TCN_MEAN,0,-2.01578950881958,0.11755507439374924,5,V2-004-D1-TCNMEAN-F03-S20260927,f02c47aad1549dbd9710aef224c49f59b190eb0ed6cee1ba2a4cc8908a386ca7
5f5a13b184c5bd36d0360856522f4350ab371f350bcc4a7b3373abce50bba737,MITDB_P114,114,1475000000,3,20260927,MODEL_V2_TCN_MEAN,0,1.634422779083252,0.8367746472358704,5,V2-004-D1-TCNMEAN-F03-S20260927,f02c47aad1549dbd9710aef224c49f59b190eb0ed6cee1ba2a4cc8908a386ca7
5f79c6323f2cbcc9fbb60ad49232dcfdbbc5224618b44ed14dbf18f3190a2f03,MITDB_P223,223,130000000,3,20260927,MODEL_V2_TCN_MEAN,1,5.555874824523926,0.9961502552032471,5,V2-004-D1-TCNMEAN-F03-S20260927,f02c47aad1549dbd9710aef224c49f59b190eb0ed6cee1ba2a4cc8908a386ca7
5f93224edc0e8325b7702a9c41221b53668b2e0e29e8cbae8d432e03524a5209,MITDB_P121,121,685000000,3,20260927,MODEL_V2_TCN_MEAN,0,-3.9885659217834473,0.018189284950494766,5,V2-004-D1-TCNMEAN-F03-S20260927,f02c47aad1549dbd9710aef224c49f59b190eb0ed6cee1ba2a4cc8908a386ca7
5f9dfb858fa764327d70b0157fb4b96a6ba3a1abfe61a13e7a5821dc32fc459c,MITDB_P208,208,1410000000,3,20260927,MODEL_V2_TCN_MEAN,1,10.210939407348633,0.9999632835388184,5,V2-004-D1-TCNMEAN-F03-S20260927,f02c47aad1549dbd9710aef224c49f59b190eb0ed6cee1ba2a4cc8908a386ca7
5fa2ec55a59bd4fa05864c67631563cf4b9b970b4cb1e0ff6869e4cac9246e35,MITDB_P103,103,310000000,3,20260927,MODEL_V2_TCN_MEAN,0,-2.576847553253174,0.07064341753721237,5,V2-004-D1-TCNMEAN-F03-S20260927,f02c47aad1549dbd9710aef224c49f59b190eb0ed6cee1ba2a4cc8908a386ca7
603a3e55b0ed1b94e1c37b89d2a63ed75e98c95ea715d16f0bf4c9fe0e79a8ae,MITDB_P114,114,1090000000,3,20260927,MODEL_V2_TCN_MEAN,0,2.0351686477661133,0.8844404220581055,5,V2-004-D1-TCNMEAN-F03-S20260927,f02c47aad1549dbd9710aef224c49f59b190eb0ed6cee1ba2a4cc8908a386ca7
605eaed0ec7a506f4399b3d9fb0af809029a22a4d944118976e107fd6f881759,MITDB_P223,223,1495000000,3,20260927,MODEL_V2_TCN_MEAN,1,12.246932029724121,0.999995231628418,5,V2-004-D1-TCNMEAN-F03-S20260927,f02c47aad1549dbd9710aef224c49f59b190eb0ed6cee1ba2a4cc8908a386ca7
608754ebfe2609e23a70c98e183f87d3f5f520f9a973c5fd879190133227c24c,MITDB_P121,121,410000000,3,20260927,MODEL_V2_TCN_MEAN,0,-6.08096981048584,0.002280744956806302,5,V2-004-D1-TCNMEAN-F03-S20260927,f02c47aad1549dbd9710aef224c49f59b190eb0ed6cee1ba2a4cc8908a386ca7
61144bbfccef83d662b59ac937f5daa2e3f096d9c49a959ab40f1115cece4b63,MITDB_P223,223,665000000,3,20260927,MODEL_V2_TCN_MEAN,0,-0.9891624450683594,0.27107754349708557,5,V2-004-D1-TCNMEAN-F03-S20260927,f02c47aad1549dbd9710aef224c49f59b190eb0ed6cee1ba2a4cc8908a386ca7
61273075d4489e44e508abbbcca2e4509958b840d401df890273f6db708d60b2,MITDB_P121,121,1295000000,3,20260927,MODEL_V2_TCN_MEAN,0,-4.315334320068359,0.013185890391469002,5,V2-004-D1-TCNMEAN-F03-S20260927,f02c47aad1549dbd9710aef224c49f59b190eb0ed6cee1ba2a4cc8908a386ca7
614a89d250a8fc2fde8a2536a35f176cb10f9277c654e00eea34e1447e3db7fe,MITDB_P223,223,500000000,3,20260927,MODEL_V2_TCN_MEAN,0,-2.2451388835906982,0.09576959908008575,5,V2-004-D1-TCNMEAN-F03-S20260927,f02c47aad1549dbd9710aef224c49f59b190eb0ed6cee1ba2a4cc8908a386ca7
61b29d7ef8e7382b23083a1cc3822bb77db53be9af6d38ff0886ac2d172dc4db,MITDB_P223,223,690000000,3,20260927,MODEL_V2_TCN_MEAN,0,-0.8292580842971802,0.3038019835948944,5,V2-004-D1-TCNMEAN-F03-S20260927,f02c47aad1549dbd9710aef224c49f59b190eb0ed6cee1ba2a4cc8908a386ca7
61b9ed12c9f4af651766cb95edafb3af05e0846441892cb137a2a4e23a7e36e6,MITDB_P208,208,1465000000,3,20260927,MODEL_V2_TCN_MEAN,1,7.571310997009277,0.9994852542877197,5,V2-004-D1-TCNMEAN-F03-S20260927,f02c47aad1549dbd9710aef224c49f59b190eb0ed6cee1ba2a4cc8908a386ca7
620aca227e8a5a9ecc4fb10bf9c5e3a3affe01472427df49b868856417f58feb,MITDB_P121,121,370000000,3,20260927,MODEL_V2_TCN_MEAN,0,-2.554884433746338,0.07209903001785278,5,V2-004-D1-TCNMEAN-F03-S20260927,f02c47aad1549dbd9710aef224c49f59b190eb0ed6cee1ba2a4cc8908a386ca7
622791446ef8f2419e5fb762bef831a725c80807d2a8dc98ddfac5f691836b17,MITDB_P103,103,235000000,3,20260927,MODEL_V2_TCN_MEAN,0,-3.5694363117218018,0.027399828657507896,5,V2-004-D1-TCNMEAN-F03-S20260927,f02c47aad1549dbd9710aef224c49f59b190eb0ed6cee1ba2a4cc8908a386ca7
627d3e0edd784a0a44fb8c30dc0d3943cc51f9ec3ec6b7a9668c378689889a89,MITDB_P208,208,1250000000,3,20260927,MODEL_V2_TCN_MEAN,1,6.179200649261475,0.9979321956634521,5,V2-004-D1-TCNMEAN-F03-S20260927,f02c47aad1549dbd9710aef224c49f59b190eb0ed6cee1ba2a4cc8908a386ca7
62c1b0916fba07cc668d3e58de57aa5d1010ee541f1e08d6de7522ba42ccd554,MITDB_P121,121,1095000000,3,20260927,MODEL_V2_TCN_MEAN,0,-4.844655990600586,0.00780886597931385,5,V2-004-D1-TCNMEAN-F03-S20260927,f02c47aad1549dbd9710aef224c49f59b190eb0ed6cee1ba2a4cc8908a386ca7
62cc37ef9803ae617f436458d603fbf7eb6fc49dd5b2bfdf90542d7d46cf324e,MITDB_P103,103,920000000,3,20260927,MODEL_V2_TCN_MEAN,0,-1.0101945400238037,0.26694178581237793,5,V2-004-D1-TCNMEAN-F03-S20260927,f02c47aad1549dbd9710aef224c49f59b190eb0ed6cee1ba2a4cc8908a386ca7
62ce1650155e0e56faaead46bb01fa2b09510e6799aee2e20bf36107e499ba8f,MITDB_P103,103,1480000000,3,20260927,MODEL_V2_TCN_MEAN,0,-1.8976173400878906,0.1303783804178238,5,V2-004-D1-TCNMEAN-F03-S20260927,f02c47aad1549dbd9710aef224c49f59b190eb0ed6cee1ba2a4cc8908a386ca7
631639ea549e42cda21326034c67ef7a324f009bb3f8353754d8cf9b9023c50d,MITDB_P114,114,265000000,3,20260927,MODEL_V2_TCN_MEAN,1,14.069869995117188,0.9999991655349731,5,V2-004-D1-TCNMEAN-F03-S20260927,f02c47aad1549dbd9710aef224c49f59b190eb0ed6cee1ba2a4cc8908a386ca7
637a72211c6dd95254aee704f5c4a1e0836fa5ac8d7e919d5f5248717e304adc,MITDB_P223,223,320000000,3,20260927,MODEL_V2_TCN_MEAN,0,-2.238548517227173,0.09634183347225189,5,V2-004-D1-TCNMEAN-F03-S20260927,f02c47aad1549dbd9710aef224c49f59b190eb0ed6cee1ba2a4cc8908a386ca7
638bb6641ccede54bbcea3364b423ed907cd63612e8006934b9a3bd254e5fb4f,MITDB_P223,223,1175000000,3,20260927,MODEL_V2_TCN_MEAN,0,-2.448028087615967,0.07958287000656128,5,V2-004-D1-TCNMEAN-F03-S20260927,f02c47aad1549dbd9710aef224c49f59b190eb0ed6cee1ba2a4cc8908a386ca7
63d5c2ac22faae6d69e4ae50337f44bbf5a27b706ff10d09690d6566ec2cb018,MITDB_P103,103,1695000000,3,20260927,MODEL_V2_TCN_MEAN,0,-1.719499111175537,0.15193569660186768,5,V2-004-D1-TCNMEAN-F03-S20260927,f02c47aad1549dbd9710aef224c49f59b190eb0ed6cee1ba2a4cc8908a386ca7
63f79541dcb9e2737cce6f41ec694f6ec374333903ab3827d9603a03998a4ef2,MITDB_P103,103,875000000,3,20260927,MODEL_V2_TCN_MEAN,0,-1.7230265140533447,0.1514817476272583,5,V2-004-D1-TCNMEAN-F03-S20260927,f02c47aad1549dbd9710aef224c49f59b190eb0ed6cee1ba2a4cc8908a386ca7
64267c8b0ede552953dcdb4e38803d7d9715d9ffdf366dc3911b52fb632341ea,MITDB_P223,223,1025000000,3,20260927,MODEL_V2_TCN_MEAN,1,9.64517593383789,0.9999352693557739,5,V2-004-D1-TCNMEAN-F03-S20260927,f02c47aad1549dbd9710aef224c49f59b190eb0ed6cee1ba2a4cc8908a386ca7
6444a84a9611892a03dbd2e4f1b1ffecc54bf2057380057c673014c21c18a100,MITDB_P208,208,275000000,3,20260927,MODEL_V2_TCN_MEAN,1,14.405668258666992,0.9999994039535522,5,V2-004-D1-TCNMEAN-F03-S20260927,f02c47aad1549dbd9710aef224c49f59b190eb0ed6cee1ba2a4cc8908a386ca7
64b3990f806909c4f815bd86a5674e737a488f8517a8c803adeb60cdacfc6802,MITDB_P121,121,910000000,3,20260927,MODEL_V2_TCN_MEAN,0,-4.162858486175537,0.015324513427913189,5,V2-004-D1-TCNMEAN-F03-S20260927,f02c47aad1549dbd9710aef224c49f59b190eb0ed6cee1ba2a4cc8908a386ca7
64c9da3b98ce3a5ebb5711201fb87cb55844d95783e4796099c631b996205b8c,MITDB_P103,103,1565000000,3,20260927,MODEL_V2_TCN_MEAN,0,-1.7100722789764404,0.15315434336662292,5,V2-004-D1-TCNMEAN-F03-S20260927,f02c47aad1549dbd9710aef224c49f59b190eb0ed6cee1ba2a4cc8908a386ca7
64deadf883b110c499455d38e301a51756aad907b52924d26adcd16146d5755d,MITDB_P103,103,925000000,3,20260927,MODEL_V2_TCN_MEAN,0,-2.363955497741699,0.08596289157867432,5,V2-004-D1-TCNMEAN-F03-S20260927,f02c47aad1549dbd9710aef224c49f59b190eb0ed6cee1ba2a4cc8908a386ca7
6538ba37145d3d70e66a819039309504e709b7bc73cf644bb26751ce4a628cc1,MITDB_P121,121,265000000,3,20260927,MODEL_V2_TCN_MEAN,0,-3.793457269668579,0.022021740674972534,5,V2-004-D1-TCNMEAN-F03-S20260927,f02c47aad1549dbd9710aef224c49f59b190eb0ed6cee1ba2a4cc8908a386ca7
653d2c22f2a00dded94c30080bfa8edbbead489803a5cfa8f5616608edccea5c,MITDB_P103,103,590000000,3,20260927,MODEL_V2_TCN_MEAN,0,-3.4682846069335938,0.030228227376937866,5,V2-004-D1-TCNMEAN-F03-S20260927,f02c47aad1549dbd9710aef224c49f59b190eb0ed6cee1ba2a4cc8908a386ca7
656166cec87614dcb6c376d6c8c4ef2916805438cdb4a52a17bbadf579ed7dbf,MITDB_P208,208,1160000000,3,20260927,MODEL_V2_TCN_MEAN,1,5.125296115875244,0.9940906167030334,5,V2-004-D1-TCNMEAN-F03-S20260927,f02c47aad1549dbd9710aef224c49f59b190eb0ed6cee1ba2a4cc8908a386ca7
657b0623e62783fda1f6c550c5e86329adec500705627492637a656e5f4a01bc,MITDB_P103,103,1640000000,3,20260927,MODEL_V2_TCN_MEAN,0,-1.9239592552185059,0.12742070853710175,5,V2-004-D1-TCNMEAN-F03-S20260927,f02c47aad1549dbd9710aef224c49f59b190eb0ed6cee1ba2a4cc8908a386ca7
65bc8b9ad59dee7b396ea5b0e7b6a799d81a4731e75a1272fb3c0427d150c468,MITDB_P121,121,440000000,3,20260927,MODEL_V2_TCN_MEAN,0,-5.223145008087158,0.005361449439078569,5,V2-004-D1-TCNMEAN-F03-S20260927,f02c47aad1549dbd9710aef224c49f59b190eb0ed6cee1ba2a4cc8908a386ca7
65bfc627063dbceb8465336bbd2603b6bfe46b8a4f8ce99cdbee9311e2e96dca,MITDB_P103,103,795000000,3,20260927,MODEL_V2_TCN_MEAN,0,-2.33792781829834,0.0880301296710968,5,V2-004-D1-TCNMEAN-F03-S20260927,f02c47aad1549dbd9710aef224c49f59b190eb0ed6cee1ba2a4cc8908a386ca7
6614ea9bf6016456ebce3a1c5e7caec26e6077bf7db722a87e82221033ffa664,MITDB_P114,114,295000000,3,20260927,MODEL_V2_TCN_MEAN,1,14.056426048278809,0.9999991655349731,5,V2-004-D1-TCNMEAN-F03-S20260927,f02c47aad1549dbd9710aef224c49f59b190eb0ed6cee1ba2a4cc8908a386ca7
661eadcb5433fe254e8696bcfe963358b15fe5f744f56432c29da5f8b3c72c71,MITDB_P223,223,680000000,3,20260927,MODEL_V2_TCN_MEAN,0,-2.0215325355529785,0.11696061491966248,5,V2-004-D1-TCNMEAN-F03-S20260927,f02c47aad1549dbd9710aef224c49f59b190eb0ed6cee1ba2a4cc8908a386ca7
669a9e1caea7d6e59ada64540d7bed0639c1a7ab8cd1f5620d90a77c8d355276,MITDB_P103,103,1210000000,3,20260927,MODEL_V2_TCN_MEAN,0,1.5496108531951904,0.8248575329780579,5,V2-004-D1-TCNMEAN-F03-S20260927,f02c47aad1549dbd9710aef224c49f59b190eb0ed6cee1ba2a4cc8908a386ca7
66d5c552dc63e3c0c8c463ec13c463b2996fc0eef2dec64e9633b872e9072fda,MITDB_P103,103,95000000,3,20260927,MODEL_V2_TCN_MEAN,0,-3.464036226272583,0.030353015288710594,5,V2-004-D1-TCNMEAN-F03-S20260927,f02c47aad1549dbd9710aef224c49f59b190eb0ed6cee1ba2a4cc8908a386ca7
66f7ea457b2dfd2aa0bf0bc66cd44d9e41e8bb3ec6ad9062b3e375fab9f57c80,MITDB_P114,114,860000000,3,20260927,MODEL_V2_TCN_MEAN,0,4.83536958694458,0.9921188354492188,5,V2-004-D1-TCNMEAN-F03-S20260927,f02c47aad1549dbd9710aef224c49f59b190eb0ed6cee1ba2a4cc8908a386ca7
671eb90f273b2cc973445d0ac3f3b713b1d3e0744376b509b2b4edeb06fd15b2,MITDB_P114,114,970000000,3,20260927,MODEL_V2_TCN_MEAN,0,2.902738571166992,0.9479816555976868,5,V2-004-D1-TCNMEAN-F03-S20260927,f02c47aad1549dbd9710aef224c49f59b190eb0ed6cee1ba2a4cc8908a386ca7
674d7793eaaf8ddd4dd133410ab805b2a73e3d360d024084b15622fcb1ae892d,MITDB_P103,103,535000000,3,20260927,MODEL_V2_TCN_MEAN,0,-2.7787294387817383,0.05848447605967522,5,V2-004-D1-TCNMEAN-F03-S20260927,f02c47aad1549dbd9710aef224c49f59b190eb0ed6cee1ba2a4cc8908a386ca7
6784492be540dfc9fae3fcbfafb0b6a999cb56d1a62145bbdc92f205577a4bc7,MITDB_P223,223,1270000000,3,20260927,MODEL_V2_TCN_MEAN,1,2.956974983215332,0.950592041015625,5,V2-004-D1-TCNMEAN-F03-S20260927,f02c47aad1549dbd9710aef224c49f59b190eb0ed6cee1ba2a4cc8908a386ca7
679c50ebfc0e55c22afabdfda536480af4eb78c4aeb4d274783ab52b6570337a,MITDB_P223,223,355000000,3,20260927,MODEL_V2_TCN_MEAN,1,7.1624064445495605,0.999225378036499,5,V2-004-D1-TCNMEAN-F03-S20260927,f02c47aad1549dbd9710aef224c49f59b190eb0ed6cee1ba2a4cc8908a386ca7
67afdeeda5264fffaa52fae554f0f61a574ef66186670a49e7a01008c3206053,MITDB_P114,114,275000000,3,20260927,MODEL_V2_TCN_MEAN,0,0.8703670501708984,0.7048221230506897,5,V2-004-D1-TCNMEAN-F03-S20260927,f02c47aad1549dbd9710aef224c49f59b190eb0ed6cee1ba2a4cc8908a386ca7
67b371d5e35ce562a35965edeba44d98e1d640b6af3181332c6cd0cc5ba088a7,MITDB_P121,121,1400000000,3,20260927,MODEL_V2_TCN_MEAN,0,-4.5951385498046875,0.009999814443290234,5,V2-004-D1-TCNMEAN-F03-S20260927,f02c47aad1549dbd9710aef224c49f59b190eb0ed6cee1ba2a4cc8908a386ca7
68137121284621991f010e044bb2ab58c5254cf3150e0a5b6147b0bd5e423d47,MITDB_P208,208,1780000000,3,20260927,MODEL_V2_TCN_MEAN,1,11.01112174987793,0.9999834299087524,5,V2-004-D1-TCNMEAN-F03-S20260927,f02c47aad1549dbd9710aef224c49f59b190eb0ed6cee1ba2a4cc8908a386ca7
681954d29f6c6896fff83f7cacd1b815259da0c16988ce50b5a837892e654f02,MITDB_P223,223,820000000,3,20260927,MODEL_V2_TCN_MEAN,0,-2.8637938499450684,0.05397266149520874,5,V2-004-D1-TCNMEAN-F03-S20260927,f02c47aad1549dbd9710aef224c49f59b190eb0ed6cee1ba2a4cc8908a386ca7
682787e4e1af896c818782d57cc51aa1ff8b47d053f62b17375babc623f7f426,MITDB_P223,223,545000000,3,20260927,MODEL_V2_TCN_MEAN,1,1.7208521366119385,0.8482385873794556,5,V2-004-D1-TCNMEAN-F03-S20260927,f02c47aad1549dbd9710aef224c49f59b190eb0ed6cee1ba2a4cc8908a386ca7
682b7dd75fb381c9e60b03e5d1cb280642db02d3350923f4ebb92b54a31b9c2a,MITDB_P121,121,1020000000,3,20260927,MODEL_V2_TCN_MEAN,1,10.284547805786133,0.9999657869338989,5,V2-004-D1-TCNMEAN-F03-S20260927,f02c47aad1549dbd9710aef224c49f59b190eb0ed6cee1ba2a4cc8908a386ca7
68320e1b2450084e925bad36b976c063416027c4e15f836cac18f291ae8a569c,MITDB_P208,208,480000000,3,20260927,MODEL_V2_TCN_MEAN,1,12.690505981445312,0.9999969005584717,5,V2-004-D1-TCNMEAN-F03-S20260927,f02c47aad1549dbd9710aef224c49f59b190eb0ed6cee1ba2a4cc8908a386ca7
6862ff6b1a8e9b13542df5992280af4a1ae09b4058382c9550482c0234e31e8e,MITDB_P103,103,390000000,3,20260927,MODEL_V2_TCN_MEAN,0,-1.6395483016967773,0.16252653300762177,5,V2-004-D1-TCNMEAN-F03-S20260927,f02c47aad1549dbd9710aef224c49f59b190eb0ed6cee1ba2a4cc8908a386ca7
686450d69c1d46c856fe46496a02053af70ebe7e1b92d1400deed9beb7d8e751,MITDB_P121,121,1660000000,3,20260927,MODEL_V2_TCN_MEAN,0,2.701702117919922,0.9371269941329956,5,V2-004-D1-TCNMEAN-F03-S20260927,f02c47aad1549dbd9710aef224c49f59b190eb0ed6cee1ba2a4cc8908a386ca7
68c58fc652d1ef57cd18520c103ba07e9a57bc5d321184004ad5109af6237830,MITDB_P121,121,40000000,3,20260927,MODEL_V2_TCN_MEAN,0,-4.424167156219482,0.011842268519103527,5,V2-004-D1-TCNMEAN-F03-S20260927,f02c47aad1549dbd9710aef224c49f59b190eb0ed6cee1ba2a4cc8908a386ca7
68cb676f2d317a7e7792f78c76ccc5bc0d629b94ebf904bc43dd0a0f3f8481b1,MITDB_P103,103,1190000000,3,20260927,MODEL_V2_TCN_MEAN,0,-1.9141292572021484,0.12851765751838684,5,V2-004-D1-TCNMEAN-F03-S20260927,f02c47aad1549dbd9710aef224c49f59b190eb0ed6cee1ba2a4cc8908a386ca7
68cd94baefe349a39df0b9ad9c88b7bb7696a21720266d0ce209fa86a6e6b14a,MITDB_P103,103,1085000000,3,20260927,MODEL_V2_TCN_MEAN,0,-2.674434185028076,0.0644989013671875,5,V2-004-D1-TCNMEAN-F03-S20260927,f02c47aad1549dbd9710aef224c49f59b190eb0ed6cee1ba2a4cc8908a386ca7
6910024271b1d7e3182712a0010f473cd5adb61b07e8c7c5c8d0a7dd335b4cd1,MITDB_P114,114,1270000000,3,20260927,MODEL_V2_TCN_MEAN,0,1.2588245868682861,0.7788236737251282,5,V2-004-D1-TCNMEAN-F03-S20260927,f02c47aad1549dbd9710aef224c49f59b190eb0ed6cee1ba2a4cc8908a386ca7
6920416145489e65101c9c1a0b0c9faeab097ca3aacb6542e8fed6d330a0b387,MITDB_P208,208,1655000000,3,20260927,MODEL_V2_TCN_MEAN,1,10.625292778015137,0.9999756813049316,5,V2-004-D1-TCNMEAN-F03-S20260927,f02c47aad1549dbd9710aef224c49f59b190eb0ed6cee1ba2a4cc8908a386ca7
692c54f8c9e6c4114482b98665a3848fecbd3a9c8c401f44345f867f342d5122,MITDB_P208,208,1175000000,3,20260927,MODEL_V2_TCN_MEAN,1,6.4479289054870605,0.9984186887741089,5,V2-004-D1-TCNMEAN-F03-S20260927,f02c47aad1549dbd9710aef224c49f59b190eb0ed6cee1ba2a4cc8908a386ca7
6940b009260e9d765e90f48af4467a55681d55b004d502e7a6d00d98b24045cb,MITDB_P114,114,1240000000,3,20260927,MODEL_V2_TCN_MEAN,0,3.7679481506347656,0.9774221181869507,5,V2-004-D1-TCNMEAN-F03-S20260927,f02c47aad1549dbd9710aef224c49f59b190eb0ed6cee1ba2a4cc8908a386ca7
69ad6a2628ddf6c245373835bedfcede61bc7bef3c73556ebb9b402127f97cfb,MITDB_P114,114,480000000,3,20260927,MODEL_V2_TCN_MEAN,1,9.269020080566406,0.9999057054519653,5,V2-004-D1-TCNMEAN-F03-S20260927,f02c47aad1549dbd9710aef224c49f59b190eb0ed6cee1ba2a4cc8908a386ca7
69d272d7dfc04bf4e2ff71e961fdcd49b67cfe020323175ee617248e7fe50ee1,MITDB_P121,121,695000000,3,20260927,MODEL_V2_TCN_MEAN,0,-4.104322910308838,0.01623331941664219,5,V2-004-D1-TCNMEAN-F03-S20260927,f02c47aad1549dbd9710aef224c49f59b190eb0ed6cee1ba2a4cc8908a386ca7
69e8e3d350d75e32d529675200ecc2e8aa7ea3e5cb045e1bc0b893ab2ae60ff3,MITDB_P103,103,10000000,3,20260927,MODEL_V2_TCN_MEAN,0,-3.4694719314575195,0.03019343875348568,5,V2-004-D1-TCNMEAN-F03-S20260927,f02c47aad1549dbd9710aef224c49f59b190eb0ed6cee1ba2a4cc8908a386ca7
6a1db0aababc7cd994c56ac522dc6b2b4b9673ccec8c1d8b0fe58d1e26363e8b,MITDB_P223,223,350000000,3,20260927,MODEL_V2_TCN_MEAN,0,-3.0026326179504395,0.047307081520557404,5,V2-004-D1-TCNMEAN-F03-S20260927,f02c47aad1549dbd9710aef224c49f59b190eb0ed6cee1ba2a4cc8908a386ca7
6a45bf55563504d53f3ad631a709fa8077fdd3615af8c9c832b1309663402a8d,MITDB_P103,103,75000000,3,20260927,MODEL_V2_TCN_MEAN,0,-3.257568836212158,0.037055861204862595,5,V2-004-D1-TCNMEAN-F03-S20260927,f02c47aad1549dbd9710aef224c49f59b190eb0ed6cee1ba2a4cc8908a386ca7
6a46a0f36f504ed64bcd5472a1363356702f8d2410bc8582c29c45631ccce17b,MITDB_P208,208,1085000000,3,20260927,MODEL_V2_TCN_MEAN,1,9.668015480041504,0.9999366998672485,5,V2-004-D1-TCNMEAN-F03-S20260927,f02c47aad1549dbd9710aef224c49f59b190eb0ed6cee1ba2a4cc8908a386ca7
6a4df3dd2caf949c4efed5b2b63afc77af267ee26cbc7ff0df91b4052d27c081,MITDB_P103,103,375000000,3,20260927,MODEL_V2_TCN_MEAN,0,-1.9302756786346436,0.12672007083892822,5,V2-004-D1-TCNMEAN-F03-S20260927,f02c47aad1549dbd9710aef224c49f59b190eb0ed6cee1ba2a4cc8908a386ca7
6a986728f1c8eb145c2c3eec8efbee43d10620fc177f648856e9f1027b05adb1,MITDB_P223,223,35000000,3,20260927,MODEL_V2_TCN_MEAN,0,-2.5257630348205566,0.07407171279191971,5,V2-004-D1-TCNMEAN-F03-S20260927,f02c47aad1549dbd9710aef224c49f59b190eb0ed6cee1ba2a4cc8908a386ca7
6a9895c7880e5e60df7124b4091254dbdf9dca7e76b7c8e3f85a839ad1182425,MITDB_P103,103,1030000000,3,20260927,MODEL_V2_TCN_MEAN,0,-2.788370370864868,0.05795586481690407,5,V2-004-D1-TCNMEAN-F03-S20260927,f02c47aad1549dbd9710aef224c49f59b190eb0ed6cee1ba2a4cc8908a386ca7
6aae8f2bfc2b258686dd3b223671dd6df2eeeba4006a04118e1ddc018ff1fe09,MITDB_P121,121,360000000,3,20260927,MODEL_V2_TCN_MEAN,0,0.40845245122909546,0.600716769695282,5,V2-004-D1-TCNMEAN-F03-S20260927,f02c47aad1549dbd9710aef224c49f59b190eb0ed6cee1ba2a4cc8908a386ca7
6ab04244c15ea6f8719d5a6c7bf61d5fd1fbc2463eaf903c2117dcda9a1cecaa,MITDB_P121,121,60000000,3,20260927,MODEL_V2_TCN_MEAN,0,-5.039917469024658,0.006432636175304651,5,V2-004-D1-TCNMEAN-F03-S20260927,f02c47aad1549dbd9710aef224c49f59b190eb0ed6cee1ba2a4cc8908a386ca7
6ad40d33527f039d7e10d6be5f15f662a2557416ca63ced81e229eb89310b952,MITDB_P208,208,615000000,3,20260927,MODEL_V2_TCN_MEAN,1,15.029483795166016,0.9999997615814209,5,V2-004-D1-TCNMEAN-F03-S20260927,f02c47aad1549dbd9710aef224c49f59b190eb0ed6cee1ba2a4cc8908a386ca7
6af26d839dbc10207b1eda45144635768c34874e614d9c3fb4b3f6ee12f2806d,MITDB_P114,114,605000000,3,20260927,MODEL_V2_TCN_MEAN,0,4.432127475738525,0.9882504940032959,5,V2-004-D1-TCNMEAN-F03-S20260927,f02c47aad1549dbd9710aef224c49f59b190eb0ed6cee1ba2a4cc8908a386ca7
6b04516b8a7e08e0ef305cf196c27ebda6ecb5c9ceca4cae89242b35e12752a4,MITDB_P114,114,1005000000,3,20260927,MODEL_V2_TCN_MEAN,0,1.1073116064071655,0.7516275644302368,5,V2-004-D1-TCNMEAN-F03-S20260927,f02c47aad1549dbd9710aef224c49f59b190eb0ed6cee1ba2a4cc8908a386ca7
6b3e2ec0fbb6904aa8a243f032b876257b64b782a2e78c8767dbe3ac9619bcc5,MITDB_P121,121,1195000000,3,20260927,MODEL_V2_TCN_MEAN,0,-3.900491237640381,0.01983075588941574,5,V2-004-D1-TCNMEAN-F03-S20260927,f02c47aad1549dbd9710aef224c49f59b190eb0ed6cee1ba2a4cc8908a386ca7
6b4cf01e17cc6662661060400e35b82d03f21c3110746cba8cd79a5e3d0858b7,MITDB_P208,208,620000000,3,20260927,MODEL_V2_TCN_MEAN,1,13.297466278076172,0.9999983310699463,5,V2-004-D1-TCNMEAN-F03-S20260927,f02c47aad1549dbd9710aef224c49f59b190eb0ed6cee1ba2a4cc8908a386ca7
6b793df9ad18a0634a282045535aa2f21086637b0ccba885cd550537572b0955,MITDB_P208,208,30000000,3,20260927,MODEL_V2_TCN_MEAN,1,10.144084930419922,0.9999606609344482,5,V2-004-D1-TCNMEAN-F03-S20260927,f02c47aad1549dbd9710aef224c49f59b190eb0ed6cee1ba2a4cc8908a386ca7
6bc8c2616c497cf1acc5d05e4c7154526bf9bf7592d785bc84cd18617f2ea36a,MITDB_P121,121,1130000000,3,20260927,MODEL_V2_TCN_MEAN,0,-3.5008113384246826,0.029289154335856438,5,V2-004-D1-TCNMEAN-F03-S20260927,f02c47aad1549dbd9710aef224c49f59b190eb0ed6cee1ba2a4cc8908a386ca7
6bd6803c0a3a62af3eb7528459d3bfeb21cb057fdacbbaff1da95baed9045e14,MITDB_P223,223,440000000,3,20260927,MODEL_V2_TCN_MEAN,1,-1.5235882997512817,0.17893372476100922,5,V2-004-D1-TCNMEAN-F03-S20260927,f02c47aad1549dbd9710aef224c49f59b190eb0ed6cee1ba2a4cc8908a386ca7
6bdfb247bfff2e9f75a6d92c17874f334a8d1fc8fd1296fa6d03abb97f9fe431,MITDB_P208,208,970000000,3,20260927,MODEL_V2_TCN_MEAN,1,14.304753303527832,0.9999994039535522,5,V2-004-D1-TCNMEAN-F03-S20260927,f02c47aad1549dbd9710aef224c49f59b190eb0ed6cee1ba2a4cc8908a386ca7
6c25279d200005f0039eaff0723f8d80c5eee512a5eb4a39049f1cb0af5bf877,MITDB_P103,103,650000000,3,20260927,MODEL_V2_TCN_MEAN,0,-3.007185697555542,0.04710230231285095,5,V2-004-D1-TCNMEAN-F03-S20260927,f02c47aad1549dbd9710aef224c49f59b190eb0ed6cee1ba2a4cc8908a386ca7
6c2eb909bf8532f928367ab6cc8c9b1e954e2305e664eb9c8067fef185984909,MITDB_P103,103,1045000000,3,20260927,MODEL_V2_TCN_MEAN,0,-3.0270705223083496,0.046217791736125946,5,V2-004-D1-TCNMEAN-F03-S20260927,f02c47aad1549dbd9710aef224c49f59b190eb0ed6cee1ba2a4cc8908a386ca7
6c5616117ef9e49bcb5ed8a7146331d3e2968dc60c1e273e3378508e555fffa9,MITDB_P103,103,1550000000,3,20260927,MODEL_V2_TCN_MEAN,0,-2.088441848754883,0.11022529751062393,5,V2-004-D1-TCNMEAN-F03-S20260927,f02c47aad1549dbd9710aef224c49f59b190eb0ed6cee1ba2a4cc8908a386ca7
6c91c6585b2c5ba75ff28161960c1943b0dc311686bd5575de440623c78adcbd,MITDB_P208,208,1720000000,3,20260927,MODEL_V2_TCN_MEAN,1,11.650789260864258,0.9999912977218628,5,V2-004-D1-TCNMEAN-F03-S20260927,f02c47aad1549dbd9710aef224c49f59b190eb0ed6cee1ba2a4cc8908a386ca7
6cab7bb2cfc6d6d925c99a99239005996bb3f32179f5ce51017c78759c71ff36,MITDB_P208,208,530000000,3,20260927,MODEL_V2_TCN_MEAN,1,15.386161804199219,0.9999997615814209,5,V2-004-D1-TCNMEAN-F03-S20260927,f02c47aad1549dbd9710aef224c49f59b190eb0ed6cee1ba2a4cc8908a386ca7
6cad25a86246e00e42e008528370e1207ef2f4e112b9da4d07db3adcb0466475,MITDB_P208,208,1710000000,3,20260927,MODEL_V2_TCN_MEAN,1,9.718786239624023,0.9999397993087769,5,V2-004-D1-TCNMEAN-F03-S20260927,f02c47aad1549dbd9710aef224c49f59b190eb0ed6cee1ba2a4cc8908a386ca7
6cb67751530e654593197d48778877181180018845b46c2ff8bdda7b951636da,MITDB_P223,223,215000000,3,20260927,MODEL_V2_TCN_MEAN,0,-1.8605899810791016,0.13463430106639862,5,V2-004-D1-TCNMEAN-F03-S20260927,f02c47aad1549dbd9710aef224c49f59b190eb0ed6cee1ba2a4cc8908a386ca7
6cf1593fd9bf1c5e1d65440f5a01929ea357bc90b64692b7f1b96552edc77d60,MITDB_P103,103,1135000000,3,20260927,MODEL_V2_TCN_MEAN,0,-2.1684458255767822,0.10262007266283035,5,V2-004-D1-TCNMEAN-F03-S20260927,f02c47aad1549dbd9710aef224c49f59b190eb0ed6cee1ba2a4cc8908a386ca7
6d2ed7de5c999db567cb59dca1bf04042ef98bf244efd2e87f4c713ac62b6362,MITDB_P223,223,1015000000,3,20260927,MODEL_V2_TCN_MEAN,1,10.6685791015625,0.9999767541885376,5,V2-004-D1-TCNMEAN-F03-S20260927,f02c47aad1549dbd9710aef224c49f59b190eb0ed6cee1ba2a4cc8908a386ca7
6d34c82c91d00cef6a34f1f038ecdc22afd6ebaa2d9240b52c60b054bbd14121,MITDB_P208,208,950000000,3,20260927,MODEL_V2_TCN_MEAN,1,14.082805633544922,0.9999992847442627,5,V2-004-D1-TCNMEAN-F03-S20260927,f02c47aad1549dbd9710aef224c49f59b190eb0ed6cee1ba2a4cc8908a386ca7
6d7bde31119587442bd1c9905572388b1f23aefb45b91359379f00fa481c93f0,MITDB_P223,223,380000000,3,20260927,MODEL_V2_TCN_MEAN,1,-2.3088650703430176,0.09039141237735748,5,V2-004-D1-TCNMEAN-F03-S20260927,f02c47aad1549dbd9710aef224c49f59b190eb0ed6cee1ba2a4cc8908a386ca7
6d818e4be46768521c0ce784019f0f84a206116f5fa24b68d93730fd647a3660,MITDB_P114,114,1025000000,3,20260927,MODEL_V2_TCN_MEAN,0,1.6454110145568848,0.8382698893547058,5,V2-004-D1-TCNMEAN-F03-S20260927,f02c47aad1549dbd9710aef224c49f59b190eb0ed6cee1ba2a4cc8908a386ca7
6d8a66ffa177123c359189bb5e924cb28146c5e3a8411b13971cb7ec0550acc9,MITDB_P103,103,450000000,3,20260927,MODEL_V2_TCN_MEAN,0,-3.0260753631591797,0.046261679381132126,5,V2-004-D1-TCNMEAN-F03-S20260927,f02c47aad1549dbd9710aef224c49f59b190eb0ed6cee1ba2a4cc8908a386ca7
6daa80bcd25d10dc11c2f052c333d3b25d4051ab6f4d034e694e75bf15ce608b,MITDB_P121,121,1800000000,3,20260927,MODEL_V2_TCN_MEAN,0,-6.451527118682861,0.0015756238717585802,5,V2-004-D1-TCNMEAN-F03-S20260927,f02c47aad1549dbd9710aef224c49f59b190eb0ed6cee1ba2a4cc8908a386ca7
6e01b1fba02d498783fd98e6ffae7b0e6196c117335119d58fa7d5cb66e7adac,MITDB_P114,114,835000000,3,20260927,MODEL_V2_TCN_MEAN,0,2.8777337074279785,0.9467346668243408,5,V2-004-D1-TCNMEAN-F03-S20260927,f02c47aad1549dbd9710aef224c49f59b190eb0ed6cee1ba2a4cc8908a386ca7
6e371fd6dcef24a9aaca7d188c88d9c6249798b4061b8295e8880d0261482c44,MITDB_P103,103,1800000000,3,20260927,MODEL_V2_TCN_MEAN,0,-2.1162540912628174,0.10752702504396439,5,V2-004-D1-TCNMEAN-F03-S20260927,f02c47aad1549dbd9710aef224c49f59b190eb0ed6cee1ba2a4cc8908a386ca7
6ef3ee91609d43cb8f90b0acf51b407b4dd1192e60c403d3a539af649b885c95,MITDB_P121,121,1100000000,3,20260927,MODEL_V2_TCN_MEAN,0,-4.453023433685303,0.011509304866194725,5,V2-004-D1-TCNMEAN-F03-S20260927,f02c47aad1549dbd9710aef224c49f59b190eb0ed6cee1ba2a4cc8908a386ca7
6f080ed1ba7a2894642326920b08fa160ac63b2c80f0074c1be710ce8235216b,MITDB_P114,114,1400000000,3,20260927,MODEL_V2_TCN_MEAN,0,1.1265252828598022,0.7551970481872559,5,V2-004-D1-TCNMEAN-F03-S20260927,f02c47aad1549dbd9710aef224c49f59b190eb0ed6cee1ba2a4cc8908a386ca7
6f1325287dba0d537c89dccda6cfcfab50baf28356faf6f1fb444772d9eb28c4,MITDB_P208,208,600000000,3,20260927,MODEL_V2_TCN_MEAN,1,15.76109504699707,0.9999998807907104,5,V2-004-D1-TCNMEAN-F03-S20260927,f02c47aad1549dbd9710aef224c49f59b190eb0ed6cee1ba2a4cc8908a386ca7
6f33f3c5e2fd2ee83b5cc9be995fd15118095016b753eb56c974063d7134a80a,MITDB_P121,121,1770000000,3,20260927,MODEL_V2_TCN_MEAN,0,-5.501011371612549,0.004066040273755789,5,V2-004-D1-TCNMEAN-F03-S20260927,f02c47aad1549dbd9710aef224c49f59b190eb0ed6cee1ba2a4cc8908a386ca7
6f3a6aa717bcbe685506d6c0c39d9e6afeda2d569dab0ac2314662d41402312e,MITDB_P208,208,105000000,3,20260927,MODEL_V2_TCN_MEAN,1,12.138313293457031,0.9999946355819702,5,V2-004-D1-TCNMEAN-F03-S20260927,f02c47aad1549dbd9710aef224c49f59b190eb0ed6cee1ba2a4cc8908a386ca7
6f5c6dc4b0557f6e54409fed99381d597ad915589c984083af92bdef23a6fb21,MITDB_P114,114,460000000,3,20260927,MODEL_V2_TCN_MEAN,1,10.028553009033203,0.9999558925628662,5,V2-004-D1-TCNMEAN-F03-S20260927,f02c47aad1549dbd9710aef224c49f59b190eb0ed6cee1ba2a4cc8908a386ca7
6f87f9498f1861cecabe50e60ac81451ee78d09a9523820a67671777771afbc4,MITDB_P103,103,1680000000,3,20260927,MODEL_V2_TCN_MEAN,0,-1.4390313625335693,0.19169539213180542,5,V2-004-D1-TCNMEAN-F03-S20260927,f02c47aad1549dbd9710aef224c49f59b190eb0ed6cee1ba2a4cc8908a386ca7
6f93f4e16109cba67abd540971f4139bec2cc2aa6ff35a684407e4ecbdf6d803,MITDB_P103,103,750000000,3,20260927,MODEL_V2_TCN_MEAN,0,-2.253354072570801,0.0950605496764183,5,V2-004-D1-TCNMEAN-F03-S20260927,f02c47aad1549dbd9710aef224c49f59b190eb0ed6cee1ba2a4cc8908a386ca7
6fe760a045d85498f28a9aaacde50bc4eaf2932cc6cc04c8f1bf7b3f7d44e019,MITDB_P223,223,400000000,3,20260927,MODEL_V2_TCN_MEAN,0,-2.478405714035034,0.07738595455884933,5,V2-004-D1-TCNMEAN-F03-S20260927,f02c47aad1549dbd9710aef224c49f59b190eb0ed6cee1ba2a4cc8908a386ca7
70353fe796801bbf09a29157b501c1fa3a8d88ccae57efb8cc67f7015e49016a,MITDB_P208,208,1155000000,3,20260927,MODEL_V2_TCN_MEAN,1,5.030203342437744,0.9935050010681152,5,V2-004-D1-TCNMEAN-F03-S20260927,f02c47aad1549dbd9710aef224c49f59b190eb0ed6cee1ba2a4cc8908a386ca7
703d91c4b920930c0b057903020d4f4dd89f72089db2a2d575ac8877c125a353,MITDB_P121,121,825000000,3,20260927,MODEL_V2_TCN_MEAN,0,-3.9940009117126465,0.018092477694153786,5,V2-004-D1-TCNMEAN-F03-S20260927,f02c47aad1549dbd9710aef224c49f59b190eb0ed6cee1ba2a4cc8908a386ca7
70ac5487bcb806c6de6707e41930fb777f803574e191fde6dc7706ddb0afc0f3,MITDB_P114,114,130000000,3,20260927,MODEL_V2_TCN_MEAN,1,12.38302230834961,0.9999958276748657,5,V2-004-D1-TCNMEAN-F03-S20260927,f02c47aad1549dbd9710aef224c49f59b190eb0ed6cee1ba2a4cc8908a386ca7
70ba4cc66eacd865bc9f16215fcd1103dd0f17bdf9db6a36f3a85374e01983d2,MITDB_P114,114,1575000000,3,20260927,MODEL_V2_TCN_MEAN,0,-0.5582186579704285,0.36395972967147827,5,V2-004-D1-TCNMEAN-F03-S20260927,f02c47aad1549dbd9710aef224c49f59b190eb0ed6cee1ba2a4cc8908a386ca7
70e0c80d993b9f089967a50d89cf9a795c28a5911ed45d953678dd8237a14adf,MITDB_P103,103,315000000,3,20260927,MODEL_V2_TCN_MEAN,0,-2.1719751358032227,0.10229551792144775,5,V2-004-D1-TCNMEAN-F03-S20260927,f02c47aad1549dbd9710aef224c49f59b190eb0ed6cee1ba2a4cc8908a386ca7
70efe9c2c76ea0235816be2f2052cd8f69d669612b87f124f74a91332fe2c958,MITDB_P114,114,255000000,3,20260927,MODEL_V2_TCN_MEAN,1,17.84660530090332,1.0,5,V2-004-D1-TCNMEAN-F03-S20260927,f02c47aad1549dbd9710aef224c49f59b190eb0ed6cee1ba2a4cc8908a386ca7
71068e9ad4064414e9e316bdc872941459d82255e1c5a1cd50088cfad1c4afd0,MITDB_P208,208,205000000,3,20260927,MODEL_V2_TCN_MEAN,1,13.592790603637695,0.9999988079071045,5,V2-004-D1-TCNMEAN-F03-S20260927,f02c47aad1549dbd9710aef224c49f59b190eb0ed6cee1ba2a4cc8908a386ca7
710aaaa8c5c261e44ad32bdca0f761ce0770d933cc284dbe88cc50b78b38f999,MITDB_P103,103,1775000000,3,20260927,MODEL_V2_TCN_MEAN,0,-1.4692432880401611,0.18705765902996063,5,V2-004-D1-TCNMEAN-F03-S20260927,f02c47aad1549dbd9710aef224c49f59b190eb0ed6cee1ba2a4cc8908a386ca7
7134778a209943348c1624e031be340256d83ccb56deeea5c2c39cc3f78dffcb,MITDB_P208,208,1390000000,3,20260927,MODEL_V2_TCN_MEAN,1,11.503972053527832,0.9999898672103882,5,V2-004-D1-TCNMEAN-F03-S20260927,f02c47aad1549dbd9710aef224c49f59b190eb0ed6cee1ba2a4cc8908a386ca7
7188d9e5b9c703065b3dc7ade2e4fb0d1f160580bf6a213bee3e6f3e9052f655,MITDB_P121,121,1155000000,3,20260927,MODEL_V2_TCN_MEAN,0,-4.741734981536865,0.008648056536912918,5,V2-004-D1-TCNMEAN-F03-S20260927,f02c47aad1549dbd9710aef224c49f59b190eb0ed6cee1ba2a4cc8908a386ca7
71cfce4a27fee5c886f0165c28bed24592e80aad888f17fcfe24341995ee25b0,MITDB_P208,208,1195000000,3,20260927,MODEL_V2_TCN_MEAN,1,10.210103988647461,0.9999631643295288,5,V2-004-D1-TCNMEAN-F03-S20260927,f02c47aad1549dbd9710aef224c49f59b190eb0ed6cee1ba2a4cc8908a386ca7
71d8fc1cf011892c4b28b2892c3013cad9b837507ba86ce051c6e4ba88a9d641,MITDB_P114,114,810000000,3,20260927,MODEL_V2_TCN_MEAN,0,2.388115644454956,0.9159165620803833,5,V2-004-D1-TCNMEAN-F03-S20260927,f02c47aad1549dbd9710aef224c49f59b190eb0ed6cee1ba2a4cc8908a386ca7
71dc0300e1e3400b00e0e14197b371d625619b40cd94ead83aa569629237160a,MITDB_P121,121,725000000,3,20260927,MODEL_V2_TCN_MEAN,0,-3.6502552032470703,0.025326402857899666,5,V2-004-D1-TCNMEAN-F03-S20260927,f02c47aad1549dbd9710aef224c49f59b190eb0ed6cee1ba2a4cc8908a386ca7
725c9e5eb6c0cc1489b6628db6bd9cd93dc98b35e71a1c62ed45d76f1df3d0a0,MITDB_P114,114,510000000,3,20260927,MODEL_V2_TCN_MEAN,1,4.84329080581665,0.992180585861206,5,V2-004-D1-TCNMEAN-F03-S20260927,f02c47aad1549dbd9710aef224c49f59b190eb0ed6cee1ba2a4cc8908a386ca7
72cdd18028605d3807cce6863fce32edcd4079a820465abd0434c6f1c98d9946,MITDB_P223,223,225000000,3,20260927,MODEL_V2_TCN_MEAN,0,-2.787336587905884,0.058012329041957855,5,V2-004-D1-TCNMEAN-F03-S20260927,f02c47aad1549dbd9710aef224c49f59b190eb0ed6cee1ba2a4cc8908a386ca7
7309eba1499911f99b20ba65f3683f4b94b49125a32dcaf3eb743b8dcb4b873e,MITDB_P121,121,305000000,3,20260927,MODEL_V2_TCN_MEAN,0,-4.324011325836182,0.013073461130261421,5,V2-004-D1-TCNMEAN-F03-S20260927,f02c47aad1549dbd9710aef224c49f59b190eb0ed6cee1ba2a4cc8908a386ca7
731f2278fc31e0eaa6c27645b0066707bb659b55cd1426e2c0fbcda255732c0e,MITDB_P223,223,1415000000,3,20260927,MODEL_V2_TCN_MEAN,1,15.898488998413086,0.9999998807907104,5,V2-004-D1-TCNMEAN-F03-S20260927,f02c47aad1549dbd9710aef224c49f59b190eb0ed6cee1ba2a4cc8908a386ca7
7351eb9f3385ab64fdb0ebe89aba982734d7dbf25e119ceb872a7b0210828725,MITDB_P121,121,390000000,3,20260927,MODEL_V2_TCN_MEAN,0,-3.5583901405334473,0.02769573964178562,5,V2-004-D1-TCNMEAN-F03-S20260927,f02c47aad1549dbd9710aef224c49f59b190eb0ed6cee1ba2a4cc8908a386ca7
73695e8c7217abb836c2abc4a3f626dc2e759e2c846f4bd548b12edcc8cfd16b,MITDB_P114,114,420000000,3,20260927,MODEL_V2_TCN_MEAN,1,8.817352294921875,0.9998518228530884,5,V2-004-D1-TCNMEAN-F03-S20260927,f02c47aad1549dbd9710aef224c49f59b190eb0ed6cee1ba2a4cc8908a386ca7
73808a8438260bb5283dfeb0a7985d9d169205500af5e496dc72b030a58cd3b0,MITDB_P208,208,435000000,3,20260927,MODEL_V2_TCN_MEAN,1,13.962787628173828,0.9999991655349731,5,V2-004-D1-TCNMEAN-F03-S20260927,f02c47aad1549dbd9710aef224c49f59b190eb0ed6cee1ba2a4cc8908a386ca7
7384287c4fd5aeabe5788c821c5446bec5ddb9288aae9c874637230cb3bf8ff6,MITDB_P114,114,755000000,3,20260927,MODEL_V2_TCN_MEAN,1,11.308721542358398,0.9999877214431763,5,V2-004-D1-TCNMEAN-F03-S20260927,f02c47aad1549dbd9710aef224c49f59b190eb0ed6cee1ba2a4cc8908a386ca7
7393f6248c53f3a8141752506441cc3cc4cdebad399cc442a20bc48cf7e5d55c,MITDB_P223,223,1645000000,3,20260927,MODEL_V2_TCN_MEAN,1,7.7586669921875,0.9995731711387634,5,V2-004-D1-TCNMEAN-F03-S20260927,f02c47aad1549dbd9710aef224c49f59b190eb0ed6cee1ba2a4cc8908a386ca7
73b0de5cdf95915509e341defddbb28b20db1e4fe33834f9ec9ad6c4f75237ae,MITDB_P208,208,495000000,3,20260927,MODEL_V2_TCN_MEAN,1,14.782554626464844,0.9999996423721313,5,V2-004-D1-TCNMEAN-F03-S20260927,f02c47aad1549dbd9710aef224c49f59b190eb0ed6cee1ba2a4cc8908a386ca7
73baf4eb45b868684e3c1696d699757d37efcd231e0668c91eeef4002121c557,MITDB_P208,208,155000000,3,20260927,MODEL_V2_TCN_MEAN,1,12.293354988098145,0.9999954700469971,5,V2-004-D1-TCNMEAN-F03-S20260927,f02c47aad1549dbd9710aef224c49f59b190eb0ed6cee1ba2a4cc8908a386ca7
73c4e96dbec8b22e9010a0fb5096f27677c364f027fc93c1411476451070fa8c,MITDB_P114,114,870000000,3,20260927,MODEL_V2_TCN_MEAN,0,3.205676317214966,0.9610472917556763,5,V2-004-D1-TCNMEAN-F03-S20260927,f02c47aad1549dbd9710aef224c49f59b190eb0ed6cee1ba2a4cc8908a386ca7
73d32681ba429dc2b8aa7bf3e15765da2813e5eef270c1af7ddf50f8e0b532ac,MITDB_P103,103,1555000000,3,20260927,MODEL_V2_TCN_MEAN,0,-1.6103711128234863,0.1665370911359787,5,V2-004-D1-TCNMEAN-F03-S20260927,f02c47aad1549dbd9710aef224c49f59b190eb0ed6cee1ba2a4cc8908a386ca7
740599da3fd46b3863ef75c140ad6b23c88243b27c106064c0405be86b770e0f,MITDB_P114,114,945000000,3,20260927,MODEL_V2_TCN_MEAN,0,2.9712843894958496,0.9512598514556885,5,V2-004-D1-TCNMEAN-F03-S20260927,f02c47aad1549dbd9710aef224c49f59b190eb0ed6cee1ba2a4cc8908a386ca7
7487ff0b05bb593d2dd055e95a9bc81b135a8a8df205f3f2c3f35438d3679882,MITDB_P223,223,855000000,3,20260927,MODEL_V2_TCN_MEAN,0,-2.7261576652526855,0.0614473819732666,5,V2-004-D1-TCNMEAN-F03-S20260927,f02c47aad1549dbd9710aef224c49f59b190eb0ed6cee1ba2a4cc8908a386ca7
748aff5ddb9317ded5670d1183d53f31cedda0cdd6544fb7cbc059a837a6ea83,MITDB_P114,114,1445000000,3,20260927,MODEL_V2_TCN_MEAN,0,0.6408484578132629,0.6549452543258667,5,V2-004-D1-TCNMEAN-F03-S20260927,f02c47aad1549dbd9710aef224c49f59b190eb0ed6cee1ba2a4cc8908a386ca7
7499488700a1e20a8d9e3cde8ca8afe7a798bb2a6099bc0e8280af06940a56e9,MITDB_P103,103,460000000,3,20260927,MODEL_V2_TCN_MEAN,0,-1.8686041831970215,0.1337033212184906,5,V2-004-D1-TCNMEAN-F03-S20260927,f02c47aad1549dbd9710aef224c49f59b190eb0ed6cee1ba2a4cc8908a386ca7
74f58284aa8524c9126c111682bb5e4f2330c413c5ef51f9e2ccae00738309a0,MITDB_P208,208,215000000,3,20260927,MODEL_V2_TCN_MEAN,1,10.864712715148926,0.9999809265136719,5,V2-004-D1-TCNMEAN-F03-S20260927,f02c47aad1549dbd9710aef224c49f59b190eb0ed6cee1ba2a4cc8908a386ca7
75025283be60aeda8217db93a1387cdd08172cba5f8b42266e0e27bca7c45350,MITDB_P208,208,290000000,3,20260927,MODEL_V2_TCN_MEAN,1,11.328132629394531,0.9999879598617554,5,V2-004-D1-TCNMEAN-F03-S20260927,f02c47aad1549dbd9710aef224c49f59b190eb0ed6cee1ba2a4cc8908a386ca7
75121e07f4328bd495f1b86f9ea3938037c1222f2c7b1e12a2348e2b9f281542,MITDB_P208,208,405000000,3,20260927,MODEL_V2_TCN_MEAN,1,14.637518882751465,0.9999995231628418,5,V2-004-D1-TCNMEAN-F03-S20260927,f02c47aad1549dbd9710aef224c49f59b190eb0ed6cee1ba2a4cc8908a386ca7
7533099270e4ba8fcf03672d261bcc42691064ab2c7826981ba939b91999a535,MITDB_P114,114,1790000000,3,20260927,MODEL_V2_TCN_MEAN,0,0.9456988573074341,0.720249354839325,5,V2-004-D1-TCNMEAN-F03-S20260927,f02c47aad1549dbd9710aef224c49f59b190eb0ed6cee1ba2a4cc8908a386ca7
7537cbb67f3a67754b64c1cc2a16c0b8b172ce7076feee25331e325a540c28d4,MITDB_P121,121,1410000000,3,20260927,MODEL_V2_TCN_MEAN,0,-2.5117785930633545,0.07503657042980194,5,V2-004-D1-TCNMEAN-F03-S20260927,f02c47aad1549dbd9710aef224c49f59b190eb0ed6cee1ba2a4cc8908a386ca7
757930ffc99843693dcfc7a7c10a6944f1038bb2196a8f5c71e307265d8ded82,MITDB_P114,114,975000000,3,20260927,MODEL_V2_TCN_MEAN,0,4.0739336013793945,0.9832741618156433,5,V2-004-D1-TCNMEAN-F03-S20260927,f02c47aad1549dbd9710aef224c49f59b190eb0ed6cee1ba2a4cc8908a386ca7
757d227105abc40a7f7e2459cf5c2db2ce408d359d6294b28a036cd599c0c909,MITDB_P208,208,125000000,3,20260927,MODEL_V2_TCN_MEAN,1,13.91132926940918,0.9999990463256836,5,V2-004-D1-TCNMEAN-F03-S20260927,f02c47aad1549dbd9710aef224c49f59b190eb0ed6cee1ba2a4cc8908a386ca7
758b2c84f3ebee362b1e454393752908b8563ffe3a51542cb3ed1af77640743e,MITDB_P103,103,1060000000,3,20260927,MODEL_V2_TCN_MEAN,0,-2.3218789100646973,0.08932709693908691,5,V2-004-D1-TCNMEAN-F03-S20260927,f02c47aad1549dbd9710aef224c49f59b190eb0ed6cee1ba2a4cc8908a386ca7
758f103014d0a030b699829a814e88d69d0a95e05fbf3bb4a8a1ddc4627529dc,MITDB_P223,223,235000000,3,20260927,MODEL_V2_TCN_MEAN,1,1.1985485553741455,0.768266499042511,5,V2-004-D1-TCNMEAN-F03-S20260927,f02c47aad1549dbd9710aef224c49f59b190eb0ed6cee1ba2a4cc8908a386ca7
75befeb3fa3d2eb8d30e759aeaf2a32e4d4175a5452d23fb2a5ef89d71565ce9,MITDB_P114,114,330000000,3,20260927,MODEL_V2_TCN_MEAN,0,0.4005134701728821,0.5988110303878784,5,V2-004-D1-TCNMEAN-F03-S20260927,f02c47aad1549dbd9710aef224c49f59b190eb0ed6cee1ba2a4cc8908a386ca7
75c0a998e58622abd00182b520c30f7d8c67d2e801daa83bda881c587dfb273c,MITDB_P223,223,1665000000,3,20260927,MODEL_V2_TCN_MEAN,1,14.816208839416504,0.9999996423721313,5,V2-004-D1-TCNMEAN-F03-S20260927,f02c47aad1549dbd9710aef224c49f59b190eb0ed6cee1ba2a4cc8908a386ca7
75ccd447f98ad5c9535decf77dd63882814a69f4bb44b49659bd614465c5d951,MITDB_P121,121,145000000,3,20260927,MODEL_V2_TCN_MEAN,0,-5.078851222991943,0.006188522558659315,5,V2-004-D1-TCNMEAN-F03-S20260927,f02c47aad1549dbd9710aef224c49f59b190eb0ed6cee1ba2a4cc8908a386ca7
75e628ef7154b34c14beef33b45038e308be61df857ca4d3c2a64a52d9642466,MITDB_P103,103,1660000000,3,20260927,MODEL_V2_TCN_MEAN,0,-1.506269097328186,0.1814923733472824,5,V2-004-D1-TCNMEAN-F03-S20260927,f02c47aad1549dbd9710aef224c49f59b190eb0ed6cee1ba2a4cc8908a386ca7
76298b02309f3e6344a309e16a93dbe7ecf00fd33c698dff60d7a12d4102e9db,MITDB_P223,223,1190000000,3,20260927,MODEL_V2_TCN_MEAN,1,1.1822447776794434,0.7653511762619019,5,V2-004-D1-TCNMEAN-F03-S20260927,f02c47aad1549dbd9710aef224c49f59b190eb0ed6cee1ba2a4cc8908a386ca7
7649a584f802f1b40a49256bd210dc3e84bb86e483f79fb0e6568e6a34516779,MITDB_P208,208,285000000,3,20260927,MODEL_V2_TCN_MEAN,1,9.984325408935547,0.9999538660049438,5,V2-004-D1-TCNMEAN-F03-S20260927,f02c47aad1549dbd9710aef224c49f59b190eb0ed6cee1ba2a4cc8908a386ca7
764e5e414434b7517ec7451ca8f9781e073c7bddc70db446fc6587fe8bdfcd93,MITDB_P223,223,570000000,3,20260927,MODEL_V2_TCN_MEAN,1,13.216779708862305,0.9999982118606567,5,V2-004-D1-TCNMEAN-F03-S20260927,f02c47aad1549dbd9710aef224c49f59b190eb0ed6cee1ba2a4cc8908a386ca7
7655d3dd09fff0868638fee95105f436066e5c2c739e0f3756287c61c707d0a5,MITDB_P103,103,1130000000,3,20260927,MODEL_V2_TCN_MEAN,0,-1.6642740964889526,0.15918907523155212,5,V2-004-D1-TCNMEAN-F03-S20260927,f02c47aad1549dbd9710aef224c49f59b190eb0ed6cee1ba2a4cc8908a386ca7
76fa8ee75ef1c9e2430ff80474aa2388bce91f1692070bc438f9ec778ca5406b,MITDB_P103,103,1240000000,3,20260927,MODEL_V2_TCN_MEAN,0,-0.4286413788795471,0.3944507837295532,5,V2-004-D1-TCNMEAN-F03-S20260927,f02c47aad1549dbd9710aef224c49f59b190eb0ed6cee1ba2a4cc8908a386ca7
7730877751d9bfa3b45c78e12da4a0d98f195aed91e4c6757214a24fe7048463,MITDB_P103,103,805000000,3,20260927,MODEL_V2_TCN_MEAN,0,-2.3885412216186523,0.08405067026615143,5,V2-004-D1-TCNMEAN-F03-S20260927,f02c47aad1549dbd9710aef224c49f59b190eb0ed6cee1ba2a4cc8908a386ca7
7732a011a287975757b177d7aea8b512d5f68c5d8459898c2cfc3e492423d2b9,MITDB_P223,223,270000000,3,20260927,MODEL_V2_TCN_MEAN,0,-3.0862746238708496,0.04367697611451149,5,V2-004-D1-TCNMEAN-F03-S20260927,f02c47aad1549dbd9710aef224c49f59b190eb0ed6cee1ba2a4cc8908a386ca7
778380e246249c96fd6aef72b60fe93379771ebff83a4ed498252a5febc21de7,MITDB_P121,121,605000000,3,20260927,MODEL_V2_TCN_MEAN,0,-3.614583730697632,0.026222022250294685,5,V2-004-D1-TCNMEAN-F03-S20260927,f02c47aad1549dbd9710aef224c49f59b190eb0ed6cee1ba2a4cc8908a386ca7
77d439aaca2243cda1099ff6b08a524acea9fb83306ff9a746880744fa22dc5c,MITDB_P223,223,405000000,3,20260927,MODEL_V2_TCN_MEAN,0,-2.7864315509796143,0.05806180462241173,5,V2-004-D1-TCNMEAN-F03-S20260927,f02c47aad1549dbd9710aef224c49f59b190eb0ed6cee1ba2a4cc8908a386ca7
78186de5597413f77316dc21681f32eaa224f1dcd5615155db1013a00ee2e5b1,MITDB_P208,208,210000000,3,20260927,MODEL_V2_TCN_MEAN,1,11.441998481750488,0.9999892711639404,5,V2-004-D1-TCNMEAN-F03-S20260927,f02c47aad1549dbd9710aef224c49f59b190eb0ed6cee1ba2a4cc8908a386ca7
7836973640285fba4e7570634c35981f25d749c18a8a7a19ec1b1b13baddf467,MITDB_P208,208,245000000,3,20260927,MODEL_V2_TCN_MEAN,1,13.257782936096191,0.9999982118606567,5,V2-004-D1-TCNMEAN-F03-S20260927,f02c47aad1549dbd9710aef224c49f59b190eb0ed6cee1ba2a4cc8908a386ca7
7855cc550420b922f776ae29b64b7238cad7e4b3df00683457675ad5ac1613ee,MITDB_P208,208,1430000000,3,20260927,MODEL_V2_TCN_MEAN,1,11.803083419799805,0.9999924898147583,5,V2-004-D1-TCNMEAN-F03-S20260927,f02c47aad1549dbd9710aef224c49f59b190eb0ed6cee1ba2a4cc8908a386ca7
78c1f1f27509df24ae1238fb5ca2bcc2358f6c18042fa1bbdebfb15f4765392e,MITDB_P208,208,410000000,3,20260927,MODEL_V2_TCN_MEAN,1,13.675247192382812,0.9999988079071045,5,V2-004-D1-TCNMEAN-F03-S20260927,f02c47aad1549dbd9710aef224c49f59b190eb0ed6cee1ba2a4cc8908a386ca7
78c6b4e0c85ed7f89969103ec18570c359a90177d7d310e897886050dea66de1,MITDB_P208,208,270000000,3,20260927,MODEL_V2_TCN_MEAN,1,11.637409210205078,0.9999911785125732,5,V2-004-D1-TCNMEAN-F03-S20260927,f02c47aad1549dbd9710aef224c49f59b190eb0ed6cee1ba2a4cc8908a386ca7
78f4c0a4afca2a10f19eff9183916cc38cab60fbd948ea016c35b0dcf0e7f004,MITDB_P208,208,1435000000,3,20260927,MODEL_V2_TCN_MEAN,1,9.394003868103027,0.9999167919158936,5,V2-004-D1-TCNMEAN-F03-S20260927,f02c47aad1549dbd9710aef224c49f59b190eb0ed6cee1ba2a4cc8908a386ca7
79063981a7ce20ee6dbd60144bd06a76f15eac386b14972685f7f188b74f8c50,MITDB_P208,208,835000000,3,20260927,MODEL_V2_TCN_MEAN,1,14.77358627319336,0.9999996423721313,5,V2-004-D1-TCNMEAN-F03-S20260927,f02c47aad1549dbd9710aef224c49f59b190eb0ed6cee1ba2a4cc8908a386ca7
790c22e3321ebb7e7fcbd2be58ba3280797683965c6a671bfaff2a26164fe5cd,MITDB_P103,103,940000000,3,20260927,MODEL_V2_TCN_MEAN,0,-2.353309154510498,0.08680310100317001,5,V2-004-D1-TCNMEAN-F03-S20260927,f02c47aad1549dbd9710aef224c49f59b190eb0ed6cee1ba2a4cc8908a386ca7
791336a14d73b3026f190ec191b8c4774d919061313fc0f114c2ba0e95f680f2,MITDB_P121,121,950000000,3,20260927,MODEL_V2_TCN_MEAN,0,-3.882307529449463,0.02018730528652668,5,V2-004-D1-TCNMEAN-F03-S20260927,f02c47aad1549dbd9710aef224c49f59b190eb0ed6cee1ba2a4cc8908a386ca7
7923c0048b0f3622e655b09f2ce4272910da456c49bf71685eae6bcf2d5f8218,MITDB_P208,208,1315000000,3,20260927,MODEL_V2_TCN_MEAN,1,9.828641891479492,0.999946117401123,5,V2-004-D1-TCNMEAN-F03-S20260927,f02c47aad1549dbd9710aef224c49f59b190eb0ed6cee1ba2a4cc8908a386ca7
7931f6b888986fe3d7ae06ae7c3371f8996b46bc008be7f3db51f0b5fe68288c,MITDB_P114,114,1405000000,3,20260927,MODEL_V2_TCN_MEAN,0,0.75868821144104,0.6810688376426697,5,V2-004-D1-TCNMEAN-F03-S20260927,f02c47aad1549dbd9710aef224c49f59b190eb0ed6cee1ba2a4cc8908a386ca7
793d8302ef9bd1cef0b1b0592256f1f467493e83f30abf9c05d526421a168c22,MITDB_P121,121,1475000000,3,20260927,MODEL_V2_TCN_MEAN,0,-4.55226469039917,0.010433298535645008,5,V2-004-D1-TCNMEAN-F03-S20260927,f02c47aad1549dbd9710aef224c49f59b190eb0ed6cee1ba2a4cc8908a386ca7
79736b8e475a2321484290bea744f4c0e0583ca5d78fc6f57100af74ada8ef12,MITDB_P114,114,720000000,3,20260927,MODEL_V2_TCN_MEAN,0,1.3945435285568237,0.8013166189193726,5,V2-004-D1-TCNMEAN-F03-S20260927,f02c47aad1549dbd9710aef224c49f59b190eb0ed6cee1ba2a4cc8908a386ca7
79a6831e35abae3084ca16d5c4a2a7e15b2c0f76b5bb3df560bed1b987a22251,MITDB_P223,223,1140000000,3,20260927,MODEL_V2_TCN_MEAN,0,-2.6515562534332275,0.06589315831661224,5,V2-004-D1-TCNMEAN-F03-S20260927,f02c47aad1549dbd9710aef224c49f59b190eb0ed6cee1ba2a4cc8908a386ca7
79a8ffee8cfac32ed0624d603a1efb322f3b004ab8b17066412e7401fba00f8e,MITDB_P121,121,1505000000,3,20260927,MODEL_V2_TCN_MEAN,0,-3.654724597930908,0.02521631121635437,5,V2-004-D1-TCNMEAN-F03-S20260927,f02c47aad1549dbd9710aef224c49f59b190eb0ed6cee1ba2a4cc8908a386ca7
79ae397214a5613ab1042a144c86750f5319bb1c45371ff166a478432ef86a3f,MITDB_P121,121,1250000000,3,20260927,MODEL_V2_TCN_MEAN,0,-5.155677318572998,0.005733510013669729,5,V2-004-D1-TCNMEAN-F03-S20260927,f02c47aad1549dbd9710aef224c49f59b190eb0ed6cee1ba2a4cc8908a386ca7
79b238f6fae574e2bea6ccfe9b0c12a11d385ea941f90d99b165bd55df72ae7b,MITDB_P114,114,410000000,3,20260927,MODEL_V2_TCN_MEAN,1,13.786832809448242,0.999998927116394,5,V2-004-D1-TCNMEAN-F03-S20260927,f02c47aad1549dbd9710aef224c49f59b190eb0ed6cee1ba2a4cc8908a386ca7
79b3ba326baf8206ab5a440e562df2e2b3d1b36a4e715c438373112b96fe6a7d,MITDB_P103,103,385000000,3,20260927,MODEL_V2_TCN_MEAN,0,-1.8551428318023682,0.13527020812034607,5,V2-004-D1-TCNMEAN-F03-S20260927,f02c47aad1549dbd9710aef224c49f59b190eb0ed6cee1ba2a4cc8908a386ca7
7a21150b56b538abb5c4ed464098f3ae38e000c62089a6747443b99e001b5ec7,MITDB_P223,223,340000000,3,20260927,MODEL_V2_TCN_MEAN,0,-1.7293033599853516,0.15067671239376068,5,V2-004-D1-TCNMEAN-F03-S20260927,f02c47aad1549dbd9710aef224c49f59b190eb0ed6cee1ba2a4cc8908a386ca7
7a515aa748218ce5bb0747892b131c77bc7f0e5cfdbddefe21ffa40324d81435,MITDB_P121,121,960000000,3,20260927,MODEL_V2_TCN_MEAN,0,-3.631525993347168,0.025792866945266724,5,V2-004-D1-TCNMEAN-F03-S20260927,f02c47aad1549dbd9710aef224c49f59b190eb0ed6cee1ba2a4cc8908a386ca7
7aae703bd009360d54a7e74d439fbdfe75fa2196901149bd62c71c30c6864ca1,MITDB_P103,103,1340000000,3,20260927,MODEL_V2_TCN_MEAN,0,0.26572978496551514,0.566044270992279,5,V2-004-D1-TCNMEAN-F03-S20260927,f02c47aad1549dbd9710aef224c49f59b190eb0ed6cee1ba2a4cc8908a386ca7
7ab7bd4a13bc5c77df082fb1281819a50c180d84057a9670a02bed3dc332a9fd,MITDB_P223,223,575000000,3,20260927,MODEL_V2_TCN_MEAN,1,6.089849948883057,0.9977394342422485,5,V2-004-D1-TCNMEAN-F03-S20260927,f02c47aad1549dbd9710aef224c49f59b190eb0ed6cee1ba2a4cc8908a386ca7
7abb18bf3f743bd359e6f563c893833783f90809131e351907a61f255056fa1f,MITDB_P103,103,1250000000,3,20260927,MODEL_V2_TCN_MEAN,0,-0.38753020763397217,0.40431201457977295,5,V2-004-D1-TCNMEAN-F03-S20260927,f02c47aad1549dbd9710aef224c49f59b190eb0ed6cee1ba2a4cc8908a386ca7
7ad1748ce52a7db35cf0dc6446bb786b3cf5e63bfc8dc52b2806082ccc6a9d98,MITDB_P103,103,780000000,3,20260927,MODEL_V2_TCN_MEAN,0,-2.307792901992798,0.09047961235046387,5,V2-004-D1-TCNMEAN-F03-S20260927,f02c47aad1549dbd9710aef224c49f59b190eb0ed6cee1ba2a4cc8908a386ca7
7adcb67c64d1b01fa03924fa52673e2f303395bf4073292c599df80684a08fbe,MITDB_P121,121,185000000,3,20260927,MODEL_V2_TCN_MEAN,0,-4.558115005493164,0.010373069904744625,5,V2-004-D1-TCNMEAN-F03-S20260927,f02c47aad1549dbd9710aef224c49f59b190eb0ed6cee1ba2a4cc8908a386ca7
7ae2898d58debf50e412af9b9696e5396dda091666a7970f4619968eb90e6fcd,MITDB_P121,121,190000000,3,20260927,MODEL_V2_TCN_MEAN,0,-4.6851983070373535,0.009146473370492458,5,V2-004-D1-TCNMEAN-F03-S20260927,f02c47aad1549dbd9710aef224c49f59b190eb0ed6cee1ba2a4cc8908a386ca7
7aeb160c1ffd2a5ef2fc2b26c323e632ff278a8f49279d10c3f8e58ef7116b89,MITDB_P121,121,1395000000,3,20260927,MODEL_V2_TCN_MEAN,0,-4.487054347991943,0.011128506623208523,5,V2-004-D1-TCNMEAN-F03-S20260927,f02c47aad1549dbd9710aef224c49f59b190eb0ed6cee1ba2a4cc8908a386ca7
7afae5b385d6b402593f30f0b7d0886898615222c1fa1acd246b815af8d11ff3,MITDB_P103,103,1610000000,3,20260927,MODEL_V2_TCN_MEAN,0,-1.8679511547088623,0.13377897441387177,5,V2-004-D1-TCNMEAN-F03-S20260927,f02c47aad1549dbd9710aef224c49f59b190eb0ed6cee1ba2a4cc8908a386ca7
7afb77347bf917a8b0ce3df3fa3cef6835c6f094c31871a502775481648ee9b0,MITDB_P121,121,710000000,3,20260927,MODEL_V2_TCN_MEAN,0,-3.7158660888671875,0.02375626377761364,5,V2-004-D1-TCNMEAN-F03-S20260927,f02c47aad1549dbd9710aef224c49f59b190eb0ed6cee1ba2a4cc8908a386ca7
7b1d3ccf92de5fe8ebd478cc4469ff6432855b44e66e03069fde2a78f8dd338f,MITDB_P121,121,250000000,3,20260927,MODEL_V2_TCN_MEAN,0,-2.562032699584961,0.07162225991487503,5,V2-004-D1-TCNMEAN-F03-S20260927,f02c47aad1549dbd9710aef224c49f59b190eb0ed6cee1ba2a4cc8908a386ca7
7b58dd255788fd8b158d5349c7088f7195fced9f553ef0a65830dfbb69b4c766,MITDB_P223,223,360000000,3,20260927,MODEL_V2_TCN_MEAN,1,-1.3096166849136353,0.21255099773406982,5,V2-004-D1-TCNMEAN-F03-S20260927,f02c47aad1549dbd9710aef224c49f59b190eb0ed6cee1ba2a4cc8908a386ca7
7b775c5ebd957ed6e07b5d0a56cd01834c348bd80d8492072ec4c8ee84c28ddb,MITDB_P103,103,995000000,3,20260927,MODEL_V2_TCN_MEAN,0,-2.9693078994750977,0.04883186146616936,5,V2-004-D1-TCNMEAN-F03-S20260927,f02c47aad1549dbd9710aef224c49f59b190eb0ed6cee1ba2a4cc8908a386ca7
7b9042a10f6fe3988cb2a5e0046b77d2a18f54e0287431c206c359860fbf8f47,MITDB_P208,208,1800000000,3,20260927,MODEL_V2_TCN_MEAN,1,9.999649047851562,0.9999545812606812,5,V2-004-D1-TCNMEAN-F03-S20260927,f02c47aad1549dbd9710aef224c49f59b190eb0ed6cee1ba2a4cc8908a386ca7
7bba9a422aa93dcd556749b4afb5063b399866b80e85e274f2141434fb4ab088,MITDB_P121,121,1075000000,3,20260927,MODEL_V2_TCN_MEAN,0,-4.767556667327881,0.008429465815424919,5,V2-004-D1-TCNMEAN-F03-S20260927,f02c47aad1549dbd9710aef224c49f59b190eb0ed6cee1ba2a4cc8908a386ca7
7be28b9c39664cb69787b24762b625e592cffe8574bc1aeaefc7e4dd367cd874,MITDB_P114,114,895000000,3,20260927,MODEL_V2_TCN_MEAN,0,2.829404830932617,0.9442443251609802,5,V2-004-D1-TCNMEAN-F03-S20260927,f02c47aad1549dbd9710aef224c49f59b190eb0ed6cee1ba2a4cc8908a386ca7
7bf8544923064addb6d71865e93a3cb5db2f7c46b21aebd2446c361d99f9ff7a,MITDB_P121,121,540000000,3,20260927,MODEL_V2_TCN_MEAN,0,-2.499419689178467,0.07589887082576752,5,V2-004-D1-TCNMEAN-F03-S20260927,f02c47aad1549dbd9710aef224c49f59b190eb0ed6cee1ba2a4cc8908a386ca7
7c31f264c4a2927afb474eb06558348f17ad0610826aa9137b715bc210a99f4d,MITDB_P223,223,535000000,3,20260927,MODEL_V2_TCN_MEAN,1,5.632474422454834,0.9964330196380615,5,V2-004-D1-TCNMEAN-F03-S20260927,f02c47aad1549dbd9710aef224c49f59b190eb0ed6cee1ba2a4cc8908a386ca7
7c3e761ecdd184be68084ff2e91583261d51d948cba8a0ecfd802cb56fae4cbc,MITDB_P121,121,180000000,3,20260927,MODEL_V2_TCN_MEAN,0,-4.684739112854004,0.00915063638240099,5,V2-004-D1-TCNMEAN-F03-S20260927,f02c47aad1549dbd9710aef224c49f59b190eb0ed6cee1ba2a4cc8908a386ca7
7c46f4c9475d78a8229ef578d72297060f5c727eca6bee17954411db8b201352,MITDB_P121,121,1510000000,3,20260927,MODEL_V2_TCN_MEAN,0,-3.0246963500976562,0.04632256552577019,5,V2-004-D1-TCNMEAN-F03-S20260927,f02c47aad1549dbd9710aef224c49f59b190eb0ed6cee1ba2a4cc8908a386ca7
7c50299f99b7152b63deea636a8459e2bc0627b8b9707dbe09e0b5ecfefc35fe,MITDB_P121,121,1350000000,3,20260927,MODEL_V2_TCN_MEAN,0,-3.2917580604553223,0.035855021327733994,5,V2-004-D1-TCNMEAN-F03-S20260927,f02c47aad1549dbd9710aef224c49f59b190eb0ed6cee1ba2a4cc8908a386ca7
7c724594b75af4cb610979e11badb3de02399e94d8499b9edbacf955789feac2,MITDB_P103,103,1535000000,3,20260927,MODEL_V2_TCN_MEAN,0,-2.5770418643951416,0.07063066214323044,5,V2-004-D1-TCNMEAN-F03-S20260927,f02c47aad1549dbd9710aef224c49f59b190eb0ed6cee1ba2a4cc8908a386ca7
7c81deed4ae6614e488958bff0fde9a950806a2d7a9ae5aafa8acd15de1bc6ea,MITDB_P114,114,955000000,3,20260927,MODEL_V2_TCN_MEAN,0,3.1916284561157227,0.9605180025100708,5,V2-004-D1-TCNMEAN-F03-S20260927,f02c47aad1549dbd9710aef224c49f59b190eb0ed6cee1ba2a4cc8908a386ca7
7c8e6e692a7031901cc1dd5c491e8480889ea6fd0fc513151f36f4f2eb1b94f7,MITDB_P114,114,1755000000,3,20260927,MODEL_V2_TCN_MEAN,0,-0.23240725696086884,0.4421583116054535,5,V2-004-D1-TCNMEAN-F03-S20260927,f02c47aad1549dbd9710aef224c49f59b190eb0ed6cee1ba2a4cc8908a386ca7
7c99dd913123b4e6f32e4cc4203924eecfdb1cae90e7331996f48232c83791bd,MITDB_P103,103,245000000,3,20260927,MODEL_V2_TCN_MEAN,0,-2.985708236694336,0.04807572066783905,5,V2-004-D1-TCNMEAN-F03-S20260927,f02c47aad1549dbd9710aef224c49f59b190eb0ed6cee1ba2a4cc8908a386ca7
7ca8409b17644bc3ed89c995217add2702bb3650bbfd6d23e149cf19497da8bc,MITDB_P121,121,800000000,3,20260927,MODEL_V2_TCN_MEAN,0,-3.9388723373413086,0.0190983098000288,5,V2-004-D1-TCNMEAN-F03-S20260927,f02c47aad1549dbd9710aef224c49f59b190eb0ed6cee1ba2a4cc8908a386ca7
7caded7f7978904051a363bf1cbbaa878d04baa3b19bb536ea8f5f8d020b8931,MITDB_P223,223,505000000,3,20260927,MODEL_V2_TCN_MEAN,0,-2.594794750213623,0.06947417557239532,5,V2-004-D1-TCNMEAN-F03-S20260927,f02c47aad1549dbd9710aef224c49f59b190eb0ed6cee1ba2a4cc8908a386ca7
7cb1e0388874aaf1038a2078876556dc3803416d6417ebc4ca2b752a0e4fe7e4,MITDB_P223,223,1655000000,3,20260927,MODEL_V2_TCN_MEAN,1,7.902259826660156,0.9996302127838135,5,V2-004-D1-TCNMEAN-F03-S20260927,f02c47aad1549dbd9710aef224c49f59b190eb0ed6cee1ba2a4cc8908a386ca7
7cc41ec6b72c0a925df9f21ea023f99b0c405698fa9c143243ae36b3d8dced15,MITDB_P103,103,1270000000,3,20260927,MODEL_V2_TCN_MEAN,0,-2.099411964416504,0.10915398597717285,5,V2-004-D1-TCNMEAN-F03-S20260927,f02c47aad1549dbd9710aef224c49f59b190eb0ed6cee1ba2a4cc8908a386ca7
7cfece751c423e660df33d2a17298dee5dbb3575393aecac79b9b62705805da8,MITDB_P223,223,1420000000,3,20260927,MODEL_V2_TCN_MEAN,1,13.858041763305664,0.9999990463256836,5,V2-004-D1-TCNMEAN-F03-S20260927,f02c47aad1549dbd9710aef224c49f59b190eb0ed6cee1ba2a4cc8908a386ca7
7d0ef61f760468c1f92d9e154e9c67700b43f58d2e517eb50d8859280cc27e41,MITDB_P114,114,1015000000,3,20260927,MODEL_V2_TCN_MEAN,0,1.7739183902740479,0.8549442887306213,5,V2-004-D1-TCNMEAN-F03-S20260927,f02c47aad1549dbd9710aef224c49f59b190eb0ed6cee1ba2a4cc8908a386ca7
7d0f169cd37bf03f7d0ef1ef4f0a1790802ee129550053e39d0341abe90abd4e,MITDB_P114,114,915000000,3,20260927,MODEL_V2_TCN_MEAN,0,3.6597490310668945,0.9749069213867188,5,V2-004-D1-TCNMEAN-F03-S20260927,f02c47aad1549dbd9710aef224c49f59b190eb0ed6cee1ba2a4cc8908a386ca7
7d24c3da66d1e5a3f2c5e3b269e383a885fa1c5319a7063ceb5c81b25acc0bae,MITDB_P103,103,965000000,3,20260927,MODEL_V2_TCN_MEAN,0,-2.8316168785095215,0.05563938245177269,5,V2-004-D1-TCNMEAN-F03-S20260927,f02c47aad1549dbd9710aef224c49f59b190eb0ed6cee1ba2a4cc8908a386ca7
7d2818c4d77f9f381f05dd2c78e81e5cda35acbc5ee2ba2aaf1f8568c7a8ede1,MITDB_P223,223,515000000,3,20260927,MODEL_V2_TCN_MEAN,1,-1.4887315034866333,0.18411219120025635,5,V2-004-D1-TCNMEAN-F03-S20260927,f02c47aad1549dbd9710aef224c49f59b190eb0ed6cee1ba2a4cc8908a386ca7
7d63d7e56e8055b5b7520b53ddc03723cddf60320a45dc7e784fe082bf3e307e,MITDB_P223,223,1440000000,3,20260927,MODEL_V2_TCN_MEAN,1,15.608266830444336,0.9999998807907104,5,V2-004-D1-TCNMEAN-F03-S20260927,f02c47aad1549dbd9710aef224c49f59b190eb0ed6cee1ba2a4cc8908a386ca7
7d70d040dc6f4134f6f1bc146c3a7a39ef93f2c8de29267c2003f5541a003cea,MITDB_P223,223,880000000,3,20260927,MODEL_V2_TCN_MEAN,1,4.427750587463379,0.9881995916366577,5,V2-004-D1-TCNMEAN-F03-S20260927,f02c47aad1549dbd9710aef224c49f59b190eb0ed6cee1ba2a4cc8908a386ca7
7ddbd38f8999bf5a0903564411c2fab8428a4729205185d40619970ac390c3fb,MITDB_P208,208,110000000,3,20260927,MODEL_V2_TCN_MEAN,1,13.978727340698242,0.9999991655349731,5,V2-004-D1-TCNMEAN-F03-S20260927,f02c47aad1549dbd9710aef224c49f59b190eb0ed6cee1ba2a4cc8908a386ca7
7de6e9e1285026a7f7e236cd2641a2d78d238e9b49fe8c63abaffa7693e4ecb4,MITDB_P103,103,1615000000,3,20260927,MODEL_V2_TCN_MEAN,0,-1.7399351596832275,0.14932116866111755,5,V2-004-D1-TCNMEAN-F03-S20260927,f02c47aad1549dbd9710aef224c49f59b190eb0ed6cee1ba2a4cc8908a386ca7
7df0b9b30362295dccd3a35b5f940ea4d1d4a57adf6d3df9e43441c2aafa3e1e,MITDB_P114,114,215000000,3,20260927,MODEL_V2_TCN_MEAN,0,-0.17788837850093842,0.45564478635787964,5,V2-004-D1-TCNMEAN-F03-S20260927,f02c47aad1549dbd9710aef224c49f59b190eb0ed6cee1ba2a4cc8908a386ca7
7e077b7e8b0a32a09e9ce17952387b7bc7fcd31110e6fb66f1336a43a26dabb0,MITDB_P103,103,480000000,3,20260927,MODEL_V2_TCN_MEAN,0,-3.1240596771240234,0.042125653475522995,5,V2-004-D1-TCNMEAN-F03-S20260927,f02c47aad1549dbd9710aef224c49f59b190eb0ed6cee1ba2a4cc8908a386ca7
7e22fa1cb669d871998197d216f5d200503c5d39b743392b677ac2f34470b0fb,MITDB_P208,208,385000000,3,20260927,MODEL_V2_TCN_MEAN,1,8.360162734985352,0.9997660517692566,5,V2-004-D1-TCNMEAN-F03-S20260927,f02c47aad1549dbd9710aef224c49f59b190eb0ed6cee1ba2a4cc8908a386ca7
7e2de5900c2471e4fa69d7d382d6d2c14d55a83fae715a76c27b96bb861ca8ee,MITDB_P223,223,1030000000,3,20260927,MODEL_V2_TCN_MEAN,1,0.881786584854126,0.7071923613548279,5,V2-004-D1-TCNMEAN-F03-S20260927,f02c47aad1549dbd9710aef224c49f59b190eb0ed6cee1ba2a4cc8908a386ca7
7e399be1564fc3eaeaff81093bf3bd64fb7fcbc2cce92520ed03e72e4a245d51,MITDB_P121,121,1265000000,3,20260927,MODEL_V2_TCN_MEAN,0,-3.5646495819091797,0.02752767875790596,5,V2-004-D1-TCNMEAN-F03-S20260927,f02c47aad1549dbd9710aef224c49f59b190eb0ed6cee1ba2a4cc8908a386ca7
7e9d44973a16c0a5dd97b7a2add76c872d30883bc68dbb96679acfa5858d6f78,MITDB_P121,121,1270000000,3,20260927,MODEL_V2_TCN_MEAN,0,-3.927237033843994,0.0193175058811903,5,V2-004-D1-TCNMEAN-F03-S20260927,f02c47aad1549dbd9710aef224c49f59b190eb0ed6cee1ba2a4cc8908a386ca7
7e9fa97da3c300f44a6669fe616e6d1b842ca7dc6720634eed48aa758979b45e,MITDB_P103,103,430000000,3,20260927,MODEL_V2_TCN_MEAN,0,-3.2760560512542725,0.03640180453658104,5,V2-004-D1-TCNMEAN-F03-S20260927,f02c47aad1549dbd9710aef224c49f59b190eb0ed6cee1ba2a4cc8908a386ca7
7ea249809654edbdb126f2476a38bd4c088d21529f8b5b335c5bf26d2b3a25e1,MITDB_P114,114,890000000,3,20260927,MODEL_V2_TCN_MEAN,0,2.9308881759643555,0.9493524432182312,5,V2-004-D1-TCNMEAN-F03-S20260927,f02c47aad1549dbd9710aef224c49f59b190eb0ed6cee1ba2a4cc8908a386ca7
7ec4850c4076f3c388d2481f08f16f92208fe8c8f632bf22e9f7c1c488410996,MITDB_P121,121,1695000000,3,20260927,MODEL_V2_TCN_MEAN,0,-6.5540008544921875,0.0014223792823031545,5,V2-004-D1-TCNMEAN-F03-S20260927,f02c47aad1549dbd9710aef224c49f59b190eb0ed6cee1ba2a4cc8908a386ca7
7ec9d916d56d39099366e34b54189cbdeb7fbe0839352bf177a531d70e3df680,MITDB_P121,121,860000000,3,20260927,MODEL_V2_TCN_MEAN,0,-4.164657115936279,0.015297395177185535,5,V2-004-D1-TCNMEAN-F03-S20260927,f02c47aad1549dbd9710aef224c49f59b190eb0ed6cee1ba2a4cc8908a386ca7
7ed5dd27648dcf480a4178707c85b60748b10da5d9777cddfbaa656387e8ca77,MITDB_P114,114,1760000000,3,20260927,MODEL_V2_TCN_MEAN,0,0.06595681607723236,0.5164832472801208,5,V2-004-D1-TCNMEAN-F03-S20260927,f02c47aad1549dbd9710aef224c49f59b190eb0ed6cee1ba2a4cc8908a386ca7
7eddeb7dab8cfeeb7f562b59f013430294c814d56aeb18536f274a370151ac20,MITDB_P121,121,510000000,3,20260927,MODEL_V2_TCN_MEAN,0,-4.240726947784424,0.014192786067724228,5,V2-004-D1-TCNMEAN-F03-S20260927,f02c47aad1549dbd9710aef224c49f59b190eb0ed6cee1ba2a4cc8908a386ca7
7ef30b6555a2486291fc186a709b357933bd2f43cfd56ab30eaa535ab8d790cf,MITDB_P208,208,1545000000,3,20260927,MODEL_V2_TCN_MEAN,1,7.8812255859375,0.9996223449707031,5,V2-004-D1-TCNMEAN-F03-S20260927,f02c47aad1549dbd9710aef224c49f59b190eb0ed6cee1ba2a4cc8908a386ca7
7f218223b41602d5545d03d742526b55a9c977f4c89c4b00eb688f5bda215e33,MITDB_P121,121,945000000,3,20260927,MODEL_V2_TCN_MEAN,0,-4.337228298187256,0.012904020957648754,5,V2-004-D1-TCNMEAN-F03-S20260927,f02c47aad1549dbd9710aef224c49f59b190eb0ed6cee1ba2a4cc8908a386ca7
7f4877d4ceaada75055de65c44c1b6c1959fc8b271c61c9982b1f873d537e6cb,MITDB_P103,103,290000000,3,20260927,MODEL_V2_TCN_MEAN,0,-2.976527690887451,0.04849760979413986,5,V2-004-D1-TCNMEAN-F03-S20260927,f02c47aad1549dbd9710aef224c49f59b190eb0ed6cee1ba2a4cc8908a386ca7
7f56b2c9514de30c0bd251a0fca660dd65a2f36255c15a2294f895df1339c1f2,MITDB_P208,208,1785000000,3,20260927,MODEL_V2_TCN_MEAN,1,10.4144926071167,0.9999699592590332,5,V2-004-D1-TCNMEAN-F03-S20260927,f02c47aad1549dbd9710aef224c49f59b190eb0ed6cee1ba2a4cc8908a386ca7
7f793eb7995c35a4f6f1487c3ad73f267f25215846d36747f29d5a099c02fe2c,MITDB_P121,121,210000000,3,20260927,MODEL_V2_TCN_MEAN,0,-4.842663288116455,0.00782432034611702,5,V2-004-D1-TCNMEAN-F03-S20260927,f02c47aad1549dbd9710aef224c49f59b190eb0ed6cee1ba2a4cc8908a386ca7
7f7b568e2cfd6c742cb8ae076a7cdfaa030c77a3eb6d385131ae5d4bcc530704,MITDB_P103,103,885000000,3,20260927,MODEL_V2_TCN_MEAN,0,-2.3786087036132812,0.08481849730014801,5,V2-004-D1-TCNMEAN-F03-S20260927,f02c47aad1549dbd9710aef224c49f59b190eb0ed6cee1ba2a4cc8908a386ca7
7fb540b3f041fb0cd2094b26b912e51a3f324783cb0a984c7b0dff9003e26c00,MITDB_P208,208,295000000,3,20260927,MODEL_V2_TCN_MEAN,1,13.266975402832031,0.9999982118606567,5,V2-004-D1-TCNMEAN-F03-S20260927,f02c47aad1549dbd9710aef224c49f59b190eb0ed6cee1ba2a4cc8908a386ca7
8007b5c78f1a80289b30eb1ed7a3587747a381543ee302076b352f31ea860091,MITDB_P121,121,1375000000,3,20260927,MODEL_V2_TCN_MEAN,0,-3.889242172241211,0.020050594583153725,5,V2-004-D1-TCNMEAN-F03-S20260927,f02c47aad1549dbd9710aef224c49f59b190eb0ed6cee1ba2a4cc8908a386ca7
80367ab645d37ec5bd315e4b1f5d5cc3094481ded4c416b1306ee43b05ea5ba1,MITDB_P223,223,1300000000,3,20260927,MODEL_V2_TCN_MEAN,1,15.328878402709961,0.9999997615814209,5,V2-004-D1-TCNMEAN-F03-S20260927,f02c47aad1549dbd9710aef224c49f59b190eb0ed6cee1ba2a4cc8908a386ca7
805d155740372de90dac462f60cb6e9de12f65ed853ae83089c005684e7b3351,MITDB_P103,103,1520000000,3,20260927,MODEL_V2_TCN_MEAN,0,-1.9130277633666992,0.12864108383655548,5,V2-004-D1-TCNMEAN-F03-S20260927,f02c47aad1549dbd9710aef224c49f59b190eb0ed6cee1ba2a4cc8908a386ca7
80accc4ca1ddce7d53cf0ea0be1ff587e6164c04dcc4277562b46ac138e7dd88,MITDB_P208,208,655000000,3,20260927,MODEL_V2_TCN_MEAN,1,8.893790245056152,0.999862790107727,5,V2-004-D1-TCNMEAN-F03-S20260927,f02c47aad1549dbd9710aef224c49f59b190eb0ed6cee1ba2a4cc8908a386ca7
80b96f85690d9a73c817e96ff53eecc4055657f2260c63d7c96e658458fc575c,MITDB_P103,103,1540000000,3,20260927,MODEL_V2_TCN_MEAN,0,-1.2998576164245605,0.21418896317481995,5,V2-004-D1-TCNMEAN-F03-S20260927,f02c47aad1549dbd9710aef224c49f59b190eb0ed6cee1ba2a4cc8908a386ca7
80b9e019931fc7802ca6d79cd07c59df4d50c9c4d2084075ace86b875f7d27da,MITDB_P103,103,985000000,3,20260927,MODEL_V2_TCN_MEAN,0,-1.9888205528259277,0.12038169801235199,5,V2-004-D1-TCNMEAN-F03-S20260927,f02c47aad1549dbd9710aef224c49f59b190eb0ed6cee1ba2a4cc8908a386ca7
80bfba084733298cb72b1b6c96c6fa73221088c1604fae6ec6e6bed1685c990d,MITDB_P103,103,1600000000,3,20260927,MODEL_V2_TCN_MEAN,0,-1.7721810340881348,0.14527130126953125,5,V2-004-D1-TCNMEAN-F03-S20260927,f02c47aad1549dbd9710aef224c49f59b190eb0ed6cee1ba2a4cc8908a386ca7
80e0c869c2900839ad891501051996ea8651e73bd68b857a0e936297cee74361,MITDB_P223,223,1430000000,3,20260927,MODEL_V2_TCN_MEAN,1,15.014386177062988,0.9999996423721313,5,V2-004-D1-TCNMEAN-F03-S20260927,f02c47aad1549dbd9710aef224c49f59b190eb0ed6cee1ba2a4cc8908a386ca7
81057b723bb39f4e51a69c81c6042129679073332ba9e8c61fec2d67f0df6f0b,MITDB_P208,208,1525000000,3,20260927,MODEL_V2_TCN_MEAN,1,11.721577644348145,0.9999918937683105,5,V2-004-D1-TCNMEAN-F03-S20260927,f02c47aad1549dbd9710aef224c49f59b190eb0ed6cee1ba2a4cc8908a386ca7
811822744ebd94937f815b63e94290d376013c7bb89dff0d0d5f381bb80495d7,MITDB_P208,208,45000000,3,20260927,MODEL_V2_TCN_MEAN,1,9.888015747070312,0.9999492168426514,5,V2-004-D1-TCNMEAN-F03-S20260927,f02c47aad1549dbd9710aef224c49f59b190eb0ed6cee1ba2a4cc8908a386ca7
81740d76842ea6c03e0d370c93016f7a8cbda4c1964f57758bad773fe8d25530,MITDB_P208,208,1620000000,3,20260927,MODEL_V2_TCN_MEAN,1,11.448668479919434,0.99998939037323,5,V2-004-D1-TCNMEAN-F03-S20260927,f02c47aad1549dbd9710aef224c49f59b190eb0ed6cee1ba2a4cc8908a386ca7
81e1da9f41bfcf3b2f3b006ec223be96c1978bd2a165bb5c18d042a6441194d9,MITDB_P103,103,1575000000,3,20260927,MODEL_V2_TCN_MEAN,0,-1.9745903015136719,0.12189669907093048,5,V2-004-D1-TCNMEAN-F03-S20260927,f02c47aad1549dbd9710aef224c49f59b190eb0ed6cee1ba2a4cc8908a386ca7
81e778ab2ba74996e58d84b6ecd4a462ce3055416757ece24e8298393e431cbb,MITDB_P223,223,1010000000,3,20260927,MODEL_V2_TCN_MEAN,0,-2.609952688217163,0.06850062310695648,5,V2-004-D1-TCNMEAN-F03-S20260927,f02c47aad1549dbd9710aef224c49f59b190eb0ed6cee1ba2a4cc8908a386ca7
81ee905564508e562d00a471190e9082cfa3d7145b031b56a6df4de4ee2ec3f8,MITDB_P103,103,715000000,3,20260927,MODEL_V2_TCN_MEAN,0,-3.0619094371795654,0.044706083834171295,5,V2-004-D1-TCNMEAN-F03-S20260927,f02c47aad1549dbd9710aef224c49f59b190eb0ed6cee1ba2a4cc8908a386ca7
81f80a267a56d1100929360156467e181b48f035fea3f18b22584868830f4533,MITDB_P223,223,835000000,3,20260927,MODEL_V2_TCN_MEAN,1,8.96566104888916,0.9998723268508911,5,V2-004-D1-TCNMEAN-F03-S20260927,f02c47aad1549dbd9710aef224c49f59b190eb0ed6cee1ba2a4cc8908a386ca7
82779f1d5297156ec57c805877018c31a67e0375bdb97f055f3d77d9150401b3,MITDB_P103,103,1230000000,3,20260927,MODEL_V2_TCN_MEAN,0,-2.2811315059661865,0.09269773960113525,5,V2-004-D1-TCNMEAN-F03-S20260927,f02c47aad1549dbd9710aef224c49f59b190eb0ed6cee1ba2a4cc8908a386ca7
83301d00c135032b6a43c73e22da532b7c20602a58a3c96e577f91a91cde6a25,MITDB_P114,114,1745000000,3,20260927,MODEL_V2_TCN_MEAN,0,1.2744261026382446,0.7814995050430298,5,V2-004-D1-TCNMEAN-F03-S20260927,f02c47aad1549dbd9710aef224c49f59b190eb0ed6cee1ba2a4cc8908a386ca7
83345f745199a93a6cfc7fcdccf36dd943446d570b592bbf51a02f5f0fac44af,MITDB_P114,114,680000000,3,20260927,MODEL_V2_TCN_MEAN,0,2.4769442081451416,0.9225096106529236,5,V2-004-D1-TCNMEAN-F03-S20260927,f02c47aad1549dbd9710aef224c49f59b190eb0ed6cee1ba2a4cc8908a386ca7
8347ed88bfd552f763618fc68e47af00a6d7147f3915f9b29051aa8fc53db0b2,MITDB_P103,103,695000000,3,20260927,MODEL_V2_TCN_MEAN,0,-3.2761926651000977,0.03639701008796692,5,V2-004-D1-TCNMEAN-F03-S20260927,f02c47aad1549dbd9710aef224c49f59b190eb0ed6cee1ba2a4cc8908a386ca7
836c7ad1bf963158e524da6fde4f6fcca93c254f9b3b0427da708bb9ab57f2d9,MITDB_P114,114,1525000000,3,20260927,MODEL_V2_TCN_MEAN,0,-0.2212705761194229,0.44490692019462585,5,V2-004-D1-TCNMEAN-F03-S20260927,f02c47aad1549dbd9710aef224c49f59b190eb0ed6cee1ba2a4cc8908a386ca7
8376c98037777e88e478f50123672d90c74facb157e1615a8ea8d52e4471f652,MITDB_P103,103,1700000000,3,20260927,MODEL_V2_TCN_MEAN,0,-1.79288649559021,0.14271919429302216,5,V2-004-D1-TCNMEAN-F03-S20260927,f02c47aad1549dbd9710aef224c49f59b190eb0ed6cee1ba2a4cc8908a386ca7
840b0b4ec03a6a039cd208bd1639d2cdd5b0c3e1e95580f9f090ebb2efe6b20d,MITDB_P103,103,620000000,3,20260927,MODEL_V2_TCN_MEAN,0,-3.157426118850708,0.040799662470817566,5,V2-004-D1-TCNMEAN-F03-S20260927,f02c47aad1549dbd9710aef224c49f59b190eb0ed6cee1ba2a4cc8908a386ca7
841d1f2e01eca3bd65d4013dc15e635276df5ee70eda605aa274cd5f23e251f8,MITDB_P208,208,300000000,3,20260927,MODEL_V2_TCN_MEAN,1,14.802861213684082,0.9999996423721313,5,V2-004-D1-TCNMEAN-F03-S20260927,f02c47aad1549dbd9710aef224c49f59b190eb0ed6cee1ba2a4cc8908a386ca7
842fe8c72bffa3f2e2a1409ec4e361e9b92d6b0366339fd2f02ced4764673f3a,MITDB_P114,114,90000000,3,20260927,MODEL_V2_TCN_MEAN,1,13.673965454101562,0.9999988079071045,5,V2-004-D1-TCNMEAN-F03-S20260927,f02c47aad1549dbd9710aef224c49f59b190eb0ed6cee1ba2a4cc8908a386ca7
8431bb61b9a39980a8bc6b3d64c8e6a87709ef524dd794a1fa2df43016323eb4,MITDB_P114,114,1305000000,3,20260927,MODEL_V2_TCN_MEAN,0,1.121328353881836,0.754235029220581,5,V2-004-D1-TCNMEAN-F03-S20260927,f02c47aad1549dbd9710aef224c49f59b190eb0ed6cee1ba2a4cc8908a386ca7
8433199fdc4807911d48653c6909da945d3988d896e076d1add8feeec5baa442,MITDB_P223,223,555000000,3,20260927,MODEL_V2_TCN_MEAN,1,-1.6242069005966187,0.16462551057338715,5,V2-004-D1-TCNMEAN-F03-S20260927,f02c47aad1549dbd9710aef224c49f59b190eb0ed6cee1ba2a4cc8908a386ca7
844becbda0733ae2bb9591087115af85e3d15a877817cfe25755e7a3a9ade072,MITDB_P114,114,390000000,3,20260927,MODEL_V2_TCN_MEAN,0,0.1081790179014206,0.5270184278488159,5,V2-004-D1-TCNMEAN-F03-S20260927,f02c47aad1549dbd9710aef224c49f59b190eb0ed6cee1ba2a4cc8908a386ca7
848449eebe7c2df45254c3464a6ce7f031c447388fdb5cf29de40d68301ca344,MITDB_P208,208,450000000,3,20260927,MODEL_V2_TCN_MEAN,1,14.942731857299805,0.9999996423721313,5,V2-004-D1-TCNMEAN-F03-S20260927,f02c47aad1549dbd9710aef224c49f59b190eb0ed6cee1ba2a4cc8908a386ca7
84f1b89365ba5631f009e3eec6a24cf168bc41700b630bc95e48b15e7cb6e313,MITDB_P208,208,640000000,3,20260927,MODEL_V2_TCN_MEAN,1,10.613962173461914,0.9999754428863525,5,V2-004-D1-TCNMEAN-F03-S20260927,f02c47aad1549dbd9710aef224c49f59b190eb0ed6cee1ba2a4cc8908a386ca7
853858d617b50975b47b97bbabc16ae77dc11e4b89771fa51a7ac7a802cb46fc,MITDB_P103,103,225000000,3,20260927,MODEL_V2_TCN_MEAN,0,-3.4852116107940674,0.029735948890447617,5,V2-004-D1-TCNMEAN-F03-S20260927,f02c47aad1549dbd9710aef224c49f59b190eb0ed6cee1ba2a4cc8908a386ca7
85794098401d91353b7eac800040da1ec3b486fde7b0e3783ec203c8a5f67da8,MITDB_P103,103,1450000000,3,20260927,MODEL_V2_TCN_MEAN,0,-2.4151415824890137,0.08202534168958664,5,V2-004-D1-TCNMEAN-F03-S20260927,f02c47aad1549dbd9710aef224c49f59b190eb0ed6cee1ba2a4cc8908a386ca7
858b7aa87cd4d27750aa63282240812f333de5ca04661413e341d88507655bd8,MITDB_P223,223,325000000,3,20260927,MODEL_V2_TCN_MEAN,0,-1.845527172088623,0.13639891147613525,5,V2-004-D1-TCNMEAN-F03-S20260927,f02c47aad1549dbd9710aef224c49f59b190eb0ed6cee1ba2a4cc8908a386ca7
85b13e6dd01f790355465704740357c6fecb936fe0176fda7a2ed20df642a4be,MITDB_P121,121,175000000,3,20260927,MODEL_V2_TCN_MEAN,0,-4.420666694641113,0.011883300729095936,5,V2-004-D1-TCNMEAN-F03-S20260927,f02c47aad1549dbd9710aef224c49f59b190eb0ed6cee1ba2a4cc8908a386ca7
85cda0a6ec5cf68114d658f3765c2bde4d1b10e0935af14f2df951cefb218c57,MITDB_P223,223,75000000,3,20260927,MODEL_V2_TCN_MEAN,1,7.553170204162598,0.99947589635849,5,V2-004-D1-TCNMEAN-F03-S20260927,f02c47aad1549dbd9710aef224c49f59b190eb0ed6cee1ba2a4cc8908a386ca7
85dbe1873938bd1070c6a21e3fb037fd681676af2c0f13b854ef387cb4d7a2c6,MITDB_P114,114,190000000,3,20260927,MODEL_V2_TCN_MEAN,0,-0.5240318775177002,0.3719099164009094,5,V2-004-D1-TCNMEAN-F03-S20260927,f02c47aad1549dbd9710aef224c49f59b190eb0ed6cee1ba2a4cc8908a386ca7
85e7fe2b4167d8117e95f6f6f72225ec75ff1d8ec3a4f8f77f2429780bf50fe8,MITDB_P114,114,495000000,3,20260927,MODEL_V2_TCN_MEAN,1,10.879522323608398,0.999981164932251,5,V2-004-D1-TCNMEAN-F03-S20260927,f02c47aad1549dbd9710aef224c49f59b190eb0ed6cee1ba2a4cc8908a386ca7
8605cc7ce09c8bea15190012aa9e45fbf15404cf6f088a717fe82c660efd2383,MITDB_P121,121,1440000000,3,20260927,MODEL_V2_TCN_MEAN,0,-1.299080491065979,0.21431982517242432,5,V2-004-D1-TCNMEAN-F03-S20260927,f02c47aad1549dbd9710aef224c49f59b190eb0ed6cee1ba2a4cc8908a386ca7
86548b19508aaddcde0795ebe40ee7ce507f8c55c088c89cfc702723b3c03437,MITDB_P121,121,1025000000,3,20260927,MODEL_V2_TCN_MEAN,0,-3.84604549407959,0.020917179062962532,5,V2-004-D1-TCNMEAN-F03-S20260927,f02c47aad1549dbd9710aef224c49f59b190eb0ed6cee1ba2a4cc8908a386ca7
865586faa7978bf5987e60590f25e9c8b63b4456209ec531403743ea91d4a26f,MITDB_P208,208,1730000000,3,20260927,MODEL_V2_TCN_MEAN,1,13.219064712524414,0.9999982118606567,5,V2-004-D1-TCNMEAN-F03-S20260927,f02c47aad1549dbd9710aef224c49f59b190eb0ed6cee1ba2a4cc8908a386ca7
8659c33e66a5ba2a259025cf242ec0d1f70eb446f208433ab9ad006b92587482,MITDB_P103,103,435000000,3,20260927,MODEL_V2_TCN_MEAN,0,-3.1640658378601074,0.040540605783462524,5,V2-004-D1-TCNMEAN-F03-S20260927,f02c47aad1549dbd9710aef224c49f59b190eb0ed6cee1ba2a4cc8908a386ca7
86b7ab1b659b554bc1564228b17d203bcfb52592c9d755d9a76e0e4d1954a724,MITDB_P208,208,515000000,3,20260927,MODEL_V2_TCN_MEAN,1,13.492744445800781,0.9999985694885254,5,V2-004-D1-TCNMEAN-F03-S20260927,f02c47aad1549dbd9710aef224c49f59b190eb0ed6cee1ba2a4cc8908a386ca7
86dd3e9876dbd6cdba1e431ae93b395c71aa3fbd14780f01c862e9f3f9f2fd14,MITDB_P208,208,470000000,3,20260927,MODEL_V2_TCN_MEAN,1,14.021204948425293,0.9999991655349731,5,V2-004-D1-TCNMEAN-F03-S20260927,f02c47aad1549dbd9710aef224c49f59b190eb0ed6cee1ba2a4cc8908a386ca7
86f0f18e310d2ccc4c5cba7cb5145b73d45b741e48443d570fb6e5a6614e59cf,MITDB_P208,208,1520000000,3,20260927,MODEL_V2_TCN_MEAN,1,11.014162063598633,0.999983549118042,5,V2-004-D1-TCNMEAN-F03-S20260927,f02c47aad1549dbd9710aef224c49f59b190eb0ed6cee1ba2a4cc8908a386ca7
871d4fac7335d343e4c6109ec2d5381bde0cf277d3b72636febf53a42338a43b,MITDB_P103,103,725000000,3,20260927,MODEL_V2_TCN_MEAN,0,-2.3945016860961914,0.08359292894601822,5,V2-004-D1-TCNMEAN-F03-S20260927,f02c47aad1549dbd9710aef224c49f59b190eb0ed6cee1ba2a4cc8908a386ca7
87246c33eca4740d761450e6d1540d4a497df8fe841b54d67983207bf3883e57,MITDB_P114,114,580000000,3,20260927,MODEL_V2_TCN_MEAN,0,2.9973371028900146,0.9524536728858948,5,V2-004-D1-TCNMEAN-F03-S20260927,f02c47aad1549dbd9710aef224c49f59b190eb0ed6cee1ba2a4cc8908a386ca7
8729b03636db457653428c8803adcc40ef57e0a493a9e6182eb10e197e96b001,MITDB_P103,103,835000000,3,20260927,MODEL_V2_TCN_MEAN,0,-2.6811087131500244,0.0640973374247551,5,V2-004-D1-TCNMEAN-F03-S20260927,f02c47aad1549dbd9710aef224c49f59b190eb0ed6cee1ba2a4cc8908a386ca7
8758dee52bc24def7329bf0ee31b373fd83577786d7c7a9854a4dcf4da0c53ca,MITDB_P208,208,335000000,3,20260927,MODEL_V2_TCN_MEAN,1,13.508051872253418,0.9999986886978149,5,V2-004-D1-TCNMEAN-F03-S20260927,f02c47aad1549dbd9710aef224c49f59b190eb0ed6cee1ba2a4cc8908a386ca7
8766b329ce89cf943f3219bdd126a96d8f40882fde3fab473d6376e2398e42d3,MITDB_P114,114,1485000000,3,20260927,MODEL_V2_TCN_MEAN,0,-0.33414989709854126,0.4172312617301941,5,V2-004-D1-TCNMEAN-F03-S20260927,f02c47aad1549dbd9710aef224c49f59b190eb0ed6cee1ba2a4cc8908a386ca7
877e4491c2f075ca789a214991889dde16424faedb9ba934d81b77ecb08b8d47,MITDB_P208,208,765000000,3,20260927,MODEL_V2_TCN_MEAN,1,15.31791877746582,0.9999997615814209,5,V2-004-D1-TCNMEAN-F03-S20260927,f02c47aad1549dbd9710aef224c49f59b190eb0ed6cee1ba2a4cc8908a386ca7
87a818a79cdc163edd24dea726639071379cde74432eb519fee544290746ef9b,MITDB_P121,121,1290000000,3,20260927,MODEL_V2_TCN_MEAN,0,-4.2503228187561035,0.014059152454137802,5,V2-004-D1-TCNMEAN-F03-S20260927,f02c47aad1549dbd9710aef224c49f59b190eb0ed6cee1ba2a4cc8908a386ca7
87ca15623ebeb0b3662be8fedeca9ac8405ced2eb715d7dcf0df455e639973c5,MITDB_P223,223,1455000000,3,20260927,MODEL_V2_TCN_MEAN,1,13.463321685791016,0.9999985694885254,5,V2-004-D1-TCNMEAN-F03-S20260927,f02c47aad1549dbd9710aef224c49f59b190eb0ed6cee1ba2a4cc8908a386ca7
8800f8a4d7cb0cead912634a61aefbe8a36dcdd75c47b76109bffd1ac0892b21,MITDB_P121,121,380000000,3,20260927,MODEL_V2_TCN_MEAN,0,-4.356866359710693,0.012656258419156075,5,V2-004-D1-TCNMEAN-F03-S20260927,f02c47aad1549dbd9710aef224c49f59b190eb0ed6cee1ba2a4cc8908a386ca7
88088a52f8351e9138f15750946d8715abc662bda62b777b7edac17fb2d16962,MITDB_P223,223,395000000,3,20260927,MODEL_V2_TCN_MEAN,0,-3.233865261077881,0.03791101649403572,5,V2-004-D1-TCNMEAN-F03-S20260927,f02c47aad1549dbd9710aef224c49f59b190eb0ed6cee1ba2a4cc8908a386ca7
881446dffeaa5a9d98cab51ce936d20f5fe8fc2a8dce43fa94bdbc072829232e,MITDB_P103,103,370000000,3,20260927,MODEL_V2_TCN_MEAN,0,-2.6150617599487305,0.06817533820867538,5,V2-004-D1-TCNMEAN-F03-S20260927,f02c47aad1549dbd9710aef224c49f59b190eb0ed6cee1ba2a4cc8908a386ca7
881e7187c8b12ba7f533cfce83b160de09e5b5b5747ca2f0a079420348bef455,MITDB_P223,223,1055000000,3,20260927,MODEL_V2_TCN_MEAN,1,4.879352569580078,0.9924553632736206,5,V2-004-D1-TCNMEAN-F03-S20260927,f02c47aad1549dbd9710aef224c49f59b190eb0ed6cee1ba2a4cc8908a386ca7
886c447677cde14561dc522642c085d978ad88c7fdda82c7dd6bcb03970b4ac0,MITDB_P208,208,490000000,3,20260927,MODEL_V2_TCN_MEAN,1,14.723304748535156,0.9999996423721313,5,V2-004-D1-TCNMEAN-F03-S20260927,f02c47aad1549dbd9710aef224c49f59b190eb0ed6cee1ba2a4cc8908a386ca7
888b4450fac30bfc6bdb9b84f1d77687245d02120467aeb018d7267f97b00336,MITDB_P208,208,1335000000,3,20260927,MODEL_V2_TCN_MEAN,1,11.479785919189453,0.9999896287918091,5,V2-004-D1-TCNMEAN-F03-S20260927,f02c47aad1549dbd9710aef224c49f59b190eb0ed6cee1ba2a4cc8908a386ca7
88b347e94ff61b5a9688ee01ac96edd40b9796b6a550a0d904fda798a2155a9c,MITDB_P223,223,1105000000,3,20260927,MODEL_V2_TCN_MEAN,1,-1.1904926300048828,0.23317083716392517,5,V2-004-D1-TCNMEAN-F03-S20260927,f02c47aad1549dbd9710aef224c49f59b190eb0ed6cee1ba2a4cc8908a386ca7
88bcb69b09f319e53549d5fe6463a957a1fbc6747f0c99e89832f117b51884fd,MITDB_P103,103,440000000,3,20260927,MODEL_V2_TCN_MEAN,0,-2.1348419189453125,0.10575620830059052,5,V2-004-D1-TCNMEAN-F03-S20260927,f02c47aad1549dbd9710aef224c49f59b190eb0ed6cee1ba2a4cc8908a386ca7
88ca0c01c6d7c64dcd0e44e99f23b79e36aa26aea1ff65da9116028fbbc19413,MITDB_P223,223,140000000,3,20260927,MODEL_V2_TCN_MEAN,1,13.15110969543457,0.9999980926513672,5,V2-004-D1-TCNMEAN-F03-S20260927,f02c47aad1549dbd9710aef224c49f59b190eb0ed6cee1ba2a4cc8908a386ca7
8926018fd59b7445c3a2bc6c5cdcf585eab30c03c8907969f5d0e9f93aa71b89,MITDB_P223,223,1265000000,3,20260927,MODEL_V2_TCN_MEAN,1,1.5183544158935547,0.820296049118042,5,V2-004-D1-TCNMEAN-F03-S20260927,f02c47aad1549dbd9710aef224c49f59b190eb0ed6cee1ba2a4cc8908a386ca7
8952303493641b91c66c3d47d9df233103e1696f786b8dbd6cdf2fc2bc80fb38,MITDB_P208,208,1735000000,3,20260927,MODEL_V2_TCN_MEAN,1,11.129919052124023,0.9999853372573853,5,V2-004-D1-TCNMEAN-F03-S20260927,f02c47aad1549dbd9710aef224c49f59b190eb0ed6cee1ba2a4cc8908a386ca7
89733902a84f2fb5c08979599bbdfe3f490eea6ea25fc57c6c3ee6fabb153d80,MITDB_P121,121,425000000,3,20260927,MODEL_V2_TCN_MEAN,0,-5.066771030426025,0.006263262592256069,5,V2-004-D1-TCNMEAN-F03-S20260927,f02c47aad1549dbd9710aef224c49f59b190eb0ed6cee1ba2a4cc8908a386ca7
89e33ffa3413fd66b29e6a21ccec9b5a4dfea14acfd7ea9a8616d4fd016411a2,MITDB_P223,223,60000000,3,20260927,MODEL_V2_TCN_MEAN,0,-2.7395524978637695,0.06067940220236778,5,V2-004-D1-TCNMEAN-F03-S20260927,f02c47aad1549dbd9710aef224c49f59b190eb0ed6cee1ba2a4cc8908a386ca7
89e36928fcf9459938e5fdb2e3f0269c65a03dbba2f710a3f0122e4efac1fb5f,MITDB_P121,121,995000000,3,20260927,MODEL_V2_TCN_MEAN,0,-2.3801307678222656,0.08470042794942856,5,V2-004-D1-TCNMEAN-F03-S20260927,f02c47aad1549dbd9710aef224c49f59b190eb0ed6cee1ba2a4cc8908a386ca7
89e6553305d043179bdcf46c742cbb154c7670e94c9556f8a8e7dbdad08b8961,MITDB_P114,114,1315000000,3,20260927,MODEL_V2_TCN_MEAN,0,-0.13925160467624664,0.46524327993392944,5,V2-004-D1-TCNMEAN-F03-S20260927,f02c47aad1549dbd9710aef224c49f59b190eb0ed6cee1ba2a4cc8908a386ca7
8a268ac813dce80618097f52ea8261b3d6962c8f0a25f42dc9294f42474d1570,MITDB_P114,114,1235000000,3,20260927,MODEL_V2_TCN_MEAN,0,4.765221118927002,0.9915510416030884,5,V2-004-D1-TCNMEAN-F03-S20260927,f02c47aad1549dbd9710aef224c49f59b190eb0ed6cee1ba2a4cc8908a386ca7
8a275cb65be9cf252b3af2b12f5a1a8cf6e636a503e9537f715ef23849ac97b7,MITDB_P114,114,610000000,3,20260927,MODEL_V2_TCN_MEAN,0,3.3447797298431396,0.9659335017204285,5,V2-004-D1-TCNMEAN-F03-S20260927,f02c47aad1549dbd9710aef224c49f59b190eb0ed6cee1ba2a4cc8908a386ca7
8a390f7a8cb6ffdbaf6a5ee3f99e822e323bd340be0e061a3b58929791c8efb7,MITDB_P208,208,160000000,3,20260927,MODEL_V2_TCN_MEAN,1,13.051290512084961,0.9999978542327881,5,V2-004-D1-TCNMEAN-F03-S20260927,f02c47aad1549dbd9710aef224c49f59b190eb0ed6cee1ba2a4cc8908a386ca7
8a6e6c93e2f4edf0ee1152815328a324b031b1d805055488275b7d631d191001,MITDB_P208,208,1700000000,3,20260927,MODEL_V2_TCN_MEAN,1,12.030019760131836,0.9999940395355225,5,V2-004-D1-TCNMEAN-F03-S20260927,f02c47aad1549dbd9710aef224c49f59b190eb0ed6cee1ba2a4cc8908a386ca7
8a8da5ce33d5ddcc68e616f21c0bf513501ecba1e69744f6500ce34d1a708dee,MITDB_P103,103,445000000,3,20260927,MODEL_V2_TCN_MEAN,0,-2.9134345054626465,0.05149342864751816,5,V2-004-D1-TCNMEAN-F03-S20260927,f02c47aad1549dbd9710aef224c49f59b190eb0ed6cee1ba2a4cc8908a386ca7
8a930242e514a02d2096017aee4b1228a324fd0d3f7c05b77803c91a01c3a318,MITDB_P121,121,1580000000,3,20260927,MODEL_V2_TCN_MEAN,0,-6.122766494750977,0.0021875863894820213,5,V2-004-D1-TCNMEAN-F03-S20260927,f02c47aad1549dbd9710aef224c49f59b190eb0ed6cee1ba2a4cc8908a386ca7
8aabd57aca5db142f2fc7e7437d24b320a32fe7bb438cbc81763582e3d135239,MITDB_P103,103,1425000000,3,20260927,MODEL_V2_TCN_MEAN,0,-2.672110080718994,0.06463927775621414,5,V2-004-D1-TCNMEAN-F03-S20260927,f02c47aad1549dbd9710aef224c49f59b190eb0ed6cee1ba2a4cc8908a386ca7
8ab96ea6efe0797176fc278ef965f97c605e2cd8d62b1c0a45f9f0455efbc44f,MITDB_P121,121,1080000000,3,20260927,MODEL_V2_TCN_MEAN,0,-4.792382717132568,0.008224471472203732,5,V2-004-D1-TCNMEAN-F03-S20260927,f02c47aad1549dbd9710aef224c49f59b190eb0ed6cee1ba2a4cc8908a386ca7
8acb3ea397ca728b72aa7b9322c24c6b90f058344e2a35d87a760afffa81bd69,MITDB_P208,208,1185000000,3,20260927,MODEL_V2_TCN_MEAN,0,5.914024829864502,0.9973059892654419,5,V2-004-D1-TCNMEAN-F03-S20260927,f02c47aad1549dbd9710aef224c49f59b190eb0ed6cee1ba2a4cc8908a386ca7
8b20c0932df3facb9f604e46556f2cfd9c01dd47c8690f0a20041a3d9c8bfe49,MITDB_P121,121,1610000000,3,20260927,MODEL_V2_TCN_MEAN,0,-6.042346954345703,0.002370344242081046,5,V2-004-D1-TCNMEAN-F03-S20260927,f02c47aad1549dbd9710aef224c49f59b190eb0ed6cee1ba2a4cc8908a386ca7
8b45e5087293b4a3115458d6fd3cab10fa2f560b087af2b5c30440e3bb7b5674,MITDB_P121,121,750000000,3,20260927,MODEL_V2_TCN_MEAN,0,-3.684311866760254,0.024499166756868362,5,V2-004-D1-TCNMEAN-F03-S20260927,f02c47aad1549dbd9710aef224c49f59b190eb0ed6cee1ba2a4cc8908a386ca7
8b73203638faa90d02ae26f7d38f3dd5de706fd7b7e56d194be2435e7446be32,MITDB_P208,208,1375000000,3,20260927,MODEL_V2_TCN_MEAN,1,6.182447910308838,0.9979388117790222,5,V2-004-D1-TCNMEAN-F03-S20260927,f02c47aad1549dbd9710aef224c49f59b190eb0ed6cee1ba2a4cc8908a386ca7
8b95134fbd53dce858efd5cd64fec6be721955cf86437513a0c155c782f3b111,MITDB_P121,121,1490000000,3,20260927,MODEL_V2_TCN_MEAN,0,-2.5655834674835205,0.07138652354478836,5,V2-004-D1-TCNMEAN-F03-S20260927,f02c47aad1549dbd9710aef224c49f59b190eb0ed6cee1ba2a4cc8908a386ca7
8c05418b01b2ab932c99bbcad0d0c4d7273d6f4552a35f42cac57299966782f7,MITDB_P103,103,475000000,3,20260927,MODEL_V2_TCN_MEAN,0,-2.853895664215088,0.05448029190301895,5,V2-004-D1-TCNMEAN-F03-S20260927,f02c47aad1549dbd9710aef224c49f59b190eb0ed6cee1ba2a4cc8908a386ca7
8c752162b05bfccc3080401cad4450f3b87705cb520faefe138b44fec49c8119,MITDB_P103,103,340000000,3,20260927,MODEL_V2_TCN_MEAN,0,-2.7382619380950928,0.06075300648808479,5,V2-004-D1-TCNMEAN-F03-S20260927,f02c47aad1549dbd9710aef224c49f59b190eb0ed6cee1ba2a4cc8908a386ca7
8ca9aa62325859cb3e364373256bcbc9a967d477f4e4e1ec4a42123b37e59138,MITDB_P114,114,1255000000,3,20260927,MODEL_V2_TCN_MEAN,0,1.8940261602401733,0.8692139387130737,5,V2-004-D1-TCNMEAN-F03-S20260927,f02c47aad1549dbd9710aef224c49f59b190eb0ed6cee1ba2a4cc8908a386ca7
8ce9c40666672b2a0cb1ad0f581bfd930f1ac60a151a78b4b059d1dc8bab7b9a,MITDB_P114,114,10000000,3,20260927,MODEL_V2_TCN_MEAN,0,-0.22786711156368256,0.443278431892395,5,V2-004-D1-TCNMEAN-F03-S20260927,f02c47aad1549dbd9710aef224c49f59b190eb0ed6cee1ba2a4cc8908a386ca7
8d3fe0fdd9936b84a4c8608b5d2bba090d91e18337c4f821804b316df04e2c99,MITDB_P103,103,865000000,3,20260927,MODEL_V2_TCN_MEAN,0,-2.281217575073242,0.09269050508737564,5,V2-004-D1-TCNMEAN-F03-S20260927,f02c47aad1549dbd9710aef224c49f59b190eb0ed6cee1ba2a4cc8908a386ca7
8d486735928337a94270241fe9277cd52f29ec4039cf8a8ca22b03c346dce622,MITDB_P103,103,490000000,3,20260927,MODEL_V2_TCN_MEAN,0,-2.6295785903930664,0.06725887954235077,5,V2-004-D1-TCNMEAN-F03-S20260927,f02c47aad1549dbd9710aef224c49f59b190eb0ed6cee1ba2a4cc8908a386ca7
8d48be8ebdfedc4b010aa7e872dce9e82a3a3fa83ed64ff70ce4a6a5ed91fd74,MITDB_P114,114,815000000,3,20260927,MODEL_V2_TCN_MEAN,0,1.828721284866333,0.8616093397140503,5,V2-004-D1-TCNMEAN-F03-S20260927,f02c47aad1549dbd9710aef224c49f59b190eb0ed6cee1ba2a4cc8908a386ca7
8d63a24820bf58ccc0f4ba21ad3936f5f39955807655744e7e056a3305eb4108,MITDB_P223,223,285000000,3,20260927,MODEL_V2_TCN_MEAN,1,6.077128887176514,0.9977104663848877,5,V2-004-D1-TCNMEAN-F03-S20260927,f02c47aad1549dbd9710aef224c49f59b190eb0ed6cee1ba2a4cc8908a386ca7
8d67fcf9c6f78d45ab566ae5323ef74535175dec8111ef661560a1c78cb69629,MITDB_P223,223,1145000000,3,20260927,MODEL_V2_TCN_MEAN,0,-0.5142336487770081,0.37420159578323364,5,V2-004-D1-TCNMEAN-F03-S20260927,f02c47aad1549dbd9710aef224c49f59b190eb0ed6cee1ba2a4cc8908a386ca7
8d7b5b3d4a15f90eadf33ad51df16ee544eea27d39d4af1f994575b8a6083217,MITDB_P208,208,1170000000,3,20260927,MODEL_V2_TCN_MEAN,1,4.960500240325928,0.9930394291877747,5,V2-004-D1-TCNMEAN-F03-S20260927,f02c47aad1549dbd9710aef224c49f59b190eb0ed6cee1ba2a4cc8908a386ca7
8d910597820ad8e7eb34a1174fdf9dd4b8fd6b7ca60d647538fd063ca72dd6fa,MITDB_P121,121,1390000000,3,20260927,MODEL_V2_TCN_MEAN,0,-4.486850261688232,0.011130752973258495,5,V2-004-D1-TCNMEAN-F03-S20260927,f02c47aad1549dbd9710aef224c49f59b190eb0ed6cee1ba2a4cc8908a386ca7
8d9149a42ace7594d9355699e810ac56a14bbfe7b43e01c680c0b90d2ba907f4,MITDB_P103,103,755000000,3,20260927,MODEL_V2_TCN_MEAN,0,-3.160254955291748,0.040689099580049515,5,V2-004-D1-TCNMEAN-F03-S20260927,f02c47aad1549dbd9710aef224c49f59b190eb0ed6cee1ba2a4cc8908a386ca7
8d9c826159b5db501ab11fd5318aad8c219c0ac7a362aa1284491b863d69462a,MITDB_P121,121,1085000000,3,20260927,MODEL_V2_TCN_MEAN,0,-4.223841667175293,0.014430982992053032,5,V2-004-D1-TCNMEAN-F03-S20260927,f02c47aad1549dbd9710aef224c49f59b190eb0ed6cee1ba2a4cc8908a386ca7
8dadf7ba0eed663a630ce538e19c8858c94a5584dec2360be483585e709f160f,MITDB_P114,114,515000000,3,20260927,MODEL_V2_TCN_MEAN,1,10.038230895996094,0.9999562501907349,5,V2-004-D1-TCNMEAN-F03-S20260927,f02c47aad1549dbd9710aef224c49f59b190eb0ed6cee1ba2a4cc8908a386ca7
8dbc0dea66d652ffcbf9bd9152aec7075d3f8870cf4a704e5a27893d30dbe596,MITDB_P103,103,1385000000,3,20260927,MODEL_V2_TCN_MEAN,0,-3.1448237895965576,0.041295722126960754,5,V2-004-D1-TCNMEAN-F03-S20260927,f02c47aad1549dbd9710aef224c49f59b190eb0ed6cee1ba2a4cc8908a386ca7
8dc9cfec8bf5879d0cabcbdfdafd2a70f717e404a16e7ff4bab1982c41639733,MITDB_P223,223,1335000000,3,20260927,MODEL_V2_TCN_MEAN,1,16.484188079833984,0.9999998807907104,5,V2-004-D1-TCNMEAN-F03-S20260927,f02c47aad1549dbd9710aef224c49f59b190eb0ed6cee1ba2a4cc8908a386ca7
8de3d984b14827daa6a3a187def8379237fd4d2984d9605b88534a6e9819094a,MITDB_P121,121,290000000,3,20260927,MODEL_V2_TCN_MEAN,0,-4.950616836547852,0.007029280532151461,5,V2-004-D1-TCNMEAN-F03-S20260927,f02c47aad1549dbd9710aef224c49f59b190eb0ed6cee1ba2a4cc8908a386ca7
8e148f21500279f2cf3b754a5fec166973f47c400f557b08bab3f73d0c266ec2,MITDB_P103,103,200000000,3,20260927,MODEL_V2_TCN_MEAN,0,-1.7127326726913452,0.15280960500240326,5,V2-004-D1-TCNMEAN-F03-S20260927,f02c47aad1549dbd9710aef224c49f59b190eb0ed6cee1ba2a4cc8908a386ca7
8e38cd38bbe6a363953dff9b94863469aa01656cc97b3cd4637e19f60fd354c7,MITDB_P121,121,475000000,3,20260927,MODEL_V2_TCN_MEAN,0,-2.758897542953491,0.059586118906736374,5,V2-004-D1-TCNMEAN-F03-S20260927,f02c47aad1549dbd9710aef224c49f59b190eb0ed6cee1ba2a4cc8908a386ca7
8e43f7bf2c2f56c6d06c03d586ad67b67a864e13f41a5baca9db23f2566b7e69,MITDB_P223,223,330000000,3,20260927,MODEL_V2_TCN_MEAN,0,-2.091627359390259,0.10991326719522476,5,V2-004-D1-TCNMEAN-F03-S20260927,f02c47aad1549dbd9710aef224c49f59b190eb0ed6cee1ba2a4cc8908a386ca7
8e958cdc03dd64212f585430142168ffab9eae83369c84766709ef291486c2bc,MITDB_P114,114,260000000,3,20260927,MODEL_V2_TCN_MEAN,1,14.981327056884766,0.9999996423721313,5,V2-004-D1-TCNMEAN-F03-S20260927,f02c47aad1549dbd9710aef224c49f59b190eb0ed6cee1ba2a4cc8908a386ca7
8e9a0e3357ef0785c38ad9d123c842f46a7870e45cd58631beeedd21d1b977bd,MITDB_P223,223,125000000,3,20260927,MODEL_V2_TCN_MEAN,1,9.90194320678711,0.9999499320983887,5,V2-004-D1-TCNMEAN-F03-S20260927,f02c47aad1549dbd9710aef224c49f59b190eb0ed6cee1ba2a4cc8908a386ca7
8eab0c9fcfc7e9e3f831368a0718c0653233dc2feb83b9b3025d64989e75f8bc,MITDB_P121,121,1385000000,3,20260927,MODEL_V2_TCN_MEAN,0,-4.470962047576904,0.011306998319923878,5,V2-004-D1-TCNMEAN-F03-S20260927,f02c47aad1549dbd9710aef224c49f59b190eb0ed6cee1ba2a4cc8908a386ca7
8ede76f6262aef7d76126f816ee25b29d31289056b01cb4905a75c4fb03e3012,MITDB_P121,121,845000000,3,20260927,MODEL_V2_TCN_MEAN,0,-2.8931808471679688,0.0524916909635067,5,V2-004-D1-TCNMEAN-F03-S20260927,f02c47aad1549dbd9710aef224c49f59b190eb0ed6cee1ba2a4cc8908a386ca7
8f05934b44c88ea3794abf3dd48ba1b1b12934b7d1297a9c3250180f0169f55b,MITDB_P208,208,855000000,3,20260927,MODEL_V2_TCN_MEAN,1,15.228534698486328,0.9999997615814209,5,V2-004-D1-TCNMEAN-F03-S20260927,f02c47aad1549dbd9710aef224c49f59b190eb0ed6cee1ba2a4cc8908a386ca7
8f09a5298a81bb035ead9fec94b1b28bd1f1c6e36147e62cc227731951854dd9,MITDB_P114,114,370000000,3,20260927,MODEL_V2_TCN_MEAN,1,8.0174560546875,0.9996705055236816,5,V2-004-D1-TCNMEAN-F03-S20260927,f02c47aad1549dbd9710aef224c49f59b190eb0ed6cee1ba2a4cc8908a386ca7
8f10106b3a10f18a0f43aa6b3643f8488d03ce362bf850e6f014da5881c960b5,MITDB_P103,103,990000000,3,20260927,MODEL_V2_TCN_MEAN,0,-2.483268976211548,0.0770394429564476,5,V2-004-D1-TCNMEAN-F03-S20260927,f02c47aad1549dbd9710aef224c49f59b190eb0ed6cee1ba2a4cc8908a386ca7
8f1f3ff9fdc7bfcf02e7e589721f00644275f949ea1f6e36d3b456cb96298c9f,MITDB_P223,223,1775000000,3,20260927,MODEL_V2_TCN_MEAN,0,-2.4647369384765625,0.07836752384901047,5,V2-004-D1-TCNMEAN-F03-S20260927,f02c47aad1549dbd9710aef224c49f59b190eb0ed6cee1ba2a4cc8908a386ca7
8f25f10c66f5aa9ecd1fb7182b4f8971bea7c10ac40e5addc278d3527c77e523,MITDB_P208,208,885000000,3,20260927,MODEL_V2_TCN_MEAN,1,12.029574394226074,0.9999940395355225,5,V2-004-D1-TCNMEAN-F03-S20260927,f02c47aad1549dbd9710aef224c49f59b190eb0ed6cee1ba2a4cc8908a386ca7
8f505481fdb6854a084ecfc7dfd4355fa38c14883dc1d2969d203c0b67e512ec,MITDB_P223,223,120000000,3,20260927,MODEL_V2_TCN_MEAN,1,4.676758289337158,0.9907767176628113,5,V2-004-D1-TCNMEAN-F03-S20260927,f02c47aad1549dbd9710aef224c49f59b190eb0ed6cee1ba2a4cc8908a386ca7
8f88818e8e60e7c59dfc1713a5dac8a60206fb7d4ea8bd25b36fa53bd8fcc8f1,MITDB_P223,223,1260000000,3,20260927,MODEL_V2_TCN_MEAN,0,-2.721384048461914,0.0617232620716095,5,V2-004-D1-TCNMEAN-F03-S20260927,f02c47aad1549dbd9710aef224c49f59b190eb0ed6cee1ba2a4cc8908a386ca7
8f9b42a46c9f21517d577cf80dded964d2b6f9a05b020d34ff186c38e442f5fb,MITDB_P114,114,1770000000,3,20260927,MODEL_V2_TCN_MEAN,0,0.47877877950668335,0.6174594759941101,5,V2-004-D1-TCNMEAN-F03-S20260927,f02c47aad1549dbd9710aef224c49f59b190eb0ed6cee1ba2a4cc8908a386ca7
8f9eb9974b5eacf2bf56e3cd74a1afceef0e7b6b47dd8e9738928d6e29f83be0,MITDB_P121,121,700000000,3,20260927,MODEL_V2_TCN_MEAN,0,-3.201263666152954,0.039118196815252304,5,V2-004-D1-TCNMEAN-F03-S20260927,f02c47aad1549dbd9710aef224c49f59b190eb0ed6cee1ba2a4cc8908a386ca7
8ffc34d267c62391323edc8bfa5d0e044ae877e13eb3920953f284e93e9ea7af,MITDB_P223,223,365000000,3,20260927,MODEL_V2_TCN_MEAN,0,-2.5478734970092773,0.07256947457790375,5,V2-004-D1-TCNMEAN-F03-S20260927,f02c47aad1549dbd9710aef224c49f59b190eb0ed6cee1ba2a4cc8908a386ca7
90150268faf3314fceb2ce6b840df91505e7e6f1b37f4509fd51f8cb47a6c34e,MITDB_P121,121,335000000,3,20260927,MODEL_V2_TCN_MEAN,0,-4.219455718994141,0.014493495225906372,5,V2-004-D1-TCNMEAN-F03-S20260927,f02c47aad1549dbd9710aef224c49f59b190eb0ed6cee1ba2a4cc8908a386ca7
9044fee5e2df1a4305aaddfa9ff72ab50d8024be3602afe267577c3fb68168d1,MITDB_P208,208,565000000,3,20260927,MODEL_V2_TCN_MEAN,1,14.315719604492188,0.9999994039535522,5,V2-004-D1-TCNMEAN-F03-S20260927,f02c47aad1549dbd9710aef224c49f59b190eb0ed6cee1ba2a4cc8908a386ca7
9077cffefdfc798441a1fd8b5f8e442cfaf87030be1b0fe744e7662342a687d8,MITDB_P121,121,450000000,3,20260927,MODEL_V2_TCN_MEAN,0,-3.7228505611419678,0.023594819009304047,5,V2-004-D1-TCNMEAN-F03-S20260927,f02c47aad1549dbd9710aef224c49f59b190eb0ed6cee1ba2a4cc8908a386ca7
907a4b5e7e701427fcd36f0a82cdab42f2f3a14e1bce9e1a0f3368c66a31aa50,MITDB_P114,114,1250000000,3,20260927,MODEL_V2_TCN_MEAN,0,3.777810573577881,0.9776387810707092,5,V2-004-D1-TCNMEAN-F03-S20260927,f02c47aad1549dbd9710aef224c49f59b190eb0ed6cee1ba2a4cc8908a386ca7
907b9ea282e0aa76cb0b861d9f03ac06ed203f0df4b22d5fb862839ea85bed4c,MITDB_P208,208,40000000,3,20260927,MODEL_V2_TCN_MEAN,1,9.361139297485352,0.9999140501022339,5,V2-004-D1-TCNMEAN-F03-S20260927,f02c47aad1549dbd9710aef224c49f59b190eb0ed6cee1ba2a4cc8908a386ca7
9092c2d5c1fd8563b708475f8491518b0e6e2d9e93bb90ddf888246ecb72c4ae,MITDB_P208,208,250000000,3,20260927,MODEL_V2_TCN_MEAN,1,13.076192855834961,0.9999978542327881,5,V2-004-D1-TCNMEAN-F03-S20260927,f02c47aad1549dbd9710aef224c49f59b190eb0ed6cee1ba2a4cc8908a386ca7
90bcfc519cf80d29c2a29a7f6644194bce2707d97e1c64577af6f02f1ae385b5,MITDB_P114,114,1600000000,3,20260927,MODEL_V2_TCN_MEAN,1,2.5644454956054688,0.9285379648208618,5,V2-004-D1-TCNMEAN-F03-S20260927,f02c47aad1549dbd9710aef224c49f59b190eb0ed6cee1ba2a4cc8908a386ca7
9131168eb0184573f0fae30b3ef17d3324af40408ca67a0222f9a9d29f2835eb,MITDB_P223,223,770000000,3,20260927,MODEL_V2_TCN_MEAN,0,-1.84479820728302,0.1364848017692566,5,V2-004-D1-TCNMEAN-F03-S20260927,f02c47aad1549dbd9710aef224c49f59b190eb0ed6cee1ba2a4cc8908a386ca7
91418d14316ae2d81c3cfc94eece42d1cb7c07d1c2442dbcbe2fa906613b8a95,MITDB_P121,121,675000000,3,20260927,MODEL_V2_TCN_MEAN,0,-3.55263614654541,0.027851110324263573,5,V2-004-D1-TCNMEAN-F03-S20260927,f02c47aad1549dbd9710aef224c49f59b190eb0ed6cee1ba2a4cc8908a386ca7
917f12676abb584b09f478f641e68e4c246dee229bf0ea20d23783f44f894991,MITDB_P208,208,740000000,3,20260927,MODEL_V2_TCN_MEAN,1,13.269352912902832,0.9999983310699463,5,V2-004-D1-TCNMEAN-F03-S20260927,f02c47aad1549dbd9710aef224c49f59b190eb0ed6cee1ba2a4cc8908a386ca7
91abc8fec088877b297e8d87098998df50bae99014c273a9607c831f4c623887,MITDB_P208,208,685000000,3,20260927,MODEL_V2_TCN_MEAN,1,15.262897491455078,0.9999997615814209,5,V2-004-D1-TCNMEAN-F03-S20260927,f02c47aad1549dbd9710aef224c49f59b190eb0ed6cee1ba2a4cc8908a386ca7
923a2a3ab144098a176b085edc5d13aee917ba4a2fb08e503211b529c6659d25,MITDB_P103,103,150000000,3,20260927,MODEL_V2_TCN_MEAN,0,-3.4716038703918457,0.030131075531244278,5,V2-004-D1-TCNMEAN-F03-S20260927,f02c47aad1549dbd9710aef224c49f59b190eb0ed6cee1ba2a4cc8908a386ca7
9288cb8b6ac2cb8d9c01437d0205ed1f383b831abf701118b9edc5fcce30b22b,MITDB_P121,121,1380000000,3,20260927,MODEL_V2_TCN_MEAN,0,-3.7852814197540283,0.02219851128757,5,V2-004-D1-TCNMEAN-F03-S20260927,f02c47aad1549dbd9710aef224c49f59b190eb0ed6cee1ba2a4cc8908a386ca7
92ae4af049bd44b80da9ece5736d09c01185e6e1ac4887ee99072b21b91a09dc,MITDB_P223,223,1315000000,3,20260927,MODEL_V2_TCN_MEAN,1,15.363969802856445,0.9999997615814209,5,V2-004-D1-TCNMEAN-F03-S20260927,f02c47aad1549dbd9710aef224c49f59b190eb0ed6cee1ba2a4cc8908a386ca7
92af8ca7bd0491da10496eeadc1b0261b014bedeac76075868d4ae40c3431b7c,MITDB_P208,208,650000000,3,20260927,MODEL_V2_TCN_MEAN,1,12.683727264404297,0.9999969005584717,5,V2-004-D1-TCNMEAN-F03-S20260927,f02c47aad1549dbd9710aef224c49f59b190eb0ed6cee1ba2a4cc8908a386ca7
92b0a12e12e597ff76cc139c4d14e864c15c947f6d8a86e9c75a9dee203a6df9,MITDB_P103,103,930000000,3,20260927,MODEL_V2_TCN_MEAN,0,-2.3466897010803223,0.08732925355434418,5,V2-004-D1-TCNMEAN-F03-S20260927,f02c47aad1549dbd9710aef224c49f59b190eb0ed6cee1ba2a4cc8908a386ca7
92c20da016f5d3b98d7d9b06e3c3dce38f80d9444e5b03a7505bf173d7e1facf,MITDB_P103,103,1345000000,3,20260927,MODEL_V2_TCN_MEAN,0,-1.0650712251663208,0.2563415467739105,5,V2-004-D1-TCNMEAN-F03-S20260927,f02c47aad1549dbd9710aef224c49f59b190eb0ed6cee1ba2a4cc8908a386ca7
92d0788966ba68f1197c1eab9afdd03e915894edf4772f49e1b23d720994e4ad,MITDB_P103,103,765000000,3,20260927,MODEL_V2_TCN_MEAN,0,-2.9234602451324463,0.05100594833493233,5,V2-004-D1-TCNMEAN-F03-S20260927,f02c47aad1549dbd9710aef224c49f59b190eb0ed6cee1ba2a4cc8908a386ca7
92dbee1868cb47181adc96415c4916d7c8607487de53dd80cce1471fbd6b7171,MITDB_P208,208,1095000000,3,20260927,MODEL_V2_TCN_MEAN,1,10.612434387207031,0.9999754428863525,5,V2-004-D1-TCNMEAN-F03-S20260927,f02c47aad1549dbd9710aef224c49f59b190eb0ed6cee1ba2a4cc8908a386ca7
92ed24aa79748ebb18e12f2907f8824ef14655e44b00710d2ee818d144dc745b,MITDB_P103,103,1580000000,3,20260927,MODEL_V2_TCN_MEAN,0,-1.8787291049957275,0.132534921169281,5,V2-004-D1-TCNMEAN-F03-S20260927,f02c47aad1549dbd9710aef224c49f59b190eb0ed6cee1ba2a4cc8908a386ca7
92f3d56d5dc05d245d6418076b6642f48d944f449d3802e8e5778b3e824d2943,MITDB_P208,208,710000000,3,20260927,MODEL_V2_TCN_MEAN,1,14.773151397705078,0.9999996423721313,5,V2-004-D1-TCNMEAN-F03-S20260927,f02c47aad1549dbd9710aef224c49f59b190eb0ed6cee1ba2a4cc8908a386ca7
92fd91228f6e514d3e7e90121650e61b31e2460d3e1f811c2f76d0c44686b541,MITDB_P103,103,1670000000,3,20260927,MODEL_V2_TCN_MEAN,0,-1.835127830505371,0.13762854039669037,5,V2-004-D1-TCNMEAN-F03-S20260927,f02c47aad1549dbd9710aef224c49f59b190eb0ed6cee1ba2a4cc8908a386ca7
931e70e4179d026715f4e6c4f4d55039fa85b5e51394ece309ef5bda73cb45e9,MITDB_P114,114,1050000000,3,20260927,MODEL_V2_TCN_MEAN,0,1.688758134841919,0.8440607786178589,5,V2-004-D1-TCNMEAN-F03-S20260927,f02c47aad1549dbd9710aef224c49f59b190eb0ed6cee1ba2a4cc8908a386ca7
933e458d3c13e4072ce2801c1913c1bdd2ace503db5c11f8b2981014f940a9c5,MITDB_P114,114,1430000000,3,20260927,MODEL_V2_TCN_MEAN,0,3.4822421073913574,0.9701781868934631,5,V2-004-D1-TCNMEAN-F03-S20260927,f02c47aad1549dbd9710aef224c49f59b190eb0ed6cee1ba2a4cc8908a386ca7
9358b8814277fd05bcac4befae904e15bd5025f975cd7fab6f7f67efc8ca46fc,MITDB_P121,121,1420000000,3,20260927,MODEL_V2_TCN_MEAN,0,-4.421372890472412,0.011875011026859283,5,V2-004-D1-TCNMEAN-F03-S20260927,f02c47aad1549dbd9710aef224c49f59b190eb0ed6cee1ba2a4cc8908a386ca7
93778e4dc3595911b4d04a0ce8d52e96c7c0c2600e3659c703c45581f186ee33,MITDB_P103,103,635000000,3,20260927,MODEL_V2_TCN_MEAN,0,-2.3907840251922607,0.08387816697359085,5,V2-004-D1-TCNMEAN-F03-S20260927,f02c47aad1549dbd9710aef224c49f59b190eb0ed6cee1ba2a4cc8908a386ca7
937f1896251877ea7d37d78f693f4523c3610b35bfac3f95e280961fc18b4b79,MITDB_P114,114,1100000000,3,20260927,MODEL_V2_TCN_MEAN,0,2.7698211669921875,0.941023051738739,5,V2-004-D1-TCNMEAN-F03-S20260927,f02c47aad1549dbd9710aef224c49f59b190eb0ed6cee1ba2a4cc8908a386ca7
93a3f70f65a90ad5770bc1fa304540f4963c1ab751cbbb767483c80c7e25c8f3,MITDB_P121,121,980000000,3,20260927,MODEL_V2_TCN_MEAN,0,-3.2297635078430176,0.038060903549194336,5,V2-004-D1-TCNMEAN-F03-S20260927,f02c47aad1549dbd9710aef224c49f59b190eb0ed6cee1ba2a4cc8908a386ca7
93b259826ea76983a5c2718c82d9f6435cc5f9649f1d16434ffce7d5425a8660,MITDB_P103,103,320000000,3,20260927,MODEL_V2_TCN_MEAN,0,-2.424300193786621,0.08133835345506668,5,V2-004-D1-TCNMEAN-F03-S20260927,f02c47aad1549dbd9710aef224c49f59b190eb0ed6cee1ba2a4cc8908a386ca7
93e80a56fd3b6106e889f770cbccf0de92b5593a0ee2b1643986843e5db22e07,MITDB_P114,114,1590000000,3,20260927,MODEL_V2_TCN_MEAN,0,1.8161300420761108,0.8601011037826538,5,V2-004-D1-TCNMEAN-F03-S20260927,f02c47aad1549dbd9710aef224c49f59b190eb0ed6cee1ba2a4cc8908a386ca7
940d6959df5ba3fc62586e899d4880f56cee3f32b5bb1b16494c0e897a16e0e2,MITDB_P114,114,70000000,3,20260927,MODEL_V2_TCN_MEAN,0,0.029725000262260437,0.5074307322502136,5,V2-004-D1-TCNMEAN-F03-S20260927,f02c47aad1549dbd9710aef224c49f59b190eb0ed6cee1ba2a4cc8908a386ca7
9416623aaccadb4ac61d8ed92d75ead30b9e6409403440801076b0838ee1c0d1,MITDB_P114,114,1555000000,3,20260927,MODEL_V2_TCN_MEAN,0,0.9832261204719543,0.727747917175293,5,V2-004-D1-TCNMEAN-F03-S20260927,f02c47aad1549dbd9710aef224c49f59b190eb0ed6cee1ba2a4cc8908a386ca7
946dc47b86ebcce3c99e8f308852163fc14a8502d234b2d7cb49db4fb45b0c66,MITDB_P121,121,225000000,3,20260927,MODEL_V2_TCN_MEAN,0,-3.8334550857543945,0.021176587790250778,5,V2-004-D1-TCNMEAN-F03-S20260927,f02c47aad1549dbd9710aef224c49f59b190eb0ed6cee1ba2a4cc8908a386ca7
9471655c0030f25d1970b23845e50fcb52dcd198e61513d5e6fbaa1e6140ccec,MITDB_P223,223,985000000,3,20260927,MODEL_V2_TCN_MEAN,1,5.446155071258545,0.9957056641578674,5,V2-004-D1-TCNMEAN-F03-S20260927,f02c47aad1549dbd9710aef224c49f59b190eb0ed6cee1ba2a4cc8908a386ca7
949a25a17cdebf1e513595ef8a1ce6ff7465b7e2469858d0d95c4699d9896609,MITDB_P208,208,1740000000,3,20260927,MODEL_V2_TCN_MEAN,1,11.871938705444336,0.9999929666519165,5,V2-004-D1-TCNMEAN-F03-S20260927,f02c47aad1549dbd9710aef224c49f59b190eb0ed6cee1ba2a4cc8908a386ca7
94a547e52de0ba32e5217811fbb4e1c6321dc8c4b7b27d5de811acc435a01fd2,MITDB_P103,103,895000000,3,20260927,MODEL_V2_TCN_MEAN,0,-2.385758876800537,0.08426512032747269,5,V2-004-D1-TCNMEAN-F03-S20260927,f02c47aad1549dbd9710aef224c49f59b190eb0ed6cee1ba2a4cc8908a386ca7
94bf4341c8123fd3150adc3735ac8688ca6807652a019b256ff16b181a2870e2,MITDB_P121,121,1530000000,3,20260927,MODEL_V2_TCN_MEAN,0,3.1037802696228027,0.9570484161376953,5,V2-004-D1-TCNMEAN-F03-S20260927,f02c47aad1549dbd9710aef224c49f59b190eb0ed6cee1ba2a4cc8908a386ca7
952b9835929a5ee260e560595e9a8f846de21dea97685c35e7b337fac33b67ec,MITDB_P208,208,895000000,3,20260927,MODEL_V2_TCN_MEAN,1,11.00539779663086,0.9999834299087524,5,V2-004-D1-TCNMEAN-F03-S20260927,f02c47aad1549dbd9710aef224c49f59b190eb0ed6cee1ba2a4cc8908a386ca7
954ce94bee17db0d2c185be3923453e1be55decc6951222ccccfb60aed9eff41,MITDB_P208,208,180000000,3,20260927,MODEL_V2_TCN_MEAN,1,12.655912399291992,0.9999967813491821,5,V2-004-D1-TCNMEAN-F03-S20260927,f02c47aad1549dbd9710aef224c49f59b190eb0ed6cee1ba2a4cc8908a386ca7
9573eff136c3018d95cba9da3cd09fe2bc4572f15d334ad2a3db503d7bfd8f55,MITDB_P103,103,1785000000,3,20260927,MODEL_V2_TCN_MEAN,0,-1.99247407913208,0.1199953630566597,5,V2-004-D1-TCNMEAN-F03-S20260927,f02c47aad1549dbd9710aef224c49f59b190eb0ed6cee1ba2a4cc8908a386ca7
9574fbe717fe75d7787e2fb3bc3937af449f3b4c517b4aa39d83a08a1b2ef485,MITDB_P103,103,175000000,3,20260927,MODEL_V2_TCN_MEAN,0,-3.245305061340332,0.03749595955014229,5,V2-004-D1-TCNMEAN-F03-S20260927,f02c47aad1549dbd9710aef224c49f59b190eb0ed6cee1ba2a4cc8908a386ca7
95a8e1ffa4aa471a15115270c9a0ebb03ced4a1b7de2594f851ee2087f2ba638,MITDB_P208,208,1585000000,3,20260927,MODEL_V2_TCN_MEAN,1,5.6731791496276855,0.996574878692627,5,V2-004-D1-TCNMEAN-F03-S20260927,f02c47aad1549dbd9710aef224c49f59b190eb0ed6cee1ba2a4cc8908a386ca7
95adf2f47cf6c745c2c61756363f80ebf8cd033c641646a0c6ba08ad6b4cfee1,MITDB_P114,114,865000000,3,20260927,MODEL_V2_TCN_MEAN,0,3.5559921264648438,0.97223961353302,5,V2-004-D1-TCNMEAN-F03-S20260927,f02c47aad1549dbd9710aef224c49f59b190eb0ed6cee1ba2a4cc8908a386ca7
95b9a787d20249d349147dafe64eff01e59029138dc5ece9c9b1b84f2716fdfa,MITDB_P121,121,1090000000,3,20260927,MODEL_V2_TCN_MEAN,0,-4.143566608428955,0.015618358738720417,5,V2-004-D1-TCNMEAN-F03-S20260927,f02c47aad1549dbd9710aef224c49f59b190eb0ed6cee1ba2a4cc8908a386ca7
95c1925749c6e7810ef8466e0d35933bcea54db57e9f82efb4dff5543353dce7,MITDB_P121,121,1300000000,3,20260927,MODEL_V2_TCN_MEAN,0,-4.06748104095459,0.01683228276669979,5,V2-004-D1-TCNMEAN-F03-S20260927,f02c47aad1549dbd9710aef224c49f59b190eb0ed6cee1ba2a4cc8908a386ca7
95e7f7ec69c771e17b96317e493d173535e22152f1d2911d402c06bfd3e0d4a9,MITDB_P114,114,925000000,3,20260927,MODEL_V2_TCN_MEAN,0,2.5854430198669434,0.9299188256263733,5,V2-004-D1-TCNMEAN-F03-S20260927,f02c47aad1549dbd9710aef224c49f59b190eb0ed6cee1ba2a4cc8908a386ca7
95ed1d59f8fbbc09bdbaf1ca4bbbc11c2397af0b30690a1e933ec1b8cd7b78a0,MITDB_P114,114,1150000000,3,20260927,MODEL_V2_TCN_MEAN,0,1.5144643783569336,0.8197218775749207,5,V2-004-D1-TCNMEAN-F03-S20260927,f02c47aad1549dbd9710aef224c49f59b190eb0ed6cee1ba2a4cc8908a386ca7
95f41b25a3712188c6f759658fc37970b77faf3685e8c681f755a9bbf7cff9ca,MITDB_P121,121,890000000,3,20260927,MODEL_V2_TCN_MEAN,0,-3.3932933807373047,0.03250572085380554,5,V2-004-D1-TCNMEAN-F03-S20260927,f02c47aad1549dbd9710aef224c49f59b190eb0ed6cee1ba2a4cc8908a386ca7
95fcce492ef201c220f0dfeb68f37202980168a6134cff0f10412772aae1e950,MITDB_P103,103,700000000,3,20260927,MODEL_V2_TCN_MEAN,0,-2.81284236907959,0.05663413181900978,5,V2-004-D1-TCNMEAN-F03-S20260927,f02c47aad1549dbd9710aef224c49f59b190eb0ed6cee1ba2a4cc8908a386ca7
96006c8b216a10352988e73b089374196cec2164f9290ca566189ff8d1d38e31,MITDB_P121,121,1165000000,3,20260927,MODEL_V2_TCN_MEAN,0,-3.855120897293091,0.020732123404741287,5,V2-004-D1-TCNMEAN-F03-S20260927,f02c47aad1549dbd9710aef224c49f59b190eb0ed6cee1ba2a4cc8908a386ca7
96090251e6d4df7ce3e0d5613b4d3e9eeaf19d6f9605dbf2c874d280d06029d4,MITDB_P114,114,345000000,3,20260927,MODEL_V2_TCN_MEAN,1,14.893472671508789,0.9999996423721313,5,V2-004-D1-TCNMEAN-F03-S20260927,f02c47aad1549dbd9710aef224c49f59b190eb0ed6cee1ba2a4cc8908a386ca7
96197a343b39e6d33f629e81f6460a85fc489f1ee63349ff1e91067a6f29db03,MITDB_P208,208,1570000000,3,20260927,MODEL_V2_TCN_MEAN,1,6.482159614562988,0.9984717965126038,5,V2-004-D1-TCNMEAN-F03-S20260927,f02c47aad1549dbd9710aef224c49f59b190eb0ed6cee1ba2a4cc8908a386ca7
961d5f04450a41c5200c866734e74409719d4c0e395c2565a325f52381d45834,MITDB_P208,208,1290000000,3,20260927,MODEL_V2_TCN_MEAN,1,5.925921440124512,0.9973377585411072,5,V2-004-D1-TCNMEAN-F03-S20260927,f02c47aad1549dbd9710aef224c49f59b190eb0ed6cee1ba2a4cc8908a386ca7
9621f3fc0311968c878e6c779f84dd980cd0cc01a97b727909d0a80b06fa509c,MITDB_P208,208,1180000000,3,20260927,MODEL_V2_TCN_MEAN,1,7.008376121520996,0.9990965127944946,5,V2-004-D1-TCNMEAN-F03-S20260927,f02c47aad1549dbd9710aef224c49f59b190eb0ed6cee1ba2a4cc8908a386ca7
963f95bcaa86f518c9e5847648d7af1f18a066164126ce5a4477581ecd6fecf0,MITDB_P121,121,740000000,3,20260927,MODEL_V2_TCN_MEAN,0,-3.69277286529541,0.024297770112752914,5,V2-004-D1-TCNMEAN-F03-S20260927,f02c47aad1549dbd9710aef224c49f59b190eb0ed6cee1ba2a4cc8908a386ca7
9648417fbe0e8107e893d0f86abe81022ca75a1c01e1ab48a31567449209c976,MITDB_P208,208,545000000,3,20260927,MODEL_V2_TCN_MEAN,1,14.370281219482422,0.9999994039535522,5,V2-004-D1-TCNMEAN-F03-S20260927,f02c47aad1549dbd9710aef224c49f59b190eb0ed6cee1ba2a4cc8908a386ca7
96abcfcf70f4d45e83542ddd461717ff98830a14e32f43938663985d52eb0f46,MITDB_P223,223,470000000,3,20260927,MODEL_V2_TCN_MEAN,1,8.371007919311523,0.9997685551643372,5,V2-004-D1-TCNMEAN-F03-S20260927,f02c47aad1549dbd9710aef224c49f59b190eb0ed6cee1ba2a4cc8908a386ca7
96ced8a702271433887a408567540b34c4aa754d2397ba27035237c367bd59a4,MITDB_P208,208,795000000,3,20260927,MODEL_V2_TCN_MEAN,1,14.752104759216309,0.9999996423721313,5,V2-004-D1-TCNMEAN-F03-S20260927,f02c47aad1549dbd9710aef224c49f59b190eb0ed6cee1ba2a4cc8908a386ca7
96cfbceffdc19cfe27d495c18d7690f02e1fc9771a1b7f3b432c94b901c8ce95,MITDB_P208,208,485000000,3,20260927,MODEL_V2_TCN_MEAN,1,12.25484561920166,0.999995231628418,5,V2-004-D1-TCNMEAN-F03-S20260927,f02c47aad1549dbd9710aef224c49f59b190eb0ed6cee1ba2a4cc8908a386ca7
96f639f81bff0f4222ca8911ba44cbcc5d57cc537dcf2658a251b7eae9e65fe5,MITDB_P103,103,335000000,3,20260927,MODEL_V2_TCN_MEAN,0,-2.7570836544036865,0.059687837958335876,5,V2-004-D1-TCNMEAN-F03-S20260927,f02c47aad1549dbd9710aef224c49f59b190eb0ed6cee1ba2a4cc8908a386ca7
9709eb4613bcb7f70c09da9980d7b071641b254726754ee470ea5c1ab94e8b09,MITDB_P223,223,780000000,3,20260927,MODEL_V2_TCN_MEAN,0,-1.0680077075958252,0.2557821571826935,5,V2-004-D1-TCNMEAN-F03-S20260927,f02c47aad1549dbd9710aef224c49f59b190eb0ed6cee1ba2a4cc8908a386ca7
97673610ec5853a3a86b2341730d1b1fb244ed105001deadca112c46ddd1e7cc,MITDB_P121,121,1480000000,3,20260927,MODEL_V2_TCN_MEAN,0,1.693509578704834,0.8446851372718811,5,V2-004-D1-TCNMEAN-F03-S20260927,f02c47aad1549dbd9710aef224c49f59b190eb0ed6cee1ba2a4cc8908a386ca7
97c995ab8cc17b3b8817244813d4395dbd22bd80bbb19c626c6e707972355bbe,MITDB_P223,223,240000000,3,20260927,MODEL_V2_TCN_MEAN,0,-2.297985076904297,0.09128997474908829,5,V2-004-D1-TCNMEAN-F03-S20260927,f02c47aad1549dbd9710aef224c49f59b190eb0ed6cee1ba2a4cc8908a386ca7
97d89c7ae10bdf52e35a9fd310e0e9c28c74853c72731a12cfd2b7eefe257044,MITDB_P103,103,640000000,3,20260927,MODEL_V2_TCN_MEAN,0,-2.7774195671081543,0.05855664610862732,5,V2-004-D1-TCNMEAN-F03-S20260927,f02c47aad1549dbd9710aef224c49f59b190eb0ed6cee1ba2a4cc8908a386ca7
97f8396924da93d13d0ffb5a48af8fc53c3122b44011aa38bc3009c40feb14a6,MITDB_P223,223,1060000000,3,20260927,MODEL_V2_TCN_MEAN,1,5.581193923950195,0.9962460398674011,5,V2-004-D1-TCNMEAN-F03-S20260927,f02c47aad1549dbd9710aef224c49f59b190eb0ed6cee1ba2a4cc8908a386ca7
9811e77756d05d6a5037df15f4d18daaac38c236d760ec9cace49cae73a3ffb2,MITDB_P114,114,1660000000,3,20260927,MODEL_V2_TCN_MEAN,0,2.121534585952759,0.8929787278175354,5,V2-004-D1-TCNMEAN-F03-S20260927,f02c47aad1549dbd9710aef224c49f59b190eb0ed6cee1ba2a4cc8908a386ca7
981e68f764b183fa6ed71bd3a43bc598e7dcca98ac9ff976698bc18d0158c5a1,MITDB_P114,114,470000000,3,20260927,MODEL_V2_TCN_MEAN,1,4.818170547485352,0.9919832348823547,5,V2-004-D1-TCNMEAN-F03-S20260927,f02c47aad1549dbd9710aef224c49f59b190eb0ed6cee1ba2a4cc8908a386ca7
9830526ee023f5128830297433c788423639f7bcaf62c7f21e40fc2daaee805b,MITDB_P114,114,270000000,3,20260927,MODEL_V2_TCN_MEAN,1,11.023893356323242,0.9999836683273315,5,V2-004-D1-TCNMEAN-F03-S20260927,f02c47aad1549dbd9710aef224c49f59b190eb0ed6cee1ba2a4cc8908a386ca7
983c16243202a970d58ab5a710811ce4fed49594951b32b155aa2fed528a04bf,MITDB_P121,121,35000000,3,20260927,MODEL_V2_TCN_MEAN,0,-4.951640605926514,0.0070221382193267345,5,V2-004-D1-TCNMEAN-F03-S20260927,f02c47aad1549dbd9710aef224c49f59b190eb0ed6cee1ba2a4cc8908a386ca7
98e8e3a7d8ebe6e758aa4741ab822f322193cc8c7f30e011a8b3ac502a441460,MITDB_P208,208,1350000000,3,20260927,MODEL_V2_TCN_MEAN,1,8.737306594848633,0.9998395442962646,5,V2-004-D1-TCNMEAN-F03-S20260927,f02c47aad1549dbd9710aef224c49f59b190eb0ed6cee1ba2a4cc8908a386ca7
98fbf9d8f64b6f64633ebc2777d0c1e29d3b035d4fee70bedf22b4b3119fd361,MITDB_P103,103,1605000000,3,20260927,MODEL_V2_TCN_MEAN,0,-1.8697614669799805,0.13356932997703552,5,V2-004-D1-TCNMEAN-F03-S20260927,f02c47aad1549dbd9710aef224c49f59b190eb0ed6cee1ba2a4cc8908a386ca7
9927bd3dd88938230b0cfbf9b3800ea2e8f563d46c420329d8936841d5b80381,MITDB_P103,103,1125000000,3,20260927,MODEL_V2_TCN_MEAN,0,-0.1071719378232956,0.47323259711265564,5,V2-004-D1-TCNMEAN-F03-S20260927,f02c47aad1549dbd9710aef224c49f59b190eb0ed6cee1ba2a4cc8908a386ca7
995bd3ba6f03bfc2704a5677894d964d0bd2cc033188a4085aee9ebd9a6f5d50,MITDB_P208,208,520000000,3,20260927,MODEL_V2_TCN_MEAN,1,12.874762535095215,0.9999974966049194,5,V2-004-D1-TCNMEAN-F03-S20260927,f02c47aad1549dbd9710aef224c49f59b190eb0ed6cee1ba2a4cc8908a386ca7
995ccc0b7a9a8c38548a5beb82ed429e68868a4bed9c95abf769361a0122d970,MITDB_P103,103,135000000,3,20260927,MODEL_V2_TCN_MEAN,0,-1.8586467504501343,0.13486085832118988,5,V2-004-D1-TCNMEAN-F03-S20260927,f02c47aad1549dbd9710aef224c49f59b190eb0ed6cee1ba2a4cc8908a386ca7
99c2aacdfe4b2bc3f46faf0fbbf51eb7a335b3638d68697c657cc49d25be3869,MITDB_P121,121,65000000,3,20260927,MODEL_V2_TCN_MEAN,0,-4.858542442321777,0.00770200788974762,5,V2-004-D1-TCNMEAN-F03-S20260927,f02c47aad1549dbd9710aef224c49f59b190eb0ed6cee1ba2a4cc8908a386ca7
99e3ed525246c29a27be8c8f2088f54755f63cf359ddeb31323d265465a0e0e1,MITDB_P223,223,620000000,3,20260927,MODEL_V2_TCN_MEAN,1,3.7494611740112305,0.9770106077194214,5,V2-004-D1-TCNMEAN-F03-S20260927,f02c47aad1549dbd9710aef224c49f59b190eb0ed6cee1ba2a4cc8908a386ca7
9a14294d79161654ede95dc8be6370167952a19dba8f96ec92e3559bb48ef13b,MITDB_P208,208,870000000,3,20260927,MODEL_V2_TCN_MEAN,1,16.274110794067383,0.9999998807907104,5,V2-004-D1-TCNMEAN-F03-S20260927,f02c47aad1549dbd9710aef224c49f59b190eb0ed6cee1ba2a4cc8908a386ca7
9a215c65044f165d912746fe05bef81c1067f16bb884f8d2e59ef38166c97953,MITDB_P103,103,630000000,3,20260927,MODEL_V2_TCN_MEAN,0,-3.0323967933654785,0.04598356783390045,5,V2-004-D1-TCNMEAN-F03-S20260927,f02c47aad1549dbd9710aef224c49f59b190eb0ed6cee1ba2a4cc8908a386ca7
9a32a5ff275d2576ee2b85af3aab10904a907a6477655db4275ceaf924dc7a07,MITDB_P114,114,1310000000,3,20260927,MODEL_V2_TCN_MEAN,0,-0.12491746246814728,0.46881118416786194,5,V2-004-D1-TCNMEAN-F03-S20260927,f02c47aad1549dbd9710aef224c49f59b190eb0ed6cee1ba2a4cc8908a386ca7
9a61f57aad31e0e6fb3d2a8e8898f5e43f8a7392bf048192cd1a34fee2471f90,MITDB_P114,114,1775000000,3,20260927,MODEL_V2_TCN_MEAN,1,2.907487154006958,0.9482153654098511,5,V2-004-D1-TCNMEAN-F03-S20260927,f02c47aad1549dbd9710aef224c49f59b190eb0ed6cee1ba2a4cc8908a386ca7
9a81f56888051095f13032b1d1518e162de90ed9dcec14b604713f0e211d02e1,MITDB_P121,121,470000000,3,20260927,MODEL_V2_TCN_MEAN,0,-2.9978432655334473,0.04752340167760849,5,V2-004-D1-TCNMEAN-F03-S20260927,f02c47aad1549dbd9710aef224c49f59b190eb0ed6cee1ba2a4cc8908a386ca7
9ab38c4e635bde797aaf595322655aeb8d101bcfa152eda0ac6105e14a39c9b6,MITDB_P208,208,1400000000,3,20260927,MODEL_V2_TCN_MEAN,1,7.4488348960876465,0.9994182586669922,5,V2-004-D1-TCNMEAN-F03-S20260927,f02c47aad1549dbd9710aef224c49f59b190eb0ed6cee1ba2a4cc8908a386ca7
9b32233b1e07b1749a823f53c7a2ba6acecf17d6d175e0dc0d948e8d3c5db786,MITDB_P223,223,660000000,3,20260927,MODEL_V2_TCN_MEAN,0,-1.7440927028656006,0.14879383146762848,5,V2-004-D1-TCNMEAN-F03-S20260927,f02c47aad1549dbd9710aef224c49f59b190eb0ed6cee1ba2a4cc8908a386ca7
9b67028b633942f867e0df06a9f1a7c09f18c24bda4197ba5afe74240cc566ac,MITDB_P121,121,850000000,3,20260927,MODEL_V2_TCN_MEAN,0,-2.8366479873657227,0.05537562072277069,5,V2-004-D1-TCNMEAN-F03-S20260927,f02c47aad1549dbd9710aef224c49f59b190eb0ed6cee1ba2a4cc8908a386ca7
9b82bb37d661076f8937c17142164e4daca16367976fcade70b41f02b2b85677,MITDB_P208,208,690000000,3,20260927,MODEL_V2_TCN_MEAN,1,13.658905029296875,0.9999988079071045,5,V2-004-D1-TCNMEAN-F03-S20260927,f02c47aad1549dbd9710aef224c49f59b190eb0ed6cee1ba2a4cc8908a386ca7
9bd3189d0ed311aab3bdba35f1b7dc141ce5ea23d24a4bb0923575f32498f22a,MITDB_P121,121,680000000,3,20260927,MODEL_V2_TCN_MEAN,0,-4.084646701812744,0.01655055396258831,5,V2-004-D1-TCNMEAN-F03-S20260927,f02c47aad1549dbd9710aef224c49f59b190eb0ed6cee1ba2a4cc8908a386ca7
9bedf6093ea5fd49a1c1a27083b81e3bd49853033e53b3c8a695d980b74a4062,MITDB_P223,223,245000000,3,20260927,MODEL_V2_TCN_MEAN,0,-2.7217910289764404,0.061699699610471725,5,V2-004-D1-TCNMEAN-F03-S20260927,f02c47aad1549dbd9710aef224c49f59b190eb0ed6cee1ba2a4cc8908a386ca7
9c109872caee48589cd02f8d17d67f2173a203a5b3d1e2defa2f7bbcdf53e31c,MITDB_P103,103,1360000000,3,20260927,MODEL_V2_TCN_MEAN,0,-1.914675235748291,0.12845651805400848,5,V2-004-D1-TCNMEAN-F03-S20260927,f02c47aad1549dbd9710aef224c49f59b190eb0ed6cee1ba2a4cc8908a386ca7
9c1ff60627c8ed870be2c2fbc133e87712793489e7b9a643ab3fcea1366f3195,MITDB_P208,208,945000000,3,20260927,MODEL_V2_TCN_MEAN,1,11.005306243896484,0.9999834299087524,5,V2-004-D1-TCNMEAN-F03-S20260927,f02c47aad1549dbd9710aef224c49f59b190eb0ed6cee1ba2a4cc8908a386ca7
9c38c1d397fa80a3bfa7890c5d047aed137aae97f1ec8503648f5781ec9887fb,MITDB_P121,121,590000000,3,20260927,MODEL_V2_TCN_MEAN,0,-3.8860716819763184,0.020112983882427216,5,V2-004-D1-TCNMEAN-F03-S20260927,f02c47aad1549dbd9710aef224c49f59b190eb0ed6cee1ba2a4cc8908a386ca7
9c4181c32f2f179c0840af9cce1178ef6dfda3d0ad14e39b71f9c196568cc07d,MITDB_P223,223,475000000,3,20260927,MODEL_V2_TCN_MEAN,1,8.648529052734375,0.9998247027397156,5,V2-004-D1-TCNMEAN-F03-S20260927,f02c47aad1549dbd9710aef224c49f59b190eb0ed6cee1ba2a4cc8908a386ca7
9c9801704ad67636d684aafe0ba30b6be1cf9d177e1907ded121a0b59905deb3,MITDB_P208,208,1125000000,3,20260927,MODEL_V2_TCN_MEAN,1,11.79210090637207,0.9999924898147583,5,V2-004-D1-TCNMEAN-F03-S20260927,f02c47aad1549dbd9710aef224c49f59b190eb0ed6cee1ba2a4cc8908a386ca7
9cdd5d408819581dfed0d3cdb987e347293b7bcf8e66d84655509d2ff93d67f4,MITDB_P114,114,305000000,3,20260927,MODEL_V2_TCN_MEAN,1,16.863801956176758,1.0,5,V2-004-D1-TCNMEAN-F03-S20260927,f02c47aad1549dbd9710aef224c49f59b190eb0ed6cee1ba2a4cc8908a386ca7
9ced44cae8be000836ab6be7ba89644bf8d1425b70aa0a5b54ec07d920a281f7,MITDB_P103,103,1220000000,3,20260927,MODEL_V2_TCN_MEAN,0,3.3806090354919434,0.9670929908752441,5,V2-004-D1-TCNMEAN-F03-S20260927,f02c47aad1549dbd9710aef224c49f59b190eb0ed6cee1ba2a4cc8908a386ca7
9d01b98be967178892f023d145de9f9226418ae21f880c057cf3747e9083b506,MITDB_P208,208,415000000,3,20260927,MODEL_V2_TCN_MEAN,1,14.568378448486328,0.9999995231628418,5,V2-004-D1-TCNMEAN-F03-S20260927,f02c47aad1549dbd9710aef224c49f59b190eb0ed6cee1ba2a4cc8908a386ca7
9d11677c88d7e2a1e7d506912c1b1740fde5adf1e82e5f211d8dfa023dbd7c53,MITDB_P223,223,1585000000,3,20260927,MODEL_V2_TCN_MEAN,0,-2.9190640449523926,0.051219165325164795,5,V2-004-D1-TCNMEAN-F03-S20260927,f02c47aad1549dbd9710aef224c49f59b190eb0ed6cee1ba2a4cc8908a386ca7
9d59f597e1cb1286ed02985e4362f4b8b6683b3828bad2a25754e09235c641da,MITDB_P114,114,620000000,3,20260927,MODEL_V2_TCN_MEAN,0,1.8248432874679565,0.8611462116241455,5,V2-004-D1-TCNMEAN-F03-S20260927,f02c47aad1549dbd9710aef224c49f59b190eb0ed6cee1ba2a4cc8908a386ca7
9d5e537f3a469844e6aba6d5f8001c59d306d5f7e7eeb0358c3a924534014796,MITDB_P121,121,215000000,3,20260927,MODEL_V2_TCN_MEAN,0,-3.3590831756591797,0.03359898179769516,5,V2-004-D1-TCNMEAN-F03-S20260927,f02c47aad1549dbd9710aef224c49f59b190eb0ed6cee1ba2a4cc8908a386ca7
9dadf7ebd217ef011ab9c0f1cd53c5a092617100b6f35991c24580214684568c,MITDB_P208,208,720000000,3,20260927,MODEL_V2_TCN_MEAN,1,14.849740982055664,0.9999996423721313,5,V2-004-D1-TCNMEAN-F03-S20260927,f02c47aad1549dbd9710aef224c49f59b190eb0ed6cee1ba2a4cc8908a386ca7
9dc099c4fb8473a3eae471a199da49cc8b481aa41bfce975aa05327267739f95,MITDB_P114,114,710000000,3,20260927,MODEL_V2_TCN_MEAN,1,11.133607864379883,0.9999853372573853,5,V2-004-D1-TCNMEAN-F03-S20260927,f02c47aad1549dbd9710aef224c49f59b190eb0ed6cee1ba2a4cc8908a386ca7
9e027b36a8b54125357806488875075d5277db8dca61c8e3133f84c817840754,MITDB_P114,114,705000000,3,20260927,MODEL_V2_TCN_MEAN,1,13.155472755432129,0.9999980926513672,5,V2-004-D1-TCNMEAN-F03-S20260927,f02c47aad1549dbd9710aef224c49f59b190eb0ed6cee1ba2a4cc8908a386ca7
9e029331ead2b7c0ac0258a4b22b403ecd3c431756dd06fe118e35ca5db115e1,MITDB_P208,208,15000000,3,20260927,MODEL_V2_TCN_MEAN,1,13.905865669250488,0.9999990463256836,5,V2-004-D1-TCNMEAN-F03-S20260927,f02c47aad1549dbd9710aef224c49f59b190eb0ed6cee1ba2a4cc8908a386ca7
9e1e50495343c4b5a0cc1386e4fa9f908db4b3f7f31856c370f0509eddb38121,MITDB_P121,121,520000000,3,20260927,MODEL_V2_TCN_MEAN,0,-3.286738395690918,0.03602895513176918,5,V2-004-D1-TCNMEAN-F03-S20260927,f02c47aad1549dbd9710aef224c49f59b190eb0ed6cee1ba2a4cc8908a386ca7
9e317aec9cbb93900af0f09bfbf5174f7b1d101252f7e4433a959571d8ad713b,MITDB_P208,208,1715000000,3,20260927,MODEL_V2_TCN_MEAN,1,11.258268356323242,0.9999871253967285,5,V2-004-D1-TCNMEAN-F03-S20260927,f02c47aad1549dbd9710aef224c49f59b190eb0ed6cee1ba2a4cc8908a386ca7
9e56ce3ee1f5b4c46bfdebc38ae9cffed2f539abfc17e0e5a6afe7db14ad8052,MITDB_P223,223,705000000,3,20260927,MODEL_V2_TCN_MEAN,1,8.878392219543457,0.9998606443405151,5,V2-004-D1-TCNMEAN-F03-S20260927,f02c47aad1549dbd9710aef224c49f59b190eb0ed6cee1ba2a4cc8908a386ca7
9ec818355e866a173e5917fa3059dbca406c0f3df410eaf92d48a4678852fb21,MITDB_P208,208,1145000000,3,20260927,MODEL_V2_TCN_MEAN,1,5.826484203338623,0.997060239315033,5,V2-004-D1-TCNMEAN-F03-S20260927,f02c47aad1549dbd9710aef224c49f59b190eb0ed6cee1ba2a4cc8908a386ca7
9eea83443f688ba207bd059d4b10ada7b89f3e9b5ae100c6e201e5f14529bdf3,MITDB_P223,223,1075000000,3,20260927,MODEL_V2_TCN_MEAN,1,8.094535827636719,0.9996949434280396,5,V2-004-D1-TCNMEAN-F03-S20260927,f02c47aad1549dbd9710aef224c49f59b190eb0ed6cee1ba2a4cc8908a386ca7
9f026fa9097e23028fa3da8cfc1a399d27627ee90430a16e71fa01f5ea5a8038,MITDB_P103,103,1350000000,3,20260927,MODEL_V2_TCN_MEAN,0,-2.3125972747802734,0.09008501470088959,5,V2-004-D1-TCNMEAN-F03-S20260927,f02c47aad1549dbd9710aef224c49f59b190eb0ed6cee1ba2a4cc8908a386ca7
9f0817f5030a262a82f3b83293df068881c97ec22d2dc3342ca75f76c7e81c05,MITDB_P114,114,1570000000,3,20260927,MODEL_V2_TCN_MEAN,0,-0.19436557590961456,0.45156100392341614,5,V2-004-D1-TCNMEAN-F03-S20260927,f02c47aad1549dbd9710aef224c49f59b190eb0ed6cee1ba2a4cc8908a386ca7
9f3049596d1b52ba38a225e1066e2474b3ce1cad08140e291bce43299e0d755c,MITDB_P208,208,90000000,3,20260927,MODEL_V2_TCN_MEAN,1,13.630319595336914,0.9999988079071045,5,V2-004-D1-TCNMEAN-F03-S20260927,f02c47aad1549dbd9710aef224c49f59b190eb0ed6cee1ba2a4cc8908a386ca7
9f368ab38410011801484a77cdbe4e8b824f31ece768191773fe858f18a02a25,MITDB_P103,103,300000000,3,20260927,MODEL_V2_TCN_MEAN,0,-2.3315176963806152,0.08854609727859497,5,V2-004-D1-TCNMEAN-F03-S20260927,f02c47aad1549dbd9710aef224c49f59b190eb0ed6cee1ba2a4cc8908a386ca7
9f695181b19ab27befb08bba7c75fab45285ce3c0b6fbb09fe33ad5ba3fe9d32,MITDB_P114,114,1500000000,3,20260927,MODEL_V2_TCN_MEAN,0,1.2882174253463745,0.7838453650474548,5,V2-004-D1-TCNMEAN-F03-S20260927,f02c47aad1549dbd9710aef224c49f59b190eb0ed6cee1ba2a4cc8908a386ca7
9f76fd4c345b34512689b46952f19a0295e06c811fc58940c9ab161d2ad60658,MITDB_P208,208,80000000,3,20260927,MODEL_V2_TCN_MEAN,1,12.518254280090332,0.9999963045120239,5,V2-004-D1-TCNMEAN-F03-S20260927,f02c47aad1549dbd9710aef224c49f59b190eb0ed6cee1ba2a4cc8908a386ca7
9f783a43b94775497aeb9cd4b224aa9b5b5f59c84041164f051e64a87260e89f,MITDB_P114,114,1230000000,3,20260927,MODEL_V2_TCN_MEAN,0,4.609152317047119,0.9901379346847534,5,V2-004-D1-TCNMEAN-F03-S20260927,f02c47aad1549dbd9710aef224c49f59b190eb0ed6cee1ba2a4cc8908a386ca7
9f8aa3657f9c45aff2cfeb3744e99d62cc53dcc6de73b42e91e80b1be6721a85,MITDB_P114,114,1565000000,3,20260927,MODEL_V2_TCN_MEAN,0,-0.41849279403686523,0.3968774378299713,5,V2-004-D1-TCNMEAN-F03-S20260927,f02c47aad1549dbd9710aef224c49f59b190eb0ed6cee1ba2a4cc8908a386ca7
9fb6dcd1fe68da03be415c89793ada80627d5ff3bd319438549acc96b5058606,MITDB_P103,103,1710000000,3,20260927,MODEL_V2_TCN_MEAN,0,-2.0454795360565186,0.1145099401473999,5,V2-004-D1-TCNMEAN-F03-S20260927,f02c47aad1549dbd9710aef224c49f59b190eb0ed6cee1ba2a4cc8908a386ca7
9fc31beee9c8982221d7cc6bde359590354c7de084f4cf8f309dda96d58dda1d,MITDB_P103,103,745000000,3,20260927,MODEL_V2_TCN_MEAN,0,-2.843834638595581,0.05500089004635811,5,V2-004-D1-TCNMEAN-F03-S20260927,f02c47aad1549dbd9710aef224c49f59b190eb0ed6cee1ba2a4cc8908a386ca7
9fcbb4cf9989a9c380d4cd201e44bf35d4930e37083b7f81886c9359ee8f61ed,MITDB_P208,208,35000000,3,20260927,MODEL_V2_TCN_MEAN,1,10.603211402893066,0.9999752044677734,5,V2-004-D1-TCNMEAN-F03-S20260927,f02c47aad1549dbd9710aef224c49f59b190eb0ed6cee1ba2a4cc8908a386ca7
a004df88fe1877a58fda16fd6899805eefe5bc70c8bee0f026817642a9c0ff44,MITDB_P114,114,1260000000,3,20260927,MODEL_V2_TCN_MEAN,0,0.5981801152229309,0.6452398300170898,5,V2-004-D1-TCNMEAN-F03-S20260927,f02c47aad1549dbd9710aef224c49f59b190eb0ed6cee1ba2a4cc8908a386ca7
a00992b34a81af93f1547a8e903594c531e3d6aa43bee803a39d653fff0641ba,MITDB_P121,121,10000000,3,20260927,MODEL_V2_TCN_MEAN,0,0.5677213072776794,0.6382371783256531,5,V2-004-D1-TCNMEAN-F03-S20260927,f02c47aad1549dbd9710aef224c49f59b190eb0ed6cee1ba2a4cc8908a386ca7
a00dcca5e88ba40f182818bc8eab9f5ef573946c7df5b67701210b88d86291b1,MITDB_P114,114,1380000000,3,20260927,MODEL_V2_TCN_MEAN,0,1.570999026298523,0.827925980091095,5,V2-004-D1-TCNMEAN-F03-S20260927,f02c47aad1549dbd9710aef224c49f59b190eb0ed6cee1ba2a4cc8908a386ca7
a039cbf73b9542930f353705326402282108351dc2834b20162e4ff8b6af3047,MITDB_P114,114,1765000000,3,20260927,MODEL_V2_TCN_MEAN,0,0.24761457741260529,0.5615893006324768,5,V2-004-D1-TCNMEAN-F03-S20260927,f02c47aad1549dbd9710aef224c49f59b190eb0ed6cee1ba2a4cc8908a386ca7
a05728a1fde341fdd7e78c83efd00e795871e241257f800aa5ab8d14bc2bdff3,MITDB_P208,208,1495000000,3,20260927,MODEL_V2_TCN_MEAN,1,7.18312406539917,0.9992413520812988,5,V2-004-D1-TCNMEAN-F03-S20260927,f02c47aad1549dbd9710aef224c49f59b190eb0ed6cee1ba2a4cc8908a386ca7
a0a36abe9a681f6d99fc734a0c5280f44ad116b363379b1cf378bee2cf55a45b,MITDB_P208,208,900000000,3,20260927,MODEL_V2_TCN_MEAN,1,11.720788955688477,0.9999918937683105,5,V2-004-D1-TCNMEAN-F03-S20260927,f02c47aad1549dbd9710aef224c49f59b190eb0ed6cee1ba2a4cc8908a386ca7
a0d21ac41e15e2ac5d8904c9cb005c650c5f0f10bafdab21f74ec0c404a80c0c,MITDB_P121,121,1680000000,3,20260927,MODEL_V2_TCN_MEAN,0,-5.295539379119873,0.004988895263522863,5,V2-004-D1-TCNMEAN-F03-S20260927,f02c47aad1549dbd9710aef224c49f59b190eb0ed6cee1ba2a4cc8908a386ca7
a0f519a4c6a07c49fe66e42dcaa7c6f3a42737de95b3113bac1595e66fdaeeb0,MITDB_P121,121,810000000,3,20260927,MODEL_V2_TCN_MEAN,0,-4.821528911590576,0.00799010694026947,5,V2-004-D1-TCNMEAN-F03-S20260927,f02c47aad1549dbd9710aef224c49f59b190eb0ed6cee1ba2a4cc8908a386ca7
a10e2cc4740ea7cea8428f22cf5e88d89c7eb2a2179247f1b05b3428b55e5d65,MITDB_P114,114,995000000,3,20260927,MODEL_V2_TCN_MEAN,1,12.144783020019531,0.9999946355819702,5,V2-004-D1-TCNMEAN-F03-S20260927,f02c47aad1549dbd9710aef224c49f59b190eb0ed6cee1ba2a4cc8908a386ca7
a119ba32c0686da9429165eaf1a77ddfa193f570ca0c76ffe3bde44e5844e511,MITDB_P121,121,1750000000,3,20260927,MODEL_V2_TCN_MEAN,0,-4.581270217895508,0.010138045996427536,5,V2-004-D1-TCNMEAN-F03-S20260927,f02c47aad1549dbd9710aef224c49f59b190eb0ed6cee1ba2a4cc8908a386ca7
a12276ab38008c3cf9ba0b970367e2a1b8e702a99e79a1ad19fc42a6e3abe6d8,MITDB_P103,103,855000000,3,20260927,MODEL_V2_TCN_MEAN,0,-2.575160264968872,0.070754274725914,5,V2-004-D1-TCNMEAN-F03-S20260927,f02c47aad1549dbd9710aef224c49f59b190eb0ed6cee1ba2a4cc8908a386ca7
a13f6891a650dd9407dff639f8ce3f738663ba5897123acb835bfa6df7a029b5,MITDB_P103,103,530000000,3,20260927,MODEL_V2_TCN_MEAN,0,-2.5583767890930176,0.0718657374382019,5,V2-004-D1-TCNMEAN-F03-S20260927,f02c47aad1549dbd9710aef224c49f59b190eb0ed6cee1ba2a4cc8908a386ca7
a16ac0447fb68237f49eb36ff1e62d7af3a5facbf70732c560fc78067cf2abd5,MITDB_P114,114,180000000,3,20260927,MODEL_V2_TCN_MEAN,0,-0.4750903248786926,0.38341212272644043,5,V2-004-D1-TCNMEAN-F03-S20260927,f02c47aad1549dbd9710aef224c49f59b190eb0ed6cee1ba2a4cc8908a386ca7
a170bdb89c46efddc4839fc02852eb9e6079785544f799f0544d4255d73f1477,MITDB_P121,121,875000000,3,20260927,MODEL_V2_TCN_MEAN,0,-4.535911560058594,0.010603494010865688,5,V2-004-D1-TCNMEAN-F03-S20260927,f02c47aad1549dbd9710aef224c49f59b190eb0ed6cee1ba2a4cc8908a386ca7
a179746c4c2f2b0ab54dcb153498521bc8b0bce8654ce92186ae8ed6ab7b694d,MITDB_P223,223,1805000000,3,20260927,MODEL_V2_TCN_MEAN,1,5.708746433258057,0.9966940879821777,5,V2-004-D1-TCNMEAN-F03-S20260927,f02c47aad1549dbd9710aef224c49f59b190eb0ed6cee1ba2a4cc8908a386ca7
a1a4f047d2ae08598bfd2ab512dc0ef5f99ac224fca2aaf784955324f63b2503,MITDB_P208,208,1575000000,3,20260927,MODEL_V2_TCN_MEAN,1,4.237306594848633,0.9857592582702637,5,V2-004-D1-TCNMEAN-F03-S20260927,f02c47aad1549dbd9710aef224c49f59b190eb0ed6cee1ba2a4cc8908a386ca7
a1f4d00c9aeac9691d703eae4ebaf966f4fc158410899600d61f637d7110497c,MITDB_P114,114,1510000000,3,20260927,MODEL_V2_TCN_MEAN,0,3.360297203063965,0.9664403796195984,5,V2-004-D1-TCNMEAN-F03-S20260927,f02c47aad1549dbd9710aef224c49f59b190eb0ed6cee1ba2a4cc8908a386ca7
a21c95e74b2bc023dbf285df5b73e85c575f14141d277db6f5b4eed67347300f,MITDB_P223,223,965000000,3,20260927,MODEL_V2_TCN_MEAN,1,0.7169651389122009,0.671938419342041,5,V2-004-D1-TCNMEAN-F03-S20260927,f02c47aad1549dbd9710aef224c49f59b190eb0ed6cee1ba2a4cc8908a386ca7
a2231e2776341706807fa77af296f47df217883cea367e23527ef0d712612f32,MITDB_P103,103,710000000,3,20260927,MODEL_V2_TCN_MEAN,0,-2.676509141921997,0.06437381356954575,5,V2-004-D1-TCNMEAN-F03-S20260927,f02c47aad1549dbd9710aef224c49f59b190eb0ed6cee1ba2a4cc8908a386ca7
a22a63378790b3b977d0e38dc154a41f0cfb02612521bc91777ab06cddbb5d17,MITDB_P121,121,1740000000,3,20260927,MODEL_V2_TCN_MEAN,0,-5.310182094573975,0.004916733130812645,5,V2-004-D1-TCNMEAN-F03-S20260927,f02c47aad1549dbd9710aef224c49f59b190eb0ed6cee1ba2a4cc8908a386ca7
a25478758828528c1f9ef8d3c185c5e3da642f0ec40c66a9f1249d1fe5b862a9,MITDB_P114,114,1560000000,3,20260927,MODEL_V2_TCN_MEAN,0,-0.6666370630264282,0.33925026655197144,5,V2-004-D1-TCNMEAN-F03-S20260927,f02c47aad1549dbd9710aef224c49f59b190eb0ed6cee1ba2a4cc8908a386ca7
a26a75b320fe05537f8e43d3da6325f367e9829ac95966b1d1d6c25a6eaa4dab,MITDB_P208,208,610000000,3,20260927,MODEL_V2_TCN_MEAN,1,14.244497299194336,0.9999994039535522,5,V2-004-D1-TCNMEAN-F03-S20260927,f02c47aad1549dbd9710aef224c49f59b190eb0ed6cee1ba2a4cc8908a386ca7
a2903da79878f22c79417125b3da392fd12ab1013a48053d4dee40dcf0dee2c7,MITDB_P208,208,645000000,3,20260927,MODEL_V2_TCN_MEAN,1,12.138692855834961,0.9999946355819702,5,V2-004-D1-TCNMEAN-F03-S20260927,f02c47aad1549dbd9710aef224c49f59b190eb0ed6cee1ba2a4cc8908a386ca7
a2e1a425a93d26ed7c3cfc28c2a3a54447820569071007cb62946c1173ddb104,MITDB_P103,103,130000000,3,20260927,MODEL_V2_TCN_MEAN,0,-2.6418681144714355,0.0664919838309288,5,V2-004-D1-TCNMEAN-F03-S20260927,f02c47aad1549dbd9710aef224c49f59b190eb0ed6cee1ba2a4cc8908a386ca7
a312e3ca3e2c3235cf955f202b78a5879a3ba19722ffa42d1bac523c4baad23e,MITDB_P121,121,1145000000,3,20260927,MODEL_V2_TCN_MEAN,0,-4.708561420440674,0.008937148377299309,5,V2-004-D1-TCNMEAN-F03-S20260927,f02c47aad1549dbd9710aef224c49f59b190eb0ed6cee1ba2a4cc8908a386ca7
a33573f353aca0b13f2963d29fced1bda71e0db623d2b0cfa88f79edab2db460,MITDB_P103,103,975000000,3,20260927,MODEL_V2_TCN_MEAN,0,-1.035452961921692,0.262028306722641,5,V2-004-D1-TCNMEAN-F03-S20260927,f02c47aad1549dbd9710aef224c49f59b190eb0ed6cee1ba2a4cc8908a386ca7
a373e58d285333e0ca4eb2b8ed6bf22815d3cf6d4ae748f62c2b1e965167c98e,MITDB_P114,114,1735000000,3,20260927,MODEL_V2_TCN_MEAN,0,-0.22416050732135773,0.44419339299201965,5,V2-004-D1-TCNMEAN-F03-S20260927,f02c47aad1549dbd9710aef224c49f59b190eb0ed6cee1ba2a4cc8908a386ca7
a3868587dc29354e1656253f09d62ce3a3b4e00305329882826ebc594a8145b0,MITDB_P223,223,1360000000,3,20260927,MODEL_V2_TCN_MEAN,1,17.198501586914062,1.0,5,V2-004-D1-TCNMEAN-F03-S20260927,f02c47aad1549dbd9710aef224c49f59b190eb0ed6cee1ba2a4cc8908a386ca7
a3ca2955f383c5c408060b4605349c95c34cef2259bd6848c1de936efef0e3ab,MITDB_P121,121,805000000,3,20260927,MODEL_V2_TCN_MEAN,0,-4.82349157333374,0.007974565960466862,5,V2-004-D1-TCNMEAN-F03-S20260927,f02c47aad1549dbd9710aef224c49f59b190eb0ed6cee1ba2a4cc8908a386ca7
a3cd43f228c28a4744b965d5ac3698c3b28ba7f100b2e2832004fa1798c130a0,MITDB_P208,208,1775000000,3,20260927,MODEL_V2_TCN_MEAN,1,10.749950408935547,0.9999785423278809,5,V2-004-D1-TCNMEAN-F03-S20260927,f02c47aad1549dbd9710aef224c49f59b190eb0ed6cee1ba2a4cc8908a386ca7
a40d14edc62ab98bb320e3aaac422e3998f3ecfcba034dfc0eb248ddcfafb93c,MITDB_P114,114,1115000000,3,20260927,MODEL_V2_TCN_MEAN,0,1.7018241882324219,0.8457728028297424,5,V2-004-D1-TCNMEAN-F03-S20260927,f02c47aad1549dbd9710aef224c49f59b190eb0ed6cee1ba2a4cc8908a386ca7
a411959b59b85dc72c11e38a7e0f25f48370d450220f4436c43c5fa7eafdc28a,MITDB_P114,114,1730000000,3,20260927,MODEL_V2_TCN_MEAN,0,1.3014934062957764,0.7860862016677856,5,V2-004-D1-TCNMEAN-F03-S20260927,f02c47aad1549dbd9710aef224c49f59b190eb0ed6cee1ba2a4cc8908a386ca7
a4546cdf469cc5699d1c224d25eac2ca94edaf04085b2b341b78b5eb4ea70988,MITDB_P208,208,780000000,3,20260927,MODEL_V2_TCN_MEAN,1,15.754691123962402,0.9999998807907104,5,V2-004-D1-TCNMEAN-F03-S20260927,f02c47aad1549dbd9710aef224c49f59b190eb0ed6cee1ba2a4cc8908a386ca7
a49c091672bb2c8dd4fd1376fb380ab1752054074c73a43a4b24843662cf25ba,MITDB_P121,121,840000000,3,20260927,MODEL_V2_TCN_MEAN,0,-3.5402188301086426,0.028189294040203094,5,V2-004-D1-TCNMEAN-F03-S20260927,f02c47aad1549dbd9710aef224c49f59b190eb0ed6cee1ba2a4cc8908a386ca7
a4e86fb107fbbb027b168521c24163c370b21ef59516e35755814ae4dccdcc2b,MITDB_P223,223,1170000000,3,20260927,MODEL_V2_TCN_MEAN,0,-3.1235694885253906,0.042145438492298126,5,V2-004-D1-TCNMEAN-F03-S20260927,f02c47aad1549dbd9710aef224c49f59b190eb0ed6cee1ba2a4cc8908a386ca7
a51271de24d6e26d0dc9450a4066156850b3d0a15e4ac39cd29298930f3dfae0,MITDB_P103,103,295000000,3,20260927,MODEL_V2_TCN_MEAN,0,-2.4545633792877197,0.07910547405481339,5,V2-004-D1-TCNMEAN-F03-S20260927,f02c47aad1549dbd9710aef224c49f59b190eb0ed6cee1ba2a4cc8908a386ca7
a57f8a0c02b33cc767d0cb0c840b2c934be20503a617d1ebeab3f9881b71c4bc,MITDB_P114,114,350000000,3,20260927,MODEL_V2_TCN_MEAN,0,1.1153678894042969,0.7531284689903259,5,V2-004-D1-TCNMEAN-F03-S20260927,f02c47aad1549dbd9710aef224c49f59b190eb0ed6cee1ba2a4cc8908a386ca7
a58dc8b0da55dbdeef15d4c44fa957c2b2ea32dfcbe523fd6a3161747dc76ea9,MITDB_P114,114,1195000000,3,20260927,MODEL_V2_TCN_MEAN,0,3.1293110847473145,0.9580857753753662,5,V2-004-D1-TCNMEAN-F03-S20260927,f02c47aad1549dbd9710aef224c49f59b190eb0ed6cee1ba2a4cc8908a386ca7
a5a54dab066be3eb99fc9d12186ff5e5182ebe17a7c9a5a3a3f23542346ca96e,MITDB_P208,208,1510000000,3,20260927,MODEL_V2_TCN_MEAN,1,10.297496795654297,0.9999662637710571,5,V2-004-D1-TCNMEAN-F03-S20260927,f02c47aad1549dbd9710aef224c49f59b190eb0ed6cee1ba2a4cc8908a386ca7
a5f4aad5da8003e25c786531d29457b71fa19a862a2c0f30ea2a231655c7464c,MITDB_P103,103,970000000,3,20260927,MODEL_V2_TCN_MEAN,0,-2.773587226867676,0.05876827612519264,5,V2-004-D1-TCNMEAN-F03-S20260927,f02c47aad1549dbd9710aef224c49f59b190eb0ed6cee1ba2a4cc8908a386ca7
a604f8d8d58a44f0244449e5688a0664904196da5516956e54f79b5f5adcfdde,MITDB_P114,114,665000000,3,20260927,MODEL_V2_TCN_MEAN,0,2.291801929473877,0.9081958532333374,5,V2-004-D1-TCNMEAN-F03-S20260927,f02c47aad1549dbd9710aef224c49f59b190eb0ed6cee1ba2a4cc8908a386ca7
a606e2adb3e39a912ecba7c2bc8c5bea76cde9e5d5096c201d3542452d87d390,MITDB_P223,223,550000000,3,20260927,MODEL_V2_TCN_MEAN,1,5.046535015106201,0.9936095476150513,5,V2-004-D1-TCNMEAN-F03-S20260927,f02c47aad1549dbd9710aef224c49f59b190eb0ed6cee1ba2a4cc8908a386ca7
a611291d7e943293257359447d8dfe7eefe48f405d4cdb7cbb1bd2caffb9aba0,MITDB_P114,114,1300000000,3,20260927,MODEL_V2_TCN_MEAN,0,1.4821124076843262,0.8148913979530334,5,V2-004-D1-TCNMEAN-F03-S20260927,f02c47aad1549dbd9710aef224c49f59b190eb0ed6cee1ba2a4cc8908a386ca7
a643273b1b4eb675a8dce7780890795468f8a503bbe632b78b04df1d43141364,MITDB_P208,208,560000000,3,20260927,MODEL_V2_TCN_MEAN,1,14.911115646362305,0.9999996423721313,5,V2-004-D1-TCNMEAN-F03-S20260927,f02c47aad1549dbd9710aef224c49f59b190eb0ed6cee1ba2a4cc8908a386ca7
a64fccb59d9ec7b2a440b93ef8d75f77fe032031e7d5d0f83b4a7060106410c2,MITDB_P103,103,1020000000,3,20260927,MODEL_V2_TCN_MEAN,0,-1.2946398258209229,0.215068519115448,5,V2-004-D1-TCNMEAN-F03-S20260927,f02c47aad1549dbd9710aef224c49f59b190eb0ed6cee1ba2a4cc8908a386ca7
a6871e1ee54a957cd2b162b569237021e5c018161f01b6da38afe5cc497c4370,MITDB_P208,208,1310000000,3,20260927,MODEL_V2_TCN_MEAN,1,7.459359645843506,0.9994243383407593,5,V2-004-D1-TCNMEAN-F03-S20260927,f02c47aad1549dbd9710aef224c49f59b190eb0ed6cee1ba2a4cc8908a386ca7
a68e36c758c311e80527cd2cd1d38c811fb719e993f29c8e5fd10e3786d1cae0,MITDB_P103,103,1645000000,3,20260927,MODEL_V2_TCN_MEAN,0,-1.3613348007202148,0.20402343571186066,5,V2-004-D1-TCNMEAN-F03-S20260927,f02c47aad1549dbd9710aef224c49f59b190eb0ed6cee1ba2a4cc8908a386ca7
a6b2e07e33cb92d7965f943583b81080343e44f0060c86b6ad35cb64c036cd14,MITDB_P103,103,65000000,3,20260927,MODEL_V2_TCN_MEAN,0,-3.6212210655212402,0.02605307474732399,5,V2-004-D1-TCNMEAN-F03-S20260927,f02c47aad1549dbd9710aef224c49f59b190eb0ed6cee1ba2a4cc8908a386ca7
a6ca64321bf108aec981313280ee26a62f35811375f21b2e128c02aed0445844,MITDB_P114,114,1385000000,3,20260927,MODEL_V2_TCN_MEAN,0,1.4936717748641968,0.8166287541389465,5,V2-004-D1-TCNMEAN-F03-S20260927,f02c47aad1549dbd9710aef224c49f59b190eb0ed6cee1ba2a4cc8908a386ca7
a6d8564a628574a505487d73ab41e2c520cc4e0777b211164ac4fd7e997a7dde,MITDB_P114,114,1210000000,3,20260927,MODEL_V2_TCN_MEAN,0,4.011183738708496,0.9822102785110474,5,V2-004-D1-TCNMEAN-F03-S20260927,f02c47aad1549dbd9710aef224c49f59b190eb0ed6cee1ba2a4cc8908a386ca7
a6fd2527561502b4c74f9379c42fc0ad4d4040ecb8645a6fd0c2392324c6510e,MITDB_P103,103,250000000,3,20260927,MODEL_V2_TCN_MEAN,0,-2.4072563648223877,0.0826210305094719,5,V2-004-D1-TCNMEAN-F03-S20260927,f02c47aad1549dbd9710aef224c49f59b190eb0ed6cee1ba2a4cc8908a386ca7
a71892383e332677ec4b3d1113a1434119057ffc299d029cdb75a882d13333bc,MITDB_P121,121,490000000,3,20260927,MODEL_V2_TCN_MEAN,0,-3.29227352142334,0.03583720698952675,5,V2-004-D1-TCNMEAN-F03-S20260927,f02c47aad1549dbd9710aef224c49f59b190eb0ed6cee1ba2a4cc8908a386ca7
a73d517f7b1465d23e90e08bef8ec4aabfc8843c46a6e61323a7e3e82d94424c,MITDB_P208,208,785000000,3,20260927,MODEL_V2_TCN_MEAN,1,13.953045845031738,0.9999991655349731,5,V2-004-D1-TCNMEAN-F03-S20260927,f02c47aad1549dbd9710aef224c49f59b190eb0ed6cee1ba2a4cc8908a386ca7
a768e91f3c48cf593cbb6a73b60271af084e8365d1000a61cb966fd45ae961e5,MITDB_P223,223,1285000000,3,20260927,MODEL_V2_TCN_MEAN,0,-2.8118903636932373,0.05668501555919647,5,V2-004-D1-TCNMEAN-F03-S20260927,f02c47aad1549dbd9710aef224c49f59b190eb0ed6cee1ba2a4cc8908a386ca7
a7d491c7724e911e725252b6ad1fe9584dedbda7b38ec2ccda325d1d1200d673,MITDB_P208,208,550000000,3,20260927,MODEL_V2_TCN_MEAN,1,12.621042251586914,0.9999966621398926,5,V2-004-D1-TCNMEAN-F03-S20260927,f02c47aad1549dbd9710aef224c49f59b190eb0ed6cee1ba2a4cc8908a386ca7
a830ab87e5b059e1932813ff99443e102c74342e9693599a946d948497e1e96a,MITDB_P114,114,140000000,3,20260927,MODEL_V2_TCN_MEAN,0,0.40727710723876953,0.6004347801208496,5,V2-004-D1-TCNMEAN-F03-S20260927,f02c47aad1549dbd9710aef224c49f59b190eb0ed6cee1ba2a4cc8908a386ca7
a8899e43e5fef4d94bd32e465aba49cb3a3fc734b3d7bdd69e60b5d20c5c0fc3,MITDB_P114,114,135000000,3,20260927,MODEL_V2_TCN_MEAN,1,11.994709014892578,0.9999938011169434,5,V2-004-D1-TCNMEAN-F03-S20260927,f02c47aad1549dbd9710aef224c49f59b190eb0ed6cee1ba2a4cc8908a386ca7
a8a241aa6f8258f5d92e04355279c16707cb55f4f114e24da8cc7b00d7a10e75,MITDB_P114,114,750000000,3,20260927,MODEL_V2_TCN_MEAN,1,7.670601844787598,0.9995338916778564,5,V2-004-D1-TCNMEAN-F03-S20260927,f02c47aad1549dbd9710aef224c49f59b190eb0ed6cee1ba2a4cc8908a386ca7
a8c8286c446fe3e20bfc0c01a228ee2add7eb37b87517221d5d0a736ea186869,MITDB_P208,208,630000000,3,20260927,MODEL_V2_TCN_MEAN,1,14.604083061218262,0.9999995231628418,5,V2-004-D1-TCNMEAN-F03-S20260927,f02c47aad1549dbd9710aef224c49f59b190eb0ed6cee1ba2a4cc8908a386ca7
a8d88fea75c36db583a6b5f9d278c3cd6af7b1063751bfa2bef2d9303cd80a8d,MITDB_P103,103,675000000,3,20260927,MODEL_V2_TCN_MEAN,0,-2.634538173675537,0.06694841384887695,5,V2-004-D1-TCNMEAN-F03-S20260927,f02c47aad1549dbd9710aef224c49f59b190eb0ed6cee1ba2a4cc8908a386ca7
a923e154c966c9a8fc53f5af0e2118efe7f27d97366e385edb4da4f613c76cb7,MITDB_P103,103,1375000000,3,20260927,MODEL_V2_TCN_MEAN,0,-2.618359088897705,0.06796616315841675,5,V2-004-D1-TCNMEAN-F03-S20260927,f02c47aad1549dbd9710aef224c49f59b190eb0ed6cee1ba2a4cc8908a386ca7
a9264457ff4e04d4a00517e041e9ff99cbcb3efa7e66aac7c9dfb7bd9a54b102,MITDB_P103,103,1215000000,3,20260927,MODEL_V2_TCN_MEAN,0,3.765681028366089,0.9773719906806946,5,V2-004-D1-TCNMEAN-F03-S20260927,f02c47aad1549dbd9710aef224c49f59b190eb0ed6cee1ba2a4cc8908a386ca7
a9661b560fba9a2cd0c91db7ad99dfb262c1af7f3a1bf751910e58bfa5281d14,MITDB_P223,223,810000000,3,20260927,MODEL_V2_TCN_MEAN,1,9.010454177856445,0.9998779296875,5,V2-004-D1-TCNMEAN-F03-S20260927,f02c47aad1549dbd9710aef224c49f59b190eb0ed6cee1ba2a4cc8908a386ca7
a973ae3c04675dc483aebc74408a557d3a4f6b6948ccc64007535889d1053f5b,MITDB_P114,114,1630000000,3,20260927,MODEL_V2_TCN_MEAN,0,-1.4122323989868164,0.19588220119476318,5,V2-004-D1-TCNMEAN-F03-S20260927,f02c47aad1549dbd9710aef224c49f59b190eb0ed6cee1ba2a4cc8908a386ca7
a978b6b5d55ac6f0356122e6c62cb78986b888377034e25437c1bbbea82cbd3e,MITDB_P208,208,1605000000,3,20260927,MODEL_V2_TCN_MEAN,1,8.332623481750488,0.9997594952583313,5,V2-004-D1-TCNMEAN-F03-S20260927,f02c47aad1549dbd9710aef224c49f59b190eb0ed6cee1ba2a4cc8908a386ca7
a999e2ecc3a783a9da2af1b0e2ff0880af919a4ddcd96f1dff79df301a060bff,MITDB_P208,208,1460000000,3,20260927,MODEL_V2_TCN_MEAN,1,10.819513320922852,0.9999799728393555,5,V2-004-D1-TCNMEAN-F03-S20260927,f02c47aad1549dbd9710aef224c49f59b190eb0ed6cee1ba2a4cc8908a386ca7
a9b2a7ec54ea0da75d7ba870d4984276838ada59de575537d42374056b07749c,MITDB_P223,223,1780000000,3,20260927,MODEL_V2_TCN_MEAN,0,-2.723661422729492,0.0615915022790432,5,V2-004-D1-TCNMEAN-F03-S20260927,f02c47aad1549dbd9710aef224c49f59b190eb0ed6cee1ba2a4cc8908a386ca7
a9e02c0006700d7701c9979f31eb1c9d83d04a66f76f613b65c279305f475166,MITDB_P223,223,1470000000,3,20260927,MODEL_V2_TCN_MEAN,0,-1.9313063621520996,0.1266060620546341,5,V2-004-D1-TCNMEAN-F03-S20260927,f02c47aad1549dbd9710aef224c49f59b190eb0ed6cee1ba2a4cc8908a386ca7
a9fbc5bee8ef02530a8efeb90762655d56ca53587ec1fd9bfbdeeac633e9d87a,MITDB_P208,208,1255000000,3,20260927,MODEL_V2_TCN_MEAN,1,5.530305862426758,0.9960508942604065,5,V2-004-D1-TCNMEAN-F03-S20260927,f02c47aad1549dbd9710aef224c49f59b190eb0ed6cee1ba2a4cc8908a386ca7
aa5c27bedf0455e19250d24549f49f2e39fce0dbf93c5ded79a4114c003c2676,MITDB_P103,103,1675000000,3,20260927,MODEL_V2_TCN_MEAN,0,-1.0850279331207275,0.2525556981563568,5,V2-004-D1-TCNMEAN-F03-S20260927,f02c47aad1549dbd9710aef224c49f59b190eb0ed6cee1ba2a4cc8908a386ca7
aa69faafc3fee0f50fb2a73618db902423615477a3f64a083568fc31c784e95c,MITDB_P121,121,220000000,3,20260927,MODEL_V2_TCN_MEAN,0,-3.619431495666504,0.026098519563674927,5,V2-004-D1-TCNMEAN-F03-S20260927,f02c47aad1549dbd9710aef224c49f59b190eb0ed6cee1ba2a4cc8908a386ca7
aa87ef435bf41bd7156f25b54e0cf8cfe6aeecd345e56ef421acdfb9aa094ca5,MITDB_P114,114,700000000,3,20260927,MODEL_V2_TCN_MEAN,1,2.204453945159912,0.9006487131118774,5,V2-004-D1-TCNMEAN-F03-S20260927,f02c47aad1549dbd9710aef224c49f59b190eb0ed6cee1ba2a4cc8908a386ca7
aaa74bc622e3072e2faddef044cf73fa504fe7b5da0c38b5f157ede31eca9d20,MITDB_P208,208,915000000,3,20260927,MODEL_V2_TCN_MEAN,1,14.071823120117188,0.9999992847442627,5,V2-004-D1-TCNMEAN-F03-S20260927,f02c47aad1549dbd9710aef224c49f59b190eb0ed6cee1ba2a4cc8908a386ca7
aac6ac35b3f6b1b8926873cc9eec24d096ea11a31201c5cc35b8cc3ed1f875d7,MITDB_P103,103,525000000,3,20260927,MODEL_V2_TCN_MEAN,0,-2.0310218334198,0.11598411947488785,5,V2-004-D1-TCNMEAN-F03-S20260927,f02c47aad1549dbd9710aef224c49f59b190eb0ed6cee1ba2a4cc8908a386ca7
aae55da2669ea5728182c59bd6e5889b710c60a9d6826045723f021f8589b323,MITDB_P121,121,1780000000,3,20260927,MODEL_V2_TCN_MEAN,0,-6.658616065979004,0.0012812769273295999,5,V2-004-D1-TCNMEAN-F03-S20260927,f02c47aad1549dbd9710aef224c49f59b190eb0ed6cee1ba2a4cc8908a386ca7
abb6a5a6ac9f89bb7dd7c240416c3c98d7b0f2be725eaa428695f8625477320b,MITDB_P208,208,1660000000,3,20260927,MODEL_V2_TCN_MEAN,1,5.47656774520874,0.9958337545394897,5,V2-004-D1-TCNMEAN-F03-S20260927,f02c47aad1549dbd9710aef224c49f59b190eb0ed6cee1ba2a4cc8908a386ca7
abb717070391a7abf006b7659003134fda7afaaf8d9ba8122095d8b1f86f57c5,MITDB_P223,223,1125000000,3,20260927,MODEL_V2_TCN_MEAN,1,-1.7629231214523315,0.14642462134361267,5,V2-004-D1-TCNMEAN-F03-S20260927,f02c47aad1549dbd9710aef224c49f59b190eb0ed6cee1ba2a4cc8908a386ca7
abb7820072e41d9f2b58494aa666c6dccf13f4ee7eced6749a3b30d4b00c4caa,MITDB_P114,114,1605000000,3,20260927,MODEL_V2_TCN_MEAN,1,2.9079034328460693,0.9482356905937195,5,V2-004-D1-TCNMEAN-F03-S20260927,f02c47aad1549dbd9710aef224c49f59b190eb0ed6cee1ba2a4cc8908a386ca7
abc9ae7627310e618441f4ae5ca453bfd4861b6b397a9c9c37a40dbd07274acd,MITDB_P114,114,1670000000,3,20260927,MODEL_V2_TCN_MEAN,0,-0.02312229573726654,0.49421966075897217,5,V2-004-D1-TCNMEAN-F03-S20260927,f02c47aad1549dbd9710aef224c49f59b190eb0ed6cee1ba2a4cc8908a386ca7
abd3a07a7b48795f1d79c3e901bc24ca2c3f365d50a8f28dde565d1e4e18ee86,MITDB_P121,121,165000000,3,20260927,MODEL_V2_TCN_MEAN,0,-4.873724460601807,0.007586839608848095,5,V2-004-D1-TCNMEAN-F03-S20260927,f02c47aad1549dbd9710aef224c49f59b190eb0ed6cee1ba2a4cc8908a386ca7
abd4be40067d901baff2191aab842f9fd96c928f1de6476c821d257dbea29cc9,MITDB_P103,103,1065000000,3,20260927,MODEL_V2_TCN_MEAN,0,-2.8080873489379883,0.05688871070742607,5,V2-004-D1-TCNMEAN-F03-S20260927,f02c47aad1549dbd9710aef224c49f59b190eb0ed6cee1ba2a4cc8908a386ca7
ac22b70f4505d68d6f0cdf8df6d263320ba6b3d146d314010de7504f9d5db956,MITDB_P223,223,1505000000,3,20260927,MODEL_V2_TCN_MEAN,1,7.735975742340088,0.9995633959770203,5,V2-004-D1-TCNMEAN-F03-S20260927,f02c47aad1549dbd9710aef224c49f59b190eb0ed6cee1ba2a4cc8908a386ca7
ac2b878c36ef2ff3c0f51628ac5d3523ac413cd436a5be73dc586cfd4d138e31,MITDB_P103,103,735000000,3,20260927,MODEL_V2_TCN_MEAN,0,-3.0839896202087402,0.04377252236008644,5,V2-004-D1-TCNMEAN-F03-S20260927,f02c47aad1549dbd9710aef224c49f59b190eb0ed6cee1ba2a4cc8908a386ca7
ac3e2ef1a3b570e554f15dc84e6ce2030f5cbfe3d5ec557db1ed5cf119cd4737,MITDB_P114,114,1265000000,3,20260927,MODEL_V2_TCN_MEAN,0,1.074141263961792,0.7453836798667908,5,V2-004-D1-TCNMEAN-F03-S20260927,f02c47aad1549dbd9710aef224c49f59b190eb0ed6cee1ba2a4cc8908a386ca7
ac42bfba704911742903340c4b99a25aebb5a0c584678bc2a5b5e08e68ee6b68,MITDB_P121,121,900000000,3,20260927,MODEL_V2_TCN_MEAN,0,-3.655569076538086,0.025195559486746788,5,V2-004-D1-TCNMEAN-F03-S20260927,f02c47aad1549dbd9710aef224c49f59b190eb0ed6cee1ba2a4cc8908a386ca7
ac5580a82deb9709bb297a49438cc25164867972fc9c3db7943118780da3254d,MITDB_P223,223,1090000000,3,20260927,MODEL_V2_TCN_MEAN,1,2.8307888507843018,0.9443171620368958,5,V2-004-D1-TCNMEAN-F03-S20260927,f02c47aad1549dbd9710aef224c49f59b190eb0ed6cee1ba2a4cc8908a386ca7
ac76108a7989e9b959bfa5a28da3ab3803192f0810013e70f45a6c86bab38de8,MITDB_P121,121,985000000,3,20260927,MODEL_V2_TCN_MEAN,0,-3.9201512336730957,0.019452201202511787,5,V2-004-D1-TCNMEAN-F03-S20260927,f02c47aad1549dbd9710aef224c49f59b190eb0ed6cee1ba2a4cc8908a386ca7
aca143980381ee6e7d6913bf64d47d3737e470083d9a7a2e6389bc0010ab3509,MITDB_P114,114,1595000000,3,20260927,MODEL_V2_TCN_MEAN,0,1.9653372764587402,0.8771094083786011,5,V2-004-D1-TCNMEAN-F03-S20260927,f02c47aad1549dbd9710aef224c49f59b190eb0ed6cee1ba2a4cc8908a386ca7
acd0f7bb5a8324fbc87bc769ba7ca00484f2404d27efd6f427800d1015b37c8b,MITDB_P114,114,35000000,3,20260927,MODEL_V2_TCN_MEAN,0,0.412616491317749,0.6017151474952698,5,V2-004-D1-TCNMEAN-F03-S20260927,f02c47aad1549dbd9710aef224c49f59b190eb0ed6cee1ba2a4cc8908a386ca7
acf65173702b0d693224f40e48e823b75e2d0a33839bb35772dc04d012db65d6,MITDB_P223,223,860000000,3,20260927,MODEL_V2_TCN_MEAN,1,9.552556991577148,0.9999289512634277,5,V2-004-D1-TCNMEAN-F03-S20260927,f02c47aad1549dbd9710aef224c49f59b190eb0ed6cee1ba2a4cc8908a386ca7
ad29b295bd65874c3b51344a0a670af09b18c78cac4db15a5d8cdc87328185af,MITDB_P103,103,455000000,3,20260927,MODEL_V2_TCN_MEAN,0,-2.846388101577759,0.05486832186579704,5,V2-004-D1-TCNMEAN-F03-S20260927,f02c47aad1549dbd9710aef224c49f59b190eb0ed6cee1ba2a4cc8908a386ca7
ad379672e77f41b0c28fc04b55ca64e4fe2c6cd58b4a04f2fa414b66a06a9b4c,MITDB_P103,103,1515000000,3,20260927,MODEL_V2_TCN_MEAN,0,-0.9038089513778687,0.28826838731765747,5,V2-004-D1-TCNMEAN-F03-S20260927,f02c47aad1549dbd9710aef224c49f59b190eb0ed6cee1ba2a4cc8908a386ca7
ad51e92c79a23ab96616cd00f6500e652b3d7f6dbdd628fcd1e089a0ad3d6dc3,MITDB_P121,121,1040000000,3,20260927,MODEL_V2_TCN_MEAN,0,-4.68523645401001,0.009146127849817276,5,V2-004-D1-TCNMEAN-F03-S20260927,f02c47aad1549dbd9710aef224c49f59b190eb0ed6cee1ba2a4cc8908a386ca7
ad7626079f31c72b32ba7689308cfd8d476c0c4af178beee44ca5d8491a08c25,MITDB_P223,223,1130000000,3,20260927,MODEL_V2_TCN_MEAN,1,9.232953071594238,0.9999022483825684,5,V2-004-D1-TCNMEAN-F03-S20260927,f02c47aad1549dbd9710aef224c49f59b190eb0ed6cee1ba2a4cc8908a386ca7
adc95938f74ef4f5b80eb4ce6a921ea893e41aed898176823f7b2979761b3107,MITDB_P223,223,845000000,3,20260927,MODEL_V2_TCN_MEAN,1,8.583337783813477,0.99981290102005,5,V2-004-D1-TCNMEAN-F03-S20260927,f02c47aad1549dbd9710aef224c49f59b190eb0ed6cee1ba2a4cc8908a386ca7
adcdcfebea2fe887d938895cc8ddbe8dc0a99651ce84290651760ce6018ce3ae,MITDB_P103,103,215000000,3,20260927,MODEL_V2_TCN_MEAN,0,-3.5206336975097656,0.028730807825922966,5,V2-004-D1-TCNMEAN-F03-S20260927,f02c47aad1549dbd9710aef224c49f59b190eb0ed6cee1ba2a4cc8908a386ca7
ade996368242085fd88f825e8864ec9a816024cb70c74982655e57831d65b95a,MITDB_P103,103,1095000000,3,20260927,MODEL_V2_TCN_MEAN,0,4.647161960601807,0.9905023574829102,5,V2-004-D1-TCNMEAN-F03-S20260927,f02c47aad1549dbd9710aef224c49f59b190eb0ed6cee1ba2a4cc8908a386ca7
adfdb2e58dc6f599d210a39f1b15eff0f591182203396649f0349ec23e487d77,MITDB_P223,223,1240000000,3,20260927,MODEL_V2_TCN_MEAN,0,-2.910789728164673,0.05162275582551956,5,V2-004-D1-TCNMEAN-F03-S20260927,f02c47aad1549dbd9710aef224c49f59b190eb0ed6cee1ba2a4cc8908a386ca7
ae0c1a1bad5cc3de73f5bb427934d852ee1ea32b28ddd5b67cc9991783ffd265,MITDB_P103,103,720000000,3,20260927,MODEL_V2_TCN_MEAN,0,-2.9531641006469727,0.049587182700634,5,V2-004-D1-TCNMEAN-F03-S20260927,f02c47aad1549dbd9710aef224c49f59b190eb0ed6cee1ba2a4cc8908a386ca7
ae16c72702cb5e912f454166498ccea02f905c134878681905334ae28b02ed22,MITDB_P114,114,985000000,3,20260927,MODEL_V2_TCN_MEAN,1,9.859048843383789,0.9999477863311768,5,V2-004-D1-TCNMEAN-F03-S20260927,f02c47aad1549dbd9710aef224c49f59b190eb0ed6cee1ba2a4cc8908a386ca7
ae47f576acd7dd7b780c4703ae4bf6c67646e1215c08e5fac4424ff37d8b09fd,MITDB_P208,208,120000000,3,20260927,MODEL_V2_TCN_MEAN,1,13.66383171081543,0.9999988079071045,5,V2-004-D1-TCNMEAN-F03-S20260927,f02c47aad1549dbd9710aef224c49f59b190eb0ed6cee1ba2a4cc8908a386ca7
ae593de65a047a5dab87d33af0411e240be7e0d74d88f7106300c1c9e46108e4,MITDB_P223,223,970000000,3,20260927,MODEL_V2_TCN_MEAN,1,-1.7761077880859375,0.14478440582752228,5,V2-004-D1-TCNMEAN-F03-S20260927,f02c47aad1549dbd9710aef224c49f59b190eb0ed6cee1ba2a4cc8908a386ca7
aea5252aae04d0debdbe86ea2261e4926daf54708ecff22a43ef720e4811d0e2,MITDB_P103,103,165000000,3,20260927,MODEL_V2_TCN_MEAN,0,-2.7044148445129395,0.06271334737539291,5,V2-004-D1-TCNMEAN-F03-S20260927,f02c47aad1549dbd9710aef224c49f59b190eb0ed6cee1ba2a4cc8908a386ca7
aebb42fd4d13c4da9fafc0f8d18bf634b8d3784a422c5d02e3e151f065845e1d,MITDB_P223,223,1795000000,3,20260927,MODEL_V2_TCN_MEAN,1,-1.00371515750885,0.26821160316467285,5,V2-004-D1-TCNMEAN-F03-S20260927,f02c47aad1549dbd9710aef224c49f59b190eb0ed6cee1ba2a4cc8908a386ca7
aee6dd2325e4cf5cc88c5ccf53464a9d3c5b4043022821847c3c89d6bcedc044,MITDB_P103,103,550000000,3,20260927,MODEL_V2_TCN_MEAN,0,-2.5734548568725586,0.07086648046970367,5,V2-004-D1-TCNMEAN-F03-S20260927,f02c47aad1549dbd9710aef224c49f59b190eb0ed6cee1ba2a4cc8908a386ca7
aefb1a36416c95e6d8f61cab2a02b73ea20967673f68a2c7ba51638715bc07e2,MITDB_P103,103,1325000000,3,20260927,MODEL_V2_TCN_MEAN,0,-2.2162926197052,0.09829691797494888,5,V2-004-D1-TCNMEAN-F03-S20260927,f02c47aad1549dbd9710aef224c49f59b190eb0ed6cee1ba2a4cc8908a386ca7
af33a07797c803a8e271a8589d18c091cfe18c55c3ba3b963db240144e7bad6e,MITDB_P103,103,110000000,3,20260927,MODEL_V2_TCN_MEAN,0,-3.040983200073242,0.04560835286974907,5,V2-004-D1-TCNMEAN-F03-S20260927,f02c47aad1549dbd9710aef224c49f59b190eb0ed6cee1ba2a4cc8908a386ca7
af44c4a6d8c0d89946d13a23e069589188e4a5ef48cb2869b1532f1a390e1dd6,MITDB_P114,114,1725000000,3,20260927,MODEL_V2_TCN_MEAN,0,1.0463424921035767,0.7400719523429871,5,V2-004-D1-TCNMEAN-F03-S20260927,f02c47aad1549dbd9710aef224c49f59b190eb0ed6cee1ba2a4cc8908a386ca7
af6a904ff1ea2a9e769a276a45e1cc6bf4b9dc525fc336c63440f5c02637cc24,MITDB_P208,208,680000000,3,20260927,MODEL_V2_TCN_MEAN,1,14.091032028198242,0.9999992847442627,5,V2-004-D1-TCNMEAN-F03-S20260927,f02c47aad1549dbd9710aef224c49f59b190eb0ed6cee1ba2a4cc8908a386ca7
afa6c4796aa3609fc8442c9ae96b3d88b288f4374bacbef1d662b0fa6509d6b7,MITDB_P223,223,410000000,3,20260927,MODEL_V2_TCN_MEAN,0,-2.352527141571045,0.08686511218547821,5,V2-004-D1-TCNMEAN-F03-S20260927,f02c47aad1549dbd9710aef224c49f59b190eb0ed6cee1ba2a4cc8908a386ca7
afe05a7684b86599c1ed477a895a84016f756bc2aee6cf7fafcd2b9ff5ae9a18,MITDB_P114,114,635000000,3,20260927,MODEL_V2_TCN_MEAN,0,2.062513589859009,0.887205958366394,5,V2-004-D1-TCNMEAN-F03-S20260927,f02c47aad1549dbd9710aef224c49f59b190eb0ed6cee1ba2a4cc8908a386ca7
b078f0fd305386b81ef56596d141f9cac6ae085b8a90abf39fb58123ced9a1d8,MITDB_P114,114,780000000,3,20260927,MODEL_V2_TCN_MEAN,0,2.4512112140655518,0.9206499457359314,5,V2-004-D1-TCNMEAN-F03-S20260927,f02c47aad1549dbd9710aef224c49f59b190eb0ed6cee1ba2a4cc8908a386ca7
b0809b8db716311a371f033e6fe9c88754741ae8704e445cd38d9fe066568884,MITDB_P121,121,565000000,3,20260927,MODEL_V2_TCN_MEAN,0,-4.61265754699707,0.00982786063104868,5,V2-004-D1-TCNMEAN-F03-S20260927,f02c47aad1549dbd9710aef224c49f59b190eb0ed6cee1ba2a4cc8908a386ca7
b145be9d1fb39edcde9dc0ab940f601d5467099bf31e43d3c75562b496b7bc16,MITDB_P208,208,580000000,3,20260927,MODEL_V2_TCN_MEAN,1,13.905447006225586,0.9999990463256836,5,V2-004-D1-TCNMEAN-F03-S20260927,f02c47aad1549dbd9710aef224c49f59b190eb0ed6cee1ba2a4cc8908a386ca7
b1895bd2982057e422f24cd756ac7695b8f888454a9a31acb27af44bc1eac090,MITDB_P121,121,195000000,3,20260927,MODEL_V2_TCN_MEAN,0,-4.468977451324463,0.011329205706715584,5,V2-004-D1-TCNMEAN-F03-S20260927,f02c47aad1549dbd9710aef224c49f59b190eb0ed6cee1ba2a4cc8908a386ca7
b19d7d899ba073101bb010a9385b60b887ca208aaef1435a7497ad00433903e1,MITDB_P223,223,865000000,3,20260927,MODEL_V2_TCN_MEAN,1,9.436385154724121,0.9999202489852905,5,V2-004-D1-TCNMEAN-F03-S20260927,f02c47aad1549dbd9710aef224c49f59b190eb0ed6cee1ba2a4cc8908a386ca7
b19ec1a40e27363a933a3c71bd931377c825c8ac7cc2214dae16b33e5d918ba3,MITDB_P223,223,1345000000,3,20260927,MODEL_V2_TCN_MEAN,1,16.89476203918457,1.0,5,V2-004-D1-TCNMEAN-F03-S20260927,f02c47aad1549dbd9710aef224c49f59b190eb0ed6cee1ba2a4cc8908a386ca7
b1e0f20b43c598d8072bfb51a4dd6ad38718e8b8942fbddb880c9c854477574b,MITDB_P208,208,10000000,3,20260927,MODEL_V2_TCN_MEAN,1,12.997934341430664,0.9999977350234985,5,V2-004-D1-TCNMEAN-F03-S20260927,f02c47aad1549dbd9710aef224c49f59b190eb0ed6cee1ba2a4cc8908a386ca7
b1f464af9934ab7c303db7ea600bb37f3e905a50c3001f427e31c108097b97c3,MITDB_P103,103,30000000,3,20260927,MODEL_V2_TCN_MEAN,0,-3.2119367122650146,0.03871898353099823,5,V2-004-D1-TCNMEAN-F03-S20260927,f02c47aad1549dbd9710aef224c49f59b190eb0ed6cee1ba2a4cc8908a386ca7
b1f6ad300f32c240dddfdccf2d54ec9592ec798dad097c8315e54b81e5d80fd3,MITDB_P121,121,1725000000,3,20260927,MODEL_V2_TCN_MEAN,0,-5.454617500305176,0.004258301574736834,5,V2-004-D1-TCNMEAN-F03-S20260927,f02c47aad1549dbd9710aef224c49f59b190eb0ed6cee1ba2a4cc8908a386ca7
b1fe59673598030e71ec0236a9b3b61d9d72780576176cdd8b4e8ac3d73624c6,MITDB_P223,223,940000000,3,20260927,MODEL_V2_TCN_MEAN,1,15.744014739990234,0.9999998807907104,5,V2-004-D1-TCNMEAN-F03-S20260927,f02c47aad1549dbd9710aef224c49f59b190eb0ed6cee1ba2a4cc8908a386ca7
b217b657cf3756baf0fc9c4932c04d74383fb23722085b70b9b54da39404766a,MITDB_P103,103,1080000000,3,20260927,MODEL_V2_TCN_MEAN,0,-2.8894739151000977,0.05267636477947235,5,V2-004-D1-TCNMEAN-F03-S20260927,f02c47aad1549dbd9710aef224c49f59b190eb0ed6cee1ba2a4cc8908a386ca7
b22e72d89e8f22e0a29dd7e89d22534db3a747391e80ad9e25cf5fe5d06c8f8a,MITDB_P103,103,1255000000,3,20260927,MODEL_V2_TCN_MEAN,0,-2.2827179431915283,0.09256439656019211,5,V2-004-D1-TCNMEAN-F03-S20260927,f02c47aad1549dbd9710aef224c49f59b190eb0ed6cee1ba2a4cc8908a386ca7
b2343fe2cda5d488dd7894fd6edac1c833eacb427fab7e66489e732521beefd5,MITDB_P103,103,1010000000,3,20260927,MODEL_V2_TCN_MEAN,0,-1.4021776914596558,0.1974707692861557,5,V2-004-D1-TCNMEAN-F03-S20260927,f02c47aad1549dbd9710aef224c49f59b190eb0ed6cee1ba2a4cc8908a386ca7
b26098f634906f2da1abb729b334e282e266a0b5265e4811cea85d0408479488,MITDB_P208,208,500000000,3,20260927,MODEL_V2_TCN_MEAN,1,13.530714988708496,0.9999986886978149,5,V2-004-D1-TCNMEAN-F03-S20260927,f02c47aad1549dbd9710aef224c49f59b190eb0ed6cee1ba2a4cc8908a386ca7
b26cd2f08416bf23888f781526c7038e5d9a0fb4d3d7f3e76e5293f4e12d9864,MITDB_P103,103,1195000000,3,20260927,MODEL_V2_TCN_MEAN,0,-1.4871833324432373,0.18434487283229828,5,V2-004-D1-TCNMEAN-F03-S20260927,f02c47aad1549dbd9710aef224c49f59b190eb0ed6cee1ba2a4cc8908a386ca7
b28135b967212135fe18bef79570bd7e09b4e3f22e2c2952bfb9ae7249695947,MITDB_P103,103,760000000,3,20260927,MODEL_V2_TCN_MEAN,0,-2.8067028522491455,0.05696304142475128,5,V2-004-D1-TCNMEAN-F03-S20260927,f02c47aad1549dbd9710aef224c49f59b190eb0ed6cee1ba2a4cc8908a386ca7
b28b2c7e9d7d933caaea5f24a4d231ddb8da0f22d11087553f56c23224994784,MITDB_P103,103,660000000,3,20260927,MODEL_V2_TCN_MEAN,0,-3.0203466415405273,0.046515099704265594,5,V2-004-D1-TCNMEAN-F03-S20260927,f02c47aad1549dbd9710aef224c49f59b190eb0ed6cee1ba2a4cc8908a386ca7
b2c8d7a1a1ccc32783c72ec6e931e1a8e914b851fb4ec1df822b9637ca94cf98,MITDB_P103,103,1455000000,3,20260927,MODEL_V2_TCN_MEAN,0,-1.5939013957977295,0.16883569955825806,5,V2-004-D1-TCNMEAN-F03-S20260927,f02c47aad1549dbd9710aef224c49f59b190eb0ed6cee1ba2a4cc8908a386ca7
b304124d2fa44138bdf18321727922238d10dfab6d6e19a73577038115bd33ba,MITDB_P208,208,575000000,3,20260927,MODEL_V2_TCN_MEAN,1,15.198277473449707,0.9999997615814209,5,V2-004-D1-TCNMEAN-F03-S20260927,f02c47aad1549dbd9710aef224c49f59b190eb0ed6cee1ba2a4cc8908a386ca7
b30943834a7272451318aae006254dc33fb854cdf088fff834798b419f28e0a6,MITDB_P223,223,915000000,3,20260927,MODEL_V2_TCN_MEAN,1,6.053275108337402,0.9976552724838257,5,V2-004-D1-TCNMEAN-F03-S20260927,f02c47aad1549dbd9710aef224c49f59b190eb0ed6cee1ba2a4cc8908a386ca7
b30d17bafdb75d0d4980231d78d260e735e9cadeed055925f39a0e3ede060f21,MITDB_P121,121,905000000,3,20260927,MODEL_V2_TCN_MEAN,0,-4.568514823913574,0.01026685256510973,5,V2-004-D1-TCNMEAN-F03-S20260927,f02c47aad1549dbd9710aef224c49f59b190eb0ed6cee1ba2a4cc8908a386ca7
b35b86083837af4979f5544a1aeaef2e45182f28f20123e4d5451e094b5e1692,MITDB_P114,114,575000000,3,20260927,MODEL_V2_TCN_MEAN,1,14.249687194824219,0.9999994039535522,5,V2-004-D1-TCNMEAN-F03-S20260927,f02c47aad1549dbd9710aef224c49f59b190eb0ed6cee1ba2a4cc8908a386ca7
b3808cfcba1586cfbb65ed03f8816713f1e06434865be2cae731c9e7396ed591,MITDB_P121,121,610000000,3,20260927,MODEL_V2_TCN_MEAN,0,-4.841164588928223,0.007835963740944862,5,V2-004-D1-TCNMEAN-F03-S20260927,f02c47aad1549dbd9710aef224c49f59b190eb0ed6cee1ba2a4cc8908a386ca7
b3d72bcdb864f66e6e71e68b4590773328489acd3dec3198b0232ea3fa684b53,MITDB_P121,121,1630000000,3,20260927,MODEL_V2_TCN_MEAN,0,-5.146634578704834,0.005785290617495775,5,V2-004-D1-TCNMEAN-F03-S20260927,f02c47aad1549dbd9710aef224c49f59b190eb0ed6cee1ba2a4cc8908a386ca7
b3f3f19693b7daa6589e5f19b83bcccb0eb8248a29cad418fbc813e3f3d5e242,MITDB_P208,208,1190000000,3,20260927,MODEL_V2_TCN_MEAN,0,10.62186336517334,0.9999756813049316,5,V2-004-D1-TCNMEAN-F03-S20260927,f02c47aad1549dbd9710aef224c49f59b190eb0ed6cee1ba2a4cc8908a386ca7
b3fe1b7dfcda1f4e47f18edaf9414792ecaee44aab4252e441917abb9ce70e60,MITDB_P223,223,1385000000,3,20260927,MODEL_V2_TCN_MEAN,1,16.720203399658203,1.0,5,V2-004-D1-TCNMEAN-F03-S20260927,f02c47aad1549dbd9710aef224c49f59b190eb0ed6cee1ba2a4cc8908a386ca7
b414ff55bb8a7821cfe710f66f67e838e15f84427e999191699ad272c3512777,MITDB_P103,103,280000000,3,20260927,MODEL_V2_TCN_MEAN,0,-3.424999237060547,0.03152324631810188,5,V2-004-D1-TCNMEAN-F03-S20260927,f02c47aad1549dbd9710aef224c49f59b190eb0ed6cee1ba2a4cc8908a386ca7
b42e23dd2f5734241bcb1af53297e93eaf18cf6813c9d4e22804397bca75b98e,MITDB_P208,208,1100000000,3,20260927,MODEL_V2_TCN_MEAN,1,5.4113945960998535,0.9955543875694275,5,V2-004-D1-TCNMEAN-F03-S20260927,f02c47aad1549dbd9710aef224c49f59b190eb0ed6cee1ba2a4cc8908a386ca7
b466cd1ec3ef797f59ab614183579b4d274d6bd8370ec8d95ab58390822bcc4f,MITDB_P121,121,1055000000,3,20260927,MODEL_V2_TCN_MEAN,0,-3.601461887359619,0.026559172198176384,5,V2-004-D1-TCNMEAN-F03-S20260927,f02c47aad1549dbd9710aef224c49f59b190eb0ed6cee1ba2a4cc8908a386ca7
b49a72cbc132327918ed4e05bf10e5e9ae434bae31ec71d22628d81e3ed2b603,MITDB_P121,121,1590000000,3,20260927,MODEL_V2_TCN_MEAN,0,-1.2260925769805908,0.22686605155467987,5,V2-004-D1-TCNMEAN-F03-S20260927,f02c47aad1549dbd9710aef224c49f59b190eb0ed6cee1ba2a4cc8908a386ca7
b4e7923a1d6f357709b365e3c5effd6d44566e330e1d9fd710fac1b90d56c187,MITDB_P121,121,530000000,3,20260927,MODEL_V2_TCN_MEAN,0,-4.253100872039795,0.01402069628238678,5,V2-004-D1-TCNMEAN-F03-S20260927,f02c47aad1549dbd9710aef224c49f59b190eb0ed6cee1ba2a4cc8908a386ca7
b4f04aec5037b770d63d35955844b26b98e582e2f635569d4dc75940485eb630,MITDB_P114,114,300000000,3,20260927,MODEL_V2_TCN_MEAN,1,18.0596866607666,1.0,5,V2-004-D1-TCNMEAN-F03-S20260927,f02c47aad1549dbd9710aef224c49f59b190eb0ed6cee1ba2a4cc8908a386ca7
b4f3574e61efbc83470c8b5d780c075a30cee6d8bc6a814a261a1725cb27870c,MITDB_P114,114,1715000000,3,20260927,MODEL_V2_TCN_MEAN,0,0.6549481153488159,0.6581246256828308,5,V2-004-D1-TCNMEAN-F03-S20260927,f02c47aad1549dbd9710aef224c49f59b190eb0ed6cee1ba2a4cc8908a386ca7
b4fe5f83b81dc4f3a0bc28d5a2ba3dc52657518e6c43c399935979d7e93a3902,MITDB_P121,121,1670000000,3,20260927,MODEL_V2_TCN_MEAN,0,-5.105777263641357,0.006025103852152824,5,V2-004-D1-TCNMEAN-F03-S20260927,f02c47aad1549dbd9710aef224c49f59b190eb0ed6cee1ba2a4cc8908a386ca7
b50163c73e8c47c14ad04bfd5aa2a135cd47f7072f393e9a35fc2044325f2ce4,MITDB_P121,121,1705000000,3,20260927,MODEL_V2_TCN_MEAN,0,-6.408145427703857,0.0016453664284199476,5,V2-004-D1-TCNMEAN-F03-S20260927,f02c47aad1549dbd9710aef224c49f59b190eb0ed6cee1ba2a4cc8908a386ca7
b5125e78e90f6656906af7f41217bb375b08c4c3bac03bffa28a823048258c8b,MITDB_P114,114,1165000000,3,20260927,MODEL_V2_TCN_MEAN,0,2.1222667694091797,0.8930486440658569,5,V2-004-D1-TCNMEAN-F03-S20260927,f02c47aad1549dbd9710aef224c49f59b190eb0ed6cee1ba2a4cc8908a386ca7
b515e284732aee177aa9cf0fecb7041f4bac7c15eb949b7f5effa79b1a008794,MITDB_P103,103,1510000000,3,20260927,MODEL_V2_TCN_MEAN,0,-2.0985167026519775,0.1092410758137703,5,V2-004-D1-TCNMEAN-F03-S20260927,f02c47aad1549dbd9710aef224c49f59b190eb0ed6cee1ba2a4cc8908a386ca7
b517d7ca7c1d438adfa1bb4d2d1a67084dd6fc65c3f9fc64bc29db0905536f2f,MITDB_P103,103,1690000000,3,20260927,MODEL_V2_TCN_MEAN,0,-2.221374988555908,0.0978473648428917,5,V2-004-D1-TCNMEAN-F03-S20260927,f02c47aad1549dbd9710aef224c49f59b190eb0ed6cee1ba2a4cc8908a386ca7
b543a70c05715c4dad6cca73ce274b21abe14386f391ff42e9c8d36ba7e07318,MITDB_P103,103,410000000,3,20260927,MODEL_V2_TCN_MEAN,0,-3.0872182846069336,0.04363757744431496,5,V2-004-D1-TCNMEAN-F03-S20260927,f02c47aad1549dbd9710aef224c49f59b190eb0ed6cee1ba2a4cc8908a386ca7
b54e4f276bd93583751e7e6b5a4c507949a516617bac5e7ac233b0036c1be093,MITDB_P121,121,735000000,3,20260927,MODEL_V2_TCN_MEAN,0,-4.344513893127441,0.012811549007892609,5,V2-004-D1-TCNMEAN-F03-S20260927,f02c47aad1549dbd9710aef224c49f59b190eb0ed6cee1ba2a4cc8908a386ca7
b556f3cc82fb44553bf7ff5edb94c4abbcb6853436049b03d3894379e1f23606,MITDB_P103,103,1760000000,3,20260927,MODEL_V2_TCN_MEAN,0,-2.491713523864746,0.07644113898277283,5,V2-004-D1-TCNMEAN-F03-S20260927,f02c47aad1549dbd9710aef224c49f59b190eb0ed6cee1ba2a4cc8908a386ca7
b56c1a1ed0831ebfea4c4fdca1df950ed3f5d812265f1320a721e3e96a92b022,MITDB_P208,208,1020000000,3,20260927,MODEL_V2_TCN_MEAN,1,10.981937408447266,0.9999829530715942,5,V2-004-D1-TCNMEAN-F03-S20260927,f02c47aad1549dbd9710aef224c49f59b190eb0ed6cee1ba2a4cc8908a386ca7
b5716fe55d8f865898d47764cc8b8e0b490306801e872b6fc328ba446265e542,MITDB_P121,121,785000000,3,20260927,MODEL_V2_TCN_MEAN,0,-3.6337900161743164,0.025736035779118538,5,V2-004-D1-TCNMEAN-F03-S20260927,f02c47aad1549dbd9710aef224c49f59b190eb0ed6cee1ba2a4cc8908a386ca7
b60e04314750914b05f38a6d7c1c7f8aae2f54086cd0222543837602a7419c7a,MITDB_P223,223,335000000,3,20260927,MODEL_V2_TCN_MEAN,0,-2.875255584716797,0.05339040979743004,5,V2-004-D1-TCNMEAN-F03-S20260927,f02c47aad1549dbd9710aef224c49f59b190eb0ed6cee1ba2a4cc8908a386ca7
b6598b377a901445472b46d17b398fa30b421e3b9c757b0f517658d104426b52,MITDB_P114,114,1295000000,3,20260927,MODEL_V2_TCN_MEAN,0,1.0563780069351196,0.7419977188110352,5,V2-004-D1-TCNMEAN-F03-S20260927,f02c47aad1549dbd9710aef224c49f59b190eb0ed6cee1ba2a4cc8908a386ca7
b6e8b196f9449b0b9a77867290d9874448d0196b9671a59370e080f9a1ce40eb,MITDB_P223,223,1735000000,3,20260927,MODEL_V2_TCN_MEAN,0,-2.600566864013672,0.06910194456577301,5,V2-004-D1-TCNMEAN-F03-S20260927,f02c47aad1549dbd9710aef224c49f59b190eb0ed6cee1ba2a4cc8908a386ca7
b74a352c259bd894015e02f8b70473d65afc803627ee35e4ad3b6be87127d4bc,MITDB_P223,223,1085000000,3,20260927,MODEL_V2_TCN_MEAN,1,8.71464729309082,0.9998358488082886,5,V2-004-D1-TCNMEAN-F03-S20260927,f02c47aad1549dbd9710aef224c49f59b190eb0ed6cee1ba2a4cc8908a386ca7
b7590468b80108eaf1661099008ea1bd07c26e7fe4973942983598a9ea218389,MITDB_P223,223,595000000,3,20260927,MODEL_V2_TCN_MEAN,1,4.469106674194336,0.9886721968650818,5,V2-004-D1-TCNMEAN-F03-S20260927,f02c47aad1549dbd9710aef224c49f59b190eb0ed6cee1ba2a4cc8908a386ca7
b7a913b94e76b7df1dc6d0b596cfacc61713e74f5fc4b401be690fc9308d2c13,MITDB_P121,121,545000000,3,20260927,MODEL_V2_TCN_MEAN,0,-3.3861522674560547,0.032731056213378906,5,V2-004-D1-TCNMEAN-F03-S20260927,f02c47aad1549dbd9710aef224c49f59b190eb0ed6cee1ba2a4cc8908a386ca7
b7d0e5281dbc255d743982b67c0ad0536380da65993bbbcc7cfad564c7acb0ba,MITDB_P121,121,1620000000,3,20260927,MODEL_V2_TCN_MEAN,0,-1.7022922039031982,0.154166117310524,5,V2-004-D1-TCNMEAN-F03-S20260927,f02c47aad1549dbd9710aef224c49f59b190eb0ed6cee1ba2a4cc8908a386ca7
b7dbcd9035d716e749830cbcfb8a21afd5fae7ae8a5cc9e21907caed43038be8,MITDB_P208,208,860000000,3,20260927,MODEL_V2_TCN_MEAN,1,15.796299934387207,0.9999998807907104,5,V2-004-D1-TCNMEAN-F03-S20260927,f02c47aad1549dbd9710aef224c49f59b190eb0ed6cee1ba2a4cc8908a386ca7
b7f1aa2f40e04701eda1ab7b7cafe9f2f16dc78875894ca289e254be1f07ac0f,MITDB_P121,121,285000000,3,20260927,MODEL_V2_TCN_MEAN,0,-4.569919586181641,0.010252588428556919,5,V2-004-D1-TCNMEAN-F03-S20260927,f02c47aad1549dbd9710aef224c49f59b190eb0ed6cee1ba2a4cc8908a386ca7
b80f3cb80e54a7b885b19f6ab0054ee249129312d19a5f0883588ffe3acbfc16,MITDB_P121,121,1685000000,3,20260927,MODEL_V2_TCN_MEAN,0,-5.018133640289307,0.006573369260877371,5,V2-004-D1-TCNMEAN-F03-S20260927,f02c47aad1549dbd9710aef224c49f59b190eb0ed6cee1ba2a4cc8908a386ca7
b824b5bcc1af0cc855363d340e863cf9932c1833bc8d4d7b55b19a2879672007,MITDB_P121,121,1010000000,3,20260927,MODEL_V2_TCN_MEAN,0,-4.575157642364502,0.010199571028351784,5,V2-004-D1-TCNMEAN-F03-S20260927,f02c47aad1549dbd9710aef224c49f59b190eb0ed6cee1ba2a4cc8908a386ca7
b83d14e8845ef73e8802e1ab735bd7a33ea47e3969c1000cbd2a84f8c99f1527,MITDB_P114,114,1190000000,3,20260927,MODEL_V2_TCN_MEAN,0,3.405433416366577,0.9678739309310913,5,V2-004-D1-TCNMEAN-F03-S20260927,f02c47aad1549dbd9710aef224c49f59b190eb0ed6cee1ba2a4cc8908a386ca7
b891021062e191c39af824c4513f2c86735572137edd31cc202f7185febd064f,MITDB_P114,114,740000000,3,20260927,MODEL_V2_TCN_MEAN,1,8.931815147399902,0.9998679161071777,5,V2-004-D1-TCNMEAN-F03-S20260927,f02c47aad1549dbd9710aef224c49f59b190eb0ed6cee1ba2a4cc8908a386ca7
b8a9a6947d0ec911773898ca46fc9a2f6d1ff02605ef5bae7d47c14f90dd3b06,MITDB_P208,208,880000000,3,20260927,MODEL_V2_TCN_MEAN,1,11.440004348754883,0.9999892711639404,5,V2-004-D1-TCNMEAN-F03-S20260927,f02c47aad1549dbd9710aef224c49f59b190eb0ed6cee1ba2a4cc8908a386ca7
b8d90953c6faf073ce231cf5012537c2db2ce705395d5241aa90bcba3e3f22b7,MITDB_P208,208,320000000,3,20260927,MODEL_V2_TCN_MEAN,1,8.942699432373047,0.9998693466186523,5,V2-004-D1-TCNMEAN-F03-S20260927,f02c47aad1549dbd9710aef224c49f59b190eb0ed6cee1ba2a4cc8908a386ca7
b8ef4da33ad23008573cc67d005dc6232d256b240e42c70cabc5f9d4642c38ce,MITDB_P114,114,80000000,3,20260927,MODEL_V2_TCN_MEAN,0,0.9591789245605469,0.7229573726654053,5,V2-004-D1-TCNMEAN-F03-S20260927,f02c47aad1549dbd9710aef224c49f59b190eb0ed6cee1ba2a4cc8908a386ca7
b8fe9f707df4bff8019503088b7c342c10885a6a413e7add2c63f00aaca18986,MITDB_P121,121,1340000000,3,20260927,MODEL_V2_TCN_MEAN,0,-4.3012166023254395,0.013370858505368233,5,V2-004-D1-TCNMEAN-F03-S20260927,f02c47aad1549dbd9710aef224c49f59b190eb0ed6cee1ba2a4cc8908a386ca7
b90c43a48b1edf9859b3ecc7ad0b54cc1b4bb9dfb4cb73ac98186f4029ffcfda,MITDB_P114,114,855000000,3,20260927,MODEL_V2_TCN_MEAN,1,8.886102676391602,0.9998617172241211,5,V2-004-D1-TCNMEAN-F03-S20260927,f02c47aad1549dbd9710aef224c49f59b190eb0ed6cee1ba2a4cc8908a386ca7
b99b7593a40671ed1a12540bea11f7d4db916b0e853c174201763053eafd220d,MITDB_P121,121,125000000,3,20260927,MODEL_V2_TCN_MEAN,0,-3.2156221866607666,0.03858204558491707,5,V2-004-D1-TCNMEAN-F03-S20260927,f02c47aad1549dbd9710aef224c49f59b190eb0ed6cee1ba2a4cc8908a386ca7
b9e25675520b965d481d791d9d30959ab489e0ed423eca1c3b42f7ce3194988e,MITDB_P114,114,790000000,3,20260927,MODEL_V2_TCN_MEAN,0,2.917599678039551,0.9487096071243286,5,V2-004-D1-TCNMEAN-F03-S20260927,f02c47aad1549dbd9710aef224c49f59b190eb0ed6cee1ba2a4cc8908a386ca7
b9fe6645380384e3475d74738a5d0a0d5ed6f74218781869a9bd46c7d9884e93,MITDB_P223,223,385000000,3,20260927,MODEL_V2_TCN_MEAN,0,-3.1059160232543945,0.0428638830780983,5,V2-004-D1-TCNMEAN-F03-S20260927,f02c47aad1549dbd9710aef224c49f59b190eb0ed6cee1ba2a4cc8908a386ca7
ba264a29c8c8c32c964a4066d475525281d7d3e4a461009ddbff1ad8a795db72,MITDB_P121,121,1030000000,3,20260927,MODEL_V2_TCN_MEAN,0,-3.69185733795166,0.02431948482990265,5,V2-004-D1-TCNMEAN-F03-S20260927,f02c47aad1549dbd9710aef224c49f59b190eb0ed6cee1ba2a4cc8908a386ca7
ba513838881b84a88bed036a1ed2a34c1e105dc0548ed2e7ded23ea2e7846bf4,MITDB_P114,114,280000000,3,20260927,MODEL_V2_TCN_MEAN,1,4.815824031829834,0.99196457862854,5,V2-004-D1-TCNMEAN-F03-S20260927,f02c47aad1549dbd9710aef224c49f59b190eb0ed6cee1ba2a4cc8908a386ca7
ba5bab8e1141cedd0028122071a8d63b9dec3267b441c3ba1a96459c80e7c1f2,MITDB_P121,121,1125000000,3,20260927,MODEL_V2_TCN_MEAN,0,-2.5815987586975098,0.0703321248292923,5,V2-004-D1-TCNMEAN-F03-S20260927,f02c47aad1549dbd9710aef224c49f59b190eb0ed6cee1ba2a4cc8908a386ca7
ba7c65d487434cac5c95968da48f90c669769c1591ec8312fa5d84b2e22b7b48,MITDB_P103,103,775000000,3,20260927,MODEL_V2_TCN_MEAN,0,-2.927401542663574,0.050815507769584656,5,V2-004-D1-TCNMEAN-F03-S20260927,f02c47aad1549dbd9710aef224c49f59b190eb0ed6cee1ba2a4cc8908a386ca7
baa77f455806767e6b123a13c7aa93d06fdbf0a19f9e76d3dabfb4af4d6e35ea,MITDB_P208,208,1555000000,3,20260927,MODEL_V2_TCN_MEAN,1,8.246567726135254,0.9997379183769226,5,V2-004-D1-TCNMEAN-F03-S20260927,f02c47aad1549dbd9710aef224c49f59b190eb0ed6cee1ba2a4cc8908a386ca7
bab582690e6630c72ddae72692a75d38043d810f654f04a4ea7c794b448b48ad,MITDB_P103,103,1390000000,3,20260927,MODEL_V2_TCN_MEAN,0,-2.284749984741211,0.09239386022090912,5,V2-004-D1-TCNMEAN-F03-S20260927,f02c47aad1549dbd9710aef224c49f59b190eb0ed6cee1ba2a4cc8908a386ca7
bb0473e427e4946abcf812347570ba1fe7afbcac58d27df20bf6b20919cef98d,MITDB_P114,114,950000000,3,20260927,MODEL_V2_TCN_MEAN,0,3.6756319999694824,0.9752925038337708,5,V2-004-D1-TCNMEAN-F03-S20260927,f02c47aad1549dbd9710aef224c49f59b190eb0ed6cee1ba2a4cc8908a386ca7
bb2d16289533488b2c291ea5708249cb6897cf9b04ed868be0c7352d419e2657,MITDB_P114,114,500000000,3,20260927,MODEL_V2_TCN_MEAN,1,16.625154495239258,0.9999998807907104,5,V2-004-D1-TCNMEAN-F03-S20260927,f02c47aad1549dbd9710aef224c49f59b190eb0ed6cee1ba2a4cc8908a386ca7
bb4a186568be44c45374d47f3958aadf6a83dadbbfe469988f7f00f165e78078,MITDB_P103,103,1025000000,3,20260927,MODEL_V2_TCN_MEAN,0,-2.8981375694274902,0.05224570631980896,5,V2-004-D1-TCNMEAN-F03-S20260927,f02c47aad1549dbd9710aef224c49f59b190eb0ed6cee1ba2a4cc8908a386ca7
bba0e15cb551cfdbec6d97dbc0e107b2758145d129d12fd3f002be8c90cf8e8c,MITDB_P103,103,1330000000,3,20260927,MODEL_V2_TCN_MEAN,0,1.8895502090454102,0.8687042593955994,5,V2-004-D1-TCNMEAN-F03-S20260927,f02c47aad1549dbd9710aef224c49f59b190eb0ed6cee1ba2a4cc8908a386ca7
bba612d5e6c8d38d3a3ebcedb9c5fdfe28cc7d959d8a32b50b4b963d44283504,MITDB_P103,103,1570000000,3,20260927,MODEL_V2_TCN_MEAN,0,-2.193254232406616,0.10035790503025055,5,V2-004-D1-TCNMEAN-F03-S20260927,f02c47aad1549dbd9710aef224c49f59b190eb0ed6cee1ba2a4cc8908a386ca7
bbc7991497a590f207accca9f7cf00056e84f231e0f9a63886a194cf1161ac0f,MITDB_P103,103,1465000000,3,20260927,MODEL_V2_TCN_MEAN,0,-2.334744453430176,0.08828602731227875,5,V2-004-D1-TCNMEAN-F03-S20260927,f02c47aad1549dbd9710aef224c49f59b190eb0ed6cee1ba2a4cc8908a386ca7
bbe1311bd401c2a65dd023267fcceb78d8a384c733cd28dae80522df9e1177c5,MITDB_P223,223,310000000,3,20260927,MODEL_V2_TCN_MEAN,1,3.5572476387023926,0.9722734093666077,5,V2-004-D1-TCNMEAN-F03-S20260927,f02c47aad1549dbd9710aef224c49f59b190eb0ed6cee1ba2a4cc8908a386ca7
bbf56b443ee8902e903b914a21ced8a8dbac1e91c6c5096223d4ac320a1645b2,MITDB_P208,208,1415000000,3,20260927,MODEL_V2_TCN_MEAN,1,10.217702865600586,0.9999635219573975,5,V2-004-D1-TCNMEAN-F03-S20260927,f02c47aad1549dbd9710aef224c49f59b190eb0ed6cee1ba2a4cc8908a386ca7
bc31007e7e907b8c5110df408f3544a629e5de67305f6ba665270944f2373cdc,MITDB_P121,121,140000000,3,20260927,MODEL_V2_TCN_MEAN,0,-5.3082499504089355,0.004926195368170738,5,V2-004-D1-TCNMEAN-F03-S20260927,f02c47aad1549dbd9710aef224c49f59b190eb0ed6cee1ba2a4cc8908a386ca7
bc77972306ddf03be222b7b0be0e88e8a62061a1903439dcdfc3ac48df5115d6,MITDB_P121,121,920000000,3,20260927,MODEL_V2_TCN_MEAN,0,-4.20849609375,0.01465087290853262,5,V2-004-D1-TCNMEAN-F03-S20260927,f02c47aad1549dbd9710aef224c49f59b190eb0ed6cee1ba2a4cc8908a386ca7
bd0d5b5d35607158d8447cae0d9dba2a22b8f701e66b8453a2f8a3c91e3aeb74,MITDB_P103,103,955000000,3,20260927,MODEL_V2_TCN_MEAN,0,-1.5122112035751343,0.18061132729053497,5,V2-004-D1-TCNMEAN-F03-S20260927,f02c47aad1549dbd9710aef224c49f59b190eb0ed6cee1ba2a4cc8908a386ca7
bd46c6590aea61e781e3161723070d0bad4f76f250daee2e950e4e4c4ab591f8,MITDB_P208,208,735000000,3,20260927,MODEL_V2_TCN_MEAN,1,15.166427612304688,0.9999997615814209,5,V2-004-D1-TCNMEAN-F03-S20260927,f02c47aad1549dbd9710aef224c49f59b190eb0ed6cee1ba2a4cc8908a386ca7
bd57ae684333ae64cf22802e0f873a5c12a743104ed380ccf884946a1bfd439f,MITDB_P103,103,355000000,3,20260927,MODEL_V2_TCN_MEAN,0,-3.333148717880249,0.03445133566856384,5,V2-004-D1-TCNMEAN-F03-S20260927,f02c47aad1549dbd9710aef224c49f59b190eb0ed6cee1ba2a4cc8908a386ca7
bda5692894b7cb902f098567becbd3f4f329cabdd1749d57981ad402b64f1b46,MITDB_P121,121,355000000,3,20260927,MODEL_V2_TCN_MEAN,0,0.4579011797904968,0.6125161647796631,5,V2-004-D1-TCNMEAN-F03-S20260927,f02c47aad1549dbd9710aef224c49f59b190eb0ed6cee1ba2a4cc8908a386ca7
bdf2ed4d3ff430ca7c064961d61df73569fc3e641b69d248af00f5b14f8e9fc9,MITDB_P103,103,425000000,3,20260927,MODEL_V2_TCN_MEAN,0,-3.1367502212524414,0.041616544127464294,5,V2-004-D1-TCNMEAN-F03-S20260927,f02c47aad1549dbd9710aef224c49f59b190eb0ed6cee1ba2a4cc8908a386ca7
be042485a08a2a21a4672c992c3057771e1acdb159895eeef15919b92bcca45e,MITDB_P223,223,750000000,3,20260927,MODEL_V2_TCN_MEAN,1,14.198639869689941,0.9999992847442627,5,V2-004-D1-TCNMEAN-F03-S20260927,f02c47aad1549dbd9710aef224c49f59b190eb0ed6cee1ba2a4cc8908a386ca7
be2c82d9ca6802f41e00a1f5a008e4a1a41aca658c2da985b4090d8cfd126bc1,MITDB_P103,103,705000000,3,20260927,MODEL_V2_TCN_MEAN,0,-1.7819709777832031,0.1440599262714386,5,V2-004-D1-TCNMEAN-F03-S20260927,f02c47aad1549dbd9710aef224c49f59b190eb0ed6cee1ba2a4cc8908a386ca7
be52224f4829fedb8f4f11e3f5406af843cd203f0f267fea60096737f6be2229,MITDB_P208,208,975000000,3,20260927,MODEL_V2_TCN_MEAN,1,11.117989540100098,0.9999850988388062,5,V2-004-D1-TCNMEAN-F03-S20260927,f02c47aad1549dbd9710aef224c49f59b190eb0ed6cee1ba2a4cc8908a386ca7
be70be16fecbc13fa6999c2e96ffc2a8a3ca4593004a635463b41c1fffa258be,MITDB_P223,223,1605000000,3,20260927,MODEL_V2_TCN_MEAN,1,7.4424662590026855,0.9994145631790161,5,V2-004-D1-TCNMEAN-F03-S20260927,f02c47aad1549dbd9710aef224c49f59b190eb0ed6cee1ba2a4cc8908a386ca7
be88131bfe47b74635f0ecb867f447a24ebc3f982b866b453f1c87be661c2ca0,MITDB_P208,208,425000000,3,20260927,MODEL_V2_TCN_MEAN,1,12.451566696166992,0.9999960660934448,5,V2-004-D1-TCNMEAN-F03-S20260927,f02c47aad1549dbd9710aef224c49f59b190eb0ed6cee1ba2a4cc8908a386ca7
bf0a1438e428b38b93d79ef5ef23eb44055cbcb7deffbc97f203b72250d98c78,MITDB_P223,223,370000000,3,20260927,MODEL_V2_TCN_MEAN,1,3.208786964416504,0.9611635804176331,5,V2-004-D1-TCNMEAN-F03-S20260927,f02c47aad1549dbd9710aef224c49f59b190eb0ed6cee1ba2a4cc8908a386ca7
bf1b191f3761f4c9e5b5cb5ca98a97f5fd436f07d9dc94207ac96d3b9da6498d,MITDB_P121,121,1595000000,3,20260927,MODEL_V2_TCN_MEAN,0,-1.5444591045379639,0.17588798701763153,5,V2-004-D1-TCNMEAN-F03-S20260927,f02c47aad1549dbd9710aef224c49f59b190eb0ed6cee1ba2a4cc8908a386ca7
bf2d1e4725e1a9464a1797a80ec47e597072ebe4bdc72204aa1ac3557b948002,MITDB_P208,208,420000000,3,20260927,MODEL_V2_TCN_MEAN,1,15.524085998535156,0.9999997615814209,5,V2-004-D1-TCNMEAN-F03-S20260927,f02c47aad1549dbd9710aef224c49f59b190eb0ed6cee1ba2a4cc8908a386ca7
bf30bd638ce032c588ae360cc98c29936d9ca3b3d7abb171874de9198edc9dc9,MITDB_P223,223,895000000,3,20260927,MODEL_V2_TCN_MEAN,1,2.9928393363952637,0.9522495269775391,5,V2-004-D1-TCNMEAN-F03-S20260927,f02c47aad1549dbd9710aef224c49f59b190eb0ed6cee1ba2a4cc8908a386ca7
bf6a25d25542628eb87d2737508c7d9672d23e53a23e40056d7cc3b081f7bd5e,MITDB_P223,223,560000000,3,20260927,MODEL_V2_TCN_MEAN,1,-0.6264315247535706,0.3483201265335083,5,V2-004-D1-TCNMEAN-F03-S20260927,f02c47aad1549dbd9710aef224c49f59b190eb0ed6cee1ba2a4cc8908a386ca7
bf9e44f8e094cfc62af0793547aeb75efabd5763eb48851ea7eaebe30722ecb1,MITDB_P121,121,170000000,3,20260927,MODEL_V2_TCN_MEAN,0,-4.689615726470947,0.009106526151299477,5,V2-004-D1-TCNMEAN-F03-S20260927,f02c47aad1549dbd9710aef224c49f59b190eb0ed6cee1ba2a4cc8908a386ca7
bfbc5741bc668a999fab173730a2c99c8b29c2d4a2d5af965efa1dae3b352d2b,MITDB_P223,223,1755000000,3,20260927,MODEL_V2_TCN_MEAN,1,-0.5927109122276306,0.35601308941841125,5,V2-004-D1-TCNMEAN-F03-S20260927,f02c47aad1549dbd9710aef224c49f59b190eb0ed6cee1ba2a4cc8908a386ca7
c042fb14c352ac1afaad328e7ee03c0bdb67969727e63929f3f15336f8b2e4b7,MITDB_P121,121,135000000,3,20260927,MODEL_V2_TCN_MEAN,0,-4.033663272857666,0.01740117371082306,5,V2-004-D1-TCNMEAN-F03-S20260927,f02c47aad1549dbd9710aef224c49f59b190eb0ed6cee1ba2a4cc8908a386ca7
c074c0ff213f997b28a27f8d151d8556f7106aeee31cebdbee2803429e69838b,MITDB_P223,223,910000000,3,20260927,MODEL_V2_TCN_MEAN,1,-1.673799991607666,0.15791819989681244,5,V2-004-D1-TCNMEAN-F03-S20260927,f02c47aad1549dbd9710aef224c49f59b190eb0ed6cee1ba2a4cc8908a386ca7
c0b7ab355b8b241b76b3feb474c2cf1aa858a38029d7c802005819f6070eb150,MITDB_P223,223,1065000000,3,20260927,MODEL_V2_TCN_MEAN,1,5.701228141784668,0.9966692328453064,5,V2-004-D1-TCNMEAN-F03-S20260927,f02c47aad1549dbd9710aef224c49f59b190eb0ed6cee1ba2a4cc8908a386ca7
c0bb1889883cf67f624905e445694ca13ce5721a7add67ce3b29917b092bda16,MITDB_P223,223,925000000,3,20260927,MODEL_V2_TCN_MEAN,0,-2.8351240158081055,0.055455390363931656,5,V2-004-D1-TCNMEAN-F03-S20260927,f02c47aad1549dbd9710aef224c49f59b190eb0ed6cee1ba2a4cc8908a386ca7
c0e07d974c7b4929ad58bfc9493eb2b4b2393cac2f6f29e8931de4c667058564,MITDB_P208,208,1755000000,3,20260927,MODEL_V2_TCN_MEAN,1,12.36612319946289,0.9999957084655762,5,V2-004-D1-TCNMEAN-F03-S20260927,f02c47aad1549dbd9710aef224c49f59b190eb0ed6cee1ba2a4cc8908a386ca7
c0f8207d1774166f8e819ac748c43f642109966503606861ccee753bcf880af1,MITDB_P114,114,1070000000,3,20260927,MODEL_V2_TCN_MEAN,0,1.8796885013580322,0.8675753474235535,5,V2-004-D1-TCNMEAN-F03-S20260927,f02c47aad1549dbd9710aef224c49f59b190eb0ed6cee1ba2a4cc8908a386ca7
c1a47f1ca347754fd524dbd1e2f0446c0e3ed46ab1ef2e364536b4fc32b2a081,MITDB_P103,103,1245000000,3,20260927,MODEL_V2_TCN_MEAN,0,-1.4542241096496582,0.18935233354568481,5,V2-004-D1-TCNMEAN-F03-S20260927,f02c47aad1549dbd9710aef224c49f59b190eb0ed6cee1ba2a4cc8908a386ca7
c1ab1ad121e45849450b461860c571b04d97e289eaa2e3abcb516e31d79861c6,MITDB_P208,208,305000000,3,20260927,MODEL_V2_TCN_MEAN,1,15.13852310180664,0.9999997615814209,5,V2-004-D1-TCNMEAN-F03-S20260927,f02c47aad1549dbd9710aef224c49f59b190eb0ed6cee1ba2a4cc8908a386ca7
c1bfdb1d7b78375bc1c7618d3125be3c1c3192fdf34eee30488e0e438788ada6,MITDB_P121,121,1525000000,3,20260927,MODEL_V2_TCN_MEAN,0,-2.1350913047790527,0.10573261976242065,5,V2-004-D1-TCNMEAN-F03-S20260927,f02c47aad1549dbd9710aef224c49f59b190eb0ed6cee1ba2a4cc8908a386ca7
c1cc93042824d05864d27c2077d120f906366ddaeb282d857f7288a234c9713a,MITDB_P103,103,70000000,3,20260927,MODEL_V2_TCN_MEAN,0,-3.5844058990478516,0.027003712952136993,5,V2-004-D1-TCNMEAN-F03-S20260927,f02c47aad1549dbd9710aef224c49f59b190eb0ed6cee1ba2a4cc8908a386ca7
c1de7dd4723a5698502b2e486026e90eaf5db869533ef09e48e193fbcd3c944e,MITDB_P121,121,375000000,3,20260927,MODEL_V2_TCN_MEAN,0,-4.478091716766357,0.011227571405470371,5,V2-004-D1-TCNMEAN-F03-S20260927,f02c47aad1549dbd9710aef224c49f59b190eb0ed6cee1ba2a4cc8908a386ca7
c20580fc32ea38b885eb36a777ed345884c5a0ba7d7335044627d0c45c993be4,MITDB_P121,121,1655000000,3,20260927,MODEL_V2_TCN_MEAN,0,2.945775032043457,0.9500634670257568,5,V2-004-D1-TCNMEAN-F03-S20260927,f02c47aad1549dbd9710aef224c49f59b190eb0ed6cee1ba2a4cc8908a386ca7
c2476d448a7353dc3a8dfde41952e33e05c63b90cb5bd32f4ef7eddc4abe72f7,MITDB_P114,114,1130000000,3,20260927,MODEL_V2_TCN_MEAN,0,2.6907365322113037,0.9364778399467468,5,V2-004-D1-TCNMEAN-F03-S20260927,f02c47aad1549dbd9710aef224c49f59b190eb0ed6cee1ba2a4cc8908a386ca7
c2cf2459246d0d6032eb91bbcac78f3e3a642b51ed7c88b8e2d7eaafeed1ab6e,MITDB_P114,114,1410000000,3,20260927,MODEL_V2_TCN_MEAN,0,1.6697152853012085,0.8415378928184509,5,V2-004-D1-TCNMEAN-F03-S20260927,f02c47aad1549dbd9710aef224c49f59b190eb0ed6cee1ba2a4cc8908a386ca7
c2dfa76c8cde993b1b2b81ec547caa4f62661738d3ade205ce7b5892614bb0e1,MITDB_P223,223,1800000000,3,20260927,MODEL_V2_TCN_MEAN,1,8.975127220153809,0.9998735189437866,5,V2-004-D1-TCNMEAN-F03-S20260927,f02c47aad1549dbd9710aef224c49f59b190eb0ed6cee1ba2a4cc8908a386ca7
c344a1ab23f617b692dc078ad79ff0c4730be2b84d43bbffb796d6c709e8ad3f,MITDB_P121,121,1360000000,3,20260927,MODEL_V2_TCN_MEAN,0,-4.395409107208252,0.012183562852442265,5,V2-004-D1-TCNMEAN-F03-S20260927,f02c47aad1549dbd9710aef224c49f59b190eb0ed6cee1ba2a4cc8908a386ca7
c34a5f92ab09230d03be0396bff148a119cfb26d8b66bbc44e043d5634d8229b,MITDB_P114,114,120000000,3,20260927,MODEL_V2_TCN_MEAN,0,-0.8015165328979492,0.30970120429992676,5,V2-004-D1-TCNMEAN-F03-S20260927,f02c47aad1549dbd9710aef224c49f59b190eb0ed6cee1ba2a4cc8908a386ca7
c355201388bcd8e4c7899d6fe18ea07cbb8cbb0f1801e5410919ff7d809b3464,MITDB_P208,208,225000000,3,20260927,MODEL_V2_TCN_MEAN,1,14.980452537536621,0.9999996423721313,5,V2-004-D1-TCNMEAN-F03-S20260927,f02c47aad1549dbd9710aef224c49f59b190eb0ed6cee1ba2a4cc8908a386ca7
c39bf68efe73aaff0e5c1308a64bd7e17a6f137c2674e9c8920a03b922f20bf8,MITDB_P114,114,1285000000,3,20260927,MODEL_V2_TCN_MEAN,0,0.13140030205249786,0.5328028798103333,5,V2-004-D1-TCNMEAN-F03-S20260927,f02c47aad1549dbd9710aef224c49f59b190eb0ed6cee1ba2a4cc8908a386ca7
c3a47f232d8367b7cb96d268f26ec4e0bce760a0611acd7b12dd6d13c95bca9d,MITDB_P114,114,490000000,3,20260927,MODEL_V2_TCN_MEAN,0,-0.08739684522151947,0.4781647026538849,5,V2-004-D1-TCNMEAN-F03-S20260927,f02c47aad1549dbd9710aef224c49f59b190eb0ed6cee1ba2a4cc8908a386ca7
c3b4c9d332d69988487e4687111e46b2c382a534d3b986ae9c02cae89fb9ab9a,MITDB_P223,223,1705000000,3,20260927,MODEL_V2_TCN_MEAN,1,16.23668670654297,0.9999998807907104,5,V2-004-D1-TCNMEAN-F03-S20260927,f02c47aad1549dbd9710aef224c49f59b190eb0ed6cee1ba2a4cc8908a386ca7
c3c25c06753f19b05551f42bb19edb7200f7ed6f72e7bc499ac63fcd23b4353d,MITDB_P223,223,885000000,3,20260927,MODEL_V2_TCN_MEAN,1,7.384762287139893,0.9993797540664673,5,V2-004-D1-TCNMEAN-F03-S20260927,f02c47aad1549dbd9710aef224c49f59b190eb0ed6cee1ba2a4cc8908a386ca7
c41f3711d836d7994bc862cc8f5308cf6b6ff40eb1d236fd023c00cccf32db9e,MITDB_P121,121,1565000000,3,20260927,MODEL_V2_TCN_MEAN,0,-1.847402811050415,0.136178120970726,5,V2-004-D1-TCNMEAN-F03-S20260927,f02c47aad1549dbd9710aef224c49f59b190eb0ed6cee1ba2a4cc8908a386ca7
c4205daf267efbec08ea119f44dc02be5ba4b16a045ea7940a5834396e7675de,MITDB_P103,103,465000000,3,20260927,MODEL_V2_TCN_MEAN,0,-3.0099036693573,0.04698045924305916,5,V2-004-D1-TCNMEAN-F03-S20260927,f02c47aad1549dbd9710aef224c49f59b190eb0ed6cee1ba2a4cc8908a386ca7
c4553c6798db61d566c656a84ac0484b2751c90bdce1e16ce22068d9073cbf42,MITDB_P223,223,315000000,3,20260927,MODEL_V2_TCN_MEAN,1,7.892699718475342,0.999626636505127,5,V2-004-D1-TCNMEAN-F03-S20260927,f02c47aad1549dbd9710aef224c49f59b190eb0ed6cee1ba2a4cc8908a386ca7
c45c7506f02924f2746fe4c8e6a05db1276a4b89beebcbe61c46cdf32292861e,MITDB_P103,103,1470000000,3,20260927,MODEL_V2_TCN_MEAN,0,-2.334322929382324,0.08831996470689774,5,V2-004-D1-TCNMEAN-F03-S20260927,f02c47aad1549dbd9710aef224c49f59b190eb0ed6cee1ba2a4cc8908a386ca7
c4684322319e3989bb6962302765cc9036db062da6e5ed464d9a0f26fa1fbd16,MITDB_P121,121,75000000,3,20260927,MODEL_V2_TCN_MEAN,0,-4.929063320159912,0.0071813310496509075,5,V2-004-D1-TCNMEAN-F03-S20260927,f02c47aad1549dbd9710aef224c49f59b190eb0ed6cee1ba2a4cc8908a386ca7
c48ae71199b7729d6a069529a61478a8761e1c5d0a6231384ac0829eb9a94235,MITDB_P223,223,1210000000,3,20260927,MODEL_V2_TCN_MEAN,0,-2.7304248809814453,0.06120174750685692,5,V2-004-D1-TCNMEAN-F03-S20260927,f02c47aad1549dbd9710aef224c49f59b190eb0ed6cee1ba2a4cc8908a386ca7
c4c8bbb78bda6e819467b8050d37f89fa6c22a23f04ea9826a4875ea1bfc705e,MITDB_P114,114,1010000000,3,20260927,MODEL_V2_TCN_MEAN,0,1.6358108520507812,0.8369640707969666,5,V2-004-D1-TCNMEAN-F03-S20260927,f02c47aad1549dbd9710aef224c49f59b190eb0ed6cee1ba2a4cc8908a386ca7
c4eda20584cfee15c7d9cd742577f6a896038372e1f30db025155eb39c3d5c8e,MITDB_P223,223,1000000000,3,20260927,MODEL_V2_TCN_MEAN,0,-3.0415189266204834,0.045585040003061295,5,V2-004-D1-TCNMEAN-F03-S20260927,f02c47aad1549dbd9710aef224c49f59b190eb0ed6cee1ba2a4cc8908a386ca7
c4f1baae50dfe93d6bb91913ee16d30cc4cc4db3938bf411bc92e415ed55ad89,MITDB_P103,103,670000000,3,20260927,MODEL_V2_TCN_MEAN,0,-3.148587226867676,0.041146982461214066,5,V2-004-D1-TCNMEAN-F03-S20260927,f02c47aad1549dbd9710aef224c49f59b190eb0ed6cee1ba2a4cc8908a386ca7
c5092174340b98a9e17a705f2f77809998a494f6b6298a9c69d174b88ead5ace,MITDB_P223,223,655000000,3,20260927,MODEL_V2_TCN_MEAN,0,-0.9960281848907471,0.2697230577468872,5,V2-004-D1-TCNMEAN-F03-S20260927,f02c47aad1549dbd9710aef224c49f59b190eb0ed6cee1ba2a4cc8908a386ca7
c51f863512b92d292e0fc93b762559a7ab393c7e9cba32d9559bf5bd5dddf451,MITDB_P114,114,1035000000,3,20260927,MODEL_V2_TCN_MEAN,0,3.2225241661071777,0.9616732001304626,5,V2-004-D1-TCNMEAN-F03-S20260927,f02c47aad1549dbd9710aef224c49f59b190eb0ed6cee1ba2a4cc8908a386ca7
c5271990ca69b322007fbea0c3058da656d79c287b30a84c2772427a0e044027,MITDB_P103,103,180000000,3,20260927,MODEL_V2_TCN_MEAN,0,-2.678262710571289,0.06426827609539032,5,V2-004-D1-TCNMEAN-F03-S20260927,f02c47aad1549dbd9710aef224c49f59b190eb0ed6cee1ba2a4cc8908a386ca7
c530a016ca50c4932b11b4f01d263da14cf8fa2a53eb1e2d85e0c7d958537500,MITDB_P223,223,1675000000,3,20260927,MODEL_V2_TCN_MEAN,1,16.09255599975586,0.9999998807907104,5,V2-004-D1-TCNMEAN-F03-S20260927,f02c47aad1549dbd9710aef224c49f59b190eb0ed6cee1ba2a4cc8908a386ca7
c57d6b5da0c36c0090c362dce186fc9f008687782d4d7b93b6b40092ff03fcef,MITDB_P121,121,670000000,3,20260927,MODEL_V2_TCN_MEAN,0,-4.270411014556885,0.013783399946987629,5,V2-004-D1-TCNMEAN-F03-S20260927,f02c47aad1549dbd9710aef224c49f59b190eb0ed6cee1ba2a4cc8908a386ca7
c5eeb00eaa4a37236895e60db063a4d32c033c9b5f6eb16937f80a2e321fbaf0,MITDB_P223,223,710000000,3,20260927,MODEL_V2_TCN_MEAN,1,6.23642635345459,0.9980469942092896,5,V2-004-D1-TCNMEAN-F03-S20260927,f02c47aad1549dbd9710aef224c49f59b190eb0ed6cee1ba2a4cc8908a386ca7
c651d2b346f780bc95a6b3f44b369a0929008da4f9e740e2ba07ea1d6278c155,MITDB_P208,208,1770000000,3,20260927,MODEL_V2_TCN_MEAN,1,10.906533241271973,0.9999816417694092,5,V2-004-D1-TCNMEAN-F03-S20260927,f02c47aad1549dbd9710aef224c49f59b190eb0ed6cee1ba2a4cc8908a386ca7
c65e73c81fa8a1c48ad7957bf022163805ddb8872d209b3c3c23a79443a20c6f,MITDB_P103,103,205000000,3,20260927,MODEL_V2_TCN_MEAN,0,-3.2924718856811523,0.03583035245537758,5,V2-004-D1-TCNMEAN-F03-S20260927,f02c47aad1549dbd9710aef224c49f59b190eb0ed6cee1ba2a4cc8908a386ca7
c6807eb10ef554d358f2fbb44a28dd3df75ef39d14a91353f6731fba8f3be224,MITDB_P223,223,670000000,3,20260927,MODEL_V2_TCN_MEAN,1,3.8143153190612793,0.9784230589866638,5,V2-004-D1-TCNMEAN-F03-S20260927,f02c47aad1549dbd9710aef224c49f59b190eb0ed6cee1ba2a4cc8908a386ca7
c704cbfce7de634d2db8330c109661dfc2ac7f608159bcff671bcd17ca612e9a,MITDB_P103,103,1560000000,3,20260927,MODEL_V2_TCN_MEAN,0,-1.9819107055664062,0.1211152970790863,5,V2-004-D1-TCNMEAN-F03-S20260927,f02c47aad1549dbd9710aef224c49f59b190eb0ed6cee1ba2a4cc8908a386ca7
c71978f13fcee2e1588364971ff5257c69aa1f9518fc76a9773e0af7c47da4a7,MITDB_P121,121,1070000000,3,20260927,MODEL_V2_TCN_MEAN,0,-4.841257572174072,0.00783524103462696,5,V2-004-D1-TCNMEAN-F03-S20260927,f02c47aad1549dbd9710aef224c49f59b190eb0ed6cee1ba2a4cc8908a386ca7
c72e9a9c0ee9da8f29cd498fce3a1a620e1c063f921d5c19826e51f8bf3d0e0e,MITDB_P103,103,560000000,3,20260927,MODEL_V2_TCN_MEAN,0,-2.2814126014709473,0.09267410635948181,5,V2-004-D1-TCNMEAN-F03-S20260927,f02c47aad1549dbd9710aef224c49f59b190eb0ed6cee1ba2a4cc8908a386ca7
c7737c8c60b75e0be8fee36cf3b1a9b15e6d19ade5050d80241d2e7392bbe363,MITDB_P121,121,820000000,3,20260927,MODEL_V2_TCN_MEAN,0,-4.196693420410156,0.014822238124907017,5,V2-004-D1-TCNMEAN-F03-S20260927,f02c47aad1549dbd9710aef224c49f59b190eb0ed6cee1ba2a4cc8908a386ca7
c776f9bfb4ceb31ae4623668b44398d5f6d29bd77d0da4999d90039a8131a21d,MITDB_P103,103,1460000000,3,20260927,MODEL_V2_TCN_MEAN,0,-2.0595827102661133,0.11308766901493073,5,V2-004-D1-TCNMEAN-F03-S20260927,f02c47aad1549dbd9710aef224c49f59b190eb0ed6cee1ba2a4cc8908a386ca7
c79707b3f1b029a425cfb0dd01ba494fef8248d020588a848012c61c6320f1ae,MITDB_P103,103,1370000000,3,20260927,MODEL_V2_TCN_MEAN,1,-0.2775237560272217,0.43106094002723694,5,V2-004-D1-TCNMEAN-F03-S20260927,f02c47aad1549dbd9710aef224c49f59b190eb0ed6cee1ba2a4cc8908a386ca7
c7a569180beba0034a8459f05536cdbc1e7a9af4444264101ef1e974c743112b,MITDB_P114,114,1280000000,3,20260927,MODEL_V2_TCN_MEAN,0,0.8228039741516113,0.6948311924934387,5,V2-004-D1-TCNMEAN-F03-S20260927,f02c47aad1549dbd9710aef224c49f59b190eb0ed6cee1ba2a4cc8908a386ca7
c7aa9557626a4baca20ddd1a971694c07f981c2535452b888c6b6d4079c56d5e,MITDB_P208,208,1805000000,3,20260927,MODEL_V2_TCN_MEAN,1,12.82005500793457,0.9999972581863403,5,V2-004-D1-TCNMEAN-F03-S20260927,f02c47aad1549dbd9710aef224c49f59b190eb0ed6cee1ba2a4cc8908a386ca7
c7af109b54e167ea98757cbdc6bc8e50fa22a8e0b3f95e60b19c18646cb40be8,MITDB_P103,103,1225000000,3,20260927,MODEL_V2_TCN_MEAN,0,-0.32299691438674927,0.41994553804397583,5,V2-004-D1-TCNMEAN-F03-S20260927,f02c47aad1549dbd9710aef224c49f59b190eb0ed6cee1ba2a4cc8908a386ca7
c8ab49a1871598f524fd97f083e6acb1427634a08b37e9e4fc3eacf5754c613f,MITDB_P223,223,630000000,3,20260927,MODEL_V2_TCN_MEAN,1,4.730870723724365,0.9912583231925964,5,V2-004-D1-TCNMEAN-F03-S20260927,f02c47aad1549dbd9710aef224c49f59b190eb0ed6cee1ba2a4cc8908a386ca7
c92ddd4292ee428d172a37f2108dc704ba3416d234040f86225992081fbf00bf,MITDB_P121,121,1570000000,3,20260927,MODEL_V2_TCN_MEAN,0,4.449230670928955,0.9884474873542786,5,V2-004-D1-TCNMEAN-F03-S20260927,f02c47aad1549dbd9710aef224c49f59b190eb0ed6cee1ba2a4cc8908a386ca7
c99b8f38939e173d1ec9f341095fb12215fadddc3c24abb412092203f29c281d,MITDB_P208,208,1050000000,3,20260927,MODEL_V2_TCN_MEAN,1,9.53582763671875,0.9999277591705322,5,V2-004-D1-TCNMEAN-F03-S20260927,f02c47aad1549dbd9710aef224c49f59b190eb0ed6cee1ba2a4cc8908a386ca7
c9a46359042d8b7fae3a5aa0a3dab3282bc5629a59f46263b0e73693adb16ab3,MITDB_P103,103,610000000,3,20260927,MODEL_V2_TCN_MEAN,0,-2.887140989303589,0.052792903035879135,5,V2-004-D1-TCNMEAN-F03-S20260927,f02c47aad1549dbd9710aef224c49f59b190eb0ed6cee1ba2a4cc8908a386ca7
c9bae0673fc9d76fe03821c056569c2679c0f7f2eec4039e7fb1817608c6a526,MITDB_P103,103,1075000000,3,20260927,MODEL_V2_TCN_MEAN,0,-1.7045469284057617,0.15387234091758728,5,V2-004-D1-TCNMEAN-F03-S20260927,f02c47aad1549dbd9710aef224c49f59b190eb0ed6cee1ba2a4cc8908a386ca7
c9be4d29e4eeb1df721db742a95443b27f4c0f009c7e036d701bbc6566c4eefe,MITDB_P103,103,1595000000,3,20260927,MODEL_V2_TCN_MEAN,0,-1.9609525203704834,0.12336400151252747,5,V2-004-D1-TCNMEAN-F03-S20260927,f02c47aad1549dbd9710aef224c49f59b190eb0ed6cee1ba2a4cc8908a386ca7
ca3cda3f00f3742f9231c5fba6e6bef09f3c4099227b736cb5facf368ea36654,MITDB_P223,223,145000000,3,20260927,MODEL_V2_TCN_MEAN,1,8.613258361816406,0.9998183846473694,5,V2-004-D1-TCNMEAN-F03-S20260927,f02c47aad1549dbd9710aef224c49f59b190eb0ed6cee1ba2a4cc8908a386ca7
ca4dc12294cf442b7c67bc6b08148aba1f906289f71c4fb19afb1410994a8cf9,MITDB_P223,223,540000000,3,20260927,MODEL_V2_TCN_MEAN,1,-2.312897205352783,0.09006043523550034,5,V2-004-D1-TCNMEAN-F03-S20260927,f02c47aad1549dbd9710aef224c49f59b190eb0ed6cee1ba2a4cc8908a386ca7
ca68206013e9124a3de117bfa283920c74cf476da7498ab551819ca22b3398ae,MITDB_P223,223,1305000000,3,20260927,MODEL_V2_TCN_MEAN,1,15.691877365112305,0.9999998807907104,5,V2-004-D1-TCNMEAN-F03-S20260927,f02c47aad1549dbd9710aef224c49f59b190eb0ed6cee1ba2a4cc8908a386ca7
ca8b0ad4abfdedc2ebb82bcfec3f46bcaa6d94ba68f06b8f4e6978d2c3e6047c,MITDB_P223,223,1080000000,3,20260927,MODEL_V2_TCN_MEAN,1,9.087411880493164,0.9998868703842163,5,V2-004-D1-TCNMEAN-F03-S20260927,f02c47aad1549dbd9710aef224c49f59b190eb0ed6cee1ba2a4cc8908a386ca7
caa438cedc36ae947adc71db3e999bae61064d2bac4c3a8cc31e82e52c73d161,MITDB_P208,208,1285000000,3,20260927,MODEL_V2_TCN_MEAN,1,6.575523376464844,0.9986079335212708,5,V2-004-D1-TCNMEAN-F03-S20260927,f02c47aad1549dbd9710aef224c49f59b190eb0ed6cee1ba2a4cc8908a386ca7
cafa2cf166e4151f856e8d9bb71ab2adf6790c6be9beaa474b5a9e3336b75399,MITDB_P103,103,1175000000,3,20260927,MODEL_V2_TCN_MEAN,0,-2.192047595977783,0.10046689212322235,5,V2-004-D1-TCNMEAN-F03-S20260927,f02c47aad1549dbd9710aef224c49f59b190eb0ed6cee1ba2a4cc8908a386ca7
cb1f35034a12efcbd1e3f9a5a56a3d91f68182c67383a632c20dab3945496bc3,MITDB_P223,223,25000000,3,20260927,MODEL_V2_TCN_MEAN,1,-0.10713453590869904,0.47324198484420776,5,V2-004-D1-TCNMEAN-F03-S20260927,f02c47aad1549dbd9710aef224c49f59b190eb0ed6cee1ba2a4cc8908a386ca7
cb74bbfed098300a01c4fa1e130e615cf667d647851b442f2cfec6ce07180e65,MITDB_P121,121,1275000000,3,20260927,MODEL_V2_TCN_MEAN,0,-4.941669940948486,0.007092005107551813,5,V2-004-D1-TCNMEAN-F03-S20260927,f02c47aad1549dbd9710aef224c49f59b190eb0ed6cee1ba2a4cc8908a386ca7
cb7b43aa8ab9ca08bd1597a0321b1e2fcba427ba95b8ad8d11cff78ab5f8a96e,MITDB_P208,208,1045000000,3,20260927,MODEL_V2_TCN_MEAN,1,5.461822509765625,0.9957721829414368,5,V2-004-D1-TCNMEAN-F03-S20260927,f02c47aad1549dbd9710aef224c49f59b190eb0ed6cee1ba2a4cc8908a386ca7
cb95273bae540830b28ec3ec663a41d0d77072b0bcbb802cdf10cdc0b3c33fb4,MITDB_P208,208,380000000,3,20260927,MODEL_V2_TCN_MEAN,1,7.228703022003174,0.9992750287055969,5,V2-004-D1-TCNMEAN-F03-S20260927,f02c47aad1549dbd9710aef224c49f59b190eb0ed6cee1ba2a4cc8908a386ca7
cba3994b98715e712d228eb5f97a1e764b2588bbaa21345bb0d5a1a6f8a751f0,MITDB_P223,223,275000000,3,20260927,MODEL_V2_TCN_MEAN,0,-2.3524179458618164,0.08687376976013184,5,V2-004-D1-TCNMEAN-F03-S20260927,f02c47aad1549dbd9710aef224c49f59b190eb0ed6cee1ba2a4cc8908a386ca7
cbb282301733748ef955ec18e15872f68187b528bd1ec15d0cec0f241a82b976,MITDB_P114,114,760000000,3,20260927,MODEL_V2_TCN_MEAN,1,10.476755142211914,0.999971866607666,5,V2-004-D1-TCNMEAN-F03-S20260927,f02c47aad1549dbd9710aef224c49f59b190eb0ed6cee1ba2a4cc8908a386ca7
cbd3feae5b23ca124e13afcdb1a579eba01afb14064886ca594bd8857a3b2dbe,MITDB_P208,208,1705000000,3,20260927,MODEL_V2_TCN_MEAN,1,10.009478569030762,0.9999550580978394,5,V2-004-D1-TCNMEAN-F03-S20260927,f02c47aad1549dbd9710aef224c49f59b190eb0ed6cee1ba2a4cc8908a386ca7
cc0edef6195dc60c70119543c22dc7f4f1a9e9e59208f6da7e79b72dcef858eb,MITDB_P114,114,1020000000,3,20260927,MODEL_V2_TCN_MEAN,0,1.6024806499481201,0.8323647975921631,5,V2-004-D1-TCNMEAN-F03-S20260927,f02c47aad1549dbd9710aef224c49f59b190eb0ed6cee1ba2a4cc8908a386ca7
cc55f150cbec07930b55bb22e303bf49662ea51e9b7803b3221737704e1123fa,MITDB_P223,223,1450000000,3,20260927,MODEL_V2_TCN_MEAN,1,14.940248489379883,0.9999996423721313,5,V2-004-D1-TCNMEAN-F03-S20260927,f02c47aad1549dbd9710aef224c49f59b190eb0ed6cee1ba2a4cc8908a386ca7
cc8c75b0cc8dd89be6a10894878c07e252071a426f4f4923d2658aedb20c6ab5,MITDB_P208,208,590000000,3,20260927,MODEL_V2_TCN_MEAN,1,15.643750190734863,0.9999998807907104,5,V2-004-D1-TCNMEAN-F03-S20260927,f02c47aad1549dbd9710aef224c49f59b190eb0ed6cee1ba2a4cc8908a386ca7
ccbc113422d5cb3ca9ea1eed363ea06f40d35dc5776bf0013bc177a6cae2c6be,MITDB_P208,208,170000000,3,20260927,MODEL_V2_TCN_MEAN,1,13.585834503173828,0.9999986886978149,5,V2-004-D1-TCNMEAN-F03-S20260927,f02c47aad1549dbd9710aef224c49f59b190eb0ed6cee1ba2a4cc8908a386ca7
ccee6535dde2d221e834c07843fa898194d631242e66674f0f80d85e36d47649,MITDB_P223,223,1135000000,3,20260927,MODEL_V2_TCN_MEAN,1,4.466567516326904,0.9886437654495239,5,V2-004-D1-TCNMEAN-F03-S20260927,f02c47aad1549dbd9710aef224c49f59b190eb0ed6cee1ba2a4cc8908a386ca7
cd3063203bed71036490354f34e06cee9f5eae672dfbf18d6378e8cf8135c1fb,MITDB_P223,223,1280000000,3,20260927,MODEL_V2_TCN_MEAN,0,-2.8085217475891113,0.05686541274189949,5,V2-004-D1-TCNMEAN-F03-S20260927,f02c47aad1549dbd9710aef224c49f59b190eb0ed6cee1ba2a4cc8908a386ca7
cd5b667845485550832df19f2cbd3fc39b145249fd4a1bbdef85c0d15c5b5fa8,MITDB_P223,223,1500000000,3,20260927,MODEL_V2_TCN_MEAN,1,14.051204681396484,0.9999991655349731,5,V2-004-D1-TCNMEAN-F03-S20260927,f02c47aad1549dbd9710aef224c49f59b190eb0ed6cee1ba2a4cc8908a386ca7
cd7d8c9276ce960eab706e024edaa9cd29011d825ddf183c1628fb352029918e,MITDB_P208,208,1750000000,3,20260927,MODEL_V2_TCN_MEAN,1,11.893497467041016,0.9999932050704956,5,V2-004-D1-TCNMEAN-F03-S20260927,f02c47aad1549dbd9710aef224c49f59b190eb0ed6cee1ba2a4cc8908a386ca7
cdc1a8445de66370b568b731d761804b7673cb936ec24e16cea59139fb0ea98e,MITDB_P114,114,1535000000,3,20260927,MODEL_V2_TCN_MEAN,0,0.37784233689308167,0.5933526158332825,5,V2-004-D1-TCNMEAN-F03-S20260927,f02c47aad1549dbd9710aef224c49f59b190eb0ed6cee1ba2a4cc8908a386ca7
cdd2a2a2193dac5f3d918a515943bb17f1d893b5b7d2eb643b9593627205cf21,MITDB_P223,223,1660000000,3,20260927,MODEL_V2_TCN_MEAN,1,16.090045928955078,0.9999998807907104,5,V2-004-D1-TCNMEAN-F03-S20260927,f02c47aad1549dbd9710aef224c49f59b190eb0ed6cee1ba2a4cc8908a386ca7
ce052c5c468b2b4373e3de9a9797ce192efe9b499144f8058affdbdd6bf5453e,MITDB_P223,223,1040000000,3,20260927,MODEL_V2_TCN_MEAN,1,7.443044662475586,0.9994148015975952,5,V2-004-D1-TCNMEAN-F03-S20260927,f02c47aad1549dbd9710aef224c49f59b190eb0ed6cee1ba2a4cc8908a386ca7
ce2d7c3a79b83b798f1b736a7e63857d941c1eea74e88834db93a4c240463ed1,MITDB_P114,114,185000000,3,20260927,MODEL_V2_TCN_MEAN,0,0.3773767352104187,0.5932402610778809,5,V2-004-D1-TCNMEAN-F03-S20260927,f02c47aad1549dbd9710aef224c49f59b190eb0ed6cee1ba2a4cc8908a386ca7
ce2fdf145f55c1cb20db3310407732e47252bf755087a4d2c51f59cb8f3a3388,MITDB_P208,208,1515000000,3,20260927,MODEL_V2_TCN_MEAN,1,10.4229736328125,0.9999703168869019,5,V2-004-D1-TCNMEAN-F03-S20260927,f02c47aad1549dbd9710aef224c49f59b190eb0ed6cee1ba2a4cc8908a386ca7
ce58f1593b95f83d476bdd61437caca33c77c753eab20d11baefbab08bb3e547,MITDB_P208,208,965000000,3,20260927,MODEL_V2_TCN_MEAN,1,13.152486801147461,0.9999980926513672,5,V2-004-D1-TCNMEAN-F03-S20260927,f02c47aad1549dbd9710aef224c49f59b190eb0ed6cee1ba2a4cc8908a386ca7
ce9b1110d8a7e71ac2d275ef10b183a542c1f0a5e9f7789de2cb26737e058a70,MITDB_P114,114,1320000000,3,20260927,MODEL_V2_TCN_MEAN,0,2.056394577026367,0.8865921497344971,5,V2-004-D1-TCNMEAN-F03-S20260927,f02c47aad1549dbd9710aef224c49f59b190eb0ed6cee1ba2a4cc8908a386ca7
ceb12250addd0743c550cd15551c9579a10f7ccb882e8101bcd4b737162bd9ad,MITDB_P103,103,1180000000,3,20260927,MODEL_V2_TCN_MEAN,0,-0.6117783784866333,0.3516536355018616,5,V2-004-D1-TCNMEAN-F03-S20260927,f02c47aad1549dbd9710aef224c49f59b190eb0ed6cee1ba2a4cc8908a386ca7
cec0dbd62bbf7468df755835775a4b0319739f4ad2e56315d98275d47642eb28,MITDB_P223,223,1730000000,3,20260927,MODEL_V2_TCN_MEAN,1,6.707433223724365,0.9987797141075134,5,V2-004-D1-TCNMEAN-F03-S20260927,f02c47aad1549dbd9710aef224c49f59b190eb0ed6cee1ba2a4cc8908a386ca7
ceec5e817abc8bc7bce143457c1c0b8fcdd591f8becbec64c827aca49dd1aed6,MITDB_P121,121,625000000,3,20260927,MODEL_V2_TCN_MEAN,0,-3.340549945831299,0.03420598432421684,5,V2-004-D1-TCNMEAN-F03-S20260927,f02c47aad1549dbd9710aef224c49f59b190eb0ed6cee1ba2a4cc8908a386ca7
ceefbda91b656d87671c27f4406d3c4f51171c28e7da86411d8943289c739241,MITDB_P114,114,1460000000,3,20260927,MODEL_V2_TCN_MEAN,0,-1.0992604494094849,0.24987849593162537,5,V2-004-D1-TCNMEAN-F03-S20260927,f02c47aad1549dbd9710aef224c49f59b190eb0ed6cee1ba2a4cc8908a386ca7
cef64b77a51e8129c5872dca9150ba12cfcc7212fe47d2381e73f1ef6f6cbece,MITDB_P223,223,525000000,3,20260927,MODEL_V2_TCN_MEAN,0,-2.2992196083068848,0.09118761122226715,5,V2-004-D1-TCNMEAN-F03-S20260927,f02c47aad1549dbd9710aef224c49f59b190eb0ed6cee1ba2a4cc8908a386ca7
cf06c65f64f286f995d1115a50f8ffadab28d86b3f1d98b3ac9f4b2eb05d6055,MITDB_P114,114,730000000,3,20260927,MODEL_V2_TCN_MEAN,0,1.7917357683181763,0.8571400046348572,5,V2-004-D1-TCNMEAN-F03-S20260927,f02c47aad1549dbd9710aef224c49f59b190eb0ed6cee1ba2a4cc8908a386ca7
cf26b7fac9e3219b9155a1f70cf7abff8f194169cb3416e9969534c72c0a38e6,MITDB_P114,114,670000000,3,20260927,MODEL_V2_TCN_MEAN,0,3.0144309997558594,0.95322185754776,5,V2-004-D1-TCNMEAN-F03-S20260927,f02c47aad1549dbd9710aef224c49f59b190eb0ed6cee1ba2a4cc8908a386ca7
cf4573682906f7ef93574c0a647fc828ef4f010ef399f05aefc0c5852e691250,MITDB_P103,103,815000000,3,20260927,MODEL_V2_TCN_MEAN,0,-3.0639612674713135,0.04461853951215744,5,V2-004-D1-TCNMEAN-F03-S20260927,f02c47aad1549dbd9710aef224c49f59b190eb0ed6cee1ba2a4cc8908a386ca7
cf4f1d8cec9c947c2afefe32aadf910a75e8247bdc2d770216a0f4719b44e6ee,MITDB_P223,223,1155000000,3,20260927,MODEL_V2_TCN_MEAN,1,9.670364379882812,0.9999368190765381,5,V2-004-D1-TCNMEAN-F03-S20260927,f02c47aad1549dbd9710aef224c49f59b190eb0ed6cee1ba2a4cc8908a386ca7
cf835854b8a412bce1c17b511524341e4d6569a4c119f1fa0bac2f4d3df3cd92,MITDB_P121,121,120000000,3,20260927,MODEL_V2_TCN_MEAN,0,-3.746715545654297,0.023051219061017036,5,V2-004-D1-TCNMEAN-F03-S20260927,f02c47aad1549dbd9710aef224c49f59b190eb0ed6cee1ba2a4cc8908a386ca7
cf8d1094c693efefaaaadd84db59713cd9d66b8188b4985f0111fc6771a2a29d,MITDB_P121,121,110000000,3,20260927,MODEL_V2_TCN_MEAN,0,-4.2198872566223145,0.014487332664430141,5,V2-004-D1-TCNMEAN-F03-S20260927,f02c47aad1549dbd9710aef224c49f59b190eb0ed6cee1ba2a4cc8908a386ca7
cfca859df6a92b027cd540ed24b65b5bc9c63b2a77cbe8e566fb02101022e2b1,MITDB_P223,223,520000000,3,20260927,MODEL_V2_TCN_MEAN,1,-1.6878069639205933,0.1560644656419754,5,V2-004-D1-TCNMEAN-F03-S20260927,f02c47aad1549dbd9710aef224c49f59b190eb0ed6cee1ba2a4cc8908a386ca7
cfd9cd570e90eaecbb7bb4b209a753f48d91fb31bb1399be700454ca5ee485b9,MITDB_P208,208,220000000,3,20260927,MODEL_V2_TCN_MEAN,1,12.314266204833984,0.9999954700469971,5,V2-004-D1-TCNMEAN-F03-S20260927,f02c47aad1549dbd9710aef224c49f59b190eb0ed6cee1ba2a4cc8908a386ca7
d014b834da9f66991f2a9e03a04c719eedff9e132aa808fd3e081888fd000c90,MITDB_P121,121,1555000000,3,20260927,MODEL_V2_TCN_MEAN,0,1.396946668624878,0.8016989231109619,5,V2-004-D1-TCNMEAN-F03-S20260927,f02c47aad1549dbd9710aef224c49f59b190eb0ed6cee1ba2a4cc8908a386ca7
d025fd36f2dc1dd932a33c64921b72f245d083daa3c0d58f6a6fd6643c9ac5b4,MITDB_P103,103,1070000000,3,20260927,MODEL_V2_TCN_MEAN,0,-2.6191813945770264,0.06791409105062485,5,V2-004-D1-TCNMEAN-F03-S20260927,f02c47aad1549dbd9710aef224c49f59b190eb0ed6cee1ba2a4cc8908a386ca7
d02f0d514ba1231b022ff4c40ff24b5343c4288e455bba7d9f4571579736c32f,MITDB_P223,223,1405000000,3,20260927,MODEL_V2_TCN_MEAN,1,15.580499649047852,0.9999998807907104,5,V2-004-D1-TCNMEAN-F03-S20260927,f02c47aad1549dbd9710aef224c49f59b190eb0ed6cee1ba2a4cc8908a386ca7
d03adf4c9d695cc4299b13e7a0e419e89ab1f4317209d30192fc133246bc4dc2,MITDB_P208,208,1330000000,3,20260927,MODEL_V2_TCN_MEAN,1,10.766983985900879,0.9999788999557495,5,V2-004-D1-TCNMEAN-F03-S20260927,f02c47aad1549dbd9710aef224c49f59b190eb0ed6cee1ba2a4cc8908a386ca7
d04475c61256761fcffcc945116c1d7d7842bdac50c1bf7ac965b07672183d68,MITDB_P121,121,1160000000,3,20260927,MODEL_V2_TCN_MEAN,0,-3.700650691986084,0.024111704900860786,5,V2-004-D1-TCNMEAN-F03-S20260927,f02c47aad1549dbd9710aef224c49f59b190eb0ed6cee1ba2a4cc8908a386ca7
d05518fca552639e0f03b1c0cf955770d1181e1c1873c9c97054b6071f2d5fd0,MITDB_P223,223,1355000000,3,20260927,MODEL_V2_TCN_MEAN,1,16.785165786743164,1.0,5,V2-004-D1-TCNMEAN-F03-S20260927,f02c47aad1549dbd9710aef224c49f59b190eb0ed6cee1ba2a4cc8908a386ca7
d0f1045be101c4e4e84b901463804f6ef5fff0851b216f45ef50c68e0cf1f0d3,MITDB_P223,223,585000000,3,20260927,MODEL_V2_TCN_MEAN,1,6.172327518463135,0.9979179501533508,5,V2-004-D1-TCNMEAN-F03-S20260927,f02c47aad1549dbd9710aef224c49f59b190eb0ed6cee1ba2a4cc8908a386ca7
d1331002285535cd78b3bee9daf561ef923a767bd4851fd351c3679d007066c7,MITDB_P223,223,1180000000,3,20260927,MODEL_V2_TCN_MEAN,1,3.563990354537964,0.9724546670913696,5,V2-004-D1-TCNMEAN-F03-S20260927,f02c47aad1549dbd9710aef224c49f59b190eb0ed6cee1ba2a4cc8908a386ca7
d152d19ed639729e49aa095fe24a3bb5af851561293947e3a9d7bfca9182b343,MITDB_P103,103,145000000,3,20260927,MODEL_V2_TCN_MEAN,0,-3.4755332469940186,0.0300164595246315,5,V2-004-D1-TCNMEAN-F03-S20260927,f02c47aad1549dbd9710aef224c49f59b190eb0ed6cee1ba2a4cc8908a386ca7
d1774e51ba96bab9fb253b1a01d63893f14807a53ba90d04707239898717838f,MITDB_P121,121,780000000,3,20260927,MODEL_V2_TCN_MEAN,0,-4.413240909576416,0.01197081245481968,5,V2-004-D1-TCNMEAN-F03-S20260927,f02c47aad1549dbd9710aef224c49f59b190eb0ed6cee1ba2a4cc8908a386ca7
d1920dd69d7369c6d4cb9c1b4f8eb3409eda67e34edb6abbb083281f838cc8a3,MITDB_P114,114,110000000,3,20260927,MODEL_V2_TCN_MEAN,0,-0.4142729640007019,0.3978879749774933,5,V2-004-D1-TCNMEAN-F03-S20260927,f02c47aad1549dbd9710aef224c49f59b190eb0ed6cee1ba2a4cc8908a386ca7
d19987132e69804d2506a7fad31ab5d669a7a113f37e699b1839a818b7449785,MITDB_P223,223,675000000,3,20260927,MODEL_V2_TCN_MEAN,1,1.8964183330535889,0.8694856762886047,5,V2-004-D1-TCNMEAN-F03-S20260927,f02c47aad1549dbd9710aef224c49f59b190eb0ed6cee1ba2a4cc8908a386ca7
d1a22ec3cff7fe65254d9349f9fd6ad7c4bcbf4efd0a525c729ddc899890eac8,MITDB_P114,114,150000000,3,20260927,MODEL_V2_TCN_MEAN,0,-0.5243474841117859,0.37183618545532227,5,V2-004-D1-TCNMEAN-F03-S20260927,f02c47aad1549dbd9710aef224c49f59b190eb0ed6cee1ba2a4cc8908a386ca7
d1a928f7dcce307db19322aa6fbbe74ebfffc5e500525c59178fcef93cac0418,MITDB_P103,103,900000000,3,20260927,MODEL_V2_TCN_MEAN,0,-2.3327465057373047,0.08844698220491409,5,V2-004-D1-TCNMEAN-F03-S20260927,f02c47aad1549dbd9710aef224c49f59b190eb0ed6cee1ba2a4cc8908a386ca7
d1f666140ebb4f3fc24d983391a9ca75e70e53dfffb1f7748c80dfb12526df5e,MITDB_P121,121,505000000,3,20260927,MODEL_V2_TCN_MEAN,0,-4.777764797210693,0.008344569243490696,5,V2-004-D1-TCNMEAN-F03-S20260927,f02c47aad1549dbd9710aef224c49f59b190eb0ed6cee1ba2a4cc8908a386ca7
d205cdaa905cd5f3bd2c7650c8a2e6f9185992c47c827b8c8fba3f4145a899af,MITDB_P121,121,1415000000,3,20260927,MODEL_V2_TCN_MEAN,0,-3.7182116508483887,0.023701924830675125,5,V2-004-D1-TCNMEAN-F03-S20260927,f02c47aad1549dbd9710aef224c49f59b190eb0ed6cee1ba2a4cc8908a386ca7
d225f886198c1281c4c96fa4493087c4e4093014931231116cfbe958525a5814,MITDB_P114,114,1335000000,3,20260927,MODEL_V2_TCN_MEAN,0,2.6216330528259277,0.9322409629821777,5,V2-004-D1-TCNMEAN-F03-S20260927,f02c47aad1549dbd9710aef224c49f59b190eb0ed6cee1ba2a4cc8908a386ca7
d255047ecc6bd462c51b2e136ac3a90e65b0e1765646c5d484130c0a6c74db3b,MITDB_P103,103,545000000,3,20260927,MODEL_V2_TCN_MEAN,0,-1.798351526260376,0.14205186069011688,5,V2-004-D1-TCNMEAN-F03-S20260927,f02c47aad1549dbd9710aef224c49f59b190eb0ed6cee1ba2a4cc8908a386ca7
d25c0a0b5ab9f6e20c1538721e51ecefd602a5d984af240ad31699416edbdca7,MITDB_P121,121,1045000000,3,20260927,MODEL_V2_TCN_MEAN,0,-4.554919242858887,0.01040592696517706,5,V2-004-D1-TCNMEAN-F03-S20260927,f02c47aad1549dbd9710aef224c49f59b190eb0ed6cee1ba2a4cc8908a386ca7
d2a45b2a80f056de51ef82110e95d9d85b5ac204b293a55d57036993d22293f4,MITDB_P114,114,450000000,3,20260927,MODEL_V2_TCN_MEAN,1,13.371150970458984,0.9999984502792358,5,V2-004-D1-TCNMEAN-F03-S20260927,f02c47aad1549dbd9710aef224c49f59b190eb0ed6cee1ba2a4cc8908a386ca7
d2cda3d12f7daa074477619518b39345000fdd0312d3e049eebc72a4e3ca2cd7,MITDB_P103,103,1705000000,3,20260927,MODEL_V2_TCN_MEAN,0,-2.375551700592041,0.08505609631538391,5,V2-004-D1-TCNMEAN-F03-S20260927,f02c47aad1549dbd9710aef224c49f59b190eb0ed6cee1ba2a4cc8908a386ca7
d2d2a1b14a35bbd18d3953f80a41ec3bd1838bc04899db705bf29a57c0294f7b,MITDB_P223,223,1760000000,3,20260927,MODEL_V2_TCN_MEAN,1,5.203426837921143,0.9945323467254639,5,V2-004-D1-TCNMEAN-F03-S20260927,f02c47aad1549dbd9710aef224c49f59b190eb0ed6cee1ba2a4cc8908a386ca7
d2f24b4bd35069a79943300d37ba1bf03c452eba53c4b26057f52ba7a5a25d59,MITDB_P208,208,1540000000,3,20260927,MODEL_V2_TCN_MEAN,1,8.013603210449219,0.9996691942214966,5,V2-004-D1-TCNMEAN-F03-S20260927,f02c47aad1549dbd9710aef224c49f59b190eb0ed6cee1ba2a4cc8908a386ca7
d2f37a2404696df843686678b686ec7725aeb0f0b35e633683ceedb30bacf35c,MITDB_P114,114,405000000,3,20260927,MODEL_V2_TCN_MEAN,1,8.700947761535645,0.9998335838317871,5,V2-004-D1-TCNMEAN-F03-S20260927,f02c47aad1549dbd9710aef224c49f59b190eb0ed6cee1ba2a4cc8908a386ca7
d3cab7f00c630436d6d6cc04396e893740dc2ed147ee6c27a856d70436b77eef,MITDB_P208,208,525000000,3,20260927,MODEL_V2_TCN_MEAN,1,13.608641624450684,0.9999988079071045,5,V2-004-D1-TCNMEAN-F03-S20260927,f02c47aad1549dbd9710aef224c49f59b190eb0ed6cee1ba2a4cc8908a386ca7
d3d67382d8fc729c6dd4d89538f6c5c91027a77fb667d1456dfb3641d6e2565e,MITDB_P223,223,1435000000,3,20260927,MODEL_V2_TCN_MEAN,1,16.16248321533203,0.9999998807907104,5,V2-004-D1-TCNMEAN-F03-S20260927,f02c47aad1549dbd9710aef224c49f59b190eb0ed6cee1ba2a4cc8908a386ca7
d4062176e06561b63beb3e813117fd84bbe79b504d0d2b5c11d9b8083a4fda4c,MITDB_P223,223,715000000,3,20260927,MODEL_V2_TCN_MEAN,0,-2.6555376052856445,0.06564851850271225,5,V2-004-D1-TCNMEAN-F03-S20260927,f02c47aad1549dbd9710aef224c49f59b190eb0ed6cee1ba2a4cc8908a386ca7
d43a43d6aafe5c73fa5faa25a2da5cd4eafeb8ea65b81ee566fbcc7736c903b3,MITDB_P223,223,1150000000,3,20260927,MODEL_V2_TCN_MEAN,0,-1.2142884731292725,0.2289431244134903,5,V2-004-D1-TCNMEAN-F03-S20260927,f02c47aad1549dbd9710aef224c49f59b190eb0ed6cee1ba2a4cc8908a386ca7
d481671b8fa52c5b48fc3298a4a3e8fd96c48333de16d8dab40157bb1bbec379,MITDB_P223,223,975000000,3,20260927,MODEL_V2_TCN_MEAN,0,-2.4270358085632324,0.08113417774438858,5,V2-004-D1-TCNMEAN-F03-S20260927,f02c47aad1549dbd9710aef224c49f59b190eb0ed6cee1ba2a4cc8908a386ca7
d486f4e20da3accb60cfd1df299e3497e7cb355bea86e3265ac34d7e07fb0ed2,MITDB_P114,114,310000000,3,20260927,MODEL_V2_TCN_MEAN,1,12.532387733459473,0.9999964237213135,5,V2-004-D1-TCNMEAN-F03-S20260927,f02c47aad1549dbd9710aef224c49f59b190eb0ed6cee1ba2a4cc8908a386ca7
d48802dafacad66801549ed5e8532c2b62e94d57fda855ef032b29dcf20a64b0,MITDB_P208,208,1380000000,3,20260927,MODEL_V2_TCN_MEAN,1,7.334359645843506,0.9993477463722229,5,V2-004-D1-TCNMEAN-F03-S20260927,f02c47aad1549dbd9710aef224c49f59b190eb0ed6cee1ba2a4cc8908a386ca7
d48b82e435b0811d20726f4fc9114a3055f629f940b744cc31981c8da5ae4fda,MITDB_P121,121,715000000,3,20260927,MODEL_V2_TCN_MEAN,0,-4.286896705627441,0.013561091385781765,5,V2-004-D1-TCNMEAN-F03-S20260927,f02c47aad1549dbd9710aef224c49f59b190eb0ed6cee1ba2a4cc8908a386ca7
d4a1bde90d66e367acbc54e7c55316915be8de8d3709ff7200a64288d759b389,MITDB_P208,208,790000000,3,20260927,MODEL_V2_TCN_MEAN,1,15.06226921081543,0.9999997615814209,5,V2-004-D1-TCNMEAN-F03-S20260927,f02c47aad1549dbd9710aef224c49f59b190eb0ed6cee1ba2a4cc8908a386ca7
d4e18bb8f9eff627e102caf9c0eab132f43d4082e32a08795be3c7d91ee73c8f,MITDB_P103,103,1150000000,3,20260927,MODEL_V2_TCN_MEAN,0,5.105032920837402,0.993970513343811,5,V2-004-D1-TCNMEAN-F03-S20260927,f02c47aad1549dbd9710aef224c49f59b190eb0ed6cee1ba2a4cc8908a386ca7
d4ffade2440ba9ff772e6067e331fa81aeba03198c5128dd2cc8005ab3b5ac09,MITDB_P208,208,1260000000,3,20260927,MODEL_V2_TCN_MEAN,1,4.875718593597412,0.9924281239509583,5,V2-004-D1-TCNMEAN-F03-S20260927,f02c47aad1549dbd9710aef224c49f59b190eb0ed6cee1ba2a4cc8908a386ca7
d52d0d20501c59290458b6031e3028b214356e4be4d957e9e7ddd5312208b52d,MITDB_P103,103,1280000000,3,20260927,MODEL_V2_TCN_MEAN,0,-1.5000032186508179,0.18242505192756653,5,V2-004-D1-TCNMEAN-F03-S20260927,f02c47aad1549dbd9710aef224c49f59b190eb0ed6cee1ba2a4cc8908a386ca7
d54c193d7f2874fdcebd1e5a32564a697167b7913419add5894228d6d37f8367,MITDB_P121,121,1455000000,3,20260927,MODEL_V2_TCN_MEAN,0,-4.673676013946533,0.009251491166651249,5,V2-004-D1-TCNMEAN-F03-S20260927,f02c47aad1549dbd9710aef224c49f59b190eb0ed6cee1ba2a4cc8908a386ca7
d5ce64b9582a13f89ce5a0a6f3c99cab3fd4247f9dff4e6ba64b2a3c5650c87e,MITDB_P121,121,1730000000,3,20260927,MODEL_V2_TCN_MEAN,0,-4.75228214263916,0.008558100089430809,5,V2-004-D1-TCNMEAN-F03-S20260927,f02c47aad1549dbd9710aef224c49f59b190eb0ed6cee1ba2a4cc8908a386ca7
d5cf9e9c4ab18e9b52d8136d6ed4c998351de6457a472e7784ce0a9ff92cded5,MITDB_P208,208,1240000000,3,20260927,MODEL_V2_TCN_MEAN,1,8.197507858276367,0.9997246861457825,5,V2-004-D1-TCNMEAN-F03-S20260927,f02c47aad1549dbd9710aef224c49f59b190eb0ed6cee1ba2a4cc8908a386ca7
d5d430dc49d673c228b36033511f1cb3180f2f02926d76dc39be69a8787e6043,MITDB_P114,114,775000000,3,20260927,MODEL_V2_TCN_MEAN,0,3.3936092853546143,0.9675042033195496,5,V2-004-D1-TCNMEAN-F03-S20260927,f02c47aad1549dbd9710aef224c49f59b190eb0ed6cee1ba2a4cc8908a386ca7
d64db7b67ce45ce0f44a0043c6faabd2e69cc73f774c598dced87077d4065d01,MITDB_P121,121,745000000,3,20260927,MODEL_V2_TCN_MEAN,0,-3.748473644256592,0.02301166020333767,5,V2-004-D1-TCNMEAN-F03-S20260927,f02c47aad1549dbd9710aef224c49f59b190eb0ed6cee1ba2a4cc8908a386ca7
d652959b41be815fb8a8ee2b08e5118c5ecd08264d6e3c7b94cab9dec8696301,MITDB_P114,114,1110000000,3,20260927,MODEL_V2_TCN_MEAN,0,1.3978755474090576,0.8018465042114258,5,V2-004-D1-TCNMEAN-F03-S20260927,f02c47aad1549dbd9710aef224c49f59b190eb0ed6cee1ba2a4cc8908a386ca7
d669cfda57bda9a4e512f6b52758c139ad362149a932a07fad11734f9e81f686,MITDB_P121,121,1330000000,3,20260927,MODEL_V2_TCN_MEAN,0,-3.586458683013916,0.02694982849061489,5,V2-004-D1-TCNMEAN-F03-S20260927,f02c47aad1549dbd9710aef224c49f59b190eb0ed6cee1ba2a4cc8908a386ca7
d672f164bbe956c0da9ba02e0c8f6beda12a47f19c403f632062c353bcbdf321,MITDB_P223,223,1110000000,3,20260927,MODEL_V2_TCN_MEAN,1,0.5445101857185364,0.6328610181808472,5,V2-004-D1-TCNMEAN-F03-S20260927,f02c47aad1549dbd9710aef224c49f59b190eb0ed6cee1ba2a4cc8908a386ca7
d68e8c55a830ee5a61e3822cf9249e30cbae739fe4d9457f02c669f59c9ca450,MITDB_P103,103,1740000000,3,20260927,MODEL_V2_TCN_MEAN,0,-2.377152442932129,0.08493161201477051,5,V2-004-D1-TCNMEAN-F03-S20260927,f02c47aad1549dbd9710aef224c49f59b190eb0ed6cee1ba2a4cc8908a386ca7
d6db59ee6ad018331780d5b629ec815a5d6bc18b956ab547a9ce66a4d70d204e,MITDB_P121,121,1355000000,3,20260927,MODEL_V2_TCN_MEAN,0,-3.6187307834625244,0.02611633762717247,5,V2-004-D1-TCNMEAN-F03-S20260927,f02c47aad1549dbd9710aef224c49f59b190eb0ed6cee1ba2a4cc8908a386ca7
d6e6ac589c21ab41e5584f72d860db31922a35942e6faff84111d3cdf469ce1a,MITDB_P103,103,1655000000,3,20260927,MODEL_V2_TCN_MEAN,0,-2.293332576751709,0.09167665988206863,5,V2-004-D1-TCNMEAN-F03-S20260927,f02c47aad1549dbd9710aef224c49f59b190eb0ed6cee1ba2a4cc8908a386ca7
d729f8d5ff74f373009fa6262fe1f5086a08761b9115ffaae428a77fa5da34de,MITDB_P114,114,1345000000,3,20260927,MODEL_V2_TCN_MEAN,0,1.6457393169403076,0.838314414024353,5,V2-004-D1-TCNMEAN-F03-S20260927,f02c47aad1549dbd9710aef224c49f59b190eb0ed6cee1ba2a4cc8908a386ca7
d7432f86f22728a39312f44f7c86e4a708d183df54e9891d9f78fd723e285c49,MITDB_P223,223,180000000,3,20260927,MODEL_V2_TCN_MEAN,1,5.854450702667236,0.9971411228179932,5,V2-004-D1-TCNMEAN-F03-S20260927,f02c47aad1549dbd9710aef224c49f59b190eb0ed6cee1ba2a4cc8908a386ca7
d7a467db7beba7539bf4ae95033eef18360e0b27a49bb643a818445de8b42a67,MITDB_P121,121,795000000,3,20260927,MODEL_V2_TCN_MEAN,0,-2.6239428520202637,0.06761330366134644,5,V2-004-D1-TCNMEAN-F03-S20260927,f02c47aad1549dbd9710aef224c49f59b190eb0ed6cee1ba2a4cc8908a386ca7
d7d96528e628a820a7acb4421ed204723c20700ca3ca95cbb0af383d9f278cf2,MITDB_P103,103,1165000000,3,20260927,MODEL_V2_TCN_MEAN,1,-1.4499197006225586,0.19001393020153046,5,V2-004-D1-TCNMEAN-F03-S20260927,f02c47aad1549dbd9710aef224c49f59b190eb0ed6cee1ba2a4cc8908a386ca7
d7eac714504be62263d0d243523b9ac82997ecff1befc7d114ef405833cfdb0c,MITDB_P114,114,325000000,3,20260927,MODEL_V2_TCN_MEAN,0,0.7617675065994263,0.6817373633384705,5,V2-004-D1-TCNMEAN-F03-S20260927,f02c47aad1549dbd9710aef224c49f59b190eb0ed6cee1ba2a4cc8908a386ca7
d81a89f408bee03b47783fd6db56a64a7c71fee169902420018e8d36d5099e6e,MITDB_P121,121,330000000,3,20260927,MODEL_V2_TCN_MEAN,0,-3.707435131072998,0.023952579125761986,5,V2-004-D1-TCNMEAN-F03-S20260927,f02c47aad1549dbd9710aef224c49f59b190eb0ed6cee1ba2a4cc8908a386ca7
d84555f2e019b712f479cd576d9b1163f2646bb26517fb6ea9892573efb68878,MITDB_P121,121,865000000,3,20260927,MODEL_V2_TCN_MEAN,0,-4.095763683319092,0.01637057587504387,5,V2-004-D1-TCNMEAN-F03-S20260927,f02c47aad1549dbd9710aef224c49f59b190eb0ed6cee1ba2a4cc8908a386ca7
d86d591a2a45947d4fe0af289c534ea35c37aec0882bddf8d9b4f8db94abdabe,MITDB_P208,208,175000000,3,20260927,MODEL_V2_TCN_MEAN,1,10.983909606933594,0.9999830722808838,5,V2-004-D1-TCNMEAN-F03-S20260927,f02c47aad1549dbd9710aef224c49f59b190eb0ed6cee1ba2a4cc8908a386ca7
d89f05275f926a0aa292e45ca4596d3072aaede6899deb45d0987e842a9cfb63,MITDB_P103,103,350000000,3,20260927,MODEL_V2_TCN_MEAN,0,-3.347585678100586,0.033974312245845795,5,V2-004-D1-TCNMEAN-F03-S20260927,f02c47aad1549dbd9710aef224c49f59b190eb0ed6cee1ba2a4cc8908a386ca7
d8a537eefd1d93c8929bb5365dda9be0cfd57e2526efb3e34216d23aaceae408,MITDB_P208,208,605000000,3,20260927,MODEL_V2_TCN_MEAN,1,14.687028884887695,0.9999995231628418,5,V2-004-D1-TCNMEAN-F03-S20260927,f02c47aad1549dbd9710aef224c49f59b190eb0ed6cee1ba2a4cc8908a386ca7
d8ba225c11a0d214ae59ee63aa6eceaeaa9b9d1c451905662f8e259594741954,MITDB_P121,121,765000000,3,20260927,MODEL_V2_TCN_MEAN,0,-4.542382717132568,0.010535819455981255,5,V2-004-D1-TCNMEAN-F03-S20260927,f02c47aad1549dbd9710aef224c49f59b190eb0ed6cee1ba2a4cc8908a386ca7
d8f96846459fd97421fd221d0ca29e86e4b8f0d438ff589750c28d818ee1c36e,MITDB_P121,121,70000000,3,20260927,MODEL_V2_TCN_MEAN,0,-4.829502582550049,0.007927153259515762,5,V2-004-D1-TCNMEAN-F03-S20260927,f02c47aad1549dbd9710aef224c49f59b190eb0ed6cee1ba2a4cc8908a386ca7
d903d51c2c241f99debf42e9f8cf1c4d86eed1e226e7a5225bad4dc6fa56790a,MITDB_P208,208,995000000,3,20260927,MODEL_V2_TCN_MEAN,1,10.207447052001953,0.9999631643295288,5,V2-004-D1-TCNMEAN-F03-S20260927,f02c47aad1549dbd9710aef224c49f59b190eb0ed6cee1ba2a4cc8908a386ca7
d92ca5b9cddbf4e6172d0786c89b48729b0c5ed17ac2afc4fad9ee39d520a113,MITDB_P103,103,1265000000,3,20260927,MODEL_V2_TCN_MEAN,0,-2.79543399810791,0.0575714111328125,5,V2-004-D1-TCNMEAN-F03-S20260927,f02c47aad1549dbd9710aef224c49f59b190eb0ed6cee1ba2a4cc8908a386ca7
d93903110b3a97f26b567e64a109ede3278c172422f129794b7ba065723a7e7d,MITDB_P114,114,165000000,3,20260927,MODEL_V2_TCN_MEAN,0,0.11654181778430939,0.5291025042533875,5,V2-004-D1-TCNMEAN-F03-S20260927,f02c47aad1549dbd9710aef224c49f59b190eb0ed6cee1ba2a4cc8908a386ca7
d9703fba8ed0bba0ac56af45a8efdfc4b8f89e3855433ce366de5313d6740df6,MITDB_P208,208,1690000000,3,20260927,MODEL_V2_TCN_MEAN,1,11.439279556274414,0.9999892711639404,5,V2-004-D1-TCNMEAN-F03-S20260927,f02c47aad1549dbd9710aef224c49f59b190eb0ed6cee1ba2a4cc8908a386ca7
d981b6c2a90be974cc0ae589daca29c6162a4eef4cc23716d8cb34531e0a09cd,MITDB_P121,121,320000000,3,20260927,MODEL_V2_TCN_MEAN,0,-3.690567970275879,0.02435009740293026,5,V2-004-D1-TCNMEAN-F03-S20260927,f02c47aad1549dbd9710aef224c49f59b190eb0ed6cee1ba2a4cc8908a386ca7
d994d9104c584c1e3136f6d11f27a16cdc880b4cca7656843b66fe506a50ce89,MITDB_P223,223,695000000,3,20260927,MODEL_V2_TCN_MEAN,0,-2.851968288421631,0.05457966402173042,5,V2-004-D1-TCNMEAN-F03-S20260927,f02c47aad1549dbd9710aef224c49f59b190eb0ed6cee1ba2a4cc8908a386ca7
da2c5971f9af710f4436d91fd1956dec9c1aa169044ba2e082c5da029f52e3c5,MITDB_P103,103,1750000000,3,20260927,MODEL_V2_TCN_MEAN,0,-2.111571788787842,0.10797718167304993,5,V2-004-D1-TCNMEAN-F03-S20260927,f02c47aad1549dbd9710aef224c49f59b190eb0ed6cee1ba2a4cc8908a386ca7
da5c2aca236ad329b54e744e94753fad3de2bf145f26c8f0d4cc10445f546e56,MITDB_P121,121,90000000,3,20260927,MODEL_V2_TCN_MEAN,0,-3.7362067699432373,0.023289065808057785,5,V2-004-D1-TCNMEAN-F03-S20260927,f02c47aad1549dbd9710aef224c49f59b190eb0ed6cee1ba2a4cc8908a386ca7
da6092eefcbdfbc824a3387185260922c592a11591bb2332ae396449299c4d55,MITDB_P103,103,1005000000,3,20260927,MODEL_V2_TCN_MEAN,0,-1.294171929359436,0.2151474952697754,5,V2-004-D1-TCNMEAN-F03-S20260927,f02c47aad1549dbd9710aef224c49f59b190eb0ed6cee1ba2a4cc8908a386ca7
da9c95c17dec491a7a48ffaa0e7562397a1e2c7dbcc05a49b5265665a1def010,MITDB_P114,114,850000000,3,20260927,MODEL_V2_TCN_MEAN,1,7.862819194793701,0.9996153116226196,5,V2-004-D1-TCNMEAN-F03-S20260927,f02c47aad1549dbd9710aef224c49f59b190eb0ed6cee1ba2a4cc8908a386ca7
dab5a66db4504308d3aae65cf787095ac14afb54c6f9da43f97e7df76c8f151d,MITDB_P223,223,580000000,3,20260927,MODEL_V2_TCN_MEAN,1,5.444558620452881,0.9956988096237183,5,V2-004-D1-TCNMEAN-F03-S20260927,f02c47aad1549dbd9710aef224c49f59b190eb0ed6cee1ba2a4cc8908a386ca7
dae6c9ef250e20961890cb102e78aa6969e11964065fb5a7641d9032a6e4bed4,MITDB_P121,121,1000000000,3,20260927,MODEL_V2_TCN_MEAN,0,-2.2755885124206543,0.09316499531269073,5,V2-004-D1-TCNMEAN-F03-S20260927,f02c47aad1549dbd9710aef224c49f59b190eb0ed6cee1ba2a4cc8908a386ca7
daf606921e6feb80241af4e998a656d989932692e6a13de8f6e1753351d45300,MITDB_P114,114,1415000000,3,20260927,MODEL_V2_TCN_MEAN,0,2.7277703285217285,0.938645601272583,5,V2-004-D1-TCNMEAN-F03-S20260927,f02c47aad1549dbd9710aef224c49f59b190eb0ed6cee1ba2a4cc8908a386ca7
db0b73b638a54d85893e737afd894ca80cbeaae5d542a568fad319935f2ed1ac,MITDB_P114,114,1180000000,3,20260927,MODEL_V2_TCN_MEAN,0,2.3353891372680664,0.9117658734321594,5,V2-004-D1-TCNMEAN-F03-S20260927,f02c47aad1549dbd9710aef224c49f59b190eb0ed6cee1ba2a4cc8908a386ca7
db3c1a59970afd5ff8a51ce8c7835df5178630b091528377586f71811def6b98,MITDB_P103,103,1495000000,3,20260927,MODEL_V2_TCN_MEAN,0,-2.012699604034424,0.11787598580121994,5,V2-004-D1-TCNMEAN-F03-S20260927,f02c47aad1549dbd9710aef224c49f59b190eb0ed6cee1ba2a4cc8908a386ca7
db4628988c34f5431ea449bb16c32c835a49ffd61c9042c0d8f8cdc8d0abbd98,MITDB_P208,208,430000000,3,20260927,MODEL_V2_TCN_MEAN,1,15.145864486694336,0.9999997615814209,5,V2-004-D1-TCNMEAN-F03-S20260927,f02c47aad1549dbd9710aef224c49f59b190eb0ed6cee1ba2a4cc8908a386ca7
db756d9f702d65d1cdb259ecbb1acf4cfd90f6072b0efe817f9829d08d30f690,MITDB_P223,223,390000000,3,20260927,MODEL_V2_TCN_MEAN,0,-2.921851634979248,0.051083870232105255,5,V2-004-D1-TCNMEAN-F03-S20260927,f02c47aad1549dbd9710aef224c49f59b190eb0ed6cee1ba2a4cc8908a386ca7
db7afac8d338f2e0b36464e9401f061c4039c8a68c8579f13aac6431d46c83ca,MITDB_P103,103,950000000,3,20260927,MODEL_V2_TCN_MEAN,0,-1.54837965965271,0.17532041668891907,5,V2-004-D1-TCNMEAN-F03-S20260927,f02c47aad1549dbd9710aef224c49f59b190eb0ed6cee1ba2a4cc8908a386ca7
dbac5853b79fcbf206665f0a08cc080b481bd77b48d34f393c203da637ab7575,MITDB_P103,103,1015000000,3,20260927,MODEL_V2_TCN_MEAN,0,-1.8163418769836426,0.13987340033054352,5,V2-004-D1-TCNMEAN-F03-S20260927,f02c47aad1549dbd9710aef224c49f59b190eb0ed6cee1ba2a4cc8908a386ca7
dbc7f179cac16149c1bde536e2b02bedbc748db32d7778b7ca6fbf43362f4dbe,MITDB_P223,223,870000000,3,20260927,MODEL_V2_TCN_MEAN,1,4.013891220092773,0.9822575449943542,5,V2-004-D1-TCNMEAN-F03-S20260927,f02c47aad1549dbd9710aef224c49f59b190eb0ed6cee1ba2a4cc8908a386ca7
dbd0b405c9aabdaded806c34a7cbe76a2f14d76ee46034b2ac11fdd7e93f7c9f,MITDB_P208,208,455000000,3,20260927,MODEL_V2_TCN_MEAN,1,15.814154624938965,0.9999998807907104,5,V2-004-D1-TCNMEAN-F03-S20260927,f02c47aad1549dbd9710aef224c49f59b190eb0ed6cee1ba2a4cc8908a386ca7
dbd354148462a70191cc711298110fbfb5b766c71e1f7fb2bba62094d570656a,MITDB_P121,121,640000000,3,20260927,MODEL_V2_TCN_MEAN,0,-4.624639987945557,0.009711937978863716,5,V2-004-D1-TCNMEAN-F03-S20260927,f02c47aad1549dbd9710aef224c49f59b190eb0ed6cee1ba2a4cc8908a386ca7
dbd810046ee11e1bce88a7e699324fd0fd3225841a6af896dd256640d8845e12,MITDB_P223,223,105000000,3,20260927,MODEL_V2_TCN_MEAN,0,-2.408566474914551,0.08252178877592087,5,V2-004-D1-TCNMEAN-F03-S20260927,f02c47aad1549dbd9710aef224c49f59b190eb0ed6cee1ba2a4cc8908a386ca7
dbf5da41731fa36de86f4c51f2fbf13cddc0a20866e9c90aef4a48710b384e65,MITDB_P121,121,1675000000,3,20260927,MODEL_V2_TCN_MEAN,0,-4.4406208992004395,0.011651264503598213,5,V2-004-D1-TCNMEAN-F03-S20260927,f02c47aad1549dbd9710aef224c49f59b190eb0ed6cee1ba2a4cc8908a386ca7
dc12212b0d534362f067bfc8d973e108775e78db6f80083c1a379618a0d7e84c,MITDB_P208,208,905000000,3,20260927,MODEL_V2_TCN_MEAN,1,12.866474151611328,0.9999973773956299,5,V2-004-D1-TCNMEAN-F03-S20260927,f02c47aad1549dbd9710aef224c49f59b190eb0ed6cee1ba2a4cc8908a386ca7
dc1a6755c428cc3d570dd769135a19502b192f94469717ccb048c5fd1e326e3e,MITDB_P121,121,1445000000,3,20260927,MODEL_V2_TCN_MEAN,0,-1.5848838090896606,0.17010492086410522,5,V2-004-D1-TCNMEAN-F03-S20260927,f02c47aad1549dbd9710aef224c49f59b190eb0ed6cee1ba2a4cc8908a386ca7
dc47c5b546280a6f9670464c346c1f60c77c97361f7ed28e1aa2bda14136269c,MITDB_P114,114,315000000,3,20260927,MODEL_V2_TCN_MEAN,0,0.7944700121879578,0.6887903213500977,5,V2-004-D1-TCNMEAN-F03-S20260927,f02c47aad1549dbd9710aef224c49f59b190eb0ed6cee1ba2a4cc8908a386ca7
dcb701f0fe500ac5889e1b751417f1aff0e20127eb5bea804c8322b5f87e8052,MITDB_P223,223,1445000000,3,20260927,MODEL_V2_TCN_MEAN,1,14.258561134338379,0.9999994039535522,5,V2-004-D1-TCNMEAN-F03-S20260927,f02c47aad1549dbd9710aef224c49f59b190eb0ed6cee1ba2a4cc8908a386ca7
dd3f6569ee64b8519a6772ad43fe33442cd9b7d301fbe535ce06a9277773fede,MITDB_P208,208,555000000,3,20260927,MODEL_V2_TCN_MEAN,1,13.596904754638672,0.9999988079071045,5,V2-004-D1-TCNMEAN-F03-S20260927,f02c47aad1549dbd9710aef224c49f59b190eb0ed6cee1ba2a4cc8908a386ca7
dd4616c646f92f2efa3d22029d96770de8b12b1d10272796a680868fd3942ac2,MITDB_P121,121,935000000,3,20260927,MODEL_V2_TCN_MEAN,0,-4.1888651847839355,0.014936987310647964,5,V2-004-D1-TCNMEAN-F03-S20260927,f02c47aad1549dbd9710aef224c49f59b190eb0ed6cee1ba2a4cc8908a386ca7
dd9c72b4ccd1e28ee04ab2bc26dd97738dd4ed77b3ccfee4b3bb3234fc528701,MITDB_P223,223,430000000,3,20260927,MODEL_V2_TCN_MEAN,1,-1.6092098951339722,0.16669833660125732,5,V2-004-D1-TCNMEAN-F03-S20260927,f02c47aad1549dbd9710aef224c49f59b190eb0ed6cee1ba2a4cc8908a386ca7
ddbd81688ffd2e5baecd2502a2e4d955eabd0c48bf4ecc51394c78ec70ea7274,MITDB_P208,208,345000000,3,20260927,MODEL_V2_TCN_MEAN,1,9.503471374511719,0.9999253749847412,5,V2-004-D1-TCNMEAN-F03-S20260927,f02c47aad1549dbd9710aef224c49f59b190eb0ed6cee1ba2a4cc8908a386ca7
ddd68ed693bb4b923cfe35268918c344da3b56586d4eeea00159dc036162d6f8,MITDB_P208,208,230000000,3,20260927,MODEL_V2_TCN_MEAN,1,13.46255874633789,0.9999985694885254,5,V2-004-D1-TCNMEAN-F03-S20260927,f02c47aad1549dbd9710aef224c49f59b190eb0ed6cee1ba2a4cc8908a386ca7
dde5e01b0c8925bf6b9e1f2c4305fb592487bb40e4bc44814105927dd8ff23c3,MITDB_P114,114,1000000000,3,20260927,MODEL_V2_TCN_MEAN,0,2.4095816612243652,0.9175549745559692,5,V2-004-D1-TCNMEAN-F03-S20260927,f02c47aad1549dbd9710aef224c49f59b190eb0ed6cee1ba2a4cc8908a386ca7
de17159d58a40da724326a0ca4a11218ece12e8b836c1a0faf1b6788f35cd4b1,MITDB_P223,223,1785000000,3,20260927,MODEL_V2_TCN_MEAN,0,-2.994154691696167,0.04769064486026764,5,V2-004-D1-TCNMEAN-F03-S20260927,f02c47aad1549dbd9710aef224c49f59b190eb0ed6cee1ba2a4cc8908a386ca7
de67c9df3251d6a730a9baaeb15f2e76acb85fd256207d3d873c1437d7bfe685,MITDB_P121,121,55000000,3,20260927,MODEL_V2_TCN_MEAN,0,-5.107546329498291,0.0060145179741084576,5,V2-004-D1-TCNMEAN-F03-S20260927,f02c47aad1549dbd9710aef224c49f59b190eb0ed6cee1ba2a4cc8908a386ca7
de8e34585da8b7eb8d80c7894daec7f408c46a71c45cdf6bb788d226fda331a8,MITDB_P223,223,1620000000,3,20260927,MODEL_V2_TCN_MEAN,0,-1.0766077041625977,0.2541485130786896,5,V2-004-D1-TCNMEAN-F03-S20260927,f02c47aad1549dbd9710aef224c49f59b190eb0ed6cee1ba2a4cc8908a386ca7
de95625a8ee8cccf5e2eeb72d59ed7f0958ef5d46dcc1763db8f73ec5eab1c00,MITDB_P121,121,105000000,3,20260927,MODEL_V2_TCN_MEAN,0,-4.123394966125488,0.01593153551220894,5,V2-004-D1-TCNMEAN-F03-S20260927,f02c47aad1549dbd9710aef224c49f59b190eb0ed6cee1ba2a4cc8908a386ca7
dea509ef7734b2cd33758e8693424490fc8e5cfdfa22c2d6da76aaa04868fa2a,MITDB_P114,114,990000000,3,20260927,MODEL_V2_TCN_MEAN,1,16.80037498474121,1.0,5,V2-004-D1-TCNMEAN-F03-S20260927,f02c47aad1549dbd9710aef224c49f59b190eb0ed6cee1ba2a4cc8908a386ca7
deaba6edbfcb5452a55876c00eebafb5fdf422d0934a211e4ca1239e50561505,MITDB_P114,114,1075000000,3,20260927,MODEL_V2_TCN_MEAN,0,1.707123041152954,0.8464627265930176,5,V2-004-D1-TCNMEAN-F03-S20260927,f02c47aad1549dbd9710aef224c49f59b190eb0ed6cee1ba2a4cc8908a386ca7
ded3ca7d1a91dcae7017935603c2d039b3e60d6f71002fb9ef56992920af4fb3,MITDB_P121,121,730000000,3,20260927,MODEL_V2_TCN_MEAN,0,-4.350524425506592,0.012735754251480103,5,V2-004-D1-TCNMEAN-F03-S20260927,f02c47aad1549dbd9710aef224c49f59b190eb0ed6cee1ba2a4cc8908a386ca7
dee201b317890120143488a446f13bfa3cc682e2e135a19c0019895e72c1e232,MITDB_P103,103,520000000,3,20260927,MODEL_V2_TCN_MEAN,0,-3.0812814235687256,0.04388601332902908,5,V2-004-D1-TCNMEAN-F03-S20260927,f02c47aad1549dbd9710aef224c49f59b190eb0ed6cee1ba2a4cc8908a386ca7
df4c58d475f9df333895c4885c3a849893586b685609dff928a1085b88efe0e6,MITDB_P223,223,1340000000,3,20260927,MODEL_V2_TCN_MEAN,1,16.21245002746582,0.9999998807907104,5,V2-004-D1-TCNMEAN-F03-S20260927,f02c47aad1549dbd9710aef224c49f59b190eb0ed6cee1ba2a4cc8908a386ca7
df5a2ee078e8cd5a2fe432cca03a05d9ae09bde4ea1390235b37a2ba01ade7c0,MITDB_P208,208,1490000000,3,20260927,MODEL_V2_TCN_MEAN,1,9.36225414276123,0.9999140501022339,5,V2-004-D1-TCNMEAN-F03-S20260927,f02c47aad1549dbd9710aef224c49f59b190eb0ed6cee1ba2a4cc8908a386ca7
df9fa43a3630699a5d55cea135fac4e6c1542f5c1cc90a8dd9a29c3bee7e25ea,MITDB_P223,223,50000000,3,20260927,MODEL_V2_TCN_MEAN,0,-2.9216561317443848,0.05109334737062454,5,V2-004-D1-TCNMEAN-F03-S20260927,f02c47aad1549dbd9710aef224c49f59b190eb0ed6cee1ba2a4cc8908a386ca7
dfa83ccc53450c0b1600ffd7527f0fcd4de11cac8bba5d39383e5408ac89bd34,MITDB_P208,208,535000000,3,20260927,MODEL_V2_TCN_MEAN,1,14.478137969970703,0.9999995231628418,5,V2-004-D1-TCNMEAN-F03-S20260927,f02c47aad1549dbd9710aef224c49f59b190eb0ed6cee1ba2a4cc8908a386ca7
dff5afb1616e033695d7e1cdcf249f55f6c25091d61f3427549e26f40d032651,MITDB_P208,208,360000000,3,20260927,MODEL_V2_TCN_MEAN,1,12.312420845031738,0.9999954700469971,5,V2-004-D1-TCNMEAN-F03-S20260927,f02c47aad1549dbd9710aef224c49f59b190eb0ed6cee1ba2a4cc8908a386ca7
e02786216fb95a1cb165ef642da0ef03a6cac11f24f48a7539ac31d85b242add,MITDB_P223,223,250000000,3,20260927,MODEL_V2_TCN_MEAN,0,-2.7832932472229004,0.05823368579149246,5,V2-004-D1-TCNMEAN-F03-S20260927,f02c47aad1549dbd9710aef224c49f59b190eb0ed6cee1ba2a4cc8908a386ca7
e031a0b8188ab387763ce45b9128256802cfd02cc0cc7e299a63bd20ff92cf27,MITDB_P103,103,1770000000,3,20260927,MODEL_V2_TCN_MEAN,0,-1.8105841875076294,0.14056754112243652,5,V2-004-D1-TCNMEAN-F03-S20260927,f02c47aad1549dbd9710aef224c49f59b190eb0ed6cee1ba2a4cc8908a386ca7
e049f76835e796dfbfe92b8e8f2d79d60a955b56ed85173c76f481167d6ba154,MITDB_P208,208,705000000,3,20260927,MODEL_V2_TCN_MEAN,1,14.873527526855469,0.9999996423721313,5,V2-004-D1-TCNMEAN-F03-S20260927,f02c47aad1549dbd9710aef224c49f59b190eb0ed6cee1ba2a4cc8908a386ca7
e0520104b7d961f0e7de542e80b4840fcaa56c7b5ed4a33bc46ab036e7a38a19,MITDB_P208,208,840000000,3,20260927,MODEL_V2_TCN_MEAN,1,14.679498672485352,0.9999995231628418,5,V2-004-D1-TCNMEAN-F03-S20260927,f02c47aad1549dbd9710aef224c49f59b190eb0ed6cee1ba2a4cc8908a386ca7
e0a1414224d702d64827b89a664141c6e84acc779249bf059f6f489af4369ab5,MITDB_P103,103,1380000000,3,20260927,MODEL_V2_TCN_MEAN,0,-2.7719156742095947,0.05886080116033554,5,V2-004-D1-TCNMEAN-F03-S20260927,f02c47aad1549dbd9710aef224c49f59b190eb0ed6cee1ba2a4cc8908a386ca7
e0d5580911c623b61b9484c4ed877d65b9adea1d06499c849467e1f1e7b6deb0,MITDB_P103,103,1410000000,3,20260927,MODEL_V2_TCN_MEAN,0,-2.0434658527374268,0.11471428722143173,5,V2-004-D1-TCNMEAN-F03-S20260927,f02c47aad1549dbd9710aef224c49f59b190eb0ed6cee1ba2a4cc8908a386ca7
e0e95039851f71b38aa0697db38d0953dc3803f64654801a3603255ab6d3e17d,MITDB_P208,208,1445000000,3,20260927,MODEL_V2_TCN_MEAN,1,11.741109848022461,0.9999920129776001,5,V2-004-D1-TCNMEAN-F03-S20260927,f02c47aad1549dbd9710aef224c49f59b190eb0ed6cee1ba2a4cc8908a386ca7
e0ff16e37e260ecd54ebf3f1ff297460dd232d7ec59956b32f23d7a71719e750,MITDB_P114,114,360000000,3,20260927,MODEL_V2_TCN_MEAN,0,0.037990108132362366,0.5094963908195496,5,V2-004-D1-TCNMEAN-F03-S20260927,f02c47aad1549dbd9710aef224c49f59b190eb0ed6cee1ba2a4cc8908a386ca7
e1017dd830442d7445f7beb21a1b819026db5e25452204f221e7d98af7272a5e,MITDB_P114,114,685000000,3,20260927,MODEL_V2_TCN_MEAN,0,2.358010768890381,0.913568913936615,5,V2-004-D1-TCNMEAN-F03-S20260927,f02c47aad1549dbd9710aef224c49f59b190eb0ed6cee1ba2a4cc8908a386ca7
e10b68fb154dd1214e09f9c5e569394de9f243a2bf4c1dd8f62412b031a43581,MITDB_P223,223,945000000,3,20260927,MODEL_V2_TCN_MEAN,1,14.128471374511719,0.9999992847442627,5,V2-004-D1-TCNMEAN-F03-S20260927,f02c47aad1549dbd9710aef224c49f59b190eb0ed6cee1ba2a4cc8908a386ca7
e114f15f0b17393bfb84a2e808897d8444d99ecabd357e44816301088c1dec55,MITDB_P121,121,1430000000,3,20260927,MODEL_V2_TCN_MEAN,0,-3.9440512657165527,0.019001532346010208,5,V2-004-D1-TCNMEAN-F03-S20260927,f02c47aad1549dbd9710aef224c49f59b190eb0ed6cee1ba2a4cc8908a386ca7
e11fe3781df675f68cce40646ac640ac2c6594385565fb5a57272d88535ea448,MITDB_P223,223,495000000,3,20260927,MODEL_V2_TCN_MEAN,1,-1.734366774559021,0.15002986788749695,5,V2-004-D1-TCNMEAN-F03-S20260927,f02c47aad1549dbd9710aef224c49f59b190eb0ed6cee1ba2a4cc8908a386ca7
e1598683a38161e0beeb33c68abf9d07f8ecd5696420aaadbfcdde57b2373f0c,MITDB_P114,114,590000000,3,20260927,MODEL_V2_TCN_MEAN,0,3.150938034057617,0.958945631980896,5,V2-004-D1-TCNMEAN-F03-S20260927,f02c47aad1549dbd9710aef224c49f59b190eb0ed6cee1ba2a4cc8908a386ca7
e15c711c376e7de9b940e10c30352f1eb492b4ceaeea2c08bb3391f217e9ca2e,MITDB_P121,121,655000000,3,20260927,MODEL_V2_TCN_MEAN,0,-4.172271251678467,0.01518312282860279,5,V2-004-D1-TCNMEAN-F03-S20260927,f02c47aad1549dbd9710aef224c49f59b190eb0ed6cee1ba2a4cc8908a386ca7
e1a1fc1308a1d2be56c2d93784a1eec97ea5aca86ab49af5b39e8c1b4c0ce01e,MITDB_P121,121,1585000000,3,20260927,MODEL_V2_TCN_MEAN,0,-6.336725234985352,0.001766961649991572,5,V2-004-D1-TCNMEAN-F03-S20260927,f02c47aad1549dbd9710aef224c49f59b190eb0ed6cee1ba2a4cc8908a386ca7
e1c6c993b29f24aac14b64dfedb1005ce0c152c43ec383d32c44af0b08ddc2ec,MITDB_P114,114,1480000000,3,20260927,MODEL_V2_TCN_MEAN,0,-0.4428434371948242,0.3910636603832245,5,V2-004-D1-TCNMEAN-F03-S20260927,f02c47aad1549dbd9710aef224c49f59b190eb0ed6cee1ba2a4cc8908a386ca7
e1e79ac4e1b56e17938e3ccc98e4c61f4f7b6e90775648b444b823cc99b6223c,MITDB_P114,114,1695000000,3,20260927,MODEL_V2_TCN_MEAN,0,3.491912364959717,0.9704567790031433,5,V2-004-D1-TCNMEAN-F03-S20260927,f02c47aad1549dbd9710aef224c49f59b190eb0ed6cee1ba2a4cc8908a386ca7
e1fcca2a7ae48cfce43e21c56b4b40fbd6a4810404dec4d83887b9fad755d11b,MITDB_P114,114,1540000000,3,20260927,MODEL_V2_TCN_MEAN,0,1.4119404554367065,0.804071843624115,5,V2-004-D1-TCNMEAN-F03-S20260927,f02c47aad1549dbd9710aef224c49f59b190eb0ed6cee1ba2a4cc8908a386ca7
e230b60881698954e497e620964f8bbad3b02dbc385a18deda277a767ca79d91,MITDB_P208,208,50000000,3,20260927,MODEL_V2_TCN_MEAN,1,9.212980270385742,0.999900221824646,5,V2-004-D1-TCNMEAN-F03-S20260927,f02c47aad1549dbd9710aef224c49f59b190eb0ed6cee1ba2a4cc8908a386ca7
e23cf11b1ca1277652f43fb104f7f0ff628ce2cf9594b732735949bd10de1fa5,MITDB_P121,121,1225000000,3,20260927,MODEL_V2_TCN_MEAN,0,-4.524278163909912,0.01072623860090971,5,V2-004-D1-TCNMEAN-F03-S20260927,f02c47aad1549dbd9710aef224c49f59b190eb0ed6cee1ba2a4cc8908a386ca7
e27a2517b7a958efa5387a6da6c50029f6f9820fd79fc9f7c22ddb7065f24b31,MITDB_P114,114,1275000000,3,20260927,MODEL_V2_TCN_MEAN,0,1.9809918403625488,0.8787869215011597,5,V2-004-D1-TCNMEAN-F03-S20260927,f02c47aad1549dbd9710aef224c49f59b190eb0ed6cee1ba2a4cc8908a386ca7
e2b1a80bfea327b297210ece2c416d8d7c5db95c038971e718df2518e2a89737,MITDB_P223,223,455000000,3,20260927,MODEL_V2_TCN_MEAN,1,3.2004141807556152,0.9608498215675354,5,V2-004-D1-TCNMEAN-F03-S20260927,f02c47aad1549dbd9710aef224c49f59b190eb0ed6cee1ba2a4cc8908a386ca7
e2bbefad2668217eead9570eb517fb834ae79d6b8fdc8576c4e3534976b42848,MITDB_P208,208,1395000000,3,20260927,MODEL_V2_TCN_MEAN,1,6.686522006988525,0.9987539052963257,5,V2-004-D1-TCNMEAN-F03-S20260927,f02c47aad1549dbd9710aef224c49f59b190eb0ed6cee1ba2a4cc8908a386ca7
e2c4d11cfaf26ab5447391c1e67b295771f205acbba684fde4f1c9b3e32a1487,MITDB_P223,223,980000000,3,20260927,MODEL_V2_TCN_MEAN,1,3.0322976112365723,0.9540120363235474,5,V2-004-D1-TCNMEAN-F03-S20260927,f02c47aad1549dbd9710aef224c49f59b190eb0ed6cee1ba2a4cc8908a386ca7
e2cacd92352175125145797afc1df18d9937198a20084e371abc980cf493b2f6,MITDB_P208,208,370000000,3,20260927,MODEL_V2_TCN_MEAN,1,11.597338676452637,0.9999908208847046,5,V2-004-D1-TCNMEAN-F03-S20260927,f02c47aad1549dbd9710aef224c49f59b190eb0ed6cee1ba2a4cc8908a386ca7
e2cf5e5127999a89f74920d5a5911df832dd2bc9f22194aeb6e31f239039846b,MITDB_P208,208,460000000,3,20260927,MODEL_V2_TCN_MEAN,1,15.306829452514648,0.9999997615814209,5,V2-004-D1-TCNMEAN-F03-S20260927,f02c47aad1549dbd9710aef224c49f59b190eb0ed6cee1ba2a4cc8908a386ca7
e2d43372da81e9a52853a5974f2baaa791b0c4c05eb89eb3cde3ae48d5e0be22,MITDB_P208,208,195000000,3,20260927,MODEL_V2_TCN_MEAN,1,12.459630966186523,0.9999960660934448,5,V2-004-D1-TCNMEAN-F03-S20260927,f02c47aad1549dbd9710aef224c49f59b190eb0ed6cee1ba2a4cc8908a386ca7
e2eafe57a065ac575f66e7124b9ae30d18c0afa131569f4a8a09abe1d323dcb0,MITDB_P208,208,1630000000,3,20260927,MODEL_V2_TCN_MEAN,1,10.395238876342773,0.9999693632125854,5,V2-004-D1-TCNMEAN-F03-S20260927,f02c47aad1549dbd9710aef224c49f59b190eb0ed6cee1ba2a4cc8908a386ca7
e2f12a4765c9550aca273a52811267ea67169780a8c0f895c7e93a5771dd523f,MITDB_P121,121,1205000000,3,20260927,MODEL_V2_TCN_MEAN,0,-3.245246648788452,0.03749806806445122,5,V2-004-D1-TCNMEAN-F03-S20260927,f02c47aad1549dbd9710aef224c49f59b190eb0ed6cee1ba2a4cc8908a386ca7
e2fa36fd3c0e098b74db339b21e76f187e7f10042cdab814934c03c4aa1c4028,MITDB_P114,114,825000000,3,20260927,MODEL_V2_TCN_MEAN,1,7.008982181549072,0.9990971088409424,5,V2-004-D1-TCNMEAN-F03-S20260927,f02c47aad1549dbd9710aef224c49f59b190eb0ed6cee1ba2a4cc8908a386ca7
e3153145324d7b02150db805d14738e80d7216f9655b0ca71da5fa64d112aecb,MITDB_P114,114,75000000,3,20260927,MODEL_V2_TCN_MEAN,0,0.31558865308761597,0.5782487988471985,5,V2-004-D1-TCNMEAN-F03-S20260927,f02c47aad1549dbd9710aef224c49f59b190eb0ed6cee1ba2a4cc8908a386ca7
e36b902452517693e5c4dcee53c19d2e91a4441069c766de26b8b8ee4b69458b,MITDB_P121,121,1760000000,3,20260927,MODEL_V2_TCN_MEAN,0,-5.163351058959961,0.005689930636435747,5,V2-004-D1-TCNMEAN-F03-S20260927,f02c47aad1549dbd9710aef224c49f59b190eb0ed6cee1ba2a4cc8908a386ca7
e37963138036edae00f9390641d13f46f43dedda1ce6a0f3a1ec43ca2d9d1e35,MITDB_P121,121,1450000000,3,20260927,MODEL_V2_TCN_MEAN,0,-4.0411481857299805,0.01727365516126156,5,V2-004-D1-TCNMEAN-F03-S20260927,f02c47aad1549dbd9710aef224c49f59b190eb0ed6cee1ba2a4cc8908a386ca7
e37ab99221144ee3ddd534a23661ce0c398e4d195b5315ba09993f707a5baf37,MITDB_P223,223,1220000000,3,20260927,MODEL_V2_TCN_MEAN,0,-2.719085216522217,0.061856526881456375,5,V2-004-D1-TCNMEAN-F03-S20260927,f02c47aad1549dbd9710aef224c49f59b190eb0ed6cee1ba2a4cc8908a386ca7
e38ef3010668d3b65044fc80e274cbca5cebc256744d324fc34157f7f00a736d,MITDB_P114,114,1435000000,3,20260927,MODEL_V2_TCN_MEAN,0,3.4103851318359375,0.9680275321006775,5,V2-004-D1-TCNMEAN-F03-S20260927,f02c47aad1549dbd9710aef224c49f59b190eb0ed6cee1ba2a4cc8908a386ca7
e3b86cef16351053fe59abefa654e9d73855565b2273b7eaf67dd738dc6c2e45,MITDB_P114,114,1665000000,3,20260927,MODEL_V2_TCN_MEAN,0,1.603771448135376,0.8325448632240295,5,V2-004-D1-TCNMEAN-F03-S20260927,f02c47aad1549dbd9710aef224c49f59b190eb0ed6cee1ba2a4cc8908a386ca7
e3e1e5448278c6cbda7e077b13d79e1b28b10ffd87fa1a6464f9dab4b380a095,MITDB_P114,114,155000000,3,20260927,MODEL_V2_TCN_MEAN,0,-0.7430429458618164,0.32233908772468567,5,V2-004-D1-TCNMEAN-F03-S20260927,f02c47aad1549dbd9710aef224c49f59b190eb0ed6cee1ba2a4cc8908a386ca7
e4486ff19233f6813449ad1bc7a201c9b3ab43cbcf1c7b021e3a77d24ec4251a,MITDB_P223,223,480000000,3,20260927,MODEL_V2_TCN_MEAN,1,5.995306491851807,0.9975157976150513,5,V2-004-D1-TCNMEAN-F03-S20260927,f02c47aad1549dbd9710aef224c49f59b190eb0ed6cee1ba2a4cc8908a386ca7
e48834a37b70245280ee936c248ef2b98069771a455d99da9aa0a1646342319c,MITDB_P114,114,595000000,3,20260927,MODEL_V2_TCN_MEAN,0,3.509610176086426,0.9709600210189819,5,V2-004-D1-TCNMEAN-F03-S20260927,f02c47aad1549dbd9710aef224c49f59b190eb0ed6cee1ba2a4cc8908a386ca7
e4a6128d5d8f187d8bccecd0f075c887100cbdbd6277c35cc00166111e754ee3,MITDB_P121,121,385000000,3,20260927,MODEL_V2_TCN_MEAN,0,-3.6326961517333984,0.025763479992747307,5,V2-004-D1-TCNMEAN-F03-S20260927,f02c47aad1549dbd9710aef224c49f59b190eb0ed6cee1ba2a4cc8908a386ca7
e4ec1e943628bcf68b4cd3fd2e02492984f46d4b70963d664b973e5894a81e92,MITDB_P103,103,850000000,3,20260927,MODEL_V2_TCN_MEAN,0,-2.331943988800049,0.08851169794797897,5,V2-004-D1-TCNMEAN-F03-S20260927,f02c47aad1549dbd9710aef224c49f59b190eb0ed6cee1ba2a4cc8908a386ca7
e4f793d4289eafe07c6738340977003475792768266aa3251a10603faefb2d55,MITDB_P103,103,540000000,3,20260927,MODEL_V2_TCN_MEAN,0,-2.725775957107544,0.06146939843893051,5,V2-004-D1-TCNMEAN-F03-S20260927,f02c47aad1549dbd9710aef224c49f59b190eb0ed6cee1ba2a4cc8908a386ca7
e4fdd9280a2b1f0b7684058c3e11ac9aace19956cabef93126c4bfb363155e44,MITDB_P208,208,1325000000,3,20260927,MODEL_V2_TCN_MEAN,1,10.389117240905762,0.9999692440032959,5,V2-004-D1-TCNMEAN-F03-S20260927,f02c47aad1549dbd9710aef224c49f59b190eb0ed6cee1ba2a4cc8908a386ca7
e502a727293667ac7af2bc61da742d9fc4674866e2e12a24585122353b63f54f,MITDB_P103,103,1630000000,3,20260927,MODEL_V2_TCN_MEAN,0,-2.4973843097686768,0.07604175060987473,5,V2-004-D1-TCNMEAN-F03-S20260927,f02c47aad1549dbd9710aef224c49f59b190eb0ed6cee1ba2a4cc8908a386ca7
e541351939a85d23f20ad5b7013e95c05ae978b7148481780f3f057cc32c4777,MITDB_P103,103,1140000000,3,20260927,MODEL_V2_TCN_MEAN,0,-2.075788974761963,0.11147236824035645,5,V2-004-D1-TCNMEAN-F03-S20260927,f02c47aad1549dbd9710aef224c49f59b190eb0ed6cee1ba2a4cc8908a386ca7
e561d3e8a11ed6712065198b7c86066dd0ef38441eab52e434d8e29a1c7dd73e,MITDB_P103,103,1110000000,3,20260927,MODEL_V2_TCN_MEAN,0,0.8426844477653503,0.6990302801132202,5,V2-004-D1-TCNMEAN-F03-S20260927,f02c47aad1549dbd9710aef224c49f59b190eb0ed6cee1ba2a4cc8908a386ca7
e5754b5d5747bf6345840908bbe2762a229245376a3565eb45a8cae77fa365a8,MITDB_P103,103,1035000000,3,20260927,MODEL_V2_TCN_MEAN,0,-1.9281182289123535,0.12695901095867157,5,V2-004-D1-TCNMEAN-F03-S20260927,f02c47aad1549dbd9710aef224c49f59b190eb0ed6cee1ba2a4cc8908a386ca7
e599abde4d03d9d50066170e4db4adf10703d1ea690088326535ddea88953b7d,MITDB_P208,208,665000000,3,20260927,MODEL_V2_TCN_MEAN,1,12.63461685180664,0.9999967813491821,5,V2-004-D1-TCNMEAN-F03-S20260927,f02c47aad1549dbd9710aef224c49f59b190eb0ed6cee1ba2a4cc8908a386ca7
e59c42c8fe80aec6bd334f96a84c05f0ba4c35bdde92b69af57189d7e6e409eb,MITDB_P114,114,880000000,3,20260927,MODEL_V2_TCN_MEAN,0,2.799769401550293,0.9426634311676025,5,V2-004-D1-TCNMEAN-F03-S20260927,f02c47aad1549dbd9710aef224c49f59b190eb0ed6cee1ba2a4cc8908a386ca7
e5ad08425f099228eea52c21d1f5790375863762aa3d73de3384471029a412da,MITDB_P103,103,1790000000,3,20260927,MODEL_V2_TCN_MEAN,0,-0.8729853630065918,0.29463350772857666,5,V2-004-D1-TCNMEAN-F03-S20260927,f02c47aad1549dbd9710aef224c49f59b190eb0ed6cee1ba2a4cc8908a386ca7
e5dd3a1bed04e8c452356a65dbc0f678d2e7957710beb4c2b0d2b39f3c1a09b9,MITDB_P121,121,1535000000,3,20260927,MODEL_V2_TCN_MEAN,0,0.5462998747825623,0.6332767009735107,5,V2-004-D1-TCNMEAN-F03-S20260927,f02c47aad1549dbd9710aef224c49f59b190eb0ed6cee1ba2a4cc8908a386ca7
e5ede72de0026771e01d9ece29a44ff429fae63d5bd9a14afa026c872b382a5f,MITDB_P223,223,1230000000,3,20260927,MODEL_V2_TCN_MEAN,0,-2.6992294788360596,0.06301883608102798,5,V2-004-D1-TCNMEAN-F03-S20260927,f02c47aad1549dbd9710aef224c49f59b190eb0ed6cee1ba2a4cc8908a386ca7
e63e243ec847ac4e6ea95b00fbf3ef9f1c3a268448576bedc3050eeaf650d5f7,MITDB_P114,114,540000000,3,20260927,MODEL_V2_TCN_MEAN,1,9.78471851348877,0.999943733215332,5,V2-004-D1-TCNMEAN-F03-S20260927,f02c47aad1549dbd9710aef224c49f59b190eb0ed6cee1ba2a4cc8908a386ca7
e645643f42eb48602eb29f2e11c20880090e784c6f85124095ff4feb73d7e750,MITDB_P208,208,730000000,3,20260927,MODEL_V2_TCN_MEAN,1,15.21778678894043,0.9999997615814209,5,V2-004-D1-TCNMEAN-F03-S20260927,f02c47aad1549dbd9710aef224c49f59b190eb0ed6cee1ba2a4cc8908a386ca7
e646a0d4785ce0317906e193d231bc98a38cc019767e92aae76b3a864112d068,MITDB_P114,114,1705000000,3,20260927,MODEL_V2_TCN_MEAN,0,-0.01912115514278412,0.4952198266983032,5,V2-004-D1-TCNMEAN-F03-S20260927,f02c47aad1549dbd9710aef224c49f59b190eb0ed6cee1ba2a4cc8908a386ca7
e6484ecbff14aa2c7c1617e1eeb033d63f9d46752c6f4eca8b3f42187a8101d7,MITDB_P114,114,1795000000,3,20260927,MODEL_V2_TCN_MEAN,0,0.7225580215454102,0.6731700897216797,5,V2-004-D1-TCNMEAN-F03-S20260927,f02c47aad1549dbd9710aef224c49f59b190eb0ed6cee1ba2a4cc8908a386ca7
e6867628615367521124fe29acef893d0b9d7cc427935fa0b50b54619bb4d96b,MITDB_P121,121,1060000000,3,20260927,MODEL_V2_TCN_MEAN,0,-4.128845691680908,0.01584630459547043,5,V2-004-D1-TCNMEAN-F03-S20260927,f02c47aad1549dbd9710aef224c49f59b190eb0ed6cee1ba2a4cc8908a386ca7
e68c0821cef91256b95ef822c1ef6326909242c465720f0228c018fbb5d5aba5,MITDB_P121,121,1690000000,3,20260927,MODEL_V2_TCN_MEAN,0,-5.14931058883667,0.005769919138401747,5,V2-004-D1-TCNMEAN-F03-S20260927,f02c47aad1549dbd9710aef224c49f59b190eb0ed6cee1ba2a4cc8908a386ca7
e69bc74cd0c9578bf5a45629c7337d36d92a0ecd685c8ec0b4d4c9d2b344c7b5,MITDB_P121,121,50000000,3,20260927,MODEL_V2_TCN_MEAN,0,-4.021821022033691,0.01760481856763363,5,V2-004-D1-TCNMEAN-F03-S20260927,f02c47aad1549dbd9710aef224c49f59b190eb0ed6cee1ba2a4cc8908a386ca7
e6b8f4b8483a1c6a2168072043917e85e43a0430ec4a7322203e98e793fe88cb,MITDB_P208,208,925000000,3,20260927,MODEL_V2_TCN_MEAN,1,9.03309440612793,0.9998805522918701,5,V2-004-D1-TCNMEAN-F03-S20260927,f02c47aad1549dbd9710aef224c49f59b190eb0ed6cee1ba2a4cc8908a386ca7
e6bc01114a21f34447fa6b14b4074e9baf4043e49ef02b40951249a757583595,MITDB_P223,223,1555000000,3,20260927,MODEL_V2_TCN_MEAN,1,11.014657974243164,0.999983549118042,5,V2-004-D1-TCNMEAN-F03-S20260927,f02c47aad1549dbd9710aef224c49f59b190eb0ed6cee1ba2a4cc8908a386ca7
e6cbb68453ad98078d7730486866ee6214b5af77f515f8d647c8637f1b6f0967,MITDB_P208,208,750000000,3,20260927,MODEL_V2_TCN_MEAN,1,15.881668090820312,0.9999998807907104,5,V2-004-D1-TCNMEAN-F03-S20260927,f02c47aad1549dbd9710aef224c49f59b190eb0ed6cee1ba2a4cc8908a386ca7
e6e9dcd72dadd1746a14c96157619338a4ef45cd26a100d7647c145e3a830e0e,MITDB_P103,103,275000000,3,20260927,MODEL_V2_TCN_MEAN,0,-2.241661787033081,0.09607113897800446,5,V2-004-D1-TCNMEAN-F03-S20260927,f02c47aad1549dbd9710aef224c49f59b190eb0ed6cee1ba2a4cc8908a386ca7
e708faa7e706fad651387bd1a9836facfc36fef7ad0e37ce5b41b679bc174c1c,MITDB_P114,114,1245000000,3,20260927,MODEL_V2_TCN_MEAN,0,3.8113157749176025,0.9783596396446228,5,V2-004-D1-TCNMEAN-F03-S20260927,f02c47aad1549dbd9710aef224c49f59b190eb0ed6cee1ba2a4cc8908a386ca7
e7585426de84dfcf1ffd0fa4a37ea7c39ef662215e41c8c99323fa26e999df1c,MITDB_P103,103,1320000000,3,20260927,MODEL_V2_TCN_MEAN,0,-2.8073933124542236,0.05692596361041069,5,V2-004-D1-TCNMEAN-F03-S20260927,f02c47aad1549dbd9710aef224c49f59b190eb0ed6cee1ba2a4cc8908a386ca7
e76692342ff03298a9482af8bc98aad4d1004d219d470b62111c1a533c4ff94b,MITDB_P208,208,1625000000,3,20260927,MODEL_V2_TCN_MEAN,1,10.90806770324707,0.9999816417694092,5,V2-004-D1-TCNMEAN-F03-S20260927,f02c47aad1549dbd9710aef224c49f59b190eb0ed6cee1ba2a4cc8908a386ca7
e7ac3fe73c809297f170ac803dda2213a85292aa0b95c9696d8b6c4da69027dd,MITDB_P223,223,685000000,3,20260927,MODEL_V2_TCN_MEAN,0,0.2129168063402176,0.5530290007591248,5,V2-004-D1-TCNMEAN-F03-S20260927,f02c47aad1549dbd9710aef224c49f59b190eb0ed6cee1ba2a4cc8908a386ca7
e7c6bf9c368f25ee4de8d0aa59130f0e20af5c167905bbb3837374637b9fc024,MITDB_P121,121,20000000,3,20260927,MODEL_V2_TCN_MEAN,0,-2.9822473526000977,0.048234354704618454,5,V2-004-D1-TCNMEAN-F03-S20260927,f02c47aad1549dbd9710aef224c49f59b190eb0ed6cee1ba2a4cc8908a386ca7
e7ca57b167a0ee9ee9cbb3c99fb011c8c2f2b2b9bad8f2b986c1dbe45eb9e194,MITDB_P121,121,615000000,3,20260927,MODEL_V2_TCN_MEAN,0,-4.408325672149658,0.012029086239635944,5,V2-004-D1-TCNMEAN-F03-S20260927,f02c47aad1549dbd9710aef224c49f59b190eb0ed6cee1ba2a4cc8908a386ca7
e7d986cd87fa35254fc5757b9546cd24e9dd48d55789a0162177bbc30d93b1c9,MITDB_P223,223,1035000000,3,20260927,MODEL_V2_TCN_MEAN,1,2.1629321575164795,0.896871030330658,5,V2-004-D1-TCNMEAN-F03-S20260927,f02c47aad1549dbd9710aef224c49f59b190eb0ed6cee1ba2a4cc8908a386ca7
e7f93653ef617f3bdbae3eec670ffb33ec1129e937326ada3ca8572b059d2358,MITDB_P114,114,425000000,3,20260927,MODEL_V2_TCN_MEAN,1,5.5554890632629395,0.9961487054824829,5,V2-004-D1-TCNMEAN-F03-S20260927,f02c47aad1549dbd9710aef224c49f59b190eb0ed6cee1ba2a4cc8908a386ca7
e84ab7f0ee93449a8105ed59838747590e46b6d1a806ac04c1dbed130f0af656,MITDB_P208,208,865000000,3,20260927,MODEL_V2_TCN_MEAN,1,15.717483520507812,0.9999998807907104,5,V2-004-D1-TCNMEAN-F03-S20260927,f02c47aad1549dbd9710aef224c49f59b190eb0ed6cee1ba2a4cc8908a386ca7
e865a04bb4ab064b2421a47532b49d65cac18e581002352e8523f91327dbcf75,MITDB_P121,121,480000000,3,20260927,MODEL_V2_TCN_MEAN,0,-3.710432529449463,0.023882605135440826,5,V2-004-D1-TCNMEAN-F03-S20260927,f02c47aad1549dbd9710aef224c49f59b190eb0ed6cee1ba2a4cc8908a386ca7
e8be8a55ad1ed116424bd41f955c2a403cd746655c32de7b49e3294b48a3a889,MITDB_P114,114,1780000000,3,20260927,MODEL_V2_TCN_MEAN,1,5.17736291885376,0.9943887591362,5,V2-004-D1-TCNMEAN-F03-S20260927,f02c47aad1549dbd9710aef224c49f59b190eb0ed6cee1ba2a4cc8908a386ca7
e917586802c3098ba977e47fce227a837b92c853c65757ff791b924864718cfc,MITDB_P114,114,1550000000,3,20260927,MODEL_V2_TCN_MEAN,0,1.271335244178772,0.7809712290763855,5,V2-004-D1-TCNMEAN-F03-S20260927,f02c47aad1549dbd9710aef224c49f59b190eb0ed6cee1ba2a4cc8908a386ca7
e92c5fb6aa8d61ff02d50f57909c514dff749ad2b0570dd50042e8547d940e04,MITDB_P114,114,1170000000,3,20260927,MODEL_V2_TCN_MEAN,0,3.1450371742248535,0.9587127566337585,5,V2-004-D1-TCNMEAN-F03-S20260927,f02c47aad1549dbd9710aef224c49f59b190eb0ed6cee1ba2a4cc8908a386ca7
e93283ec87960eb367f47a0b971e5412d70b0dc425e44b8580d9e9da3d3695d9,MITDB_P114,114,435000000,3,20260927,MODEL_V2_TCN_MEAN,1,5.9529128074646,0.9974084496498108,5,V2-004-D1-TCNMEAN-F03-S20260927,f02c47aad1549dbd9710aef224c49f59b190eb0ed6cee1ba2a4cc8908a386ca7
e9f4c16f5a8239ce28bdf22925a2a1a471db347dfe416286db0fd32dcb9b8a3c,MITDB_P103,103,1335000000,3,20260927,MODEL_V2_TCN_MEAN,0,3.205683708190918,0.9610476493835449,5,V2-004-D1-TCNMEAN-F03-S20260927,f02c47aad1549dbd9710aef224c49f59b190eb0ed6cee1ba2a4cc8908a386ca7
e9fc771621b58980041feead03c3677aae985543e0fe959431419127d2efab41,MITDB_P208,208,145000000,3,20260927,MODEL_V2_TCN_MEAN,1,12.00340461730957,0.9999939203262329,5,V2-004-D1-TCNMEAN-F03-S20260927,f02c47aad1549dbd9710aef224c49f59b190eb0ed6cee1ba2a4cc8908a386ca7
ea685ccc15fcd85abc7fdb5e0153c50fc3698cf9fed4fb78ee1338c154e8eccf,MITDB_P114,114,795000000,3,20260927,MODEL_V2_TCN_MEAN,0,2.528839349746704,0.9261390566825867,5,V2-004-D1-TCNMEAN-F03-S20260927,f02c47aad1549dbd9710aef224c49f59b190eb0ed6cee1ba2a4cc8908a386ca7
ea6dae29fe7f4d23cbb98cafda46dfe2a5291941b9892fd5d2a1f2c5169a8df7,MITDB_P223,223,1790000000,3,20260927,MODEL_V2_TCN_MEAN,0,-2.741943836212158,0.0605432465672493,5,V2-004-D1-TCNMEAN-F03-S20260927,f02c47aad1549dbd9710aef224c49f59b190eb0ed6cee1ba2a4cc8908a386ca7
ea82a743d91dcb4e7fa5156cd2fd8134d26c555f5783434f147b8005a6530b6e,MITDB_P103,103,570000000,3,20260927,MODEL_V2_TCN_MEAN,0,-3.116898536682129,0.0424155630171299,5,V2-004-D1-TCNMEAN-F03-S20260927,f02c47aad1549dbd9710aef224c49f59b190eb0ed6cee1ba2a4cc8908a386ca7
eabff53a201a70686cfc491237fbea595b141b88049d68d5f3e6384e0c9607e5,MITDB_P121,121,395000000,3,20260927,MODEL_V2_TCN_MEAN,0,-4.656055927276611,0.009414399042725563,5,V2-004-D1-TCNMEAN-F03-S20260927,f02c47aad1549dbd9710aef224c49f59b190eb0ed6cee1ba2a4cc8908a386ca7
eac5af8530c20e559eb215a2d85201638a205b9f3458d5ec38eb9e058adfbee0,MITDB_P223,223,1685000000,3,20260927,MODEL_V2_TCN_MEAN,1,15.923696517944336,0.9999998807907104,5,V2-004-D1-TCNMEAN-F03-S20260927,f02c47aad1549dbd9710aef224c49f59b190eb0ed6cee1ba2a4cc8908a386ca7
eada83bb586c48771b10eb5005ac3a931b5a8c5dacc2ba472caa3c4b1ffa9f4c,MITDB_P223,223,420000000,3,20260927,MODEL_V2_TCN_MEAN,0,-1.7873868942260742,0.1433933973312378,5,V2-004-D1-TCNMEAN-F03-S20260927,f02c47aad1549dbd9710aef224c49f59b190eb0ed6cee1ba2a4cc8908a386ca7
eb07038cb7534fd6a15f17dec6c433f52fc40c0e9edcc5c6c8cd2d2269c864a2,MITDB_P121,121,295000000,3,20260927,MODEL_V2_TCN_MEAN,0,-4.1350579261779785,0.015749715268611908,5,V2-004-D1-TCNMEAN-F03-S20260927,f02c47aad1549dbd9710aef224c49f59b190eb0ed6cee1ba2a4cc8908a386ca7
eb4f40d19bbe1bc5cc3652ee51cc9aa8fa1cfcf3bb1870b76137f5f62bddb298,MITDB_P114,114,960000000,3,20260927,MODEL_V2_TCN_MEAN,0,2.7804293632507324,0.9416090846061707,5,V2-004-D1-TCNMEAN-F03-S20260927,f02c47aad1549dbd9710aef224c49f59b190eb0ed6cee1ba2a4cc8908a386ca7
eb590e29e4520b5447340cb7107e3cd3ffaba7899bf02f65cecdc31d3bf1ff22,MITDB_P103,103,515000000,3,20260927,MODEL_V2_TCN_MEAN,0,-3.1742141246795654,0.04014770686626434,5,V2-004-D1-TCNMEAN-F03-S20260927,f02c47aad1549dbd9710aef224c49f59b190eb0ed6cee1ba2a4cc8908a386ca7
eb8f9a94a9f17dc570640c0ba837c38859fd640bb223f3487a5b656107b69fd5,MITDB_P103,103,1055000000,3,20260927,MODEL_V2_TCN_MEAN,0,-1.8881418704986572,0.13145647943019867,5,V2-004-D1-TCNMEAN-F03-S20260927,f02c47aad1549dbd9710aef224c49f59b190eb0ed6cee1ba2a4cc8908a386ca7
ebceb02c501cdcd38bc2956f07cf9b979c341f87b4585a26bc9d2dc9cd7dbce2,MITDB_P208,208,1130000000,3,20260927,MODEL_V2_TCN_MEAN,1,11.009334564208984,0.9999834299087524,5,V2-004-D1-TCNMEAN-F03-S20260927,f02c47aad1549dbd9710aef224c49f59b190eb0ed6cee1ba2a4cc8908a386ca7
ec61a48aa360ba9c1aaadabefbfc8a35adb94f02222cbd44bc7d48e9b4c590cc,MITDB_P103,103,825000000,3,20260927,MODEL_V2_TCN_MEAN,0,-1.9801158905029297,0.12130649387836456,5,V2-004-D1-TCNMEAN-F03-S20260927,f02c47aad1549dbd9710aef224c49f59b190eb0ed6cee1ba2a4cc8908a386ca7
ec7eccce7e5c483903ae49a5358bda5812e4f4791638c82205acbc3f37f74c5c,MITDB_P121,121,115000000,3,20260927,MODEL_V2_TCN_MEAN,0,-4.363396167755127,0.012574921362102032,5,V2-004-D1-TCNMEAN-F03-S20260927,f02c47aad1549dbd9710aef224c49f59b190eb0ed6cee1ba2a4cc8908a386ca7
eccf8f14149d20ebca5f3c2af68e2e29fb41fa8086a604073f0138f320b289a7,MITDB_P121,121,550000000,3,20260927,MODEL_V2_TCN_MEAN,0,-4.17693567276001,0.015113535337150097,5,V2-004-D1-TCNMEAN-F03-S20260927,f02c47aad1549dbd9710aef224c49f59b190eb0ed6cee1ba2a4cc8908a386ca7
ed11d48ad9af534635c14d5fc9b5065d1387b6454775239547212bc7a508dffe,MITDB_P223,223,1710000000,3,20260927,MODEL_V2_TCN_MEAN,1,15.853792190551758,0.9999998807907104,5,V2-004-D1-TCNMEAN-F03-S20260927,f02c47aad1549dbd9710aef224c49f59b190eb0ed6cee1ba2a4cc8908a386ca7
ed172b5d570c611896d94a4fbcee61a2f4944e993a973cc47642159326cef120,MITDB_P208,208,1205000000,3,20260927,MODEL_V2_TCN_MEAN,1,10.216371536254883,0.9999634027481079,5,V2-004-D1-TCNMEAN-F03-S20260927,f02c47aad1549dbd9710aef224c49f59b190eb0ed6cee1ba2a4cc8908a386ca7
ed2cf64122e083da631cc59fb34f8f1f8536054949e2f0cd6b741d59bbc2a217,MITDB_P208,208,1140000000,3,20260927,MODEL_V2_TCN_MEAN,1,5.49263858795166,0.9958998560905457,5,V2-004-D1-TCNMEAN-F03-S20260927,f02c47aad1549dbd9710aef224c49f59b190eb0ed6cee1ba2a4cc8908a386ca7
ed4f509528cbcf01da0715b6b9c7d9693026476df0f239d1633122947b8cc94f,MITDB_P114,114,285000000,3,20260927,MODEL_V2_TCN_MEAN,1,6.5259575843811035,0.9985371828079224,5,V2-004-D1-TCNMEAN-F03-S20260927,f02c47aad1549dbd9710aef224c49f59b190eb0ed6cee1ba2a4cc8908a386ca7
ed585db13b130b08bdd8565febff12ffee83c35e1073be1abdf481280a22f625,MITDB_P223,223,1720000000,3,20260927,MODEL_V2_TCN_MEAN,1,11.835061073303223,0.9999927282333374,5,V2-004-D1-TCNMEAN-F03-S20260927,f02c47aad1549dbd9710aef224c49f59b190eb0ed6cee1ba2a4cc8908a386ca7
ed5e963a852543bb6a8a0cf3bf24eb159b1b1eb97e7037dd5a41bf052169be36,MITDB_P103,103,1505000000,3,20260927,MODEL_V2_TCN_MEAN,0,-2.961333990097046,0.04920355975627899,5,V2-004-D1-TCNMEAN-F03-S20260927,f02c47aad1549dbd9710aef224c49f59b190eb0ed6cee1ba2a4cc8908a386ca7
ed782682038db91ad201fce546e1281e9dd6a45b4c57fb7d5bb3c980514c84de,MITDB_P223,223,610000000,3,20260927,MODEL_V2_TCN_MEAN,1,3.728883981704712,0.9765437841415405,5,V2-004-D1-TCNMEAN-F03-S20260927,f02c47aad1549dbd9710aef224c49f59b190eb0ed6cee1ba2a4cc8908a386ca7
edbf8b2e86908c382b104dd1f0f46f7f5d80c85623e67917a971febe6570009e,MITDB_P208,208,390000000,3,20260927,MODEL_V2_TCN_MEAN,1,11.576690673828125,0.9999905824661255,5,V2-004-D1-TCNMEAN-F03-S20260927,f02c47aad1549dbd9710aef224c49f59b190eb0ed6cee1ba2a4cc8908a386ca7
ee58e057e5c4a386bdeade773602eccf1273190f33f20953cb0dad9f28ce7a00,MITDB_P208,208,355000000,3,20260927,MODEL_V2_TCN_MEAN,1,10.179445266723633,0.9999620914459229,5,V2-004-D1-TCNMEAN-F03-S20260927,f02c47aad1549dbd9710aef224c49f59b190eb0ed6cee1ba2a4cc8908a386ca7
ee79e493d8f020599b7093b08c874602508e09ab5bc982d75c348d2e976d58b5,MITDB_P114,114,440000000,3,20260927,MODEL_V2_TCN_MEAN,1,3.9125709533691406,0.9804027080535889,5,V2-004-D1-TCNMEAN-F03-S20260927,f02c47aad1549dbd9710aef224c49f59b190eb0ed6cee1ba2a4cc8908a386ca7
eedbc689ef25edbd974c996678065cd4ac350c47e417909836f254c6319fe3df,MITDB_P103,103,680000000,3,20260927,MODEL_V2_TCN_MEAN,0,-2.1828010082244873,0.10130563378334045,5,V2-004-D1-TCNMEAN-F03-S20260927,f02c47aad1549dbd9710aef224c49f59b190eb0ed6cee1ba2a4cc8908a386ca7
eeffb63b24362c8da6df5d6307c3acbfe80fdcc758e7f37e5e92396a1c108091,MITDB_P121,121,1170000000,3,20260927,MODEL_V2_TCN_MEAN,0,-4.516968250274658,0.01080408412963152,5,V2-004-D1-TCNMEAN-F03-S20260927,f02c47aad1549dbd9710aef224c49f59b190eb0ed6cee1ba2a4cc8908a386ca7
ef26deacda82784d5d8b0a797e29f2d6aa4ff7b40cdbecb7aa178cbef09ae5db,MITDB_P223,223,1630000000,3,20260927,MODEL_V2_TCN_MEAN,0,-2.160956382751465,0.10331181436777115,5,V2-004-D1-TCNMEAN-F03-S20260927,f02c47aad1549dbd9710aef224c49f59b190eb0ed6cee1ba2a4cc8908a386ca7
ef6b75e5184cb9fcbc4c1b6d55464f7ec892584f1419c5779750e3d68d56a92c,MITDB_P103,103,1160000000,3,20260927,MODEL_V2_TCN_MEAN,0,0.47805845737457275,0.6172893047332764,5,V2-004-D1-TCNMEAN-F03-S20260927,f02c47aad1549dbd9710aef224c49f59b190eb0ed6cee1ba2a4cc8908a386ca7
ef6cdec287465d5467582e76cf8ea9976e50e88a03770c9d486abf621a6dd5c7,MITDB_P103,103,615000000,3,20260927,MODEL_V2_TCN_MEAN,0,-3.1725220680236816,0.0402129627764225,5,V2-004-D1-TCNMEAN-F03-S20260927,f02c47aad1549dbd9710aef224c49f59b190eb0ed6cee1ba2a4cc8908a386ca7
ef712614e681ca8ad66ae148380c6b74c372fb2f1d80e76d4804cca19742fdb9,MITDB_P208,208,1035000000,3,20260927,MODEL_V2_TCN_MEAN,1,11.037567138671875,0.9999839067459106,5,V2-004-D1-TCNMEAN-F03-S20260927,f02c47aad1549dbd9710aef224c49f59b190eb0ed6cee1ba2a4cc8908a386ca7
ef96501a8a97c43b20759a507401915fb97cdf7b63fc58a633f46c3c0036a3d1,MITDB_P208,208,1480000000,3,20260927,MODEL_V2_TCN_MEAN,1,8.292145729064941,0.9997496008872986,5,V2-004-D1-TCNMEAN-F03-S20260927,f02c47aad1549dbd9710aef224c49f59b190eb0ed6cee1ba2a4cc8908a386ca7
ef9a8858dce3d798f3e3e8348db70268096ddfc3127b7324aee9f1d1d7daa844,MITDB_P114,114,1030000000,3,20260927,MODEL_V2_TCN_MEAN,0,2.630742073059082,0.9328141212463379,5,V2-004-D1-TCNMEAN-F03-S20260927,f02c47aad1549dbd9710aef224c49f59b190eb0ed6cee1ba2a4cc8908a386ca7
eff738fe81f2c8a109c7cd9f63df2701e89f89d42412c9fc2b0e51da1be37d35,MITDB_P121,121,990000000,3,20260927,MODEL_V2_TCN_MEAN,0,-3.640007972717285,0.025580590590834618,5,V2-004-D1-TCNMEAN-F03-S20260927,f02c47aad1549dbd9710aef224c49f59b190eb0ed6cee1ba2a4cc8908a386ca7
f02a1f9b28c1d1b0629484ccbe80a532be4a92c98c22145c968a5a9bb311d5eb,MITDB_P103,103,1435000000,3,20260927,MODEL_V2_TCN_MEAN,0,-2.444514751434326,0.07984060049057007,5,V2-004-D1-TCNMEAN-F03-S20260927,f02c47aad1549dbd9710aef224c49f59b190eb0ed6cee1ba2a4cc8908a386ca7
f02f2bf12a32989408d02d837bd0a20e3fd2a6f583108a8add2e07a293f7ffa8,MITDB_P114,114,1580000000,3,20260927,MODEL_V2_TCN_MEAN,0,1.1547222137451172,0.7603724002838135,5,V2-004-D1-TCNMEAN-F03-S20260927,f02c47aad1549dbd9710aef224c49f59b190eb0ed6cee1ba2a4cc8908a386ca7
f057bd0b8ef0c457ed9891279a892245b02143b08c1e82f36a7e0aefc5e746b5,MITDB_P223,223,775000000,3,20260927,MODEL_V2_TCN_MEAN,0,-0.29456621408462524,0.42688634991645813,5,V2-004-D1-TCNMEAN-F03-S20260927,f02c47aad1549dbd9710aef224c49f59b190eb0ed6cee1ba2a4cc8908a386ca7
f0615e25c017c97b7796632ba69721fc8e6c2d369f0a063ca78a1681c05ca396,MITDB_P103,103,1120000000,3,20260927,MODEL_V2_TCN_MEAN,0,-0.8848142623901367,0.292181134223938,5,V2-004-D1-TCNMEAN-F03-S20260927,f02c47aad1549dbd9710aef224c49f59b190eb0ed6cee1ba2a4cc8908a386ca7
f07ec4ab571d829fcbe4e94e9b56c594324caee24deba9683542c8266b995448,MITDB_P121,121,85000000,3,20260927,MODEL_V2_TCN_MEAN,0,-4.235471248626709,0.01426650956273079,5,V2-004-D1-TCNMEAN-F03-S20260927,f02c47aad1549dbd9710aef224c49f59b190eb0ed6cee1ba2a4cc8908a386ca7
f0c818dca50c1a14d56b9c9160013a3d8c57322e1375a6d76e186d36c216fa9f,MITDB_P121,121,485000000,3,20260927,MODEL_V2_TCN_MEAN,0,-3.8628392219543457,0.020576002076268196,5,V2-004-D1-TCNMEAN-F03-S20260927,f02c47aad1549dbd9710aef224c49f59b190eb0ed6cee1ba2a4cc8908a386ca7
f13e018bd6f3e62049147b4cd28d8c5681373cfdef30997093c9cd91f8693fd7,MITDB_P121,121,1745000000,3,20260927,MODEL_V2_TCN_MEAN,0,-4.4981770515441895,0.01100676879286766,5,V2-004-D1-TCNMEAN-F03-S20260927,f02c47aad1549dbd9710aef224c49f59b190eb0ed6cee1ba2a4cc8908a386ca7
f146b31c0fe8fc299e23e5c1be8434a4601dd6fb1de37af33dd8edb0acf9be80,MITDB_P114,114,55000000,3,20260927,MODEL_V2_TCN_MEAN,0,0.11295296251773834,0.5282082557678223,5,V2-004-D1-TCNMEAN-F03-S20260927,f02c47aad1549dbd9710aef224c49f59b190eb0ed6cee1ba2a4cc8908a386ca7
f147eb0aa4bfba210460ebcf2a959bf01025a87e4b53199e6780d1aaf5e7f766,MITDB_P223,223,700000000,3,20260927,MODEL_V2_TCN_MEAN,0,-2.9153900146484375,0.05139800161123276,5,V2-004-D1-TCNMEAN-F03-S20260927,f02c47aad1549dbd9710aef224c49f59b190eb0ed6cee1ba2a4cc8908a386ca7
f180c1f4f4ffc9b33a3d2db82cdb5404470e8bb6697fa0d4f35a1baf48477c7c,MITDB_P208,208,595000000,3,20260927,MODEL_V2_TCN_MEAN,1,14.823868751525879,0.9999996423721313,5,V2-004-D1-TCNMEAN-F03-S20260927,f02c47aad1549dbd9710aef224c49f59b190eb0ed6cee1ba2a4cc8908a386ca7
f1aac7d650b8e681d12f8544dcda3c729f3f0aae4c9340763229801fb894195f,MITDB_P114,114,230000000,3,20260927,MODEL_V2_TCN_MEAN,1,13.367856979370117,0.9999984502792358,5,V2-004-D1-TCNMEAN-F03-S20260927,f02c47aad1549dbd9710aef224c49f59b190eb0ed6cee1ba2a4cc8908a386ca7
f1d43ac378aec0029d88381af33cf3ced330945772c960e58380834af8a4d13e,MITDB_P223,223,1540000000,3,20260927,MODEL_V2_TCN_MEAN,1,7.6156792640686035,0.9995075464248657,5,V2-004-D1-TCNMEAN-F03-S20260927,f02c47aad1549dbd9710aef224c49f59b190eb0ed6cee1ba2a4cc8908a386ca7
f1e49f9e70c69f545a3c9303211ef3e05c3a959776d31206239c1bab5aa357a5,MITDB_P223,223,40000000,3,20260927,MODEL_V2_TCN_MEAN,0,-3.0854103565216064,0.04371309280395508,5,V2-004-D1-TCNMEAN-F03-S20260927,f02c47aad1549dbd9710aef224c49f59b190eb0ed6cee1ba2a4cc8908a386ca7
f220e7b13d3b46eb5528714090ab8cbfedc94f9091aa8168dbc2fd5d579bc4ee,MITDB_P114,114,1135000000,3,20260927,MODEL_V2_TCN_MEAN,0,2.1462442874908447,0.8953172564506531,5,V2-004-D1-TCNMEAN-F03-S20260927,f02c47aad1549dbd9710aef224c49f59b190eb0ed6cee1ba2a4cc8908a386ca7
f22e7c0015499e3e99b99c74dec9b6346b46381206d15fcee591dcd94b3f2e72,MITDB_P223,223,955000000,3,20260927,MODEL_V2_TCN_MEAN,0,-3.126518964767456,0.04202653095126152,5,V2-004-D1-TCNMEAN-F03-S20260927,f02c47aad1549dbd9710aef224c49f59b190eb0ed6cee1ba2a4cc8908a386ca7
f2b86c0460f87a71d9c33bc3aa43b67bbf055de5d621e4dbc6b3cb2c7093e0e4,MITDB_P121,121,400000000,3,20260927,MODEL_V2_TCN_MEAN,0,-5.599013805389404,0.0036878616083413363,5,V2-004-D1-TCNMEAN-F03-S20260927,f02c47aad1549dbd9710aef224c49f59b190eb0ed6cee1ba2a4cc8908a386ca7
f2bc59b22484745436854e81a44b9b3ef2dd52b4387b13273f8a7a312e68683f,MITDB_P114,114,530000000,3,20260927,MODEL_V2_TCN_MEAN,0,0.6641097068786621,0.6601829528808594,5,V2-004-D1-TCNMEAN-F03-S20260927,f02c47aad1549dbd9710aef224c49f59b190eb0ed6cee1ba2a4cc8908a386ca7
f2be4e37fcde52e7b3b39c81ad09b59a53c6009790eff64c7e40bb0b15435d45,MITDB_P121,121,635000000,3,20260927,MODEL_V2_TCN_MEAN,0,-3.86484432220459,0.020535632967948914,5,V2-004-D1-TCNMEAN-F03-S20260927,f02c47aad1549dbd9710aef224c49f59b190eb0ed6cee1ba2a4cc8908a386ca7
f2c14e42587bface27a36b29b1f39b174868ab634a088da73babc4dbc53568d0,MITDB_P121,121,925000000,3,20260927,MODEL_V2_TCN_MEAN,0,-4.357769966125488,0.012644973583519459,5,V2-004-D1-TCNMEAN-F03-S20260927,f02c47aad1549dbd9710aef224c49f59b190eb0ed6cee1ba2a4cc8908a386ca7
f2ceff421bf9bb55c90a05d367ef2e90032411ccbebd82b3b2d9d2e81b7e83ba,MITDB_P223,223,1570000000,3,20260927,MODEL_V2_TCN_MEAN,1,11.723021507263184,0.9999918937683105,5,V2-004-D1-TCNMEAN-F03-S20260927,f02c47aad1549dbd9710aef224c49f59b190eb0ed6cee1ba2a4cc8908a386ca7
f2cfc539616ffbca13eb30850f91901d9588f566196dbdd865224473ee79ab15,MITDB_P223,223,165000000,3,20260927,MODEL_V2_TCN_MEAN,1,6.6456170082092285,0.9987019300460815,5,V2-004-D1-TCNMEAN-F03-S20260927,f02c47aad1549dbd9710aef224c49f59b190eb0ed6cee1ba2a4cc8908a386ca7
f2e3a8eaad1011dc11415b9fbb0a101f88b5ec74e3bda02066dada2d21414260,MITDB_P103,103,345000000,3,20260927,MODEL_V2_TCN_MEAN,0,-3.2277841567993164,0.03813343867659569,5,V2-004-D1-TCNMEAN-F03-S20260927,f02c47aad1549dbd9710aef224c49f59b190eb0ed6cee1ba2a4cc8908a386ca7
f3001ead4096bf86368d2bd08083bcf8192da47dead6e894ed3d60adfebd4a2f,MITDB_P114,114,125000000,3,20260927,MODEL_V2_TCN_MEAN,0,0.4435673952102661,0.6091087460517883,5,V2-004-D1-TCNMEAN-F03-S20260927,f02c47aad1549dbd9710aef224c49f59b190eb0ed6cee1ba2a4cc8908a386ca7
f305a78568ddd3eafd5afa168aadecce81d50adf57976414f10915a22cb958b7,MITDB_P223,223,1485000000,3,20260927,MODEL_V2_TCN_MEAN,0,-2.8074889183044434,0.05692082643508911,5,V2-004-D1-TCNMEAN-F03-S20260927,f02c47aad1549dbd9710aef224c49f59b190eb0ed6cee1ba2a4cc8908a386ca7
f3177168045859347adbcb53ef122e1c7662e14f9f9d711f8f062660833357c0,MITDB_P103,103,230000000,3,20260927,MODEL_V2_TCN_MEAN,0,-3.603192090988159,0.026514478027820587,5,V2-004-D1-TCNMEAN-F03-S20260927,f02c47aad1549dbd9710aef224c49f59b190eb0ed6cee1ba2a4cc8908a386ca7
f31d6f1ae59bd10a933b339ba3274f3d2b96593d535e51b896c1e1357739bfd4,MITDB_P208,208,1200000000,3,20260927,MODEL_V2_TCN_MEAN,1,10.30687141418457,0.9999666213989258,5,V2-004-D1-TCNMEAN-F03-S20260927,f02c47aad1549dbd9710aef224c49f59b190eb0ed6cee1ba2a4cc8908a386ca7
f334cb337b13c88182ff1a06ab03856adb2eaba5da5b8d8ea116208eaa50bfb8,MITDB_P103,103,1300000000,3,20260927,MODEL_V2_TCN_MEAN,0,-2.6320009231567383,0.06710707396268845,5,V2-004-D1-TCNMEAN-F03-S20260927,f02c47aad1549dbd9710aef224c49f59b190eb0ed6cee1ba2a4cc8908a386ca7
f33cffa08c1050f53e9341454007081b9b302f916fe8b89797bd139c27568a5a,MITDB_P208,208,1440000000,3,20260927,MODEL_V2_TCN_MEAN,1,8.1431884765625,0.9997093081474304,5,V2-004-D1-TCNMEAN-F03-S20260927,f02c47aad1549dbd9710aef224c49f59b190eb0ed6cee1ba2a4cc8908a386ca7
f3761fa383f79634d9f344a6a53c9ff3d0a500cca5dde196a12de42dd47f273b,MITDB_P223,223,1550000000,3,20260927,MODEL_V2_TCN_MEAN,1,15.387825012207031,0.9999997615814209,5,V2-004-D1-TCNMEAN-F03-S20260927,f02c47aad1549dbd9710aef224c49f59b190eb0ed6cee1ba2a4cc8908a386ca7
f39cbfedfef302365a0d485e86e7e2b723154c95e8d9aedd6e9bd3700ec2949a,MITDB_P208,208,570000000,3,20260927,MODEL_V2_TCN_MEAN,1,15.961538314819336,0.9999998807907104,5,V2-004-D1-TCNMEAN-F03-S20260927,f02c47aad1549dbd9710aef224c49f59b190eb0ed6cee1ba2a4cc8908a386ca7
f3a05c3bb13757d806ec28207b61af654718d85bebfeaadb329bbe0eacf3f11c,MITDB_P223,223,1610000000,3,20260927,MODEL_V2_TCN_MEAN,1,5.509475231170654,0.9959681034088135,5,V2-004-D1-TCNMEAN-F03-S20260927,f02c47aad1549dbd9710aef224c49f59b190eb0ed6cee1ba2a4cc8908a386ca7
f3b68a224d6c1e3adcb3e85b7e5d86e997f57704e06736e5ca1654d29b0a20cd,MITDB_P114,114,195000000,3,20260927,MODEL_V2_TCN_MEAN,1,10.2957181930542,0.9999662637710571,5,V2-004-D1-TCNMEAN-F03-S20260927,f02c47aad1549dbd9710aef224c49f59b190eb0ed6cee1ba2a4cc8908a386ca7
f43d254782d7542f7dbac096fa2099315d27a7b2898d556a9b6d49feaebf081d,MITDB_P103,103,575000000,3,20260927,MODEL_V2_TCN_MEAN,0,-3.170139789581299,0.0403050072491169,5,V2-004-D1-TCNMEAN-F03-S20260927,f02c47aad1549dbd9710aef224c49f59b190eb0ed6cee1ba2a4cc8908a386ca7
f442be0eeb2b6d312ea3e083442ab445cb8595e72e8fbf4a4e7aa0715682167a,MITDB_P223,223,1245000000,3,20260927,MODEL_V2_TCN_MEAN,0,-2.5735764503479004,0.07085847854614258,5,V2-004-D1-TCNMEAN-F03-S20260927,f02c47aad1549dbd9710aef224c49f59b190eb0ed6cee1ba2a4cc8908a386ca7
f4828f1b2b3626a92ad7bf2462e8a7f051206c71ccbf110900546880e25f7179,MITDB_P208,208,1065000000,3,20260927,MODEL_V2_TCN_MEAN,1,11.289113998413086,0.9999874830245972,5,V2-004-D1-TCNMEAN-F03-S20260927,f02c47aad1549dbd9710aef224c49f59b190eb0ed6cee1ba2a4cc8908a386ca7
f48751fca2000be05247594b81da230cfca55c44f382b64d7804d39645c293e7,MITDB_P208,208,1030000000,3,20260927,MODEL_V2_TCN_MEAN,1,14.293660163879395,0.9999994039535522,5,V2-004-D1-TCNMEAN-F03-S20260927,f02c47aad1549dbd9710aef224c49f59b190eb0ed6cee1ba2a4cc8908a386ca7
f4cc3463925747e6ea717abf882c1c88eb82116ed7728f78647201c6cd3572c1,MITDB_P103,103,1050000000,3,20260927,MODEL_V2_TCN_MEAN,0,-3.0417962074279785,0.045572977513074875,5,V2-004-D1-TCNMEAN-F03-S20260927,f02c47aad1549dbd9710aef224c49f59b190eb0ed6cee1ba2a4cc8908a386ca7
f4f438379a010e89ec70adfa1e39b80a86ea8b9c263b13a0d4c08c33a3577f82,MITDB_P223,223,485000000,3,20260927,MODEL_V2_TCN_MEAN,1,0.8557233810424805,0.7017663717269897,5,V2-004-D1-TCNMEAN-F03-S20260927,f02c47aad1549dbd9710aef224c49f59b190eb0ed6cee1ba2a4cc8908a386ca7
f506bb4256c7931bd82ac065028fb20992e8cbb2301a5e788b2925b1220f1335,MITDB_P114,114,1340000000,3,20260927,MODEL_V2_TCN_MEAN,0,1.358799695968628,0.795564591884613,5,V2-004-D1-TCNMEAN-F03-S20260927,f02c47aad1549dbd9710aef224c49f59b190eb0ed6cee1ba2a4cc8908a386ca7
f520bee717894b4c2575802c9fc9930c43295ee958e05091971a5a29830a2460,MITDB_P208,208,1060000000,3,20260927,MODEL_V2_TCN_MEAN,1,13.074627876281738,0.9999978542327881,5,V2-004-D1-TCNMEAN-F03-S20260927,f02c47aad1549dbd9710aef224c49f59b190eb0ed6cee1ba2a4cc8908a386ca7
f523d2fa54aca03c9a77bae163339a27f0b2d5f664a1aeb2db69737f3549024e,MITDB_P121,121,1635000000,3,20260927,MODEL_V2_TCN_MEAN,0,-6.363490581512451,0.001720375963486731,5,V2-004-D1-TCNMEAN-F03-S20260927,f02c47aad1549dbd9710aef224c49f59b190eb0ed6cee1ba2a4cc8908a386ca7
f56deae0d6fbc850f888e35815f38389be10faef8765473163ff013c7bde5d8b,MITDB_P208,208,1680000000,3,20260927,MODEL_V2_TCN_MEAN,1,14.58695125579834,0.9999995231628418,5,V2-004-D1-TCNMEAN-F03-S20260927,f02c47aad1549dbd9710aef224c49f59b190eb0ed6cee1ba2a4cc8908a386ca7
f59186a1bb1629202f33b09da2639660c0dbc9ca0dfb226497185c63e5382ef6,MITDB_P223,223,1690000000,3,20260927,MODEL_V2_TCN_MEAN,1,15.860843658447266,0.9999998807907104,5,V2-004-D1-TCNMEAN-F03-S20260927,f02c47aad1549dbd9710aef224c49f59b190eb0ed6cee1ba2a4cc8908a386ca7
f5e5c3a78e151531675ccb21545b696646cd6f10017e82419f30614f1ecaf6ce,MITDB_P114,114,1125000000,3,20260927,MODEL_V2_TCN_MEAN,0,1.410144329071045,0.8037886619567871,5,V2-004-D1-TCNMEAN-F03-S20260927,f02c47aad1549dbd9710aef224c49f59b190eb0ed6cee1ba2a4cc8908a386ca7
f5e8b6bd85056bd6c11314073ea82b986f10a8c1beaff404e48c0774d16c4180,MITDB_P103,103,325000000,3,20260927,MODEL_V2_TCN_MEAN,0,-2.8582611083984375,0.054255854338407516,5,V2-004-D1-TCNMEAN-F03-S20260927,f02c47aad1549dbd9710aef224c49f59b190eb0ed6cee1ba2a4cc8908a386ca7
f5efe2430212d55011b618a758a2b2a65858147d3b0b92b6e8832bc1ebab4a4c,MITDB_P114,114,1675000000,3,20260927,MODEL_V2_TCN_MEAN,0,-0.315862238407135,0.42168447375297546,5,V2-004-D1-TCNMEAN-F03-S20260927,f02c47aad1549dbd9710aef224c49f59b190eb0ed6cee1ba2a4cc8908a386ca7
f6697b47bdc7fbc1605b7ba2a2e6de0f939ccf1377cc3a8489f47e3cd2f41f50,MITDB_P103,103,555000000,3,20260927,MODEL_V2_TCN_MEAN,0,-3.0264530181884766,0.0462450236082077,5,V2-004-D1-TCNMEAN-F03-S20260927,f02c47aad1549dbd9710aef224c49f59b190eb0ed6cee1ba2a4cc8908a386ca7
f6c5139c336658f2a50fcda728ff34e4034b8a4aa1d02cac6cac0485f7907fee,MITDB_P208,208,1565000000,3,20260927,MODEL_V2_TCN_MEAN,1,8.068506240844727,0.9996868371963501,5,V2-004-D1-TCNMEAN-F03-S20260927,f02c47aad1549dbd9710aef224c49f59b190eb0ed6cee1ba2a4cc8908a386ca7
f70296efd2f7e59732e3ba3bc8a95f6cc2f4a483109402c8b7f4be4b32e4b076,MITDB_P223,223,45000000,3,20260927,MODEL_V2_TCN_MEAN,0,-3.256505250930786,0.03709383308887482,5,V2-004-D1-TCNMEAN-F03-S20260927,f02c47aad1549dbd9710aef224c49f59b190eb0ed6cee1ba2a4cc8908a386ca7
f709af9c20c6cee3d74666e6352eb58b299201eb3e127c68e2c4671b18a25d5e,MITDB_P208,208,330000000,3,20260927,MODEL_V2_TCN_MEAN,1,10.117981910705566,0.9999597072601318,5,V2-004-D1-TCNMEAN-F03-S20260927,f02c47aad1549dbd9710aef224c49f59b190eb0ed6cee1ba2a4cc8908a386ca7
f710021e17fc8143af9a14a5252830bbe5f0356ead4dd6b98987c4f4e01e46ca,MITDB_P121,121,495000000,3,20260927,MODEL_V2_TCN_MEAN,0,-4.850290775299072,0.007765328977257013,5,V2-004-D1-TCNMEAN-F03-S20260927,f02c47aad1549dbd9710aef224c49f59b190eb0ed6cee1ba2a4cc8908a386ca7
f73c49844fb329be2b78c6e8ca518b3246e161d28b442033e23752ad43213dcf,MITDB_P103,103,690000000,3,20260927,MODEL_V2_TCN_MEAN,0,-3.0628345012664795,0.0446665957570076,5,V2-004-D1-TCNMEAN-F03-S20260927,f02c47aad1549dbd9710aef224c49f59b190eb0ed6cee1ba2a4cc8908a386ca7
f73d22cf47e8ddafc517f1375ac490262e837f3e6533f4d1efeddbae7f71cc0a,MITDB_P103,103,890000000,3,20260927,MODEL_V2_TCN_MEAN,0,-2.0833725929260254,0.11072345077991486,5,V2-004-D1-TCNMEAN-F03-S20260927,f02c47aad1549dbd9710aef224c49f59b190eb0ed6cee1ba2a4cc8908a386ca7
f7686440ec07b176e961cead4051dca276289526e7d78592c7e2dc4396db8807,MITDB_P121,121,525000000,3,20260927,MODEL_V2_TCN_MEAN,0,-2.994922637939453,0.047655779868364334,5,V2-004-D1-TCNMEAN-F03-S20260927,f02c47aad1549dbd9710aef224c49f59b190eb0ed6cee1ba2a4cc8908a386ca7
f76ae11d7c2fc1800acff536fd9bda879fad73186590b1a561bf840b60a785aa,MITDB_P208,208,1055000000,3,20260927,MODEL_V2_TCN_MEAN,1,12.803672790527344,0.9999972581863403,5,V2-004-D1-TCNMEAN-F03-S20260927,f02c47aad1549dbd9710aef224c49f59b190eb0ed6cee1ba2a4cc8908a386ca7
f76f18ec765c736538497d0f09b29722cdbe4a659a96460ddd2ca77060623d96,MITDB_P114,114,715000000,3,20260927,MODEL_V2_TCN_MEAN,0,1.3115237951278687,0.7877680659294128,5,V2-004-D1-TCNMEAN-F03-S20260927,f02c47aad1549dbd9710aef224c49f59b190eb0ed6cee1ba2a4cc8908a386ca7
f76ffb11fd979d02a85cc489687befb7f4913daedc2f955d2b4a475add93ce0b,MITDB_P103,103,1795000000,3,20260927,MODEL_V2_TCN_MEAN,0,-2.197129726409912,0.1000085324048996,5,V2-004-D1-TCNMEAN-F03-S20260927,f02c47aad1549dbd9710aef224c49f59b190eb0ed6cee1ba2a4cc8908a386ca7
f784ac70f8853847d82f50b067d52cba9ea64f5dec7adf6a07a17951b6b43582,MITDB_P103,103,730000000,3,20260927,MODEL_V2_TCN_MEAN,0,-2.8850693702697754,0.052896592766046524,5,V2-004-D1-TCNMEAN-F03-S20260927,f02c47aad1549dbd9710aef224c49f59b190eb0ed6cee1ba2a4cc8908a386ca7
f80033d1f1f1b4a3b4222da1b8c3d5fa971966f94ddd17d07bee38e232bb8023,MITDB_P223,223,1100000000,3,20260927,MODEL_V2_TCN_MEAN,1,7.163506031036377,0.9992262125015259,5,V2-004-D1-TCNMEAN-F03-S20260927,f02c47aad1549dbd9710aef224c49f59b190eb0ed6cee1ba2a4cc8908a386ca7
f812b853fcf60f7c420e6a090abedb7fc8e0bda79ee6e127395dd42feb7cf6d2,MITDB_P114,114,175000000,3,20260927,MODEL_V2_TCN_MEAN,0,-0.3107483983039856,0.42293205857276917,5,V2-004-D1-TCNMEAN-F03-S20260927,f02c47aad1549dbd9710aef224c49f59b190eb0ed6cee1ba2a4cc8908a386ca7
f819ffd39ec901ae0f68eec63636c32a2a95d75a688d7f026cfec136ce7227c1,MITDB_P208,208,1470000000,3,20260927,MODEL_V2_TCN_MEAN,1,10.052751541137695,0.9999569654464722,5,V2-004-D1-TCNMEAN-F03-S20260927,f02c47aad1549dbd9710aef224c49f59b190eb0ed6cee1ba2a4cc8908a386ca7
f822b03d2ae555a3894d2bb4905a8076e9412bffdeac6ad4c085d028f093d820,MITDB_P208,208,1635000000,3,20260927,MODEL_V2_TCN_MEAN,1,13.12890625,0.9999979734420776,5,V2-004-D1-TCNMEAN-F03-S20260927,f02c47aad1549dbd9710aef224c49f59b190eb0ed6cee1ba2a4cc8908a386ca7
f82309232a7e3b241da560d867a5b1c137a8469057129bb08ead212ceddf8fbd,MITDB_P103,103,1185000000,3,20260927,MODEL_V2_TCN_MEAN,0,-2.4587249755859375,0.07880284637212753,5,V2-004-D1-TCNMEAN-F03-S20260927,f02c47aad1549dbd9710aef224c49f59b190eb0ed6cee1ba2a4cc8908a386ca7
f82fa70f2bf46eb84323f1e944f2b75c0ab0c5c136723a124a10f31ff7784151,MITDB_P223,223,1250000000,3,20260927,MODEL_V2_TCN_MEAN,0,-2.7325518131256104,0.061079658567905426,5,V2-004-D1-TCNMEAN-F03-S20260927,f02c47aad1549dbd9710aef224c49f59b190eb0ed6cee1ba2a4cc8908a386ca7
f8565ad20cd42483b3d4ca1aad8a993c7da50f397017ae88b4be4154f71b5c2c,MITDB_P103,103,170000000,3,20260927,MODEL_V2_TCN_MEAN,0,-2.877690315246582,0.05326749011874199,5,V2-004-D1-TCNMEAN-F03-S20260927,f02c47aad1549dbd9710aef224c49f59b190eb0ed6cee1ba2a4cc8908a386ca7
f8976be7754d17737f43923eea9ef1e01af8575ccf0f68b1fded7ac9daa1e740,MITDB_P114,114,25000000,3,20260927,MODEL_V2_TCN_MEAN,0,-0.5485574007034302,0.36619916558265686,5,V2-004-D1-TCNMEAN-F03-S20260927,f02c47aad1549dbd9710aef224c49f59b190eb0ed6cee1ba2a4cc8908a386ca7
f8a13523111ed48731ff0e6c453fa15f7aa205f041ba7da8576227ead25ac24c,MITDB_P103,103,1525000000,3,20260927,MODEL_V2_TCN_MEAN,0,-2.1130776405334473,0.10783223062753677,5,V2-004-D1-TCNMEAN-F03-S20260927,f02c47aad1549dbd9710aef224c49f59b190eb0ed6cee1ba2a4cc8908a386ca7
f8b0c8a6eb0382a53ade9582d425b28f46f0e32ad91d40c040c3ebd92815a6bc,MITDB_P103,103,40000000,3,20260927,MODEL_V2_TCN_MEAN,0,-3.588096857070923,0.026906903833150864,5,V2-004-D1-TCNMEAN-F03-S20260927,f02c47aad1549dbd9710aef224c49f59b190eb0ed6cee1ba2a4cc8908a386ca7
f8b0e083aeca48e71d16d754ca2d74e50ca7cc81a8d035b57209e91ceaf3dadf,MITDB_P208,208,810000000,3,20260927,MODEL_V2_TCN_MEAN,1,14.159717559814453,0.9999992847442627,5,V2-004-D1-TCNMEAN-F03-S20260927,f02c47aad1549dbd9710aef224c49f59b190eb0ed6cee1ba2a4cc8908a386ca7
f8b3939498452faa68cea436101a4babcb98cb890755cf80f2c62943af652026,MITDB_P114,114,630000000,3,20260927,MODEL_V2_TCN_MEAN,0,1.4200053215026855,0.8053392767906189,5,V2-004-D1-TCNMEAN-F03-S20260927,f02c47aad1549dbd9710aef224c49f59b190eb0ed6cee1ba2a4cc8908a386ca7
f902b6ca6752e5cedad374cdce593c2248df776b9db5bccefe1ad09cf37c12da,MITDB_P223,223,1750000000,3,20260927,MODEL_V2_TCN_MEAN,1,10.968177795410156,0.9999827146530151,5,V2-004-D1-TCNMEAN-F03-S20260927,f02c47aad1549dbd9710aef224c49f59b190eb0ed6cee1ba2a4cc8908a386ca7
f9224b887e14cf4c417a33531c843fd2e95bdb936f3c15db596bff240ec474ff,MITDB_P208,208,1675000000,3,20260927,MODEL_V2_TCN_MEAN,1,11.682014465332031,0.9999915361404419,5,V2-004-D1-TCNMEAN-F03-S20260927,f02c47aad1549dbd9710aef224c49f59b190eb0ed6cee1ba2a4cc8908a386ca7
f92bf19f8442fdab80ee0bc5413200ed8f8e98771c30b34f071b9d735040d6c5,MITDB_P114,114,640000000,3,20260927,MODEL_V2_TCN_MEAN,0,1.7080202102661133,0.8465793132781982,5,V2-004-D1-TCNMEAN-F03-S20260927,f02c47aad1549dbd9710aef224c49f59b190eb0ed6cee1ba2a4cc8908a386ca7
f971c172366820fddfe2d3c1e2e3f1140aed8b2fb254a565cc9e722184d214ed,MITDB_P121,121,1230000000,3,20260927,MODEL_V2_TCN_MEAN,0,-4.074187278747559,0.016721662133932114,5,V2-004-D1-TCNMEAN-F03-S20260927,f02c47aad1549dbd9710aef224c49f59b190eb0ed6cee1ba2a4cc8908a386ca7
f9a87e60c5f04bc2dfed72ff20e767555c86d1bdabe9d28635e844a908d77a05,MITDB_P223,223,1475000000,3,20260927,MODEL_V2_TCN_MEAN,0,-2.609065532684326,0.0685572549700737,5,V2-004-D1-TCNMEAN-F03-S20260927,f02c47aad1549dbd9710aef224c49f59b190eb0ed6cee1ba2a4cc8908a386ca7
f9aa108c44efe47a165e48da6a88e06b8368a821d96fe40290aedb82becc9857,MITDB_P103,103,1685000000,3,20260927,MODEL_V2_TCN_MEAN,0,-1.0925025939941406,0.2511473000049591,5,V2-004-D1-TCNMEAN-F03-S20260927,f02c47aad1549dbd9710aef224c49f59b190eb0ed6cee1ba2a4cc8908a386ca7
f9ac48ca31af556008404f8d3154d97ebe51e5a1e48132b13191d5df01955859,MITDB_P114,114,920000000,3,20260927,MODEL_V2_TCN_MEAN,0,2.8640730381011963,0.9460416436195374,5,V2-004-D1-TCNMEAN-F03-S20260927,f02c47aad1549dbd9710aef224c49f59b190eb0ed6cee1ba2a4cc8908a386ca7
f9c68e20a28a13aa93c5ccd5e9bba53c1fe2869826526bd7d42c4ad8c5f2080c,MITDB_P121,121,1785000000,3,20260927,MODEL_V2_TCN_MEAN,0,-6.419661045074463,0.001626558369025588,5,V2-004-D1-TCNMEAN-F03-S20260927,f02c47aad1549dbd9710aef224c49f59b190eb0ed6cee1ba2a4cc8908a386ca7
f9c9823fbd6ef1bfbf8c3e04282d454349aecf02ab04ffb56a55c5ad9fbac90c,MITDB_P208,208,675000000,3,20260927,MODEL_V2_TCN_MEAN,1,13.386822700500488,0.9999984502792358,5,V2-004-D1-TCNMEAN-F03-S20260927,f02c47aad1549dbd9710aef224c49f59b190eb0ed6cee1ba2a4cc8908a386ca7
f9d477416d4a4f418e9aef872ca672cb0af34263f5f83e76d4471dbd406a1ea5,MITDB_P223,223,1590000000,3,20260927,MODEL_V2_TCN_MEAN,0,-2.984391927719116,0.048135992139577866,5,V2-004-D1-TCNMEAN-F03-S20260927,f02c47aad1549dbd9710aef224c49f59b190eb0ed6cee1ba2a4cc8908a386ca7
f9d53b7a037b8cf6688721983f09ad362cbbc778f81bae13af4812a0e6bb86e5,MITDB_P121,121,975000000,3,20260927,MODEL_V2_TCN_MEAN,0,-4.583337783813477,0.010117318481206894,5,V2-004-D1-TCNMEAN-F03-S20260927,f02c47aad1549dbd9710aef224c49f59b190eb0ed6cee1ba2a4cc8908a386ca7
f9e301629b71345cf1869ce0f3ac5e4fd27a4f35bed402418834eae8fd7acde9,MITDB_P223,223,1600000000,3,20260927,MODEL_V2_TCN_MEAN,1,1.5207064151763916,0.8206424713134766,5,V2-004-D1-TCNMEAN-F03-S20260927,f02c47aad1549dbd9710aef224c49f59b190eb0ed6cee1ba2a4cc8908a386ca7
fa1707cec15cd68eb74c2d5f2302d71f526d6ef0def8aba2bfb4d0819a8cc3a6,MITDB_P121,121,1120000000,3,20260927,MODEL_V2_TCN_MEAN,0,-3.621250867843628,0.026052318513393402,5,V2-004-D1-TCNMEAN-F03-S20260927,f02c47aad1549dbd9710aef224c49f59b190eb0ed6cee1ba2a4cc8908a386ca7
fa27f215a082b72dd2f864e77c2bd099786ca9acb61b79b067adf1f3c24baccb,MITDB_P223,223,1680000000,3,20260927,MODEL_V2_TCN_MEAN,1,15.546424865722656,0.9999998807907104,5,V2-004-D1-TCNMEAN-F03-S20260927,f02c47aad1549dbd9710aef224c49f59b190eb0ed6cee1ba2a4cc8908a386ca7
fa3d33e991a2791ab9f890061611cf21f943e8f7fa44f28496f8fe04ca0bfef5,MITDB_P121,121,1305000000,3,20260927,MODEL_V2_TCN_MEAN,0,-4.122605323791504,0.015943920239806175,5,V2-004-D1-TCNMEAN-F03-S20260927,f02c47aad1549dbd9710aef224c49f59b190eb0ed6cee1ba2a4cc8908a386ca7
fa4657c1d93ced3528f5dbd43e8fcb163a3965c382d9636ce2a22490b0d39d0d,MITDB_P208,208,830000000,3,20260927,MODEL_V2_TCN_MEAN,1,15.921819686889648,0.9999998807907104,5,V2-004-D1-TCNMEAN-F03-S20260927,f02c47aad1549dbd9710aef224c49f59b190eb0ed6cee1ba2a4cc8908a386ca7
fa7adf73085c79cbabdaeb72a2b644a1aed9d6e5ba966bdf5ae9d0d43900a8e0,MITDB_P223,223,1005000000,3,20260927,MODEL_V2_TCN_MEAN,0,-2.458158016204834,0.07884401082992554,5,V2-004-D1-TCNMEAN-F03-S20260927,f02c47aad1549dbd9710aef224c49f59b190eb0ed6cee1ba2a4cc8908a386ca7
fa9d99df51ae6c9c046b9a16b3ac2685227c4674ce170099bcf35d08a2f48fd2,MITDB_P223,223,825000000,3,20260927,MODEL_V2_TCN_MEAN,1,6.1606645584106445,0.9978936314582825,5,V2-004-D1-TCNMEAN-F03-S20260927,f02c47aad1549dbd9710aef224c49f59b190eb0ed6cee1ba2a4cc8908a386ca7
facc1176a6aaaee8d6a3ef12936b5e12e1379088f4a6e1050a433168159194ad,MITDB_P114,114,1040000000,3,20260927,MODEL_V2_TCN_MEAN,0,1.8314712047576904,0.8619369268417358,5,V2-004-D1-TCNMEAN-F03-S20260927,f02c47aad1549dbd9710aef224c49f59b190eb0ed6cee1ba2a4cc8908a386ca7
faf6fbfa915d1dd7f0c72ad0698e8965c977095094db0c2c81e2accf7616a9b7,MITDB_P114,114,570000000,3,20260927,MODEL_V2_TCN_MEAN,1,16.05301856994629,0.9999998807907104,5,V2-004-D1-TCNMEAN-F03-S20260927,f02c47aad1549dbd9710aef224c49f59b190eb0ed6cee1ba2a4cc8908a386ca7
fb1316dce96dad74f3ad86da88ac220848a45a81e799e9c4c9faf0fe321004ad,MITDB_P121,121,1425000000,3,20260927,MODEL_V2_TCN_MEAN,0,-3.809434175491333,0.02168026566505432,5,V2-004-D1-TCNMEAN-F03-S20260927,f02c47aad1549dbd9710aef224c49f59b190eb0ed6cee1ba2a4cc8908a386ca7
fb4c91940f36eb7b34993ab9484c45498506cc7100836661ccdcbc49ff75d973,MITDB_P223,223,795000000,3,20260927,MODEL_V2_TCN_MEAN,1,8.560352325439453,0.9998084902763367,5,V2-004-D1-TCNMEAN-F03-S20260927,f02c47aad1549dbd9710aef224c49f59b190eb0ed6cee1ba2a4cc8908a386ca7
fb8828b6b5b9777022a7dba3b0c822c0cf8ae825946820dbd6ae45a5dee27cbd,MITDB_P114,114,615000000,3,20260927,MODEL_V2_TCN_MEAN,0,1.5604028701782227,0.8264111876487732,5,V2-004-D1-TCNMEAN-F03-S20260927,f02c47aad1549dbd9710aef224c49f59b190eb0ed6cee1ba2a4cc8908a386ca7
fbc4bceb4d383c9a7926175caaf5b515f331224e5a63aaa6a22a83a227956241,MITDB_P114,114,625000000,3,20260927,MODEL_V2_TCN_MEAN,0,2.5842537879943848,0.9298412799835205,5,V2-004-D1-TCNMEAN-F03-S20260927,f02c47aad1549dbd9710aef224c49f59b190eb0ed6cee1ba2a4cc8908a386ca7
fbcdeb595f76cd8c84efcea3a03806fd6b1a86a3c08c978d5094f5e0130039b7,MITDB_P114,114,455000000,3,20260927,MODEL_V2_TCN_MEAN,1,4.709242343902588,0.9910688400268555,5,V2-004-D1-TCNMEAN-F03-S20260927,f02c47aad1549dbd9710aef224c49f59b190eb0ed6cee1ba2a4cc8908a386ca7
fbd4ba02bfcf79047d326e6ee10ab032b0696a6c663c0d60476b29ef72e1c8f6,MITDB_P223,223,1480000000,3,20260927,MODEL_V2_TCN_MEAN,0,-2.5071656703948975,0.0753573626279831,5,V2-004-D1-TCNMEAN-F03-S20260927,f02c47aad1549dbd9710aef224c49f59b190eb0ed6cee1ba2a4cc8908a386ca7
fbd65dd4038dde9682296c43502819937ce19d3502a5d9aa2de1c032bf4317fe,MITDB_P208,208,1150000000,3,20260927,MODEL_V2_TCN_MEAN,1,5.945596218109131,0.9973894953727722,5,V2-004-D1-TCNMEAN-F03-S20260927,f02c47aad1549dbd9710aef224c49f59b190eb0ed6cee1ba2a4cc8908a386ca7
fbd8201e0301d76b2f8716991a90c8241e91fa406646ff516f459d3772661ecf,MITDB_P208,208,1115000000,3,20260927,MODEL_V2_TCN_MEAN,1,5.8737006187438965,0.9971953630447388,5,V2-004-D1-TCNMEAN-F03-S20260927,f02c47aad1549dbd9710aef224c49f59b190eb0ed6cee1ba2a4cc8908a386ca7
fc24882d73d81f77077fa05e5f48b57ec1f8c746ed3237eaa1494b869b2378fc,MITDB_P114,114,145000000,3,20260927,MODEL_V2_TCN_MEAN,0,-0.02473534643650055,0.49381643533706665,5,V2-004-D1-TCNMEAN-F03-S20260927,f02c47aad1549dbd9710aef224c49f59b190eb0ed6cee1ba2a4cc8908a386ca7
fc4ec724703b6d7d7b3d194e1f0a2d0e1181c912d6817c0d455f9677f45a9826,MITDB_P121,121,1050000000,3,20260927,MODEL_V2_TCN_MEAN,0,-3.97572660446167,0.01841999776661396,5,V2-004-D1-TCNMEAN-F03-S20260927,f02c47aad1549dbd9710aef224c49f59b190eb0ed6cee1ba2a4cc8908a386ca7
fc790ac020a03af5f8328897643fc08aa57ba6a82a143f71248448215219eda9,MITDB_P208,208,890000000,3,20260927,MODEL_V2_TCN_MEAN,1,10.504362106323242,0.9999725818634033,5,V2-004-D1-TCNMEAN-F03-S20260927,f02c47aad1549dbd9710aef224c49f59b190eb0ed6cee1ba2a4cc8908a386ca7
fcbc080e1c0d65ccc10f468b37fdc041031525d58d8aad494adbc2037e3b7f9a,MITDB_P208,208,400000000,3,20260927,MODEL_V2_TCN_MEAN,1,10.38320541381836,0.9999690055847168,5,V2-004-D1-TCNMEAN-F03-S20260927,f02c47aad1549dbd9710aef224c49f59b190eb0ed6cee1ba2a4cc8908a386ca7
fd11b2a85b3c82f340552ea8ef93129fe34f9c16d215a89f268cdd021485f880,MITDB_P121,121,790000000,3,20260927,MODEL_V2_TCN_MEAN,0,-3.1194629669189453,0.04231153056025505,5,V2-004-D1-TCNMEAN-F03-S20260927,f02c47aad1549dbd9710aef224c49f59b190eb0ed6cee1ba2a4cc8908a386ca7
fd40df61b9c71ca93e45cce3f0d8ad897eff2210691749530a9d5d5473a5c63c,MITDB_P223,223,625000000,3,20260927,MODEL_V2_TCN_MEAN,1,4.2978315353393555,0.986584484577179,5,V2-004-D1-TCNMEAN-F03-S20260927,f02c47aad1549dbd9710aef224c49f59b190eb0ed6cee1ba2a4cc8908a386ca7
fd6833f3f2e46591a0dda13eaf87a74bda4301ce2657f308db24026f0c2a0b7e,MITDB_P114,114,785000000,3,20260927,MODEL_V2_TCN_MEAN,0,2.9219002723693848,0.9489184617996216,5,V2-004-D1-TCNMEAN-F03-S20260927,f02c47aad1549dbd9710aef224c49f59b190eb0ed6cee1ba2a4cc8908a386ca7
fda5097fec3cc75ffab28542f734a1bf306b8a9f93245b37598a39bef034277f,MITDB_P103,103,55000000,3,20260927,MODEL_V2_TCN_MEAN,0,-2.7126963138580322,0.06222831457853317,5,V2-004-D1-TCNMEAN-F03-S20260927,f02c47aad1549dbd9710aef224c49f59b190eb0ed6cee1ba2a4cc8908a386ca7
fda73ff66d0889e184243f3b9083dd7b27d81bad7e7b0957741d33f67b960621,MITDB_P114,114,400000000,3,20260927,MODEL_V2_TCN_MEAN,1,4.323425769805908,0.9869189858436584,5,V2-004-D1-TCNMEAN-F03-S20260927,f02c47aad1549dbd9710aef224c49f59b190eb0ed6cee1ba2a4cc8908a386ca7
fdbbf2594943bd2453e821c8210f8a22b118d9b27951a2940b9bb63d3dc378ae,MITDB_P103,103,830000000,3,20260927,MODEL_V2_TCN_MEAN,0,-1.9497108459472656,0.12458489835262299,5,V2-004-D1-TCNMEAN-F03-S20260927,f02c47aad1549dbd9710aef224c49f59b190eb0ed6cee1ba2a4cc8908a386ca7
fdfb548f07c8d5904a84b0abcf7ede6e47dc8c11574f7dbb88c6b0bdd845045d,MITDB_P223,223,205000000,3,20260927,MODEL_V2_TCN_MEAN,0,-2.9406332969665527,0.050181079655885696,5,V2-004-D1-TCNMEAN-F03-S20260927,f02c47aad1549dbd9710aef224c49f59b190eb0ed6cee1ba2a4cc8908a386ca7
fdfdf4ea9bc9340c4217cab73a2e4c5985d05e1c21cd0c1f959d680366a97a0d,MITDB_P208,208,1295000000,3,20260927,MODEL_V2_TCN_MEAN,1,4.347093105316162,0.9872210621833801,5,V2-004-D1-TCNMEAN-F03-S20260927,f02c47aad1549dbd9710aef224c49f59b190eb0ed6cee1ba2a4cc8908a386ca7
fe0e85f6f71a45cccfe04801852f106bbf54a374b4139df466a27b0aeccbd621,MITDB_P223,223,1740000000,3,20260927,MODEL_V2_TCN_MEAN,0,-2.835514545440674,0.0554349385201931,5,V2-004-D1-TCNMEAN-F03-S20260927,f02c47aad1549dbd9710aef224c49f59b190eb0ed6cee1ba2a4cc8908a386ca7
fe4baeb8ec7c25f23ace9c936187f4fb7b947b0216bb4ce5702f280ae6dc5686,MITDB_P223,223,1290000000,3,20260927,MODEL_V2_TCN_MEAN,0,-2.7887017726898193,0.05793777108192444,5,V2-004-D1-TCNMEAN-F03-S20260927,f02c47aad1549dbd9710aef224c49f59b190eb0ed6cee1ba2a4cc8908a386ca7
fe560cc508d0fb90ee02b78b8877e586c2a2acbe01f27b2e36acdd3bb69607a1,MITDB_P223,223,1370000000,3,20260927,MODEL_V2_TCN_MEAN,1,16.40550422668457,0.9999998807907104,5,V2-004-D1-TCNMEAN-F03-S20260927,f02c47aad1549dbd9710aef224c49f59b190eb0ed6cee1ba2a4cc8908a386ca7
fe67681a86dcb43cc7466353f5f95a0e2783b496a0dc186ea4790213813215d2,MITDB_P103,103,1000000000,3,20260927,MODEL_V2_TCN_MEAN,0,-2.691162347793579,0.06349686533212662,5,V2-004-D1-TCNMEAN-F03-S20260927,f02c47aad1549dbd9710aef224c49f59b190eb0ed6cee1ba2a4cc8908a386ca7
fe99b96eb1689fa2cbb83500ecab2734d9aeeabbdd66653b77f45fe342f8dc1b,MITDB_P121,121,155000000,3,20260927,MODEL_V2_TCN_MEAN,0,-4.028496742248535,0.017489733174443245,5,V2-004-D1-TCNMEAN-F03-S20260927,f02c47aad1549dbd9710aef224c49f59b190eb0ed6cee1ba2a4cc8908a386ca7
fecebef43eb3f2870e51ebe72b97cc56a1ec18e7993de412ebd84640818672d5,MITDB_P223,223,1215000000,3,20260927,MODEL_V2_TCN_MEAN,0,-2.891303539276123,0.052585139870643616,5,V2-004-D1-TCNMEAN-F03-S20260927,f02c47aad1549dbd9710aef224c49f59b190eb0ed6cee1ba2a4cc8908a386ca7
ff059754bc99124cd52fd9aa9f4f505d5128170d6d6b43a191d8b2306f5a5bca,MITDB_P208,208,1530000000,3,20260927,MODEL_V2_TCN_MEAN,1,12.423038482666016,0.9999959468841553,5,V2-004-D1-TCNMEAN-F03-S20260927,f02c47aad1549dbd9710aef224c49f59b190eb0ed6cee1ba2a4cc8908a386ca7
ff20a7255e4a88826eff6f5edf6d08669121aa674d7fa5dd3ff34ad2ab53de8d,MITDB_P121,121,1280000000,3,20260927,MODEL_V2_TCN_MEAN,0,-4.243160724639893,0.014158775098621845,5,V2-004-D1-TCNMEAN-F03-S20260927,f02c47aad1549dbd9710aef224c49f59b190eb0ed6cee1ba2a4cc8908a386ca7
ff5b27d3f5787c07f58b555b2e76c4cf343ae1eeaf853ecd479f050568432765,MITDB_P114,114,205000000,3,20260927,MODEL_V2_TCN_MEAN,0,-0.00831468403339386,0.49792131781578064,5,V2-004-D1-TCNMEAN-F03-S20260927,f02c47aad1549dbd9710aef224c49f59b190eb0ed6cee1ba2a4cc8908a386ca7
ff5f3dfdec2ac9d2cc14946e0cad8014346d2cb7546ee59ec94056abeed97403,MITDB_P223,223,1390000000,3,20260927,MODEL_V2_TCN_MEAN,1,15.827420234680176,0.9999998807907104,5,V2-004-D1-TCNMEAN-F03-S20260927,f02c47aad1549dbd9710aef224c49f59b190eb0ed6cee1ba2a4cc8908a386ca7
ff9939539fda98f2ca53686f21576e669b20688671bfeb919522b636441e7db7,MITDB_P223,223,960000000,3,20260927,MODEL_V2_TCN_MEAN,0,-3.1117777824401855,0.042624037712812424,5,V2-004-D1-TCNMEAN-F03-S20260927,f02c47aad1549dbd9710aef224c49f59b190eb0ed6cee1ba2a4cc8908a386ca7
ff9b43e4c3322717f6ecfea9e4c7e4e21d1e38ede3ea878cbbcb7916d1e788e8,MITDB_P223,223,1095000000,3,20260927,MODEL_V2_TCN_MEAN,1,-2.409409523010254,0.08245798200368881,5,V2-004-D1-TCNMEAN-F03-S20260927,f02c47aad1549dbd9710aef224c49f59b190eb0ed6cee1ba2a4cc8908a386ca7
ff9e404bc5e812dc93554a54a0946e0acba9f9a41298e7d9944451feb3d7d2e5,MITDB_P223,223,450000000,3,20260927,MODEL_V2_TCN_MEAN,0,-0.6236057281494141,0.34896183013916016,5,V2-004-D1-TCNMEAN-F03-S20260927,f02c47aad1549dbd9710aef224c49f59b190eb0ed6cee1ba2a4cc8908a386ca7
ffed61e89c3f4d1ebf4a9ab14f9eec6586f6439b74d482f528f6ad56e06fd4dc,MITDB_P114,114,735000000,3,20260927,MODEL_V2_TCN_MEAN,1,8.316873550415039,0.9997556805610657,5,V2-004-D1-TCNMEAN-F03-S20260927,f02c47aad1549dbd9710aef224c49f59b190eb0ed6cee1ba2a4cc8908a386ca7
