
> nhm-frontend@0.1.0 build
> vite build

vite v6.4.3 building SSR bundle for production...
transforming...
7:10:49 pm [vite-plugin-svelte] src/routes/+page.svelte:591:9 Unused CSS selector "h3"
https://svelte.dev/e/css_unused_selector
589:   
590:   /* Typography */
591:   h1, h2, h3, .brand__name, .hardware__title { font-family: var(--font-sans); margin: 0; }
                 ^
592:   .text-gradient { background: linear-gradient(135deg, #ffffff 0%, var(--accent) 100%); background-clip: text; -webkit-background-clip: text; -webkit-text-fill-color: transparent; }
593:   .glow-text { text-shadow: 0 0 20px var(--accent-glow); }
7:10:49 pm [vite-plugin-svelte] src/routes/+page.svelte:604:1 Unused CSS selector ".glass-panel-sm"
https://svelte.dev/e/css_unused_selector
602:   /* Glassmorphism & Cards */
603:   .glass-panel { background: rgba(255,255,255,0.02); backdrop-filter: blur(24px); -webkit-backdrop-filter: blur(24px); border: 1px solid var(--border-dark); border-radius: 32px; box-shadow: 0 40px 80px rgba(0,0,0,0.5), inset 0 1px 0 rgba(255,255,255,0.05); }
604:   .glass-panel-sm { background: rgba(255,255,255,0.02); backdrop-filter: blur(16px); -webkit-backdrop-filter: blur(16px); border: 1px solid var(--border-dark); border-radius: 20px; }
                      ^
605:   .card-light { background: #ffffff; border: 1px solid var(--border-light); border-radius: 24px; box-shadow: 0 20px 40px rgba(15,23,42,0.04); }
606: 
7:10:49 pm [vite-plugin-svelte] src/routes/+page.svelte:605:1 Unused CSS selector ".card-light"
https://svelte.dev/e/css_unused_selector
603:   .glass-panel { background: rgba(255,255,255,0.02); backdrop-filter: blur(24px); -webkit-backdrop-filter: blur(24px); border: 1px solid var(--border-dark); border-radius: 32px; box-shadow: 0 40px 80px rgba(0,0,0,0.5), inset 0 1px 0 rgba(255,255,255,0.05); }
604:   .glass-panel-sm { background: rgba(255,255,255,0.02); backdrop-filter: blur(16px); -webkit-backdrop-filter: blur(16px); border: 1px solid var(--border-dark); border-radius: 20px; }
605:   .card-light { background: #ffffff; border: 1px solid var(--border-light); border-radius: 24px; box-shadow: 0 20px 40px rgba(15,23,42,0.04); }
                  ^
606: 
607:   /* Buttons */
7:10:49 pm [vite-plugin-svelte] src/routes/+page.svelte:612:1 Unused CSS selector ".section-light .button--light"
https://svelte.dev/e/css_unused_selector
610:   .button--light { background: #f8fafc !important; color: #030712 !important; border-color: #f8fafc; }
611:   .button--light:hover { background: transparent !important; color: #f8fafc !important; border-color: rgba(255,255,255,0.55); }
612:   .section-light .button--light { background: #030712 !important; color: #f8fafc !important; border-color: #030712; }
                                    ^
613:   .section-light .button--light:hover { background: transparent !important; color: #030712 !important; border-color: rgba(3,7,18,.4); }
614:   .button--dark { background: var(--bg-dark); color: var(--text-main); }
7:10:49 pm [vite-plugin-svelte] src/routes/+page.svelte:613:1 Unused CSS selector ".section-light .button--light:hover"
https://svelte.dev/e/css_unused_selector
611:   .button--light:hover { background: transparent !important; color: #f8fafc !important; border-color: rgba(255,255,255,0.55); }
612:   .section-light .button--light { background: #030712 !important; color: #f8fafc !important; border-color: #030712; }
613:   .section-light .button--light:hover { background: transparent !important; color: #030712 !important; border-color: rgba(3,7,18,.4); }
                                          ^
614:   .button--dark { background: var(--bg-dark); color: var(--text-main); }
615:   .button--dark:hover { background: transparent; color: var(--bg-dark); border-color: var(--bg-dark); }
7:10:49 pm [vite-plugin-svelte] src/routes/+page.svelte:614:1 Unused CSS selector ".button--dark"
https://svelte.dev/e/css_unused_selector
612:   .section-light .button--light { background: #030712 !important; color: #f8fafc !important; border-color: #030712; }
613:   .section-light .button--light:hover { background: transparent !important; color: #030712 !important; border-color: rgba(3,7,18,.4); }
614:   .button--dark { background: var(--bg-dark); color: var(--text-main); }
                    ^
615:   .button--dark:hover { background: transparent; color: var(--bg-dark); border-color: var(--bg-dark); }
616:   .button--glow { box-shadow: 0 0 30px var(--accent-glow); }
7:10:49 pm [vite-plugin-svelte] src/routes/+page.svelte:615:1 Unused CSS selector ".button--dark:hover"
https://svelte.dev/e/css_unused_selector
613:   .section-light .button--light:hover { background: transparent !important; color: #030712 !important; border-color: rgba(3,7,18,.4); }
614:   .button--dark { background: var(--bg-dark); color: var(--text-main); }
615:   .button--dark:hover { background: transparent; color: var(--bg-dark); border-color: var(--bg-dark); }
                          ^
616:   .button--glow { box-shadow: 0 0 30px var(--accent-glow); }
617:   .button--glass { background: rgba(255,255,255,0.05); backdrop-filter: blur(16px); -webkit-backdrop-filter: blur(16px); border: 1px solid var(--border-dark); color: var(--text-main); font-family: var(--font-mono); font-size: 11px; text-transform: uppercase; letter-spacing: 0.1em; padding: 12px 20px; border-radius: 999px; display: inline-flex; align-items: center; gap: 12px; transition: all 0.3s; }
7:10:49 pm [vite-plugin-svelte] src/routes/+page.svelte:687:1 Unused CSS selector ".hero__device-label"
https://svelte.dev/e/css_unused_selector
685:   .hero__device { position: relative; width: 100%; height: 700px; overflow: visible; z-index: 30; }
686:   
687:   .hero__device-label { position: absolute; z-index: 12; display: inline-flex; align-items: center; gap: 10px; padding: 10px 16px; font-family: var(--font-mono); font-size: 10px; letter-spacing: 0.1em; color: var(--text-main); }
                          ^
688:   .hero__device-label--one { top: 20%; left: 0%; }
689:   .hero__device-label--two { top: 50%; right: -5%; }
7:10:49 pm [vite-plugin-svelte] src/routes/+page.svelte:688:1 Unused CSS selector ".hero__device-label--one"
https://svelte.dev/e/css_unused_selector
686:   
687:   .hero__device-label { position: absolute; z-index: 12; display: inline-flex; align-items: center; gap: 10px; padding: 10px 16px; font-family: var(--font-mono); font-size: 10px; letter-spacing: 0.1em; color: var(--text-main); }
688:   .hero__device-label--one { top: 20%; left: 0%; }
                               ^
689:   .hero__device-label--two { top: 50%; right: -5%; }
690:   .hero__device-label--three { bottom: 15%; left: 20%; }
7:10:49 pm [vite-plugin-svelte] src/routes/+page.svelte:689:1 Unused CSS selector ".hero__device-label--two"
https://svelte.dev/e/css_unused_selector
687:   .hero__device-label { position: absolute; z-index: 12; display: inline-flex; align-items: center; gap: 10px; padding: 10px 16px; font-family: var(--font-mono); font-size: 10px; letter-spacing: 0.1em; color: var(--text-main); }
688:   .hero__device-label--one { top: 20%; left: 0%; }
689:   .hero__device-label--two { top: 50%; right: -5%; }
                               ^
690:   .hero__device-label--three { bottom: 15%; left: 20%; }
691:   
7:10:49 pm [vite-plugin-svelte] src/routes/+page.svelte:690:1 Unused CSS selector ".hero__device-label--three"
https://svelte.dev/e/css_unused_selector
688:   .hero__device-label--one { top: 20%; left: 0%; }
689:   .hero__device-label--two { top: 50%; right: -5%; }
690:   .hero__device-label--three { bottom: 15%; left: 20%; }
                                 ^
691:   
692:   .signal-dot { width: 8px; height: 8px; border-radius: 50%; background: var(--accent); box-shadow: 0 0 16px var(--accent); }
7:10:49 pm [vite-plugin-svelte] src/routes/+page.svelte:692:1 Unused CSS selector ".signal-dot"
https://svelte.dev/e/css_unused_selector
690:   .hero__device-label--three { bottom: 15%; left: 20%; }
691:   
692:   .signal-dot { width: 8px; height: 8px; border-radius: 50%; background: var(--accent); box-shadow: 0 0 16px var(--accent); }
                  ^
693:   .neon-blue { background: #38bdf8; box-shadow: 0 0 16px #38bdf8; }
694: 
7:10:49 pm [vite-plugin-svelte] src/routes/+page.svelte:693:1 Unused CSS selector ".neon-blue"
https://svelte.dev/e/css_unused_selector
691:   
692:   .signal-dot { width: 8px; height: 8px; border-radius: 50%; background: var(--accent); box-shadow: 0 0 16px var(--accent); }
693:   .neon-blue { background: #38bdf8; box-shadow: 0 0 16px #38bdf8; }
                 ^
694: 
695:   .hero__signal { position: absolute; right: 0; bottom: 0; left: 0; z-index: 5; padding: 0 clamp(24px, 5vw, 64px) 24px; pointer-events: none; max-width: 1400px; margin: 0 auto; width: 100%; }
7:10:49 pm [vite-plugin-svelte] src/routes/+page.svelte:769:1 Unused CSS selector ".signals__grid"
https://svelte.dev/e/css_unused_selector
767:   .signals__morph { width: 100%; max-width: none; min-width: 0; text-align: right; color: #0f172a; font-size: clamp(32px, 4.2vw, 68px); text-transform: uppercase; font-family: var(--font-sans); font-weight: 600; letter-spacing: -0.045em; overflow: visible; }
768:   
769:   .signals__grid { display: grid; grid-template-columns: 1.3fr 0.7fr; gap: 40px; margin-top: 80px; }
                     ^
770:   .signal-main { padding: 40px; }
771:   .signal-main__header { display: flex; align-items: flex-start; justify-content: space-between; gap: 20px; }
7:10:49 pm [vite-plugin-svelte] src/routes/+page.svelte:770:1 Unused CSS selector ".signal-main"
https://svelte.dev/e/css_unused_selector
768:   
769:   .signals__grid { display: grid; grid-template-columns: 1.3fr 0.7fr; gap: 40px; margin-top: 80px; }
770:   .signal-main { padding: 40px; }
                   ^
771:   .signal-main__header { display: flex; align-items: flex-start; justify-content: space-between; gap: 20px; }
772:   .signal-label { color: #64748b; font-family: var(--font-mono); font-size: 10px; letter-spacing: 0.15em; }
7:10:49 pm [vite-plugin-svelte] src/routes/+page.svelte:771:1 Unused CSS selector ".signal-main__header"
https://svelte.dev/e/css_unused_selector
769:   .signals__grid { display: grid; grid-template-columns: 1.3fr 0.7fr; gap: 40px; margin-top: 80px; }
770:   .signal-main { padding: 40px; }
771:   .signal-main__header { display: flex; align-items: flex-start; justify-content: space-between; gap: 20px; }
                           ^
772:   .signal-label { color: #64748b; font-family: var(--font-mono); font-size: 10px; letter-spacing: 0.15em; }
773:   .signal-main h3 { margin: 12px 0 0; font-size: 28px; font-weight: 600; letter-spacing: -0.03em; }
7:10:49 pm [vite-plugin-svelte] src/routes/+page.svelte:772:1 Unused CSS selector ".signal-label"
https://svelte.dev/e/css_unused_selector
770:   .signal-main { padding: 40px; }
771:   .signal-main__header { display: flex; align-items: flex-start; justify-content: space-between; gap: 20px; }
772:   .signal-label { color: #64748b; font-family: var(--font-mono); font-size: 10px; letter-spacing: 0.15em; }
                    ^
773:   .signal-main h3 { margin: 12px 0 0; font-size: 28px; font-weight: 600; letter-spacing: -0.03em; }
774:   
7:10:49 pm [vite-plugin-svelte] src/routes/+page.svelte:773:1 Unused CSS selector ".signal-main h3"
https://svelte.dev/e/css_unused_selector
771:   .signal-main__header { display: flex; align-items: flex-start; justify-content: space-between; gap: 20px; }
772:   .signal-label { color: #64748b; font-family: var(--font-mono); font-size: 10px; letter-spacing: 0.15em; }
773:   .signal-main h3 { margin: 12px 0 0; font-size: 28px; font-weight: 600; letter-spacing: -0.03em; }
                      ^
774:   
775:   .live-pill { display: inline-flex; align-items: center; gap: 8px; padding: 8px 16px; border-radius: 999px; border: 1px solid #e2e8f0; background: #f8fafc; color: #0f766e; font-family: var(--font-mono); font-size: 10px; font-weight: 600; letter-spacing: 0.1em; }
7:10:49 pm [vite-plugin-svelte] src/routes/+page.svelte:775:1 Unused CSS selector ".live-pill"
https://svelte.dev/e/css_unused_selector
773:   .signal-main h3 { margin: 12px 0 0; font-size: 28px; font-weight: 600; letter-spacing: -0.03em; }
774:   
775:   .live-pill { display: inline-flex; align-items: center; gap: 8px; padding: 8px 16px; border-radius: 999px; border: 1px solid #e2e8f0; background: #f8fafc; color: #0f766e; font-family: var(--font-mono); font-size: 10px; font-weight: 600; letter-spacing: 0.1em; }
                 ^
776:   
777:   .signal-main__wave { height: 320px; margin: 40px 0; overflow: hidden; border-radius: 20px; border: 1px solid rgba(15,23,42,0.05); }
7:10:49 pm [vite-plugin-svelte] src/routes/+page.svelte:777:1 Unused CSS selector ".signal-main__wave"
https://svelte.dev/e/css_unused_selector
775:   .live-pill { display: inline-flex; align-items: center; gap: 8px; padding: 8px 16px; border-radius: 999px; border: 1px solid #e2e8f0; background: #f8fafc; color: #0f766e; font-family: var(--font-mono); font-size: 10px; font-weight: 600; letter-spacing: 0.1em; }
776:   
777:   .signal-main__wave { height: 320px; margin: 40px 0; overflow: hidden; border-radius: 20px; border: 1px solid rgba(15,23,42,0.05); }
                         ^
778:   
779:   .signal-main__footer { display: flex; justify-content: space-between; border-top: 1px solid #e2e8f0; padding-top: 24px; color: #64748b; font-family: var(--font-mono); font-size: 10px; letter-spacing: 0.15em; }
7:10:49 pm [vite-plugin-svelte] src/routes/+page.svelte:779:1 Unused CSS selector ".signal-main__footer"
https://svelte.dev/e/css_unused_selector
777:   .signal-main__wave { height: 320px; margin: 40px 0; overflow: hidden; border-radius: 20px; border: 1px solid rgba(15,23,42,0.05); }
778:   
779:   .signal-main__footer { display: flex; justify-content: space-between; border-top: 1px solid #e2e8f0; padding-top: 24px; color: #64748b; font-family: var(--font-mono); font-size: 10px; letter-spacing: 0.15em; }
                           ^
780:   
781:   .signal-stack { padding: 20px 40px; }
7:10:49 pm [vite-plugin-svelte] src/routes/+page.svelte:781:1 Unused CSS selector ".signal-stack"
https://svelte.dev/e/css_unused_selector
779:   .signal-main__footer { display: flex; justify-content: space-between; border-top: 1px solid #e2e8f0; padding-top: 24px; color: #64748b; font-family: var(--font-mono); font-size: 10px; letter-spacing: 0.15em; }
780:   
781:   .signal-stack { padding: 20px 40px; }
                    ^
782:   .signal-list-item { display: grid; grid-template-columns: 40px 1fr auto; align-items: center; gap: 20px; padding: 24px 0; border-bottom: 1px solid #e2e8f0; }
783:   .signal-list-item:last-child { border-bottom: none; }
7:10:49 pm [vite-plugin-svelte] src/routes/+page.svelte:782:1 Unused CSS selector ".signal-list-item"
https://svelte.dev/e/css_unused_selector
780:   
781:   .signal-stack { padding: 20px 40px; }
782:   .signal-list-item { display: grid; grid-template-columns: 40px 1fr auto; align-items: center; gap: 20px; padding: 24px 0; border-bottom: 1px solid #e2e8f0; }
                        ^
783:   .signal-list-item:last-child { border-bottom: none; }
784:   .signal-list-item__number { color: #94a3b8; font-family: var(--font-mono); font-size: 12px; }
7:10:49 pm [vite-plugin-svelte] src/routes/+page.svelte:783:1 Unused CSS selector ".signal-list-item:last-child"
https://svelte.dev/e/css_unused_selector
781:   .signal-stack { padding: 20px 40px; }
782:   .signal-list-item { display: grid; grid-template-columns: 40px 1fr auto; align-items: center; gap: 20px; padding: 24px 0; border-bottom: 1px solid #e2e8f0; }
783:   .signal-list-item:last-child { border-bottom: none; }
                                   ^
784:   .signal-list-item__number { color: #94a3b8; font-family: var(--font-mono); font-size: 12px; }
785:   .signal-list-item__copy strong { display: block; font-size: 18px; font-weight: 600; margin-bottom: 4px; }
7:10:49 pm [vite-plugin-svelte] src/routes/+page.svelte:784:1 Unused CSS selector ".signal-list-item__number"
https://svelte.dev/e/css_unused_selector
782:   .signal-list-item { display: grid; grid-template-columns: 40px 1fr auto; align-items: center; gap: 20px; padding: 24px 0; border-bottom: 1px solid #e2e8f0; }
783:   .signal-list-item:last-child { border-bottom: none; }
784:   .signal-list-item__number { color: #94a3b8; font-family: var(--font-mono); font-size: 12px; }
                                ^
785:   .signal-list-item__copy strong { display: block; font-size: 18px; font-weight: 600; margin-bottom: 4px; }
786:   .signal-list-item__copy span { display: block; color: #64748b; font-size: 14px; }
7:10:49 pm [vite-plugin-svelte] src/routes/+page.svelte:785:1 Unused CSS selector ".signal-list-item__copy strong"
https://svelte.dev/e/css_unused_selector
783:   .signal-list-item:last-child { border-bottom: none; }
784:   .signal-list-item__number { color: #94a3b8; font-family: var(--font-mono); font-size: 12px; }
785:   .signal-list-item__copy strong { display: block; font-size: 18px; font-weight: 600; margin-bottom: 4px; }
                                     ^
786:   .signal-list-item__copy span { display: block; color: #64748b; font-size: 14px; }
787:   .signal-list-item code { background: #f1f5f9; padding: 6px 10px; border-radius: 6px; color: #64748b; font-family: var(--font-mono); font-size: 10px; }
7:10:49 pm [vite-plugin-svelte] src/routes/+page.svelte:786:1 Unused CSS selector ".signal-list-item__copy span"
https://svelte.dev/e/css_unused_selector
784:   .signal-list-item__number { color: #94a3b8; font-family: var(--font-mono); font-size: 12px; }
785:   .signal-list-item__copy strong { display: block; font-size: 18px; font-weight: 600; margin-bottom: 4px; }
786:   .signal-list-item__copy span { display: block; color: #64748b; font-size: 14px; }
                                   ^
787:   .signal-list-item code { background: #f1f5f9; padding: 6px 10px; border-radius: 6px; color: #64748b; font-family: var(--font-mono); font-size: 10px; }
788: 
7:10:49 pm [vite-plugin-svelte] src/routes/+page.svelte:787:1 Unused CSS selector ".signal-list-item code"
https://svelte.dev/e/css_unused_selector
785:   .signal-list-item__copy strong { display: block; font-size: 18px; font-weight: 600; margin-bottom: 4px; }
786:   .signal-list-item__copy span { display: block; color: #64748b; font-size: 14px; }
787:   .signal-list-item code { background: #f1f5f9; padding: 6px 10px; border-radius: 6px; color: #64748b; font-family: var(--font-mono); font-size: 10px; }
                             ^
788: 
789:   /* =========================================================
7:10:49 pm [vite-plugin-svelte] src/routes/+page.svelte:850:1 Unused CSS selector ".system__architecture"
https://svelte.dev/e/css_unused_selector
848:   .system__matrix-wrap { margin-top: 76px; }
849:   
850:   .system__architecture { display: grid; grid-template-columns: repeat(9, 1fr); align-items: center; width: 100%; margin-top: 100px; }
                            ^
851:   .system-layer { display: flex; flex-direction: column; justify-content: center; gap: 12px; height: 200px; padding: 24px; text-align: center; }
852:   .system-layer > span { color: var(--accent); font-family: var(--font-mono); font-size: 10px; }
7:10:49 pm [vite-plugin-svelte] src/routes/+page.svelte:851:1 Unused CSS selector ".system-layer"
https://svelte.dev/e/css_unused_selector
849:   
850:   .system__architecture { display: grid; grid-template-columns: repeat(9, 1fr); align-items: center; width: 100%; margin-top: 100px; }
851:   .system-layer { display: flex; flex-direction: column; justify-content: center; gap: 12px; height: 200px; padding: 24px; text-align: center; }
                    ^
852:   .system-layer > span { color: var(--accent); font-family: var(--font-mono); font-size: 10px; }
853:   .system-layer strong { font-size: 14px; font-weight: 600; }
7:10:49 pm [vite-plugin-svelte] src/routes/+page.svelte:852:1 Unused CSS selector ".system-layer > span"
https://svelte.dev/e/css_unused_selector
850:   .system__architecture { display: grid; grid-template-columns: repeat(9, 1fr); align-items: center; width: 100%; margin-top: 100px; }
851:   .system-layer { display: flex; flex-direction: column; justify-content: center; gap: 12px; height: 200px; padding: 24px; text-align: center; }
852:   .system-layer > span { color: var(--accent); font-family: var(--font-mono); font-size: 10px; }
                           ^
853:   .system-layer strong { font-size: 14px; font-weight: 600; }
854:   .system-layer small { color: var(--text-muted); font-family: var(--font-mono); font-size: 8px; line-height: 1.6; letter-spacing: 0.1em; }
7:10:49 pm [vite-plugin-svelte] src/routes/+page.svelte:853:1 Unused CSS selector ".system-layer strong"
https://svelte.dev/e/css_unused_selector
851:   .system-layer { display: flex; flex-direction: column; justify-content: center; gap: 12px; height: 200px; padding: 24px; text-align: center; }
852:   .system-layer > span { color: var(--accent); font-family: var(--font-mono); font-size: 10px; }
853:   .system-layer strong { font-size: 14px; font-weight: 600; }
                           ^
854:   .system-layer small { color: var(--text-muted); font-family: var(--font-mono); font-size: 8px; line-height: 1.6; letter-spacing: 0.1em; }
855:   .system-layer--accent { border-color: rgba(43,184,176,0.4); background: rgba(43,184,176,0.08); }
7:10:49 pm [vite-plugin-svelte] src/routes/+page.svelte:854:1 Unused CSS selector ".system-layer small"
https://svelte.dev/e/css_unused_selector
852:   .system-layer > span { color: var(--accent); font-family: var(--font-mono); font-size: 10px; }
853:   .system-layer strong { font-size: 14px; font-weight: 600; }
854:   .system-layer small { color: var(--text-muted); font-family: var(--font-mono); font-size: 8px; line-height: 1.6; letter-spacing: 0.1em; }
                          ^
855:   .system-layer--accent { border-color: rgba(43,184,176,0.4); background: rgba(43,184,176,0.08); }
856:   .system-layer--terminal { background: rgba(14,165,233,0.08); border-color: rgba(14,165,233,0.3); }
7:10:49 pm [vite-plugin-svelte] src/routes/+page.svelte:855:1 Unused CSS selector ".system-layer--accent"
https://svelte.dev/e/css_unused_selector
853:   .system-layer strong { font-size: 14px; font-weight: 600; }
854:   .system-layer small { color: var(--text-muted); font-family: var(--font-mono); font-size: 8px; line-height: 1.6; letter-spacing: 0.1em; }
855:   .system-layer--accent { border-color: rgba(43,184,176,0.4); background: rgba(43,184,176,0.08); }
                            ^
856:   .system-layer--terminal { background: rgba(14,165,233,0.08); border-color: rgba(14,165,233,0.3); }
857:   .system-connector { height: 1px; background: linear-gradient(90deg, rgba(255,255,255,0.1), rgba(43,184,176,0.5)); }
7:10:49 pm [vite-plugin-svelte] src/routes/+page.svelte:856:1 Unused CSS selector ".system-layer--terminal"
https://svelte.dev/e/css_unused_selector
854:   .system-layer small { color: var(--text-muted); font-family: var(--font-mono); font-size: 8px; line-height: 1.6; letter-spacing: 0.1em; }
855:   .system-layer--accent { border-color: rgba(43,184,176,0.4); background: rgba(43,184,176,0.08); }
856:   .system-layer--terminal { background: rgba(14,165,233,0.08); border-color: rgba(14,165,233,0.3); }
                              ^
857:   .system-connector { height: 1px; background: linear-gradient(90deg, rgba(255,255,255,0.1), rgba(43,184,176,0.5)); }
858: 
7:10:49 pm [vite-plugin-svelte] src/routes/+page.svelte:857:1 Unused CSS selector ".system-connector"
https://svelte.dev/e/css_unused_selector
855:   .system-layer--accent { border-color: rgba(43,184,176,0.4); background: rgba(43,184,176,0.08); }
856:   .system-layer--terminal { background: rgba(14,165,233,0.08); border-color: rgba(14,165,233,0.3); }
857:   .system-connector { height: 1px; background: linear-gradient(90deg, rgba(255,255,255,0.1), rgba(43,184,176,0.5)); }
                        ^
858: 
859:   .system__globe { position: relative; display: grid; grid-template-columns: 0.8fr 1.2fr; align-items: center; min-height: 650px; margin-top: 80px; padding: 60px; overflow: hidden; }
7:10:49 pm [vite-plugin-svelte] src/routes/+page.svelte:859:1 Unused CSS selector ".system__globe"
https://svelte.dev/e/css_unused_selector
857:   .system-connector { height: 1px; background: linear-gradient(90deg, rgba(255,255,255,0.1), rgba(43,184,176,0.5)); }
858: 
859:   .system__globe { position: relative; display: grid; grid-template-columns: 0.8fr 1.2fr; align-items: center; min-height: 650px; margin-top: 80px; padding: 60px; overflow: hidden; }
                     ^
860:   .system__globe-copy { position: relative; z-index: 5; }
861:   .system__globe-copy span { color: var(--accent); font-family: var(--font-mono); font-size: 10px; letter-spacing: 0.2em; }
7:10:49 pm [vite-plugin-svelte] src/routes/+page.svelte:860:1 Unused CSS selector ".system__globe-copy"
https://svelte.dev/e/css_unused_selector
858: 
859:   .system__globe { position: relative; display: grid; grid-template-columns: 0.8fr 1.2fr; align-items: center; min-height: 650px; margin-top: 80px; padding: 60px; overflow: hidden; }
860:   .system__globe-copy { position: relative; z-index: 5; }
                          ^
861:   .system__globe-copy span { color: var(--accent); font-family: var(--font-mono); font-size: 10px; letter-spacing: 0.2em; }
862:   .system__globe-copy h3 { margin: 20px 0 0; font-size: clamp(40px, 5vw, 70px); font-weight: 500; line-height: 1; }
7:10:49 pm [vite-plugin-svelte] src/routes/+page.svelte:861:1 Unused CSS selector ".system__globe-copy span"
https://svelte.dev/e/css_unused_selector
859:   .system__globe { position: relative; display: grid; grid-template-columns: 0.8fr 1.2fr; align-items: center; min-height: 650px; margin-top: 80px; padding: 60px; overflow: hidden; }
860:   .system__globe-copy { position: relative; z-index: 5; }
861:   .system__globe-copy span { color: var(--accent); font-family: var(--font-mono); font-size: 10px; letter-spacing: 0.2em; }
                               ^
862:   .system__globe-copy h3 { margin: 20px 0 0; font-size: clamp(40px, 5vw, 70px); font-weight: 500; line-height: 1; }
863:   .globe { position: absolute !important; right: -5%; top: 50%; transform: translateY(-50%); width: min(100%, 750px); height: min(100%, 750px); }
7:10:49 pm [vite-plugin-svelte] src/routes/+page.svelte:862:1 Unused CSS selector ".system__globe-copy h3"
https://svelte.dev/e/css_unused_selector
860:   .system__globe-copy { position: relative; z-index: 5; }
861:   .system__globe-copy span { color: var(--accent); font-family: var(--font-mono); font-size: 10px; letter-spacing: 0.2em; }
862:   .system__globe-copy h3 { margin: 20px 0 0; font-size: clamp(40px, 5vw, 70px); font-weight: 500; line-height: 1; }
                             ^
863:   .globe { position: absolute !important; right: -5%; top: 50%; transform: translateY(-50%); width: min(100%, 750px); height: min(100%, 750px); }
864: 
7:10:49 pm [vite-plugin-svelte] src/routes/+page.svelte:863:1 Unused CSS selector ".globe"
https://svelte.dev/e/css_unused_selector
861:   .system__globe-copy span { color: var(--accent); font-family: var(--font-mono); font-size: 10px; letter-spacing: 0.2em; }
862:   .system__globe-copy h3 { margin: 20px 0 0; font-size: clamp(40px, 5vw, 70px); font-weight: 500; line-height: 1; }
863:   .globe { position: absolute !important; right: -5%; top: 50%; transform: translateY(-50%); width: min(100%, 750px); height: min(100%, 750px); }
             ^
864: 
865:   /* =========================================================
7:10:49 pm [vite-plugin-svelte] src/routes/+page.svelte:872:1 Unused CSS selector ".product__preview"
https://svelte.dev/e/css_unused_selector
870:   .product__heading h2 span { color: #94a3b8; display: block; }
871:   
872:   .product__preview { margin-top: 80px; background: #ffffff; border: 1px solid #e2e8f0; border-radius: 24px; box-shadow: 0 40px 100px rgba(15,23,42,0.08); overflow: hidden; }
                        ^
873:   .product__chrome { display: grid; grid-template-columns: 1fr auto 1fr; align-items: center; height: 50px; padding: 0 24px; border-bottom: 1px solid #e2e8f0; background: #f8fafc; color: #64748b; font-family: var(--font-mono); font-size: 10px; letter-spacing: 0.15em; }
874:   .product__chrome > span:last-child { justify-self: end; }
7:10:49 pm [vite-plugin-svelte] src/routes/+page.svelte:873:1 Unused CSS selector ".product__chrome"
https://svelte.dev/e/css_unused_selector
871:   
872:   .product__preview { margin-top: 80px; background: #ffffff; border: 1px solid #e2e8f0; border-radius: 24px; box-shadow: 0 40px 100px rgba(15,23,42,0.08); overflow: hidden; }
873:   .product__chrome { display: grid; grid-template-columns: 1fr auto 1fr; align-items: center; height: 50px; padding: 0 24px; border-bottom: 1px solid #e2e8f0; background: #f8fafc; color: #64748b; font-family: var(--font-mono); font-size: 10px; letter-spacing: 0.15em; }
                       ^
874:   .product__chrome > span:last-child { justify-self: end; }
875:   .chrome-dots { display: flex; gap: 8px; }
7:10:49 pm [vite-plugin-svelte] src/routes/+page.svelte:874:1 Unused CSS selector ".product__chrome > span:last-child"
https://svelte.dev/e/css_unused_selector
872:   .product__preview { margin-top: 80px; background: #ffffff; border: 1px solid #e2e8f0; border-radius: 24px; box-shadow: 0 40px 100px rgba(15,23,42,0.08); overflow: hidden; }
873:   .product__chrome { display: grid; grid-template-columns: 1fr auto 1fr; align-items: center; height: 50px; padding: 0 24px; border-bottom: 1px solid #e2e8f0; background: #f8fafc; color: #64748b; font-family: var(--font-mono); font-size: 10px; letter-spacing: 0.15em; }
874:   .product__chrome > span:last-child { justify-self: end; }
                                         ^
875:   .chrome-dots { display: flex; gap: 8px; }
876:   .chrome-dots span { width: 10px; height: 10px; border-radius: 50%; background: #cbd5e1; }
7:10:49 pm [vite-plugin-svelte] src/routes/+page.svelte:875:1 Unused CSS selector ".chrome-dots"
https://svelte.dev/e/css_unused_selector
873:   .product__chrome { display: grid; grid-template-columns: 1fr auto 1fr; align-items: center; height: 50px; padding: 0 24px; border-bottom: 1px solid #e2e8f0; background: #f8fafc; color: #64748b; font-family: var(--font-mono); font-size: 10px; letter-spacing: 0.15em; }
874:   .product__chrome > span:last-child { justify-self: end; }
875:   .chrome-dots { display: flex; gap: 8px; }
                   ^
876:   .chrome-dots span { width: 10px; height: 10px; border-radius: 50%; background: #cbd5e1; }
877:   .chrome-dots span:nth-child(1) { background: #fca5a5; }
7:10:49 pm [vite-plugin-svelte] src/routes/+page.svelte:876:1 Unused CSS selector ".chrome-dots span"
https://svelte.dev/e/css_unused_selector
874:   .product__chrome > span:last-child { justify-self: end; }
875:   .chrome-dots { display: flex; gap: 8px; }
876:   .chrome-dots span { width: 10px; height: 10px; border-radius: 50%; background: #cbd5e1; }
                        ^
877:   .chrome-dots span:nth-child(1) { background: #fca5a5; }
878:   .chrome-dots span:nth-child(2) { background: #fcd34d; }
7:10:49 pm [vite-plugin-svelte] src/routes/+page.svelte:877:1 Unused CSS selector ".chrome-dots span:nth-child(1)"
https://svelte.dev/e/css_unused_selector
875:   .chrome-dots { display: flex; gap: 8px; }
876:   .chrome-dots span { width: 10px; height: 10px; border-radius: 50%; background: #cbd5e1; }
877:   .chrome-dots span:nth-child(1) { background: #fca5a5; }
                                     ^
878:   .chrome-dots span:nth-child(2) { background: #fcd34d; }
879:   .chrome-dots span:nth-child(3) { background: #86efac; }
7:10:49 pm [vite-plugin-svelte] src/routes/+page.svelte:878:1 Unused CSS selector ".chrome-dots span:nth-child(2)"
https://svelte.dev/e/css_unused_selector
876:   .chrome-dots span { width: 10px; height: 10px; border-radius: 50%; background: #cbd5e1; }
877:   .chrome-dots span:nth-child(1) { background: #fca5a5; }
878:   .chrome-dots span:nth-child(2) { background: #fcd34d; }
                                     ^
879:   .chrome-dots span:nth-child(3) { background: #86efac; }
880:   
7:10:49 pm [vite-plugin-svelte] src/routes/+page.svelte:879:1 Unused CSS selector ".chrome-dots span:nth-child(3)"
https://svelte.dev/e/css_unused_selector
877:   .chrome-dots span:nth-child(1) { background: #fca5a5; }
878:   .chrome-dots span:nth-child(2) { background: #fcd34d; }
879:   .chrome-dots span:nth-child(3) { background: #86efac; }
                                     ^
880:   
881:   .live-indicator { display: flex; align-items: center; gap: 8px; font-weight: 600; color: #0f766e; }
7:10:49 pm [vite-plugin-svelte] src/routes/+page.svelte:881:1 Unused CSS selector ".live-indicator"
https://svelte.dev/e/css_unused_selector
879:   .chrome-dots span:nth-child(3) { background: #86efac; }
880:   
881:   .live-indicator { display: flex; align-items: center; gap: 8px; font-weight: 600; color: #0f766e; }
                      ^
882:   
883:   .product__screen { padding: clamp(40px, 6vw, 80px); background: #ffffff; }
7:10:49 pm [vite-plugin-svelte] src/routes/+page.svelte:883:1 Unused CSS selector ".product__screen"
https://svelte.dev/e/css_unused_selector
881:   .live-indicator { display: flex; align-items: center; gap: 8px; font-weight: 600; color: #0f766e; }
882:   
883:   .product__screen { padding: clamp(40px, 6vw, 80px); background: #ffffff; }
                       ^
884:   .monitor-copy span { color: #0d9488; font-family: var(--font-mono); font-size: 10px; letter-spacing: 0.15em; font-weight: 600; }
885:   .monitor-copy h3 { max-width: 800px; margin: 16px 0; font-size: clamp(40px, 5vw, 64px); font-weight: 500; line-height: 1; letter-spacing: -0.04em; }
7:10:49 pm [vite-plugin-svelte] src/routes/+page.svelte:884:1 Unused CSS selector ".monitor-copy span"
https://svelte.dev/e/css_unused_selector
882:   
883:   .product__screen { padding: clamp(40px, 6vw, 80px); background: #ffffff; }
884:   .monitor-copy span { color: #0d9488; font-family: var(--font-mono); font-size: 10px; letter-spacing: 0.15em; font-weight: 600; }
                         ^
885:   .monitor-copy h3 { max-width: 800px; margin: 16px 0; font-size: clamp(40px, 5vw, 64px); font-weight: 500; line-height: 1; letter-spacing: -0.04em; }
886:   .monitor-copy p { max-width: 500px; margin: 0; color: #64748b; font-size: 18px; line-height: 1.6; }
7:10:49 pm [vite-plugin-svelte] src/routes/+page.svelte:885:1 Unused CSS selector ".monitor-copy h3"
https://svelte.dev/e/css_unused_selector
883:   .product__screen { padding: clamp(40px, 6vw, 80px); background: #ffffff; }
884:   .monitor-copy span { color: #0d9488; font-family: var(--font-mono); font-size: 10px; letter-spacing: 0.15em; font-weight: 600; }
885:   .monitor-copy h3 { max-width: 800px; margin: 16px 0; font-size: clamp(40px, 5vw, 64px); font-weight: 500; line-height: 1; letter-spacing: -0.04em; }
                       ^
886:   .monitor-copy p { max-width: 500px; margin: 0; color: #64748b; font-size: 18px; line-height: 1.6; }
887:   
7:10:49 pm [vite-plugin-svelte] src/routes/+page.svelte:886:1 Unused CSS selector ".monitor-copy p"
https://svelte.dev/e/css_unused_selector
884:   .monitor-copy span { color: #0d9488; font-family: var(--font-mono); font-size: 10px; letter-spacing: 0.15em; font-weight: 600; }
885:   .monitor-copy h3 { max-width: 800px; margin: 16px 0; font-size: clamp(40px, 5vw, 64px); font-weight: 500; line-height: 1; letter-spacing: -0.04em; }
886:   .monitor-copy p { max-width: 500px; margin: 0; color: #64748b; font-size: 18px; line-height: 1.6; }
                      ^
887:   
888:   .monitor-vitals { display: grid; grid-template-columns: repeat(2, minmax(0,1fr)); gap: 24px; max-width: 700px; margin-top: 60px; }
7:10:49 pm [vite-plugin-svelte] src/routes/+page.svelte:888:1 Unused CSS selector ".monitor-vitals"
https://svelte.dev/e/css_unused_selector
886:   .monitor-copy p { max-width: 500px; margin: 0; color: #64748b; font-size: 18px; line-height: 1.6; }
887:   
888:   .monitor-vitals { display: grid; grid-template-columns: repeat(2, minmax(0,1fr)); gap: 24px; max-width: 700px; margin-top: 60px; }
                      ^
889:   .vital-card { padding: 40px; }
890:   .vital-card span { display: block; color: #64748b; font-family: var(--font-mono); font-size: 10px; letter-spacing: 0.15em; }
7:10:49 pm [vite-plugin-svelte] src/routes/+page.svelte:889:1 Unused CSS selector ".vital-card"
https://svelte.dev/e/css_unused_selector
887:   
888:   .monitor-vitals { display: grid; grid-template-columns: repeat(2, minmax(0,1fr)); gap: 24px; max-width: 700px; margin-top: 60px; }
889:   .vital-card { padding: 40px; }
                  ^
890:   .vital-card span { display: block; color: #64748b; font-family: var(--font-mono); font-size: 10px; letter-spacing: 0.15em; }
891:   .ticker-value { display: flex !important; align-items: baseline; gap: 8px; margin-top: 16px; }
7:10:49 pm [vite-plugin-svelte] src/routes/+page.svelte:890:1 Unused CSS selector ".vital-card span"
https://svelte.dev/e/css_unused_selector
888:   .monitor-vitals { display: grid; grid-template-columns: repeat(2, minmax(0,1fr)); gap: 24px; max-width: 700px; margin-top: 60px; }
889:   .vital-card { padding: 40px; }
890:   .vital-card span { display: block; color: #64748b; font-family: var(--font-mono); font-size: 10px; letter-spacing: 0.15em; }
                       ^
891:   .ticker-value { display: flex !important; align-items: baseline; gap: 8px; margin-top: 16px; }
892:   .ticker-value :global(span) { color: #0f172a; font-family: var(--font-sans); font-size: clamp(60px, 6vw, 90px); font-weight: 500; line-height: 1; letter-spacing: -0.05em; }
7:10:49 pm [vite-plugin-svelte] src/routes/+page.svelte:891:1 Unused CSS selector ".ticker-value"
https://svelte.dev/e/css_unused_selector
889:   .vital-card { padding: 40px; }
890:   .vital-card span { display: block; color: #64748b; font-family: var(--font-mono); font-size: 10px; letter-spacing: 0.15em; }
891:   .ticker-value { display: flex !important; align-items: baseline; gap: 8px; margin-top: 16px; }
                    ^
892:   .ticker-value :global(span) { color: #0f172a; font-family: var(--font-sans); font-size: clamp(60px, 6vw, 90px); font-weight: 500; line-height: 1; letter-spacing: -0.05em; }
893:   .ticker-value small { color: #94a3b8; font-family: var(--font-sans); font-size: 18px; font-weight: 400; }
7:10:49 pm [vite-plugin-svelte] src/routes/+page.svelte:892:1 Unused CSS selector ".ticker-value :global(span)"
https://svelte.dev/e/css_unused_selector
890:   .vital-card span { display: block; color: #64748b; font-family: var(--font-mono); font-size: 10px; letter-spacing: 0.15em; }
891:   .ticker-value { display: flex !important; align-items: baseline; gap: 8px; margin-top: 16px; }
892:   .ticker-value :global(span) { color: #0f172a; font-family: var(--font-sans); font-size: clamp(60px, 6vw, 90px); font-weight: 500; line-height: 1; letter-spacing: -0.05em; }
                                  ^
893:   .ticker-value small { color: #94a3b8; font-family: var(--font-sans); font-size: 18px; font-weight: 400; }
894:   
7:10:49 pm [vite-plugin-svelte] src/routes/+page.svelte:893:1 Unused CSS selector ".ticker-value small"
https://svelte.dev/e/css_unused_selector
891:   .ticker-value { display: flex !important; align-items: baseline; gap: 8px; margin-top: 16px; }
892:   .ticker-value :global(span) { color: #0f172a; font-family: var(--font-sans); font-size: clamp(60px, 6vw, 90px); font-weight: 500; line-height: 1; letter-spacing: -0.05em; }
893:   .ticker-value small { color: #94a3b8; font-family: var(--font-sans); font-size: 18px; font-weight: 400; }
                          ^
894:   
895:   .monitor-wave { height: 220px; margin-top: 60px; padding: 20px; overflow: hidden; border-radius: 12px; border: 1px solid rgba(15,23,42,0.05); }
7:10:49 pm [vite-plugin-svelte] src/routes/+page.svelte:895:1 Unused CSS selector ".monitor-wave"
https://svelte.dev/e/css_unused_selector
893:   .ticker-value small { color: #94a3b8; font-family: var(--font-sans); font-size: 18px; font-weight: 400; }
894:   
895:   .monitor-wave { height: 220px; margin-top: 60px; padding: 20px; overflow: hidden; border-radius: 12px; border: 1px solid rgba(15,23,42,0.05); }
                    ^
896:   .product__cta { display: flex; justify-content: flex-end; margin-top: 40px; }
897: 
7:10:49 pm [vite-plugin-svelte] src/routes/+page.svelte:896:1 Unused CSS selector ".product__cta"
https://svelte.dev/e/css_unused_selector
894:   
895:   .monitor-wave { height: 220px; margin-top: 60px; padding: 20px; overflow: hidden; border-radius: 12px; border: 1px solid rgba(15,23,42,0.05); }
896:   .product__cta { display: flex; justify-content: flex-end; margin-top: 40px; }
                    ^
897: 
898:   /* =========================================================
7:10:49 pm [vite-plugin-svelte] src/routes/+page.svelte:937:2 Unused CSS selector ".signals__grid"
https://svelte.dev/e/css_unused_selector
935:     .signals__heading { margin-bottom: 76px; }
936:     
937:     .signals__grid { grid-template-columns: 1fr; }
                       ^
938:     .system__architecture { grid-template-columns: 1fr; gap: 20px; }
939:     .system-connector { width: 2px; height: 30px; margin: 0 auto; background: linear-gradient(to bottom, rgba(255,255,255,0.1), rgba(43,184,176,0.5)); }
7:10:49 pm [vite-plugin-svelte] src/routes/+page.svelte:938:2 Unused CSS selector ".system__architecture"
https://svelte.dev/e/css_unused_selector
936:     
937:     .signals__grid { grid-template-columns: 1fr; }
938:     .system__architecture { grid-template-columns: 1fr; gap: 20px; }
                              ^
939:     .system-connector { width: 2px; height: 30px; margin: 0 auto; background: linear-gradient(to bottom, rgba(255,255,255,0.1), rgba(43,184,176,0.5)); }
940:     
7:10:49 pm [vite-plugin-svelte] src/routes/+page.svelte:939:2 Unused CSS selector ".system-connector"
https://svelte.dev/e/css_unused_selector
937:     .signals__grid { grid-template-columns: 1fr; }
938:     .system__architecture { grid-template-columns: 1fr; gap: 20px; }
939:     .system-connector { width: 2px; height: 30px; margin: 0 auto; background: linear-gradient(to bottom, rgba(255,255,255,0.1), rgba(43,184,176,0.5)); }
                          ^
940:     
941:     .system__globe { grid-template-columns: 1fr; text-align: center; padding: 40px; }
7:10:49 pm [vite-plugin-svelte] src/routes/+page.svelte:941:2 Unused CSS selector ".system__globe"
https://svelte.dev/e/css_unused_selector
939:     .system-connector { width: 2px; height: 30px; margin: 0 auto; background: linear-gradient(to bottom, rgba(255,255,255,0.1), rgba(43,184,176,0.5)); }
940:     
941:     .system__globe { grid-template-columns: 1fr; text-align: center; padding: 40px; }
                       ^
942:     .globe { position: relative !important; top: auto; right: auto; transform: none; margin: 40px auto 0; height: 400px; }
943:     
7:10:49 pm [vite-plugin-svelte] src/routes/+page.svelte:942:2 Unused CSS selector ".globe"
https://svelte.dev/e/css_unused_selector
940:     
941:     .system__globe { grid-template-columns: 1fr; text-align: center; padding: 40px; }
942:     .globe { position: relative !important; top: auto; right: auto; transform: none; margin: 40px auto 0; height: 400px; }
               ^
943:     
944:     .federation__path { grid-template-columns: 1fr; gap: 40px; text-align: center; }
7:10:49 pm [vite-plugin-svelte] src/routes/+page.svelte:967:2 Unused CSS selector ".signal-main"
https://svelte.dev/e/css_unused_selector
965:     .problem, .research, .signals, .federation, .product, .hardware, .edge, .system, .final { padding: 80px 0; }
966:     
967:     .signal-main { padding: 24px; }
                     ^
968:     .signal-main__header { flex-direction: column; gap: 16px; }
969:     .signal-main__footer { flex-direction: column; gap: 12px; }
7:10:49 pm [vite-plugin-svelte] src/routes/+page.svelte:968:2 Unused CSS selector ".signal-main__header"
https://svelte.dev/e/css_unused_selector
966:     
967:     .signal-main { padding: 24px; }
968:     .signal-main__header { flex-direction: column; gap: 16px; }
                             ^
969:     .signal-main__footer { flex-direction: column; gap: 12px; }
970:     .signal-stack { padding: 20px; }
7:10:49 pm [vite-plugin-svelte] src/routes/+page.svelte:969:2 Unused CSS selector ".signal-main__footer"
https://svelte.dev/e/css_unused_selector
967:     .signal-main { padding: 24px; }
968:     .signal-main__header { flex-direction: column; gap: 16px; }
969:     .signal-main__footer { flex-direction: column; gap: 12px; }
                             ^
970:     .signal-stack { padding: 20px; }
971:     
7:10:49 pm [vite-plugin-svelte] src/routes/+page.svelte:970:2 Unused CSS selector ".signal-stack"
https://svelte.dev/e/css_unused_selector
968:     .signal-main__header { flex-direction: column; gap: 16px; }
969:     .signal-main__footer { flex-direction: column; gap: 12px; }
970:     .signal-stack { padding: 20px; }
                      ^
971:     
972:     .edge__flow { grid-template-columns: 1fr; gap: 24px; }
7:10:49 pm [vite-plugin-svelte] src/routes/+page.svelte:978:2 Unused CSS selector ".product__screen"
https://svelte.dev/e/css_unused_selector
976:     .federation__rule-divider { width: 100%; height: 1px; }
977:     
978:     .product__screen { padding: 24px; }
                         ^
979:     .monitor-vitals { grid-template-columns: 1fr; }
980:     .monitor-wave { height: 160px; }
7:10:49 pm [vite-plugin-svelte] src/routes/+page.svelte:979:2 Unused CSS selector ".monitor-vitals"
https://svelte.dev/e/css_unused_selector
977:     
978:     .product__screen { padding: 24px; }
979:     .monitor-vitals { grid-template-columns: 1fr; }
                        ^
980:     .monitor-wave { height: 160px; }
981:     
7:10:49 pm [vite-plugin-svelte] src/routes/+page.svelte:980:2 Unused CSS selector ".monitor-wave"
https://svelte.dev/e/css_unused_selector
978:     .product__screen { padding: 24px; }
979:     .monitor-vitals { grid-template-columns: 1fr; }
980:     .monitor-wave { height: 160px; }
                      ^
981:     
982:     .footer { grid-template-columns: 1fr; text-align: left; align-items: flex-start; gap: 32px; padding: 40px 20px; }
7:10:49 pm [vite-plugin-svelte] src/routes/[...path]/+page.svelte:7:5 This reference only captures the initial value of `route`. Did you mean to reference it inside a closure instead?
https://svelte.dev/e/state_referenced_locally
 5: 
 6:   const route = $derived(page.url.pathname);
 7:   if (route) throw httpError(404, `No NHM route exists at ${route}`);
               ^
 8: </script>
 9: 
7:10:49 pm [vite-plugin-svelte] src/routes/[...path]/+page.svelte:7:59 This reference only captures the initial value of `route`. Did you mean to reference it inside a closure instead?
https://svelte.dev/e/state_referenced_locally
 5: 
 6:   const route = $derived(page.url.pathname);
 7:   if (route) throw httpError(404, `No NHM route exists at ${route}`);
                                                                     ^
 8: </script>
 9: 
7:10:49 pm [vite-plugin-svelte] src/routes/[...path]/+page.svelte:24:499 Unused CSS selector "pre"
https://svelte.dev/e/css_unused_selector
22:   .compatibility-shell { min-height: 60vh; box-sizing: border-box; padding: clamp(28px, 7vw, 100px); background-image: linear-gradient(rgba(43,184,176,.08) 1px, transparent 1px), linear-gradient(90deg, rgba(43,184,176,.08) 1px, transparent 1px); background-size: 52px 52px; }
23:   .technical-line { display: flex; justify-content: space-between; gap: 20px; color: #64748b; font: 10px 'JetBrains Mono', monospace; letter-spacing: .12em; }
24:   section { max-width: 900px; margin-top: clamp(70px, 12vh, 150px); }.eyebrow { color: #2bb8b0; font: 11px 'JetBrains Mono', monospace; letter-spacing: .18em; } h2 { margin: 22px 0; font: 500 clamp(44px, 7vw, 96px)/.94 'Space Grotesk', sans-serif; } p { max-width: 540px; color: #94a3b8; font-size: 17px; line-height: 1.7; } a { display: inline-block; margin-top: 28px; color: #2bb8b0; font: 12px 'JetBrains Mono', monospace; letter-spacing: .1em; text-decoration: none; text-transform: uppercase; } pre { max-width: 100%; overflow: auto; margin-top: 32px; padding: 18px; border: 1px solid rgba(43,184,176,.25); color: #9fe7e1; background: rgba(15,23,42,.65); font: 12px/1.6 'JetBrains Mono', monospace; }.data-state { margin-top: 32px; color: #64748b; font: 11px 'JetBrains Mono', monospace; letter-spacing: .1em; }.data-state--error { color: #fecdd3; }
                                                                                                                                                                                                                                                                                                                                                                                                                                                                                                                           ^
25:   @media (max-width: 640px) { .technical-line { display: block; }.technical-line span { display: block; margin-bottom: 8px; } }
26: </style>
7:10:49 pm [vite-plugin-svelte] src/routes/[...path]/+page.svelte:24:704 Unused CSS selector ".data-state"
https://svelte.dev/e/css_unused_selector
22:   .compatibility-shell { min-height: 60vh; box-sizing: border-box; padding: clamp(28px, 7vw, 100px); background-image: linear-gradient(rgba(43,184,176,.08) 1px, transparent 1px), linear-gradient(90deg, rgba(43,184,176,.08) 1px, transparent 1px); background-size: 52px 52px; }
23:   .technical-line { display: flex; justify-content: space-between; gap: 20px; color: #64748b; font: 10px 'JetBrains Mono', monospace; letter-spacing: .12em; }
24:   section { max-width: 900px; margin-top: clamp(70px, 12vh, 150px); }.eyebrow { color: #2bb8b0; font: 11px 'JetBrains Mono', monospace; letter-spacing: .18em; } h2 { margin: 22px 0; font: 500 clamp(44px, 7vw, 96px)/.94 'Space Grotesk', sans-serif; } p { max-width: 540px; color: #94a3b8; font-size: 17px; line-height: 1.7; } a { display: inline-block; margin-top: 28px; color: #2bb8b0; font: 12px 'JetBrains Mono', monospace; letter-spacing: .1em; text-decoration: none; text-transform: uppercase; } pre { max-width: 100%; overflow: auto; margin-top: 32px; padding: 18px; border: 1px solid rgba(43,184,176,.25); color: #9fe7e1; background: rgba(15,23,42,.65); font: 12px/1.6 'JetBrains Mono', monospace; }.data-state { margin-top: 32px; color: #64748b; font: 11px 'JetBrains Mono', monospace; letter-spacing: .1em; }.data-state--error { color: #fecdd3; }
                                                                                                                                                                                                                                                                                                                                                                                                                                                                                                                                                                                                                                                                                                                                                ^
25:   @media (max-width: 640px) { .technical-line { display: block; }.technical-line span { display: block; margin-bottom: 8px; } }
26: </style>
7:10:49 pm [vite-plugin-svelte] src/routes/[...path]/+page.svelte:24:815 Unused CSS selector ".data-state--error"
https://svelte.dev/e/css_unused_selector
22:   .compatibility-shell { min-height: 60vh; box-sizing: border-box; padding: clamp(28px, 7vw, 100px); background-image: linear-gradient(rgba(43,184,176,.08) 1px, transparent 1px), linear-gradient(90deg, rgba(43,184,176,.08) 1px, transparent 1px); background-size: 52px 52px; }
23:   .technical-line { display: flex; justify-content: space-between; gap: 20px; color: #64748b; font: 10px 'JetBrains Mono', monospace; letter-spacing: .12em; }
24:   section { max-width: 900px; margin-top: clamp(70px, 12vh, 150px); }.eyebrow { color: #2bb8b0; font: 11px 'JetBrains Mono', monospace; letter-spacing: .18em; } h2 { margin: 22px 0; font: 500 clamp(44px, 7vw, 96px)/.94 'Space Grotesk', sans-serif; } p { max-width: 540px; color: #94a3b8; font-size: 17px; line-height: 1.7; } a { display: inline-block; margin-top: 28px; color: #2bb8b0; font: 12px 'JetBrains Mono', monospace; letter-spacing: .1em; text-decoration: none; text-transform: uppercase; } pre { max-width: 100%; overflow: auto; margin-top: 32px; padding: 18px; border: 1px solid rgba(43,184,176,.25); color: #9fe7e1; background: rgba(15,23,42,.65); font: 12px/1.6 'JetBrains Mono', monospace; }.data-state { margin-top: 32px; color: #64748b; font: 11px 'JetBrains Mono', monospace; letter-spacing: .1em; }.data-state--error { color: #fecdd3; }
                                                                                                                                                                                                                                                                                                                                                                                                                                                                                                                                                                                                                                                                                                                                                                                                                                                                      ^
25:   @media (max-width: 640px) { .technical-line { display: block; }.technical-line span { display: block; margin-bottom: 8px; } }
26: </style>
7:10:49 pm [vite-plugin-svelte] src/routes/ai/insights/+page.svelte:13:1427 Unused CSS selector ".grid.top>:first-child"
https://svelte.dev/e/css_unused_selector
11: </WorkbenchPage>
12: <style>
13:   .metrics{display:grid;grid-template-columns:repeat(4,1fr);gap:8px}.grid{display:grid;gap:8px;margin-top:8px}.grid.top{grid-template-columns:.8fr 1.1fr 1.1fr}.grid.split{grid-template-columns:1.1fr .9fr}.legend{display:flex;flex-wrap:wrap;gap:18px;padding-top:12px;border-top:1px solid rgba(148,163,184,.12);color:#64748b;font:8px 'JetBrains Mono',monospace}.legend i{display:inline-block;width:7px;height:7px;margin-right:5px;border-radius:50%}.teal{background:#2bb8b0}.rose{background:#fb7185}.amber{background:#fbbf24}.interpretation{margin-top:12px;padding-top:13px;border-top:1px solid rgba(148,163,184,.12)}.interpretation span{color:#2bb8b0;font:7px 'JetBrains Mono',monospace;letter-spacing:.13em}.interpretation strong{display:block;margin-top:7px;color:#dce9e8;font:500 17px 'Space Grotesk',sans-serif}.interpretation p,.insight p{margin:7px 0 0;color:#71829a;font-size:11px;line-height:1.55}.insight{display:grid;grid-template-columns:auto 1fr 1.1fr;align-items:center;gap:20px;margin-top:8px;padding:18px;border:1px solid rgba(43,184,176,.22);background:rgba(43,184,176,.05)}.insight>span{color:#2bb8b0;font:7px 'JetBrains Mono',monospace;letter-spacing:.13em}.insight strong{font:500 18px 'Space Grotesk',sans-serif}.insight p{margin:0}code{color:#a5b4fc;font:10px 'JetBrains Mono',monospace}@media(max-width:1050px){.metrics{grid-template-columns:repeat(2,1fr)}.grid.top,.grid.split{grid-template-columns:1fr 1fr}.grid.top>:first-child{grid-column:span 2}}@media(max-width:650px){.metrics,.grid.top,.grid.split{grid-template-columns:1fr}.grid.top>:first-child{grid-column:auto}.insight{grid-template-columns:1fr}}
                                                                                                                                                                                                                                                                                                                                                                                                                                                                                                                                                                                                                                                                                                                                                                                                                                                                                                                                                                                                                                                                                                                                                                                                                                                                                                                                                                                                                                                                                                              ^
14: </style>
15: 
7:10:49 pm [vite-plugin-svelte] src/routes/ai/insights/+page.svelte:13:1551 Unused CSS selector ".grid.top>:first-child"
https://svelte.dev/e/css_unused_selector
11: </WorkbenchPage>
12: <style>
13:   .metrics{display:grid;grid-template-columns:repeat(4,1fr);gap:8px}.grid{display:grid;gap:8px;margin-top:8px}.grid.top{grid-template-columns:.8fr 1.1fr 1.1fr}.grid.split{grid-template-columns:1.1fr .9fr}.legend{display:flex;flex-wrap:wrap;gap:18px;padding-top:12px;border-top:1px solid rgba(148,163,184,.12);color:#64748b;font:8px 'JetBrains Mono',monospace}.legend i{display:inline-block;width:7px;height:7px;margin-right:5px;border-radius:50%}.teal{background:#2bb8b0}.rose{background:#fb7185}.amber{background:#fbbf24}.interpretation{margin-top:12px;padding-top:13px;border-top:1px solid rgba(148,163,184,.12)}.interpretation span{color:#2bb8b0;font:7px 'JetBrains Mono',monospace;letter-spacing:.13em}.interpretation strong{display:block;margin-top:7px;color:#dce9e8;font:500 17px 'Space Grotesk',sans-serif}.interpretation p,.insight p{margin:7px 0 0;color:#71829a;font-size:11px;line-height:1.55}.insight{display:grid;grid-template-columns:auto 1fr 1.1fr;align-items:center;gap:20px;margin-top:8px;padding:18px;border:1px solid rgba(43,184,176,.22);background:rgba(43,184,176,.05)}.insight>span{color:#2bb8b0;font:7px 'JetBrains Mono',monospace;letter-spacing:.13em}.insight strong{font:500 18px 'Space Grotesk',sans-serif}.insight p{margin:0}code{color:#a5b4fc;font:10px 'JetBrains Mono',monospace}@media(max-width:1050px){.metrics{grid-template-columns:repeat(2,1fr)}.grid.top,.grid.split{grid-template-columns:1fr 1fr}.grid.top>:first-child{grid-column:span 2}}@media(max-width:650px){.metrics,.grid.top,.grid.split{grid-template-columns:1fr}.grid.top>:first-child{grid-column:auto}.insight{grid-template-columns:1fr}}
                                                                                                                                                                                                                                                                                                                                                                                                                                                                                                                                                                                                                                                                                                                                                                                                                                                                                                                                                                                                                                                                                                                                                                                                                                                                                                                                                                                                                                                                                                                                                                                                                                          ^
14: </style>
15: 
7:10:49 pm [vite-plugin-svelte] src/routes/monitor/+page.svelte:6:5 `systemStatus` is updated, but is not declared with `$state(...)`. Changing its value will not correctly trigger updates
https://svelte.dev/e/non_reactive_update
4:   import { connectLive } from '$lib/services/websocket';
5: 
6:   let systemStatus = 'CHECKING';
                     ^
7:   let statusError = '';
8:   let liveStatus = 'CONNECTING';
7:10:49 pm [vite-plugin-svelte] src/routes/monitor/+page.svelte:7:5 `statusError` is updated, but is not declared with `$state(...)`. Changing its value will not correctly trigger updates
https://svelte.dev/e/non_reactive_update
 5: 
 6:   let systemStatus = 'CHECKING';
 7:   let statusError = '';
                     ^
 8:   let liveStatus = 'CONNECTING';
 9:   let liveData = $state<Record<string, number>>({ hr: 0, spo2: 0, ecg_sqi: 0, ppg_sqi: 0 });
7:10:49 pm [vite-plugin-svelte] src/routes/monitor/+page.svelte:8:5 `liveStatus` is updated, but is not declared with `$state(...)`. Changing its value will not correctly trigger updates
https://svelte.dev/e/non_reactive_update
 6:   let systemStatus = 'CHECKING';
 7:   let statusError = '';
 8:   let liveStatus = 'CONNECTING';
                    ^
 9:   let liveData = $state<Record<string, number>>({ hr: 0, spo2: 0, ecg_sqi: 0, ppg_sqi: 0 });
10: 
7:10:49 pm [vite-plugin-svelte] src/routes/monitor/+page.svelte:87:1493 Unused CSS selector ".wave"
https://svelte.dev/e/css_unused_selector
85:   .topbar-meta { color: #94a3b8; }.status-dot { display: inline-block; width: 7px; height: 7px; margin-right: 8px; border-radius: 50%; background: #2bb8b0; box-shadow: 0 0 14px #2bb8b0; }.status-dot.offline { background: #fb7185; box-shadow: 0 0 14px #fb7185; }
86:   .logout { border: 0; background: transparent; color: #94a3b8; font: 10px 'JetBrains Mono', monospace; letter-spacing: .12em; text-transform: uppercase; cursor: pointer; }.logout:hover { color: #2bb8b0; }
87:   .monitor-content { max-width: 1400px; margin: 0 auto; padding: clamp(32px, 6vw, 90px) clamp(20px, 5vw, 80px); }.technical-line { display: flex; justify-content: space-between; color: #64748b; }.heading-row { display: flex; justify-content: space-between; gap: 40px; margin: 70px 0 54px; }.eyebrow { color: #2bb8b0; }.heading-row h1 { max-width: 700px; margin: 18px 0; font: 500 clamp(48px, 8vw, 112px)/.9 'Space Grotesk', sans-serif; letter-spacing: 0; }.lede { max-width: 620px; color: #94a3b8; font-size: 17px; line-height: 1.7; }.identity-panel { align-self: end; min-width: 180px; padding: 20px; border-left: 1px solid #2bb8b0; background: rgba(15,23,42,.5); }.identity-panel span, .identity-panel small { display: block; color: #64748b; }.identity-panel strong { display: block; margin: 10px 0; font: 18px 'Space Grotesk', sans-serif; }.notice { margin-bottom: 24px; border: 1px solid rgba(251,113,133,.35); padding: 14px; color: #fecdd3; background: rgba(127,29,29,.18); font: 11px 'JetBrains Mono', monospace; }.signal-grid { display: grid; grid-template-columns: repeat(3, 1fr); gap: 1px; background: rgba(148,163,184,.2); }.signal-card { min-height: 240px; padding: clamp(22px, 3vw, 38px); background: #080e1d; }.signal-card--teal { background: linear-gradient(135deg, rgba(43,184,176,.14), #080e1d 60%); }.signal-card span, .signal-card small { display: block; color: #64748b; }.signal-card strong { display: block; margin: 32px 0 10px; font: 500 24px 'Space Grotesk', sans-serif; }.wave { height: 52px; margin-top: 24px; opacity: .8; background-size: 30px 100%; background-repeat: repeat-x; }.wave--ecg { background-image: linear-gradient(135deg, transparent 47%, #2bb8b0 48%, #2bb8b0 52%, transparent 53%), linear-gradient(35deg, transparent 46%, #2bb8b0 47%, #2bb8b0 53%, transparent 54%); }.wave--ppg { background-image: radial-gradient(ellipse at 50% 100%, transparent 40%, #0ea5e9 42%, #0ea5e9 48%, transparent 50%); }.metric { margin-top: 40px; color: #2bb8b0; font: 500 54px 'Space Grotesk', sans-serif; }.metric em { color: #64748b; font: 14px 'JetBrains Mono', monospace; font-style: normal; }.workbench { display: grid; grid-template-columns: repeat(5, 1fr); margin-top: 54px; border-top: 1px solid rgba(148,163,184,.2); border-bottom: 1px solid rgba(148,163,184,.2); }.workbench a { display: flex; justify-content: space-between; gap: 12px; padding: 20px 14px; color: #eef7f6; border-right: 1px solid rgba(148,163,184,.2); font-family: 'Space Grotesk', sans-serif; text-decoration: none; }.workbench a:hover { color: #2bb8b0; background: rgba(43,184,176,.06); }.workbench span { color: #64748b; }
                                                                                                                                                                                                                                                                                                                                                                                                                                                                                                                                                                                                                                                                                                                                                                                                                                                                                                                                                                                                                                                                                                                                                                                                                                                                                                                                                                                                                                                                                                                                                               ^
88:   @media (max-width: 800px) { .topbar-meta { display: none; }.heading-row { display: block; margin-top: 54px; }.identity-panel { margin-top: 32px; }.signal-grid, .workbench { grid-template-columns: 1fr; }.workbench a { border-right: 0; border-bottom: 1px solid rgba(148,163,184,.2); }.technical-line { gap: 12px; }.technical-line span:last-child { text-align: right; } }
89: </style>
7:10:49 pm [vite-plugin-svelte] src/routes/monitor/+page.svelte:87:1604 Unused CSS selector ".wave--ecg"
https://svelte.dev/e/css_unused_selector
85:   .topbar-meta { color: #94a3b8; }.status-dot { display: inline-block; width: 7px; height: 7px; margin-right: 8px; border-radius: 50%; background: #2bb8b0; box-shadow: 0 0 14px #2bb8b0; }.status-dot.offline { background: #fb7185; box-shadow: 0 0 14px #fb7185; }
86:   .logout { border: 0; background: transparent; color: #94a3b8; font: 10px 'JetBrains Mono', monospace; letter-spacing: .12em; text-transform: uppercase; cursor: pointer; }.logout:hover { color: #2bb8b0; }
87:   .monitor-content { max-width: 1400px; margin: 0 auto; padding: clamp(32px, 6vw, 90px) clamp(20px, 5vw, 80px); }.technical-line { display: flex; justify-content: space-between; color: #64748b; }.heading-row { display: flex; justify-content: space-between; gap: 40px; margin: 70px 0 54px; }.eyebrow { color: #2bb8b0; }.heading-row h1 { max-width: 700px; margin: 18px 0; font: 500 clamp(48px, 8vw, 112px)/.9 'Space Grotesk', sans-serif; letter-spacing: 0; }.lede { max-width: 620px; color: #94a3b8; font-size: 17px; line-height: 1.7; }.identity-panel { align-self: end; min-width: 180px; padding: 20px; border-left: 1px solid #2bb8b0; background: rgba(15,23,42,.5); }.identity-panel span, .identity-panel small { display: block; color: #64748b; }.identity-panel strong { display: block; margin: 10px 0; font: 18px 'Space Grotesk', sans-serif; }.notice { margin-bottom: 24px; border: 1px solid rgba(251,113,133,.35); padding: 14px; color: #fecdd3; background: rgba(127,29,29,.18); font: 11px 'JetBrains Mono', monospace; }.signal-grid { display: grid; grid-template-columns: repeat(3, 1fr); gap: 1px; background: rgba(148,163,184,.2); }.signal-card { min-height: 240px; padding: clamp(22px, 3vw, 38px); background: #080e1d; }.signal-card--teal { background: linear-gradient(135deg, rgba(43,184,176,.14), #080e1d 60%); }.signal-card span, .signal-card small { display: block; color: #64748b; }.signal-card strong { display: block; margin: 32px 0 10px; font: 500 24px 'Space Grotesk', sans-serif; }.wave { height: 52px; margin-top: 24px; opacity: .8; background-size: 30px 100%; background-repeat: repeat-x; }.wave--ecg { background-image: linear-gradient(135deg, transparent 47%, #2bb8b0 48%, #2bb8b0 52%, transparent 53%), linear-gradient(35deg, transparent 46%, #2bb8b0 47%, #2bb8b0 53%, transparent 54%); }.wave--ppg { background-image: radial-gradient(ellipse at 50% 100%, transparent 40%, #0ea5e9 42%, #0ea5e9 48%, transparent 50%); }.metric { margin-top: 40px; color: #2bb8b0; font: 500 54px 'Space Grotesk', sans-serif; }.metric em { color: #64748b; font: 14px 'JetBrains Mono', monospace; font-style: normal; }.workbench { display: grid; grid-template-columns: repeat(5, 1fr); margin-top: 54px; border-top: 1px solid rgba(148,163,184,.2); border-bottom: 1px solid rgba(148,163,184,.2); }.workbench a { display: flex; justify-content: space-between; gap: 12px; padding: 20px 14px; color: #eef7f6; border-right: 1px solid rgba(148,163,184,.2); font-family: 'Space Grotesk', sans-serif; text-decoration: none; }.workbench a:hover { color: #2bb8b0; background: rgba(43,184,176,.06); }.workbench span { color: #64748b; }
                                                                                                                                                                                                                                                                                                                                                                                                                                                                                                                                                                                                                                                                                                                                                                                                                                                                                                                                                                                                                                                                                                                                                                                                                                                                                                                                                                                                                                                                                                                                                                                                                                                                                   ^
88:   @media (max-width: 800px) { .topbar-meta { display: none; }.heading-row { display: block; margin-top: 54px; }.identity-panel { margin-top: 32px; }.signal-grid, .workbench { grid-template-columns: 1fr; }.workbench a { border-right: 0; border-bottom: 1px solid rgba(148,163,184,.2); }.technical-line { gap: 12px; }.technical-line span:last-child { text-align: right; } }
89: </style>
7:10:49 pm [vite-plugin-svelte] src/routes/monitor/+page.svelte:87:1805 Unused CSS selector ".wave--ppg"
https://svelte.dev/e/css_unused_selector
85:   .topbar-meta { color: #94a3b8; }.status-dot { display: inline-block; width: 7px; height: 7px; margin-right: 8px; border-radius: 50%; background: #2bb8b0; box-shadow: 0 0 14px #2bb8b0; }.status-dot.offline { background: #fb7185; box-shadow: 0 0 14px #fb7185; }
86:   .logout { border: 0; background: transparent; color: #94a3b8; font: 10px 'JetBrains Mono', monospace; letter-spacing: .12em; text-transform: uppercase; cursor: pointer; }.logout:hover { color: #2bb8b0; }
87:   .monitor-content { max-width: 1400px; margin: 0 auto; padding: clamp(32px, 6vw, 90px) clamp(20px, 5vw, 80px); }.technical-line { display: flex; justify-content: space-between; color: #64748b; }.heading-row { display: flex; justify-content: space-between; gap: 40px; margin: 70px 0 54px; }.eyebrow { color: #2bb8b0; }.heading-row h1 { max-width: 700px; margin: 18px 0; font: 500 clamp(48px, 8vw, 112px)/.9 'Space Grotesk', sans-serif; letter-spacing: 0; }.lede { max-width: 620px; color: #94a3b8; font-size: 17px; line-height: 1.7; }.identity-panel { align-self: end; min-width: 180px; padding: 20px; border-left: 1px solid #2bb8b0; background: rgba(15,23,42,.5); }.identity-panel span, .identity-panel small { display: block; color: #64748b; }.identity-panel strong { display: block; margin: 10px 0; font: 18px 'Space Grotesk', sans-serif; }.notice { margin-bottom: 24px; border: 1px solid rgba(251,113,133,.35); padding: 14px; color: #fecdd3; background: rgba(127,29,29,.18); font: 11px 'JetBrains Mono', monospace; }.signal-grid { display: grid; grid-template-columns: repeat(3, 1fr); gap: 1px; background: rgba(148,163,184,.2); }.signal-card { min-height: 240px; padding: clamp(22px, 3vw, 38px); background: #080e1d; }.signal-card--teal { background: linear-gradient(135deg, rgba(43,184,176,.14), #080e1d 60%); }.signal-card span, .signal-card small { display: block; color: #64748b; }.signal-card strong { display: block; margin: 32px 0 10px; font: 500 24px 'Space Grotesk', sans-serif; }.wave { height: 52px; margin-top: 24px; opacity: .8; background-size: 30px 100%; background-repeat: repeat-x; }.wave--ecg { background-image: linear-gradient(135deg, transparent 47%, #2bb8b0 48%, #2bb8b0 52%, transparent 53%), linear-gradient(35deg, transparent 46%, #2bb8b0 47%, #2bb8b0 53%, transparent 54%); }.wave--ppg { background-image: radial-gradient(ellipse at 50% 100%, transparent 40%, #0ea5e9 42%, #0ea5e9 48%, transparent 50%); }.metric { margin-top: 40px; color: #2bb8b0; font: 500 54px 'Space Grotesk', sans-serif; }.metric em { color: #64748b; font: 14px 'JetBrains Mono', monospace; font-style: normal; }.workbench { display: grid; grid-template-columns: repeat(5, 1fr); margin-top: 54px; border-top: 1px solid rgba(148,163,184,.2); border-bottom: 1px solid rgba(148,163,184,.2); }.workbench a { display: flex; justify-content: space-between; gap: 12px; padding: 20px 14px; color: #eef7f6; border-right: 1px solid rgba(148,163,184,.2); font-family: 'Space Grotesk', sans-serif; text-decoration: none; }.workbench a:hover { color: #2bb8b0; background: rgba(43,184,176,.06); }.workbench span { color: #64748b; }
                                                                                                                                                                                                                                                                                                                                                                                                                                                                                                                                                                                                                                                                                                                                                                                                                                                                                                                                                                                                                                                                                                                                                                                                                                                                                                                                                                                                                                                                                                                                                                                                                                                                                                                                                                                                                                                                                            ^
88:   @media (max-width: 800px) { .topbar-meta { display: none; }.heading-row { display: block; margin-top: 54px; }.identity-panel { margin-top: 32px; }.signal-grid, .workbench { grid-template-columns: 1fr; }.workbench a { border-right: 0; border-bottom: 1px solid rgba(148,163,184,.2); }.technical-line { gap: 12px; }.technical-line span:last-child { text-align: right; } }
89: </style>
7:10:49 pm [vite-plugin-svelte] src/routes/monitor/+page.svelte:87:2024 Unused CSS selector ".metric em"
https://svelte.dev/e/css_unused_selector
85:   .topbar-meta { color: #94a3b8; }.status-dot { display: inline-block; width: 7px; height: 7px; margin-right: 8px; border-radius: 50%; background: #2bb8b0; box-shadow: 0 0 14px #2bb8b0; }.status-dot.offline { background: #fb7185; box-shadow: 0 0 14px #fb7185; }
86:   .logout { border: 0; background: transparent; color: #94a3b8; font: 10px 'JetBrains Mono', monospace; letter-spacing: .12em; text-transform: uppercase; cursor: pointer; }.logout:hover { color: #2bb8b0; }
87:   .monitor-content { max-width: 1400px; margin: 0 auto; padding: clamp(32px, 6vw, 90px) clamp(20px, 5vw, 80px); }.technical-line { display: flex; justify-content: space-between; color: #64748b; }.heading-row { display: flex; justify-content: space-between; gap: 40px; margin: 70px 0 54px; }.eyebrow { color: #2bb8b0; }.heading-row h1 { max-width: 700px; margin: 18px 0; font: 500 clamp(48px, 8vw, 112px)/.9 'Space Grotesk', sans-serif; letter-spacing: 0; }.lede { max-width: 620px; color: #94a3b8; font-size: 17px; line-height: 1.7; }.identity-panel { align-self: end; min-width: 180px; padding: 20px; border-left: 1px solid #2bb8b0; background: rgba(15,23,42,.5); }.identity-panel span, .identity-panel small { display: block; color: #64748b; }.identity-panel strong { display: block; margin: 10px 0; font: 18px 'Space Grotesk', sans-serif; }.notice { margin-bottom: 24px; border: 1px solid rgba(251,113,133,.35); padding: 14px; color: #fecdd3; background: rgba(127,29,29,.18); font: 11px 'JetBrains Mono', monospace; }.signal-grid { display: grid; grid-template-columns: repeat(3, 1fr); gap: 1px; background: rgba(148,163,184,.2); }.signal-card { min-height: 240px; padding: clamp(22px, 3vw, 38px); background: #080e1d; }.signal-card--teal { background: linear-gradient(135deg, rgba(43,184,176,.14), #080e1d 60%); }.signal-card span, .signal-card small { display: block; color: #64748b; }.signal-card strong { display: block; margin: 32px 0 10px; font: 500 24px 'Space Grotesk', sans-serif; }.wave { height: 52px; margin-top: 24px; opacity: .8; background-size: 30px 100%; background-repeat: repeat-x; }.wave--ecg { background-image: linear-gradient(135deg, transparent 47%, #2bb8b0 48%, #2bb8b0 52%, transparent 53%), linear-gradient(35deg, transparent 46%, #2bb8b0 47%, #2bb8b0 53%, transparent 54%); }.wave--ppg { background-image: radial-gradient(ellipse at 50% 100%, transparent 40%, #0ea5e9 42%, #0ea5e9 48%, transparent 50%); }.metric { margin-top: 40px; color: #2bb8b0; font: 500 54px 'Space Grotesk', sans-serif; }.metric em { color: #64748b; font: 14px 'JetBrains Mono', monospace; font-style: normal; }.workbench { display: grid; grid-template-columns: repeat(5, 1fr); margin-top: 54px; border-top: 1px solid rgba(148,163,184,.2); border-bottom: 1px solid rgba(148,163,184,.2); }.workbench a { display: flex; justify-content: space-between; gap: 12px; padding: 20px 14px; color: #eef7f6; border-right: 1px solid rgba(148,163,184,.2); font-family: 'Space Grotesk', sans-serif; text-decoration: none; }.workbench a:hover { color: #2bb8b0; background: rgba(43,184,176,.06); }.workbench span { color: #64748b; }
                                                                                                                                                                                                                                                                                                                                                                                                                                                                                                                                                                                                                                                                                                                                                                                                                                                                                                                                                                                                                                                                                                                                                                                                                                                                                                                                                                                                                                                                                                                                                                                                                                                                                                                                                                                                                                                                                                                                                                                                                                                                                                                       ^
88:   @media (max-width: 800px) { .topbar-meta { display: none; }.heading-row { display: block; margin-top: 54px; }.identity-panel { margin-top: 32px; }.signal-grid, .workbench { grid-template-columns: 1fr; }.workbench a { border-right: 0; border-bottom: 1px solid rgba(148,163,184,.2); }.technical-line { gap: 12px; }.technical-line span:last-child { text-align: right; } }
89: </style>
7:10:49 pm [vite-plugin-svelte] src/lib/components/dashboard/DashboardShell.svelte:40:532 Unused CSS selector ".brand-mark"
https://svelte.dev/e/css_unused_selector
38: </div>
39: <style>
40:   .dashboard-shell{min-height:100vh;display:flex;background:var(--nhm-bg);color:var(--nhm-text);font-family:Inter,sans-serif}.sidebar{position:sticky;top:0;z-index:30;width:224px;height:100vh;flex:0 0 224px;box-sizing:border-box;border-right:1px solid var(--nhm-border);background:linear-gradient(180deg,#050a14,#040812);display:flex;flex-direction:column}.brand{display:flex;align-items:center;gap:12px;height:76px;box-sizing:border-box;padding:16px 18px;border-bottom:1px solid var(--nhm-border);color:inherit;text-decoration:none}.brand-mark{position:relative;display:grid;place-items:center;width:34px;height:34px;border:1px solid rgba(50,214,201,.45);background:rgba(43,184,176,.07)}.brand-mark:before,.brand-mark:after{content:"";position:absolute;background:#2bb8b0}.brand-mark:before{width:12px;height:1px;left:-6px;top:16px}.brand-mark:after{height:12px;width:1px;left:16px;top:-6px}.brand-mark i{position:absolute;inset:5px;border:1px solid rgba(43,184,176,.2)}.brand-mark b{font:600 13px 'Space Grotesk',sans-serif;color:#82e9e1}.brand-copy{display:grid;gap:3px}.brand-copy strong{font:600 14px 'Space Grotesk',sans-serif;letter-spacing:.18em}.brand-copy small,.nav-caption{color:#53647b;font:7px 'JetBrains Mono',monospace;letter-spacing:.14em}.nav-caption{display:flex;justify-content:space-between;padding:22px 18px 9px}.nav-caption span{color:#2bb8b0}nav{padding:0 10px}.nav-item{position:relative;display:grid;grid-template-columns:34px 1fr auto;align-items:center;gap:10px;min-height:64px;padding:8px;color:#71829a;border:1px solid transparent;text-decoration:none;transition:.18s ease}.nav-item:hover{color:#dce9e8;background:rgba(43,184,176,.04)}.nav-item.active{color:#eef7f6;border-color:rgba(43,184,176,.18);background:linear-gradient(90deg,rgba(43,184,176,.12),rgba(43,184,176,.025))}.nav-item.active:before{content:"";position:absolute;left:-11px;top:12px;bottom:12px;width:2px;background:#2bb8b0;box-shadow:0 0 12px #2bb8b0}.nav-icon{display:grid;place-items:center;width:32px;height:32px;border:1px solid rgba(148,163,184,.12)}.active .nav-icon{color:#54d6cc;border-color:rgba(43,184,176,.35);background:rgba(43,184,176,.08)}.nav-copy{display:grid;gap:5px}.nav-copy b{font:500 9px 'JetBrains Mono',monospace;letter-spacing:.09em}.nav-copy small{font:9px Inter,sans-serif;color:#53647b}.nav-index{font:7px 'JetBrains Mono',monospace;color:#405067}.edge-card{margin:auto 12px 12px;padding:13px;border:1px solid rgba(148,163,184,.13);background:#070d19}.edge-head,.edge-vitals{display:flex;justify-content:space-between;align-items:center}.edge-head span,.edge-vitals{color:#53647b;font:7px 'JetBrains Mono',monospace;letter-spacing:.1em}.edge-head b{color:#a7b8c9;font:8px 'JetBrains Mono',monospace}.edge-card svg{width:100%;height:30px;margin:7px 0 2px}.edge-card polyline{fill:none;stroke:#fb7185;stroke-width:1.2;vector-effect:non-scaling-stroke;filter:drop-shadow(0 0 3px #fb718570)}.edge-vitals i{display:inline-block;width:5px;height:5px;margin-right:5px;border-radius:50%;background:#2bb8b0;box-shadow:0 0 7px #2bb8b0}.sidebar-footer{display:flex;align-items:center;gap:8px;padding:15px 18px;border-top:1px solid var(--nhm-border);color:#53647b;font:7px 'JetBrains Mono',monospace;letter-spacing:.11em}.sidebar-footer a{margin-left:auto;color:#71829a}.sys-dot{width:6px;height:6px;border-radius:50%;background:#2bb8b0;box-shadow:0 0 8px #2bb8b0}.sys-dot.offline{background:#fb7185;box-shadow:0 0 8px #fb7185}.dashboard-main{min-width:0;flex:1}.dashboard-header{position:sticky;top:0;z-index:20;display:flex;align-items:center;justify-content:space-between;height:58px;box-sizing:border-box;padding:0 clamp(18px,3vw,42px);border-bottom:1px solid var(--nhm-border);background:rgba(3,7,18,.88);backdrop-filter:blur(16px)}.header-route{display:flex;align-items:center;gap:11px;color:#71829a;font:8px 'JetBrains Mono',monospace;letter-spacing:.12em}.header-route i{width:24px;height:1px;background:#334155}.header-route b{color:#2bb8b0;font-weight:500}.header-readouts{display:flex;align-items:center;gap:24px}.header-readouts>span{color:#dbe7e7;font:500 11px 'Space Grotesk',sans-serif}.header-readouts small{margin-left:4px;color:#53647b;font:7px 'JetBrains Mono',monospace}.online{display:flex;align-items:center;color:#2bb8b0!important;font:7px 'JetBrains Mono',monospace!important;letter-spacing:.1em}.online i{width:6px;height:6px;margin-right:6px;border-radius:50%;background:#2bb8b0;box-shadow:0 0 8px #2bb8b0}.online.offline{color:#fb7185!important}.online.offline i{background:#fb7185}.dashboard-body{padding:clamp(20px,3vw,42px)}.menu-button,.scrim{display:none}@media(max-width:760px){.sidebar{position:fixed;transform:translateX(-102%);transition:transform .25s}.mobile-open .sidebar{transform:translateX(0)}.mobile-open .scrim{display:block;position:fixed;z-index:25;inset:0;border:0;background:rgba(0,0,0,.65)}.menu-button{display:grid;place-items:center;border:0;color:#b7c6d4;background:transparent}.header-route i,.header-route b,.header-readouts>span:not(.online){display:none}.dashboard-header{padding:0 14px}.dashboard-body{padding:18px 14px 36px}}
                                                                                                                                                                                                                                                                                                                                                                                                                                                                                                                                                                    ^
41: </style>
42: 
7:10:49 pm [vite-plugin-svelte] src/lib/components/dashboard/DashboardShell.svelte:40:687 Unused CSS selector ".brand-mark:before"
https://svelte.dev/e/css_unused_selector
38: </div>
39: <style>
40:   .dashboard-shell{min-height:100vh;display:flex;background:var(--nhm-bg);color:var(--nhm-text);font-family:Inter,sans-serif}.sidebar{position:sticky;top:0;z-index:30;width:224px;height:100vh;flex:0 0 224px;box-sizing:border-box;border-right:1px solid var(--nhm-border);background:linear-gradient(180deg,#050a14,#040812);display:flex;flex-direction:column}.brand{display:flex;align-items:center;gap:12px;height:76px;box-sizing:border-box;padding:16px 18px;border-bottom:1px solid var(--nhm-border);color:inherit;text-decoration:none}.brand-mark{position:relative;display:grid;place-items:center;width:34px;height:34px;border:1px solid rgba(50,214,201,.45);background:rgba(43,184,176,.07)}.brand-mark:before,.brand-mark:after{content:"";position:absolute;background:#2bb8b0}.brand-mark:before{width:12px;height:1px;left:-6px;top:16px}.brand-mark:after{height:12px;width:1px;left:16px;top:-6px}.brand-mark i{position:absolute;inset:5px;border:1px solid rgba(43,184,176,.2)}.brand-mark b{font:600 13px 'Space Grotesk',sans-serif;color:#82e9e1}.brand-copy{display:grid;gap:3px}.brand-copy strong{font:600 14px 'Space Grotesk',sans-serif;letter-spacing:.18em}.brand-copy small,.nav-caption{color:#53647b;font:7px 'JetBrains Mono',monospace;letter-spacing:.14em}.nav-caption{display:flex;justify-content:space-between;padding:22px 18px 9px}.nav-caption span{color:#2bb8b0}nav{padding:0 10px}.nav-item{position:relative;display:grid;grid-template-columns:34px 1fr auto;align-items:center;gap:10px;min-height:64px;padding:8px;color:#71829a;border:1px solid transparent;text-decoration:none;transition:.18s ease}.nav-item:hover{color:#dce9e8;background:rgba(43,184,176,.04)}.nav-item.active{color:#eef7f6;border-color:rgba(43,184,176,.18);background:linear-gradient(90deg,rgba(43,184,176,.12),rgba(43,184,176,.025))}.nav-item.active:before{content:"";position:absolute;left:-11px;top:12px;bottom:12px;width:2px;background:#2bb8b0;box-shadow:0 0 12px #2bb8b0}.nav-icon{display:grid;place-items:center;width:32px;height:32px;border:1px solid rgba(148,163,184,.12)}.active .nav-icon{color:#54d6cc;border-color:rgba(43,184,176,.35);background:rgba(43,184,176,.08)}.nav-copy{display:grid;gap:5px}.nav-copy b{font:500 9px 'JetBrains Mono',monospace;letter-spacing:.09em}.nav-copy small{font:9px Inter,sans-serif;color:#53647b}.nav-index{font:7px 'JetBrains Mono',monospace;color:#405067}.edge-card{margin:auto 12px 12px;padding:13px;border:1px solid rgba(148,163,184,.13);background:#070d19}.edge-head,.edge-vitals{display:flex;justify-content:space-between;align-items:center}.edge-head span,.edge-vitals{color:#53647b;font:7px 'JetBrains Mono',monospace;letter-spacing:.1em}.edge-head b{color:#a7b8c9;font:8px 'JetBrains Mono',monospace}.edge-card svg{width:100%;height:30px;margin:7px 0 2px}.edge-card polyline{fill:none;stroke:#fb7185;stroke-width:1.2;vector-effect:non-scaling-stroke;filter:drop-shadow(0 0 3px #fb718570)}.edge-vitals i{display:inline-block;width:5px;height:5px;margin-right:5px;border-radius:50%;background:#2bb8b0;box-shadow:0 0 7px #2bb8b0}.sidebar-footer{display:flex;align-items:center;gap:8px;padding:15px 18px;border-top:1px solid var(--nhm-border);color:#53647b;font:7px 'JetBrains Mono',monospace;letter-spacing:.11em}.sidebar-footer a{margin-left:auto;color:#71829a}.sys-dot{width:6px;height:6px;border-radius:50%;background:#2bb8b0;box-shadow:0 0 8px #2bb8b0}.sys-dot.offline{background:#fb7185;box-shadow:0 0 8px #fb7185}.dashboard-main{min-width:0;flex:1}.dashboard-header{position:sticky;top:0;z-index:20;display:flex;align-items:center;justify-content:space-between;height:58px;box-sizing:border-box;padding:0 clamp(18px,3vw,42px);border-bottom:1px solid var(--nhm-border);background:rgba(3,7,18,.88);backdrop-filter:blur(16px)}.header-route{display:flex;align-items:center;gap:11px;color:#71829a;font:8px 'JetBrains Mono',monospace;letter-spacing:.12em}.header-route i{width:24px;height:1px;background:#334155}.header-route b{color:#2bb8b0;font-weight:500}.header-readouts{display:flex;align-items:center;gap:24px}.header-readouts>span{color:#dbe7e7;font:500 11px 'Space Grotesk',sans-serif}.header-readouts small{margin-left:4px;color:#53647b;font:7px 'JetBrains Mono',monospace}.online{display:flex;align-items:center;color:#2bb8b0!important;font:7px 'JetBrains Mono',monospace!important;letter-spacing:.1em}.online i{width:6px;height:6px;margin-right:6px;border-radius:50%;background:#2bb8b0;box-shadow:0 0 8px #2bb8b0}.online.offline{color:#fb7185!important}.online.offline i{background:#fb7185}.dashboard-body{padding:clamp(20px,3vw,42px)}.menu-button,.scrim{display:none}@media(max-width:760px){.sidebar{position:fixed;transform:translateX(-102%);transition:transform .25s}.mobile-open .sidebar{transform:translateX(0)}.mobile-open .scrim{display:block;position:fixed;z-index:25;inset:0;border:0;background:rgba(0,0,0,.65)}.menu-button{display:grid;place-items:center;border:0;color:#b7c6d4;background:transparent}.header-route i,.header-route b,.header-readouts>span:not(.online){display:none}.dashboard-header{padding:0 14px}.dashboard-body{padding:18px 14px 36px}}
                                                                                                                                                                                                                                                                                                                                                                                                                                                                                                                                                                                                                                                                                                                                      ^
41: </style>
42: 
7:10:49 pm [vite-plugin-svelte] src/lib/components/dashboard/DashboardShell.svelte:40:706 Unused CSS selector ".brand-mark:after"
https://svelte.dev/e/css_unused_selector
38: </div>
39: <style>
40:   .dashboard-shell{min-height:100vh;display:flex;background:var(--nhm-bg);color:var(--nhm-text);font-family:Inter,sans-serif}.sidebar{position:sticky;top:0;z-index:30;width:224px;height:100vh;flex:0 0 224px;box-sizing:border-box;border-right:1px solid var(--nhm-border);background:linear-gradient(180deg,#050a14,#040812);display:flex;flex-direction:column}.brand{display:flex;align-items:center;gap:12px;height:76px;box-sizing:border-box;padding:16px 18px;border-bottom:1px solid var(--nhm-border);color:inherit;text-decoration:none}.brand-mark{position:relative;display:grid;place-items:center;width:34px;height:34px;border:1px solid rgba(50,214,201,.45);background:rgba(43,184,176,.07)}.brand-mark:before,.brand-mark:after{content:"";position:absolute;background:#2bb8b0}.brand-mark:before{width:12px;height:1px;left:-6px;top:16px}.brand-mark:after{height:12px;width:1px;left:16px;top:-6px}.brand-mark i{position:absolute;inset:5px;border:1px solid rgba(43,184,176,.2)}.brand-mark b{font:600 13px 'Space Grotesk',sans-serif;color:#82e9e1}.brand-copy{display:grid;gap:3px}.brand-copy strong{font:600 14px 'Space Grotesk',sans-serif;letter-spacing:.18em}.brand-copy small,.nav-caption{color:#53647b;font:7px 'JetBrains Mono',monospace;letter-spacing:.14em}.nav-caption{display:flex;justify-content:space-between;padding:22px 18px 9px}.nav-caption span{color:#2bb8b0}nav{padding:0 10px}.nav-item{position:relative;display:grid;grid-template-columns:34px 1fr auto;align-items:center;gap:10px;min-height:64px;padding:8px;color:#71829a;border:1px solid transparent;text-decoration:none;transition:.18s ease}.nav-item:hover{color:#dce9e8;background:rgba(43,184,176,.04)}.nav-item.active{color:#eef7f6;border-color:rgba(43,184,176,.18);background:linear-gradient(90deg,rgba(43,184,176,.12),rgba(43,184,176,.025))}.nav-item.active:before{content:"";position:absolute;left:-11px;top:12px;bottom:12px;width:2px;background:#2bb8b0;box-shadow:0 0 12px #2bb8b0}.nav-icon{display:grid;place-items:center;width:32px;height:32px;border:1px solid rgba(148,163,184,.12)}.active .nav-icon{color:#54d6cc;border-color:rgba(43,184,176,.35);background:rgba(43,184,176,.08)}.nav-copy{display:grid;gap:5px}.nav-copy b{font:500 9px 'JetBrains Mono',monospace;letter-spacing:.09em}.nav-copy small{font:9px Inter,sans-serif;color:#53647b}.nav-index{font:7px 'JetBrains Mono',monospace;color:#405067}.edge-card{margin:auto 12px 12px;padding:13px;border:1px solid rgba(148,163,184,.13);background:#070d19}.edge-head,.edge-vitals{display:flex;justify-content:space-between;align-items:center}.edge-head span,.edge-vitals{color:#53647b;font:7px 'JetBrains Mono',monospace;letter-spacing:.1em}.edge-head b{color:#a7b8c9;font:8px 'JetBrains Mono',monospace}.edge-card svg{width:100%;height:30px;margin:7px 0 2px}.edge-card polyline{fill:none;stroke:#fb7185;stroke-width:1.2;vector-effect:non-scaling-stroke;filter:drop-shadow(0 0 3px #fb718570)}.edge-vitals i{display:inline-block;width:5px;height:5px;margin-right:5px;border-radius:50%;background:#2bb8b0;box-shadow:0 0 7px #2bb8b0}.sidebar-footer{display:flex;align-items:center;gap:8px;padding:15px 18px;border-top:1px solid var(--nhm-border);color:#53647b;font:7px 'JetBrains Mono',monospace;letter-spacing:.11em}.sidebar-footer a{margin-left:auto;color:#71829a}.sys-dot{width:6px;height:6px;border-radius:50%;background:#2bb8b0;box-shadow:0 0 8px #2bb8b0}.sys-dot.offline{background:#fb7185;box-shadow:0 0 8px #fb7185}.dashboard-main{min-width:0;flex:1}.dashboard-header{position:sticky;top:0;z-index:20;display:flex;align-items:center;justify-content:space-between;height:58px;box-sizing:border-box;padding:0 clamp(18px,3vw,42px);border-bottom:1px solid var(--nhm-border);background:rgba(3,7,18,.88);backdrop-filter:blur(16px)}.header-route{display:flex;align-items:center;gap:11px;color:#71829a;font:8px 'JetBrains Mono',monospace;letter-spacing:.12em}.header-route i{width:24px;height:1px;background:#334155}.header-route b{color:#2bb8b0;font-weight:500}.header-readouts{display:flex;align-items:center;gap:24px}.header-readouts>span{color:#dbe7e7;font:500 11px 'Space Grotesk',sans-serif}.header-readouts small{margin-left:4px;color:#53647b;font:7px 'JetBrains Mono',monospace}.online{display:flex;align-items:center;color:#2bb8b0!important;font:7px 'JetBrains Mono',monospace!important;letter-spacing:.1em}.online i{width:6px;height:6px;margin-right:6px;border-radius:50%;background:#2bb8b0;box-shadow:0 0 8px #2bb8b0}.online.offline{color:#fb7185!important}.online.offline i{background:#fb7185}.dashboard-body{padding:clamp(20px,3vw,42px)}.menu-button,.scrim{display:none}@media(max-width:760px){.sidebar{position:fixed;transform:translateX(-102%);transition:transform .25s}.mobile-open .sidebar{transform:translateX(0)}.mobile-open .scrim{display:block;position:fixed;z-index:25;inset:0;border:0;background:rgba(0,0,0,.65)}.menu-button{display:grid;place-items:center;border:0;color:#b7c6d4;background:transparent}.header-route i,.header-route b,.header-readouts>span:not(.online){display:none}.dashboard-header{padding:0 14px}.dashboard-body{padding:18px 14px 36px}}
                                                                                                                                                                                                                                                                                                                                                                                                                                                                                                                                                                                                                                                                                                                                                        ^
41: </style>
42: 
7:10:49 pm [vite-plugin-svelte] src/lib/components/dashboard/DashboardShell.svelte:40:772 Unused CSS selector ".brand-mark:before"
https://svelte.dev/e/css_unused_selector
38: </div>
39: <style>
40:   .dashboard-shell{min-height:100vh;display:flex;background:var(--nhm-bg);color:var(--nhm-text);font-family:Inter,sans-serif}.sidebar{position:sticky;top:0;z-index:30;width:224px;height:100vh;flex:0 0 224px;box-sizing:border-box;border-right:1px solid var(--nhm-border);background:linear-gradient(180deg,#050a14,#040812);display:flex;flex-direction:column}.brand{display:flex;align-items:center;gap:12px;height:76px;box-sizing:border-box;padding:16px 18px;border-bottom:1px solid var(--nhm-border);color:inherit;text-decoration:none}.brand-mark{position:relative;display:grid;place-items:center;width:34px;height:34px;border:1px solid rgba(50,214,201,.45);background:rgba(43,184,176,.07)}.brand-mark:before,.brand-mark:after{content:"";position:absolute;background:#2bb8b0}.brand-mark:before{width:12px;height:1px;left:-6px;top:16px}.brand-mark:after{height:12px;width:1px;left:16px;top:-6px}.brand-mark i{position:absolute;inset:5px;border:1px solid rgba(43,184,176,.2)}.brand-mark b{font:600 13px 'Space Grotesk',sans-serif;color:#82e9e1}.brand-copy{display:grid;gap:3px}.brand-copy strong{font:600 14px 'Space Grotesk',sans-serif;letter-spacing:.18em}.brand-copy small,.nav-caption{color:#53647b;font:7px 'JetBrains Mono',monospace;letter-spacing:.14em}.nav-caption{display:flex;justify-content:space-between;padding:22px 18px 9px}.nav-caption span{color:#2bb8b0}nav{padding:0 10px}.nav-item{position:relative;display:grid;grid-template-columns:34px 1fr auto;align-items:center;gap:10px;min-height:64px;padding:8px;color:#71829a;border:1px solid transparent;text-decoration:none;transition:.18s ease}.nav-item:hover{color:#dce9e8;background:rgba(43,184,176,.04)}.nav-item.active{color:#eef7f6;border-color:rgba(43,184,176,.18);background:linear-gradient(90deg,rgba(43,184,176,.12),rgba(43,184,176,.025))}.nav-item.active:before{content:"";position:absolute;left:-11px;top:12px;bottom:12px;width:2px;background:#2bb8b0;box-shadow:0 0 12px #2bb8b0}.nav-icon{display:grid;place-items:center;width:32px;height:32px;border:1px solid rgba(148,163,184,.12)}.active .nav-icon{color:#54d6cc;border-color:rgba(43,184,176,.35);background:rgba(43,184,176,.08)}.nav-copy{display:grid;gap:5px}.nav-copy b{font:500 9px 'JetBrains Mono',monospace;letter-spacing:.09em}.nav-copy small{font:9px Inter,sans-serif;color:#53647b}.nav-index{font:7px 'JetBrains Mono',monospace;color:#405067}.edge-card{margin:auto 12px 12px;padding:13px;border:1px solid rgba(148,163,184,.13);background:#070d19}.edge-head,.edge-vitals{display:flex;justify-content:space-between;align-items:center}.edge-head span,.edge-vitals{color:#53647b;font:7px 'JetBrains Mono',monospace;letter-spacing:.1em}.edge-head b{color:#a7b8c9;font:8px 'JetBrains Mono',monospace}.edge-card svg{width:100%;height:30px;margin:7px 0 2px}.edge-card polyline{fill:none;stroke:#fb7185;stroke-width:1.2;vector-effect:non-scaling-stroke;filter:drop-shadow(0 0 3px #fb718570)}.edge-vitals i{display:inline-block;width:5px;height:5px;margin-right:5px;border-radius:50%;background:#2bb8b0;box-shadow:0 0 7px #2bb8b0}.sidebar-footer{display:flex;align-items:center;gap:8px;padding:15px 18px;border-top:1px solid var(--nhm-border);color:#53647b;font:7px 'JetBrains Mono',monospace;letter-spacing:.11em}.sidebar-footer a{margin-left:auto;color:#71829a}.sys-dot{width:6px;height:6px;border-radius:50%;background:#2bb8b0;box-shadow:0 0 8px #2bb8b0}.sys-dot.offline{background:#fb7185;box-shadow:0 0 8px #fb7185}.dashboard-main{min-width:0;flex:1}.dashboard-header{position:sticky;top:0;z-index:20;display:flex;align-items:center;justify-content:space-between;height:58px;box-sizing:border-box;padding:0 clamp(18px,3vw,42px);border-bottom:1px solid var(--nhm-border);background:rgba(3,7,18,.88);backdrop-filter:blur(16px)}.header-route{display:flex;align-items:center;gap:11px;color:#71829a;font:8px 'JetBrains Mono',monospace;letter-spacing:.12em}.header-route i{width:24px;height:1px;background:#334155}.header-route b{color:#2bb8b0;font-weight:500}.header-readouts{display:flex;align-items:center;gap:24px}.header-readouts>span{color:#dbe7e7;font:500 11px 'Space Grotesk',sans-serif}.header-readouts small{margin-left:4px;color:#53647b;font:7px 'JetBrains Mono',monospace}.online{display:flex;align-items:center;color:#2bb8b0!important;font:7px 'JetBrains Mono',monospace!important;letter-spacing:.1em}.online i{width:6px;height:6px;margin-right:6px;border-radius:50%;background:#2bb8b0;box-shadow:0 0 8px #2bb8b0}.online.offline{color:#fb7185!important}.online.offline i{background:#fb7185}.dashboard-body{padding:clamp(20px,3vw,42px)}.menu-button,.scrim{display:none}@media(max-width:760px){.sidebar{position:fixed;transform:translateX(-102%);transition:transform .25s}.mobile-open .sidebar{transform:translateX(0)}.mobile-open .scrim{display:block;position:fixed;z-index:25;inset:0;border:0;background:rgba(0,0,0,.65)}.menu-button{display:grid;place-items:center;border:0;color:#b7c6d4;background:transparent}.header-route i,.header-route b,.header-readouts>span:not(.online){display:none}.dashboard-header{padding:0 14px}.dashboard-body{padding:18px 14px 36px}}
                                                                                                                                                                                                                                                                                                                                                                                                                                                                                                                                                                                                                                                                                                                                                                                                                           ^
41: </style>
42: 
7:10:49 pm [vite-plugin-svelte] src/lib/components/dashboard/DashboardShell.svelte:40:832 Unused CSS selector ".brand-mark:after"
https://svelte.dev/e/css_unused_selector
38: </div>
39: <style>
40:   .dashboard-shell{min-height:100vh;display:flex;background:var(--nhm-bg);color:var(--nhm-text);font-family:Inter,sans-serif}.sidebar{position:sticky;top:0;z-index:30;width:224px;height:100vh;flex:0 0 224px;box-sizing:border-box;border-right:1px solid var(--nhm-border);background:linear-gradient(180deg,#050a14,#040812);display:flex;flex-direction:column}.brand{display:flex;align-items:center;gap:12px;height:76px;box-sizing:border-box;padding:16px 18px;border-bottom:1px solid var(--nhm-border);color:inherit;text-decoration:none}.brand-mark{position:relative;display:grid;place-items:center;width:34px;height:34px;border:1px solid rgba(50,214,201,.45);background:rgba(43,184,176,.07)}.brand-mark:before,.brand-mark:after{content:"";position:absolute;background:#2bb8b0}.brand-mark:before{width:12px;height:1px;left:-6px;top:16px}.brand-mark:after{height:12px;width:1px;left:16px;top:-6px}.brand-mark i{position:absolute;inset:5px;border:1px solid rgba(43,184,176,.2)}.brand-mark b{font:600 13px 'Space Grotesk',sans-serif;color:#82e9e1}.brand-copy{display:grid;gap:3px}.brand-copy strong{font:600 14px 'Space Grotesk',sans-serif;letter-spacing:.18em}.brand-copy small,.nav-caption{color:#53647b;font:7px 'JetBrains Mono',monospace;letter-spacing:.14em}.nav-caption{display:flex;justify-content:space-between;padding:22px 18px 9px}.nav-caption span{color:#2bb8b0}nav{padding:0 10px}.nav-item{position:relative;display:grid;grid-template-columns:34px 1fr auto;align-items:center;gap:10px;min-height:64px;padding:8px;color:#71829a;border:1px solid transparent;text-decoration:none;transition:.18s ease}.nav-item:hover{color:#dce9e8;background:rgba(43,184,176,.04)}.nav-item.active{color:#eef7f6;border-color:rgba(43,184,176,.18);background:linear-gradient(90deg,rgba(43,184,176,.12),rgba(43,184,176,.025))}.nav-item.active:before{content:"";position:absolute;left:-11px;top:12px;bottom:12px;width:2px;background:#2bb8b0;box-shadow:0 0 12px #2bb8b0}.nav-icon{display:grid;place-items:center;width:32px;height:32px;border:1px solid rgba(148,163,184,.12)}.active .nav-icon{color:#54d6cc;border-color:rgba(43,184,176,.35);background:rgba(43,184,176,.08)}.nav-copy{display:grid;gap:5px}.nav-copy b{font:500 9px 'JetBrains Mono',monospace;letter-spacing:.09em}.nav-copy small{font:9px Inter,sans-serif;color:#53647b}.nav-index{font:7px 'JetBrains Mono',monospace;color:#405067}.edge-card{margin:auto 12px 12px;padding:13px;border:1px solid rgba(148,163,184,.13);background:#070d19}.edge-head,.edge-vitals{display:flex;justify-content:space-between;align-items:center}.edge-head span,.edge-vitals{color:#53647b;font:7px 'JetBrains Mono',monospace;letter-spacing:.1em}.edge-head b{color:#a7b8c9;font:8px 'JetBrains Mono',monospace}.edge-card svg{width:100%;height:30px;margin:7px 0 2px}.edge-card polyline{fill:none;stroke:#fb7185;stroke-width:1.2;vector-effect:non-scaling-stroke;filter:drop-shadow(0 0 3px #fb718570)}.edge-vitals i{display:inline-block;width:5px;height:5px;margin-right:5px;border-radius:50%;background:#2bb8b0;box-shadow:0 0 7px #2bb8b0}.sidebar-footer{display:flex;align-items:center;gap:8px;padding:15px 18px;border-top:1px solid var(--nhm-border);color:#53647b;font:7px 'JetBrains Mono',monospace;letter-spacing:.11em}.sidebar-footer a{margin-left:auto;color:#71829a}.sys-dot{width:6px;height:6px;border-radius:50%;background:#2bb8b0;box-shadow:0 0 8px #2bb8b0}.sys-dot.offline{background:#fb7185;box-shadow:0 0 8px #fb7185}.dashboard-main{min-width:0;flex:1}.dashboard-header{position:sticky;top:0;z-index:20;display:flex;align-items:center;justify-content:space-between;height:58px;box-sizing:border-box;padding:0 clamp(18px,3vw,42px);border-bottom:1px solid var(--nhm-border);background:rgba(3,7,18,.88);backdrop-filter:blur(16px)}.header-route{display:flex;align-items:center;gap:11px;color:#71829a;font:8px 'JetBrains Mono',monospace;letter-spacing:.12em}.header-route i{width:24px;height:1px;background:#334155}.header-route b{color:#2bb8b0;font-weight:500}.header-readouts{display:flex;align-items:center;gap:24px}.header-readouts>span{color:#dbe7e7;font:500 11px 'Space Grotesk',sans-serif}.header-readouts small{margin-left:4px;color:#53647b;font:7px 'JetBrains Mono',monospace}.online{display:flex;align-items:center;color:#2bb8b0!important;font:7px 'JetBrains Mono',monospace!important;letter-spacing:.1em}.online i{width:6px;height:6px;margin-right:6px;border-radius:50%;background:#2bb8b0;box-shadow:0 0 8px #2bb8b0}.online.offline{color:#fb7185!important}.online.offline i{background:#fb7185}.dashboard-body{padding:clamp(20px,3vw,42px)}.menu-button,.scrim{display:none}@media(max-width:760px){.sidebar{position:fixed;transform:translateX(-102%);transition:transform .25s}.mobile-open .sidebar{transform:translateX(0)}.mobile-open .scrim{display:block;position:fixed;z-index:25;inset:0;border:0;background:rgba(0,0,0,.65)}.menu-button{display:grid;place-items:center;border:0;color:#b7c6d4;background:transparent}.header-route i,.header-route b,.header-readouts>span:not(.online){display:none}.dashboard-header{padding:0 14px}.dashboard-body{padding:18px 14px 36px}}
                                                                                                                                                                                                                                                                                                                                                                                                                                                                                                                                                                                                                                                                                                                                                                                                                                                                                      ^
41: </style>
42: 
7:10:49 pm [vite-plugin-svelte] src/lib/components/dashboard/DashboardShell.svelte:40:891 Unused CSS selector ".brand-mark i"
https://svelte.dev/e/css_unused_selector
38: </div>
39: <style>
40:   .dashboard-shell{min-height:100vh;display:flex;background:var(--nhm-bg);color:var(--nhm-text);font-family:Inter,sans-serif}.sidebar{position:sticky;top:0;z-index:30;width:224px;height:100vh;flex:0 0 224px;box-sizing:border-box;border-right:1px solid var(--nhm-border);background:linear-gradient(180deg,#050a14,#040812);display:flex;flex-direction:column}.brand{display:flex;align-items:center;gap:12px;height:76px;box-sizing:border-box;padding:16px 18px;border-bottom:1px solid var(--nhm-border);color:inherit;text-decoration:none}.brand-mark{position:relative;display:grid;place-items:center;width:34px;height:34px;border:1px solid rgba(50,214,201,.45);background:rgba(43,184,176,.07)}.brand-mark:before,.brand-mark:after{content:"";position:absolute;background:#2bb8b0}.brand-mark:before{width:12px;height:1px;left:-6px;top:16px}.brand-mark:after{height:12px;width:1px;left:16px;top:-6px}.brand-mark i{position:absolute;inset:5px;border:1px solid rgba(43,184,176,.2)}.brand-mark b{font:600 13px 'Space Grotesk',sans-serif;color:#82e9e1}.brand-copy{display:grid;gap:3px}.brand-copy strong{font:600 14px 'Space Grotesk',sans-serif;letter-spacing:.18em}.brand-copy small,.nav-caption{color:#53647b;font:7px 'JetBrains Mono',monospace;letter-spacing:.14em}.nav-caption{display:flex;justify-content:space-between;padding:22px 18px 9px}.nav-caption span{color:#2bb8b0}nav{padding:0 10px}.nav-item{position:relative;display:grid;grid-template-columns:34px 1fr auto;align-items:center;gap:10px;min-height:64px;padding:8px;color:#71829a;border:1px solid transparent;text-decoration:none;transition:.18s ease}.nav-item:hover{color:#dce9e8;background:rgba(43,184,176,.04)}.nav-item.active{color:#eef7f6;border-color:rgba(43,184,176,.18);background:linear-gradient(90deg,rgba(43,184,176,.12),rgba(43,184,176,.025))}.nav-item.active:before{content:"";position:absolute;left:-11px;top:12px;bottom:12px;width:2px;background:#2bb8b0;box-shadow:0 0 12px #2bb8b0}.nav-icon{display:grid;place-items:center;width:32px;height:32px;border:1px solid rgba(148,163,184,.12)}.active .nav-icon{color:#54d6cc;border-color:rgba(43,184,176,.35);background:rgba(43,184,176,.08)}.nav-copy{display:grid;gap:5px}.nav-copy b{font:500 9px 'JetBrains Mono',monospace;letter-spacing:.09em}.nav-copy small{font:9px Inter,sans-serif;color:#53647b}.nav-index{font:7px 'JetBrains Mono',monospace;color:#405067}.edge-card{margin:auto 12px 12px;padding:13px;border:1px solid rgba(148,163,184,.13);background:#070d19}.edge-head,.edge-vitals{display:flex;justify-content:space-between;align-items:center}.edge-head span,.edge-vitals{color:#53647b;font:7px 'JetBrains Mono',monospace;letter-spacing:.1em}.edge-head b{color:#a7b8c9;font:8px 'JetBrains Mono',monospace}.edge-card svg{width:100%;height:30px;margin:7px 0 2px}.edge-card polyline{fill:none;stroke:#fb7185;stroke-width:1.2;vector-effect:non-scaling-stroke;filter:drop-shadow(0 0 3px #fb718570)}.edge-vitals i{display:inline-block;width:5px;height:5px;margin-right:5px;border-radius:50%;background:#2bb8b0;box-shadow:0 0 7px #2bb8b0}.sidebar-footer{display:flex;align-items:center;gap:8px;padding:15px 18px;border-top:1px solid var(--nhm-border);color:#53647b;font:7px 'JetBrains Mono',monospace;letter-spacing:.11em}.sidebar-footer a{margin-left:auto;color:#71829a}.sys-dot{width:6px;height:6px;border-radius:50%;background:#2bb8b0;box-shadow:0 0 8px #2bb8b0}.sys-dot.offline{background:#fb7185;box-shadow:0 0 8px #fb7185}.dashboard-main{min-width:0;flex:1}.dashboard-header{position:sticky;top:0;z-index:20;display:flex;align-items:center;justify-content:space-between;height:58px;box-sizing:border-box;padding:0 clamp(18px,3vw,42px);border-bottom:1px solid var(--nhm-border);background:rgba(3,7,18,.88);backdrop-filter:blur(16px)}.header-route{display:flex;align-items:center;gap:11px;color:#71829a;font:8px 'JetBrains Mono',monospace;letter-spacing:.12em}.header-route i{width:24px;height:1px;background:#334155}.header-route b{color:#2bb8b0;font-weight:500}.header-readouts{display:flex;align-items:center;gap:24px}.header-readouts>span{color:#dbe7e7;font:500 11px 'Space Grotesk',sans-serif}.header-readouts small{margin-left:4px;color:#53647b;font:7px 'JetBrains Mono',monospace}.online{display:flex;align-items:center;color:#2bb8b0!important;font:7px 'JetBrains Mono',monospace!important;letter-spacing:.1em}.online i{width:6px;height:6px;margin-right:6px;border-radius:50%;background:#2bb8b0;box-shadow:0 0 8px #2bb8b0}.online.offline{color:#fb7185!important}.online.offline i{background:#fb7185}.dashboard-body{padding:clamp(20px,3vw,42px)}.menu-button,.scrim{display:none}@media(max-width:760px){.sidebar{position:fixed;transform:translateX(-102%);transition:transform .25s}.mobile-open .sidebar{transform:translateX(0)}.mobile-open .scrim{display:block;position:fixed;z-index:25;inset:0;border:0;background:rgba(0,0,0,.65)}.menu-button{display:grid;place-items:center;border:0;color:#b7c6d4;background:transparent}.header-route i,.header-route b,.header-readouts>span:not(.online){display:none}.dashboard-header{padding:0 14px}.dashboard-body{padding:18px 14px 36px}}
                                                                                                                                                                                                                                                                                                                                                                                                                                                                                                                                                                                                                                                                                                                                                                                                                                                                                                                                             ^
41: </style>
42: 
7:10:49 pm [vite-plugin-svelte] src/lib/components/dashboard/DashboardShell.svelte:40:970 Unused CSS selector ".brand-mark b"
https://svelte.dev/e/css_unused_selector
38: </div>
39: <style>
40:   .dashboard-shell{min-height:100vh;display:flex;background:var(--nhm-bg);color:var(--nhm-text);font-family:Inter,sans-serif}.sidebar{position:sticky;top:0;z-index:30;width:224px;height:100vh;flex:0 0 224px;box-sizing:border-box;border-right:1px solid var(--nhm-border);background:linear-gradient(180deg,#050a14,#040812);display:flex;flex-direction:column}.brand{display:flex;align-items:center;gap:12px;height:76px;box-sizing:border-box;padding:16px 18px;border-bottom:1px solid var(--nhm-border);color:inherit;text-decoration:none}.brand-mark{position:relative;display:grid;place-items:center;width:34px;height:34px;border:1px solid rgba(50,214,201,.45);background:rgba(43,184,176,.07)}.brand-mark:before,.brand-mark:after{content:"";position:absolute;background:#2bb8b0}.brand-mark:before{width:12px;height:1px;left:-6px;top:16px}.brand-mark:after{height:12px;width:1px;left:16px;top:-6px}.brand-mark i{position:absolute;inset:5px;border:1px solid rgba(43,184,176,.2)}.brand-mark b{font:600 13px 'Space Grotesk',sans-serif;color:#82e9e1}.brand-copy{display:grid;gap:3px}.brand-copy strong{font:600 14px 'Space Grotesk',sans-serif;letter-spacing:.18em}.brand-copy small,.nav-caption{color:#53647b;font:7px 'JetBrains Mono',monospace;letter-spacing:.14em}.nav-caption{display:flex;justify-content:space-between;padding:22px 18px 9px}.nav-caption span{color:#2bb8b0}nav{padding:0 10px}.nav-item{position:relative;display:grid;grid-template-columns:34px 1fr auto;align-items:center;gap:10px;min-height:64px;padding:8px;color:#71829a;border:1px solid transparent;text-decoration:none;transition:.18s ease}.nav-item:hover{color:#dce9e8;background:rgba(43,184,176,.04)}.nav-item.active{color:#eef7f6;border-color:rgba(43,184,176,.18);background:linear-gradient(90deg,rgba(43,184,176,.12),rgba(43,184,176,.025))}.nav-item.active:before{content:"";position:absolute;left:-11px;top:12px;bottom:12px;width:2px;background:#2bb8b0;box-shadow:0 0 12px #2bb8b0}.nav-icon{display:grid;place-items:center;width:32px;height:32px;border:1px solid rgba(148,163,184,.12)}.active .nav-icon{color:#54d6cc;border-color:rgba(43,184,176,.35);background:rgba(43,184,176,.08)}.nav-copy{display:grid;gap:5px}.nav-copy b{font:500 9px 'JetBrains Mono',monospace;letter-spacing:.09em}.nav-copy small{font:9px Inter,sans-serif;color:#53647b}.nav-index{font:7px 'JetBrains Mono',monospace;color:#405067}.edge-card{margin:auto 12px 12px;padding:13px;border:1px solid rgba(148,163,184,.13);background:#070d19}.edge-head,.edge-vitals{display:flex;justify-content:space-between;align-items:center}.edge-head span,.edge-vitals{color:#53647b;font:7px 'JetBrains Mono',monospace;letter-spacing:.1em}.edge-head b{color:#a7b8c9;font:8px 'JetBrains Mono',monospace}.edge-card svg{width:100%;height:30px;margin:7px 0 2px}.edge-card polyline{fill:none;stroke:#fb7185;stroke-width:1.2;vector-effect:non-scaling-stroke;filter:drop-shadow(0 0 3px #fb718570)}.edge-vitals i{display:inline-block;width:5px;height:5px;margin-right:5px;border-radius:50%;background:#2bb8b0;box-shadow:0 0 7px #2bb8b0}.sidebar-footer{display:flex;align-items:center;gap:8px;padding:15px 18px;border-top:1px solid var(--nhm-border);color:#53647b;font:7px 'JetBrains Mono',monospace;letter-spacing:.11em}.sidebar-footer a{margin-left:auto;color:#71829a}.sys-dot{width:6px;height:6px;border-radius:50%;background:#2bb8b0;box-shadow:0 0 8px #2bb8b0}.sys-dot.offline{background:#fb7185;box-shadow:0 0 8px #fb7185}.dashboard-main{min-width:0;flex:1}.dashboard-header{position:sticky;top:0;z-index:20;display:flex;align-items:center;justify-content:space-between;height:58px;box-sizing:border-box;padding:0 clamp(18px,3vw,42px);border-bottom:1px solid var(--nhm-border);background:rgba(3,7,18,.88);backdrop-filter:blur(16px)}.header-route{display:flex;align-items:center;gap:11px;color:#71829a;font:8px 'JetBrains Mono',monospace;letter-spacing:.12em}.header-route i{width:24px;height:1px;background:#334155}.header-route b{color:#2bb8b0;font-weight:500}.header-readouts{display:flex;align-items:center;gap:24px}.header-readouts>span{color:#dbe7e7;font:500 11px 'Space Grotesk',sans-serif}.header-readouts small{margin-left:4px;color:#53647b;font:7px 'JetBrains Mono',monospace}.online{display:flex;align-items:center;color:#2bb8b0!important;font:7px 'JetBrains Mono',monospace!important;letter-spacing:.1em}.online i{width:6px;height:6px;margin-right:6px;border-radius:50%;background:#2bb8b0;box-shadow:0 0 8px #2bb8b0}.online.offline{color:#fb7185!important}.online.offline i{background:#fb7185}.dashboard-body{padding:clamp(20px,3vw,42px)}.menu-button,.scrim{display:none}@media(max-width:760px){.sidebar{position:fixed;transform:translateX(-102%);transition:transform .25s}.mobile-open .sidebar{transform:translateX(0)}.mobile-open .scrim{display:block;position:fixed;z-index:25;inset:0;border:0;background:rgba(0,0,0,.65)}.menu-button{display:grid;place-items:center;border:0;color:#b7c6d4;background:transparent}.header-route i,.header-route b,.header-readouts>span:not(.online){display:none}.dashboard-header{padding:0 14px}.dashboard-body{padding:18px 14px 36px}}
                                                                                                                                                                                                                                                                                                                                                                                                                                                                                                                                                                                                                                                                                                                                                                                                                                                                                                                                                                                                                            ^
41: </style>
42: 
7:10:49 pm [vite-plugin-svelte] src/lib/components/dashboard/DashboardShell.svelte:40:1039 Unused CSS selector ".brand-copy"
https://svelte.dev/e/css_unused_selector
38: </div>
39: <style>
40:   .dashboard-shell{min-height:100vh;display:flex;background:var(--nhm-bg);color:var(--nhm-text);font-family:Inter,sans-serif}.sidebar{position:sticky;top:0;z-index:30;width:224px;height:100vh;flex:0 0 224px;box-sizing:border-box;border-right:1px solid var(--nhm-border);background:linear-gradient(180deg,#050a14,#040812);display:flex;flex-direction:column}.brand{display:flex;align-items:center;gap:12px;height:76px;box-sizing:border-box;padding:16px 18px;border-bottom:1px solid var(--nhm-border);color:inherit;text-decoration:none}.brand-mark{position:relative;display:grid;place-items:center;width:34px;height:34px;border:1px solid rgba(50,214,201,.45);background:rgba(43,184,176,.07)}.brand-mark:before,.brand-mark:after{content:"";position:absolute;background:#2bb8b0}.brand-mark:before{width:12px;height:1px;left:-6px;top:16px}.brand-mark:after{height:12px;width:1px;left:16px;top:-6px}.brand-mark i{position:absolute;inset:5px;border:1px solid rgba(43,184,176,.2)}.brand-mark b{font:600 13px 'Space Grotesk',sans-serif;color:#82e9e1}.brand-copy{display:grid;gap:3px}.brand-copy strong{font:600 14px 'Space Grotesk',sans-serif;letter-spacing:.18em}.brand-copy small,.nav-caption{color:#53647b;font:7px 'JetBrains Mono',monospace;letter-spacing:.14em}.nav-caption{display:flex;justify-content:space-between;padding:22px 18px 9px}.nav-caption span{color:#2bb8b0}nav{padding:0 10px}.nav-item{position:relative;display:grid;grid-template-columns:34px 1fr auto;align-items:center;gap:10px;min-height:64px;padding:8px;color:#71829a;border:1px solid transparent;text-decoration:none;transition:.18s ease}.nav-item:hover{color:#dce9e8;background:rgba(43,184,176,.04)}.nav-item.active{color:#eef7f6;border-color:rgba(43,184,176,.18);background:linear-gradient(90deg,rgba(43,184,176,.12),rgba(43,184,176,.025))}.nav-item.active:before{content:"";position:absolute;left:-11px;top:12px;bottom:12px;width:2px;background:#2bb8b0;box-shadow:0 0 12px #2bb8b0}.nav-icon{display:grid;place-items:center;width:32px;height:32px;border:1px solid rgba(148,163,184,.12)}.active .nav-icon{color:#54d6cc;border-color:rgba(43,184,176,.35);background:rgba(43,184,176,.08)}.nav-copy{display:grid;gap:5px}.nav-copy b{font:500 9px 'JetBrains Mono',monospace;letter-spacing:.09em}.nav-copy small{font:9px Inter,sans-serif;color:#53647b}.nav-index{font:7px 'JetBrains Mono',monospace;color:#405067}.edge-card{margin:auto 12px 12px;padding:13px;border:1px solid rgba(148,163,184,.13);background:#070d19}.edge-head,.edge-vitals{display:flex;justify-content:space-between;align-items:center}.edge-head span,.edge-vitals{color:#53647b;font:7px 'JetBrains Mono',monospace;letter-spacing:.1em}.edge-head b{color:#a7b8c9;font:8px 'JetBrains Mono',monospace}.edge-card svg{width:100%;height:30px;margin:7px 0 2px}.edge-card polyline{fill:none;stroke:#fb7185;stroke-width:1.2;vector-effect:non-scaling-stroke;filter:drop-shadow(0 0 3px #fb718570)}.edge-vitals i{display:inline-block;width:5px;height:5px;margin-right:5px;border-radius:50%;background:#2bb8b0;box-shadow:0 0 7px #2bb8b0}.sidebar-footer{display:flex;align-items:center;gap:8px;padding:15px 18px;border-top:1px solid var(--nhm-border);color:#53647b;font:7px 'JetBrains Mono',monospace;letter-spacing:.11em}.sidebar-footer a{margin-left:auto;color:#71829a}.sys-dot{width:6px;height:6px;border-radius:50%;background:#2bb8b0;box-shadow:0 0 8px #2bb8b0}.sys-dot.offline{background:#fb7185;box-shadow:0 0 8px #fb7185}.dashboard-main{min-width:0;flex:1}.dashboard-header{position:sticky;top:0;z-index:20;display:flex;align-items:center;justify-content:space-between;height:58px;box-sizing:border-box;padding:0 clamp(18px,3vw,42px);border-bottom:1px solid var(--nhm-border);background:rgba(3,7,18,.88);backdrop-filter:blur(16px)}.header-route{display:flex;align-items:center;gap:11px;color:#71829a;font:8px 'JetBrains Mono',monospace;letter-spacing:.12em}.header-route i{width:24px;height:1px;background:#334155}.header-route b{color:#2bb8b0;font-weight:500}.header-readouts{display:flex;align-items:center;gap:24px}.header-readouts>span{color:#dbe7e7;font:500 11px 'Space Grotesk',sans-serif}.header-readouts small{margin-left:4px;color:#53647b;font:7px 'JetBrains Mono',monospace}.online{display:flex;align-items:center;color:#2bb8b0!important;font:7px 'JetBrains Mono',monospace!important;letter-spacing:.1em}.online i{width:6px;height:6px;margin-right:6px;border-radius:50%;background:#2bb8b0;box-shadow:0 0 8px #2bb8b0}.online.offline{color:#fb7185!important}.online.offline i{background:#fb7185}.dashboard-body{padding:clamp(20px,3vw,42px)}.menu-button,.scrim{display:none}@media(max-width:760px){.sidebar{position:fixed;transform:translateX(-102%);transition:transform .25s}.mobile-open .sidebar{transform:translateX(0)}.mobile-open .scrim{display:block;position:fixed;z-index:25;inset:0;border:0;background:rgba(0,0,0,.65)}.menu-button{display:grid;place-items:center;border:0;color:#b7c6d4;background:transparent}.header-route i,.header-route b,.header-readouts>span:not(.online){display:none}.dashboard-header{padding:0 14px}.dashboard-body{padding:18px 14px 36px}}
                                                                                                                                                                                                                                                                                                                                                                                                                                                                                                                                                                                                                                                                                                                                                                                                                                                                                                                                                                                                                                                                                               ^
41: </style>
42: 
7:10:49 pm [vite-plugin-svelte] src/lib/components/dashboard/DashboardShell.svelte:40:1072 Unused CSS selector ".brand-copy strong"
https://svelte.dev/e/css_unused_selector
38: </div>
39: <style>
40:   .dashboard-shell{min-height:100vh;display:flex;background:var(--nhm-bg);color:var(--nhm-text);font-family:Inter,sans-serif}.sidebar{position:sticky;top:0;z-index:30;width:224px;height:100vh;flex:0 0 224px;box-sizing:border-box;border-right:1px solid var(--nhm-border);background:linear-gradient(180deg,#050a14,#040812);display:flex;flex-direction:column}.brand{display:flex;align-items:center;gap:12px;height:76px;box-sizing:border-box;padding:16px 18px;border-bottom:1px solid var(--nhm-border);color:inherit;text-decoration:none}.brand-mark{position:relative;display:grid;place-items:center;width:34px;height:34px;border:1px solid rgba(50,214,201,.45);background:rgba(43,184,176,.07)}.brand-mark:before,.brand-mark:after{content:"";position:absolute;background:#2bb8b0}.brand-mark:before{width:12px;height:1px;left:-6px;top:16px}.brand-mark:after{height:12px;width:1px;left:16px;top:-6px}.brand-mark i{position:absolute;inset:5px;border:1px solid rgba(43,184,176,.2)}.brand-mark b{font:600 13px 'Space Grotesk',sans-serif;color:#82e9e1}.brand-copy{display:grid;gap:3px}.brand-copy strong{font:600 14px 'Space Grotesk',sans-serif;letter-spacing:.18em}.brand-copy small,.nav-caption{color:#53647b;font:7px 'JetBrains Mono',monospace;letter-spacing:.14em}.nav-caption{display:flex;justify-content:space-between;padding:22px 18px 9px}.nav-caption span{color:#2bb8b0}nav{padding:0 10px}.nav-item{position:relative;display:grid;grid-template-columns:34px 1fr auto;align-items:center;gap:10px;min-height:64px;padding:8px;color:#71829a;border:1px solid transparent;text-decoration:none;transition:.18s ease}.nav-item:hover{color:#dce9e8;background:rgba(43,184,176,.04)}.nav-item.active{color:#eef7f6;border-color:rgba(43,184,176,.18);background:linear-gradient(90deg,rgba(43,184,176,.12),rgba(43,184,176,.025))}.nav-item.active:before{content:"";position:absolute;left:-11px;top:12px;bottom:12px;width:2px;background:#2bb8b0;box-shadow:0 0 12px #2bb8b0}.nav-icon{display:grid;place-items:center;width:32px;height:32px;border:1px solid rgba(148,163,184,.12)}.active .nav-icon{color:#54d6cc;border-color:rgba(43,184,176,.35);background:rgba(43,184,176,.08)}.nav-copy{display:grid;gap:5px}.nav-copy b{font:500 9px 'JetBrains Mono',monospace;letter-spacing:.09em}.nav-copy small{font:9px Inter,sans-serif;color:#53647b}.nav-index{font:7px 'JetBrains Mono',monospace;color:#405067}.edge-card{margin:auto 12px 12px;padding:13px;border:1px solid rgba(148,163,184,.13);background:#070d19}.edge-head,.edge-vitals{display:flex;justify-content:space-between;align-items:center}.edge-head span,.edge-vitals{color:#53647b;font:7px 'JetBrains Mono',monospace;letter-spacing:.1em}.edge-head b{color:#a7b8c9;font:8px 'JetBrains Mono',monospace}.edge-card svg{width:100%;height:30px;margin:7px 0 2px}.edge-card polyline{fill:none;stroke:#fb7185;stroke-width:1.2;vector-effect:non-scaling-stroke;filter:drop-shadow(0 0 3px #fb718570)}.edge-vitals i{display:inline-block;width:5px;height:5px;margin-right:5px;border-radius:50%;background:#2bb8b0;box-shadow:0 0 7px #2bb8b0}.sidebar-footer{display:flex;align-items:center;gap:8px;padding:15px 18px;border-top:1px solid var(--nhm-border);color:#53647b;font:7px 'JetBrains Mono',monospace;letter-spacing:.11em}.sidebar-footer a{margin-left:auto;color:#71829a}.sys-dot{width:6px;height:6px;border-radius:50%;background:#2bb8b0;box-shadow:0 0 8px #2bb8b0}.sys-dot.offline{background:#fb7185;box-shadow:0 0 8px #fb7185}.dashboard-main{min-width:0;flex:1}.dashboard-header{position:sticky;top:0;z-index:20;display:flex;align-items:center;justify-content:space-between;height:58px;box-sizing:border-box;padding:0 clamp(18px,3vw,42px);border-bottom:1px solid var(--nhm-border);background:rgba(3,7,18,.88);backdrop-filter:blur(16px)}.header-route{display:flex;align-items:center;gap:11px;color:#71829a;font:8px 'JetBrains Mono',monospace;letter-spacing:.12em}.header-route i{width:24px;height:1px;background:#334155}.header-route b{color:#2bb8b0;font-weight:500}.header-readouts{display:flex;align-items:center;gap:24px}.header-readouts>span{color:#dbe7e7;font:500 11px 'Space Grotesk',sans-serif}.header-readouts small{margin-left:4px;color:#53647b;font:7px 'JetBrains Mono',monospace}.online{display:flex;align-items:center;color:#2bb8b0!important;font:7px 'JetBrains Mono',monospace!important;letter-spacing:.1em}.online i{width:6px;height:6px;margin-right:6px;border-radius:50%;background:#2bb8b0;box-shadow:0 0 8px #2bb8b0}.online.offline{color:#fb7185!important}.online.offline i{background:#fb7185}.dashboard-body{padding:clamp(20px,3vw,42px)}.menu-button,.scrim{display:none}@media(max-width:760px){.sidebar{position:fixed;transform:translateX(-102%);transition:transform .25s}.mobile-open .sidebar{transform:translateX(0)}.mobile-open .scrim{display:block;position:fixed;z-index:25;inset:0;border:0;background:rgba(0,0,0,.65)}.menu-button{display:grid;place-items:center;border:0;color:#b7c6d4;background:transparent}.header-route i,.header-route b,.header-readouts>span:not(.online){display:none}.dashboard-header{padding:0 14px}.dashboard-body{padding:18px 14px 36px}}
                                                                                                                                                                                                                                                                                                                                                                                                                                                                                                                                                                                                                                                                                                                                                                                                                                                                                                                                                                                                                                                                                                                                       ^
41: </style>
42: 
7:10:49 pm [vite-plugin-svelte] src/lib/components/dashboard/DashboardShell.svelte:40:1153 Unused CSS selector ".brand-copy small"
https://svelte.dev/e/css_unused_selector
38: </div>
39: <style>
40:   .dashboard-shell{min-height:100vh;display:flex;background:var(--nhm-bg);color:var(--nhm-text);font-family:Inter,sans-serif}.sidebar{position:sticky;top:0;z-index:30;width:224px;height:100vh;flex:0 0 224px;box-sizing:border-box;border-right:1px solid var(--nhm-border);background:linear-gradient(180deg,#050a14,#040812);display:flex;flex-direction:column}.brand{display:flex;align-items:center;gap:12px;height:76px;box-sizing:border-box;padding:16px 18px;border-bottom:1px solid var(--nhm-border);color:inherit;text-decoration:none}.brand-mark{position:relative;display:grid;place-items:center;width:34px;height:34px;border:1px solid rgba(50,214,201,.45);background:rgba(43,184,176,.07)}.brand-mark:before,.brand-mark:after{content:"";position:absolute;background:#2bb8b0}.brand-mark:before{width:12px;height:1px;left:-6px;top:16px}.brand-mark:after{height:12px;width:1px;left:16px;top:-6px}.brand-mark i{position:absolute;inset:5px;border:1px solid rgba(43,184,176,.2)}.brand-mark b{font:600 13px 'Space Grotesk',sans-serif;color:#82e9e1}.brand-copy{display:grid;gap:3px}.brand-copy strong{font:600 14px 'Space Grotesk',sans-serif;letter-spacing:.18em}.brand-copy small,.nav-caption{color:#53647b;font:7px 'JetBrains Mono',monospace;letter-spacing:.14em}.nav-caption{display:flex;justify-content:space-between;padding:22px 18px 9px}.nav-caption span{color:#2bb8b0}nav{padding:0 10px}.nav-item{position:relative;display:grid;grid-template-columns:34px 1fr auto;align-items:center;gap:10px;min-height:64px;padding:8px;color:#71829a;border:1px solid transparent;text-decoration:none;transition:.18s ease}.nav-item:hover{color:#dce9e8;background:rgba(43,184,176,.04)}.nav-item.active{color:#eef7f6;border-color:rgba(43,184,176,.18);background:linear-gradient(90deg,rgba(43,184,176,.12),rgba(43,184,176,.025))}.nav-item.active:before{content:"";position:absolute;left:-11px;top:12px;bottom:12px;width:2px;background:#2bb8b0;box-shadow:0 0 12px #2bb8b0}.nav-icon{display:grid;place-items:center;width:32px;height:32px;border:1px solid rgba(148,163,184,.12)}.active .nav-icon{color:#54d6cc;border-color:rgba(43,184,176,.35);background:rgba(43,184,176,.08)}.nav-copy{display:grid;gap:5px}.nav-copy b{font:500 9px 'JetBrains Mono',monospace;letter-spacing:.09em}.nav-copy small{font:9px Inter,sans-serif;color:#53647b}.nav-index{font:7px 'JetBrains Mono',monospace;color:#405067}.edge-card{margin:auto 12px 12px;padding:13px;border:1px solid rgba(148,163,184,.13);background:#070d19}.edge-head,.edge-vitals{display:flex;justify-content:space-between;align-items:center}.edge-head span,.edge-vitals{color:#53647b;font:7px 'JetBrains Mono',monospace;letter-spacing:.1em}.edge-head b{color:#a7b8c9;font:8px 'JetBrains Mono',monospace}.edge-card svg{width:100%;height:30px;margin:7px 0 2px}.edge-card polyline{fill:none;stroke:#fb7185;stroke-width:1.2;vector-effect:non-scaling-stroke;filter:drop-shadow(0 0 3px #fb718570)}.edge-vitals i{display:inline-block;width:5px;height:5px;margin-right:5px;border-radius:50%;background:#2bb8b0;box-shadow:0 0 7px #2bb8b0}.sidebar-footer{display:flex;align-items:center;gap:8px;padding:15px 18px;border-top:1px solid var(--nhm-border);color:#53647b;font:7px 'JetBrains Mono',monospace;letter-spacing:.11em}.sidebar-footer a{margin-left:auto;color:#71829a}.sys-dot{width:6px;height:6px;border-radius:50%;background:#2bb8b0;box-shadow:0 0 8px #2bb8b0}.sys-dot.offline{background:#fb7185;box-shadow:0 0 8px #fb7185}.dashboard-main{min-width:0;flex:1}.dashboard-header{position:sticky;top:0;z-index:20;display:flex;align-items:center;justify-content:space-between;height:58px;box-sizing:border-box;padding:0 clamp(18px,3vw,42px);border-bottom:1px solid var(--nhm-border);background:rgba(3,7,18,.88);backdrop-filter:blur(16px)}.header-route{display:flex;align-items:center;gap:11px;color:#71829a;font:8px 'JetBrains Mono',monospace;letter-spacing:.12em}.header-route i{width:24px;height:1px;background:#334155}.header-route b{color:#2bb8b0;font-weight:500}.header-readouts{display:flex;align-items:center;gap:24px}.header-readouts>span{color:#dbe7e7;font:500 11px 'Space Grotesk',sans-serif}.header-readouts small{margin-left:4px;color:#53647b;font:7px 'JetBrains Mono',monospace}.online{display:flex;align-items:center;color:#2bb8b0!important;font:7px 'JetBrains Mono',monospace!important;letter-spacing:.1em}.online i{width:6px;height:6px;margin-right:6px;border-radius:50%;background:#2bb8b0;box-shadow:0 0 8px #2bb8b0}.online.offline{color:#fb7185!important}.online.offline i{background:#fb7185}.dashboard-body{padding:clamp(20px,3vw,42px)}.menu-button,.scrim{display:none}@media(max-width:760px){.sidebar{position:fixed;transform:translateX(-102%);transition:transform .25s}.mobile-open .sidebar{transform:translateX(0)}.mobile-open .scrim{display:block;position:fixed;z-index:25;inset:0;border:0;background:rgba(0,0,0,.65)}.menu-button{display:grid;place-items:center;border:0;color:#b7c6d4;background:transparent}.header-route i,.header-route b,.header-readouts>span:not(.online){display:none}.dashboard-header{padding:0 14px}.dashboard-body{padding:18px 14px 36px}}
                                                                                                                                                                                                                                                                                                                                                                                                                                                                                                                                                                                                                                                                                                                                                                                                                                                                                                                                                                                                                                                                                                                                                                                                                       ^
41: </style>
42: 
7:10:49 pm [vite-plugin-svelte] src/lib/components/dashboard/DashboardShell.svelte:40:1333 Unused CSS selector ".nav-caption span"
https://svelte.dev/e/css_unused_selector
38: </div>
39: <style>
40:   .dashboard-shell{min-height:100vh;display:flex;background:var(--nhm-bg);color:var(--nhm-text);font-family:Inter,sans-serif}.sidebar{position:sticky;top:0;z-index:30;width:224px;height:100vh;flex:0 0 224px;box-sizing:border-box;border-right:1px solid var(--nhm-border);background:linear-gradient(180deg,#050a14,#040812);display:flex;flex-direction:column}.brand{display:flex;align-items:center;gap:12px;height:76px;box-sizing:border-box;padding:16px 18px;border-bottom:1px solid var(--nhm-border);color:inherit;text-decoration:none}.brand-mark{position:relative;display:grid;place-items:center;width:34px;height:34px;border:1px solid rgba(50,214,201,.45);background:rgba(43,184,176,.07)}.brand-mark:before,.brand-mark:after{content:"";position:absolute;background:#2bb8b0}.brand-mark:before{width:12px;height:1px;left:-6px;top:16px}.brand-mark:after{height:12px;width:1px;left:16px;top:-6px}.brand-mark i{position:absolute;inset:5px;border:1px solid rgba(43,184,176,.2)}.brand-mark b{font:600 13px 'Space Grotesk',sans-serif;color:#82e9e1}.brand-copy{display:grid;gap:3px}.brand-copy strong{font:600 14px 'Space Grotesk',sans-serif;letter-spacing:.18em}.brand-copy small,.nav-caption{color:#53647b;font:7px 'JetBrains Mono',monospace;letter-spacing:.14em}.nav-caption{display:flex;justify-content:space-between;padding:22px 18px 9px}.nav-caption span{color:#2bb8b0}nav{padding:0 10px}.nav-item{position:relative;display:grid;grid-template-columns:34px 1fr auto;align-items:center;gap:10px;min-height:64px;padding:8px;color:#71829a;border:1px solid transparent;text-decoration:none;transition:.18s ease}.nav-item:hover{color:#dce9e8;background:rgba(43,184,176,.04)}.nav-item.active{color:#eef7f6;border-color:rgba(43,184,176,.18);background:linear-gradient(90deg,rgba(43,184,176,.12),rgba(43,184,176,.025))}.nav-item.active:before{content:"";position:absolute;left:-11px;top:12px;bottom:12px;width:2px;background:#2bb8b0;box-shadow:0 0 12px #2bb8b0}.nav-icon{display:grid;place-items:center;width:32px;height:32px;border:1px solid rgba(148,163,184,.12)}.active .nav-icon{color:#54d6cc;border-color:rgba(43,184,176,.35);background:rgba(43,184,176,.08)}.nav-copy{display:grid;gap:5px}.nav-copy b{font:500 9px 'JetBrains Mono',monospace;letter-spacing:.09em}.nav-copy small{font:9px Inter,sans-serif;color:#53647b}.nav-index{font:7px 'JetBrains Mono',monospace;color:#405067}.edge-card{margin:auto 12px 12px;padding:13px;border:1px solid rgba(148,163,184,.13);background:#070d19}.edge-head,.edge-vitals{display:flex;justify-content:space-between;align-items:center}.edge-head span,.edge-vitals{color:#53647b;font:7px 'JetBrains Mono',monospace;letter-spacing:.1em}.edge-head b{color:#a7b8c9;font:8px 'JetBrains Mono',monospace}.edge-card svg{width:100%;height:30px;margin:7px 0 2px}.edge-card polyline{fill:none;stroke:#fb7185;stroke-width:1.2;vector-effect:non-scaling-stroke;filter:drop-shadow(0 0 3px #fb718570)}.edge-vitals i{display:inline-block;width:5px;height:5px;margin-right:5px;border-radius:50%;background:#2bb8b0;box-shadow:0 0 7px #2bb8b0}.sidebar-footer{display:flex;align-items:center;gap:8px;padding:15px 18px;border-top:1px solid var(--nhm-border);color:#53647b;font:7px 'JetBrains Mono',monospace;letter-spacing:.11em}.sidebar-footer a{margin-left:auto;color:#71829a}.sys-dot{width:6px;height:6px;border-radius:50%;background:#2bb8b0;box-shadow:0 0 8px #2bb8b0}.sys-dot.offline{background:#fb7185;box-shadow:0 0 8px #fb7185}.dashboard-main{min-width:0;flex:1}.dashboard-header{position:sticky;top:0;z-index:20;display:flex;align-items:center;justify-content:space-between;height:58px;box-sizing:border-box;padding:0 clamp(18px,3vw,42px);border-bottom:1px solid var(--nhm-border);background:rgba(3,7,18,.88);backdrop-filter:blur(16px)}.header-route{display:flex;align-items:center;gap:11px;color:#71829a;font:8px 'JetBrains Mono',monospace;letter-spacing:.12em}.header-route i{width:24px;height:1px;background:#334155}.header-route b{color:#2bb8b0;font-weight:500}.header-readouts{display:flex;align-items:center;gap:24px}.header-readouts>span{color:#dbe7e7;font:500 11px 'Space Grotesk',sans-serif}.header-readouts small{margin-left:4px;color:#53647b;font:7px 'JetBrains Mono',monospace}.online{display:flex;align-items:center;color:#2bb8b0!important;font:7px 'JetBrains Mono',monospace!important;letter-spacing:.1em}.online i{width:6px;height:6px;margin-right:6px;border-radius:50%;background:#2bb8b0;box-shadow:0 0 8px #2bb8b0}.online.offline{color:#fb7185!important}.online.offline i{background:#fb7185}.dashboard-body{padding:clamp(20px,3vw,42px)}.menu-button,.scrim{display:none}@media(max-width:760px){.sidebar{position:fixed;transform:translateX(-102%);transition:transform .25s}.mobile-open .sidebar{transform:translateX(0)}.mobile-open .scrim{display:block;position:fixed;z-index:25;inset:0;border:0;background:rgba(0,0,0,.65)}.menu-button{display:grid;place-items:center;border:0;color:#b7c6d4;background:transparent}.header-route i,.header-route b,.header-readouts>span:not(.online){display:none}.dashboard-header{padding:0 14px}.dashboard-body{padding:18px 14px 36px}}
                                                                                                                                                                                                                                                                                                                                                                                                                                                                                                                                                                                                                                                                                                                                                                                                                                                                                                                                                                                                                                                                                                                                                                                                                                                                                                                                                                                                           ^
41: </style>
42: 
7:10:49 pm [vite-plugin-svelte] src/lib/components/dashboard/DashboardShell.svelte:40:2371 Unused CSS selector ".edge-card"
https://svelte.dev/e/css_unused_selector
38: </div>
39: <style>
40:   .dashboard-shell{min-height:100vh;display:flex;background:var(--nhm-bg);color:var(--nhm-text);font-family:Inter,sans-serif}.sidebar{position:sticky;top:0;z-index:30;width:224px;height:100vh;flex:0 0 224px;box-sizing:border-box;border-right:1px solid var(--nhm-border);background:linear-gradient(180deg,#050a14,#040812);display:flex;flex-direction:column}.brand{display:flex;align-items:center;gap:12px;height:76px;box-sizing:border-box;padding:16px 18px;border-bottom:1px solid var(--nhm-border);color:inherit;text-decoration:none}.brand-mark{position:relative;display:grid;place-items:center;width:34px;height:34px;border:1px solid rgba(50,214,201,.45);background:rgba(43,184,176,.07)}.brand-mark:before,.brand-mark:after{content:"";position:absolute;background:#2bb8b0}.brand-mark:before{width:12px;height:1px;left:-6px;top:16px}.brand-mark:after{height:12px;width:1px;left:16px;top:-6px}.brand-mark i{position:absolute;inset:5px;border:1px solid rgba(43,184,176,.2)}.brand-mark b{font:600 13px 'Space Grotesk',sans-serif;color:#82e9e1}.brand-copy{display:grid;gap:3px}.brand-copy strong{font:600 14px 'Space Grotesk',sans-serif;letter-spacing:.18em}.brand-copy small,.nav-caption{color:#53647b;font:7px 'JetBrains Mono',monospace;letter-spacing:.14em}.nav-caption{display:flex;justify-content:space-between;padding:22px 18px 9px}.nav-caption span{color:#2bb8b0}nav{padding:0 10px}.nav-item{position:relative;display:grid;grid-template-columns:34px 1fr auto;align-items:center;gap:10px;min-height:64px;padding:8px;color:#71829a;border:1px solid transparent;text-decoration:none;transition:.18s ease}.nav-item:hover{color:#dce9e8;background:rgba(43,184,176,.04)}.nav-item.active{color:#eef7f6;border-color:rgba(43,184,176,.18);background:linear-gradient(90deg,rgba(43,184,176,.12),rgba(43,184,176,.025))}.nav-item.active:before{content:"";position:absolute;left:-11px;top:12px;bottom:12px;width:2px;background:#2bb8b0;box-shadow:0 0 12px #2bb8b0}.nav-icon{display:grid;place-items:center;width:32px;height:32px;border:1px solid rgba(148,163,184,.12)}.active .nav-icon{color:#54d6cc;border-color:rgba(43,184,176,.35);background:rgba(43,184,176,.08)}.nav-copy{display:grid;gap:5px}.nav-copy b{font:500 9px 'JetBrains Mono',monospace;letter-spacing:.09em}.nav-copy small{font:9px Inter,sans-serif;color:#53647b}.nav-index{font:7px 'JetBrains Mono',monospace;color:#405067}.edge-card{margin:auto 12px 12px;padding:13px;border:1px solid rgba(148,163,184,.13);background:#070d19}.edge-head,.edge-vitals{display:flex;justify-content:space-between;align-items:center}.edge-head span,.edge-vitals{color:#53647b;font:7px 'JetBrains Mono',monospace;letter-spacing:.1em}.edge-head b{color:#a7b8c9;font:8px 'JetBrains Mono',monospace}.edge-card svg{width:100%;height:30px;margin:7px 0 2px}.edge-card polyline{fill:none;stroke:#fb7185;stroke-width:1.2;vector-effect:non-scaling-stroke;filter:drop-shadow(0 0 3px #fb718570)}.edge-vitals i{display:inline-block;width:5px;height:5px;margin-right:5px;border-radius:50%;background:#2bb8b0;box-shadow:0 0 7px #2bb8b0}.sidebar-footer{display:flex;align-items:center;gap:8px;padding:15px 18px;border-top:1px solid var(--nhm-border);color:#53647b;font:7px 'JetBrains Mono',monospace;letter-spacing:.11em}.sidebar-footer a{margin-left:auto;color:#71829a}.sys-dot{width:6px;height:6px;border-radius:50%;background:#2bb8b0;box-shadow:0 0 8px #2bb8b0}.sys-dot.offline{background:#fb7185;box-shadow:0 0 8px #fb7185}.dashboard-main{min-width:0;flex:1}.dashboard-header{position:sticky;top:0;z-index:20;display:flex;align-items:center;justify-content:space-between;height:58px;box-sizing:border-box;padding:0 clamp(18px,3vw,42px);border-bottom:1px solid var(--nhm-border);background:rgba(3,7,18,.88);backdrop-filter:blur(16px)}.header-route{display:flex;align-items:center;gap:11px;color:#71829a;font:8px 'JetBrains Mono',monospace;letter-spacing:.12em}.header-route i{width:24px;height:1px;background:#334155}.header-route b{color:#2bb8b0;font-weight:500}.header-readouts{display:flex;align-items:center;gap:24px}.header-readouts>span{color:#dbe7e7;font:500 11px 'Space Grotesk',sans-serif}.header-readouts small{margin-left:4px;color:#53647b;font:7px 'JetBrains Mono',monospace}.online{display:flex;align-items:center;color:#2bb8b0!important;font:7px 'JetBrains Mono',monospace!important;letter-spacing:.1em}.online i{width:6px;height:6px;margin-right:6px;border-radius:50%;background:#2bb8b0;box-shadow:0 0 8px #2bb8b0}.online.offline{color:#fb7185!important}.online.offline i{background:#fb7185}.dashboard-body{padding:clamp(20px,3vw,42px)}.menu-button,.scrim{display:none}@media(max-width:760px){.sidebar{position:fixed;transform:translateX(-102%);transition:transform .25s}.mobile-open .sidebar{transform:translateX(0)}.mobile-open .scrim{display:block;position:fixed;z-index:25;inset:0;border:0;background:rgba(0,0,0,.65)}.menu-button{display:grid;place-items:center;border:0;color:#b7c6d4;background:transparent}.header-route i,.header-route b,.header-readouts>span:not(.online){display:none}.dashboard-header{padding:0 14px}.dashboard-body{padding:18px 14px 36px}}
                                                                                                                                                                                                                                                                                                                                                                                                                                                                                                                                                                                                                                                                                                                                                                                                                                                                                                                                                                                                                                                                                                                                                                                                                                                                                                                                                                                                                                                                                                                                                                                                                                                                                                                                                                                                                                                                                                                                                                                                                                                                                                                                                                                                                                                                                                                                                                                                                                                                                  ^
41: </style>
42: 
7:10:49 pm [vite-plugin-svelte] src/lib/components/dashboard/DashboardShell.svelte:40:2475 Unused CSS selector ".edge-head"
https://svelte.dev/e/css_unused_selector
38: </div>
39: <style>
40:   .dashboard-shell{min-height:100vh;display:flex;background:var(--nhm-bg);color:var(--nhm-text);font-family:Inter,sans-serif}.sidebar{position:sticky;top:0;z-index:30;width:224px;height:100vh;flex:0 0 224px;box-sizing:border-box;border-right:1px solid var(--nhm-border);background:linear-gradient(180deg,#050a14,#040812);display:flex;flex-direction:column}.brand{display:flex;align-items:center;gap:12px;height:76px;box-sizing:border-box;padding:16px 18px;border-bottom:1px solid var(--nhm-border);color:inherit;text-decoration:none}.brand-mark{position:relative;display:grid;place-items:center;width:34px;height:34px;border:1px solid rgba(50,214,201,.45);background:rgba(43,184,176,.07)}.brand-mark:before,.brand-mark:after{content:"";position:absolute;background:#2bb8b0}.brand-mark:before{width:12px;height:1px;left:-6px;top:16px}.brand-mark:after{height:12px;width:1px;left:16px;top:-6px}.brand-mark i{position:absolute;inset:5px;border:1px solid rgba(43,184,176,.2)}.brand-mark b{font:600 13px 'Space Grotesk',sans-serif;color:#82e9e1}.brand-copy{display:grid;gap:3px}.brand-copy strong{font:600 14px 'Space Grotesk',sans-serif;letter-spacing:.18em}.brand-copy small,.nav-caption{color:#53647b;font:7px 'JetBrains Mono',monospace;letter-spacing:.14em}.nav-caption{display:flex;justify-content:space-between;padding:22px 18px 9px}.nav-caption span{color:#2bb8b0}nav{padding:0 10px}.nav-item{position:relative;display:grid;grid-template-columns:34px 1fr auto;align-items:center;gap:10px;min-height:64px;padding:8px;color:#71829a;border:1px solid transparent;text-decoration:none;transition:.18s ease}.nav-item:hover{color:#dce9e8;background:rgba(43,184,176,.04)}.nav-item.active{color:#eef7f6;border-color:rgba(43,184,176,.18);background:linear-gradient(90deg,rgba(43,184,176,.12),rgba(43,184,176,.025))}.nav-item.active:before{content:"";position:absolute;left:-11px;top:12px;bottom:12px;width:2px;background:#2bb8b0;box-shadow:0 0 12px #2bb8b0}.nav-icon{display:grid;place-items:center;width:32px;height:32px;border:1px solid rgba(148,163,184,.12)}.active .nav-icon{color:#54d6cc;border-color:rgba(43,184,176,.35);background:rgba(43,184,176,.08)}.nav-copy{display:grid;gap:5px}.nav-copy b{font:500 9px 'JetBrains Mono',monospace;letter-spacing:.09em}.nav-copy small{font:9px Inter,sans-serif;color:#53647b}.nav-index{font:7px 'JetBrains Mono',monospace;color:#405067}.edge-card{margin:auto 12px 12px;padding:13px;border:1px solid rgba(148,163,184,.13);background:#070d19}.edge-head,.edge-vitals{display:flex;justify-content:space-between;align-items:center}.edge-head span,.edge-vitals{color:#53647b;font:7px 'JetBrains Mono',monospace;letter-spacing:.1em}.edge-head b{color:#a7b8c9;font:8px 'JetBrains Mono',monospace}.edge-card svg{width:100%;height:30px;margin:7px 0 2px}.edge-card polyline{fill:none;stroke:#fb7185;stroke-width:1.2;vector-effect:non-scaling-stroke;filter:drop-shadow(0 0 3px #fb718570)}.edge-vitals i{display:inline-block;width:5px;height:5px;margin-right:5px;border-radius:50%;background:#2bb8b0;box-shadow:0 0 7px #2bb8b0}.sidebar-footer{display:flex;align-items:center;gap:8px;padding:15px 18px;border-top:1px solid var(--nhm-border);color:#53647b;font:7px 'JetBrains Mono',monospace;letter-spacing:.11em}.sidebar-footer a{margin-left:auto;color:#71829a}.sys-dot{width:6px;height:6px;border-radius:50%;background:#2bb8b0;box-shadow:0 0 8px #2bb8b0}.sys-dot.offline{background:#fb7185;box-shadow:0 0 8px #fb7185}.dashboard-main{min-width:0;flex:1}.dashboard-header{position:sticky;top:0;z-index:20;display:flex;align-items:center;justify-content:space-between;height:58px;box-sizing:border-box;padding:0 clamp(18px,3vw,42px);border-bottom:1px solid var(--nhm-border);background:rgba(3,7,18,.88);backdrop-filter:blur(16px)}.header-route{display:flex;align-items:center;gap:11px;color:#71829a;font:8px 'JetBrains Mono',monospace;letter-spacing:.12em}.header-route i{width:24px;height:1px;background:#334155}.header-route b{color:#2bb8b0;font-weight:500}.header-readouts{display:flex;align-items:center;gap:24px}.header-readouts>span{color:#dbe7e7;font:500 11px 'Space Grotesk',sans-serif}.header-readouts small{margin-left:4px;color:#53647b;font:7px 'JetBrains Mono',monospace}.online{display:flex;align-items:center;color:#2bb8b0!important;font:7px 'JetBrains Mono',monospace!important;letter-spacing:.1em}.online i{width:6px;height:6px;margin-right:6px;border-radius:50%;background:#2bb8b0;box-shadow:0 0 8px #2bb8b0}.online.offline{color:#fb7185!important}.online.offline i{background:#fb7185}.dashboard-body{padding:clamp(20px,3vw,42px)}.menu-button,.scrim{display:none}@media(max-width:760px){.sidebar{position:fixed;transform:translateX(-102%);transition:transform .25s}.mobile-open .sidebar{transform:translateX(0)}.mobile-open .scrim{display:block;position:fixed;z-index:25;inset:0;border:0;background:rgba(0,0,0,.65)}.menu-button{display:grid;place-items:center;border:0;color:#b7c6d4;background:transparent}.header-route i,.header-route b,.header-readouts>span:not(.online){display:none}.dashboard-header{padding:0 14px}.dashboard-body{padding:18px 14px 36px}}
                                                                                                                                                                                                                                                                                                                                                                                                                                                                                                                                                                                                                                                                                                                                                                                                                                                                                                                                                                                                                                                                                                                                                                                                                                                                                                                                                                                                                                                                                                                                                                                                                                                                                                                                                                                                                                                                                                                                                                                                                                                                                                                                                                                                                                                                                                                                                                                                                                                                                                                                                                                          ^
41: </style>
42: 
7:10:49 pm [vite-plugin-svelte] src/lib/components/dashboard/DashboardShell.svelte:40:2486 Unused CSS selector ".edge-vitals"
https://svelte.dev/e/css_unused_selector
38: </div>
39: <style>
40:   .dashboard-shell{min-height:100vh;display:flex;background:var(--nhm-bg);color:var(--nhm-text);font-family:Inter,sans-serif}.sidebar{position:sticky;top:0;z-index:30;width:224px;height:100vh;flex:0 0 224px;box-sizing:border-box;border-right:1px solid var(--nhm-border);background:linear-gradient(180deg,#050a14,#040812);display:flex;flex-direction:column}.brand{display:flex;align-items:center;gap:12px;height:76px;box-sizing:border-box;padding:16px 18px;border-bottom:1px solid var(--nhm-border);color:inherit;text-decoration:none}.brand-mark{position:relative;display:grid;place-items:center;width:34px;height:34px;border:1px solid rgba(50,214,201,.45);background:rgba(43,184,176,.07)}.brand-mark:before,.brand-mark:after{content:"";position:absolute;background:#2bb8b0}.brand-mark:before{width:12px;height:1px;left:-6px;top:16px}.brand-mark:after{height:12px;width:1px;left:16px;top:-6px}.brand-mark i{position:absolute;inset:5px;border:1px solid rgba(43,184,176,.2)}.brand-mark b{font:600 13px 'Space Grotesk',sans-serif;color:#82e9e1}.brand-copy{display:grid;gap:3px}.brand-copy strong{font:600 14px 'Space Grotesk',sans-serif;letter-spacing:.18em}.brand-copy small,.nav-caption{color:#53647b;font:7px 'JetBrains Mono',monospace;letter-spacing:.14em}.nav-caption{display:flex;justify-content:space-between;padding:22px 18px 9px}.nav-caption span{color:#2bb8b0}nav{padding:0 10px}.nav-item{position:relative;display:grid;grid-template-columns:34px 1fr auto;align-items:center;gap:10px;min-height:64px;padding:8px;color:#71829a;border:1px solid transparent;text-decoration:none;transition:.18s ease}.nav-item:hover{color:#dce9e8;background:rgba(43,184,176,.04)}.nav-item.active{color:#eef7f6;border-color:rgba(43,184,176,.18);background:linear-gradient(90deg,rgba(43,184,176,.12),rgba(43,184,176,.025))}.nav-item.active:before{content:"";position:absolute;left:-11px;top:12px;bottom:12px;width:2px;background:#2bb8b0;box-shadow:0 0 12px #2bb8b0}.nav-icon{display:grid;place-items:center;width:32px;height:32px;border:1px solid rgba(148,163,184,.12)}.active .nav-icon{color:#54d6cc;border-color:rgba(43,184,176,.35);background:rgba(43,184,176,.08)}.nav-copy{display:grid;gap:5px}.nav-copy b{font:500 9px 'JetBrains Mono',monospace;letter-spacing:.09em}.nav-copy small{font:9px Inter,sans-serif;color:#53647b}.nav-index{font:7px 'JetBrains Mono',monospace;color:#405067}.edge-card{margin:auto 12px 12px;padding:13px;border:1px solid rgba(148,163,184,.13);background:#070d19}.edge-head,.edge-vitals{display:flex;justify-content:space-between;align-items:center}.edge-head span,.edge-vitals{color:#53647b;font:7px 'JetBrains Mono',monospace;letter-spacing:.1em}.edge-head b{color:#a7b8c9;font:8px 'JetBrains Mono',monospace}.edge-card svg{width:100%;height:30px;margin:7px 0 2px}.edge-card polyline{fill:none;stroke:#fb7185;stroke-width:1.2;vector-effect:non-scaling-stroke;filter:drop-shadow(0 0 3px #fb718570)}.edge-vitals i{display:inline-block;width:5px;height:5px;margin-right:5px;border-radius:50%;background:#2bb8b0;box-shadow:0 0 7px #2bb8b0}.sidebar-footer{display:flex;align-items:center;gap:8px;padding:15px 18px;border-top:1px solid var(--nhm-border);color:#53647b;font:7px 'JetBrains Mono',monospace;letter-spacing:.11em}.sidebar-footer a{margin-left:auto;color:#71829a}.sys-dot{width:6px;height:6px;border-radius:50%;background:#2bb8b0;box-shadow:0 0 8px #2bb8b0}.sys-dot.offline{background:#fb7185;box-shadow:0 0 8px #fb7185}.dashboard-main{min-width:0;flex:1}.dashboard-header{position:sticky;top:0;z-index:20;display:flex;align-items:center;justify-content:space-between;height:58px;box-sizing:border-box;padding:0 clamp(18px,3vw,42px);border-bottom:1px solid var(--nhm-border);background:rgba(3,7,18,.88);backdrop-filter:blur(16px)}.header-route{display:flex;align-items:center;gap:11px;color:#71829a;font:8px 'JetBrains Mono',monospace;letter-spacing:.12em}.header-route i{width:24px;height:1px;background:#334155}.header-route b{color:#2bb8b0;font-weight:500}.header-readouts{display:flex;align-items:center;gap:24px}.header-readouts>span{color:#dbe7e7;font:500 11px 'Space Grotesk',sans-serif}.header-readouts small{margin-left:4px;color:#53647b;font:7px 'JetBrains Mono',monospace}.online{display:flex;align-items:center;color:#2bb8b0!important;font:7px 'JetBrains Mono',monospace!important;letter-spacing:.1em}.online i{width:6px;height:6px;margin-right:6px;border-radius:50%;background:#2bb8b0;box-shadow:0 0 8px #2bb8b0}.online.offline{color:#fb7185!important}.online.offline i{background:#fb7185}.dashboard-body{padding:clamp(20px,3vw,42px)}.menu-button,.scrim{display:none}@media(max-width:760px){.sidebar{position:fixed;transform:translateX(-102%);transition:transform .25s}.mobile-open .sidebar{transform:translateX(0)}.mobile-open .scrim{display:block;position:fixed;z-index:25;inset:0;border:0;background:rgba(0,0,0,.65)}.menu-button{display:grid;place-items:center;border:0;color:#b7c6d4;background:transparent}.header-route i,.header-route b,.header-readouts>span:not(.online){display:none}.dashboard-header{padding:0 14px}.dashboard-body{padding:18px 14px 36px}}
                                                                                                                                                                                                                                                                                                                                                                                                                                                                                                                                                                                                                                                                                                                                                                                                                                                                                                                                                                                                                                                                                                                                                                                                                                                                                                                                                                                                                                                                                                                                                                                                                                                                                                                                                                                                                                                                                                                                                                                                                                                                                                                                                                                                                                                                                                                                                                                                                                                                                                                                                                                                       ^
41: </style>
42: 
7:10:49 pm [vite-plugin-svelte] src/lib/components/dashboard/DashboardShell.svelte:40:2561 Unused CSS selector ".edge-head span"
https://svelte.dev/e/css_unused_selector
38: </div>
39: <style>
40:   .dashboard-shell{min-height:100vh;display:flex;background:var(--nhm-bg);color:var(--nhm-text);font-family:Inter,sans-serif}.sidebar{position:sticky;top:0;z-index:30;width:224px;height:100vh;flex:0 0 224px;box-sizing:border-box;border-right:1px solid var(--nhm-border);background:linear-gradient(180deg,#050a14,#040812);display:flex;flex-direction:column}.brand{display:flex;align-items:center;gap:12px;height:76px;box-sizing:border-box;padding:16px 18px;border-bottom:1px solid var(--nhm-border);color:inherit;text-decoration:none}.brand-mark{position:relative;display:grid;place-items:center;width:34px;height:34px;border:1px solid rgba(50,214,201,.45);background:rgba(43,184,176,.07)}.brand-mark:before,.brand-mark:after{content:"";position:absolute;background:#2bb8b0}.brand-mark:before{width:12px;height:1px;left:-6px;top:16px}.brand-mark:after{height:12px;width:1px;left:16px;top:-6px}.brand-mark i{position:absolute;inset:5px;border:1px solid rgba(43,184,176,.2)}.brand-mark b{font:600 13px 'Space Grotesk',sans-serif;color:#82e9e1}.brand-copy{display:grid;gap:3px}.brand-copy strong{font:600 14px 'Space Grotesk',sans-serif;letter-spacing:.18em}.brand-copy small,.nav-caption{color:#53647b;font:7px 'JetBrains Mono',monospace;letter-spacing:.14em}.nav-caption{display:flex;justify-content:space-between;padding:22px 18px 9px}.nav-caption span{color:#2bb8b0}nav{padding:0 10px}.nav-item{position:relative;display:grid;grid-template-columns:34px 1fr auto;align-items:center;gap:10px;min-height:64px;padding:8px;color:#71829a;border:1px solid transparent;text-decoration:none;transition:.18s ease}.nav-item:hover{color:#dce9e8;background:rgba(43,184,176,.04)}.nav-item.active{color:#eef7f6;border-color:rgba(43,184,176,.18);background:linear-gradient(90deg,rgba(43,184,176,.12),rgba(43,184,176,.025))}.nav-item.active:before{content:"";position:absolute;left:-11px;top:12px;bottom:12px;width:2px;background:#2bb8b0;box-shadow:0 0 12px #2bb8b0}.nav-icon{display:grid;place-items:center;width:32px;height:32px;border:1px solid rgba(148,163,184,.12)}.active .nav-icon{color:#54d6cc;border-color:rgba(43,184,176,.35);background:rgba(43,184,176,.08)}.nav-copy{display:grid;gap:5px}.nav-copy b{font:500 9px 'JetBrains Mono',monospace;letter-spacing:.09em}.nav-copy small{font:9px Inter,sans-serif;color:#53647b}.nav-index{font:7px 'JetBrains Mono',monospace;color:#405067}.edge-card{margin:auto 12px 12px;padding:13px;border:1px solid rgba(148,163,184,.13);background:#070d19}.edge-head,.edge-vitals{display:flex;justify-content:space-between;align-items:center}.edge-head span,.edge-vitals{color:#53647b;font:7px 'JetBrains Mono',monospace;letter-spacing:.1em}.edge-head b{color:#a7b8c9;font:8px 'JetBrains Mono',monospace}.edge-card svg{width:100%;height:30px;margin:7px 0 2px}.edge-card polyline{fill:none;stroke:#fb7185;stroke-width:1.2;vector-effect:non-scaling-stroke;filter:drop-shadow(0 0 3px #fb718570)}.edge-vitals i{display:inline-block;width:5px;height:5px;margin-right:5px;border-radius:50%;background:#2bb8b0;box-shadow:0 0 7px #2bb8b0}.sidebar-footer{display:flex;align-items:center;gap:8px;padding:15px 18px;border-top:1px solid var(--nhm-border);color:#53647b;font:7px 'JetBrains Mono',monospace;letter-spacing:.11em}.sidebar-footer a{margin-left:auto;color:#71829a}.sys-dot{width:6px;height:6px;border-radius:50%;background:#2bb8b0;box-shadow:0 0 8px #2bb8b0}.sys-dot.offline{background:#fb7185;box-shadow:0 0 8px #fb7185}.dashboard-main{min-width:0;flex:1}.dashboard-header{position:sticky;top:0;z-index:20;display:flex;align-items:center;justify-content:space-between;height:58px;box-sizing:border-box;padding:0 clamp(18px,3vw,42px);border-bottom:1px solid var(--nhm-border);background:rgba(3,7,18,.88);backdrop-filter:blur(16px)}.header-route{display:flex;align-items:center;gap:11px;color:#71829a;font:8px 'JetBrains Mono',monospace;letter-spacing:.12em}.header-route i{width:24px;height:1px;background:#334155}.header-route b{color:#2bb8b0;font-weight:500}.header-readouts{display:flex;align-items:center;gap:24px}.header-readouts>span{color:#dbe7e7;font:500 11px 'Space Grotesk',sans-serif}.header-readouts small{margin-left:4px;color:#53647b;font:7px 'JetBrains Mono',monospace}.online{display:flex;align-items:center;color:#2bb8b0!important;font:7px 'JetBrains Mono',monospace!important;letter-spacing:.1em}.online i{width:6px;height:6px;margin-right:6px;border-radius:50%;background:#2bb8b0;box-shadow:0 0 8px #2bb8b0}.online.offline{color:#fb7185!important}.online.offline i{background:#fb7185}.dashboard-body{padding:clamp(20px,3vw,42px)}.menu-button,.scrim{display:none}@media(max-width:760px){.sidebar{position:fixed;transform:translateX(-102%);transition:transform .25s}.mobile-open .sidebar{transform:translateX(0)}.mobile-open .scrim{display:block;position:fixed;z-index:25;inset:0;border:0;background:rgba(0,0,0,.65)}.menu-button{display:grid;place-items:center;border:0;color:#b7c6d4;background:transparent}.header-route i,.header-route b,.header-readouts>span:not(.online){display:none}.dashboard-header{padding:0 14px}.dashboard-body{padding:18px 14px 36px}}
                                                                                                                                                                                                                                                                                                                                                                                                                                                                                                                                                                                                                                                                                                                                                                                                                                                                                                                                                                                                                                                                                                                                                                                                                                                                                                                                                                                                                                                                                                                                                                                                                                                                                                                                                                                                                                                                                                                                                                                                                                                                                                                                                                                                                                                                                                                                                                                                                                                                                                                                                                                                                                                                                     ^
41: </style>
42: 
7:10:49 pm [vite-plugin-svelte] src/lib/components/dashboard/DashboardShell.svelte:40:2577 Unused CSS selector ".edge-vitals"
https://svelte.dev/e/css_unused_selector
38: </div>
39: <style>
40:   .dashboard-shell{min-height:100vh;display:flex;background:var(--nhm-bg);color:var(--nhm-text);font-family:Inter,sans-serif}.sidebar{position:sticky;top:0;z-index:30;width:224px;height:100vh;flex:0 0 224px;box-sizing:border-box;border-right:1px solid var(--nhm-border);background:linear-gradient(180deg,#050a14,#040812);display:flex;flex-direction:column}.brand{display:flex;align-items:center;gap:12px;height:76px;box-sizing:border-box;padding:16px 18px;border-bottom:1px solid var(--nhm-border);color:inherit;text-decoration:none}.brand-mark{position:relative;display:grid;place-items:center;width:34px;height:34px;border:1px solid rgba(50,214,201,.45);background:rgba(43,184,176,.07)}.brand-mark:before,.brand-mark:after{content:"";position:absolute;background:#2bb8b0}.brand-mark:before{width:12px;height:1px;left:-6px;top:16px}.brand-mark:after{height:12px;width:1px;left:16px;top:-6px}.brand-mark i{position:absolute;inset:5px;border:1px solid rgba(43,184,176,.2)}.brand-mark b{font:600 13px 'Space Grotesk',sans-serif;color:#82e9e1}.brand-copy{display:grid;gap:3px}.brand-copy strong{font:600 14px 'Space Grotesk',sans-serif;letter-spacing:.18em}.brand-copy small,.nav-caption{color:#53647b;font:7px 'JetBrains Mono',monospace;letter-spacing:.14em}.nav-caption{display:flex;justify-content:space-between;padding:22px 18px 9px}.nav-caption span{color:#2bb8b0}nav{padding:0 10px}.nav-item{position:relative;display:grid;grid-template-columns:34px 1fr auto;align-items:center;gap:10px;min-height:64px;padding:8px;color:#71829a;border:1px solid transparent;text-decoration:none;transition:.18s ease}.nav-item:hover{color:#dce9e8;background:rgba(43,184,176,.04)}.nav-item.active{color:#eef7f6;border-color:rgba(43,184,176,.18);background:linear-gradient(90deg,rgba(43,184,176,.12),rgba(43,184,176,.025))}.nav-item.active:before{content:"";position:absolute;left:-11px;top:12px;bottom:12px;width:2px;background:#2bb8b0;box-shadow:0 0 12px #2bb8b0}.nav-icon{display:grid;place-items:center;width:32px;height:32px;border:1px solid rgba(148,163,184,.12)}.active .nav-icon{color:#54d6cc;border-color:rgba(43,184,176,.35);background:rgba(43,184,176,.08)}.nav-copy{display:grid;gap:5px}.nav-copy b{font:500 9px 'JetBrains Mono',monospace;letter-spacing:.09em}.nav-copy small{font:9px Inter,sans-serif;color:#53647b}.nav-index{font:7px 'JetBrains Mono',monospace;color:#405067}.edge-card{margin:auto 12px 12px;padding:13px;border:1px solid rgba(148,163,184,.13);background:#070d19}.edge-head,.edge-vitals{display:flex;justify-content:space-between;align-items:center}.edge-head span,.edge-vitals{color:#53647b;font:7px 'JetBrains Mono',monospace;letter-spacing:.1em}.edge-head b{color:#a7b8c9;font:8px 'JetBrains Mono',monospace}.edge-card svg{width:100%;height:30px;margin:7px 0 2px}.edge-card polyline{fill:none;stroke:#fb7185;stroke-width:1.2;vector-effect:non-scaling-stroke;filter:drop-shadow(0 0 3px #fb718570)}.edge-vitals i{display:inline-block;width:5px;height:5px;margin-right:5px;border-radius:50%;background:#2bb8b0;box-shadow:0 0 7px #2bb8b0}.sidebar-footer{display:flex;align-items:center;gap:8px;padding:15px 18px;border-top:1px solid var(--nhm-border);color:#53647b;font:7px 'JetBrains Mono',monospace;letter-spacing:.11em}.sidebar-footer a{margin-left:auto;color:#71829a}.sys-dot{width:6px;height:6px;border-radius:50%;background:#2bb8b0;box-shadow:0 0 8px #2bb8b0}.sys-dot.offline{background:#fb7185;box-shadow:0 0 8px #fb7185}.dashboard-main{min-width:0;flex:1}.dashboard-header{position:sticky;top:0;z-index:20;display:flex;align-items:center;justify-content:space-between;height:58px;box-sizing:border-box;padding:0 clamp(18px,3vw,42px);border-bottom:1px solid var(--nhm-border);background:rgba(3,7,18,.88);backdrop-filter:blur(16px)}.header-route{display:flex;align-items:center;gap:11px;color:#71829a;font:8px 'JetBrains Mono',monospace;letter-spacing:.12em}.header-route i{width:24px;height:1px;background:#334155}.header-route b{color:#2bb8b0;font-weight:500}.header-readouts{display:flex;align-items:center;gap:24px}.header-readouts>span{color:#dbe7e7;font:500 11px 'Space Grotesk',sans-serif}.header-readouts small{margin-left:4px;color:#53647b;font:7px 'JetBrains Mono',monospace}.online{display:flex;align-items:center;color:#2bb8b0!important;font:7px 'JetBrains Mono',monospace!important;letter-spacing:.1em}.online i{width:6px;height:6px;margin-right:6px;border-radius:50%;background:#2bb8b0;box-shadow:0 0 8px #2bb8b0}.online.offline{color:#fb7185!important}.online.offline i{background:#fb7185}.dashboard-body{padding:clamp(20px,3vw,42px)}.menu-button,.scrim{display:none}@media(max-width:760px){.sidebar{position:fixed;transform:translateX(-102%);transition:transform .25s}.mobile-open .sidebar{transform:translateX(0)}.mobile-open .scrim{display:block;position:fixed;z-index:25;inset:0;border:0;background:rgba(0,0,0,.65)}.menu-button{display:grid;place-items:center;border:0;color:#b7c6d4;background:transparent}.header-route i,.header-route b,.header-readouts>span:not(.online){display:none}.dashboard-header{padding:0 14px}.dashboard-body{padding:18px 14px 36px}}
                                                                                                                                                                                                                                                                                                                                                                                                                                                                                                                                                                                                                                                                                                                                                                                                                                                                                                                                                                                                                                                                                                                                                                                                                                                                                                                                                                                                                                                                                                                                                                                                                                                                                                                                                                                                                                                                                                                                                                                                                                                                                                                                                                                                                                                                                                                                                                                                                                                                                                                                                                                                                                                                                                  ^
41: </style>
42: 
7:10:49 pm [vite-plugin-svelte] src/lib/components/dashboard/DashboardShell.svelte:40:2660 Unused CSS selector ".edge-head b"
https://svelte.dev/e/css_unused_selector
38: </div>
39: <style>
40:   .dashboard-shell{min-height:100vh;display:flex;background:var(--nhm-bg);color:var(--nhm-text);font-family:Inter,sans-serif}.sidebar{position:sticky;top:0;z-index:30;width:224px;height:100vh;flex:0 0 224px;box-sizing:border-box;border-right:1px solid var(--nhm-border);background:linear-gradient(180deg,#050a14,#040812);display:flex;flex-direction:column}.brand{display:flex;align-items:center;gap:12px;height:76px;box-sizing:border-box;padding:16px 18px;border-bottom:1px solid var(--nhm-border);color:inherit;text-decoration:none}.brand-mark{position:relative;display:grid;place-items:center;width:34px;height:34px;border:1px solid rgba(50,214,201,.45);background:rgba(43,184,176,.07)}.brand-mark:before,.brand-mark:after{content:"";position:absolute;background:#2bb8b0}.brand-mark:before{width:12px;height:1px;left:-6px;top:16px}.brand-mark:after{height:12px;width:1px;left:16px;top:-6px}.brand-mark i{position:absolute;inset:5px;border:1px solid rgba(43,184,176,.2)}.brand-mark b{font:600 13px 'Space Grotesk',sans-serif;color:#82e9e1}.brand-copy{display:grid;gap:3px}.brand-copy strong{font:600 14px 'Space Grotesk',sans-serif;letter-spacing:.18em}.brand-copy small,.nav-caption{color:#53647b;font:7px 'JetBrains Mono',monospace;letter-spacing:.14em}.nav-caption{display:flex;justify-content:space-between;padding:22px 18px 9px}.nav-caption span{color:#2bb8b0}nav{padding:0 10px}.nav-item{position:relative;display:grid;grid-template-columns:34px 1fr auto;align-items:center;gap:10px;min-height:64px;padding:8px;color:#71829a;border:1px solid transparent;text-decoration:none;transition:.18s ease}.nav-item:hover{color:#dce9e8;background:rgba(43,184,176,.04)}.nav-item.active{color:#eef7f6;border-color:rgba(43,184,176,.18);background:linear-gradient(90deg,rgba(43,184,176,.12),rgba(43,184,176,.025))}.nav-item.active:before{content:"";position:absolute;left:-11px;top:12px;bottom:12px;width:2px;background:#2bb8b0;box-shadow:0 0 12px #2bb8b0}.nav-icon{display:grid;place-items:center;width:32px;height:32px;border:1px solid rgba(148,163,184,.12)}.active .nav-icon{color:#54d6cc;border-color:rgba(43,184,176,.35);background:rgba(43,184,176,.08)}.nav-copy{display:grid;gap:5px}.nav-copy b{font:500 9px 'JetBrains Mono',monospace;letter-spacing:.09em}.nav-copy small{font:9px Inter,sans-serif;color:#53647b}.nav-index{font:7px 'JetBrains Mono',monospace;color:#405067}.edge-card{margin:auto 12px 12px;padding:13px;border:1px solid rgba(148,163,184,.13);background:#070d19}.edge-head,.edge-vitals{display:flex;justify-content:space-between;align-items:center}.edge-head span,.edge-vitals{color:#53647b;font:7px 'JetBrains Mono',monospace;letter-spacing:.1em}.edge-head b{color:#a7b8c9;font:8px 'JetBrains Mono',monospace}.edge-card svg{width:100%;height:30px;margin:7px 0 2px}.edge-card polyline{fill:none;stroke:#fb7185;stroke-width:1.2;vector-effect:non-scaling-stroke;filter:drop-shadow(0 0 3px #fb718570)}.edge-vitals i{display:inline-block;width:5px;height:5px;margin-right:5px;border-radius:50%;background:#2bb8b0;box-shadow:0 0 7px #2bb8b0}.sidebar-footer{display:flex;align-items:center;gap:8px;padding:15px 18px;border-top:1px solid var(--nhm-border);color:#53647b;font:7px 'JetBrains Mono',monospace;letter-spacing:.11em}.sidebar-footer a{margin-left:auto;color:#71829a}.sys-dot{width:6px;height:6px;border-radius:50%;background:#2bb8b0;box-shadow:0 0 8px #2bb8b0}.sys-dot.offline{background:#fb7185;box-shadow:0 0 8px #fb7185}.dashboard-main{min-width:0;flex:1}.dashboard-header{position:sticky;top:0;z-index:20;display:flex;align-items:center;justify-content:space-between;height:58px;box-sizing:border-box;padding:0 clamp(18px,3vw,42px);border-bottom:1px solid var(--nhm-border);background:rgba(3,7,18,.88);backdrop-filter:blur(16px)}.header-route{display:flex;align-items:center;gap:11px;color:#71829a;font:8px 'JetBrains Mono',monospace;letter-spacing:.12em}.header-route i{width:24px;height:1px;background:#334155}.header-route b{color:#2bb8b0;font-weight:500}.header-readouts{display:flex;align-items:center;gap:24px}.header-readouts>span{color:#dbe7e7;font:500 11px 'Space Grotesk',sans-serif}.header-readouts small{margin-left:4px;color:#53647b;font:7px 'JetBrains Mono',monospace}.online{display:flex;align-items:center;color:#2bb8b0!important;font:7px 'JetBrains Mono',monospace!important;letter-spacing:.1em}.online i{width:6px;height:6px;margin-right:6px;border-radius:50%;background:#2bb8b0;box-shadow:0 0 8px #2bb8b0}.online.offline{color:#fb7185!important}.online.offline i{background:#fb7185}.dashboard-body{padding:clamp(20px,3vw,42px)}.menu-button,.scrim{display:none}@media(max-width:760px){.sidebar{position:fixed;transform:translateX(-102%);transition:transform .25s}.mobile-open .sidebar{transform:translateX(0)}.mobile-open .scrim{display:block;position:fixed;z-index:25;inset:0;border:0;background:rgba(0,0,0,.65)}.menu-button{display:grid;place-items:center;border:0;color:#b7c6d4;background:transparent}.header-route i,.header-route b,.header-readouts>span:not(.online){display:none}.dashboard-header{padding:0 14px}.dashboard-body{padding:18px 14px 36px}}
                                                                                                                                                                                                                                                                                                                                                                                                                                                                                                                                                                                                                                                                                                                                                                                                                                                                                                                                                                                                                                                                                                                                                                                                                                                                                                                                                                                                                                                                                                                                                                                                                                                                                                                                                                                                                                                                                                                                                                                                                                                                                                                                                                                                                                                                                                                                                                                                                                                                                                                                                                                                                                                                                                                                                                                     ^
41: </style>
42: 
7:10:49 pm [vite-plugin-svelte] src/lib/components/dashboard/DashboardShell.svelte:40:2723 Unused CSS selector ".edge-card svg"
https://svelte.dev/e/css_unused_selector
38: </div>
39: <style>
40:   .dashboard-shell{min-height:100vh;display:flex;background:var(--nhm-bg);color:var(--nhm-text);font-family:Inter,sans-serif}.sidebar{position:sticky;top:0;z-index:30;width:224px;height:100vh;flex:0 0 224px;box-sizing:border-box;border-right:1px solid var(--nhm-border);background:linear-gradient(180deg,#050a14,#040812);display:flex;flex-direction:column}.brand{display:flex;align-items:center;gap:12px;height:76px;box-sizing:border-box;padding:16px 18px;border-bottom:1px solid var(--nhm-border);color:inherit;text-decoration:none}.brand-mark{position:relative;display:grid;place-items:center;width:34px;height:34px;border:1px solid rgba(50,214,201,.45);background:rgba(43,184,176,.07)}.brand-mark:before,.brand-mark:after{content:"";position:absolute;background:#2bb8b0}.brand-mark:before{width:12px;height:1px;left:-6px;top:16px}.brand-mark:after{height:12px;width:1px;left:16px;top:-6px}.brand-mark i{position:absolute;inset:5px;border:1px solid rgba(43,184,176,.2)}.brand-mark b{font:600 13px 'Space Grotesk',sans-serif;color:#82e9e1}.brand-copy{display:grid;gap:3px}.brand-copy strong{font:600 14px 'Space Grotesk',sans-serif;letter-spacing:.18em}.brand-copy small,.nav-caption{color:#53647b;font:7px 'JetBrains Mono',monospace;letter-spacing:.14em}.nav-caption{display:flex;justify-content:space-between;padding:22px 18px 9px}.nav-caption span{color:#2bb8b0}nav{padding:0 10px}.nav-item{position:relative;display:grid;grid-template-columns:34px 1fr auto;align-items:center;gap:10px;min-height:64px;padding:8px;color:#71829a;border:1px solid transparent;text-decoration:none;transition:.18s ease}.nav-item:hover{color:#dce9e8;background:rgba(43,184,176,.04)}.nav-item.active{color:#eef7f6;border-color:rgba(43,184,176,.18);background:linear-gradient(90deg,rgba(43,184,176,.12),rgba(43,184,176,.025))}.nav-item.active:before{content:"";position:absolute;left:-11px;top:12px;bottom:12px;width:2px;background:#2bb8b0;box-shadow:0 0 12px #2bb8b0}.nav-icon{display:grid;place-items:center;width:32px;height:32px;border:1px solid rgba(148,163,184,.12)}.active .nav-icon{color:#54d6cc;border-color:rgba(43,184,176,.35);background:rgba(43,184,176,.08)}.nav-copy{display:grid;gap:5px}.nav-copy b{font:500 9px 'JetBrains Mono',monospace;letter-spacing:.09em}.nav-copy small{font:9px Inter,sans-serif;color:#53647b}.nav-index{font:7px 'JetBrains Mono',monospace;color:#405067}.edge-card{margin:auto 12px 12px;padding:13px;border:1px solid rgba(148,163,184,.13);background:#070d19}.edge-head,.edge-vitals{display:flex;justify-content:space-between;align-items:center}.edge-head span,.edge-vitals{color:#53647b;font:7px 'JetBrains Mono',monospace;letter-spacing:.1em}.edge-head b{color:#a7b8c9;font:8px 'JetBrains Mono',monospace}.edge-card svg{width:100%;height:30px;margin:7px 0 2px}.edge-card polyline{fill:none;stroke:#fb7185;stroke-width:1.2;vector-effect:non-scaling-stroke;filter:drop-shadow(0 0 3px #fb718570)}.edge-vitals i{display:inline-block;width:5px;height:5px;margin-right:5px;border-radius:50%;background:#2bb8b0;box-shadow:0 0 7px #2bb8b0}.sidebar-footer{display:flex;align-items:center;gap:8px;padding:15px 18px;border-top:1px solid var(--nhm-border);color:#53647b;font:7px 'JetBrains Mono',monospace;letter-spacing:.11em}.sidebar-footer a{margin-left:auto;color:#71829a}.sys-dot{width:6px;height:6px;border-radius:50%;background:#2bb8b0;box-shadow:0 0 8px #2bb8b0}.sys-dot.offline{background:#fb7185;box-shadow:0 0 8px #fb7185}.dashboard-main{min-width:0;flex:1}.dashboard-header{position:sticky;top:0;z-index:20;display:flex;align-items:center;justify-content:space-between;height:58px;box-sizing:border-box;padding:0 clamp(18px,3vw,42px);border-bottom:1px solid var(--nhm-border);background:rgba(3,7,18,.88);backdrop-filter:blur(16px)}.header-route{display:flex;align-items:center;gap:11px;color:#71829a;font:8px 'JetBrains Mono',monospace;letter-spacing:.12em}.header-route i{width:24px;height:1px;background:#334155}.header-route b{color:#2bb8b0;font-weight:500}.header-readouts{display:flex;align-items:center;gap:24px}.header-readouts>span{color:#dbe7e7;font:500 11px 'Space Grotesk',sans-serif}.header-readouts small{margin-left:4px;color:#53647b;font:7px 'JetBrains Mono',monospace}.online{display:flex;align-items:center;color:#2bb8b0!important;font:7px 'JetBrains Mono',monospace!important;letter-spacing:.1em}.online i{width:6px;height:6px;margin-right:6px;border-radius:50%;background:#2bb8b0;box-shadow:0 0 8px #2bb8b0}.online.offline{color:#fb7185!important}.online.offline i{background:#fb7185}.dashboard-body{padding:clamp(20px,3vw,42px)}.menu-button,.scrim{display:none}@media(max-width:760px){.sidebar{position:fixed;transform:translateX(-102%);transition:transform .25s}.mobile-open .sidebar{transform:translateX(0)}.mobile-open .scrim{display:block;position:fixed;z-index:25;inset:0;border:0;background:rgba(0,0,0,.65)}.menu-button{display:grid;place-items:center;border:0;color:#b7c6d4;background:transparent}.header-route i,.header-route b,.header-readouts>span:not(.online){display:none}.dashboard-header{padding:0 14px}.dashboard-body{padding:18px 14px 36px}}
                                                                                                                                                                                                                                                                                                                                                                                                                                                                                                                                                                                                                                                                                                                                                                                                                                                                                                                                                                                                                                                                                                                                                                                                                                                                                                                                                                                                                                                                                                                                                                                                                                                                                                                                                                                                                                                                                                                                                                                                                                                                                                                                                                                                                                                                                                                                                                                                                                                                                                                                                                                                                                                                                                                                                                                                                                                      ^
41: </style>
42: 
7:10:49 pm [vite-plugin-svelte] src/lib/components/dashboard/DashboardShell.svelte:40:2778 Unused CSS selector ".edge-card polyline"
https://svelte.dev/e/css_unused_selector
38: </div>
39: <style>
40:   .dashboard-shell{min-height:100vh;display:flex;background:var(--nhm-bg);color:var(--nhm-text);font-family:Inter,sans-serif}.sidebar{position:sticky;top:0;z-index:30;width:224px;height:100vh;flex:0 0 224px;box-sizing:border-box;border-right:1px solid var(--nhm-border);background:linear-gradient(180deg,#050a14,#040812);display:flex;flex-direction:column}.brand{display:flex;align-items:center;gap:12px;height:76px;box-sizing:border-box;padding:16px 18px;border-bottom:1px solid var(--nhm-border);color:inherit;text-decoration:none}.brand-mark{position:relative;display:grid;place-items:center;width:34px;height:34px;border:1px solid rgba(50,214,201,.45);background:rgba(43,184,176,.07)}.brand-mark:before,.brand-mark:after{content:"";position:absolute;background:#2bb8b0}.brand-mark:before{width:12px;height:1px;left:-6px;top:16px}.brand-mark:after{height:12px;width:1px;left:16px;top:-6px}.brand-mark i{position:absolute;inset:5px;border:1px solid rgba(43,184,176,.2)}.brand-mark b{font:600 13px 'Space Grotesk',sans-serif;color:#82e9e1}.brand-copy{display:grid;gap:3px}.brand-copy strong{font:600 14px 'Space Grotesk',sans-serif;letter-spacing:.18em}.brand-copy small,.nav-caption{color:#53647b;font:7px 'JetBrains Mono',monospace;letter-spacing:.14em}.nav-caption{display:flex;justify-content:space-between;padding:22px 18px 9px}.nav-caption span{color:#2bb8b0}nav{padding:0 10px}.nav-item{position:relative;display:grid;grid-template-columns:34px 1fr auto;align-items:center;gap:10px;min-height:64px;padding:8px;color:#71829a;border:1px solid transparent;text-decoration:none;transition:.18s ease}.nav-item:hover{color:#dce9e8;background:rgba(43,184,176,.04)}.nav-item.active{color:#eef7f6;border-color:rgba(43,184,176,.18);background:linear-gradient(90deg,rgba(43,184,176,.12),rgba(43,184,176,.025))}.nav-item.active:before{content:"";position:absolute;left:-11px;top:12px;bottom:12px;width:2px;background:#2bb8b0;box-shadow:0 0 12px #2bb8b0}.nav-icon{display:grid;place-items:center;width:32px;height:32px;border:1px solid rgba(148,163,184,.12)}.active .nav-icon{color:#54d6cc;border-color:rgba(43,184,176,.35);background:rgba(43,184,176,.08)}.nav-copy{display:grid;gap:5px}.nav-copy b{font:500 9px 'JetBrains Mono',monospace;letter-spacing:.09em}.nav-copy small{font:9px Inter,sans-serif;color:#53647b}.nav-index{font:7px 'JetBrains Mono',monospace;color:#405067}.edge-card{margin:auto 12px 12px;padding:13px;border:1px solid rgba(148,163,184,.13);background:#070d19}.edge-head,.edge-vitals{display:flex;justify-content:space-between;align-items:center}.edge-head span,.edge-vitals{color:#53647b;font:7px 'JetBrains Mono',monospace;letter-spacing:.1em}.edge-head b{color:#a7b8c9;font:8px 'JetBrains Mono',monospace}.edge-card svg{width:100%;height:30px;margin:7px 0 2px}.edge-card polyline{fill:none;stroke:#fb7185;stroke-width:1.2;vector-effect:non-scaling-stroke;filter:drop-shadow(0 0 3px #fb718570)}.edge-vitals i{display:inline-block;width:5px;height:5px;margin-right:5px;border-radius:50%;background:#2bb8b0;box-shadow:0 0 7px #2bb8b0}.sidebar-footer{display:flex;align-items:center;gap:8px;padding:15px 18px;border-top:1px solid var(--nhm-border);color:#53647b;font:7px 'JetBrains Mono',monospace;letter-spacing:.11em}.sidebar-footer a{margin-left:auto;color:#71829a}.sys-dot{width:6px;height:6px;border-radius:50%;background:#2bb8b0;box-shadow:0 0 8px #2bb8b0}.sys-dot.offline{background:#fb7185;box-shadow:0 0 8px #fb7185}.dashboard-main{min-width:0;flex:1}.dashboard-header{position:sticky;top:0;z-index:20;display:flex;align-items:center;justify-content:space-between;height:58px;box-sizing:border-box;padding:0 clamp(18px,3vw,42px);border-bottom:1px solid var(--nhm-border);background:rgba(3,7,18,.88);backdrop-filter:blur(16px)}.header-route{display:flex;align-items:center;gap:11px;color:#71829a;font:8px 'JetBrains Mono',monospace;letter-spacing:.12em}.header-route i{width:24px;height:1px;background:#334155}.header-route b{color:#2bb8b0;font-weight:500}.header-readouts{display:flex;align-items:center;gap:24px}.header-readouts>span{color:#dbe7e7;font:500 11px 'Space Grotesk',sans-serif}.header-readouts small{margin-left:4px;color:#53647b;font:7px 'JetBrains Mono',monospace}.online{display:flex;align-items:center;color:#2bb8b0!important;font:7px 'JetBrains Mono',monospace!important;letter-spacing:.1em}.online i{width:6px;height:6px;margin-right:6px;border-radius:50%;background:#2bb8b0;box-shadow:0 0 8px #2bb8b0}.online.offline{color:#fb7185!important}.online.offline i{background:#fb7185}.dashboard-body{padding:clamp(20px,3vw,42px)}.menu-button,.scrim{display:none}@media(max-width:760px){.sidebar{position:fixed;transform:translateX(-102%);transition:transform .25s}.mobile-open .sidebar{transform:translateX(0)}.mobile-open .scrim{display:block;position:fixed;z-index:25;inset:0;border:0;background:rgba(0,0,0,.65)}.menu-button{display:grid;place-items:center;border:0;color:#b7c6d4;background:transparent}.header-route i,.header-route b,.header-readouts>span:not(.online){display:none}.dashboard-header{padding:0 14px}.dashboard-body{padding:18px 14px 36px}}
                                                                                                                                                                                                                                                                                                                                                                                                                                                                                                                                                                                                                                                                                                                                                                                                                                                                                                                                                                                                                                                                                                                                                                                                                                                                                                                                                                                                                                                                                                                                                                                                                                                                                                                                                                                                                                                                                                                                                                                                                                                                                                                                                                                                                                                                                                                                                                                                                                                                                                                                                                                                                                                                                                                                                                                                                                                                                                                  ^
41: </style>
42: 
7:10:49 pm [vite-plugin-svelte] src/lib/components/dashboard/DashboardShell.svelte:40:2911 Unused CSS selector ".edge-vitals i"
https://svelte.dev/e/css_unused_selector
38: </div>
39: <style>
40:   .dashboard-shell{min-height:100vh;display:flex;background:var(--nhm-bg);color:var(--nhm-text);font-family:Inter,sans-serif}.sidebar{position:sticky;top:0;z-index:30;width:224px;height:100vh;flex:0 0 224px;box-sizing:border-box;border-right:1px solid var(--nhm-border);background:linear-gradient(180deg,#050a14,#040812);display:flex;flex-direction:column}.brand{display:flex;align-items:center;gap:12px;height:76px;box-sizing:border-box;padding:16px 18px;border-bottom:1px solid var(--nhm-border);color:inherit;text-decoration:none}.brand-mark{position:relative;display:grid;place-items:center;width:34px;height:34px;border:1px solid rgba(50,214,201,.45);background:rgba(43,184,176,.07)}.brand-mark:before,.brand-mark:after{content:"";position:absolute;background:#2bb8b0}.brand-mark:before{width:12px;height:1px;left:-6px;top:16px}.brand-mark:after{height:12px;width:1px;left:16px;top:-6px}.brand-mark i{position:absolute;inset:5px;border:1px solid rgba(43,184,176,.2)}.brand-mark b{font:600 13px 'Space Grotesk',sans-serif;color:#82e9e1}.brand-copy{display:grid;gap:3px}.brand-copy strong{font:600 14px 'Space Grotesk',sans-serif;letter-spacing:.18em}.brand-copy small,.nav-caption{color:#53647b;font:7px 'JetBrains Mono',monospace;letter-spacing:.14em}.nav-caption{display:flex;justify-content:space-between;padding:22px 18px 9px}.nav-caption span{color:#2bb8b0}nav{padding:0 10px}.nav-item{position:relative;display:grid;grid-template-columns:34px 1fr auto;align-items:center;gap:10px;min-height:64px;padding:8px;color:#71829a;border:1px solid transparent;text-decoration:none;transition:.18s ease}.nav-item:hover{color:#dce9e8;background:rgba(43,184,176,.04)}.nav-item.active{color:#eef7f6;border-color:rgba(43,184,176,.18);background:linear-gradient(90deg,rgba(43,184,176,.12),rgba(43,184,176,.025))}.nav-item.active:before{content:"";position:absolute;left:-11px;top:12px;bottom:12px;width:2px;background:#2bb8b0;box-shadow:0 0 12px #2bb8b0}.nav-icon{display:grid;place-items:center;width:32px;height:32px;border:1px solid rgba(148,163,184,.12)}.active .nav-icon{color:#54d6cc;border-color:rgba(43,184,176,.35);background:rgba(43,184,176,.08)}.nav-copy{display:grid;gap:5px}.nav-copy b{font:500 9px 'JetBrains Mono',monospace;letter-spacing:.09em}.nav-copy small{font:9px Inter,sans-serif;color:#53647b}.nav-index{font:7px 'JetBrains Mono',monospace;color:#405067}.edge-card{margin:auto 12px 12px;padding:13px;border:1px solid rgba(148,163,184,.13);background:#070d19}.edge-head,.edge-vitals{display:flex;justify-content:space-between;align-items:center}.edge-head span,.edge-vitals{color:#53647b;font:7px 'JetBrains Mono',monospace;letter-spacing:.1em}.edge-head b{color:#a7b8c9;font:8px 'JetBrains Mono',monospace}.edge-card svg{width:100%;height:30px;margin:7px 0 2px}.edge-card polyline{fill:none;stroke:#fb7185;stroke-width:1.2;vector-effect:non-scaling-stroke;filter:drop-shadow(0 0 3px #fb718570)}.edge-vitals i{display:inline-block;width:5px;height:5px;margin-right:5px;border-radius:50%;background:#2bb8b0;box-shadow:0 0 7px #2bb8b0}.sidebar-footer{display:flex;align-items:center;gap:8px;padding:15px 18px;border-top:1px solid var(--nhm-border);color:#53647b;font:7px 'JetBrains Mono',monospace;letter-spacing:.11em}.sidebar-footer a{margin-left:auto;color:#71829a}.sys-dot{width:6px;height:6px;border-radius:50%;background:#2bb8b0;box-shadow:0 0 8px #2bb8b0}.sys-dot.offline{background:#fb7185;box-shadow:0 0 8px #fb7185}.dashboard-main{min-width:0;flex:1}.dashboard-header{position:sticky;top:0;z-index:20;display:flex;align-items:center;justify-content:space-between;height:58px;box-sizing:border-box;padding:0 clamp(18px,3vw,42px);border-bottom:1px solid var(--nhm-border);background:rgba(3,7,18,.88);backdrop-filter:blur(16px)}.header-route{display:flex;align-items:center;gap:11px;color:#71829a;font:8px 'JetBrains Mono',monospace;letter-spacing:.12em}.header-route i{width:24px;height:1px;background:#334155}.header-route b{color:#2bb8b0;font-weight:500}.header-readouts{display:flex;align-items:center;gap:24px}.header-readouts>span{color:#dbe7e7;font:500 11px 'Space Grotesk',sans-serif}.header-readouts small{margin-left:4px;color:#53647b;font:7px 'JetBrains Mono',monospace}.online{display:flex;align-items:center;color:#2bb8b0!important;font:7px 'JetBrains Mono',monospace!important;letter-spacing:.1em}.online i{width:6px;height:6px;margin-right:6px;border-radius:50%;background:#2bb8b0;box-shadow:0 0 8px #2bb8b0}.online.offline{color:#fb7185!important}.online.offline i{background:#fb7185}.dashboard-body{padding:clamp(20px,3vw,42px)}.menu-button,.scrim{display:none}@media(max-width:760px){.sidebar{position:fixed;transform:translateX(-102%);transition:transform .25s}.mobile-open .sidebar{transform:translateX(0)}.mobile-open .scrim{display:block;position:fixed;z-index:25;inset:0;border:0;background:rgba(0,0,0,.65)}.menu-button{display:grid;place-items:center;border:0;color:#b7c6d4;background:transparent}.header-route i,.header-route b,.header-readouts>span:not(.online){display:none}.dashboard-header{padding:0 14px}.dashboard-body{padding:18px 14px 36px}}
                                                                                                                                                                                                                                                                                                                                                                                                                                                                                                                                                                                                                                                                                                                                                                                                                                                                                                                                                                                                                                                                                                                                                                                                                                                                                                                                                                                                                                                                                                                                                                                                                                                                                                                                                                                                                                                                                                                                                                                                                                                                                                                                                                                                                                                                                                                                                                                                                                                                                                                                                                                                                                                                                                                                                                                                                                                                                                                                                                                                                                                  ^
41: </style>
42: 
7:10:49 pm [vite-plugin-svelte] src/lib/components/dashboard/DashboardShell.svelte:40:3875 Unused CSS selector ".header-route i"
https://svelte.dev/e/css_unused_selector
38: </div>
39: <style>
40:   .dashboard-shell{min-height:100vh;display:flex;background:var(--nhm-bg);color:var(--nhm-text);font-family:Inter,sans-serif}.sidebar{position:sticky;top:0;z-index:30;width:224px;height:100vh;flex:0 0 224px;box-sizing:border-box;border-right:1px solid var(--nhm-border);background:linear-gradient(180deg,#050a14,#040812);display:flex;flex-direction:column}.brand{display:flex;align-items:center;gap:12px;height:76px;box-sizing:border-box;padding:16px 18px;border-bottom:1px solid var(--nhm-border);color:inherit;text-decoration:none}.brand-mark{position:relative;display:grid;place-items:center;width:34px;height:34px;border:1px solid rgba(50,214,201,.45);background:rgba(43,184,176,.07)}.brand-mark:before,.brand-mark:after{content:"";position:absolute;background:#2bb8b0}.brand-mark:before{width:12px;height:1px;left:-6px;top:16px}.brand-mark:after{height:12px;width:1px;left:16px;top:-6px}.brand-mark i{position:absolute;inset:5px;border:1px solid rgba(43,184,176,.2)}.brand-mark b{font:600 13px 'Space Grotesk',sans-serif;color:#82e9e1}.brand-copy{display:grid;gap:3px}.brand-copy strong{font:600 14px 'Space Grotesk',sans-serif;letter-spacing:.18em}.brand-copy small,.nav-caption{color:#53647b;font:7px 'JetBrains Mono',monospace;letter-spacing:.14em}.nav-caption{display:flex;justify-content:space-between;padding:22px 18px 9px}.nav-caption span{color:#2bb8b0}nav{padding:0 10px}.nav-item{position:relative;display:grid;grid-template-columns:34px 1fr auto;align-items:center;gap:10px;min-height:64px;padding:8px;color:#71829a;border:1px solid transparent;text-decoration:none;transition:.18s ease}.nav-item:hover{color:#dce9e8;background:rgba(43,184,176,.04)}.nav-item.active{color:#eef7f6;border-color:rgba(43,184,176,.18);background:linear-gradient(90deg,rgba(43,184,176,.12),rgba(43,184,176,.025))}.nav-item.active:before{content:"";position:absolute;left:-11px;top:12px;bottom:12px;width:2px;background:#2bb8b0;box-shadow:0 0 12px #2bb8b0}.nav-icon{display:grid;place-items:center;width:32px;height:32px;border:1px solid rgba(148,163,184,.12)}.active .nav-icon{color:#54d6cc;border-color:rgba(43,184,176,.35);background:rgba(43,184,176,.08)}.nav-copy{display:grid;gap:5px}.nav-copy b{font:500 9px 'JetBrains Mono',monospace;letter-spacing:.09em}.nav-copy small{font:9px Inter,sans-serif;color:#53647b}.nav-index{font:7px 'JetBrains Mono',monospace;color:#405067}.edge-card{margin:auto 12px 12px;padding:13px;border:1px solid rgba(148,163,184,.13);background:#070d19}.edge-head,.edge-vitals{display:flex;justify-content:space-between;align-items:center}.edge-head span,.edge-vitals{color:#53647b;font:7px 'JetBrains Mono',monospace;letter-spacing:.1em}.edge-head b{color:#a7b8c9;font:8px 'JetBrains Mono',monospace}.edge-card svg{width:100%;height:30px;margin:7px 0 2px}.edge-card polyline{fill:none;stroke:#fb7185;stroke-width:1.2;vector-effect:non-scaling-stroke;filter:drop-shadow(0 0 3px #fb718570)}.edge-vitals i{display:inline-block;width:5px;height:5px;margin-right:5px;border-radius:50%;background:#2bb8b0;box-shadow:0 0 7px #2bb8b0}.sidebar-footer{display:flex;align-items:center;gap:8px;padding:15px 18px;border-top:1px solid var(--nhm-border);color:#53647b;font:7px 'JetBrains Mono',monospace;letter-spacing:.11em}.sidebar-footer a{margin-left:auto;color:#71829a}.sys-dot{width:6px;height:6px;border-radius:50%;background:#2bb8b0;box-shadow:0 0 8px #2bb8b0}.sys-dot.offline{background:#fb7185;box-shadow:0 0 8px #fb7185}.dashboard-main{min-width:0;flex:1}.dashboard-header{position:sticky;top:0;z-index:20;display:flex;align-items:center;justify-content:space-between;height:58px;box-sizing:border-box;padding:0 clamp(18px,3vw,42px);border-bottom:1px solid var(--nhm-border);background:rgba(3,7,18,.88);backdrop-filter:blur(16px)}.header-route{display:flex;align-items:center;gap:11px;color:#71829a;font:8px 'JetBrains Mono',monospace;letter-spacing:.12em}.header-route i{width:24px;height:1px;background:#334155}.header-route b{color:#2bb8b0;font-weight:500}.header-readouts{display:flex;align-items:center;gap:24px}.header-readouts>span{color:#dbe7e7;font:500 11px 'Space Grotesk',sans-serif}.header-readouts small{margin-left:4px;color:#53647b;font:7px 'JetBrains Mono',monospace}.online{display:flex;align-items:center;color:#2bb8b0!important;font:7px 'JetBrains Mono',monospace!important;letter-spacing:.1em}.online i{width:6px;height:6px;margin-right:6px;border-radius:50%;background:#2bb8b0;box-shadow:0 0 8px #2bb8b0}.online.offline{color:#fb7185!important}.online.offline i{background:#fb7185}.dashboard-body{padding:clamp(20px,3vw,42px)}.menu-button,.scrim{display:none}@media(max-width:760px){.sidebar{position:fixed;transform:translateX(-102%);transition:transform .25s}.mobile-open .sidebar{transform:translateX(0)}.mobile-open .scrim{display:block;position:fixed;z-index:25;inset:0;border:0;background:rgba(0,0,0,.65)}.menu-button{display:grid;place-items:center;border:0;color:#b7c6d4;background:transparent}.header-route i,.header-route b,.header-readouts>span:not(.online){display:none}.dashboard-header{padding:0 14px}.dashboard-body{padding:18px 14px 36px}}
                                                                                                                                                                                                                                                                                                                                                                                                                                                                                                                                                                                                                                                                                                                                                                                                                                                                                                                                                                                                                                                                                                                                                                                                                                                                                                                                                                                                                                                                                                                                                                                                                                                                                                                                                                                                                                                                                                                                                                                                                                                                                                                                                                                                                                                                                                                                                                                                                                                                                                                                                                                                                                                                                                                                                                                                                                                                                                                                                                                                                                                                                                                                                                                                                                                                                                                                                                                                                                                                                                                                                                                                                                                                                                                                                                                                                                                                                                                                                                                                                                                       ^
41: </style>
42: 
7:10:49 pm [vite-plugin-svelte] src/lib/components/dashboard/DashboardShell.svelte:40:3932 Unused CSS selector ".header-route b"
https://svelte.dev/e/css_unused_selector
38: </div>
39: <style>
40:   .dashboard-shell{min-height:100vh;display:flex;background:var(--nhm-bg);color:var(--nhm-text);font-family:Inter,sans-serif}.sidebar{position:sticky;top:0;z-index:30;width:224px;height:100vh;flex:0 0 224px;box-sizing:border-box;border-right:1px solid var(--nhm-border);background:linear-gradient(180deg,#050a14,#040812);display:flex;flex-direction:column}.brand{display:flex;align-items:center;gap:12px;height:76px;box-sizing:border-box;padding:16px 18px;border-bottom:1px solid var(--nhm-border);color:inherit;text-decoration:none}.brand-mark{position:relative;display:grid;place-items:center;width:34px;height:34px;border:1px solid rgba(50,214,201,.45);background:rgba(43,184,176,.07)}.brand-mark:before,.brand-mark:after{content:"";position:absolute;background:#2bb8b0}.brand-mark:before{width:12px;height:1px;left:-6px;top:16px}.brand-mark:after{height:12px;width:1px;left:16px;top:-6px}.brand-mark i{position:absolute;inset:5px;border:1px solid rgba(43,184,176,.2)}.brand-mark b{font:600 13px 'Space Grotesk',sans-serif;color:#82e9e1}.brand-copy{display:grid;gap:3px}.brand-copy strong{font:600 14px 'Space Grotesk',sans-serif;letter-spacing:.18em}.brand-copy small,.nav-caption{color:#53647b;font:7px 'JetBrains Mono',monospace;letter-spacing:.14em}.nav-caption{display:flex;justify-content:space-between;padding:22px 18px 9px}.nav-caption span{color:#2bb8b0}nav{padding:0 10px}.nav-item{position:relative;display:grid;grid-template-columns:34px 1fr auto;align-items:center;gap:10px;min-height:64px;padding:8px;color:#71829a;border:1px solid transparent;text-decoration:none;transition:.18s ease}.nav-item:hover{color:#dce9e8;background:rgba(43,184,176,.04)}.nav-item.active{color:#eef7f6;border-color:rgba(43,184,176,.18);background:linear-gradient(90deg,rgba(43,184,176,.12),rgba(43,184,176,.025))}.nav-item.active:before{content:"";position:absolute;left:-11px;top:12px;bottom:12px;width:2px;background:#2bb8b0;box-shadow:0 0 12px #2bb8b0}.nav-icon{display:grid;place-items:center;width:32px;height:32px;border:1px solid rgba(148,163,184,.12)}.active .nav-icon{color:#54d6cc;border-color:rgba(43,184,176,.35);background:rgba(43,184,176,.08)}.nav-copy{display:grid;gap:5px}.nav-copy b{font:500 9px 'JetBrains Mono',monospace;letter-spacing:.09em}.nav-copy small{font:9px Inter,sans-serif;color:#53647b}.nav-index{font:7px 'JetBrains Mono',monospace;color:#405067}.edge-card{margin:auto 12px 12px;padding:13px;border:1px solid rgba(148,163,184,.13);background:#070d19}.edge-head,.edge-vitals{display:flex;justify-content:space-between;align-items:center}.edge-head span,.edge-vitals{color:#53647b;font:7px 'JetBrains Mono',monospace;letter-spacing:.1em}.edge-head b{color:#a7b8c9;font:8px 'JetBrains Mono',monospace}.edge-card svg{width:100%;height:30px;margin:7px 0 2px}.edge-card polyline{fill:none;stroke:#fb7185;stroke-width:1.2;vector-effect:non-scaling-stroke;filter:drop-shadow(0 0 3px #fb718570)}.edge-vitals i{display:inline-block;width:5px;height:5px;margin-right:5px;border-radius:50%;background:#2bb8b0;box-shadow:0 0 7px #2bb8b0}.sidebar-footer{display:flex;align-items:center;gap:8px;padding:15px 18px;border-top:1px solid var(--nhm-border);color:#53647b;font:7px 'JetBrains Mono',monospace;letter-spacing:.11em}.sidebar-footer a{margin-left:auto;color:#71829a}.sys-dot{width:6px;height:6px;border-radius:50%;background:#2bb8b0;box-shadow:0 0 8px #2bb8b0}.sys-dot.offline{background:#fb7185;box-shadow:0 0 8px #fb7185}.dashboard-main{min-width:0;flex:1}.dashboard-header{position:sticky;top:0;z-index:20;display:flex;align-items:center;justify-content:space-between;height:58px;box-sizing:border-box;padding:0 clamp(18px,3vw,42px);border-bottom:1px solid var(--nhm-border);background:rgba(3,7,18,.88);backdrop-filter:blur(16px)}.header-route{display:flex;align-items:center;gap:11px;color:#71829a;font:8px 'JetBrains Mono',monospace;letter-spacing:.12em}.header-route i{width:24px;height:1px;background:#334155}.header-route b{color:#2bb8b0;font-weight:500}.header-readouts{display:flex;align-items:center;gap:24px}.header-readouts>span{color:#dbe7e7;font:500 11px 'Space Grotesk',sans-serif}.header-readouts small{margin-left:4px;color:#53647b;font:7px 'JetBrains Mono',monospace}.online{display:flex;align-items:center;color:#2bb8b0!important;font:7px 'JetBrains Mono',monospace!important;letter-spacing:.1em}.online i{width:6px;height:6px;margin-right:6px;border-radius:50%;background:#2bb8b0;box-shadow:0 0 8px #2bb8b0}.online.offline{color:#fb7185!important}.online.offline i{background:#fb7185}.dashboard-body{padding:clamp(20px,3vw,42px)}.menu-button,.scrim{display:none}@media(max-width:760px){.sidebar{position:fixed;transform:translateX(-102%);transition:transform .25s}.mobile-open .sidebar{transform:translateX(0)}.mobile-open .scrim{display:block;position:fixed;z-index:25;inset:0;border:0;background:rgba(0,0,0,.65)}.menu-button{display:grid;place-items:center;border:0;color:#b7c6d4;background:transparent}.header-route i,.header-route b,.header-readouts>span:not(.online){display:none}.dashboard-header{padding:0 14px}.dashboard-body{padding:18px 14px 36px}}
                                                                                                                                                                                                                                                                                                                                                                                                                                                                                                                                                                                                                                                                                                                                                                                                                                                                                                                                                                                                                                                                                                                                                                                                                                                                                                                                                                                                                                                                                                                                                                                                                                                                                                                                                                                                                                                                                                                                                                                                                                                                                                                                                                                                                                                                                                                                                                                                                                                                                                                                                                                                                                                                                                                                                                                                                                                                                                                                                                                                                                                                                                                                                                                                                                                                                                                                                                                                                                                                                                                                                                                                                                                                                                                                                                                                                                                                                                                                                                                                                                                                                                                ^
41: </style>
42: 
7:10:49 pm [vite-plugin-svelte] src/lib/components/dashboard/DashboardShell.svelte:40:4113 Unused CSS selector ".header-readouts small"
https://svelte.dev/e/css_unused_selector
38: </div>
39: <style>
40:   .dashboard-shell{min-height:100vh;display:flex;background:var(--nhm-bg);color:var(--nhm-text);font-family:Inter,sans-serif}.sidebar{position:sticky;top:0;z-index:30;width:224px;height:100vh;flex:0 0 224px;box-sizing:border-box;border-right:1px solid var(--nhm-border);background:linear-gradient(180deg,#050a14,#040812);display:flex;flex-direction:column}.brand{display:flex;align-items:center;gap:12px;height:76px;box-sizing:border-box;padding:16px 18px;border-bottom:1px solid var(--nhm-border);color:inherit;text-decoration:none}.brand-mark{position:relative;display:grid;place-items:center;width:34px;height:34px;border:1px solid rgba(50,214,201,.45);background:rgba(43,184,176,.07)}.brand-mark:before,.brand-mark:after{content:"";position:absolute;background:#2bb8b0}.brand-mark:before{width:12px;height:1px;left:-6px;top:16px}.brand-mark:after{height:12px;width:1px;left:16px;top:-6px}.brand-mark i{position:absolute;inset:5px;border:1px solid rgba(43,184,176,.2)}.brand-mark b{font:600 13px 'Space Grotesk',sans-serif;color:#82e9e1}.brand-copy{display:grid;gap:3px}.brand-copy strong{font:600 14px 'Space Grotesk',sans-serif;letter-spacing:.18em}.brand-copy small,.nav-caption{color:#53647b;font:7px 'JetBrains Mono',monospace;letter-spacing:.14em}.nav-caption{display:flex;justify-content:space-between;padding:22px 18px 9px}.nav-caption span{color:#2bb8b0}nav{padding:0 10px}.nav-item{position:relative;display:grid;grid-template-columns:34px 1fr auto;align-items:center;gap:10px;min-height:64px;padding:8px;color:#71829a;border:1px solid transparent;text-decoration:none;transition:.18s ease}.nav-item:hover{color:#dce9e8;background:rgba(43,184,176,.04)}.nav-item.active{color:#eef7f6;border-color:rgba(43,184,176,.18);background:linear-gradient(90deg,rgba(43,184,176,.12),rgba(43,184,176,.025))}.nav-item.active:before{content:"";position:absolute;left:-11px;top:12px;bottom:12px;width:2px;background:#2bb8b0;box-shadow:0 0 12px #2bb8b0}.nav-icon{display:grid;place-items:center;width:32px;height:32px;border:1px solid rgba(148,163,184,.12)}.active .nav-icon{color:#54d6cc;border-color:rgba(43,184,176,.35);background:rgba(43,184,176,.08)}.nav-copy{display:grid;gap:5px}.nav-copy b{font:500 9px 'JetBrains Mono',monospace;letter-spacing:.09em}.nav-copy small{font:9px Inter,sans-serif;color:#53647b}.nav-index{font:7px 'JetBrains Mono',monospace;color:#405067}.edge-card{margin:auto 12px 12px;padding:13px;border:1px solid rgba(148,163,184,.13);background:#070d19}.edge-head,.edge-vitals{display:flex;justify-content:space-between;align-items:center}.edge-head span,.edge-vitals{color:#53647b;font:7px 'JetBrains Mono',monospace;letter-spacing:.1em}.edge-head b{color:#a7b8c9;font:8px 'JetBrains Mono',monospace}.edge-card svg{width:100%;height:30px;margin:7px 0 2px}.edge-card polyline{fill:none;stroke:#fb7185;stroke-width:1.2;vector-effect:non-scaling-stroke;filter:drop-shadow(0 0 3px #fb718570)}.edge-vitals i{display:inline-block;width:5px;height:5px;margin-right:5px;border-radius:50%;background:#2bb8b0;box-shadow:0 0 7px #2bb8b0}.sidebar-footer{display:flex;align-items:center;gap:8px;padding:15px 18px;border-top:1px solid var(--nhm-border);color:#53647b;font:7px 'JetBrains Mono',monospace;letter-spacing:.11em}.sidebar-footer a{margin-left:auto;color:#71829a}.sys-dot{width:6px;height:6px;border-radius:50%;background:#2bb8b0;box-shadow:0 0 8px #2bb8b0}.sys-dot.offline{background:#fb7185;box-shadow:0 0 8px #fb7185}.dashboard-main{min-width:0;flex:1}.dashboard-header{position:sticky;top:0;z-index:20;display:flex;align-items:center;justify-content:space-between;height:58px;box-sizing:border-box;padding:0 clamp(18px,3vw,42px);border-bottom:1px solid var(--nhm-border);background:rgba(3,7,18,.88);backdrop-filter:blur(16px)}.header-route{display:flex;align-items:center;gap:11px;color:#71829a;font:8px 'JetBrains Mono',monospace;letter-spacing:.12em}.header-route i{width:24px;height:1px;background:#334155}.header-route b{color:#2bb8b0;font-weight:500}.header-readouts{display:flex;align-items:center;gap:24px}.header-readouts>span{color:#dbe7e7;font:500 11px 'Space Grotesk',sans-serif}.header-readouts small{margin-left:4px;color:#53647b;font:7px 'JetBrains Mono',monospace}.online{display:flex;align-items:center;color:#2bb8b0!important;font:7px 'JetBrains Mono',monospace!important;letter-spacing:.1em}.online i{width:6px;height:6px;margin-right:6px;border-radius:50%;background:#2bb8b0;box-shadow:0 0 8px #2bb8b0}.online.offline{color:#fb7185!important}.online.offline i{background:#fb7185}.dashboard-body{padding:clamp(20px,3vw,42px)}.menu-button,.scrim{display:none}@media(max-width:760px){.sidebar{position:fixed;transform:translateX(-102%);transition:transform .25s}.mobile-open .sidebar{transform:translateX(0)}.mobile-open .scrim{display:block;position:fixed;z-index:25;inset:0;border:0;background:rgba(0,0,0,.65)}.menu-button{display:grid;place-items:center;border:0;color:#b7c6d4;background:transparent}.header-route i,.header-route b,.header-readouts>span:not(.online){display:none}.dashboard-header{padding:0 14px}.dashboard-body{padding:18px 14px 36px}}
                                                                                                                                                                                                                                                                                                                                                                                                                                                                                                                                                                                                                                                                                                                                                                                                                                                                                                                                                                                                                                                                                                                                                                                                                                                                                                                                                                                                                                                                                                                                                                                                                                                                                                                                                                                                                                                                                                                                                                                                                                                                                                                                                                                                                                                                                                                                                                                                                                                                                                                                                                                                                                                                                                                                                                                                                                                                                                                                                                                                                                                                                                                                                                                                                                                                                                                                                                                                                                                                                                                                                                                                                                                                                                                                                                                                                                                                                                                                                                                                                                                                                                                                                                                                                                                                                                            ^
41: </style>
42: 
7:10:49 pm [vite-plugin-svelte] src/lib/components/dashboard/DashboardShell.svelte:40:4942 Unused CSS selector ".header-route i"
https://svelte.dev/e/css_unused_selector
38: </div>
39: <style>
40:   .dashboard-shell{min-height:100vh;display:flex;background:var(--nhm-bg);color:var(--nhm-text);font-family:Inter,sans-serif}.sidebar{position:sticky;top:0;z-index:30;width:224px;height:100vh;flex:0 0 224px;box-sizing:border-box;border-right:1px solid var(--nhm-border);background:linear-gradient(180deg,#050a14,#040812);display:flex;flex-direction:column}.brand{display:flex;align-items:center;gap:12px;height:76px;box-sizing:border-box;padding:16px 18px;border-bottom:1px solid var(--nhm-border);color:inherit;text-decoration:none}.brand-mark{position:relative;display:grid;place-items:center;width:34px;height:34px;border:1px solid rgba(50,214,201,.45);background:rgba(43,184,176,.07)}.brand-mark:before,.brand-mark:after{content:"";position:absolute;background:#2bb8b0}.brand-mark:before{width:12px;height:1px;left:-6px;top:16px}.brand-mark:after{height:12px;width:1px;left:16px;top:-6px}.brand-mark i{position:absolute;inset:5px;border:1px solid rgba(43,184,176,.2)}.brand-mark b{font:600 13px 'Space Grotesk',sans-serif;color:#82e9e1}.brand-copy{display:grid;gap:3px}.brand-copy strong{font:600 14px 'Space Grotesk',sans-serif;letter-spacing:.18em}.brand-copy small,.nav-caption{color:#53647b;font:7px 'JetBrains Mono',monospace;letter-spacing:.14em}.nav-caption{display:flex;justify-content:space-between;padding:22px 18px 9px}.nav-caption span{color:#2bb8b0}nav{padding:0 10px}.nav-item{position:relative;display:grid;grid-template-columns:34px 1fr auto;align-items:center;gap:10px;min-height:64px;padding:8px;color:#71829a;border:1px solid transparent;text-decoration:none;transition:.18s ease}.nav-item:hover{color:#dce9e8;background:rgba(43,184,176,.04)}.nav-item.active{color:#eef7f6;border-color:rgba(43,184,176,.18);background:linear-gradient(90deg,rgba(43,184,176,.12),rgba(43,184,176,.025))}.nav-item.active:before{content:"";position:absolute;left:-11px;top:12px;bottom:12px;width:2px;background:#2bb8b0;box-shadow:0 0 12px #2bb8b0}.nav-icon{display:grid;place-items:center;width:32px;height:32px;border:1px solid rgba(148,163,184,.12)}.active .nav-icon{color:#54d6cc;border-color:rgba(43,184,176,.35);background:rgba(43,184,176,.08)}.nav-copy{display:grid;gap:5px}.nav-copy b{font:500 9px 'JetBrains Mono',monospace;letter-spacing:.09em}.nav-copy small{font:9px Inter,sans-serif;color:#53647b}.nav-index{font:7px 'JetBrains Mono',monospace;color:#405067}.edge-card{margin:auto 12px 12px;padding:13px;border:1px solid rgba(148,163,184,.13);background:#070d19}.edge-head,.edge-vitals{display:flex;justify-content:space-between;align-items:center}.edge-head span,.edge-vitals{color:#53647b;font:7px 'JetBrains Mono',monospace;letter-spacing:.1em}.edge-head b{color:#a7b8c9;font:8px 'JetBrains Mono',monospace}.edge-card svg{width:100%;height:30px;margin:7px 0 2px}.edge-card polyline{fill:none;stroke:#fb7185;stroke-width:1.2;vector-effect:non-scaling-stroke;filter:drop-shadow(0 0 3px #fb718570)}.edge-vitals i{display:inline-block;width:5px;height:5px;margin-right:5px;border-radius:50%;background:#2bb8b0;box-shadow:0 0 7px #2bb8b0}.sidebar-footer{display:flex;align-items:center;gap:8px;padding:15px 18px;border-top:1px solid var(--nhm-border);color:#53647b;font:7px 'JetBrains Mono',monospace;letter-spacing:.11em}.sidebar-footer a{margin-left:auto;color:#71829a}.sys-dot{width:6px;height:6px;border-radius:50%;background:#2bb8b0;box-shadow:0 0 8px #2bb8b0}.sys-dot.offline{background:#fb7185;box-shadow:0 0 8px #fb7185}.dashboard-main{min-width:0;flex:1}.dashboard-header{position:sticky;top:0;z-index:20;display:flex;align-items:center;justify-content:space-between;height:58px;box-sizing:border-box;padding:0 clamp(18px,3vw,42px);border-bottom:1px solid var(--nhm-border);background:rgba(3,7,18,.88);backdrop-filter:blur(16px)}.header-route{display:flex;align-items:center;gap:11px;color:#71829a;font:8px 'JetBrains Mono',monospace;letter-spacing:.12em}.header-route i{width:24px;height:1px;background:#334155}.header-route b{color:#2bb8b0;font-weight:500}.header-readouts{display:flex;align-items:center;gap:24px}.header-readouts>span{color:#dbe7e7;font:500 11px 'Space Grotesk',sans-serif}.header-readouts small{margin-left:4px;color:#53647b;font:7px 'JetBrains Mono',monospace}.online{display:flex;align-items:center;color:#2bb8b0!important;font:7px 'JetBrains Mono',monospace!important;letter-spacing:.1em}.online i{width:6px;height:6px;margin-right:6px;border-radius:50%;background:#2bb8b0;box-shadow:0 0 8px #2bb8b0}.online.offline{color:#fb7185!important}.online.offline i{background:#fb7185}.dashboard-body{padding:clamp(20px,3vw,42px)}.menu-button,.scrim{display:none}@media(max-width:760px){.sidebar{position:fixed;transform:translateX(-102%);transition:transform .25s}.mobile-open .sidebar{transform:translateX(0)}.mobile-open .scrim{display:block;position:fixed;z-index:25;inset:0;border:0;background:rgba(0,0,0,.65)}.menu-button{display:grid;place-items:center;border:0;color:#b7c6d4;background:transparent}.header-route i,.header-route b,.header-readouts>span:not(.online){display:none}.dashboard-header{padding:0 14px}.dashboard-body{padding:18px 14px 36px}}
                                                                                                                                                                                                                                                                                                                                                                                                                                                                                                                                                                                                                                                                                                                                                                                                                                                                                                                                                                                                                                                                                                                                                                                                                                                                                                                                                                                                                                                                                                                                                                                                                                                                                                                                                                                                                                                                                                                                                                                                                                                                                                                                                                                                                                                                                                                                                                                                                                                                                                                                                                                                                                                                                                                                                                                                                                                                                                                                                                                                                                                                                                                                                                                                                                                                                                                                                                                                                                                                                                                                                                                                                                                                                                                                                                                                                                                                                                                                                                                                                                                                                                                                                                                                                                                                                                                                                                                                                                                                                                                                                                                                                                                                                                                                                                                                                                                                                                                                                                                                                                                                                                                                                                  ^
41: </style>
42: 
7:10:49 pm [vite-plugin-svelte] src/lib/components/dashboard/DashboardShell.svelte:40:4958 Unused CSS selector ".header-route b"
https://svelte.dev/e/css_unused_selector
38: </div>
39: <style>
40:   .dashboard-shell{min-height:100vh;display:flex;background:var(--nhm-bg);color:var(--nhm-text);font-family:Inter,sans-serif}.sidebar{position:sticky;top:0;z-index:30;width:224px;height:100vh;flex:0 0 224px;box-sizing:border-box;border-right:1px solid var(--nhm-border);background:linear-gradient(180deg,#050a14,#040812);display:flex;flex-direction:column}.brand{display:flex;align-items:center;gap:12px;height:76px;box-sizing:border-box;padding:16px 18px;border-bottom:1px solid var(--nhm-border);color:inherit;text-decoration:none}.brand-mark{position:relative;display:grid;place-items:center;width:34px;height:34px;border:1px solid rgba(50,214,201,.45);background:rgba(43,184,176,.07)}.brand-mark:before,.brand-mark:after{content:"";position:absolute;background:#2bb8b0}.brand-mark:before{width:12px;height:1px;left:-6px;top:16px}.brand-mark:after{height:12px;width:1px;left:16px;top:-6px}.brand-mark i{position:absolute;inset:5px;border:1px solid rgba(43,184,176,.2)}.brand-mark b{font:600 13px 'Space Grotesk',sans-serif;color:#82e9e1}.brand-copy{display:grid;gap:3px}.brand-copy strong{font:600 14px 'Space Grotesk',sans-serif;letter-spacing:.18em}.brand-copy small,.nav-caption{color:#53647b;font:7px 'JetBrains Mono',monospace;letter-spacing:.14em}.nav-caption{display:flex;justify-content:space-between;padding:22px 18px 9px}.nav-caption span{color:#2bb8b0}nav{padding:0 10px}.nav-item{position:relative;display:grid;grid-template-columns:34px 1fr auto;align-items:center;gap:10px;min-height:64px;padding:8px;color:#71829a;border:1px solid transparent;text-decoration:none;transition:.18s ease}.nav-item:hover{color:#dce9e8;background:rgba(43,184,176,.04)}.nav-item.active{color:#eef7f6;border-color:rgba(43,184,176,.18);background:linear-gradient(90deg,rgba(43,184,176,.12),rgba(43,184,176,.025))}.nav-item.active:before{content:"";position:absolute;left:-11px;top:12px;bottom:12px;width:2px;background:#2bb8b0;box-shadow:0 0 12px #2bb8b0}.nav-icon{display:grid;place-items:center;width:32px;height:32px;border:1px solid rgba(148,163,184,.12)}.active .nav-icon{color:#54d6cc;border-color:rgba(43,184,176,.35);background:rgba(43,184,176,.08)}.nav-copy{display:grid;gap:5px}.nav-copy b{font:500 9px 'JetBrains Mono',monospace;letter-spacing:.09em}.nav-copy small{font:9px Inter,sans-serif;color:#53647b}.nav-index{font:7px 'JetBrains Mono',monospace;color:#405067}.edge-card{margin:auto 12px 12px;padding:13px;border:1px solid rgba(148,163,184,.13);background:#070d19}.edge-head,.edge-vitals{display:flex;justify-content:space-between;align-items:center}.edge-head span,.edge-vitals{color:#53647b;font:7px 'JetBrains Mono',monospace;letter-spacing:.1em}.edge-head b{color:#a7b8c9;font:8px 'JetBrains Mono',monospace}.edge-card svg{width:100%;height:30px;margin:7px 0 2px}.edge-card polyline{fill:none;stroke:#fb7185;stroke-width:1.2;vector-effect:non-scaling-stroke;filter:drop-shadow(0 0 3px #fb718570)}.edge-vitals i{display:inline-block;width:5px;height:5px;margin-right:5px;border-radius:50%;background:#2bb8b0;box-shadow:0 0 7px #2bb8b0}.sidebar-footer{display:flex;align-items:center;gap:8px;padding:15px 18px;border-top:1px solid var(--nhm-border);color:#53647b;font:7px 'JetBrains Mono',monospace;letter-spacing:.11em}.sidebar-footer a{margin-left:auto;color:#71829a}.sys-dot{width:6px;height:6px;border-radius:50%;background:#2bb8b0;box-shadow:0 0 8px #2bb8b0}.sys-dot.offline{background:#fb7185;box-shadow:0 0 8px #fb7185}.dashboard-main{min-width:0;flex:1}.dashboard-header{position:sticky;top:0;z-index:20;display:flex;align-items:center;justify-content:space-between;height:58px;box-sizing:border-box;padding:0 clamp(18px,3vw,42px);border-bottom:1px solid var(--nhm-border);background:rgba(3,7,18,.88);backdrop-filter:blur(16px)}.header-route{display:flex;align-items:center;gap:11px;color:#71829a;font:8px 'JetBrains Mono',monospace;letter-spacing:.12em}.header-route i{width:24px;height:1px;background:#334155}.header-route b{color:#2bb8b0;font-weight:500}.header-readouts{display:flex;align-items:center;gap:24px}.header-readouts>span{color:#dbe7e7;font:500 11px 'Space Grotesk',sans-serif}.header-readouts small{margin-left:4px;color:#53647b;font:7px 'JetBrains Mono',monospace}.online{display:flex;align-items:center;color:#2bb8b0!important;font:7px 'JetBrains Mono',monospace!important;letter-spacing:.1em}.online i{width:6px;height:6px;margin-right:6px;border-radius:50%;background:#2bb8b0;box-shadow:0 0 8px #2bb8b0}.online.offline{color:#fb7185!important}.online.offline i{background:#fb7185}.dashboard-body{padding:clamp(20px,3vw,42px)}.menu-button,.scrim{display:none}@media(max-width:760px){.sidebar{position:fixed;transform:translateX(-102%);transition:transform .25s}.mobile-open .sidebar{transform:translateX(0)}.mobile-open .scrim{display:block;position:fixed;z-index:25;inset:0;border:0;background:rgba(0,0,0,.65)}.menu-button{display:grid;place-items:center;border:0;color:#b7c6d4;background:transparent}.header-route i,.header-route b,.header-readouts>span:not(.online){display:none}.dashboard-header{padding:0 14px}.dashboard-body{padding:18px 14px 36px}}
                                                                                                                                                                                                                                                                                                                                                                                                                                                                                                                                                                                                                                                                                                                                                                                                                                                                                                                                                                                                                                                                                                                                                                                                                                                                                                                                                                                                                                                                                                                                                                                                                                                                                                                                                                                                                                                                                                                                                                                                                                                                                                                                                                                                                                                                                                                                                                                                                                                                                                                                                                                                                                                                                                                                                                                                                                                                                                                                                                                                                                                                                                                                                                                                                                                                                                                                                                                                                                                                                                                                                                                                                                                                                                                                                                                                                                                                                                                                                                                                                                                                                                                                                                                                                                                                                                                                                                                                                                                                                                                                                                                                                                                                                                                                                                                                                                                                                                                                                                                                                                                                                                                                                                                  ^
41: </style>
42: 
7:10:49 pm [vite-plugin-svelte] src/lib/components/dashboard/MultiLine.svelte:19:20 This reference only captures the initial value of `height`. Did you mean to reference it inside a closure instead?
https://svelte.dev/e/state_referenced_locally
17:   } = $props();
18: 
19:   const W = 600, H = height;
                               ^
20:   const PAD = { top: 14, right: 20, bottom: 28, left: 36 };
21:   const pw = W - PAD.left - PAD.right;
"EventDispatcher", "DepthTexture", "Camera", "SpriteMaterial", "Texture", "EquirectangularReflectionMapping", "BasicShadowMap", "ReplaceStencilOp", "AlwaysStencilFunc" and "WireframeGeometry" are imported from external module "three" but never used in "node_modules/@threlte/core/dist/components/T/utils/useProps.svelte.js", "node_modules/@threlte/extras/dist/hooks/useFBO.svelte.js", "node_modules/@threlte/extras/dist/hooks/useViewport.svelte.js", "node_modules/@threlte/extras/dist/components/HTML/utils.js", "node_modules/@threlte/extras/dist/components/AnimatedSpriteMaterial/AnimatedSpriteMaterial.svelte", "node_modules/@threlte/extras/dist/components/Decal/Decal.svelte", "node_modules/@threlte/extras/dist/components/MeshRefractionMaterial/MeshRefractionMaterial.svelte", "node_modules/@threlte/extras/dist/components/MeshLine/MeshLineMaterial.svelte", "node_modules/@threlte/extras/dist/components/environment/Environment/Environment.svelte", "node_modules/@threlte/extras/dist/components/SoftShadows/SoftShadows.svelte", "node_modules/@threlte/extras/dist/components/Mask/Mask.svelte" and "node_modules/@threlte/extras/dist/components/Wireframe/Wireframe.svelte".
"DecalGeometry" is imported from external module "three/examples/jsm/geometries/DecalGeometry.js" but never used in "node_modules/@threlte/extras/dist/components/Decal/Decal.svelte".
"ThreePerf" is imported from external module "three-perf" but never used in "node_modules/@threlte/extras/dist/components/PerfMonitor/PerfMonitor.svelte".
"preloadFont" is imported from external module "troika-three-text" but never used in "node_modules/@threlte/extras/dist/components/Text/Text.svelte".
"useSpring", "motion", "createLayoutMotion", "AnimatePresence", "useReducedMotion", "useInView", "useTransform", "cancelFrame" and "MotionValue" are imported from external module "framer-motion/dom" but never used in "node_modules/motion-sv/dist/index.js", "node_modules/motion-sv/dist/utils/use-animation-frame.svelte.js" and "node_modules/motion-sv/dist/value/use-velocity.js".
✓ 4616 modules transformed.
rendering chunks...
vite v6.4.3 building for production...
transforming...
7:10:52 pm [vite-plugin-svelte] src/routes/[...path]/+page.svelte:7:5 This reference only captures the initial value of `route`. Did you mean to reference it inside a closure instead?
https://svelte.dev/e/state_referenced_locally
 5: 
 6:   const route = $derived(page.url.pathname);
 7:   if (route) throw httpError(404, `No NHM route exists at ${route}`);
               ^
 8: </script>
 9: 
7:10:52 pm [vite-plugin-svelte] src/routes/[...path]/+page.svelte:7:59 This reference only captures the initial value of `route`. Did you mean to reference it inside a closure instead?
https://svelte.dev/e/state_referenced_locally
 5: 
 6:   const route = $derived(page.url.pathname);
 7:   if (route) throw httpError(404, `No NHM route exists at ${route}`);
                                                                     ^
 8: </script>
 9: 
7:10:52 pm [vite-plugin-svelte] src/routes/[...path]/+page.svelte:24:499 Unused CSS selector "pre"
https://svelte.dev/e/css_unused_selector
22:   .compatibility-shell { min-height: 60vh; box-sizing: border-box; padding: clamp(28px, 7vw, 100px); background-image: linear-gradient(rgba(43,184,176,.08) 1px, transparent 1px), linear-gradient(90deg, rgba(43,184,176,.08) 1px, transparent 1px); background-size: 52px 52px; }
23:   .technical-line { display: flex; justify-content: space-between; gap: 20px; color: #64748b; font: 10px 'JetBrains Mono', monospace; letter-spacing: .12em; }
24:   section { max-width: 900px; margin-top: clamp(70px, 12vh, 150px); }.eyebrow { color: #2bb8b0; font: 11px 'JetBrains Mono', monospace; letter-spacing: .18em; } h2 { margin: 22px 0; font: 500 clamp(44px, 7vw, 96px)/.94 'Space Grotesk', sans-serif; } p { max-width: 540px; color: #94a3b8; font-size: 17px; line-height: 1.7; } a { display: inline-block; margin-top: 28px; color: #2bb8b0; font: 12px 'JetBrains Mono', monospace; letter-spacing: .1em; text-decoration: none; text-transform: uppercase; } pre { max-width: 100%; overflow: auto; margin-top: 32px; padding: 18px; border: 1px solid rgba(43,184,176,.25); color: #9fe7e1; background: rgba(15,23,42,.65); font: 12px/1.6 'JetBrains Mono', monospace; }.data-state { margin-top: 32px; color: #64748b; font: 11px 'JetBrains Mono', monospace; letter-spacing: .1em; }.data-state--error { color: #fecdd3; }
                                                                                                                                                                                                                                                                                                                                                                                                                                                                                                                           ^
25:   @media (max-width: 640px) { .technical-line { display: block; }.technical-line span { display: block; margin-bottom: 8px; } }
26: </style>
7:10:52 pm [vite-plugin-svelte] src/routes/[...path]/+page.svelte:24:704 Unused CSS selector ".data-state"
https://svelte.dev/e/css_unused_selector
22:   .compatibility-shell { min-height: 60vh; box-sizing: border-box; padding: clamp(28px, 7vw, 100px); background-image: linear-gradient(rgba(43,184,176,.08) 1px, transparent 1px), linear-gradient(90deg, rgba(43,184,176,.08) 1px, transparent 1px); background-size: 52px 52px; }
23:   .technical-line { display: flex; justify-content: space-between; gap: 20px; color: #64748b; font: 10px 'JetBrains Mono', monospace; letter-spacing: .12em; }
24:   section { max-width: 900px; margin-top: clamp(70px, 12vh, 150px); }.eyebrow { color: #2bb8b0; font: 11px 'JetBrains Mono', monospace; letter-spacing: .18em; } h2 { margin: 22px 0; font: 500 clamp(44px, 7vw, 96px)/.94 'Space Grotesk', sans-serif; } p { max-width: 540px; color: #94a3b8; font-size: 17px; line-height: 1.7; } a { display: inline-block; margin-top: 28px; color: #2bb8b0; font: 12px 'JetBrains Mono', monospace; letter-spacing: .1em; text-decoration: none; text-transform: uppercase; } pre { max-width: 100%; overflow: auto; margin-top: 32px; padding: 18px; border: 1px solid rgba(43,184,176,.25); color: #9fe7e1; background: rgba(15,23,42,.65); font: 12px/1.6 'JetBrains Mono', monospace; }.data-state { margin-top: 32px; color: #64748b; font: 11px 'JetBrains Mono', monospace; letter-spacing: .1em; }.data-state--error { color: #fecdd3; }
                                                                                                                                                                                                                                                                                                                                                                                                                                                                                                                                                                                                                                                                                                                                                ^
25:   @media (max-width: 640px) { .technical-line { display: block; }.technical-line span { display: block; margin-bottom: 8px; } }
26: </style>
7:10:52 pm [vite-plugin-svelte] src/routes/[...path]/+page.svelte:24:815 Unused CSS selector ".data-state--error"
https://svelte.dev/e/css_unused_selector
22:   .compatibility-shell { min-height: 60vh; box-sizing: border-box; padding: clamp(28px, 7vw, 100px); background-image: linear-gradient(rgba(43,184,176,.08) 1px, transparent 1px), linear-gradient(90deg, rgba(43,184,176,.08) 1px, transparent 1px); background-size: 52px 52px; }
23:   .technical-line { display: flex; justify-content: space-between; gap: 20px; color: #64748b; font: 10px 'JetBrains Mono', monospace; letter-spacing: .12em; }
24:   section { max-width: 900px; margin-top: clamp(70px, 12vh, 150px); }.eyebrow { color: #2bb8b0; font: 11px 'JetBrains Mono', monospace; letter-spacing: .18em; } h2 { margin: 22px 0; font: 500 clamp(44px, 7vw, 96px)/.94 'Space Grotesk', sans-serif; } p { max-width: 540px; color: #94a3b8; font-size: 17px; line-height: 1.7; } a { display: inline-block; margin-top: 28px; color: #2bb8b0; font: 12px 'JetBrains Mono', monospace; letter-spacing: .1em; text-decoration: none; text-transform: uppercase; } pre { max-width: 100%; overflow: auto; margin-top: 32px; padding: 18px; border: 1px solid rgba(43,184,176,.25); color: #9fe7e1; background: rgba(15,23,42,.65); font: 12px/1.6 'JetBrains Mono', monospace; }.data-state { margin-top: 32px; color: #64748b; font: 11px 'JetBrains Mono', monospace; letter-spacing: .1em; }.data-state--error { color: #fecdd3; }
                                                                                                                                                                                                                                                                                                                                                                                                                                                                                                                                                                                                                                                                                                                                                                                                                                                                      ^
25:   @media (max-width: 640px) { .technical-line { display: block; }.technical-line span { display: block; margin-bottom: 8px; } }
26: </style>
7:10:52 pm [vite-plugin-svelte] src/routes/ai/insights/+page.svelte:13:1427 Unused CSS selector ".grid.top>:first-child"
https://svelte.dev/e/css_unused_selector
11: </WorkbenchPage>
12: <style>
13:   .metrics{display:grid;grid-template-columns:repeat(4,1fr);gap:8px}.grid{display:grid;gap:8px;margin-top:8px}.grid.top{grid-template-columns:.8fr 1.1fr 1.1fr}.grid.split{grid-template-columns:1.1fr .9fr}.legend{display:flex;flex-wrap:wrap;gap:18px;padding-top:12px;border-top:1px solid rgba(148,163,184,.12);color:#64748b;font:8px 'JetBrains Mono',monospace}.legend i{display:inline-block;width:7px;height:7px;margin-right:5px;border-radius:50%}.teal{background:#2bb8b0}.rose{background:#fb7185}.amber{background:#fbbf24}.interpretation{margin-top:12px;padding-top:13px;border-top:1px solid rgba(148,163,184,.12)}.interpretation span{color:#2bb8b0;font:7px 'JetBrains Mono',monospace;letter-spacing:.13em}.interpretation strong{display:block;margin-top:7px;color:#dce9e8;font:500 17px 'Space Grotesk',sans-serif}.interpretation p,.insight p{margin:7px 0 0;color:#71829a;font-size:11px;line-height:1.55}.insight{display:grid;grid-template-columns:auto 1fr 1.1fr;align-items:center;gap:20px;margin-top:8px;padding:18px;border:1px solid rgba(43,184,176,.22);background:rgba(43,184,176,.05)}.insight>span{color:#2bb8b0;font:7px 'JetBrains Mono',monospace;letter-spacing:.13em}.insight strong{font:500 18px 'Space Grotesk',sans-serif}.insight p{margin:0}code{color:#a5b4fc;font:10px 'JetBrains Mono',monospace}@media(max-width:1050px){.metrics{grid-template-columns:repeat(2,1fr)}.grid.top,.grid.split{grid-template-columns:1fr 1fr}.grid.top>:first-child{grid-column:span 2}}@media(max-width:650px){.metrics,.grid.top,.grid.split{grid-template-columns:1fr}.grid.top>:first-child{grid-column:auto}.insight{grid-template-columns:1fr}}
                                                                                                                                                                                                                                                                                                                                                                                                                                                                                                                                                                                                                                                                                                                                                                                                                                                                                                                                                                                                                                                                                                                                                                                                                                                                                                                                                                                                                                                                                                              ^
14: </style>
15: 
7:10:52 pm [vite-plugin-svelte] src/routes/ai/insights/+page.svelte:13:1551 Unused CSS selector ".grid.top>:first-child"
https://svelte.dev/e/css_unused_selector
11: </WorkbenchPage>
12: <style>
13:   .metrics{display:grid;grid-template-columns:repeat(4,1fr);gap:8px}.grid{display:grid;gap:8px;margin-top:8px}.grid.top{grid-template-columns:.8fr 1.1fr 1.1fr}.grid.split{grid-template-columns:1.1fr .9fr}.legend{display:flex;flex-wrap:wrap;gap:18px;padding-top:12px;border-top:1px solid rgba(148,163,184,.12);color:#64748b;font:8px 'JetBrains Mono',monospace}.legend i{display:inline-block;width:7px;height:7px;margin-right:5px;border-radius:50%}.teal{background:#2bb8b0}.rose{background:#fb7185}.amber{background:#fbbf24}.interpretation{margin-top:12px;padding-top:13px;border-top:1px solid rgba(148,163,184,.12)}.interpretation span{color:#2bb8b0;font:7px 'JetBrains Mono',monospace;letter-spacing:.13em}.interpretation strong{display:block;margin-top:7px;color:#dce9e8;font:500 17px 'Space Grotesk',sans-serif}.interpretation p,.insight p{margin:7px 0 0;color:#71829a;font-size:11px;line-height:1.55}.insight{display:grid;grid-template-columns:auto 1fr 1.1fr;align-items:center;gap:20px;margin-top:8px;padding:18px;border:1px solid rgba(43,184,176,.22);background:rgba(43,184,176,.05)}.insight>span{color:#2bb8b0;font:7px 'JetBrains Mono',monospace;letter-spacing:.13em}.insight strong{font:500 18px 'Space Grotesk',sans-serif}.insight p{margin:0}code{color:#a5b4fc;font:10px 'JetBrains Mono',monospace}@media(max-width:1050px){.metrics{grid-template-columns:repeat(2,1fr)}.grid.top,.grid.split{grid-template-columns:1fr 1fr}.grid.top>:first-child{grid-column:span 2}}@media(max-width:650px){.metrics,.grid.top,.grid.split{grid-template-columns:1fr}.grid.top>:first-child{grid-column:auto}.insight{grid-template-columns:1fr}}
                                                                                                                                                                                                                                                                                                                                                                                                                                                                                                                                                                                                                                                                                                                                                                                                                                                                                                                                                                                                                                                                                                                                                                                                                                                                                                                                                                                                                                                                                                                                                                                                                                          ^
14: </style>
15: 
7:10:52 pm [vite-plugin-svelte] src/routes/+page.svelte:591:9 Unused CSS selector "h3"
https://svelte.dev/e/css_unused_selector
589:   
590:   /* Typography */
591:   h1, h2, h3, .brand__name, .hardware__title { font-family: var(--font-sans); margin: 0; }
                 ^
592:   .text-gradient { background: linear-gradient(135deg, #ffffff 0%, var(--accent) 100%); background-clip: text; -webkit-background-clip: text; -webkit-text-fill-color: transparent; }
593:   .glow-text { text-shadow: 0 0 20px var(--accent-glow); }
7:10:52 pm [vite-plugin-svelte] src/routes/+page.svelte:604:1 Unused CSS selector ".glass-panel-sm"
https://svelte.dev/e/css_unused_selector
602:   /* Glassmorphism & Cards */
603:   .glass-panel { background: rgba(255,255,255,0.02); backdrop-filter: blur(24px); -webkit-backdrop-filter: blur(24px); border: 1px solid var(--border-dark); border-radius: 32px; box-shadow: 0 40px 80px rgba(0,0,0,0.5), inset 0 1px 0 rgba(255,255,255,0.05); }
604:   .glass-panel-sm { background: rgba(255,255,255,0.02); backdrop-filter: blur(16px); -webkit-backdrop-filter: blur(16px); border: 1px solid var(--border-dark); border-radius: 20px; }
                      ^
605:   .card-light { background: #ffffff; border: 1px solid var(--border-light); border-radius: 24px; box-shadow: 0 20px 40px rgba(15,23,42,0.04); }
606: 
7:10:52 pm [vite-plugin-svelte] src/routes/+page.svelte:605:1 Unused CSS selector ".card-light"
https://svelte.dev/e/css_unused_selector
603:   .glass-panel { background: rgba(255,255,255,0.02); backdrop-filter: blur(24px); -webkit-backdrop-filter: blur(24px); border: 1px solid var(--border-dark); border-radius: 32px; box-shadow: 0 40px 80px rgba(0,0,0,0.5), inset 0 1px 0 rgba(255,255,255,0.05); }
604:   .glass-panel-sm { background: rgba(255,255,255,0.02); backdrop-filter: blur(16px); -webkit-backdrop-filter: blur(16px); border: 1px solid var(--border-dark); border-radius: 20px; }
605:   .card-light { background: #ffffff; border: 1px solid var(--border-light); border-radius: 24px; box-shadow: 0 20px 40px rgba(15,23,42,0.04); }
                  ^
606: 
607:   /* Buttons */
7:10:52 pm [vite-plugin-svelte] src/routes/+page.svelte:612:1 Unused CSS selector ".section-light .button--light"
https://svelte.dev/e/css_unused_selector
610:   .button--light { background: #f8fafc !important; color: #030712 !important; border-color: #f8fafc; }
611:   .button--light:hover { background: transparent !important; color: #f8fafc !important; border-color: rgba(255,255,255,0.55); }
612:   .section-light .button--light { background: #030712 !important; color: #f8fafc !important; border-color: #030712; }
                                    ^
613:   .section-light .button--light:hover { background: transparent !important; color: #030712 !important; border-color: rgba(3,7,18,.4); }
614:   .button--dark { background: var(--bg-dark); color: var(--text-main); }
7:10:52 pm [vite-plugin-svelte] src/routes/+page.svelte:613:1 Unused CSS selector ".section-light .button--light:hover"
https://svelte.dev/e/css_unused_selector
611:   .button--light:hover { background: transparent !important; color: #f8fafc !important; border-color: rgba(255,255,255,0.55); }
612:   .section-light .button--light { background: #030712 !important; color: #f8fafc !important; border-color: #030712; }
613:   .section-light .button--light:hover { background: transparent !important; color: #030712 !important; border-color: rgba(3,7,18,.4); }
                                          ^
614:   .button--dark { background: var(--bg-dark); color: var(--text-main); }
615:   .button--dark:hover { background: transparent; color: var(--bg-dark); border-color: var(--bg-dark); }
7:10:52 pm [vite-plugin-svelte] src/routes/+page.svelte:614:1 Unused CSS selector ".button--dark"
https://svelte.dev/e/css_unused_selector
612:   .section-light .button--light { background: #030712 !important; color: #f8fafc !important; border-color: #030712; }
613:   .section-light .button--light:hover { background: transparent !important; color: #030712 !important; border-color: rgba(3,7,18,.4); }
614:   .button--dark { background: var(--bg-dark); color: var(--text-main); }
                    ^
615:   .button--dark:hover { background: transparent; color: var(--bg-dark); border-color: var(--bg-dark); }
616:   .button--glow { box-shadow: 0 0 30px var(--accent-glow); }
7:10:52 pm [vite-plugin-svelte] src/routes/+page.svelte:615:1 Unused CSS selector ".button--dark:hover"
https://svelte.dev/e/css_unused_selector
613:   .section-light .button--light:hover { background: transparent !important; color: #030712 !important; border-color: rgba(3,7,18,.4); }
614:   .button--dark { background: var(--bg-dark); color: var(--text-main); }
615:   .button--dark:hover { background: transparent; color: var(--bg-dark); border-color: var(--bg-dark); }
                          ^
616:   .button--glow { box-shadow: 0 0 30px var(--accent-glow); }
617:   .button--glass { background: rgba(255,255,255,0.05); backdrop-filter: blur(16px); -webkit-backdrop-filter: blur(16px); border: 1px solid var(--border-dark); color: var(--text-main); font-family: var(--font-mono); font-size: 11px; text-transform: uppercase; letter-spacing: 0.1em; padding: 12px 20px; border-radius: 999px; display: inline-flex; align-items: center; gap: 12px; transition: all 0.3s; }
7:10:52 pm [vite-plugin-svelte] src/routes/+page.svelte:687:1 Unused CSS selector ".hero__device-label"
https://svelte.dev/e/css_unused_selector
685:   .hero__device { position: relative; width: 100%; height: 700px; overflow: visible; z-index: 30; }
686:   
687:   .hero__device-label { position: absolute; z-index: 12; display: inline-flex; align-items: center; gap: 10px; padding: 10px 16px; font-family: var(--font-mono); font-size: 10px; letter-spacing: 0.1em; color: var(--text-main); }
                          ^
688:   .hero__device-label--one { top: 20%; left: 0%; }
689:   .hero__device-label--two { top: 50%; right: -5%; }
7:10:52 pm [vite-plugin-svelte] src/routes/+page.svelte:688:1 Unused CSS selector ".hero__device-label--one"
https://svelte.dev/e/css_unused_selector
686:   
687:   .hero__device-label { position: absolute; z-index: 12; display: inline-flex; align-items: center; gap: 10px; padding: 10px 16px; font-family: var(--font-mono); font-size: 10px; letter-spacing: 0.1em; color: var(--text-main); }
688:   .hero__device-label--one { top: 20%; left: 0%; }
                               ^
689:   .hero__device-label--two { top: 50%; right: -5%; }
690:   .hero__device-label--three { bottom: 15%; left: 20%; }
7:10:52 pm [vite-plugin-svelte] src/routes/+page.svelte:689:1 Unused CSS selector ".hero__device-label--two"
https://svelte.dev/e/css_unused_selector
687:   .hero__device-label { position: absolute; z-index: 12; display: inline-flex; align-items: center; gap: 10px; padding: 10px 16px; font-family: var(--font-mono); font-size: 10px; letter-spacing: 0.1em; color: var(--text-main); }
688:   .hero__device-label--one { top: 20%; left: 0%; }
689:   .hero__device-label--two { top: 50%; right: -5%; }
                               ^
690:   .hero__device-label--three { bottom: 15%; left: 20%; }
691:   
7:10:52 pm [vite-plugin-svelte] src/routes/+page.svelte:690:1 Unused CSS selector ".hero__device-label--three"
https://svelte.dev/e/css_unused_selector
688:   .hero__device-label--one { top: 20%; left: 0%; }
689:   .hero__device-label--two { top: 50%; right: -5%; }
690:   .hero__device-label--three { bottom: 15%; left: 20%; }
                                 ^
691:   
692:   .signal-dot { width: 8px; height: 8px; border-radius: 50%; background: var(--accent); box-shadow: 0 0 16px var(--accent); }
7:10:52 pm [vite-plugin-svelte] src/routes/+page.svelte:692:1 Unused CSS selector ".signal-dot"
https://svelte.dev/e/css_unused_selector
690:   .hero__device-label--three { bottom: 15%; left: 20%; }
691:   
692:   .signal-dot { width: 8px; height: 8px; border-radius: 50%; background: var(--accent); box-shadow: 0 0 16px var(--accent); }
                  ^
693:   .neon-blue { background: #38bdf8; box-shadow: 0 0 16px #38bdf8; }
694: 
7:10:52 pm [vite-plugin-svelte] src/routes/+page.svelte:693:1 Unused CSS selector ".neon-blue"
https://svelte.dev/e/css_unused_selector
691:   
692:   .signal-dot { width: 8px; height: 8px; border-radius: 50%; background: var(--accent); box-shadow: 0 0 16px var(--accent); }
693:   .neon-blue { background: #38bdf8; box-shadow: 0 0 16px #38bdf8; }
                 ^
694: 
695:   .hero__signal { position: absolute; right: 0; bottom: 0; left: 0; z-index: 5; padding: 0 clamp(24px, 5vw, 64px) 24px; pointer-events: none; max-width: 1400px; margin: 0 auto; width: 100%; }
7:10:52 pm [vite-plugin-svelte] src/routes/+page.svelte:769:1 Unused CSS selector ".signals__grid"
https://svelte.dev/e/css_unused_selector
767:   .signals__morph { width: 100%; max-width: none; min-width: 0; text-align: right; color: #0f172a; font-size: clamp(32px, 4.2vw, 68px); text-transform: uppercase; font-family: var(--font-sans); font-weight: 600; letter-spacing: -0.045em; overflow: visible; }
768:   
769:   .signals__grid { display: grid; grid-template-columns: 1.3fr 0.7fr; gap: 40px; margin-top: 80px; }
                     ^
770:   .signal-main { padding: 40px; }
771:   .signal-main__header { display: flex; align-items: flex-start; justify-content: space-between; gap: 20px; }
7:10:52 pm [vite-plugin-svelte] src/routes/+page.svelte:770:1 Unused CSS selector ".signal-main"
https://svelte.dev/e/css_unused_selector
768:   
769:   .signals__grid { display: grid; grid-template-columns: 1.3fr 0.7fr; gap: 40px; margin-top: 80px; }
770:   .signal-main { padding: 40px; }
                   ^
771:   .signal-main__header { display: flex; align-items: flex-start; justify-content: space-between; gap: 20px; }
772:   .signal-label { color: #64748b; font-family: var(--font-mono); font-size: 10px; letter-spacing: 0.15em; }
7:10:52 pm [vite-plugin-svelte] src/routes/+page.svelte:771:1 Unused CSS selector ".signal-main__header"
https://svelte.dev/e/css_unused_selector
769:   .signals__grid { display: grid; grid-template-columns: 1.3fr 0.7fr; gap: 40px; margin-top: 80px; }
770:   .signal-main { padding: 40px; }
771:   .signal-main__header { display: flex; align-items: flex-start; justify-content: space-between; gap: 20px; }
                           ^
772:   .signal-label { color: #64748b; font-family: var(--font-mono); font-size: 10px; letter-spacing: 0.15em; }
773:   .signal-main h3 { margin: 12px 0 0; font-size: 28px; font-weight: 600; letter-spacing: -0.03em; }
7:10:52 pm [vite-plugin-svelte] src/routes/+page.svelte:772:1 Unused CSS selector ".signal-label"
https://svelte.dev/e/css_unused_selector
770:   .signal-main { padding: 40px; }
771:   .signal-main__header { display: flex; align-items: flex-start; justify-content: space-between; gap: 20px; }
772:   .signal-label { color: #64748b; font-family: var(--font-mono); font-size: 10px; letter-spacing: 0.15em; }
                    ^
773:   .signal-main h3 { margin: 12px 0 0; font-size: 28px; font-weight: 600; letter-spacing: -0.03em; }
774:   
7:10:52 pm [vite-plugin-svelte] src/routes/+page.svelte:773:1 Unused CSS selector ".signal-main h3"
https://svelte.dev/e/css_unused_selector
771:   .signal-main__header { display: flex; align-items: flex-start; justify-content: space-between; gap: 20px; }
772:   .signal-label { color: #64748b; font-family: var(--font-mono); font-size: 10px; letter-spacing: 0.15em; }
773:   .signal-main h3 { margin: 12px 0 0; font-size: 28px; font-weight: 600; letter-spacing: -0.03em; }
                      ^
774:   
775:   .live-pill { display: inline-flex; align-items: center; gap: 8px; padding: 8px 16px; border-radius: 999px; border: 1px solid #e2e8f0; background: #f8fafc; color: #0f766e; font-family: var(--font-mono); font-size: 10px; font-weight: 600; letter-spacing: 0.1em; }
7:10:52 pm [vite-plugin-svelte] src/routes/+page.svelte:775:1 Unused CSS selector ".live-pill"
https://svelte.dev/e/css_unused_selector
773:   .signal-main h3 { margin: 12px 0 0; font-size: 28px; font-weight: 600; letter-spacing: -0.03em; }
774:   
775:   .live-pill { display: inline-flex; align-items: center; gap: 8px; padding: 8px 16px; border-radius: 999px; border: 1px solid #e2e8f0; background: #f8fafc; color: #0f766e; font-family: var(--font-mono); font-size: 10px; font-weight: 600; letter-spacing: 0.1em; }
                 ^
776:   
777:   .signal-main__wave { height: 320px; margin: 40px 0; overflow: hidden; border-radius: 20px; border: 1px solid rgba(15,23,42,0.05); }
7:10:52 pm [vite-plugin-svelte] src/routes/+page.svelte:777:1 Unused CSS selector ".signal-main__wave"
https://svelte.dev/e/css_unused_selector
775:   .live-pill { display: inline-flex; align-items: center; gap: 8px; padding: 8px 16px; border-radius: 999px; border: 1px solid #e2e8f0; background: #f8fafc; color: #0f766e; font-family: var(--font-mono); font-size: 10px; font-weight: 600; letter-spacing: 0.1em; }
776:   
777:   .signal-main__wave { height: 320px; margin: 40px 0; overflow: hidden; border-radius: 20px; border: 1px solid rgba(15,23,42,0.05); }
                         ^
778:   
779:   .signal-main__footer { display: flex; justify-content: space-between; border-top: 1px solid #e2e8f0; padding-top: 24px; color: #64748b; font-family: var(--font-mono); font-size: 10px; letter-spacing: 0.15em; }
7:10:52 pm [vite-plugin-svelte] src/routes/+page.svelte:779:1 Unused CSS selector ".signal-main__footer"
https://svelte.dev/e/css_unused_selector
777:   .signal-main__wave { height: 320px; margin: 40px 0; overflow: hidden; border-radius: 20px; border: 1px solid rgba(15,23,42,0.05); }
778:   
779:   .signal-main__footer { display: flex; justify-content: space-between; border-top: 1px solid #e2e8f0; padding-top: 24px; color: #64748b; font-family: var(--font-mono); font-size: 10px; letter-spacing: 0.15em; }
                           ^
780:   
781:   .signal-stack { padding: 20px 40px; }
7:10:52 pm [vite-plugin-svelte] src/routes/+page.svelte:781:1 Unused CSS selector ".signal-stack"
https://svelte.dev/e/css_unused_selector
779:   .signal-main__footer { display: flex; justify-content: space-between; border-top: 1px solid #e2e8f0; padding-top: 24px; color: #64748b; font-family: var(--font-mono); font-size: 10px; letter-spacing: 0.15em; }
780:   
781:   .signal-stack { padding: 20px 40px; }
                    ^
782:   .signal-list-item { display: grid; grid-template-columns: 40px 1fr auto; align-items: center; gap: 20px; padding: 24px 0; border-bottom: 1px solid #e2e8f0; }
783:   .signal-list-item:last-child { border-bottom: none; }
7:10:52 pm [vite-plugin-svelte] src/routes/+page.svelte:782:1 Unused CSS selector ".signal-list-item"
https://svelte.dev/e/css_unused_selector
780:   
781:   .signal-stack { padding: 20px 40px; }
782:   .signal-list-item { display: grid; grid-template-columns: 40px 1fr auto; align-items: center; gap: 20px; padding: 24px 0; border-bottom: 1px solid #e2e8f0; }
                        ^
783:   .signal-list-item:last-child { border-bottom: none; }
784:   .signal-list-item__number { color: #94a3b8; font-family: var(--font-mono); font-size: 12px; }
7:10:52 pm [vite-plugin-svelte] src/routes/+page.svelte:783:1 Unused CSS selector ".signal-list-item:last-child"
https://svelte.dev/e/css_unused_selector
781:   .signal-stack { padding: 20px 40px; }
782:   .signal-list-item { display: grid; grid-template-columns: 40px 1fr auto; align-items: center; gap: 20px; padding: 24px 0; border-bottom: 1px solid #e2e8f0; }
783:   .signal-list-item:last-child { border-bottom: none; }
                                   ^
784:   .signal-list-item__number { color: #94a3b8; font-family: var(--font-mono); font-size: 12px; }
785:   .signal-list-item__copy strong { display: block; font-size: 18px; font-weight: 600; margin-bottom: 4px; }
7:10:52 pm [vite-plugin-svelte] src/routes/+page.svelte:784:1 Unused CSS selector ".signal-list-item__number"
https://svelte.dev/e/css_unused_selector
782:   .signal-list-item { display: grid; grid-template-columns: 40px 1fr auto; align-items: center; gap: 20px; padding: 24px 0; border-bottom: 1px solid #e2e8f0; }
783:   .signal-list-item:last-child { border-bottom: none; }
784:   .signal-list-item__number { color: #94a3b8; font-family: var(--font-mono); font-size: 12px; }
                                ^
785:   .signal-list-item__copy strong { display: block; font-size: 18px; font-weight: 600; margin-bottom: 4px; }
786:   .signal-list-item__copy span { display: block; color: #64748b; font-size: 14px; }
7:10:52 pm [vite-plugin-svelte] src/routes/+page.svelte:785:1 Unused CSS selector ".signal-list-item__copy strong"
https://svelte.dev/e/css_unused_selector
783:   .signal-list-item:last-child { border-bottom: none; }
784:   .signal-list-item__number { color: #94a3b8; font-family: var(--font-mono); font-size: 12px; }
785:   .signal-list-item__copy strong { display: block; font-size: 18px; font-weight: 600; margin-bottom: 4px; }
                                     ^
786:   .signal-list-item__copy span { display: block; color: #64748b; font-size: 14px; }
787:   .signal-list-item code { background: #f1f5f9; padding: 6px 10px; border-radius: 6px; color: #64748b; font-family: var(--font-mono); font-size: 10px; }
7:10:52 pm [vite-plugin-svelte] src/routes/+page.svelte:786:1 Unused CSS selector ".signal-list-item__copy span"
https://svelte.dev/e/css_unused_selector
784:   .signal-list-item__number { color: #94a3b8; font-family: var(--font-mono); font-size: 12px; }
785:   .signal-list-item__copy strong { display: block; font-size: 18px; font-weight: 600; margin-bottom: 4px; }
786:   .signal-list-item__copy span { display: block; color: #64748b; font-size: 14px; }
                                   ^
787:   .signal-list-item code { background: #f1f5f9; padding: 6px 10px; border-radius: 6px; color: #64748b; font-family: var(--font-mono); font-size: 10px; }
788: 
7:10:52 pm [vite-plugin-svelte] src/routes/+page.svelte:787:1 Unused CSS selector ".signal-list-item code"
https://svelte.dev/e/css_unused_selector
785:   .signal-list-item__copy strong { display: block; font-size: 18px; font-weight: 600; margin-bottom: 4px; }
786:   .signal-list-item__copy span { display: block; color: #64748b; font-size: 14px; }
787:   .signal-list-item code { background: #f1f5f9; padding: 6px 10px; border-radius: 6px; color: #64748b; font-family: var(--font-mono); font-size: 10px; }
                             ^
788: 
789:   /* =========================================================
7:10:52 pm [vite-plugin-svelte] src/routes/+page.svelte:850:1 Unused CSS selector ".system__architecture"
https://svelte.dev/e/css_unused_selector
848:   .system__matrix-wrap { margin-top: 76px; }
849:   
850:   .system__architecture { display: grid; grid-template-columns: repeat(9, 1fr); align-items: center; width: 100%; margin-top: 100px; }
                            ^
851:   .system-layer { display: flex; flex-direction: column; justify-content: center; gap: 12px; height: 200px; padding: 24px; text-align: center; }
852:   .system-layer > span { color: var(--accent); font-family: var(--font-mono); font-size: 10px; }
7:10:52 pm [vite-plugin-svelte] src/routes/+page.svelte:851:1 Unused CSS selector ".system-layer"
https://svelte.dev/e/css_unused_selector
849:   
850:   .system__architecture { display: grid; grid-template-columns: repeat(9, 1fr); align-items: center; width: 100%; margin-top: 100px; }
851:   .system-layer { display: flex; flex-direction: column; justify-content: center; gap: 12px; height: 200px; padding: 24px; text-align: center; }
                    ^
852:   .system-layer > span { color: var(--accent); font-family: var(--font-mono); font-size: 10px; }
853:   .system-layer strong { font-size: 14px; font-weight: 600; }
7:10:52 pm [vite-plugin-svelte] src/routes/+page.svelte:852:1 Unused CSS selector ".system-layer > span"
https://svelte.dev/e/css_unused_selector
850:   .system__architecture { display: grid; grid-template-columns: repeat(9, 1fr); align-items: center; width: 100%; margin-top: 100px; }
851:   .system-layer { display: flex; flex-direction: column; justify-content: center; gap: 12px; height: 200px; padding: 24px; text-align: center; }
852:   .system-layer > span { color: var(--accent); font-family: var(--font-mono); font-size: 10px; }
                           ^
853:   .system-layer strong { font-size: 14px; font-weight: 600; }
854:   .system-layer small { color: var(--text-muted); font-family: var(--font-mono); font-size: 8px; line-height: 1.6; letter-spacing: 0.1em; }
7:10:52 pm [vite-plugin-svelte] src/routes/+page.svelte:853:1 Unused CSS selector ".system-layer strong"
https://svelte.dev/e/css_unused_selector
851:   .system-layer { display: flex; flex-direction: column; justify-content: center; gap: 12px; height: 200px; padding: 24px; text-align: center; }
852:   .system-layer > span { color: var(--accent); font-family: var(--font-mono); font-size: 10px; }
853:   .system-layer strong { font-size: 14px; font-weight: 600; }
                           ^
854:   .system-layer small { color: var(--text-muted); font-family: var(--font-mono); font-size: 8px; line-height: 1.6; letter-spacing: 0.1em; }
855:   .system-layer--accent { border-color: rgba(43,184,176,0.4); background: rgba(43,184,176,0.08); }
7:10:52 pm [vite-plugin-svelte] src/routes/+page.svelte:854:1 Unused CSS selector ".system-layer small"
https://svelte.dev/e/css_unused_selector
852:   .system-layer > span { color: var(--accent); font-family: var(--font-mono); font-size: 10px; }
853:   .system-layer strong { font-size: 14px; font-weight: 600; }
854:   .system-layer small { color: var(--text-muted); font-family: var(--font-mono); font-size: 8px; line-height: 1.6; letter-spacing: 0.1em; }
                          ^
855:   .system-layer--accent { border-color: rgba(43,184,176,0.4); background: rgba(43,184,176,0.08); }
856:   .system-layer--terminal { background: rgba(14,165,233,0.08); border-color: rgba(14,165,233,0.3); }
7:10:52 pm [vite-plugin-svelte] src/routes/+page.svelte:855:1 Unused CSS selector ".system-layer--accent"
https://svelte.dev/e/css_unused_selector
853:   .system-layer strong { font-size: 14px; font-weight: 600; }
854:   .system-layer small { color: var(--text-muted); font-family: var(--font-mono); font-size: 8px; line-height: 1.6; letter-spacing: 0.1em; }
855:   .system-layer--accent { border-color: rgba(43,184,176,0.4); background: rgba(43,184,176,0.08); }
                            ^
856:   .system-layer--terminal { background: rgba(14,165,233,0.08); border-color: rgba(14,165,233,0.3); }
857:   .system-connector { height: 1px; background: linear-gradient(90deg, rgba(255,255,255,0.1), rgba(43,184,176,0.5)); }
7:10:52 pm [vite-plugin-svelte] src/routes/+page.svelte:856:1 Unused CSS selector ".system-layer--terminal"
https://svelte.dev/e/css_unused_selector
854:   .system-layer small { color: var(--text-muted); font-family: var(--font-mono); font-size: 8px; line-height: 1.6; letter-spacing: 0.1em; }
855:   .system-layer--accent { border-color: rgba(43,184,176,0.4); background: rgba(43,184,176,0.08); }
856:   .system-layer--terminal { background: rgba(14,165,233,0.08); border-color: rgba(14,165,233,0.3); }
                              ^
857:   .system-connector { height: 1px; background: linear-gradient(90deg, rgba(255,255,255,0.1), rgba(43,184,176,0.5)); }
858: 
7:10:52 pm [vite-plugin-svelte] src/routes/+page.svelte:857:1 Unused CSS selector ".system-connector"
https://svelte.dev/e/css_unused_selector
855:   .system-layer--accent { border-color: rgba(43,184,176,0.4); background: rgba(43,184,176,0.08); }
856:   .system-layer--terminal { background: rgba(14,165,233,0.08); border-color: rgba(14,165,233,0.3); }
857:   .system-connector { height: 1px; background: linear-gradient(90deg, rgba(255,255,255,0.1), rgba(43,184,176,0.5)); }
                        ^
858: 
859:   .system__globe { position: relative; display: grid; grid-template-columns: 0.8fr 1.2fr; align-items: center; min-height: 650px; margin-top: 80px; padding: 60px; overflow: hidden; }
7:10:52 pm [vite-plugin-svelte] src/routes/+page.svelte:859:1 Unused CSS selector ".system__globe"
https://svelte.dev/e/css_unused_selector
857:   .system-connector { height: 1px; background: linear-gradient(90deg, rgba(255,255,255,0.1), rgba(43,184,176,0.5)); }
858: 
859:   .system__globe { position: relative; display: grid; grid-template-columns: 0.8fr 1.2fr; align-items: center; min-height: 650px; margin-top: 80px; padding: 60px; overflow: hidden; }
                     ^
860:   .system__globe-copy { position: relative; z-index: 5; }
861:   .system__globe-copy span { color: var(--accent); font-family: var(--font-mono); font-size: 10px; letter-spacing: 0.2em; }
7:10:52 pm [vite-plugin-svelte] src/routes/+page.svelte:860:1 Unused CSS selector ".system__globe-copy"
https://svelte.dev/e/css_unused_selector
858: 
859:   .system__globe { position: relative; display: grid; grid-template-columns: 0.8fr 1.2fr; align-items: center; min-height: 650px; margin-top: 80px; padding: 60px; overflow: hidden; }
860:   .system__globe-copy { position: relative; z-index: 5; }
                          ^
861:   .system__globe-copy span { color: var(--accent); font-family: var(--font-mono); font-size: 10px; letter-spacing: 0.2em; }
862:   .system__globe-copy h3 { margin: 20px 0 0; font-size: clamp(40px, 5vw, 70px); font-weight: 500; line-height: 1; }
7:10:52 pm [vite-plugin-svelte] src/routes/+page.svelte:861:1 Unused CSS selector ".system__globe-copy span"
https://svelte.dev/e/css_unused_selector
859:   .system__globe { position: relative; display: grid; grid-template-columns: 0.8fr 1.2fr; align-items: center; min-height: 650px; margin-top: 80px; padding: 60px; overflow: hidden; }
860:   .system__globe-copy { position: relative; z-index: 5; }
861:   .system__globe-copy span { color: var(--accent); font-family: var(--font-mono); font-size: 10px; letter-spacing: 0.2em; }
                               ^
862:   .system__globe-copy h3 { margin: 20px 0 0; font-size: clamp(40px, 5vw, 70px); font-weight: 500; line-height: 1; }
863:   .globe { position: absolute !important; right: -5%; top: 50%; transform: translateY(-50%); width: min(100%, 750px); height: min(100%, 750px); }
7:10:52 pm [vite-plugin-svelte] src/routes/+page.svelte:862:1 Unused CSS selector ".system__globe-copy h3"
https://svelte.dev/e/css_unused_selector
860:   .system__globe-copy { position: relative; z-index: 5; }
861:   .system__globe-copy span { color: var(--accent); font-family: var(--font-mono); font-size: 10px; letter-spacing: 0.2em; }
862:   .system__globe-copy h3 { margin: 20px 0 0; font-size: clamp(40px, 5vw, 70px); font-weight: 500; line-height: 1; }
                             ^
863:   .globe { position: absolute !important; right: -5%; top: 50%; transform: translateY(-50%); width: min(100%, 750px); height: min(100%, 750px); }
864: 
7:10:52 pm [vite-plugin-svelte] src/routes/+page.svelte:863:1 Unused CSS selector ".globe"
https://svelte.dev/e/css_unused_selector
861:   .system__globe-copy span { color: var(--accent); font-family: var(--font-mono); font-size: 10px; letter-spacing: 0.2em; }
862:   .system__globe-copy h3 { margin: 20px 0 0; font-size: clamp(40px, 5vw, 70px); font-weight: 500; line-height: 1; }
863:   .globe { position: absolute !important; right: -5%; top: 50%; transform: translateY(-50%); width: min(100%, 750px); height: min(100%, 750px); }
             ^
864: 
865:   /* =========================================================
7:10:52 pm [vite-plugin-svelte] src/routes/+page.svelte:872:1 Unused CSS selector ".product__preview"
https://svelte.dev/e/css_unused_selector
870:   .product__heading h2 span { color: #94a3b8; display: block; }
871:   
872:   .product__preview { margin-top: 80px; background: #ffffff; border: 1px solid #e2e8f0; border-radius: 24px; box-shadow: 0 40px 100px rgba(15,23,42,0.08); overflow: hidden; }
                        ^
873:   .product__chrome { display: grid; grid-template-columns: 1fr auto 1fr; align-items: center; height: 50px; padding: 0 24px; border-bottom: 1px solid #e2e8f0; background: #f8fafc; color: #64748b; font-family: var(--font-mono); font-size: 10px; letter-spacing: 0.15em; }
874:   .product__chrome > span:last-child { justify-self: end; }
7:10:52 pm [vite-plugin-svelte] src/routes/+page.svelte:873:1 Unused CSS selector ".product__chrome"
https://svelte.dev/e/css_unused_selector
871:   
872:   .product__preview { margin-top: 80px; background: #ffffff; border: 1px solid #e2e8f0; border-radius: 24px; box-shadow: 0 40px 100px rgba(15,23,42,0.08); overflow: hidden; }
873:   .product__chrome { display: grid; grid-template-columns: 1fr auto 1fr; align-items: center; height: 50px; padding: 0 24px; border-bottom: 1px solid #e2e8f0; background: #f8fafc; color: #64748b; font-family: var(--font-mono); font-size: 10px; letter-spacing: 0.15em; }
                       ^
874:   .product__chrome > span:last-child { justify-self: end; }
875:   .chrome-dots { display: flex; gap: 8px; }
7:10:52 pm [vite-plugin-svelte] src/routes/+page.svelte:874:1 Unused CSS selector ".product__chrome > span:last-child"
https://svelte.dev/e/css_unused_selector
872:   .product__preview { margin-top: 80px; background: #ffffff; border: 1px solid #e2e8f0; border-radius: 24px; box-shadow: 0 40px 100px rgba(15,23,42,0.08); overflow: hidden; }
873:   .product__chrome { display: grid; grid-template-columns: 1fr auto 1fr; align-items: center; height: 50px; padding: 0 24px; border-bottom: 1px solid #e2e8f0; background: #f8fafc; color: #64748b; font-family: var(--font-mono); font-size: 10px; letter-spacing: 0.15em; }
874:   .product__chrome > span:last-child { justify-self: end; }
                                         ^
875:   .chrome-dots { display: flex; gap: 8px; }
876:   .chrome-dots span { width: 10px; height: 10px; border-radius: 50%; background: #cbd5e1; }
7:10:52 pm [vite-plugin-svelte] src/routes/+page.svelte:875:1 Unused CSS selector ".chrome-dots"
https://svelte.dev/e/css_unused_selector
873:   .product__chrome { display: grid; grid-template-columns: 1fr auto 1fr; align-items: center; height: 50px; padding: 0 24px; border-bottom: 1px solid #e2e8f0; background: #f8fafc; color: #64748b; font-family: var(--font-mono); font-size: 10px; letter-spacing: 0.15em; }
874:   .product__chrome > span:last-child { justify-self: end; }
875:   .chrome-dots { display: flex; gap: 8px; }
                   ^
876:   .chrome-dots span { width: 10px; height: 10px; border-radius: 50%; background: #cbd5e1; }
877:   .chrome-dots span:nth-child(1) { background: #fca5a5; }
7:10:52 pm [vite-plugin-svelte] src/routes/+page.svelte:876:1 Unused CSS selector ".chrome-dots span"
https://svelte.dev/e/css_unused_selector
874:   .product__chrome > span:last-child { justify-self: end; }
875:   .chrome-dots { display: flex; gap: 8px; }
876:   .chrome-dots span { width: 10px; height: 10px; border-radius: 50%; background: #cbd5e1; }
                        ^
877:   .chrome-dots span:nth-child(1) { background: #fca5a5; }
878:   .chrome-dots span:nth-child(2) { background: #fcd34d; }
7:10:52 pm [vite-plugin-svelte] src/routes/+page.svelte:877:1 Unused CSS selector ".chrome-dots span:nth-child(1)"
https://svelte.dev/e/css_unused_selector
875:   .chrome-dots { display: flex; gap: 8px; }
876:   .chrome-dots span { width: 10px; height: 10px; border-radius: 50%; background: #cbd5e1; }
877:   .chrome-dots span:nth-child(1) { background: #fca5a5; }
                                     ^
878:   .chrome-dots span:nth-child(2) { background: #fcd34d; }
879:   .chrome-dots span:nth-child(3) { background: #86efac; }
7:10:52 pm [vite-plugin-svelte] src/routes/+page.svelte:878:1 Unused CSS selector ".chrome-dots span:nth-child(2)"
https://svelte.dev/e/css_unused_selector
876:   .chrome-dots span { width: 10px; height: 10px; border-radius: 50%; background: #cbd5e1; }
877:   .chrome-dots span:nth-child(1) { background: #fca5a5; }
878:   .chrome-dots span:nth-child(2) { background: #fcd34d; }
                                     ^
879:   .chrome-dots span:nth-child(3) { background: #86efac; }
880:   
7:10:52 pm [vite-plugin-svelte] src/routes/+page.svelte:879:1 Unused CSS selector ".chrome-dots span:nth-child(3)"
https://svelte.dev/e/css_unused_selector
877:   .chrome-dots span:nth-child(1) { background: #fca5a5; }
878:   .chrome-dots span:nth-child(2) { background: #fcd34d; }
879:   .chrome-dots span:nth-child(3) { background: #86efac; }
                                     ^
880:   
881:   .live-indicator { display: flex; align-items: center; gap: 8px; font-weight: 600; color: #0f766e; }
7:10:52 pm [vite-plugin-svelte] src/routes/+page.svelte:881:1 Unused CSS selector ".live-indicator"
https://svelte.dev/e/css_unused_selector
879:   .chrome-dots span:nth-child(3) { background: #86efac; }
880:   
881:   .live-indicator { display: flex; align-items: center; gap: 8px; font-weight: 600; color: #0f766e; }
                      ^
882:   
883:   .product__screen { padding: clamp(40px, 6vw, 80px); background: #ffffff; }
7:10:52 pm [vite-plugin-svelte] src/routes/+page.svelte:883:1 Unused CSS selector ".product__screen"
https://svelte.dev/e/css_unused_selector
881:   .live-indicator { display: flex; align-items: center; gap: 8px; font-weight: 600; color: #0f766e; }
882:   
883:   .product__screen { padding: clamp(40px, 6vw, 80px); background: #ffffff; }
                       ^
884:   .monitor-copy span { color: #0d9488; font-family: var(--font-mono); font-size: 10px; letter-spacing: 0.15em; font-weight: 600; }
885:   .monitor-copy h3 { max-width: 800px; margin: 16px 0; font-size: clamp(40px, 5vw, 64px); font-weight: 500; line-height: 1; letter-spacing: -0.04em; }
7:10:52 pm [vite-plugin-svelte] src/routes/+page.svelte:884:1 Unused CSS selector ".monitor-copy span"
https://svelte.dev/e/css_unused_selector
882:   
883:   .product__screen { padding: clamp(40px, 6vw, 80px); background: #ffffff; }
884:   .monitor-copy span { color: #0d9488; font-family: var(--font-mono); font-size: 10px; letter-spacing: 0.15em; font-weight: 600; }
                         ^
885:   .monitor-copy h3 { max-width: 800px; margin: 16px 0; font-size: clamp(40px, 5vw, 64px); font-weight: 500; line-height: 1; letter-spacing: -0.04em; }
886:   .monitor-copy p { max-width: 500px; margin: 0; color: #64748b; font-size: 18px; line-height: 1.6; }
7:10:52 pm [vite-plugin-svelte] src/routes/+page.svelte:885:1 Unused CSS selector ".monitor-copy h3"
https://svelte.dev/e/css_unused_selector
883:   .product__screen { padding: clamp(40px, 6vw, 80px); background: #ffffff; }
884:   .monitor-copy span { color: #0d9488; font-family: var(--font-mono); font-size: 10px; letter-spacing: 0.15em; font-weight: 600; }
885:   .monitor-copy h3 { max-width: 800px; margin: 16px 0; font-size: clamp(40px, 5vw, 64px); font-weight: 500; line-height: 1; letter-spacing: -0.04em; }
                       ^
886:   .monitor-copy p { max-width: 500px; margin: 0; color: #64748b; font-size: 18px; line-height: 1.6; }
887:   
7:10:52 pm [vite-plugin-svelte] src/routes/+page.svelte:886:1 Unused CSS selector ".monitor-copy p"
https://svelte.dev/e/css_unused_selector
884:   .monitor-copy span { color: #0d9488; font-family: var(--font-mono); font-size: 10px; letter-spacing: 0.15em; font-weight: 600; }
885:   .monitor-copy h3 { max-width: 800px; margin: 16px 0; font-size: clamp(40px, 5vw, 64px); font-weight: 500; line-height: 1; letter-spacing: -0.04em; }
886:   .monitor-copy p { max-width: 500px; margin: 0; color: #64748b; font-size: 18px; line-height: 1.6; }
                      ^
887:   
888:   .monitor-vitals { display: grid; grid-template-columns: repeat(2, minmax(0,1fr)); gap: 24px; max-width: 700px; margin-top: 60px; }
7:10:52 pm [vite-plugin-svelte] src/routes/+page.svelte:888:1 Unused CSS selector ".monitor-vitals"
https://svelte.dev/e/css_unused_selector
886:   .monitor-copy p { max-width: 500px; margin: 0; color: #64748b; font-size: 18px; line-height: 1.6; }
887:   
888:   .monitor-vitals { display: grid; grid-template-columns: repeat(2, minmax(0,1fr)); gap: 24px; max-width: 700px; margin-top: 60px; }
                      ^
889:   .vital-card { padding: 40px; }
890:   .vital-card span { display: block; color: #64748b; font-family: var(--font-mono); font-size: 10px; letter-spacing: 0.15em; }
7:10:52 pm [vite-plugin-svelte] src/routes/+page.svelte:889:1 Unused CSS selector ".vital-card"
https://svelte.dev/e/css_unused_selector
887:   
888:   .monitor-vitals { display: grid; grid-template-columns: repeat(2, minmax(0,1fr)); gap: 24px; max-width: 700px; margin-top: 60px; }
889:   .vital-card { padding: 40px; }
                  ^
890:   .vital-card span { display: block; color: #64748b; font-family: var(--font-mono); font-size: 10px; letter-spacing: 0.15em; }
891:   .ticker-value { display: flex !important; align-items: baseline; gap: 8px; margin-top: 16px; }
7:10:52 pm [vite-plugin-svelte] src/routes/+page.svelte:890:1 Unused CSS selector ".vital-card span"
https://svelte.dev/e/css_unused_selector
888:   .monitor-vitals { display: grid; grid-template-columns: repeat(2, minmax(0,1fr)); gap: 24px; max-width: 700px; margin-top: 60px; }
889:   .vital-card { padding: 40px; }
890:   .vital-card span { display: block; color: #64748b; font-family: var(--font-mono); font-size: 10px; letter-spacing: 0.15em; }
                       ^
891:   .ticker-value { display: flex !important; align-items: baseline; gap: 8px; margin-top: 16px; }
892:   .ticker-value :global(span) { color: #0f172a; font-family: var(--font-sans); font-size: clamp(60px, 6vw, 90px); font-weight: 500; line-height: 1; letter-spacing: -0.05em; }
7:10:52 pm [vite-plugin-svelte] src/routes/+page.svelte:891:1 Unused CSS selector ".ticker-value"
https://svelte.dev/e/css_unused_selector
889:   .vital-card { padding: 40px; }
890:   .vital-card span { display: block; color: #64748b; font-family: var(--font-mono); font-size: 10px; letter-spacing: 0.15em; }
891:   .ticker-value { display: flex !important; align-items: baseline; gap: 8px; margin-top: 16px; }
                    ^
892:   .ticker-value :global(span) { color: #0f172a; font-family: var(--font-sans); font-size: clamp(60px, 6vw, 90px); font-weight: 500; line-height: 1; letter-spacing: -0.05em; }
893:   .ticker-value small { color: #94a3b8; font-family: var(--font-sans); font-size: 18px; font-weight: 400; }
7:10:52 pm [vite-plugin-svelte] src/routes/+page.svelte:892:1 Unused CSS selector ".ticker-value :global(span)"
https://svelte.dev/e/css_unused_selector
890:   .vital-card span { display: block; color: #64748b; font-family: var(--font-mono); font-size: 10px; letter-spacing: 0.15em; }
891:   .ticker-value { display: flex !important; align-items: baseline; gap: 8px; margin-top: 16px; }
892:   .ticker-value :global(span) { color: #0f172a; font-family: var(--font-sans); font-size: clamp(60px, 6vw, 90px); font-weight: 500; line-height: 1; letter-spacing: -0.05em; }
                                  ^
893:   .ticker-value small { color: #94a3b8; font-family: var(--font-sans); font-size: 18px; font-weight: 400; }
894:   
7:10:52 pm [vite-plugin-svelte] src/routes/+page.svelte:893:1 Unused CSS selector ".ticker-value small"
https://svelte.dev/e/css_unused_selector
891:   .ticker-value { display: flex !important; align-items: baseline; gap: 8px; margin-top: 16px; }
892:   .ticker-value :global(span) { color: #0f172a; font-family: var(--font-sans); font-size: clamp(60px, 6vw, 90px); font-weight: 500; line-height: 1; letter-spacing: -0.05em; }
893:   .ticker-value small { color: #94a3b8; font-family: var(--font-sans); font-size: 18px; font-weight: 400; }
                          ^
894:   
895:   .monitor-wave { height: 220px; margin-top: 60px; padding: 20px; overflow: hidden; border-radius: 12px; border: 1px solid rgba(15,23,42,0.05); }
7:10:52 pm [vite-plugin-svelte] src/routes/+page.svelte:895:1 Unused CSS selector ".monitor-wave"
https://svelte.dev/e/css_unused_selector
893:   .ticker-value small { color: #94a3b8; font-family: var(--font-sans); font-size: 18px; font-weight: 400; }
894:   
895:   .monitor-wave { height: 220px; margin-top: 60px; padding: 20px; overflow: hidden; border-radius: 12px; border: 1px solid rgba(15,23,42,0.05); }
                    ^
896:   .product__cta { display: flex; justify-content: flex-end; margin-top: 40px; }
897: 
7:10:52 pm [vite-plugin-svelte] src/routes/+page.svelte:896:1 Unused CSS selector ".product__cta"
https://svelte.dev/e/css_unused_selector
894:   
895:   .monitor-wave { height: 220px; margin-top: 60px; padding: 20px; overflow: hidden; border-radius: 12px; border: 1px solid rgba(15,23,42,0.05); }
896:   .product__cta { display: flex; justify-content: flex-end; margin-top: 40px; }
                    ^
897: 
898:   /* =========================================================
7:10:52 pm [vite-plugin-svelte] src/routes/+page.svelte:937:2 Unused CSS selector ".signals__grid"
https://svelte.dev/e/css_unused_selector
935:     .signals__heading { margin-bottom: 76px; }
936:     
937:     .signals__grid { grid-template-columns: 1fr; }
                       ^
938:     .system__architecture { grid-template-columns: 1fr; gap: 20px; }
939:     .system-connector { width: 2px; height: 30px; margin: 0 auto; background: linear-gradient(to bottom, rgba(255,255,255,0.1), rgba(43,184,176,0.5)); }
7:10:52 pm [vite-plugin-svelte] src/routes/+page.svelte:938:2 Unused CSS selector ".system__architecture"
https://svelte.dev/e/css_unused_selector
936:     
937:     .signals__grid { grid-template-columns: 1fr; }
938:     .system__architecture { grid-template-columns: 1fr; gap: 20px; }
                              ^
939:     .system-connector { width: 2px; height: 30px; margin: 0 auto; background: linear-gradient(to bottom, rgba(255,255,255,0.1), rgba(43,184,176,0.5)); }
940:     
7:10:52 pm [vite-plugin-svelte] src/routes/+page.svelte:939:2 Unused CSS selector ".system-connector"
https://svelte.dev/e/css_unused_selector
937:     .signals__grid { grid-template-columns: 1fr; }
938:     .system__architecture { grid-template-columns: 1fr; gap: 20px; }
939:     .system-connector { width: 2px; height: 30px; margin: 0 auto; background: linear-gradient(to bottom, rgba(255,255,255,0.1), rgba(43,184,176,0.5)); }
                          ^
940:     
941:     .system__globe { grid-template-columns: 1fr; text-align: center; padding: 40px; }
7:10:52 pm [vite-plugin-svelte] src/routes/+page.svelte:941:2 Unused CSS selector ".system__globe"
https://svelte.dev/e/css_unused_selector
939:     .system-connector { width: 2px; height: 30px; margin: 0 auto; background: linear-gradient(to bottom, rgba(255,255,255,0.1), rgba(43,184,176,0.5)); }
940:     
941:     .system__globe { grid-template-columns: 1fr; text-align: center; padding: 40px; }
                       ^
942:     .globe { position: relative !important; top: auto; right: auto; transform: none; margin: 40px auto 0; height: 400px; }
943:     
7:10:52 pm [vite-plugin-svelte] src/routes/+page.svelte:942:2 Unused CSS selector ".globe"
https://svelte.dev/e/css_unused_selector
940:     
941:     .system__globe { grid-template-columns: 1fr; text-align: center; padding: 40px; }
942:     .globe { position: relative !important; top: auto; right: auto; transform: none; margin: 40px auto 0; height: 400px; }
               ^
943:     
944:     .federation__path { grid-template-columns: 1fr; gap: 40px; text-align: center; }
7:10:52 pm [vite-plugin-svelte] src/routes/+page.svelte:967:2 Unused CSS selector ".signal-main"
https://svelte.dev/e/css_unused_selector
965:     .problem, .research, .signals, .federation, .product, .hardware, .edge, .system, .final { padding: 80px 0; }
966:     
967:     .signal-main { padding: 24px; }
                     ^
968:     .signal-main__header { flex-direction: column; gap: 16px; }
969:     .signal-main__footer { flex-direction: column; gap: 12px; }
7:10:52 pm [vite-plugin-svelte] src/routes/+page.svelte:968:2 Unused CSS selector ".signal-main__header"
https://svelte.dev/e/css_unused_selector
966:     
967:     .signal-main { padding: 24px; }
968:     .signal-main__header { flex-direction: column; gap: 16px; }
                             ^
969:     .signal-main__footer { flex-direction: column; gap: 12px; }
970:     .signal-stack { padding: 20px; }
7:10:52 pm [vite-plugin-svelte] src/routes/+page.svelte:969:2 Unused CSS selector ".signal-main__footer"
https://svelte.dev/e/css_unused_selector
967:     .signal-main { padding: 24px; }
968:     .signal-main__header { flex-direction: column; gap: 16px; }
969:     .signal-main__footer { flex-direction: column; gap: 12px; }
                             ^
970:     .signal-stack { padding: 20px; }
971:     
7:10:52 pm [vite-plugin-svelte] src/routes/+page.svelte:970:2 Unused CSS selector ".signal-stack"
https://svelte.dev/e/css_unused_selector
968:     .signal-main__header { flex-direction: column; gap: 16px; }
969:     .signal-main__footer { flex-direction: column; gap: 12px; }
970:     .signal-stack { padding: 20px; }
                      ^
971:     
972:     .edge__flow { grid-template-columns: 1fr; gap: 24px; }
7:10:52 pm [vite-plugin-svelte] src/routes/+page.svelte:978:2 Unused CSS selector ".product__screen"
https://svelte.dev/e/css_unused_selector
976:     .federation__rule-divider { width: 100%; height: 1px; }
977:     
978:     .product__screen { padding: 24px; }
                         ^
979:     .monitor-vitals { grid-template-columns: 1fr; }
980:     .monitor-wave { height: 160px; }
7:10:52 pm [vite-plugin-svelte] src/routes/+page.svelte:979:2 Unused CSS selector ".monitor-vitals"
https://svelte.dev/e/css_unused_selector
977:     
978:     .product__screen { padding: 24px; }
979:     .monitor-vitals { grid-template-columns: 1fr; }
                        ^
980:     .monitor-wave { height: 160px; }
981:     
7:10:52 pm [vite-plugin-svelte] src/routes/+page.svelte:980:2 Unused CSS selector ".monitor-wave"
https://svelte.dev/e/css_unused_selector
978:     .product__screen { padding: 24px; }
979:     .monitor-vitals { grid-template-columns: 1fr; }
980:     .monitor-wave { height: 160px; }
                      ^
981:     
982:     .footer { grid-template-columns: 1fr; text-align: left; align-items: flex-start; gap: 32px; padding: 40px 20px; }
7:10:52 pm [vite-plugin-svelte] src/routes/monitor/+page.svelte:6:5 `systemStatus` is updated, but is not declared with `$state(...)`. Changing its value will not correctly trigger updates
https://svelte.dev/e/non_reactive_update
4:   import { connectLive } from '$lib/services/websocket';
5: 
6:   let systemStatus = 'CHECKING';
                     ^
7:   let statusError = '';
8:   let liveStatus = 'CONNECTING';
7:10:52 pm [vite-plugin-svelte] src/routes/monitor/+page.svelte:7:5 `statusError` is updated, but is not declared with `$state(...)`. Changing its value will not correctly trigger updates
https://svelte.dev/e/non_reactive_update
 5: 
 6:   let systemStatus = 'CHECKING';
 7:   let statusError = '';
                     ^
 8:   let liveStatus = 'CONNECTING';
 9:   let liveData = $state<Record<string, number>>({ hr: 0, spo2: 0, ecg_sqi: 0, ppg_sqi: 0 });
7:10:52 pm [vite-plugin-svelte] src/routes/monitor/+page.svelte:8:5 `liveStatus` is updated, but is not declared with `$state(...)`. Changing its value will not correctly trigger updates
https://svelte.dev/e/non_reactive_update
 6:   let systemStatus = 'CHECKING';
 7:   let statusError = '';
 8:   let liveStatus = 'CONNECTING';
                    ^
 9:   let liveData = $state<Record<string, number>>({ hr: 0, spo2: 0, ecg_sqi: 0, ppg_sqi: 0 });
10: 
7:10:52 pm [vite-plugin-svelte] src/routes/monitor/+page.svelte:87:1493 Unused CSS selector ".wave"
https://svelte.dev/e/css_unused_selector
85:   .topbar-meta { color: #94a3b8; }.status-dot { display: inline-block; width: 7px; height: 7px; margin-right: 8px; border-radius: 50%; background: #2bb8b0; box-shadow: 0 0 14px #2bb8b0; }.status-dot.offline { background: #fb7185; box-shadow: 0 0 14px #fb7185; }
86:   .logout { border: 0; background: transparent; color: #94a3b8; font: 10px 'JetBrains Mono', monospace; letter-spacing: .12em; text-transform: uppercase; cursor: pointer; }.logout:hover { color: #2bb8b0; }
87:   .monitor-content { max-width: 1400px; margin: 0 auto; padding: clamp(32px, 6vw, 90px) clamp(20px, 5vw, 80px); }.technical-line { display: flex; justify-content: space-between; color: #64748b; }.heading-row { display: flex; justify-content: space-between; gap: 40px; margin: 70px 0 54px; }.eyebrow { color: #2bb8b0; }.heading-row h1 { max-width: 700px; margin: 18px 0; font: 500 clamp(48px, 8vw, 112px)/.9 'Space Grotesk', sans-serif; letter-spacing: 0; }.lede { max-width: 620px; color: #94a3b8; font-size: 17px; line-height: 1.7; }.identity-panel { align-self: end; min-width: 180px; padding: 20px; border-left: 1px solid #2bb8b0; background: rgba(15,23,42,.5); }.identity-panel span, .identity-panel small { display: block; color: #64748b; }.identity-panel strong { display: block; margin: 10px 0; font: 18px 'Space Grotesk', sans-serif; }.notice { margin-bottom: 24px; border: 1px solid rgba(251,113,133,.35); padding: 14px; color: #fecdd3; background: rgba(127,29,29,.18); font: 11px 'JetBrains Mono', monospace; }.signal-grid { display: grid; grid-template-columns: repeat(3, 1fr); gap: 1px; background: rgba(148,163,184,.2); }.signal-card { min-height: 240px; padding: clamp(22px, 3vw, 38px); background: #080e1d; }.signal-card--teal { background: linear-gradient(135deg, rgba(43,184,176,.14), #080e1d 60%); }.signal-card span, .signal-card small { display: block; color: #64748b; }.signal-card strong { display: block; margin: 32px 0 10px; font: 500 24px 'Space Grotesk', sans-serif; }.wave { height: 52px; margin-top: 24px; opacity: .8; background-size: 30px 100%; background-repeat: repeat-x; }.wave--ecg { background-image: linear-gradient(135deg, transparent 47%, #2bb8b0 48%, #2bb8b0 52%, transparent 53%), linear-gradient(35deg, transparent 46%, #2bb8b0 47%, #2bb8b0 53%, transparent 54%); }.wave--ppg { background-image: radial-gradient(ellipse at 50% 100%, transparent 40%, #0ea5e9 42%, #0ea5e9 48%, transparent 50%); }.metric { margin-top: 40px; color: #2bb8b0; font: 500 54px 'Space Grotesk', sans-serif; }.metric em { color: #64748b; font: 14px 'JetBrains Mono', monospace; font-style: normal; }.workbench { display: grid; grid-template-columns: repeat(5, 1fr); margin-top: 54px; border-top: 1px solid rgba(148,163,184,.2); border-bottom: 1px solid rgba(148,163,184,.2); }.workbench a { display: flex; justify-content: space-between; gap: 12px; padding: 20px 14px; color: #eef7f6; border-right: 1px solid rgba(148,163,184,.2); font-family: 'Space Grotesk', sans-serif; text-decoration: none; }.workbench a:hover { color: #2bb8b0; background: rgba(43,184,176,.06); }.workbench span { color: #64748b; }
                                                                                                                                                                                                                                                                                                                                                                                                                                                                                                                                                                                                                                                                                                                                                                                                                                                                                                                                                                                                                                                                                                                                                                                                                                                                                                                                                                                                                                                                                                                                                               ^
88:   @media (max-width: 800px) { .topbar-meta { display: none; }.heading-row { display: block; margin-top: 54px; }.identity-panel { margin-top: 32px; }.signal-grid, .workbench { grid-template-columns: 1fr; }.workbench a { border-right: 0; border-bottom: 1px solid rgba(148,163,184,.2); }.technical-line { gap: 12px; }.technical-line span:last-child { text-align: right; } }
89: </style>
7:10:52 pm [vite-plugin-svelte] src/routes/monitor/+page.svelte:87:1604 Unused CSS selector ".wave--ecg"
https://svelte.dev/e/css_unused_selector
85:   .topbar-meta { color: #94a3b8; }.status-dot { display: inline-block; width: 7px; height: 7px; margin-right: 8px; border-radius: 50%; background: #2bb8b0; box-shadow: 0 0 14px #2bb8b0; }.status-dot.offline { background: #fb7185; box-shadow: 0 0 14px #fb7185; }
86:   .logout { border: 0; background: transparent; color: #94a3b8; font: 10px 'JetBrains Mono', monospace; letter-spacing: .12em; text-transform: uppercase; cursor: pointer; }.logout:hover { color: #2bb8b0; }
87:   .monitor-content { max-width: 1400px; margin: 0 auto; padding: clamp(32px, 6vw, 90px) clamp(20px, 5vw, 80px); }.technical-line { display: flex; justify-content: space-between; color: #64748b; }.heading-row { display: flex; justify-content: space-between; gap: 40px; margin: 70px 0 54px; }.eyebrow { color: #2bb8b0; }.heading-row h1 { max-width: 700px; margin: 18px 0; font: 500 clamp(48px, 8vw, 112px)/.9 'Space Grotesk', sans-serif; letter-spacing: 0; }.lede { max-width: 620px; color: #94a3b8; font-size: 17px; line-height: 1.7; }.identity-panel { align-self: end; min-width: 180px; padding: 20px; border-left: 1px solid #2bb8b0; background: rgba(15,23,42,.5); }.identity-panel span, .identity-panel small { display: block; color: #64748b; }.identity-panel strong { display: block; margin: 10px 0; font: 18px 'Space Grotesk', sans-serif; }.notice { margin-bottom: 24px; border: 1px solid rgba(251,113,133,.35); padding: 14px; color: #fecdd3; background: rgba(127,29,29,.18); font: 11px 'JetBrains Mono', monospace; }.signal-grid { display: grid; grid-template-columns: repeat(3, 1fr); gap: 1px; background: rgba(148,163,184,.2); }.signal-card { min-height: 240px; padding: clamp(22px, 3vw, 38px); background: #080e1d; }.signal-card--teal { background: linear-gradient(135deg, rgba(43,184,176,.14), #080e1d 60%); }.signal-card span, .signal-card small { display: block; color: #64748b; }.signal-card strong { display: block; margin: 32px 0 10px; font: 500 24px 'Space Grotesk', sans-serif; }.wave { height: 52px; margin-top: 24px; opacity: .8; background-size: 30px 100%; background-repeat: repeat-x; }.wave--ecg { background-image: linear-gradient(135deg, transparent 47%, #2bb8b0 48%, #2bb8b0 52%, transparent 53%), linear-gradient(35deg, transparent 46%, #2bb8b0 47%, #2bb8b0 53%, transparent 54%); }.wave--ppg { background-image: radial-gradient(ellipse at 50% 100%, transparent 40%, #0ea5e9 42%, #0ea5e9 48%, transparent 50%); }.metric { margin-top: 40px; color: #2bb8b0; font: 500 54px 'Space Grotesk', sans-serif; }.metric em { color: #64748b; font: 14px 'JetBrains Mono', monospace; font-style: normal; }.workbench { display: grid; grid-template-columns: repeat(5, 1fr); margin-top: 54px; border-top: 1px solid rgba(148,163,184,.2); border-bottom: 1px solid rgba(148,163,184,.2); }.workbench a { display: flex; justify-content: space-between; gap: 12px; padding: 20px 14px; color: #eef7f6; border-right: 1px solid rgba(148,163,184,.2); font-family: 'Space Grotesk', sans-serif; text-decoration: none; }.workbench a:hover { color: #2bb8b0; background: rgba(43,184,176,.06); }.workbench span { color: #64748b; }
                                                                                                                                                                                                                                                                                                                                                                                                                                                                                                                                                                                                                                                                                                                                                                                                                                                                                                                                                                                                                                                                                                                                                                                                                                                                                                                                                                                                                                                                                                                                                                                                                                                                                   ^
88:   @media (max-width: 800px) { .topbar-meta { display: none; }.heading-row { display: block; margin-top: 54px; }.identity-panel { margin-top: 32px; }.signal-grid, .workbench { grid-template-columns: 1fr; }.workbench a { border-right: 0; border-bottom: 1px solid rgba(148,163,184,.2); }.technical-line { gap: 12px; }.technical-line span:last-child { text-align: right; } }
89: </style>
7:10:52 pm [vite-plugin-svelte] src/routes/monitor/+page.svelte:87:1805 Unused CSS selector ".wave--ppg"
https://svelte.dev/e/css_unused_selector
85:   .topbar-meta { color: #94a3b8; }.status-dot { display: inline-block; width: 7px; height: 7px; margin-right: 8px; border-radius: 50%; background: #2bb8b0; box-shadow: 0 0 14px #2bb8b0; }.status-dot.offline { background: #fb7185; box-shadow: 0 0 14px #fb7185; }
86:   .logout { border: 0; background: transparent; color: #94a3b8; font: 10px 'JetBrains Mono', monospace; letter-spacing: .12em; text-transform: uppercase; cursor: pointer; }.logout:hover { color: #2bb8b0; }
87:   .monitor-content { max-width: 1400px; margin: 0 auto; padding: clamp(32px, 6vw, 90px) clamp(20px, 5vw, 80px); }.technical-line { display: flex; justify-content: space-between; color: #64748b; }.heading-row { display: flex; justify-content: space-between; gap: 40px; margin: 70px 0 54px; }.eyebrow { color: #2bb8b0; }.heading-row h1 { max-width: 700px; margin: 18px 0; font: 500 clamp(48px, 8vw, 112px)/.9 'Space Grotesk', sans-serif; letter-spacing: 0; }.lede { max-width: 620px; color: #94a3b8; font-size: 17px; line-height: 1.7; }.identity-panel { align-self: end; min-width: 180px; padding: 20px; border-left: 1px solid #2bb8b0; background: rgba(15,23,42,.5); }.identity-panel span, .identity-panel small { display: block; color: #64748b; }.identity-panel strong { display: block; margin: 10px 0; font: 18px 'Space Grotesk', sans-serif; }.notice { margin-bottom: 24px; border: 1px solid rgba(251,113,133,.35); padding: 14px; color: #fecdd3; background: rgba(127,29,29,.18); font: 11px 'JetBrains Mono', monospace; }.signal-grid { display: grid; grid-template-columns: repeat(3, 1fr); gap: 1px; background: rgba(148,163,184,.2); }.signal-card { min-height: 240px; padding: clamp(22px, 3vw, 38px); background: #080e1d; }.signal-card--teal { background: linear-gradient(135deg, rgba(43,184,176,.14), #080e1d 60%); }.signal-card span, .signal-card small { display: block; color: #64748b; }.signal-card strong { display: block; margin: 32px 0 10px; font: 500 24px 'Space Grotesk', sans-serif; }.wave { height: 52px; margin-top: 24px; opacity: .8; background-size: 30px 100%; background-repeat: repeat-x; }.wave--ecg { background-image: linear-gradient(135deg, transparent 47%, #2bb8b0 48%, #2bb8b0 52%, transparent 53%), linear-gradient(35deg, transparent 46%, #2bb8b0 47%, #2bb8b0 53%, transparent 54%); }.wave--ppg { background-image: radial-gradient(ellipse at 50% 100%, transparent 40%, #0ea5e9 42%, #0ea5e9 48%, transparent 50%); }.metric { margin-top: 40px; color: #2bb8b0; font: 500 54px 'Space Grotesk', sans-serif; }.metric em { color: #64748b; font: 14px 'JetBrains Mono', monospace; font-style: normal; }.workbench { display: grid; grid-template-columns: repeat(5, 1fr); margin-top: 54px; border-top: 1px solid rgba(148,163,184,.2); border-bottom: 1px solid rgba(148,163,184,.2); }.workbench a { display: flex; justify-content: space-between; gap: 12px; padding: 20px 14px; color: #eef7f6; border-right: 1px solid rgba(148,163,184,.2); font-family: 'Space Grotesk', sans-serif; text-decoration: none; }.workbench a:hover { color: #2bb8b0; background: rgba(43,184,176,.06); }.workbench span { color: #64748b; }
                                                                                                                                                                                                                                                                                                                                                                                                                                                                                                                                                                                                                                                                                                                                                                                                                                                                                                                                                                                                                                                                                                                                                                                                                                                                                                                                                                                                                                                                                                                                                                                                                                                                                                                                                                                                                                                                                            ^
88:   @media (max-width: 800px) { .topbar-meta { display: none; }.heading-row { display: block; margin-top: 54px; }.identity-panel { margin-top: 32px; }.signal-grid, .workbench { grid-template-columns: 1fr; }.workbench a { border-right: 0; border-bottom: 1px solid rgba(148,163,184,.2); }.technical-line { gap: 12px; }.technical-line span:last-child { text-align: right; } }
89: </style>
7:10:52 pm [vite-plugin-svelte] src/routes/monitor/+page.svelte:87:2024 Unused CSS selector ".metric em"
https://svelte.dev/e/css_unused_selector
85:   .topbar-meta { color: #94a3b8; }.status-dot { display: inline-block; width: 7px; height: 7px; margin-right: 8px; border-radius: 50%; background: #2bb8b0; box-shadow: 0 0 14px #2bb8b0; }.status-dot.offline { background: #fb7185; box-shadow: 0 0 14px #fb7185; }
86:   .logout { border: 0; background: transparent; color: #94a3b8; font: 10px 'JetBrains Mono', monospace; letter-spacing: .12em; text-transform: uppercase; cursor: pointer; }.logout:hover { color: #2bb8b0; }
87:   .monitor-content { max-width: 1400px; margin: 0 auto; padding: clamp(32px, 6vw, 90px) clamp(20px, 5vw, 80px); }.technical-line { display: flex; justify-content: space-between; color: #64748b; }.heading-row { display: flex; justify-content: space-between; gap: 40px; margin: 70px 0 54px; }.eyebrow { color: #2bb8b0; }.heading-row h1 { max-width: 700px; margin: 18px 0; font: 500 clamp(48px, 8vw, 112px)/.9 'Space Grotesk', sans-serif; letter-spacing: 0; }.lede { max-width: 620px; color: #94a3b8; font-size: 17px; line-height: 1.7; }.identity-panel { align-self: end; min-width: 180px; padding: 20px; border-left: 1px solid #2bb8b0; background: rgba(15,23,42,.5); }.identity-panel span, .identity-panel small { display: block; color: #64748b; }.identity-panel strong { display: block; margin: 10px 0; font: 18px 'Space Grotesk', sans-serif; }.notice { margin-bottom: 24px; border: 1px solid rgba(251,113,133,.35); padding: 14px; color: #fecdd3; background: rgba(127,29,29,.18); font: 11px 'JetBrains Mono', monospace; }.signal-grid { display: grid; grid-template-columns: repeat(3, 1fr); gap: 1px; background: rgba(148,163,184,.2); }.signal-card { min-height: 240px; padding: clamp(22px, 3vw, 38px); background: #080e1d; }.signal-card--teal { background: linear-gradient(135deg, rgba(43,184,176,.14), #080e1d 60%); }.signal-card span, .signal-card small { display: block; color: #64748b; }.signal-card strong { display: block; margin: 32px 0 10px; font: 500 24px 'Space Grotesk', sans-serif; }.wave { height: 52px; margin-top: 24px; opacity: .8; background-size: 30px 100%; background-repeat: repeat-x; }.wave--ecg { background-image: linear-gradient(135deg, transparent 47%, #2bb8b0 48%, #2bb8b0 52%, transparent 53%), linear-gradient(35deg, transparent 46%, #2bb8b0 47%, #2bb8b0 53%, transparent 54%); }.wave--ppg { background-image: radial-gradient(ellipse at 50% 100%, transparent 40%, #0ea5e9 42%, #0ea5e9 48%, transparent 50%); }.metric { margin-top: 40px; color: #2bb8b0; font: 500 54px 'Space Grotesk', sans-serif; }.metric em { color: #64748b; font: 14px 'JetBrains Mono', monospace; font-style: normal; }.workbench { display: grid; grid-template-columns: repeat(5, 1fr); margin-top: 54px; border-top: 1px solid rgba(148,163,184,.2); border-bottom: 1px solid rgba(148,163,184,.2); }.workbench a { display: flex; justify-content: space-between; gap: 12px; padding: 20px 14px; color: #eef7f6; border-right: 1px solid rgba(148,163,184,.2); font-family: 'Space Grotesk', sans-serif; text-decoration: none; }.workbench a:hover { color: #2bb8b0; background: rgba(43,184,176,.06); }.workbench span { color: #64748b; }
                                                                                                                                                                                                                                                                                                                                                                                                                                                                                                                                                                                                                                                                                                                                                                                                                                                                                                                                                                                                                                                                                                                                                                                                                                                                                                                                                                                                                                                                                                                                                                                                                                                                                                                                                                                                                                                                                                                                                                                                                                                                                                                       ^
88:   @media (max-width: 800px) { .topbar-meta { display: none; }.heading-row { display: block; margin-top: 54px; }.identity-panel { margin-top: 32px; }.signal-grid, .workbench { grid-template-columns: 1fr; }.workbench a { border-right: 0; border-bottom: 1px solid rgba(148,163,184,.2); }.technical-line { gap: 12px; }.technical-line span:last-child { text-align: right; } }
89: </style>
7:10:52 pm [vite-plugin-svelte] src/lib/components/dashboard/DashboardShell.svelte:40:532 Unused CSS selector ".brand-mark"
https://svelte.dev/e/css_unused_selector
38: </div>
39: <style>
40:   .dashboard-shell{min-height:100vh;display:flex;background:var(--nhm-bg);color:var(--nhm-text);font-family:Inter,sans-serif}.sidebar{position:sticky;top:0;z-index:30;width:224px;height:100vh;flex:0 0 224px;box-sizing:border-box;border-right:1px solid var(--nhm-border);background:linear-gradient(180deg,#050a14,#040812);display:flex;flex-direction:column}.brand{display:flex;align-items:center;gap:12px;height:76px;box-sizing:border-box;padding:16px 18px;border-bottom:1px solid var(--nhm-border);color:inherit;text-decoration:none}.brand-mark{position:relative;display:grid;place-items:center;width:34px;height:34px;border:1px solid rgba(50,214,201,.45);background:rgba(43,184,176,.07)}.brand-mark:before,.brand-mark:after{content:"";position:absolute;background:#2bb8b0}.brand-mark:before{width:12px;height:1px;left:-6px;top:16px}.brand-mark:after{height:12px;width:1px;left:16px;top:-6px}.brand-mark i{position:absolute;inset:5px;border:1px solid rgba(43,184,176,.2)}.brand-mark b{font:600 13px 'Space Grotesk',sans-serif;color:#82e9e1}.brand-copy{display:grid;gap:3px}.brand-copy strong{font:600 14px 'Space Grotesk',sans-serif;letter-spacing:.18em}.brand-copy small,.nav-caption{color:#53647b;font:7px 'JetBrains Mono',monospace;letter-spacing:.14em}.nav-caption{display:flex;justify-content:space-between;padding:22px 18px 9px}.nav-caption span{color:#2bb8b0}nav{padding:0 10px}.nav-item{position:relative;display:grid;grid-template-columns:34px 1fr auto;align-items:center;gap:10px;min-height:64px;padding:8px;color:#71829a;border:1px solid transparent;text-decoration:none;transition:.18s ease}.nav-item:hover{color:#dce9e8;background:rgba(43,184,176,.04)}.nav-item.active{color:#eef7f6;border-color:rgba(43,184,176,.18);background:linear-gradient(90deg,rgba(43,184,176,.12),rgba(43,184,176,.025))}.nav-item.active:before{content:"";position:absolute;left:-11px;top:12px;bottom:12px;width:2px;background:#2bb8b0;box-shadow:0 0 12px #2bb8b0}.nav-icon{display:grid;place-items:center;width:32px;height:32px;border:1px solid rgba(148,163,184,.12)}.active .nav-icon{color:#54d6cc;border-color:rgba(43,184,176,.35);background:rgba(43,184,176,.08)}.nav-copy{display:grid;gap:5px}.nav-copy b{font:500 9px 'JetBrains Mono',monospace;letter-spacing:.09em}.nav-copy small{font:9px Inter,sans-serif;color:#53647b}.nav-index{font:7px 'JetBrains Mono',monospace;color:#405067}.edge-card{margin:auto 12px 12px;padding:13px;border:1px solid rgba(148,163,184,.13);background:#070d19}.edge-head,.edge-vitals{display:flex;justify-content:space-between;align-items:center}.edge-head span,.edge-vitals{color:#53647b;font:7px 'JetBrains Mono',monospace;letter-spacing:.1em}.edge-head b{color:#a7b8c9;font:8px 'JetBrains Mono',monospace}.edge-card svg{width:100%;height:30px;margin:7px 0 2px}.edge-card polyline{fill:none;stroke:#fb7185;stroke-width:1.2;vector-effect:non-scaling-stroke;filter:drop-shadow(0 0 3px #fb718570)}.edge-vitals i{display:inline-block;width:5px;height:5px;margin-right:5px;border-radius:50%;background:#2bb8b0;box-shadow:0 0 7px #2bb8b0}.sidebar-footer{display:flex;align-items:center;gap:8px;padding:15px 18px;border-top:1px solid var(--nhm-border);color:#53647b;font:7px 'JetBrains Mono',monospace;letter-spacing:.11em}.sidebar-footer a{margin-left:auto;color:#71829a}.sys-dot{width:6px;height:6px;border-radius:50%;background:#2bb8b0;box-shadow:0 0 8px #2bb8b0}.sys-dot.offline{background:#fb7185;box-shadow:0 0 8px #fb7185}.dashboard-main{min-width:0;flex:1}.dashboard-header{position:sticky;top:0;z-index:20;display:flex;align-items:center;justify-content:space-between;height:58px;box-sizing:border-box;padding:0 clamp(18px,3vw,42px);border-bottom:1px solid var(--nhm-border);background:rgba(3,7,18,.88);backdrop-filter:blur(16px)}.header-route{display:flex;align-items:center;gap:11px;color:#71829a;font:8px 'JetBrains Mono',monospace;letter-spacing:.12em}.header-route i{width:24px;height:1px;background:#334155}.header-route b{color:#2bb8b0;font-weight:500}.header-readouts{display:flex;align-items:center;gap:24px}.header-readouts>span{color:#dbe7e7;font:500 11px 'Space Grotesk',sans-serif}.header-readouts small{margin-left:4px;color:#53647b;font:7px 'JetBrains Mono',monospace}.online{display:flex;align-items:center;color:#2bb8b0!important;font:7px 'JetBrains Mono',monospace!important;letter-spacing:.1em}.online i{width:6px;height:6px;margin-right:6px;border-radius:50%;background:#2bb8b0;box-shadow:0 0 8px #2bb8b0}.online.offline{color:#fb7185!important}.online.offline i{background:#fb7185}.dashboard-body{padding:clamp(20px,3vw,42px)}.menu-button,.scrim{display:none}@media(max-width:760px){.sidebar{position:fixed;transform:translateX(-102%);transition:transform .25s}.mobile-open .sidebar{transform:translateX(0)}.mobile-open .scrim{display:block;position:fixed;z-index:25;inset:0;border:0;background:rgba(0,0,0,.65)}.menu-button{display:grid;place-items:center;border:0;color:#b7c6d4;background:transparent}.header-route i,.header-route b,.header-readouts>span:not(.online){display:none}.dashboard-header{padding:0 14px}.dashboard-body{padding:18px 14px 36px}}
                                                                                                                                                                                                                                                                                                                                                                                                                                                                                                                                                                    ^
41: </style>
42: 
7:10:52 pm [vite-plugin-svelte] src/lib/components/dashboard/DashboardShell.svelte:40:687 Unused CSS selector ".brand-mark:before"
https://svelte.dev/e/css_unused_selector
38: </div>
39: <style>
40:   .dashboard-shell{min-height:100vh;display:flex;background:var(--nhm-bg);color:var(--nhm-text);font-family:Inter,sans-serif}.sidebar{position:sticky;top:0;z-index:30;width:224px;height:100vh;flex:0 0 224px;box-sizing:border-box;border-right:1px solid var(--nhm-border);background:linear-gradient(180deg,#050a14,#040812);display:flex;flex-direction:column}.brand{display:flex;align-items:center;gap:12px;height:76px;box-sizing:border-box;padding:16px 18px;border-bottom:1px solid var(--nhm-border);color:inherit;text-decoration:none}.brand-mark{position:relative;display:grid;place-items:center;width:34px;height:34px;border:1px solid rgba(50,214,201,.45);background:rgba(43,184,176,.07)}.brand-mark:before,.brand-mark:after{content:"";position:absolute;background:#2bb8b0}.brand-mark:before{width:12px;height:1px;left:-6px;top:16px}.brand-mark:after{height:12px;width:1px;left:16px;top:-6px}.brand-mark i{position:absolute;inset:5px;border:1px solid rgba(43,184,176,.2)}.brand-mark b{font:600 13px 'Space Grotesk',sans-serif;color:#82e9e1}.brand-copy{display:grid;gap:3px}.brand-copy strong{font:600 14px 'Space Grotesk',sans-serif;letter-spacing:.18em}.brand-copy small,.nav-caption{color:#53647b;font:7px 'JetBrains Mono',monospace;letter-spacing:.14em}.nav-caption{display:flex;justify-content:space-between;padding:22px 18px 9px}.nav-caption span{color:#2bb8b0}nav{padding:0 10px}.nav-item{position:relative;display:grid;grid-template-columns:34px 1fr auto;align-items:center;gap:10px;min-height:64px;padding:8px;color:#71829a;border:1px solid transparent;text-decoration:none;transition:.18s ease}.nav-item:hover{color:#dce9e8;background:rgba(43,184,176,.04)}.nav-item.active{color:#eef7f6;border-color:rgba(43,184,176,.18);background:linear-gradient(90deg,rgba(43,184,176,.12),rgba(43,184,176,.025))}.nav-item.active:before{content:"";position:absolute;left:-11px;top:12px;bottom:12px;width:2px;background:#2bb8b0;box-shadow:0 0 12px #2bb8b0}.nav-icon{display:grid;place-items:center;width:32px;height:32px;border:1px solid rgba(148,163,184,.12)}.active .nav-icon{color:#54d6cc;border-color:rgba(43,184,176,.35);background:rgba(43,184,176,.08)}.nav-copy{display:grid;gap:5px}.nav-copy b{font:500 9px 'JetBrains Mono',monospace;letter-spacing:.09em}.nav-copy small{font:9px Inter,sans-serif;color:#53647b}.nav-index{font:7px 'JetBrains Mono',monospace;color:#405067}.edge-card{margin:auto 12px 12px;padding:13px;border:1px solid rgba(148,163,184,.13);background:#070d19}.edge-head,.edge-vitals{display:flex;justify-content:space-between;align-items:center}.edge-head span,.edge-vitals{color:#53647b;font:7px 'JetBrains Mono',monospace;letter-spacing:.1em}.edge-head b{color:#a7b8c9;font:8px 'JetBrains Mono',monospace}.edge-card svg{width:100%;height:30px;margin:7px 0 2px}.edge-card polyline{fill:none;stroke:#fb7185;stroke-width:1.2;vector-effect:non-scaling-stroke;filter:drop-shadow(0 0 3px #fb718570)}.edge-vitals i{display:inline-block;width:5px;height:5px;margin-right:5px;border-radius:50%;background:#2bb8b0;box-shadow:0 0 7px #2bb8b0}.sidebar-footer{display:flex;align-items:center;gap:8px;padding:15px 18px;border-top:1px solid var(--nhm-border);color:#53647b;font:7px 'JetBrains Mono',monospace;letter-spacing:.11em}.sidebar-footer a{margin-left:auto;color:#71829a}.sys-dot{width:6px;height:6px;border-radius:50%;background:#2bb8b0;box-shadow:0 0 8px #2bb8b0}.sys-dot.offline{background:#fb7185;box-shadow:0 0 8px #fb7185}.dashboard-main{min-width:0;flex:1}.dashboard-header{position:sticky;top:0;z-index:20;display:flex;align-items:center;justify-content:space-between;height:58px;box-sizing:border-box;padding:0 clamp(18px,3vw,42px);border-bottom:1px solid var(--nhm-border);background:rgba(3,7,18,.88);backdrop-filter:blur(16px)}.header-route{display:flex;align-items:center;gap:11px;color:#71829a;font:8px 'JetBrains Mono',monospace;letter-spacing:.12em}.header-route i{width:24px;height:1px;background:#334155}.header-route b{color:#2bb8b0;font-weight:500}.header-readouts{display:flex;align-items:center;gap:24px}.header-readouts>span{color:#dbe7e7;font:500 11px 'Space Grotesk',sans-serif}.header-readouts small{margin-left:4px;color:#53647b;font:7px 'JetBrains Mono',monospace}.online{display:flex;align-items:center;color:#2bb8b0!important;font:7px 'JetBrains Mono',monospace!important;letter-spacing:.1em}.online i{width:6px;height:6px;margin-right:6px;border-radius:50%;background:#2bb8b0;box-shadow:0 0 8px #2bb8b0}.online.offline{color:#fb7185!important}.online.offline i{background:#fb7185}.dashboard-body{padding:clamp(20px,3vw,42px)}.menu-button,.scrim{display:none}@media(max-width:760px){.sidebar{position:fixed;transform:translateX(-102%);transition:transform .25s}.mobile-open .sidebar{transform:translateX(0)}.mobile-open .scrim{display:block;position:fixed;z-index:25;inset:0;border:0;background:rgba(0,0,0,.65)}.menu-button{display:grid;place-items:center;border:0;color:#b7c6d4;background:transparent}.header-route i,.header-route b,.header-readouts>span:not(.online){display:none}.dashboard-header{padding:0 14px}.dashboard-body{padding:18px 14px 36px}}
                                                                                                                                                                                                                                                                                                                                                                                                                                                                                                                                                                                                                                                                                                                                      ^
41: </style>
42: 
7:10:52 pm [vite-plugin-svelte] src/lib/components/dashboard/DashboardShell.svelte:40:706 Unused CSS selector ".brand-mark:after"
https://svelte.dev/e/css_unused_selector
38: </div>
39: <style>
40:   .dashboard-shell{min-height:100vh;display:flex;background:var(--nhm-bg);color:var(--nhm-text);font-family:Inter,sans-serif}.sidebar{position:sticky;top:0;z-index:30;width:224px;height:100vh;flex:0 0 224px;box-sizing:border-box;border-right:1px solid var(--nhm-border);background:linear-gradient(180deg,#050a14,#040812);display:flex;flex-direction:column}.brand{display:flex;align-items:center;gap:12px;height:76px;box-sizing:border-box;padding:16px 18px;border-bottom:1px solid var(--nhm-border);color:inherit;text-decoration:none}.brand-mark{position:relative;display:grid;place-items:center;width:34px;height:34px;border:1px solid rgba(50,214,201,.45);background:rgba(43,184,176,.07)}.brand-mark:before,.brand-mark:after{content:"";position:absolute;background:#2bb8b0}.brand-mark:before{width:12px;height:1px;left:-6px;top:16px}.brand-mark:after{height:12px;width:1px;left:16px;top:-6px}.brand-mark i{position:absolute;inset:5px;border:1px solid rgba(43,184,176,.2)}.brand-mark b{font:600 13px 'Space Grotesk',sans-serif;color:#82e9e1}.brand-copy{display:grid;gap:3px}.brand-copy strong{font:600 14px 'Space Grotesk',sans-serif;letter-spacing:.18em}.brand-copy small,.nav-caption{color:#53647b;font:7px 'JetBrains Mono',monospace;letter-spacing:.14em}.nav-caption{display:flex;justify-content:space-between;padding:22px 18px 9px}.nav-caption span{color:#2bb8b0}nav{padding:0 10px}.nav-item{position:relative;display:grid;grid-template-columns:34px 1fr auto;align-items:center;gap:10px;min-height:64px;padding:8px;color:#71829a;border:1px solid transparent;text-decoration:none;transition:.18s ease}.nav-item:hover{color:#dce9e8;background:rgba(43,184,176,.04)}.nav-item.active{color:#eef7f6;border-color:rgba(43,184,176,.18);background:linear-gradient(90deg,rgba(43,184,176,.12),rgba(43,184,176,.025))}.nav-item.active:before{content:"";position:absolute;left:-11px;top:12px;bottom:12px;width:2px;background:#2bb8b0;box-shadow:0 0 12px #2bb8b0}.nav-icon{display:grid;place-items:center;width:32px;height:32px;border:1px solid rgba(148,163,184,.12)}.active .nav-icon{color:#54d6cc;border-color:rgba(43,184,176,.35);background:rgba(43,184,176,.08)}.nav-copy{display:grid;gap:5px}.nav-copy b{font:500 9px 'JetBrains Mono',monospace;letter-spacing:.09em}.nav-copy small{font:9px Inter,sans-serif;color:#53647b}.nav-index{font:7px 'JetBrains Mono',monospace;color:#405067}.edge-card{margin:auto 12px 12px;padding:13px;border:1px solid rgba(148,163,184,.13);background:#070d19}.edge-head,.edge-vitals{display:flex;justify-content:space-between;align-items:center}.edge-head span,.edge-vitals{color:#53647b;font:7px 'JetBrains Mono',monospace;letter-spacing:.1em}.edge-head b{color:#a7b8c9;font:8px 'JetBrains Mono',monospace}.edge-card svg{width:100%;height:30px;margin:7px 0 2px}.edge-card polyline{fill:none;stroke:#fb7185;stroke-width:1.2;vector-effect:non-scaling-stroke;filter:drop-shadow(0 0 3px #fb718570)}.edge-vitals i{display:inline-block;width:5px;height:5px;margin-right:5px;border-radius:50%;background:#2bb8b0;box-shadow:0 0 7px #2bb8b0}.sidebar-footer{display:flex;align-items:center;gap:8px;padding:15px 18px;border-top:1px solid var(--nhm-border);color:#53647b;font:7px 'JetBrains Mono',monospace;letter-spacing:.11em}.sidebar-footer a{margin-left:auto;color:#71829a}.sys-dot{width:6px;height:6px;border-radius:50%;background:#2bb8b0;box-shadow:0 0 8px #2bb8b0}.sys-dot.offline{background:#fb7185;box-shadow:0 0 8px #fb7185}.dashboard-main{min-width:0;flex:1}.dashboard-header{position:sticky;top:0;z-index:20;display:flex;align-items:center;justify-content:space-between;height:58px;box-sizing:border-box;padding:0 clamp(18px,3vw,42px);border-bottom:1px solid var(--nhm-border);background:rgba(3,7,18,.88);backdrop-filter:blur(16px)}.header-route{display:flex;align-items:center;gap:11px;color:#71829a;font:8px 'JetBrains Mono',monospace;letter-spacing:.12em}.header-route i{width:24px;height:1px;background:#334155}.header-route b{color:#2bb8b0;font-weight:500}.header-readouts{display:flex;align-items:center;gap:24px}.header-readouts>span{color:#dbe7e7;font:500 11px 'Space Grotesk',sans-serif}.header-readouts small{margin-left:4px;color:#53647b;font:7px 'JetBrains Mono',monospace}.online{display:flex;align-items:center;color:#2bb8b0!important;font:7px 'JetBrains Mono',monospace!important;letter-spacing:.1em}.online i{width:6px;height:6px;margin-right:6px;border-radius:50%;background:#2bb8b0;box-shadow:0 0 8px #2bb8b0}.online.offline{color:#fb7185!important}.online.offline i{background:#fb7185}.dashboard-body{padding:clamp(20px,3vw,42px)}.menu-button,.scrim{display:none}@media(max-width:760px){.sidebar{position:fixed;transform:translateX(-102%);transition:transform .25s}.mobile-open .sidebar{transform:translateX(0)}.mobile-open .scrim{display:block;position:fixed;z-index:25;inset:0;border:0;background:rgba(0,0,0,.65)}.menu-button{display:grid;place-items:center;border:0;color:#b7c6d4;background:transparent}.header-route i,.header-route b,.header-readouts>span:not(.online){display:none}.dashboard-header{padding:0 14px}.dashboard-body{padding:18px 14px 36px}}
                                                                                                                                                                                                                                                                                                                                                                                                                                                                                                                                                                                                                                                                                                                                                        ^
41: </style>
42: 
7:10:52 pm [vite-plugin-svelte] src/lib/components/dashboard/DashboardShell.svelte:40:772 Unused CSS selector ".brand-mark:before"
https://svelte.dev/e/css_unused_selector
38: </div>
39: <style>
40:   .dashboard-shell{min-height:100vh;display:flex;background:var(--nhm-bg);color:var(--nhm-text);font-family:Inter,sans-serif}.sidebar{position:sticky;top:0;z-index:30;width:224px;height:100vh;flex:0 0 224px;box-sizing:border-box;border-right:1px solid var(--nhm-border);background:linear-gradient(180deg,#050a14,#040812);display:flex;flex-direction:column}.brand{display:flex;align-items:center;gap:12px;height:76px;box-sizing:border-box;padding:16px 18px;border-bottom:1px solid var(--nhm-border);color:inherit;text-decoration:none}.brand-mark{position:relative;display:grid;place-items:center;width:34px;height:34px;border:1px solid rgba(50,214,201,.45);background:rgba(43,184,176,.07)}.brand-mark:before,.brand-mark:after{content:"";position:absolute;background:#2bb8b0}.brand-mark:before{width:12px;height:1px;left:-6px;top:16px}.brand-mark:after{height:12px;width:1px;left:16px;top:-6px}.brand-mark i{position:absolute;inset:5px;border:1px solid rgba(43,184,176,.2)}.brand-mark b{font:600 13px 'Space Grotesk',sans-serif;color:#82e9e1}.brand-copy{display:grid;gap:3px}.brand-copy strong{font:600 14px 'Space Grotesk',sans-serif;letter-spacing:.18em}.brand-copy small,.nav-caption{color:#53647b;font:7px 'JetBrains Mono',monospace;letter-spacing:.14em}.nav-caption{display:flex;justify-content:space-between;padding:22px 18px 9px}.nav-caption span{color:#2bb8b0}nav{padding:0 10px}.nav-item{position:relative;display:grid;grid-template-columns:34px 1fr auto;align-items:center;gap:10px;min-height:64px;padding:8px;color:#71829a;border:1px solid transparent;text-decoration:none;transition:.18s ease}.nav-item:hover{color:#dce9e8;background:rgba(43,184,176,.04)}.nav-item.active{color:#eef7f6;border-color:rgba(43,184,176,.18);background:linear-gradient(90deg,rgba(43,184,176,.12),rgba(43,184,176,.025))}.nav-item.active:before{content:"";position:absolute;left:-11px;top:12px;bottom:12px;width:2px;background:#2bb8b0;box-shadow:0 0 12px #2bb8b0}.nav-icon{display:grid;place-items:center;width:32px;height:32px;border:1px solid rgba(148,163,184,.12)}.active .nav-icon{color:#54d6cc;border-color:rgba(43,184,176,.35);background:rgba(43,184,176,.08)}.nav-copy{display:grid;gap:5px}.nav-copy b{font:500 9px 'JetBrains Mono',monospace;letter-spacing:.09em}.nav-copy small{font:9px Inter,sans-serif;color:#53647b}.nav-index{font:7px 'JetBrains Mono',monospace;color:#405067}.edge-card{margin:auto 12px 12px;padding:13px;border:1px solid rgba(148,163,184,.13);background:#070d19}.edge-head,.edge-vitals{display:flex;justify-content:space-between;align-items:center}.edge-head span,.edge-vitals{color:#53647b;font:7px 'JetBrains Mono',monospace;letter-spacing:.1em}.edge-head b{color:#a7b8c9;font:8px 'JetBrains Mono',monospace}.edge-card svg{width:100%;height:30px;margin:7px 0 2px}.edge-card polyline{fill:none;stroke:#fb7185;stroke-width:1.2;vector-effect:non-scaling-stroke;filter:drop-shadow(0 0 3px #fb718570)}.edge-vitals i{display:inline-block;width:5px;height:5px;margin-right:5px;border-radius:50%;background:#2bb8b0;box-shadow:0 0 7px #2bb8b0}.sidebar-footer{display:flex;align-items:center;gap:8px;padding:15px 18px;border-top:1px solid var(--nhm-border);color:#53647b;font:7px 'JetBrains Mono',monospace;letter-spacing:.11em}.sidebar-footer a{margin-left:auto;color:#71829a}.sys-dot{width:6px;height:6px;border-radius:50%;background:#2bb8b0;box-shadow:0 0 8px #2bb8b0}.sys-dot.offline{background:#fb7185;box-shadow:0 0 8px #fb7185}.dashboard-main{min-width:0;flex:1}.dashboard-header{position:sticky;top:0;z-index:20;display:flex;align-items:center;justify-content:space-between;height:58px;box-sizing:border-box;padding:0 clamp(18px,3vw,42px);border-bottom:1px solid var(--nhm-border);background:rgba(3,7,18,.88);backdrop-filter:blur(16px)}.header-route{display:flex;align-items:center;gap:11px;color:#71829a;font:8px 'JetBrains Mono',monospace;letter-spacing:.12em}.header-route i{width:24px;height:1px;background:#334155}.header-route b{color:#2bb8b0;font-weight:500}.header-readouts{display:flex;align-items:center;gap:24px}.header-readouts>span{color:#dbe7e7;font:500 11px 'Space Grotesk',sans-serif}.header-readouts small{margin-left:4px;color:#53647b;font:7px 'JetBrains Mono',monospace}.online{display:flex;align-items:center;color:#2bb8b0!important;font:7px 'JetBrains Mono',monospace!important;letter-spacing:.1em}.online i{width:6px;height:6px;margin-right:6px;border-radius:50%;background:#2bb8b0;box-shadow:0 0 8px #2bb8b0}.online.offline{color:#fb7185!important}.online.offline i{background:#fb7185}.dashboard-body{padding:clamp(20px,3vw,42px)}.menu-button,.scrim{display:none}@media(max-width:760px){.sidebar{position:fixed;transform:translateX(-102%);transition:transform .25s}.mobile-open .sidebar{transform:translateX(0)}.mobile-open .scrim{display:block;position:fixed;z-index:25;inset:0;border:0;background:rgba(0,0,0,.65)}.menu-button{display:grid;place-items:center;border:0;color:#b7c6d4;background:transparent}.header-route i,.header-route b,.header-readouts>span:not(.online){display:none}.dashboard-header{padding:0 14px}.dashboard-body{padding:18px 14px 36px}}
                                                                                                                                                                                                                                                                                                                                                                                                                                                                                                                                                                                                                                                                                                                                                                                                                           ^
41: </style>
42: 
7:10:52 pm [vite-plugin-svelte] src/lib/components/dashboard/DashboardShell.svelte:40:832 Unused CSS selector ".brand-mark:after"
https://svelte.dev/e/css_unused_selector
38: </div>
39: <style>
40:   .dashboard-shell{min-height:100vh;display:flex;background:var(--nhm-bg);color:var(--nhm-text);font-family:Inter,sans-serif}.sidebar{position:sticky;top:0;z-index:30;width:224px;height:100vh;flex:0 0 224px;box-sizing:border-box;border-right:1px solid var(--nhm-border);background:linear-gradient(180deg,#050a14,#040812);display:flex;flex-direction:column}.brand{display:flex;align-items:center;gap:12px;height:76px;box-sizing:border-box;padding:16px 18px;border-bottom:1px solid var(--nhm-border);color:inherit;text-decoration:none}.brand-mark{position:relative;display:grid;place-items:center;width:34px;height:34px;border:1px solid rgba(50,214,201,.45);background:rgba(43,184,176,.07)}.brand-mark:before,.brand-mark:after{content:"";position:absolute;background:#2bb8b0}.brand-mark:before{width:12px;height:1px;left:-6px;top:16px}.brand-mark:after{height:12px;width:1px;left:16px;top:-6px}.brand-mark i{position:absolute;inset:5px;border:1px solid rgba(43,184,176,.2)}.brand-mark b{font:600 13px 'Space Grotesk',sans-serif;color:#82e9e1}.brand-copy{display:grid;gap:3px}.brand-copy strong{font:600 14px 'Space Grotesk',sans-serif;letter-spacing:.18em}.brand-copy small,.nav-caption{color:#53647b;font:7px 'JetBrains Mono',monospace;letter-spacing:.14em}.nav-caption{display:flex;justify-content:space-between;padding:22px 18px 9px}.nav-caption span{color:#2bb8b0}nav{padding:0 10px}.nav-item{position:relative;display:grid;grid-template-columns:34px 1fr auto;align-items:center;gap:10px;min-height:64px;padding:8px;color:#71829a;border:1px solid transparent;text-decoration:none;transition:.18s ease}.nav-item:hover{color:#dce9e8;background:rgba(43,184,176,.04)}.nav-item.active{color:#eef7f6;border-color:rgba(43,184,176,.18);background:linear-gradient(90deg,rgba(43,184,176,.12),rgba(43,184,176,.025))}.nav-item.active:before{content:"";position:absolute;left:-11px;top:12px;bottom:12px;width:2px;background:#2bb8b0;box-shadow:0 0 12px #2bb8b0}.nav-icon{display:grid;place-items:center;width:32px;height:32px;border:1px solid rgba(148,163,184,.12)}.active .nav-icon{color:#54d6cc;border-color:rgba(43,184,176,.35);background:rgba(43,184,176,.08)}.nav-copy{display:grid;gap:5px}.nav-copy b{font:500 9px 'JetBrains Mono',monospace;letter-spacing:.09em}.nav-copy small{font:9px Inter,sans-serif;color:#53647b}.nav-index{font:7px 'JetBrains Mono',monospace;color:#405067}.edge-card{margin:auto 12px 12px;padding:13px;border:1px solid rgba(148,163,184,.13);background:#070d19}.edge-head,.edge-vitals{display:flex;justify-content:space-between;align-items:center}.edge-head span,.edge-vitals{color:#53647b;font:7px 'JetBrains Mono',monospace;letter-spacing:.1em}.edge-head b{color:#a7b8c9;font:8px 'JetBrains Mono',monospace}.edge-card svg{width:100%;height:30px;margin:7px 0 2px}.edge-card polyline{fill:none;stroke:#fb7185;stroke-width:1.2;vector-effect:non-scaling-stroke;filter:drop-shadow(0 0 3px #fb718570)}.edge-vitals i{display:inline-block;width:5px;height:5px;margin-right:5px;border-radius:50%;background:#2bb8b0;box-shadow:0 0 7px #2bb8b0}.sidebar-footer{display:flex;align-items:center;gap:8px;padding:15px 18px;border-top:1px solid var(--nhm-border);color:#53647b;font:7px 'JetBrains Mono',monospace;letter-spacing:.11em}.sidebar-footer a{margin-left:auto;color:#71829a}.sys-dot{width:6px;height:6px;border-radius:50%;background:#2bb8b0;box-shadow:0 0 8px #2bb8b0}.sys-dot.offline{background:#fb7185;box-shadow:0 0 8px #fb7185}.dashboard-main{min-width:0;flex:1}.dashboard-header{position:sticky;top:0;z-index:20;display:flex;align-items:center;justify-content:space-between;height:58px;box-sizing:border-box;padding:0 clamp(18px,3vw,42px);border-bottom:1px solid var(--nhm-border);background:rgba(3,7,18,.88);backdrop-filter:blur(16px)}.header-route{display:flex;align-items:center;gap:11px;color:#71829a;font:8px 'JetBrains Mono',monospace;letter-spacing:.12em}.header-route i{width:24px;height:1px;background:#334155}.header-route b{color:#2bb8b0;font-weight:500}.header-readouts{display:flex;align-items:center;gap:24px}.header-readouts>span{color:#dbe7e7;font:500 11px 'Space Grotesk',sans-serif}.header-readouts small{margin-left:4px;color:#53647b;font:7px 'JetBrains Mono',monospace}.online{display:flex;align-items:center;color:#2bb8b0!important;font:7px 'JetBrains Mono',monospace!important;letter-spacing:.1em}.online i{width:6px;height:6px;margin-right:6px;border-radius:50%;background:#2bb8b0;box-shadow:0 0 8px #2bb8b0}.online.offline{color:#fb7185!important}.online.offline i{background:#fb7185}.dashboard-body{padding:clamp(20px,3vw,42px)}.menu-button,.scrim{display:none}@media(max-width:760px){.sidebar{position:fixed;transform:translateX(-102%);transition:transform .25s}.mobile-open .sidebar{transform:translateX(0)}.mobile-open .scrim{display:block;position:fixed;z-index:25;inset:0;border:0;background:rgba(0,0,0,.65)}.menu-button{display:grid;place-items:center;border:0;color:#b7c6d4;background:transparent}.header-route i,.header-route b,.header-readouts>span:not(.online){display:none}.dashboard-header{padding:0 14px}.dashboard-body{padding:18px 14px 36px}}
                                                                                                                                                                                                                                                                                                                                                                                                                                                                                                                                                                                                                                                                                                                                                                                                                                                                                      ^
41: </style>
42: 
7:10:52 pm [vite-plugin-svelte] src/lib/components/dashboard/DashboardShell.svelte:40:891 Unused CSS selector ".brand-mark i"
https://svelte.dev/e/css_unused_selector
38: </div>
39: <style>
40:   .dashboard-shell{min-height:100vh;display:flex;background:var(--nhm-bg);color:var(--nhm-text);font-family:Inter,sans-serif}.sidebar{position:sticky;top:0;z-index:30;width:224px;height:100vh;flex:0 0 224px;box-sizing:border-box;border-right:1px solid var(--nhm-border);background:linear-gradient(180deg,#050a14,#040812);display:flex;flex-direction:column}.brand{display:flex;align-items:center;gap:12px;height:76px;box-sizing:border-box;padding:16px 18px;border-bottom:1px solid var(--nhm-border);color:inherit;text-decoration:none}.brand-mark{position:relative;display:grid;place-items:center;width:34px;height:34px;border:1px solid rgba(50,214,201,.45);background:rgba(43,184,176,.07)}.brand-mark:before,.brand-mark:after{content:"";position:absolute;background:#2bb8b0}.brand-mark:before{width:12px;height:1px;left:-6px;top:16px}.brand-mark:after{height:12px;width:1px;left:16px;top:-6px}.brand-mark i{position:absolute;inset:5px;border:1px solid rgba(43,184,176,.2)}.brand-mark b{font:600 13px 'Space Grotesk',sans-serif;color:#82e9e1}.brand-copy{display:grid;gap:3px}.brand-copy strong{font:600 14px 'Space Grotesk',sans-serif;letter-spacing:.18em}.brand-copy small,.nav-caption{color:#53647b;font:7px 'JetBrains Mono',monospace;letter-spacing:.14em}.nav-caption{display:flex;justify-content:space-between;padding:22px 18px 9px}.nav-caption span{color:#2bb8b0}nav{padding:0 10px}.nav-item{position:relative;display:grid;grid-template-columns:34px 1fr auto;align-items:center;gap:10px;min-height:64px;padding:8px;color:#71829a;border:1px solid transparent;text-decoration:none;transition:.18s ease}.nav-item:hover{color:#dce9e8;background:rgba(43,184,176,.04)}.nav-item.active{color:#eef7f6;border-color:rgba(43,184,176,.18);background:linear-gradient(90deg,rgba(43,184,176,.12),rgba(43,184,176,.025))}.nav-item.active:before{content:"";position:absolute;left:-11px;top:12px;bottom:12px;width:2px;background:#2bb8b0;box-shadow:0 0 12px #2bb8b0}.nav-icon{display:grid;place-items:center;width:32px;height:32px;border:1px solid rgba(148,163,184,.12)}.active .nav-icon{color:#54d6cc;border-color:rgba(43,184,176,.35);background:rgba(43,184,176,.08)}.nav-copy{display:grid;gap:5px}.nav-copy b{font:500 9px 'JetBrains Mono',monospace;letter-spacing:.09em}.nav-copy small{font:9px Inter,sans-serif;color:#53647b}.nav-index{font:7px 'JetBrains Mono',monospace;color:#405067}.edge-card{margin:auto 12px 12px;padding:13px;border:1px solid rgba(148,163,184,.13);background:#070d19}.edge-head,.edge-vitals{display:flex;justify-content:space-between;align-items:center}.edge-head span,.edge-vitals{color:#53647b;font:7px 'JetBrains Mono',monospace;letter-spacing:.1em}.edge-head b{color:#a7b8c9;font:8px 'JetBrains Mono',monospace}.edge-card svg{width:100%;height:30px;margin:7px 0 2px}.edge-card polyline{fill:none;stroke:#fb7185;stroke-width:1.2;vector-effect:non-scaling-stroke;filter:drop-shadow(0 0 3px #fb718570)}.edge-vitals i{display:inline-block;width:5px;height:5px;margin-right:5px;border-radius:50%;background:#2bb8b0;box-shadow:0 0 7px #2bb8b0}.sidebar-footer{display:flex;align-items:center;gap:8px;padding:15px 18px;border-top:1px solid var(--nhm-border);color:#53647b;font:7px 'JetBrains Mono',monospace;letter-spacing:.11em}.sidebar-footer a{margin-left:auto;color:#71829a}.sys-dot{width:6px;height:6px;border-radius:50%;background:#2bb8b0;box-shadow:0 0 8px #2bb8b0}.sys-dot.offline{background:#fb7185;box-shadow:0 0 8px #fb7185}.dashboard-main{min-width:0;flex:1}.dashboard-header{position:sticky;top:0;z-index:20;display:flex;align-items:center;justify-content:space-between;height:58px;box-sizing:border-box;padding:0 clamp(18px,3vw,42px);border-bottom:1px solid var(--nhm-border);background:rgba(3,7,18,.88);backdrop-filter:blur(16px)}.header-route{display:flex;align-items:center;gap:11px;color:#71829a;font:8px 'JetBrains Mono',monospace;letter-spacing:.12em}.header-route i{width:24px;height:1px;background:#334155}.header-route b{color:#2bb8b0;font-weight:500}.header-readouts{display:flex;align-items:center;gap:24px}.header-readouts>span{color:#dbe7e7;font:500 11px 'Space Grotesk',sans-serif}.header-readouts small{margin-left:4px;color:#53647b;font:7px 'JetBrains Mono',monospace}.online{display:flex;align-items:center;color:#2bb8b0!important;font:7px 'JetBrains Mono',monospace!important;letter-spacing:.1em}.online i{width:6px;height:6px;margin-right:6px;border-radius:50%;background:#2bb8b0;box-shadow:0 0 8px #2bb8b0}.online.offline{color:#fb7185!important}.online.offline i{background:#fb7185}.dashboard-body{padding:clamp(20px,3vw,42px)}.menu-button,.scrim{display:none}@media(max-width:760px){.sidebar{position:fixed;transform:translateX(-102%);transition:transform .25s}.mobile-open .sidebar{transform:translateX(0)}.mobile-open .scrim{display:block;position:fixed;z-index:25;inset:0;border:0;background:rgba(0,0,0,.65)}.menu-button{display:grid;place-items:center;border:0;color:#b7c6d4;background:transparent}.header-route i,.header-route b,.header-readouts>span:not(.online){display:none}.dashboard-header{padding:0 14px}.dashboard-body{padding:18px 14px 36px}}
                                                                                                                                                                                                                                                                                                                                                                                                                                                                                                                                                                                                                                                                                                                                                                                                                                                                                                                                             ^
41: </style>
42: 
7:10:52 pm [vite-plugin-svelte] src/lib/components/dashboard/DashboardShell.svelte:40:970 Unused CSS selector ".brand-mark b"
https://svelte.dev/e/css_unused_selector
38: </div>
39: <style>
40:   .dashboard-shell{min-height:100vh;display:flex;background:var(--nhm-bg);color:var(--nhm-text);font-family:Inter,sans-serif}.sidebar{position:sticky;top:0;z-index:30;width:224px;height:100vh;flex:0 0 224px;box-sizing:border-box;border-right:1px solid var(--nhm-border);background:linear-gradient(180deg,#050a14,#040812);display:flex;flex-direction:column}.brand{display:flex;align-items:center;gap:12px;height:76px;box-sizing:border-box;padding:16px 18px;border-bottom:1px solid var(--nhm-border);color:inherit;text-decoration:none}.brand-mark{position:relative;display:grid;place-items:center;width:34px;height:34px;border:1px solid rgba(50,214,201,.45);background:rgba(43,184,176,.07)}.brand-mark:before,.brand-mark:after{content:"";position:absolute;background:#2bb8b0}.brand-mark:before{width:12px;height:1px;left:-6px;top:16px}.brand-mark:after{height:12px;width:1px;left:16px;top:-6px}.brand-mark i{position:absolute;inset:5px;border:1px solid rgba(43,184,176,.2)}.brand-mark b{font:600 13px 'Space Grotesk',sans-serif;color:#82e9e1}.brand-copy{display:grid;gap:3px}.brand-copy strong{font:600 14px 'Space Grotesk',sans-serif;letter-spacing:.18em}.brand-copy small,.nav-caption{color:#53647b;font:7px 'JetBrains Mono',monospace;letter-spacing:.14em}.nav-caption{display:flex;justify-content:space-between;padding:22px 18px 9px}.nav-caption span{color:#2bb8b0}nav{padding:0 10px}.nav-item{position:relative;display:grid;grid-template-columns:34px 1fr auto;align-items:center;gap:10px;min-height:64px;padding:8px;color:#71829a;border:1px solid transparent;text-decoration:none;transition:.18s ease}.nav-item:hover{color:#dce9e8;background:rgba(43,184,176,.04)}.nav-item.active{color:#eef7f6;border-color:rgba(43,184,176,.18);background:linear-gradient(90deg,rgba(43,184,176,.12),rgba(43,184,176,.025))}.nav-item.active:before{content:"";position:absolute;left:-11px;top:12px;bottom:12px;width:2px;background:#2bb8b0;box-shadow:0 0 12px #2bb8b0}.nav-icon{display:grid;place-items:center;width:32px;height:32px;border:1px solid rgba(148,163,184,.12)}.active .nav-icon{color:#54d6cc;border-color:rgba(43,184,176,.35);background:rgba(43,184,176,.08)}.nav-copy{display:grid;gap:5px}.nav-copy b{font:500 9px 'JetBrains Mono',monospace;letter-spacing:.09em}.nav-copy small{font:9px Inter,sans-serif;color:#53647b}.nav-index{font:7px 'JetBrains Mono',monospace;color:#405067}.edge-card{margin:auto 12px 12px;padding:13px;border:1px solid rgba(148,163,184,.13);background:#070d19}.edge-head,.edge-vitals{display:flex;justify-content:space-between;align-items:center}.edge-head span,.edge-vitals{color:#53647b;font:7px 'JetBrains Mono',monospace;letter-spacing:.1em}.edge-head b{color:#a7b8c9;font:8px 'JetBrains Mono',monospace}.edge-card svg{width:100%;height:30px;margin:7px 0 2px}.edge-card polyline{fill:none;stroke:#fb7185;stroke-width:1.2;vector-effect:non-scaling-stroke;filter:drop-shadow(0 0 3px #fb718570)}.edge-vitals i{display:inline-block;width:5px;height:5px;margin-right:5px;border-radius:50%;background:#2bb8b0;box-shadow:0 0 7px #2bb8b0}.sidebar-footer{display:flex;align-items:center;gap:8px;padding:15px 18px;border-top:1px solid var(--nhm-border);color:#53647b;font:7px 'JetBrains Mono',monospace;letter-spacing:.11em}.sidebar-footer a{margin-left:auto;color:#71829a}.sys-dot{width:6px;height:6px;border-radius:50%;background:#2bb8b0;box-shadow:0 0 8px #2bb8b0}.sys-dot.offline{background:#fb7185;box-shadow:0 0 8px #fb7185}.dashboard-main{min-width:0;flex:1}.dashboard-header{position:sticky;top:0;z-index:20;display:flex;align-items:center;justify-content:space-between;height:58px;box-sizing:border-box;padding:0 clamp(18px,3vw,42px);border-bottom:1px solid var(--nhm-border);background:rgba(3,7,18,.88);backdrop-filter:blur(16px)}.header-route{display:flex;align-items:center;gap:11px;color:#71829a;font:8px 'JetBrains Mono',monospace;letter-spacing:.12em}.header-route i{width:24px;height:1px;background:#334155}.header-route b{color:#2bb8b0;font-weight:500}.header-readouts{display:flex;align-items:center;gap:24px}.header-readouts>span{color:#dbe7e7;font:500 11px 'Space Grotesk',sans-serif}.header-readouts small{margin-left:4px;color:#53647b;font:7px 'JetBrains Mono',monospace}.online{display:flex;align-items:center;color:#2bb8b0!important;font:7px 'JetBrains Mono',monospace!important;letter-spacing:.1em}.online i{width:6px;height:6px;margin-right:6px;border-radius:50%;background:#2bb8b0;box-shadow:0 0 8px #2bb8b0}.online.offline{color:#fb7185!important}.online.offline i{background:#fb7185}.dashboard-body{padding:clamp(20px,3vw,42px)}.menu-button,.scrim{display:none}@media(max-width:760px){.sidebar{position:fixed;transform:translateX(-102%);transition:transform .25s}.mobile-open .sidebar{transform:translateX(0)}.mobile-open .scrim{display:block;position:fixed;z-index:25;inset:0;border:0;background:rgba(0,0,0,.65)}.menu-button{display:grid;place-items:center;border:0;color:#b7c6d4;background:transparent}.header-route i,.header-route b,.header-readouts>span:not(.online){display:none}.dashboard-header{padding:0 14px}.dashboard-body{padding:18px 14px 36px}}
                                                                                                                                                                                                                                                                                                                                                                                                                                                                                                                                                                                                                                                                                                                                                                                                                                                                                                                                                                                                                            ^
41: </style>
42: 
7:10:52 pm [vite-plugin-svelte] src/lib/components/dashboard/DashboardShell.svelte:40:1039 Unused CSS selector ".brand-copy"
https://svelte.dev/e/css_unused_selector
38: </div>
39: <style>
40:   .dashboard-shell{min-height:100vh;display:flex;background:var(--nhm-bg);color:var(--nhm-text);font-family:Inter,sans-serif}.sidebar{position:sticky;top:0;z-index:30;width:224px;height:100vh;flex:0 0 224px;box-sizing:border-box;border-right:1px solid var(--nhm-border);background:linear-gradient(180deg,#050a14,#040812);display:flex;flex-direction:column}.brand{display:flex;align-items:center;gap:12px;height:76px;box-sizing:border-box;padding:16px 18px;border-bottom:1px solid var(--nhm-border);color:inherit;text-decoration:none}.brand-mark{position:relative;display:grid;place-items:center;width:34px;height:34px;border:1px solid rgba(50,214,201,.45);background:rgba(43,184,176,.07)}.brand-mark:before,.brand-mark:after{content:"";position:absolute;background:#2bb8b0}.brand-mark:before{width:12px;height:1px;left:-6px;top:16px}.brand-mark:after{height:12px;width:1px;left:16px;top:-6px}.brand-mark i{position:absolute;inset:5px;border:1px solid rgba(43,184,176,.2)}.brand-mark b{font:600 13px 'Space Grotesk',sans-serif;color:#82e9e1}.brand-copy{display:grid;gap:3px}.brand-copy strong{font:600 14px 'Space Grotesk',sans-serif;letter-spacing:.18em}.brand-copy small,.nav-caption{color:#53647b;font:7px 'JetBrains Mono',monospace;letter-spacing:.14em}.nav-caption{display:flex;justify-content:space-between;padding:22px 18px 9px}.nav-caption span{color:#2bb8b0}nav{padding:0 10px}.nav-item{position:relative;display:grid;grid-template-columns:34px 1fr auto;align-items:center;gap:10px;min-height:64px;padding:8px;color:#71829a;border:1px solid transparent;text-decoration:none;transition:.18s ease}.nav-item:hover{color:#dce9e8;background:rgba(43,184,176,.04)}.nav-item.active{color:#eef7f6;border-color:rgba(43,184,176,.18);background:linear-gradient(90deg,rgba(43,184,176,.12),rgba(43,184,176,.025))}.nav-item.active:before{content:"";position:absolute;left:-11px;top:12px;bottom:12px;width:2px;background:#2bb8b0;box-shadow:0 0 12px #2bb8b0}.nav-icon{display:grid;place-items:center;width:32px;height:32px;border:1px solid rgba(148,163,184,.12)}.active .nav-icon{color:#54d6cc;border-color:rgba(43,184,176,.35);background:rgba(43,184,176,.08)}.nav-copy{display:grid;gap:5px}.nav-copy b{font:500 9px 'JetBrains Mono',monospace;letter-spacing:.09em}.nav-copy small{font:9px Inter,sans-serif;color:#53647b}.nav-index{font:7px 'JetBrains Mono',monospace;color:#405067}.edge-card{margin:auto 12px 12px;padding:13px;border:1px solid rgba(148,163,184,.13);background:#070d19}.edge-head,.edge-vitals{display:flex;justify-content:space-between;align-items:center}.edge-head span,.edge-vitals{color:#53647b;font:7px 'JetBrains Mono',monospace;letter-spacing:.1em}.edge-head b{color:#a7b8c9;font:8px 'JetBrains Mono',monospace}.edge-card svg{width:100%;height:30px;margin:7px 0 2px}.edge-card polyline{fill:none;stroke:#fb7185;stroke-width:1.2;vector-effect:non-scaling-stroke;filter:drop-shadow(0 0 3px #fb718570)}.edge-vitals i{display:inline-block;width:5px;height:5px;margin-right:5px;border-radius:50%;background:#2bb8b0;box-shadow:0 0 7px #2bb8b0}.sidebar-footer{display:flex;align-items:center;gap:8px;padding:15px 18px;border-top:1px solid var(--nhm-border);color:#53647b;font:7px 'JetBrains Mono',monospace;letter-spacing:.11em}.sidebar-footer a{margin-left:auto;color:#71829a}.sys-dot{width:6px;height:6px;border-radius:50%;background:#2bb8b0;box-shadow:0 0 8px #2bb8b0}.sys-dot.offline{background:#fb7185;box-shadow:0 0 8px #fb7185}.dashboard-main{min-width:0;flex:1}.dashboard-header{position:sticky;top:0;z-index:20;display:flex;align-items:center;justify-content:space-between;height:58px;box-sizing:border-box;padding:0 clamp(18px,3vw,42px);border-bottom:1px solid var(--nhm-border);background:rgba(3,7,18,.88);backdrop-filter:blur(16px)}.header-route{display:flex;align-items:center;gap:11px;color:#71829a;font:8px 'JetBrains Mono',monospace;letter-spacing:.12em}.header-route i{width:24px;height:1px;background:#334155}.header-route b{color:#2bb8b0;font-weight:500}.header-readouts{display:flex;align-items:center;gap:24px}.header-readouts>span{color:#dbe7e7;font:500 11px 'Space Grotesk',sans-serif}.header-readouts small{margin-left:4px;color:#53647b;font:7px 'JetBrains Mono',monospace}.online{display:flex;align-items:center;color:#2bb8b0!important;font:7px 'JetBrains Mono',monospace!important;letter-spacing:.1em}.online i{width:6px;height:6px;margin-right:6px;border-radius:50%;background:#2bb8b0;box-shadow:0 0 8px #2bb8b0}.online.offline{color:#fb7185!important}.online.offline i{background:#fb7185}.dashboard-body{padding:clamp(20px,3vw,42px)}.menu-button,.scrim{display:none}@media(max-width:760px){.sidebar{position:fixed;transform:translateX(-102%);transition:transform .25s}.mobile-open .sidebar{transform:translateX(0)}.mobile-open .scrim{display:block;position:fixed;z-index:25;inset:0;border:0;background:rgba(0,0,0,.65)}.menu-button{display:grid;place-items:center;border:0;color:#b7c6d4;background:transparent}.header-route i,.header-route b,.header-readouts>span:not(.online){display:none}.dashboard-header{padding:0 14px}.dashboard-body{padding:18px 14px 36px}}
                                                                                                                                                                                                                                                                                                                                                                                                                                                                                                                                                                                                                                                                                                                                                                                                                                                                                                                                                                                                                                                                                               ^
41: </style>
42: 
7:10:52 pm [vite-plugin-svelte] src/lib/components/dashboard/DashboardShell.svelte:40:1072 Unused CSS selector ".brand-copy strong"
https://svelte.dev/e/css_unused_selector
38: </div>
39: <style>
40:   .dashboard-shell{min-height:100vh;display:flex;background:var(--nhm-bg);color:var(--nhm-text);font-family:Inter,sans-serif}.sidebar{position:sticky;top:0;z-index:30;width:224px;height:100vh;flex:0 0 224px;box-sizing:border-box;border-right:1px solid var(--nhm-border);background:linear-gradient(180deg,#050a14,#040812);display:flex;flex-direction:column}.brand{display:flex;align-items:center;gap:12px;height:76px;box-sizing:border-box;padding:16px 18px;border-bottom:1px solid var(--nhm-border);color:inherit;text-decoration:none}.brand-mark{position:relative;display:grid;place-items:center;width:34px;height:34px;border:1px solid rgba(50,214,201,.45);background:rgba(43,184,176,.07)}.brand-mark:before,.brand-mark:after{content:"";position:absolute;background:#2bb8b0}.brand-mark:before{width:12px;height:1px;left:-6px;top:16px}.brand-mark:after{height:12px;width:1px;left:16px;top:-6px}.brand-mark i{position:absolute;inset:5px;border:1px solid rgba(43,184,176,.2)}.brand-mark b{font:600 13px 'Space Grotesk',sans-serif;color:#82e9e1}.brand-copy{display:grid;gap:3px}.brand-copy strong{font:600 14px 'Space Grotesk',sans-serif;letter-spacing:.18em}.brand-copy small,.nav-caption{color:#53647b;font:7px 'JetBrains Mono',monospace;letter-spacing:.14em}.nav-caption{display:flex;justify-content:space-between;padding:22px 18px 9px}.nav-caption span{color:#2bb8b0}nav{padding:0 10px}.nav-item{position:relative;display:grid;grid-template-columns:34px 1fr auto;align-items:center;gap:10px;min-height:64px;padding:8px;color:#71829a;border:1px solid transparent;text-decoration:none;transition:.18s ease}.nav-item:hover{color:#dce9e8;background:rgba(43,184,176,.04)}.nav-item.active{color:#eef7f6;border-color:rgba(43,184,176,.18);background:linear-gradient(90deg,rgba(43,184,176,.12),rgba(43,184,176,.025))}.nav-item.active:before{content:"";position:absolute;left:-11px;top:12px;bottom:12px;width:2px;background:#2bb8b0;box-shadow:0 0 12px #2bb8b0}.nav-icon{display:grid;place-items:center;width:32px;height:32px;border:1px solid rgba(148,163,184,.12)}.active .nav-icon{color:#54d6cc;border-color:rgba(43,184,176,.35);background:rgba(43,184,176,.08)}.nav-copy{display:grid;gap:5px}.nav-copy b{font:500 9px 'JetBrains Mono',monospace;letter-spacing:.09em}.nav-copy small{font:9px Inter,sans-serif;color:#53647b}.nav-index{font:7px 'JetBrains Mono',monospace;color:#405067}.edge-card{margin:auto 12px 12px;padding:13px;border:1px solid rgba(148,163,184,.13);background:#070d19}.edge-head,.edge-vitals{display:flex;justify-content:space-between;align-items:center}.edge-head span,.edge-vitals{color:#53647b;font:7px 'JetBrains Mono',monospace;letter-spacing:.1em}.edge-head b{color:#a7b8c9;font:8px 'JetBrains Mono',monospace}.edge-card svg{width:100%;height:30px;margin:7px 0 2px}.edge-card polyline{fill:none;stroke:#fb7185;stroke-width:1.2;vector-effect:non-scaling-stroke;filter:drop-shadow(0 0 3px #fb718570)}.edge-vitals i{display:inline-block;width:5px;height:5px;margin-right:5px;border-radius:50%;background:#2bb8b0;box-shadow:0 0 7px #2bb8b0}.sidebar-footer{display:flex;align-items:center;gap:8px;padding:15px 18px;border-top:1px solid var(--nhm-border);color:#53647b;font:7px 'JetBrains Mono',monospace;letter-spacing:.11em}.sidebar-footer a{margin-left:auto;color:#71829a}.sys-dot{width:6px;height:6px;border-radius:50%;background:#2bb8b0;box-shadow:0 0 8px #2bb8b0}.sys-dot.offline{background:#fb7185;box-shadow:0 0 8px #fb7185}.dashboard-main{min-width:0;flex:1}.dashboard-header{position:sticky;top:0;z-index:20;display:flex;align-items:center;justify-content:space-between;height:58px;box-sizing:border-box;padding:0 clamp(18px,3vw,42px);border-bottom:1px solid var(--nhm-border);background:rgba(3,7,18,.88);backdrop-filter:blur(16px)}.header-route{display:flex;align-items:center;gap:11px;color:#71829a;font:8px 'JetBrains Mono',monospace;letter-spacing:.12em}.header-route i{width:24px;height:1px;background:#334155}.header-route b{color:#2bb8b0;font-weight:500}.header-readouts{display:flex;align-items:center;gap:24px}.header-readouts>span{color:#dbe7e7;font:500 11px 'Space Grotesk',sans-serif}.header-readouts small{margin-left:4px;color:#53647b;font:7px 'JetBrains Mono',monospace}.online{display:flex;align-items:center;color:#2bb8b0!important;font:7px 'JetBrains Mono',monospace!important;letter-spacing:.1em}.online i{width:6px;height:6px;margin-right:6px;border-radius:50%;background:#2bb8b0;box-shadow:0 0 8px #2bb8b0}.online.offline{color:#fb7185!important}.online.offline i{background:#fb7185}.dashboard-body{padding:clamp(20px,3vw,42px)}.menu-button,.scrim{display:none}@media(max-width:760px){.sidebar{position:fixed;transform:translateX(-102%);transition:transform .25s}.mobile-open .sidebar{transform:translateX(0)}.mobile-open .scrim{display:block;position:fixed;z-index:25;inset:0;border:0;background:rgba(0,0,0,.65)}.menu-button{display:grid;place-items:center;border:0;color:#b7c6d4;background:transparent}.header-route i,.header-route b,.header-readouts>span:not(.online){display:none}.dashboard-header{padding:0 14px}.dashboard-body{padding:18px 14px 36px}}
                                                                                                                                                                                                                                                                                                                                                                                                                                                                                                                                                                                                                                                                                                                                                                                                                                                                                                                                                                                                                                                                                                                                       ^
41: </style>
42: 
7:10:52 pm [vite-plugin-svelte] src/lib/components/dashboard/DashboardShell.svelte:40:1153 Unused CSS selector ".brand-copy small"
https://svelte.dev/e/css_unused_selector
38: </div>
39: <style>
40:   .dashboard-shell{min-height:100vh;display:flex;background:var(--nhm-bg);color:var(--nhm-text);font-family:Inter,sans-serif}.sidebar{position:sticky;top:0;z-index:30;width:224px;height:100vh;flex:0 0 224px;box-sizing:border-box;border-right:1px solid var(--nhm-border);background:linear-gradient(180deg,#050a14,#040812);display:flex;flex-direction:column}.brand{display:flex;align-items:center;gap:12px;height:76px;box-sizing:border-box;padding:16px 18px;border-bottom:1px solid var(--nhm-border);color:inherit;text-decoration:none}.brand-mark{position:relative;display:grid;place-items:center;width:34px;height:34px;border:1px solid rgba(50,214,201,.45);background:rgba(43,184,176,.07)}.brand-mark:before,.brand-mark:after{content:"";position:absolute;background:#2bb8b0}.brand-mark:before{width:12px;height:1px;left:-6px;top:16px}.brand-mark:after{height:12px;width:1px;left:16px;top:-6px}.brand-mark i{position:absolute;inset:5px;border:1px solid rgba(43,184,176,.2)}.brand-mark b{font:600 13px 'Space Grotesk',sans-serif;color:#82e9e1}.brand-copy{display:grid;gap:3px}.brand-copy strong{font:600 14px 'Space Grotesk',sans-serif;letter-spacing:.18em}.brand-copy small,.nav-caption{color:#53647b;font:7px 'JetBrains Mono',monospace;letter-spacing:.14em}.nav-caption{display:flex;justify-content:space-between;padding:22px 18px 9px}.nav-caption span{color:#2bb8b0}nav{padding:0 10px}.nav-item{position:relative;display:grid;grid-template-columns:34px 1fr auto;align-items:center;gap:10px;min-height:64px;padding:8px;color:#71829a;border:1px solid transparent;text-decoration:none;transition:.18s ease}.nav-item:hover{color:#dce9e8;background:rgba(43,184,176,.04)}.nav-item.active{color:#eef7f6;border-color:rgba(43,184,176,.18);background:linear-gradient(90deg,rgba(43,184,176,.12),rgba(43,184,176,.025))}.nav-item.active:before{content:"";position:absolute;left:-11px;top:12px;bottom:12px;width:2px;background:#2bb8b0;box-shadow:0 0 12px #2bb8b0}.nav-icon{display:grid;place-items:center;width:32px;height:32px;border:1px solid rgba(148,163,184,.12)}.active .nav-icon{color:#54d6cc;border-color:rgba(43,184,176,.35);background:rgba(43,184,176,.08)}.nav-copy{display:grid;gap:5px}.nav-copy b{font:500 9px 'JetBrains Mono',monospace;letter-spacing:.09em}.nav-copy small{font:9px Inter,sans-serif;color:#53647b}.nav-index{font:7px 'JetBrains Mono',monospace;color:#405067}.edge-card{margin:auto 12px 12px;padding:13px;border:1px solid rgba(148,163,184,.13);background:#070d19}.edge-head,.edge-vitals{display:flex;justify-content:space-between;align-items:center}.edge-head span,.edge-vitals{color:#53647b;font:7px 'JetBrains Mono',monospace;letter-spacing:.1em}.edge-head b{color:#a7b8c9;font:8px 'JetBrains Mono',monospace}.edge-card svg{width:100%;height:30px;margin:7px 0 2px}.edge-card polyline{fill:none;stroke:#fb7185;stroke-width:1.2;vector-effect:non-scaling-stroke;filter:drop-shadow(0 0 3px #fb718570)}.edge-vitals i{display:inline-block;width:5px;height:5px;margin-right:5px;border-radius:50%;background:#2bb8b0;box-shadow:0 0 7px #2bb8b0}.sidebar-footer{display:flex;align-items:center;gap:8px;padding:15px 18px;border-top:1px solid var(--nhm-border);color:#53647b;font:7px 'JetBrains Mono',monospace;letter-spacing:.11em}.sidebar-footer a{margin-left:auto;color:#71829a}.sys-dot{width:6px;height:6px;border-radius:50%;background:#2bb8b0;box-shadow:0 0 8px #2bb8b0}.sys-dot.offline{background:#fb7185;box-shadow:0 0 8px #fb7185}.dashboard-main{min-width:0;flex:1}.dashboard-header{position:sticky;top:0;z-index:20;display:flex;align-items:center;justify-content:space-between;height:58px;box-sizing:border-box;padding:0 clamp(18px,3vw,42px);border-bottom:1px solid var(--nhm-border);background:rgba(3,7,18,.88);backdrop-filter:blur(16px)}.header-route{display:flex;align-items:center;gap:11px;color:#71829a;font:8px 'JetBrains Mono',monospace;letter-spacing:.12em}.header-route i{width:24px;height:1px;background:#334155}.header-route b{color:#2bb8b0;font-weight:500}.header-readouts{display:flex;align-items:center;gap:24px}.header-readouts>span{color:#dbe7e7;font:500 11px 'Space Grotesk',sans-serif}.header-readouts small{margin-left:4px;color:#53647b;font:7px 'JetBrains Mono',monospace}.online{display:flex;align-items:center;color:#2bb8b0!important;font:7px 'JetBrains Mono',monospace!important;letter-spacing:.1em}.online i{width:6px;height:6px;margin-right:6px;border-radius:50%;background:#2bb8b0;box-shadow:0 0 8px #2bb8b0}.online.offline{color:#fb7185!important}.online.offline i{background:#fb7185}.dashboard-body{padding:clamp(20px,3vw,42px)}.menu-button,.scrim{display:none}@media(max-width:760px){.sidebar{position:fixed;transform:translateX(-102%);transition:transform .25s}.mobile-open .sidebar{transform:translateX(0)}.mobile-open .scrim{display:block;position:fixed;z-index:25;inset:0;border:0;background:rgba(0,0,0,.65)}.menu-button{display:grid;place-items:center;border:0;color:#b7c6d4;background:transparent}.header-route i,.header-route b,.header-readouts>span:not(.online){display:none}.dashboard-header{padding:0 14px}.dashboard-body{padding:18px 14px 36px}}
                                                                                                                                                                                                                                                                                                                                                                                                                                                                                                                                                                                                                                                                                                                                                                                                                                                                                                                                                                                                                                                                                                                                                                                                                       ^
41: </style>
42: 
7:10:52 pm [vite-plugin-svelte] src/lib/components/dashboard/DashboardShell.svelte:40:1333 Unused CSS selector ".nav-caption span"
https://svelte.dev/e/css_unused_selector
38: </div>
39: <style>
40:   .dashboard-shell{min-height:100vh;display:flex;background:var(--nhm-bg);color:var(--nhm-text);font-family:Inter,sans-serif}.sidebar{position:sticky;top:0;z-index:30;width:224px;height:100vh;flex:0 0 224px;box-sizing:border-box;border-right:1px solid var(--nhm-border);background:linear-gradient(180deg,#050a14,#040812);display:flex;flex-direction:column}.brand{display:flex;align-items:center;gap:12px;height:76px;box-sizing:border-box;padding:16px 18px;border-bottom:1px solid var(--nhm-border);color:inherit;text-decoration:none}.brand-mark{position:relative;display:grid;place-items:center;width:34px;height:34px;border:1px solid rgba(50,214,201,.45);background:rgba(43,184,176,.07)}.brand-mark:before,.brand-mark:after{content:"";position:absolute;background:#2bb8b0}.brand-mark:before{width:12px;height:1px;left:-6px;top:16px}.brand-mark:after{height:12px;width:1px;left:16px;top:-6px}.brand-mark i{position:absolute;inset:5px;border:1px solid rgba(43,184,176,.2)}.brand-mark b{font:600 13px 'Space Grotesk',sans-serif;color:#82e9e1}.brand-copy{display:grid;gap:3px}.brand-copy strong{font:600 14px 'Space Grotesk',sans-serif;letter-spacing:.18em}.brand-copy small,.nav-caption{color:#53647b;font:7px 'JetBrains Mono',monospace;letter-spacing:.14em}.nav-caption{display:flex;justify-content:space-between;padding:22px 18px 9px}.nav-caption span{color:#2bb8b0}nav{padding:0 10px}.nav-item{position:relative;display:grid;grid-template-columns:34px 1fr auto;align-items:center;gap:10px;min-height:64px;padding:8px;color:#71829a;border:1px solid transparent;text-decoration:none;transition:.18s ease}.nav-item:hover{color:#dce9e8;background:rgba(43,184,176,.04)}.nav-item.active{color:#eef7f6;border-color:rgba(43,184,176,.18);background:linear-gradient(90deg,rgba(43,184,176,.12),rgba(43,184,176,.025))}.nav-item.active:before{content:"";position:absolute;left:-11px;top:12px;bottom:12px;width:2px;background:#2bb8b0;box-shadow:0 0 12px #2bb8b0}.nav-icon{display:grid;place-items:center;width:32px;height:32px;border:1px solid rgba(148,163,184,.12)}.active .nav-icon{color:#54d6cc;border-color:rgba(43,184,176,.35);background:rgba(43,184,176,.08)}.nav-copy{display:grid;gap:5px}.nav-copy b{font:500 9px 'JetBrains Mono',monospace;letter-spacing:.09em}.nav-copy small{font:9px Inter,sans-serif;color:#53647b}.nav-index{font:7px 'JetBrains Mono',monospace;color:#405067}.edge-card{margin:auto 12px 12px;padding:13px;border:1px solid rgba(148,163,184,.13);background:#070d19}.edge-head,.edge-vitals{display:flex;justify-content:space-between;align-items:center}.edge-head span,.edge-vitals{color:#53647b;font:7px 'JetBrains Mono',monospace;letter-spacing:.1em}.edge-head b{color:#a7b8c9;font:8px 'JetBrains Mono',monospace}.edge-card svg{width:100%;height:30px;margin:7px 0 2px}.edge-card polyline{fill:none;stroke:#fb7185;stroke-width:1.2;vector-effect:non-scaling-stroke;filter:drop-shadow(0 0 3px #fb718570)}.edge-vitals i{display:inline-block;width:5px;height:5px;margin-right:5px;border-radius:50%;background:#2bb8b0;box-shadow:0 0 7px #2bb8b0}.sidebar-footer{display:flex;align-items:center;gap:8px;padding:15px 18px;border-top:1px solid var(--nhm-border);color:#53647b;font:7px 'JetBrains Mono',monospace;letter-spacing:.11em}.sidebar-footer a{margin-left:auto;color:#71829a}.sys-dot{width:6px;height:6px;border-radius:50%;background:#2bb8b0;box-shadow:0 0 8px #2bb8b0}.sys-dot.offline{background:#fb7185;box-shadow:0 0 8px #fb7185}.dashboard-main{min-width:0;flex:1}.dashboard-header{position:sticky;top:0;z-index:20;display:flex;align-items:center;justify-content:space-between;height:58px;box-sizing:border-box;padding:0 clamp(18px,3vw,42px);border-bottom:1px solid var(--nhm-border);background:rgba(3,7,18,.88);backdrop-filter:blur(16px)}.header-route{display:flex;align-items:center;gap:11px;color:#71829a;font:8px 'JetBrains Mono',monospace;letter-spacing:.12em}.header-route i{width:24px;height:1px;background:#334155}.header-route b{color:#2bb8b0;font-weight:500}.header-readouts{display:flex;align-items:center;gap:24px}.header-readouts>span{color:#dbe7e7;font:500 11px 'Space Grotesk',sans-serif}.header-readouts small{margin-left:4px;color:#53647b;font:7px 'JetBrains Mono',monospace}.online{display:flex;align-items:center;color:#2bb8b0!important;font:7px 'JetBrains Mono',monospace!important;letter-spacing:.1em}.online i{width:6px;height:6px;margin-right:6px;border-radius:50%;background:#2bb8b0;box-shadow:0 0 8px #2bb8b0}.online.offline{color:#fb7185!important}.online.offline i{background:#fb7185}.dashboard-body{padding:clamp(20px,3vw,42px)}.menu-button,.scrim{display:none}@media(max-width:760px){.sidebar{position:fixed;transform:translateX(-102%);transition:transform .25s}.mobile-open .sidebar{transform:translateX(0)}.mobile-open .scrim{display:block;position:fixed;z-index:25;inset:0;border:0;background:rgba(0,0,0,.65)}.menu-button{display:grid;place-items:center;border:0;color:#b7c6d4;background:transparent}.header-route i,.header-route b,.header-readouts>span:not(.online){display:none}.dashboard-header{padding:0 14px}.dashboard-body{padding:18px 14px 36px}}
                                                                                                                                                                                                                                                                                                                                                                                                                                                                                                                                                                                                                                                                                                                                                                                                                                                                                                                                                                                                                                                                                                                                                                                                                                                                                                                                                                                                           ^
41: </style>
42: 
7:10:52 pm [vite-plugin-svelte] src/lib/components/dashboard/DashboardShell.svelte:40:2371 Unused CSS selector ".edge-card"
https://svelte.dev/e/css_unused_selector
38: </div>
39: <style>
40:   .dashboard-shell{min-height:100vh;display:flex;background:var(--nhm-bg);color:var(--nhm-text);font-family:Inter,sans-serif}.sidebar{position:sticky;top:0;z-index:30;width:224px;height:100vh;flex:0 0 224px;box-sizing:border-box;border-right:1px solid var(--nhm-border);background:linear-gradient(180deg,#050a14,#040812);display:flex;flex-direction:column}.brand{display:flex;align-items:center;gap:12px;height:76px;box-sizing:border-box;padding:16px 18px;border-bottom:1px solid var(--nhm-border);color:inherit;text-decoration:none}.brand-mark{position:relative;display:grid;place-items:center;width:34px;height:34px;border:1px solid rgba(50,214,201,.45);background:rgba(43,184,176,.07)}.brand-mark:before,.brand-mark:after{content:"";position:absolute;background:#2bb8b0}.brand-mark:before{width:12px;height:1px;left:-6px;top:16px}.brand-mark:after{height:12px;width:1px;left:16px;top:-6px}.brand-mark i{position:absolute;inset:5px;border:1px solid rgba(43,184,176,.2)}.brand-mark b{font:600 13px 'Space Grotesk',sans-serif;color:#82e9e1}.brand-copy{display:grid;gap:3px}.brand-copy strong{font:600 14px 'Space Grotesk',sans-serif;letter-spacing:.18em}.brand-copy small,.nav-caption{color:#53647b;font:7px 'JetBrains Mono',monospace;letter-spacing:.14em}.nav-caption{display:flex;justify-content:space-between;padding:22px 18px 9px}.nav-caption span{color:#2bb8b0}nav{padding:0 10px}.nav-item{position:relative;display:grid;grid-template-columns:34px 1fr auto;align-items:center;gap:10px;min-height:64px;padding:8px;color:#71829a;border:1px solid transparent;text-decoration:none;transition:.18s ease}.nav-item:hover{color:#dce9e8;background:rgba(43,184,176,.04)}.nav-item.active{color:#eef7f6;border-color:rgba(43,184,176,.18);background:linear-gradient(90deg,rgba(43,184,176,.12),rgba(43,184,176,.025))}.nav-item.active:before{content:"";position:absolute;left:-11px;top:12px;bottom:12px;width:2px;background:#2bb8b0;box-shadow:0 0 12px #2bb8b0}.nav-icon{display:grid;place-items:center;width:32px;height:32px;border:1px solid rgba(148,163,184,.12)}.active .nav-icon{color:#54d6cc;border-color:rgba(43,184,176,.35);background:rgba(43,184,176,.08)}.nav-copy{display:grid;gap:5px}.nav-copy b{font:500 9px 'JetBrains Mono',monospace;letter-spacing:.09em}.nav-copy small{font:9px Inter,sans-serif;color:#53647b}.nav-index{font:7px 'JetBrains Mono',monospace;color:#405067}.edge-card{margin:auto 12px 12px;padding:13px;border:1px solid rgba(148,163,184,.13);background:#070d19}.edge-head,.edge-vitals{display:flex;justify-content:space-between;align-items:center}.edge-head span,.edge-vitals{color:#53647b;font:7px 'JetBrains Mono',monospace;letter-spacing:.1em}.edge-head b{color:#a7b8c9;font:8px 'JetBrains Mono',monospace}.edge-card svg{width:100%;height:30px;margin:7px 0 2px}.edge-card polyline{fill:none;stroke:#fb7185;stroke-width:1.2;vector-effect:non-scaling-stroke;filter:drop-shadow(0 0 3px #fb718570)}.edge-vitals i{display:inline-block;width:5px;height:5px;margin-right:5px;border-radius:50%;background:#2bb8b0;box-shadow:0 0 7px #2bb8b0}.sidebar-footer{display:flex;align-items:center;gap:8px;padding:15px 18px;border-top:1px solid var(--nhm-border);color:#53647b;font:7px 'JetBrains Mono',monospace;letter-spacing:.11em}.sidebar-footer a{margin-left:auto;color:#71829a}.sys-dot{width:6px;height:6px;border-radius:50%;background:#2bb8b0;box-shadow:0 0 8px #2bb8b0}.sys-dot.offline{background:#fb7185;box-shadow:0 0 8px #fb7185}.dashboard-main{min-width:0;flex:1}.dashboard-header{position:sticky;top:0;z-index:20;display:flex;align-items:center;justify-content:space-between;height:58px;box-sizing:border-box;padding:0 clamp(18px,3vw,42px);border-bottom:1px solid var(--nhm-border);background:rgba(3,7,18,.88);backdrop-filter:blur(16px)}.header-route{display:flex;align-items:center;gap:11px;color:#71829a;font:8px 'JetBrains Mono',monospace;letter-spacing:.12em}.header-route i{width:24px;height:1px;background:#334155}.header-route b{color:#2bb8b0;font-weight:500}.header-readouts{display:flex;align-items:center;gap:24px}.header-readouts>span{color:#dbe7e7;font:500 11px 'Space Grotesk',sans-serif}.header-readouts small{margin-left:4px;color:#53647b;font:7px 'JetBrains Mono',monospace}.online{display:flex;align-items:center;color:#2bb8b0!important;font:7px 'JetBrains Mono',monospace!important;letter-spacing:.1em}.online i{width:6px;height:6px;margin-right:6px;border-radius:50%;background:#2bb8b0;box-shadow:0 0 8px #2bb8b0}.online.offline{color:#fb7185!important}.online.offline i{background:#fb7185}.dashboard-body{padding:clamp(20px,3vw,42px)}.menu-button,.scrim{display:none}@media(max-width:760px){.sidebar{position:fixed;transform:translateX(-102%);transition:transform .25s}.mobile-open .sidebar{transform:translateX(0)}.mobile-open .scrim{display:block;position:fixed;z-index:25;inset:0;border:0;background:rgba(0,0,0,.65)}.menu-button{display:grid;place-items:center;border:0;color:#b7c6d4;background:transparent}.header-route i,.header-route b,.header-readouts>span:not(.online){display:none}.dashboard-header{padding:0 14px}.dashboard-body{padding:18px 14px 36px}}
                                                                                                                                                                                                                                                                                                                                                                                                                                                                                                                                                                                                                                                                                                                                                                                                                                                                                                                                                                                                                                                                                                                                                                                                                                                                                                                                                                                                                                                                                                                                                                                                                                                                                                                                                                                                                                                                                                                                                                                                                                                                                                                                                                                                                                                                                                                                                                                                                                                                                  ^
41: </style>
42: 
7:10:52 pm [vite-plugin-svelte] src/lib/components/dashboard/DashboardShell.svelte:40:2475 Unused CSS selector ".edge-head"
https://svelte.dev/e/css_unused_selector
38: </div>
39: <style>
40:   .dashboard-shell{min-height:100vh;display:flex;background:var(--nhm-bg);color:var(--nhm-text);font-family:Inter,sans-serif}.sidebar{position:sticky;top:0;z-index:30;width:224px;height:100vh;flex:0 0 224px;box-sizing:border-box;border-right:1px solid var(--nhm-border);background:linear-gradient(180deg,#050a14,#040812);display:flex;flex-direction:column}.brand{display:flex;align-items:center;gap:12px;height:76px;box-sizing:border-box;padding:16px 18px;border-bottom:1px solid var(--nhm-border);color:inherit;text-decoration:none}.brand-mark{position:relative;display:grid;place-items:center;width:34px;height:34px;border:1px solid rgba(50,214,201,.45);background:rgba(43,184,176,.07)}.brand-mark:before,.brand-mark:after{content:"";position:absolute;background:#2bb8b0}.brand-mark:before{width:12px;height:1px;left:-6px;top:16px}.brand-mark:after{height:12px;width:1px;left:16px;top:-6px}.brand-mark i{position:absolute;inset:5px;border:1px solid rgba(43,184,176,.2)}.brand-mark b{font:600 13px 'Space Grotesk',sans-serif;color:#82e9e1}.brand-copy{display:grid;gap:3px}.brand-copy strong{font:600 14px 'Space Grotesk',sans-serif;letter-spacing:.18em}.brand-copy small,.nav-caption{color:#53647b;font:7px 'JetBrains Mono',monospace;letter-spacing:.14em}.nav-caption{display:flex;justify-content:space-between;padding:22px 18px 9px}.nav-caption span{color:#2bb8b0}nav{padding:0 10px}.nav-item{position:relative;display:grid;grid-template-columns:34px 1fr auto;align-items:center;gap:10px;min-height:64px;padding:8px;color:#71829a;border:1px solid transparent;text-decoration:none;transition:.18s ease}.nav-item:hover{color:#dce9e8;background:rgba(43,184,176,.04)}.nav-item.active{color:#eef7f6;border-color:rgba(43,184,176,.18);background:linear-gradient(90deg,rgba(43,184,176,.12),rgba(43,184,176,.025))}.nav-item.active:before{content:"";position:absolute;left:-11px;top:12px;bottom:12px;width:2px;background:#2bb8b0;box-shadow:0 0 12px #2bb8b0}.nav-icon{display:grid;place-items:center;width:32px;height:32px;border:1px solid rgba(148,163,184,.12)}.active .nav-icon{color:#54d6cc;border-color:rgba(43,184,176,.35);background:rgba(43,184,176,.08)}.nav-copy{display:grid;gap:5px}.nav-copy b{font:500 9px 'JetBrains Mono',monospace;letter-spacing:.09em}.nav-copy small{font:9px Inter,sans-serif;color:#53647b}.nav-index{font:7px 'JetBrains Mono',monospace;color:#405067}.edge-card{margin:auto 12px 12px;padding:13px;border:1px solid rgba(148,163,184,.13);background:#070d19}.edge-head,.edge-vitals{display:flex;justify-content:space-between;align-items:center}.edge-head span,.edge-vitals{color:#53647b;font:7px 'JetBrains Mono',monospace;letter-spacing:.1em}.edge-head b{color:#a7b8c9;font:8px 'JetBrains Mono',monospace}.edge-card svg{width:100%;height:30px;margin:7px 0 2px}.edge-card polyline{fill:none;stroke:#fb7185;stroke-width:1.2;vector-effect:non-scaling-stroke;filter:drop-shadow(0 0 3px #fb718570)}.edge-vitals i{display:inline-block;width:5px;height:5px;margin-right:5px;border-radius:50%;background:#2bb8b0;box-shadow:0 0 7px #2bb8b0}.sidebar-footer{display:flex;align-items:center;gap:8px;padding:15px 18px;border-top:1px solid var(--nhm-border);color:#53647b;font:7px 'JetBrains Mono',monospace;letter-spacing:.11em}.sidebar-footer a{margin-left:auto;color:#71829a}.sys-dot{width:6px;height:6px;border-radius:50%;background:#2bb8b0;box-shadow:0 0 8px #2bb8b0}.sys-dot.offline{background:#fb7185;box-shadow:0 0 8px #fb7185}.dashboard-main{min-width:0;flex:1}.dashboard-header{position:sticky;top:0;z-index:20;display:flex;align-items:center;justify-content:space-between;height:58px;box-sizing:border-box;padding:0 clamp(18px,3vw,42px);border-bottom:1px solid var(--nhm-border);background:rgba(3,7,18,.88);backdrop-filter:blur(16px)}.header-route{display:flex;align-items:center;gap:11px;color:#71829a;font:8px 'JetBrains Mono',monospace;letter-spacing:.12em}.header-route i{width:24px;height:1px;background:#334155}.header-route b{color:#2bb8b0;font-weight:500}.header-readouts{display:flex;align-items:center;gap:24px}.header-readouts>span{color:#dbe7e7;font:500 11px 'Space Grotesk',sans-serif}.header-readouts small{margin-left:4px;color:#53647b;font:7px 'JetBrains Mono',monospace}.online{display:flex;align-items:center;color:#2bb8b0!important;font:7px 'JetBrains Mono',monospace!important;letter-spacing:.1em}.online i{width:6px;height:6px;margin-right:6px;border-radius:50%;background:#2bb8b0;box-shadow:0 0 8px #2bb8b0}.online.offline{color:#fb7185!important}.online.offline i{background:#fb7185}.dashboard-body{padding:clamp(20px,3vw,42px)}.menu-button,.scrim{display:none}@media(max-width:760px){.sidebar{position:fixed;transform:translateX(-102%);transition:transform .25s}.mobile-open .sidebar{transform:translateX(0)}.mobile-open .scrim{display:block;position:fixed;z-index:25;inset:0;border:0;background:rgba(0,0,0,.65)}.menu-button{display:grid;place-items:center;border:0;color:#b7c6d4;background:transparent}.header-route i,.header-route b,.header-readouts>span:not(.online){display:none}.dashboard-header{padding:0 14px}.dashboard-body{padding:18px 14px 36px}}
                                                                                                                                                                                                                                                                                                                                                                                                                                                                                                                                                                                                                                                                                                                                                                                                                                                                                                                                                                                                                                                                                                                                                                                                                                                                                                                                                                                                                                                                                                                                                                                                                                                                                                                                                                                                                                                                                                                                                                                                                                                                                                                                                                                                                                                                                                                                                                                                                                                                                                                                                                                          ^
41: </style>
42: 
7:10:52 pm [vite-plugin-svelte] src/lib/components/dashboard/DashboardShell.svelte:40:2486 Unused CSS selector ".edge-vitals"
https://svelte.dev/e/css_unused_selector
38: </div>
39: <style>
40:   .dashboard-shell{min-height:100vh;display:flex;background:var(--nhm-bg);color:var(--nhm-text);font-family:Inter,sans-serif}.sidebar{position:sticky;top:0;z-index:30;width:224px;height:100vh;flex:0 0 224px;box-sizing:border-box;border-right:1px solid var(--nhm-border);background:linear-gradient(180deg,#050a14,#040812);display:flex;flex-direction:column}.brand{display:flex;align-items:center;gap:12px;height:76px;box-sizing:border-box;padding:16px 18px;border-bottom:1px solid var(--nhm-border);color:inherit;text-decoration:none}.brand-mark{position:relative;display:grid;place-items:center;width:34px;height:34px;border:1px solid rgba(50,214,201,.45);background:rgba(43,184,176,.07)}.brand-mark:before,.brand-mark:after{content:"";position:absolute;background:#2bb8b0}.brand-mark:before{width:12px;height:1px;left:-6px;top:16px}.brand-mark:after{height:12px;width:1px;left:16px;top:-6px}.brand-mark i{position:absolute;inset:5px;border:1px solid rgba(43,184,176,.2)}.brand-mark b{font:600 13px 'Space Grotesk',sans-serif;color:#82e9e1}.brand-copy{display:grid;gap:3px}.brand-copy strong{font:600 14px 'Space Grotesk',sans-serif;letter-spacing:.18em}.brand-copy small,.nav-caption{color:#53647b;font:7px 'JetBrains Mono',monospace;letter-spacing:.14em}.nav-caption{display:flex;justify-content:space-between;padding:22px 18px 9px}.nav-caption span{color:#2bb8b0}nav{padding:0 10px}.nav-item{position:relative;display:grid;grid-template-columns:34px 1fr auto;align-items:center;gap:10px;min-height:64px;padding:8px;color:#71829a;border:1px solid transparent;text-decoration:none;transition:.18s ease}.nav-item:hover{color:#dce9e8;background:rgba(43,184,176,.04)}.nav-item.active{color:#eef7f6;border-color:rgba(43,184,176,.18);background:linear-gradient(90deg,rgba(43,184,176,.12),rgba(43,184,176,.025))}.nav-item.active:before{content:"";position:absolute;left:-11px;top:12px;bottom:12px;width:2px;background:#2bb8b0;box-shadow:0 0 12px #2bb8b0}.nav-icon{display:grid;place-items:center;width:32px;height:32px;border:1px solid rgba(148,163,184,.12)}.active .nav-icon{color:#54d6cc;border-color:rgba(43,184,176,.35);background:rgba(43,184,176,.08)}.nav-copy{display:grid;gap:5px}.nav-copy b{font:500 9px 'JetBrains Mono',monospace;letter-spacing:.09em}.nav-copy small{font:9px Inter,sans-serif;color:#53647b}.nav-index{font:7px 'JetBrains Mono',monospace;color:#405067}.edge-card{margin:auto 12px 12px;padding:13px;border:1px solid rgba(148,163,184,.13);background:#070d19}.edge-head,.edge-vitals{display:flex;justify-content:space-between;align-items:center}.edge-head span,.edge-vitals{color:#53647b;font:7px 'JetBrains Mono',monospace;letter-spacing:.1em}.edge-head b{color:#a7b8c9;font:8px 'JetBrains Mono',monospace}.edge-card svg{width:100%;height:30px;margin:7px 0 2px}.edge-card polyline{fill:none;stroke:#fb7185;stroke-width:1.2;vector-effect:non-scaling-stroke;filter:drop-shadow(0 0 3px #fb718570)}.edge-vitals i{display:inline-block;width:5px;height:5px;margin-right:5px;border-radius:50%;background:#2bb8b0;box-shadow:0 0 7px #2bb8b0}.sidebar-footer{display:flex;align-items:center;gap:8px;padding:15px 18px;border-top:1px solid var(--nhm-border);color:#53647b;font:7px 'JetBrains Mono',monospace;letter-spacing:.11em}.sidebar-footer a{margin-left:auto;color:#71829a}.sys-dot{width:6px;height:6px;border-radius:50%;background:#2bb8b0;box-shadow:0 0 8px #2bb8b0}.sys-dot.offline{background:#fb7185;box-shadow:0 0 8px #fb7185}.dashboard-main{min-width:0;flex:1}.dashboard-header{position:sticky;top:0;z-index:20;display:flex;align-items:center;justify-content:space-between;height:58px;box-sizing:border-box;padding:0 clamp(18px,3vw,42px);border-bottom:1px solid var(--nhm-border);background:rgba(3,7,18,.88);backdrop-filter:blur(16px)}.header-route{display:flex;align-items:center;gap:11px;color:#71829a;font:8px 'JetBrains Mono',monospace;letter-spacing:.12em}.header-route i{width:24px;height:1px;background:#334155}.header-route b{color:#2bb8b0;font-weight:500}.header-readouts{display:flex;align-items:center;gap:24px}.header-readouts>span{color:#dbe7e7;font:500 11px 'Space Grotesk',sans-serif}.header-readouts small{margin-left:4px;color:#53647b;font:7px 'JetBrains Mono',monospace}.online{display:flex;align-items:center;color:#2bb8b0!important;font:7px 'JetBrains Mono',monospace!important;letter-spacing:.1em}.online i{width:6px;height:6px;margin-right:6px;border-radius:50%;background:#2bb8b0;box-shadow:0 0 8px #2bb8b0}.online.offline{color:#fb7185!important}.online.offline i{background:#fb7185}.dashboard-body{padding:clamp(20px,3vw,42px)}.menu-button,.scrim{display:none}@media(max-width:760px){.sidebar{position:fixed;transform:translateX(-102%);transition:transform .25s}.mobile-open .sidebar{transform:translateX(0)}.mobile-open .scrim{display:block;position:fixed;z-index:25;inset:0;border:0;background:rgba(0,0,0,.65)}.menu-button{display:grid;place-items:center;border:0;color:#b7c6d4;background:transparent}.header-route i,.header-route b,.header-readouts>span:not(.online){display:none}.dashboard-header{padding:0 14px}.dashboard-body{padding:18px 14px 36px}}
                                                                                                                                                                                                                                                                                                                                                                                                                                                                                                                                                                                                                                                                                                                                                                                                                                                                                                                                                                                                                                                                                                                                                                                                                                                                                                                                                                                                                                                                                                                                                                                                                                                                                                                                                                                                                                                                                                                                                                                                                                                                                                                                                                                                                                                                                                                                                                                                                                                                                                                                                                                                       ^
41: </style>
42: 
7:10:52 pm [vite-plugin-svelte] src/lib/components/dashboard/DashboardShell.svelte:40:2561 Unused CSS selector ".edge-head span"
https://svelte.dev/e/css_unused_selector
38: </div>
39: <style>
40:   .dashboard-shell{min-height:100vh;display:flex;background:var(--nhm-bg);color:var(--nhm-text);font-family:Inter,sans-serif}.sidebar{position:sticky;top:0;z-index:30;width:224px;height:100vh;flex:0 0 224px;box-sizing:border-box;border-right:1px solid var(--nhm-border);background:linear-gradient(180deg,#050a14,#040812);display:flex;flex-direction:column}.brand{display:flex;align-items:center;gap:12px;height:76px;box-sizing:border-box;padding:16px 18px;border-bottom:1px solid var(--nhm-border);color:inherit;text-decoration:none}.brand-mark{position:relative;display:grid;place-items:center;width:34px;height:34px;border:1px solid rgba(50,214,201,.45);background:rgba(43,184,176,.07)}.brand-mark:before,.brand-mark:after{content:"";position:absolute;background:#2bb8b0}.brand-mark:before{width:12px;height:1px;left:-6px;top:16px}.brand-mark:after{height:12px;width:1px;left:16px;top:-6px}.brand-mark i{position:absolute;inset:5px;border:1px solid rgba(43,184,176,.2)}.brand-mark b{font:600 13px 'Space Grotesk',sans-serif;color:#82e9e1}.brand-copy{display:grid;gap:3px}.brand-copy strong{font:600 14px 'Space Grotesk',sans-serif;letter-spacing:.18em}.brand-copy small,.nav-caption{color:#53647b;font:7px 'JetBrains Mono',monospace;letter-spacing:.14em}.nav-caption{display:flex;justify-content:space-between;padding:22px 18px 9px}.nav-caption span{color:#2bb8b0}nav{padding:0 10px}.nav-item{position:relative;display:grid;grid-template-columns:34px 1fr auto;align-items:center;gap:10px;min-height:64px;padding:8px;color:#71829a;border:1px solid transparent;text-decoration:none;transition:.18s ease}.nav-item:hover{color:#dce9e8;background:rgba(43,184,176,.04)}.nav-item.active{color:#eef7f6;border-color:rgba(43,184,176,.18);background:linear-gradient(90deg,rgba(43,184,176,.12),rgba(43,184,176,.025))}.nav-item.active:before{content:"";position:absolute;left:-11px;top:12px;bottom:12px;width:2px;background:#2bb8b0;box-shadow:0 0 12px #2bb8b0}.nav-icon{display:grid;place-items:center;width:32px;height:32px;border:1px solid rgba(148,163,184,.12)}.active .nav-icon{color:#54d6cc;border-color:rgba(43,184,176,.35);background:rgba(43,184,176,.08)}.nav-copy{display:grid;gap:5px}.nav-copy b{font:500 9px 'JetBrains Mono',monospace;letter-spacing:.09em}.nav-copy small{font:9px Inter,sans-serif;color:#53647b}.nav-index{font:7px 'JetBrains Mono',monospace;color:#405067}.edge-card{margin:auto 12px 12px;padding:13px;border:1px solid rgba(148,163,184,.13);background:#070d19}.edge-head,.edge-vitals{display:flex;justify-content:space-between;align-items:center}.edge-head span,.edge-vitals{color:#53647b;font:7px 'JetBrains Mono',monospace;letter-spacing:.1em}.edge-head b{color:#a7b8c9;font:8px 'JetBrains Mono',monospace}.edge-card svg{width:100%;height:30px;margin:7px 0 2px}.edge-card polyline{fill:none;stroke:#fb7185;stroke-width:1.2;vector-effect:non-scaling-stroke;filter:drop-shadow(0 0 3px #fb718570)}.edge-vitals i{display:inline-block;width:5px;height:5px;margin-right:5px;border-radius:50%;background:#2bb8b0;box-shadow:0 0 7px #2bb8b0}.sidebar-footer{display:flex;align-items:center;gap:8px;padding:15px 18px;border-top:1px solid var(--nhm-border);color:#53647b;font:7px 'JetBrains Mono',monospace;letter-spacing:.11em}.sidebar-footer a{margin-left:auto;color:#71829a}.sys-dot{width:6px;height:6px;border-radius:50%;background:#2bb8b0;box-shadow:0 0 8px #2bb8b0}.sys-dot.offline{background:#fb7185;box-shadow:0 0 8px #fb7185}.dashboard-main{min-width:0;flex:1}.dashboard-header{position:sticky;top:0;z-index:20;display:flex;align-items:center;justify-content:space-between;height:58px;box-sizing:border-box;padding:0 clamp(18px,3vw,42px);border-bottom:1px solid var(--nhm-border);background:rgba(3,7,18,.88);backdrop-filter:blur(16px)}.header-route{display:flex;align-items:center;gap:11px;color:#71829a;font:8px 'JetBrains Mono',monospace;letter-spacing:.12em}.header-route i{width:24px;height:1px;background:#334155}.header-route b{color:#2bb8b0;font-weight:500}.header-readouts{display:flex;align-items:center;gap:24px}.header-readouts>span{color:#dbe7e7;font:500 11px 'Space Grotesk',sans-serif}.header-readouts small{margin-left:4px;color:#53647b;font:7px 'JetBrains Mono',monospace}.online{display:flex;align-items:center;color:#2bb8b0!important;font:7px 'JetBrains Mono',monospace!important;letter-spacing:.1em}.online i{width:6px;height:6px;margin-right:6px;border-radius:50%;background:#2bb8b0;box-shadow:0 0 8px #2bb8b0}.online.offline{color:#fb7185!important}.online.offline i{background:#fb7185}.dashboard-body{padding:clamp(20px,3vw,42px)}.menu-button,.scrim{display:none}@media(max-width:760px){.sidebar{position:fixed;transform:translateX(-102%);transition:transform .25s}.mobile-open .sidebar{transform:translateX(0)}.mobile-open .scrim{display:block;position:fixed;z-index:25;inset:0;border:0;background:rgba(0,0,0,.65)}.menu-button{display:grid;place-items:center;border:0;color:#b7c6d4;background:transparent}.header-route i,.header-route b,.header-readouts>span:not(.online){display:none}.dashboard-header{padding:0 14px}.dashboard-body{padding:18px 14px 36px}}
                                                                                                                                                                                                                                                                                                                                                                                                                                                                                                                                                                                                                                                                                                                                                                                                                                                                                                                                                                                                                                                                                                                                                                                                                                                                                                                                                                                                                                                                                                                                                                                                                                                                                                                                                                                                                                                                                                                                                                                                                                                                                                                                                                                                                                                                                                                                                                                                                                                                                                                                                                                                                                                                                     ^
41: </style>
42: 
7:10:52 pm [vite-plugin-svelte] src/lib/components/dashboard/DashboardShell.svelte:40:2577 Unused CSS selector ".edge-vitals"
https://svelte.dev/e/css_unused_selector
38: </div>
39: <style>
40:   .dashboard-shell{min-height:100vh;display:flex;background:var(--nhm-bg);color:var(--nhm-text);font-family:Inter,sans-serif}.sidebar{position:sticky;top:0;z-index:30;width:224px;height:100vh;flex:0 0 224px;box-sizing:border-box;border-right:1px solid var(--nhm-border);background:linear-gradient(180deg,#050a14,#040812);display:flex;flex-direction:column}.brand{display:flex;align-items:center;gap:12px;height:76px;box-sizing:border-box;padding:16px 18px;border-bottom:1px solid var(--nhm-border);color:inherit;text-decoration:none}.brand-mark{position:relative;display:grid;place-items:center;width:34px;height:34px;border:1px solid rgba(50,214,201,.45);background:rgba(43,184,176,.07)}.brand-mark:before,.brand-mark:after{content:"";position:absolute;background:#2bb8b0}.brand-mark:before{width:12px;height:1px;left:-6px;top:16px}.brand-mark:after{height:12px;width:1px;left:16px;top:-6px}.brand-mark i{position:absolute;inset:5px;border:1px solid rgba(43,184,176,.2)}.brand-mark b{font:600 13px 'Space Grotesk',sans-serif;color:#82e9e1}.brand-copy{display:grid;gap:3px}.brand-copy strong{font:600 14px 'Space Grotesk',sans-serif;letter-spacing:.18em}.brand-copy small,.nav-caption{color:#53647b;font:7px 'JetBrains Mono',monospace;letter-spacing:.14em}.nav-caption{display:flex;justify-content:space-between;padding:22px 18px 9px}.nav-caption span{color:#2bb8b0}nav{padding:0 10px}.nav-item{position:relative;display:grid;grid-template-columns:34px 1fr auto;align-items:center;gap:10px;min-height:64px;padding:8px;color:#71829a;border:1px solid transparent;text-decoration:none;transition:.18s ease}.nav-item:hover{color:#dce9e8;background:rgba(43,184,176,.04)}.nav-item.active{color:#eef7f6;border-color:rgba(43,184,176,.18);background:linear-gradient(90deg,rgba(43,184,176,.12),rgba(43,184,176,.025))}.nav-item.active:before{content:"";position:absolute;left:-11px;top:12px;bottom:12px;width:2px;background:#2bb8b0;box-shadow:0 0 12px #2bb8b0}.nav-icon{display:grid;place-items:center;width:32px;height:32px;border:1px solid rgba(148,163,184,.12)}.active .nav-icon{color:#54d6cc;border-color:rgba(43,184,176,.35);background:rgba(43,184,176,.08)}.nav-copy{display:grid;gap:5px}.nav-copy b{font:500 9px 'JetBrains Mono',monospace;letter-spacing:.09em}.nav-copy small{font:9px Inter,sans-serif;color:#53647b}.nav-index{font:7px 'JetBrains Mono',monospace;color:#405067}.edge-card{margin:auto 12px 12px;padding:13px;border:1px solid rgba(148,163,184,.13);background:#070d19}.edge-head,.edge-vitals{display:flex;justify-content:space-between;align-items:center}.edge-head span,.edge-vitals{color:#53647b;font:7px 'JetBrains Mono',monospace;letter-spacing:.1em}.edge-head b{color:#a7b8c9;font:8px 'JetBrains Mono',monospace}.edge-card svg{width:100%;height:30px;margin:7px 0 2px}.edge-card polyline{fill:none;stroke:#fb7185;stroke-width:1.2;vector-effect:non-scaling-stroke;filter:drop-shadow(0 0 3px #fb718570)}.edge-vitals i{display:inline-block;width:5px;height:5px;margin-right:5px;border-radius:50%;background:#2bb8b0;box-shadow:0 0 7px #2bb8b0}.sidebar-footer{display:flex;align-items:center;gap:8px;padding:15px 18px;border-top:1px solid var(--nhm-border);color:#53647b;font:7px 'JetBrains Mono',monospace;letter-spacing:.11em}.sidebar-footer a{margin-left:auto;color:#71829a}.sys-dot{width:6px;height:6px;border-radius:50%;background:#2bb8b0;box-shadow:0 0 8px #2bb8b0}.sys-dot.offline{background:#fb7185;box-shadow:0 0 8px #fb7185}.dashboard-main{min-width:0;flex:1}.dashboard-header{position:sticky;top:0;z-index:20;display:flex;align-items:center;justify-content:space-between;height:58px;box-sizing:border-box;padding:0 clamp(18px,3vw,42px);border-bottom:1px solid var(--nhm-border);background:rgba(3,7,18,.88);backdrop-filter:blur(16px)}.header-route{display:flex;align-items:center;gap:11px;color:#71829a;font:8px 'JetBrains Mono',monospace;letter-spacing:.12em}.header-route i{width:24px;height:1px;background:#334155}.header-route b{color:#2bb8b0;font-weight:500}.header-readouts{display:flex;align-items:center;gap:24px}.header-readouts>span{color:#dbe7e7;font:500 11px 'Space Grotesk',sans-serif}.header-readouts small{margin-left:4px;color:#53647b;font:7px 'JetBrains Mono',monospace}.online{display:flex;align-items:center;color:#2bb8b0!important;font:7px 'JetBrains Mono',monospace!important;letter-spacing:.1em}.online i{width:6px;height:6px;margin-right:6px;border-radius:50%;background:#2bb8b0;box-shadow:0 0 8px #2bb8b0}.online.offline{color:#fb7185!important}.online.offline i{background:#fb7185}.dashboard-body{padding:clamp(20px,3vw,42px)}.menu-button,.scrim{display:none}@media(max-width:760px){.sidebar{position:fixed;transform:translateX(-102%);transition:transform .25s}.mobile-open .sidebar{transform:translateX(0)}.mobile-open .scrim{display:block;position:fixed;z-index:25;inset:0;border:0;background:rgba(0,0,0,.65)}.menu-button{display:grid;place-items:center;border:0;color:#b7c6d4;background:transparent}.header-route i,.header-route b,.header-readouts>span:not(.online){display:none}.dashboard-header{padding:0 14px}.dashboard-body{padding:18px 14px 36px}}
                                                                                                                                                                                                                                                                                                                                                                                                                                                                                                                                                                                                                                                                                                                                                                                                                                                                                                                                                                                                                                                                                                                                                                                                                                                                                                                                                                                                                                                                                                                                                                                                                                                                                                                                                                                                                                                                                                                                                                                                                                                                                                                                                                                                                                                                                                                                                                                                                                                                                                                                                                                                                                                                                                  ^
41: </style>
42: 
7:10:52 pm [vite-plugin-svelte] src/lib/components/dashboard/DashboardShell.svelte:40:2660 Unused CSS selector ".edge-head b"
https://svelte.dev/e/css_unused_selector
38: </div>
39: <style>
40:   .dashboard-shell{min-height:100vh;display:flex;background:var(--nhm-bg);color:var(--nhm-text);font-family:Inter,sans-serif}.sidebar{position:sticky;top:0;z-index:30;width:224px;height:100vh;flex:0 0 224px;box-sizing:border-box;border-right:1px solid var(--nhm-border);background:linear-gradient(180deg,#050a14,#040812);display:flex;flex-direction:column}.brand{display:flex;align-items:center;gap:12px;height:76px;box-sizing:border-box;padding:16px 18px;border-bottom:1px solid var(--nhm-border);color:inherit;text-decoration:none}.brand-mark{position:relative;display:grid;place-items:center;width:34px;height:34px;border:1px solid rgba(50,214,201,.45);background:rgba(43,184,176,.07)}.brand-mark:before,.brand-mark:after{content:"";position:absolute;background:#2bb8b0}.brand-mark:before{width:12px;height:1px;left:-6px;top:16px}.brand-mark:after{height:12px;width:1px;left:16px;top:-6px}.brand-mark i{position:absolute;inset:5px;border:1px solid rgba(43,184,176,.2)}.brand-mark b{font:600 13px 'Space Grotesk',sans-serif;color:#82e9e1}.brand-copy{display:grid;gap:3px}.brand-copy strong{font:600 14px 'Space Grotesk',sans-serif;letter-spacing:.18em}.brand-copy small,.nav-caption{color:#53647b;font:7px 'JetBrains Mono',monospace;letter-spacing:.14em}.nav-caption{display:flex;justify-content:space-between;padding:22px 18px 9px}.nav-caption span{color:#2bb8b0}nav{padding:0 10px}.nav-item{position:relative;display:grid;grid-template-columns:34px 1fr auto;align-items:center;gap:10px;min-height:64px;padding:8px;color:#71829a;border:1px solid transparent;text-decoration:none;transition:.18s ease}.nav-item:hover{color:#dce9e8;background:rgba(43,184,176,.04)}.nav-item.active{color:#eef7f6;border-color:rgba(43,184,176,.18);background:linear-gradient(90deg,rgba(43,184,176,.12),rgba(43,184,176,.025))}.nav-item.active:before{content:"";position:absolute;left:-11px;top:12px;bottom:12px;width:2px;background:#2bb8b0;box-shadow:0 0 12px #2bb8b0}.nav-icon{display:grid;place-items:center;width:32px;height:32px;border:1px solid rgba(148,163,184,.12)}.active .nav-icon{color:#54d6cc;border-color:rgba(43,184,176,.35);background:rgba(43,184,176,.08)}.nav-copy{display:grid;gap:5px}.nav-copy b{font:500 9px 'JetBrains Mono',monospace;letter-spacing:.09em}.nav-copy small{font:9px Inter,sans-serif;color:#53647b}.nav-index{font:7px 'JetBrains Mono',monospace;color:#405067}.edge-card{margin:auto 12px 12px;padding:13px;border:1px solid rgba(148,163,184,.13);background:#070d19}.edge-head,.edge-vitals{display:flex;justify-content:space-between;align-items:center}.edge-head span,.edge-vitals{color:#53647b;font:7px 'JetBrains Mono',monospace;letter-spacing:.1em}.edge-head b{color:#a7b8c9;font:8px 'JetBrains Mono',monospace}.edge-card svg{width:100%;height:30px;margin:7px 0 2px}.edge-card polyline{fill:none;stroke:#fb7185;stroke-width:1.2;vector-effect:non-scaling-stroke;filter:drop-shadow(0 0 3px #fb718570)}.edge-vitals i{display:inline-block;width:5px;height:5px;margin-right:5px;border-radius:50%;background:#2bb8b0;box-shadow:0 0 7px #2bb8b0}.sidebar-footer{display:flex;align-items:center;gap:8px;padding:15px 18px;border-top:1px solid var(--nhm-border);color:#53647b;font:7px 'JetBrains Mono',monospace;letter-spacing:.11em}.sidebar-footer a{margin-left:auto;color:#71829a}.sys-dot{width:6px;height:6px;border-radius:50%;background:#2bb8b0;box-shadow:0 0 8px #2bb8b0}.sys-dot.offline{background:#fb7185;box-shadow:0 0 8px #fb7185}.dashboard-main{min-width:0;flex:1}.dashboard-header{position:sticky;top:0;z-index:20;display:flex;align-items:center;justify-content:space-between;height:58px;box-sizing:border-box;padding:0 clamp(18px,3vw,42px);border-bottom:1px solid var(--nhm-border);background:rgba(3,7,18,.88);backdrop-filter:blur(16px)}.header-route{display:flex;align-items:center;gap:11px;color:#71829a;font:8px 'JetBrains Mono',monospace;letter-spacing:.12em}.header-route i{width:24px;height:1px;background:#334155}.header-route b{color:#2bb8b0;font-weight:500}.header-readouts{display:flex;align-items:center;gap:24px}.header-readouts>span{color:#dbe7e7;font:500 11px 'Space Grotesk',sans-serif}.header-readouts small{margin-left:4px;color:#53647b;font:7px 'JetBrains Mono',monospace}.online{display:flex;align-items:center;color:#2bb8b0!important;font:7px 'JetBrains Mono',monospace!important;letter-spacing:.1em}.online i{width:6px;height:6px;margin-right:6px;border-radius:50%;background:#2bb8b0;box-shadow:0 0 8px #2bb8b0}.online.offline{color:#fb7185!important}.online.offline i{background:#fb7185}.dashboard-body{padding:clamp(20px,3vw,42px)}.menu-button,.scrim{display:none}@media(max-width:760px){.sidebar{position:fixed;transform:translateX(-102%);transition:transform .25s}.mobile-open .sidebar{transform:translateX(0)}.mobile-open .scrim{display:block;position:fixed;z-index:25;inset:0;border:0;background:rgba(0,0,0,.65)}.menu-button{display:grid;place-items:center;border:0;color:#b7c6d4;background:transparent}.header-route i,.header-route b,.header-readouts>span:not(.online){display:none}.dashboard-header{padding:0 14px}.dashboard-body{padding:18px 14px 36px}}
                                                                                                                                                                                                                                                                                                                                                                                                                                                                                                                                                                                                                                                                                                                                                                                                                                                                                                                                                                                                                                                                                                                                                                                                                                                                                                                                                                                                                                                                                                                                                                                                                                                                                                                                                                                                                                                                                                                                                                                                                                                                                                                                                                                                                                                                                                                                                                                                                                                                                                                                                                                                                                                                                                                                                                                     ^
41: </style>
42: 
7:10:52 pm [vite-plugin-svelte] src/lib/components/dashboard/DashboardShell.svelte:40:2723 Unused CSS selector ".edge-card svg"
https://svelte.dev/e/css_unused_selector
38: </div>
39: <style>
40:   .dashboard-shell{min-height:100vh;display:flex;background:var(--nhm-bg);color:var(--nhm-text);font-family:Inter,sans-serif}.sidebar{position:sticky;top:0;z-index:30;width:224px;height:100vh;flex:0 0 224px;box-sizing:border-box;border-right:1px solid var(--nhm-border);background:linear-gradient(180deg,#050a14,#040812);display:flex;flex-direction:column}.brand{display:flex;align-items:center;gap:12px;height:76px;box-sizing:border-box;padding:16px 18px;border-bottom:1px solid var(--nhm-border);color:inherit;text-decoration:none}.brand-mark{position:relative;display:grid;place-items:center;width:34px;height:34px;border:1px solid rgba(50,214,201,.45);background:rgba(43,184,176,.07)}.brand-mark:before,.brand-mark:after{content:"";position:absolute;background:#2bb8b0}.brand-mark:before{width:12px;height:1px;left:-6px;top:16px}.brand-mark:after{height:12px;width:1px;left:16px;top:-6px}.brand-mark i{position:absolute;inset:5px;border:1px solid rgba(43,184,176,.2)}.brand-mark b{font:600 13px 'Space Grotesk',sans-serif;color:#82e9e1}.brand-copy{display:grid;gap:3px}.brand-copy strong{font:600 14px 'Space Grotesk',sans-serif;letter-spacing:.18em}.brand-copy small,.nav-caption{color:#53647b;font:7px 'JetBrains Mono',monospace;letter-spacing:.14em}.nav-caption{display:flex;justify-content:space-between;padding:22px 18px 9px}.nav-caption span{color:#2bb8b0}nav{padding:0 10px}.nav-item{position:relative;display:grid;grid-template-columns:34px 1fr auto;align-items:center;gap:10px;min-height:64px;padding:8px;color:#71829a;border:1px solid transparent;text-decoration:none;transition:.18s ease}.nav-item:hover{color:#dce9e8;background:rgba(43,184,176,.04)}.nav-item.active{color:#eef7f6;border-color:rgba(43,184,176,.18);background:linear-gradient(90deg,rgba(43,184,176,.12),rgba(43,184,176,.025))}.nav-item.active:before{content:"";position:absolute;left:-11px;top:12px;bottom:12px;width:2px;background:#2bb8b0;box-shadow:0 0 12px #2bb8b0}.nav-icon{display:grid;place-items:center;width:32px;height:32px;border:1px solid rgba(148,163,184,.12)}.active .nav-icon{color:#54d6cc;border-color:rgba(43,184,176,.35);background:rgba(43,184,176,.08)}.nav-copy{display:grid;gap:5px}.nav-copy b{font:500 9px 'JetBrains Mono',monospace;letter-spacing:.09em}.nav-copy small{font:9px Inter,sans-serif;color:#53647b}.nav-index{font:7px 'JetBrains Mono',monospace;color:#405067}.edge-card{margin:auto 12px 12px;padding:13px;border:1px solid rgba(148,163,184,.13);background:#070d19}.edge-head,.edge-vitals{display:flex;justify-content:space-between;align-items:center}.edge-head span,.edge-vitals{color:#53647b;font:7px 'JetBrains Mono',monospace;letter-spacing:.1em}.edge-head b{color:#a7b8c9;font:8px 'JetBrains Mono',monospace}.edge-card svg{width:100%;height:30px;margin:7px 0 2px}.edge-card polyline{fill:none;stroke:#fb7185;stroke-width:1.2;vector-effect:non-scaling-stroke;filter:drop-shadow(0 0 3px #fb718570)}.edge-vitals i{display:inline-block;width:5px;height:5px;margin-right:5px;border-radius:50%;background:#2bb8b0;box-shadow:0 0 7px #2bb8b0}.sidebar-footer{display:flex;align-items:center;gap:8px;padding:15px 18px;border-top:1px solid var(--nhm-border);color:#53647b;font:7px 'JetBrains Mono',monospace;letter-spacing:.11em}.sidebar-footer a{margin-left:auto;color:#71829a}.sys-dot{width:6px;height:6px;border-radius:50%;background:#2bb8b0;box-shadow:0 0 8px #2bb8b0}.sys-dot.offline{background:#fb7185;box-shadow:0 0 8px #fb7185}.dashboard-main{min-width:0;flex:1}.dashboard-header{position:sticky;top:0;z-index:20;display:flex;align-items:center;justify-content:space-between;height:58px;box-sizing:border-box;padding:0 clamp(18px,3vw,42px);border-bottom:1px solid var(--nhm-border);background:rgba(3,7,18,.88);backdrop-filter:blur(16px)}.header-route{display:flex;align-items:center;gap:11px;color:#71829a;font:8px 'JetBrains Mono',monospace;letter-spacing:.12em}.header-route i{width:24px;height:1px;background:#334155}.header-route b{color:#2bb8b0;font-weight:500}.header-readouts{display:flex;align-items:center;gap:24px}.header-readouts>span{color:#dbe7e7;font:500 11px 'Space Grotesk',sans-serif}.header-readouts small{margin-left:4px;color:#53647b;font:7px 'JetBrains Mono',monospace}.online{display:flex;align-items:center;color:#2bb8b0!important;font:7px 'JetBrains Mono',monospace!important;letter-spacing:.1em}.online i{width:6px;height:6px;margin-right:6px;border-radius:50%;background:#2bb8b0;box-shadow:0 0 8px #2bb8b0}.online.offline{color:#fb7185!important}.online.offline i{background:#fb7185}.dashboard-body{padding:clamp(20px,3vw,42px)}.menu-button,.scrim{display:none}@media(max-width:760px){.sidebar{position:fixed;transform:translateX(-102%);transition:transform .25s}.mobile-open .sidebar{transform:translateX(0)}.mobile-open .scrim{display:block;position:fixed;z-index:25;inset:0;border:0;background:rgba(0,0,0,.65)}.menu-button{display:grid;place-items:center;border:0;color:#b7c6d4;background:transparent}.header-route i,.header-route b,.header-readouts>span:not(.online){display:none}.dashboard-header{padding:0 14px}.dashboard-body{padding:18px 14px 36px}}
                                                                                                                                                                                                                                                                                                                                                                                                                                                                                                                                                                                                                                                                                                                                                                                                                                                                                                                                                                                                                                                                                                                                                                                                                                                                                                                                                                                                                                                                                                                                                                                                                                                                                                                                                                                                                                                                                                                                                                                                                                                                                                                                                                                                                                                                                                                                                                                                                                                                                                                                                                                                                                                                                                                                                                                                                                                      ^
41: </style>
42: 
7:10:52 pm [vite-plugin-svelte] src/lib/components/dashboard/DashboardShell.svelte:40:2778 Unused CSS selector ".edge-card polyline"
https://svelte.dev/e/css_unused_selector
38: </div>
39: <style>
40:   .dashboard-shell{min-height:100vh;display:flex;background:var(--nhm-bg);color:var(--nhm-text);font-family:Inter,sans-serif}.sidebar{position:sticky;top:0;z-index:30;width:224px;height:100vh;flex:0 0 224px;box-sizing:border-box;border-right:1px solid var(--nhm-border);background:linear-gradient(180deg,#050a14,#040812);display:flex;flex-direction:column}.brand{display:flex;align-items:center;gap:12px;height:76px;box-sizing:border-box;padding:16px 18px;border-bottom:1px solid var(--nhm-border);color:inherit;text-decoration:none}.brand-mark{position:relative;display:grid;place-items:center;width:34px;height:34px;border:1px solid rgba(50,214,201,.45);background:rgba(43,184,176,.07)}.brand-mark:before,.brand-mark:after{content:"";position:absolute;background:#2bb8b0}.brand-mark:before{width:12px;height:1px;left:-6px;top:16px}.brand-mark:after{height:12px;width:1px;left:16px;top:-6px}.brand-mark i{position:absolute;inset:5px;border:1px solid rgba(43,184,176,.2)}.brand-mark b{font:600 13px 'Space Grotesk',sans-serif;color:#82e9e1}.brand-copy{display:grid;gap:3px}.brand-copy strong{font:600 14px 'Space Grotesk',sans-serif;letter-spacing:.18em}.brand-copy small,.nav-caption{color:#53647b;font:7px 'JetBrains Mono',monospace;letter-spacing:.14em}.nav-caption{display:flex;justify-content:space-between;padding:22px 18px 9px}.nav-caption span{color:#2bb8b0}nav{padding:0 10px}.nav-item{position:relative;display:grid;grid-template-columns:34px 1fr auto;align-items:center;gap:10px;min-height:64px;padding:8px;color:#71829a;border:1px solid transparent;text-decoration:none;transition:.18s ease}.nav-item:hover{color:#dce9e8;background:rgba(43,184,176,.04)}.nav-item.active{color:#eef7f6;border-color:rgba(43,184,176,.18);background:linear-gradient(90deg,rgba(43,184,176,.12),rgba(43,184,176,.025))}.nav-item.active:before{content:"";position:absolute;left:-11px;top:12px;bottom:12px;width:2px;background:#2bb8b0;box-shadow:0 0 12px #2bb8b0}.nav-icon{display:grid;place-items:center;width:32px;height:32px;border:1px solid rgba(148,163,184,.12)}.active .nav-icon{color:#54d6cc;border-color:rgba(43,184,176,.35);background:rgba(43,184,176,.08)}.nav-copy{display:grid;gap:5px}.nav-copy b{font:500 9px 'JetBrains Mono',monospace;letter-spacing:.09em}.nav-copy small{font:9px Inter,sans-serif;color:#53647b}.nav-index{font:7px 'JetBrains Mono',monospace;color:#405067}.edge-card{margin:auto 12px 12px;padding:13px;border:1px solid rgba(148,163,184,.13);background:#070d19}.edge-head,.edge-vitals{display:flex;justify-content:space-between;align-items:center}.edge-head span,.edge-vitals{color:#53647b;font:7px 'JetBrains Mono',monospace;letter-spacing:.1em}.edge-head b{color:#a7b8c9;font:8px 'JetBrains Mono',monospace}.edge-card svg{width:100%;height:30px;margin:7px 0 2px}.edge-card polyline{fill:none;stroke:#fb7185;stroke-width:1.2;vector-effect:non-scaling-stroke;filter:drop-shadow(0 0 3px #fb718570)}.edge-vitals i{display:inline-block;width:5px;height:5px;margin-right:5px;border-radius:50%;background:#2bb8b0;box-shadow:0 0 7px #2bb8b0}.sidebar-footer{display:flex;align-items:center;gap:8px;padding:15px 18px;border-top:1px solid var(--nhm-border);color:#53647b;font:7px 'JetBrains Mono',monospace;letter-spacing:.11em}.sidebar-footer a{margin-left:auto;color:#71829a}.sys-dot{width:6px;height:6px;border-radius:50%;background:#2bb8b0;box-shadow:0 0 8px #2bb8b0}.sys-dot.offline{background:#fb7185;box-shadow:0 0 8px #fb7185}.dashboard-main{min-width:0;flex:1}.dashboard-header{position:sticky;top:0;z-index:20;display:flex;align-items:center;justify-content:space-between;height:58px;box-sizing:border-box;padding:0 clamp(18px,3vw,42px);border-bottom:1px solid var(--nhm-border);background:rgba(3,7,18,.88);backdrop-filter:blur(16px)}.header-route{display:flex;align-items:center;gap:11px;color:#71829a;font:8px 'JetBrains Mono',monospace;letter-spacing:.12em}.header-route i{width:24px;height:1px;background:#334155}.header-route b{color:#2bb8b0;font-weight:500}.header-readouts{display:flex;align-items:center;gap:24px}.header-readouts>span{color:#dbe7e7;font:500 11px 'Space Grotesk',sans-serif}.header-readouts small{margin-left:4px;color:#53647b;font:7px 'JetBrains Mono',monospace}.online{display:flex;align-items:center;color:#2bb8b0!important;font:7px 'JetBrains Mono',monospace!important;letter-spacing:.1em}.online i{width:6px;height:6px;margin-right:6px;border-radius:50%;background:#2bb8b0;box-shadow:0 0 8px #2bb8b0}.online.offline{color:#fb7185!important}.online.offline i{background:#fb7185}.dashboard-body{padding:clamp(20px,3vw,42px)}.menu-button,.scrim{display:none}@media(max-width:760px){.sidebar{position:fixed;transform:translateX(-102%);transition:transform .25s}.mobile-open .sidebar{transform:translateX(0)}.mobile-open .scrim{display:block;position:fixed;z-index:25;inset:0;border:0;background:rgba(0,0,0,.65)}.menu-button{display:grid;place-items:center;border:0;color:#b7c6d4;background:transparent}.header-route i,.header-route b,.header-readouts>span:not(.online){display:none}.dashboard-header{padding:0 14px}.dashboard-body{padding:18px 14px 36px}}
                                                                                                                                                                                                                                                                                                                                                                                                                                                                                                                                                                                                                                                                                                                                                                                                                                                                                                                                                                                                                                                                                                                                                                                                                                                                                                                                                                                                                                                                                                                                                                                                                                                                                                                                                                                                                                                                                                                                                                                                                                                                                                                                                                                                                                                                                                                                                                                                                                                                                                                                                                                                                                                                                                                                                                                                                                                                                                                  ^
41: </style>
42: 
7:10:52 pm [vite-plugin-svelte] src/lib/components/dashboard/DashboardShell.svelte:40:2911 Unused CSS selector ".edge-vitals i"
https://svelte.dev/e/css_unused_selector
38: </div>
39: <style>
40:   .dashboard-shell{min-height:100vh;display:flex;background:var(--nhm-bg);color:var(--nhm-text);font-family:Inter,sans-serif}.sidebar{position:sticky;top:0;z-index:30;width:224px;height:100vh;flex:0 0 224px;box-sizing:border-box;border-right:1px solid var(--nhm-border);background:linear-gradient(180deg,#050a14,#040812);display:flex;flex-direction:column}.brand{display:flex;align-items:center;gap:12px;height:76px;box-sizing:border-box;padding:16px 18px;border-bottom:1px solid var(--nhm-border);color:inherit;text-decoration:none}.brand-mark{position:relative;display:grid;place-items:center;width:34px;height:34px;border:1px solid rgba(50,214,201,.45);background:rgba(43,184,176,.07)}.brand-mark:before,.brand-mark:after{content:"";position:absolute;background:#2bb8b0}.brand-mark:before{width:12px;height:1px;left:-6px;top:16px}.brand-mark:after{height:12px;width:1px;left:16px;top:-6px}.brand-mark i{position:absolute;inset:5px;border:1px solid rgba(43,184,176,.2)}.brand-mark b{font:600 13px 'Space Grotesk',sans-serif;color:#82e9e1}.brand-copy{display:grid;gap:3px}.brand-copy strong{font:600 14px 'Space Grotesk',sans-serif;letter-spacing:.18em}.brand-copy small,.nav-caption{color:#53647b;font:7px 'JetBrains Mono',monospace;letter-spacing:.14em}.nav-caption{display:flex;justify-content:space-between;padding:22px 18px 9px}.nav-caption span{color:#2bb8b0}nav{padding:0 10px}.nav-item{position:relative;display:grid;grid-template-columns:34px 1fr auto;align-items:center;gap:10px;min-height:64px;padding:8px;color:#71829a;border:1px solid transparent;text-decoration:none;transition:.18s ease}.nav-item:hover{color:#dce9e8;background:rgba(43,184,176,.04)}.nav-item.active{color:#eef7f6;border-color:rgba(43,184,176,.18);background:linear-gradient(90deg,rgba(43,184,176,.12),rgba(43,184,176,.025))}.nav-item.active:before{content:"";position:absolute;left:-11px;top:12px;bottom:12px;width:2px;background:#2bb8b0;box-shadow:0 0 12px #2bb8b0}.nav-icon{display:grid;place-items:center;width:32px;height:32px;border:1px solid rgba(148,163,184,.12)}.active .nav-icon{color:#54d6cc;border-color:rgba(43,184,176,.35);background:rgba(43,184,176,.08)}.nav-copy{display:grid;gap:5px}.nav-copy b{font:500 9px 'JetBrains Mono',monospace;letter-spacing:.09em}.nav-copy small{font:9px Inter,sans-serif;color:#53647b}.nav-index{font:7px 'JetBrains Mono',monospace;color:#405067}.edge-card{margin:auto 12px 12px;padding:13px;border:1px solid rgba(148,163,184,.13);background:#070d19}.edge-head,.edge-vitals{display:flex;justify-content:space-between;align-items:center}.edge-head span,.edge-vitals{color:#53647b;font:7px 'JetBrains Mono',monospace;letter-spacing:.1em}.edge-head b{color:#a7b8c9;font:8px 'JetBrains Mono',monospace}.edge-card svg{width:100%;height:30px;margin:7px 0 2px}.edge-card polyline{fill:none;stroke:#fb7185;stroke-width:1.2;vector-effect:non-scaling-stroke;filter:drop-shadow(0 0 3px #fb718570)}.edge-vitals i{display:inline-block;width:5px;height:5px;margin-right:5px;border-radius:50%;background:#2bb8b0;box-shadow:0 0 7px #2bb8b0}.sidebar-footer{display:flex;align-items:center;gap:8px;padding:15px 18px;border-top:1px solid var(--nhm-border);color:#53647b;font:7px 'JetBrains Mono',monospace;letter-spacing:.11em}.sidebar-footer a{margin-left:auto;color:#71829a}.sys-dot{width:6px;height:6px;border-radius:50%;background:#2bb8b0;box-shadow:0 0 8px #2bb8b0}.sys-dot.offline{background:#fb7185;box-shadow:0 0 8px #fb7185}.dashboard-main{min-width:0;flex:1}.dashboard-header{position:sticky;top:0;z-index:20;display:flex;align-items:center;justify-content:space-between;height:58px;box-sizing:border-box;padding:0 clamp(18px,3vw,42px);border-bottom:1px solid var(--nhm-border);background:rgba(3,7,18,.88);backdrop-filter:blur(16px)}.header-route{display:flex;align-items:center;gap:11px;color:#71829a;font:8px 'JetBrains Mono',monospace;letter-spacing:.12em}.header-route i{width:24px;height:1px;background:#334155}.header-route b{color:#2bb8b0;font-weight:500}.header-readouts{display:flex;align-items:center;gap:24px}.header-readouts>span{color:#dbe7e7;font:500 11px 'Space Grotesk',sans-serif}.header-readouts small{margin-left:4px;color:#53647b;font:7px 'JetBrains Mono',monospace}.online{display:flex;align-items:center;color:#2bb8b0!important;font:7px 'JetBrains Mono',monospace!important;letter-spacing:.1em}.online i{width:6px;height:6px;margin-right:6px;border-radius:50%;background:#2bb8b0;box-shadow:0 0 8px #2bb8b0}.online.offline{color:#fb7185!important}.online.offline i{background:#fb7185}.dashboard-body{padding:clamp(20px,3vw,42px)}.menu-button,.scrim{display:none}@media(max-width:760px){.sidebar{position:fixed;transform:translateX(-102%);transition:transform .25s}.mobile-open .sidebar{transform:translateX(0)}.mobile-open .scrim{display:block;position:fixed;z-index:25;inset:0;border:0;background:rgba(0,0,0,.65)}.menu-button{display:grid;place-items:center;border:0;color:#b7c6d4;background:transparent}.header-route i,.header-route b,.header-readouts>span:not(.online){display:none}.dashboard-header{padding:0 14px}.dashboard-body{padding:18px 14px 36px}}
                                                                                                                                                                                                                                                                                                                                                                                                                                                                                                                                                                                                                                                                                                                                                                                                                                                                                                                                                                                                                                                                                                                                                                                                                                                                                                                                                                                                                                                                                                                                                                                                                                                                                                                                                                                                                                                                                                                                                                                                                                                                                                                                                                                                                                                                                                                                                                                                                                                                                                                                                                                                                                                                                                                                                                                                                                                                                                                                                                                                                                                  ^
41: </style>
42: 
7:10:52 pm [vite-plugin-svelte] src/lib/components/dashboard/DashboardShell.svelte:40:3875 Unused CSS selector ".header-route i"
https://svelte.dev/e/css_unused_selector
38: </div>
39: <style>
40:   .dashboard-shell{min-height:100vh;display:flex;background:var(--nhm-bg);color:var(--nhm-text);font-family:Inter,sans-serif}.sidebar{position:sticky;top:0;z-index:30;width:224px;height:100vh;flex:0 0 224px;box-sizing:border-box;border-right:1px solid var(--nhm-border);background:linear-gradient(180deg,#050a14,#040812);display:flex;flex-direction:column}.brand{display:flex;align-items:center;gap:12px;height:76px;box-sizing:border-box;padding:16px 18px;border-bottom:1px solid var(--nhm-border);color:inherit;text-decoration:none}.brand-mark{position:relative;display:grid;place-items:center;width:34px;height:34px;border:1px solid rgba(50,214,201,.45);background:rgba(43,184,176,.07)}.brand-mark:before,.brand-mark:after{content:"";position:absolute;background:#2bb8b0}.brand-mark:before{width:12px;height:1px;left:-6px;top:16px}.brand-mark:after{height:12px;width:1px;left:16px;top:-6px}.brand-mark i{position:absolute;inset:5px;border:1px solid rgba(43,184,176,.2)}.brand-mark b{font:600 13px 'Space Grotesk',sans-serif;color:#82e9e1}.brand-copy{display:grid;gap:3px}.brand-copy strong{font:600 14px 'Space Grotesk',sans-serif;letter-spacing:.18em}.brand-copy small,.nav-caption{color:#53647b;font:7px 'JetBrains Mono',monospace;letter-spacing:.14em}.nav-caption{display:flex;justify-content:space-between;padding:22px 18px 9px}.nav-caption span{color:#2bb8b0}nav{padding:0 10px}.nav-item{position:relative;display:grid;grid-template-columns:34px 1fr auto;align-items:center;gap:10px;min-height:64px;padding:8px;color:#71829a;border:1px solid transparent;text-decoration:none;transition:.18s ease}.nav-item:hover{color:#dce9e8;background:rgba(43,184,176,.04)}.nav-item.active{color:#eef7f6;border-color:rgba(43,184,176,.18);background:linear-gradient(90deg,rgba(43,184,176,.12),rgba(43,184,176,.025))}.nav-item.active:before{content:"";position:absolute;left:-11px;top:12px;bottom:12px;width:2px;background:#2bb8b0;box-shadow:0 0 12px #2bb8b0}.nav-icon{display:grid;place-items:center;width:32px;height:32px;border:1px solid rgba(148,163,184,.12)}.active .nav-icon{color:#54d6cc;border-color:rgba(43,184,176,.35);background:rgba(43,184,176,.08)}.nav-copy{display:grid;gap:5px}.nav-copy b{font:500 9px 'JetBrains Mono',monospace;letter-spacing:.09em}.nav-copy small{font:9px Inter,sans-serif;color:#53647b}.nav-index{font:7px 'JetBrains Mono',monospace;color:#405067}.edge-card{margin:auto 12px 12px;padding:13px;border:1px solid rgba(148,163,184,.13);background:#070d19}.edge-head,.edge-vitals{display:flex;justify-content:space-between;align-items:center}.edge-head span,.edge-vitals{color:#53647b;font:7px 'JetBrains Mono',monospace;letter-spacing:.1em}.edge-head b{color:#a7b8c9;font:8px 'JetBrains Mono',monospace}.edge-card svg{width:100%;height:30px;margin:7px 0 2px}.edge-card polyline{fill:none;stroke:#fb7185;stroke-width:1.2;vector-effect:non-scaling-stroke;filter:drop-shadow(0 0 3px #fb718570)}.edge-vitals i{display:inline-block;width:5px;height:5px;margin-right:5px;border-radius:50%;background:#2bb8b0;box-shadow:0 0 7px #2bb8b0}.sidebar-footer{display:flex;align-items:center;gap:8px;padding:15px 18px;border-top:1px solid var(--nhm-border);color:#53647b;font:7px 'JetBrains Mono',monospace;letter-spacing:.11em}.sidebar-footer a{margin-left:auto;color:#71829a}.sys-dot{width:6px;height:6px;border-radius:50%;background:#2bb8b0;box-shadow:0 0 8px #2bb8b0}.sys-dot.offline{background:#fb7185;box-shadow:0 0 8px #fb7185}.dashboard-main{min-width:0;flex:1}.dashboard-header{position:sticky;top:0;z-index:20;display:flex;align-items:center;justify-content:space-between;height:58px;box-sizing:border-box;padding:0 clamp(18px,3vw,42px);border-bottom:1px solid var(--nhm-border);background:rgba(3,7,18,.88);backdrop-filter:blur(16px)}.header-route{display:flex;align-items:center;gap:11px;color:#71829a;font:8px 'JetBrains Mono',monospace;letter-spacing:.12em}.header-route i{width:24px;height:1px;background:#334155}.header-route b{color:#2bb8b0;font-weight:500}.header-readouts{display:flex;align-items:center;gap:24px}.header-readouts>span{color:#dbe7e7;font:500 11px 'Space Grotesk',sans-serif}.header-readouts small{margin-left:4px;color:#53647b;font:7px 'JetBrains Mono',monospace}.online{display:flex;align-items:center;color:#2bb8b0!important;font:7px 'JetBrains Mono',monospace!important;letter-spacing:.1em}.online i{width:6px;height:6px;margin-right:6px;border-radius:50%;background:#2bb8b0;box-shadow:0 0 8px #2bb8b0}.online.offline{color:#fb7185!important}.online.offline i{background:#fb7185}.dashboard-body{padding:clamp(20px,3vw,42px)}.menu-button,.scrim{display:none}@media(max-width:760px){.sidebar{position:fixed;transform:translateX(-102%);transition:transform .25s}.mobile-open .sidebar{transform:translateX(0)}.mobile-open .scrim{display:block;position:fixed;z-index:25;inset:0;border:0;background:rgba(0,0,0,.65)}.menu-button{display:grid;place-items:center;border:0;color:#b7c6d4;background:transparent}.header-route i,.header-route b,.header-readouts>span:not(.online){display:none}.dashboard-header{padding:0 14px}.dashboard-body{padding:18px 14px 36px}}
                                                                                                                                                                                                                                                                                                                                                                                                                                                                                                                                                                                                                                                                                                                                                                                                                                                                                                                                                                                                                                                                                                                                                                                                                                                                                                                                                                                                                                                                                                                                                                                                                                                                                                                                                                                                                                                                                                                                                                                                                                                                                                                                                                                                                                                                                                                                                                                                                                                                                                                                                                                                                                                                                                                                                                                                                                                                                                                                                                                                                                                                                                                                                                                                                                                                                                                                                                                                                                                                                                                                                                                                                                                                                                                                                                                                                                                                                                                                                                                                                                                       ^
41: </style>
42: 
7:10:52 pm [vite-plugin-svelte] src/lib/components/dashboard/DashboardShell.svelte:40:3932 Unused CSS selector ".header-route b"
https://svelte.dev/e/css_unused_selector
38: </div>
39: <style>
40:   .dashboard-shell{min-height:100vh;display:flex;background:var(--nhm-bg);color:var(--nhm-text);font-family:Inter,sans-serif}.sidebar{position:sticky;top:0;z-index:30;width:224px;height:100vh;flex:0 0 224px;box-sizing:border-box;border-right:1px solid var(--nhm-border);background:linear-gradient(180deg,#050a14,#040812);display:flex;flex-direction:column}.brand{display:flex;align-items:center;gap:12px;height:76px;box-sizing:border-box;padding:16px 18px;border-bottom:1px solid var(--nhm-border);color:inherit;text-decoration:none}.brand-mark{position:relative;display:grid;place-items:center;width:34px;height:34px;border:1px solid rgba(50,214,201,.45);background:rgba(43,184,176,.07)}.brand-mark:before,.brand-mark:after{content:"";position:absolute;background:#2bb8b0}.brand-mark:before{width:12px;height:1px;left:-6px;top:16px}.brand-mark:after{height:12px;width:1px;left:16px;top:-6px}.brand-mark i{position:absolute;inset:5px;border:1px solid rgba(43,184,176,.2)}.brand-mark b{font:600 13px 'Space Grotesk',sans-serif;color:#82e9e1}.brand-copy{display:grid;gap:3px}.brand-copy strong{font:600 14px 'Space Grotesk',sans-serif;letter-spacing:.18em}.brand-copy small,.nav-caption{color:#53647b;font:7px 'JetBrains Mono',monospace;letter-spacing:.14em}.nav-caption{display:flex;justify-content:space-between;padding:22px 18px 9px}.nav-caption span{color:#2bb8b0}nav{padding:0 10px}.nav-item{position:relative;display:grid;grid-template-columns:34px 1fr auto;align-items:center;gap:10px;min-height:64px;padding:8px;color:#71829a;border:1px solid transparent;text-decoration:none;transition:.18s ease}.nav-item:hover{color:#dce9e8;background:rgba(43,184,176,.04)}.nav-item.active{color:#eef7f6;border-color:rgba(43,184,176,.18);background:linear-gradient(90deg,rgba(43,184,176,.12),rgba(43,184,176,.025))}.nav-item.active:before{content:"";position:absolute;left:-11px;top:12px;bottom:12px;width:2px;background:#2bb8b0;box-shadow:0 0 12px #2bb8b0}.nav-icon{display:grid;place-items:center;width:32px;height:32px;border:1px solid rgba(148,163,184,.12)}.active .nav-icon{color:#54d6cc;border-color:rgba(43,184,176,.35);background:rgba(43,184,176,.08)}.nav-copy{display:grid;gap:5px}.nav-copy b{font:500 9px 'JetBrains Mono',monospace;letter-spacing:.09em}.nav-copy small{font:9px Inter,sans-serif;color:#53647b}.nav-index{font:7px 'JetBrains Mono',monospace;color:#405067}.edge-card{margin:auto 12px 12px;padding:13px;border:1px solid rgba(148,163,184,.13);background:#070d19}.edge-head,.edge-vitals{display:flex;justify-content:space-between;align-items:center}.edge-head span,.edge-vitals{color:#53647b;font:7px 'JetBrains Mono',monospace;letter-spacing:.1em}.edge-head b{color:#a7b8c9;font:8px 'JetBrains Mono',monospace}.edge-card svg{width:100%;height:30px;margin:7px 0 2px}.edge-card polyline{fill:none;stroke:#fb7185;stroke-width:1.2;vector-effect:non-scaling-stroke;filter:drop-shadow(0 0 3px #fb718570)}.edge-vitals i{display:inline-block;width:5px;height:5px;margin-right:5px;border-radius:50%;background:#2bb8b0;box-shadow:0 0 7px #2bb8b0}.sidebar-footer{display:flex;align-items:center;gap:8px;padding:15px 18px;border-top:1px solid var(--nhm-border);color:#53647b;font:7px 'JetBrains Mono',monospace;letter-spacing:.11em}.sidebar-footer a{margin-left:auto;color:#71829a}.sys-dot{width:6px;height:6px;border-radius:50%;background:#2bb8b0;box-shadow:0 0 8px #2bb8b0}.sys-dot.offline{background:#fb7185;box-shadow:0 0 8px #fb7185}.dashboard-main{min-width:0;flex:1}.dashboard-header{position:sticky;top:0;z-index:20;display:flex;align-items:center;justify-content:space-between;height:58px;box-sizing:border-box;padding:0 clamp(18px,3vw,42px);border-bottom:1px solid var(--nhm-border);background:rgba(3,7,18,.88);backdrop-filter:blur(16px)}.header-route{display:flex;align-items:center;gap:11px;color:#71829a;font:8px 'JetBrains Mono',monospace;letter-spacing:.12em}.header-route i{width:24px;height:1px;background:#334155}.header-route b{color:#2bb8b0;font-weight:500}.header-readouts{display:flex;align-items:center;gap:24px}.header-readouts>span{color:#dbe7e7;font:500 11px 'Space Grotesk',sans-serif}.header-readouts small{margin-left:4px;color:#53647b;font:7px 'JetBrains Mono',monospace}.online{display:flex;align-items:center;color:#2bb8b0!important;font:7px 'JetBrains Mono',monospace!important;letter-spacing:.1em}.online i{width:6px;height:6px;margin-right:6px;border-radius:50%;background:#2bb8b0;box-shadow:0 0 8px #2bb8b0}.online.offline{color:#fb7185!important}.online.offline i{background:#fb7185}.dashboard-body{padding:clamp(20px,3vw,42px)}.menu-button,.scrim{display:none}@media(max-width:760px){.sidebar{position:fixed;transform:translateX(-102%);transition:transform .25s}.mobile-open .sidebar{transform:translateX(0)}.mobile-open .scrim{display:block;position:fixed;z-index:25;inset:0;border:0;background:rgba(0,0,0,.65)}.menu-button{display:grid;place-items:center;border:0;color:#b7c6d4;background:transparent}.header-route i,.header-route b,.header-readouts>span:not(.online){display:none}.dashboard-header{padding:0 14px}.dashboard-body{padding:18px 14px 36px}}
                                                                                                                                                                                                                                                                                                                                                                                                                                                                                                                                                                                                                                                                                                                                                                                                                                                                                                                                                                                                                                                                                                                                                                                                                                                                                                                                                                                                                                                                                                                                                                                                                                                                                                                                                                                                                                                                                                                                                                                                                                                                                                                                                                                                                                                                                                                                                                                                                                                                                                                                                                                                                                                                                                                                                                                                                                                                                                                                                                                                                                                                                                                                                                                                                                                                                                                                                                                                                                                                                                                                                                                                                                                                                                                                                                                                                                                                                                                                                                                                                                                                                                                ^
41: </style>
42: 
7:10:52 pm [vite-plugin-svelte] src/lib/components/dashboard/DashboardShell.svelte:40:4113 Unused CSS selector ".header-readouts small"
https://svelte.dev/e/css_unused_selector
38: </div>
39: <style>
40:   .dashboard-shell{min-height:100vh;display:flex;background:var(--nhm-bg);color:var(--nhm-text);font-family:Inter,sans-serif}.sidebar{position:sticky;top:0;z-index:30;width:224px;height:100vh;flex:0 0 224px;box-sizing:border-box;border-right:1px solid var(--nhm-border);background:linear-gradient(180deg,#050a14,#040812);display:flex;flex-direction:column}.brand{display:flex;align-items:center;gap:12px;height:76px;box-sizing:border-box;padding:16px 18px;border-bottom:1px solid var(--nhm-border);color:inherit;text-decoration:none}.brand-mark{position:relative;display:grid;place-items:center;width:34px;height:34px;border:1px solid rgba(50,214,201,.45);background:rgba(43,184,176,.07)}.brand-mark:before,.brand-mark:after{content:"";position:absolute;background:#2bb8b0}.brand-mark:before{width:12px;height:1px;left:-6px;top:16px}.brand-mark:after{height:12px;width:1px;left:16px;top:-6px}.brand-mark i{position:absolute;inset:5px;border:1px solid rgba(43,184,176,.2)}.brand-mark b{font:600 13px 'Space Grotesk',sans-serif;color:#82e9e1}.brand-copy{display:grid;gap:3px}.brand-copy strong{font:600 14px 'Space Grotesk',sans-serif;letter-spacing:.18em}.brand-copy small,.nav-caption{color:#53647b;font:7px 'JetBrains Mono',monospace;letter-spacing:.14em}.nav-caption{display:flex;justify-content:space-between;padding:22px 18px 9px}.nav-caption span{color:#2bb8b0}nav{padding:0 10px}.nav-item{position:relative;display:grid;grid-template-columns:34px 1fr auto;align-items:center;gap:10px;min-height:64px;padding:8px;color:#71829a;border:1px solid transparent;text-decoration:none;transition:.18s ease}.nav-item:hover{color:#dce9e8;background:rgba(43,184,176,.04)}.nav-item.active{color:#eef7f6;border-color:rgba(43,184,176,.18);background:linear-gradient(90deg,rgba(43,184,176,.12),rgba(43,184,176,.025))}.nav-item.active:before{content:"";position:absolute;left:-11px;top:12px;bottom:12px;width:2px;background:#2bb8b0;box-shadow:0 0 12px #2bb8b0}.nav-icon{display:grid;place-items:center;width:32px;height:32px;border:1px solid rgba(148,163,184,.12)}.active .nav-icon{color:#54d6cc;border-color:rgba(43,184,176,.35);background:rgba(43,184,176,.08)}.nav-copy{display:grid;gap:5px}.nav-copy b{font:500 9px 'JetBrains Mono',monospace;letter-spacing:.09em}.nav-copy small{font:9px Inter,sans-serif;color:#53647b}.nav-index{font:7px 'JetBrains Mono',monospace;color:#405067}.edge-card{margin:auto 12px 12px;padding:13px;border:1px solid rgba(148,163,184,.13);background:#070d19}.edge-head,.edge-vitals{display:flex;justify-content:space-between;align-items:center}.edge-head span,.edge-vitals{color:#53647b;font:7px 'JetBrains Mono',monospace;letter-spacing:.1em}.edge-head b{color:#a7b8c9;font:8px 'JetBrains Mono',monospace}.edge-card svg{width:100%;height:30px;margin:7px 0 2px}.edge-card polyline{fill:none;stroke:#fb7185;stroke-width:1.2;vector-effect:non-scaling-stroke;filter:drop-shadow(0 0 3px #fb718570)}.edge-vitals i{display:inline-block;width:5px;height:5px;margin-right:5px;border-radius:50%;background:#2bb8b0;box-shadow:0 0 7px #2bb8b0}.sidebar-footer{display:flex;align-items:center;gap:8px;padding:15px 18px;border-top:1px solid var(--nhm-border);color:#53647b;font:7px 'JetBrains Mono',monospace;letter-spacing:.11em}.sidebar-footer a{margin-left:auto;color:#71829a}.sys-dot{width:6px;height:6px;border-radius:50%;background:#2bb8b0;box-shadow:0 0 8px #2bb8b0}.sys-dot.offline{background:#fb7185;box-shadow:0 0 8px #fb7185}.dashboard-main{min-width:0;flex:1}.dashboard-header{position:sticky;top:0;z-index:20;display:flex;align-items:center;justify-content:space-between;height:58px;box-sizing:border-box;padding:0 clamp(18px,3vw,42px);border-bottom:1px solid var(--nhm-border);background:rgba(3,7,18,.88);backdrop-filter:blur(16px)}.header-route{display:flex;align-items:center;gap:11px;color:#71829a;font:8px 'JetBrains Mono',monospace;letter-spacing:.12em}.header-route i{width:24px;height:1px;background:#334155}.header-route b{color:#2bb8b0;font-weight:500}.header-readouts{display:flex;align-items:center;gap:24px}.header-readouts>span{color:#dbe7e7;font:500 11px 'Space Grotesk',sans-serif}.header-readouts small{margin-left:4px;color:#53647b;font:7px 'JetBrains Mono',monospace}.online{display:flex;align-items:center;color:#2bb8b0!important;font:7px 'JetBrains Mono',monospace!important;letter-spacing:.1em}.online i{width:6px;height:6px;margin-right:6px;border-radius:50%;background:#2bb8b0;box-shadow:0 0 8px #2bb8b0}.online.offline{color:#fb7185!important}.online.offline i{background:#fb7185}.dashboard-body{padding:clamp(20px,3vw,42px)}.menu-button,.scrim{display:none}@media(max-width:760px){.sidebar{position:fixed;transform:translateX(-102%);transition:transform .25s}.mobile-open .sidebar{transform:translateX(0)}.mobile-open .scrim{display:block;position:fixed;z-index:25;inset:0;border:0;background:rgba(0,0,0,.65)}.menu-button{display:grid;place-items:center;border:0;color:#b7c6d4;background:transparent}.header-route i,.header-route b,.header-readouts>span:not(.online){display:none}.dashboard-header{padding:0 14px}.dashboard-body{padding:18px 14px 36px}}
                                                                                                                                                                                                                                                                                                                                                                                                                                                                                                                                                                                                                                                                                                                                                                                                                                                                                                                                                                                                                                                                                                                                                                                                                                                                                                                                                                                                                                                                                                                                                                                                                                                                                                                                                                                                                                                                                                                                                                                                                                                                                                                                                                                                                                                                                                                                                                                                                                                                                                                                                                                                                                                                                                                                                                                                                                                                                                                                                                                                                                                                                                                                                                                                                                                                                                                                                                                                                                                                                                                                                                                                                                                                                                                                                                                                                                                                                                                                                                                                                                                                                                                                                                                                                                                                                                            ^
41: </style>
42: 
7:10:52 pm [vite-plugin-svelte] src/lib/components/dashboard/DashboardShell.svelte:40:4942 Unused CSS selector ".header-route i"
https://svelte.dev/e/css_unused_selector
38: </div>
39: <style>
40:   .dashboard-shell{min-height:100vh;display:flex;background:var(--nhm-bg);color:var(--nhm-text);font-family:Inter,sans-serif}.sidebar{position:sticky;top:0;z-index:30;width:224px;height:100vh;flex:0 0 224px;box-sizing:border-box;border-right:1px solid var(--nhm-border);background:linear-gradient(180deg,#050a14,#040812);display:flex;flex-direction:column}.brand{display:flex;align-items:center;gap:12px;height:76px;box-sizing:border-box;padding:16px 18px;border-bottom:1px solid var(--nhm-border);color:inherit;text-decoration:none}.brand-mark{position:relative;display:grid;place-items:center;width:34px;height:34px;border:1px solid rgba(50,214,201,.45);background:rgba(43,184,176,.07)}.brand-mark:before,.brand-mark:after{content:"";position:absolute;background:#2bb8b0}.brand-mark:before{width:12px;height:1px;left:-6px;top:16px}.brand-mark:after{height:12px;width:1px;left:16px;top:-6px}.brand-mark i{position:absolute;inset:5px;border:1px solid rgba(43,184,176,.2)}.brand-mark b{font:600 13px 'Space Grotesk',sans-serif;color:#82e9e1}.brand-copy{display:grid;gap:3px}.brand-copy strong{font:600 14px 'Space Grotesk',sans-serif;letter-spacing:.18em}.brand-copy small,.nav-caption{color:#53647b;font:7px 'JetBrains Mono',monospace;letter-spacing:.14em}.nav-caption{display:flex;justify-content:space-between;padding:22px 18px 9px}.nav-caption span{color:#2bb8b0}nav{padding:0 10px}.nav-item{position:relative;display:grid;grid-template-columns:34px 1fr auto;align-items:center;gap:10px;min-height:64px;padding:8px;color:#71829a;border:1px solid transparent;text-decoration:none;transition:.18s ease}.nav-item:hover{color:#dce9e8;background:rgba(43,184,176,.04)}.nav-item.active{color:#eef7f6;border-color:rgba(43,184,176,.18);background:linear-gradient(90deg,rgba(43,184,176,.12),rgba(43,184,176,.025))}.nav-item.active:before{content:"";position:absolute;left:-11px;top:12px;bottom:12px;width:2px;background:#2bb8b0;box-shadow:0 0 12px #2bb8b0}.nav-icon{display:grid;place-items:center;width:32px;height:32px;border:1px solid rgba(148,163,184,.12)}.active .nav-icon{color:#54d6cc;border-color:rgba(43,184,176,.35);background:rgba(43,184,176,.08)}.nav-copy{display:grid;gap:5px}.nav-copy b{font:500 9px 'JetBrains Mono',monospace;letter-spacing:.09em}.nav-copy small{font:9px Inter,sans-serif;color:#53647b}.nav-index{font:7px 'JetBrains Mono',monospace;color:#405067}.edge-card{margin:auto 12px 12px;padding:13px;border:1px solid rgba(148,163,184,.13);background:#070d19}.edge-head,.edge-vitals{display:flex;justify-content:space-between;align-items:center}.edge-head span,.edge-vitals{color:#53647b;font:7px 'JetBrains Mono',monospace;letter-spacing:.1em}.edge-head b{color:#a7b8c9;font:8px 'JetBrains Mono',monospace}.edge-card svg{width:100%;height:30px;margin:7px 0 2px}.edge-card polyline{fill:none;stroke:#fb7185;stroke-width:1.2;vector-effect:non-scaling-stroke;filter:drop-shadow(0 0 3px #fb718570)}.edge-vitals i{display:inline-block;width:5px;height:5px;margin-right:5px;border-radius:50%;background:#2bb8b0;box-shadow:0 0 7px #2bb8b0}.sidebar-footer{display:flex;align-items:center;gap:8px;padding:15px 18px;border-top:1px solid var(--nhm-border);color:#53647b;font:7px 'JetBrains Mono',monospace;letter-spacing:.11em}.sidebar-footer a{margin-left:auto;color:#71829a}.sys-dot{width:6px;height:6px;border-radius:50%;background:#2bb8b0;box-shadow:0 0 8px #2bb8b0}.sys-dot.offline{background:#fb7185;box-shadow:0 0 8px #fb7185}.dashboard-main{min-width:0;flex:1}.dashboard-header{position:sticky;top:0;z-index:20;display:flex;align-items:center;justify-content:space-between;height:58px;box-sizing:border-box;padding:0 clamp(18px,3vw,42px);border-bottom:1px solid var(--nhm-border);background:rgba(3,7,18,.88);backdrop-filter:blur(16px)}.header-route{display:flex;align-items:center;gap:11px;color:#71829a;font:8px 'JetBrains Mono',monospace;letter-spacing:.12em}.header-route i{width:24px;height:1px;background:#334155}.header-route b{color:#2bb8b0;font-weight:500}.header-readouts{display:flex;align-items:center;gap:24px}.header-readouts>span{color:#dbe7e7;font:500 11px 'Space Grotesk',sans-serif}.header-readouts small{margin-left:4px;color:#53647b;font:7px 'JetBrains Mono',monospace}.online{display:flex;align-items:center;color:#2bb8b0!important;font:7px 'JetBrains Mono',monospace!important;letter-spacing:.1em}.online i{width:6px;height:6px;margin-right:6px;border-radius:50%;background:#2bb8b0;box-shadow:0 0 8px #2bb8b0}.online.offline{color:#fb7185!important}.online.offline i{background:#fb7185}.dashboard-body{padding:clamp(20px,3vw,42px)}.menu-button,.scrim{display:none}@media(max-width:760px){.sidebar{position:fixed;transform:translateX(-102%);transition:transform .25s}.mobile-open .sidebar{transform:translateX(0)}.mobile-open .scrim{display:block;position:fixed;z-index:25;inset:0;border:0;background:rgba(0,0,0,.65)}.menu-button{display:grid;place-items:center;border:0;color:#b7c6d4;background:transparent}.header-route i,.header-route b,.header-readouts>span:not(.online){display:none}.dashboard-header{padding:0 14px}.dashboard-body{padding:18px 14px 36px}}
                                                                                                                                                                                                                                                                                                                                                                                                                                                                                                                                                                                                                                                                                                                                                                                                                                                                                                                                                                                                                                                                                                                                                                                                                                                                                                                                                                                                                                                                                                                                                                                                                                                                                                                                                                                                                                                                                                                                                                                                                                                                                                                                                                                                                                                                                                                                                                                                                                                                                                                                                                                                                                                                                                                                                                                                                                                                                                                                                                                                                                                                                                                                                                                                                                                                                                                                                                                                                                                                                                                                                                                                                                                                                                                                                                                                                                                                                                                                                                                                                                                                                                                                                                                                                                                                                                                                                                                                                                                                                                                                                                                                                                                                                                                                                                                                                                                                                                                                                                                                                                                                                                                                                                  ^
41: </style>
42: 
7:10:52 pm [vite-plugin-svelte] src/lib/components/dashboard/DashboardShell.svelte:40:4958 Unused CSS selector ".header-route b"
https://svelte.dev/e/css_unused_selector
38: </div>
39: <style>
40:   .dashboard-shell{min-height:100vh;display:flex;background:var(--nhm-bg);color:var(--nhm-text);font-family:Inter,sans-serif}.sidebar{position:sticky;top:0;z-index:30;width:224px;height:100vh;flex:0 0 224px;box-sizing:border-box;border-right:1px solid var(--nhm-border);background:linear-gradient(180deg,#050a14,#040812);display:flex;flex-direction:column}.brand{display:flex;align-items:center;gap:12px;height:76px;box-sizing:border-box;padding:16px 18px;border-bottom:1px solid var(--nhm-border);color:inherit;text-decoration:none}.brand-mark{position:relative;display:grid;place-items:center;width:34px;height:34px;border:1px solid rgba(50,214,201,.45);background:rgba(43,184,176,.07)}.brand-mark:before,.brand-mark:after{content:"";position:absolute;background:#2bb8b0}.brand-mark:before{width:12px;height:1px;left:-6px;top:16px}.brand-mark:after{height:12px;width:1px;left:16px;top:-6px}.brand-mark i{position:absolute;inset:5px;border:1px solid rgba(43,184,176,.2)}.brand-mark b{font:600 13px 'Space Grotesk',sans-serif;color:#82e9e1}.brand-copy{display:grid;gap:3px}.brand-copy strong{font:600 14px 'Space Grotesk',sans-serif;letter-spacing:.18em}.brand-copy small,.nav-caption{color:#53647b;font:7px 'JetBrains Mono',monospace;letter-spacing:.14em}.nav-caption{display:flex;justify-content:space-between;padding:22px 18px 9px}.nav-caption span{color:#2bb8b0}nav{padding:0 10px}.nav-item{position:relative;display:grid;grid-template-columns:34px 1fr auto;align-items:center;gap:10px;min-height:64px;padding:8px;color:#71829a;border:1px solid transparent;text-decoration:none;transition:.18s ease}.nav-item:hover{color:#dce9e8;background:rgba(43,184,176,.04)}.nav-item.active{color:#eef7f6;border-color:rgba(43,184,176,.18);background:linear-gradient(90deg,rgba(43,184,176,.12),rgba(43,184,176,.025))}.nav-item.active:before{content:"";position:absolute;left:-11px;top:12px;bottom:12px;width:2px;background:#2bb8b0;box-shadow:0 0 12px #2bb8b0}.nav-icon{display:grid;place-items:center;width:32px;height:32px;border:1px solid rgba(148,163,184,.12)}.active .nav-icon{color:#54d6cc;border-color:rgba(43,184,176,.35);background:rgba(43,184,176,.08)}.nav-copy{display:grid;gap:5px}.nav-copy b{font:500 9px 'JetBrains Mono',monospace;letter-spacing:.09em}.nav-copy small{font:9px Inter,sans-serif;color:#53647b}.nav-index{font:7px 'JetBrains Mono',monospace;color:#405067}.edge-card{margin:auto 12px 12px;padding:13px;border:1px solid rgba(148,163,184,.13);background:#070d19}.edge-head,.edge-vitals{display:flex;justify-content:space-between;align-items:center}.edge-head span,.edge-vitals{color:#53647b;font:7px 'JetBrains Mono',monospace;letter-spacing:.1em}.edge-head b{color:#a7b8c9;font:8px 'JetBrains Mono',monospace}.edge-card svg{width:100%;height:30px;margin:7px 0 2px}.edge-card polyline{fill:none;stroke:#fb7185;stroke-width:1.2;vector-effect:non-scaling-stroke;filter:drop-shadow(0 0 3px #fb718570)}.edge-vitals i{display:inline-block;width:5px;height:5px;margin-right:5px;border-radius:50%;background:#2bb8b0;box-shadow:0 0 7px #2bb8b0}.sidebar-footer{display:flex;align-items:center;gap:8px;padding:15px 18px;border-top:1px solid var(--nhm-border);color:#53647b;font:7px 'JetBrains Mono',monospace;letter-spacing:.11em}.sidebar-footer a{margin-left:auto;color:#71829a}.sys-dot{width:6px;height:6px;border-radius:50%;background:#2bb8b0;box-shadow:0 0 8px #2bb8b0}.sys-dot.offline{background:#fb7185;box-shadow:0 0 8px #fb7185}.dashboard-main{min-width:0;flex:1}.dashboard-header{position:sticky;top:0;z-index:20;display:flex;align-items:center;justify-content:space-between;height:58px;box-sizing:border-box;padding:0 clamp(18px,3vw,42px);border-bottom:1px solid var(--nhm-border);background:rgba(3,7,18,.88);backdrop-filter:blur(16px)}.header-route{display:flex;align-items:center;gap:11px;color:#71829a;font:8px 'JetBrains Mono',monospace;letter-spacing:.12em}.header-route i{width:24px;height:1px;background:#334155}.header-route b{color:#2bb8b0;font-weight:500}.header-readouts{display:flex;align-items:center;gap:24px}.header-readouts>span{color:#dbe7e7;font:500 11px 'Space Grotesk',sans-serif}.header-readouts small{margin-left:4px;color:#53647b;font:7px 'JetBrains Mono',monospace}.online{display:flex;align-items:center;color:#2bb8b0!important;font:7px 'JetBrains Mono',monospace!important;letter-spacing:.1em}.online i{width:6px;height:6px;margin-right:6px;border-radius:50%;background:#2bb8b0;box-shadow:0 0 8px #2bb8b0}.online.offline{color:#fb7185!important}.online.offline i{background:#fb7185}.dashboard-body{padding:clamp(20px,3vw,42px)}.menu-button,.scrim{display:none}@media(max-width:760px){.sidebar{position:fixed;transform:translateX(-102%);transition:transform .25s}.mobile-open .sidebar{transform:translateX(0)}.mobile-open .scrim{display:block;position:fixed;z-index:25;inset:0;border:0;background:rgba(0,0,0,.65)}.menu-button{display:grid;place-items:center;border:0;color:#b7c6d4;background:transparent}.header-route i,.header-route b,.header-readouts>span:not(.online){display:none}.dashboard-header{padding:0 14px}.dashboard-body{padding:18px 14px 36px}}
                                                                                                                                                                                                                                                                                                                                                                                                                                                                                                                                                                                                                                                                                                                                                                                                                                                                                                                                                                                                                                                                                                                                                                                                                                                                                                                                                                                                                                                                                                                                                                                                                                                                                                                                                                                                                                                                                                                                                                                                                                                                                                                                                                                                                                                                                                                                                                                                                                                                                                                                                                                                                                                                                                                                                                                                                                                                                                                                                                                                                                                                                                                                                                                                                                                                                                                                                                                                                                                                                                                                                                                                                                                                                                                                                                                                                                                                                                                                                                                                                                                                                                                                                                                                                                                                                                                                                                                                                                                                                                                                                                                                                                                                                                                                                                                                                                                                                                                                                                                                                                                                                                                                                                                  ^
41: </style>
42: 
7:10:52 pm [vite-plugin-svelte] src/lib/components/dashboard/MultiLine.svelte:19:20 This reference only captures the initial value of `height`. Did you mean to reference it inside a closure instead?
https://svelte.dev/e/state_referenced_locally
17:   } = $props();
18: 
19:   const W = 600, H = height;
                               ^
20:   const PAD = { top: 14, right: 20, bottom: 28, left: 36 };
21:   const pw = W - PAD.left - PAD.right;
✓ 5012 modules transformed.
rendering chunks...
computing gzip size...
.svelte-kit/output/client/_app/version.json                                             0.03 kB │ gzip:   0.05 kB
.svelte-kit/output/client/.vite/manifest.json                                          26.54 kB │ gzip:   2.76 kB
.svelte-kit/output/client/_app/immutable/assets/basis_transcoder.o4Hde_L7.js           57.53 kB
.svelte-kit/output/client/_app/immutable/assets/draco_wasm_wrapper.fZCQGLGb.js         58.46 kB
.svelte-kit/output/client/_app/immutable/assets/draco_wasm_wrapper.DxJM36Ib.js         58.76 kB
.svelte-kit/output/client/_app/immutable/assets/draco_decoder.Z1_iN-Ht.wasm           192.42 kB │ gzip:  63.41 kB
.svelte-kit/output/client/_app/immutable/assets/draco_decoder.C32yEggz.wasm           285.75 kB │ gzip:  88.50 kB
.svelte-kit/output/client/_app/immutable/assets/basis_transcoder.VXdx5NbI.wasm        527.33 kB │ gzip: 244.57 kB
.svelte-kit/output/client/_app/immutable/assets/draco_decoder.fzg4nYZr.js             719.41 kB
.svelte-kit/output/client/_app/immutable/assets/PhysiologicalWaveform.CfDF2yZk.css      0.08 kB │ gzip:   0.09 kB
.svelte-kit/output/client/_app/immutable/assets/DeferredPage.B4kOAPF0.css               0.50 kB │ gzip:   0.27 kB
.svelte-kit/output/client/_app/immutable/assets/19.Bd3bVBU6.css                         0.54 kB │ gzip:   0.33 kB
.svelte-kit/output/client/_app/immutable/assets/Panel.nG4Erzt2.css                      0.81 kB │ gzip:   0.37 kB
.svelte-kit/output/client/_app/immutable/assets/29.Dl2vvXzO.css                         0.89 kB │ gzip:   0.39 kB
.svelte-kit/output/client/_app/immutable/assets/SectionPage.oGotv9Ao.css                1.07 kB │ gzip:   0.45 kB
.svelte-kit/output/client/_app/immutable/assets/3.CXGYi3AS.css                          1.09 kB │ gzip:   0.52 kB
.svelte-kit/output/client/_app/immutable/assets/TelemetryPlot.CWwRVd_5.css              1.17 kB │ gzip:   0.48 kB
.svelte-kit/output/client/_app/immutable/assets/WorkbenchPage.CbENnQIM.css              1.24 kB │ gzip:   0.51 kB
.svelte-kit/output/client/_app/immutable/assets/MetricTile.DeB6BrJM.css                 1.25 kB │ gzip:   0.54 kB
.svelte-kit/output/client/_app/immutable/assets/18.Bp8Uurr6.css                         4.20 kB │ gzip:   1.22 kB
.svelte-kit/output/client/_app/immutable/assets/DashboardShell.CVEqz-Tk.css             4.30 kB │ gzip:   1.28 kB
.svelte-kit/output/client/_app/immutable/assets/17.BspCASuq.css                         4.38 kB │ gzip:   1.22 kB
.svelte-kit/output/client/_app/immutable/assets/8.B1RbkN6p.css                          5.98 kB │ gzip:   1.58 kB
.svelte-kit/output/client/_app/immutable/assets/0.HmXQfFNC.css                         28.88 kB │ gzip:   6.36 kB
.svelte-kit/output/client/_app/immutable/assets/2.BdDTxwl0.css                         48.49 kB │ gzip:   8.24 kB
.svelte-kit/output/client/_app/immutable/chunks/i3d-sr-L.js                             0.04 kB │ gzip:   0.06 kB
.svelte-kit/output/client/_app/immutable/chunks/Bzak7iHL.js                             0.10 kB │ gzip:   0.10 kB
.svelte-kit/output/client/_app/immutable/entry/start.BbBCu1Dm.js                        0.12 kB │ gzip:   0.11 kB
.svelte-kit/output/client/_app/immutable/chunks/McGNrOFN.js                             0.15 kB │ gzip:   0.13 kB
.svelte-kit/output/client/_app/immutable/nodes/21.Cg4XvqFO.js                           0.33 kB │ gzip:   0.25 kB
.svelte-kit/output/client/_app/immutable/nodes/12.CaYFiPsg.js                           0.34 kB │ gzip:   0.26 kB
.svelte-kit/output/client/_app/immutable/nodes/7.CabansRn.js                            0.34 kB │ gzip:   0.27 kB
.svelte-kit/output/client/_app/immutable/nodes/15.DH9ITqUe.js                           0.34 kB │ gzip:   0.26 kB
.svelte-kit/output/client/_app/immutable/nodes/9.G5h6rBpD.js                            0.34 kB │ gzip:   0.25 kB
.svelte-kit/output/client/_app/immutable/nodes/34.DOMWFw93.js                           0.34 kB │ gzip:   0.26 kB
.svelte-kit/output/client/_app/immutable/nodes/20.C7jR9k7s.js                           0.34 kB │ gzip:   0.26 kB
.svelte-kit/output/client/_app/immutable/nodes/22.Ds74MHR5.js                           0.34 kB │ gzip:   0.27 kB
.svelte-kit/output/client/_app/immutable/nodes/28.D96VvoBL.js                           0.34 kB │ gzip:   0.25 kB
.svelte-kit/output/client/_app/immutable/nodes/33.Dts3DHCI.js                           0.35 kB │ gzip:   0.27 kB
.svelte-kit/output/client/_app/immutable/nodes/37.wJjEpbZL.js                           0.35 kB │ gzip:   0.27 kB
.svelte-kit/output/client/_app/immutable/nodes/5.SoqMMR0c.js                            0.35 kB │ gzip:   0.27 kB
.svelte-kit/output/client/_app/immutable/nodes/16.D1k9hniU.js                           0.35 kB │ gzip:   0.27 kB
.svelte-kit/output/client/_app/immutable/nodes/35.BVpTOSvd.js                           0.35 kB │ gzip:   0.27 kB
.svelte-kit/output/client/_app/immutable/nodes/25.DI_g3DEl.js                           0.35 kB │ gzip:   0.27 kB
.svelte-kit/output/client/_app/immutable/nodes/36.CtGwasUo.js                           0.35 kB │ gzip:   0.27 kB
.svelte-kit/output/client/_app/immutable/nodes/38.BlrGRAV3.js                           0.35 kB │ gzip:   0.27 kB
.svelte-kit/output/client/_app/immutable/nodes/6.Cz-4U3tb.js                            0.36 kB │ gzip:   0.27 kB
.svelte-kit/output/client/_app/immutable/nodes/11.QVHZG37U.js                           0.36 kB │ gzip:   0.27 kB
.svelte-kit/output/client/_app/immutable/nodes/30.lKqGhQRv.js                           0.36 kB │ gzip:   0.27 kB
.svelte-kit/output/client/_app/immutable/nodes/10.ClqAOrhf.js                           0.36 kB │ gzip:   0.28 kB
.svelte-kit/output/client/_app/immutable/nodes/13.CSYKhUTO.js                           0.36 kB │ gzip:   0.26 kB
.svelte-kit/output/client/_app/immutable/nodes/14.BLYXu611.js                           0.36 kB │ gzip:   0.28 kB
.svelte-kit/output/client/_app/immutable/nodes/26.CSzRxwf8.js                           0.36 kB │ gzip:   0.27 kB
.svelte-kit/output/client/_app/immutable/nodes/32.S54IkMIq.js                           0.37 kB │ gzip:   0.28 kB
.svelte-kit/output/client/_app/immutable/nodes/4.B3ToUXFw.js                            0.37 kB │ gzip:   0.28 kB
.svelte-kit/output/client/_app/immutable/nodes/24.BJvyoqK1.js                           0.37 kB │ gzip:   0.28 kB
.svelte-kit/output/client/_app/immutable/nodes/27.DjM5fUXV.js                           0.37 kB │ gzip:   0.28 kB
.svelte-kit/output/client/_app/immutable/chunks/yI0vlmdT.js                             0.37 kB │ gzip:   0.26 kB
.svelte-kit/output/client/_app/immutable/nodes/31.C717oN7W.js                           0.38 kB │ gzip:   0.29 kB
.svelte-kit/output/client/_app/immutable/nodes/1.CLK2qlVi.js                            0.38 kB │ gzip:   0.27 kB
.svelte-kit/output/client/_app/immutable/nodes/23.BybauFTz.js                           0.40 kB │ gzip:   0.28 kB
.svelte-kit/output/client/_app/immutable/chunks/B0Kc37iS.js                             0.47 kB │ gzip:   0.33 kB
.svelte-kit/output/client/_app/immutable/chunks/-UyI9lYi.js                             0.51 kB │ gzip:   0.30 kB
.svelte-kit/output/client/_app/immutable/chunks/SDK1YjQd.js                             0.69 kB │ gzip:   0.45 kB
.svelte-kit/output/client/_app/immutable/chunks/CZox9XCW.js                             0.69 kB │ gzip:   0.46 kB
.svelte-kit/output/client/_app/immutable/chunks/DO2C9Mbi.js                             0.89 kB │ gzip:   0.48 kB
.svelte-kit/output/client/_app/immutable/chunks/CBDVrGtT.js                             0.91 kB │ gzip:   0.51 kB
.svelte-kit/output/client/_app/immutable/chunks/BIcqr_b6.js                             0.95 kB │ gzip:   0.56 kB
.svelte-kit/output/client/_app/immutable/chunks/CVYlfap1.js                             1.13 kB │ gzip:   0.66 kB
.svelte-kit/output/client/_app/immutable/chunks/Cmx5_GDw.js                             1.15 kB │ gzip:   0.64 kB
.svelte-kit/output/client/_app/immutable/chunks/wbPk3Yxo.js                             1.37 kB │ gzip:   0.66 kB
.svelte-kit/output/client/_app/immutable/nodes/3.B3NfDdK9.js                            1.38 kB │ gzip:   0.77 kB
.svelte-kit/output/client/_app/immutable/chunks/BfWUaAMt.js                             1.73 kB │ gzip:   0.96 kB
.svelte-kit/output/client/_app/immutable/chunks/Bu_QITxJ.js                             2.04 kB │ gzip:   1.05 kB
.svelte-kit/output/client/_app/immutable/chunks/CntDDM1s.js                             2.20 kB │ gzip:   1.22 kB
.svelte-kit/output/client/_app/immutable/chunks/DUzrykfz.js                             2.26 kB │ gzip:   1.06 kB
.svelte-kit/output/client/_app/immutable/nodes/19.EyCrEEu9.js                           2.36 kB │ gzip:   1.28 kB
.svelte-kit/output/client/_app/immutable/nodes/29.CPcw_FLc.js                           2.43 kB │ gzip:   1.32 kB
.svelte-kit/output/client/_app/immutable/chunks/BkAOO0Z_.js                             2.56 kB │ gzip:   1.18 kB
.svelte-kit/output/client/_app/immutable/chunks/BSC1gaa6.js                             2.98 kB │ gzip:   1.52 kB
.svelte-kit/output/client/_app/immutable/chunks/C3es7Big.js                             3.02 kB │ gzip:   1.53 kB
.svelte-kit/output/client/_app/immutable/nodes/17.DzPtL0CY.js                           4.18 kB │ gzip:   1.91 kB
.svelte-kit/output/client/_app/immutable/chunks/D1afsSnu.js                             4.51 kB │ gzip:   2.09 kB
.svelte-kit/output/client/_app/immutable/nodes/0.B1lOpqc7.js                            5.30 kB │ gzip:   2.75 kB
.svelte-kit/output/client/_app/immutable/chunks/BcxEe19r.js                             5.72 kB │ gzip:   2.60 kB
.svelte-kit/output/client/_app/immutable/chunks/dfeOPJ9z.js                             6.48 kB │ gzip:   2.93 kB
.svelte-kit/output/client/_app/immutable/chunks/ke-ZcDpn.js                             9.70 kB │ gzip:   3.69 kB
.svelte-kit/output/client/_app/immutable/nodes/8.C8pwYCAw.js                            9.85 kB │ gzip:   4.11 kB
.svelte-kit/output/client/_app/immutable/entry/app.BjnV_VsV.js                         12.83 kB │ gzip:   3.79 kB
.svelte-kit/output/client/_app/immutable/chunks/BWhS0of-.js                            12.99 kB │ gzip:   5.90 kB
.svelte-kit/output/client/_app/immutable/nodes/18.CFQC62Rc.js                          21.23 kB │ gzip:   7.94 kB
.svelte-kit/output/client/_app/immutable/chunks/EkF1zwEw.js                            22.51 kB │ gzip:   8.74 kB
.svelte-kit/output/client/_app/immutable/chunks/ePlbp7Y1.js                            40.88 kB │ gzip:  15.41 kB
.svelte-kit/output/client/_app/immutable/chunks/D2705FTB.js                           134.11 kB │ gzip:  43.88 kB
.svelte-kit/output/client/_app/immutable/nodes/2.Djr-Y3V8.js                        1,269.60 kB │ gzip: 348.62 kB

(!) Some chunks are larger than 500 kB after minification. Consider:
- Using dynamic import() to code-split the application
- Use build.rollupOptions.output.manualChunks to improve chunking: https://rollupjs.org/configuration-options/#output-manualchunks
- Adjust chunk size limit for this warning via build.chunkSizeWarningLimit.
✓ built in 3.53s
.svelte-kit/output/server/.vite/manifest.json                                        17.76 kB
.svelte-kit/output/server/_app/immutable/assets/PhysiologicalWaveform.CfDF2yZk.css    0.08 kB
.svelte-kit/output/server/_app/immutable/assets/DeferredPage.B4kOAPF0.css             0.50 kB
.svelte-kit/output/server/_app/immutable/assets/_page.Bd3bVBU6.css                    0.54 kB
.svelte-kit/output/server/_app/immutable/assets/Panel.nG4Erzt2.css                    0.81 kB
.svelte-kit/output/server/_app/immutable/assets/_page.Dl2vvXzO.css                    0.89 kB
.svelte-kit/output/server/_app/immutable/assets/SectionPage.oGotv9Ao.css              1.07 kB
.svelte-kit/output/server/_app/immutable/assets/_page.CXGYi3AS.css                    1.09 kB
.svelte-kit/output/server/_app/immutable/assets/TelemetryPlot.CWwRVd_5.css            1.17 kB
.svelte-kit/output/server/_app/immutable/assets/WorkbenchPage.CbENnQIM.css            1.24 kB
.svelte-kit/output/server/_app/immutable/assets/MetricTile.DeB6BrJM.css               1.25 kB
.svelte-kit/output/server/_app/immutable/assets/_page.Bp8Uurr6.css                    4.20 kB
.svelte-kit/output/server/_app/immutable/assets/DashboardShell.C9jw0vmZ.css           4.24 kB
.svelte-kit/output/server/_app/immutable/assets/_page.BspCASuq.css                    4.38 kB
.svelte-kit/output/server/_app/immutable/assets/_page.B1RbkN6p.css                    5.98 kB
.svelte-kit/output/server/_app/immutable/assets/_layout.CnsxRdpz.css                 28.75 kB
.svelte-kit/output/server/_app/immutable/assets/_page.B9uixwJh.css                   47.63 kB
.svelte-kit/output/server/entries/pages/_layout.ts.js                                 0.07 kB
.svelte-kit/output/server/env.js                                                      0.23 kB
.svelte-kit/output/server/internal.js                                                 0.35 kB
.svelte-kit/output/server/entries/fallbacks/error.svelte.js                           0.35 kB
.svelte-kit/output/server/entries/pages/reports/_page.svelte.js                       0.38 kB
.svelte-kit/output/server/entries/pages/signals/dashboard/_page.svelte.js             0.39 kB
.svelte-kit/output/server/entries/pages/alerts/_page.svelte.js                        0.39 kB
.svelte-kit/output/server/entries/pages/fl/global-model/_page.svelte.js               0.39 kB
.svelte-kit/output/server/entries/pages/ai/explainability/_page.svelte.js             0.39 kB
.svelte-kit/output/server/entries/pages/fl/privacy/_page.svelte.js                    0.39 kB
.svelte-kit/output/server/entries/pages/patients/_page.svelte.js                      0.40 kB
.svelte-kit/output/server/entries/pages/system/devices/_page.svelte.js                0.40 kB
.svelte-kit/output/server/entries/pages/research/ablation/_page.svelte.js             0.40 kB
.svelte-kit/output/server/entries/pages/system/data/_page.svelte.js                   0.40 kB
.svelte-kit/output/server/entries/pages/system/settings/_page.svelte.js               0.40 kB
.svelte-kit/output/server/entries/pages/fl/overview/_page.svelte.js                   0.41 kB
.svelte-kit/output/server/entries/pages/fl/rounds/_page.svelte.js                     0.41 kB
.svelte-kit/output/server/entries/pages/system/health/_page.svelte.js                 0.41 kB
.svelte-kit/output/server/entries/pages/research/experiments/_page.svelte.js          0.41 kB
.svelte-kit/output/server/entries/pages/system/notifications/_page.svelte.js          0.41 kB
.svelte-kit/output/server/entries/pages/ai/baseline/_page.svelte.js                   0.41 kB
.svelte-kit/output/server/entries/pages/ai/confidence/_page.svelte.js                 0.41 kB
.svelte-kit/output/server/entries/pages/trends/_page.svelte.js                        0.41 kB
.svelte-kit/output/server/entries/pages/fl/clients/_page.svelte.js                    0.42 kB
.svelte-kit/output/server/entries/pages/fl/aggregation/_page.svelte.js                0.42 kB
.svelte-kit/output/server/entries/pages/fl/personal-models/_page.svelte.js            0.42 kB
.svelte-kit/output/server/entries/pages/research/results/_page.svelte.js              0.42 kB
.svelte-kit/output/server/entries/pages/signals/ppg/_page.svelte.js                   0.42 kB
.svelte-kit/output/server/entries/pages/research/comparison/_page.svelte.js           0.43 kB
.svelte-kit/output/server/entries/pages/signals/spo2/_page.svelte.js                  0.43 kB
.svelte-kit/output/server/entries/pages/ai/anomaly/_page.svelte.js                    0.43 kB
.svelte-kit/output/server/entries/pages/research/robustness/_page.svelte.js           0.43 kB
.svelte-kit/output/server/entries/pages/signals/quality/_page.svelte.js               0.44 kB
.svelte-kit/output/server/entries/pages/research/analytics/_page.svelte.js            0.44 kB
.svelte-kit/output/server/chunks/state.svelte.js                                      0.45 kB
.svelte-kit/output/server/chunks/index2.js                                            0.51 kB
.svelte-kit/output/server/chunks/server.js                                            0.62 kB
.svelte-kit/output/server/chunks/DeferredPage.js                                      0.76 kB
.svelte-kit/output/server/chunks/Panel.js                                             0.84 kB
.svelte-kit/output/server/chunks/WorkbenchPage.js                                     0.97 kB
.svelte-kit/output/server/chunks/TelemetryPlot.js                                     1.00 kB
.svelte-kit/output/server/chunks/utils2.js                                            1.09 kB
.svelte-kit/output/server/chunks/PhysiologicalWaveform.js                             1.28 kB
.svelte-kit/output/server/entries/pages/_...path_/_page.svelte.js                     1.46 kB
.svelte-kit/output/server/entries/pages/overview/_page.svelte.js                      2.25 kB
.svelte-kit/output/server/entries/pages/signals/ecg/_page.svelte.js                   2.49 kB
.svelte-kit/output/server/chunks/SectionPage.js                                       2.63 kB
.svelte-kit/output/server/chunks/index3.js                                            3.12 kB
.svelte-kit/output/server/entries/pages/monitor/_page.svelte.js                       3.26 kB
.svelte-kit/output/server/chunks/MetricTile.js                                        3.36 kB
.svelte-kit/output/server/chunks/internal.js                                          3.56 kB
.svelte-kit/output/server/entries/pages/_layout.svelte.js                             4.57 kB
.svelte-kit/output/server/chunks/exports.js                                           5.54 kB
.svelte-kit/output/server/entries/pages/ai/insights/_page.svelte.js                  12.71 kB
.svelte-kit/output/server/chunks/DashboardShell.js                                   13.30 kB
.svelte-kit/output/server/entries/pages/monitoring/_page.svelte.js                   24.94 kB
.svelte-kit/output/server/chunks/root.js                                             29.40 kB
.svelte-kit/output/server/chunks/utils.js                                            34.22 kB
.svelte-kit/output/server/remote-entry.js                                            36.81 kB
.svelte-kit/output/server/chunks/index.js                                            45.24 kB
.svelte-kit/output/server/chunks/effects.js                                          60.99 kB
.svelte-kit/output/server/chunks/index4.js                                           74.78 kB
.svelte-kit/output/server/entries/pages/_page.svelte.js                             127.10 kB
.svelte-kit/output/server/index.js                                                  130.96 kB
✓ built in 6.74s

Run npm run preview to preview your production build locally.

> Using @sveltejs/adapter-static
Overwriting build/index.html with fallback page. Consider using a different name for the fallback.
  Wrote site to "build"
  ✔ done
exit=0
