example_id,participant_group_id,record_id,prediction_timestamp_us,outer_fold,seed,architecture_id,label,raw_logit,raw_probability,selected_epoch,experiment_id,checkpoint_sha256
001f28ce5161f938f36f1b54ecae90451e0048b82345610011b62c0928e7008e,MITDB_P124,124,70000000,0,20260928,MODEL_V2_TCN_MEAN,0,2.075592517852783,0.888508141040802,4,V2-004-D2-TCNMEAN-F00-S20260928,f219483150b0da6c9efc8908cf7aafee80feffd12bcfdd491381d5991ec6101f
00214aa63444c915f6bb97962081779b59ef5ac5c62769b2260696608fe9b777,MITDB_P124,124,1220000000,0,20260928,MODEL_V2_TCN_MEAN,1,-4.1562933921813965,0.015423893928527832,4,V2-004-D2-TCNMEAN-F00-S20260928,f219483150b0da6c9efc8908cf7aafee80feffd12bcfdd491381d5991ec6101f
002d315cc32f3cbc89c5eb841c0479261476d319a6e6c33e7a1c200f017bca56,MITDB_P212,212,25000000,0,20260928,MODEL_V2_TCN_MEAN,0,-2.4855146408081055,0.07687991857528687,4,V2-004-D2-TCNMEAN-F00-S20260928,f219483150b0da6c9efc8908cf7aafee80feffd12bcfdd491381d5991ec6101f
005312e7a2a024143167a6946bd2e2fe98d054568144957f53b80a63f5213b55,MITDB_P203,203,1585000000,0,20260928,MODEL_V2_TCN_MEAN,1,9.152342796325684,0.9998940229415894,4,V2-004-D2-TCNMEAN-F00-S20260928,f219483150b0da6c9efc8908cf7aafee80feffd12bcfdd491381d5991ec6101f
005f2cfc8d2653651f138245bf17d4ed0985ea4dce4723d87625c0d02d09ee33,MITDB_P212,212,415000000,0,20260928,MODEL_V2_TCN_MEAN,0,-2.83715558052063,0.05534907057881355,4,V2-004-D2-TCNMEAN-F00-S20260928,f219483150b0da6c9efc8908cf7aafee80feffd12bcfdd491381d5991ec6101f
007cd8f5eb0af3e9d27c82930864ee344a11fb6a42e26fa37d8873be08cca96b,MITDB_P124,124,1530000000,0,20260928,MODEL_V2_TCN_MEAN,0,-7.158172130584717,0.000777870649471879,4,V2-004-D2-TCNMEAN-F00-S20260928,f219483150b0da6c9efc8908cf7aafee80feffd12bcfdd491381d5991ec6101f
00a57c23d9e4f8238d8ea02d879538117a7e226fe5ee9ee49f0396da91eb09ed,MITDB_P105,105,750000000,0,20260928,MODEL_V2_TCN_MEAN,1,-1.4619216918945312,0.1881735771894455,4,V2-004-D2-TCNMEAN-F00-S20260928,f219483150b0da6c9efc8908cf7aafee80feffd12bcfdd491381d5991ec6101f
00c6fdf0c2b90cedb45dbfd9551c2690742e9d06a93d3a10beaf8aaf778718c0,MITDB_P203,203,1465000000,0,20260928,MODEL_V2_TCN_MEAN,1,3.6147682666778564,0.9737826585769653,4,V2-004-D2-TCNMEAN-F00-S20260928,f219483150b0da6c9efc8908cf7aafee80feffd12bcfdd491381d5991ec6101f
013e0a029d1d2c9c2703af26bd6b787e0436f4b23742c8270206eb1dbb949c82,MITDB_P222,222,1730000000,0,20260928,MODEL_V2_TCN_MEAN,0,-1.9445487260818481,0.1251489818096161,4,V2-004-D2-TCNMEAN-F00-S20260928,f219483150b0da6c9efc8908cf7aafee80feffd12bcfdd491381d5991ec6101f
014073a78fc4c8ee4588322a34062ea756ecb6a51fcf658b2c5eaae316a9ebbd,MITDB_P209,209,1285000000,0,20260928,MODEL_V2_TCN_MEAN,1,-3.5839896202087402,0.027014652267098427,4,V2-004-D2-TCNMEAN-F00-S20260928,f219483150b0da6c9efc8908cf7aafee80feffd12bcfdd491381d5991ec6101f
014fe382698451d6d0c090738503e945e9197963f72666260f8b6bed97db6996,MITDB_P105,105,1255000000,0,20260928,MODEL_V2_TCN_MEAN,0,3.6995275020599365,0.9758618474006653,4,V2-004-D2-TCNMEAN-F00-S20260928,f219483150b0da6c9efc8908cf7aafee80feffd12bcfdd491381d5991ec6101f
016d0741ec7dbdbaf14bf40c07f2fe082d83b6cb25d018e76811c7f6e6c782d1,MITDB_P124,124,695000000,0,20260928,MODEL_V2_TCN_MEAN,0,-7.184650897979736,0.0007575593190267682,4,V2-004-D2-TCNMEAN-F00-S20260928,f219483150b0da6c9efc8908cf7aafee80feffd12bcfdd491381d5991ec6101f
0193802d55b2e00f8b6f9895fff75c0bd3f32166486dcfb2c3e185c47f925bb9,MITDB_P209,209,1565000000,0,20260928,MODEL_V2_TCN_MEAN,1,-6.059615612030029,0.0023298573214560747,4,V2-004-D2-TCNMEAN-F00-S20260928,f219483150b0da6c9efc8908cf7aafee80feffd12bcfdd491381d5991ec6101f
01d175ef39b2b22372af19f58035e559bbe91a9bdc1ca17ac6bd7fbb2ba9e11a,MITDB_P209,209,1580000000,0,20260928,MODEL_V2_TCN_MEAN,1,-4.330519676208496,0.012989751994609833,4,V2-004-D2-TCNMEAN-F00-S20260928,f219483150b0da6c9efc8908cf7aafee80feffd12bcfdd491381d5991ec6101f
02048cdb7079a796f28dc8331f8b35394db41846e22fd7f3eaa2786034393355,MITDB_P105,105,1575000000,0,20260928,MODEL_V2_TCN_MEAN,0,-4.813621520996094,0.008053028024733067,4,V2-004-D2-TCNMEAN-F00-S20260928,f219483150b0da6c9efc8908cf7aafee80feffd12bcfdd491381d5991ec6101f
0210e265a5ba293dbdf507b745d34de9fc33ecd261deea5eeb14c70e1e0de32e,MITDB_P212,212,105000000,0,20260928,MODEL_V2_TCN_MEAN,0,-5.59180212020874,0.0037144545931369066,4,V2-004-D2-TCNMEAN-F00-S20260928,f219483150b0da6c9efc8908cf7aafee80feffd12bcfdd491381d5991ec6101f
021e69bf6c704d2c8449001cf0e909f8d284f69fbbfe5a713a3d24899a399d20,MITDB_P212,212,115000000,0,20260928,MODEL_V2_TCN_MEAN,0,-4.868717193603516,0.007624633144587278,4,V2-004-D2-TCNMEAN-F00-S20260928,f219483150b0da6c9efc8908cf7aafee80feffd12bcfdd491381d5991ec6101f
02954f40e56ccbcc3e76f80eaef346746032c1b48be311666de55fa1269f5de9,MITDB_P212,212,1395000000,0,20260928,MODEL_V2_TCN_MEAN,0,-7.418812274932861,0.0005995015380904078,4,V2-004-D2-TCNMEAN-F00-S20260928,f219483150b0da6c9efc8908cf7aafee80feffd12bcfdd491381d5991ec6101f
0298c973e54a952dca5d4c844316358ef33ddccf9088a50e33df9bf89c1d3b0f,MITDB_P105,105,25000000,0,20260928,MODEL_V2_TCN_MEAN,1,2.669902801513672,0.9352271556854248,4,V2-004-D2-TCNMEAN-F00-S20260928,f219483150b0da6c9efc8908cf7aafee80feffd12bcfdd491381d5991ec6101f
02c8f11f582704d778187fd61edae323fd26d4f4ccef9fd9829080984cb9a5af,MITDB_P105,105,410000000,0,20260928,MODEL_V2_TCN_MEAN,1,-1.520409107208252,0.17940127849578857,4,V2-004-D2-TCNMEAN-F00-S20260928,f219483150b0da6c9efc8908cf7aafee80feffd12bcfdd491381d5991ec6101f
031033acd7c0de1930aee3d6860767e0ae9810cffdc729fcf735cc073ee473e2,MITDB_P222,222,250000000,0,20260928,MODEL_V2_TCN_MEAN,0,-3.1962664127349854,0.03930646553635597,4,V2-004-D2-TCNMEAN-F00-S20260928,f219483150b0da6c9efc8908cf7aafee80feffd12bcfdd491381d5991ec6101f
032b10d0bd8e8b52b58573c7bbbead81cfb736a74da1b9b29a68a9c4e789c097,MITDB_P212,212,590000000,0,20260928,MODEL_V2_TCN_MEAN,0,-1.5200115442276,0.1794598251581192,4,V2-004-D2-TCNMEAN-F00-S20260928,f219483150b0da6c9efc8908cf7aafee80feffd12bcfdd491381d5991ec6101f
03686e3b9b8458654bdd50db6f421557fb652fd207212fa94f951991029dd4c7,MITDB_P203,203,360000000,0,20260928,MODEL_V2_TCN_MEAN,1,-0.8122479915618896,0.30741167068481445,4,V2-004-D2-TCNMEAN-F00-S20260928,f219483150b0da6c9efc8908cf7aafee80feffd12bcfdd491381d5991ec6101f
0390bf9d850884e280c9ef8436cc21c6c464d7addb30dc0160aeb0ae377bf74c,MITDB_P124,124,1085000000,0,20260928,MODEL_V2_TCN_MEAN,0,-5.157059669494629,0.005725635215640068,4,V2-004-D2-TCNMEAN-F00-S20260928,f219483150b0da6c9efc8908cf7aafee80feffd12bcfdd491381d5991ec6101f
03b2975eb367524ebd3b2a338fa4eeff0d2bf74725bd170bb9e7984918a9c7ff,MITDB_P212,212,430000000,0,20260928,MODEL_V2_TCN_MEAN,0,-1.316001534461975,0.21148431301116943,4,V2-004-D2-TCNMEAN-F00-S20260928,f219483150b0da6c9efc8908cf7aafee80feffd12bcfdd491381d5991ec6101f
03c216cf2a9a1c5921faa6145d57ab66a8bb0aecbb03c4b3ae53bfa71d3aaf9b,MITDB_P212,212,1115000000,0,20260928,MODEL_V2_TCN_MEAN,0,-6.698382377624512,0.001231386442668736,4,V2-004-D2-TCNMEAN-F00-S20260928,f219483150b0da6c9efc8908cf7aafee80feffd12bcfdd491381d5991ec6101f
03ea3c3d104806273119d872882b7cf1e67ab12b53bd24e809928234effe7029,MITDB_P203,203,1610000000,0,20260928,MODEL_V2_TCN_MEAN,1,7.718158721923828,0.9995555281639099,4,V2-004-D2-TCNMEAN-F00-S20260928,f219483150b0da6c9efc8908cf7aafee80feffd12bcfdd491381d5991ec6101f
04225ba980057cef06c557ea5e875d990e3c46fe8429df39a24bc2e68033c5b7,MITDB_P105,105,1670000000,0,20260928,MODEL_V2_TCN_MEAN,0,-0.6084519624710083,0.3524124026298523,4,V2-004-D2-TCNMEAN-F00-S20260928,f219483150b0da6c9efc8908cf7aafee80feffd12bcfdd491381d5991ec6101f
0430fcf2fcaa38dfcc1af4799eb5a61c59d3298bc1f44dde1b26cf380a3244a7,MITDB_P105,105,550000000,0,20260928,MODEL_V2_TCN_MEAN,0,-6.003524303436279,0.0024639456532895565,4,V2-004-D2-TCNMEAN-F00-S20260928,f219483150b0da6c9efc8908cf7aafee80feffd12bcfdd491381d5991ec6101f
0435e26e1443f7c6fbe7bed8e1756ef3a0845f86db72c8af29f82d855778e0ba,MITDB_P222,222,770000000,0,20260928,MODEL_V2_TCN_MEAN,1,3.3214972019195557,0.965158998966217,4,V2-004-D2-TCNMEAN-F00-S20260928,f219483150b0da6c9efc8908cf7aafee80feffd12bcfdd491381d5991ec6101f
043da5569dbe5e63b204fe4d8a301e8ca27f2c548fce75b54ae0129a69d29a6f,MITDB_P124,124,1105000000,0,20260928,MODEL_V2_TCN_MEAN,0,-3.817408800125122,0.02151176519691944,4,V2-004-D2-TCNMEAN-F00-S20260928,f219483150b0da6c9efc8908cf7aafee80feffd12bcfdd491381d5991ec6101f
043fc8681dcc73ab466136ca20235672ff12cfe87c3a95807fb121659c2f15a6,MITDB_P212,212,1445000000,0,20260928,MODEL_V2_TCN_MEAN,0,-5.607687950134277,0.003656127257272601,4,V2-004-D2-TCNMEAN-F00-S20260928,f219483150b0da6c9efc8908cf7aafee80feffd12bcfdd491381d5991ec6101f
0457bea38d4a9b5c57f855ee78240b5f768420959c456f395c9ee389b52d9cfa,MITDB_P212,212,610000000,0,20260928,MODEL_V2_TCN_MEAN,0,-2.432006359100342,0.08076439052820206,4,V2-004-D2-TCNMEAN-F00-S20260928,f219483150b0da6c9efc8908cf7aafee80feffd12bcfdd491381d5991ec6101f
0492b3a9ba5e4033c8de0b03354f172e787c0bf486094fc911e6e2f23e5637e4,MITDB_P203,203,545000000,0,20260928,MODEL_V2_TCN_MEAN,1,3.637197732925415,0.9743492007255554,4,V2-004-D2-TCNMEAN-F00-S20260928,f219483150b0da6c9efc8908cf7aafee80feffd12bcfdd491381d5991ec6101f
049881b63cec2d545a8de38badd8d50d86a7f5fb071d2770c325c2929ed08b19,MITDB_P212,212,720000000,0,20260928,MODEL_V2_TCN_MEAN,0,-6.182300090789795,0.002061412902548909,4,V2-004-D2-TCNMEAN-F00-S20260928,f219483150b0da6c9efc8908cf7aafee80feffd12bcfdd491381d5991ec6101f
049f1669bbed2980837d585e7f2fd696f628d1b55ac668941f79169568941dcb,MITDB_P124,124,580000000,0,20260928,MODEL_V2_TCN_MEAN,0,-6.6497111320495605,0.0012927227653563023,4,V2-004-D2-TCNMEAN-F00-S20260928,f219483150b0da6c9efc8908cf7aafee80feffd12bcfdd491381d5991ec6101f
04a6af549b6d4dab46143bf3c93782906631a5bb2943a6078016b354ba8caf1e,MITDB_P105,105,340000000,0,20260928,MODEL_V2_TCN_MEAN,0,-3.830172061920166,0.021244743838906288,4,V2-004-D2-TCNMEAN-F00-S20260928,f219483150b0da6c9efc8908cf7aafee80feffd12bcfdd491381d5991ec6101f
04ae4918d28a9d3c4559ef691ad704f416ea02330a826737bf92f37bde97f4ac,MITDB_P124,124,60000000,0,20260928,MODEL_V2_TCN_MEAN,0,0.2567368447780609,0.5638339519500732,4,V2-004-D2-TCNMEAN-F00-S20260928,f219483150b0da6c9efc8908cf7aafee80feffd12bcfdd491381d5991ec6101f
04ce1ec545dd0439a0d003a2d922d29c01e8f0965c2f2612d0c53b0dc0f02d13,MITDB_P212,212,605000000,0,20260928,MODEL_V2_TCN_MEAN,0,-2.503636121749878,0.0756036713719368,4,V2-004-D2-TCNMEAN-F00-S20260928,f219483150b0da6c9efc8908cf7aafee80feffd12bcfdd491381d5991ec6101f
04f62fb02a20daa1ae22246153032791d2ac92cac4e53162688a9a43197eebee,MITDB_P222,222,240000000,0,20260928,MODEL_V2_TCN_MEAN,0,-2.3011019229888916,0.0910317450761795,4,V2-004-D2-TCNMEAN-F00-S20260928,f219483150b0da6c9efc8908cf7aafee80feffd12bcfdd491381d5991ec6101f
052527d24883a1f0b3dfdb727660371671f810a91a2930e256e111bda7f48ed7,MITDB_P209,209,270000000,0,20260928,MODEL_V2_TCN_MEAN,1,-0.653409481048584,0.3422216475009918,4,V2-004-D2-TCNMEAN-F00-S20260928,f219483150b0da6c9efc8908cf7aafee80feffd12bcfdd491381d5991ec6101f
05641ff3d7980c0e38cb16002d25e8756d1e23c8f095b529b68aa7b37de51164,MITDB_P105,105,120000000,0,20260928,MODEL_V2_TCN_MEAN,0,-4.698805332183838,0.00902397558093071,4,V2-004-D2-TCNMEAN-F00-S20260928,f219483150b0da6c9efc8908cf7aafee80feffd12bcfdd491381d5991ec6101f
05819c09e2305534b5903bff178ce5b8404913e0029cdaa8c4bb82238e1ba664,MITDB_P124,124,1410000000,0,20260928,MODEL_V2_TCN_MEAN,1,1.5823742151260376,0.829540491104126,4,V2-004-D2-TCNMEAN-F00-S20260928,f219483150b0da6c9efc8908cf7aafee80feffd12bcfdd491381d5991ec6101f
0587728cd1b726e802e26821d51f6c5c7fd3e44330fda35fc5e576ce67399b2b,MITDB_P203,203,270000000,0,20260928,MODEL_V2_TCN_MEAN,1,6.739493370056152,0.9988180994987488,4,V2-004-D2-TCNMEAN-F00-S20260928,f219483150b0da6c9efc8908cf7aafee80feffd12bcfdd491381d5991ec6101f
05e257d6b0e933b7bd86bb823076201cba58b7952b3ca890d92f655729037706,MITDB_P212,212,710000000,0,20260928,MODEL_V2_TCN_MEAN,0,-7.0667805671691895,0.0008522478747181594,4,V2-004-D2-TCNMEAN-F00-S20260928,f219483150b0da6c9efc8908cf7aafee80feffd12bcfdd491381d5991ec6101f
060d104bc22356648804a645109546f9f36ef899f883a3713c204f6e056bd50d,MITDB_P124,124,1255000000,0,20260928,MODEL_V2_TCN_MEAN,0,-4.30059289932251,0.013379089534282684,4,V2-004-D2-TCNMEAN-F00-S20260928,f219483150b0da6c9efc8908cf7aafee80feffd12bcfdd491381d5991ec6101f
0611029d396dc3cf53d9351871a47c83acd0e3a6b7e3aebccc7bdea018ad42bc,MITDB_P212,212,935000000,0,20260928,MODEL_V2_TCN_MEAN,0,-3.6537678241729736,0.025239840149879456,4,V2-004-D2-TCNMEAN-F00-S20260928,f219483150b0da6c9efc8908cf7aafee80feffd12bcfdd491381d5991ec6101f
064204dbd7ae716565a3b011663134398e8a69b2750a514b4dc901e50dd9fa4c,MITDB_P209,209,1045000000,0,20260928,MODEL_V2_TCN_MEAN,0,-4.5828046798706055,0.010122658684849739,4,V2-004-D2-TCNMEAN-F00-S20260928,f219483150b0da6c9efc8908cf7aafee80feffd12bcfdd491381d5991ec6101f
065802dfd1813633119a4a2fc7a708ee8fb1279c541a9cce079615cb0e2e464d,MITDB_P212,212,1765000000,0,20260928,MODEL_V2_TCN_MEAN,0,-4.391814708709717,0.012226899154484272,4,V2-004-D2-TCNMEAN-F00-S20260928,f219483150b0da6c9efc8908cf7aafee80feffd12bcfdd491381d5991ec6101f
067ddf8449998538ff2495bd7a95b2255f697f95bf91bfef7e6af8696a429340,MITDB_P222,222,750000000,0,20260928,MODEL_V2_TCN_MEAN,1,3.4290335178375244,0.9685996770858765,4,V2-004-D2-TCNMEAN-F00-S20260928,f219483150b0da6c9efc8908cf7aafee80feffd12bcfdd491381d5991ec6101f
0685b9b4c32089fe8c12c8edfaa89fe30420950f48cb7bbf30064f2604a1f77d,MITDB_P203,203,870000000,0,20260928,MODEL_V2_TCN_MEAN,1,5.448802947998047,0.9957169890403748,4,V2-004-D2-TCNMEAN-F00-S20260928,f219483150b0da6c9efc8908cf7aafee80feffd12bcfdd491381d5991ec6101f
0685e120fa74d277f55949a343afe28fe6a5469ff42dc28c15de83565b433120,MITDB_P124,124,1735000000,0,20260928,MODEL_V2_TCN_MEAN,0,-7.887729644775391,0.0003751798940356821,4,V2-004-D2-TCNMEAN-F00-S20260928,f219483150b0da6c9efc8908cf7aafee80feffd12bcfdd491381d5991ec6101f
06b4010c0181e3ee9c5170353ad97d475680a1151350c8f31fac45a2cab4124f,MITDB_P222,222,1130000000,0,20260928,MODEL_V2_TCN_MEAN,1,4.777234077453613,0.9916509985923767,4,V2-004-D2-TCNMEAN-F00-S20260928,f219483150b0da6c9efc8908cf7aafee80feffd12bcfdd491381d5991ec6101f
06e3781b7ec6709ca1c07bc432b22ffbe2aec505974a498749010148873de9e0,MITDB_P212,212,180000000,0,20260928,MODEL_V2_TCN_MEAN,0,-2.78436541557312,0.05817491188645363,4,V2-004-D2-TCNMEAN-F00-S20260928,f219483150b0da6c9efc8908cf7aafee80feffd12bcfdd491381d5991ec6101f
06e70dd1e69ee81583e868acd7bbc605f94fb340b88455bf3b4b59635cbcf3e2,MITDB_P124,124,1725000000,0,20260928,MODEL_V2_TCN_MEAN,0,-7.269967079162598,0.0006956506404094398,4,V2-004-D2-TCNMEAN-F00-S20260928,f219483150b0da6c9efc8908cf7aafee80feffd12bcfdd491381d5991ec6101f
070960d845d042f297b00d2c513e71f1a73e7348e5e46506c9ce53f35c88feb4,MITDB_P212,212,1415000000,0,20260928,MODEL_V2_TCN_MEAN,0,-2.3467304706573486,0.08732600510120392,4,V2-004-D2-TCNMEAN-F00-S20260928,f219483150b0da6c9efc8908cf7aafee80feffd12bcfdd491381d5991ec6101f
07098740b04102c1707b75b3386f933a617dc46adf551baeac44d1637613cf43,MITDB_P124,124,30000000,0,20260928,MODEL_V2_TCN_MEAN,0,-3.3574118614196777,0.03365328907966614,4,V2-004-D2-TCNMEAN-F00-S20260928,f219483150b0da6c9efc8908cf7aafee80feffd12bcfdd491381d5991ec6101f
0714a41b95f4b81edefbdc9f1c378f4ff637981899e9f904a03a69f012e80fc5,MITDB_P209,209,1470000000,0,20260928,MODEL_V2_TCN_MEAN,1,-4.896819591522217,0.007414912339299917,4,V2-004-D2-TCNMEAN-F00-S20260928,f219483150b0da6c9efc8908cf7aafee80feffd12bcfdd491381d5991ec6101f
0729c6cf065c73db2ef42ceebc4ee9a0bf963fd382d8e1c029c8dbacfa486363,MITDB_P105,105,575000000,0,20260928,MODEL_V2_TCN_MEAN,0,-5.397957801818848,0.004505423363298178,4,V2-004-D2-TCNMEAN-F00-S20260928,f219483150b0da6c9efc8908cf7aafee80feffd12bcfdd491381d5991ec6101f
074c8a27cc05cb0ca86b60c092b2f38659fb69d9def59c6504ad84dfe795c890,MITDB_P203,203,330000000,0,20260928,MODEL_V2_TCN_MEAN,1,4.1461992263793945,0.9844220876693726,4,V2-004-D2-TCNMEAN-F00-S20260928,f219483150b0da6c9efc8908cf7aafee80feffd12bcfdd491381d5991ec6101f
07bb4fbf9193749ef3a1d705bbb3a84b90e0b8b72e16271edcfa11a25c5fcb63,MITDB_P124,124,380000000,0,20260928,MODEL_V2_TCN_MEAN,0,-5.00120735168457,0.006684829015284777,4,V2-004-D2-TCNMEAN-F00-S20260928,f219483150b0da6c9efc8908cf7aafee80feffd12bcfdd491381d5991ec6101f
080e4a8c6a7b0a212603cf919f7d14c5658a39d3a0b57ae7bffe0eb8fafb2463,MITDB_P105,105,1060000000,0,20260928,MODEL_V2_TCN_MEAN,0,-4.7433881759643555,0.008633894845843315,4,V2-004-D2-TCNMEAN-F00-S20260928,f219483150b0da6c9efc8908cf7aafee80feffd12bcfdd491381d5991ec6101f
08448268cdb000e59eff9677163e9b5fb3b91c671af330900ad4bf5a6fb6080c,MITDB_P124,124,1350000000,0,20260928,MODEL_V2_TCN_MEAN,0,-5.579916954040527,0.003758697770535946,4,V2-004-D2-TCNMEAN-F00-S20260928,f219483150b0da6c9efc8908cf7aafee80feffd12bcfdd491381d5991ec6101f
08700e0d3c0a2b5621d27a35417e41d97714d9e0ed107271de4bf8506d32b590,MITDB_P124,124,705000000,0,20260928,MODEL_V2_TCN_MEAN,0,-7.3732686042785645,0.0006274188053794205,4,V2-004-D2-TCNMEAN-F00-S20260928,f219483150b0da6c9efc8908cf7aafee80feffd12bcfdd491381d5991ec6101f
087ab06d617b0498a4e8d5f90d3c8b0d4d1ecf7e27c2979cb998d13acec4cf67,MITDB_P105,105,1755000000,0,20260928,MODEL_V2_TCN_MEAN,0,0.2735472619533539,0.5679635405540466,4,V2-004-D2-TCNMEAN-F00-S20260928,f219483150b0da6c9efc8908cf7aafee80feffd12bcfdd491381d5991ec6101f
088e938fbbe206f929890e077e7d48acd49b4961af34c8859bd7b9779b5083fc,MITDB_P222,222,1625000000,0,20260928,MODEL_V2_TCN_MEAN,0,-0.4213545620441437,0.39619266986846924,4,V2-004-D2-TCNMEAN-F00-S20260928,f219483150b0da6c9efc8908cf7aafee80feffd12bcfdd491381d5991ec6101f
08a3158333bd0ca06f003733993e08e03d96e1ea509cdca0604a333ea4e58be0,MITDB_P222,222,1790000000,0,20260928,MODEL_V2_TCN_MEAN,0,-0.5029915571212769,0.37683790922164917,4,V2-004-D2-TCNMEAN-F00-S20260928,f219483150b0da6c9efc8908cf7aafee80feffd12bcfdd491381d5991ec6101f
08f843cfe74de84019ec40b84246254010533cc35a31ed4d67ed05f9418456f6,MITDB_P222,222,565000000,0,20260928,MODEL_V2_TCN_MEAN,1,-3.828782320022583,0.0212736614048481,4,V2-004-D2-TCNMEAN-F00-S20260928,f219483150b0da6c9efc8908cf7aafee80feffd12bcfdd491381d5991ec6101f
090142a60ccb6c9d04017dab3b8422c5510458e16720c29f2dad51d96e802c2b,MITDB_P124,124,610000000,0,20260928,MODEL_V2_TCN_MEAN,0,-7.067861080169678,0.0008513282518833876,4,V2-004-D2-TCNMEAN-F00-S20260928,f219483150b0da6c9efc8908cf7aafee80feffd12bcfdd491381d5991ec6101f
090f476fb5e6d013f78a387aa42e141fe460cb45cf970b758d9ec893b3949047,MITDB_P105,105,10000000,0,20260928,MODEL_V2_TCN_MEAN,0,-5.719901084899902,0.003269311971962452,4,V2-004-D2-TCNMEAN-F00-S20260928,f219483150b0da6c9efc8908cf7aafee80feffd12bcfdd491381d5991ec6101f
0966e3fcd6a3a28a6690bc579327ecd9c615f7a7dc77bb0f0de7dccadbc6a3b2,MITDB_P222,222,960000000,0,20260928,MODEL_V2_TCN_MEAN,1,2.3193724155426025,0.9104688167572021,4,V2-004-D2-TCNMEAN-F00-S20260928,f219483150b0da6c9efc8908cf7aafee80feffd12bcfdd491381d5991ec6101f
096f67a440079474097c89850a8ca6f32d2ad00d24aab737821874e8fc1bf276,MITDB_P212,212,1745000000,0,20260928,MODEL_V2_TCN_MEAN,0,-3.6021595001220703,0.02654114179313183,4,V2-004-D2-TCNMEAN-F00-S20260928,f219483150b0da6c9efc8908cf7aafee80feffd12bcfdd491381d5991ec6101f
097293fd8205748ceede3f5c94c46cac532e943162fc0cf088067997bccf8bf4,MITDB_P203,203,465000000,0,20260928,MODEL_V2_TCN_MEAN,1,5.696771621704102,0.9966543912887573,4,V2-004-D2-TCNMEAN-F00-S20260928,f219483150b0da6c9efc8908cf7aafee80feffd12bcfdd491381d5991ec6101f
097310c0038e3e2740592a8634641f51d90ee7e153aa1dec55588721d228d296,MITDB_P203,203,1555000000,0,20260928,MODEL_V2_TCN_MEAN,1,9.086202621459961,0.9998867511749268,4,V2-004-D2-TCNMEAN-F00-S20260928,f219483150b0da6c9efc8908cf7aafee80feffd12bcfdd491381d5991ec6101f
0990e47b93aa51e844522f19df60ddb5420399a3eea734756cba0138dc08aec4,MITDB_P105,105,140000000,0,20260928,MODEL_V2_TCN_MEAN,0,-4.491403579711914,0.011080747470259666,4,V2-004-D2-TCNMEAN-F00-S20260928,f219483150b0da6c9efc8908cf7aafee80feffd12bcfdd491381d5991ec6101f
09912575ea107930ca13978c8a85bc9816978ae771ffbfbcc896b208a172c3da,MITDB_P124,124,1065000000,0,20260928,MODEL_V2_TCN_MEAN,1,-3.528057098388672,0.028524378314614296,4,V2-004-D2-TCNMEAN-F00-S20260928,f219483150b0da6c9efc8908cf7aafee80feffd12bcfdd491381d5991ec6101f
09f0133e3015b62047cab665d94e7992f1787d70bd108e0cac59c936aafef8dd,MITDB_P212,212,1105000000,0,20260928,MODEL_V2_TCN_MEAN,0,-5.3489556312561035,0.004730627406388521,4,V2-004-D2-TCNMEAN-F00-S20260928,f219483150b0da6c9efc8908cf7aafee80feffd12bcfdd491381d5991ec6101f
09f71f9e42a501043a882eab0fa09fc8467d69537533d4b8d752fa8ae2abe172,MITDB_P124,124,1360000000,0,20260928,MODEL_V2_TCN_MEAN,0,-5.0544257164001465,0.0063405707478523254,4,V2-004-D2-TCNMEAN-F00-S20260928,f219483150b0da6c9efc8908cf7aafee80feffd12bcfdd491381d5991ec6101f
0a033489280da3ff821eb1214e4abbaacdf0b43b1b7d1ed6077ee1592c3076b6,MITDB_P222,222,585000000,0,20260928,MODEL_V2_TCN_MEAN,0,1.7938868999481201,0.8574031591415405,4,V2-004-D2-TCNMEAN-F00-S20260928,f219483150b0da6c9efc8908cf7aafee80feffd12bcfdd491381d5991ec6101f
0a17f8a3dd546a763a82a80c85934fd5ab1adb1f1327466097446691a166581b,MITDB_P209,209,920000000,0,20260928,MODEL_V2_TCN_MEAN,1,-4.761491775512695,0.008480310440063477,4,V2-004-D2-TCNMEAN-F00-S20260928,f219483150b0da6c9efc8908cf7aafee80feffd12bcfdd491381d5991ec6101f
0a1cbfd73b524bb0394d4de3e7781d7e7e2c967e32243f1844244233c12da2b9,MITDB_P124,124,1630000000,0,20260928,MODEL_V2_TCN_MEAN,0,-7.000085830688477,0.0009109730599448085,4,V2-004-D2-TCNMEAN-F00-S20260928,f219483150b0da6c9efc8908cf7aafee80feffd12bcfdd491381d5991ec6101f
0a88cf49a97403c29e9762c2c59cb8275487ac0e2c12ff4d814500eda858abce,MITDB_P209,209,780000000,0,20260928,MODEL_V2_TCN_MEAN,1,-2.485989570617676,0.07684621959924698,4,V2-004-D2-TCNMEAN-F00-S20260928,f219483150b0da6c9efc8908cf7aafee80feffd12bcfdd491381d5991ec6101f
0ad60ae1047d266b8602064ba63f6f5a4058ef4a592c7926dcb4e9e5fe020208,MITDB_P212,212,1725000000,0,20260928,MODEL_V2_TCN_MEAN,0,-7.609875679016113,0.0004952879971824586,4,V2-004-D2-TCNMEAN-F00-S20260928,f219483150b0da6c9efc8908cf7aafee80feffd12bcfdd491381d5991ec6101f
0ad89984675cf9f62a05171bddfb656d3477cd1cc31d59e640ea4c70062a44d8,MITDB_P222,222,105000000,0,20260928,MODEL_V2_TCN_MEAN,0,-3.2115542888641357,0.03873322159051895,4,V2-004-D2-TCNMEAN-F00-S20260928,f219483150b0da6c9efc8908cf7aafee80feffd12bcfdd491381d5991ec6101f
0b0eceaeec897eb8b616b7f5058e62e0feff28f5c59942749502f78b4e45d7fc,MITDB_P209,209,85000000,0,20260928,MODEL_V2_TCN_MEAN,0,-4.708407878875732,0.008938508108258247,4,V2-004-D2-TCNMEAN-F00-S20260928,f219483150b0da6c9efc8908cf7aafee80feffd12bcfdd491381d5991ec6101f
0b2ca817515680cfa0d07fa36336d620ff2d470230ce26ca5ab6d04462905ea6,MITDB_P203,203,425000000,0,20260928,MODEL_V2_TCN_MEAN,0,2.6709182262420654,0.9352886080741882,4,V2-004-D2-TCNMEAN-F00-S20260928,f219483150b0da6c9efc8908cf7aafee80feffd12bcfdd491381d5991ec6101f
0b52f307dd0dca0c7e1b4de442d5fef5da5989965c8d96a1150788a1e6c1b0ec,MITDB_P212,212,435000000,0,20260928,MODEL_V2_TCN_MEAN,0,-1.247297763824463,0.2231682687997818,4,V2-004-D2-TCNMEAN-F00-S20260928,f219483150b0da6c9efc8908cf7aafee80feffd12bcfdd491381d5991ec6101f
0b7c59b3458a145e6ffa0509771b2a440d86e26d722605a6011f2a6d64a5ed98,MITDB_P209,209,400000000,0,20260928,MODEL_V2_TCN_MEAN,1,-1.85672926902771,0.13508473336696625,4,V2-004-D2-TCNMEAN-F00-S20260928,f219483150b0da6c9efc8908cf7aafee80feffd12bcfdd491381d5991ec6101f
0b99ac5c58089da953f86fbd4adad0a5400b716a3de241271a42be0b75c4bbfb,MITDB_P212,212,1695000000,0,20260928,MODEL_V2_TCN_MEAN,0,-7.8348188400268555,0.0003955574647989124,4,V2-004-D2-TCNMEAN-F00-S20260928,f219483150b0da6c9efc8908cf7aafee80feffd12bcfdd491381d5991ec6101f
0bb29a9aaadfa9436285a62183ff39bfc4d214fdd30306baf4a4ea411be428b3,MITDB_P124,124,1285000000,0,20260928,MODEL_V2_TCN_MEAN,0,-4.29079532623291,0.013509036973118782,4,V2-004-D2-TCNMEAN-F00-S20260928,f219483150b0da6c9efc8908cf7aafee80feffd12bcfdd491381d5991ec6101f
0bc02f5cad207b577b1062c57eb95aa6b89fa0d26d05166b416bc2a29adfdaae,MITDB_P105,105,1505000000,0,20260928,MODEL_V2_TCN_MEAN,0,-2.5561540126800537,0.07201413810253143,4,V2-004-D2-TCNMEAN-F00-S20260928,f219483150b0da6c9efc8908cf7aafee80feffd12bcfdd491381d5991ec6101f
0bcec0622bb43f96d54b5cbdce753ad389aad529719bba9716e589543d827e7f,MITDB_P212,212,805000000,0,20260928,MODEL_V2_TCN_MEAN,0,-5.847065448760986,0.0028800442814826965,4,V2-004-D2-TCNMEAN-F00-S20260928,f219483150b0da6c9efc8908cf7aafee80feffd12bcfdd491381d5991ec6101f
0be0bb2f0925684c438f436e927325ef005d1a826c6bfb0c43e679bb5677a824,MITDB_P124,124,675000000,0,20260928,MODEL_V2_TCN_MEAN,0,-4.885496139526367,0.00749871926382184,4,V2-004-D2-TCNMEAN-F00-S20260928,f219483150b0da6c9efc8908cf7aafee80feffd12bcfdd491381d5991ec6101f
0beb6a81f6ab20c4701705e4d6d06dae79c6f7a6fa89f081270a0b36014ec191,MITDB_P124,124,1470000000,0,20260928,MODEL_V2_TCN_MEAN,0,-7.060544967651367,0.0008575741085223854,4,V2-004-D2-TCNMEAN-F00-S20260928,f219483150b0da6c9efc8908cf7aafee80feffd12bcfdd491381d5991ec6101f
0bf3139f0a5ee1d7cf76155653c53bb243da1e69459924ef5388a20b7b5a2f88,MITDB_P222,222,1250000000,0,20260928,MODEL_V2_TCN_MEAN,1,3.0034568309783936,0.9527300596237183,4,V2-004-D2-TCNMEAN-F00-S20260928,f219483150b0da6c9efc8908cf7aafee80feffd12bcfdd491381d5991ec6101f
0bfe07d66d919a1f6135ee596e992b21a7cabd593f7d529932a129bd6e18f5ae,MITDB_P209,209,330000000,0,20260928,MODEL_V2_TCN_MEAN,1,-1.2263171672821045,0.22682666778564453,4,V2-004-D2-TCNMEAN-F00-S20260928,f219483150b0da6c9efc8908cf7aafee80feffd12bcfdd491381d5991ec6101f
0c067639c93b1ba4426fe435d403f1542f238969ad16c6ce1e2bc14ae613a3fa,MITDB_P222,222,1705000000,0,20260928,MODEL_V2_TCN_MEAN,0,-0.005768090486526489,0.498557984828949,4,V2-004-D2-TCNMEAN-F00-S20260928,f219483150b0da6c9efc8908cf7aafee80feffd12bcfdd491381d5991ec6101f
0c1fb8db625810e762a60b1f209d3a9f8edf70beabef8e212f28f355c26ccfb4,MITDB_P124,124,1050000000,0,20260928,MODEL_V2_TCN_MEAN,1,2.9831247329711914,0.9518058896064758,4,V2-004-D2-TCNMEAN-F00-S20260928,f219483150b0da6c9efc8908cf7aafee80feffd12bcfdd491381d5991ec6101f
0c4b71dac082d71be7698068cbf8da7bc70b2307fc169c56a3e83ff9fdf27267,MITDB_P212,212,1455000000,0,20260928,MODEL_V2_TCN_MEAN,0,-4.309741973876953,0.013258855789899826,4,V2-004-D2-TCNMEAN-F00-S20260928,f219483150b0da6c9efc8908cf7aafee80feffd12bcfdd491381d5991ec6101f
0c821ce290cb6b857fdcb60a5a948583cde66c68f1fcf03713fbd50ddbf4155b,MITDB_P222,222,570000000,0,20260928,MODEL_V2_TCN_MEAN,1,1.744917631149292,0.8513106107711792,4,V2-004-D2-TCNMEAN-F00-S20260928,f219483150b0da6c9efc8908cf7aafee80feffd12bcfdd491381d5991ec6101f
0ca00b2b1e8ba86dc5a493364a34492565528d555620c2b9f0684fca83a80f92,MITDB_P222,222,995000000,0,20260928,MODEL_V2_TCN_MEAN,0,-0.29392942786216736,0.427042156457901,4,V2-004-D2-TCNMEAN-F00-S20260928,f219483150b0da6c9efc8908cf7aafee80feffd12bcfdd491381d5991ec6101f
0cd027ec0b2af1f66c8f433b0119fe807c2459a4b2df8516657a0e45dccf940e,MITDB_P124,124,780000000,0,20260928,MODEL_V2_TCN_MEAN,0,-6.877243518829346,0.0010299201821908355,4,V2-004-D2-TCNMEAN-F00-S20260928,f219483150b0da6c9efc8908cf7aafee80feffd12bcfdd491381d5991ec6101f
0cd18226b3910f483018c0fdf92beea23d3fad46de7f8ac5eee42c61693b2ce4,MITDB_P124,124,755000000,0,20260928,MODEL_V2_TCN_MEAN,0,-5.9401350021362305,0.002624766668304801,4,V2-004-D2-TCNMEAN-F00-S20260928,f219483150b0da6c9efc8908cf7aafee80feffd12bcfdd491381d5991ec6101f
0cdeec35506dfed2764fc79d5526184642af6c08803624622d9f52898520e157,MITDB_P203,203,605000000,0,20260928,MODEL_V2_TCN_MEAN,1,7.251611232757568,0.9992914199829102,4,V2-004-D2-TCNMEAN-F00-S20260928,f219483150b0da6c9efc8908cf7aafee80feffd12bcfdd491381d5991ec6101f
0cee8950005f1ef7619f9c634f0ab207e6c38f81b3700fc87e7852aeff884943,MITDB_P124,124,510000000,0,20260928,MODEL_V2_TCN_MEAN,0,-5.107244491577148,0.006016322877258062,4,V2-004-D2-TCNMEAN-F00-S20260928,f219483150b0da6c9efc8908cf7aafee80feffd12bcfdd491381d5991ec6101f
0d0ee1d9ec342ac3d03a34153bd49085413e25cf2a0acdaf8a0fe88241c5d059,MITDB_P209,209,30000000,0,20260928,MODEL_V2_TCN_MEAN,0,-5.0898942947387695,0.0061209737323224545,4,V2-004-D2-TCNMEAN-F00-S20260928,f219483150b0da6c9efc8908cf7aafee80feffd12bcfdd491381d5991ec6101f
0d0fc9c37f5201a094b151ceb8bacea43bb04a1ce0a349caa27cc1b2893bbbb3,MITDB_P222,222,50000000,0,20260928,MODEL_V2_TCN_MEAN,0,-6.204334735870361,0.0020165778696537018,4,V2-004-D2-TCNMEAN-F00-S20260928,f219483150b0da6c9efc8908cf7aafee80feffd12bcfdd491381d5991ec6101f
0d12f8072ee6ee49c64305f8f459490e161c38373b1902611f9b32cf9f9c94e6,MITDB_P203,203,140000000,0,20260928,MODEL_V2_TCN_MEAN,1,8.896448135375977,0.9998631477355957,4,V2-004-D2-TCNMEAN-F00-S20260928,f219483150b0da6c9efc8908cf7aafee80feffd12bcfdd491381d5991ec6101f
0d4b13631e00cffb7e413fe93b2589e1755434c53edb948d3c5110e92c2c6ff1,MITDB_P212,212,40000000,0,20260928,MODEL_V2_TCN_MEAN,0,-3.233032464981079,0.037941399961709976,4,V2-004-D2-TCNMEAN-F00-S20260928,f219483150b0da6c9efc8908cf7aafee80feffd12bcfdd491381d5991ec6101f
0d5d5e1ed1743ed65f3a0e4fc6defd7d8cc293108f2ae1f094200d3a47a3d584,MITDB_P203,203,1150000000,0,20260928,MODEL_V2_TCN_MEAN,1,6.9676995277404785,0.9990590214729309,4,V2-004-D2-TCNMEAN-F00-S20260928,f219483150b0da6c9efc8908cf7aafee80feffd12bcfdd491381d5991ec6101f
0d71382bf6b2d3519d219c7e816f207cb7e3a441724a968a868f74a17cf6acbf,MITDB_P124,124,100000000,0,20260928,MODEL_V2_TCN_MEAN,0,-2.0356199741363525,0.11551348865032196,4,V2-004-D2-TCNMEAN-F00-S20260928,f219483150b0da6c9efc8908cf7aafee80feffd12bcfdd491381d5991ec6101f
0dc8ed956e55eb9ecb7ee0664dfa2a0cbc777cca5529ef22b1e45eb48103087f,MITDB_P105,105,625000000,0,20260928,MODEL_V2_TCN_MEAN,0,-5.65116548538208,0.0035011188592761755,4,V2-004-D2-TCNMEAN-F00-S20260928,f219483150b0da6c9efc8908cf7aafee80feffd12bcfdd491381d5991ec6101f
0dcae489c55322bbcc2b935ce33e1b839eceb3e4b990ef145411bac23ce072cd,MITDB_P222,222,1660000000,0,20260928,MODEL_V2_TCN_MEAN,0,-0.3951909840106964,0.4024682939052582,4,V2-004-D2-TCNMEAN-F00-S20260928,f219483150b0da6c9efc8908cf7aafee80feffd12bcfdd491381d5991ec6101f
0ded76e95d7110260a66763e892f45ec01eadcc66f31972f74a3178d9848b103,MITDB_P222,222,1680000000,0,20260928,MODEL_V2_TCN_MEAN,0,-2.289482831954956,0.09199774265289307,4,V2-004-D2-TCNMEAN-F00-S20260928,f219483150b0da6c9efc8908cf7aafee80feffd12bcfdd491381d5991ec6101f
0e0b18176a6903119b4d2681cef6e44c682d40e35273f8c4f1dc5f73efbc5be6,MITDB_P212,212,565000000,0,20260928,MODEL_V2_TCN_MEAN,0,-1.754604458808899,0.14746737480163574,4,V2-004-D2-TCNMEAN-F00-S20260928,f219483150b0da6c9efc8908cf7aafee80feffd12bcfdd491381d5991ec6101f
0e33c37872c8107d4d81cf33b7b741cf2ea30e5244e225d00396e5f21012dd81,MITDB_P222,222,35000000,0,20260928,MODEL_V2_TCN_MEAN,0,-5.000560760498047,0.006689123809337616,4,V2-004-D2-TCNMEAN-F00-S20260928,f219483150b0da6c9efc8908cf7aafee80feffd12bcfdd491381d5991ec6101f
0e4303067b3073333ec3220330047af753bef1720b384373acae48635835167b,MITDB_P105,105,1205000000,0,20260928,MODEL_V2_TCN_MEAN,0,1.9551701545715332,0.8760092854499817,4,V2-004-D2-TCNMEAN-F00-S20260928,f219483150b0da6c9efc8908cf7aafee80feffd12bcfdd491381d5991ec6101f
0e7f754f766d971cfa1a44666048c1c56323fece96d8b9a8a246c7feebed5a00,MITDB_P209,209,110000000,0,20260928,MODEL_V2_TCN_MEAN,1,-4.296180725097656,0.013437454588711262,4,V2-004-D2-TCNMEAN-F00-S20260928,f219483150b0da6c9efc8908cf7aafee80feffd12bcfdd491381d5991ec6101f
0e91dc43f4b43ecd4919d8804339711e8d42e7fff398ba6224542bed1ce71c3e,MITDB_P212,212,1430000000,0,20260928,MODEL_V2_TCN_MEAN,0,-4.001910209655762,0.01795250177383423,4,V2-004-D2-TCNMEAN-F00-S20260928,f219483150b0da6c9efc8908cf7aafee80feffd12bcfdd491381d5991ec6101f
0ea7f6110e419aedeed51b15368fcdba4222f485dde3baf62811ccf2b2c1314f,MITDB_P105,105,230000000,0,20260928,MODEL_V2_TCN_MEAN,0,-5.3487467765808105,0.004731610417366028,4,V2-004-D2-TCNMEAN-F00-S20260928,f219483150b0da6c9efc8908cf7aafee80feffd12bcfdd491381d5991ec6101f
0eadd8d035e3d3da7c10be725de41f81a6bd3f5bfdfd614349c687da9cdcc82b,MITDB_P203,203,640000000,0,20260928,MODEL_V2_TCN_MEAN,1,6.30824613571167,0.9981820583343506,4,V2-004-D2-TCNMEAN-F00-S20260928,f219483150b0da6c9efc8908cf7aafee80feffd12bcfdd491381d5991ec6101f
0ebd65265f8652930f4724b649c5ca844511cd12451dfee28714ece137e1d5cb,MITDB_P203,203,95000000,0,20260928,MODEL_V2_TCN_MEAN,1,8.974650382995605,0.9998733997344971,4,V2-004-D2-TCNMEAN-F00-S20260928,f219483150b0da6c9efc8908cf7aafee80feffd12bcfdd491381d5991ec6101f
0ecb1d3a8c61abaae7ab5694a954c28ce0224250ce38f7a9d6b152cf59397433,MITDB_P222,222,670000000,0,20260928,MODEL_V2_TCN_MEAN,0,-5.883591651916504,0.0027770320884883404,4,V2-004-D2-TCNMEAN-F00-S20260928,f219483150b0da6c9efc8908cf7aafee80feffd12bcfdd491381d5991ec6101f
0ed426b258c743414e958aeec1d7ae735536c25067ed5d18ace378b4362ca678,MITDB_P209,209,765000000,0,20260928,MODEL_V2_TCN_MEAN,1,-3.2572038173675537,0.037068888545036316,4,V2-004-D2-TCNMEAN-F00-S20260928,f219483150b0da6c9efc8908cf7aafee80feffd12bcfdd491381d5991ec6101f
0ed5ed874df66b9785f65000467a1f26598369fb1da9f45e4497c4923e04e1d7,MITDB_P124,124,1025000000,0,20260928,MODEL_V2_TCN_MEAN,0,-5.146936893463135,0.005783551838248968,4,V2-004-D2-TCNMEAN-F00-S20260928,f219483150b0da6c9efc8908cf7aafee80feffd12bcfdd491381d5991ec6101f
0eda43cd15e90d1b57da89684c211293ec27b0345dcbd2625630110eb05d39f8,MITDB_P203,203,505000000,0,20260928,MODEL_V2_TCN_MEAN,1,5.734522342681885,0.9967779517173767,4,V2-004-D2-TCNMEAN-F00-S20260928,f219483150b0da6c9efc8908cf7aafee80feffd12bcfdd491381d5991ec6101f
0ee792a8b097bd67f73c2f19316af8a7029b0a0cc2a6545bfd29a521cf42bbec,MITDB_P209,209,1530000000,0,20260928,MODEL_V2_TCN_MEAN,1,-2.1141366958618164,0.10773038119077682,4,V2-004-D2-TCNMEAN-F00-S20260928,f219483150b0da6c9efc8908cf7aafee80feffd12bcfdd491381d5991ec6101f
0ee8a3c23de4e3e8f346c68c2b554e608182a7238c9db40ec6ef2b4cb37dd99a,MITDB_P222,222,445000000,0,20260928,MODEL_V2_TCN_MEAN,0,-3.967700242996216,0.01856568269431591,4,V2-004-D2-TCNMEAN-F00-S20260928,f219483150b0da6c9efc8908cf7aafee80feffd12bcfdd491381d5991ec6101f
0eee968e0f839f1826db109a5accfb86a7b547bea6b5cddd2c807387c549f99b,MITDB_P212,212,410000000,0,20260928,MODEL_V2_TCN_MEAN,0,-1.9532352685928345,0.12420101463794708,4,V2-004-D2-TCNMEAN-F00-S20260928,f219483150b0da6c9efc8908cf7aafee80feffd12bcfdd491381d5991ec6101f
0f5a811d7fa730aa9103da29c4f4183a25a7fe43075c8ee7da435838d058622f,MITDB_P105,105,640000000,0,20260928,MODEL_V2_TCN_MEAN,0,-4.9139084815979,0.007290192414075136,4,V2-004-D2-TCNMEAN-F00-S20260928,f219483150b0da6c9efc8908cf7aafee80feffd12bcfdd491381d5991ec6101f
0f5ae4f8d87c0be950990a535883bc2cc90704ed5e29885e4cf200d979547352,MITDB_P105,105,965000000,0,20260928,MODEL_V2_TCN_MEAN,0,-5.78929328918457,0.003050808096304536,4,V2-004-D2-TCNMEAN-F00-S20260928,f219483150b0da6c9efc8908cf7aafee80feffd12bcfdd491381d5991ec6101f
0f62f08107e0dad8e0f202bd2842c5a12f043a54c176ea6d3c659f9ac0c4141c,MITDB_P124,124,505000000,0,20260928,MODEL_V2_TCN_MEAN,0,-5.889101982116699,0.00276181404478848,4,V2-004-D2-TCNMEAN-F00-S20260928,f219483150b0da6c9efc8908cf7aafee80feffd12bcfdd491381d5991ec6101f
0f740c1ca32018824d6b31f5109a7dac5bdf7586aaa13a214bc7cf41d5443c7e,MITDB_P124,124,1685000000,0,20260928,MODEL_V2_TCN_MEAN,0,-7.596543312072754,0.0005019322852604091,4,V2-004-D2-TCNMEAN-F00-S20260928,f219483150b0da6c9efc8908cf7aafee80feffd12bcfdd491381d5991ec6101f
0fde47067d6721fff4f2607e5108ad06398377b49632f6f1e28cc1eb8a7b29f9,MITDB_P222,222,365000000,0,20260928,MODEL_V2_TCN_MEAN,0,-6.852317810058594,0.001055886852554977,4,V2-004-D2-TCNMEAN-F00-S20260928,f219483150b0da6c9efc8908cf7aafee80feffd12bcfdd491381d5991ec6101f
0fe4ed8397ee2338504bf4408363148e06ce3f3c49f71da066fe35b9daba9d4b,MITDB_P105,105,255000000,0,20260928,MODEL_V2_TCN_MEAN,0,-4.925061225891113,0.007209921255707741,4,V2-004-D2-TCNMEAN-F00-S20260928,f219483150b0da6c9efc8908cf7aafee80feffd12bcfdd491381d5991ec6101f
0fe5686d9d005e8ad32d163f258ce185251bd37db2d8743f2582e6db7169c330,MITDB_P105,105,380000000,0,20260928,MODEL_V2_TCN_MEAN,0,-5.422118186950684,0.0043983482755720615,4,V2-004-D2-TCNMEAN-F00-S20260928,f219483150b0da6c9efc8908cf7aafee80feffd12bcfdd491381d5991ec6101f
0ffd302cbaf6df51ebc5972a0a96967a8a0aa67fe3d51caeec7c78042f9e7f90,MITDB_P209,209,655000000,0,20260928,MODEL_V2_TCN_MEAN,1,-5.86781120300293,0.002821077825501561,4,V2-004-D2-TCNMEAN-F00-S20260928,f219483150b0da6c9efc8908cf7aafee80feffd12bcfdd491381d5991ec6101f
10139555bee54bdd4ea9c0b5bc939da3cb42c492d808036e321e6089c200f40b,MITDB_P105,105,1435000000,0,20260928,MODEL_V2_TCN_MEAN,0,-3.177177667617798,0.04003365710377693,4,V2-004-D2-TCNMEAN-F00-S20260928,f219483150b0da6c9efc8908cf7aafee80feffd12bcfdd491381d5991ec6101f
1036c77c156c7494bd58343b931c919349c473e9f02bc8818ee60451d4a4ecd3,MITDB_P222,222,1045000000,0,20260928,MODEL_V2_TCN_MEAN,0,1.3658527135849,0.7967092990875244,4,V2-004-D2-TCNMEAN-F00-S20260928,f219483150b0da6c9efc8908cf7aafee80feffd12bcfdd491381d5991ec6101f
103fbb8c8591d33cab4b07625ba54c642faaaa7b2fa32e74cfe99bd00dcc4a39,MITDB_P209,209,215000000,0,20260928,MODEL_V2_TCN_MEAN,0,-5.060258865356445,0.006303925532847643,4,V2-004-D2-TCNMEAN-F00-S20260928,f219483150b0da6c9efc8908cf7aafee80feffd12bcfdd491381d5991ec6101f
106ed2974760c709f1a89790a7d368bc2fb7e820601458ebcc928145ceb7adef,MITDB_P212,212,1135000000,0,20260928,MODEL_V2_TCN_MEAN,0,-8.127501487731934,0.000295217934763059,4,V2-004-D2-TCNMEAN-F00-S20260928,f219483150b0da6c9efc8908cf7aafee80feffd12bcfdd491381d5991ec6101f
10a15d57d19148a772d92d8118d5f299370c53ec12761cfabd537d19653093dd,MITDB_P222,222,610000000,0,20260928,MODEL_V2_TCN_MEAN,0,-3.9566991329193115,0.01876719854772091,4,V2-004-D2-TCNMEAN-F00-S20260928,f219483150b0da6c9efc8908cf7aafee80feffd12bcfdd491381d5991ec6101f
10a60f8e99f6e4dc335cb62c29674ee5a73ed88ce741c020dfd616b32608ec5f,MITDB_P105,105,1350000000,0,20260928,MODEL_V2_TCN_MEAN,0,-0.02025708556175232,0.49493589997291565,4,V2-004-D2-TCNMEAN-F00-S20260928,f219483150b0da6c9efc8908cf7aafee80feffd12bcfdd491381d5991ec6101f
10b75b51ecec01636eef5f7c0f05e85015a2b12dfa62daf931ef7c6e1d2c88aa,MITDB_P203,203,1265000000,0,20260928,MODEL_V2_TCN_MEAN,1,7.847626686096191,0.9996095299720764,4,V2-004-D2-TCNMEAN-F00-S20260928,f219483150b0da6c9efc8908cf7aafee80feffd12bcfdd491381d5991ec6101f
10cd7eed4790442036c16f494e9885f903431067fcb0b87f995c587d9479683b,MITDB_P105,105,115000000,0,20260928,MODEL_V2_TCN_MEAN,0,-5.084354877471924,0.006154764909297228,4,V2-004-D2-TCNMEAN-F00-S20260928,f219483150b0da6c9efc8908cf7aafee80feffd12bcfdd491381d5991ec6101f
111acff0487ba617dc21cc87f81bde9627787923faff7fc2b9b5cb8e9837ae93,MITDB_P124,124,1045000000,0,20260928,MODEL_V2_TCN_MEAN,1,-2.7035984992980957,0.0627613514661789,4,V2-004-D2-TCNMEAN-F00-S20260928,f219483150b0da6c9efc8908cf7aafee80feffd12bcfdd491381d5991ec6101f
1122fc297a698f906112030ff57fb2ac3313d9368548b07323ca7c020973fc87,MITDB_P222,222,130000000,0,20260928,MODEL_V2_TCN_MEAN,0,-5.755181789398193,0.003156336722895503,4,V2-004-D2-TCNMEAN-F00-S20260928,f219483150b0da6c9efc8908cf7aafee80feffd12bcfdd491381d5991ec6101f
115976907c5470cdba0f9463161f59684641dd9546490d7582947035ee7217f8,MITDB_P209,209,1575000000,0,20260928,MODEL_V2_TCN_MEAN,1,-3.471104383468628,0.0301456768065691,4,V2-004-D2-TCNMEAN-F00-S20260928,f219483150b0da6c9efc8908cf7aafee80feffd12bcfdd491381d5991ec6101f
115ea4d02100167dce8e2f5f5bbadf44a498ab7df7ab04cd52feae47c88a4499,MITDB_P203,203,840000000,0,20260928,MODEL_V2_TCN_MEAN,0,-0.12217369675636292,0.46949446201324463,4,V2-004-D2-TCNMEAN-F00-S20260928,f219483150b0da6c9efc8908cf7aafee80feffd12bcfdd491381d5991ec6101f
117d3914fcc251b4a2faf1755a64b82f82eec84c8af5a5813de0d29cc04e7fbf,MITDB_P105,105,170000000,0,20260928,MODEL_V2_TCN_MEAN,0,-5.3564066886901855,0.004695674870163202,4,V2-004-D2-TCNMEAN-F00-S20260928,f219483150b0da6c9efc8908cf7aafee80feffd12bcfdd491381d5991ec6101f
11e4513ee2e28a8441e5b5a115eb5ea545e6c14e013eb64e66aaed8f9acfd19e,MITDB_P124,124,645000000,0,20260928,MODEL_V2_TCN_MEAN,1,-2.334838390350342,0.08827847242355347,4,V2-004-D2-TCNMEAN-F00-S20260928,f219483150b0da6c9efc8908cf7aafee80feffd12bcfdd491381d5991ec6101f
11e88609602251aa7d8b78af799a86a728bfbda935d2fa9fed761d8d418ec1a9,MITDB_P209,209,1110000000,0,20260928,MODEL_V2_TCN_MEAN,1,-2.689788341522217,0.06357862055301666,4,V2-004-D2-TCNMEAN-F00-S20260928,f219483150b0da6c9efc8908cf7aafee80feffd12bcfdd491381d5991ec6101f
11ffe1d272c05edf175de40b3c0049c8ef2c55cc190a6e4f0ccccfce6769110e,MITDB_P105,105,765000000,0,20260928,MODEL_V2_TCN_MEAN,0,-5.226639747619629,0.005342845339328051,4,V2-004-D2-TCNMEAN-F00-S20260928,f219483150b0da6c9efc8908cf7aafee80feffd12bcfdd491381d5991ec6101f
12664be36f458771278d9b1724d9065c4b8e2e740e04173afb276a3abe9a25fa,MITDB_P212,212,65000000,0,20260928,MODEL_V2_TCN_MEAN,0,-1.917609691619873,0.12812834978103638,4,V2-004-D2-TCNMEAN-F00-S20260928,f219483150b0da6c9efc8908cf7aafee80feffd12bcfdd491381d5991ec6101f
12931816fad2a467a2107fbb4f49bf9decadad399f71ff26bb0dd28b1e57a281,MITDB_P105,105,355000000,0,20260928,MODEL_V2_TCN_MEAN,1,-1.0981184244155884,0.25009262561798096,4,V2-004-D2-TCNMEAN-F00-S20260928,f219483150b0da6c9efc8908cf7aafee80feffd12bcfdd491381d5991ec6101f
12bfb41dd529fc2e8d462757f5053b3d53cfcf90ce765ff5300255955b371f64,MITDB_P212,212,400000000,0,20260928,MODEL_V2_TCN_MEAN,0,-2.548340320587158,0.07253806293010712,4,V2-004-D2-TCNMEAN-F00-S20260928,f219483150b0da6c9efc8908cf7aafee80feffd12bcfdd491381d5991ec6101f
12f3d39d68e81c4dddfe5a55c7896019a016429332cb99498dbe21c5ebb18ec7,MITDB_P105,105,1415000000,0,20260928,MODEL_V2_TCN_MEAN,0,-1.7493760585784912,0.14812591671943665,4,V2-004-D2-TCNMEAN-F00-S20260928,f219483150b0da6c9efc8908cf7aafee80feffd12bcfdd491381d5991ec6101f
12f94936e11f3f79833bc7ef32179802ec38fa2b08b7e2c57fd610863b9f11c8,MITDB_P105,105,1055000000,0,20260928,MODEL_V2_TCN_MEAN,0,-5.081014633178711,0.006175230722874403,4,V2-004-D2-TCNMEAN-F00-S20260928,f219483150b0da6c9efc8908cf7aafee80feffd12bcfdd491381d5991ec6101f
1302c29ab35dfd171480b443b04c584564607cb26ed4028288e2c1cf709323e4,MITDB_P222,222,1210000000,0,20260928,MODEL_V2_TCN_MEAN,1,2.6154167652130127,0.9318472146987915,4,V2-004-D2-TCNMEAN-F00-S20260928,f219483150b0da6c9efc8908cf7aafee80feffd12bcfdd491381d5991ec6101f
132a5b60022de16d43038d23b2bff17e07c0b34b33868f94aa204e259b3a4d6b,MITDB_P209,209,585000000,0,20260928,MODEL_V2_TCN_MEAN,1,0.41799572110176086,0.6030035614967346,4,V2-004-D2-TCNMEAN-F00-S20260928,f219483150b0da6c9efc8908cf7aafee80feffd12bcfdd491381d5991ec6101f
13457b53b971fb878de99accbc28116dc72f0a83dc59ec40f948433fbe303402,MITDB_P222,222,1070000000,0,20260928,MODEL_V2_TCN_MEAN,0,0.1370905339717865,0.5342190861701965,4,V2-004-D2-TCNMEAN-F00-S20260928,f219483150b0da6c9efc8908cf7aafee80feffd12bcfdd491381d5991ec6101f
136f00ee8738f0ebf8134fbbd1cd190ed0d8e227cc7f20b1561ab8de0406cd1c,MITDB_P212,212,800000000,0,20260928,MODEL_V2_TCN_MEAN,0,-5.766359329223633,0.003121362766250968,4,V2-004-D2-TCNMEAN-F00-S20260928,f219483150b0da6c9efc8908cf7aafee80feffd12bcfdd491381d5991ec6101f
137ebc7a7df123af439e80cd91cb9a73cd92ff1d21511543ef20d61de6a9635a,MITDB_P209,209,80000000,0,20260928,MODEL_V2_TCN_MEAN,1,-3.1227996349334717,0.04217652976512909,4,V2-004-D2-TCNMEAN-F00-S20260928,f219483150b0da6c9efc8908cf7aafee80feffd12bcfdd491381d5991ec6101f
139a3015f2e9eeff25d9420b0ebbc188dcbac31dbe297bfaedb2440ea7b19bdd,MITDB_P105,105,265000000,0,20260928,MODEL_V2_TCN_MEAN,0,-3.5289666652679443,0.02849918231368065,4,V2-004-D2-TCNMEAN-F00-S20260928,f219483150b0da6c9efc8908cf7aafee80feffd12bcfdd491381d5991ec6101f
13aba4537bf4121b5d7e308466cfeee2cf9b41b45e4f18a976802cf130518c8a,MITDB_P105,105,990000000,0,20260928,MODEL_V2_TCN_MEAN,0,-5.349881649017334,0.004726269282400608,4,V2-004-D2-TCNMEAN-F00-S20260928,f219483150b0da6c9efc8908cf7aafee80feffd12bcfdd491381d5991ec6101f
13bc5eefb02ef4c86a51d8c0f07b541e1fef8f68957dd1b4d5d6892e4f726f99,MITDB_P124,124,340000000,0,20260928,MODEL_V2_TCN_MEAN,1,-0.6698516607284546,0.338530033826828,4,V2-004-D2-TCNMEAN-F00-S20260928,f219483150b0da6c9efc8908cf7aafee80feffd12bcfdd491381d5991ec6101f
13ed37a26683c2b54fc8e9aa080f4b4a00eae85dafe0f0456d7ced1c1f858a4e,MITDB_P124,124,515000000,0,20260928,MODEL_V2_TCN_MEAN,0,-4.413248538970947,0.011970721185207367,4,V2-004-D2-TCNMEAN-F00-S20260928,f219483150b0da6c9efc8908cf7aafee80feffd12bcfdd491381d5991ec6101f
13f155012b357f05fc6b10b51ff0ff0d344e2a33f9f66b225a9576244be8689e,MITDB_P124,124,550000000,0,20260928,MODEL_V2_TCN_MEAN,0,-3.207350015640259,0.038890063762664795,4,V2-004-D2-TCNMEAN-F00-S20260928,f219483150b0da6c9efc8908cf7aafee80feffd12bcfdd491381d5991ec6101f
1404806ec5d89cd91c03b4a8a591d385ca487e1751496bff0179997492c84554,MITDB_P203,203,390000000,0,20260928,MODEL_V2_TCN_MEAN,1,3.3100807666778564,0.9647730588912964,4,V2-004-D2-TCNMEAN-F00-S20260928,f219483150b0da6c9efc8908cf7aafee80feffd12bcfdd491381d5991ec6101f
1458507e090c2ba2c528af51b0ddb39481b310a6f6762f38e203718430de331d,MITDB_P105,105,1685000000,0,20260928,MODEL_V2_TCN_MEAN,0,-1.3092461824417114,0.21261301636695862,4,V2-004-D2-TCNMEAN-F00-S20260928,f219483150b0da6c9efc8908cf7aafee80feffd12bcfdd491381d5991ec6101f
14797ed50e6071506345c469fe2b79d0b37723718fc02c147c0bde7e95679199,MITDB_P222,222,340000000,0,20260928,MODEL_V2_TCN_MEAN,0,-3.791529893875122,0.02206328697502613,4,V2-004-D2-TCNMEAN-F00-S20260928,f219483150b0da6c9efc8908cf7aafee80feffd12bcfdd491381d5991ec6101f
14822eed6e1ebb7b4d84ac298df7a45a0f97465d4c5bf1c33ed2d20e8749d910,MITDB_P222,222,735000000,0,20260928,MODEL_V2_TCN_MEAN,0,1.4624977111816406,0.8119144439697266,4,V2-004-D2-TCNMEAN-F00-S20260928,f219483150b0da6c9efc8908cf7aafee80feffd12bcfdd491381d5991ec6101f
148a52d5555c2cee7b6970c46d4d7cb013ad0dbc4549b24b295b23ac857f3704,MITDB_P212,212,160000000,0,20260928,MODEL_V2_TCN_MEAN,0,-1.2992429733276367,0.21429243683815002,4,V2-004-D2-TCNMEAN-F00-S20260928,f219483150b0da6c9efc8908cf7aafee80feffd12bcfdd491381d5991ec6101f
14a481b41d0703bee21692a92c95b597d1c1cfdadcead10556f0d7f3053da763,MITDB_P222,222,1630000000,0,20260928,MODEL_V2_TCN_MEAN,0,1.2340397834777832,0.7745248675346375,4,V2-004-D2-TCNMEAN-F00-S20260928,f219483150b0da6c9efc8908cf7aafee80feffd12bcfdd491381d5991ec6101f
14bb485f43ef2acccd85547e01b630ed1eef84151310ed26d39c4105bdd79949,MITDB_P203,203,1745000000,0,20260928,MODEL_V2_TCN_MEAN,1,4.255192756652832,0.9860082268714905,4,V2-004-D2-TCNMEAN-F00-S20260928,f219483150b0da6c9efc8908cf7aafee80feffd12bcfdd491381d5991ec6101f
14ca429a251d34933cfd1bbcca5ba422ef5ec264b0842872a3b9c7b43dec31d8,MITDB_P203,203,1715000000,0,20260928,MODEL_V2_TCN_MEAN,0,0.09405967593193054,0.5234975814819336,4,V2-004-D2-TCNMEAN-F00-S20260928,f219483150b0da6c9efc8908cf7aafee80feffd12bcfdd491381d5991ec6101f
15106c3cd8368162d0a03d69068171ad8be3088be39e2d8d6d3f7a610afb45b8,MITDB_P124,124,150000000,0,20260928,MODEL_V2_TCN_MEAN,0,-2.3809731006622314,0.08463514596223831,4,V2-004-D2-TCNMEAN-F00-S20260928,f219483150b0da6c9efc8908cf7aafee80feffd12bcfdd491381d5991ec6101f
15131717e729044b38c82d4141d56b55b0dceacc63a1c76e2074b05f0389dc6a,MITDB_P124,124,1635000000,0,20260928,MODEL_V2_TCN_MEAN,0,-6.650880813598633,0.0012912133242934942,4,V2-004-D2-TCNMEAN-F00-S20260928,f219483150b0da6c9efc8908cf7aafee80feffd12bcfdd491381d5991ec6101f
152733b0bc5436885a393f26c91e1abd735ac83af0b26ee8c221bcfdcfbdc05a,MITDB_P222,222,405000000,0,20260928,MODEL_V2_TCN_MEAN,0,-5.380995273590088,0.004582145716995001,4,V2-004-D2-TCNMEAN-F00-S20260928,f219483150b0da6c9efc8908cf7aafee80feffd12bcfdd491381d5991ec6101f
1542035c6c97937768059a9753f8646ccbe2c6d02d3c2ed0345e5b4fe481ea74,MITDB_P105,105,50000000,0,20260928,MODEL_V2_TCN_MEAN,0,-5.994796276092529,0.002485491568222642,4,V2-004-D2-TCNMEAN-F00-S20260928,f219483150b0da6c9efc8908cf7aafee80feffd12bcfdd491381d5991ec6101f
1586ebc167b9fee38934120315b1af786f1ce807720efba268014aefdb372cae,MITDB_P209,209,770000000,0,20260928,MODEL_V2_TCN_MEAN,0,-1.426094889640808,0.1937078833580017,4,V2-004-D2-TCNMEAN-F00-S20260928,f219483150b0da6c9efc8908cf7aafee80feffd12bcfdd491381d5991ec6101f
15902ded5d2fbd9ebd26716e6f75a2305aff5d33ed14d9a5e548a55392c1bd32,MITDB_P105,105,975000000,0,20260928,MODEL_V2_TCN_MEAN,0,-4.244369029998779,0.01414191909134388,4,V2-004-D2-TCNMEAN-F00-S20260928,f219483150b0da6c9efc8908cf7aafee80feffd12bcfdd491381d5991ec6101f
1598ae7d28be06a8b8e0c3090de015f7e0da222fb86c8c1fa7637976d148c9bd,MITDB_P209,209,1165000000,0,20260928,MODEL_V2_TCN_MEAN,1,-4.593335151672363,0.01001768372952938,4,V2-004-D2-TCNMEAN-F00-S20260928,f219483150b0da6c9efc8908cf7aafee80feffd12bcfdd491381d5991ec6101f
15d2247be95e814e743d3ba89ba01e93aa90a8d2db0cb7d26ccbb019fe7d8ed4,MITDB_P124,124,1070000000,0,20260928,MODEL_V2_TCN_MEAN,1,-0.6591523885726929,0.3409300446510315,4,V2-004-D2-TCNMEAN-F00-S20260928,f219483150b0da6c9efc8908cf7aafee80feffd12bcfdd491381d5991ec6101f
15d730d9b209b845bb5b4884068c6fb969cfac4f2c2d9bd26314b67cd76d5de5,MITDB_P209,209,1680000000,0,20260928,MODEL_V2_TCN_MEAN,1,-2.102022886276245,0.10890036076307297,4,V2-004-D2-TCNMEAN-F00-S20260928,f219483150b0da6c9efc8908cf7aafee80feffd12bcfdd491381d5991ec6101f
15e1bf939dc272bb5fea17ccbe90916daeba13b1c881fa98c9134d0fb16ff628,MITDB_P209,209,380000000,0,20260928,MODEL_V2_TCN_MEAN,1,-2.1388967037200928,0.10537335276603699,4,V2-004-D2-TCNMEAN-F00-S20260928,f219483150b0da6c9efc8908cf7aafee80feffd12bcfdd491381d5991ec6101f
160616bd4dbac9f8d310b62b95fceb85b956a86f84d366dc2da22ab27104de42,MITDB_P203,203,1575000000,0,20260928,MODEL_V2_TCN_MEAN,1,1.9125969409942627,0.8713105916976929,4,V2-004-D2-TCNMEAN-F00-S20260928,f219483150b0da6c9efc8908cf7aafee80feffd12bcfdd491381d5991ec6101f
1610882c70712da83eaf94731651cc9197ff80248a74bd71b25700b2b8e64ad7,MITDB_P222,222,720000000,0,20260928,MODEL_V2_TCN_MEAN,1,5.418509006500244,0.9955857992172241,4,V2-004-D2-TCNMEAN-F00-S20260928,f219483150b0da6c9efc8908cf7aafee80feffd12bcfdd491381d5991ec6101f
161c3e582d581116466a30b5c3c43a8ef015e7584c86704d6e995a4767f25fe8,MITDB_P222,222,45000000,0,20260928,MODEL_V2_TCN_MEAN,0,-5.494917392730713,0.004090792499482632,4,V2-004-D2-TCNMEAN-F00-S20260928,f219483150b0da6c9efc8908cf7aafee80feffd12bcfdd491381d5991ec6101f
1627e0d94f248e47077ddd5ad749a113471594e78ac404cbf7c09c3276a45794,MITDB_P222,222,170000000,0,20260928,MODEL_V2_TCN_MEAN,0,-7.423427581787109,0.0005967427277937531,4,V2-004-D2-TCNMEAN-F00-S20260928,f219483150b0da6c9efc8908cf7aafee80feffd12bcfdd491381d5991ec6101f
1641925a08fd073f3a91492f6e7960c5dd821e3834cd25effec6fdeede4d4066,MITDB_P203,203,890000000,0,20260928,MODEL_V2_TCN_MEAN,1,5.614129066467285,0.9963672161102295,4,V2-004-D2-TCNMEAN-F00-S20260928,f219483150b0da6c9efc8908cf7aafee80feffd12bcfdd491381d5991ec6101f
1641999870539852641e8a03bde38ac9be22deecd0d4ee16b5c246936df38956,MITDB_P203,203,40000000,0,20260928,MODEL_V2_TCN_MEAN,0,-1.8019700050354004,0.14161142706871033,4,V2-004-D2-TCNMEAN-F00-S20260928,f219483150b0da6c9efc8908cf7aafee80feffd12bcfdd491381d5991ec6101f
169f2bf098fc6be028c3d98229c105c6d5ce00a3cf04a67f391a24b6e29b8fc7,MITDB_P222,222,1480000000,0,20260928,MODEL_V2_TCN_MEAN,1,3.0952858924865723,0.9566978216171265,4,V2-004-D2-TCNMEAN-F00-S20260928,f219483150b0da6c9efc8908cf7aafee80feffd12bcfdd491381d5991ec6101f
16add6a2c00aa452a295aeefd253066c8746b84502e01594f90c353159bd74df,MITDB_P209,209,635000000,0,20260928,MODEL_V2_TCN_MEAN,0,-5.737575054168701,0.003212221898138523,4,V2-004-D2-TCNMEAN-F00-S20260928,f219483150b0da6c9efc8908cf7aafee80feffd12bcfdd491381d5991ec6101f
16ae4aac98958b1f01a635a2754a1ebb70771450dcde4b88a37f82d550d83434,MITDB_P105,105,940000000,0,20260928,MODEL_V2_TCN_MEAN,0,-4.73325252532959,0.008721083402633667,4,V2-004-D2-TCNMEAN-F00-S20260928,f219483150b0da6c9efc8908cf7aafee80feffd12bcfdd491381d5991ec6101f
16ceb24171e59d49d58cba3dff1d40a4fccee1a358c94f8ac8d1c1387f2aaf75,MITDB_P222,222,360000000,0,20260928,MODEL_V2_TCN_MEAN,0,-8.58420181274414,0.00018700245709624141,4,V2-004-D2-TCNMEAN-F00-S20260928,f219483150b0da6c9efc8908cf7aafee80feffd12bcfdd491381d5991ec6101f
1715dac44147523a027c3d8947e4cfd98783c9af5d0d9bfbba506a7ec13e6ecf,MITDB_P124,124,1715000000,0,20260928,MODEL_V2_TCN_MEAN,1,-1.0504720211029053,0.2591344714164734,4,V2-004-D2-TCNMEAN-F00-S20260928,f219483150b0da6c9efc8908cf7aafee80feffd12bcfdd491381d5991ec6101f
172f441eca20f284418f3627409b84155d48d69b8b5356b1d106836584674487,MITDB_P124,124,1365000000,0,20260928,MODEL_V2_TCN_MEAN,0,-6.972918510437012,0.0009360375115647912,4,V2-004-D2-TCNMEAN-F00-S20260928,f219483150b0da6c9efc8908cf7aafee80feffd12bcfdd491381d5991ec6101f
1730ee1a8368a71d33eca54b9a09c20cd9bce13c28c18412b82c6a695efb3221,MITDB_P105,105,480000000,0,20260928,MODEL_V2_TCN_MEAN,0,-6.061641693115234,0.0023251527454704046,4,V2-004-D2-TCNMEAN-F00-S20260928,f219483150b0da6c9efc8908cf7aafee80feffd12bcfdd491381d5991ec6101f
1743cd41f0d1c82111adb8fd6c82218f367d08bb6d362ca8cd089944763d57bc,MITDB_P203,203,265000000,0,20260928,MODEL_V2_TCN_MEAN,1,7.265339374542236,0.9993010759353638,4,V2-004-D2-TCNMEAN-F00-S20260928,f219483150b0da6c9efc8908cf7aafee80feffd12bcfdd491381d5991ec6101f
17579c0b2909d7e87133c41f53f721a4d186c5c0d92fb5f2f76061bc8825d532,MITDB_P212,212,1645000000,0,20260928,MODEL_V2_TCN_MEAN,0,-6.378225326538086,0.001695255166850984,4,V2-004-D2-TCNMEAN-F00-S20260928,f219483150b0da6c9efc8908cf7aafee80feffd12bcfdd491381d5991ec6101f
17b6ab4a3000bcff5858c6aee388ed70e7b5ccd0ed7fa1b894f757b095bdead9,MITDB_P203,203,1725000000,0,20260928,MODEL_V2_TCN_MEAN,1,7.758243560791016,0.9995729327201843,4,V2-004-D2-TCNMEAN-F00-S20260928,f219483150b0da6c9efc8908cf7aafee80feffd12bcfdd491381d5991ec6101f
17e04f1f16fe8b4d6873f652d8fff6b32bd954817943a3f6551e58088838dc88,MITDB_P124,124,1265000000,0,20260928,MODEL_V2_TCN_MEAN,0,-6.029189109802246,0.00240166368894279,4,V2-004-D2-TCNMEAN-F00-S20260928,f219483150b0da6c9efc8908cf7aafee80feffd12bcfdd491381d5991ec6101f
17ec8503a01e7732ebb130b3b5f1530409ea2907277a6febcaccaada9ab347a3,MITDB_P105,105,795000000,0,20260928,MODEL_V2_TCN_MEAN,0,-5.0631279945373535,0.006285978015512228,4,V2-004-D2-TCNMEAN-F00-S20260928,f219483150b0da6c9efc8908cf7aafee80feffd12bcfdd491381d5991ec6101f
17ed1f26216da99ccfb30aa939a2db378ba328e967563a83443a8fd2e4de0ef3,MITDB_P209,209,665000000,0,20260928,MODEL_V2_TCN_MEAN,1,-4.271884918212891,0.013763378374278545,4,V2-004-D2-TCNMEAN-F00-S20260928,f219483150b0da6c9efc8908cf7aafee80feffd12bcfdd491381d5991ec6101f
17fc6822bb9bb5b1ec1ad4346dcda5f03d3aee3f89b2a6333ace334174215e57,MITDB_P124,124,1625000000,0,20260928,MODEL_V2_TCN_MEAN,0,-6.987442970275879,0.0009225527755916119,4,V2-004-D2-TCNMEAN-F00-S20260928,f219483150b0da6c9efc8908cf7aafee80feffd12bcfdd491381d5991ec6101f
1851b2267ee62f0ac9c22df83044b51c5eb5d9802252bfa64e1c8782b3a1f2f4,MITDB_P209,209,950000000,0,20260928,MODEL_V2_TCN_MEAN,1,-5.8911004066467285,0.0027563152834773064,4,V2-004-D2-TCNMEAN-F00-S20260928,f219483150b0da6c9efc8908cf7aafee80feffd12bcfdd491381d5991ec6101f
18c433bbcc17154cedc1fde1528429603986f9a405d2444cbcd5217afd13d0be,MITDB_P124,124,1780000000,0,20260928,MODEL_V2_TCN_MEAN,0,-7.210931777954102,0.0007379238377325237,4,V2-004-D2-TCNMEAN-F00-S20260928,f219483150b0da6c9efc8908cf7aafee80feffd12bcfdd491381d5991ec6101f
18f8acbb9b6182964f3e86680137e34db6771e6fbc2a0d8fc2feb9c4b4ed6bb9,MITDB_P203,203,225000000,0,20260928,MODEL_V2_TCN_MEAN,1,9.467735290527344,0.9999227523803711,4,V2-004-D2-TCNMEAN-F00-S20260928,f219483150b0da6c9efc8908cf7aafee80feffd12bcfdd491381d5991ec6101f
194363789966d1b25a181432a3f85375220d1ef03117618e666f9d9d83931774,MITDB_P124,124,360000000,0,20260928,MODEL_V2_TCN_MEAN,0,-6.103287696838379,0.002230519661679864,4,V2-004-D2-TCNMEAN-F00-S20260928,f219483150b0da6c9efc8908cf7aafee80feffd12bcfdd491381d5991ec6101f
194b14f735b65b347fe342dcba2e514d8f948c4b2a5101791e58788b71ebc694,MITDB_P105,105,955000000,0,20260928,MODEL_V2_TCN_MEAN,0,-5.293822765350342,0.004997423849999905,4,V2-004-D2-TCNMEAN-F00-S20260928,f219483150b0da6c9efc8908cf7aafee80feffd12bcfdd491381d5991ec6101f
196ba10c462360f109ce21f6017f1db3790e6ab1bfb12658c3b1acca28584522,MITDB_P222,222,510000000,0,20260928,MODEL_V2_TCN_MEAN,0,-5.125545501708984,0.005907864309847355,4,V2-004-D2-TCNMEAN-F00-S20260928,f219483150b0da6c9efc8908cf7aafee80feffd12bcfdd491381d5991ec6101f
1977a2d91c5555895247ff9a99ac1c1cdd05f89ee1a6ee2c2a4a9f372aada1c9,MITDB_P203,203,1670000000,0,20260928,MODEL_V2_TCN_MEAN,1,5.12208890914917,0.9940717816352844,4,V2-004-D2-TCNMEAN-F00-S20260928,f219483150b0da6c9efc8908cf7aafee80feffd12bcfdd491381d5991ec6101f
1983ba1ad18fba75d354f4d9f02e845864fdd71167942b285ac37095667219e4,MITDB_P124,124,315000000,0,20260928,MODEL_V2_TCN_MEAN,1,-1.9813867807388306,0.12117107957601547,4,V2-004-D2-TCNMEAN-F00-S20260928,f219483150b0da6c9efc8908cf7aafee80feffd12bcfdd491381d5991ec6101f
19978db0078e75c344176d9de3833ac645e47bb212bc13e80fb0d341f80fe92a,MITDB_P105,105,145000000,0,20260928,MODEL_V2_TCN_MEAN,0,-5.178655624389648,0.005603996105492115,4,V2-004-D2-TCNMEAN-F00-S20260928,f219483150b0da6c9efc8908cf7aafee80feffd12bcfdd491381d5991ec6101f
19a8794ba914db986b1e02609b5005b58a837dfc57fe175498730b1301fa357f,MITDB_P209,209,105000000,0,20260928,MODEL_V2_TCN_MEAN,1,-4.083285808563232,0.01657271943986416,4,V2-004-D2-TCNMEAN-F00-S20260928,f219483150b0da6c9efc8908cf7aafee80feffd12bcfdd491381d5991ec6101f
19aad1853b3eaa929a3ce0e46cd160d5e489fa190eb3668f27bcb2c6b4b54d9b,MITDB_P105,105,430000000,0,20260928,MODEL_V2_TCN_MEAN,0,-5.241061210632324,0.005266749765723944,4,V2-004-D2-TCNMEAN-F00-S20260928,f219483150b0da6c9efc8908cf7aafee80feffd12bcfdd491381d5991ec6101f
19d03767e41d3538e0db3cf75996be36132891ba0c88a221a741823712f137a8,MITDB_P105,105,65000000,0,20260928,MODEL_V2_TCN_MEAN,1,1.0003139972686768,0.7311202883720398,4,V2-004-D2-TCNMEAN-F00-S20260928,f219483150b0da6c9efc8908cf7aafee80feffd12bcfdd491381d5991ec6101f
19e6cbed4ac0b6fb2ddc076e6165c459f910574d971d1857ab3426307bc4ac7b,MITDB_P209,209,1495000000,0,20260928,MODEL_V2_TCN_MEAN,0,-5.48347282409668,0.004137683659791946,4,V2-004-D2-TCNMEAN-F00-S20260928,f219483150b0da6c9efc8908cf7aafee80feffd12bcfdd491381d5991ec6101f
19f152a2467a75a0f9086eb627fd558f1d882670da2929005f9f955159ca57ab,MITDB_P222,222,1205000000,0,20260928,MODEL_V2_TCN_MEAN,1,4.780647277832031,0.9916792511940002,4,V2-004-D2-TCNMEAN-F00-S20260928,f219483150b0da6c9efc8908cf7aafee80feffd12bcfdd491381d5991ec6101f
19f8461206b425d6d0c78eb67002ccd78195aaa7c61c87f734b12951ced92ee3,MITDB_P212,212,1030000000,0,20260928,MODEL_V2_TCN_MEAN,0,-1.1218717098236084,0.24566428363323212,4,V2-004-D2-TCNMEAN-F00-S20260928,f219483150b0da6c9efc8908cf7aafee80feffd12bcfdd491381d5991ec6101f
1a2169f84e9e1684d5f1d291881478134ce6750f20c5a8df9517117a58376ddb,MITDB_P209,209,1465000000,0,20260928,MODEL_V2_TCN_MEAN,1,-5.650287628173828,0.003504182444885373,4,V2-004-D2-TCNMEAN-F00-S20260928,f219483150b0da6c9efc8908cf7aafee80feffd12bcfdd491381d5991ec6101f
1a290dbfd391fcf40887495aae2d4548ad6a385047599ec4b1cd7feddca53618,MITDB_P203,203,1185000000,0,20260928,MODEL_V2_TCN_MEAN,1,5.7434844970703125,0.9968066215515137,4,V2-004-D2-TCNMEAN-F00-S20260928,f219483150b0da6c9efc8908cf7aafee80feffd12bcfdd491381d5991ec6101f
1a4643f86ced23962e241c02742350ad12ebdd1aaeb979078e26960eec1d638d,MITDB_P212,212,370000000,0,20260928,MODEL_V2_TCN_MEAN,0,-3.159478187561035,0.04071943089365959,4,V2-004-D2-TCNMEAN-F00-S20260928,f219483150b0da6c9efc8908cf7aafee80feffd12bcfdd491381d5991ec6101f
1a4bc8bcc3eb086948271ab796b23a9c6c7eee0513f466094f453af259e22f46,MITDB_P124,124,815000000,0,20260928,MODEL_V2_TCN_MEAN,0,-4.162906169891357,0.015323792584240437,4,V2-004-D2-TCNMEAN-F00-S20260928,f219483150b0da6c9efc8908cf7aafee80feffd12bcfdd491381d5991ec6101f
1a5bb23a1a4ab36b44eaeb7796f11d3c1ed4bb847266a9598dd39813cf6a2312,MITDB_P222,222,1555000000,0,20260928,MODEL_V2_TCN_MEAN,0,1.4197843074798584,0.8053045868873596,4,V2-004-D2-TCNMEAN-F00-S20260928,f219483150b0da6c9efc8908cf7aafee80feffd12bcfdd491381d5991ec6101f
1a5bfbcb12060235e5db60329762bdb71bc3ceaa4a9f09df1cd8c60b99ce07e7,MITDB_P203,203,955000000,0,20260928,MODEL_V2_TCN_MEAN,1,7.319120407104492,0.9993376135826111,4,V2-004-D2-TCNMEAN-F00-S20260928,f219483150b0da6c9efc8908cf7aafee80feffd12bcfdd491381d5991ec6101f
1a9141bb836c63c796a8680313b7fd16e94d26bc0e10b08f9b7f387d27cd498b,MITDB_P212,212,1255000000,0,20260928,MODEL_V2_TCN_MEAN,0,-5.0231547355651855,0.00654066214337945,4,V2-004-D2-TCNMEAN-F00-S20260928,f219483150b0da6c9efc8908cf7aafee80feffd12bcfdd491381d5991ec6101f
1a93c2b5b0732674da3e1effc3e0d8e2523bfbb2c6829f7b40a67d41948d13bf,MITDB_P209,209,700000000,0,20260928,MODEL_V2_TCN_MEAN,0,-4.548170566558838,0.01047565322369337,4,V2-004-D2-TCNMEAN-F00-S20260928,f219483150b0da6c9efc8908cf7aafee80feffd12bcfdd491381d5991ec6101f
1aa71446b4da6000c4f6d9dc893cdb9334eef79e698f3f483a5cbb5da090b63c,MITDB_P209,209,130000000,0,20260928,MODEL_V2_TCN_MEAN,0,-4.067318916320801,0.016834966838359833,4,V2-004-D2-TCNMEAN-F00-S20260928,f219483150b0da6c9efc8908cf7aafee80feffd12bcfdd491381d5991ec6101f
1af4eae7d62f4b99758429e3fdc9deadd77451b304c16cedf60ef2ddb092d514,MITDB_P212,212,340000000,0,20260928,MODEL_V2_TCN_MEAN,0,-4.419668674468994,0.01189502514898777,4,V2-004-D2-TCNMEAN-F00-S20260928,f219483150b0da6c9efc8908cf7aafee80feffd12bcfdd491381d5991ec6101f
1b4af0f15bb247f7b09e34e9ac1a321bf8a64f75ca09dafdce2f51ac5fda287c,MITDB_P203,203,755000000,0,20260928,MODEL_V2_TCN_MEAN,1,12.213971138000488,0.9999949932098389,4,V2-004-D2-TCNMEAN-F00-S20260928,f219483150b0da6c9efc8908cf7aafee80feffd12bcfdd491381d5991ec6101f
1b8759ecb2f36d10abbe23e066a2902fb73951459c0835b0839036e34f899349,MITDB_P212,212,1515000000,0,20260928,MODEL_V2_TCN_MEAN,0,-4.222922325134277,0.014444064348936081,4,V2-004-D2-TCNMEAN-F00-S20260928,f219483150b0da6c9efc8908cf7aafee80feffd12bcfdd491381d5991ec6101f
1b89ea1e2b4f1a70bc12290eabd1c218522dfd1bd59aa52052a3ed99cd39a28f,MITDB_P209,209,455000000,0,20260928,MODEL_V2_TCN_MEAN,0,-6.762104034423828,0.0011554560624063015,4,V2-004-D2-TCNMEAN-F00-S20260928,f219483150b0da6c9efc8908cf7aafee80feffd12bcfdd491381d5991ec6101f
1b963ac40bd4a8455f492ec91af882fad621511695838e940aee32304a664a0d,MITDB_P222,222,790000000,0,20260928,MODEL_V2_TCN_MEAN,0,-2.2809813022613525,0.09271038323640823,4,V2-004-D2-TCNMEAN-F00-S20260928,f219483150b0da6c9efc8908cf7aafee80feffd12bcfdd491381d5991ec6101f
1b9e951d3363d5f31f2ae79557f42d9e44968209c5511b8a409bf944d3637f8d,MITDB_P212,212,735000000,0,20260928,MODEL_V2_TCN_MEAN,0,-6.602970123291016,0.0013544964604079723,4,V2-004-D2-TCNMEAN-F00-S20260928,f219483150b0da6c9efc8908cf7aafee80feffd12bcfdd491381d5991ec6101f
1be4b413a9a46d1b6d0754c9fb515c39a9afb9c49d85edab5b90d9620ae9c1e8,MITDB_P203,203,1505000000,0,20260928,MODEL_V2_TCN_MEAN,1,8.031645774841309,0.9996751546859741,4,V2-004-D2-TCNMEAN-F00-S20260928,f219483150b0da6c9efc8908cf7aafee80feffd12bcfdd491381d5991ec6101f
1bf52ce3dc6151e9ffab2b8789a13675986932323efe310bccd1c808575c9b3a,MITDB_P209,209,305000000,0,20260928,MODEL_V2_TCN_MEAN,1,-2.44102144241333,0.08009761571884155,4,V2-004-D2-TCNMEAN-F00-S20260928,f219483150b0da6c9efc8908cf7aafee80feffd12bcfdd491381d5991ec6101f
1c6fd2cec0dac34a65a8c6e40b7e49a3adef4b7941892d45b429e81b0542fe8f,MITDB_P212,212,1505000000,0,20260928,MODEL_V2_TCN_MEAN,0,-4.298614025115967,0.01340523548424244,4,V2-004-D2-TCNMEAN-F00-S20260928,f219483150b0da6c9efc8908cf7aafee80feffd12bcfdd491381d5991ec6101f
1cbfdaeb3b653579210289b7b509007b46f0ee9d615e0b4934327e7046c3c168,MITDB_P222,222,1085000000,0,20260928,MODEL_V2_TCN_MEAN,1,6.2525835037231445,0.9980782270431519,4,V2-004-D2-TCNMEAN-F00-S20260928,f219483150b0da6c9efc8908cf7aafee80feffd12bcfdd491381d5991ec6101f
1cce2c009d9ce977b9fb6704b88370c6abcbaf1c0b61fb257510ae23ac964e25,MITDB_P209,209,1035000000,0,20260928,MODEL_V2_TCN_MEAN,0,-0.9842221736907959,0.2720548212528229,4,V2-004-D2-TCNMEAN-F00-S20260928,f219483150b0da6c9efc8908cf7aafee80feffd12bcfdd491381d5991ec6101f
1cd47fc7cc2f23789d95720bf3f6c319f35779cc7ebeb68f06612bbbb019db39,MITDB_P203,203,1380000000,0,20260928,MODEL_V2_TCN_MEAN,0,-1.262070655822754,0.2206176370382309,4,V2-004-D2-TCNMEAN-F00-S20260928,f219483150b0da6c9efc8908cf7aafee80feffd12bcfdd491381d5991ec6101f
1d2b3349f466aaf8ee514c52a3f661691e79253addf337326c43b28127b25fc4,MITDB_P209,209,260000000,0,20260928,MODEL_V2_TCN_MEAN,1,-3.657090425491333,0.025158222764730453,4,V2-004-D2-TCNMEAN-F00-S20260928,f219483150b0da6c9efc8908cf7aafee80feffd12bcfdd491381d5991ec6101f
1d429854ba40a45c091fcfe579ff3662a9d2c59909629724fb4b4836e9ba4665,MITDB_P124,124,1745000000,0,20260928,MODEL_V2_TCN_MEAN,0,-6.283924102783203,0.00186258798930794,4,V2-004-D2-TCNMEAN-F00-S20260928,f219483150b0da6c9efc8908cf7aafee80feffd12bcfdd491381d5991ec6101f
1d9bfb41ec1cd2cdabda86cd777c89d16afaa08234869ca5b74cb8796ee0eddf,MITDB_P124,124,895000000,0,20260928,MODEL_V2_TCN_MEAN,0,-4.25186014175415,0.01403785776346922,4,V2-004-D2-TCNMEAN-F00-S20260928,f219483150b0da6c9efc8908cf7aafee80feffd12bcfdd491381d5991ec6101f
1dd2f55162700db2c2facf980dcb65881a9de7f6ec2d5bb5c139c7658e79922d,MITDB_P203,203,1275000000,0,20260928,MODEL_V2_TCN_MEAN,1,3.4228432178497314,0.968410849571228,4,V2-004-D2-TCNMEAN-F00-S20260928,f219483150b0da6c9efc8908cf7aafee80feffd12bcfdd491381d5991ec6101f
1e32b1ace1a0ecc52ea25c8c9c58afb68b1cc68c3492bda76546ee07d2525ed2,MITDB_P105,105,620000000,0,20260928,MODEL_V2_TCN_MEAN,0,-5.497677803039551,0.004079561680555344,4,V2-004-D2-TCNMEAN-F00-S20260928,f219483150b0da6c9efc8908cf7aafee80feffd12bcfdd491381d5991ec6101f
1e5b009a1f00d1f984189e05bd59f9ec9e5c8103269ef3c0617940872bf5c54c,MITDB_P209,209,560000000,0,20260928,MODEL_V2_TCN_MEAN,1,0.044339150190353394,0.5110829472541809,4,V2-004-D2-TCNMEAN-F00-S20260928,f219483150b0da6c9efc8908cf7aafee80feffd12bcfdd491381d5991ec6101f
1e72bd7eeddb8c8d96baa9ab2fae766e8d5b64533d52ae96b8b3115c1ca7c159,MITDB_P212,212,995000000,0,20260928,MODEL_V2_TCN_MEAN,0,-7.206141948699951,0.0007414642022922635,4,V2-004-D2-TCNMEAN-F00-S20260928,f219483150b0da6c9efc8908cf7aafee80feffd12bcfdd491381d5991ec6101f
1e8514a9a9a4c9cc9c48f8affc8fa3f35debc4b76a0923b0b9de567bbe843be7,MITDB_P222,222,180000000,0,20260928,MODEL_V2_TCN_MEAN,0,-6.936669826507568,0.0009705565753392875,4,V2-004-D2-TCNMEAN-F00-S20260928,f219483150b0da6c9efc8908cf7aafee80feffd12bcfdd491381d5991ec6101f
1e96af90a8d30b5e392b7ed4b2c95e3858cb6ac486cbc1ecc54cc93e9b80de71,MITDB_P212,212,980000000,0,20260928,MODEL_V2_TCN_MEAN,0,-7.259928226470947,0.000702664430718869,4,V2-004-D2-TCNMEAN-F00-S20260928,f219483150b0da6c9efc8908cf7aafee80feffd12bcfdd491381d5991ec6101f
1eb972c2f5ff9e784dca8a7d5702f4e33ac5b03398302b756c4f865c3d1d4d23,MITDB_P124,124,1750000000,0,20260928,MODEL_V2_TCN_MEAN,0,-7.06898832321167,0.0008503699791617692,4,V2-004-D2-TCNMEAN-F00-S20260928,f219483150b0da6c9efc8908cf7aafee80feffd12bcfdd491381d5991ec6101f
1ebb1341922078e1acf8d1e81dbea965c48312ff8ce15b28663ba464bf4341ff,MITDB_P222,222,740000000,0,20260928,MODEL_V2_TCN_MEAN,0,2.5603044033050537,0.9282627105712891,4,V2-004-D2-TCNMEAN-F00-S20260928,f219483150b0da6c9efc8908cf7aafee80feffd12bcfdd491381d5991ec6101f
1f122a52fa96ab7ac2f0c61a548bd7a4edc0a3ec3d2fc0c0b30576c686f5d680,MITDB_P222,222,1545000000,0,20260928,MODEL_V2_TCN_MEAN,1,-0.08736863732337952,0.4781716763973236,4,V2-004-D2-TCNMEAN-F00-S20260928,f219483150b0da6c9efc8908cf7aafee80feffd12bcfdd491381d5991ec6101f
1f5768aea136576f7ecc7b5b9b06b6b6ce31bda03046dd34e97e8f5c3c7c1bb6,MITDB_P203,203,1545000000,0,20260928,MODEL_V2_TCN_MEAN,1,-0.09456959366798401,0.47637519240379333,4,V2-004-D2-TCNMEAN-F00-S20260928,f219483150b0da6c9efc8908cf7aafee80feffd12bcfdd491381d5991ec6101f
1f9b49838b7f3fe71a262f6db36a36f8e8d066c090a3556b5141df4e9553117a,MITDB_P203,203,745000000,0,20260928,MODEL_V2_TCN_MEAN,1,9.690045356750488,0.9999381303787231,4,V2-004-D2-TCNMEAN-F00-S20260928,f219483150b0da6c9efc8908cf7aafee80feffd12bcfdd491381d5991ec6101f
1fb31b4d607a993f8772783b39731c3446f4763782de6c5e5856f400ef200a96,MITDB_P105,105,1540000000,0,20260928,MODEL_V2_TCN_MEAN,0,-3.6095340251922607,0.02635127119719982,4,V2-004-D2-TCNMEAN-F00-S20260928,f219483150b0da6c9efc8908cf7aafee80feffd12bcfdd491381d5991ec6101f
1fedbd1ab67bf4ba1ccf1dba41217f0dad95b142fb2021346da01c39e9d05a30,MITDB_P105,105,1270000000,0,20260928,MODEL_V2_TCN_MEAN,1,5.7722063064575195,0.9968967437744141,4,V2-004-D2-TCNMEAN-F00-S20260928,f219483150b0da6c9efc8908cf7aafee80feffd12bcfdd491381d5991ec6101f
2026077a621caf3479aa5cd0fb95cff4c90cda9a6aaba7ff7ec10201642e103f,MITDB_P209,209,1020000000,0,20260928,MODEL_V2_TCN_MEAN,1,-5.094599723815918,0.006092414725571871,4,V2-004-D2-TCNMEAN-F00-S20260928,f219483150b0da6c9efc8908cf7aafee80feffd12bcfdd491381d5991ec6101f
205872b4119af3dcd43cf93d30d67214ea4a56746a1bfc965cfeda420f7cb269,MITDB_P124,124,140000000,0,20260928,MODEL_V2_TCN_MEAN,0,-2.779085397720337,0.058464884757995605,4,V2-004-D2-TCNMEAN-F00-S20260928,f219483150b0da6c9efc8908cf7aafee80feffd12bcfdd491381d5991ec6101f
2088a5d2f8c250ff3047c1131e3107cf8b24840640c05f827e5d34805c0cfb5d,MITDB_P203,203,710000000,0,20260928,MODEL_V2_TCN_MEAN,1,6.219632148742676,0.998013973236084,4,V2-004-D2-TCNMEAN-F00-S20260928,f219483150b0da6c9efc8908cf7aafee80feffd12bcfdd491381d5991ec6101f
20bc4889348538a2b405b7f3c27f5f2b0e71c1778d3af867e4ccd976a04e39a2,MITDB_P124,124,1325000000,0,20260928,MODEL_V2_TCN_MEAN,0,-5.731539249420166,0.0032316059805452824,4,V2-004-D2-TCNMEAN-F00-S20260928,f219483150b0da6c9efc8908cf7aafee80feffd12bcfdd491381d5991ec6101f
20f0651c1f7025c3cff02f534ae108f647047a834915ebf95045840302e731a8,MITDB_P212,212,1555000000,0,20260928,MODEL_V2_TCN_MEAN,0,-4.739627838134766,0.008666140027344227,4,V2-004-D2-TCNMEAN-F00-S20260928,f219483150b0da6c9efc8908cf7aafee80feffd12bcfdd491381d5991ec6101f
20f4688fcd93a04424c8d950b5cd092c64dbe3614a5cdb881ec04b040b9f6258,MITDB_P105,105,1530000000,0,20260928,MODEL_V2_TCN_MEAN,0,-3.43455171585083,0.031232913956046104,4,V2-004-D2-TCNMEAN-F00-S20260928,f219483150b0da6c9efc8908cf7aafee80feffd12bcfdd491381d5991ec6101f
214f3636bdf8e069cb076c2619e7b347e7d5896afab9b5edfcc69e1c70b65bf5,MITDB_P209,209,1645000000,0,20260928,MODEL_V2_TCN_MEAN,0,-3.122047185897827,0.042206935584545135,4,V2-004-D2-TCNMEAN-F00-S20260928,f219483150b0da6c9efc8908cf7aafee80feffd12bcfdd491381d5991ec6101f
21c77d17b4d03fac62d6710ee4deeeb70d9dfcbdd0c93652bf11003021fdbb08,MITDB_P222,222,1165000000,0,20260928,MODEL_V2_TCN_MEAN,1,4.085636138916016,0.9834655523300171,4,V2-004-D2-TCNMEAN-F00-S20260928,f219483150b0da6c9efc8908cf7aafee80feffd12bcfdd491381d5991ec6101f
2202ce9a48c9b0d0b65c459c02075e85d3542b3b6611c9fc215f38d0b47b5da6,MITDB_P105,105,200000000,0,20260928,MODEL_V2_TCN_MEAN,0,-5.024285316467285,0.006533320061862469,4,V2-004-D2-TCNMEAN-F00-S20260928,f219483150b0da6c9efc8908cf7aafee80feffd12bcfdd491381d5991ec6101f
221ca955594532d769d75d8c6123bc652f2ddc66eb777793137f1f94cf5a6dac,MITDB_P222,222,55000000,0,20260928,MODEL_V2_TCN_MEAN,0,-6.115557670593262,0.0022033783607184887,4,V2-004-D2-TCNMEAN-F00-S20260928,f219483150b0da6c9efc8908cf7aafee80feffd12bcfdd491381d5991ec6101f
221ef80c762a52c661ac2d51dfe3f1193597194c7bde9d173159c6ea40d499a0,MITDB_P105,105,195000000,0,20260928,MODEL_V2_TCN_MEAN,1,-2.12142276763916,0.10703200846910477,4,V2-004-D2-TCNMEAN-F00-S20260928,f219483150b0da6c9efc8908cf7aafee80feffd12bcfdd491381d5991ec6101f
223eb6bc770be617857c794d6b9ef4b9485adaa128ef15d0a1671be2f97a97d1,MITDB_P105,105,740000000,0,20260928,MODEL_V2_TCN_MEAN,0,-6.338423728942871,0.0017639684956520796,4,V2-004-D2-TCNMEAN-F00-S20260928,f219483150b0da6c9efc8908cf7aafee80feffd12bcfdd491381d5991ec6101f
227d013b2568f633d61cb49ca4edfa6cc15b513034c07f59f8a08a82da67e46a,MITDB_P124,124,260000000,0,20260928,MODEL_V2_TCN_MEAN,0,-1.5984337329864502,0.16820064187049866,4,V2-004-D2-TCNMEAN-F00-S20260928,f219483150b0da6c9efc8908cf7aafee80feffd12bcfdd491381d5991ec6101f
228159d4ce751ce7b9c86804046c4688ef0d72f1217d2b91220f7d733f493d45,MITDB_P212,212,815000000,0,20260928,MODEL_V2_TCN_MEAN,0,-2.8243026733398438,0.0560249462723732,4,V2-004-D2-TCNMEAN-F00-S20260928,f219483150b0da6c9efc8908cf7aafee80feffd12bcfdd491381d5991ec6101f
22a5c75d594acbb9df6407a14bade3e187e2e40480f68440112e72c2e6a032dd,MITDB_P209,209,420000000,0,20260928,MODEL_V2_TCN_MEAN,1,-2.494127035140991,0.0762709230184555,4,V2-004-D2-TCNMEAN-F00-S20260928,f219483150b0da6c9efc8908cf7aafee80feffd12bcfdd491381d5991ec6101f
22d385684e1a35eafbe3822fdd2a3ab7f946ccd702e22d91ae0c56352844f6fa,MITDB_P124,124,765000000,0,20260928,MODEL_V2_TCN_MEAN,0,-4.240912914276123,0.014190184883773327,4,V2-004-D2-TCNMEAN-F00-S20260928,f219483150b0da6c9efc8908cf7aafee80feffd12bcfdd491381d5991ec6101f
22d9a0eb7825953ba1bf14cbb76247f6d5ae6ed6a3bb5f8bcac59d868687b451,MITDB_P212,212,285000000,0,20260928,MODEL_V2_TCN_MEAN,0,-2.6683483123779297,0.06486708670854568,4,V2-004-D2-TCNMEAN-F00-S20260928,f219483150b0da6c9efc8908cf7aafee80feffd12bcfdd491381d5991ec6101f
22e36565158d99b7b9a961183103724ffbd50ddbb1fdcdf763a2ebbfd3c8403b,MITDB_P222,222,30000000,0,20260928,MODEL_V2_TCN_MEAN,0,-7.005253314971924,0.0009062819881364703,4,V2-004-D2-TCNMEAN-F00-S20260928,f219483150b0da6c9efc8908cf7aafee80feffd12bcfdd491381d5991ec6101f
22e42f511bff00a664f95645f15531fb603cdcd6756d2d42d6eff26b58fddd62,MITDB_P222,222,1590000000,0,20260928,MODEL_V2_TCN_MEAN,1,1.9640719890594482,0.8769729733467102,4,V2-004-D2-TCNMEAN-F00-S20260928,f219483150b0da6c9efc8908cf7aafee80feffd12bcfdd491381d5991ec6101f
2336ce14c5b1409d482d31f45f05bc97cbb84a7015a331b52140030601a7d395,MITDB_P209,209,1665000000,0,20260928,MODEL_V2_TCN_MEAN,1,-3.243598461151123,0.03755760192871094,4,V2-004-D2-TCNMEAN-F00-S20260928,f219483150b0da6c9efc8908cf7aafee80feffd12bcfdd491381d5991ec6101f
23455446bf8815e27f7c4df8ed1d07555dfd0dc6785d9d3f1e09bc147cea0934,MITDB_P222,222,1235000000,0,20260928,MODEL_V2_TCN_MEAN,1,2.594043731689453,0.9304772615432739,4,V2-004-D2-TCNMEAN-F00-S20260928,f219483150b0da6c9efc8908cf7aafee80feffd12bcfdd491381d5991ec6101f
23691dfbd3c5cdd45119295436e10b78b0ecdf21aa67f66056872270cb041887,MITDB_P105,105,1550000000,0,20260928,MODEL_V2_TCN_MEAN,0,-2.5678586959838867,0.07123585045337677,4,V2-004-D2-TCNMEAN-F00-S20260928,f219483150b0da6c9efc8908cf7aafee80feffd12bcfdd491381d5991ec6101f
2374fcfaf10678f5878f839045ce1ff2a075a94633713b245a36156f40f8463a,MITDB_P212,212,1610000000,0,20260928,MODEL_V2_TCN_MEAN,0,-7.163020133972168,0.0007741115405224264,4,V2-004-D2-TCNMEAN-F00-S20260928,f219483150b0da6c9efc8908cf7aafee80feffd12bcfdd491381d5991ec6101f
2398d9ab622182a8d865d55e936dda2871cfa2d2455cc4eff7c0111b4177ffdb,MITDB_P222,222,605000000,0,20260928,MODEL_V2_TCN_MEAN,0,-0.43863925337791443,0.39206525683403015,4,V2-004-D2-TCNMEAN-F00-S20260928,f219483150b0da6c9efc8908cf7aafee80feffd12bcfdd491381d5991ec6101f
23dcfec67dc4524e763ca4049a7f687eb751d5c38185546b19010688d9217edb,MITDB_P222,222,1565000000,0,20260928,MODEL_V2_TCN_MEAN,0,-5.737321853637695,0.003213032614439726,4,V2-004-D2-TCNMEAN-F00-S20260928,f219483150b0da6c9efc8908cf7aafee80feffd12bcfdd491381d5991ec6101f
23ed15b096010d99ed329c5cf2fce90b47ff1e35639ebe8f735c4b4433131a70,MITDB_P209,209,1445000000,0,20260928,MODEL_V2_TCN_MEAN,0,-6.32750129699707,0.0017833062447607517,4,V2-004-D2-TCNMEAN-F00-S20260928,f219483150b0da6c9efc8908cf7aafee80feffd12bcfdd491381d5991ec6101f
240683a2157144f0e1517df4fb771f4c4a00870872aefcac75608d6eb3d8d16e,MITDB_P222,222,1465000000,0,20260928,MODEL_V2_TCN_MEAN,1,3.9602060317993164,0.9812972545623779,4,V2-004-D2-TCNMEAN-F00-S20260928,f219483150b0da6c9efc8908cf7aafee80feffd12bcfdd491381d5991ec6101f
240bf5c764655c86fd52a0801bc4ae52dc7a6967dc279e3c89ac8c9a96c21f15,MITDB_P212,212,175000000,0,20260928,MODEL_V2_TCN_MEAN,0,-2.1736176013946533,0.10214477777481079,4,V2-004-D2-TCNMEAN-F00-S20260928,f219483150b0da6c9efc8908cf7aafee80feffd12bcfdd491381d5991ec6101f
240fde27052d425be2dfb1c2da9204c4e414d87febc8907e0bc952a8df63b757,MITDB_P105,105,1460000000,0,20260928,MODEL_V2_TCN_MEAN,0,-3.1207070350646973,0.04226114600896835,4,V2-004-D2-TCNMEAN-F00-S20260928,f219483150b0da6c9efc8908cf7aafee80feffd12bcfdd491381d5991ec6101f
244827fa3b4d4a7ca13b3347ed6e31c5155dfc01ed20ebf8a481a64d4c7d20ac,MITDB_P212,212,1300000000,0,20260928,MODEL_V2_TCN_MEAN,0,-4.027102470397949,0.017513709142804146,4,V2-004-D2-TCNMEAN-F00-S20260928,f219483150b0da6c9efc8908cf7aafee80feffd12bcfdd491381d5991ec6101f
2462552f318722cd2d8f0a2a8e2ebec7d289ef59d52a4036b22e0c1dcd6a8e19,MITDB_P105,105,365000000,0,20260928,MODEL_V2_TCN_MEAN,0,-4.918807506561279,0.007254823110997677,4,V2-004-D2-TCNMEAN-F00-S20260928,f219483150b0da6c9efc8908cf7aafee80feffd12bcfdd491381d5991ec6101f
247abae51b0e03fd2ef68e4bcbbd2f7e813424ac7ceaf07bb64056d101a1e136,MITDB_P222,222,185000000,0,20260928,MODEL_V2_TCN_MEAN,0,-4.569469451904297,0.010257156565785408,4,V2-004-D2-TCNMEAN-F00-S20260928,f219483150b0da6c9efc8908cf7aafee80feffd12bcfdd491381d5991ec6101f
248534af36cc999cbc7819fab0aec08c3691a89ba9aa933dfd0efe0f075b06d9,MITDB_P212,212,560000000,0,20260928,MODEL_V2_TCN_MEAN,0,-2.297813653945923,0.09130419790744781,4,V2-004-D2-TCNMEAN-F00-S20260928,f219483150b0da6c9efc8908cf7aafee80feffd12bcfdd491381d5991ec6101f
24a21b41da929e4ed16f1adc2a37455551231e19c2ccfe4b85ad2e7f01b58103,MITDB_P209,209,1270000000,0,20260928,MODEL_V2_TCN_MEAN,0,-6.492186546325684,0.0015129398088902235,4,V2-004-D2-TCNMEAN-F00-S20260928,f219483150b0da6c9efc8908cf7aafee80feffd12bcfdd491381d5991ec6101f
24bebe9494b7459335d44c15e3e71c4ac56ce09d06099db28cb34388e99c85fa,MITDB_P105,105,1590000000,0,20260928,MODEL_V2_TCN_MEAN,0,-5.45296573638916,0.004265311174094677,4,V2-004-D2-TCNMEAN-F00-S20260928,f219483150b0da6c9efc8908cf7aafee80feffd12bcfdd491381d5991ec6101f
24ca2526287a4bc0f188dece6f1b058d3c649dcb20d425145cf8f6fc81913159,MITDB_P209,209,640000000,0,20260928,MODEL_V2_TCN_MEAN,1,-4.819582462310791,0.008005550131201744,4,V2-004-D2-TCNMEAN-F00-S20260928,f219483150b0da6c9efc8908cf7aafee80feffd12bcfdd491381d5991ec6101f
24d70baa71f3bc15305fe29392061f246e0826a46962a35b76914bea2f63e78a,MITDB_P209,209,1025000000,0,20260928,MODEL_V2_TCN_MEAN,1,-4.245211601257324,0.014130176976323128,4,V2-004-D2-TCNMEAN-F00-S20260928,f219483150b0da6c9efc8908cf7aafee80feffd12bcfdd491381d5991ec6101f
24fdefa865bfeac40071f9fd51bd1db54e5f5a8a065bb3b4d45d657091ef087a,MITDB_P124,124,280000000,0,20260928,MODEL_V2_TCN_MEAN,0,-3.123242139816284,0.04215865582227707,4,V2-004-D2-TCNMEAN-F00-S20260928,f219483150b0da6c9efc8908cf7aafee80feffd12bcfdd491381d5991ec6101f
252e2b56cfc9cac718df6e51e50b0301dc1a6e438beebd895825efde72349939,MITDB_P203,203,1200000000,0,20260928,MODEL_V2_TCN_MEAN,1,1.1154547929763794,0.7531446814537048,4,V2-004-D2-TCNMEAN-F00-S20260928,f219483150b0da6c9efc8908cf7aafee80feffd12bcfdd491381d5991ec6101f
25562b2d6444ff682e168242ca75eed6ef09c98ddce131d455a73659bbadd308,MITDB_P212,212,20000000,0,20260928,MODEL_V2_TCN_MEAN,0,-2.419433355331421,0.08170276135206223,4,V2-004-D2-TCNMEAN-F00-S20260928,f219483150b0da6c9efc8908cf7aafee80feffd12bcfdd491381d5991ec6101f
2583fc77044ca45266feec6390922953f8f1bee982c29386b4feacb06fc169e2,MITDB_P203,203,300000000,0,20260928,MODEL_V2_TCN_MEAN,1,6.960236549377441,0.9990519881248474,4,V2-004-D2-TCNMEAN-F00-S20260928,f219483150b0da6c9efc8908cf7aafee80feffd12bcfdd491381d5991ec6101f
25c75904c7d13a510cbc8e02337f200cd8265240eccd9f501ee0d4125af00044,MITDB_P212,212,475000000,0,20260928,MODEL_V2_TCN_MEAN,0,-2.270275831222534,0.09361480921506882,4,V2-004-D2-TCNMEAN-F00-S20260928,f219483150b0da6c9efc8908cf7aafee80feffd12bcfdd491381d5991ec6101f
25ce738fe47c034785a357d43dae241737e38e3d8aa865b1861091f13c04c5b0,MITDB_P212,212,695000000,0,20260928,MODEL_V2_TCN_MEAN,0,-2.5563740730285645,0.0719994306564331,4,V2-004-D2-TCNMEAN-F00-S20260928,f219483150b0da6c9efc8908cf7aafee80feffd12bcfdd491381d5991ec6101f
25f4471ff8d9458dd8f6cf62fa66071d2d1c3888ad5c3c24fd76bfe40b5c9c81,MITDB_P212,212,190000000,0,20260928,MODEL_V2_TCN_MEAN,0,-2.4893455505371094,0.07660847902297974,4,V2-004-D2-TCNMEAN-F00-S20260928,f219483150b0da6c9efc8908cf7aafee80feffd12bcfdd491381d5991ec6101f
25fa3e3964ac1735f3475773421830d2829b4d3938ad5b54967988418fe8812f,MITDB_P212,212,685000000,0,20260928,MODEL_V2_TCN_MEAN,0,-1.7320574522018433,0.15032459795475006,4,V2-004-D2-TCNMEAN-F00-S20260928,f219483150b0da6c9efc8908cf7aafee80feffd12bcfdd491381d5991ec6101f
260598316f54b5758b1bd26c9be18e0ee21a232a9bb505e322841f225dab1219,MITDB_P124,124,1320000000,0,20260928,MODEL_V2_TCN_MEAN,0,-6.053689956665039,0.0023436718620359898,4,V2-004-D2-TCNMEAN-F00-S20260928,f219483150b0da6c9efc8908cf7aafee80feffd12bcfdd491381d5991ec6101f
261d286c0c85f2c249591dd6f3c2b9c161869d44e9448c8903b077cece1bb496,MITDB_P203,203,590000000,0,20260928,MODEL_V2_TCN_MEAN,1,6.542661666870117,0.998561441898346,4,V2-004-D2-TCNMEAN-F00-S20260928,f219483150b0da6c9efc8908cf7aafee80feffd12bcfdd491381d5991ec6101f
26329cd546b35b37135021e84b59d90d3390e2dd1e739fce996743add26f775d,MITDB_P124,124,945000000,0,20260928,MODEL_V2_TCN_MEAN,0,-3.757610559463501,0.022807136178016663,4,V2-004-D2-TCNMEAN-F00-S20260928,f219483150b0da6c9efc8908cf7aafee80feffd12bcfdd491381d5991ec6101f
263f171647df34fc7a568287cf3683b7854b411bd38c01d2a7d155b1b1c82522,MITDB_P203,203,700000000,0,20260928,MODEL_V2_TCN_MEAN,1,4.891290187835693,0.9925442934036255,4,V2-004-D2-TCNMEAN-F00-S20260928,f219483150b0da6c9efc8908cf7aafee80feffd12bcfdd491381d5991ec6101f
2713533a3ce71937f74a9675f72fd597bbad57c5e1bc989e5f1c227179b7f8fe,MITDB_P105,105,1640000000,0,20260928,MODEL_V2_TCN_MEAN,0,-1.4805606603622437,0.18534275889396667,4,V2-004-D2-TCNMEAN-F00-S20260928,f219483150b0da6c9efc8908cf7aafee80feffd12bcfdd491381d5991ec6101f
271ecd9b9629e3310f13f1b6da1cf0e5f9974a5cee28e2d154c6b456d1bf574c,MITDB_P124,124,595000000,0,20260928,MODEL_V2_TCN_MEAN,0,-4.180378437042236,0.015062374994158745,4,V2-004-D2-TCNMEAN-F00-S20260928,f219483150b0da6c9efc8908cf7aafee80feffd12bcfdd491381d5991ec6101f
2735e4bf2d9673d284ff979237d7618e49be6e7a88f1fd15a7c93f102c83ce64,MITDB_P203,203,1540000000,0,20260928,MODEL_V2_TCN_MEAN,1,3.8045835494995117,0.9782166481018066,4,V2-004-D2-TCNMEAN-F00-S20260928,f219483150b0da6c9efc8908cf7aafee80feffd12bcfdd491381d5991ec6101f
273b71dd7f7b48c5ebf5678574d2de7d9b8d4c66316d368965d79c9e2cfa4d34,MITDB_P212,212,235000000,0,20260928,MODEL_V2_TCN_MEAN,0,-3.168036699295044,0.04038643464446068,4,V2-004-D2-TCNMEAN-F00-S20260928,f219483150b0da6c9efc8908cf7aafee80feffd12bcfdd491381d5991ec6101f
2792a54682db5d9145bc27e1038f1d3af41b189f63392bc9555128ce2a790563,MITDB_P105,105,300000000,0,20260928,MODEL_V2_TCN_MEAN,0,-4.551090240478516,0.010445431806147099,4,V2-004-D2-TCNMEAN-F00-S20260928,f219483150b0da6c9efc8908cf7aafee80feffd12bcfdd491381d5991ec6101f
279355a75d73dd9f146f723b4539ce9530c360122e5181ef55ddaf532aad116c,MITDB_P222,222,1415000000,0,20260928,MODEL_V2_TCN_MEAN,1,3.7507941722869873,0.9770404100418091,4,V2-004-D2-TCNMEAN-F00-S20260928,f219483150b0da6c9efc8908cf7aafee80feffd12bcfdd491381d5991ec6101f
27a8f5ee2e01172a790dd1d610560cfead53197e955cf88fbad5de625970c3e1,MITDB_P222,222,1105000000,0,20260928,MODEL_V2_TCN_MEAN,0,-4.026284217834473,0.01752779446542263,4,V2-004-D2-TCNMEAN-F00-S20260928,f219483150b0da6c9efc8908cf7aafee80feffd12bcfdd491381d5991ec6101f
27bd5fca8a806de83dbe3e8ad7b1d02c7b2f9f2cece893265626293007ddf8b1,MITDB_P203,203,995000000,0,20260928,MODEL_V2_TCN_MEAN,1,7.318662643432617,0.999337375164032,4,V2-004-D2-TCNMEAN-F00-S20260928,f219483150b0da6c9efc8908cf7aafee80feffd12bcfdd491381d5991ec6101f
27c2029d4f0a8bf2f963ae9094cec15a79f07a562fa035961f38bd66ba52f5f2,MITDB_P124,124,1040000000,0,20260928,MODEL_V2_TCN_MEAN,0,-1.631662368774414,0.1636027693748474,4,V2-004-D2-TCNMEAN-F00-S20260928,f219483150b0da6c9efc8908cf7aafee80feffd12bcfdd491381d5991ec6101f
27ce7cacd20468afbf1fa769b6021fb21a4c3b98cc40d7a2124e89cf3fcc995c,MITDB_P209,209,750000000,0,20260928,MODEL_V2_TCN_MEAN,1,0.46231940388679504,0.6135643124580383,4,V2-004-D2-TCNMEAN-F00-S20260928,f219483150b0da6c9efc8908cf7aafee80feffd12bcfdd491381d5991ec6101f
27d227e4ea6302852031219ee9ae5fe017adb07c9f5ddd3c92f12faf9663b3b9,MITDB_P105,105,785000000,0,20260928,MODEL_V2_TCN_MEAN,0,-5.504288673400879,0.004052790347486734,4,V2-004-D2-TCNMEAN-F00-S20260928,f219483150b0da6c9efc8908cf7aafee80feffd12bcfdd491381d5991ec6101f
27fec06d9dc75dd973737d39fb215e9a161a95b048920a131c59ee77933d4c2b,MITDB_P124,124,50000000,0,20260928,MODEL_V2_TCN_MEAN,0,1.0726306438446045,0.7450969219207764,4,V2-004-D2-TCNMEAN-F00-S20260928,f219483150b0da6c9efc8908cf7aafee80feffd12bcfdd491381d5991ec6101f
28088a3721ffa056b387f0c83b33fe430a7cc51f98fc35f453a0e0a0a7ca6265,MITDB_P212,212,930000000,0,20260928,MODEL_V2_TCN_MEAN,0,-3.5292341709136963,0.028491780161857605,4,V2-004-D2-TCNMEAN-F00-S20260928,f219483150b0da6c9efc8908cf7aafee80feffd12bcfdd491381d5991ec6101f
289c09f5a9ad1db207366a0e2015dffc52abb74a903edd1fd5304c279463aabc,MITDB_P124,124,135000000,0,20260928,MODEL_V2_TCN_MEAN,0,-1.1205227375030518,0.24591432511806488,4,V2-004-D2-TCNMEAN-F00-S20260928,f219483150b0da6c9efc8908cf7aafee80feffd12bcfdd491381d5991ec6101f
28a86f94053c79b2459161362b4c2753432d7279580e9249c2082bfc2a623f76,MITDB_P222,222,1745000000,0,20260928,MODEL_V2_TCN_MEAN,0,0.0022532641887664795,0.5005633234977722,4,V2-004-D2-TCNMEAN-F00-S20260928,f219483150b0da6c9efc8908cf7aafee80feffd12bcfdd491381d5991ec6101f
28b771901990700fa861c50966ab1d948bc96942b11b0f67d851316f987c1969,MITDB_P105,105,215000000,0,20260928,MODEL_V2_TCN_MEAN,1,-2.9311325550079346,0.05063585564494133,4,V2-004-D2-TCNMEAN-F00-S20260928,f219483150b0da6c9efc8908cf7aafee80feffd12bcfdd491381d5991ec6101f
28d39c16406bf115cd9c30e7cc005e26bebfe7f0b6968e1ad5f6a5863cfc53ff,MITDB_P203,203,1015000000,0,20260928,MODEL_V2_TCN_MEAN,1,4.758584976196289,0.9914952516555786,4,V2-004-D2-TCNMEAN-F00-S20260928,f219483150b0da6c9efc8908cf7aafee80feffd12bcfdd491381d5991ec6101f
28e0b544b9ea572d52afd3be49e502d8e3a5d329c7c936ecbf5e58cc4b51b579,MITDB_P209,209,95000000,0,20260928,MODEL_V2_TCN_MEAN,0,-4.967711448669434,0.006910962518304586,4,V2-004-D2-TCNMEAN-F00-S20260928,f219483150b0da6c9efc8908cf7aafee80feffd12bcfdd491381d5991ec6101f
290ae6413f858a079258057943de82d610be3ef346244fae4abff9677eaf5618,MITDB_P105,105,995000000,0,20260928,MODEL_V2_TCN_MEAN,0,-6.604373931884766,0.0013525988906621933,4,V2-004-D2-TCNMEAN-F00-S20260928,f219483150b0da6c9efc8908cf7aafee80feffd12bcfdd491381d5991ec6101f
291202359acafe8f7e41f9715945e3d99eaa7f97a63287a2f162913857fd1e6d,MITDB_P222,222,1500000000,0,20260928,MODEL_V2_TCN_MEAN,1,0.9440857172012329,0.7199242115020752,4,V2-004-D2-TCNMEAN-F00-S20260928,f219483150b0da6c9efc8908cf7aafee80feffd12bcfdd491381d5991ec6101f
291712db75ecb8e5fe2a168856374977d3cdff9e59da908e63a01ff4559e3a03,MITDB_P222,222,1615000000,0,20260928,MODEL_V2_TCN_MEAN,0,1.8786139488220215,0.8674518465995789,4,V2-004-D2-TCNMEAN-F00-S20260928,f219483150b0da6c9efc8908cf7aafee80feffd12bcfdd491381d5991ec6101f
2923493946c56377f00bb3b7e5290f01c65a35ce5a30ec944b842f81b38f7b67,MITDB_P212,212,150000000,0,20260928,MODEL_V2_TCN_MEAN,0,-4.735286712646484,0.00870351493358612,4,V2-004-D2-TCNMEAN-F00-S20260928,f219483150b0da6c9efc8908cf7aafee80feffd12bcfdd491381d5991ec6101f
293ea5bba1ab966465ac241436562e937b2df53bc1f17fcbd838cb535c986046,MITDB_P222,222,1485000000,0,20260928,MODEL_V2_TCN_MEAN,1,1.3048136234283447,0.7866439819335938,4,V2-004-D2-TCNMEAN-F00-S20260928,f219483150b0da6c9efc8908cf7aafee80feffd12bcfdd491381d5991ec6101f
29647c24b99a6584eeee9175a28ce41767a38bc44c117d44b28ffc630cbfd264,MITDB_P212,212,75000000,0,20260928,MODEL_V2_TCN_MEAN,0,-7.563790321350098,0.0005186356138437986,4,V2-004-D2-TCNMEAN-F00-S20260928,f219483150b0da6c9efc8908cf7aafee80feffd12bcfdd491381d5991ec6101f
29649d9246041c80d5f78ca64eb63e1bd9f8862079b3c84e750c460e0f7d6d5a,MITDB_P124,124,160000000,0,20260928,MODEL_V2_TCN_MEAN,0,0.24290993809700012,0.560430645942688,4,V2-004-D2-TCNMEAN-F00-S20260928,f219483150b0da6c9efc8908cf7aafee80feffd12bcfdd491381d5991ec6101f
297aa94bd50bd7ad2fb85b4bf914a7c0c19782bf0e0eda4320151b14a999d6bf,MITDB_P203,203,695000000,0,20260928,MODEL_V2_TCN_MEAN,1,5.756734848022461,0.9968485236167908,4,V2-004-D2-TCNMEAN-F00-S20260928,f219483150b0da6c9efc8908cf7aafee80feffd12bcfdd491381d5991ec6101f
29984b9c3af12c566a2352abf9dc5b49ea294100338d1ae214286ac21d4b09a5,MITDB_P203,203,1100000000,0,20260928,MODEL_V2_TCN_MEAN,1,1.9103121757507324,0.8710541725158691,4,V2-004-D2-TCNMEAN-F00-S20260928,f219483150b0da6c9efc8908cf7aafee80feffd12bcfdd491381d5991ec6101f
29a5d6e8b5ed73a2fce41f84f65d29c6ba10e55750f134bdf7320da0a31528c1,MITDB_P124,124,220000000,0,20260928,MODEL_V2_TCN_MEAN,0,-1.0118294954299927,0.26662197709083557,4,V2-004-D2-TCNMEAN-F00-S20260928,f219483150b0da6c9efc8908cf7aafee80feffd12bcfdd491381d5991ec6101f
29a5ddb6a7fc560eb2e587063363bf6e08ef55bc916b0ec54d2e096ed38eca04,MITDB_P124,124,955000000,0,20260928,MODEL_V2_TCN_MEAN,0,-3.7346079349517822,0.023325461894273758,4,V2-004-D2-TCNMEAN-F00-S20260928,f219483150b0da6c9efc8908cf7aafee80feffd12bcfdd491381d5991ec6101f
29b187dfbda33eb267f3ba19a7df2c8ee738c86d5910fee9fd983a981e755ea3,MITDB_P105,105,585000000,0,20260928,MODEL_V2_TCN_MEAN,0,-5.307956218719482,0.004927635658532381,4,V2-004-D2-TCNMEAN-F00-S20260928,f219483150b0da6c9efc8908cf7aafee80feffd12bcfdd491381d5991ec6101f
29c061b2df1e1af6f3f040f052e652f03a3b9ecbc7e2822d3e5a9565ce6f11b8,MITDB_P105,105,930000000,0,20260928,MODEL_V2_TCN_MEAN,0,-4.86800479888916,0.007630025502294302,4,V2-004-D2-TCNMEAN-F00-S20260928,f219483150b0da6c9efc8908cf7aafee80feffd12bcfdd491381d5991ec6101f
29d0a8d08f19631afa553fe3d7ddd9b3aaf10935412eb10eacc28c56fa8e413e,MITDB_P212,212,230000000,0,20260928,MODEL_V2_TCN_MEAN,0,-3.2727673053741455,0.03651733696460724,4,V2-004-D2-TCNMEAN-F00-S20260928,f219483150b0da6c9efc8908cf7aafee80feffd12bcfdd491381d5991ec6101f
29de0ae3d74532fbdaa0ea4f343fe1ad1c391d34408c61c56215764e638898c9,MITDB_P212,212,1310000000,0,20260928,MODEL_V2_TCN_MEAN,0,-4.639860153198242,0.00956664327532053,4,V2-004-D2-TCNMEAN-F00-S20260928,f219483150b0da6c9efc8908cf7aafee80feffd12bcfdd491381d5991ec6101f
29f3edf9c662793f4996b249e8997bbae344051e307c053693971cf4628cd6e0,MITDB_P124,124,85000000,0,20260928,MODEL_V2_TCN_MEAN,0,-2.358271360397339,0.08641055971384048,4,V2-004-D2-TCNMEAN-F00-S20260928,f219483150b0da6c9efc8908cf7aafee80feffd12bcfdd491381d5991ec6101f
29f44befe9c60443ec0f2ddec7d43ea8f6fb1b30f69dae7d61298b5f187d7e9b,MITDB_P222,222,420000000,0,20260928,MODEL_V2_TCN_MEAN,0,-5.464334964752197,0.004217295907437801,4,V2-004-D2-TCNMEAN-F00-S20260928,f219483150b0da6c9efc8908cf7aafee80feffd12bcfdd491381d5991ec6101f
29fef5a10e46783e820936c8975632881d0a3910f8c9410110fccccf69fe083d,MITDB_P105,105,665000000,0,20260928,MODEL_V2_TCN_MEAN,1,-1.9329614639282227,0.12642315030097961,4,V2-004-D2-TCNMEAN-F00-S20260928,f219483150b0da6c9efc8908cf7aafee80feffd12bcfdd491381d5991ec6101f
2a1a76f4406979ccba8bff945533ad13f6650ce0af2980e3dc12b970021739bb,MITDB_P209,209,470000000,0,20260928,MODEL_V2_TCN_MEAN,1,-6.232865333557129,0.0019599678926169872,4,V2-004-D2-TCNMEAN-F00-S20260928,f219483150b0da6c9efc8908cf7aafee80feffd12bcfdd491381d5991ec6101f
2a330945271c37a449435a706115cc19206442cf9edcfd7a3ba7fc91dd1986d4,MITDB_P209,209,710000000,0,20260928,MODEL_V2_TCN_MEAN,1,-3.3015570640563965,0.03551781177520752,4,V2-004-D2-TCNMEAN-F00-S20260928,f219483150b0da6c9efc8908cf7aafee80feffd12bcfdd491381d5991ec6101f
2a8bc1f6a1c85247ee81db3d84ffc028d1c34611dc34301970437c0520063de9,MITDB_P105,105,240000000,0,20260928,MODEL_V2_TCN_MEAN,0,-5.363058090209961,0.00466469069942832,4,V2-004-D2-TCNMEAN-F00-S20260928,f219483150b0da6c9efc8908cf7aafee80feffd12bcfdd491381d5991ec6101f
2a96507544c0555b9d673b1461ff457e0b68ed33fe3c46fb95f86c6c4c579304,MITDB_P222,222,915000000,0,20260928,MODEL_V2_TCN_MEAN,1,1.2560774087905884,0.7783501744270325,4,V2-004-D2-TCNMEAN-F00-S20260928,f219483150b0da6c9efc8908cf7aafee80feffd12bcfdd491381d5991ec6101f
2aa6c3266554394df24d774752b7cbccf2f1c0035b68e7222bcac0c10478b440,MITDB_P212,212,265000000,0,20260928,MODEL_V2_TCN_MEAN,0,-2.0808751583099365,0.11096959561109543,4,V2-004-D2-TCNMEAN-F00-S20260928,f219483150b0da6c9efc8908cf7aafee80feffd12bcfdd491381d5991ec6101f
2ab78fd2299040ecef15f464838ddebedbbf9a4dcdf5a082986ea4500a381f49,MITDB_P209,209,1435000000,0,20260928,MODEL_V2_TCN_MEAN,0,-5.698431015014648,0.003340026130899787,4,V2-004-D2-TCNMEAN-F00-S20260928,f219483150b0da6c9efc8908cf7aafee80feffd12bcfdd491381d5991ec6101f
2ac0a68823f96655dfb7e4e27448d9a69091da213e60cd6dd0a89908b2bdcea9,MITDB_P222,222,315000000,0,20260928,MODEL_V2_TCN_MEAN,0,-6.802207946777344,0.0011100850533694029,4,V2-004-D2-TCNMEAN-F00-S20260928,f219483150b0da6c9efc8908cf7aafee80feffd12bcfdd491381d5991ec6101f
2adf4972edb2119379da77f0b4edff3d250bcfd36786ae91a95b0f3c2272a994,MITDB_P212,212,505000000,0,20260928,MODEL_V2_TCN_MEAN,0,-2.099522829055786,0.1091432049870491,4,V2-004-D2-TCNMEAN-F00-S20260928,f219483150b0da6c9efc8908cf7aafee80feffd12bcfdd491381d5991ec6101f
2aea6e084ce3422a72801c1a3bd1a263e6099cdd88ce4d4968cb4af22488153e,MITDB_P124,124,425000000,0,20260928,MODEL_V2_TCN_MEAN,0,-6.888460159301758,0.00101844419259578,4,V2-004-D2-TCNMEAN-F00-S20260928,f219483150b0da6c9efc8908cf7aafee80feffd12bcfdd491381d5991ec6101f
2aeb10d8925dd16fda4b810aaf70920b8908576111bc8f9700b43f48977aeffd,MITDB_P212,212,1675000000,0,20260928,MODEL_V2_TCN_MEAN,0,-7.9803314208984375,0.00034200900699943304,4,V2-004-D2-TCNMEAN-F00-S20260928,f219483150b0da6c9efc8908cf7aafee80feffd12bcfdd491381d5991ec6101f
2af71e2c4977eec35b06b94ebca7897ac006e029f2fdf4e8a4f2a3609ab4dc06,MITDB_P212,212,255000000,0,20260928,MODEL_V2_TCN_MEAN,0,-3.5919339656829834,0.02680661901831627,4,V2-004-D2-TCNMEAN-F00-S20260928,f219483150b0da6c9efc8908cf7aafee80feffd12bcfdd491381d5991ec6101f
2b0923a18fa9054aec423547d80acfca1a5442b63ae63265e77ba29069aee6af,MITDB_P212,212,1460000000,0,20260928,MODEL_V2_TCN_MEAN,0,-4.05891227722168,0.01697467640042305,4,V2-004-D2-TCNMEAN-F00-S20260928,f219483150b0da6c9efc8908cf7aafee80feffd12bcfdd491381d5991ec6101f
2b23c767c7fbdad548121635d5a7f6d44a3f97928e0d4d207b0b40482eb0af43,MITDB_P222,222,345000000,0,20260928,MODEL_V2_TCN_MEAN,0,-4.258352279663086,0.013948284089565277,4,V2-004-D2-TCNMEAN-F00-S20260928,f219483150b0da6c9efc8908cf7aafee80feffd12bcfdd491381d5991ec6101f
2b7fa43402c16282ca64e6cbaa249b73445a9d53b1d34af233ccad27b6f7d471,MITDB_P124,124,750000000,0,20260928,MODEL_V2_TCN_MEAN,0,-3.8715860843658447,0.02040046639740467,4,V2-004-D2-TCNMEAN-F00-S20260928,f219483150b0da6c9efc8908cf7aafee80feffd12bcfdd491381d5991ec6101f
2b8433f352ac01da257619eae31774c7f9c6221b596b77213615d86d4147ef9c,MITDB_P209,209,1205000000,0,20260928,MODEL_V2_TCN_MEAN,1,-4.886382102966309,0.007492127362638712,4,V2-004-D2-TCNMEAN-F00-S20260928,f219483150b0da6c9efc8908cf7aafee80feffd12bcfdd491381d5991ec6101f
2b91b0c32e9a12e2ec732652aac725d9b1c00526a7dc84dd1ad6cc3474f819dc,MITDB_P105,105,1745000000,0,20260928,MODEL_V2_TCN_MEAN,0,-4.696579933166504,0.009043898433446884,4,V2-004-D2-TCNMEAN-F00-S20260928,f219483150b0da6c9efc8908cf7aafee80feffd12bcfdd491381d5991ec6101f
2ba272a657e35ed88ea988116af0ae781d66631ee4e02d12915443da9beb5f5f,MITDB_P222,222,920000000,0,20260928,MODEL_V2_TCN_MEAN,0,1.6916619539260864,0.8444425463676453,4,V2-004-D2-TCNMEAN-F00-S20260928,f219483150b0da6c9efc8908cf7aafee80feffd12bcfdd491381d5991ec6101f
2bd5843f4d7e474881c98dca28ea948ae780ac5067a1c7582afc505025e1e325,MITDB_P124,124,90000000,0,20260928,MODEL_V2_TCN_MEAN,0,-2.67522931098938,0.0644509345293045,4,V2-004-D2-TCNMEAN-F00-S20260928,f219483150b0da6c9efc8908cf7aafee80feffd12bcfdd491381d5991ec6101f
2bd9bdb4b4e49f877a1ce320c7989c74d2c30bf3665fd554e887f9cdf7fd956f,MITDB_P105,105,445000000,0,20260928,MODEL_V2_TCN_MEAN,1,-2.3425395488739014,0.08766059577465057,4,V2-004-D2-TCNMEAN-F00-S20260928,f219483150b0da6c9efc8908cf7aafee80feffd12bcfdd491381d5991ec6101f
2c17f392c53eac034aed909a48bc7c74d5254315bc38470d8c501911b7bbf47d,MITDB_P209,209,1425000000,0,20260928,MODEL_V2_TCN_MEAN,0,-5.370575904846191,0.004629916045814753,4,V2-004-D2-TCNMEAN-F00-S20260928,f219483150b0da6c9efc8908cf7aafee80feffd12bcfdd491381d5991ec6101f
2c26dc6cd1ecb829474698e66c252a7564feee220e77d03bb5f284485f04fd4b,MITDB_P209,209,915000000,0,20260928,MODEL_V2_TCN_MEAN,0,-4.5612101554870605,0.010341345332562923,4,V2-004-D2-TCNMEAN-F00-S20260928,f219483150b0da6c9efc8908cf7aafee80feffd12bcfdd491381d5991ec6101f
2c34f408a19fc81d90c6432fe65d71d4dbf80485b100f5c51afdfad26903d463,MITDB_P209,209,1170000000,0,20260928,MODEL_V2_TCN_MEAN,0,-5.169977188110352,0.0056525650434195995,4,V2-004-D2-TCNMEAN-F00-S20260928,f219483150b0da6c9efc8908cf7aafee80feffd12bcfdd491381d5991ec6101f
2c364b0935dc9af99376e03db67e12273a32ae73c88b5edc64b1944487c4026a,MITDB_P222,222,410000000,0,20260928,MODEL_V2_TCN_MEAN,0,-5.222683429718018,0.005363911855965853,4,V2-004-D2-TCNMEAN-F00-S20260928,f219483150b0da6c9efc8908cf7aafee80feffd12bcfdd491381d5991ec6101f
2c4b6de983702c89e7ce2e87a7ca73ca86d58c8a8e5b0d886eb36a64f22352f8,MITDB_P222,222,1690000000,0,20260928,MODEL_V2_TCN_MEAN,0,-1.0819171667099,0.2531433701515198,4,V2-004-D2-TCNMEAN-F00-S20260928,f219483150b0da6c9efc8908cf7aafee80feffd12bcfdd491381d5991ec6101f
2ca1553f4677d830f44c11a998949d3038041eaa88ea9a2f75dc190cc01514d4,MITDB_P203,203,80000000,0,20260928,MODEL_V2_TCN_MEAN,1,2.112788200378418,0.8921399116516113,4,V2-004-D2-TCNMEAN-F00-S20260928,f219483150b0da6c9efc8908cf7aafee80feffd12bcfdd491381d5991ec6101f
2ca7f3561cc904753453b45cd485152299127cbe52de2dcb728fc76524a1c611,MITDB_P222,222,1335000000,0,20260928,MODEL_V2_TCN_MEAN,1,3.644932985305786,0.9745419025421143,4,V2-004-D2-TCNMEAN-F00-S20260928,f219483150b0da6c9efc8908cf7aafee80feffd12bcfdd491381d5991ec6101f
2cbbecedec0c3683c28b55d4af928e26e19f6442c778b8bde61e8dcaaf92a9c1,MITDB_P203,203,1075000000,0,20260928,MODEL_V2_TCN_MEAN,1,7.053895950317383,0.999136745929718,4,V2-004-D2-TCNMEAN-F00-S20260928,f219483150b0da6c9efc8908cf7aafee80feffd12bcfdd491381d5991ec6101f
2cbd328dd16340d23b4a9096260f52c8af2ef9adbc5feacf91f410991d2f464f,MITDB_P124,124,565000000,0,20260928,MODEL_V2_TCN_MEAN,0,-6.785439491271973,0.0011288352543488145,4,V2-004-D2-TCNMEAN-F00-S20260928,f219483150b0da6c9efc8908cf7aafee80feffd12bcfdd491381d5991ec6101f
2d0756c7aabf8490760e0206c0e5dd7a1b307d9f5aa4dc33b7608621ec3546c9,MITDB_P124,124,700000000,0,20260928,MODEL_V2_TCN_MEAN,0,-4.881371974945068,0.0075294747948646545,4,V2-004-D2-TCNMEAN-F00-S20260928,f219483150b0da6c9efc8908cf7aafee80feffd12bcfdd491381d5991ec6101f
2d26a55e955d40354f8d4b95333a57fa9addab4ff9ad28f68154f641adf62027,MITDB_P222,222,1760000000,0,20260928,MODEL_V2_TCN_MEAN,0,-1.705152988433838,0.15379345417022705,4,V2-004-D2-TCNMEAN-F00-S20260928,f219483150b0da6c9efc8908cf7aafee80feffd12bcfdd491381d5991ec6101f
2d3044a43e9e17e2ab596aae883a37dbbfdd9c1c0af8f2d94b59523dafa1dae8,MITDB_P212,212,1755000000,0,20260928,MODEL_V2_TCN_MEAN,0,-3.613112211227417,0.02625962160527706,4,V2-004-D2-TCNMEAN-F00-S20260928,f219483150b0da6c9efc8908cf7aafee80feffd12bcfdd491381d5991ec6101f
2d3386df6efe7214159ecfcc3f4e325adf525a5f496708f4269b2fb08de49534,MITDB_P209,209,1510000000,0,20260928,MODEL_V2_TCN_MEAN,1,-3.7502799034118652,0.02297108620405197,4,V2-004-D2-TCNMEAN-F00-S20260928,f219483150b0da6c9efc8908cf7aafee80feffd12bcfdd491381d5991ec6101f
2d563da10dc5a0899d7c79d5e00585731326580e748ad21dfdb7993e9e1c9269,MITDB_P212,212,955000000,0,20260928,MODEL_V2_TCN_MEAN,0,-3.952044725418091,0.01885310187935829,4,V2-004-D2-TCNMEAN-F00-S20260928,f219483150b0da6c9efc8908cf7aafee80feffd12bcfdd491381d5991ec6101f
2d7ebccd4fe0d301fc3a9490b7ef79b902be99731b866e9ea4150a73f020222d,MITDB_P124,124,1505000000,0,20260928,MODEL_V2_TCN_MEAN,0,-8.161529541015625,0.0002853440528269857,4,V2-004-D2-TCNMEAN-F00-S20260928,f219483150b0da6c9efc8908cf7aafee80feffd12bcfdd491381d5991ec6101f
2d875a773cc107826682bfb16c64fb14f73f4112c0fcd6b7aa552c4ba47762ec,MITDB_P105,105,185000000,0,20260928,MODEL_V2_TCN_MEAN,0,-4.288192272186279,0.013543769717216492,4,V2-004-D2-TCNMEAN-F00-S20260928,f219483150b0da6c9efc8908cf7aafee80feffd12bcfdd491381d5991ec6101f
2d8c38b5ad17cc9723a1852e5134180cae5af1ce349a5ab95bc7b1813d77cc51,MITDB_P212,212,840000000,0,20260928,MODEL_V2_TCN_MEAN,0,-2.2617907524108887,0.09433726221323013,4,V2-004-D2-TCNMEAN-F00-S20260928,f219483150b0da6c9efc8908cf7aafee80feffd12bcfdd491381d5991ec6101f
2d8f0b3158d34318135246087eef464d1d59e72e1e8f64fc3ca17ce27dae9236,MITDB_P209,209,50000000,0,20260928,MODEL_V2_TCN_MEAN,0,-5.645113945007324,0.0035222952719777822,4,V2-004-D2-TCNMEAN-F00-S20260928,f219483150b0da6c9efc8908cf7aafee80feffd12bcfdd491381d5991ec6101f
2da515981e3cb34ea33130d412b27b6e40d80af2f32f31d77f497d9246bf3bb2,MITDB_P124,124,440000000,0,20260928,MODEL_V2_TCN_MEAN,0,-3.7530055046081543,0.022909995168447495,4,V2-004-D2-TCNMEAN-F00-S20260928,f219483150b0da6c9efc8908cf7aafee80feffd12bcfdd491381d5991ec6101f
2ded75d06197a5af22c04e2c587e739f292ae64d2ef8a02c134894a9dc3e145f,MITDB_P124,124,1245000000,0,20260928,MODEL_V2_TCN_MEAN,0,-3.95782208442688,0.018746530637145042,4,V2-004-D2-TCNMEAN-F00-S20260928,f219483150b0da6c9efc8908cf7aafee80feffd12bcfdd491381d5991ec6101f
2df448399afb1d2b52069bb10784cce9eae78ee611ecc81840063588cd9d5f54,MITDB_P105,105,905000000,0,20260928,MODEL_V2_TCN_MEAN,0,-4.831066608428955,0.007914862595498562,4,V2-004-D2-TCNMEAN-F00-S20260928,f219483150b0da6c9efc8908cf7aafee80feffd12bcfdd491381d5991ec6101f
2df45cc6a46965dd817523776f0ebbe494e1e19b3572b4d0b375ba862b9f7aa0,MITDB_P203,203,1630000000,0,20260928,MODEL_V2_TCN_MEAN,1,1.0769122838974,0.7459091544151306,4,V2-004-D2-TCNMEAN-F00-S20260928,f219483150b0da6c9efc8908cf7aafee80feffd12bcfdd491381d5991ec6101f
2e0544fa5401c1c6682dd8679ff87b128e000297c847aca5970f4df6aa153367,MITDB_P212,212,1795000000,0,20260928,MODEL_V2_TCN_MEAN,0,-8.586601257324219,0.00018655437452252954,4,V2-004-D2-TCNMEAN-F00-S20260928,f219483150b0da6c9efc8908cf7aafee80feffd12bcfdd491381d5991ec6101f
2e7c6fd64ec802f37d87f979fc6def078edaa779fa1e2d84268089460801c879,MITDB_P105,105,1095000000,0,20260928,MODEL_V2_TCN_MEAN,0,-4.868408203125,0.007626972161233425,4,V2-004-D2-TCNMEAN-F00-S20260928,f219483150b0da6c9efc8908cf7aafee80feffd12bcfdd491381d5991ec6101f
2e90fb14efe7191754350f5e61641452740fd6a10623a876ce340fd2d71e1072,MITDB_P209,209,1210000000,0,20260928,MODEL_V2_TCN_MEAN,1,-5.155313491821289,0.005735584534704685,4,V2-004-D2-TCNMEAN-F00-S20260928,f219483150b0da6c9efc8908cf7aafee80feffd12bcfdd491381d5991ec6101f
2e95f04c26742cbb16e79dae1b5e22a33ababc3ed3331ad330bdddb7dc5062a0,MITDB_P209,209,825000000,0,20260928,MODEL_V2_TCN_MEAN,1,-3.9678070545196533,0.018563736230134964,4,V2-004-D2-TCNMEAN-F00-S20260928,f219483150b0da6c9efc8908cf7aafee80feffd12bcfdd491381d5991ec6101f
2ec28151b26ec22ab3b4ab01922fd321cc749149dee0c72d87a139d790aa65ba,MITDB_P105,105,190000000,0,20260928,MODEL_V2_TCN_MEAN,1,-0.016395598649978638,0.4959011971950531,4,V2-004-D2-TCNMEAN-F00-S20260928,f219483150b0da6c9efc8908cf7aafee80feffd12bcfdd491381d5991ec6101f
2ed53138577ef5f62529d20705162cd2d7eaa50cbdb8640e762630286b4bb0ec,MITDB_P222,222,700000000,0,20260928,MODEL_V2_TCN_MEAN,1,3.136528253555298,0.9583746194839478,4,V2-004-D2-TCNMEAN-F00-S20260928,f219483150b0da6c9efc8908cf7aafee80feffd12bcfdd491381d5991ec6101f
2ee7ebf00fc1b753daffff1503666e7934fbb499b94b9653b7440242fdd721a1,MITDB_P222,222,820000000,0,20260928,MODEL_V2_TCN_MEAN,0,-4.465813636779785,0.011364697478711605,4,V2-004-D2-TCNMEAN-F00-S20260928,f219483150b0da6c9efc8908cf7aafee80feffd12bcfdd491381d5991ec6101f
2efff76ba34e79dc03303e8624556a49bd0b3b21f1e1f43767ed5b701d771ec8,MITDB_P203,203,130000000,0,20260928,MODEL_V2_TCN_MEAN,1,5.954498291015625,0.9974126219749451,4,V2-004-D2-TCNMEAN-F00-S20260928,f219483150b0da6c9efc8908cf7aafee80feffd12bcfdd491381d5991ec6101f
2f04fca7bd609c3223037c5e482fcc0fe2e1812d8624a44cf7794fdd12ab5b6d,MITDB_P124,124,1315000000,0,20260928,MODEL_V2_TCN_MEAN,0,-5.632718086242676,0.0035660723224282265,4,V2-004-D2-TCNMEAN-F00-S20260928,f219483150b0da6c9efc8908cf7aafee80feffd12bcfdd491381d5991ec6101f
2f2ec02db836d046c246c64dc8ade4daa761eab03566be375f9504b35330ee42,MITDB_P105,105,1025000000,0,20260928,MODEL_V2_TCN_MEAN,0,-3.173182249069214,0.04018748924136162,4,V2-004-D2-TCNMEAN-F00-S20260928,f219483150b0da6c9efc8908cf7aafee80feffd12bcfdd491381d5991ec6101f
2f4b1896d66042f3ec9c31837799699286ea43bf66f27a84ced2f5b84cb8f2d8,MITDB_P209,209,265000000,0,20260928,MODEL_V2_TCN_MEAN,1,-1.4204598665237427,0.1945895105600357,4,V2-004-D2-TCNMEAN-F00-S20260928,f219483150b0da6c9efc8908cf7aafee80feffd12bcfdd491381d5991ec6101f
2f57d3686a1f5f25bbf620947001e6bfde86be7a44d82764f44c5c8686c573f0,MITDB_P209,209,1295000000,0,20260928,MODEL_V2_TCN_MEAN,1,-5.942731857299805,0.002617977326735854,4,V2-004-D2-TCNMEAN-F00-S20260928,f219483150b0da6c9efc8908cf7aafee80feffd12bcfdd491381d5991ec6101f
2f6d39e95796541701105ad5b194f79c9af54b2db0637389711818cd374431f5,MITDB_P105,105,440000000,0,20260928,MODEL_V2_TCN_MEAN,1,-0.5915566682815552,0.356277734041214,4,V2-004-D2-TCNMEAN-F00-S20260928,f219483150b0da6c9efc8908cf7aafee80feffd12bcfdd491381d5991ec6101f
2f7a33762d3813ab28fb25e852d20fd6bf06867b2149a1f43e48473b6059b5ad,MITDB_P105,105,570000000,0,20260928,MODEL_V2_TCN_MEAN,0,-5.964131832122803,0.0025626900605857372,4,V2-004-D2-TCNMEAN-F00-S20260928,f219483150b0da6c9efc8908cf7aafee80feffd12bcfdd491381d5991ec6101f
2f8269fb8d1bd04e8aa116f1b5897106b6cab8cd067860939732194a3c620fe2,MITDB_P105,105,1605000000,0,20260928,MODEL_V2_TCN_MEAN,0,-5.811739921569824,0.0029832925647497177,4,V2-004-D2-TCNMEAN-F00-S20260928,f219483150b0da6c9efc8908cf7aafee80feffd12bcfdd491381d5991ec6101f
2f8ee3c03ad82c1510d5cceebe84a05678937123a9dc1f4908f2cba4e5614bcd,MITDB_P124,124,1125000000,0,20260928,MODEL_V2_TCN_MEAN,0,-3.8364992141723633,0.021113578230142593,4,V2-004-D2-TCNMEAN-F00-S20260928,f219483150b0da6c9efc8908cf7aafee80feffd12bcfdd491381d5991ec6101f
2f92b84854443845e262b3050065de6ecfac78d0fe88d82d3c217070f5b4d608,MITDB_P105,105,1715000000,0,20260928,MODEL_V2_TCN_MEAN,0,-3.394533634185791,0.032466739416122437,4,V2-004-D2-TCNMEAN-F00-S20260928,f219483150b0da6c9efc8908cf7aafee80feffd12bcfdd491381d5991ec6101f
2f95ef43dd2bb176e419e15c4e6961c8c2efeea97a58c1addc78b05bfb26e3e4,MITDB_P124,124,1140000000,0,20260928,MODEL_V2_TCN_MEAN,0,-3.7469496726989746,0.023045947775244713,4,V2-004-D2-TCNMEAN-F00-S20260928,f219483150b0da6c9efc8908cf7aafee80feffd12bcfdd491381d5991ec6101f
2fa8fa2e1a0fcaa3d747327c20e5d3de494dce4331f849bbf870eca8eafacd20,MITDB_P203,203,195000000,0,20260928,MODEL_V2_TCN_MEAN,1,4.779232025146484,0.9916675686836243,4,V2-004-D2-TCNMEAN-F00-S20260928,f219483150b0da6c9efc8908cf7aafee80feffd12bcfdd491381d5991ec6101f
2fbc9675b9b10192aa3748d59e2b625480759e729f0366e953129c2724325e6f,MITDB_P203,203,420000000,0,20260928,MODEL_V2_TCN_MEAN,1,8.333006858825684,0.9997596144676208,4,V2-004-D2-TCNMEAN-F00-S20260928,f219483150b0da6c9efc8908cf7aafee80feffd12bcfdd491381d5991ec6101f
2fc44147405ee3f0423bf50f091cf6c1e0d64b991e4073a582c034b575af26ec,MITDB_P124,124,1485000000,0,20260928,MODEL_V2_TCN_MEAN,0,-7.231510162353516,0.0007229045731946826,4,V2-004-D2-TCNMEAN-F00-S20260928,f219483150b0da6c9efc8908cf7aafee80feffd12bcfdd491381d5991ec6101f
2fc856c0e427ceda3bf1c5011b7454a814db4a4e5ecaf235832623146347aad4,MITDB_P203,203,1135000000,0,20260928,MODEL_V2_TCN_MEAN,1,5.440917015075684,0.9956831932067871,4,V2-004-D2-TCNMEAN-F00-S20260928,f219483150b0da6c9efc8908cf7aafee80feffd12bcfdd491381d5991ec6101f
2fd8e9e4fac4fbb16e17b0979c0b83b12bc83d19df5f1bec1c1d9e710432c67a,MITDB_P212,212,1560000000,0,20260928,MODEL_V2_TCN_MEAN,0,-4.78363037109375,0.008296171203255653,4,V2-004-D2-TCNMEAN-F00-S20260928,f219483150b0da6c9efc8908cf7aafee80feffd12bcfdd491381d5991ec6101f
2fe457280322f11b9ba88e0c71b9178607edb4d9e678ecfebd4016ca68aee62d,MITDB_P105,105,125000000,0,20260928,MODEL_V2_TCN_MEAN,0,-4.206925868988037,0.014673558063805103,4,V2-004-D2-TCNMEAN-F00-S20260928,f219483150b0da6c9efc8908cf7aafee80feffd12bcfdd491381d5991ec6101f
2ff36be1a24c07b2c7615116084e2383cf7e7103f0aabfc4bcc1702765b0bdd3,MITDB_P203,203,1480000000,0,20260928,MODEL_V2_TCN_MEAN,0,1.4661126136779785,0.8124658465385437,4,V2-004-D2-TCNMEAN-F00-S20260928,f219483150b0da6c9efc8908cf7aafee80feffd12bcfdd491381d5991ec6101f
3008b06414cf03f171c5b71ea405f80e3fba619aa639a56a9d77e67675378bab,MITDB_P105,105,985000000,0,20260928,MODEL_V2_TCN_MEAN,0,-4.066512584686279,0.01684831827878952,4,V2-004-D2-TCNMEAN-F00-S20260928,f219483150b0da6c9efc8908cf7aafee80feffd12bcfdd491381d5991ec6101f
3015fad9a2aae62b7a9b10f1a4e6fc767281d9f3b043924f8113473f127b345f,MITDB_P212,212,1490000000,0,20260928,MODEL_V2_TCN_MEAN,0,-8.37141227722168,0.00023133499780669808,4,V2-004-D2-TCNMEAN-F00-S20260928,f219483150b0da6c9efc8908cf7aafee80feffd12bcfdd491381d5991ec6101f
3018bf99975d38d41680b727c546f241122a43c10e0a2b10ea1bc348bf544f54,MITDB_P222,222,1240000000,0,20260928,MODEL_V2_TCN_MEAN,1,4.351014614105225,0.9872704744338989,4,V2-004-D2-TCNMEAN-F00-S20260928,f219483150b0da6c9efc8908cf7aafee80feffd12bcfdd491381d5991ec6101f
3067c579393174c70a6c42c80cc27378776ef86328c97b3c25e412373be85851,MITDB_P212,212,820000000,0,20260928,MODEL_V2_TCN_MEAN,0,-1.8784438371658325,0.13256771862506866,4,V2-004-D2-TCNMEAN-F00-S20260928,f219483150b0da6c9efc8908cf7aafee80feffd12bcfdd491381d5991ec6101f
306c77c009ac7194f09aebaa5bf73f264b38722d6edca50a9cf06d398e5f3a80,MITDB_P203,203,1640000000,0,20260928,MODEL_V2_TCN_MEAN,1,8.344925880432129,0.9997624754905701,4,V2-004-D2-TCNMEAN-F00-S20260928,f219483150b0da6c9efc8908cf7aafee80feffd12bcfdd491381d5991ec6101f
30b3543e04b3369c5aa65392ba2660cfc7e45c4c8fa2fb9a16a6410d2c6a68da,MITDB_P203,203,645000000,0,20260928,MODEL_V2_TCN_MEAN,1,9.564072608947754,0.9999297857284546,4,V2-004-D2-TCNMEAN-F00-S20260928,f219483150b0da6c9efc8908cf7aafee80feffd12bcfdd491381d5991ec6101f
30dfe13275639d7e203e3be78d3cfae766fd50b94f5f36c4bd6569a9e8ed2604,MITDB_P222,222,75000000,0,20260928,MODEL_V2_TCN_MEAN,0,-6.21422815322876,0.001996764913201332,4,V2-004-D2-TCNMEAN-F00-S20260928,f219483150b0da6c9efc8908cf7aafee80feffd12bcfdd491381d5991ec6101f
30e26c1211769d7f0a46c3db73a60a1de5d82edfb93964846f08dd68b97855fa,MITDB_P222,222,1580000000,0,20260928,MODEL_V2_TCN_MEAN,0,1.62596595287323,0.8356162905693054,4,V2-004-D2-TCNMEAN-F00-S20260928,f219483150b0da6c9efc8908cf7aafee80feffd12bcfdd491381d5991ec6101f
30ee935ae9c35973c5f3053741c03f13c6d6bd16f07939c23cf964e7ff457535,MITDB_P203,203,1390000000,0,20260928,MODEL_V2_TCN_MEAN,0,-0.18563851714134216,0.45372316241264343,4,V2-004-D2-TCNMEAN-F00-S20260928,f219483150b0da6c9efc8908cf7aafee80feffd12bcfdd491381d5991ec6101f
30fb7134506a32cb321f6db3a5f7b91140b2bd56eacf21ddfc10023abd779bea,MITDB_P203,203,410000000,0,20260928,MODEL_V2_TCN_MEAN,1,3.0449225902557373,0.954562783241272,4,V2-004-D2-TCNMEAN-F00-S20260928,f219483150b0da6c9efc8908cf7aafee80feffd12bcfdd491381d5991ec6101f
30ff32ad00dd49a1b02825d637fece27ff8dbd2dd4f68b81e28650006923acea,MITDB_P222,222,1410000000,0,20260928,MODEL_V2_TCN_MEAN,0,-1.4635660648345947,0.18792250752449036,4,V2-004-D2-TCNMEAN-F00-S20260928,f219483150b0da6c9efc8908cf7aafee80feffd12bcfdd491381d5991ec6101f
310310b2f06e305e6f2a8e5f71ccde800d3e570e0558f5c72f4152504eceebdb,MITDB_P203,203,1730000000,0,20260928,MODEL_V2_TCN_MEAN,1,7.663861274719238,0.9995307922363281,4,V2-004-D2-TCNMEAN-F00-S20260928,f219483150b0da6c9efc8908cf7aafee80feffd12bcfdd491381d5991ec6101f
312673713c0034dfb8151d7f1f922a86d7970e20dd1c8110ff93be59651dd62d,MITDB_P105,105,970000000,0,20260928,MODEL_V2_TCN_MEAN,0,-5.204315185546875,0.005462804809212685,4,V2-004-D2-TCNMEAN-F00-S20260928,f219483150b0da6c9efc8908cf7aafee80feffd12bcfdd491381d5991ec6101f
31a1da1fff5c405d6f0823fe11569215b77d13df539ad0a4fc07fc5e9fedaeaf,MITDB_P203,203,1645000000,0,20260928,MODEL_V2_TCN_MEAN,1,7.796211242675781,0.9995889067649841,4,V2-004-D2-TCNMEAN-F00-S20260928,f219483150b0da6c9efc8908cf7aafee80feffd12bcfdd491381d5991ec6101f
31e88307ee36390503411fd76bbc24d3e91b2a9557f9540359f8edb77d6ea068,MITDB_P124,124,415000000,0,20260928,MODEL_V2_TCN_MEAN,0,-4.516571998596191,0.010808318853378296,4,V2-004-D2-TCNMEAN-F00-S20260928,f219483150b0da6c9efc8908cf7aafee80feffd12bcfdd491381d5991ec6101f
31f7921c8cd6e01f718b2b11a798eb9c5dfd9f4e5cfb2427fee4349554c7bce2,MITDB_P212,212,960000000,0,20260928,MODEL_V2_TCN_MEAN,0,-3.9046642780303955,0.019749803468585014,4,V2-004-D2-TCNMEAN-F00-S20260928,f219483150b0da6c9efc8908cf7aafee80feffd12bcfdd491381d5991ec6101f
31fd4d555bf65357713325f94534b067e0164fed9e01fc8368d4aa12624ebe9b,MITDB_P203,203,685000000,0,20260928,MODEL_V2_TCN_MEAN,0,3.540205717086792,0.9718104004859924,4,V2-004-D2-TCNMEAN-F00-S20260928,f219483150b0da6c9efc8908cf7aafee80feffd12bcfdd491381d5991ec6101f
3208c0ef4efa43a6870eef0a85da2bd41d10348d6a519bef2130c73239d6a3c5,MITDB_P124,124,1525000000,0,20260928,MODEL_V2_TCN_MEAN,0,-7.836269378662109,0.0003949843521695584,4,V2-004-D2-TCNMEAN-F00-S20260928,f219483150b0da6c9efc8908cf7aafee80feffd12bcfdd491381d5991ec6101f
321a6c11db659830303e55354b06b78530cd51500455349ef4db25109a6b62dd,MITDB_P203,203,1210000000,0,20260928,MODEL_V2_TCN_MEAN,1,4.0580220222473145,0.9830104112625122,4,V2-004-D2-TCNMEAN-F00-S20260928,f219483150b0da6c9efc8908cf7aafee80feffd12bcfdd491381d5991ec6101f
32202abf732da0cdba7c63f768ba89c5f1d4857c22e0db41252533c78c2c6438,MITDB_P124,124,1170000000,0,20260928,MODEL_V2_TCN_MEAN,0,-4.153265476226807,0.015469943173229694,4,V2-004-D2-TCNMEAN-F00-S20260928,f219483150b0da6c9efc8908cf7aafee80feffd12bcfdd491381d5991ec6101f
3226f76a84cea36b5debc1d0eaa1208959eadbb17af26e06b7084aa5d8d694d8,MITDB_P105,105,1105000000,0,20260928,MODEL_V2_TCN_MEAN,0,-5.347426414489746,0.004737832583487034,4,V2-004-D2-TCNMEAN-F00-S20260928,f219483150b0da6c9efc8908cf7aafee80feffd12bcfdd491381d5991ec6101f
3250d74cf07ee9c5f4accd06091baf3dacb718e48e964f3f81d019ad2ba1d83d,MITDB_P209,209,565000000,0,20260928,MODEL_V2_TCN_MEAN,1,0.21030613780021667,0.5523836016654968,4,V2-004-D2-TCNMEAN-F00-S20260928,f219483150b0da6c9efc8908cf7aafee80feffd12bcfdd491381d5991ec6101f
329270d5b81fc2bfb0109e2566109ac8b29371522cc562d867b3140bbeab59cf,MITDB_P212,212,1240000000,0,20260928,MODEL_V2_TCN_MEAN,0,-4.374085426330566,0.012442884035408497,4,V2-004-D2-TCNMEAN-F00-S20260928,f219483150b0da6c9efc8908cf7aafee80feffd12bcfdd491381d5991ec6101f
32ad8f76a5b37b8124f499f897f42b28f41e27d9afce505ff948b7b4d0c71c32,MITDB_P222,222,970000000,0,20260928,MODEL_V2_TCN_MEAN,1,4.053740978240967,0.9829387664794922,4,V2-004-D2-TCNMEAN-F00-S20260928,f219483150b0da6c9efc8908cf7aafee80feffd12bcfdd491381d5991ec6101f
32b2e87b37804e7b1f6a7a74986466a65adf74073fedde79d2313d2b9d065d0a,MITDB_P203,203,1215000000,0,20260928,MODEL_V2_TCN_MEAN,1,1.9468504190444946,0.8751028180122375,4,V2-004-D2-TCNMEAN-F00-S20260928,f219483150b0da6c9efc8908cf7aafee80feffd12bcfdd491381d5991ec6101f
32b6df74149030ce55479a102a7ada92c69b4c5277d30d7590f34085a6860990,MITDB_P203,203,1145000000,0,20260928,MODEL_V2_TCN_MEAN,1,7.463231563568115,0.9994266033172607,4,V2-004-D2-TCNMEAN-F00-S20260928,f219483150b0da6c9efc8908cf7aafee80feffd12bcfdd491381d5991ec6101f
32d7ab016721c31f0463b779485d47ced30d048948e371bd39a213878c7ec3f9,MITDB_P222,222,85000000,0,20260928,MODEL_V2_TCN_MEAN,0,-6.2652506828308105,0.0018976287683472037,4,V2-004-D2-TCNMEAN-F00-S20260928,f219483150b0da6c9efc8908cf7aafee80feffd12bcfdd491381d5991ec6101f
32ee8d8cc7cb7599f7faaa3cf3ff6211bd8908f85200ba911615d90fa985f516,MITDB_P105,105,1500000000,0,20260928,MODEL_V2_TCN_MEAN,0,-3.3800694942474365,0.03292418271303177,4,V2-004-D2-TCNMEAN-F00-S20260928,f219483150b0da6c9efc8908cf7aafee80feffd12bcfdd491381d5991ec6101f
32f69ad8aeceb334419c29808804ba01f2cff801a2de83ae7768f2fec14857a7,MITDB_P209,209,125000000,0,20260928,MODEL_V2_TCN_MEAN,1,-3.4597370624542236,0.030479805544018745,4,V2-004-D2-TCNMEAN-F00-S20260928,f219483150b0da6c9efc8908cf7aafee80feffd12bcfdd491381d5991ec6101f
332704d49da3e00336594eca5865048d056807e21c26614fc6f98ec4b5d5c5b9,MITDB_P105,105,730000000,0,20260928,MODEL_V2_TCN_MEAN,0,-6.848605155944824,0.0010598101653158665,4,V2-004-D2-TCNMEAN-F00-S20260928,f219483150b0da6c9efc8908cf7aafee80feffd12bcfdd491381d5991ec6101f
334ef519dcbba3f8bb4aecc4b4860ac115cf6a69ce9f64931812d937da97b9e5,MITDB_P222,222,935000000,0,20260928,MODEL_V2_TCN_MEAN,0,-0.36811551451683044,0.40899646282196045,4,V2-004-D2-TCNMEAN-F00-S20260928,f219483150b0da6c9efc8908cf7aafee80feffd12bcfdd491381d5991ec6101f
335571959951d0a5ee137d20e8b197511a673d82ba68609b412a565bace828c4,MITDB_P222,222,1700000000,0,20260928,MODEL_V2_TCN_MEAN,0,-0.658821702003479,0.341004341840744,4,V2-004-D2-TCNMEAN-F00-S20260928,f219483150b0da6c9efc8908cf7aafee80feffd12bcfdd491381d5991ec6101f
335d4977a4d7ab6bb6ddc791cd1360c42c670c594c3e4f120477f3fea727c05a,MITDB_P212,212,1805000000,0,20260928,MODEL_V2_TCN_MEAN,0,-7.705935478210449,0.0004499448405113071,4,V2-004-D2-TCNMEAN-F00-S20260928,f219483150b0da6c9efc8908cf7aafee80feffd12bcfdd491381d5991ec6101f
3360ba580c98521eb4af212a3250f99420b5bb75bca6fb278ef3c1aa39528cb9,MITDB_P124,124,795000000,0,20260928,MODEL_V2_TCN_MEAN,0,-5.6822919845581055,0.0033941837027668953,4,V2-004-D2-TCNMEAN-F00-S20260928,f219483150b0da6c9efc8908cf7aafee80feffd12bcfdd491381d5991ec6101f
33851fbada259f0a6abe9e6f61b20d61fed599a4f8164e1c0e226a11a0096107,MITDB_P222,222,685000000,0,20260928,MODEL_V2_TCN_MEAN,1,4.314664363861084,0.9868054389953613,4,V2-004-D2-TCNMEAN-F00-S20260928,f219483150b0da6c9efc8908cf7aafee80feffd12bcfdd491381d5991ec6101f
3385c307e96edb6c9237570f0687e16aa9ee354e4f5b03e162ce658ec7ff6b76,MITDB_P203,203,1760000000,0,20260928,MODEL_V2_TCN_MEAN,0,5.26426887512207,0.9948534369468689,4,V2-004-D2-TCNMEAN-F00-S20260928,f219483150b0da6c9efc8908cf7aafee80feffd12bcfdd491381d5991ec6101f
33a0ffb5d606d5d27a3fa56fb478aa32a4542d557489ef5c162d562888a74e6e,MITDB_P209,209,35000000,0,20260928,MODEL_V2_TCN_MEAN,0,-6.421353816986084,0.0016238117823377252,4,V2-004-D2-TCNMEAN-F00-S20260928,f219483150b0da6c9efc8908cf7aafee80feffd12bcfdd491381d5991ec6101f
33ad8818f6b927fed6c5efd8313b9a84c9842ce4fed8baf4f2f2669c725367a0,MITDB_P203,203,1700000000,0,20260928,MODEL_V2_TCN_MEAN,1,8.34908676147461,0.9997634291648865,4,V2-004-D2-TCNMEAN-F00-S20260928,f219483150b0da6c9efc8908cf7aafee80feffd12bcfdd491381d5991ec6101f
33d4ead3368255954d7b90ae7c158d34babba1d59758662fc28a05753a4de3a3,MITDB_P105,105,875000000,0,20260928,MODEL_V2_TCN_MEAN,1,1.0107002258300781,0.7331571578979492,4,V2-004-D2-TCNMEAN-F00-S20260928,f219483150b0da6c9efc8908cf7aafee80feffd12bcfdd491381d5991ec6101f
33deca1f21779568d4b06fc936c8e48e747a6fa21095dbff6671da8f3edb87c3,MITDB_P222,222,625000000,0,20260928,MODEL_V2_TCN_MEAN,1,5.94840145111084,0.9973968267440796,4,V2-004-D2-TCNMEAN-F00-S20260928,f219483150b0da6c9efc8908cf7aafee80feffd12bcfdd491381d5991ec6101f
3404f3df9caffcccbf3268a13576903f0068d2bd4d2f0d531711bdb24460a5e3,MITDB_P124,124,1495000000,0,20260928,MODEL_V2_TCN_MEAN,0,-7.3410820960998535,0.0006479284493252635,4,V2-004-D2-TCNMEAN-F00-S20260928,f219483150b0da6c9efc8908cf7aafee80feffd12bcfdd491381d5991ec6101f
340775f88edecac2eb1588212ad2798a7c4f93f1878db0263be9b775a6dd3d6c,MITDB_P105,105,465000000,0,20260928,MODEL_V2_TCN_MEAN,1,0.05387422442436218,0.5134652853012085,4,V2-004-D2-TCNMEAN-F00-S20260928,f219483150b0da6c9efc8908cf7aafee80feffd12bcfdd491381d5991ec6101f
340e1387fd6f88afba67370e99ba983469729d3555608430fb490a823f871321,MITDB_P209,209,25000000,0,20260928,MODEL_V2_TCN_MEAN,0,-5.384413242340088,0.004566581919789314,4,V2-004-D2-TCNMEAN-F00-S20260928,f219483150b0da6c9efc8908cf7aafee80feffd12bcfdd491381d5991ec6101f
341893f72ae8a1042eed083faac00f588602478eb3b17bb83bb8cd48b9ced815,MITDB_P212,212,1680000000,0,20260928,MODEL_V2_TCN_MEAN,0,-7.845828056335449,0.00039122827001847327,4,V2-004-D2-TCNMEAN-F00-S20260928,f219483150b0da6c9efc8908cf7aafee80feffd12bcfdd491381d5991ec6101f
342af5786994d6eba5cf7f85293b98d0ffb49ee3bf9feb43518d98f23784497c,MITDB_P209,209,580000000,0,20260928,MODEL_V2_TCN_MEAN,1,0.20785823464393616,0.551778256893158,4,V2-004-D2-TCNMEAN-F00-S20260928,f219483150b0da6c9efc8908cf7aafee80feffd12bcfdd491381d5991ec6101f
3456205f5859259b5e5a30f7b819f3a51ca916361848723d254fd966d0214bee,MITDB_P124,124,1700000000,0,20260928,MODEL_V2_TCN_MEAN,0,-7.666306495666504,0.0004681251884903759,4,V2-004-D2-TCNMEAN-F00-S20260928,f219483150b0da6c9efc8908cf7aafee80feffd12bcfdd491381d5991ec6101f
346a43ecc1886527d40a6c00bd7a7d1eb73eb2a6427e11e20d8040936ceb6b09,MITDB_P124,124,275000000,0,20260928,MODEL_V2_TCN_MEAN,0,-4.121457576751709,0.015961937606334686,4,V2-004-D2-TCNMEAN-F00-S20260928,f219483150b0da6c9efc8908cf7aafee80feffd12bcfdd491381d5991ec6101f
34718c7bf3a6f8b2eeb3f2efeed76cbe927ce04fb79efa4117ea133cf9fc7c56,MITDB_P222,222,1095000000,0,20260928,MODEL_V2_TCN_MEAN,1,2.8961687088012695,0.9476566910743713,4,V2-004-D2-TCNMEAN-F00-S20260928,f219483150b0da6c9efc8908cf7aafee80feffd12bcfdd491381d5991ec6101f
349488f4a44649ec65a0eeb47cf9a93d59c2797a0299d4b82b8ea9e489d3ecbb,MITDB_P124,124,325000000,0,20260928,MODEL_V2_TCN_MEAN,1,-6.603704452514648,0.0013535034377127886,4,V2-004-D2-TCNMEAN-F00-S20260928,f219483150b0da6c9efc8908cf7aafee80feffd12bcfdd491381d5991ec6101f
34abf87403474b34bc98148dc435e9f9db261a409984e79aa40d72d0494c67d1,MITDB_P209,209,1010000000,0,20260928,MODEL_V2_TCN_MEAN,1,-5.416545867919922,0.004422816913574934,4,V2-004-D2-TCNMEAN-F00-S20260928,f219483150b0da6c9efc8908cf7aafee80feffd12bcfdd491381d5991ec6101f
34e5d5fda1907df4116599c8b99e09855fdefe914c6ffa2ad8bd1f598c9c936b,MITDB_P124,124,1015000000,0,20260928,MODEL_V2_TCN_MEAN,0,-5.016355514526367,0.006584991235285997,4,V2-004-D2-TCNMEAN-F00-S20260928,f219483150b0da6c9efc8908cf7aafee80feffd12bcfdd491381d5991ec6101f
34e9fb7ceca381a34515506f53c72df0995cc254302d1c474c496ca04551f545,MITDB_P105,105,1190000000,0,20260928,MODEL_V2_TCN_MEAN,1,1.1865880489349365,0.766130268573761,4,V2-004-D2-TCNMEAN-F00-S20260928,f219483150b0da6c9efc8908cf7aafee80feffd12bcfdd491381d5991ec6101f
354ac283cecba60370c65586c2acba92f6353b3eaf801f3ac554409a5b7bd39f,MITDB_P212,212,320000000,0,20260928,MODEL_V2_TCN_MEAN,0,-5.09468412399292,0.006091903895139694,4,V2-004-D2-TCNMEAN-F00-S20260928,f219483150b0da6c9efc8908cf7aafee80feffd12bcfdd491381d5991ec6101f
354b7f3178bb7465598a4c09e92753422d611687e9f5a799e3bf486dcd7fd0e9,MITDB_P209,209,1260000000,0,20260928,MODEL_V2_TCN_MEAN,0,-5.162450313568115,0.005695028696209192,4,V2-004-D2-TCNMEAN-F00-S20260928,f219483150b0da6c9efc8908cf7aafee80feffd12bcfdd491381d5991ec6101f
355aa8f5bccb8e4f555bc89b6aa307fe738319e7bfb48257979d3f7c60eed81d,MITDB_P209,209,1515000000,0,20260928,MODEL_V2_TCN_MEAN,1,-4.416110515594482,0.011936918832361698,4,V2-004-D2-TCNMEAN-F00-S20260928,f219483150b0da6c9efc8908cf7aafee80feffd12bcfdd491381d5991ec6101f
3564d28531b8a82ba245d012da3f05ad2897910a51b0f08c0b1c758892c0fda0,MITDB_P124,124,1445000000,0,20260928,MODEL_V2_TCN_MEAN,0,-7.540620803833008,0.0005307859391905367,4,V2-004-D2-TCNMEAN-F00-S20260928,f219483150b0da6c9efc8908cf7aafee80feffd12bcfdd491381d5991ec6101f
35a6aee4e211ed30e27c5a542cc046dced72107f5a9eebe07ab72facda4b8055,MITDB_P105,105,1075000000,0,20260928,MODEL_V2_TCN_MEAN,0,-3.151808977127075,0.04102005809545517,4,V2-004-D2-TCNMEAN-F00-S20260928,f219483150b0da6c9efc8908cf7aafee80feffd12bcfdd491381d5991ec6101f
35ebdff57a663cccf3cbb35fb256f55e19b45a0bc975f5827c2f5fe08b1b10c7,MITDB_P209,209,55000000,0,20260928,MODEL_V2_TCN_MEAN,1,-4.590205192565918,0.01004877220839262,4,V2-004-D2-TCNMEAN-F00-S20260928,f219483150b0da6c9efc8908cf7aafee80feffd12bcfdd491381d5991ec6101f
35f7f4633a4ea9136f9ca23b47b22557990dda41e6090a056eeb0b9c48f51f0e,MITDB_P222,222,500000000,0,20260928,MODEL_V2_TCN_MEAN,0,-8.242883682250977,0.0002630551753100008,4,V2-004-D2-TCNMEAN-F00-S20260928,f219483150b0da6c9efc8908cf7aafee80feffd12bcfdd491381d5991ec6101f
35fe4273b4d831880cd7df5c1c901fdb6ee9bd79069d79fc636001f39f8cfce7,MITDB_P209,209,1225000000,0,20260928,MODEL_V2_TCN_MEAN,0,-5.3073954582214355,0.0049303858540952206,4,V2-004-D2-TCNMEAN-F00-S20260928,f219483150b0da6c9efc8908cf7aafee80feffd12bcfdd491381d5991ec6101f
35ff1b21437d0c20686ef01018b39aafe05c3fb75e3399cef755f87730287d7c,MITDB_P222,222,210000000,0,20260928,MODEL_V2_TCN_MEAN,0,-4.704412460327148,0.00897397194057703,4,V2-004-D2-TCNMEAN-F00-S20260928,f219483150b0da6c9efc8908cf7aafee80feffd12bcfdd491381d5991ec6101f
361351a301ff6bb6cbfd81c7997a492f91211c85db90b5837d1cfb4d8acddc03,MITDB_P124,124,1260000000,0,20260928,MODEL_V2_TCN_MEAN,0,-4.034457206726074,0.01738760434091091,4,V2-004-D2-TCNMEAN-F00-S20260928,f219483150b0da6c9efc8908cf7aafee80feffd12bcfdd491381d5991ec6101f
36225921a5d690ce8f6130e131ce87e3b2d61fa7ba40760ded71ce94463d911a,MITDB_P203,203,830000000,0,20260928,MODEL_V2_TCN_MEAN,0,0.8599555492401123,0.7026513814926147,4,V2-004-D2-TCNMEAN-F00-S20260928,f219483150b0da6c9efc8908cf7aafee80feffd12bcfdd491381d5991ec6101f
369c29216ccc431075f1cad78507fcfd472744bcab5cd1c5ac66ed050bf77188,MITDB_P212,212,1485000000,0,20260928,MODEL_V2_TCN_MEAN,0,-9.112089157104492,0.00011031181929865852,4,V2-004-D2-TCNMEAN-F00-S20260928,f219483150b0da6c9efc8908cf7aafee80feffd12bcfdd491381d5991ec6101f
36a34fd205eef3689b7649f652db831d12dfadb9edf90c8ec6d5ebd5e36201e3,MITDB_P203,203,1045000000,0,20260928,MODEL_V2_TCN_MEAN,1,8.60859203338623,0.9998175501823425,4,V2-004-D2-TCNMEAN-F00-S20260928,f219483150b0da6c9efc8908cf7aafee80feffd12bcfdd491381d5991ec6101f
36a5abd9843f4b423c8738dbbd6c174b9ba7987678393accf2a06ffcffb3cf7f,MITDB_P212,212,1140000000,0,20260928,MODEL_V2_TCN_MEAN,0,-7.468856334686279,0.0005702550988644361,4,V2-004-D2-TCNMEAN-F00-S20260928,f219483150b0da6c9efc8908cf7aafee80feffd12bcfdd491381d5991ec6101f
36ac96b6764a82b281005cfbedfee600f8f79b1176afe145c404303bd1570088,MITDB_P212,212,690000000,0,20260928,MODEL_V2_TCN_MEAN,0,-2.643535614013672,0.0663885548710823,4,V2-004-D2-TCNMEAN-F00-S20260928,f219483150b0da6c9efc8908cf7aafee80feffd12bcfdd491381d5991ec6101f
36bfad6d18e778d33e36eea624a8803d0310bd31e61885ab236251107fcba09c,MITDB_P212,212,1060000000,0,20260928,MODEL_V2_TCN_MEAN,0,-3.052107334136963,0.04512657970190048,4,V2-004-D2-TCNMEAN-F00-S20260928,f219483150b0da6c9efc8908cf7aafee80feffd12bcfdd491381d5991ec6101f
36cc53c254cdfad9fa41323321df4aa3e9f05f812f0f16d48496caac57645718,MITDB_P222,222,775000000,0,20260928,MODEL_V2_TCN_MEAN,1,4.826457977294922,0.9920487999916077,4,V2-004-D2-TCNMEAN-F00-S20260928,f219483150b0da6c9efc8908cf7aafee80feffd12bcfdd491381d5991ec6101f
370ccd64b1fb587eb21c4833b29cc865c7f0ed8d19fa8a148d4f177eb833938b,MITDB_P203,203,1420000000,0,20260928,MODEL_V2_TCN_MEAN,1,4.001541614532471,0.9820410013198853,4,V2-004-D2-TCNMEAN-F00-S20260928,f219483150b0da6c9efc8908cf7aafee80feffd12bcfdd491381d5991ec6101f
372cfc39164e044ea5308757abd57c6fb5f65a16e4e11a35e2193dd05aaf3a31,MITDB_P212,212,220000000,0,20260928,MODEL_V2_TCN_MEAN,0,-3.4493026733398438,0.030789664015173912,4,V2-004-D2-TCNMEAN-F00-S20260928,f219483150b0da6c9efc8908cf7aafee80feffd12bcfdd491381d5991ec6101f
3770ca086107259d6b62c48a8ebc788b4c90702bc28f122412347757d6ec226a,MITDB_P209,209,410000000,0,20260928,MODEL_V2_TCN_MEAN,0,-3.154204845428467,0.04092591628432274,4,V2-004-D2-TCNMEAN-F00-S20260928,f219483150b0da6c9efc8908cf7aafee80feffd12bcfdd491381d5991ec6101f
3771465351eeb75bd8bae2a7f8c50a0d1e5cca9560214e1fa7d83ed5825b34bc,MITDB_P209,209,1105000000,0,20260928,MODEL_V2_TCN_MEAN,1,-1.806286096572876,0.1410875916481018,4,V2-004-D2-TCNMEAN-F00-S20260928,f219483150b0da6c9efc8908cf7aafee80feffd12bcfdd491381d5991ec6101f
378824c72e17b0be38f94759ec47420d6cedbddb942f1d87c902b6546093421c,MITDB_P209,209,70000000,0,20260928,MODEL_V2_TCN_MEAN,0,-4.982514381408691,0.006810104474425316,4,V2-004-D2-TCNMEAN-F00-S20260928,f219483150b0da6c9efc8908cf7aafee80feffd12bcfdd491381d5991ec6101f
378987b7f179d764d8c3eafafd38522393879680a85cad799807a4c8caee2f52,MITDB_P209,209,1320000000,0,20260928,MODEL_V2_TCN_MEAN,1,-4.5421576499938965,0.010538165457546711,4,V2-004-D2-TCNMEAN-F00-S20260928,f219483150b0da6c9efc8908cf7aafee80feffd12bcfdd491381d5991ec6101f
37b3b4eaae985c8890c385efbd836253592dd263b8a20c2dc9f2b83fbeca0d4d,MITDB_P124,124,655000000,0,20260928,MODEL_V2_TCN_MEAN,0,-6.06241512298584,0.002323359251022339,4,V2-004-D2-TCNMEAN-F00-S20260928,f219483150b0da6c9efc8908cf7aafee80feffd12bcfdd491381d5991ec6101f
37b8933c23a03a30e9393a463dd4b16ddbccd79656a8d7308ec93fab59f366a8,MITDB_P105,105,495000000,0,20260928,MODEL_V2_TCN_MEAN,0,-5.41624641418457,0.0044241356663405895,4,V2-004-D2-TCNMEAN-F00-S20260928,f219483150b0da6c9efc8908cf7aafee80feffd12bcfdd491381d5991ec6101f
37cfb7175634da1db86a36adea694db0f0c6ed0314544c04275daca3bbc0ec92,MITDB_P105,105,180000000,0,20260928,MODEL_V2_TCN_MEAN,0,-5.135932922363281,0.005847171414643526,4,V2-004-D2-TCNMEAN-F00-S20260928,f219483150b0da6c9efc8908cf7aafee80feffd12bcfdd491381d5991ec6101f
37dbd2e576fe61a87968d101f908e1be2035842fc4182e1d8f47c290b1f3de90,MITDB_P212,212,1260000000,0,20260928,MODEL_V2_TCN_MEAN,0,-4.591985702514648,0.010031075216829777,4,V2-004-D2-TCNMEAN-F00-S20260928,f219483150b0da6c9efc8908cf7aafee80feffd12bcfdd491381d5991ec6101f
3800945948efe12fb08335c472f1ae321ebc1f688602a37dd64cd2c10a6d6412,MITDB_P209,209,1235000000,0,20260928,MODEL_V2_TCN_MEAN,1,-3.0705878734588623,0.04433691129088402,4,V2-004-D2-TCNMEAN-F00-S20260928,f219483150b0da6c9efc8908cf7aafee80feffd12bcfdd491381d5991ec6101f
3841a80c58052495765468bd2d7c00ba5862da3df7a5637fe0e5a725ec8f4850,MITDB_P212,212,1225000000,0,20260928,MODEL_V2_TCN_MEAN,0,-4.550747871398926,0.010448970831930637,4,V2-004-D2-TCNMEAN-F00-S20260928,f219483150b0da6c9efc8908cf7aafee80feffd12bcfdd491381d5991ec6101f
3866b18c3418c4fde949f6755714b079799527edb638e182cc2d2974303216a0,MITDB_P209,209,875000000,0,20260928,MODEL_V2_TCN_MEAN,1,-0.035056859254837036,0.49123668670654297,4,V2-004-D2-TCNMEAN-F00-S20260928,f219483150b0da6c9efc8908cf7aafee80feffd12bcfdd491381d5991ec6101f
38753c42c4c699dbd9b3033d23a60109394dba58368d3860910c7e02b0cde4f4,MITDB_P203,203,1140000000,0,20260928,MODEL_V2_TCN_MEAN,1,6.144975185394287,0.9978603720664978,4,V2-004-D2-TCNMEAN-F00-S20260928,f219483150b0da6c9efc8908cf7aafee80feffd12bcfdd491381d5991ec6101f
388dec0f3feb800e5046b7ddc60c5578b581b5828d803cfaf610e0af46f097c4,MITDB_P203,203,1120000000,0,20260928,MODEL_V2_TCN_MEAN,1,3.952364206314087,0.9811527729034424,4,V2-004-D2-TCNMEAN-F00-S20260928,f219483150b0da6c9efc8908cf7aafee80feffd12bcfdd491381d5991ec6101f
38b7abecfaa57fe0ede8381ffde78a7c91e8c45afd51c1f5236ec79311b678dd,MITDB_P124,124,870000000,0,20260928,MODEL_V2_TCN_MEAN,0,-5.914194107055664,0.0026935606729239225,4,V2-004-D2-TCNMEAN-F00-S20260928,f219483150b0da6c9efc8908cf7aafee80feffd12bcfdd491381d5991ec6101f
38c6b1b50a1a12099b24d3e186c189f7e7d6529021019aa4b9bae8b998a77eae,MITDB_P222,222,110000000,0,20260928,MODEL_V2_TCN_MEAN,0,-1.6007355451583862,0.16787883639335632,4,V2-004-D2-TCNMEAN-F00-S20260928,f219483150b0da6c9efc8908cf7aafee80feffd12bcfdd491381d5991ec6101f
38db6b9e7c4411a58cb0ae0cc8e1c1b5a494285b5a6ba748a27afb6d2eefe93e,MITDB_P222,222,515000000,0,20260928,MODEL_V2_TCN_MEAN,0,-5.086499214172363,0.00614166259765625,4,V2-004-D2-TCNMEAN-F00-S20260928,f219483150b0da6c9efc8908cf7aafee80feffd12bcfdd491381d5991ec6101f
39006b627b8c6d297933c03eefe8d5cdacafc4d4145cdb8bdfe95071c3c0899e,MITDB_P203,203,460000000,0,20260928,MODEL_V2_TCN_MEAN,1,6.369032859802246,0.9982890486717224,4,V2-004-D2-TCNMEAN-F00-S20260928,f219483150b0da6c9efc8908cf7aafee80feffd12bcfdd491381d5991ec6101f
391839a4d5fe0b54e756ea601557f989d5199faf9aeb23983e1cf9311197517c,MITDB_P124,124,935000000,0,20260928,MODEL_V2_TCN_MEAN,0,-6.125814437866211,0.002180943265557289,4,V2-004-D2-TCNMEAN-F00-S20260928,f219483150b0da6c9efc8908cf7aafee80feffd12bcfdd491381d5991ec6101f
392a26735dd73b652ceaf12ffb1c76f7cf0a328866b1a4354a7b7238c7d8c86e,MITDB_P203,203,1355000000,0,20260928,MODEL_V2_TCN_MEAN,1,5.597076416015625,0.996304988861084,4,V2-004-D2-TCNMEAN-F00-S20260928,f219483150b0da6c9efc8908cf7aafee80feffd12bcfdd491381d5991ec6101f
3941da0e40a9ee14bcd004ee903dc2f9c09fcc62784aac0a281ac24d0ec9de61,MITDB_P203,203,385000000,0,20260928,MODEL_V2_TCN_MEAN,1,6.288880348205566,0.998146653175354,4,V2-004-D2-TCNMEAN-F00-S20260928,f219483150b0da6c9efc8908cf7aafee80feffd12bcfdd491381d5991ec6101f
3974146da25506f8db9084ce6775c4943fa0a33a3e4e07874fb4f710de579f18,MITDB_P209,209,185000000,0,20260928,MODEL_V2_TCN_MEAN,0,-5.4038405418396,0.00447911536321044,4,V2-004-D2-TCNMEAN-F00-S20260928,f219483150b0da6c9efc8908cf7aafee80feffd12bcfdd491381d5991ec6101f
39835ab85a4731305cc076670f82ff273f124e3e394fbc7952d6c8bfa5b0c6db,MITDB_P124,124,1380000000,0,20260928,MODEL_V2_TCN_MEAN,0,-5.995552062988281,0.002483618212863803,4,V2-004-D2-TCNMEAN-F00-S20260928,f219483150b0da6c9efc8908cf7aafee80feffd12bcfdd491381d5991ec6101f
39edbe5e7ec1e82340bfcb5fc8dd505680ad32d7333efb9466e1d3f2603579e0,MITDB_P212,212,1090000000,0,20260928,MODEL_V2_TCN_MEAN,0,-2.19522762298584,0.10017987340688705,4,V2-004-D2-TCNMEAN-F00-S20260928,f219483150b0da6c9efc8908cf7aafee80feffd12bcfdd491381d5991ec6101f
3a0a344f0165f6871194bfbed4d5fb0c49771f8aae8f1777b7e2deb9158e433f,MITDB_P124,124,560000000,0,20260928,MODEL_V2_TCN_MEAN,0,-2.6741714477539062,0.06451474875211716,4,V2-004-D2-TCNMEAN-F00-S20260928,f219483150b0da6c9efc8908cf7aafee80feffd12bcfdd491381d5991ec6101f
3a4485bed952b90886a773bf2016ba9405635068bb206de7cf6d7ffaef0ee7f9,MITDB_P222,222,455000000,0,20260928,MODEL_V2_TCN_MEAN,0,-7.011044979095459,0.0009010530193336308,4,V2-004-D2-TCNMEAN-F00-S20260928,f219483150b0da6c9efc8908cf7aafee80feffd12bcfdd491381d5991ec6101f
3abbcf961a5168fd820bc82c34d58166492e19808aa4a77fe843226d1e5ca15d,MITDB_P222,222,1540000000,0,20260928,MODEL_V2_TCN_MEAN,1,-0.4091011583805084,0.39912766218185425,4,V2-004-D2-TCNMEAN-F00-S20260928,f219483150b0da6c9efc8908cf7aafee80feffd12bcfdd491381d5991ec6101f
3aea1323bc9b62cea6226fe05e05cb91b0431ae11ae5c5705f7eab1f9d8070c7,MITDB_P124,124,890000000,0,20260928,MODEL_V2_TCN_MEAN,0,-3.465632677078247,0.03030606359243393,4,V2-004-D2-TCNMEAN-F00-S20260928,f219483150b0da6c9efc8908cf7aafee80feffd12bcfdd491381d5991ec6101f
3af6094c6aee830a0bc21454437eb5f085467a8b62bea011b3b2dda12c285900,MITDB_P212,212,645000000,0,20260928,MODEL_V2_TCN_MEAN,0,-1.1887842416763306,0.2334764450788498,4,V2-004-D2-TCNMEAN-F00-S20260928,f219483150b0da6c9efc8908cf7aafee80feffd12bcfdd491381d5991ec6101f
3b05688c34c898925b536581ba2ce1ab65222f035ae6b8aad756738d50dbf237,MITDB_P124,124,760000000,0,20260928,MODEL_V2_TCN_MEAN,0,-5.850069999694824,0.0028714286163449287,4,V2-004-D2-TCNMEAN-F00-S20260928,f219483150b0da6c9efc8908cf7aafee80feffd12bcfdd491381d5991ec6101f
3b4c8cffb5eb1cebf863e12698565bffc6002f437e1e723dc69f246aebd130f6,MITDB_P209,209,1800000000,0,20260928,MODEL_V2_TCN_MEAN,1,-5.111863136291504,0.005988765973597765,4,V2-004-D2-TCNMEAN-F00-S20260928,f219483150b0da6c9efc8908cf7aafee80feffd12bcfdd491381d5991ec6101f
3b4fa0e7a3bdc3565810ec263140e8324244fff90ab74d0f7caa2b6908e8572f,MITDB_P105,105,520000000,0,20260928,MODEL_V2_TCN_MEAN,0,-5.334863662719727,0.004797440953552723,4,V2-004-D2-TCNMEAN-F00-S20260928,f219483150b0da6c9efc8908cf7aafee80feffd12bcfdd491381d5991ec6101f
3b532cf16f2887af41f6802b99a23b3593296d28ca1ff3a606885ced4301cb8d,MITDB_P105,105,1385000000,0,20260928,MODEL_V2_TCN_MEAN,0,-2.1917216777801514,0.10049635171890259,4,V2-004-D2-TCNMEAN-F00-S20260928,f219483150b0da6c9efc8908cf7aafee80feffd12bcfdd491381d5991ec6101f
3b6284be202e00e52424e62439c65ec829bf6c3cda551ab3d5aa826ff1384337,MITDB_P124,124,110000000,0,20260928,MODEL_V2_TCN_MEAN,0,-0.0633106529712677,0.4841776490211487,4,V2-004-D2-TCNMEAN-F00-S20260928,f219483150b0da6c9efc8908cf7aafee80feffd12bcfdd491381d5991ec6101f
3bc5d48de729bf1a0d540c63e7a7e31ced491395f161b232b9a222ca6fe79ed7,MITDB_P209,209,1325000000,0,20260928,MODEL_V2_TCN_MEAN,1,-6.20346212387085,0.002018334809690714,4,V2-004-D2-TCNMEAN-F00-S20260928,f219483150b0da6c9efc8908cf7aafee80feffd12bcfdd491381d5991ec6101f
3be71c214c42cd94cf20a850c4168e3fc4113e0206c03cf9938074abe2391a78,MITDB_P212,212,1025000000,0,20260928,MODEL_V2_TCN_MEAN,0,-2.6123456954956055,0.06834808737039566,4,V2-004-D2-TCNMEAN-F00-S20260928,f219483150b0da6c9efc8908cf7aafee80feffd12bcfdd491381d5991ec6101f
3c49d591000836e00581b5506d1bc5146a23d4920fb6ce796cbcaf65f56878e2,MITDB_P203,203,1105000000,0,20260928,MODEL_V2_TCN_MEAN,1,5.854062080383301,0.9971400499343872,4,V2-004-D2-TCNMEAN-F00-S20260928,f219483150b0da6c9efc8908cf7aafee80feffd12bcfdd491381d5991ec6101f
3c4e87b7396b9d18e415763687bd60b66fbac83f602e955ee3129f9a5da3795f,MITDB_P212,212,540000000,0,20260928,MODEL_V2_TCN_MEAN,0,-5.78839635848999,0.0030535373371094465,4,V2-004-D2-TCNMEAN-F00-S20260928,f219483150b0da6c9efc8908cf7aafee80feffd12bcfdd491381d5991ec6101f
3c5e7580ae9034e991b941d30fee0781b0cbfa6478c33f2010d7c413b5488f0e,MITDB_P209,209,1265000000,0,20260928,MODEL_V2_TCN_MEAN,0,-4.892226219177246,0.0074487957172095776,4,V2-004-D2-TCNMEAN-F00-S20260928,f219483150b0da6c9efc8908cf7aafee80feffd12bcfdd491381d5991ec6101f
3c93e07625856f86c1776619f78d90d9cc0b044eef55b71c5f86e0705e63d174,MITDB_P222,222,1030000000,0,20260928,MODEL_V2_TCN_MEAN,0,1.4046293497085571,0.80291748046875,4,V2-004-D2-TCNMEAN-F00-S20260928,f219483150b0da6c9efc8908cf7aafee80feffd12bcfdd491381d5991ec6101f
3cb1e3d1c0763cacb1c7b374b98522b95f193df1cef68d291cde77dc7ba09013,MITDB_P209,209,285000000,0,20260928,MODEL_V2_TCN_MEAN,0,-0.9965676069259644,0.2696168124675751,4,V2-004-D2-TCNMEAN-F00-S20260928,f219483150b0da6c9efc8908cf7aafee80feffd12bcfdd491381d5991ec6101f
3cba246acb7a2df8e58adb29958e907a56668a7803089a4bdc84bb28d04acadb,MITDB_P105,105,250000000,0,20260928,MODEL_V2_TCN_MEAN,0,-4.662637710571289,0.009353216737508774,4,V2-004-D2-TCNMEAN-F00-S20260928,f219483150b0da6c9efc8908cf7aafee80feffd12bcfdd491381d5991ec6101f
3cf18f1d546ba914fd5e8d1fad9441d8468afc77bd846de16cff50d518926a73,MITDB_P222,222,1290000000,0,20260928,MODEL_V2_TCN_MEAN,1,2.938342332839966,0.9497095942497253,4,V2-004-D2-TCNMEAN-F00-S20260928,f219483150b0da6c9efc8908cf7aafee80feffd12bcfdd491381d5991ec6101f
3cfdcd2c48b22afee21e09129eb515639eac5c46c81e6c58adb84cc05faaf9f9,MITDB_P222,222,65000000,0,20260928,MODEL_V2_TCN_MEAN,0,-6.304657459259033,0.0018244375241920352,4,V2-004-D2-TCNMEAN-F00-S20260928,f219483150b0da6c9efc8908cf7aafee80feffd12bcfdd491381d5991ec6101f
3d00f54ec6c14c3dd521b89b52928e7b83a3df4a4d801d96ec27ebad1e88803e,MITDB_P212,212,1365000000,0,20260928,MODEL_V2_TCN_MEAN,0,-8.318937301635742,0.00024379542446695268,4,V2-004-D2-TCNMEAN-F00-S20260928,f219483150b0da6c9efc8908cf7aafee80feffd12bcfdd491381d5991ec6101f
3d0557fcb2081b209167499d4d6d0553fa064bd61e1c0cce6ca34da4abedcf70,MITDB_P105,105,165000000,0,20260928,MODEL_V2_TCN_MEAN,1,-0.38324686884880066,0.40534403920173645,4,V2-004-D2-TCNMEAN-F00-S20260928,f219483150b0da6c9efc8908cf7aafee80feffd12bcfdd491381d5991ec6101f
3d1bb5d9b0fd2673cf121a3e181084e9a47c1e2055366113ba6b79c7c6df4f4e,MITDB_P105,105,915000000,0,20260928,MODEL_V2_TCN_MEAN,0,-5.403101921081543,0.004482409916818142,4,V2-004-D2-TCNMEAN-F00-S20260928,f219483150b0da6c9efc8908cf7aafee80feffd12bcfdd491381d5991ec6101f
3d1e4756ad40ae7db4dd8e1aefe39e11f1aee430935470dc87a1e94d0c780d04,MITDB_P209,209,960000000,0,20260928,MODEL_V2_TCN_MEAN,1,-5.689164638519287,0.003371015191078186,4,V2-004-D2-TCNMEAN-F00-S20260928,f219483150b0da6c9efc8908cf7aafee80feffd12bcfdd491381d5991ec6101f
3d307850d6d9f7148912f39e672cdb504b220d067b29b2ce2c5928a9639c4ebf,MITDB_P222,222,245000000,0,20260928,MODEL_V2_TCN_MEAN,0,-3.3461661338806152,0.034020934253931046,4,V2-004-D2-TCNMEAN-F00-S20260928,f219483150b0da6c9efc8908cf7aafee80feffd12bcfdd491381d5991ec6101f
3dfcf6b8527b83f1a2985540f9042d5348cef45a3c3bb8290a3544997d0735e6,MITDB_P222,222,480000000,0,20260928,MODEL_V2_TCN_MEAN,0,-3.5880813598632812,0.026907308027148247,4,V2-004-D2-TCNMEAN-F00-S20260928,f219483150b0da6c9efc8908cf7aafee80feffd12bcfdd491381d5991ec6101f
3e179d0ed1c9a077bbcd11b8a99cb9c91bff518669b886b72e90cbc6da26ff8c,MITDB_P203,203,1445000000,0,20260928,MODEL_V2_TCN_MEAN,1,8.841499328613281,0.9998553991317749,4,V2-004-D2-TCNMEAN-F00-S20260928,f219483150b0da6c9efc8908cf7aafee80feffd12bcfdd491381d5991ec6101f
3e25a8c3bf10d42bf3485d990092bae951cfd093402da307525252886cbb163b,MITDB_P209,209,250000000,0,20260928,MODEL_V2_TCN_MEAN,0,1.26249098777771,0.7794546484947205,4,V2-004-D2-TCNMEAN-F00-S20260928,f219483150b0da6c9efc8908cf7aafee80feffd12bcfdd491381d5991ec6101f
3e58010def20ff0c9d273d711c78299d41b3fbc0981077096ef548a24939b1d0,MITDB_P212,212,480000000,0,20260928,MODEL_V2_TCN_MEAN,0,-3.4734292030334473,0.030077779665589333,4,V2-004-D2-TCNMEAN-F00-S20260928,f219483150b0da6c9efc8908cf7aafee80feffd12bcfdd491381d5991ec6101f
3e5db27406b971437fb21224a619d84f75a940835d029db6f0b274ab4a364bda,MITDB_P209,209,1720000000,0,20260928,MODEL_V2_TCN_MEAN,1,-1.7134339809417725,0.15271884202957153,4,V2-004-D2-TCNMEAN-F00-S20260928,f219483150b0da6c9efc8908cf7aafee80feffd12bcfdd491381d5991ec6101f
3e6cbdf439507bf4b90ccdc63b597a098809c295d959a55a5b392b51bd8b1f73,MITDB_P222,222,1445000000,0,20260928,MODEL_V2_TCN_MEAN,1,3.107959032058716,0.9572198987007141,4,V2-004-D2-TCNMEAN-F00-S20260928,f219483150b0da6c9efc8908cf7aafee80feffd12bcfdd491381d5991ec6101f
3e7487c147fc1460a166f60578f6a90d36617358e78b81493f7b961113571fd4,MITDB_P203,203,450000000,0,20260928,MODEL_V2_TCN_MEAN,1,7.607014179229736,0.9995032548904419,4,V2-004-D2-TCNMEAN-F00-S20260928,f219483150b0da6c9efc8908cf7aafee80feffd12bcfdd491381d5991ec6101f
3e9728a7bbaa3a00ef6f103b955d599154d55ebb212ebcd458b816a9fcee3282,MITDB_P124,124,105000000,0,20260928,MODEL_V2_TCN_MEAN,0,-0.8505420684814453,0.29931914806365967,4,V2-004-D2-TCNMEAN-F00-S20260928,f219483150b0da6c9efc8908cf7aafee80feffd12bcfdd491381d5991ec6101f
3ed8fc08779c65a5014989644ad18eb7516f12d6c4c867eec7aab976fe0cce95,MITDB_P222,222,1330000000,0,20260928,MODEL_V2_TCN_MEAN,1,3.282783031463623,0.9638334512710571,4,V2-004-D2-TCNMEAN-F00-S20260928,f219483150b0da6c9efc8908cf7aafee80feffd12bcfdd491381d5991ec6101f
3ee888bdb23cc004bede5243841bb5752694955ebfa8cc2fce461a7c650ceb70,MITDB_P222,222,1520000000,0,20260928,MODEL_V2_TCN_MEAN,0,-4.153149127960205,0.015471714548766613,4,V2-004-D2-TCNMEAN-F00-S20260928,f219483150b0da6c9efc8908cf7aafee80feffd12bcfdd491381d5991ec6101f
3efd7b11ab4569b7c26f8bca34aff464590176fe67d1a8317c65e5594eba4577,MITDB_P222,222,1180000000,0,20260928,MODEL_V2_TCN_MEAN,1,3.1367318630218506,0.9583827257156372,4,V2-004-D2-TCNMEAN-F00-S20260928,f219483150b0da6c9efc8908cf7aafee80feffd12bcfdd491381d5991ec6101f
3f141d1fb674cf5b7a9b9024a7f0f23acaeb5a2ec1b7754b6adb281763b5bd1b,MITDB_P212,212,1335000000,0,20260928,MODEL_V2_TCN_MEAN,0,-5.615945816040039,0.0036261691711843014,4,V2-004-D2-TCNMEAN-F00-S20260928,f219483150b0da6c9efc8908cf7aafee80feffd12bcfdd491381d5991ec6101f
3f24d85c19a0a0ca729f94e85e368e0031ef10d1cbaf78770a39cd71636cd439,MITDB_P212,212,835000000,0,20260928,MODEL_V2_TCN_MEAN,0,-2.9990739822387695,0.04746772348880768,4,V2-004-D2-TCNMEAN-F00-S20260928,f219483150b0da6c9efc8908cf7aafee80feffd12bcfdd491381d5991ec6101f
3f4ff7b21a592071e91b0edd6ca9055327b7f6ffd63815e6637f0db97de17230,MITDB_P124,124,125000000,0,20260928,MODEL_V2_TCN_MEAN,0,-1.2771090269088745,0.21804273128509521,4,V2-004-D2-TCNMEAN-F00-S20260928,f219483150b0da6c9efc8908cf7aafee80feffd12bcfdd491381d5991ec6101f
3f58f58ce9d748fe71d43386ef9dd2cc3edfd45e76e29e764cd2d5cf289fe62c,MITDB_P209,209,180000000,0,20260928,MODEL_V2_TCN_MEAN,0,-4.034156799316406,0.017392737790942192,4,V2-004-D2-TCNMEAN-F00-S20260928,f219483150b0da6c9efc8908cf7aafee80feffd12bcfdd491381d5991ec6101f
3f8b2e86e982b77c65dda15b3f18a16fbd1ca4502ce73e108db63ec80cc56741,MITDB_P124,124,475000000,0,20260928,MODEL_V2_TCN_MEAN,0,-2.126720428466797,0.10652673244476318,4,V2-004-D2-TCNMEAN-F00-S20260928,f219483150b0da6c9efc8908cf7aafee80feffd12bcfdd491381d5991ec6101f
3f9413ed3f30d20063fd6189f0a3202e64ef7f912f18c575480375b1cb4f3391,MITDB_P105,105,1785000000,0,20260928,MODEL_V2_TCN_MEAN,0,-4.489553451538086,0.011101039126515388,4,V2-004-D2-TCNMEAN-F00-S20260928,f219483150b0da6c9efc8908cf7aafee80feffd12bcfdd491381d5991ec6101f
3fa81cba289d3200ff8a7b0a7d0c6ca9e1b39ae2b0b99807a243131cdb02f143,MITDB_P105,105,1680000000,0,20260928,MODEL_V2_TCN_MEAN,0,-3.0996880531311035,0.0431201234459877,4,V2-004-D2-TCNMEAN-F00-S20260928,f219483150b0da6c9efc8908cf7aafee80feffd12bcfdd491381d5991ec6101f
3fb1d4b42859278d4dbcd26b7f103064690696db68697f7184de1d5173a34bf5,MITDB_P105,105,810000000,0,20260928,MODEL_V2_TCN_MEAN,0,-5.68852424621582,0.0033731672447174788,4,V2-004-D2-TCNMEAN-F00-S20260928,f219483150b0da6c9efc8908cf7aafee80feffd12bcfdd491381d5991ec6101f
3fc6be2b017c71bd5f82758ba545a5a87b420c438595e5cdf062fd6f4c4b09f8,MITDB_P124,124,940000000,0,20260928,MODEL_V2_TCN_MEAN,0,-3.434096574783325,0.031246688216924667,4,V2-004-D2-TCNMEAN-F00-S20260928,f219483150b0da6c9efc8908cf7aafee80feffd12bcfdd491381d5991ec6101f
3fc799ec4e6002167dea9f96bce34703d8d098d44c9eac0f09a243f7b7de13b5,MITDB_P105,105,1795000000,0,20260928,MODEL_V2_TCN_MEAN,0,-4.474694728851318,0.0112653449177742,4,V2-004-D2-TCNMEAN-F00-S20260928,f219483150b0da6c9efc8908cf7aafee80feffd12bcfdd491381d5991ec6101f
401ba4eb700b78a0d4b8c0b86b2a7deec66c559a1e596ea62eae1819597ee9cb,MITDB_P105,105,330000000,0,20260928,MODEL_V2_TCN_MEAN,1,-1.4846769571304321,0.18472203612327576,4,V2-004-D2-TCNMEAN-F00-S20260928,f219483150b0da6c9efc8908cf7aafee80feffd12bcfdd491381d5991ec6101f
4052bac17c244c112a7c7f4d6969fef119dec6a581ebcb76f939799813594fdb,MITDB_P209,209,805000000,0,20260928,MODEL_V2_TCN_MEAN,1,-0.22816434502601624,0.4432050585746765,4,V2-004-D2-TCNMEAN-F00-S20260928,f219483150b0da6c9efc8908cf7aafee80feffd12bcfdd491381d5991ec6101f
4053bf814ff894720f488b347344425e39a6d929e9fc1b6bae1b62cbf502c720,MITDB_P203,203,380000000,0,20260928,MODEL_V2_TCN_MEAN,1,6.961489677429199,0.9990531802177429,4,V2-004-D2-TCNMEAN-F00-S20260928,f219483150b0da6c9efc8908cf7aafee80feffd12bcfdd491381d5991ec6101f
4055589962211a45291a80a74bb4f6d9022bfa793384c41572431f0ab1d604a3,MITDB_P212,212,1590000000,0,20260928,MODEL_V2_TCN_MEAN,0,-5.859864234924316,0.0028435220010578632,4,V2-004-D2-TCNMEAN-F00-S20260928,f219483150b0da6c9efc8908cf7aafee80feffd12bcfdd491381d5991ec6101f
40aa29e601bc18c41a0c2e988aad6e2345e0216610498bba8956a95a7b7f0651,MITDB_P105,105,1485000000,0,20260928,MODEL_V2_TCN_MEAN,0,-2.2036752700805664,0.0994209349155426,4,V2-004-D2-TCNMEAN-F00-S20260928,f219483150b0da6c9efc8908cf7aafee80feffd12bcfdd491381d5991ec6101f
40eb13a3cc6ef3a5517f21485faf63154fe5c67cbd761cabd867f8fc1532c674,MITDB_P105,105,1010000000,0,20260928,MODEL_V2_TCN_MEAN,0,-2.2777810096740723,0.09297992289066315,4,V2-004-D2-TCNMEAN-F00-S20260928,f219483150b0da6c9efc8908cf7aafee80feffd12bcfdd491381d5991ec6101f
4104e502f69f310ffa0ab9fbedb186fe329a98cd937e9c5474788da0ad96557e,MITDB_P212,212,750000000,0,20260928,MODEL_V2_TCN_MEAN,0,-1.4374109506607056,0.1919466108083725,4,V2-004-D2-TCNMEAN-F00-S20260928,f219483150b0da6c9efc8908cf7aafee80feffd12bcfdd491381d5991ec6101f
411b41a7117220805539404a7e7b75083cd842118210528848707ee972ce44fc,MITDB_P203,203,1285000000,0,20260928,MODEL_V2_TCN_MEAN,0,2.105217933654785,0.8914092779159546,4,V2-004-D2-TCNMEAN-F00-S20260928,f219483150b0da6c9efc8908cf7aafee80feffd12bcfdd491381d5991ec6101f
4127049d069d9ae0d3bf7ef7c9cca9c521c71fd422ec1551221af986ddc80787,MITDB_P124,124,1385000000,0,20260928,MODEL_V2_TCN_MEAN,0,-6.700859546661377,0.0012283436954021454,4,V2-004-D2-TCNMEAN-F00-S20260928,f219483150b0da6c9efc8908cf7aafee80feffd12bcfdd491381d5991ec6101f
41999662ed29dafc5c8ba3fe2502f0fcd5b5f668e6ff2c69f78e8087818374cc,MITDB_P105,105,320000000,0,20260928,MODEL_V2_TCN_MEAN,0,-5.729615211486816,0.0032378092873841524,4,V2-004-D2-TCNMEAN-F00-S20260928,f219483150b0da6c9efc8908cf7aafee80feffd12bcfdd491381d5991ec6101f
41a3d9ea958a9bf117b5e71fbd26705906994fa42730b3edd98584c6306ea4e2,MITDB_P105,105,1135000000,0,20260928,MODEL_V2_TCN_MEAN,0,-0.7291656732559204,0.32537785172462463,4,V2-004-D2-TCNMEAN-F00-S20260928,f219483150b0da6c9efc8908cf7aafee80feffd12bcfdd491381d5991ec6101f
41c1acfd66294c195a2400bcc600a85c8290e03f376106fc9309ff29251974d5,MITDB_P209,209,1375000000,0,20260928,MODEL_V2_TCN_MEAN,0,-5.512050628662109,0.004021580331027508,4,V2-004-D2-TCNMEAN-F00-S20260928,f219483150b0da6c9efc8908cf7aafee80feffd12bcfdd491381d5991ec6101f
41d22684b370977b0010d5098865afb72fc69659fd083c9de2d47ddc86824018,MITDB_P222,222,1050000000,0,20260928,MODEL_V2_TCN_MEAN,0,1.7808966636657715,0.8558076024055481,4,V2-004-D2-TCNMEAN-F00-S20260928,f219483150b0da6c9efc8908cf7aafee80feffd12bcfdd491381d5991ec6101f
41ed8f21092965f4202096f1666ca756c5a1b5cfee6a2e816be6f6ddb33c3055,MITDB_P222,222,1460000000,0,20260928,MODEL_V2_TCN_MEAN,1,2.7556674480438232,0.9402326345443726,4,V2-004-D2-TCNMEAN-F00-S20260928,f219483150b0da6c9efc8908cf7aafee80feffd12bcfdd491381d5991ec6101f
421d425d0a7367de6f3415e30fd597c5d4213a36fdb5f3a963ee8a936ca7be11,MITDB_P222,222,390000000,0,20260928,MODEL_V2_TCN_MEAN,0,-5.384489059448242,0.0045662373304367065,4,V2-004-D2-TCNMEAN-F00-S20260928,f219483150b0da6c9efc8908cf7aafee80feffd12bcfdd491381d5991ec6101f
4271a4bce90ea70afc84635293c0a41a45a699ef8c2c3e9ac7982c5f106aee52,MITDB_P212,212,470000000,0,20260928,MODEL_V2_TCN_MEAN,0,-1.9887038469314575,0.12039405852556229,4,V2-004-D2-TCNMEAN-F00-S20260928,f219483150b0da6c9efc8908cf7aafee80feffd12bcfdd491381d5991ec6101f
429a202d7879bfbeb29836963edca1c47c14e1879f7666948a51a21764cae0d2,MITDB_P212,212,1040000000,0,20260928,MODEL_V2_TCN_MEAN,0,-2.657163619995117,0.0655488520860672,4,V2-004-D2-TCNMEAN-F00-S20260928,f219483150b0da6c9efc8908cf7aafee80feffd12bcfdd491381d5991ec6101f
42bd78d592473eb5e3748cd648818682dfe56d8eb18be93f50f235bd914df456,MITDB_P212,212,725000000,0,20260928,MODEL_V2_TCN_MEAN,0,-5.532236576080322,0.0039415317587554455,4,V2-004-D2-TCNMEAN-F00-S20260928,f219483150b0da6c9efc8908cf7aafee80feffd12bcfdd491381d5991ec6101f
42c686a1893b20f37b6ffdb5d0cdf2d4d0a0742f391045094346fb77ba49992f,MITDB_P222,222,545000000,0,20260928,MODEL_V2_TCN_MEAN,1,4.09489631652832,0.9836154580116272,4,V2-004-D2-TCNMEAN-F00-S20260928,f219483150b0da6c9efc8908cf7aafee80feffd12bcfdd491381d5991ec6101f
42cbf4e33270e9734a2752365270e6b1f6f34aba1159b10d3db9c3efbf61b8fe,MITDB_P105,105,510000000,0,20260928,MODEL_V2_TCN_MEAN,0,-4.793679714202881,0.008213899098336697,4,V2-004-D2-TCNMEAN-F00-S20260928,f219483150b0da6c9efc8908cf7aafee80feffd12bcfdd491381d5991ec6101f
42ef1a6fa982915522fa27779ff449fd308863e1d177bf53eb528aacfbc8a7e8,MITDB_P209,209,1305000000,0,20260928,MODEL_V2_TCN_MEAN,1,-3.200113534927368,0.03916144743561745,4,V2-004-D2-TCNMEAN-F00-S20260928,f219483150b0da6c9efc8908cf7aafee80feffd12bcfdd491381d5991ec6101f
42fa9ab0efdc84ab7693e1d05c32e5ce7bda956bacdd28fccd181baa2f19d57a,MITDB_P209,209,910000000,0,20260928,MODEL_V2_TCN_MEAN,0,-4.197412014007568,0.014811749570071697,4,V2-004-D2-TCNMEAN-F00-S20260928,f219483150b0da6c9efc8908cf7aafee80feffd12bcfdd491381d5991ec6101f
42fed59cf8a3dc9f2ba86c594e0c1b6bb8969d917dd03811475c943103dabdb0,MITDB_P105,105,295000000,0,20260928,MODEL_V2_TCN_MEAN,0,-4.9785566329956055,0.006836926098912954,4,V2-004-D2-TCNMEAN-F00-S20260928,f219483150b0da6c9efc8908cf7aafee80feffd12bcfdd491381d5991ec6101f
430a80b059cd1b4be0bd504d3b0781fad29635380712210c81b45b5af7ef25e3,MITDB_P222,222,950000000,0,20260928,MODEL_V2_TCN_MEAN,0,0.4167833626270294,0.6027132868766785,4,V2-004-D2-TCNMEAN-F00-S20260928,f219483150b0da6c9efc8908cf7aafee80feffd12bcfdd491381d5991ec6101f
430fe05a6f37749129767e4a9e8144a89738c836cbfd20ff07c686fb1fa10a99,MITDB_P209,209,1520000000,0,20260928,MODEL_V2_TCN_MEAN,1,-6.096895217895508,0.002244791714474559,4,V2-004-D2-TCNMEAN-F00-S20260928,f219483150b0da6c9efc8908cf7aafee80feffd12bcfdd491381d5991ec6101f
433f16611e59843a4a634f12adac1015d45480eead5d3f2ba51cc40546eb5e62,MITDB_P209,209,1775000000,0,20260928,MODEL_V2_TCN_MEAN,0,-6.602779865264893,0.0013547538546845317,4,V2-004-D2-TCNMEAN-F00-S20260928,f219483150b0da6c9efc8908cf7aafee80feffd12bcfdd491381d5991ec6101f
435f081411f92f2e5126681c121c53d15c67a53e12a3aa5de5ead7ad73855c3b,MITDB_P203,203,1065000000,0,20260928,MODEL_V2_TCN_MEAN,1,5.199374675750732,0.994510293006897,4,V2-004-D2-TCNMEAN-F00-S20260928,f219483150b0da6c9efc8908cf7aafee80feffd12bcfdd491381d5991ec6101f
43624c092ce513d011c3144dbe916b3b3c549a36260fdb9b812669ca224a1141,MITDB_P203,203,935000000,0,20260928,MODEL_V2_TCN_MEAN,0,3.6151340007781982,0.9737920761108398,4,V2-004-D2-TCNMEAN-F00-S20260928,f219483150b0da6c9efc8908cf7aafee80feffd12bcfdd491381d5991ec6101f
436426adcc7a457614eb978eadcebbe830ce80a971417917e1c659dddd0bf4c9,MITDB_P124,124,1095000000,0,20260928,MODEL_V2_TCN_MEAN,0,-1.847213625907898,0.13620038330554962,4,V2-004-D2-TCNMEAN-F00-S20260928,f219483150b0da6c9efc8908cf7aafee80feffd12bcfdd491381d5991ec6101f
436743ae18eaf0c1db2d3584248fd4bfef866d8db3e80ddd29e86df470d0840f,MITDB_P124,124,525000000,0,20260928,MODEL_V2_TCN_MEAN,0,-3.238854169845581,0.037729471921920776,4,V2-004-D2-TCNMEAN-F00-S20260928,f219483150b0da6c9efc8908cf7aafee80feffd12bcfdd491381d5991ec6101f
436ce88cfdb0ec6bdca691f8101b107ef93b90471b00926c03baf4990c8c93cb,MITDB_P124,124,1580000000,0,20260928,MODEL_V2_TCN_MEAN,1,-2.92014479637146,0.05116667225956917,4,V2-004-D2-TCNMEAN-F00-S20260928,f219483150b0da6c9efc8908cf7aafee80feffd12bcfdd491381d5991ec6101f
43a134d16473c780a88566839088ce664d046c63292a97b391a9ad60270c0958,MITDB_P203,203,1615000000,0,20260928,MODEL_V2_TCN_MEAN,1,6.864655494689941,0.9989570379257202,4,V2-004-D2-TCNMEAN-F00-S20260928,f219483150b0da6c9efc8908cf7aafee80feffd12bcfdd491381d5991ec6101f
43a2f61dc8f81fa95fa8b6032fa94c682b439a1cd13327a9ab489152583237e0,MITDB_P124,124,1175000000,0,20260928,MODEL_V2_TCN_MEAN,0,-6.218514919281006,0.0019882405176758766,4,V2-004-D2-TCNMEAN-F00-S20260928,f219483150b0da6c9efc8908cf7aafee80feffd12bcfdd491381d5991ec6101f
43a7184b9b15541bac24c4dc531259621e4288f6e182fd13957df5cd542bb3d5,MITDB_P124,124,355000000,0,20260928,MODEL_V2_TCN_MEAN,0,-7.165700912475586,0.0007720407447777689,4,V2-004-D2-TCNMEAN-F00-S20260928,f219483150b0da6c9efc8908cf7aafee80feffd12bcfdd491381d5991ec6101f
43b7220f1ae29ee77acfe26ea32d8e30971f8848eae65981f7501d4c3752d429,MITDB_P212,212,1475000000,0,20260928,MODEL_V2_TCN_MEAN,0,-8.621537208557129,0.0001801506004994735,4,V2-004-D2-TCNMEAN-F00-S20260928,f219483150b0da6c9efc8908cf7aafee80feffd12bcfdd491381d5991ec6101f
43d9bbb2c3b9b0758b579dc35f3cccc4568d00305e93828aaa60faef664f8598,MITDB_P124,124,835000000,0,20260928,MODEL_V2_TCN_MEAN,0,-5.597099304199219,0.003694902639836073,4,V2-004-D2-TCNMEAN-F00-S20260928,f219483150b0da6c9efc8908cf7aafee80feffd12bcfdd491381d5991ec6101f
43e472247b16234ba730d8d9f24dc83f37f648242f69dbc13a3d50a8ffd084cd,MITDB_P222,222,1670000000,0,20260928,MODEL_V2_TCN_MEAN,0,0.8005194664001465,0.6900855898857117,4,V2-004-D2-TCNMEAN-F00-S20260928,f219483150b0da6c9efc8908cf7aafee80feffd12bcfdd491381d5991ec6101f
43f1ce6b8235e0ed6ad75c2f44a423889b6e9161e67eff9ab4273fff12b3343d,MITDB_P222,222,1170000000,0,20260928,MODEL_V2_TCN_MEAN,1,4.670042991638184,0.9907151460647583,4,V2-004-D2-TCNMEAN-F00-S20260928,f219483150b0da6c9efc8908cf7aafee80feffd12bcfdd491381d5991ec6101f
4445d2111d6eb16eefbbffc79855b75074a9d080928b42cfcd4d6208a0f50c75,MITDB_P222,222,870000000,0,20260928,MODEL_V2_TCN_MEAN,1,3.5273921489715576,0.9714572429656982,4,V2-004-D2-TCNMEAN-F00-S20260928,f219483150b0da6c9efc8908cf7aafee80feffd12bcfdd491381d5991ec6101f
446fdea528ca657d434676fe386ae923b35e9588eaec6cb0a6b6a4bfc909cf7f,MITDB_P124,124,470000000,0,20260928,MODEL_V2_TCN_MEAN,0,-4.161422252655029,0.015346200205385685,4,V2-004-D2-TCNMEAN-F00-S20260928,f219483150b0da6c9efc8908cf7aafee80feffd12bcfdd491381d5991ec6101f
4472ddd91fa35bf68ebcc6ad67d65430602588e1438352e206ea8a7290abe4ad,MITDB_P212,212,660000000,0,20260928,MODEL_V2_TCN_MEAN,0,-2.0813043117523193,0.11092726141214371,4,V2-004-D2-TCNMEAN-F00-S20260928,f219483150b0da6c9efc8908cf7aafee80feffd12bcfdd491381d5991ec6101f
4473a16c4c5018263b830ead066826814906deea27d2971157a61326a4a32c8d,MITDB_P212,212,1760000000,0,20260928,MODEL_V2_TCN_MEAN,0,-3.9089760780334473,0.019666500389575958,4,V2-004-D2-TCNMEAN-F00-S20260928,f219483150b0da6c9efc8908cf7aafee80feffd12bcfdd491381d5991ec6101f
4481cf82b9b51ecd3c3dcc406fff0fcc6ad26b5645e8b9af75ce2db70b0380bf,MITDB_P124,124,80000000,0,20260928,MODEL_V2_TCN_MEAN,0,-1.2277207374572754,0.22658059000968933,4,V2-004-D2-TCNMEAN-F00-S20260928,f219483150b0da6c9efc8908cf7aafee80feffd12bcfdd491381d5991ec6101f
4491ad5cb520b23f4200f1b72189af8732230eef266f241c1ed252ae59f75dc6,MITDB_P222,222,1195000000,0,20260928,MODEL_V2_TCN_MEAN,1,2.509049654006958,0.9247737526893616,4,V2-004-D2-TCNMEAN-F00-S20260928,f219483150b0da6c9efc8908cf7aafee80feffd12bcfdd491381d5991ec6101f
44b14015e4018cbb98a4e75f48779c0e947261e31d8d599299194bab379c4938,MITDB_P105,105,460000000,0,20260928,MODEL_V2_TCN_MEAN,1,-0.49671950936317444,0.3783119022846222,4,V2-004-D2-TCNMEAN-F00-S20260928,f219483150b0da6c9efc8908cf7aafee80feffd12bcfdd491381d5991ec6101f
44dc8510feda385d1dca1f21a534ca12b8823bf3a561dac43d65845840861560,MITDB_P105,105,1710000000,0,20260928,MODEL_V2_TCN_MEAN,0,-3.3925347328186035,0.03252958878874779,4,V2-004-D2-TCNMEAN-F00-S20260928,f219483150b0da6c9efc8908cf7aafee80feffd12bcfdd491381d5991ec6101f
44efaa49ab98801243fdab12a709c287d6b2a85bc3339d6c9432ac69b3eaec37,MITDB_P203,203,500000000,0,20260928,MODEL_V2_TCN_MEAN,1,3.357755184173584,0.9663578867912292,4,V2-004-D2-TCNMEAN-F00-S20260928,f219483150b0da6c9efc8908cf7aafee80feffd12bcfdd491381d5991ec6101f
45469a6ff0a0a94271de89e613025d1c1ab78984a02cc3fad872bd9ef4e3073c,MITDB_P222,222,1450000000,0,20260928,MODEL_V2_TCN_MEAN,1,3.0011401176452637,0.9526256322860718,4,V2-004-D2-TCNMEAN-F00-S20260928,f219483150b0da6c9efc8908cf7aafee80feffd12bcfdd491381d5991ec6101f
457867b7cb680cd131fc87cb87d4320fc87f3fde4c7bfa593540f40cdb465278,MITDB_P105,105,885000000,0,20260928,MODEL_V2_TCN_MEAN,0,-4.327546119689941,0.013027931563556194,4,V2-004-D2-TCNMEAN-F00-S20260928,f219483150b0da6c9efc8908cf7aafee80feffd12bcfdd491381d5991ec6101f
45b71b714e630930c000746c3f0e14edf8c963f81386c27c1bc378fa3796abc7,MITDB_P105,105,1110000000,0,20260928,MODEL_V2_TCN_MEAN,0,0.1885913908481598,0.5470086336135864,4,V2-004-D2-TCNMEAN-F00-S20260928,f219483150b0da6c9efc8908cf7aafee80feffd12bcfdd491381d5991ec6101f
45c8bf52b4086167d302566e3a57c9e1e1c93122f058a8adcf444d8052af09ac,MITDB_P209,209,1155000000,0,20260928,MODEL_V2_TCN_MEAN,1,-5.111153602600098,0.005992990918457508,4,V2-004-D2-TCNMEAN-F00-S20260928,f219483150b0da6c9efc8908cf7aafee80feffd12bcfdd491381d5991ec6101f
45cb7001b0cdfa9ae36662999713913f5733e49573d4b237115dc05076b464fb,MITDB_P212,212,325000000,0,20260928,MODEL_V2_TCN_MEAN,0,-5.8383588790893555,0.002905155997723341,4,V2-004-D2-TCNMEAN-F00-S20260928,f219483150b0da6c9efc8908cf7aafee80feffd12bcfdd491381d5991ec6101f
45d9e6a78945560040c4dc397ba79d089e136050abd7ed9a9d056f56e0f465a2,MITDB_P105,105,1330000000,0,20260928,MODEL_V2_TCN_MEAN,0,3.609854221343994,0.9736570119857788,4,V2-004-D2-TCNMEAN-F00-S20260928,f219483150b0da6c9efc8908cf7aafee80feffd12bcfdd491381d5991ec6101f
460ae2146c0678511d477fb9d9a7e5699f90c11a5a56758eab8d7ac633cc0443,MITDB_P209,209,1245000000,0,20260928,MODEL_V2_TCN_MEAN,0,-5.133279800415039,0.005862614139914513,4,V2-004-D2-TCNMEAN-F00-S20260928,f219483150b0da6c9efc8908cf7aafee80feffd12bcfdd491381d5991ec6101f
46595d42327f43e4b71e97d03ddedfa439cf4dee7d68c8da4895f033a76243e4,MITDB_P105,105,1080000000,0,20260928,MODEL_V2_TCN_MEAN,0,-4.433986663818359,0.011727908626198769,4,V2-004-D2-TCNMEAN-F00-S20260928,f219483150b0da6c9efc8908cf7aafee80feffd12bcfdd491381d5991ec6101f
469a6d6ab1127c804b8332d42634167e53027067e52efb0ffdb9d79878e2d2cd,MITDB_P203,203,665000000,0,20260928,MODEL_V2_TCN_MEAN,1,5.1051788330078125,0.9939712882041931,4,V2-004-D2-TCNMEAN-F00-S20260928,f219483150b0da6c9efc8908cf7aafee80feffd12bcfdd491381d5991ec6101f
469ed82860173ffaad0de6af78d50ceb0affa1b19f0b6b7eba8b05aaae7ddf5d,MITDB_P212,212,295000000,0,20260928,MODEL_V2_TCN_MEAN,0,-0.5102400779724121,0.3751372694969177,4,V2-004-D2-TCNMEAN-F00-S20260928,f219483150b0da6c9efc8908cf7aafee80feffd12bcfdd491381d5991ec6101f
46ed6a93bbb351fc4fbbd92e9c947c2f6b540c8185809942ad1ee86cbf080506,MITDB_P105,105,670000000,0,20260928,MODEL_V2_TCN_MEAN,1,-2.8210604190826416,0.0561966635286808,4,V2-004-D2-TCNMEAN-F00-S20260928,f219483150b0da6c9efc8908cf7aafee80feffd12bcfdd491381d5991ec6101f
46f3e51515e3dd60099c2f50f8d1ffc1d5b1adbdfcda412bf3bea8fd829cf704,MITDB_P212,212,1540000000,0,20260928,MODEL_V2_TCN_MEAN,0,-4.3084282875061035,0.01327605452388525,4,V2-004-D2-TCNMEAN-F00-S20260928,f219483150b0da6c9efc8908cf7aafee80feffd12bcfdd491381d5991ec6101f
46f57b551c1e2fe54110f03877d13d0f1212480045e7f94020b1dd06794230f3,MITDB_P124,124,1225000000,0,20260928,MODEL_V2_TCN_MEAN,1,-1.161882996559143,0.238325297832489,4,V2-004-D2-TCNMEAN-F00-S20260928,f219483150b0da6c9efc8908cf7aafee80feffd12bcfdd491381d5991ec6101f
472d248eee81315eecf1d9ccba71f0dec70047eae34b5b82ae86d3af04770532,MITDB_P222,222,1620000000,0,20260928,MODEL_V2_TCN_MEAN,0,0.9419059753417969,0.7194845080375671,4,V2-004-D2-TCNMEAN-F00-S20260928,f219483150b0da6c9efc8908cf7aafee80feffd12bcfdd491381d5991ec6101f
47310c1166c39527b4da52bfe5015dfdc8116e468e18ecf886a2eeabb27f44d1,MITDB_P105,105,610000000,0,20260928,MODEL_V2_TCN_MEAN,0,-6.092711448669434,0.0022541817743331194,4,V2-004-D2-TCNMEAN-F00-S20260928,f219483150b0da6c9efc8908cf7aafee80feffd12bcfdd491381d5991ec6101f
47339a0b93bf11af9dcf949579e5b4e3a22c6b5dc2f9c162a5d4428bc7efe1a6,MITDB_P124,124,300000000,0,20260928,MODEL_V2_TCN_MEAN,1,-6.136835098266602,0.0021570913959294558,4,V2-004-D2-TCNMEAN-F00-S20260928,f219483150b0da6c9efc8908cf7aafee80feffd12bcfdd491381d5991ec6101f
4746bf0a07454317df1e0018119e83b8d8333b145937e766981afb08f204b519,MITDB_P203,203,155000000,0,20260928,MODEL_V2_TCN_MEAN,0,0.43803855776786804,0.607791543006897,4,V2-004-D2-TCNMEAN-F00-S20260928,f219483150b0da6c9efc8908cf7aafee80feffd12bcfdd491381d5991ec6101f
477212261d90747acc23a26b1b0a959f86c64e6e2f7b01afe5b23a93c288cf35,MITDB_P124,124,1765000000,0,20260928,MODEL_V2_TCN_MEAN,0,-5.497926235198975,0.004078552592545748,4,V2-004-D2-TCNMEAN-F00-S20260928,f219483150b0da6c9efc8908cf7aafee80feffd12bcfdd491381d5991ec6101f
4777b32a05826080eccab452033401b1ca30dfdbdcf5ed57d316397f6f53eddb,MITDB_P209,209,730000000,0,20260928,MODEL_V2_TCN_MEAN,0,-4.934327125549316,0.0071438979357481,4,V2-004-D2-TCNMEAN-F00-S20260928,f219483150b0da6c9efc8908cf7aafee80feffd12bcfdd491381d5991ec6101f
4779a16acb6278940c41796f706e7ffa90def0a300931cff4f44ca5b2eefdb9b,MITDB_P222,222,675000000,0,20260928,MODEL_V2_TCN_MEAN,1,-2.706138849258423,0.06261208653450012,4,V2-004-D2-TCNMEAN-F00-S20260928,f219483150b0da6c9efc8908cf7aafee80feffd12bcfdd491381d5991ec6101f
479e1b41b51e2767d3acddfebcc7f81e4698bbeab6a85d0185ed6009541b3d51,MITDB_P203,203,105000000,0,20260928,MODEL_V2_TCN_MEAN,1,4.429941654205322,0.9882251024246216,4,V2-004-D2-TCNMEAN-F00-S20260928,f219483150b0da6c9efc8908cf7aafee80feffd12bcfdd491381d5991ec6101f
47aa9fff3081cc9b8a26ad4f0e4c7e5070b2a313a8da1f322fe47614fa4be4fc,MITDB_P105,105,860000000,0,20260928,MODEL_V2_TCN_MEAN,0,-1.9003461599349976,0.130069300532341,4,V2-004-D2-TCNMEAN-F00-S20260928,f219483150b0da6c9efc8908cf7aafee80feffd12bcfdd491381d5991ec6101f
47d59f982c9ca79e77e767f9d6a21a5566424c2440042fec790438d71c617b0a,MITDB_P222,222,1510000000,0,20260928,MODEL_V2_TCN_MEAN,0,1.0039700269699097,0.7318384051322937,4,V2-004-D2-TCNMEAN-F00-S20260928,f219483150b0da6c9efc8908cf7aafee80feffd12bcfdd491381d5991ec6101f
47da8a0f57461c6fee6d18158ccedd965d6b43fd1c551b56a9a8ea23c8f4a6f7,MITDB_P222,222,1740000000,0,20260928,MODEL_V2_TCN_MEAN,0,-0.3013758361339569,0.42522117495536804,4,V2-004-D2-TCNMEAN-F00-S20260928,f219483150b0da6c9efc8908cf7aafee80feffd12bcfdd491381d5991ec6101f
47f597b11555dea5a51b12e8922b7414a1dcf20a95128cc54b7c77d774e88045,MITDB_P212,212,765000000,0,20260928,MODEL_V2_TCN_MEAN,0,-2.3853070735931396,0.08429998904466629,4,V2-004-D2-TCNMEAN-F00-S20260928,f219483150b0da6c9efc8908cf7aafee80feffd12bcfdd491381d5991ec6101f
48019688b68bb67b0438bdfd2e25f8acdb42804bc46bcf99deb1d0e68c7d4449,MITDB_P124,124,170000000,0,20260928,MODEL_V2_TCN_MEAN,0,-2.6281516551971436,0.06734845787286758,4,V2-004-D2-TCNMEAN-F00-S20260928,f219483150b0da6c9efc8908cf7aafee80feffd12bcfdd491381d5991ec6101f
4868ad6a698d0cb133f820bdc5e193d75a6d3deae622265fbe00d61670894ead,MITDB_P212,212,1270000000,0,20260928,MODEL_V2_TCN_MEAN,0,-4.480053424835205,0.011205813847482204,4,V2-004-D2-TCNMEAN-F00-S20260928,f219483150b0da6c9efc8908cf7aafee80feffd12bcfdd491381d5991ec6101f
487d0b2ff058f06b2685258b8adfbd3893c7559b1cfac162940105c7107ac08f,MITDB_P105,105,1555000000,0,20260928,MODEL_V2_TCN_MEAN,0,-2.9177982807159424,0.051280710846185684,4,V2-004-D2-TCNMEAN-F00-S20260928,f219483150b0da6c9efc8908cf7aafee80feffd12bcfdd491381d5991ec6101f
48a2215fac292f442eaedf2109a4651e9259f1ada3d83c4e657196212c92d263,MITDB_P222,222,830000000,0,20260928,MODEL_V2_TCN_MEAN,1,-0.6553593873977661,0.341782808303833,4,V2-004-D2-TCNMEAN-F00-S20260928,f219483150b0da6c9efc8908cf7aafee80feffd12bcfdd491381d5991ec6101f
48e38fd71a7916c6bcc9b65e96f65e039884851cecae701fdbb214db6984d37a,MITDB_P105,105,760000000,0,20260928,MODEL_V2_TCN_MEAN,0,-6.137750148773193,0.0021551228128373623,4,V2-004-D2-TCNMEAN-F00-S20260928,f219483150b0da6c9efc8908cf7aafee80feffd12bcfdd491381d5991ec6101f
4910e840f6a2d506059ddb7b1318766b8231bbe6b25ad4853d8379b368a86bdf,MITDB_P105,105,1775000000,0,20260928,MODEL_V2_TCN_MEAN,0,-4.837523460388184,0.007864322513341904,4,V2-004-D2-TCNMEAN-F00-S20260928,f219483150b0da6c9efc8908cf7aafee80feffd12bcfdd491381d5991ec6101f
493052a5e3841fe23c94a3899bf30fd8cd5b1a94b26486cd2bcdd6348b20e502,MITDB_P222,222,615000000,0,20260928,MODEL_V2_TCN_MEAN,1,1.1038331985473633,0.750977635383606,4,V2-004-D2-TCNMEAN-F00-S20260928,f219483150b0da6c9efc8908cf7aafee80feffd12bcfdd491381d5991ec6101f
49504879c3a36843f98d855614e96860fb0c0c893a02bf4649705cc4f9ac0e93,MITDB_P212,212,1215000000,0,20260928,MODEL_V2_TCN_MEAN,0,-3.6284499168395996,0.025870272889733315,4,V2-004-D2-TCNMEAN-F00-S20260928,f219483150b0da6c9efc8908cf7aafee80feffd12bcfdd491381d5991ec6101f
4975e10f5aa51c12a350866be9cd604d4f2da4cfef2b99143f1e04291d0031dc,MITDB_P105,105,1230000000,0,20260928,MODEL_V2_TCN_MEAN,0,-0.12108930945396423,0.4697645902633667,4,V2-004-D2-TCNMEAN-F00-S20260928,f219483150b0da6c9efc8908cf7aafee80feffd12bcfdd491381d5991ec6101f
49898506383befd4dc0f3879a53e7bc1b568bb46960352e08f2c4f5c985c5b91,MITDB_P203,203,35000000,0,20260928,MODEL_V2_TCN_MEAN,0,-2.0093579292297363,0.1182238981127739,4,V2-004-D2-TCNMEAN-F00-S20260928,f219483150b0da6c9efc8908cf7aafee80feffd12bcfdd491381d5991ec6101f
49deaa377e85959aaab9d907bc933b9a5b5f4161266a14f0044eacbe3a0986da,MITDB_P124,124,1160000000,0,20260928,MODEL_V2_TCN_MEAN,0,-4.645481586456299,0.00951352622359991,4,V2-004-D2-TCNMEAN-F00-S20260928,f219483150b0da6c9efc8908cf7aafee80feffd12bcfdd491381d5991ec6101f
4a0a1c006e3b7c05baba1325d7df409ab2eaa2bfa6d82e5affde068e86cc2035,MITDB_P212,212,1570000000,0,20260928,MODEL_V2_TCN_MEAN,0,-4.5608229637146,0.010345309041440487,4,V2-004-D2-TCNMEAN-F00-S20260928,f219483150b0da6c9efc8908cf7aafee80feffd12bcfdd491381d5991ec6101f
4a0fd3d2f05aae9686d5dfa2b2e7e55d0fd5dc27a9a85fdc5d09af98c1be01f7,MITDB_P124,124,225000000,0,20260928,MODEL_V2_TCN_MEAN,0,-1.2066700458526611,0.23029078543186188,4,V2-004-D2-TCNMEAN-F00-S20260928,f219483150b0da6c9efc8908cf7aafee80feffd12bcfdd491381d5991ec6101f
4a6de809451701a155e489261d4c7a0c6862cf20ed8f5ce91352efdb2e8ea884,MITDB_P124,124,270000000,0,20260928,MODEL_V2_TCN_MEAN,0,-3.8512892723083496,0.02081005647778511,4,V2-004-D2-TCNMEAN-F00-S20260928,f219483150b0da6c9efc8908cf7aafee80feffd12bcfdd491381d5991ec6101f
4a71efc62d1dac388c7a8fe727491ec7756a662a8cd205281647c82983efe8d3,MITDB_P212,212,60000000,0,20260928,MODEL_V2_TCN_MEAN,0,-1.7682075500488281,0.14576537907123566,4,V2-004-D2-TCNMEAN-F00-S20260928,f219483150b0da6c9efc8908cf7aafee80feffd12bcfdd491381d5991ec6101f
4a7f5ddf8bf69d1700b388a38cdc7b7e941ff751c5d46646994d125c4461401b,MITDB_P203,203,220000000,0,20260928,MODEL_V2_TCN_MEAN,1,7.8864946365356445,0.9996243715286255,4,V2-004-D2-TCNMEAN-F00-S20260928,f219483150b0da6c9efc8908cf7aafee80feffd12bcfdd491381d5991ec6101f
4b2e0af3ac20f43f89b66f0e4c1c613ee8badf47049f6ea680fca8c7ef3386b0,MITDB_P209,209,325000000,0,20260928,MODEL_V2_TCN_MEAN,0,-2.258739709854126,0.09459825605154037,4,V2-004-D2-TCNMEAN-F00-S20260928,f219483150b0da6c9efc8908cf7aafee80feffd12bcfdd491381d5991ec6101f
4b444088a1b0892e404c768deec0981d918dddacace85f3872beff1815f305d0,MITDB_P203,203,580000000,0,20260928,MODEL_V2_TCN_MEAN,1,4.65696382522583,0.9905940294265747,4,V2-004-D2-TCNMEAN-F00-S20260928,f219483150b0da6c9efc8908cf7aafee80feffd12bcfdd491381d5991ec6101f
4b661b99d267f3e865e0d778045150f702e4320d7d982ad44a501f2928a3b7e2,MITDB_P222,222,395000000,0,20260928,MODEL_V2_TCN_MEAN,0,-6.372134208679199,0.0017055949429050088,4,V2-004-D2-TCNMEAN-F00-S20260928,f219483150b0da6c9efc8908cf7aafee80feffd12bcfdd491381d5991ec6101f
4b8af1c388ab0dbbdf0954b623d1c9a9e8b38043da351900f0a534d4e5341d68,MITDB_P124,124,1330000000,0,20260928,MODEL_V2_TCN_MEAN,0,-6.839544773101807,0.00106944574508816,4,V2-004-D2-TCNMEAN-F00-S20260928,f219483150b0da6c9efc8908cf7aafee80feffd12bcfdd491381d5991ec6101f
4b91c7f83228e6c994faedf9b9bf1ca0ca1aed5ac87a91c15a2f85f50edc17e9,MITDB_P212,212,515000000,0,20260928,MODEL_V2_TCN_MEAN,0,-1.1511021852493286,0.24028784036636353,4,V2-004-D2-TCNMEAN-F00-S20260928,f219483150b0da6c9efc8908cf7aafee80feffd12bcfdd491381d5991ec6101f
4bac512e4dab5f18c8338a0b3c826a9931e1cb03e22fa818d32a69f296b89886,MITDB_P212,212,510000000,0,20260928,MODEL_V2_TCN_MEAN,0,-2.33410382270813,0.08833760768175125,4,V2-004-D2-TCNMEAN-F00-S20260928,f219483150b0da6c9efc8908cf7aafee80feffd12bcfdd491381d5991ec6101f
4bae565931b7a23c9fef7105abd7469ce15f1137038c85f333e367b7e12d35aa,MITDB_P105,105,95000000,0,20260928,MODEL_V2_TCN_MEAN,0,-5.0320963859558105,0.0064828163012862206,4,V2-004-D2-TCNMEAN-F00-S20260928,f219483150b0da6c9efc8908cf7aafee80feffd12bcfdd491381d5991ec6101f
4bba5d35cf8c336455b85ed0dbae1ab5402a8ccb8aa59bb5032768e1c8863a59,MITDB_P209,209,40000000,0,20260928,MODEL_V2_TCN_MEAN,0,-6.053932189941406,0.0023431056179106236,4,V2-004-D2-TCNMEAN-F00-S20260928,f219483150b0da6c9efc8908cf7aafee80feffd12bcfdd491381d5991ec6101f
4bdcf5ea29578a80b5d70bb908ee7d6f1066980561d789550eec222068646435,MITDB_P209,209,1005000000,0,20260928,MODEL_V2_TCN_MEAN,1,-5.4216084480285645,0.004400580655783415,4,V2-004-D2-TCNMEAN-F00-S20260928,f219483150b0da6c9efc8908cf7aafee80feffd12bcfdd491381d5991ec6101f
4bf7c85a6ded1f9155e5f838c3e911d74326a49568a2c7bb882d0d92cecaeba1,MITDB_P124,124,625000000,0,20260928,MODEL_V2_TCN_MEAN,1,-1.0730515718460083,0.2548232078552246,4,V2-004-D2-TCNMEAN-F00-S20260928,f219483150b0da6c9efc8908cf7aafee80feffd12bcfdd491381d5991ec6101f
4c035ea2b355fb1c6c0109e45ac7e79b0ad93ff641b97df7da99d1742da0283e,MITDB_P124,124,295000000,0,20260928,MODEL_V2_TCN_MEAN,1,-5.693582534790039,0.003356205066666007,4,V2-004-D2-TCNMEAN-F00-S20260928,f219483150b0da6c9efc8908cf7aafee80feffd12bcfdd491381d5991ec6101f
4c2272096ba85b9771f7d9c0eda01231450580b73cb755c17511016dff830522,MITDB_P209,209,1555000000,0,20260928,MODEL_V2_TCN_MEAN,1,-5.615389823913574,0.0036281782668083906,4,V2-004-D2-TCNMEAN-F00-S20260928,f219483150b0da6c9efc8908cf7aafee80feffd12bcfdd491381d5991ec6101f
4c23ad857a5d6ff9c43722dc5f491cb7b18376025db08fca63536536a9b717d7,MITDB_P222,222,925000000,0,20260928,MODEL_V2_TCN_MEAN,1,2.351524829864502,0.9130553007125854,4,V2-004-D2-TCNMEAN-F00-S20260928,f219483150b0da6c9efc8908cf7aafee80feffd12bcfdd491381d5991ec6101f
4c3ebe76c6f5fce74afc5d001f37bf4624238a5333fd027b332a0d25d47c1ea8,MITDB_P212,212,1405000000,0,20260928,MODEL_V2_TCN_MEAN,0,-4.003573417663574,0.017923202365636826,4,V2-004-D2-TCNMEAN-F00-S20260928,f219483150b0da6c9efc8908cf7aafee80feffd12bcfdd491381d5991ec6101f
4c5e39a5d242c0ae07a09a742793c153f61b2babf5ad9006eefa8f3b4d851a1c,MITDB_P212,212,1385000000,0,20260928,MODEL_V2_TCN_MEAN,0,-6.3985595703125,0.0016611882019788027,4,V2-004-D2-TCNMEAN-F00-S20260928,f219483150b0da6c9efc8908cf7aafee80feffd12bcfdd491381d5991ec6101f
4cbe7514709968a6dcd78ca6b3e18b59d99ff2c78c34ef3d9b7ad86ef71a5ec8,MITDB_P222,222,1750000000,0,20260928,MODEL_V2_TCN_MEAN,0,-0.8160096406936646,0.3066113591194153,4,V2-004-D2-TCNMEAN-F00-S20260928,f219483150b0da6c9efc8908cf7aafee80feffd12bcfdd491381d5991ec6101f
4d28e4ababc1f1a2e70c0dd2b9f25129aa91defa434c0a4a30e6be0ba43a7b1a,MITDB_P105,105,555000000,0,20260928,MODEL_V2_TCN_MEAN,1,0.8502936363220215,0.7006286978721619,4,V2-004-D2-TCNMEAN-F00-S20260928,f219483150b0da6c9efc8908cf7aafee80feffd12bcfdd491381d5991ec6101f
4d6825fa7ca5ed135e3e6545d7d032eb29eb9d2cb4fb20347bdd455ea32c55c5,MITDB_P212,212,35000000,0,20260928,MODEL_V2_TCN_MEAN,0,-2.995440721511841,0.04763227328658104,4,V2-004-D2-TCNMEAN-F00-S20260928,f219483150b0da6c9efc8908cf7aafee80feffd12bcfdd491381d5991ec6101f
4d7abf68fade077e21a922993cd261b66292000fbf851938b07cfc444a08bdfd,MITDB_P203,203,680000000,0,20260928,MODEL_V2_TCN_MEAN,1,5.476987361907959,0.995835542678833,4,V2-004-D2-TCNMEAN-F00-S20260928,f219483150b0da6c9efc8908cf7aafee80feffd12bcfdd491381d5991ec6101f
4d809c92c59e35be38d1bf2b0668538a9277c7f6532de0d233355cddb5423a55,MITDB_P124,124,1465000000,0,20260928,MODEL_V2_TCN_MEAN,0,-6.282022476196289,0.0018661265494301915,4,V2-004-D2-TCNMEAN-F00-S20260928,f219483150b0da6c9efc8908cf7aafee80feffd12bcfdd491381d5991ec6101f
4d9aadd62902ae876b5d39824735a740988a151e862228191eac2e11b86e0e68,MITDB_P222,222,275000000,0,20260928,MODEL_V2_TCN_MEAN,0,-6.741835594177246,0.0011790863936766982,4,V2-004-D2-TCNMEAN-F00-S20260928,f219483150b0da6c9efc8908cf7aafee80feffd12bcfdd491381d5991ec6101f
4d9f0b4b21c8b6640972299c4a36fb7941eaacba47e1776060ff85b011b04e41,MITDB_P105,105,1305000000,0,20260928,MODEL_V2_TCN_MEAN,0,0.08116236329078674,0.5202794671058655,4,V2-004-D2-TCNMEAN-F00-S20260928,f219483150b0da6c9efc8908cf7aafee80feffd12bcfdd491381d5991ec6101f
4dabc03efb0b2ccf993c83b49302dd75230e6cc2d1e46283a9285a37df6f30e7,MITDB_P209,209,145000000,0,20260928,MODEL_V2_TCN_MEAN,0,-5.315413951873779,0.0048912023194134235,4,V2-004-D2-TCNMEAN-F00-S20260928,f219483150b0da6c9efc8908cf7aafee80feffd12bcfdd491381d5991ec6101f
4db0d8605d32033d6e8799bd260a5189ed72d45b3a3b37a0403ffc849bc354b9,MITDB_P124,124,840000000,0,20260928,MODEL_V2_TCN_MEAN,0,-4.449865341186523,0.011545288376510143,4,V2-004-D2-TCNMEAN-F00-S20260928,f219483150b0da6c9efc8908cf7aafee80feffd12bcfdd491381d5991ec6101f
4db1d25f27b855085c896720872ca0eab28009bbfbc76bbdd478e16de55ae478,MITDB_P105,105,1570000000,0,20260928,MODEL_V2_TCN_MEAN,0,-5.176887035369873,0.005613860208541155,4,V2-004-D2-TCNMEAN-F00-S20260928,f219483150b0da6c9efc8908cf7aafee80feffd12bcfdd491381d5991ec6101f
4dcc22664e1e76ee7d6b3d4e46c0b5bc388747675dfbe997957c384cb457168b,MITDB_P124,124,45000000,0,20260928,MODEL_V2_TCN_MEAN,0,-0.14665761590003967,0.4634011387825012,4,V2-004-D2-TCNMEAN-F00-S20260928,f219483150b0da6c9efc8908cf7aafee80feffd12bcfdd491381d5991ec6101f
4de100f79710a04dfa615c56a1422a9c0590328cb089fe39c28f8c2aaa598dea,MITDB_P124,124,1290000000,0,20260928,MODEL_V2_TCN_MEAN,0,-4.150852680206299,0.015506734140217304,4,V2-004-D2-TCNMEAN-F00-S20260928,f219483150b0da6c9efc8908cf7aafee80feffd12bcfdd491381d5991ec6101f
4e197980bb45771330614353f9caa7ba0198a177f0bb2226535072da90ed9011,MITDB_P124,124,850000000,0,20260928,MODEL_V2_TCN_MEAN,0,-5.98768424987793,0.0025031869299709797,4,V2-004-D2-TCNMEAN-F00-S20260928,f219483150b0da6c9efc8908cf7aafee80feffd12bcfdd491381d5991ec6101f
4e20250c1b1e4a4085bd156fa148f50cc6bdfc4c378061f14127a38c9964fc30,MITDB_P203,203,885000000,0,20260928,MODEL_V2_TCN_MEAN,1,9.252275466918945,0.9999041557312012,4,V2-004-D2-TCNMEAN-F00-S20260928,f219483150b0da6c9efc8908cf7aafee80feffd12bcfdd491381d5991ec6101f
4e6e02dece2cdb39bdf75958d07be6078afb90cc6e0a5b62216d8fa5484b48dd,MITDB_P212,212,1705000000,0,20260928,MODEL_V2_TCN_MEAN,0,-8.036870956420898,0.00032321453909389675,4,V2-004-D2-TCNMEAN-F00-S20260928,f219483150b0da6c9efc8908cf7aafee80feffd12bcfdd491381d5991ec6101f
4e7c8963826cd295fce0b7e8e4a138245529880b9749082530ada92413f852a2,MITDB_P222,222,1395000000,0,20260928,MODEL_V2_TCN_MEAN,0,3.4622628688812256,0.9695947766304016,4,V2-004-D2-TCNMEAN-F00-S20260928,f219483150b0da6c9efc8908cf7aafee80feffd12bcfdd491381d5991ec6101f
4e93ef53c9cb4c486b27009572ab969e0fdd5af7253cf9d14fa53bcb9c9076cd,MITDB_P105,105,900000000,0,20260928,MODEL_V2_TCN_MEAN,0,-5.109681129455566,0.006001769099384546,4,V2-004-D2-TCNMEAN-F00-S20260928,f219483150b0da6c9efc8908cf7aafee80feffd12bcfdd491381d5991ec6101f
4e99be607499f957bc436f95b376f73d3b4a82f98e2f5d9585ec2047e9cf2687,MITDB_P209,209,345000000,0,20260928,MODEL_V2_TCN_MEAN,1,-0.6370644569396973,0.3459104299545288,4,V2-004-D2-TCNMEAN-F00-S20260928,f219483150b0da6c9efc8908cf7aafee80feffd12bcfdd491381d5991ec6101f
4ec1511c0cd30748c3410d09fbed053a4887a9f9942ee95aa862b2638002676b,MITDB_P222,222,780000000,0,20260928,MODEL_V2_TCN_MEAN,1,2.9759199619293213,0.9514743685722351,4,V2-004-D2-TCNMEAN-F00-S20260928,f219483150b0da6c9efc8908cf7aafee80feffd12bcfdd491381d5991ec6101f
4edd80d0b8ff2a199829b2d34a11add8efbf9fb3ec872b8e73816b215d7add59,MITDB_P209,209,1215000000,0,20260928,MODEL_V2_TCN_MEAN,1,-4.518482208251953,0.010787914507091045,4,V2-004-D2-TCNMEAN-F00-S20260928,f219483150b0da6c9efc8908cf7aafee80feffd12bcfdd491381d5991ec6101f
4f103b0d2a56b387878f7fb6e94c17c8450d5d32f494e00513ad511d1cde08f4,MITDB_P124,124,600000000,0,20260928,MODEL_V2_TCN_MEAN,0,-6.7232255935668945,0.0012012080987915397,4,V2-004-D2-TCNMEAN-F00-S20260928,f219483150b0da6c9efc8908cf7aafee80feffd12bcfdd491381d5991ec6101f
4f13ef3720c78ee106d0831297093ecae4e4379579ef9f04f1851f4037a228b3,MITDB_P105,105,1445000000,0,20260928,MODEL_V2_TCN_MEAN,0,-3.2444095611572266,0.03752829134464264,4,V2-004-D2-TCNMEAN-F00-S20260928,f219483150b0da6c9efc8908cf7aafee80feffd12bcfdd491381d5991ec6101f
4f35b7a5aa6e1e1f6097644df8315aef97f3c48fd5bfd2823b7b7a917fec4eb4,MITDB_P222,222,1425000000,0,20260928,MODEL_V2_TCN_MEAN,0,-1.221062421798706,0.2277495414018631,4,V2-004-D2-TCNMEAN-F00-S20260928,f219483150b0da6c9efc8908cf7aafee80feffd12bcfdd491381d5991ec6101f
4f398740eaad6cddddcd8eeff48bd3e6c897a7431e46a6710d663304e1333cb7,MITDB_P222,222,555000000,0,20260928,MODEL_V2_TCN_MEAN,0,3.603053331375122,0.9734819531440735,4,V2-004-D2-TCNMEAN-F00-S20260928,f219483150b0da6c9efc8908cf7aafee80feffd12bcfdd491381d5991ec6101f
4f631d038a7571c88d311b7faa399ec96fb0ba788deee737b6470ccd5dda9e37,MITDB_P209,209,1125000000,0,20260928,MODEL_V2_TCN_MEAN,1,-3.54101824760437,0.028167400509119034,4,V2-004-D2-TCNMEAN-F00-S20260928,f219483150b0da6c9efc8908cf7aafee80feffd12bcfdd491381d5991ec6101f
4f900bef2d3c3d0795e2ac6ff756eb72ce62492dfda0d8c00d51bcbf86cbdc83,MITDB_P222,222,1390000000,0,20260928,MODEL_V2_TCN_MEAN,1,2.339961290359497,0.912132978439331,4,V2-004-D2-TCNMEAN-F00-S20260928,f219483150b0da6c9efc8908cf7aafee80feffd12bcfdd491381d5991ec6101f
4f995a53655c0883e169a5e0c3d5b964f9080098299bcf0ca667309713bdd15a,MITDB_P105,105,345000000,0,20260928,MODEL_V2_TCN_MEAN,0,-5.001471996307373,0.006683071609586477,4,V2-004-D2-TCNMEAN-F00-S20260928,f219483150b0da6c9efc8908cf7aafee80feffd12bcfdd491381d5991ec6101f
4fbf7c03ade9597dea60cf66e033eb4a3a135a4b3cc5e30b4243ceb4f23a8168,MITDB_P124,124,180000000,0,20260928,MODEL_V2_TCN_MEAN,0,-0.6560332775115967,0.3416312634944916,4,V2-004-D2-TCNMEAN-F00-S20260928,f219483150b0da6c9efc8908cf7aafee80feffd12bcfdd491381d5991ec6101f
4fc04966f0acee7415462b483c2da7cb8947c51ab1d19fc4d581abdbd6b8efb7,MITDB_P124,124,290000000,0,20260928,MODEL_V2_TCN_MEAN,1,-6.599283218383789,0.0013594927731901407,4,V2-004-D2-TCNMEAN-F00-S20260928,f219483150b0da6c9efc8908cf7aafee80feffd12bcfdd491381d5991ec6101f
4fcba7ffa167f6e551aa1569dbe908d5b2e9418220cb2967444adfbcb7a81da6,MITDB_P209,209,10000000,0,20260928,MODEL_V2_TCN_MEAN,0,-4.5166120529174805,0.010807890444993973,4,V2-004-D2-TCNMEAN-F00-S20260928,f219483150b0da6c9efc8908cf7aafee80feffd12bcfdd491381d5991ec6101f
50103f4be0f01f075a14439c598716134be3e82a25cd367596d0fb0c7167c1f3,MITDB_P222,222,865000000,0,20260928,MODEL_V2_TCN_MEAN,1,1.6125200986862183,0.8337610363960266,4,V2-004-D2-TCNMEAN-F00-S20260928,f219483150b0da6c9efc8908cf7aafee80feffd12bcfdd491381d5991ec6101f
5039ccc7005b3d9af194cb2e1615a62a5a2d0c0887c858da8bbf9f717602d269,MITDB_P105,105,1780000000,0,20260928,MODEL_V2_TCN_MEAN,0,-4.667235851287842,0.009310707449913025,4,V2-004-D2-TCNMEAN-F00-S20260928,f219483150b0da6c9efc8908cf7aafee80feffd12bcfdd491381d5991ec6101f
505551f1b36dd9844b37fd708357350ae706d15bf3165360f45ec3001735835b,MITDB_P212,212,885000000,0,20260928,MODEL_V2_TCN_MEAN,0,-2.3613173961639404,0.08617040514945984,4,V2-004-D2-TCNMEAN-F00-S20260928,f219483150b0da6c9efc8908cf7aafee80feffd12bcfdd491381d5991ec6101f
5069527ac94037722b7bd1cb36bae285cc021f8220d026f9935a82ce8c400b65,MITDB_P124,124,320000000,0,20260928,MODEL_V2_TCN_MEAN,1,-5.328739166259766,0.004826770629733801,4,V2-004-D2-TCNMEAN-F00-S20260928,f219483150b0da6c9efc8908cf7aafee80feffd12bcfdd491381d5991ec6101f
506c009afa532b459c5bcf8f5831117a8606e7d66536e0f934ec8c34b644eeaf,MITDB_P124,124,1205000000,0,20260928,MODEL_V2_TCN_MEAN,0,-5.685148239135742,0.00338453589938581,4,V2-004-D2-TCNMEAN-F00-S20260928,f219483150b0da6c9efc8908cf7aafee80feffd12bcfdd491381d5991ec6101f
506e53608331a9fd7c767910ed57fd7416d9a53c8207bd37015d5a0e31318e3c,MITDB_P105,105,630000000,0,20260928,MODEL_V2_TCN_MEAN,0,-3.4933910369873047,0.02950086072087288,4,V2-004-D2-TCNMEAN-F00-S20260928,f219483150b0da6c9efc8908cf7aafee80feffd12bcfdd491381d5991ec6101f
5092b9f03a3257e37322f7ba7ecfb5d4b92c75c63fdad55a57d413c7a4c943ae,MITDB_P105,105,865000000,0,20260928,MODEL_V2_TCN_MEAN,0,-5.520217418670654,0.003989001270383596,4,V2-004-D2-TCNMEAN-F00-S20260928,f219483150b0da6c9efc8908cf7aafee80feffd12bcfdd491381d5991ec6101f
50a2f280cfae6f089a8d7084541cd841c7f1e365a47449e67f19c720dc6b2036,MITDB_P105,105,1185000000,0,20260928,MODEL_V2_TCN_MEAN,0,-4.670368671417236,0.009281855076551437,4,V2-004-D2-TCNMEAN-F00-S20260928,f219483150b0da6c9efc8908cf7aafee80feffd12bcfdd491381d5991ec6101f
50c133075c8fecca889f4bd1750d48a8d8528897b2d8cd7ff0a72dd7f160364c,MITDB_P222,222,1345000000,0,20260928,MODEL_V2_TCN_MEAN,1,0.3226751983165741,0.5799760818481445,4,V2-004-D2-TCNMEAN-F00-S20260928,f219483150b0da6c9efc8908cf7aafee80feffd12bcfdd491381d5991ec6101f
50c9e49dc7e423ed6c5b6087f9d5ebbccaa59f50e01d2be779b4c9690be7ee25,MITDB_P209,209,970000000,0,20260928,MODEL_V2_TCN_MEAN,1,-5.4326887130737305,0.004352301359176636,4,V2-004-D2-TCNMEAN-F00-S20260928,f219483150b0da6c9efc8908cf7aafee80feffd12bcfdd491381d5991ec6101f
512c38387f3b3da76c4701af44661c3ba569437885da15d836f7257acfe9915b,MITDB_P124,124,990000000,0,20260928,MODEL_V2_TCN_MEAN,0,-3.2616169452667236,0.03691168501973152,4,V2-004-D2-TCNMEAN-F00-S20260928,f219483150b0da6c9efc8908cf7aafee80feffd12bcfdd491381d5991ec6101f
5141dff1de82555cb01401463f45eb26bf7c7367faef6656efc2c3231e773b8d,MITDB_P203,203,1605000000,0,20260928,MODEL_V2_TCN_MEAN,1,5.875732898712158,0.9972010850906372,4,V2-004-D2-TCNMEAN-F00-S20260928,f219483150b0da6c9efc8908cf7aafee80feffd12bcfdd491381d5991ec6101f
5144f042b77a8c70b4bca4f9f030a5ba73f512c48e3823eb8c7c0ad39566b903,MITDB_P222,222,310000000,0,20260928,MODEL_V2_TCN_MEAN,0,-5.877166271209717,0.0027948827482759953,4,V2-004-D2-TCNMEAN-F00-S20260928,f219483150b0da6c9efc8908cf7aafee80feffd12bcfdd491381d5991ec6101f
51712af439c1b03e42e592062f575fafcdba928ca262583f97aed0e61554b377,MITDB_P222,222,1140000000,0,20260928,MODEL_V2_TCN_MEAN,1,3.415296792984009,0.9681792259216309,4,V2-004-D2-TCNMEAN-F00-S20260928,f219483150b0da6c9efc8908cf7aafee80feffd12bcfdd491381d5991ec6101f
5179ef2ac49e7857d9776f297575604185b60b29f91152989fc9bdb1fbd0039f,MITDB_P124,124,920000000,0,20260928,MODEL_V2_TCN_MEAN,0,-6.055120468139648,0.0023403295781463385,4,V2-004-D2-TCNMEAN-F00-S20260928,f219483150b0da6c9efc8908cf7aafee80feffd12bcfdd491381d5991ec6101f
51d5718dfa9e4ff8162c9f07d68574ce915605632feb7e0108d58aebbaa76f24,MITDB_P222,222,505000000,0,20260928,MODEL_V2_TCN_MEAN,0,-6.298379898071289,0.001835905364714563,4,V2-004-D2-TCNMEAN-F00-S20260928,f219483150b0da6c9efc8908cf7aafee80feffd12bcfdd491381d5991ec6101f
51f81a0053ffca48395b66a6579e9e01d2e6a049e3ba2fd05975cc291ac5ab49,MITDB_P105,105,600000000,0,20260928,MODEL_V2_TCN_MEAN,0,-6.307479381561279,0.0018193057039752603,4,V2-004-D2-TCNMEAN-F00-S20260928,f219483150b0da6c9efc8908cf7aafee80feffd12bcfdd491381d5991ec6101f
520c6789f04e58eb0033c62649a0a6d4bc3b0630c5b9be9ff1d7187a60277241,MITDB_P209,209,1625000000,0,20260928,MODEL_V2_TCN_MEAN,1,-2.8921217918395996,0.05254438892006874,4,V2-004-D2-TCNMEAN-F00-S20260928,f219483150b0da6c9efc8908cf7aafee80feffd12bcfdd491381d5991ec6101f
522ab471dccf29b95ceb7d054afb7fdd4db60bb128978e38bf928e09707239a9,MITDB_P212,212,360000000,0,20260928,MODEL_V2_TCN_MEAN,0,-2.360273838043213,0.0862526074051857,4,V2-004-D2-TCNMEAN-F00-S20260928,f219483150b0da6c9efc8908cf7aafee80feffd12bcfdd491381d5991ec6101f
526e1f8e40e637adb363a7029104c4b9da27f35ae3c6bdce287f44e7775d9628,MITDB_P222,222,655000000,0,20260928,MODEL_V2_TCN_MEAN,0,0.8655141592025757,0.7038114070892334,4,V2-004-D2-TCNMEAN-F00-S20260928,f219483150b0da6c9efc8908cf7aafee80feffd12bcfdd491381d5991ec6101f
5287b1ed1c7440587348c846af51652e1f4c65ff8cdc46463ff9eb7c8f345e19,MITDB_P212,212,1070000000,0,20260928,MODEL_V2_TCN_MEAN,0,-3.0731921195983887,0.04422669857740402,4,V2-004-D2-TCNMEAN-F00-S20260928,f219483150b0da6c9efc8908cf7aafee80feffd12bcfdd491381d5991ec6101f
52a304bd92fc9b93a28fb7aff59e3f579072b8247c1f9c6c6bc8f89285bef21d,MITDB_P212,212,1305000000,0,20260928,MODEL_V2_TCN_MEAN,0,-3.9884369373321533,0.018191587179899216,4,V2-004-D2-TCNMEAN-F00-S20260928,f219483150b0da6c9efc8908cf7aafee80feffd12bcfdd491381d5991ec6101f
52ac23bfee46bbbfe2ebc70be1414887002831176226717cf4c25867012a610d,MITDB_P203,203,1030000000,0,20260928,MODEL_V2_TCN_MEAN,1,10.487142562866211,0.9999721050262451,4,V2-004-D2-TCNMEAN-F00-S20260928,f219483150b0da6c9efc8908cf7aafee80feffd12bcfdd491381d5991ec6101f
52d5610e032964cf7a185299c1df39fc60253d3d773645c4c5b960aa5b992f1d,MITDB_P203,203,320000000,0,20260928,MODEL_V2_TCN_MEAN,1,2.717120885848999,0.9380293488502502,4,V2-004-D2-TCNMEAN-F00-S20260928,f219483150b0da6c9efc8908cf7aafee80feffd12bcfdd491381d5991ec6101f
52facddc003ef5bc5c32b2165737e71b185fb7f5ec14b74b9cb6f168d398c4b6,MITDB_P105,105,15000000,0,20260928,MODEL_V2_TCN_MEAN,0,-4.872796058654785,0.007593832910060883,4,V2-004-D2-TCNMEAN-F00-S20260928,f219483150b0da6c9efc8908cf7aafee80feffd12bcfdd491381d5991ec6101f
533c3c296137815000000200ec925451b30cdf0334594593a40c52d8fccc247c,MITDB_P222,222,825000000,0,20260928,MODEL_V2_TCN_MEAN,0,-5.097258567810059,0.006076335906982422,4,V2-004-D2-TCNMEAN-F00-S20260928,f219483150b0da6c9efc8908cf7aafee80feffd12bcfdd491381d5991ec6101f
5348d83d63bb2c6a0aaa56cebcfa9ba830ef283bfcbe03688b5271f34d95deb1,MITDB_P124,124,800000000,0,20260928,MODEL_V2_TCN_MEAN,0,-4.325003623962402,0.01306066382676363,4,V2-004-D2-TCNMEAN-F00-S20260928,f219483150b0da6c9efc8908cf7aafee80feffd12bcfdd491381d5991ec6101f
534b812339890af2f6dd4e5e0625f1a1ae89e445d7113577b24dbe6816dd8f0a,MITDB_P203,203,1340000000,0,20260928,MODEL_V2_TCN_MEAN,1,0.4832623302936554,0.6185179352760315,4,V2-004-D2-TCNMEAN-F00-S20260928,f219483150b0da6c9efc8908cf7aafee80feffd12bcfdd491381d5991ec6101f
535412fe4cfcdf1654b3b1a3087dd9cd9c26d9e4c56b9c7dc90ed2c7eecd7d5c,MITDB_P222,222,895000000,0,20260928,MODEL_V2_TCN_MEAN,1,1.6803454160690308,0.8429502844810486,4,V2-004-D2-TCNMEAN-F00-S20260928,f219483150b0da6c9efc8908cf7aafee80feffd12bcfdd491381d5991ec6101f
535d448bb00fe8474a49e42e28cf282f0643ffd5032c42d50d0258c0acf6f51b,MITDB_P124,124,885000000,0,20260928,MODEL_V2_TCN_MEAN,0,-2.61053729057312,0.06846333295106888,4,V2-004-D2-TCNMEAN-F00-S20260928,f219483150b0da6c9efc8908cf7aafee80feffd12bcfdd491381d5991ec6101f
53e3e3cfbf6652f59935e900c24e062f54d7d195b857f110f61b2b52d3639c5a,MITDB_P209,209,1455000000,0,20260928,MODEL_V2_TCN_MEAN,0,-6.1415815353393555,0.0021468992345035076,4,V2-004-D2-TCNMEAN-F00-S20260928,f219483150b0da6c9efc8908cf7aafee80feffd12bcfdd491381d5991ec6101f
54141521e09b01e6c03a8d8ae51d2082a49c2cda79907e36abe160cd7a85b6a7,MITDB_P209,209,1540000000,0,20260928,MODEL_V2_TCN_MEAN,1,-4.467629432678223,0.011344313621520996,4,V2-004-D2-TCNMEAN-F00-S20260928,f219483150b0da6c9efc8908cf7aafee80feffd12bcfdd491381d5991ec6101f
542365d27e419db6148a3b848969c94f0fd2656881bc3cca66793780c0ef3e39,MITDB_P222,222,755000000,0,20260928,MODEL_V2_TCN_MEAN,1,3.502606153488159,0.970761775970459,4,V2-004-D2-TCNMEAN-F00-S20260928,f219483150b0da6c9efc8908cf7aafee80feffd12bcfdd491381d5991ec6101f
54620ea3d343d4ee58cac945e51a5950eb2c18d604efd75ab701b12e498d6a7f,MITDB_P105,105,1225000000,0,20260928,MODEL_V2_TCN_MEAN,0,0.5938906669616699,0.6442573070526123,4,V2-004-D2-TCNMEAN-F00-S20260928,f219483150b0da6c9efc8908cf7aafee80feffd12bcfdd491381d5991ec6101f
546250d780637aec9e84b52ac9a1f4a653ef08efaad6ff3bd7b5155d4049215a,MITDB_P212,212,635000000,0,20260928,MODEL_V2_TCN_MEAN,0,-2.7344748973846436,0.06096946448087692,4,V2-004-D2-TCNMEAN-F00-S20260928,f219483150b0da6c9efc8908cf7aafee80feffd12bcfdd491381d5991ec6101f
54ad72c1fdcb2851a03ff464253fa3b4d340ec22e8b6b1ea7053bd797fc52558,MITDB_P203,203,1470000000,0,20260928,MODEL_V2_TCN_MEAN,0,0.08350726962089539,0.5208646655082703,4,V2-004-D2-TCNMEAN-F00-S20260928,f219483150b0da6c9efc8908cf7aafee80feffd12bcfdd491381d5991ec6101f
54aec3e10c9d0fca1f85ea95d0d72f4f259a3432088e2a4d40c2795a2a064b6b,MITDB_P222,222,60000000,0,20260928,MODEL_V2_TCN_MEAN,0,-6.897183895111084,0.0010096071055158973,4,V2-004-D2-TCNMEAN-F00-S20260928,f219483150b0da6c9efc8908cf7aafee80feffd12bcfdd491381d5991ec6101f
54cb68a4a3d4866e04f64ee703d6a3f856ee21720ac24dba4aec06928e521d1d,MITDB_P124,124,120000000,0,20260928,MODEL_V2_TCN_MEAN,0,0.3904125392436981,0.5963820219039917,4,V2-004-D2-TCNMEAN-F00-S20260928,f219483150b0da6c9efc8908cf7aafee80feffd12bcfdd491381d5991ec6101f
54eb319519264c3719a7a64077d82e79c4cf6a702d24014d0413d87f0124b191,MITDB_P222,222,580000000,0,20260928,MODEL_V2_TCN_MEAN,1,2.917834997177124,0.9487211108207703,4,V2-004-D2-TCNMEAN-F00-S20260928,f219483150b0da6c9efc8908cf7aafee80feffd12bcfdd491381d5991ec6101f
5509ed9e30216b39816b9f219cb0965706f41129888cc12f2c2e7c0e539a1624,MITDB_P124,124,1540000000,0,20260928,MODEL_V2_TCN_MEAN,0,-6.196096420288086,0.0020332257263362408,4,V2-004-D2-TCNMEAN-F00-S20260928,f219483150b0da6c9efc8908cf7aafee80feffd12bcfdd491381d5991ec6101f
551324059c48c2a4d985c8e1ede63c4f75b31b471862e2ca255b5382da8aa63d,MITDB_P203,203,800000000,0,20260928,MODEL_V2_TCN_MEAN,1,6.410682678222656,0.9983587861061096,4,V2-004-D2-TCNMEAN-F00-S20260928,f219483150b0da6c9efc8908cf7aafee80feffd12bcfdd491381d5991ec6101f
55170670e79dc11fbb41f0092d25cb1f68d97333acb9c6d4242d2a331de48b1e,MITDB_P105,105,725000000,0,20260928,MODEL_V2_TCN_MEAN,0,-6.618967533111572,0.0013330290094017982,4,V2-004-D2-TCNMEAN-F00-S20260928,f219483150b0da6c9efc8908cf7aafee80feffd12bcfdd491381d5991ec6101f
554931a90836ffc8ba4742e4c4d4ec6d4a83114829dd03ee65f73c3b2772cdea,MITDB_P124,124,1520000000,0,20260928,MODEL_V2_TCN_MEAN,0,-7.491061210632324,0.0005577391711995006,4,V2-004-D2-TCNMEAN-F00-S20260928,f219483150b0da6c9efc8908cf7aafee80feffd12bcfdd491381d5991ec6101f
5593af03b2a7132473c3eca014f465242bd9d32b36f5d14be4f90888ae086cff,MITDB_P209,209,245000000,0,20260928,MODEL_V2_TCN_MEAN,0,-3.347877264022827,0.033964745700359344,4,V2-004-D2-TCNMEAN-F00-S20260928,f219483150b0da6c9efc8908cf7aafee80feffd12bcfdd491381d5991ec6101f
55dbfb4ec43b1cb0fcbd20d4f5be6e7892607edb97fe9ba5cd83abfcc32189aa,MITDB_P209,209,430000000,0,20260928,MODEL_V2_TCN_MEAN,1,0.2011943757534027,0.5501295924186707,4,V2-004-D2-TCNMEAN-F00-S20260928,f219483150b0da6c9efc8908cf7aafee80feffd12bcfdd491381d5991ec6101f
55e1f2bfbc33a8ecce5514d71b36dc18da13f47b1a27fca14052cc7f0ec27f55,MITDB_P124,124,1655000000,0,20260928,MODEL_V2_TCN_MEAN,0,-6.941316604614258,0.0009660614305175841,4,V2-004-D2-TCNMEAN-F00-S20260928,f219483150b0da6c9efc8908cf7aafee80feffd12bcfdd491381d5991ec6101f
55ebcdb32f7bc7975134f2a906e58fdc88ae5e239518fadb08cecf65035ccbdd,MITDB_P222,222,1190000000,0,20260928,MODEL_V2_TCN_MEAN,1,4.5408477783203125,0.9894481897354126,4,V2-004-D2-TCNMEAN-F00-S20260928,f219483150b0da6c9efc8908cf7aafee80feffd12bcfdd491381d5991ec6101f
560513a50aa41d76374fcd719ba10ace321a0d13ed7ef0792edcaeb17826543c,MITDB_P212,212,525000000,0,20260928,MODEL_V2_TCN_MEAN,0,-5.4672040939331055,0.004205263685435057,4,V2-004-D2-TCNMEAN-F00-S20260928,f219483150b0da6c9efc8908cf7aafee80feffd12bcfdd491381d5991ec6101f
5616d5ab862c0d392e60fc1dfdc56b04bf33356380f53d6d62c567b37af2de79,MITDB_P203,203,215000000,0,20260928,MODEL_V2_TCN_MEAN,0,3.1550135612487793,0.9591057896614075,4,V2-004-D2-TCNMEAN-F00-S20260928,f219483150b0da6c9efc8908cf7aafee80feffd12bcfdd491381d5991ec6101f
5622625d11e041e30d48311af05bce874016622abc2ddf5d4cfcb9b237c7488c,MITDB_P203,203,260000000,0,20260928,MODEL_V2_TCN_MEAN,1,8.328701972961426,0.9997585415840149,4,V2-004-D2-TCNMEAN-F00-S20260928,f219483150b0da6c9efc8908cf7aafee80feffd12bcfdd491381d5991ec6101f
56231ac575fdf952ec92bb8ce04f10294d295fd88ef187c565a2e10e1dd28cf0,MITDB_P105,105,415000000,0,20260928,MODEL_V2_TCN_MEAN,1,0.13550302386283875,0.5338240265846252,4,V2-004-D2-TCNMEAN-F00-S20260928,f219483150b0da6c9efc8908cf7aafee80feffd12bcfdd491381d5991ec6101f
56280b8306a69a49bb7130d5f44c68d2e63131150f8ccafd14cc896233f5b22f,MITDB_P212,212,1020000000,0,20260928,MODEL_V2_TCN_MEAN,0,-2.7677879333496094,0.05908988416194916,4,V2-004-D2-TCNMEAN-F00-S20260928,f219483150b0da6c9efc8908cf7aafee80feffd12bcfdd491381d5991ec6101f
5676c59d07af802b066f0646db0ff61d0ab664ee829f30c54193f7370a0a8c86,MITDB_P105,105,1645000000,0,20260928,MODEL_V2_TCN_MEAN,0,-1.2644048929214478,0.2202165275812149,4,V2-004-D2-TCNMEAN-F00-S20260928,f219483150b0da6c9efc8908cf7aafee80feffd12bcfdd491381d5991ec6101f
568a5bcd1408cf51d7c73a8f37c45615a3f442bbc830e39a06e7aeb741f4e302,MITDB_P124,124,1570000000,0,20260928,MODEL_V2_TCN_MEAN,0,-7.450246334075928,0.000580960710067302,4,V2-004-D2-TCNMEAN-F00-S20260928,f219483150b0da6c9efc8908cf7aafee80feffd12bcfdd491381d5991ec6101f
56a95d16f8a50099731b6e315b7e24f5d6ba1197642a4afcecfee22eae08e34f,MITDB_P212,212,1690000000,0,20260928,MODEL_V2_TCN_MEAN,0,-7.4007086753845215,0.0006104469066485763,4,V2-004-D2-TCNMEAN-F00-S20260928,f219483150b0da6c9efc8908cf7aafee80feffd12bcfdd491381d5991ec6101f
56b1d0ae46e0527bb187ac2fd92a047a7a952d66286f49361515a7dc5f65a9ec,MITDB_P105,105,450000000,0,20260928,MODEL_V2_TCN_MEAN,0,-5.1036601066589355,0.006037795916199684,4,V2-004-D2-TCNMEAN-F00-S20260928,f219483150b0da6c9efc8908cf7aafee80feffd12bcfdd491381d5991ec6101f
56b4b297c1449a47b8bf573ddb8a089f654e3ba18dccc1306e561ef717b8db7d,MITDB_P209,209,1725000000,0,20260928,MODEL_V2_TCN_MEAN,1,0.7651779651641846,0.6824768781661987,4,V2-004-D2-TCNMEAN-F00-S20260928,f219483150b0da6c9efc8908cf7aafee80feffd12bcfdd491381d5991ec6101f
56b87e9c886467ea5392f1e59b8156d5fbbf0f5b3d66ea43d2fae097a818b1ca,MITDB_P222,222,1295000000,0,20260928,MODEL_V2_TCN_MEAN,1,-1.8901135921478271,0.13123151659965515,4,V2-004-D2-TCNMEAN-F00-S20260928,f219483150b0da6c9efc8908cf7aafee80feffd12bcfdd491381d5991ec6101f
56e71fd7fa36ea764ca579f6fdca96ac480fe7793d7664527a36a64f7b3e4203,MITDB_P203,203,825000000,0,20260928,MODEL_V2_TCN_MEAN,1,3.4894556999206543,0.970386266708374,4,V2-004-D2-TCNMEAN-F00-S20260928,f219483150b0da6c9efc8908cf7aafee80feffd12bcfdd491381d5991ec6101f
570cea70bc2c04fc366cffae92866a370f4a1d3078f8083cb7b57ac0fbc7b378,MITDB_P212,212,1420000000,0,20260928,MODEL_V2_TCN_MEAN,0,-2.4566524028778076,0.07895343005657196,4,V2-004-D2-TCNMEAN-F00-S20260928,f219483150b0da6c9efc8908cf7aafee80feffd12bcfdd491381d5991ec6101f
573d43ca5fd3420d47b8766a532f8e39cbf3a7352b0fe3d93966eb99b7f63cf4,MITDB_P124,124,310000000,0,20260928,MODEL_V2_TCN_MEAN,1,3.3999478816986084,0.9677028656005859,4,V2-004-D2-TCNMEAN-F00-S20260928,f219483150b0da6c9efc8908cf7aafee80feffd12bcfdd491381d5991ec6101f
576e99405f64d0316a7cab405179f0a9fb5e252b121e70c461940f2c497dcc34,MITDB_P222,222,440000000,0,20260928,MODEL_V2_TCN_MEAN,0,-2.9050989151000977,0.051902081817388535,4,V2-004-D2-TCNMEAN-F00-S20260928,f219483150b0da6c9efc8908cf7aafee80feffd12bcfdd491381d5991ec6101f
5786dfb441152380445703f518d4d05fa9097e6a04e6e8e1238e6265b351a1dc,MITDB_P209,209,1180000000,0,20260928,MODEL_V2_TCN_MEAN,1,-3.916318655014038,0.01952543668448925,4,V2-004-D2-TCNMEAN-F00-S20260928,f219483150b0da6c9efc8908cf7aafee80feffd12bcfdd491381d5991ec6101f
578ca842554ff5e608e6ad51f47f644745cbe16e27bf27638cea519036c3028e,MITDB_P222,222,645000000,0,20260928,MODEL_V2_TCN_MEAN,0,0.9366613626480103,0.7184247970581055,4,V2-004-D2-TCNMEAN-F00-S20260928,f219483150b0da6c9efc8908cf7aafee80feffd12bcfdd491381d5991ec6101f
579f7150b62fe51e362889db23edfac4e6ff9f13c87e1e2c09bd87da203f17dd,MITDB_P105,105,1065000000,0,20260928,MODEL_V2_TCN_MEAN,0,-3.9239776134490967,0.019379349425435066,4,V2-004-D2-TCNMEAN-F00-S20260928,f219483150b0da6c9efc8908cf7aafee80feffd12bcfdd491381d5991ec6101f
57ac193bb8003ba9662d35824828082de352d6302c089ceead08dc8ec645d86e,MITDB_P212,212,1520000000,0,20260928,MODEL_V2_TCN_MEAN,0,-4.215771198272705,0.014546218328177929,4,V2-004-D2-TCNMEAN-F00-S20260928,f219483150b0da6c9efc8908cf7aafee80feffd12bcfdd491381d5991ec6101f
57b4403bad02f5ba3080fbace7b3e98c0c5b91761c4c710faee794dd5f91665f,MITDB_P124,124,520000000,0,20260928,MODEL_V2_TCN_MEAN,0,-3.4135446548461914,0.03187483176589012,4,V2-004-D2-TCNMEAN-F00-S20260928,f219483150b0da6c9efc8908cf7aafee80feffd12bcfdd491381d5991ec6101f
58178a8cd86c9c0dc339be9f033cbd28be4cc64f6eac149550cb849648c70c43,MITDB_P105,105,1720000000,0,20260928,MODEL_V2_TCN_MEAN,1,-0.8189162015914917,0.3059937655925751,4,V2-004-D2-TCNMEAN-F00-S20260928,f219483150b0da6c9efc8908cf7aafee80feffd12bcfdd491381d5991ec6101f
583177ac1eed46e78447b65af31ca3521f6f854fed1ea12be45492ea0468d572,MITDB_P203,203,655000000,0,20260928,MODEL_V2_TCN_MEAN,1,8.301969528198242,0.9997519850730896,4,V2-004-D2-TCNMEAN-F00-S20260928,f219483150b0da6c9efc8908cf7aafee80feffd12bcfdd491381d5991ec6101f
585b1b467c5eeef2d8211580274be220b51abed6341932ee97e76cec708c5a9a,MITDB_P105,105,820000000,0,20260928,MODEL_V2_TCN_MEAN,0,-5.399814128875732,0.004497105255723,4,V2-004-D2-TCNMEAN-F00-S20260928,f219483150b0da6c9efc8908cf7aafee80feffd12bcfdd491381d5991ec6101f
58655336055ab7a851ae07cb6c8992637733e8ca30f8ec06147266a7760b9c19,MITDB_P124,124,1310000000,0,20260928,MODEL_V2_TCN_MEAN,0,-4.223356246948242,0.014437887817621231,4,V2-004-D2-TCNMEAN-F00-S20260928,f219483150b0da6c9efc8908cf7aafee80feffd12bcfdd491381d5991ec6101f
586faadbb6fa2cebf7aa34492c7e65fdf5965aef79437d669c01e89a58f4386c,MITDB_P209,209,435000000,0,20260928,MODEL_V2_TCN_MEAN,1,0.6877366304397583,0.6654632687568665,4,V2-004-D2-TCNMEAN-F00-S20260928,f219483150b0da6c9efc8908cf7aafee80feffd12bcfdd491381d5991ec6101f
5876005f2703eff013cb962e9876b9cacb57209dc1161fd0f6ff92929b30dbc0,MITDB_P212,212,330000000,0,20260928,MODEL_V2_TCN_MEAN,0,-5.952419281005859,0.0025928039103746414,4,V2-004-D2-TCNMEAN-F00-S20260928,f219483150b0da6c9efc8908cf7aafee80feffd12bcfdd491381d5991ec6101f
589021bdd225bc304163c52f8bdbd18588d860fb2ce28aa9f06530c1c3dd80a9,MITDB_P203,203,190000000,0,20260928,MODEL_V2_TCN_MEAN,0,3.6762406826019287,0.9753071665763855,4,V2-004-D2-TCNMEAN-F00-S20260928,f219483150b0da6c9efc8908cf7aafee80feffd12bcfdd491381d5991ec6101f
58b56aee121f59a5025d5a2694a0414b4b2d203f062c1937146c540ca1ac8407,MITDB_P212,212,1800000000,0,20260928,MODEL_V2_TCN_MEAN,0,-7.965171813964844,0.00034723139833658934,4,V2-004-D2-TCNMEAN-F00-S20260928,f219483150b0da6c9efc8908cf7aafee80feffd12bcfdd491381d5991ec6101f
58b93061ee9432a79fc711fdb7a76edb752f4ea912d0b5e633a46080e8e4320e,MITDB_P212,212,155000000,0,20260928,MODEL_V2_TCN_MEAN,0,-2.595459461212158,0.06943121552467346,4,V2-004-D2-TCNMEAN-F00-S20260928,f219483150b0da6c9efc8908cf7aafee80feffd12bcfdd491381d5991ec6101f
58d1fa2e4d5c9a3d360ea84263b2847d4afefbe9acd23077f815db33c706bee9,MITDB_P203,203,585000000,0,20260928,MODEL_V2_TCN_MEAN,1,6.895994186401367,0.9989891648292542,4,V2-004-D2-TCNMEAN-F00-S20260928,f219483150b0da6c9efc8908cf7aafee80feffd12bcfdd491381d5991ec6101f
58db072185c596a7543620046fdc74ca0fc3abfd95b8d3fdb488e2391cfbd9e7,MITDB_P124,124,455000000,0,20260928,MODEL_V2_TCN_MEAN,1,-6.037897109985352,0.0023808900732547045,4,V2-004-D2-TCNMEAN-F00-S20260928,f219483150b0da6c9efc8908cf7aafee80feffd12bcfdd491381d5991ec6101f
58dcc0c23515c743ea3d2fab03033bd21a13491c3e5729422f1c51ebd498396f,MITDB_P105,105,425000000,0,20260928,MODEL_V2_TCN_MEAN,0,-4.673213481903076,0.009255731478333473,4,V2-004-D2-TCNMEAN-F00-S20260928,f219483150b0da6c9efc8908cf7aafee80feffd12bcfdd491381d5991ec6101f
58e0ad72ecf0a0b6de8e5711ee2b8227a5b9135368dd9c750c24ea1a72e2ad85,MITDB_P124,124,900000000,0,20260928,MODEL_V2_TCN_MEAN,0,-2.9480032920837402,0.04983096569776535,4,V2-004-D2-TCNMEAN-F00-S20260928,f219483150b0da6c9efc8908cf7aafee80feffd12bcfdd491381d5991ec6101f
591db84282a57980f3e9c5cf2e117c450ab1bf05264290ea344956c21d3d004c,MITDB_P124,124,385000000,0,20260928,MODEL_V2_TCN_MEAN,0,-3.8606719970703125,0.020619722083210945,4,V2-004-D2-TCNMEAN-F00-S20260928,f219483150b0da6c9efc8908cf7aafee80feffd12bcfdd491381d5991ec6101f
592e497d77c78b882ddf45a3215f89e17a9c13d0d89868f9d5af34cfc3c8d72e,MITDB_P209,209,290000000,0,20260928,MODEL_V2_TCN_MEAN,0,-0.8611158132553101,0.2971062660217285,4,V2-004-D2-TCNMEAN-F00-S20260928,f219483150b0da6c9efc8908cf7aafee80feffd12bcfdd491381d5991ec6101f
596c8a9903275d7b90211cc01b2eab12e854249334fbc097de03256c9a7e0317,MITDB_P124,124,1425000000,0,20260928,MODEL_V2_TCN_MEAN,0,-7.703446388244629,0.0004510657163336873,4,V2-004-D2-TCNMEAN-F00-S20260928,f219483150b0da6c9efc8908cf7aafee80feffd12bcfdd491381d5991ec6101f
5976d3a68ecb92398ee621c5bafccba6c324586eed5a3c765fb818e4770fbb94,MITDB_P222,222,1650000000,0,20260928,MODEL_V2_TCN_MEAN,0,1.1581979990005493,0.7610051035881042,4,V2-004-D2-TCNMEAN-F00-S20260928,f219483150b0da6c9efc8908cf7aafee80feffd12bcfdd491381d5991ec6101f
5981fad055cf1dc210ceecce9cc1199e94fa7a7af8373cdc8690f5dc92d88d28,MITDB_P212,212,940000000,0,20260928,MODEL_V2_TCN_MEAN,0,-3.4151809215545654,0.03182437643408775,4,V2-004-D2-TCNMEAN-F00-S20260928,f219483150b0da6c9efc8908cf7aafee80feffd12bcfdd491381d5991ec6101f
599dbb5046e1ee6c101de0803579794b59bf0bafe9a0c27e45ca762bcde7e841,MITDB_P124,124,40000000,0,20260928,MODEL_V2_TCN_MEAN,0,-2.1605494022369385,0.10334952175617218,4,V2-004-D2-TCNMEAN-F00-S20260928,f219483150b0da6c9efc8908cf7aafee80feffd12bcfdd491381d5991ec6101f
59a363dd93908eae4c5e5b7c2b0c762153ac5df6cd89a6d2688bd3482eb5074e,MITDB_P203,203,1385000000,0,20260928,MODEL_V2_TCN_MEAN,0,-2.332167863845825,0.08849363774061203,4,V2-004-D2-TCNMEAN-F00-S20260928,f219483150b0da6c9efc8908cf7aafee80feffd12bcfdd491381d5991ec6101f
59e61a130fa7a0ce9c67dd8a4c58e517da7e27c051539ad7bffbdcdb3f2866c2,MITDB_P124,124,1215000000,0,20260928,MODEL_V2_TCN_MEAN,0,-4.245856285095215,0.01412119995802641,4,V2-004-D2-TCNMEAN-F00-S20260928,f219483150b0da6c9efc8908cf7aafee80feffd12bcfdd491381d5991ec6101f
59f1be02552e0213646ad2ed0442fd4a6704064b3ccfa786cb60ada334615138,MITDB_P203,203,1675000000,0,20260928,MODEL_V2_TCN_MEAN,1,5.459970474243164,0.9957643747329712,4,V2-004-D2-TCNMEAN-F00-S20260928,f219483150b0da6c9efc8908cf7aafee80feffd12bcfdd491381d5991ec6101f
59f50c2556c82e21cdb8da3d834c81e62114ebaaca38c05e361e338a6e8c39c2,MITDB_P209,209,900000000,0,20260928,MODEL_V2_TCN_MEAN,0,-3.417581081390381,0.03175050765275955,4,V2-004-D2-TCNMEAN-F00-S20260928,f219483150b0da6c9efc8908cf7aafee80feffd12bcfdd491381d5991ec6101f
5a3683a370adde37d6960fd4539b24c1035e2456e6b734e477be161f67153599,MITDB_P212,212,615000000,0,20260928,MODEL_V2_TCN_MEAN,0,-2.2255454063415527,0.09747985005378723,4,V2-004-D2-TCNMEAN-F00-S20260928,f219483150b0da6c9efc8908cf7aafee80feffd12bcfdd491381d5991ec6101f
5a3ab457a6a67338c3b9766b7499b79b6922b8cc6594469a011763aae27badc7,MITDB_P212,212,1425000000,0,20260928,MODEL_V2_TCN_MEAN,0,-3.2761428356170654,0.036398760974407196,4,V2-004-D2-TCNMEAN-F00-S20260928,f219483150b0da6c9efc8908cf7aafee80feffd12bcfdd491381d5991ec6101f
5a4a568f007196bbb78029b1ed8134274b611f7724c5c2a062425a3f06601669,MITDB_P212,212,1265000000,0,20260928,MODEL_V2_TCN_MEAN,0,-4.4126739501953125,0.01197751984000206,4,V2-004-D2-TCNMEAN-F00-S20260928,f219483150b0da6c9efc8908cf7aafee80feffd12bcfdd491381d5991ec6101f
5a80be279b264bfa9ae24d757f98d6570c4a553c66bb8c5240fe87932dfadc37,MITDB_P209,209,230000000,0,20260928,MODEL_V2_TCN_MEAN,0,-1.7706046104431152,0.14546716213226318,4,V2-004-D2-TCNMEAN-F00-S20260928,f219483150b0da6c9efc8908cf7aafee80feffd12bcfdd491381d5991ec6101f
5a9bd6552a7c0258a186b281cbc5f1361d00cad92cfffc4267890aa845721d29,MITDB_P209,209,1790000000,0,20260928,MODEL_V2_TCN_MEAN,0,-6.296464920043945,0.0018394180806353688,4,V2-004-D2-TCNMEAN-F00-S20260928,f219483150b0da6c9efc8908cf7aafee80feffd12bcfdd491381d5991ec6101f
5ac63449b5916bd7f0a2c8ef7fbdf52450cf31c4dabc91652f5bf156dcab3256,MITDB_P212,212,55000000,0,20260928,MODEL_V2_TCN_MEAN,0,-2.1499109268188477,0.10433954745531082,4,V2-004-D2-TCNMEAN-F00-S20260928,f219483150b0da6c9efc8908cf7aafee80feffd12bcfdd491381d5991ec6101f
5acadab77e4f1178834b1fa5d2a0583f79dab50be05156bc61fcffdaae10f172,MITDB_P203,203,670000000,0,20260928,MODEL_V2_TCN_MEAN,1,4.440768241882324,0.9883503913879395,4,V2-004-D2-TCNMEAN-F00-S20260928,f219483150b0da6c9efc8908cf7aafee80feffd12bcfdd491381d5991ec6101f
5afc00611c052a60248b39450985479a7eea4472b4cfcac8e7d72dbd67e38c6a,MITDB_P222,222,1490000000,0,20260928,MODEL_V2_TCN_MEAN,1,1.6107984781265259,0.8335222601890564,4,V2-004-D2-TCNMEAN-F00-S20260928,f219483150b0da6c9efc8908cf7aafee80feffd12bcfdd491381d5991ec6101f
5b2d0e6616b9efdc9fcd30514c8669e4dea03ecde9af1a12b85f4e61a3ecd85e,MITDB_P222,222,280000000,0,20260928,MODEL_V2_TCN_MEAN,0,-4.923855781555176,0.007218554615974426,4,V2-004-D2-TCNMEAN-F00-S20260928,f219483150b0da6c9efc8908cf7aafee80feffd12bcfdd491381d5991ec6101f
5b8d0ffb67441e0ad03404d5dc6111aa6aeb5b25f44048b6d14be70674a08bb2,MITDB_P209,209,390000000,0,20260928,MODEL_V2_TCN_MEAN,1,0.14781883358955383,0.536887526512146,4,V2-004-D2-TCNMEAN-F00-S20260928,f219483150b0da6c9efc8908cf7aafee80feffd12bcfdd491381d5991ec6101f
5b8db04c70d2da9a92702765faf2206505a0ece29259160753ae8ec216ffba9b,MITDB_P203,203,340000000,0,20260928,MODEL_V2_TCN_MEAN,0,-0.2739277780056,0.4319430887699127,4,V2-004-D2-TCNMEAN-F00-S20260928,f219483150b0da6c9efc8908cf7aafee80feffd12bcfdd491381d5991ec6101f
5ba40811aac73246611c96881894abafab0455f0c196d607c95931f7f5a130b7,MITDB_P212,212,570000000,0,20260928,MODEL_V2_TCN_MEAN,0,-1.4284999370574951,0.1933325082063675,4,V2-004-D2-TCNMEAN-F00-S20260928,f219483150b0da6c9efc8908cf7aafee80feffd12bcfdd491381d5991ec6101f
5bb404253836d9b2c410b9b014e9736560dbee8b8518a98146ba54d74e119b33,MITDB_P203,203,315000000,0,20260928,MODEL_V2_TCN_MEAN,1,5.242215156555176,0.9947393536567688,4,V2-004-D2-TCNMEAN-F00-S20260928,f219483150b0da6c9efc8908cf7aafee80feffd12bcfdd491381d5991ec6101f
5bcbc0a7dd0d59ca8e1bdebfc69e151ac3c327beda785ac5fb7da1e0928a28b6,MITDB_P209,209,550000000,0,20260928,MODEL_V2_TCN_MEAN,0,-5.890769958496094,0.0027572237886488438,4,V2-004-D2-TCNMEAN-F00-S20260928,f219483150b0da6c9efc8908cf7aafee80feffd12bcfdd491381d5991ec6101f
5bf738e93826b765168969857ff385651e2110c76374bbb5bea5e4e2a75f0202,MITDB_P212,212,1770000000,0,20260928,MODEL_V2_TCN_MEAN,0,-3.2805447578430176,0.03624468296766281,4,V2-004-D2-TCNMEAN-F00-S20260928,f219483150b0da6c9efc8908cf7aafee80feffd12bcfdd491381d5991ec6101f
5c1b5166907d8b25ae42374b86be344a805bcdb859319c8590e09132e0a34e14,MITDB_P124,124,1775000000,0,20260928,MODEL_V2_TCN_MEAN,0,-6.92313814163208,0.000983766163699329,4,V2-004-D2-TCNMEAN-F00-S20260928,f219483150b0da6c9efc8908cf7aafee80feffd12bcfdd491381d5991ec6101f
5c36c37dcdeb337e151ff21b8cc39f99eaa6bf9f946a0f572b94628c983160fe,MITDB_P203,203,850000000,0,20260928,MODEL_V2_TCN_MEAN,1,7.9423017501831055,0.9996447563171387,4,V2-004-D2-TCNMEAN-F00-S20260928,f219483150b0da6c9efc8908cf7aafee80feffd12bcfdd491381d5991ec6101f
5c434e07bf9c0070f02bde51ad839ff5bbb270f90f4a1ce2f607a21b868a20ee,MITDB_P222,222,1100000000,0,20260928,MODEL_V2_TCN_MEAN,0,-3.473635673522949,0.03007175587117672,4,V2-004-D2-TCNMEAN-F00-S20260928,f219483150b0da6c9efc8908cf7aafee80feffd12bcfdd491381d5991ec6101f
5c53fdb128e480746e4ad177dc5be897ea24dfff82d4185fba0978b6747973cf,MITDB_P124,124,1800000000,0,20260928,MODEL_V2_TCN_MEAN,0,-5.762813568115234,0.003132415469735861,4,V2-004-D2-TCNMEAN-F00-S20260928,f219483150b0da6c9efc8908cf7aafee80feffd12bcfdd491381d5991ec6101f
5ccae0aac63e60bc4c977dc2d9e1dcc28635f8a123ad64a7a628e18688e4a6aa,MITDB_P203,203,1375000000,0,20260928,MODEL_V2_TCN_MEAN,0,-1.0273499488830566,0.2635982036590576,4,V2-004-D2-TCNMEAN-F00-S20260928,f219483150b0da6c9efc8908cf7aafee80feffd12bcfdd491381d5991ec6101f
5cf017d64198aa0abf7e7b79e07697659c0974c9de6e797d7924bd3578c5a3bb,MITDB_P209,209,210000000,0,20260928,MODEL_V2_TCN_MEAN,0,-5.519721508026123,0.003990971948951483,4,V2-004-D2-TCNMEAN-F00-S20260928,f219483150b0da6c9efc8908cf7aafee80feffd12bcfdd491381d5991ec6101f
5cf7c9d0358773c2c2bd4d9e2fa30d7fa9f0099efb84f161ca48fa8c82783af2,MITDB_P105,105,1285000000,0,20260928,MODEL_V2_TCN_MEAN,0,-2.6919946670532227,0.06344738602638245,4,V2-004-D2-TCNMEAN-F00-S20260928,f219483150b0da6c9efc8908cf7aafee80feffd12bcfdd491381d5991ec6101f
5cfac54b15de54558ac3ef795b883996aebc4ad3329a68d0eaeb52ba6f627d68,MITDB_P124,124,1035000000,0,20260928,MODEL_V2_TCN_MEAN,0,-3.2696492671966553,0.03662720322608948,4,V2-004-D2-TCNMEAN-F00-S20260928,f219483150b0da6c9efc8908cf7aafee80feffd12bcfdd491381d5991ec6101f
5d227867671dab9e8344b68d99b006b75cada8ae865ebe01071c765dadbbc174,MITDB_P105,105,1545000000,0,20260928,MODEL_V2_TCN_MEAN,0,-3.3425135612487793,0.0341411754488945,4,V2-004-D2-TCNMEAN-F00-S20260928,f219483150b0da6c9efc8908cf7aafee80feffd12bcfdd491381d5991ec6101f
5d233b33663002d40cb1fee6b363c8ac2a88d784a83708e558908c8d9e1a76a3,MITDB_P222,222,1550000000,0,20260928,MODEL_V2_TCN_MEAN,0,1.6645543575286865,0.8408483862876892,4,V2-004-D2-TCNMEAN-F00-S20260928,f219483150b0da6c9efc8908cf7aafee80feffd12bcfdd491381d5991ec6101f
5d24b52b42c5cf1bebd02133ea8535f44b0da70fbde81da00d913a2d9380df19,MITDB_P203,203,1180000000,0,20260928,MODEL_V2_TCN_MEAN,1,5.932492256164551,0.9973552227020264,4,V2-004-D2-TCNMEAN-F00-S20260928,f219483150b0da6c9efc8908cf7aafee80feffd12bcfdd491381d5991ec6101f
5d3a49bb497d4bc8a96d3b6a693ae5dd2df312ed380e153161cbaec5cabbbd13,MITDB_P105,105,800000000,0,20260928,MODEL_V2_TCN_MEAN,0,-5.239326477050781,0.005275845527648926,4,V2-004-D2-TCNMEAN-F00-S20260928,f219483150b0da6c9efc8908cf7aafee80feffd12bcfdd491381d5991ec6101f
5d785d3231f01da1ab3ca50a25657977691b74f139dd37d65378c761b3b1eef5,MITDB_P105,105,75000000,0,20260928,MODEL_V2_TCN_MEAN,1,-0.932074785232544,0.28250396251678467,4,V2-004-D2-TCNMEAN-F00-S20260928,f219483150b0da6c9efc8908cf7aafee80feffd12bcfdd491381d5991ec6101f
5d8c32289c814420c2e585e5943b3323a7ebe573ae50e6860ca2153ed9429fa7,MITDB_P124,124,1340000000,0,20260928,MODEL_V2_TCN_MEAN,0,-5.887975692749023,0.0027649174444377422,4,V2-004-D2-TCNMEAN-F00-S20260928,f219483150b0da6c9efc8908cf7aafee80feffd12bcfdd491381d5991ec6101f
5d9e67e3e8ae6d50e70b36e77ac0113c526672c1513ad95116e2635b67bcd843,MITDB_P209,209,1710000000,0,20260928,MODEL_V2_TCN_MEAN,1,-1.2989675998687744,0.21433882415294647,4,V2-004-D2-TCNMEAN-F00-S20260928,f219483150b0da6c9efc8908cf7aafee80feffd12bcfdd491381d5991ec6101f
5da8402a35e4da42806a435e33f5c77441ec4bb28d2c60d22d6d925de43c8bdd,MITDB_P222,222,195000000,0,20260928,MODEL_V2_TCN_MEAN,0,-3.3161025047302246,0.03502289205789566,4,V2-004-D2-TCNMEAN-F00-S20260928,f219483150b0da6c9efc8908cf7aafee80feffd12bcfdd491381d5991ec6101f
5db34d78034c289aa5d98b301ed6ae6f25e65313e43a520768757b7d84f0bf58,MITDB_P222,222,1525000000,0,20260928,MODEL_V2_TCN_MEAN,0,-6.552639961242676,0.001424313522875309,4,V2-004-D2-TCNMEAN-F00-S20260928,f219483150b0da6c9efc8908cf7aafee80feffd12bcfdd491381d5991ec6101f
5dba95d2ef22e893679928437cdd04e5ce36afc6ddc77a073b2babcfc9766f6a,MITDB_P222,222,1600000000,0,20260928,MODEL_V2_TCN_MEAN,1,4.048903465270996,0.9828574657440186,4,V2-004-D2-TCNMEAN-F00-S20260928,f219483150b0da6c9efc8908cf7aafee80feffd12bcfdd491381d5991ec6101f
5de001686acad7b5265f2e0c8a0bc251d10fb1f427898d48f0c86dfe12dbb8d3,MITDB_P209,209,990000000,0,20260928,MODEL_V2_TCN_MEAN,1,-4.856062412261963,0.007720984984189272,4,V2-004-D2-TCNMEAN-F00-S20260928,f219483150b0da6c9efc8908cf7aafee80feffd12bcfdd491381d5991ec6101f
5de8188fdccf51061ec27183402abfe0eba3350c7b2dbc472f48ed88cdf3d156,MITDB_P105,105,1620000000,0,20260928,MODEL_V2_TCN_MEAN,1,0.40696975588798523,0.6003610491752625,4,V2-004-D2-TCNMEAN-F00-S20260928,f219483150b0da6c9efc8908cf7aafee80feffd12bcfdd491381d5991ec6101f
5dfedc643e878999a773ab9ef5a1048bd6a755c123716e20b63052a117e3bf29,MITDB_P105,105,135000000,0,20260928,MODEL_V2_TCN_MEAN,1,-1.389785885810852,0.19944193959236145,4,V2-004-D2-TCNMEAN-F00-S20260928,f219483150b0da6c9efc8908cf7aafee80feffd12bcfdd491381d5991ec6101f
5e29a3a1d2bfdbdf8175e0f2ad994c84731dc180b0c2ab216313d6a7da365738,MITDB_P124,124,770000000,0,20260928,MODEL_V2_TCN_MEAN,0,-6.5195159912109375,0.0014722120249643922,4,V2-004-D2-TCNMEAN-F00-S20260928,f219483150b0da6c9efc8908cf7aafee80feffd12bcfdd491381d5991ec6101f
5e2bbf38a4f0bb2a15094ea11fa8afb2b255f7207e4e1bc5f9c72216c0f88623,MITDB_P209,209,1415000000,0,20260928,MODEL_V2_TCN_MEAN,1,-3.608116388320923,0.026387669146060944,4,V2-004-D2-TCNMEAN-F00-S20260928,f219483150b0da6c9efc8908cf7aafee80feffd12bcfdd491381d5991ec6101f
5e9df64e294e67001c7a7da64abe216391c19e6a72adbfbd36920f8e60783016,MITDB_P212,212,170000000,0,20260928,MODEL_V2_TCN_MEAN,0,-1.7336280345916748,0.15012410283088684,4,V2-004-D2-TCNMEAN-F00-S20260928,f219483150b0da6c9efc8908cf7aafee80feffd12bcfdd491381d5991ec6101f
5ebfd12b0f8c37874984e58db6c5b5ca8959443696f61984ab94bee00caabc39,MITDB_P203,203,1235000000,0,20260928,MODEL_V2_TCN_MEAN,1,4.956870079040527,0.9930142760276794,4,V2-004-D2-TCNMEAN-F00-S20260928,f219483150b0da6c9efc8908cf7aafee80feffd12bcfdd491381d5991ec6101f
5ecaa80def81c7a845a71853d749bdb6ca5899312b073b083adbd99f762e3a7a,MITDB_P124,124,400000000,0,20260928,MODEL_V2_TCN_MEAN,0,-7.694828987121582,0.00045496775419451296,4,V2-004-D2-TCNMEAN-F00-S20260928,f219483150b0da6c9efc8908cf7aafee80feffd12bcfdd491381d5991ec6101f
5f056e0f65867fe55b6c0238f1d73aa725bb20300a492d28131c2a7234ebcb7c,MITDB_P222,222,1385000000,0,20260928,MODEL_V2_TCN_MEAN,1,0.9408516883850098,0.7192716598510742,4,V2-004-D2-TCNMEAN-F00-S20260928,f219483150b0da6c9efc8908cf7aafee80feffd12bcfdd491381d5991ec6101f
5f261b6447bd92afcb957760472fbe03ac68a00e12deeab20285e800233561bf,MITDB_P105,105,590000000,0,20260928,MODEL_V2_TCN_MEAN,0,-4.14589786529541,0.015582557767629623,4,V2-004-D2-TCNMEAN-F00-S20260928,f219483150b0da6c9efc8908cf7aafee80feffd12bcfdd491381d5991ec6101f
5f7acec70a33d72feefb9f35549c0c7b6356f8ab1829e4c58d83d4220af87395,MITDB_P105,105,1400000000,0,20260928,MODEL_V2_TCN_MEAN,0,-0.8341162204742432,0.30277541279792786,4,V2-004-D2-TCNMEAN-F00-S20260928,f219483150b0da6c9efc8908cf7aafee80feffd12bcfdd491381d5991ec6101f
5f7fa6cc8c87369ccafe916c227c11d8f8fee39c4c37603a82749bb65050cafd,MITDB_P209,209,65000000,0,20260928,MODEL_V2_TCN_MEAN,0,-4.844485759735107,0.007810185197740793,4,V2-004-D2-TCNMEAN-F00-S20260928,f219483150b0da6c9efc8908cf7aafee80feffd12bcfdd491381d5991ec6101f
5f98093dfbfef1c222032167dfb57ab0a6b5e2a42584d68a8cf0499e17f3f7ac,MITDB_P105,105,40000000,0,20260928,MODEL_V2_TCN_MEAN,1,-0.2748189866542816,0.4317244589328766,4,V2-004-D2-TCNMEAN-F00-S20260928,f219483150b0da6c9efc8908cf7aafee80feffd12bcfdd491381d5991ec6101f
5f9a5af44417f1657dd444edb9a89c9efa325bc9ea11e52317c983f1453e4be6,MITDB_P212,212,920000000,0,20260928,MODEL_V2_TCN_MEAN,0,-3.1368894577026367,0.04161098971962929,4,V2-004-D2-TCNMEAN-F00-S20260928,f219483150b0da6c9efc8908cf7aafee80feffd12bcfdd491381d5991ec6101f
5fa31df0e81a43c40046e39de7574565b5663894a5f0ee583f87405bcc110fe5,MITDB_P124,124,1270000000,0,20260928,MODEL_V2_TCN_MEAN,0,-5.224789142608643,0.005352688953280449,4,V2-004-D2-TCNMEAN-F00-S20260928,f219483150b0da6c9efc8908cf7aafee80feffd12bcfdd491381d5991ec6101f
5fb01fc8f02f0d4139d8f18e417da55e58bb9ca58643e4ff8ecebfc616cc67df,MITDB_P209,209,575000000,0,20260928,MODEL_V2_TCN_MEAN,1,0.12065038084983826,0.5301260948181152,4,V2-004-D2-TCNMEAN-F00-S20260928,f219483150b0da6c9efc8908cf7aafee80feffd12bcfdd491381d5991ec6101f
5fd57d4a9216c89c7229e149400d29943aa6dd5ac264045f91062ffb4e95ca44,MITDB_P124,124,1300000000,0,20260928,MODEL_V2_TCN_MEAN,0,-3.1869986057281494,0.03965793177485466,4,V2-004-D2-TCNMEAN-F00-S20260928,f219483150b0da6c9efc8908cf7aafee80feffd12bcfdd491381d5991ec6101f
5fe1afb9f7bf4102e0bdf5883940b5f813f0630f0854745efb46cd4345c53496,MITDB_P203,203,860000000,0,20260928,MODEL_V2_TCN_MEAN,1,5.935849189758301,0.9973639845848083,4,V2-004-D2-TCNMEAN-F00-S20260928,f219483150b0da6c9efc8908cf7aafee80feffd12bcfdd491381d5991ec6101f
5feea1f855e142acd03c9cb9566a6eec0e557487e1ad7b877ff7ec8789e2c765,MITDB_P105,105,705000000,0,20260928,MODEL_V2_TCN_MEAN,0,-5.712027072906494,0.0032950707245618105,4,V2-004-D2-TCNMEAN-F00-S20260928,f219483150b0da6c9efc8908cf7aafee80feffd12bcfdd491381d5991ec6101f
6014e9747f07525c373e09b27c74f539e96c61eebd4db1473d7b318312652951,MITDB_P209,209,755000000,0,20260928,MODEL_V2_TCN_MEAN,1,0.32636407017707825,0.5808744430541992,4,V2-004-D2-TCNMEAN-F00-S20260928,f219483150b0da6c9efc8908cf7aafee80feffd12bcfdd491381d5991ec6101f
601769cb125ff118a97c5b5a5f7729c8f33331489fecacd83c4acece02c59daf,MITDB_P209,209,1475000000,0,20260928,MODEL_V2_TCN_MEAN,0,-5.68770694732666,0.0033759158104658127,4,V2-004-D2-TCNMEAN-F00-S20260928,f219483150b0da6c9efc8908cf7aafee80feffd12bcfdd491381d5991ec6101f
60586dc8cf3e1350a66213ec4745ca1c32616bdfb60cae42a90703c6c02b263c,MITDB_P203,203,950000000,0,20260928,MODEL_V2_TCN_MEAN,1,9.584381103515625,0.9999312162399292,4,V2-004-D2-TCNMEAN-F00-S20260928,f219483150b0da6c9efc8908cf7aafee80feffd12bcfdd491381d5991ec6101f
6061812c42cc5a01f61809d2d70cf755b0aea496e231aef6b88cda697568b2ec,MITDB_P209,209,45000000,0,20260928,MODEL_V2_TCN_MEAN,0,-5.807275295257568,0.002996601862832904,4,V2-004-D2-TCNMEAN-F00-S20260928,f219483150b0da6c9efc8908cf7aafee80feffd12bcfdd491381d5991ec6101f
60737031f302bfd50577ea958606cd95ad97f9e16a1f127c1fce6ecc1cbe5003,MITDB_P124,124,75000000,0,20260928,MODEL_V2_TCN_MEAN,0,-0.21383336186408997,0.446744441986084,4,V2-004-D2-TCNMEAN-F00-S20260928,f219483150b0da6c9efc8908cf7aafee80feffd12bcfdd491381d5991ec6101f
60e27e81ff932f2261f6b295d5c8f52011d267973994fb40fd40deb7fa9153c8,MITDB_P222,222,600000000,0,20260928,MODEL_V2_TCN_MEAN,0,-2.6833207607269287,0.06396476179361343,4,V2-004-D2-TCNMEAN-F00-S20260928,f219483150b0da6c9efc8908cf7aafee80feffd12bcfdd491381d5991ec6101f
60f0b883a1415e6f14b33703628c29e11d22f160e48c861b6a3c2403218f88f4,MITDB_P105,105,695000000,0,20260928,MODEL_V2_TCN_MEAN,0,-4.914687156677246,0.007284558843821287,4,V2-004-D2-TCNMEAN-F00-S20260928,f219483150b0da6c9efc8908cf7aafee80feffd12bcfdd491381d5991ec6101f
60f2b3355ab47627c5c096cc67144d29bfe8e03ffb29d48881dc92b65f307a8b,MITDB_P124,124,1450000000,0,20260928,MODEL_V2_TCN_MEAN,0,-6.306427955627441,0.0018212160794064403,4,V2-004-D2-TCNMEAN-F00-S20260928,f219483150b0da6c9efc8908cf7aafee80feffd12bcfdd491381d5991ec6101f
60fc1b6c90fd7483bf0d8b3ef85ae67146583e313328d2ba0a2ffa11b289f67a,MITDB_P209,209,975000000,0,20260928,MODEL_V2_TCN_MEAN,1,-5.179812908172607,0.005597550887614489,4,V2-004-D2-TCNMEAN-F00-S20260928,f219483150b0da6c9efc8908cf7aafee80feffd12bcfdd491381d5991ec6101f
61295e2722e0f1c632439da5b8529205807d83b70cfeebfb9e31f470513d0c86,MITDB_P105,105,85000000,0,20260928,MODEL_V2_TCN_MEAN,0,-5.339948654174805,0.004773224238306284,4,V2-004-D2-TCNMEAN-F00-S20260928,f219483150b0da6c9efc8908cf7aafee80feffd12bcfdd491381d5991ec6101f
613d590989cf69c56cdae8215140b060df8fd011ebf5bbd847b0d396cfa8b783,MITDB_P222,222,1350000000,0,20260928,MODEL_V2_TCN_MEAN,1,1.393117904663086,0.8010895252227783,4,V2-004-D2-TCNMEAN-F00-S20260928,f219483150b0da6c9efc8908cf7aafee80feffd12bcfdd491381d5991ec6101f
613e24776ae9f17642d338399d71a3cdb3d82900e2d0055b652f86fe00cee19b,MITDB_P124,124,875000000,0,20260928,MODEL_V2_TCN_MEAN,0,-5.292422294616699,0.005004392471164465,4,V2-004-D2-TCNMEAN-F00-S20260928,f219483150b0da6c9efc8908cf7aafee80feffd12bcfdd491381d5991ec6101f
615818ed59a238a12e23b292150ecd051a57a9604302f77ef3684e4c895754e7,MITDB_P222,222,1735000000,0,20260928,MODEL_V2_TCN_MEAN,0,-0.929135799407959,0.28310006856918335,4,V2-004-D2-TCNMEAN-F00-S20260928,f219483150b0da6c9efc8908cf7aafee80feffd12bcfdd491381d5991ec6101f
6166a5f48b401a81055276ad8c06d217761584a2b042227d1a25ac6c20e9b9b4,MITDB_P222,222,650000000,0,20260928,MODEL_V2_TCN_MEAN,0,1.3307888507843018,0.7909711599349976,4,V2-004-D2-TCNMEAN-F00-S20260928,f219483150b0da6c9efc8908cf7aafee80feffd12bcfdd491381d5991ec6101f
617e483df7706f8ca9b2a29482d08bd646d8f70f6aae8f023021700489742f23,MITDB_P212,212,1410000000,0,20260928,MODEL_V2_TCN_MEAN,0,-2.8182692527770996,0.0563448891043663,4,V2-004-D2-TCNMEAN-F00-S20260928,f219483150b0da6c9efc8908cf7aafee80feffd12bcfdd491381d5991ec6101f
6181281666ca0ca46938ccba386bde6e6fc47dd32ca1c16a359e8110060498bf,MITDB_P124,124,1710000000,0,20260928,MODEL_V2_TCN_MEAN,0,-7.87128210067749,0.00038139932439662516,4,V2-004-D2-TCNMEAN-F00-S20260928,f219483150b0da6c9efc8908cf7aafee80feffd12bcfdd491381d5991ec6101f
6186207236eb609c0262dc82e5c2e55aea4a54e1e96cab5a7dc88e7ca420ac7a,MITDB_P203,203,1080000000,0,20260928,MODEL_V2_TCN_MEAN,1,7.867891311645508,0.9996172189712524,4,V2-004-D2-TCNMEAN-F00-S20260928,f219483150b0da6c9efc8908cf7aafee80feffd12bcfdd491381d5991ec6101f
61a8e9da08363554f920634945628b8fdb17039ebe491d16eafa038fa8be35a1,MITDB_P105,105,35000000,0,20260928,MODEL_V2_TCN_MEAN,0,-5.854717254638672,0.002858153311535716,4,V2-004-D2-TCNMEAN-F00-S20260928,f219483150b0da6c9efc8908cf7aafee80feffd12bcfdd491381d5991ec6101f
61b3348a994f70efb4c3767fe771a7a1c69d9d36c64bd9dfb95970fc58ffbdd5,MITDB_P212,212,1640000000,0,20260928,MODEL_V2_TCN_MEAN,0,-7.318090915679932,0.0006629877025261521,4,V2-004-D2-TCNMEAN-F00-S20260928,f219483150b0da6c9efc8908cf7aafee80feffd12bcfdd491381d5991ec6101f
61e25e42ed0e09c8afcb264d3c59645993a3b74f029f40d392c56292f9d1c250,MITDB_P222,222,1310000000,0,20260928,MODEL_V2_TCN_MEAN,1,-0.14717510342597961,0.46327248215675354,4,V2-004-D2-TCNMEAN-F00-S20260928,f219483150b0da6c9efc8908cf7aafee80feffd12bcfdd491381d5991ec6101f
626418d47236868ec2d125fb1e744bfcca1def765be2ea1bbc615e6c45f2cf6f,MITDB_P105,105,840000000,0,20260928,MODEL_V2_TCN_MEAN,0,-5.063516616821289,0.00628355098888278,4,V2-004-D2-TCNMEAN-F00-S20260928,f219483150b0da6c9efc8908cf7aafee80feffd12bcfdd491381d5991ec6101f
626e3bd97a67da89af43ea58e7d937459c205d1ecbafa8366f3e8d0e65149d79,MITDB_P124,124,855000000,0,20260928,MODEL_V2_TCN_MEAN,0,-4.892946243286133,0.007443474140018225,4,V2-004-D2-TCNMEAN-F00-S20260928,f219483150b0da6c9efc8908cf7aafee80feffd12bcfdd491381d5991ec6101f
627f1f16a329176dd07ee38c2c46c8afcad71d2938e68ba7084cfdebe07be411,MITDB_P209,209,1055000000,0,20260928,MODEL_V2_TCN_MEAN,1,-2.714110851287842,0.06214582175016403,4,V2-004-D2-TCNMEAN-F00-S20260928,f219483150b0da6c9efc8908cf7aafee80feffd12bcfdd491381d5991ec6101f
6280c9372325c6cb03fc39b147e8c1cb323c883908e0d64afbe2553121db9a13,MITDB_P105,105,400000000,0,20260928,MODEL_V2_TCN_MEAN,0,-5.922018051147461,0.0026726245414465666,4,V2-004-D2-TCNMEAN-F00-S20260928,f219483150b0da6c9efc8908cf7aafee80feffd12bcfdd491381d5991ec6101f
628f2b6566cc28502cb2d4d7681798b13fa7dfe86e3e5006a68e70deff38dbba,MITDB_P124,124,115000000,0,20260928,MODEL_V2_TCN_MEAN,0,0.05965539813041687,0.5149094462394714,4,V2-004-D2-TCNMEAN-F00-S20260928,f219483150b0da6c9efc8908cf7aafee80feffd12bcfdd491381d5991ec6101f
6292bfe8db21025aa031a72f78828a9d71bf0d120c676ddbaebd42faf7130a72,MITDB_P124,124,740000000,0,20260928,MODEL_V2_TCN_MEAN,0,-5.579895496368408,0.003758777864277363,4,V2-004-D2-TCNMEAN-F00-S20260928,f219483150b0da6c9efc8908cf7aafee80feffd12bcfdd491381d5991ec6101f
62af35c23afda3ecdca4c3878d65fe9c33e263ed26da8c0a1da5633900611c3e,MITDB_P203,203,1535000000,0,20260928,MODEL_V2_TCN_MEAN,1,9.138524055480957,0.9998925924301147,4,V2-004-D2-TCNMEAN-F00-S20260928,f219483150b0da6c9efc8908cf7aafee80feffd12bcfdd491381d5991ec6101f
62cfbf3a2a3ec1c41e396018daa5064be587c16ea314510239892a7d0273c16e,MITDB_P209,209,240000000,0,20260928,MODEL_V2_TCN_MEAN,0,-2.6498684883117676,0.06599711626768112,4,V2-004-D2-TCNMEAN-F00-S20260928,f219483150b0da6c9efc8908cf7aafee80feffd12bcfdd491381d5991ec6101f
62d622db8b581dff750aaa92d4cb60114f74d7b3ad7480e76964e019b5206a5d,MITDB_P105,105,1580000000,0,20260928,MODEL_V2_TCN_MEAN,1,-2.255315065383911,0.0948919877409935,4,V2-004-D2-TCNMEAN-F00-S20260928,f219483150b0da6c9efc8908cf7aafee80feffd12bcfdd491381d5991ec6101f
62dd397b30f39f4f1ffa6064348084fbbdd3844b87d6baa630d57df5c5241771,MITDB_P203,203,1405000000,0,20260928,MODEL_V2_TCN_MEAN,0,0.9447590112686157,0.7200599908828735,4,V2-004-D2-TCNMEAN-F00-S20260928,f219483150b0da6c9efc8908cf7aafee80feffd12bcfdd491381d5991ec6101f
62ef0881ababf0d076442cc9c7ad829a90e69bf056e8c594d8fc9b0203a06cac,MITDB_P212,212,630000000,0,20260928,MODEL_V2_TCN_MEAN,0,-3.0109241008758545,0.046934790909290314,4,V2-004-D2-TCNMEAN-F00-S20260928,f219483150b0da6c9efc8908cf7aafee80feffd12bcfdd491381d5991ec6101f
63121014afe36993be94f075af309d1fb0cde3ff5d1e9897bccb2bd7eedacd47,MITDB_P212,212,1130000000,0,20260928,MODEL_V2_TCN_MEAN,0,-7.741504669189453,0.0004342288011685014,4,V2-004-D2-TCNMEAN-F00-S20260928,f219483150b0da6c9efc8908cf7aafee80feffd12bcfdd491381d5991ec6101f
633b839b72f1b25593aca7b45ab6910da389c7282d3816f6fb5a6fa292a4cd9c,MITDB_P212,212,145000000,0,20260928,MODEL_V2_TCN_MEAN,0,-5.535171985626221,0.003930023871362209,4,V2-004-D2-TCNMEAN-F00-S20260928,f219483150b0da6c9efc8908cf7aafee80feffd12bcfdd491381d5991ec6101f
634ebef59d7ad5bd6dbc15e29c4ca96998578208eac42582d971d8fe516198ff,MITDB_P124,124,1795000000,0,20260928,MODEL_V2_TCN_MEAN,0,-7.335999965667725,0.000651227543130517,4,V2-004-D2-TCNMEAN-F00-S20260928,f219483150b0da6c9efc8908cf7aafee80feffd12bcfdd491381d5991ec6101f
63531ad15afab3e42ad09bbd86fca6ca79ba455a1343305ca8354024c6df8fcb,MITDB_P203,203,1660000000,0,20260928,MODEL_V2_TCN_MEAN,1,4.379495143890381,0.9876234531402588,4,V2-004-D2-TCNMEAN-F00-S20260928,f219483150b0da6c9efc8908cf7aafee80feffd12bcfdd491381d5991ec6101f
63588470a55ba281fb09c5ff0641fb9afc8112975d34163568b0e55da52f3264,MITDB_P124,124,265000000,0,20260928,MODEL_V2_TCN_MEAN,0,-0.5108423233032227,0.3749960660934448,4,V2-004-D2-TCNMEAN-F00-S20260928,f219483150b0da6c9efc8908cf7aafee80feffd12bcfdd491381d5991ec6101f
6374c3fa3c37f18bb925097d42bd6f5516fb32e16990713d04749a9c8183cf3b,MITDB_P203,203,1765000000,0,20260928,MODEL_V2_TCN_MEAN,0,3.3445756435394287,0.9659267067909241,4,V2-004-D2-TCNMEAN-F00-S20260928,f219483150b0da6c9efc8908cf7aafee80feffd12bcfdd491381d5991ec6101f
637c41f2e6905adc32069504c8debb46880b5815488c97e585a2b2fb2e697045,MITDB_P203,203,50000000,0,20260928,MODEL_V2_TCN_MEAN,1,7.568393230438232,0.9994837045669556,4,V2-004-D2-TCNMEAN-F00-S20260928,f219483150b0da6c9efc8908cf7aafee80feffd12bcfdd491381d5991ec6101f
63ab319bce1a479b509fd6588697629a679ccc6ad101991440ea6188099f43ab,MITDB_P124,124,1595000000,0,20260928,MODEL_V2_TCN_MEAN,0,-5.264307022094727,0.00514635443687439,4,V2-004-D2-TCNMEAN-F00-S20260928,f219483150b0da6c9efc8908cf7aafee80feffd12bcfdd491381d5991ec6101f
63c0a8f27bf6fe7a18fdf7317c3602d23e25b630036f121579c34dac8d336942,MITDB_P209,209,1230000000,0,20260928,MODEL_V2_TCN_MEAN,1,-4.729330062866211,0.00875505805015564,4,V2-004-D2-TCNMEAN-F00-S20260928,f219483150b0da6c9efc8908cf7aafee80feffd12bcfdd491381d5991ec6101f
642e24e70773008f2bcbb151b6e8e60ef7dadf84ec61353e11798e7815f320e9,MITDB_P212,212,1180000000,0,20260928,MODEL_V2_TCN_MEAN,0,-1.9320225715637207,0.12652687728405,4,V2-004-D2-TCNMEAN-F00-S20260928,f219483150b0da6c9efc8908cf7aafee80feffd12bcfdd491381d5991ec6101f
6431fdd9ef1c64e179af94421620af95b3b30b9e4e168a78c21303aca5b8dcb1,MITDB_P105,105,1140000000,0,20260928,MODEL_V2_TCN_MEAN,0,-2.0140037536621094,0.1177404448390007,4,V2-004-D2-TCNMEAN-F00-S20260928,f219483150b0da6c9efc8908cf7aafee80feffd12bcfdd491381d5991ec6101f
64473916dc4e33273e461d324359437b8606dd52db7c3940d2e81325c7109439,MITDB_P209,209,1550000000,0,20260928,MODEL_V2_TCN_MEAN,1,-5.807547569274902,0.0029957883525639772,4,V2-004-D2-TCNMEAN-F00-S20260928,f219483150b0da6c9efc8908cf7aafee80feffd12bcfdd491381d5991ec6101f
64a5c6f3986bb0a4f25826ce6950874d768df872e2d0a56e5e1994e343f07860,MITDB_P222,222,135000000,0,20260928,MODEL_V2_TCN_MEAN,0,-6.654338836669922,0.0012867618352174759,4,V2-004-D2-TCNMEAN-F00-S20260928,f219483150b0da6c9efc8908cf7aafee80feffd12bcfdd491381d5991ec6101f
64e109a7ff80eafee4e23eee6e315c88b3dfb89db066ef27a0f8aa89eabdfeb7,MITDB_P212,212,1530000000,0,20260928,MODEL_V2_TCN_MEAN,0,-5.755803108215332,0.003154382575303316,4,V2-004-D2-TCNMEAN-F00-S20260928,f219483150b0da6c9efc8908cf7aafee80feffd12bcfdd491381d5991ec6101f
64e45c9169278309e3c2c7d2efec33945f280a317ae638de33d908bba7e2db28,MITDB_P105,105,1430000000,0,20260928,MODEL_V2_TCN_MEAN,0,-1.4128350019454956,0.19578728079795837,4,V2-004-D2-TCNMEAN-F00-S20260928,f219483150b0da6c9efc8908cf7aafee80feffd12bcfdd491381d5991ec6101f
64e967f7b96197084c64d3509010e7899ebd5c565742f33556dcf6f369049384,MITDB_P209,209,1075000000,0,20260928,MODEL_V2_TCN_MEAN,1,-3.987778902053833,0.01820334419608116,4,V2-004-D2-TCNMEAN-F00-S20260928,f219483150b0da6c9efc8908cf7aafee80feffd12bcfdd491381d5991ec6101f
64ea58c6b635134591b03eb84b9515e7513ea13e3370a82f9e1232a158daa995,MITDB_P212,212,70000000,0,20260928,MODEL_V2_TCN_MEAN,0,-4.313143730163574,0.01321442425251007,4,V2-004-D2-TCNMEAN-F00-S20260928,f219483150b0da6c9efc8908cf7aafee80feffd12bcfdd491381d5991ec6101f
64efb084658edc85b5dd1eeecef0dee5eb37ebb833cc6ed08fa58383f4ff28e3,MITDB_P209,209,650000000,0,20260928,MODEL_V2_TCN_MEAN,1,-5.171718120574951,0.0056427884846925735,4,V2-004-D2-TCNMEAN-F00-S20260928,f219483150b0da6c9efc8908cf7aafee80feffd12bcfdd491381d5991ec6101f
6507b377172edb3c05e7d9541239176656e2d1425c94aa6a6b13829a02b59132,MITDB_P222,222,575000000,0,20260928,MODEL_V2_TCN_MEAN,1,4.694169044494629,0.990934431552887,4,V2-004-D2-TCNMEAN-F00-S20260928,f219483150b0da6c9efc8908cf7aafee80feffd12bcfdd491381d5991ec6101f
6513c833b8e8fdeb5dedfd91e515839d87050b03411ceafb4c0bd14ff5de7602,MITDB_P212,212,900000000,0,20260928,MODEL_V2_TCN_MEAN,0,-3.16131854057312,0.04064760357141495,4,V2-004-D2-TCNMEAN-F00-S20260928,f219483150b0da6c9efc8908cf7aafee80feffd12bcfdd491381d5991ec6101f
65275a78ee4b1de1957f20b2db09856aa8b3c87f5e7f32eabbed7dbc6a7f198c,MITDB_P124,124,155000000,0,20260928,MODEL_V2_TCN_MEAN,0,-0.49619725346565247,0.3784347176551819,4,V2-004-D2-TCNMEAN-F00-S20260928,f219483150b0da6c9efc8908cf7aafee80feffd12bcfdd491381d5991ec6101f
6543c5d244c578629422cf87065038939c98a2bb7dd49fba3f1b4fe7678e8c9c,MITDB_P105,105,285000000,0,20260928,MODEL_V2_TCN_MEAN,1,-2.4076828956604004,0.08258870989084244,4,V2-004-D2-TCNMEAN-F00-S20260928,f219483150b0da6c9efc8908cf7aafee80feffd12bcfdd491381d5991ec6101f
655d8b14e6dc947cdb163a9db0096adaf96fdbfca146c4d5f261831cd83124f4,MITDB_P209,209,590000000,0,20260928,MODEL_V2_TCN_MEAN,1,-2.465221643447876,0.07833252102136612,4,V2-004-D2-TCNMEAN-F00-S20260928,f219483150b0da6c9efc8908cf7aafee80feffd12bcfdd491381d5991ec6101f
65703d75bae3b908ff6edf49fa215f0e1f665b248ce39aa2aa37150e90f71c74,MITDB_P209,209,1255000000,0,20260928,MODEL_V2_TCN_MEAN,0,-5.384372711181641,0.004566766321659088,4,V2-004-D2-TCNMEAN-F00-S20260928,f219483150b0da6c9efc8908cf7aafee80feffd12bcfdd491381d5991ec6101f
657aa8151fcee8084fbbc8f001802c4100c16819a7b7cfd4ec9b8434ea06a919,MITDB_P203,203,1515000000,0,20260928,MODEL_V2_TCN_MEAN,0,2.302670955657959,0.9090979695320129,4,V2-004-D2-TCNMEAN-F00-S20260928,f219483150b0da6c9efc8908cf7aafee80feffd12bcfdd491381d5991ec6101f
65914de1b98a083153495a015d4f393e3dadd98c2b7d41445239b045949cd656,MITDB_P203,203,930000000,0,20260928,MODEL_V2_TCN_MEAN,1,7.25119161605835,0.999291181564331,4,V2-004-D2-TCNMEAN-F00-S20260928,f219483150b0da6c9efc8908cf7aafee80feffd12bcfdd491381d5991ec6101f
65ea91536008e0587e1049a7586522571f664e46f8050ade2c25ef36f1f15de3,MITDB_P209,209,660000000,0,20260928,MODEL_V2_TCN_MEAN,1,-5.382389068603516,0.004575792234390974,4,V2-004-D2-TCNMEAN-F00-S20260928,f219483150b0da6c9efc8908cf7aafee80feffd12bcfdd491381d5991ec6101f
65f138dac00f74b54ca42d01ecb63e2016a8a196b0471cb3711c28bbb3e91beb,MITDB_P105,105,1130000000,0,20260928,MODEL_V2_TCN_MEAN,0,-4.455189228057861,0.011484690941870213,4,V2-004-D2-TCNMEAN-F00-S20260928,f219483150b0da6c9efc8908cf7aafee80feffd12bcfdd491381d5991ec6101f
66317128670fa1d0812172aec678ef1f7f378218af8d20fdf15c8b3bb7f278d6,MITDB_P212,212,500000000,0,20260928,MODEL_V2_TCN_MEAN,0,-2.6678311824798584,0.06489846110343933,4,V2-004-D2-TCNMEAN-F00-S20260928,f219483150b0da6c9efc8908cf7aafee80feffd12bcfdd491381d5991ec6101f
663176e420a3c804d8480f0558ee69954065a6596616589389b57b978179baaf,MITDB_P203,203,235000000,0,20260928,MODEL_V2_TCN_MEAN,1,7.599626541137695,0.9994995594024658,4,V2-004-D2-TCNMEAN-F00-S20260928,f219483150b0da6c9efc8908cf7aafee80feffd12bcfdd491381d5991ec6101f
664c330520ad6f8c2d3e206a8c4416afcbf77db0df296158468c067efe72097b,MITDB_P222,222,980000000,0,20260928,MODEL_V2_TCN_MEAN,0,-0.3224475681781769,0.42007938027381897,4,V2-004-D2-TCNMEAN-F00-S20260928,f219483150b0da6c9efc8908cf7aafee80feffd12bcfdd491381d5991ec6101f
6681bdab8b197c91cc8cecf4a9e0277a2c7870a05624c06dfd7d8c4069e9a03e,MITDB_P209,209,670000000,0,20260928,MODEL_V2_TCN_MEAN,1,-5.023222923278809,0.006540218833833933,4,V2-004-D2-TCNMEAN-F00-S20260928,f219483150b0da6c9efc8908cf7aafee80feffd12bcfdd491381d5991ec6101f
6690ef0d2f8fc9a02a77836f114b0e0e6c1eb65a3f0a486d9049178a1702b6ec,MITDB_P212,212,335000000,0,20260928,MODEL_V2_TCN_MEAN,0,-5.347195625305176,0.004738921299576759,4,V2-004-D2-TCNMEAN-F00-S20260928,f219483150b0da6c9efc8908cf7aafee80feffd12bcfdd491381d5991ec6101f
669389517f21a31aafe8dfe13526013c29695fb547032a091d0ae2b570e5a4e5,MITDB_P203,203,635000000,0,20260928,MODEL_V2_TCN_MEAN,1,8.700140953063965,0.9998334646224976,4,V2-004-D2-TCNMEAN-F00-S20260928,f219483150b0da6c9efc8908cf7aafee80feffd12bcfdd491381d5991ec6101f
66df334b79d5e26597f875bbc2723168c5b73658e2b3d8cc87fbc00201ca8a10,MITDB_P222,222,15000000,0,20260928,MODEL_V2_TCN_MEAN,0,-4.926970481872559,0.0071962676011025906,4,V2-004-D2-TCNMEAN-F00-S20260928,f219483150b0da6c9efc8908cf7aafee80feffd12bcfdd491381d5991ec6101f
671d05c8f6ab8cae2dcea6ce52458925f53b1706f6d19a109c7425d70ee2c324,MITDB_P105,105,1470000000,0,20260928,MODEL_V2_TCN_MEAN,1,-1.6749669313430786,0.15776307880878448,4,V2-004-D2-TCNMEAN-F00-S20260928,f219483150b0da6c9efc8908cf7aafee80feffd12bcfdd491381d5991ec6101f
6753a8b6ce38b0bfab5c1a5b07def79d2ec76a7ff1e5ea35c3e4af910bc4f2f3,MITDB_P222,222,270000000,0,20260928,MODEL_V2_TCN_MEAN,0,-7.497552871704102,0.0005541322752833366,4,V2-004-D2-TCNMEAN-F00-S20260928,f219483150b0da6c9efc8908cf7aafee80feffd12bcfdd491381d5991ec6101f
675958108c8d9dd53ca816c3a85ad70d5e3d0465f03858dc6c45bd4277fc405b,MITDB_P212,212,205000000,0,20260928,MODEL_V2_TCN_MEAN,0,-4.025645732879639,0.01753879338502884,4,V2-004-D2-TCNMEAN-F00-S20260928,f219483150b0da6c9efc8908cf7aafee80feffd12bcfdd491381d5991ec6101f
678a4c4755134e469e1101520d51badc7e004c1065bb631ef037f600d7a4d027,MITDB_P203,203,515000000,0,20260928,MODEL_V2_TCN_MEAN,1,9.994771957397461,0.999954342842102,4,V2-004-D2-TCNMEAN-F00-S20260928,f219483150b0da6c9efc8908cf7aafee80feffd12bcfdd491381d5991ec6101f
67bca8d408fb0bc67297823f38f74258aa42e2cb6401f6bb00a359bdd1ac708c,MITDB_P105,105,1625000000,0,20260928,MODEL_V2_TCN_MEAN,0,-2.1469812393188477,0.10461365431547165,4,V2-004-D2-TCNMEAN-F00-S20260928,f219483150b0da6c9efc8908cf7aafee80feffd12bcfdd491381d5991ec6101f
67c455b18e4fc2b62342a98fbae0117a715449806e3ff6ad35f7788fe9cc9e6b,MITDB_P212,212,665000000,0,20260928,MODEL_V2_TCN_MEAN,0,-2.9721312522888184,0.04870088770985603,4,V2-004-D2-TCNMEAN-F00-S20260928,f219483150b0da6c9efc8908cf7aafee80feffd12bcfdd491381d5991ec6101f
67f0975502176b094489e11a5857a9ee8e21f9417dd3cd86d4372648a9f7f638,MITDB_P124,124,735000000,0,20260928,MODEL_V2_TCN_MEAN,0,-7.035610675811768,0.0008792069274932146,4,V2-004-D2-TCNMEAN-F00-S20260928,f219483150b0da6c9efc8908cf7aafee80feffd12bcfdd491381d5991ec6101f
67fb176fd3e7c7f2de49a64ce8aae7f71add8b2983235e3e7dc1148586d57a4e,MITDB_P212,212,970000000,0,20260928,MODEL_V2_TCN_MEAN,0,-4.098700523376465,0.016323352232575417,4,V2-004-D2-TCNMEAN-F00-S20260928,f219483150b0da6c9efc8908cf7aafee80feffd12bcfdd491381d5991ec6101f
682d6012f1d017acf714bdd61c4199e382e3bb7026d8d527b77d3f9a9dbad39d,MITDB_P209,209,1175000000,0,20260928,MODEL_V2_TCN_MEAN,1,-5.350683689117432,0.004722497891634703,4,V2-004-D2-TCNMEAN-F00-S20260928,f219483150b0da6c9efc8908cf7aafee80feffd12bcfdd491381d5991ec6101f
6830d6dda8d79545c39d62a06fa225e40c794815f5f64f4d86eed7a35cb28329,MITDB_P222,222,1175000000,0,20260928,MODEL_V2_TCN_MEAN,1,5.17640495300293,0.9943834543228149,4,V2-004-D2-TCNMEAN-F00-S20260928,f219483150b0da6c9efc8908cf7aafee80feffd12bcfdd491381d5991ec6101f
6840ea5084160632f5d66295a0cf1cb08f62697fae931b2c6ddb97d460d17a41,MITDB_P105,105,1395000000,0,20260928,MODEL_V2_TCN_MEAN,0,-2.5831215381622314,0.07023262232542038,4,V2-004-D2-TCNMEAN-F00-S20260928,f219483150b0da6c9efc8908cf7aafee80feffd12bcfdd491381d5991ec6101f
68431eee4dc48e6ce352545ef0c8931b6350abd7bfdd5aeb95acf213118b7b71,MITDB_P105,105,1355000000,0,20260928,MODEL_V2_TCN_MEAN,0,-1.285880446434021,0.21655088663101196,4,V2-004-D2-TCNMEAN-F00-S20260928,f219483150b0da6c9efc8908cf7aafee80feffd12bcfdd491381d5991ec6101f
686098a6156ad678d647bad4347d16182231fc68fc6169200fc31156e0bfc17a,MITDB_P212,212,245000000,0,20260928,MODEL_V2_TCN_MEAN,0,-3.790759325027466,0.022079922258853912,4,V2-004-D2-TCNMEAN-F00-S20260928,f219483150b0da6c9efc8908cf7aafee80feffd12bcfdd491381d5991ec6101f
68a436828715799be0641a539ac3409d405e38a87a069ef6f243abe8b32cbe38,MITDB_P124,124,1210000000,0,20260928,MODEL_V2_TCN_MEAN,0,-5.488340854644775,0.004117673262953758,4,V2-004-D2-TCNMEAN-F00-S20260928,f219483150b0da6c9efc8908cf7aafee80feffd12bcfdd491381d5991ec6101f
68aa721222d9ed4ec05bc37b3fb2ac12c1d37d36de2aa55b3850ee2847e240d5,MITDB_P105,105,1790000000,0,20260928,MODEL_V2_TCN_MEAN,0,-4.468362331390381,0.011336097493767738,4,V2-004-D2-TCNMEAN-F00-S20260928,f219483150b0da6c9efc8908cf7aafee80feffd12bcfdd491381d5991ec6101f
68b2554b00bb7deaa71bc18a7e1c837867bc6c13c276cc336c77dd93e26c62e7,MITDB_P212,212,1055000000,0,20260928,MODEL_V2_TCN_MEAN,0,-2.516155958175659,0.07473331689834595,4,V2-004-D2-TCNMEAN-F00-S20260928,f219483150b0da6c9efc8908cf7aafee80feffd12bcfdd491381d5991ec6101f
68c3060ea145acba2d5adc80316872e5764342173212912ce5e4903daf586278,MITDB_P203,203,770000000,0,20260928,MODEL_V2_TCN_MEAN,1,9.931680679321289,0.9999513626098633,4,V2-004-D2-TCNMEAN-F00-S20260928,f219483150b0da6c9efc8908cf7aafee80feffd12bcfdd491381d5991ec6101f
68dc22bf6f9cc7d8a5eb80265ca963182f31f05a79649c70f6bf3e36fde1e80f,MITDB_P209,209,735000000,0,20260928,MODEL_V2_TCN_MEAN,1,-2.865621566772461,0.05387941002845764,4,V2-004-D2-TCNMEAN-F00-S20260928,f219483150b0da6c9efc8908cf7aafee80feffd12bcfdd491381d5991ec6101f
68ffe93eb331163939b5b83090db5a76382bf272f1e2de3715bc2268134eec36,MITDB_P209,209,845000000,0,20260928,MODEL_V2_TCN_MEAN,1,-6.022233963012695,0.0024183851201087236,4,V2-004-D2-TCNMEAN-F00-S20260928,f219483150b0da6c9efc8908cf7aafee80feffd12bcfdd491381d5991ec6101f
691505590941e289ab8536b1af6caf806196536cda8eca04d8374584a6c34343,MITDB_P209,209,930000000,0,20260928,MODEL_V2_TCN_MEAN,1,-5.164024353027344,0.005686122924089432,4,V2-004-D2-TCNMEAN-F00-S20260928,f219483150b0da6c9efc8908cf7aafee80feffd12bcfdd491381d5991ec6101f
694e345e9bce9917353146ce8710a0b15565867e61e21f2aa291669912e4ded2,MITDB_P212,212,300000000,0,20260928,MODEL_V2_TCN_MEAN,0,-0.9510644674301147,0.2786707878112793,4,V2-004-D2-TCNMEAN-F00-S20260928,f219483150b0da6c9efc8908cf7aafee80feffd12bcfdd491381d5991ec6101f
69b02e98e3c2d201c2f02faab9412daf4da9a84a5fb5ad3ed478feb5d2bb0d77,MITDB_P212,212,1700000000,0,20260928,MODEL_V2_TCN_MEAN,0,-7.845887184143066,0.00039120513247326016,4,V2-004-D2-TCNMEAN-F00-S20260928,f219483150b0da6c9efc8908cf7aafee80feffd12bcfdd491381d5991ec6101f
69c63954b90ff088c2126ccfbd712ec9fb68969c6afcd9923b9cccb358e0f1e4,MITDB_P203,203,750000000,0,20260928,MODEL_V2_TCN_MEAN,1,11.5089693069458,0.9999899864196777,4,V2-004-D2-TCNMEAN-F00-S20260928,f219483150b0da6c9efc8908cf7aafee80feffd12bcfdd491381d5991ec6101f
69d30aabedc44693f655a9e6abd6529b11ccd9bb65b55fc911131bc49bc92440,MITDB_P209,209,610000000,0,20260928,MODEL_V2_TCN_MEAN,1,-0.7256563901901245,0.3261486291885376,4,V2-004-D2-TCNMEAN-F00-S20260928,f219483150b0da6c9efc8908cf7aafee80feffd12bcfdd491381d5991ec6101f
69e2f5dbaf7b0ed22049c79f6937a2e0e6c33417624effe02680343be7a8db76,MITDB_P212,212,15000000,0,20260928,MODEL_V2_TCN_MEAN,0,-1.8986902236938477,0.130256786942482,4,V2-004-D2-TCNMEAN-F00-S20260928,f219483150b0da6c9efc8908cf7aafee80feffd12bcfdd491381d5991ec6101f
69ebbbce1b2eacce3aeb3e4907b7a533764dc1cbc7fee4a6f1c44a18ffff8fb2,MITDB_P124,124,1305000000,0,20260928,MODEL_V2_TCN_MEAN,0,-4.35546875,0.012673735618591309,4,V2-004-D2-TCNMEAN-F00-S20260928,f219483150b0da6c9efc8908cf7aafee80feffd12bcfdd491381d5991ec6101f
6a19afe6395dfeb96449c37bebb2aa70dfb675312099fa7d63060d8e638dbc85,MITDB_P209,209,1095000000,0,20260928,MODEL_V2_TCN_MEAN,0,-4.147395133972168,0.015559605322778225,4,V2-004-D2-TCNMEAN-F00-S20260928,f219483150b0da6c9efc8908cf7aafee80feffd12bcfdd491381d5991ec6101f
6a616a62e6f156cbe59d67e984f39dae903bed442e02e6d33da02cc5ac17e062,MITDB_P209,209,605000000,0,20260928,MODEL_V2_TCN_MEAN,1,-1.0783098936080933,0.25382599234580994,4,V2-004-D2-TCNMEAN-F00-S20260928,f219483150b0da6c9efc8908cf7aafee80feffd12bcfdd491381d5991ec6101f
6a622779572a17856aba532c66c02fb5a3525158b3c984bafaf5dc6ed63d9587,MITDB_P212,212,755000000,0,20260928,MODEL_V2_TCN_MEAN,0,-2.0541832447052,0.11363036185503006,4,V2-004-D2-TCNMEAN-F00-S20260928,f219483150b0da6c9efc8908cf7aafee80feffd12bcfdd491381d5991ec6101f
6a6c534a97fd71457715e8f3bcf9625830c3bf8d1c906fd49f537b6217186c1e,MITDB_P222,222,265000000,0,20260928,MODEL_V2_TCN_MEAN,0,-5.526941299438477,0.0039623756892979145,4,V2-004-D2-TCNMEAN-F00-S20260928,f219483150b0da6c9efc8908cf7aafee80feffd12bcfdd491381d5991ec6101f
6abda23613e612caac8d6ed0facffdd892e671a3180e8e8e9fb3496e5aec5def,MITDB_P212,212,1035000000,0,20260928,MODEL_V2_TCN_MEAN,0,-2.9098758697509766,0.05166751518845558,4,V2-004-D2-TCNMEAN-F00-S20260928,f219483150b0da6c9efc8908cf7aafee80feffd12bcfdd491381d5991ec6101f
6ac8099fb94818ec543a44cd92cd178eaa9e5ac7da6b002b2b24b8ed694c7686,MITDB_P124,124,1275000000,0,20260928,MODEL_V2_TCN_MEAN,0,-4.181153774261475,0.015050875954329967,4,V2-004-D2-TCNMEAN-F00-S20260928,f219483150b0da6c9efc8908cf7aafee80feffd12bcfdd491381d5991ec6101f
6adb2bf57061e2918606527080fa254c79750c9a8f154b45a05f24ac29335d0a,MITDB_P209,209,300000000,0,20260928,MODEL_V2_TCN_MEAN,1,-2.3730876445770264,0.08524805307388306,4,V2-004-D2-TCNMEAN-F00-S20260928,f219483150b0da6c9efc8908cf7aafee80feffd12bcfdd491381d5991ec6101f
6b4e48f1a4ef7d12cba4e24d1b2ca6ebc022c80962a4b1e1f965d2a5b6321f0c,MITDB_P212,212,1465000000,0,20260928,MODEL_V2_TCN_MEAN,0,-3.8699047565460205,0.020434092730283737,4,V2-004-D2-TCNMEAN-F00-S20260928,f219483150b0da6c9efc8908cf7aafee80feffd12bcfdd491381d5991ec6101f
6b6288748f99c77c40aa49677fd540af098d15b4eb105de7d2b66c9b3acee814,MITDB_P203,203,1770000000,0,20260928,MODEL_V2_TCN_MEAN,1,5.797806739807129,0.9969749450683594,4,V2-004-D2-TCNMEAN-F00-S20260928,f219483150b0da6c9efc8908cf7aafee80feffd12bcfdd491381d5991ec6101f
6b6d0ce86e861980d91935e71a942f90156d3a6246a654a18b18023fb7fd429b,MITDB_P209,209,160000000,0,20260928,MODEL_V2_TCN_MEAN,1,2.6764779090881348,0.9356243014335632,4,V2-004-D2-TCNMEAN-F00-S20260928,f219483150b0da6c9efc8908cf7aafee80feffd12bcfdd491381d5991ec6101f
6b93efca71031ea3825462ac1c897265506185c8b5a35999e3ff9f73ea0117dd,MITDB_P105,105,1085000000,0,20260928,MODEL_V2_TCN_MEAN,0,-4.2828192710876465,0.013615744188427925,4,V2-004-D2-TCNMEAN-F00-S20260928,f219483150b0da6c9efc8908cf7aafee80feffd12bcfdd491381d5991ec6101f
6ba6d9d77fb5dd9a7d154df2283b4925b6583d1457c6dbaeeb661e90ab39e2f6,MITDB_P212,212,1125000000,0,20260928,MODEL_V2_TCN_MEAN,0,-7.659473419189453,0.00047133342013694346,4,V2-004-D2-TCNMEAN-F00-S20260928,f219483150b0da6c9efc8908cf7aafee80feffd12bcfdd491381d5991ec6101f
6bd36a39dc0e0fe527a47589645f95844902269bd4342bd0e82f781ba9af4696,MITDB_P222,222,1060000000,0,20260928,MODEL_V2_TCN_MEAN,0,-0.22389015555381775,0.4442600905895233,4,V2-004-D2-TCNMEAN-F00-S20260928,f219483150b0da6c9efc8908cf7aafee80feffd12bcfdd491381d5991ec6101f
6bd614da2860f9f62580dd579d45740521ee696e30fcb7275c3c0c48e02bd49a,MITDB_P124,124,1110000000,0,20260928,MODEL_V2_TCN_MEAN,0,-3.5158488750457764,0.028864631429314613,4,V2-004-D2-TCNMEAN-F00-S20260928,f219483150b0da6c9efc8908cf7aafee80feffd12bcfdd491381d5991ec6101f
6bddb1d34f5e8f75bb16451fe04f796b4e0f1a0c6449283f533a1a358f14083e,MITDB_P203,203,1205000000,0,20260928,MODEL_V2_TCN_MEAN,1,5.437307357788086,0.9956676959991455,4,V2-004-D2-TCNMEAN-F00-S20260928,f219483150b0da6c9efc8908cf7aafee80feffd12bcfdd491381d5991ec6101f
6c02c9ca855fc15a55288d7da75fc5f6b7aedaf11e4acbc54adfe68071ebcede,MITDB_P209,209,490000000,0,20260928,MODEL_V2_TCN_MEAN,1,-3.9619977474212646,0.018669873476028442,4,V2-004-D2-TCNMEAN-F00-S20260928,f219483150b0da6c9efc8908cf7aafee80feffd12bcfdd491381d5991ec6101f
6c4678c6be378d981d6e0762bc5809fc8433c70b9e5aa79dcb21bfa85782b21d,MITDB_P209,209,1795000000,0,20260928,MODEL_V2_TCN_MEAN,1,-4.786772727966309,0.008270357735455036,4,V2-004-D2-TCNMEAN-F00-S20260928,f219483150b0da6c9efc8908cf7aafee80feffd12bcfdd491381d5991ec6101f
6c6b3593859abcd2978c523e087713ec90788bb7a3c36dc82057bf411fc999e9,MITDB_P222,222,1665000000,0,20260928,MODEL_V2_TCN_MEAN,0,1.797904133796692,0.8578935861587524,4,V2-004-D2-TCNMEAN-F00-S20260928,f219483150b0da6c9efc8908cf7aafee80feffd12bcfdd491381d5991ec6101f
6c7f4556f03b049ce2b16a4becd117f710ba5dbb9314e6c261c5e832c379b8e2,MITDB_P209,209,140000000,0,20260928,MODEL_V2_TCN_MEAN,0,-5.389979362487793,0.004541349597275257,4,V2-004-D2-TCNMEAN-F00-S20260928,f219483150b0da6c9efc8908cf7aafee80feffd12bcfdd491381d5991ec6101f
6cbe38f98b502d88d1cf743c0cc7ffe3bf74d4cc5c2118ef6091dbe0f16654ee,MITDB_P203,203,365000000,0,20260928,MODEL_V2_TCN_MEAN,1,1.6661423444747925,0.8410608172416687,4,V2-004-D2-TCNMEAN-F00-S20260928,f219483150b0da6c9efc8908cf7aafee80feffd12bcfdd491381d5991ec6101f
6cf0e31dd074f2bbb11069654782caa83b24a90b85df523e1779376d5d1a2fab,MITDB_P212,212,100000000,0,20260928,MODEL_V2_TCN_MEAN,0,-5.9371232986450195,0.0026326628867536783,4,V2-004-D2-TCNMEAN-F00-S20260928,f219483150b0da6c9efc8908cf7aafee80feffd12bcfdd491381d5991ec6101f
6d0500d56a587c689b581a18a8ec3b52fe83cb540330875ea373eec400831503,MITDB_P203,203,120000000,0,20260928,MODEL_V2_TCN_MEAN,1,7.634883403778076,0.9995169639587402,4,V2-004-D2-TCNMEAN-F00-S20260928,f219483150b0da6c9efc8908cf7aafee80feffd12bcfdd491381d5991ec6101f
6d0e5a659bd4f8b468ddc4c09900bfa84c1a6de2338548c1fdabd3fa0480bbab,MITDB_P212,212,600000000,0,20260928,MODEL_V2_TCN_MEAN,0,-1.341519832611084,0.20726025104522705,4,V2-004-D2-TCNMEAN-F00-S20260928,f219483150b0da6c9efc8908cf7aafee80feffd12bcfdd491381d5991ec6101f
6d5595383d00d4d9f99fabc3c53d17d0b4613f70f36052140dda43f3fa2cc6ca,MITDB_P212,212,1480000000,0,20260928,MODEL_V2_TCN_MEAN,0,-8.757267951965332,0.00015728906146250665,4,V2-004-D2-TCNMEAN-F00-S20260928,f219483150b0da6c9efc8908cf7aafee80feffd12bcfdd491381d5991ec6101f
6d707d62e7f403b82d24bdaf8b30d694cbbae09bc5cffe71024d4a58d1d636b2,MITDB_P222,222,120000000,0,20260928,MODEL_V2_TCN_MEAN,0,-0.35461243987083435,0.412264347076416,4,V2-004-D2-TCNMEAN-F00-S20260928,f219483150b0da6c9efc8908cf7aafee80feffd12bcfdd491381d5991ec6101f
6d95d27c5e531f2cdc4d12615a2099fb2639c919223146ca712473cb8ebb183b,MITDB_P105,105,1290000000,0,20260928,MODEL_V2_TCN_MEAN,1,-0.2618221342563629,0.43491584062576294,4,V2-004-D2-TCNMEAN-F00-S20260928,f219483150b0da6c9efc8908cf7aafee80feffd12bcfdd491381d5991ec6101f
6dba005bb28df0c3b7726620412d7cf6fb72253b3b10740e9cc43c784c3f7980,MITDB_P124,124,1535000000,0,20260928,MODEL_V2_TCN_MEAN,0,-5.232285499572754,0.005312926135957241,4,V2-004-D2-TCNMEAN-F00-S20260928,f219483150b0da6c9efc8908cf7aafee80feffd12bcfdd491381d5991ec6101f
6ddd8b7f6c153a4c29fa9d61d5f07620fef3dcdfb152bbab466d86aba71b0e86,MITDB_P222,222,400000000,0,20260928,MODEL_V2_TCN_MEAN,0,-5.510215759277344,0.004028936382383108,4,V2-004-D2-TCNMEAN-F00-S20260928,f219483150b0da6c9efc8908cf7aafee80feffd12bcfdd491381d5991ec6101f
6def5125c764a6783410f0ad99874c5c9dc9c0676da19947cb156f73dcc0cc54,MITDB_P209,209,1650000000,0,20260928,MODEL_V2_TCN_MEAN,0,-4.357620716094971,0.01264683622866869,4,V2-004-D2-TCNMEAN-F00-S20260928,f219483150b0da6c9efc8908cf7aafee80feffd12bcfdd491381d5991ec6101f
6e1184830d1c3d2c5ebf6c93d195931bcdd78623cfabc6e5c31f952a9ba6879f,MITDB_P124,124,1490000000,0,20260928,MODEL_V2_TCN_MEAN,0,-7.481673240661621,0.0005629969527944922,4,V2-004-D2-TCNMEAN-F00-S20260928,f219483150b0da6c9efc8908cf7aafee80feffd12bcfdd491381d5991ec6101f
6e2851ce3009f5f7d9f7ef188a73c51bd3c932d69d696b9a828c400b803f8436,MITDB_P222,222,1255000000,0,20260928,MODEL_V2_TCN_MEAN,1,4.017567157745361,0.9823215007781982,4,V2-004-D2-TCNMEAN-F00-S20260928,f219483150b0da6c9efc8908cf7aafee80feffd12bcfdd491381d5991ec6101f
6e71dd69f8ef69b9fa307b125187b9c2e9c9a8c55d81cb9c6239ab6625e2fd41,MITDB_P105,105,635000000,0,20260928,MODEL_V2_TCN_MEAN,0,-2.3924002647399902,0.0837540477514267,4,V2-004-D2-TCNMEAN-F00-S20260928,f219483150b0da6c9efc8908cf7aafee80feffd12bcfdd491381d5991ec6101f
6e7270c314055ce6c83d3065358252d2a9f8cd7d61808685c0119ab7dd17a844,MITDB_P209,209,860000000,0,20260928,MODEL_V2_TCN_MEAN,1,2.3890626430511475,0.9159895181655884,4,V2-004-D2-TCNMEAN-F00-S20260928,f219483150b0da6c9efc8908cf7aafee80feffd12bcfdd491381d5991ec6101f
6e88428589d1c1a77647ff307c0a4bc4c698dd6cd96beabc1ee207a798fe4c7a,MITDB_P212,212,965000000,0,20260928,MODEL_V2_TCN_MEAN,0,-3.4193527698516846,0.03169608488678932,4,V2-004-D2-TCNMEAN-F00-S20260928,f219483150b0da6c9efc8908cf7aafee80feffd12bcfdd491381d5991ec6101f
6f0f7089058f5a8346e37dbdfefb31b58a058a8dba3598357b363367b2fba9c3,MITDB_P212,212,1350000000,0,20260928,MODEL_V2_TCN_MEAN,0,-5.597455024719238,0.003693593665957451,4,V2-004-D2-TCNMEAN-F00-S20260928,f219483150b0da6c9efc8908cf7aafee80feffd12bcfdd491381d5991ec6101f
6f2b6d6967d7d9d45b5072668c76e023853b9f6e5318c9cbe0bbe9ff83b78060,MITDB_P222,222,460000000,0,20260928,MODEL_V2_TCN_MEAN,0,-5.283249855041504,0.005050273146480322,4,V2-004-D2-TCNMEAN-F00-S20260928,f219483150b0da6c9efc8908cf7aafee80feffd12bcfdd491381d5991ec6101f
6f2b9761eea06ce0d6132612bb2b6d02c0c15ded588926ed21ddecb0a7913a47,MITDB_P105,105,655000000,0,20260928,MODEL_V2_TCN_MEAN,0,-6.065173149108887,0.0023169750347733498,4,V2-004-D2-TCNMEAN-F00-S20260928,f219483150b0da6c9efc8908cf7aafee80feffd12bcfdd491381d5991ec6101f
6f3da7e17e31c70ef4d21fb501de83d88c2ed0dbef9b17049c58f4afa90f1c62,MITDB_P209,209,280000000,0,20260928,MODEL_V2_TCN_MEAN,0,-0.9816741943359375,0.2725597023963928,4,V2-004-D2-TCNMEAN-F00-S20260928,f219483150b0da6c9efc8908cf7aafee80feffd12bcfdd491381d5991ec6101f
6f4865e2732cef0029cbd284419b07a776db1a2d7c10b9b240eb3a9213542928,MITDB_P212,212,650000000,0,20260928,MODEL_V2_TCN_MEAN,0,-0.6189944744110107,0.3500101566314697,4,V2-004-D2-TCNMEAN-F00-S20260928,f219483150b0da6c9efc8908cf7aafee80feffd12bcfdd491381d5991ec6101f
6f733d1bf26bca70d950940a46c48fa27925982f2bb32de3eb687fa5abafd407,MITDB_P209,209,220000000,0,20260928,MODEL_V2_TCN_MEAN,0,-4.651857376098633,0.009453634731471539,4,V2-004-D2-TCNMEAN-F00-S20260928,f219483150b0da6c9efc8908cf7aafee80feffd12bcfdd491381d5991ec6101f
6fa6362f02e87e4b6aced2d1443e9a42bb4dd40ed4d451c78d79a28fc7277ab7,MITDB_P222,222,335000000,0,20260928,MODEL_V2_TCN_MEAN,0,-2.3837013244628906,0.08442402631044388,4,V2-004-D2-TCNMEAN-F00-S20260928,f219483150b0da6c9efc8908cf7aafee80feffd12bcfdd491381d5991ec6101f
6fb8af5a31f591d5462463e66c18571ef80afb610088f85437d73ca4bf1d966b,MITDB_P212,212,1735000000,0,20260928,MODEL_V2_TCN_MEAN,0,-5.657651901245117,0.0034785610623657703,4,V2-004-D2-TCNMEAN-F00-S20260928,f219483150b0da6c9efc8908cf7aafee80feffd12bcfdd491381d5991ec6101f
6fbd85146831f4d75350cddc9865fc50248d991d93fcf6f36e1c5367486fbafe,MITDB_P203,203,1365000000,0,20260928,MODEL_V2_TCN_MEAN,1,6.633039474487305,0.9986855387687683,4,V2-004-D2-TCNMEAN-F00-S20260928,f219483150b0da6c9efc8908cf7aafee80feffd12bcfdd491381d5991ec6101f
6fd10132b6bdacaa57da002ba28445f92f8e082965e73ea1331af01f3dca9551,MITDB_P203,203,160000000,0,20260928,MODEL_V2_TCN_MEAN,1,7.944059371948242,0.9996453523635864,4,V2-004-D2-TCNMEAN-F00-S20260928,f219483150b0da6c9efc8908cf7aafee80feffd12bcfdd491381d5991ec6101f
701c060ecac187533d92b15fa438c1753f510e3eeb0c9ee6c36847ab7be8e2dc,MITDB_P209,209,1310000000,0,20260928,MODEL_V2_TCN_MEAN,1,-4.45640754699707,0.01147086825221777,4,V2-004-D2-TCNMEAN-F00-S20260928,f219483150b0da6c9efc8908cf7aafee80feffd12bcfdd491381d5991ec6101f
704888ff3e1f95642d89ecd3479763030c737ba70d4d37b083e2faab5a80ff52,MITDB_P105,105,55000000,0,20260928,MODEL_V2_TCN_MEAN,0,-5.715123653411865,0.0032849167473614216,4,V2-004-D2-TCNMEAN-F00-S20260928,f219483150b0da6c9efc8908cf7aafee80feffd12bcfdd491381d5991ec6101f
704ddeae8bd06775de8450168d3777996c959ab416cc6399511cfa9a99608bf5,MITDB_P203,203,1620000000,0,20260928,MODEL_V2_TCN_MEAN,1,10.002230644226074,0.9999547004699707,4,V2-004-D2-TCNMEAN-F00-S20260928,f219483150b0da6c9efc8908cf7aafee80feffd12bcfdd491381d5991ec6101f
705af5eea2c430ec7d26476ed8f8182f38413733c197ac491bab542dc5cffcb4,MITDB_P203,203,1710000000,0,20260928,MODEL_V2_TCN_MEAN,1,-3.134181499481201,0.041719116270542145,4,V2-004-D2-TCNMEAN-F00-S20260928,f219483150b0da6c9efc8908cf7aafee80feffd12bcfdd491381d5991ec6101f
70718985466073a0d93d3a3799cec4a62fb087f445cbdc7c4f687f1c47c836bc,MITDB_P209,209,315000000,0,20260928,MODEL_V2_TCN_MEAN,1,-0.4118403494358063,0.3984709084033966,4,V2-004-D2-TCNMEAN-F00-S20260928,f219483150b0da6c9efc8908cf7aafee80feffd12bcfdd491381d5991ec6101f
70925f715f5f908d54706847c29a2c2e7de8ba27fbbf4a8b01748eebc6b485e0,MITDB_P203,203,575000000,0,20260928,MODEL_V2_TCN_MEAN,1,4.272215843200684,0.9862411022186279,4,V2-004-D2-TCNMEAN-F00-S20260928,f219483150b0da6c9efc8908cf7aafee80feffd12bcfdd491381d5991ec6101f
70bf0e68faac5d2b0c0e262d690842093688398b1029565781c15e1cf6068635,MITDB_P124,124,1640000000,0,20260928,MODEL_V2_TCN_MEAN,0,-7.16412353515625,0.0007732585654594004,4,V2-004-D2-TCNMEAN-F00-S20260928,f219483150b0da6c9efc8908cf7aafee80feffd12bcfdd491381d5991ec6101f
70c7d7b553a7bf8091bc879d4d19ca9a7fbe7d9ead10bb2eba144bf51b86a09b,MITDB_P209,209,830000000,0,20260928,MODEL_V2_TCN_MEAN,0,-5.101074695587158,0.0060533322393894196,4,V2-004-D2-TCNMEAN-F00-S20260928,f219483150b0da6c9efc8908cf7aafee80feffd12bcfdd491381d5991ec6101f
7114d0fb5836f13451c7be4483bc237067ba452707619cc3b2f3190b904502bd,MITDB_P124,124,10000000,0,20260928,MODEL_V2_TCN_MEAN,0,-1.3194912672042847,0.21090294420719147,4,V2-004-D2-TCNMEAN-F00-S20260928,f219483150b0da6c9efc8908cf7aafee80feffd12bcfdd491381d5991ec6101f
7141929feac5277a86618e2bb0bf941eaa25a9fc0b12bab8f57247f85cca66b0,MITDB_P203,203,1320000000,0,20260928,MODEL_V2_TCN_MEAN,1,-1.1057478189468384,0.24866445362567902,4,V2-004-D2-TCNMEAN-F00-S20260928,f219483150b0da6c9efc8908cf7aafee80feffd12bcfdd491381d5991ec6101f
7143a29edd325cab8242d2da401a29da5de6abb7a21266fd242dcc9053681f79,MITDB_P105,105,1465000000,0,20260928,MODEL_V2_TCN_MEAN,1,-1.0058870315551758,0.26778554916381836,4,V2-004-D2-TCNMEAN-F00-S20260928,f219483150b0da6c9efc8908cf7aafee80feffd12bcfdd491381d5991ec6101f
7150b753aaa26c99e774c83cd92fc2dbcaa6b62263e7fb1573a14287b40fa031,MITDB_P222,222,945000000,0,20260928,MODEL_V2_TCN_MEAN,0,3.892136573791504,0.980006217956543,4,V2-004-D2-TCNMEAN-F00-S20260928,f219483150b0da6c9efc8908cf7aafee80feffd12bcfdd491381d5991ec6101f
718bd17d6c4deb554c2f59af0ef2d2a4e43e0d7349aeb567826333987566b821,MITDB_P105,105,1770000000,0,20260928,MODEL_V2_TCN_MEAN,0,-4.760674953460693,0.008487180806696415,4,V2-004-D2-TCNMEAN-F00-S20260928,f219483150b0da6c9efc8908cf7aafee80feffd12bcfdd491381d5991ec6101f
71da97374b2052e3a8315b3ab7b79e6151dead4aea6e82a419f6435ca0641975,MITDB_P212,212,185000000,0,20260928,MODEL_V2_TCN_MEAN,0,-2.5643153190612793,0.07147063314914703,4,V2-004-D2-TCNMEAN-F00-S20260928,f219483150b0da6c9efc8908cf7aafee80feffd12bcfdd491381d5991ec6101f
71ed2de844be237b297abfdd45a6153d0756216b130a3d4948ccbe69ca81e251,MITDB_P105,105,150000000,0,20260928,MODEL_V2_TCN_MEAN,0,-5.630579948425293,0.0035736779682338238,4,V2-004-D2-TCNMEAN-F00-S20260928,f219483150b0da6c9efc8908cf7aafee80feffd12bcfdd491381d5991ec6101f
71fae7c0ee1106cbeb42a0a099217eb969ebfef2ec895089a396e1c317873f96,MITDB_P212,212,90000000,0,20260928,MODEL_V2_TCN_MEAN,0,-6.3420844078063965,0.001757534104399383,4,V2-004-D2-TCNMEAN-F00-S20260928,f219483150b0da6c9efc8908cf7aafee80feffd12bcfdd491381d5991ec6101f
71fd879b2b33795056d58841d7856fe27140b87318509e415e9f23280ca8fc65,MITDB_P212,212,1775000000,0,20260928,MODEL_V2_TCN_MEAN,0,-2.5993945598602295,0.06917739659547806,4,V2-004-D2-TCNMEAN-F00-S20260928,f219483150b0da6c9efc8908cf7aafee80feffd12bcfdd491381d5991ec6101f
722fc166e7d9486231545988d489176ed3cb98c4a3dabeb2e3c88ba0e7267391,MITDB_P124,124,1680000000,0,20260928,MODEL_V2_TCN_MEAN,0,-7.662666320800781,0.0004698315460700542,4,V2-004-D2-TCNMEAN-F00-S20260928,f219483150b0da6c9efc8908cf7aafee80feffd12bcfdd491381d5991ec6101f
724716d5ea2883297876768a14eea35a26ac8853d3848633b6d1df4a1ed44c4b,MITDB_P203,203,965000000,0,20260928,MODEL_V2_TCN_MEAN,0,-2.4994287490844727,0.07589823752641678,4,V2-004-D2-TCNMEAN-F00-S20260928,f219483150b0da6c9efc8908cf7aafee80feffd12bcfdd491381d5991ec6101f
725d5c049742a62d03426f8c3275ca04afcd2751fc0cb5564c4fff19f61c9df2,MITDB_P212,212,80000000,0,20260928,MODEL_V2_TCN_MEAN,0,-7.283682823181152,0.0006861809524707496,4,V2-004-D2-TCNMEAN-F00-S20260928,f219483150b0da6c9efc8908cf7aafee80feffd12bcfdd491381d5991ec6101f
726727f7e0a1f8cc2c0521d90263f5425f8c6f60a157c30d64a87bc169d15885,MITDB_P203,203,15000000,0,20260928,MODEL_V2_TCN_MEAN,1,3.089630603790283,0.9564629793167114,4,V2-004-D2-TCNMEAN-F00-S20260928,f219483150b0da6c9efc8908cf7aafee80feffd12bcfdd491381d5991ec6101f
72786f959a79850852b9d6a3cf6112ad0bdaa1a429b228df730e10669697b171,MITDB_P212,212,655000000,0,20260928,MODEL_V2_TCN_MEAN,0,-0.77742600440979,0.31487488746643066,4,V2-004-D2-TCNMEAN-F00-S20260928,f219483150b0da6c9efc8908cf7aafee80feffd12bcfdd491381d5991ec6101f
7293c99b7d9720dfe5594de8a5822d7b74ba8bd08155ebe39d370c28508e8663,MITDB_P209,209,1300000000,0,20260928,MODEL_V2_TCN_MEAN,1,-5.691046237945557,0.003364699427038431,4,V2-004-D2-TCNMEAN-F00-S20260928,f219483150b0da6c9efc8908cf7aafee80feffd12bcfdd491381d5991ec6101f
7293e4360a7743666c30e2f6249be2e2ac7f0fc7b5a9a36566c9fe16384da938,MITDB_P212,212,1565000000,0,20260928,MODEL_V2_TCN_MEAN,0,-4.931699752807617,0.007162557914853096,4,V2-004-D2-TCNMEAN-F00-S20260928,f219483150b0da6c9efc8908cf7aafee80feffd12bcfdd491381d5991ec6101f
729fbebbe748184c3e39430bf3d519f012e5f852211d1a06e10f36543d99bed5,MITDB_P124,124,335000000,0,20260928,MODEL_V2_TCN_MEAN,1,-2.6410090923309326,0.06654532253742218,4,V2-004-D2-TCNMEAN-F00-S20260928,f219483150b0da6c9efc8908cf7aafee80feffd12bcfdd491381d5991ec6101f
73206ba6309890d1ce86f44111cd6f3b41edd94f2a8f98a2a339ab3450b5c66f,MITDB_P124,124,1645000000,0,20260928,MODEL_V2_TCN_MEAN,0,-7.155752658843994,0.0007797534926794469,4,V2-004-D2-TCNMEAN-F00-S20260928,f219483150b0da6c9efc8908cf7aafee80feffd12bcfdd491381d5991ec6101f
73456745600fc3c590781ac75cf9e635cdeab0f158da70e3cffead0d53a0c2d2,MITDB_P124,124,635000000,0,20260928,MODEL_V2_TCN_MEAN,1,-0.5558762550354004,0.3645021617412567,4,V2-004-D2-TCNMEAN-F00-S20260928,f219483150b0da6c9efc8908cf7aafee80feffd12bcfdd491381d5991ec6101f
738a17bca71ba44ec6593cd0e304a828051808dcdb088b2f8cc2dba3a4f9096d,MITDB_P209,209,255000000,0,20260928,MODEL_V2_TCN_MEAN,0,-2.6876025199890137,0.06370887905359268,4,V2-004-D2-TCNMEAN-F00-S20260928,f219483150b0da6c9efc8908cf7aafee80feffd12bcfdd491381d5991ec6101f
7394d7e1eaada736a393c4031095a3c89a9dfb39fbafa2aef6458fb26e26bbde,MITDB_P209,209,545000000,0,20260928,MODEL_V2_TCN_MEAN,0,-6.115176200866699,0.0022042172495275736,4,V2-004-D2-TCNMEAN-F00-S20260928,f219483150b0da6c9efc8908cf7aafee80feffd12bcfdd491381d5991ec6101f
739b97443b83975f5d32502b68a558fb9b7b7b95559b1c3c6365acf2c518edfe,MITDB_P105,105,1325000000,0,20260928,MODEL_V2_TCN_MEAN,0,1.3916429281234741,0.8008543848991394,4,V2-004-D2-TCNMEAN-F00-S20260928,f219483150b0da6c9efc8908cf7aafee80feffd12bcfdd491381d5991ec6101f
739cd414a9f9b3fd4f50e96303d89b2d0031daffda6aa05615bb67aa6a4a95b3,MITDB_P209,209,375000000,0,20260928,MODEL_V2_TCN_MEAN,1,-3.580584764480591,0.027104293927550316,4,V2-004-D2-TCNMEAN-F00-S20260928,f219483150b0da6c9efc8908cf7aafee80feffd12bcfdd491381d5991ec6101f
73dfbdc94dc109e61290959036401fb21bf9b39b76bdf602b4f75329a2bd6f9b,MITDB_P209,209,820000000,0,20260928,MODEL_V2_TCN_MEAN,1,-4.197347640991211,0.01481268834322691,4,V2-004-D2-TCNMEAN-F00-S20260928,f219483150b0da6c9efc8908cf7aafee80feffd12bcfdd491381d5991ec6101f
740dcc667fb2e3b219a89eb75c76973aa0af957f1032dfda66fe7d539136935e,MITDB_P212,212,1635000000,0,20260928,MODEL_V2_TCN_MEAN,0,-6.8295698165893555,0.0010801551397889853,4,V2-004-D2-TCNMEAN-F00-S20260928,f219483150b0da6c9efc8908cf7aafee80feffd12bcfdd491381d5991ec6101f
7411ef7247ad89a9635fea9019d05364068c0225caafe934a146a722c4694609,MITDB_P124,124,685000000,0,20260928,MODEL_V2_TCN_MEAN,0,-5.431488990783691,0.0043575032614171505,4,V2-004-D2-TCNMEAN-F00-S20260928,f219483150b0da6c9efc8908cf7aafee80feffd12bcfdd491381d5991ec6101f
7428ee85fda2367594e0468c164af47daa0e66cc38e0e1c87fbe785bfd839cbe,MITDB_P105,105,1070000000,0,20260928,MODEL_V2_TCN_MEAN,0,-2.4636971950531006,0.07844264805316925,4,V2-004-D2-TCNMEAN-F00-S20260928,f219483150b0da6c9efc8908cf7aafee80feffd12bcfdd491381d5991ec6101f
74292588569ae82b24becbe914bf11e4562bb347527df7a69640f3619b42f00b,MITDB_P124,124,710000000,0,20260928,MODEL_V2_TCN_MEAN,0,-6.844607830047607,0.0010640504769980907,4,V2-004-D2-TCNMEAN-F00-S20260928,f219483150b0da6c9efc8908cf7aafee80feffd12bcfdd491381d5991ec6101f
74301f7a1b279165978d69cf2fb342953a96b5ebc3d2107ff606adf2448e7ed8,MITDB_P203,203,1255000000,0,20260928,MODEL_V2_TCN_MEAN,0,2.8799166679382324,0.9468446373939514,4,V2-004-D2-TCNMEAN-F00-S20260928,f219483150b0da6c9efc8908cf7aafee80feffd12bcfdd491381d5991ec6101f
745142a1314dfd3337fd9dcbb35d7a4458dcfca08a47dfcb23c8cbac2a06c956,MITDB_P124,124,1235000000,0,20260928,MODEL_V2_TCN_MEAN,0,-4.666262626647949,0.009319689124822617,4,V2-004-D2-TCNMEAN-F00-S20260928,f219483150b0da6c9efc8908cf7aafee80feffd12bcfdd491381d5991ec6101f
748ffc2945bcfd9b81b0f6fb885322dac130f93e1adf1685b29742f291a337e8,MITDB_P212,212,1200000000,0,20260928,MODEL_V2_TCN_MEAN,0,-4.660557270050049,0.009372512809932232,4,V2-004-D2-TCNMEAN-F00-S20260928,f219483150b0da6c9efc8908cf7aafee80feffd12bcfdd491381d5991ec6101f
74a8ce64aa1e1d68b5fd2d3ec2716c676363b0fad9129ec4f934f249b22e5dae,MITDB_P124,124,190000000,0,20260928,MODEL_V2_TCN_MEAN,0,-0.958794116973877,0.2771196961402893,4,V2-004-D2-TCNMEAN-F00-S20260928,f219483150b0da6c9efc8908cf7aafee80feffd12bcfdd491381d5991ec6101f
74a9e5d4ee082b14cb5e222729e03f8940e09f94b676438272a26920d36fdd26,MITDB_P203,203,230000000,0,20260928,MODEL_V2_TCN_MEAN,1,9.873332977294922,0.9999485015869141,4,V2-004-D2-TCNMEAN-F00-S20260928,f219483150b0da6c9efc8908cf7aafee80feffd12bcfdd491381d5991ec6101f
74dea3a67b5529e6f0ee5161bf1b5c787aa2972fc31587ef8780df21bd106df9,MITDB_P209,209,1275000000,0,20260928,MODEL_V2_TCN_MEAN,0,-6.367753505706787,0.0017130703199654818,4,V2-004-D2-TCNMEAN-F00-S20260928,f219483150b0da6c9efc8908cf7aafee80feffd12bcfdd491381d5991ec6101f
74fa1cbd35fcfa4ed63c905f891d6df6e2d32ec27a1b2f811b9f0f50d3e40722,MITDB_P124,124,350000000,0,20260928,MODEL_V2_TCN_MEAN,0,-7.517998218536377,0.0005429239827208221,4,V2-004-D2-TCNMEAN-F00-S20260928,f219483150b0da6c9efc8908cf7aafee80feffd12bcfdd491381d5991ec6101f
755851f7c577d955b1d0d69241ca6ccd1244aeb9796b9bf082b52707d90006cd,MITDB_P212,212,1630000000,0,20260928,MODEL_V2_TCN_MEAN,0,-7.189101219177246,0.0007541979430243373,4,V2-004-D2-TCNMEAN-F00-S20260928,f219483150b0da6c9efc8908cf7aafee80feffd12bcfdd491381d5991ec6101f
759c83e0da92cf857a3ad4320d2758bd7eed34d9ac4d3f3a6839bca7dd99c6dd,MITDB_P105,105,205000000,0,20260928,MODEL_V2_TCN_MEAN,1,0.4669550359249115,0.614662766456604,4,V2-004-D2-TCNMEAN-F00-S20260928,f219483150b0da6c9efc8908cf7aafee80feffd12bcfdd491381d5991ec6101f
75bd539a6ead6192197998d141b5ec0902f79d78773560615e8316bb0dceb60b,MITDB_P209,209,340000000,0,20260928,MODEL_V2_TCN_MEAN,1,-0.7065978050231934,0.3303510546684265,4,V2-004-D2-TCNMEAN-F00-S20260928,f219483150b0da6c9efc8908cf7aafee80feffd12bcfdd491381d5991ec6101f
75bf52ab39a576f784d0f3091c2738a095bf3b3b1cec1a4644c6eacfd0ae1fcc,MITDB_P203,203,1060000000,0,20260928,MODEL_V2_TCN_MEAN,1,8.099510192871094,0.9996963739395142,4,V2-004-D2-TCNMEAN-F00-S20260928,f219483150b0da6c9efc8908cf7aafee80feffd12bcfdd491381d5991ec6101f
75cba0338841300b7d90ddffa8dff4f4c62e28edf6cfd8eb1b5df020901afff3,MITDB_P222,222,725000000,0,20260928,MODEL_V2_TCN_MEAN,1,4.370941638946533,0.9875184893608093,4,V2-004-D2-TCNMEAN-F00-S20260928,f219483150b0da6c9efc8908cf7aafee80feffd12bcfdd491381d5991ec6101f
762f6661daade58f5f62a7b9569cc05cd6b63fd9311dedcefe9a7fc149a0a66f,MITDB_P203,203,1280000000,0,20260928,MODEL_V2_TCN_MEAN,0,2.2470645904541016,0.9043970108032227,4,V2-004-D2-TCNMEAN-F00-S20260928,f219483150b0da6c9efc8908cf7aafee80feffd12bcfdd491381d5991ec6101f
765233878eaed23b204579a50c0cd308d56e487afe94864098c5402401df6b31,MITDB_P222,222,1075000000,0,20260928,MODEL_V2_TCN_MEAN,0,-0.5616352558135986,0.3631691634654999,4,V2-004-D2-TCNMEAN-F00-S20260928,f219483150b0da6c9efc8908cf7aafee80feffd12bcfdd491381d5991ec6101f
76814974cda6f0a2e95fc13c5109b770805943b3afe06e483f06fc7e59fc8523,MITDB_P209,209,685000000,0,20260928,MODEL_V2_TCN_MEAN,0,-3.897411346435547,0.019890708848834038,4,V2-004-D2-TCNMEAN-F00-S20260928,f219483150b0da6c9efc8908cf7aafee80feffd12bcfdd491381d5991ec6101f
77316d1bb0c166c649c1a1378f8ffc0cc66ee903d0e9fb876ed960356f42d3b1,MITDB_P105,105,1145000000,0,20260928,MODEL_V2_TCN_MEAN,0,0.40610143542289734,0.6001527309417725,4,V2-004-D2-TCNMEAN-F00-S20260928,f219483150b0da6c9efc8908cf7aafee80feffd12bcfdd491381d5991ec6101f
775c13274a6cc610581a289d084cd7b85dcfb82db61d98c67c3c6775bfdbb462,MITDB_P209,209,885000000,0,20260928,MODEL_V2_TCN_MEAN,0,-2.4392659664154053,0.08022706210613251,4,V2-004-D2-TCNMEAN-F00-S20260928,f219483150b0da6c9efc8908cf7aafee80feffd12bcfdd491381d5991ec6101f
7773c532d56a434a72b06b9547fdf13222b61942559fc1bd1380c645cc0035ab,MITDB_P203,203,205000000,0,20260928,MODEL_V2_TCN_MEAN,1,-0.09696713089942932,0.47577717900276184,4,V2-004-D2-TCNMEAN-F00-S20260928,f219483150b0da6c9efc8908cf7aafee80feffd12bcfdd491381d5991ec6101f
77a5bcd9a475aad5582baf6b7b9bae353dde59e1c6b2871cab42a95b46f1a833,MITDB_P222,222,520000000,0,20260928,MODEL_V2_TCN_MEAN,0,-5.899517059326172,0.0027332769241183996,4,V2-004-D2-TCNMEAN-F00-S20260928,f219483150b0da6c9efc8908cf7aafee80feffd12bcfdd491381d5991ec6101f
77ccd56267887dcaef726d760044b81ea0b4e9ef008721fd2a91df94cd465ca7,MITDB_P212,212,135000000,0,20260928,MODEL_V2_TCN_MEAN,0,-5.268558502197266,0.005124633200466633,4,V2-004-D2-TCNMEAN-F00-S20260928,f219483150b0da6c9efc8908cf7aafee80feffd12bcfdd491381d5991ec6101f
77d3775c2f9de90449355cb0fd005235d92a2d21455bc3145995f853927db802,MITDB_P124,124,1150000000,0,20260928,MODEL_V2_TCN_MEAN,0,-3.3713088035583496,0.03320426866412163,4,V2-004-D2-TCNMEAN-F00-S20260928,f219483150b0da6c9efc8908cf7aafee80feffd12bcfdd491381d5991ec6101f
77da7f9c52cabe4601f19f674e4fa72dbe7c09fb7ed186db40de9f52ef83461b,MITDB_P222,222,1675000000,0,20260928,MODEL_V2_TCN_MEAN,0,-0.18931451439857483,0.45281222462654114,4,V2-004-D2-TCNMEAN-F00-S20260928,f219483150b0da6c9efc8908cf7aafee80feffd12bcfdd491381d5991ec6101f
77dd189e6dd39a48e2e13e99bbf409e7616842b87c7d96a2f012ff868a086ba6,MITDB_P222,222,590000000,0,20260928,MODEL_V2_TCN_MEAN,0,0.9928079843521118,0.7296422123908997,4,V2-004-D2-TCNMEAN-F00-S20260928,f219483150b0da6c9efc8908cf7aafee80feffd12bcfdd491381d5991ec6101f
77e2ea0662118e46cde09f9d67294c247824ebabd9d776c63e21550a89e599c3,MITDB_P222,222,150000000,0,20260928,MODEL_V2_TCN_MEAN,0,-6.411863327026367,0.001639270456507802,4,V2-004-D2-TCNMEAN-F00-S20260928,f219483150b0da6c9efc8908cf7aafee80feffd12bcfdd491381d5991ec6101f
77e3cf0b7b2275ced7dbf900432a448228706a0b7b83a7ceaddb83192d6c38bb,MITDB_P222,222,880000000,0,20260928,MODEL_V2_TCN_MEAN,1,3.809577703475952,0.9783227443695068,4,V2-004-D2-TCNMEAN-F00-S20260928,f219483150b0da6c9efc8908cf7aafee80feffd12bcfdd491381d5991ec6101f
7817d44440e402211ef33c1982d471379adac3b2b858a2c9ea87d590b1a9c030,MITDB_P203,203,1125000000,0,20260928,MODEL_V2_TCN_MEAN,1,5.884953498840332,0.9972266554832458,4,V2-004-D2-TCNMEAN-F00-S20260928,f219483150b0da6c9efc8908cf7aafee80feffd12bcfdd491381d5991ec6101f
7857a3edae87b846869e56de76f98812494f3d3bc9f708b6415dde3790394abb,MITDB_P124,124,1760000000,0,20260928,MODEL_V2_TCN_MEAN,0,-6.884809494018555,0.0010221651755273342,4,V2-004-D2-TCNMEAN-F00-S20260928,f219483150b0da6c9efc8908cf7aafee80feffd12bcfdd491381d5991ec6101f
785ac1e8c7db11185ea3fe76844fd894e1015c6cf3739066aaa19b2da8cfc8c4,MITDB_P203,203,760000000,0,20260928,MODEL_V2_TCN_MEAN,1,11.9426908493042,0.9999934434890747,4,V2-004-D2-TCNMEAN-F00-S20260928,f219483150b0da6c9efc8908cf7aafee80feffd12bcfdd491381d5991ec6101f
78820f35e82596232109f8c7a97d52f202ba9203ebcf75ef95a7168750cfb815,MITDB_P203,203,875000000,0,20260928,MODEL_V2_TCN_MEAN,1,4.974732398986816,0.9931371212005615,4,V2-004-D2-TCNMEAN-F00-S20260928,f219483150b0da6c9efc8908cf7aafee80feffd12bcfdd491381d5991ec6101f
7894badea75966c1228d305dbd71af298250d506be68a298179b16e5081ee087,MITDB_P212,212,380000000,0,20260928,MODEL_V2_TCN_MEAN,0,-1.1741554737091064,0.23610466718673706,4,V2-004-D2-TCNMEAN-F00-S20260928,f219483150b0da6c9efc8908cf7aafee80feffd12bcfdd491381d5991ec6101f
78aad523cb2384e247f935590a3f6aacb5854b7e9f4c0e9f50099a324bd8bbeb,MITDB_P222,222,905000000,0,20260928,MODEL_V2_TCN_MEAN,1,0.1495589315891266,0.5373201966285706,4,V2-004-D2-TCNMEAN-F00-S20260928,f219483150b0da6c9efc8908cf7aafee80feffd12bcfdd491381d5991ec6101f
78d2c52f1f4cadb3e44e3aa6f8dd992044340f88526df7badeb0649372c07bb0,MITDB_P212,212,595000000,0,20260928,MODEL_V2_TCN_MEAN,0,-1.590463638305664,0.16931867599487305,4,V2-004-D2-TCNMEAN-F00-S20260928,f219483150b0da6c9efc8908cf7aafee80feffd12bcfdd491381d5991ec6101f
78e03381f00a8b165b50be03e3ad47c859ceb317071896ef77ff5e9fe1ce1fb1,MITDB_P222,222,300000000,0,20260928,MODEL_V2_TCN_MEAN,0,-2.663944959640503,0.06513470411300659,4,V2-004-D2-TCNMEAN-F00-S20260928,f219483150b0da6c9efc8908cf7aafee80feffd12bcfdd491381d5991ec6101f
78e874acff90c7775fd07ce4a0b130b1f36038a88a1ed7524369cae55805de7f,MITDB_P124,124,370000000,0,20260928,MODEL_V2_TCN_MEAN,0,-6.928670883178711,0.0009783435380086303,4,V2-004-D2-TCNMEAN-F00-S20260928,f219483150b0da6c9efc8908cf7aafee80feffd12bcfdd491381d5991ec6101f
78fec8de8f757ccd954f5f343b961c724c2929bd85f2660d450f53a1e2bf1222,MITDB_P105,105,360000000,0,20260928,MODEL_V2_TCN_MEAN,1,-4.550407409667969,0.010452492162585258,4,V2-004-D2-TCNMEAN-F00-S20260928,f219483150b0da6c9efc8908cf7aafee80feffd12bcfdd491381d5991ec6101f
790b5f90cd05b3a7527524465aca26926c38635638e800217f7f8985efcc19a3,MITDB_P105,105,275000000,0,20260928,MODEL_V2_TCN_MEAN,0,-5.983473777770996,0.0025137222837656736,4,V2-004-D2-TCNMEAN-F00-S20260928,f219483150b0da6c9efc8908cf7aafee80feffd12bcfdd491381d5991ec6101f
7920c232d37e6eddf24620904161215a44e1fd84e38273429200475192c33406,MITDB_P203,203,1325000000,0,20260928,MODEL_V2_TCN_MEAN,1,2.6698687076568604,0.9352250695228577,4,V2-004-D2-TCNMEAN-F00-S20260928,f219483150b0da6c9efc8908cf7aafee80feffd12bcfdd491381d5991ec6101f
792da7d1c62b1a1f0d3b80b9a4a648d8ba1184b54322f41eeceb0c820e9e20df,MITDB_P209,209,1685000000,0,20260928,MODEL_V2_TCN_MEAN,1,-2.628028631210327,0.0673561841249466,4,V2-004-D2-TCNMEAN-F00-S20260928,f219483150b0da6c9efc8908cf7aafee80feffd12bcfdd491381d5991ec6101f
794678bb8fcb1bd00cbffd698439853e43d87ed4c7ff6f43730beaaaa7792fc7,MITDB_P203,203,1560000000,0,20260928,MODEL_V2_TCN_MEAN,1,9.15788745880127,0.9998946189880371,4,V2-004-D2-TCNMEAN-F00-S20260928,f219483150b0da6c9efc8908cf7aafee80feffd12bcfdd491381d5991ec6101f
79526e193cc159b8d243c187e0e6b94a4f8a7658767fd53c8662b86a1e4e20de,MITDB_P105,105,1705000000,0,20260928,MODEL_V2_TCN_MEAN,0,1.7982548475265503,0.8579363226890564,4,V2-004-D2-TCNMEAN-F00-S20260928,f219483150b0da6c9efc8908cf7aafee80feffd12bcfdd491381d5991ec6101f
795ecad4dedd301e03f3639956c4efc9f3a2b974f64b4a91d73c7608f584f28d,MITDB_P222,222,415000000,0,20260928,MODEL_V2_TCN_MEAN,0,-5.227555274963379,0.005337982438504696,4,V2-004-D2-TCNMEAN-F00-S20260928,f219483150b0da6c9efc8908cf7aafee80feffd12bcfdd491381d5991ec6101f
797bc243cd72f3a94cd0774a034cd85fb9f5ed343213ddd9c3be2b4ed53c9db6,MITDB_P105,105,1515000000,0,20260928,MODEL_V2_TCN_MEAN,0,-3.316882610321045,0.03499653562903404,4,V2-004-D2-TCNMEAN-F00-S20260928,f219483150b0da6c9efc8908cf7aafee80feffd12bcfdd491381d5991ec6101f
7985a711b8554d9e2e462074c78d0d81eaf1e3119ddeafadbbd6ec2edd490495,MITDB_P212,212,225000000,0,20260928,MODEL_V2_TCN_MEAN,0,-3.3302621841430664,0.034547485411167145,4,V2-004-D2-TCNMEAN-F00-S20260928,f219483150b0da6c9efc8908cf7aafee80feffd12bcfdd491381d5991ec6101f
79ab0dcd34dce1e1777828ee082882cfcbcfdff683553a3ee5446623ffb0c238,MITDB_P203,203,815000000,0,20260928,MODEL_V2_TCN_MEAN,1,5.425636291503906,0.9956170320510864,4,V2-004-D2-TCNMEAN-F00-S20260928,f219483150b0da6c9efc8908cf7aafee80feffd12bcfdd491381d5991ec6101f
79b8a994de2e8c91df3ddbca6e6abf1d5fc9dd8d2c3b9494a496591f5b558d94,MITDB_P203,203,1785000000,0,20260928,MODEL_V2_TCN_MEAN,0,4.178906440734863,0.9849157333374023,4,V2-004-D2-TCNMEAN-F00-S20260928,f219483150b0da6c9efc8908cf7aafee80feffd12bcfdd491381d5991ec6101f
79bbbbb58ac760bff1912526949c5afdd8b07bc45c18a4f0062a6a67ebbb2791,MITDB_P222,222,595000000,0,20260928,MODEL_V2_TCN_MEAN,0,-3.65100359916687,0.02530793473124504,4,V2-004-D2-TCNMEAN-F00-S20260928,f219483150b0da6c9efc8908cf7aafee80feffd12bcfdd491381d5991ec6101f
79cca644ed15e1152cfc920c2bedc3d8d6a03e6982cbe023a9413d52c71ccc3e,MITDB_P203,203,1410000000,0,20260928,MODEL_V2_TCN_MEAN,0,-0.2440246045589447,0.4392947852611542,4,V2-004-D2-TCNMEAN-F00-S20260928,f219483150b0da6c9efc8908cf7aafee80feffd12bcfdd491381d5991ec6101f
79e6029b583c1b0c4a99b603db34eac1c5799e1a36b7bad476c21c3954bf9fd2,MITDB_P203,203,135000000,0,20260928,MODEL_V2_TCN_MEAN,1,7.215945243835449,0.999265730381012,4,V2-004-D2-TCNMEAN-F00-S20260928,f219483150b0da6c9efc8908cf7aafee80feffd12bcfdd491381d5991ec6101f
7a236bbad6ad7dd6b4c6c64139345ac187b04efe87c6413713317d835c83d709,MITDB_P209,209,1040000000,0,20260928,MODEL_V2_TCN_MEAN,0,-2.889753818511963,0.05266239866614342,4,V2-004-D2-TCNMEAN-F00-S20260928,f219483150b0da6c9efc8908cf7aafee80feffd12bcfdd491381d5991ec6101f
7a269e01a2b7494ed252699cf33185d6baeb474b70c0be5acfd5c941db053c2d,MITDB_P209,209,440000000,0,20260928,MODEL_V2_TCN_MEAN,1,-3.100703001022339,0.04307826608419418,4,V2-004-D2-TCNMEAN-F00-S20260928,f219483150b0da6c9efc8908cf7aafee80feffd12bcfdd491381d5991ec6101f
7a3adb1deb49f92728a8c82ea0a93e6b004fccfa8f1c6126d6b2591552a6d953,MITDB_P124,124,1420000000,0,20260928,MODEL_V2_TCN_MEAN,1,-3.548419713973999,0.027965499088168144,4,V2-004-D2-TCNMEAN-F00-S20260928,f219483150b0da6c9efc8908cf7aafee80feffd12bcfdd491381d5991ec6101f
7a5f176a050013b28196eac6df34af44d36c806ec621e3095fad7d2fb915eb9d,MITDB_P222,222,220000000,0,20260928,MODEL_V2_TCN_MEAN,0,-5.730319023132324,0.00323553872294724,4,V2-004-D2-TCNMEAN-F00-S20260928,f219483150b0da6c9efc8908cf7aafee80feffd12bcfdd491381d5991ec6101f
7a7715d32407c1d4e0e7f81debb12cdab20416ba3561aa0002aa085412b366cf,MITDB_P209,209,515000000,0,20260928,MODEL_V2_TCN_MEAN,1,-3.248440742492676,0.037382956594228745,4,V2-004-D2-TCNMEAN-F00-S20260928,f219483150b0da6c9efc8908cf7aafee80feffd12bcfdd491381d5991ec6101f
7a7acefc4a5c06068a601afbfff64ec97b0f3af3881f484ecc34cdcdf87bbec0,MITDB_P124,124,365000000,0,20260928,MODEL_V2_TCN_MEAN,0,-5.647770404815674,0.0035129834432154894,4,V2-004-D2-TCNMEAN-F00-S20260928,f219483150b0da6c9efc8908cf7aafee80feffd12bcfdd491381d5991ec6101f
7a86e5b55ce4fb1e6470b4fbc50c22c96f4bb70b3e680ecfe7d0bbed03957c49,MITDB_P209,209,1100000000,0,20260928,MODEL_V2_TCN_MEAN,0,-4.245832443237305,0.014121531508862972,4,V2-004-D2-TCNMEAN-F00-S20260928,f219483150b0da6c9efc8908cf7aafee80feffd12bcfdd491381d5991ec6101f
7ab44fe503a25651bbabac40bd32af973e0c1c93c68f2b8c2b8bf2de84c10573,MITDB_P212,212,95000000,0,20260928,MODEL_V2_TCN_MEAN,0,-5.566941738128662,0.003807598724961281,4,V2-004-D2-TCNMEAN-F00-S20260928,f219483150b0da6c9efc8908cf7aafee80feffd12bcfdd491381d5991ec6101f
7ae42e760a3604a8117dd740a48983e8950e2f0d9503ad732ac22e609585c15b,MITDB_P209,209,540000000,0,20260928,MODEL_V2_TCN_MEAN,0,-6.0156755447387695,0.002434259280562401,4,V2-004-D2-TCNMEAN-F00-S20260928,f219483150b0da6c9efc8908cf7aafee80feffd12bcfdd491381d5991ec6101f
7ae91d5eaaf5a849fa2e80f1091b6bc4115c0321b014a23dbae0dbb41aae3bfe,MITDB_P209,209,100000000,0,20260928,MODEL_V2_TCN_MEAN,0,-4.934512138366699,0.007142586167901754,4,V2-004-D2-TCNMEAN-F00-S20260928,f219483150b0da6c9efc8908cf7aafee80feffd12bcfdd491381d5991ec6101f
7b02e9c98cb57784715ed76de3abf02295adcf88ae23947afe351be621686ee3,MITDB_P212,212,1495000000,0,20260928,MODEL_V2_TCN_MEAN,0,-8.7916259765625,0.00015197751054074615,4,V2-004-D2-TCNMEAN-F00-S20260928,f219483150b0da6c9efc8908cf7aafee80feffd12bcfdd491381d5991ec6101f
7b106632810d91b2055e95a1a1579f3e55271b0f72bdf503b09fc3c3e91f9e97,MITDB_P124,124,210000000,0,20260928,MODEL_V2_TCN_MEAN,0,-0.18383750319480896,0.4541696608066559,4,V2-004-D2-TCNMEAN-F00-S20260928,f219483150b0da6c9efc8908cf7aafee80feffd12bcfdd491381d5991ec6101f
7b293d1ed57ce1e20c0a855f21639b20cb1279bbca5f258cbcd242853f9c1571,MITDB_P222,222,525000000,0,20260928,MODEL_V2_TCN_MEAN,0,-7.919017314910889,0.00036362733226269484,4,V2-004-D2-TCNMEAN-F00-S20260928,f219483150b0da6c9efc8908cf7aafee80feffd12bcfdd491381d5991ec6101f
7b2d39da58f979c6cf5dcaf930ac9249afc0660770c32225f47fba04d1c7733a,MITDB_P124,124,1005000000,0,20260928,MODEL_V2_TCN_MEAN,1,2.8780579566955566,0.946751058101654,4,V2-004-D2-TCNMEAN-F00-S20260928,f219483150b0da6c9efc8908cf7aafee80feffd12bcfdd491381d5991ec6101f
7b399a8ddee5d0db5c32e77155f080135a7b89456a1a3485ea302ecae1737375,MITDB_P212,212,1160000000,0,20260928,MODEL_V2_TCN_MEAN,0,-8.256743431091309,0.0002594353863969445,4,V2-004-D2-TCNMEAN-F00-S20260928,f219483150b0da6c9efc8908cf7aafee80feffd12bcfdd491381d5991ec6101f
7b4491be67fb8a156bbe30d6caf1f1770b12924a36fe723b631a3bdf1bbd1d34,MITDB_P212,212,1250000000,0,20260928,MODEL_V2_TCN_MEAN,0,-4.5570783615112305,0.01038371678441763,4,V2-004-D2-TCNMEAN-F00-S20260928,f219483150b0da6c9efc8908cf7aafee80feffd12bcfdd491381d5991ec6101f
7b48cd5d49b71fdc3093239490aa1a19833e39ace227cb10bd450e9d09802750,MITDB_P203,203,325000000,0,20260928,MODEL_V2_TCN_MEAN,1,3.849717140197754,0.9791578650474548,4,V2-004-D2-TCNMEAN-F00-S20260928,f219483150b0da6c9efc8908cf7aafee80feffd12bcfdd491381d5991ec6101f
7b5e3a4762a38037bce190558b999030038b906a0eb94a4ff18b8cad2ec8ee28,MITDB_P212,212,1435000000,0,20260928,MODEL_V2_TCN_MEAN,0,-4.276906967163086,0.013695376925170422,4,V2-004-D2-TCNMEAN-F00-S20260928,f219483150b0da6c9efc8908cf7aafee80feffd12bcfdd491381d5991ec6101f
7b7c4c98668f23f87aa8d6666b04cdbe9c30416fe754c9b12fc909068ff8db6e,MITDB_P209,209,1730000000,0,20260928,MODEL_V2_TCN_MEAN,1,-1.7677894830703735,0.14581744372844696,4,V2-004-D2-TCNMEAN-F00-S20260928,f219483150b0da6c9efc8908cf7aafee80feffd12bcfdd491381d5991ec6101f
7b914e19b5dc18c888988df823b80a2bf095082cc8e7afc06b1bc04fd5052e94,MITDB_P209,209,1535000000,0,20260928,MODEL_V2_TCN_MEAN,1,-1.738291621208191,0.1495300531387329,4,V2-004-D2-TCNMEAN-F00-S20260928,f219483150b0da6c9efc8908cf7aafee80feffd12bcfdd491381d5991ec6101f
7b9476f261839b70e1f10914923ba59b6e8a772bb140511168b1751a515adcb5,MITDB_P222,222,620000000,0,20260928,MODEL_V2_TCN_MEAN,1,4.654331684112549,0.9905694723129272,4,V2-004-D2-TCNMEAN-F00-S20260928,f219483150b0da6c9efc8908cf7aafee80feffd12bcfdd491381d5991ec6101f
7bb01f9b9c6312f933f8e3d589ad1da1e13a84db021f624bccb88c09ac18601a,MITDB_P203,203,980000000,0,20260928,MODEL_V2_TCN_MEAN,1,6.955909252166748,0.9990479350090027,4,V2-004-D2-TCNMEAN-F00-S20260928,f219483150b0da6c9efc8908cf7aafee80feffd12bcfdd491381d5991ec6101f
7c09805159b2321f8943207847a23364e2fd55aecadf7e268cc690027f9960f2,MITDB_P124,124,1165000000,0,20260928,MODEL_V2_TCN_MEAN,0,-5.294222831726074,0.004995435010641813,4,V2-004-D2-TCNMEAN-F00-S20260928,f219483150b0da6c9efc8908cf7aafee80feffd12bcfdd491381d5991ec6101f
7c1cddfaa63e3f565546cde2d00888ad20bee76a3a45aa854fe113f22fe23482,MITDB_P203,203,90000000,0,20260928,MODEL_V2_TCN_MEAN,1,0.20745977759361267,0.5516797304153442,4,V2-004-D2-TCNMEAN-F00-S20260928,f219483150b0da6c9efc8908cf7aafee80feffd12bcfdd491381d5991ec6101f
7cc12ccc101dd5918048ab47d640fb30fac15041cebe30442aa1848d3456d6f9,MITDB_P222,222,215000000,0,20260928,MODEL_V2_TCN_MEAN,0,-4.9674811363220215,0.006912542972713709,4,V2-004-D2-TCNMEAN-F00-S20260928,f219483150b0da6c9efc8908cf7aafee80feffd12bcfdd491381d5991ec6101f
7cc8cfdb145697b0df7f480305d253fd756c90e8e7cb8f2f36de450d7cbd4b96,MITDB_P203,203,345000000,0,20260928,MODEL_V2_TCN_MEAN,1,6.636913299560547,0.998690664768219,4,V2-004-D2-TCNMEAN-F00-S20260928,f219483150b0da6c9efc8908cf7aafee80feffd12bcfdd491381d5991ec6101f
7cd3d71bd59a47b084c28367de043675504b029f78be03437f1a5f4fd3091c96,MITDB_P209,209,370000000,0,20260928,MODEL_V2_TCN_MEAN,1,1.2074137926101685,0.7698410153388977,4,V2-004-D2-TCNMEAN-F00-S20260928,f219483150b0da6c9efc8908cf7aafee80feffd12bcfdd491381d5991ec6101f
7cfa69166d7a2e4ec7b4d09898ee5ab1c2d1aa612388fff797cd6c1a242f7d55,MITDB_P105,105,280000000,0,20260928,MODEL_V2_TCN_MEAN,0,-5.466463565826416,0.004208365920931101,4,V2-004-D2-TCNMEAN-F00-S20260928,f219483150b0da6c9efc8908cf7aafee80feffd12bcfdd491381d5991ec6101f
7cfbd9d53e230cfeeac18a74534cc2899472a0c775e9178404709c9f3a224c19,MITDB_P105,105,1100000000,0,20260928,MODEL_V2_TCN_MEAN,0,-4.809201240539551,0.008088414557278156,4,V2-004-D2-TCNMEAN-F00-S20260928,f219483150b0da6c9efc8908cf7aafee80feffd12bcfdd491381d5991ec6101f
7d042548ca2a6ff93b2030cf5bc0e5d00c4115ae5d1d2410b900aee3f177c442,MITDB_P105,105,770000000,0,20260928,MODEL_V2_TCN_MEAN,0,-5.4091291427612305,0.004455594811588526,4,V2-004-D2-TCNMEAN-F00-S20260928,f219483150b0da6c9efc8908cf7aafee80feffd12bcfdd491381d5991ec6101f
7d100e8c3b88a16ebebb2495a0b4d9287f83878378abb11c0b49ee2ef9867f65,MITDB_P209,209,1595000000,0,20260928,MODEL_V2_TCN_MEAN,0,-6.498475551605225,0.0015034690732136369,4,V2-004-D2-TCNMEAN-F00-S20260928,f219483150b0da6c9efc8908cf7aafee80feffd12bcfdd491381d5991ec6101f
7d3b537a27a11243c6ce3ef6ab008e395f5882b46248605bc0585681d4e7fe28,MITDB_P124,124,1510000000,0,20260928,MODEL_V2_TCN_MEAN,0,-5.893303871154785,0.0027502651792019606,4,V2-004-D2-TCNMEAN-F00-S20260928,f219483150b0da6c9efc8908cf7aafee80feffd12bcfdd491381d5991ec6101f
7d4e67e213e2eed711e01d7e1e38cb669c840af9a89586861db1b1e2c614cdd6,MITDB_P209,209,1675000000,0,20260928,MODEL_V2_TCN_MEAN,1,-2.4451651573181152,0.07979282736778259,4,V2-004-D2-TCNMEAN-F00-S20260928,f219483150b0da6c9efc8908cf7aafee80feffd12bcfdd491381d5991ec6101f
7d6776521ea6316221c54270388956cddc7efd169f8ad8ab2b84fe9ea6741227,MITDB_P105,105,845000000,0,20260928,MODEL_V2_TCN_MEAN,0,-4.90027379989624,0.007389532867819071,4,V2-004-D2-TCNMEAN-F00-S20260928,f219483150b0da6c9efc8908cf7aafee80feffd12bcfdd491381d5991ec6101f
7d81fd0d8b007fab8bd2f28bd46868db11fa7861f9a4e78f8e79fb952b20067d,MITDB_P212,212,165000000,0,20260928,MODEL_V2_TCN_MEAN,0,-1.9656667709350586,0.12285508215427399,4,V2-004-D2-TCNMEAN-F00-S20260928,f219483150b0da6c9efc8908cf7aafee80feffd12bcfdd491381d5991ec6101f
7d8ccddfc2cb6cb99397553109da722c50db987f6ee0c965203c2060e00fa35e,MITDB_P209,209,835000000,0,20260928,MODEL_V2_TCN_MEAN,0,-5.386590957641602,0.004556693602353334,4,V2-004-D2-TCNMEAN-F00-S20260928,f219483150b0da6c9efc8908cf7aafee80feffd12bcfdd491381d5991ec6101f
7db6648047ea0e148c88cdca932952c314b4686a31273c038265c766f3ba8c7e,MITDB_P203,203,405000000,0,20260928,MODEL_V2_TCN_MEAN,1,4.718844413757324,0.9911535382270813,4,V2-004-D2-TCNMEAN-F00-S20260928,f219483150b0da6c9efc8908cf7aafee80feffd12bcfdd491381d5991ec6101f
7dc21474c9a99c35ffa3b509a70b3798abaf9eb568bbe10bdf9340f20f33c9e4,MITDB_P124,124,1115000000,0,20260928,MODEL_V2_TCN_MEAN,0,-5.180469989776611,0.005593894049525261,4,V2-004-D2-TCNMEAN-F00-S20260928,f219483150b0da6c9efc8908cf7aafee80feffd12bcfdd491381d5991ec6101f
7dd1629c92cb16b30ecd448f16ef1fe5285607272bae33c2f84adb61600713db,MITDB_P105,105,1665000000,0,20260928,MODEL_V2_TCN_MEAN,0,-0.29548582434654236,0.4266613721847534,4,V2-004-D2-TCNMEAN-F00-S20260928,f219483150b0da6c9efc8908cf7aafee80feffd12bcfdd491381d5991ec6101f
7e055cc205698f91b415691f13084c027394f17f3c651f5535e76cf72dcc51c2,MITDB_P212,212,1315000000,0,20260928,MODEL_V2_TCN_MEAN,0,-4.4585113525390625,0.011447036638855934,4,V2-004-D2-TCNMEAN-F00-S20260928,f219483150b0da6c9efc8908cf7aafee80feffd12bcfdd491381d5991ec6101f
7e602942cac067e1f935c3c3d24cacd48eee1d8ea383c27681053d91b0bb3525,MITDB_P105,105,1535000000,0,20260928,MODEL_V2_TCN_MEAN,0,-2.5148329734802246,0.07482485473155975,4,V2-004-D2-TCNMEAN-F00-S20260928,f219483150b0da6c9efc8908cf7aafee80feffd12bcfdd491381d5991ec6101f
7e7727a3749c0c64b6f89887d6d6e84691f3328bd332048b2aaabd6cdf06f943,MITDB_P222,222,1365000000,0,20260928,MODEL_V2_TCN_MEAN,1,-0.8965877294540405,0.28975221514701843,4,V2-004-D2-TCNMEAN-F00-S20260928,f219483150b0da6c9efc8908cf7aafee80feffd12bcfdd491381d5991ec6101f
7f1bda0b818063825f26875f3149c2862e731c24efdd988c9dacd614280e3337,MITDB_P212,212,215000000,0,20260928,MODEL_V2_TCN_MEAN,0,-2.4709322452545166,0.07792122662067413,4,V2-004-D2-TCNMEAN-F00-S20260928,f219483150b0da6c9efc8908cf7aafee80feffd12bcfdd491381d5991ec6101f
7f469ca3d2dbf296dd92b26b2238f249b39d5ae543d040cb697b1fb9a7b8ec93,MITDB_P222,222,1605000000,0,20260928,MODEL_V2_TCN_MEAN,1,3.413118362426758,0.9681119918823242,4,V2-004-D2-TCNMEAN-F00-S20260928,f219483150b0da6c9efc8908cf7aafee80feffd12bcfdd491381d5991ec6101f
7f53bcfa3494373f4fae86a5727c671a20c23b2ac09f30c105a74756abb97303,MITDB_P124,124,130000000,0,20260928,MODEL_V2_TCN_MEAN,0,-0.6211374998092651,0.34952276945114136,4,V2-004-D2-TCNMEAN-F00-S20260928,f219483150b0da6c9efc8908cf7aafee80feffd12bcfdd491381d5991ec6101f
7f555b7d09b66c61cef47715dea3977a23c7cd1c793a809442d86e3b21a98a56,MITDB_P124,124,1565000000,0,20260928,MODEL_V2_TCN_MEAN,0,-6.303142547607422,0.0018271984299644828,4,V2-004-D2-TCNMEAN-F00-S20260928,f219483150b0da6c9efc8908cf7aafee80feffd12bcfdd491381d5991ec6101f
7f7a4218376768c4efd7dfe2abc876cb78b22716b3216e7c0c2b6c57c0dac05d,MITDB_P222,222,1340000000,0,20260928,MODEL_V2_TCN_MEAN,0,2.940546751022339,0.9498148560523987,4,V2-004-D2-TCNMEAN-F00-S20260928,f219483150b0da6c9efc8908cf7aafee80feffd12bcfdd491381d5991ec6101f
7f8539343a6a5efd5f501c670dde59bbbdf75996106bc3a22c24c8dc11fe0c71,MITDB_P203,203,1110000000,0,20260928,MODEL_V2_TCN_MEAN,1,6.429915904998779,0.9983900785446167,4,V2-004-D2-TCNMEAN-F00-S20260928,f219483150b0da6c9efc8908cf7aafee80feffd12bcfdd491381d5991ec6101f
806026f626d88967b39a9fabd8c56fb7a954a988911ef3e1c56c80c2b4858745,MITDB_P209,209,1690000000,0,20260928,MODEL_V2_TCN_MEAN,1,-3.1254584789276123,0.04206924885511398,4,V2-004-D2-TCNMEAN-F00-S20260928,f219483150b0da6c9efc8908cf7aafee80feffd12bcfdd491381d5991ec6101f
80626a0b15883b64397782e47196710c06be44cd031f7016b4cafdf71963b608,MITDB_P105,105,615000000,0,20260928,MODEL_V2_TCN_MEAN,0,-5.743427753448486,0.0031935363076627254,4,V2-004-D2-TCNMEAN-F00-S20260928,f219483150b0da6c9efc8908cf7aafee80feffd12bcfdd491381d5991ec6101f
807e255d2fa40929cd018ec3d46897713b20772097b0fc0039cc7c167630914d,MITDB_P222,222,225000000,0,20260928,MODEL_V2_TCN_MEAN,0,-2.2441678047180176,0.09585372358560562,4,V2-004-D2-TCNMEAN-F00-S20260928,f219483150b0da6c9efc8908cf7aafee80feffd12bcfdd491381d5991ec6101f
8092c95ffbd9b7303bc7719d9376891a1e7ca75ec076cd7e661f7d9cb7f5a8b2,MITDB_P209,209,760000000,0,20260928,MODEL_V2_TCN_MEAN,1,-2.584010124206543,0.07017461955547333,4,V2-004-D2-TCNMEAN-F00-S20260928,f219483150b0da6c9efc8908cf7aafee80feffd12bcfdd491381d5991ec6101f
809762c218843aa7ac04612ae99d02560f04abb686329b9f7dd389466dd02efa,MITDB_P222,222,1435000000,0,20260928,MODEL_V2_TCN_MEAN,1,2.811945676803589,0.9433180093765259,4,V2-004-D2-TCNMEAN-F00-S20260928,f219483150b0da6c9efc8908cf7aafee80feffd12bcfdd491381d5991ec6101f
80b7b5cc02139e491059eceb2bc4e5bc1a6e492ac94f3ff219260b28612d1d52,MITDB_P105,105,645000000,0,20260928,MODEL_V2_TCN_MEAN,1,-0.6289654970169067,0.3477451503276825,4,V2-004-D2-TCNMEAN-F00-S20260928,f219483150b0da6c9efc8908cf7aafee80feffd12bcfdd491381d5991ec6101f
81002100d4f1d994a79a429453674ae0e6cea7308101ab554c043e132a723b9b,MITDB_P222,222,1530000000,0,20260928,MODEL_V2_TCN_MEAN,0,-7.118948936462402,0.0008089623297564685,4,V2-004-D2-TCNMEAN-F00-S20260928,f219483150b0da6c9efc8908cf7aafee80feffd12bcfdd491381d5991ec6101f
811aac2eb1e69b6728ebf23290dc1e82993450501d437049ae43fdd7d4276eaa,MITDB_P209,209,1655000000,0,20260928,MODEL_V2_TCN_MEAN,0,-5.032807350158691,0.0064782388508319855,4,V2-004-D2-TCNMEAN-F00-S20260928,f219483150b0da6c9efc8908cf7aafee80feffd12bcfdd491381d5991ec6101f
81209ec8b89a1d336928cba911cd3d5bd8965b5225cd4ff140b2034e18692cd1,MITDB_P124,124,145000000,0,20260928,MODEL_V2_TCN_MEAN,0,-3.779906988143921,0.02231546863913536,4,V2-004-D2-TCNMEAN-F00-S20260928,f219483150b0da6c9efc8908cf7aafee80feffd12bcfdd491381d5991ec6101f
812b284e602b4f40610acda4c61cda0257f095620a99a953b53306cdc95e2a38,MITDB_P203,203,565000000,0,20260928,MODEL_V2_TCN_MEAN,0,-0.025532275438308716,0.4936172664165497,4,V2-004-D2-TCNMEAN-F00-S20260928,f219483150b0da6c9efc8908cf7aafee80feffd12bcfdd491381d5991ec6101f
8150a06caa0547f0a2697246027f3c68b5058bc05480cfb94d5ea8494258c128,MITDB_P209,209,510000000,0,20260928,MODEL_V2_TCN_MEAN,1,-2.959515333175659,0.04928871616721153,4,V2-004-D2-TCNMEAN-F00-S20260928,f219483150b0da6c9efc8908cf7aafee80feffd12bcfdd491381d5991ec6101f
81530d55a6b9a3d9aaaeb0e6394c09816de37c225092a81249e5a413c18f53cf,MITDB_P105,105,715000000,0,20260928,MODEL_V2_TCN_MEAN,1,-2.571392297744751,0.07100241631269455,4,V2-004-D2-TCNMEAN-F00-S20260928,f219483150b0da6c9efc8908cf7aafee80feffd12bcfdd491381d5991ec6101f
815d2f26bd4a92d5dcc9c3b3f75f9146ccee56595295ca7a7ec03f81af250bee,MITDB_P203,203,1395000000,0,20260928,MODEL_V2_TCN_MEAN,1,3.411874294281006,0.9680735468864441,4,V2-004-D2-TCNMEAN-F00-S20260928,f219483150b0da6c9efc8908cf7aafee80feffd12bcfdd491381d5991ec6101f
81638f86e4427650af3ddb7b4a00a0fe642517ad1e935b7491c729bf6f3ea197,MITDB_P222,222,80000000,0,20260928,MODEL_V2_TCN_MEAN,0,-5.557082176208496,0.0038451803848147392,4,V2-004-D2-TCNMEAN-F00-S20260928,f219483150b0da6c9efc8908cf7aafee80feffd12bcfdd491381d5991ec6101f
816ed224d78a739486287245b1a28741476d8771cb135d630cf9c3b471f025c5,MITDB_P105,105,1610000000,0,20260928,MODEL_V2_TCN_MEAN,0,-5.9015092849731445,0.002727851737290621,4,V2-004-D2-TCNMEAN-F00-S20260928,f219483150b0da6c9efc8908cf7aafee80feffd12bcfdd491381d5991ec6101f
819a57adff305efc8fcb4bfc3009633a9bd35b27af6c08d79f2d7ba70d8644c9,MITDB_P203,203,1520000000,0,20260928,MODEL_V2_TCN_MEAN,1,5.011727333068848,0.9933846592903137,4,V2-004-D2-TCNMEAN-F00-S20260928,f219483150b0da6c9efc8908cf7aafee80feffd12bcfdd491381d5991ec6101f
8208adf3fb5532328c9ac0e739fad03f66e7ed54781a8c805bee6c40f2f8e816,MITDB_P212,212,1175000000,0,20260928,MODEL_V2_TCN_MEAN,0,-1.9645174741744995,0.12297898530960083,4,V2-004-D2-TCNMEAN-F00-S20260928,f219483150b0da6c9efc8908cf7aafee80feffd12bcfdd491381d5991ec6101f
8249f5aaf58b3985cefd62e037a7786111450ff9f406a1462d230702b87eab44,MITDB_P105,105,1335000000,0,20260928,MODEL_V2_TCN_MEAN,0,4.049796104431152,0.9828725457191467,4,V2-004-D2-TCNMEAN-F00-S20260928,f219483150b0da6c9efc8908cf7aafee80feffd12bcfdd491381d5991ec6101f
824aa3108da0eb6b7ff6b3504cce1b9bba8f612a28acd5a94847f26fea425953,MITDB_P212,212,460000000,0,20260928,MODEL_V2_TCN_MEAN,0,-1.5704176425933838,0.17215685546398163,4,V2-004-D2-TCNMEAN-F00-S20260928,f219483150b0da6c9efc8908cf7aafee80feffd12bcfdd491381d5991ec6101f
824e8f2bbebdee161d5f99e8b5a5c8312626c2f622b9d0e84485d0ffbad0f6da,MITDB_P222,222,430000000,0,20260928,MODEL_V2_TCN_MEAN,0,-3.347019910812378,0.033992886543273926,4,V2-004-D2-TCNMEAN-F00-S20260928,f219483150b0da6c9efc8908cf7aafee80feffd12bcfdd491381d5991ec6101f
82630b3b9456f4792255244d717de7bb85701116bccaf808157799b72989ce12,MITDB_P203,203,480000000,0,20260928,MODEL_V2_TCN_MEAN,1,8.89059829711914,0.9998623132705688,4,V2-004-D2-TCNMEAN-F00-S20260928,f219483150b0da6c9efc8908cf7aafee80feffd12bcfdd491381d5991ec6101f
82658117742c40feea7975a0f28bfc62786b7448bad69ecca2e4cd9749b376dd,MITDB_P212,212,240000000,0,20260928,MODEL_V2_TCN_MEAN,0,-3.211298704147339,0.03874273970723152,4,V2-004-D2-TCNMEAN-F00-S20260928,f219483150b0da6c9efc8908cf7aafee80feffd12bcfdd491381d5991ec6101f
827b0c0d98dc10f5d4cde11bb7ffa9dae55430213f6107a8296d8011ff806515,MITDB_P105,105,720000000,0,20260928,MODEL_V2_TCN_MEAN,0,-6.045070648193359,0.002363912295550108,4,V2-004-D2-TCNMEAN-F00-S20260928,f219483150b0da6c9efc8908cf7aafee80feffd12bcfdd491381d5991ec6101f
828b34000c8c2c0150ba8fb25fd96a0829a923f9ae0cf9602ffc66ca4cedd8eb,MITDB_P105,105,1740000000,0,20260928,MODEL_V2_TCN_MEAN,0,-4.710862636566162,0.00891678873449564,4,V2-004-D2-TCNMEAN-F00-S20260928,f219483150b0da6c9efc8908cf7aafee80feffd12bcfdd491381d5991ec6101f
8292553ea24c50f47416d30a57c5046c59823f8e1aac47df776db13eb51021e9,MITDB_P124,124,785000000,0,20260928,MODEL_V2_TCN_MEAN,0,-6.396526336669922,0.0016645636642351747,4,V2-004-D2-TCNMEAN-F00-S20260928,f219483150b0da6c9efc8908cf7aafee80feffd12bcfdd491381d5991ec6101f
82b293d079a44b270fd7d66d7c86018196ba8dee0b6af1c801882e3474cb08f7,MITDB_P222,222,205000000,0,20260928,MODEL_V2_TCN_MEAN,0,-4.54992151260376,0.010457517579197884,4,V2-004-D2-TCNMEAN-F00-S20260928,f219483150b0da6c9efc8908cf7aafee80feffd12bcfdd491381d5991ec6101f
82fd56643bd2c1393f725d099c73f971e1e0a28aa065ecc17621f4962e163a37,MITDB_P105,105,1730000000,0,20260928,MODEL_V2_TCN_MEAN,0,-4.969455718994141,0.0068990010768175125,4,V2-004-D2-TCNMEAN-F00-S20260928,f219483150b0da6c9efc8908cf7aafee80feffd12bcfdd491381d5991ec6101f
830342d30e09379ed6ccbc488007548ec32ad81932b4f1988c056301a9b9fe82,MITDB_P105,105,130000000,0,20260928,MODEL_V2_TCN_MEAN,1,-0.6837958097457886,0.3354146480560303,4,V2-004-D2-TCNMEAN-F00-S20260928,f219483150b0da6c9efc8908cf7aafee80feffd12bcfdd491381d5991ec6101f
833752c9e5c4393e46d37a104684eb0dea3dc873c370f40227e2c6fa4e99312e,MITDB_P212,212,290000000,0,20260928,MODEL_V2_TCN_MEAN,0,-0.953099250793457,0.2782619595527649,4,V2-004-D2-TCNMEAN-F00-S20260928,f219483150b0da6c9efc8908cf7aafee80feffd12bcfdd491381d5991ec6101f
8343dd73c0cdd27a68d480357979b7ee1cc2d4d39ff6563be40cfced6def36b0,MITDB_P212,212,1195000000,0,20260928,MODEL_V2_TCN_MEAN,0,-3.5702929496765137,0.027377009391784668,4,V2-004-D2-TCNMEAN-F00-S20260928,f219483150b0da6c9efc8908cf7aafee80feffd12bcfdd491381d5991ec6101f
8378c86999d59b322d30b10bf9302bdc49994910983722d5fcff0b0434d1d00b,MITDB_P203,203,865000000,0,20260928,MODEL_V2_TCN_MEAN,0,0.13893291354179382,0.5346774458885193,4,V2-004-D2-TCNMEAN-F00-S20260928,f219483150b0da6c9efc8908cf7aafee80feffd12bcfdd491381d5991ec6101f
839133d915c267c845c4e46c25bc24d308463f359a1c94ab3f974218be45043c,MITDB_P105,105,650000000,0,20260928,MODEL_V2_TCN_MEAN,1,-1.2968069314956665,0.21470290422439575,4,V2-004-D2-TCNMEAN-F00-S20260928,f219483150b0da6c9efc8908cf7aafee80feffd12bcfdd491381d5991ec6101f
83b6ed2cc9847234617693b57660e73c513db9e4aefbb44d079ef7e726c7a67a,MITDB_P124,124,485000000,0,20260928,MODEL_V2_TCN_MEAN,0,-6.061537265777588,0.0023253948893398046,4,V2-004-D2-TCNMEAN-F00-S20260928,f219483150b0da6c9efc8908cf7aafee80feffd12bcfdd491381d5991ec6101f
84114f277a1024ace688b2ea0daa18091e09ed5942e8841a61ae20f275ad392f,MITDB_P209,209,1615000000,0,20260928,MODEL_V2_TCN_MEAN,1,-3.2403597831726074,0.03767484426498413,4,V2-004-D2-TCNMEAN-F00-S20260928,f219483150b0da6c9efc8908cf7aafee80feffd12bcfdd491381d5991ec6101f
8445d2cf700eca7449fca4a7e74556e55f484eb4ea7dbce3184057cae121fcc1,MITDB_P209,209,1440000000,0,20260928,MODEL_V2_TCN_MEAN,0,-5.6136274337768555,0.003634555032476783,4,V2-004-D2-TCNMEAN-F00-S20260928,f219483150b0da6c9efc8908cf7aafee80feffd12bcfdd491381d5991ec6101f
844c688ffbd02e60bbdb64d538f76c80f3c3ed0b48bed1f70f2ec068f7652c73,MITDB_P222,222,1125000000,0,20260928,MODEL_V2_TCN_MEAN,1,2.3808486461639404,0.9153552055358887,4,V2-004-D2-TCNMEAN-F00-S20260928,f219483150b0da6c9efc8908cf7aafee80feffd12bcfdd491381d5991ec6101f
8450b0e0662feb8d061c6ed889cc8efc382b239955e74e033528995ba6519da3,MITDB_P105,105,1420000000,0,20260928,MODEL_V2_TCN_MEAN,0,-1.3441071510314941,0.20683544874191284,4,V2-004-D2-TCNMEAN-F00-S20260928,f219483150b0da6c9efc8908cf7aafee80feffd12bcfdd491381d5991ec6101f
846ce78f33d50485151d08820163235424275ba926213e7d4f1e1b1386342b5b,MITDB_P222,222,530000000,0,20260928,MODEL_V2_TCN_MEAN,0,-7.478748321533203,0.0005646451027132571,4,V2-004-D2-TCNMEAN-F00-S20260928,f219483150b0da6c9efc8908cf7aafee80feffd12bcfdd491381d5991ec6101f
84a8bb5de62015901b3a81ffe3eb2fe4c272c510371e50a866c1e8cd5c16583f,MITDB_P222,222,1715000000,0,20260928,MODEL_V2_TCN_MEAN,0,-0.6887403726577759,0.33431336283683777,4,V2-004-D2-TCNMEAN-F00-S20260928,f219483150b0da6c9efc8908cf7aafee80feffd12bcfdd491381d5991ec6101f
84ac410dc5123c4c3912dda090a153276aef88be9b535431c8de39e9644e236d,MITDB_P105,105,310000000,0,20260928,MODEL_V2_TCN_MEAN,1,-4.885796070098877,0.007496487349271774,4,V2-004-D2-TCNMEAN-F00-S20260928,f219483150b0da6c9efc8908cf7aafee80feffd12bcfdd491381d5991ec6101f
84c37a3b3a1ccf981bbb508c772f82604947541e8a616381e9b2545d2681e944,MITDB_P222,222,1110000000,0,20260928,MODEL_V2_TCN_MEAN,0,-4.564746856689453,0.010305211879312992,4,V2-004-D2-TCNMEAN-F00-S20260928,f219483150b0da6c9efc8908cf7aafee80feffd12bcfdd491381d5991ec6101f
84dbff96f424978f8bca26d500ce2dead1bf2ad844e0c312801b95754b4284e1,MITDB_P203,203,1335000000,0,20260928,MODEL_V2_TCN_MEAN,1,6.3972249031066895,0.9983365535736084,4,V2-004-D2-TCNMEAN-F00-S20260928,f219483150b0da6c9efc8908cf7aafee80feffd12bcfdd491381d5991ec6101f
84e17db019cbe62e247171d078bf940095d31f3960f92fcdd5360036bf09f1b6,MITDB_P124,124,450000000,0,20260928,MODEL_V2_TCN_MEAN,1,-4.6920881271362305,0.009084243327379227,4,V2-004-D2-TCNMEAN-F00-S20260928,f219483150b0da6c9efc8908cf7aafee80feffd12bcfdd491381d5991ec6101f
84e2bd895f50127c1c44a59badf6faccde5fc19cbbb29f58f8444e7e144d5913,MITDB_P222,222,90000000,0,20260928,MODEL_V2_TCN_MEAN,0,-7.745348930358887,0.0004325633926782757,4,V2-004-D2-TCNMEAN-F00-S20260928,f219483150b0da6c9efc8908cf7aafee80feffd12bcfdd491381d5991ec6101f
84ec35f66a880338040214439c0bbfb989abbe84673fd2a1c091c17b93601e00,MITDB_P212,212,1045000000,0,20260928,MODEL_V2_TCN_MEAN,0,-2.546393394470215,0.07266915589570999,4,V2-004-D2-TCNMEAN-F00-S20260928,f219483150b0da6c9efc8908cf7aafee80feffd12bcfdd491381d5991ec6101f
84efcdd8e24ec0cd26f678c02945bcb5eb01320cc76fa7a3a2f6bbc491972986,MITDB_P209,209,415000000,0,20260928,MODEL_V2_TCN_MEAN,1,-2.6443796157836914,0.0663362666964531,4,V2-004-D2-TCNMEAN-F00-S20260928,f219483150b0da6c9efc8908cf7aafee80feffd12bcfdd491381d5991ec6101f
84f184e28452f245fbe5487a881bde732a8d36166b245bc245396aeecf342124,MITDB_P203,203,735000000,0,20260928,MODEL_V2_TCN_MEAN,1,4.883010387420654,0.9924827218055725,4,V2-004-D2-TCNMEAN-F00-S20260928,f219483150b0da6c9efc8908cf7aafee80feffd12bcfdd491381d5991ec6101f
850496cc69bbdff1b07aa103eb384473acddf9d83bc9e8b99725e432ad8efdc3,MITDB_P203,203,370000000,0,20260928,MODEL_V2_TCN_MEAN,0,-3.3904707431793213,0.03259461000561714,4,V2-004-D2-TCNMEAN-F00-S20260928,f219483150b0da6c9efc8908cf7aafee80feffd12bcfdd491381d5991ec6101f
851eec6fc300738e18408e474d15ff8ae6899fa3960f3cc3272d7f2771a832a0,MITDB_P203,203,1190000000,0,20260928,MODEL_V2_TCN_MEAN,1,3.942307472229004,0.9809659719467163,4,V2-004-D2-TCNMEAN-F00-S20260928,f219483150b0da6c9efc8908cf7aafee80feffd12bcfdd491381d5991ec6101f
854fb092633f40bec10c20b6bf8d58960b9b271415290468cdf7a58d0ea3c10e,MITDB_P105,105,1180000000,0,20260928,MODEL_V2_TCN_MEAN,0,-5.041758060455322,0.006420882884413004,4,V2-004-D2-TCNMEAN-F00-S20260928,f219483150b0da6c9efc8908cf7aafee80feffd12bcfdd491381d5991ec6101f
855bb85af1880492662c9ae0b432834936a3f9270a0ecfaffd50455d9c15c1a9,MITDB_P209,209,500000000,0,20260928,MODEL_V2_TCN_MEAN,0,-6.505938529968262,0.0014923071721568704,4,V2-004-D2-TCNMEAN-F00-S20260928,f219483150b0da6c9efc8908cf7aafee80feffd12bcfdd491381d5991ec6101f
8571a2af6261c91ae4c06120ef163d880628a7fa16d445a5ce7930046d991071,MITDB_P212,212,1670000000,0,20260928,MODEL_V2_TCN_MEAN,0,-8.312414169311523,0.00024539054720662534,4,V2-004-D2-TCNMEAN-F00-S20260928,f219483150b0da6c9efc8908cf7aafee80feffd12bcfdd491381d5991ec6101f
858249fff767ff47a085ad5b00762ff3ed3e11c1a62697ae2d4e12c1f5b312ee,MITDB_P105,105,335000000,0,20260928,MODEL_V2_TCN_MEAN,1,1.3591346740722656,0.7956190705299377,4,V2-004-D2-TCNMEAN-F00-S20260928,f219483150b0da6c9efc8908cf7aafee80feffd12bcfdd491381d5991ec6101f
85865637da5a52e3d4b4d6cb56777781a3b8954170c41d7800c912e8909860bf,MITDB_P203,203,290000000,0,20260928,MODEL_V2_TCN_MEAN,1,5.765613555908203,0.9968763589859009,4,V2-004-D2-TCNMEAN-F00-S20260928,f219483150b0da6c9efc8908cf7aafee80feffd12bcfdd491381d5991ec6101f
85d915124df10f731c40860bbae231903eebb4afd5b85deee4f950efc9e4bd00,MITDB_P124,124,1695000000,0,20260928,MODEL_V2_TCN_MEAN,0,-5.914538383483887,0.0026926358696073294,4,V2-004-D2-TCNMEAN-F00-S20260928,f219483150b0da6c9efc8908cf7aafee80feffd12bcfdd491381d5991ec6101f
85ecbb4eedef091738efa02e3f49e38e94a9963b55653023d399ffab979afb29,MITDB_P105,105,1035000000,0,20260928,MODEL_V2_TCN_MEAN,1,2.5214762687683105,0.9256337881088257,4,V2-004-D2-TCNMEAN-F00-S20260928,f219483150b0da6c9efc8908cf7aafee80feffd12bcfdd491381d5991ec6101f
85fd0a0cf19a75695f5a6b4531f939151a724949658b0347e69e399756a2b002,MITDB_P209,209,90000000,0,20260928,MODEL_V2_TCN_MEAN,0,-5.44191312789917,0.004312511067837477,4,V2-004-D2-TCNMEAN-F00-S20260928,f219483150b0da6c9efc8908cf7aafee80feffd12bcfdd491381d5991ec6101f
8600b972288abca75fef7fd552bc15031ca5ccc2068d515b92b232b9eafa3577,MITDB_P212,212,1150000000,0,20260928,MODEL_V2_TCN_MEAN,0,-7.32979679107666,0.0006552771665155888,4,V2-004-D2-TCNMEAN-F00-S20260928,f219483150b0da6c9efc8908cf7aafee80feffd12bcfdd491381d5991ec6101f
861156f36aabcf0af768d536f70f87042aec4fc8f42809cd38c5cef1e87ad052,MITDB_P203,203,650000000,0,20260928,MODEL_V2_TCN_MEAN,1,8.61240005493164,0.9998182654380798,4,V2-004-D2-TCNMEAN-F00-S20260928,f219483150b0da6c9efc8908cf7aafee80feffd12bcfdd491381d5991ec6101f
8618c812887b8f84adca8fd35699205ec1b11d5c7d1d8bb27f6a0e9e40416018,MITDB_P222,222,805000000,0,20260928,MODEL_V2_TCN_MEAN,1,3.430612564086914,0.9686476588249207,4,V2-004-D2-TCNMEAN-F00-S20260928,f219483150b0da6c9efc8908cf7aafee80feffd12bcfdd491381d5991ec6101f
8638a7e865af35c59f3cbdb69f66addc034e1c8b83aae00b08d23d155757a575,MITDB_P105,105,1370000000,0,20260928,MODEL_V2_TCN_MEAN,1,1.5137040615081787,0.8196094632148743,4,V2-004-D2-TCNMEAN-F00-S20260928,f219483150b0da6c9efc8908cf7aafee80feffd12bcfdd491381d5991ec6101f
86487d766b6fddafbb115e09e9579882170cfa36228908b405c1fd456b8d4fc6,MITDB_P105,105,390000000,0,20260928,MODEL_V2_TCN_MEAN,0,-6.328751564025879,0.0017810818972066045,4,V2-004-D2-TCNMEAN-F00-S20260928,f219483150b0da6c9efc8908cf7aafee80feffd12bcfdd491381d5991ec6101f
864c2843f02118b14a50583b6aff8744674f66e298ed5ff8509ae475d4742cce,MITDB_P222,222,1800000000,0,20260928,MODEL_V2_TCN_MEAN,0,-0.4608067572116852,0.38679444789886475,4,V2-004-D2-TCNMEAN-F00-S20260928,f219483150b0da6c9efc8908cf7aafee80feffd12bcfdd491381d5991ec6101f
8664639f1ded7a54dbc4edd86b52c9fab9bf63e6f68f0f660ab6701efcf1c150,MITDB_P222,222,370000000,0,20260928,MODEL_V2_TCN_MEAN,0,-4.563058376312256,0.010322446934878826,4,V2-004-D2-TCNMEAN-F00-S20260928,f219483150b0da6c9efc8908cf7aafee80feffd12bcfdd491381d5991ec6101f
8677cb0fa113e7639df0b2ebb614542b86f5ef475423466ebb459b653dde76f0,MITDB_P105,105,1120000000,0,20260928,MODEL_V2_TCN_MEAN,0,-4.952392578125,0.007016896735876799,4,V2-004-D2-TCNMEAN-F00-S20260928,f219483150b0da6c9efc8908cf7aafee80feffd12bcfdd491381d5991ec6101f
86941ec48bb30e8493e722aaa4146e50f0c4b734c71e4fdfcda561dc4bef0d48,MITDB_P209,209,1140000000,0,20260928,MODEL_V2_TCN_MEAN,1,-3.9044620990753174,0.019753718748688698,4,V2-004-D2-TCNMEAN-F00-S20260928,f219483150b0da6c9efc8908cf7aafee80feffd12bcfdd491381d5991ec6101f
869db36b7afa0e635da305bafc3548a169ced86b5911308de2a853e9804463fa,MITDB_P105,105,565000000,0,20260928,MODEL_V2_TCN_MEAN,0,-5.123899936676025,0.005917536560446024,4,V2-004-D2-TCNMEAN-F00-S20260928,f219483150b0da6c9efc8908cf7aafee80feffd12bcfdd491381d5991ec6101f
86c0266e1bbe20f27174e7ecad5f22a0f4a46c7012a02a8151eeb12b38357bb2,MITDB_P209,209,675000000,0,20260928,MODEL_V2_TCN_MEAN,1,-4.535738945007324,0.010605305433273315,4,V2-004-D2-TCNMEAN-F00-S20260928,f219483150b0da6c9efc8908cf7aafee80feffd12bcfdd491381d5991ec6101f
86da4f66981a1122f78833986c73b7ffe1b548c63798ec5f2e8dfb56caa32b93,MITDB_P124,124,430000000,0,20260928,MODEL_V2_TCN_MEAN,0,-5.838985443115234,0.0029033415485173464,4,V2-004-D2-TCNMEAN-F00-S20260928,f219483150b0da6c9efc8908cf7aafee80feffd12bcfdd491381d5991ec6101f
86fa5dfa8325124b52168055801725413fc7f959f975bc60f49c434d08baa710,MITDB_P105,105,605000000,0,20260928,MODEL_V2_TCN_MEAN,0,-6.195187568664551,0.002035070676356554,4,V2-004-D2-TCNMEAN-F00-S20260928,f219483150b0da6c9efc8908cf7aafee80feffd12bcfdd491381d5991ec6101f
870786e9969052092bb7a19536aff854911a8232edfe78b9bc9eea7dc2931669,MITDB_P212,212,1015000000,0,20260928,MODEL_V2_TCN_MEAN,0,-6.184763431549072,0.0020563516300171614,4,V2-004-D2-TCNMEAN-F00-S20260928,f219483150b0da6c9efc8908cf7aafee80feffd12bcfdd491381d5991ec6101f
873df58589abb73e98a9606518b793d0d435e2d750be72e5326eb3ca911903c9,MITDB_P105,105,540000000,0,20260928,MODEL_V2_TCN_MEAN,0,-5.774360656738281,0.0030965644400566816,4,V2-004-D2-TCNMEAN-F00-S20260928,f219483150b0da6c9efc8908cf7aafee80feffd12bcfdd491381d5991ec6101f
8746b85122f0d8b6de1a1cd45bd520b1327e56654c79791bf05817a453748735,MITDB_P209,209,1705000000,0,20260928,MODEL_V2_TCN_MEAN,1,-3.0242345333099365,0.04634296894073486,4,V2-004-D2-TCNMEAN-F00-S20260928,f219483150b0da6c9efc8908cf7aafee80feffd12bcfdd491381d5991ec6101f
875d8e38c68301e60123814a7d1ba582cc164478b8c8c83c64d04bccbe3e12ba,MITDB_P222,222,1025000000,0,20260928,MODEL_V2_TCN_MEAN,0,0.9957313537597656,0.7302184700965881,4,V2-004-D2-TCNMEAN-F00-S20260928,f219483150b0da6c9efc8908cf7aafee80feffd12bcfdd491381d5991ec6101f
876e61464f03fe5a7c20aaf83fd1c9efd0d9073f47a9b0fadc80537fb2b1aa3a,MITDB_P203,203,1350000000,0,20260928,MODEL_V2_TCN_MEAN,1,5.87399959564209,0.9971963167190552,4,V2-004-D2-TCNMEAN-F00-S20260928,f219483150b0da6c9efc8908cf7aafee80feffd12bcfdd491381d5991ec6101f
879872122907c30dea6802f527998a739dd69a3e98d161f893a91dda91005129,MITDB_P203,203,1345000000,0,20260928,MODEL_V2_TCN_MEAN,0,2.9683125019073486,0.9511219263076782,4,V2-004-D2-TCNMEAN-F00-S20260928,f219483150b0da6c9efc8908cf7aafee80feffd12bcfdd491381d5991ec6101f
879a195098d3c97a6fade9df3f62b299ae696df6098383759440572ccb5cb2a2,MITDB_P212,212,1100000000,0,20260928,MODEL_V2_TCN_MEAN,0,-2.706122636795044,0.06261304020881653,4,V2-004-D2-TCNMEAN-F00-S20260928,f219483150b0da6c9efc8908cf7aafee80feffd12bcfdd491381d5991ec6101f
87bc7ffc2fb159f76e5948d880ba49e6a7078c5b3bc5192b0c211de5cbcf7fa0,MITDB_P209,209,1220000000,0,20260928,MODEL_V2_TCN_MEAN,1,-5.031007289886475,0.0064898342825472355,4,V2-004-D2-TCNMEAN-F00-S20260928,f219483150b0da6c9efc8908cf7aafee80feffd12bcfdd491381d5991ec6101f
87c19cbdfb53704099ee6e92ceb868f4e07292c6425c702bd7ce49b908eea25a,MITDB_P124,124,1405000000,0,20260928,MODEL_V2_TCN_MEAN,1,-4.884339332580566,0.007507333066314459,4,V2-004-D2-TCNMEAN-F00-S20260928,f219483150b0da6c9efc8908cf7aafee80feffd12bcfdd491381d5991ec6101f
87f45222f823a3cfdb2f25bd1321c31d26797d491a724af3dea58158c810b281,MITDB_P203,203,1035000000,0,20260928,MODEL_V2_TCN_MEAN,1,7.319317817687988,0.9993378520011902,4,V2-004-D2-TCNMEAN-F00-S20260928,f219483150b0da6c9efc8908cf7aafee80feffd12bcfdd491381d5991ec6101f
880c1848fe7661597f593468742e9635cc51be280e36e2db6b5ca614007d9615,MITDB_P209,209,695000000,0,20260928,MODEL_V2_TCN_MEAN,0,-4.058100700378418,0.016988225281238556,4,V2-004-D2-TCNMEAN-F00-S20260928,f219483150b0da6c9efc8908cf7aafee80feffd12bcfdd491381d5991ec6101f
881d269544544fcddbf39683e249126ad65ccf203cef364757293f964231756a,MITDB_P105,105,530000000,0,20260928,MODEL_V2_TCN_MEAN,0,-4.903836250305176,0.0073634483851492405,4,V2-004-D2-TCNMEAN-F00-S20260928,f219483150b0da6c9efc8908cf7aafee80feffd12bcfdd491381d5991ec6101f
881db89e66233231b028e30521ed16cff5371dd700bc9faf21e12cfec181a7bc,MITDB_P203,203,1690000000,0,20260928,MODEL_V2_TCN_MEAN,1,7.709285736083984,0.9995515942573547,4,V2-004-D2-TCNMEAN-F00-S20260928,f219483150b0da6c9efc8908cf7aafee80feffd12bcfdd491381d5991ec6101f
885d2d1aef37ec7ae6728bfb32f6efd438a7fd22c65f3a3d29d57299e2dc2527,MITDB_P209,209,955000000,0,20260928,MODEL_V2_TCN_MEAN,1,-3.9740264415740967,0.018450763076543808,4,V2-004-D2-TCNMEAN-F00-S20260928,f219483150b0da6c9efc8908cf7aafee80feffd12bcfdd491381d5991ec6101f
886469a9ce7c6af39bc7d7b33b33283204a065e56761342317aa9528491eace1,MITDB_P209,209,890000000,0,20260928,MODEL_V2_TCN_MEAN,1,-1.40876042842865,0.19642964005470276,4,V2-004-D2-TCNMEAN-F00-S20260928,f219483150b0da6c9efc8908cf7aafee80feffd12bcfdd491381d5991ec6101f
886f2c58f1825fb9d3f24b5a5cb76d14b601953af6d37b2bfa733d596d0a2cca,MITDB_P105,105,1150000000,0,20260928,MODEL_V2_TCN_MEAN,0,0.7120354175567627,0.6708507537841797,4,V2-004-D2-TCNMEAN-F00-S20260928,f219483150b0da6c9efc8908cf7aafee80feffd12bcfdd491381d5991ec6101f
88eb74e47d7faef06841033e63c10e19699ee3a12c4d7f9726d81f3dee44859e,MITDB_P209,209,725000000,0,20260928,MODEL_V2_TCN_MEAN,0,-3.943154811859131,0.019018249586224556,4,V2-004-D2-TCNMEAN-F00-S20260928,f219483150b0da6c9efc8908cf7aafee80feffd12bcfdd491381d5991ec6101f
88ecc8d07e45c9e9ca47441ffad484e690dda60d485687023bd5bb0a8d1a24eb,MITDB_P203,203,1130000000,0,20260928,MODEL_V2_TCN_MEAN,1,8.929944038391113,0.9998676776885986,4,V2-004-D2-TCNMEAN-F00-S20260928,f219483150b0da6c9efc8908cf7aafee80feffd12bcfdd491381d5991ec6101f
88ff4c3dac0d8115d06c08ac7759c2a4f17b795e090c8d592340b636bd42dd1e,MITDB_P212,212,1110000000,0,20260928,MODEL_V2_TCN_MEAN,0,-7.911019325256348,0.00036654621362686157,4,V2-004-D2-TCNMEAN-F00-S20260928,f219483150b0da6c9efc8908cf7aafee80feffd12bcfdd491381d5991ec6101f
89912a4ee3c52ff745bb9e88e42fbdb3535dae96e4e8ead191f6bd26d6e8fc18,MITDB_P105,105,160000000,0,20260928,MODEL_V2_TCN_MEAN,1,-0.7474370002746582,0.32138001918792725,4,V2-004-D2-TCNMEAN-F00-S20260928,f219483150b0da6c9efc8908cf7aafee80feffd12bcfdd491381d5991ec6101f
89b191c97bb636b695499cd90d5494c38ae3bb720f1342ae906691e91a103277,MITDB_P203,203,470000000,0,20260928,MODEL_V2_TCN_MEAN,1,3.156358242034912,0.9591585397720337,4,V2-004-D2-TCNMEAN-F00-S20260928,f219483150b0da6c9efc8908cf7aafee80feffd12bcfdd491381d5991ec6101f
8a040c16c4d37ca4c23e25f27df2e075cc4eedd7e3bbcb2cf7f71c1f96899eb6,MITDB_P105,105,155000000,0,20260928,MODEL_V2_TCN_MEAN,0,-5.2683234214782715,0.005125831812620163,4,V2-004-D2-TCNMEAN-F00-S20260928,f219483150b0da6c9efc8908cf7aafee80feffd12bcfdd491381d5991ec6101f
8a04da3a85c7cc3c889f3efac9dc8e825af7b90879f65db797a269a8c90055c4,MITDB_P124,124,1395000000,0,20260928,MODEL_V2_TCN_MEAN,0,-6.4902873039245605,0.0015158116584643722,4,V2-004-D2-TCNMEAN-F00-S20260928,f219483150b0da6c9efc8908cf7aafee80feffd12bcfdd491381d5991ec6101f
8a2617b9f2dfadbd80115719f372d35da5bb6003ebc3d9d909f08d42106713c9,MITDB_P203,203,1750000000,0,20260928,MODEL_V2_TCN_MEAN,1,-0.25782421231269836,0.43589866161346436,4,V2-004-D2-TCNMEAN-F00-S20260928,f219483150b0da6c9efc8908cf7aafee80feffd12bcfdd491381d5991ec6101f
8a2903ebcf74340e2cb91388db4797236323d7aaf3dc7b76dafd7c488b0a7bd6,MITDB_P209,209,705000000,0,20260928,MODEL_V2_TCN_MEAN,0,-4.317350387573242,0.013159683905541897,4,V2-004-D2-TCNMEAN-F00-S20260928,f219483150b0da6c9efc8908cf7aafee80feffd12bcfdd491381d5991ec6101f
8a5d26d0e9855e1f16441c1617638e9a486468abd57dc4ba3cf8daeca9df8310,MITDB_P124,124,1020000000,0,20260928,MODEL_V2_TCN_MEAN,0,-4.252264976501465,0.014032254926860332,4,V2-004-D2-TCNMEAN-F00-S20260928,f219483150b0da6c9efc8908cf7aafee80feffd12bcfdd491381d5991ec6101f
8a7feb28c1486dcb5b08cc864037cefc5c3c9a1b07d468e2d58b3802b859ca99,MITDB_P222,222,840000000,0,20260928,MODEL_V2_TCN_MEAN,1,2.0195746421813965,0.8828370571136475,4,V2-004-D2-TCNMEAN-F00-S20260928,f219483150b0da6c9efc8908cf7aafee80feffd12bcfdd491381d5991ec6101f
8a8ebbcc106b3d04639cf87027eea4ce3a0756a0f54b7bdc52e7f9a9445cac96,MITDB_P212,212,390000000,0,20260928,MODEL_V2_TCN_MEAN,0,-3.1067445278167725,0.042829908430576324,4,V2-004-D2-TCNMEAN-F00-S20260928,f219483150b0da6c9efc8908cf7aafee80feffd12bcfdd491381d5991ec6101f
8ab36ba4e748b6ada46bdec5fa8a89d26235bae97f2541e44101e783681add4d,MITDB_P212,212,1600000000,0,20260928,MODEL_V2_TCN_MEAN,0,-8.438018798828125,0.00021643175568897277,4,V2-004-D2-TCNMEAN-F00-S20260928,f219483150b0da6c9efc8908cf7aafee80feffd12bcfdd491381d5991ec6101f
8ab760124aef64895f5fb7c1e46ec800f681e25d5a03bda445c4cd6cc9463122,MITDB_P212,212,715000000,0,20260928,MODEL_V2_TCN_MEAN,0,-7.095974922180176,0.0008277469896711409,4,V2-004-D2-TCNMEAN-F00-S20260928,f219483150b0da6c9efc8908cf7aafee80feffd12bcfdd491381d5991ec6101f
8ad353966c66324270c205baf2a4977ae60a0a2bf9c31c493d7917b4c330dc3a,MITDB_P203,203,820000000,0,20260928,MODEL_V2_TCN_MEAN,1,5.057441234588623,0.9936783909797668,4,V2-004-D2-TCNMEAN-F00-S20260928,f219483150b0da6c9efc8908cf7aafee80feffd12bcfdd491381d5991ec6101f
8adba76211f511dfa6bf57a12f9e2f6452867a6dfd07f283e1c8acc344275dd6,MITDB_P212,212,1575000000,0,20260928,MODEL_V2_TCN_MEAN,0,-4.380522727966309,0.012364029884338379,4,V2-004-D2-TCNMEAN-F00-S20260928,f219483150b0da6c9efc8908cf7aafee80feffd12bcfdd491381d5991ec6101f
8afa611c442f69f419df9b0c499e0fda11063889cafc7c4eafd8fef1e1050601,MITDB_P209,209,1410000000,0,20260928,MODEL_V2_TCN_MEAN,1,-2.531961441040039,0.07364771515130997,4,V2-004-D2-TCNMEAN-F00-S20260928,f219483150b0da6c9efc8908cf7aafee80feffd12bcfdd491381d5991ec6101f
8b11703190ba342b352b16fa9750260ed8d7e41f5f6c5a7c0c75d547e5848290,MITDB_P203,203,725000000,0,20260928,MODEL_V2_TCN_MEAN,1,7.2474565505981445,0.9992884397506714,4,V2-004-D2-TCNMEAN-F00-S20260928,f219483150b0da6c9efc8908cf7aafee80feffd12bcfdd491381d5991ec6101f
8b180eb96ed529cc789376e005d7f59410a6681acf54a591f8c5cf46297337e8,MITDB_P124,124,575000000,0,20260928,MODEL_V2_TCN_MEAN,0,-4.239190578460693,0.014214299619197845,4,V2-004-D2-TCNMEAN-F00-S20260928,f219483150b0da6c9efc8908cf7aafee80feffd12bcfdd491381d5991ec6101f
8b1d6a2170c760295d9c1a56a1dc566ddbf04682bc3a7c8cb0514fc958572117,MITDB_P105,105,505000000,0,20260928,MODEL_V2_TCN_MEAN,0,-4.484100341796875,0.011161061935126781,4,V2-004-D2-TCNMEAN-F00-S20260928,f219483150b0da6c9efc8908cf7aafee80feffd12bcfdd491381d5991ec6101f
8b254beca7218e08f91e0170b7eb683816c3d7cbce24a8d7968345bc8d18e0ab,MITDB_P222,222,350000000,0,20260928,MODEL_V2_TCN_MEAN,0,-5.223377227783203,0.0053602117113769054,4,V2-004-D2-TCNMEAN-F00-S20260928,f219483150b0da6c9efc8908cf7aafee80feffd12bcfdd491381d5991ec6101f
8b26dbb3ec2f70d6074d97a4912d8d4d62d2b2136d49d511a8fa9a782f460f2e,MITDB_P203,203,690000000,0,20260928,MODEL_V2_TCN_MEAN,1,5.964206695556641,0.9974374771118164,4,V2-004-D2-TCNMEAN-F00-S20260928,f219483150b0da6c9efc8908cf7aafee80feffd12bcfdd491381d5991ec6101f
8b2c628859d9fe39430c43cf3ee32c66fbb8b60d36d277c9e84c765886d6cb37,MITDB_P124,124,185000000,0,20260928,MODEL_V2_TCN_MEAN,0,0.08294346928596497,0.5207239985466003,4,V2-004-D2-TCNMEAN-F00-S20260928,f219483150b0da6c9efc8908cf7aafee80feffd12bcfdd491381d5991ec6101f
8b44679432fa4ee34950e05723d70fc2873a236219ea89468550713953e1f9d8,MITDB_P124,124,165000000,0,20260928,MODEL_V2_TCN_MEAN,0,-2.139399766921997,0.10532594472169876,4,V2-004-D2-TCNMEAN-F00-S20260928,f219483150b0da6c9efc8908cf7aafee80feffd12bcfdd491381d5991ec6101f
8b4dae90461336187b8405db1c2b2522e90bfd75246789f7d4b6ebc7e7dfcbd0,MITDB_P212,212,355000000,0,20260928,MODEL_V2_TCN_MEAN,0,-1.9448537826538086,0.12511558830738068,4,V2-004-D2-TCNMEAN-F00-S20260928,f219483150b0da6c9efc8908cf7aafee80feffd12bcfdd491381d5991ec6101f
8b6ed260639d1a0206283e741edadeffa525d24f3acb6e2ec5e24b3aa88a70d6,MITDB_P212,212,305000000,0,20260928,MODEL_V2_TCN_MEAN,0,-2.6329143047332764,0.06704992055892944,4,V2-004-D2-TCNMEAN-F00-S20260928,f219483150b0da6c9efc8908cf7aafee80feffd12bcfdd491381d5991ec6101f
8b746ada2e8f55cf8b8120b3c3194b0177147d26bc29b571fcdcf062e1a96a50,MITDB_P212,212,1750000000,0,20260928,MODEL_V2_TCN_MEAN,0,-3.576604127883911,0.027209458872675896,4,V2-004-D2-TCNMEAN-F00-S20260928,f219483150b0da6c9efc8908cf7aafee80feffd12bcfdd491381d5991ec6101f
8babc59c05e740a8896e993ec385040e74eb56cd2f689ca41b055b7361546ffe,MITDB_P212,212,120000000,0,20260928,MODEL_V2_TCN_MEAN,0,-5.405156135559082,0.004473252687603235,4,V2-004-D2-TCNMEAN-F00-S20260928,f219483150b0da6c9efc8908cf7aafee80feffd12bcfdd491381d5991ec6101f
8bcba7aa8d54c733032d167d697c93ee756ad7b5d35da4d38d17583cfbdd656f,MITDB_P203,203,1460000000,0,20260928,MODEL_V2_TCN_MEAN,1,6.922228813171387,0.9990153312683105,4,V2-004-D2-TCNMEAN-F00-S20260928,f219483150b0da6c9efc8908cf7aafee80feffd12bcfdd491381d5991ec6101f
8bece7f0278e97f6e584c9b4a05efa8c6f46ab5f9662d45389b22f818f6f51f9,MITDB_P209,209,1060000000,0,20260928,MODEL_V2_TCN_MEAN,1,-4.225528240203857,0.014407015405595303,4,V2-004-D2-TCNMEAN-F00-S20260928,f219483150b0da6c9efc8908cf7aafee80feffd12bcfdd491381d5991ec6101f
8ca22d0a3ff09ef2ed517cccba37fb195c9b1fa5f7d31a5417ad45c661f77bf6,MITDB_P124,124,1740000000,0,20260928,MODEL_V2_TCN_MEAN,0,-6.5960235595703125,0.001363925402984023,4,V2-004-D2-TCNMEAN-F00-S20260928,f219483150b0da6c9efc8908cf7aafee80feffd12bcfdd491381d5991ec6101f
8caa87fd31c1be4431de21095bd7e7d52615761a1aa9aaeb2cd3f85a3d01d513,MITDB_P203,203,1550000000,0,20260928,MODEL_V2_TCN_MEAN,0,-1.8956657648086548,0.13059981167316437,4,V2-004-D2-TCNMEAN-F00-S20260928,f219483150b0da6c9efc8908cf7aafee80feffd12bcfdd491381d5991ec6101f
8cb5338a3bb87d04b28f7c58846b72bc7b5c3be89f0eb73248debde1fbad049d,MITDB_P209,209,335000000,0,20260928,MODEL_V2_TCN_MEAN,1,-0.6571310758590698,0.3413843810558319,4,V2-004-D2-TCNMEAN-F00-S20260928,f219483150b0da6c9efc8908cf7aafee80feffd12bcfdd491381d5991ec6101f
8cbcb5558cc881b917473ffb5609aecb5d23050b6fb7be2310b3900a5d91ffd7,MITDB_P105,105,735000000,0,20260928,MODEL_V2_TCN_MEAN,0,-6.010626316070557,0.002446551341563463,4,V2-004-D2-TCNMEAN-F00-S20260928,f219483150b0da6c9efc8908cf7aafee80feffd12bcfdd491381d5991ec6101f
8cc13c7f3bb2d595f15bad99b2ca0483024dd95acd3388af23fada6f00c40dc9,MITDB_P212,212,425000000,0,20260928,MODEL_V2_TCN_MEAN,0,-1.1824848651885986,0.23460568487644196,4,V2-004-D2-TCNMEAN-F00-S20260928,f219483150b0da6c9efc8908cf7aafee80feffd12bcfdd491381d5991ec6101f
8cd2fd87c06bec438f7bbfc240424f8918cf391f044117975c4d260ae9ef575c,MITDB_P203,203,210000000,0,20260928,MODEL_V2_TCN_MEAN,0,1.0585063695907593,0.7424049973487854,4,V2-004-D2-TCNMEAN-F00-S20260928,f219483150b0da6c9efc8908cf7aafee80feffd12bcfdd491381d5991ec6101f
8cf5e9804a5d4ec99773ccdecf387fbba65646102078f49beb0c7dfb8d2dec4a,MITDB_P203,203,940000000,0,20260928,MODEL_V2_TCN_MEAN,1,10.25578784942627,0.9999648332595825,4,V2-004-D2-TCNMEAN-F00-S20260928,f219483150b0da6c9efc8908cf7aafee80feffd12bcfdd491381d5991ec6101f
8cf962289ae02adc175650ef36209ec860c9f95e54ecdab6c51e2e9b272e07fe,MITDB_P222,222,1405000000,0,20260928,MODEL_V2_TCN_MEAN,1,1.4517515897750854,0.8102678060531616,4,V2-004-D2-TCNMEAN-F00-S20260928,f219483150b0da6c9efc8908cf7aafee80feffd12bcfdd491381d5991ec6101f
8d15f4eaeacc68f37cf2e9c311d4a8727cdd45114548f2032cb92cace11eb44a,MITDB_P209,209,1740000000,0,20260928,MODEL_V2_TCN_MEAN,1,-5.582739353179932,0.0037481437902897596,4,V2-004-D2-TCNMEAN-F00-S20260928,f219483150b0da6c9efc8908cf7aafee80feffd12bcfdd491381d5991ec6101f
8d2452559dbee63b01ec994085bd703da9645da7d3b7872cb2bbadaa55caaac5,MITDB_P212,212,1190000000,0,20260928,MODEL_V2_TCN_MEAN,0,-3.242790937423706,0.03758680075407028,4,V2-004-D2-TCNMEAN-F00-S20260928,f219483150b0da6c9efc8908cf7aafee80feffd12bcfdd491381d5991ec6101f
8d51e5f8b62fe5550e659555b003e6768b3f0f96c506c939b7a84c12574c0998,MITDB_P209,209,940000000,0,20260928,MODEL_V2_TCN_MEAN,0,-5.766847610473633,0.00311984377913177,4,V2-004-D2-TCNMEAN-F00-S20260928,f219483150b0da6c9efc8908cf7aafee80feffd12bcfdd491381d5991ec6101f
8d79a2c50223b14868eaeec1f7f4974151c023c84c38d489ad03baacd4b908b4,MITDB_P209,209,1085000000,0,20260928,MODEL_V2_TCN_MEAN,0,-4.1986894607543945,0.014793120324611664,4,V2-004-D2-TCNMEAN-F00-S20260928,f219483150b0da6c9efc8908cf7aafee80feffd12bcfdd491381d5991ec6101f
8d855ed5515a151654caf8af99502afaca1f8d1b13c81b23808bd35889afe0a4,MITDB_P222,222,1265000000,0,20260928,MODEL_V2_TCN_MEAN,1,-0.05936744809150696,0.48516249656677246,4,V2-004-D2-TCNMEAN-F00-S20260928,f219483150b0da6c9efc8908cf7aafee80feffd12bcfdd491381d5991ec6101f
8d883bbd0e4e49c947880155c7b29023c01c5e4cb5a1306a3195510e01fbf3bc,MITDB_P222,222,200000000,0,20260928,MODEL_V2_TCN_MEAN,0,-4.253580570220947,0.014014065265655518,4,V2-004-D2-TCNMEAN-F00-S20260928,f219483150b0da6c9efc8908cf7aafee80feffd12bcfdd491381d5991ec6101f
8e08c7fa6626cb832ed72c788c2bc1fa175649a89f70bce4d8db8fca5905f938,MITDB_P222,222,450000000,0,20260928,MODEL_V2_TCN_MEAN,0,-4.868024826049805,0.00762987369671464,4,V2-004-D2-TCNMEAN-F00-S20260928,f219483150b0da6c9efc8908cf7aafee80feffd12bcfdd491381d5991ec6101f
8e38726699c6c2622d1befb3e91fb5d8e6491e6dbbe729082850d6727d254b9b,MITDB_P212,212,770000000,0,20260928,MODEL_V2_TCN_MEAN,0,-4.8592424392700195,0.007696659304201603,4,V2-004-D2-TCNMEAN-F00-S20260928,f219483150b0da6c9efc8908cf7aafee80feffd12bcfdd491381d5991ec6101f
8e4b3f1926ef7b258daacafcd22f169a52e8ad35cdc10e5786d9fc9e9b1f003c,MITDB_P222,222,1230000000,0,20260928,MODEL_V2_TCN_MEAN,0,1.381528377532959,0.7992363572120667,4,V2-004-D2-TCNMEAN-F00-S20260928,f219483150b0da6c9efc8908cf7aafee80feffd12bcfdd491381d5991ec6101f
8e676fffdca32ab2c848b1b6b92dbcdb4d8d2d62e45a5d6ccca7668240a7334d,MITDB_P222,222,1475000000,0,20260928,MODEL_V2_TCN_MEAN,1,3.745408773422241,0.9769193530082703,4,V2-004-D2-TCNMEAN-F00-S20260928,f219483150b0da6c9efc8908cf7aafee80feffd12bcfdd491381d5991ec6101f
8e8aab5f1ffa7148d1b8da6f53f981c90797d892f45abaf117ba79c45c38f99b,MITDB_P209,209,1420000000,0,20260928,MODEL_V2_TCN_MEAN,1,-6.062425136566162,0.002323336200788617,4,V2-004-D2-TCNMEAN-F00-S20260928,f219483150b0da6c9efc8908cf7aafee80feffd12bcfdd491381d5991ec6101f
8ebbbec88b44c8ca20be499bde5c68008b1febf18be9ccce26aeabad05029d7f,MITDB_P105,105,225000000,0,20260928,MODEL_V2_TCN_MEAN,0,-5.805469989776611,0.0030020002741366625,4,V2-004-D2-TCNMEAN-F00-S20260928,f219483150b0da6c9efc8908cf7aafee80feffd12bcfdd491381d5991ec6101f
8ec4abd67056fafac792563048b99eccf365e460844e765a35e0211c8132eef7,MITDB_P105,105,490000000,0,20260928,MODEL_V2_TCN_MEAN,1,-1.7795439958572388,0.14435945451259613,4,V2-004-D2-TCNMEAN-F00-S20260928,f219483150b0da6c9efc8908cf7aafee80feffd12bcfdd491381d5991ec6101f
8ed1ed7471d851f3d7c3631e90bad4fbb70a110ea637f7cfc077b3a4bd4aa2d2,MITDB_P212,212,260000000,0,20260928,MODEL_V2_TCN_MEAN,0,-3.030836343765259,0.04605207219719887,4,V2-004-D2-TCNMEAN-F00-S20260928,f219483150b0da6c9efc8908cf7aafee80feffd12bcfdd491381d5991ec6101f
8f3885b86500d680ea7c7e0565f80bbcaab0dbc6ac082f22316f849028c4d9af,MITDB_P222,222,1005000000,0,20260928,MODEL_V2_TCN_MEAN,0,-0.5144491195678711,0.3741511404514313,4,V2-004-D2-TCNMEAN-F00-S20260928,f219483150b0da6c9efc8908cf7aafee80feffd12bcfdd491381d5991ec6101f
8f3a160fc7b6e6e3138982958044637e85dafddde61e9249f1ef15c320b8e410,MITDB_P209,209,1700000000,0,20260928,MODEL_V2_TCN_MEAN,1,-1.9823931455612183,0.1210639625787735,4,V2-004-D2-TCNMEAN-F00-S20260928,f219483150b0da6c9efc8908cf7aafee80feffd12bcfdd491381d5991ec6101f
8f4f1570f5982efe4f66f251a709760c33f848011d944bebfec0522b91f53818,MITDB_P212,212,465000000,0,20260928,MODEL_V2_TCN_MEAN,0,-1.0989727973937988,0.2499324232339859,4,V2-004-D2-TCNMEAN-F00-S20260928,f219483150b0da6c9efc8908cf7aafee80feffd12bcfdd491381d5991ec6101f
8f67332961a35d4b213468bee20f22dee324f98cd160c62a3bbc6233ebb00ad0,MITDB_P222,222,1270000000,0,20260928,MODEL_V2_TCN_MEAN,0,1.5680025815963745,0.8274986743927002,4,V2-004-D2-TCNMEAN-F00-S20260928,f219483150b0da6c9efc8908cf7aafee80feffd12bcfdd491381d5991ec6101f
8fb67d5841ff577df8225eb8f107c8f3233a3bddfb3823ea15a263d839290d2e,MITDB_P222,222,1080000000,0,20260928,MODEL_V2_TCN_MEAN,1,3.9470460414886475,0.9810541868209839,4,V2-004-D2-TCNMEAN-F00-S20260928,f219483150b0da6c9efc8908cf7aafee80feffd12bcfdd491381d5991ec6101f
8fba0b92a16ab401cd6a25884e82742faa92ab89f77ee68bcfe881fa2cc2fb7a,MITDB_P209,209,60000000,0,20260928,MODEL_V2_TCN_MEAN,1,-3.81183123588562,0.02162948064506054,4,V2-004-D2-TCNMEAN-F00-S20260928,f219483150b0da6c9efc8908cf7aafee80feffd12bcfdd491381d5991ec6101f
8fc8b1a1dc8b640e5dfcf2f0db2557a4476afbdba60e9ebc10687985c94d511a,MITDB_P105,105,385000000,0,20260928,MODEL_V2_TCN_MEAN,0,-5.882590293884277,0.00277980649843812,4,V2-004-D2-TCNMEAN-F00-S20260928,f219483150b0da6c9efc8908cf7aafee80feffd12bcfdd491381d5991ec6101f
8feb4edd506c8569b79fb8b62b90f2d6a4791f5d0ed5942a622e6885f568d6e4,MITDB_P209,209,505000000,0,20260928,MODEL_V2_TCN_MEAN,0,-4.900102615356445,0.00739078875631094,4,V2-004-D2-TCNMEAN-F00-S20260928,f219483150b0da6c9efc8908cf7aafee80feffd12bcfdd491381d5991ec6101f
8ff2ac8ddbccb2d5a87616b66c4c5a853f914b95823ded133e861fea5282a89e,MITDB_P222,222,815000000,0,20260928,MODEL_V2_TCN_MEAN,0,0.3054017126560211,0.5757624506950378,4,V2-004-D2-TCNMEAN-F00-S20260928,f219483150b0da6c9efc8908cf7aafee80feffd12bcfdd491381d5991ec6101f
8ff7cc4243f2fa04f079803cbabef73ab804e3dd4c6df0d79b76b833be1831a2,MITDB_P124,124,775000000,0,20260928,MODEL_V2_TCN_MEAN,0,-5.605161666870117,0.003665341529995203,4,V2-004-D2-TCNMEAN-F00-S20260928,f219483150b0da6c9efc8908cf7aafee80feffd12bcfdd491381d5991ec6101f
901e12ef4c2999ba5276a251b24c62eba6cda985ff9a4f46b0491f7b4e43c23a,MITDB_P209,209,1280000000,0,20260928,MODEL_V2_TCN_MEAN,0,-6.279234409332275,0.0018713270546868443,4,V2-004-D2-TCNMEAN-F00-S20260928,f219483150b0da6c9efc8908cf7aafee80feffd12bcfdd491381d5991ec6101f
90847928819cab7f78d72cac0ea00f8059591cd0ab10b15ac5251f283cf172f2,MITDB_P124,124,880000000,0,20260928,MODEL_V2_TCN_MEAN,0,-4.96795654296875,0.0069092800840735435,4,V2-004-D2-TCNMEAN-F00-S20260928,f219483150b0da6c9efc8908cf7aafee80feffd12bcfdd491381d5991ec6101f
908fe6bf93d2f7f886720e0901d705c0a26cd712829d40688f9396ff795a19eb,MITDB_P209,209,1715000000,0,20260928,MODEL_V2_TCN_MEAN,1,-2.4775595664978027,0.07744638621807098,4,V2-004-D2-TCNMEAN-F00-S20260928,f219483150b0da6c9efc8908cf7aafee80feffd12bcfdd491381d5991ec6101f
90957af271a407bbb64ecd622d4d1d79070c479817b66a0cd2067712ae8279c0,MITDB_P124,124,690000000,0,20260928,MODEL_V2_TCN_MEAN,0,-5.207993984222412,0.005442854017019272,4,V2-004-D2-TCNMEAN-F00-S20260928,f219483150b0da6c9efc8908cf7aafee80feffd12bcfdd491381d5991ec6101f
9095eb3965b5f018aeb17815f2071f5bb454d1ea999c88a7e7d40ab839282c61,MITDB_P222,222,1000000000,0,20260928,MODEL_V2_TCN_MEAN,0,-0.6176838874816895,0.3503083884716034,4,V2-004-D2-TCNMEAN-F00-S20260928,f219483150b0da6c9efc8908cf7aafee80feffd12bcfdd491381d5991ec6101f
9099884e4f21bbe1b68c84f133ed02e2fc70c3dc4bbbf3b1843b7cadb9a6c116,MITDB_P124,124,465000000,0,20260928,MODEL_V2_TCN_MEAN,0,-4.274749755859375,0.013724546879529953,4,V2-004-D2-TCNMEAN-F00-S20260928,f219483150b0da6c9efc8908cf7aafee80feffd12bcfdd491381d5991ec6101f
90a70cca84ddc40d4ba59a8b99ec5c64638ae836d487d442d3b0797c2e77dcc3,MITDB_P124,124,500000000,0,20260928,MODEL_V2_TCN_MEAN,0,-3.5066945552825928,0.029122348874807358,4,V2-004-D2-TCNMEAN-F00-S20260928,f219483150b0da6c9efc8908cf7aafee80feffd12bcfdd491381d5991ec6101f
90c2267c7f70a2041c81f1c8d0c4192e9fbf8e7a46a5fceab767ab2bf7b9ea43,MITDB_P124,124,55000000,0,20260928,MODEL_V2_TCN_MEAN,0,0.3593551814556122,0.5888843536376953,4,V2-004-D2-TCNMEAN-F00-S20260928,f219483150b0da6c9efc8908cf7aafee80feffd12bcfdd491381d5991ec6101f
90f5d7181aa8575a5ef52f064bcfd265dbf97a8bdde84df9ffa0c4702ae87cd8,MITDB_P105,105,755000000,0,20260928,MODEL_V2_TCN_MEAN,1,-0.21803930401802063,0.4457051157951355,4,V2-004-D2-TCNMEAN-F00-S20260928,f219483150b0da6c9efc8908cf7aafee80feffd12bcfdd491381d5991ec6101f
9160b9c0e00cc5710a499a259a76bd96eb4e1d58c937637a4f4d83e9bf5a8202,MITDB_P222,222,1535000000,0,20260928,MODEL_V2_TCN_MEAN,0,-7.385598182678223,0.000619735277723521,4,V2-004-D2-TCNMEAN-F00-S20260928,f219483150b0da6c9efc8908cf7aafee80feffd12bcfdd491381d5991ec6101f
91afb27c2c391b6746b8563d6f726816b54efb2a4b1ea5a2d9ef2cb46ca96133,MITDB_P203,203,1155000000,0,20260928,MODEL_V2_TCN_MEAN,1,9.162753105163574,0.9998950958251953,4,V2-004-D2-TCNMEAN-F00-S20260928,f219483150b0da6c9efc8908cf7aafee80feffd12bcfdd491381d5991ec6101f
91d4b5e73af24076b66c79be3a106ca1804de115b454f4475957ac48d554e6fb,MITDB_P212,212,530000000,0,20260928,MODEL_V2_TCN_MEAN,0,-7.057018280029297,0.0008606013143435121,4,V2-004-D2-TCNMEAN-F00-S20260928,f219483150b0da6c9efc8908cf7aafee80feffd12bcfdd491381d5991ec6101f
91edb78f74f2d4331855106253912e72eeaf02e974e1aaaadb63f17f6927852c,MITDB_P222,222,140000000,0,20260928,MODEL_V2_TCN_MEAN,0,-7.29872989654541,0.0006759401294402778,4,V2-004-D2-TCNMEAN-F00-S20260928,f219483150b0da6c9efc8908cf7aafee80feffd12bcfdd491381d5991ec6101f
9201e4c0d55fd68c4aaf18fbb9fd8a0a79eebf39d4b3b1eba60c759d7869364a,MITDB_P124,124,390000000,0,20260928,MODEL_V2_TCN_MEAN,0,-7.196872711181641,0.0007483637891709805,4,V2-004-D2-TCNMEAN-F00-S20260928,f219483150b0da6c9efc8908cf7aafee80feffd12bcfdd491381d5991ec6101f
922bd6ee5746a9a8d8f9dd1b7171ae1679345edb9f2a52c54330b8ba742b836b,MITDB_P212,212,880000000,0,20260928,MODEL_V2_TCN_MEAN,0,-2.0851869583129883,0.11054492741823196,4,V2-004-D2-TCNMEAN-F00-S20260928,f219483150b0da6c9efc8908cf7aafee80feffd12bcfdd491381d5991ec6101f
9232929bb9f0b536207abce6ab51f23730983faf9edbe09cde7b2773d4165f28,MITDB_P209,209,1620000000,0,20260928,MODEL_V2_TCN_MEAN,1,-1.5214391946792603,0.17924968898296356,4,V2-004-D2-TCNMEAN-F00-S20260928,f219483150b0da6c9efc8908cf7aafee80feffd12bcfdd491381d5991ec6101f
927b4389c27c8b041d61c0facc3e228521964610d2816b6150b111c48086e2be,MITDB_P209,209,495000000,0,20260928,MODEL_V2_TCN_MEAN,1,-5.365538597106934,0.004653187934309244,4,V2-004-D2-TCNMEAN-F00-S20260928,f219483150b0da6c9efc8908cf7aafee80feffd12bcfdd491381d5991ec6101f
929244e7de4650403f7398293e7d71502d99ad5e22a90fb913be559dc195d8ad,MITDB_P209,209,150000000,0,20260928,MODEL_V2_TCN_MEAN,1,-5.706260681152344,0.0033140634186565876,4,V2-004-D2-TCNMEAN-F00-S20260928,f219483150b0da6c9efc8908cf7aafee80feffd12bcfdd491381d5991ec6101f
92c5392a248371809196fdd568f8faa6c9a7b5f018127c51d6f86bc907cba1c6,MITDB_P203,203,1095000000,0,20260928,MODEL_V2_TCN_MEAN,1,6.780496597290039,0.9988656044006348,4,V2-004-D2-TCNMEAN-F00-S20260928,f219483150b0da6c9efc8908cf7aafee80feffd12bcfdd491381d5991ec6101f
92dd47b0c15a497339f76e922f0e1609991c268251bc3633f66ad707eea442a0,MITDB_P209,209,405000000,0,20260928,MODEL_V2_TCN_MEAN,1,-1.5478593111038208,0.175395667552948,4,V2-004-D2-TCNMEAN-F00-S20260928,f219483150b0da6c9efc8908cf7aafee80feffd12bcfdd491381d5991ec6101f
92ddd4a805f67fa5114cc271f40be9b8269a4db664837af97767a2e73235c86c,MITDB_P124,124,1200000000,0,20260928,MODEL_V2_TCN_MEAN,0,-4.787384033203125,0.008265345357358456,4,V2-004-D2-TCNMEAN-F00-S20260928,f219483150b0da6c9efc8908cf7aafee80feffd12bcfdd491381d5991ec6101f
93067cfb0a6545294dbf99644f5fa28f3bd4a9a1df48c1cbab00e102d4172530,MITDB_P209,209,320000000,0,20260928,MODEL_V2_TCN_MEAN,1,-1.1236424446105957,0.24533626437187195,4,V2-004-D2-TCNMEAN-F00-S20260928,f219483150b0da6c9efc8908cf7aafee80feffd12bcfdd491381d5991ec6101f
9310ab3787b4c301ab93472dae6b63f097e810f1c108a1e08e3954e291343ec3,MITDB_P209,209,1600000000,0,20260928,MODEL_V2_TCN_MEAN,1,-4.784267425537109,0.008290931582450867,4,V2-004-D2-TCNMEAN-F00-S20260928,f219483150b0da6c9efc8908cf7aafee80feffd12bcfdd491381d5991ec6101f
93247356b8799aa14d3c2524ca33600f85e24d1a5793f90c7326fb2e9a66614d,MITDB_P203,203,945000000,0,20260928,MODEL_V2_TCN_MEAN,1,9.521635055541992,0.9999268054962158,4,V2-004-D2-TCNMEAN-F00-S20260928,f219483150b0da6c9efc8908cf7aafee80feffd12bcfdd491381d5991ec6101f
9380616055d2091d506262955bb7f8575ae7dd66da321d2e277eb9bd3adb49c4,MITDB_P124,124,480000000,0,20260928,MODEL_V2_TCN_MEAN,0,-2.745232582092285,0.060356464236974716,4,V2-004-D2-TCNMEAN-F00-S20260928,f219483150b0da6c9efc8908cf7aafee80feffd12bcfdd491381d5991ec6101f
93cf2d44e2280272a1ce1f60f372ad2d96cc2f865951ffbbdbb0a25c7dcb031a,MITDB_P222,222,745000000,0,20260928,MODEL_V2_TCN_MEAN,1,4.116799831390381,0.9839646816253662,4,V2-004-D2-TCNMEAN-F00-S20260928,f219483150b0da6c9efc8908cf7aafee80feffd12bcfdd491381d5991ec6101f
940eac4c88887efa895ca62240f4fd1bc527cf4b7e5459e21394b0539788096c,MITDB_P105,105,850000000,0,20260928,MODEL_V2_TCN_MEAN,0,-2.027405023574829,0.11635546386241913,4,V2-004-D2-TCNMEAN-F00-S20260928,f219483150b0da6c9efc8908cf7aafee80feffd12bcfdd491381d5991ec6101f
941328ad5e6683d3d5598b11f9fb1506f96c46f16d78479e725cbd34cdf24708,MITDB_P105,105,370000000,0,20260928,MODEL_V2_TCN_MEAN,0,-4.74511194229126,0.008619152940809727,4,V2-004-D2-TCNMEAN-F00-S20260928,f219483150b0da6c9efc8908cf7aafee80feffd12bcfdd491381d5991ec6101f
9428a2a08f6a68215178f69fdeaa9f19b34de8cdf8622f31b3edcc916b7d2c97,MITDB_P124,124,200000000,0,20260928,MODEL_V2_TCN_MEAN,0,-2.4658663272857666,0.07828599214553833,4,V2-004-D2-TCNMEAN-F00-S20260928,f219483150b0da6c9efc8908cf7aafee80feffd12bcfdd491381d5991ec6101f
94338843499617500f4c34491feb37c479327f8ba97906b251cc1a5b008cb6c0,MITDB_P212,212,450000000,0,20260928,MODEL_V2_TCN_MEAN,0,-1.8903459310531616,0.13120503723621368,4,V2-004-D2-TCNMEAN-F00-S20260928,f219483150b0da6c9efc8908cf7aafee80feffd12bcfdd491381d5991ec6101f
94395b289c9ce80231435a81da094c69aecdc1956df5ec7da419e77748756632,MITDB_P222,222,1215000000,0,20260928,MODEL_V2_TCN_MEAN,1,3.523524522781372,0.9713497757911682,4,V2-004-D2-TCNMEAN-F00-S20260928,f219483150b0da6c9efc8908cf7aafee80feffd12bcfdd491381d5991ec6101f
946197c832b84a55e0dec1794d65a21babfefd7a5c05e75c44a98b0788a53f5a,MITDB_P203,203,1455000000,0,20260928,MODEL_V2_TCN_MEAN,1,2.4856414794921875,0.9231290817260742,4,V2-004-D2-TCNMEAN-F00-S20260928,f219483150b0da6c9efc8908cf7aafee80feffd12bcfdd491381d5991ec6101f
9464b1b17a17dd8f5e38c17e8d94556859415da6030662ce88d75dbd282e1e18,MITDB_P222,222,1355000000,0,20260928,MODEL_V2_TCN_MEAN,1,3.813892126083374,0.9784140586853027,4,V2-004-D2-TCNMEAN-F00-S20260928,f219483150b0da6c9efc8908cf7aafee80feffd12bcfdd491381d5991ec6101f
947087f605b33c9b3660026cc27f4bac329cdcbbad7e290d9f00d6c2cf3eaa80,MITDB_P124,124,810000000,0,20260928,MODEL_V2_TCN_MEAN,0,-5.54703950881958,0.0038838398177176714,4,V2-004-D2-TCNMEAN-F00-S20260928,f219483150b0da6c9efc8908cf7aafee80feffd12bcfdd491381d5991ec6101f
9472e11e6557e91666884cf5af0e0e9b2ac71f9063d8fd4bd5be73de4a73a982,MITDB_P105,105,375000000,0,20260928,MODEL_V2_TCN_MEAN,0,-4.85080099105835,0.007761399727314711,4,V2-004-D2-TCNMEAN-F00-S20260928,f219483150b0da6c9efc8908cf7aafee80feffd12bcfdd491381d5991ec6101f
94b1ee9142fe3362292aceb1f87e1221dc86fca326e82f66949d3071f2cfb56e,MITDB_P124,124,620000000,0,20260928,MODEL_V2_TCN_MEAN,1,6.329392910003662,0.9982200264930725,4,V2-004-D2-TCNMEAN-F00-S20260928,f219483150b0da6c9efc8908cf7aafee80feffd12bcfdd491381d5991ec6101f
94c9756c46dff72b7fe5a31abd6697d537a0ed00b7d54919414242b6838aff29,MITDB_P124,124,1000000000,0,20260928,MODEL_V2_TCN_MEAN,1,2.1866133213043213,0.8990408778190613,4,V2-004-D2-TCNMEAN-F00-S20260928,f219483150b0da6c9efc8908cf7aafee80feffd12bcfdd491381d5991ec6101f
952d6d6973303624cdc88b4e8716c6196d7539f942339120c4fc2fd6acb7e823,MITDB_P124,124,1195000000,0,20260928,MODEL_V2_TCN_MEAN,0,-5.37428092956543,0.004612872842699289,4,V2-004-D2-TCNMEAN-F00-S20260928,f219483150b0da6c9efc8908cf7aafee80feffd12bcfdd491381d5991ec6101f
9537ef210ee4cf1c6a5d4bc047e29cc60eb345f48e8083680e3b46a59569bc56,MITDB_P209,209,1350000000,0,20260928,MODEL_V2_TCN_MEAN,0,-5.901183128356934,0.0027287392877042294,4,V2-004-D2-TCNMEAN-F00-S20260928,f219483150b0da6c9efc8908cf7aafee80feffd12bcfdd491381d5991ec6101f
9580d83f6beba94b5dd4b23434545e7d51c4b212e91ae84b02d66f7fe30489ef,MITDB_P212,212,620000000,0,20260928,MODEL_V2_TCN_MEAN,0,-2.821976900100708,0.05614807829260826,4,V2-004-D2-TCNMEAN-F00-S20260928,f219483150b0da6c9efc8908cf7aafee80feffd12bcfdd491381d5991ec6101f
959f61504b7524e9c1a017831c40142109c9b980479d2e5c6a7a141e75fb284a,MITDB_P105,105,1160000000,0,20260928,MODEL_V2_TCN_MEAN,0,-6.205080032348633,0.002015078440308571,4,V2-004-D2-TCNMEAN-F00-S20260928,f219483150b0da6c9efc8908cf7aafee80feffd12bcfdd491381d5991ec6101f
95b0020a63cfe9ef10ceb2bb9e8ab33f449f5298092775ce7ffa700652e1cbbd,MITDB_P124,124,435000000,0,20260928,MODEL_V2_TCN_MEAN,0,-7.144959449768066,0.0007882084464654326,4,V2-004-D2-TCNMEAN-F00-S20260928,f219483150b0da6c9efc8908cf7aafee80feffd12bcfdd491381d5991ec6101f
95c3928397f8f58149cdecda9c01f602e28d82b206f86947ae41c6809426098a,MITDB_P124,124,1770000000,0,20260928,MODEL_V2_TCN_MEAN,0,-7.207076549530029,0.0007407721132040024,4,V2-004-D2-TCNMEAN-F00-S20260928,f219483150b0da6c9efc8908cf7aafee80feffd12bcfdd491381d5991ec6101f
962204e9d0f22fea634b51a2473b3d410e56e0d987faae49a5e81f5ecc3ff7e4,MITDB_P105,105,1310000000,0,20260928,MODEL_V2_TCN_MEAN,0,0.07877853512763977,0.5196844339370728,4,V2-004-D2-TCNMEAN-F00-S20260928,f219483150b0da6c9efc8908cf7aafee80feffd12bcfdd491381d5991ec6101f
9633d1a82b909af4156d995b9af622eb09ebc4e6ee9d5bd73265074e06f7a391,MITDB_P222,222,1360000000,0,20260928,MODEL_V2_TCN_MEAN,1,0.9567489624023438,0.7224704027175903,4,V2-004-D2-TCNMEAN-F00-S20260928,f219483150b0da6c9efc8908cf7aafee80feffd12bcfdd491381d5991ec6101f
964307be495ac421975de9c2e08f0b0c4a6b7b7a40f0fb168b9814db0d7b93c1,MITDB_P203,203,350000000,0,20260928,MODEL_V2_TCN_MEAN,1,6.345699787139893,0.998248815536499,4,V2-004-D2-TCNMEAN-F00-S20260928,f219483150b0da6c9efc8908cf7aafee80feffd12bcfdd491381d5991ec6101f
96522bb053dde8830eaf596f2a9ed55d4fc68ce1fd6be89f25ecc1694711fb58,MITDB_P209,209,1670000000,0,20260928,MODEL_V2_TCN_MEAN,1,-3.740445375442505,0.023192845284938812,4,V2-004-D2-TCNMEAN-F00-S20260928,f219483150b0da6c9efc8908cf7aafee80feffd12bcfdd491381d5991ec6101f
9655f31350925639c57f58becaeb24662223d9e52c24459e229a559271f29d41,MITDB_P124,124,1720000000,0,20260928,MODEL_V2_TCN_MEAN,1,0.545496940612793,0.6330901980400085,4,V2-004-D2-TCNMEAN-F00-S20260928,f219483150b0da6c9efc8908cf7aafee80feffd12bcfdd491381d5991ec6101f
96d22d45c827ff8c454c19154f81374d424156cfc43be3f1148bedfba458b201,MITDB_P124,124,660000000,0,20260928,MODEL_V2_TCN_MEAN,0,-7.293431758880615,0.0006795284571126103,4,V2-004-D2-TCNMEAN-F00-S20260928,f219483150b0da6c9efc8908cf7aafee80feffd12bcfdd491381d5991ec6101f
96e2201f5616ee3747828d0f18fc412197acaa6486ddfebbc6a45aec96e934f2,MITDB_P222,222,230000000,0,20260928,MODEL_V2_TCN_MEAN,0,-1.655074119567871,0.1604243516921997,4,V2-004-D2-TCNMEAN-F00-S20260928,f219483150b0da6c9efc8908cf7aafee80feffd12bcfdd491381d5991ec6101f
9734855f5c48d49ce777d2a8bf3c9d12d6b656ba539284564083fc6aecfd377d,MITDB_P222,222,1285000000,0,20260928,MODEL_V2_TCN_MEAN,0,2.0164756774902344,0.8825160264968872,4,V2-004-D2-TCNMEAN-F00-S20260928,f219483150b0da6c9efc8908cf7aafee80feffd12bcfdd491381d5991ec6101f
975b0f3bfa6e5362d8328d834692f6bc0b0e7fbfa47d7a95aec1dd9bba0e4e86,MITDB_P209,209,115000000,0,20260928,MODEL_V2_TCN_MEAN,0,-4.684689044952393,0.009151089936494827,4,V2-004-D2-TCNMEAN-F00-S20260928,f219483150b0da6c9efc8908cf7aafee80feffd12bcfdd491381d5991ec6101f
9763ed33d3d4cd7c7b3991237cfbebe653774f05548eda87133b8725030b9e9c,MITDB_P222,222,1035000000,0,20260928,MODEL_V2_TCN_MEAN,0,1.6486107110977173,0.8387032151222229,4,V2-004-D2-TCNMEAN-F00-S20260928,f219483150b0da6c9efc8908cf7aafee80feffd12bcfdd491381d5991ec6101f
9773ae58e7efb6adf08eefbd00067b35d6693fc3da24a1630e53f797b39bb381,MITDB_P203,203,60000000,0,20260928,MODEL_V2_TCN_MEAN,1,6.090078353881836,0.9977399110794067,4,V2-004-D2-TCNMEAN-F00-S20260928,f219483150b0da6c9efc8908cf7aafee80feffd12bcfdd491381d5991ec6101f
9780444811754e9e3e9ed125dc3e261a9f651cf0b3dcb060e66d34dd915918fb,MITDB_P203,203,615000000,0,20260928,MODEL_V2_TCN_MEAN,1,2.4615275859832764,0.9214004278182983,4,V2-004-D2-TCNMEAN-F00-S20260928,f219483150b0da6c9efc8908cf7aafee80feffd12bcfdd491381d5991ec6101f
9782696b785265c0d1ffe5ea7d7500cb4cf6bab4efc81a0cc7271e0513210e39,MITDB_P203,203,1170000000,0,20260928,MODEL_V2_TCN_MEAN,1,6.999032974243164,0.9990880489349365,4,V2-004-D2-TCNMEAN-F00-S20260928,f219483150b0da6c9efc8908cf7aafee80feffd12bcfdd491381d5991ec6101f
9784b629fbaef583d387ae7801811518f05cebb4bcdfc6b0f6234ac5fbd4ccba,MITDB_P209,209,1160000000,0,20260928,MODEL_V2_TCN_MEAN,1,-4.269783973693848,0.013791926205158234,4,V2-004-D2-TCNMEAN-F00-S20260928,f219483150b0da6c9efc8908cf7aafee80feffd12bcfdd491381d5991ec6101f
9791f8e8754c509cf8ab1f9839ab90f91181c9aaea592b1ef765274b9ec308c5,MITDB_P105,105,1405000000,0,20260928,MODEL_V2_TCN_MEAN,0,-1.3575623035430908,0.20463676750659943,4,V2-004-D2-TCNMEAN-F00-S20260928,f219483150b0da6c9efc8908cf7aafee80feffd12bcfdd491381d5991ec6101f
97f251e5c7c66786c9e78558d13abe29896803c76c36c5a38bf393b139fd7f7a,MITDB_P203,203,985000000,0,20260928,MODEL_V2_TCN_MEAN,1,3.6051652431488037,0.9735364317893982,4,V2-004-D2-TCNMEAN-F00-S20260928,f219483150b0da6c9efc8908cf7aafee80feffd12bcfdd491381d5991ec6101f
980566186796547cf6651ac3ac31dab92d9bc4f0269b961c04890ab3eaf9fb20,MITDB_P105,105,890000000,0,20260928,MODEL_V2_TCN_MEAN,0,-4.80027961730957,0.008160308003425598,4,V2-004-D2-TCNMEAN-F00-S20260928,f219483150b0da6c9efc8908cf7aafee80feffd12bcfdd491381d5991ec6101f
9813c565738d3ff5c12f46366300178639808bf4edee09bddd6ceac7c73ed0a0,MITDB_P124,124,1435000000,0,20260928,MODEL_V2_TCN_MEAN,0,-7.290903568267822,0.000681247387547046,4,V2-004-D2-TCNMEAN-F00-S20260928,f219483150b0da6c9efc8908cf7aafee80feffd12bcfdd491381d5991ec6101f
981ac97297bee9aadbd04bbc079463bcde2fa7b5d7e1aad7ea99002251f54d87,MITDB_P212,212,1685000000,0,20260928,MODEL_V2_TCN_MEAN,0,-7.094631671905518,0.0008288586977869272,4,V2-004-D2-TCNMEAN-F00-S20260928,f219483150b0da6c9efc8908cf7aafee80feffd12bcfdd491381d5991ec6101f
990430e3bce27c089660f1c95ca132f4cc5f66cd2dae9b7843affd35b01ac2cc,MITDB_P105,105,1000000000,0,20260928,MODEL_V2_TCN_MEAN,0,-3.05359148979187,0.04506267234683037,4,V2-004-D2-TCNMEAN-F00-S20260928,f219483150b0da6c9efc8908cf7aafee80feffd12bcfdd491381d5991ec6101f
9922e487af753cec10dc7eddd3fdd66a1df38492d47f5e742659d2150159d204,MITDB_P209,209,615000000,0,20260928,MODEL_V2_TCN_MEAN,1,-1.0518711805343628,0.25886595249176025,4,V2-004-D2-TCNMEAN-F00-S20260928,f219483150b0da6c9efc8908cf7aafee80feffd12bcfdd491381d5991ec6101f
9932a9aa3b7a94f31ecc027f079bd08ef95a5ab74e062491be9aea61a7c761a5,MITDB_P203,203,1425000000,0,20260928,MODEL_V2_TCN_MEAN,1,7.604076385498047,0.9995018243789673,4,V2-004-D2-TCNMEAN-F00-S20260928,f219483150b0da6c9efc8908cf7aafee80feffd12bcfdd491381d5991ec6101f
99bd5fb61d7d7c70af41757d50c6052e04f22156fdd554fad9d30a4a08e3ee9d,MITDB_P212,212,575000000,0,20260928,MODEL_V2_TCN_MEAN,0,-2.928004503250122,0.05078643932938576,4,V2-004-D2-TCNMEAN-F00-S20260928,f219483150b0da6c9efc8908cf7aafee80feffd12bcfdd491381d5991ec6101f
99be20100e435aa3ffea9f537dd86abf8ecf0bc370b071c5327e02eccc5322e9,MITDB_P124,124,720000000,0,20260928,MODEL_V2_TCN_MEAN,0,-4.470973968505859,0.011306864209473133,4,V2-004-D2-TCNMEAN-F00-S20260928,f219483150b0da6c9efc8908cf7aafee80feffd12bcfdd491381d5991ec6101f
9a091ad2936262fb1d278020c61dab66b2ac1fa935e0900ebaaf926107e100a4,MITDB_P203,203,1450000000,0,20260928,MODEL_V2_TCN_MEAN,1,6.355547904968262,0.9982659220695496,4,V2-004-D2-TCNMEAN-F00-S20260928,f219483150b0da6c9efc8908cf7aafee80feffd12bcfdd491381d5991ec6101f
9a0ae5df3a5e34945ac67718b663b16c1cda1326ff74f127c4737a3f768ecb8f,MITDB_P203,203,915000000,0,20260928,MODEL_V2_TCN_MEAN,1,2.020202159881592,0.8829019069671631,4,V2-004-D2-TCNMEAN-F00-S20260928,f219483150b0da6c9efc8908cf7aafee80feffd12bcfdd491381d5991ec6101f
9a61a49274492ea7b53a715a3eb9b467603c22b80bd780be97536ce511bf3dde,MITDB_P124,124,330000000,0,20260928,MODEL_V2_TCN_MEAN,1,-6.498688697814941,0.0015031490474939346,4,V2-004-D2-TCNMEAN-F00-S20260928,f219483150b0da6c9efc8908cf7aafee80feffd12bcfdd491381d5991ec6101f
9a65eb47615f8c57707765bad130cff938d70434a4418a7cd779a1facc385f7e,MITDB_P203,203,1485000000,0,20260928,MODEL_V2_TCN_MEAN,1,3.4775283336639404,0.9700415730476379,4,V2-004-D2-TCNMEAN-F00-S20260928,f219483150b0da6c9efc8908cf7aafee80feffd12bcfdd491381d5991ec6101f
9aac077532019ec705c424407c1141fd66fde03ba0df36a798f72812504b6768,MITDB_P212,212,775000000,0,20260928,MODEL_V2_TCN_MEAN,0,-6.873394966125488,0.0010338873835280538,4,V2-004-D2-TCNMEAN-F00-S20260928,f219483150b0da6c9efc8908cf7aafee80feffd12bcfdd491381d5991ec6101f
9ae9c0ee81a3aa7e90d1ebf47a60ebe4be39997a72152a86b9955ba79794a40d,MITDB_P105,105,20000000,0,20260928,MODEL_V2_TCN_MEAN,1,-0.6419270038604736,0.3448110818862915,4,V2-004-D2-TCNMEAN-F00-S20260928,f219483150b0da6c9efc8908cf7aafee80feffd12bcfdd491381d5991ec6101f
9b0e0220d30c0fb1f7ec1179b67a2246af1213a21a0115c6c6a073c14ae87191,MITDB_P203,203,295000000,0,20260928,MODEL_V2_TCN_MEAN,1,8.737585067749023,0.9998395442962646,4,V2-004-D2-TCNMEAN-F00-S20260928,f219483150b0da6c9efc8908cf7aafee80feffd12bcfdd491381d5991ec6101f
9b1266efbfc31bb6d8bb39b2f28a126c209d2c06073d369c4ad340a6a2594c82,MITDB_P209,209,865000000,0,20260928,MODEL_V2_TCN_MEAN,1,1.2104403972625732,0.7703768610954285,4,V2-004-D2-TCNMEAN-F00-S20260928,f219483150b0da6c9efc8908cf7aafee80feffd12bcfdd491381d5991ec6101f
9b31eec1bc704e22bd48910e8d2216ecdf7464ad1b65b6f39d6f546f3de4daa4,MITDB_P203,203,180000000,0,20260928,MODEL_V2_TCN_MEAN,0,0.381477028131485,0.5942292809486389,4,V2-004-D2-TCNMEAN-F00-S20260928,f219483150b0da6c9efc8908cf7aafee80feffd12bcfdd491381d5991ec6101f
9b5a33d591474beef409f8d2d79329106bd8d603b8ba9b9da6cb3fbbbbf722d3,MITDB_P209,209,485000000,0,20260928,MODEL_V2_TCN_MEAN,1,-5.6008148193359375,0.003681250149384141,4,V2-004-D2-TCNMEAN-F00-S20260928,f219483150b0da6c9efc8908cf7aafee80feffd12bcfdd491381d5991ec6101f
9b7584c0d573bd106bcc9151da1a5a07be5d94134b40fd6bcd080e31986e069a,MITDB_P203,203,145000000,0,20260928,MODEL_V2_TCN_MEAN,1,10.893569946289062,0.9999814033508301,4,V2-004-D2-TCNMEAN-F00-S20260928,f219483150b0da6c9efc8908cf7aafee80feffd12bcfdd491381d5991ec6101f
9b9250c2b4ca56752c6aff36861af97dd452461937775b31e3b6f86eb3e08ba2,MITDB_P105,105,1450000000,0,20260928,MODEL_V2_TCN_MEAN,0,-2.4307658672332764,0.08085653185844421,4,V2-004-D2-TCNMEAN-F00-S20260928,f219483150b0da6c9efc8908cf7aafee80feffd12bcfdd491381d5991ec6101f
9bb317a0060a5db83d5d12f50ffe7a63e017860d111784f256e1c7cac26232c6,MITDB_P212,212,845000000,0,20260928,MODEL_V2_TCN_MEAN,0,-3.17122220993042,0.040263161063194275,4,V2-004-D2-TCNMEAN-F00-S20260928,f219483150b0da6c9efc8908cf7aafee80feffd12bcfdd491381d5991ec6101f
9bd4ceee04a9221d8dccdee4ef5db50c95e75ea0ca739c70e7fc5f6ec3770954,MITDB_P222,222,1150000000,0,20260928,MODEL_V2_TCN_MEAN,1,2.7485930919647217,0.9398338198661804,4,V2-004-D2-TCNMEAN-F00-S20260928,f219483150b0da6c9efc8908cf7aafee80feffd12bcfdd491381d5991ec6101f
9c377bb7ce1b66e5ba943346b92b8c8692bbc867d1ef1d93b1d3d23df95c97a2,MITDB_P209,209,1370000000,0,20260928,MODEL_V2_TCN_MEAN,0,-6.57774543762207,0.001389049575664103,4,V2-004-D2-TCNMEAN-F00-S20260928,f219483150b0da6c9efc8908cf7aafee80feffd12bcfdd491381d5991ec6101f
9c43989fd93f7b358914220a6436339e5b0482eeb3ee60b06dfc15fd6364c0b6,MITDB_P105,105,1170000000,0,20260928,MODEL_V2_TCN_MEAN,0,-4.889723777770996,0.007467319723218679,4,V2-004-D2-TCNMEAN-F00-S20260928,f219483150b0da6c9efc8908cf7aafee80feffd12bcfdd491381d5991ec6101f
9c475150d6643fa35bb1f72f63f8d9c67d1c430eced531eb0c43e272c67c976f,MITDB_P212,212,1290000000,0,20260928,MODEL_V2_TCN_MEAN,0,-3.81477427482605,0.021567288786172867,4,V2-004-D2-TCNMEAN-F00-S20260928,f219483150b0da6c9efc8908cf7aafee80feffd12bcfdd491381d5991ec6101f
9c5842ef0b6d626019b38f79b703ee46d61e7a63e04e56de8830ba8d258fb1f1,MITDB_P222,222,1015000000,0,20260928,MODEL_V2_TCN_MEAN,0,1.2176233530044556,0.7716450095176697,4,V2-004-D2-TCNMEAN-F00-S20260928,f219483150b0da6c9efc8908cf7aafee80feffd12bcfdd491381d5991ec6101f
9c7170ed097adc695f0effb6d86e76b49ee6bd2de73eb37d0bdea361e807e5aa,MITDB_P203,203,1530000000,0,20260928,MODEL_V2_TCN_MEAN,1,12.026727676391602,0.9999940395355225,4,V2-004-D2-TCNMEAN-F00-S20260928,f219483150b0da6c9efc8908cf7aafee80feffd12bcfdd491381d5991ec6101f
9c7c2fc29ed7296ea1fd05b53ecd435e37feaf4492969ddf9c17a908e05ee292,MITDB_P124,124,1480000000,0,20260928,MODEL_V2_TCN_MEAN,0,-7.4872541427612305,0.0005598654388450086,4,V2-004-D2-TCNMEAN-F00-S20260928,f219483150b0da6c9efc8908cf7aafee80feffd12bcfdd491381d5991ec6101f
9c882b92abe4889bd1f624cedcc6b7e7724355cb3c4b6ef4af03823f2b1c4f86,MITDB_P212,212,1545000000,0,20260928,MODEL_V2_TCN_MEAN,0,-4.267567157745361,0.013822111301124096,4,V2-004-D2-TCNMEAN-F00-S20260928,f219483150b0da6c9efc8908cf7aafee80feffd12bcfdd491381d5991ec6101f
9cabf68be429364ea73611487cd9fc70bbc711830a34d3e5213eebe49a875c29,MITDB_P212,212,1595000000,0,20260928,MODEL_V2_TCN_MEAN,0,-7.298305034637451,0.000676227209623903,4,V2-004-D2-TCNMEAN-F00-S20260928,f219483150b0da6c9efc8908cf7aafee80feffd12bcfdd491381d5991ec6101f
9cc8a3384d587b23bb9688741f1ae1b77a5890eb9c464c735a20839986398faf,MITDB_P105,105,105000000,0,20260928,MODEL_V2_TCN_MEAN,1,-0.7684692144393921,0.31681033968925476,4,V2-004-D2-TCNMEAN-F00-S20260928,f219483150b0da6c9efc8908cf7aafee80feffd12bcfdd491381d5991ec6101f
9cf3c56274d2543c238774471010421f917f1b49e0ba03a30cf625c55e346afa,MITDB_P203,203,525000000,0,20260928,MODEL_V2_TCN_MEAN,1,2.3247077465057373,0.910902738571167,4,V2-004-D2-TCNMEAN-F00-S20260928,f219483150b0da6c9efc8908cf7aafee80feffd12bcfdd491381d5991ec6101f
9cf8d6390d8e08f2ab8ed8b37f31151350a449be5216eaf1d6f2104589825c87,MITDB_P209,209,645000000,0,20260928,MODEL_V2_TCN_MEAN,1,-4.607357978820801,0.009879566729068756,4,V2-004-D2-TCNMEAN-F00-S20260928,f219483150b0da6c9efc8908cf7aafee80feffd12bcfdd491381d5991ec6101f
9d0e4d36a6422891b0a2cc657471f6877400f37319a7ff47d0ae41b393e01437,MITDB_P209,209,775000000,0,20260928,MODEL_V2_TCN_MEAN,0,-2.2294628620147705,0.09713573753833771,4,V2-004-D2-TCNMEAN-F00-S20260928,f219483150b0da6c9efc8908cf7aafee80feffd12bcfdd491381d5991ec6101f
9d4b4444f32dbac5376b7891988ba4f689fe61d26718faafcc0d53ad4bcb0b73,MITDB_P222,222,1020000000,0,20260928,MODEL_V2_TCN_MEAN,0,1.7105756998062134,0.8469109535217285,4,V2-004-D2-TCNMEAN-F00-S20260928,f219483150b0da6c9efc8908cf7aafee80feffd12bcfdd491381d5991ec6101f
9d74cd68c3f6f84778433afd41d6cda73b6196b271157aa95ef44a73e6834ea3,MITDB_P203,203,550000000,0,20260928,MODEL_V2_TCN_MEAN,1,7.088312149047852,0.9991658926010132,4,V2-004-D2-TCNMEAN-F00-S20260928,f219483150b0da6c9efc8908cf7aafee80feffd12bcfdd491381d5991ec6101f
9dd73fabe21488e885c081a31d49a922de2bf58902219749e1f54295a079e35e,MITDB_P105,105,245000000,0,20260928,MODEL_V2_TCN_MEAN,0,-5.739027976989746,0.0032075729686766863,4,V2-004-D2-TCNMEAN-F00-S20260928,f219483150b0da6c9efc8908cf7aafee80feffd12bcfdd491381d5991ec6101f
9ddcab57b2e2b34f3a90a379377bdd27def6e1dbb8c8b2a52bfad11fa4aec245,MITDB_P212,212,520000000,0,20260928,MODEL_V2_TCN_MEAN,0,-3.3885624408721924,0.03265483304858208,4,V2-004-D2-TCNMEAN-F00-S20260928,f219483150b0da6c9efc8908cf7aafee80feffd12bcfdd491381d5991ec6101f
9e1d7991154401613949f242892f9dcfad2c5d184275066b150ab2ef39a7bcdb,MITDB_P203,203,1005000000,0,20260928,MODEL_V2_TCN_MEAN,1,9.62407398223877,0.9999338388442993,4,V2-004-D2-TCNMEAN-F00-S20260928,f219483150b0da6c9efc8908cf7aafee80feffd12bcfdd491381d5991ec6101f
9e26a737c55a364451a8c460fdf6437bc3d24e0ddcbee6255d08bc9b5f6b6550,MITDB_P209,209,995000000,0,20260928,MODEL_V2_TCN_MEAN,1,-5.987422466278076,0.0025038407184183598,4,V2-004-D2-TCNMEAN-F00-S20260928,f219483150b0da6c9efc8908cf7aafee80feffd12bcfdd491381d5991ec6101f
9e3e13d8914857b618f1065c52469795cd88cb852f09b0e54422d5e8f090d72b,MITDB_P105,105,825000000,0,20260928,MODEL_V2_TCN_MEAN,1,-0.6226955652236938,0.3491686284542084,4,V2-004-D2-TCNMEAN-F00-S20260928,f219483150b0da6c9efc8908cf7aafee80feffd12bcfdd491381d5991ec6101f
9e4434ed63859ac8e44cf4fa1f6ca4b0af58374c29dea85affcac3346e183409,MITDB_P203,203,200000000,0,20260928,MODEL_V2_TCN_MEAN,1,0.822919487953186,0.6948556900024414,4,V2-004-D2-TCNMEAN-F00-S20260928,f219483150b0da6c9efc8908cf7aafee80feffd12bcfdd491381d5991ec6101f
9e7a2f43511784a80e75cc694199a082f81ad9f1ece3e26ebebb71f321c6d84c,MITDB_P124,124,930000000,0,20260928,MODEL_V2_TCN_MEAN,0,-7.159497261047363,0.0007768413051962852,4,V2-004-D2-TCNMEAN-F00-S20260928,f219483150b0da6c9efc8908cf7aafee80feffd12bcfdd491381d5991ec6101f
9e7ab46285f3a984f3b86e687291632a1e2829c2b1dbfc9541583394db996aca,MITDB_P209,209,1115000000,0,20260928,MODEL_V2_TCN_MEAN,0,-4.188101768493652,0.014948222786188126,4,V2-004-D2-TCNMEAN-F00-S20260928,f219483150b0da6c9efc8908cf7aafee80feffd12bcfdd491381d5991ec6101f
9eb9716628f0ab4286c4685a4f3222bbf4cf74576e47acaeae3f780d38b5c3f7,MITDB_P222,222,385000000,0,20260928,MODEL_V2_TCN_MEAN,0,-4.903072357177734,0.0073690335266292095,4,V2-004-D2-TCNMEAN-F00-S20260928,f219483150b0da6c9efc8908cf7aafee80feffd12bcfdd491381d5991ec6101f
9ebabe78a661ee4518da211ef494747b0c97d42e7414e5bd5ac0765c45b12152,MITDB_P212,212,1440000000,0,20260928,MODEL_V2_TCN_MEAN,0,-5.102947235107422,0.00604207580909133,4,V2-004-D2-TCNMEAN-F00-S20260928,f219483150b0da6c9efc8908cf7aafee80feffd12bcfdd491381d5991ec6101f
9f0983a2d10119930d166c865f9e3300faec4d6701666e640f6159f4bdc5c9b7,MITDB_P222,222,1145000000,0,20260928,MODEL_V2_TCN_MEAN,0,1.5509918928146362,0.8250569105148315,4,V2-004-D2-TCNMEAN-F00-S20260928,f219483150b0da6c9efc8908cf7aafee80feffd12bcfdd491381d5991ec6101f
9f446b6ad41e2cb07b32adba59c553ee86a479b21cfcace2af77f721003661cf,MITDB_P222,222,910000000,0,20260928,MODEL_V2_TCN_MEAN,1,2.991345167160034,0.9521815180778503,4,V2-004-D2-TCNMEAN-F00-S20260928,f219483150b0da6c9efc8908cf7aafee80feffd12bcfdd491381d5991ec6101f
9f526e76fc0d4acd6798d9e252937ba1c20866b2bc602d8e1a47ce9368755b9f,MITDB_P105,105,220000000,0,20260928,MODEL_V2_TCN_MEAN,0,-5.210904121398926,0.005427123513072729,4,V2-004-D2-TCNMEAN-F00-S20260928,f219483150b0da6c9efc8908cf7aafee80feffd12bcfdd491381d5991ec6101f
9f64ccbd052a30598aad519c62fbc971dac9851a09a4d8ffae2c7d5b08af9e2d,MITDB_P124,124,345000000,0,20260928,MODEL_V2_TCN_MEAN,1,-6.619302749633789,0.0013325829058885574,4,V2-004-D2-TCNMEAN-F00-S20260928,f219483150b0da6c9efc8908cf7aafee80feffd12bcfdd491381d5991ec6101f
9f6d3745d4bc2d71b4fcaca25a7a0f49dc6711b703910d0f04666b82c547a689,MITDB_P222,222,1305000000,0,20260928,MODEL_V2_TCN_MEAN,1,2.5643956661224365,0.9285346865653992,4,V2-004-D2-TCNMEAN-F00-S20260928,f219483150b0da6c9efc8908cf7aafee80feffd12bcfdd491381d5991ec6101f
9f7f7e214b02e23a7728e31e0391197715b544b42c7a12647a87624fe3525870,MITDB_P212,212,1340000000,0,20260928,MODEL_V2_TCN_MEAN,0,-5.654445171356201,0.0034896947909146547,4,V2-004-D2-TCNMEAN-F00-S20260928,f219483150b0da6c9efc8908cf7aafee80feffd12bcfdd491381d5991ec6101f
9f8b30406a1c9ed9948d935d687f251fcab9f7880e4623930151344763543903,MITDB_P212,212,280000000,0,20260928,MODEL_V2_TCN_MEAN,0,-2.096893310546875,0.10939913988113403,4,V2-004-D2-TCNMEAN-F00-S20260928,f219483150b0da6c9efc8908cf7aafee80feffd12bcfdd491381d5991ec6101f
9f8b769768dad2f731f0c0243263036e5811253fde0c8f99f418101b7e3fafd3,MITDB_P212,212,550000000,0,20260928,MODEL_V2_TCN_MEAN,0,-4.521667957305908,0.010753970593214035,4,V2-004-D2-TCNMEAN-F00-S20260928,f219483150b0da6c9efc8908cf7aafee80feffd12bcfdd491381d5991ec6101f
9f9f0b4e6ee6435d292a439a5f9fed95a5906b590ef5c0b2987d492a2bec21d6,MITDB_P212,212,1400000000,0,20260928,MODEL_V2_TCN_MEAN,0,-6.892621994018555,0.0010142186656594276,4,V2-004-D2-TCNMEAN-F00-S20260928,f219483150b0da6c9efc8908cf7aafee80feffd12bcfdd491381d5991ec6101f
9fbab7570761382d4f70e57728ddf66f74b04b9ef4c41a5f8f59dfb8624d7383,MITDB_P124,124,915000000,0,20260928,MODEL_V2_TCN_MEAN,0,-3.954657793045044,0.018804827705025673,4,V2-004-D2-TCNMEAN-F00-S20260928,f219483150b0da6c9efc8908cf7aafee80feffd12bcfdd491381d5991ec6101f
9ff421117c337eef4ef4d0df524446051e189962a62b4de009514aec1313f82e,MITDB_P203,203,810000000,0,20260928,MODEL_V2_TCN_MEAN,1,6.731449604034424,0.9988086223602295,4,V2-004-D2-TCNMEAN-F00-S20260928,f219483150b0da6c9efc8908cf7aafee80feffd12bcfdd491381d5991ec6101f
a008ce55b7615e3d5978b204f8c4efe50bd9913a7db9f0c5d405e40279a86509,MITDB_P105,105,1005000000,0,20260928,MODEL_V2_TCN_MEAN,0,-2.447566270828247,0.07961671054363251,4,V2-004-D2-TCNMEAN-F00-S20260928,f219483150b0da6c9efc8908cf7aafee80feffd12bcfdd491381d5991ec6101f
a026f33905de5487771eb42814fb93979ea04dd12fb5cf0522c6cfc881466f9f,MITDB_P203,203,880000000,0,20260928,MODEL_V2_TCN_MEAN,1,8.572149276733398,0.9998107552528381,4,V2-004-D2-TCNMEAN-F00-S20260928,f219483150b0da6c9efc8908cf7aafee80feffd12bcfdd491381d5991ec6101f
a048b607f4f9cac4896add376f54f8e895016662b7c0b21b8f142819865fd14c,MITDB_P212,212,1615000000,0,20260928,MODEL_V2_TCN_MEAN,0,-7.924639701843262,0.0003615893656387925,4,V2-004-D2-TCNMEAN-F00-S20260928,f219483150b0da6c9efc8908cf7aafee80feffd12bcfdd491381d5991ec6101f
a05fa3401a4977c9bcbd7a30b55632a730d8330e97f72dde8abde9893d4c3751,MITDB_P203,203,1270000000,0,20260928,MODEL_V2_TCN_MEAN,1,3.9760687351226807,0.9815861582756042,4,V2-004-D2-TCNMEAN-F00-S20260928,f219483150b0da6c9efc8908cf7aafee80feffd12bcfdd491381d5991ec6101f
a07c40157307cd8e0f4cdf955c7ab842b671f466f552271de35c111680a16068,MITDB_P222,222,680000000,0,20260928,MODEL_V2_TCN_MEAN,1,2.596930503845215,0.9306638240814209,4,V2-004-D2-TCNMEAN-F00-S20260928,f219483150b0da6c9efc8908cf7aafee80feffd12bcfdd491381d5991ec6101f
a0a3e720d48a2ad78d1269c51fc47e569ca1869ccc6c0fe6dfac7d2a5d9b09c4,MITDB_P209,209,840000000,0,20260928,MODEL_V2_TCN_MEAN,0,-5.2533464431762695,0.005202776752412319,4,V2-004-D2-TCNMEAN-F00-S20260928,f219483150b0da6c9efc8908cf7aafee80feffd12bcfdd491381d5991ec6101f
a0b81ccfc0325f4a8cf970447a5c88cec98ddb4e59c460b63e5514bab8eee4f7,MITDB_P124,124,1605000000,0,20260928,MODEL_V2_TCN_MEAN,0,-6.749661445617676,0.0011699058813974261,4,V2-004-D2-TCNMEAN-F00-S20260928,f219483150b0da6c9efc8908cf7aafee80feffd12bcfdd491381d5991ec6101f
a0d21c5633e05b0cebd62729bc3059cb7f0cc4169ebb3e0879c5c409f29d33c1,MITDB_P209,209,355000000,0,20260928,MODEL_V2_TCN_MEAN,1,-1.0385558605194092,0.26142874360084534,4,V2-004-D2-TCNMEAN-F00-S20260928,f219483150b0da6c9efc8908cf7aafee80feffd12bcfdd491381d5991ec6101f
a13538e4f694e5d372ff4a48716dc04243a915b29ad6d1dc686e133384bdf66b,MITDB_P209,209,1360000000,0,20260928,MODEL_V2_TCN_MEAN,0,-6.454019069671631,0.001571708475239575,4,V2-004-D2-TCNMEAN-F00-S20260928,f219483150b0da6c9efc8908cf7aafee80feffd12bcfdd491381d5991ec6101f
a1354270e327c37a7680e1e8bc01380167f222c55f9708a3b13b8de5a264fdc7,MITDB_P203,203,1315000000,0,20260928,MODEL_V2_TCN_MEAN,1,5.8723955154418945,0.997191846370697,4,V2-004-D2-TCNMEAN-F00-S20260928,f219483150b0da6c9efc8908cf7aafee80feffd12bcfdd491381d5991ec6101f
a155a5b11e0145515434ffa289965c6f8cca5a7e92a08ace0c9398d971c39c8c,MITDB_P209,209,935000000,0,20260928,MODEL_V2_TCN_MEAN,0,-6.046283721923828,0.0023610531352460384,4,V2-004-D2-TCNMEAN-F00-S20260928,f219483150b0da6c9efc8908cf7aafee80feffd12bcfdd491381d5991ec6101f
a178804a8c7211fe45dc9b521400a84e6a7cd3883e8feea63421424f3d451308,MITDB_P212,212,1330000000,0,20260928,MODEL_V2_TCN_MEAN,0,-4.737549304962158,0.008684015832841396,4,V2-004-D2-TCNMEAN-F00-S20260928,f219483150b0da6c9efc8908cf7aafee80feffd12bcfdd491381d5991ec6101f
a1a9be68120c23b94c15e450033782e4f9ad016020ccc5380bb7f410c3ce439f,MITDB_P105,105,1345000000,0,20260928,MODEL_V2_TCN_MEAN,0,-0.7578434944152832,0.319114625453949,4,V2-004-D2-TCNMEAN-F00-S20260928,f219483150b0da6c9efc8908cf7aafee80feffd12bcfdd491381d5991ec6101f
a1d401d52f26e232f13108e779930e155fc6f67de939e438366f06971a3a7292,MITDB_P209,209,450000000,0,20260928,MODEL_V2_TCN_MEAN,0,-5.7491230964660645,0.0031754574738442898,4,V2-004-D2-TCNMEAN-F00-S20260928,f219483150b0da6c9efc8908cf7aafee80feffd12bcfdd491381d5991ec6101f
a200f728802e3a4ce48dbf755303b566986c860c43959892f4026f93aca2be5f,MITDB_P222,222,10000000,0,20260928,MODEL_V2_TCN_MEAN,0,-6.431014060974121,0.0016082259826362133,4,V2-004-D2-TCNMEAN-F00-S20260928,f219483150b0da6c9efc8908cf7aafee80feffd12bcfdd491381d5991ec6101f
a20272e819dce76783d19c23e71826eac3f6f4acad8df8ac4a485179b0cb2a56,MITDB_P209,209,870000000,0,20260928,MODEL_V2_TCN_MEAN,1,0.5538920164108276,0.6350380778312683,4,V2-004-D2-TCNMEAN-F00-S20260928,f219483150b0da6c9efc8908cf7aafee80feffd12bcfdd491381d5991ec6101f
a20b47f0ffba468ea6bfa997f5a4130c8f7241518a064102bb9e59fef8147ef7,MITDB_P124,124,1415000000,0,20260928,MODEL_V2_TCN_MEAN,1,3.5044546127319336,0.9708142876625061,4,V2-004-D2-TCNMEAN-F00-S20260928,f219483150b0da6c9efc8908cf7aafee80feffd12bcfdd491381d5991ec6101f
a2476c938c12ba283e1203296d9a3abcf9c0f1e993fc9274e505af87b2741487,MITDB_P212,212,875000000,0,20260928,MODEL_V2_TCN_MEAN,0,-1.9244623184204102,0.12736478447914124,4,V2-004-D2-TCNMEAN-F00-S20260928,f219483150b0da6c9efc8908cf7aafee80feffd12bcfdd491381d5991ec6101f
a29072f5cf410602f655770f27f5e0978c92948db4047f8d2e9f99e816b61011,MITDB_P222,222,1320000000,0,20260928,MODEL_V2_TCN_MEAN,1,6.096372604370117,0.9977540373802185,4,V2-004-D2-TCNMEAN-F00-S20260928,f219483150b0da6c9efc8908cf7aafee80feffd12bcfdd491381d5991ec6101f
a2bbd18ab5fc854cb443f33486c324dd492b826a851c84b7bbb1ed25fb587f71,MITDB_P222,222,665000000,0,20260928,MODEL_V2_TCN_MEAN,0,-5.5697832107543945,0.0037968354299664497,4,V2-004-D2-TCNMEAN-F00-S20260928,f219483150b0da6c9efc8908cf7aafee80feffd12bcfdd491381d5991ec6101f
a2c30a31bfbf5f0a15fb3547172656856246b04b9a729fb63989fee63ed6f278,MITDB_P105,105,700000000,0,20260928,MODEL_V2_TCN_MEAN,0,-5.058989524841309,0.00631188228726387,4,V2-004-D2-TCNMEAN-F00-S20260928,f219483150b0da6c9efc8908cf7aafee80feffd12bcfdd491381d5991ec6101f
a2d857379691e6da021d7b16201275eeb5cdc298f20e2ea994766c9e30026539,MITDB_P212,212,440000000,0,20260928,MODEL_V2_TCN_MEAN,0,-1.0241481065750122,0.2642201781272888,4,V2-004-D2-TCNMEAN-F00-S20260928,f219483150b0da6c9efc8908cf7aafee80feffd12bcfdd491381d5991ec6101f
a2ed1ab80689cd8f95389097e0132beafa7631b041a97bde074170f9cc4e8282,MITDB_P203,203,975000000,0,20260928,MODEL_V2_TCN_MEAN,1,5.633035659790039,0.9964350461959839,4,V2-004-D2-TCNMEAN-F00-S20260928,f219483150b0da6c9efc8908cf7aafee80feffd12bcfdd491381d5991ec6101f
a31a8df8f6b02c85699afdc696b20b3332a93f287cb03322f6674ab30de3d11d,MITDB_P124,124,535000000,0,20260928,MODEL_V2_TCN_MEAN,0,-4.117014408111572,0.01603187806904316,4,V2-004-D2-TCNMEAN-F00-S20260928,f219483150b0da6c9efc8908cf7aafee80feffd12bcfdd491381d5991ec6101f
a31e074eac11215089278557899e5c19118989bbcd6d4809e97492c4b89c2910,MITDB_P212,212,1550000000,0,20260928,MODEL_V2_TCN_MEAN,0,-4.168758392333984,0.015235739760100842,4,V2-004-D2-TCNMEAN-F00-S20260928,f219483150b0da6c9efc8908cf7aafee80feffd12bcfdd491381d5991ec6101f
a32de8bd1b621e0448b8dae6d306ab126c73b5d080788948b2f86ed093378204,MITDB_P212,212,1000000000,0,20260928,MODEL_V2_TCN_MEAN,0,-7.385933876037598,0.000619527418166399,4,V2-004-D2-TCNMEAN-F00-S20260928,f219483150b0da6c9efc8908cf7aafee80feffd12bcfdd491381d5991ec6101f
a32fcf23678e2f90445688ade89962b6b662cd1ecd006f233c54b8f012eb6ac8,MITDB_P105,105,1565000000,0,20260928,MODEL_V2_TCN_MEAN,0,-4.335972309112549,0.012920028530061245,4,V2-004-D2-TCNMEAN-F00-S20260928,f219483150b0da6c9efc8908cf7aafee80feffd12bcfdd491381d5991ec6101f
a330bcca7189a3794a1c03287f2983eda1f0747b19a5e5e57315fb5218aa24b2,MITDB_P212,212,975000000,0,20260928,MODEL_V2_TCN_MEAN,0,-5.823559761047363,0.0029483414255082607,4,V2-004-D2-TCNMEAN-F00-S20260928,f219483150b0da6c9efc8908cf7aafee80feffd12bcfdd491381d5991ec6101f
a34f73ae383aef2f63f76dbfb3434c51cf2348d65c234d42e79d9f19d69e82d7,MITDB_P124,124,15000000,0,20260928,MODEL_V2_TCN_MEAN,0,-0.7362040281295776,0.32383477687835693,4,V2-004-D2-TCNMEAN-F00-S20260928,f219483150b0da6c9efc8908cf7aafee80feffd12bcfdd491381d5991ec6101f
a3552b2a3f7c643ccde55959da8b8e88c3e70a55f961667c962afe47ac9c8286,MITDB_P212,212,45000000,0,20260928,MODEL_V2_TCN_MEAN,0,-3.4091742038726807,0.032009974122047424,4,V2-004-D2-TCNMEAN-F00-S20260928,f219483150b0da6c9efc8908cf7aafee80feffd12bcfdd491381d5991ec6101f
a3570f5207e91f9812048e2c95424c33393ead75c9ecc43cdc3697d7cb6162af,MITDB_P222,222,1655000000,0,20260928,MODEL_V2_TCN_MEAN,0,1.5974812507629395,0.8316660523414612,4,V2-004-D2-TCNMEAN-F00-S20260928,f219483150b0da6c9efc8908cf7aafee80feffd12bcfdd491381d5991ec6101f
a361312c47279199f57c13033f6ae7e5beda895b53e8ed3e8ffc737d3de7f9aa,MITDB_P222,222,1685000000,0,20260928,MODEL_V2_TCN_MEAN,0,-0.6450423002243042,0.34410762786865234,4,V2-004-D2-TCNMEAN-F00-S20260928,f219483150b0da6c9efc8908cf7aafee80feffd12bcfdd491381d5991ec6101f
a38c85fe48f760c5c827e8a8ca1fbedfacb8f05a890d74fa907357d4f6cf4620,MITDB_P124,124,1120000000,0,20260928,MODEL_V2_TCN_MEAN,0,-4.106261253356934,0.016202392056584358,4,V2-004-D2-TCNMEAN-F00-S20260928,f219483150b0da6c9efc8908cf7aafee80feffd12bcfdd491381d5991ec6101f
a3bd7e590ec721a81f2b622f234edfaea762f674d8792f6bdce1724a6afb8d5f,MITDB_P203,203,990000000,0,20260928,MODEL_V2_TCN_MEAN,1,1.5982578992843628,0.8317747712135315,4,V2-004-D2-TCNMEAN-F00-S20260928,f219483150b0da6c9efc8908cf7aafee80feffd12bcfdd491381d5991ec6101f
a3d2ea2bfd22ba716ccffd9b01509a1208340a6a64e1f412acd4c535b0a9e044,MITDB_P209,209,715000000,0,20260928,MODEL_V2_TCN_MEAN,1,-2.3624563217163086,0.08608075231313705,4,V2-004-D2-TCNMEAN-F00-S20260928,f219483150b0da6c9efc8908cf7aafee80feffd12bcfdd491381d5991ec6101f
a4267dd6a3316db402b0147ef9aa08e8838a0e88cd39c532c5ff02c4c2843c84,MITDB_P209,209,1505000000,0,20260928,MODEL_V2_TCN_MEAN,1,-4.912174701690674,0.007302750367671251,4,V2-004-D2-TCNMEAN-F00-S20260928,f219483150b0da6c9efc8908cf7aafee80feffd12bcfdd491381d5991ec6101f
a4307d66f7087282ee1606ec1e2b55e69269af5d584368d649cca71a2f20c307,MITDB_P222,222,1635000000,0,20260928,MODEL_V2_TCN_MEAN,0,-1.1103321313858032,0.24780899286270142,4,V2-004-D2-TCNMEAN-F00-S20260928,f219483150b0da6c9efc8908cf7aafee80feffd12bcfdd491381d5991ec6101f
a43209004abd82b506ca60fb1bdbf5e865846cf8aca319590120d1f864a59274,MITDB_P209,209,690000000,0,20260928,MODEL_V2_TCN_MEAN,0,-4.4038238525390625,0.012082705274224281,4,V2-004-D2-TCNMEAN-F00-S20260928,f219483150b0da6c9efc8908cf7aafee80feffd12bcfdd491381d5991ec6101f
a44158783dc64d3c86e78ff2b391be54f7cc4918f5977f1014547890ed9e88f7,MITDB_P105,105,945000000,0,20260928,MODEL_V2_TCN_MEAN,0,-4.680270195007324,0.009191244840621948,4,V2-004-D2-TCNMEAN-F00-S20260928,f219483150b0da6c9efc8908cf7aafee80feffd12bcfdd491381d5991ec6101f
a4415a024e3b18a5c294adb7558c22bbb488995f1980dd5f61748e6a58c5120a,MITDB_P105,105,1300000000,0,20260928,MODEL_V2_TCN_MEAN,0,2.841413974761963,0.9448730945587158,4,V2-004-D2-TCNMEAN-F00-S20260928,f219483150b0da6c9efc8908cf7aafee80feffd12bcfdd491381d5991ec6101f
a47100a43d78ff53629c260980098928cdd0e69935adf34c18dc2b10d829f184,MITDB_P124,124,235000000,0,20260928,MODEL_V2_TCN_MEAN,0,-0.3533612787723541,0.4125675857067108,4,V2-004-D2-TCNMEAN-F00-S20260928,f219483150b0da6c9efc8908cf7aafee80feffd12bcfdd491381d5991ec6101f
a4a2088f8008d6fc83e7c0aeb5e4110cc30582178603d2233ec7bd3a52f50874,MITDB_P222,222,425000000,0,20260928,MODEL_V2_TCN_MEAN,0,-6.130889415740967,0.00216992711648345,4,V2-004-D2-TCNMEAN-F00-S20260928,f219483150b0da6c9efc8908cf7aafee80feffd12bcfdd491381d5991ec6101f
a4a7af5891bee8cc04fd5a7a684ca51ac8c74d8d59250e3f5df72d3f9e781626,MITDB_P203,203,115000000,0,20260928,MODEL_V2_TCN_MEAN,1,12.824972152709961,0.9999972581863403,4,V2-004-D2-TCNMEAN-F00-S20260928,f219483150b0da6c9efc8908cf7aafee80feffd12bcfdd491381d5991ec6101f
a4db172a9b02a2ff0451342ebfa4f749d70eb53b7ff5208dbc0ff85c3e593b70,MITDB_P222,222,1040000000,0,20260928,MODEL_V2_TCN_MEAN,0,1.2464739084243774,0.7766888737678528,4,V2-004-D2-TCNMEAN-F00-S20260928,f219483150b0da6c9efc8908cf7aafee80feffd12bcfdd491381d5991ec6101f
a4dcb3ffc18856f2ab5520672cd166eb61f430dbb29d28677f034e63f93d78c9,MITDB_P212,212,395000000,0,20260928,MODEL_V2_TCN_MEAN,0,-3.2702689170837402,0.0366053432226181,4,V2-004-D2-TCNMEAN-F00-S20260928,f219483150b0da6c9efc8908cf7aafee80feffd12bcfdd491381d5991ec6101f
a4e34dbcc74254269ebf23850deeb0330872b3f83615700b74ccfad0f56af417,MITDB_P124,124,985000000,0,20260928,MODEL_V2_TCN_MEAN,0,-3.6162102222442627,0.02618052251636982,4,V2-004-D2-TCNMEAN-F00-S20260928,f219483150b0da6c9efc8908cf7aafee80feffd12bcfdd491381d5991ec6101f
a50029265dd81b33039e7c77a25e172bf2b829239ed1137e5c2f5718b186850b,MITDB_P212,212,810000000,0,20260928,MODEL_V2_TCN_MEAN,0,-5.275420188903809,0.005089768208563328,4,V2-004-D2-TCNMEAN-F00-S20260928,f219483150b0da6c9efc8908cf7aafee80feffd12bcfdd491381d5991ec6101f
a54d983529074e63e029a95b1606131cc964b710ce1d96a134074d5ad4f4ba35,MITDB_P212,212,485000000,0,20260928,MODEL_V2_TCN_MEAN,0,-3.956850290298462,0.018764415755867958,4,V2-004-D2-TCNMEAN-F00-S20260928,f219483150b0da6c9efc8908cf7aafee80feffd12bcfdd491381d5991ec6101f
a56d2b910fbeb1c1b110b129a90d85d3a02ce730d92c5b9a2aaf3eb7d7095eab,MITDB_P209,209,1290000000,0,20260928,MODEL_V2_TCN_MEAN,1,-4.339977264404297,0.012869052588939667,4,V2-004-D2-TCNMEAN-F00-S20260928,f219483150b0da6c9efc8908cf7aafee80feffd12bcfdd491381d5991ec6101f
a57aed46560845e64ab69c90f6d5a6e3c19d9484b5feea15c297d1f8fe090e92,MITDB_P124,124,490000000,0,20260928,MODEL_V2_TCN_MEAN,0,-4.743618965148926,0.008631919510662556,4,V2-004-D2-TCNMEAN-F00-S20260928,f219483150b0da6c9efc8908cf7aafee80feffd12bcfdd491381d5991ec6101f
a57eeed23f07e671b850ce7ed07d203a7b208e6c655063549791aef73056cff3,MITDB_P222,222,470000000,0,20260928,MODEL_V2_TCN_MEAN,0,-5.0909247398376465,0.006114708259701729,4,V2-004-D2-TCNMEAN-F00-S20260928,f219483150b0da6c9efc8908cf7aafee80feffd12bcfdd491381d5991ec6101f
a5a7fc8d76f22d2c193a70f0c3040f4f21484052f99fe51e7831e85c8172f703,MITDB_P222,222,875000000,0,20260928,MODEL_V2_TCN_MEAN,1,0.272914856672287,0.5678083896636963,4,V2-004-D2-TCNMEAN-F00-S20260928,f219483150b0da6c9efc8908cf7aafee80feffd12bcfdd491381d5991ec6101f
a5c36cb472dbb1a58743e2e5456542840bd3f571188b806cea58f26686056d79,MITDB_P222,222,1770000000,0,20260928,MODEL_V2_TCN_MEAN,0,-1.1811033487319946,0.2348538637161255,4,V2-004-D2-TCNMEAN-F00-S20260928,f219483150b0da6c9efc8908cf7aafee80feffd12bcfdd491381d5991ec6101f
a5e2feada437f5ecf4f48a45a3c86024de14b8034e961550302ba9884557ad2c,MITDB_P222,222,930000000,0,20260928,MODEL_V2_TCN_MEAN,1,1.2112771272659302,0.770524799823761,4,V2-004-D2-TCNMEAN-F00-S20260928,f219483150b0da6c9efc8908cf7aafee80feffd12bcfdd491381d5991ec6101f
a63623ac9845604e4a90791a953f873d2ccc6e9a72671afb326249533fa30614,MITDB_P124,124,670000000,0,20260928,MODEL_V2_TCN_MEAN,0,-6.533345699310303,0.0014520211843773723,4,V2-004-D2-TCNMEAN-F00-S20260928,f219483150b0da6c9efc8908cf7aafee80feffd12bcfdd491381d5991ec6101f
a64439a1f714deed0d6bb00c9c3646a313b446788b938cfb9a9dde853020c6e4,MITDB_P222,222,145000000,0,20260928,MODEL_V2_TCN_MEAN,0,-7.4026265144348145,0.000609277980402112,4,V2-004-D2-TCNMEAN-F00-S20260928,f219483150b0da6c9efc8908cf7aafee80feffd12bcfdd491381d5991ec6101f
a6474ab33f2a0d3ea248ab16bc19da2e7ecd635b67b10349ab8c470516b78012,MITDB_P203,203,1430000000,0,20260928,MODEL_V2_TCN_MEAN,1,4.82682991027832,0.9920517206192017,4,V2-004-D2-TCNMEAN-F00-S20260928,f219483150b0da6c9efc8908cf7aafee80feffd12bcfdd491381d5991ec6101f
a658e84f4e732d5072e5a3c4ec2d2b28938472cf7cc9f2ec9afed0c5a4df365d,MITDB_P209,209,965000000,0,20260928,MODEL_V2_TCN_MEAN,0,-5.849006652832031,0.002874474972486496,4,V2-004-D2-TCNMEAN-F00-S20260928,f219483150b0da6c9efc8908cf7aafee80feffd12bcfdd491381d5991ec6101f
a672036ec4de6e7ef18f14b3987d9833c5fb3f6e3751e41d2cbb839c62f8c2a5,MITDB_P222,222,1260000000,0,20260928,MODEL_V2_TCN_MEAN,1,3.46850848197937,0.9697783589363098,4,V2-004-D2-TCNMEAN-F00-S20260928,f219483150b0da6c9efc8908cf7aafee80feffd12bcfdd491381d5991ec6101f
a68262e7ec4c168e0e5a9faff18b94af2354748a81a06fd6a3fd2b1272ee1245,MITDB_P203,203,1000000000,0,20260928,MODEL_V2_TCN_MEAN,1,10.08582592010498,0.9999582767486572,4,V2-004-D2-TCNMEAN-F00-S20260928,f219483150b0da6c9efc8908cf7aafee80feffd12bcfdd491381d5991ec6101f
a69e684948177f7748858fe353430e30c19a33cba957a3edaa1144db9b2611fd,MITDB_P209,209,1660000000,0,20260928,MODEL_V2_TCN_MEAN,0,-3.6175594329833984,0.026146145537495613,4,V2-004-D2-TCNMEAN-F00-S20260928,f219483150b0da6c9efc8908cf7aafee80feffd12bcfdd491381d5991ec6101f
a6fc5656dd590b68516a6922657be230877369e5d33948a0bfb51f3988d2fe88,MITDB_P222,222,1065000000,0,20260928,MODEL_V2_TCN_MEAN,0,1.0322933197021484,0.7373602986335754,4,V2-004-D2-TCNMEAN-F00-S20260928,f219483150b0da6c9efc8908cf7aafee80feffd12bcfdd491381d5991ec6101f
a7300eb3221a14528154d8f5ec2f23de518650bb7c3c3ca7786e6fdf56f5f891,MITDB_P212,212,585000000,0,20260928,MODEL_V2_TCN_MEAN,0,-1.5045658349990845,0.1817455291748047,4,V2-004-D2-TCNMEAN-F00-S20260928,f219483150b0da6c9efc8908cf7aafee80feffd12bcfdd491381d5991ec6101f
a79035aa10b045468fe0c0993736408128c964c5dcb4b3c0eb556994ddbb413c,MITDB_P203,203,175000000,0,20260928,MODEL_V2_TCN_MEAN,0,0.9618064165115356,0.7234833240509033,4,V2-004-D2-TCNMEAN-F00-S20260928,f219483150b0da6c9efc8908cf7aafee80feffd12bcfdd491381d5991ec6101f
a7953719ceaad8144d0cb9cb2dbbda6931f3ed06605af0ea402f5daa6831b387,MITDB_P203,203,1360000000,0,20260928,MODEL_V2_TCN_MEAN,1,9.014537811279297,0.9998784065246582,4,V2-004-D2-TCNMEAN-F00-S20260928,f219483150b0da6c9efc8908cf7aafee80feffd12bcfdd491381d5991ec6101f
a79d88a6a20371761ddc35cb878a34925047a828923f8bc5c8cfa62948aee555,MITDB_P124,124,1055000000,0,20260928,MODEL_V2_TCN_MEAN,1,3.837430477142334,0.9789056777954102,4,V2-004-D2-TCNMEAN-F00-S20260928,f219483150b0da6c9efc8908cf7aafee80feffd12bcfdd491381d5991ec6101f
a7d5a82a8f81dfd06bb010307ceea48322f5db805f45d04542371bfc69410fe5,MITDB_P124,124,1790000000,0,20260928,MODEL_V2_TCN_MEAN,0,-7.60807466506958,0.000496180378831923,4,V2-004-D2-TCNMEAN-F00-S20260928,f219483150b0da6c9efc8908cf7aafee80feffd12bcfdd491381d5991ec6101f
a818e714278f3146dff9fac7ece26f6ab90c8a13d2b759553c91f4897d441f86,MITDB_P222,222,1775000000,0,20260928,MODEL_V2_TCN_MEAN,0,0.9888330698013306,0.7288573384284973,4,V2-004-D2-TCNMEAN-F00-S20260928,f219483150b0da6c9efc8908cf7aafee80feffd12bcfdd491381d5991ec6101f
a836f53df184668ddc87e62771e00b6760f3fbe04bcf71a3fb519bb092332873,MITDB_P222,222,190000000,0,20260928,MODEL_V2_TCN_MEAN,0,-3.066296339035034,0.044519104063510895,4,V2-004-D2-TCNMEAN-F00-S20260928,f219483150b0da6c9efc8908cf7aafee80feffd12bcfdd491381d5991ec6101f
a850d63188066f98eae4f3df91d73cf304ee9b70a2c34f597edb0d9ac76476ec,MITDB_P105,105,790000000,0,20260928,MODEL_V2_TCN_MEAN,0,-5.256932258605957,0.005184250883758068,4,V2-004-D2-TCNMEAN-F00-S20260928,f219483150b0da6c9efc8908cf7aafee80feffd12bcfdd491381d5991ec6101f
a8a5993bfc6a7375a6f771d1331d6a246fca7330f735aeef1c94b02e3ef1c945,MITDB_P124,124,555000000,0,20260928,MODEL_V2_TCN_MEAN,0,-0.21943232417106628,0.44536101818084717,4,V2-004-D2-TCNMEAN-F00-S20260928,f219483150b0da6c9efc8908cf7aafee80feffd12bcfdd491381d5991ec6101f
a8b5b50270d05c0e0c16add2bd93c8d685764437be9d199ebbd3b6336a5ac3f1,MITDB_P209,209,365000000,0,20260928,MODEL_V2_TCN_MEAN,1,2.044024705886841,0.8853424191474915,4,V2-004-D2-TCNMEAN-F00-S20260928,f219483150b0da6c9efc8908cf7aafee80feffd12bcfdd491381d5991ec6101f
a8dafc89ce5f1eecb90b7bd22b54d8ef0b82d56c0267dde9645bc0e7557f33a8,MITDB_P212,212,950000000,0,20260928,MODEL_V2_TCN_MEAN,0,-2.7460272312164307,0.06031141057610512,4,V2-004-D2-TCNMEAN-F00-S20260928,f219483150b0da6c9efc8908cf7aafee80feffd12bcfdd491381d5991ec6101f
a8dd2a794a404410383ecfd3018d17eaf85b9df94309f2fe6b57c267b03a6323,MITDB_P124,124,1650000000,0,20260928,MODEL_V2_TCN_MEAN,0,-6.139257431030273,0.0021518839057534933,4,V2-004-D2-TCNMEAN-F00-S20260928,f219483150b0da6c9efc8908cf7aafee80feffd12bcfdd491381d5991ec6101f
a8ff040647a13bc579c66cc3dcd2ea024574ec4f2248f020b8c23a41d178b58c,MITDB_P222,222,1765000000,0,20260928,MODEL_V2_TCN_MEAN,0,-1.4436596632003784,0.1909792721271515,4,V2-004-D2-TCNMEAN-F00-S20260928,f219483150b0da6c9efc8908cf7aafee80feffd12bcfdd491381d5991ec6101f
a91dbeaf07475b85a61aeb827581e6925a25cd82efab37bb14a0a8b7a42b16b2,MITDB_P203,203,70000000,0,20260928,MODEL_V2_TCN_MEAN,1,5.615153789520264,0.9963710308074951,4,V2-004-D2-TCNMEAN-F00-S20260928,f219483150b0da6c9efc8908cf7aafee80feffd12bcfdd491381d5991ec6101f
a9488bce6750958657860439d97e57a639267ed48181e10d2bd53503ce5cec74,MITDB_P209,209,200000000,0,20260928,MODEL_V2_TCN_MEAN,1,-4.899242877960205,0.00739709846675396,4,V2-004-D2-TCNMEAN-F00-S20260928,f219483150b0da6c9efc8908cf7aafee80feffd12bcfdd491381d5991ec6101f
a98469badd31452c3cdcea1e1200ad1442829eba0e880093e10556824e37f55d,MITDB_P212,212,315000000,0,20260928,MODEL_V2_TCN_MEAN,0,-5.030451774597168,0.006493417080491781,4,V2-004-D2-TCNMEAN-F00-S20260928,f219483150b0da6c9efc8908cf7aafee80feffd12bcfdd491381d5991ec6101f
a994eff53ff2b3de035c0fe0e6e676513a7104c2ba3186687a465f3c1825e8fa,MITDB_P203,203,610000000,0,20260928,MODEL_V2_TCN_MEAN,1,4.855473518371582,0.9922744631767273,4,V2-004-D2-TCNMEAN-F00-S20260928,f219483150b0da6c9efc8908cf7aafee80feffd12bcfdd491381d5991ec6101f
a998197c32d5cd7c05d2c393efa9c0ef10995a4b9763fc0d7a2db8567145c6e5,MITDB_P209,209,1770000000,0,20260928,MODEL_V2_TCN_MEAN,0,-5.608850955963135,0.0036518932320177555,4,V2-004-D2-TCNMEAN-F00-S20260928,f219483150b0da6c9efc8908cf7aafee80feffd12bcfdd491381d5991ec6101f
a9a394d959bebee3743abda805bf19e6f7678ecd74a58be5fcc77ecbd9cc8416,MITDB_P203,203,285000000,0,20260928,MODEL_V2_TCN_MEAN,1,6.656404495239258,0.998715877532959,4,V2-004-D2-TCNMEAN-F00-S20260928,f219483150b0da6c9efc8908cf7aafee80feffd12bcfdd491381d5991ec6101f
a9b8d50bdd1d08e256cdc40a26937227f57637ed8b4a9ceb95dd710a599ba88c,MITDB_P209,209,850000000,0,20260928,MODEL_V2_TCN_MEAN,1,-5.751368045806885,0.0031683591660112143,4,V2-004-D2-TCNMEAN-F00-S20260928,f219483150b0da6c9efc8908cf7aafee80feffd12bcfdd491381d5991ec6101f
a9d8408d7f86a418ac878588a9989d8b77c58a348cd639585815f9edf398f441,MITDB_P209,209,855000000,0,20260928,MODEL_V2_TCN_MEAN,0,-0.663520336151123,0.33994925022125244,4,V2-004-D2-TCNMEAN-F00-S20260928,f219483150b0da6c9efc8908cf7aafee80feffd12bcfdd491381d5991ec6101f
aa111083d392e20ed72244a2786ba04da0ebd3bdadda9eea1d25e28c2c30cac0,MITDB_P212,212,1230000000,0,20260928,MODEL_V2_TCN_MEAN,0,-4.878359794616699,0.007552018389105797,4,V2-004-D2-TCNMEAN-F00-S20260928,f219483150b0da6c9efc8908cf7aafee80feffd12bcfdd491381d5991ec6101f
aa34e23f9ba6a187c2ef539f40c6de96ca4372fca7b5c7a443a94933a9596eb7,MITDB_P209,209,1090000000,0,20260928,MODEL_V2_TCN_MEAN,0,-3.934494972229004,0.01918048784136772,4,V2-004-D2-TCNMEAN-F00-S20260928,f219483150b0da6c9efc8908cf7aafee80feffd12bcfdd491381d5991ec6101f
aa53fbc7f485a735a9870946cc790c82611aa31c744fa9fb29256ecc9788ad6c,MITDB_P212,212,365000000,0,20260928,MODEL_V2_TCN_MEAN,0,-2.6534831523895264,0.06577464938163757,4,V2-004-D2-TCNMEAN-F00-S20260928,f219483150b0da6c9efc8908cf7aafee80feffd12bcfdd491381d5991ec6101f
aa59f1c8c1b9165579988b03393823311919f28479f097ccb39de3e6087d9e72,MITDB_P212,212,125000000,0,20260928,MODEL_V2_TCN_MEAN,0,-6.0981855392456055,0.0022419036831706762,4,V2-004-D2-TCNMEAN-F00-S20260928,f219483150b0da6c9efc8908cf7aafee80feffd12bcfdd491381d5991ec6101f
aa5e879e24a19ad1f606ee7199854f31086102194586fdd24dabccb7bdd2dc8f,MITDB_P212,212,555000000,0,20260928,MODEL_V2_TCN_MEAN,0,-4.334136486053467,0.01294346246868372,4,V2-004-D2-TCNMEAN-F00-S20260928,f219483150b0da6c9efc8908cf7aafee80feffd12bcfdd491381d5991ec6101f
aa75e0e1ab6088bcbac08dfd80203786ab7036d0b981b748b4a7ff1cea9a9f6b,MITDB_P222,222,1055000000,0,20260928,MODEL_V2_TCN_MEAN,0,0.3281911313533783,0.5813192129135132,4,V2-004-D2-TCNMEAN-F00-S20260928,f219483150b0da6c9efc8908cf7aafee80feffd12bcfdd491381d5991ec6101f
aa889013f847d2266b944a1cf5a0f9a5eb5487218694b47e2bed6d5ca2daf8d6,MITDB_P222,222,100000000,0,20260928,MODEL_V2_TCN_MEAN,0,-7.258601188659668,0.0007035968592390418,4,V2-004-D2-TCNMEAN-F00-S20260928,f219483150b0da6c9efc8908cf7aafee80feffd12bcfdd491381d5991ec6101f
aa8db3e11b04c13b50bdfc104165f79773ebf4eec122baf90965626f1e093657,MITDB_P212,212,275000000,0,20260928,MODEL_V2_TCN_MEAN,0,-1.9876419305801392,0.12050655484199524,4,V2-004-D2-TCNMEAN-F00-S20260928,f219483150b0da6c9efc8908cf7aafee80feffd12bcfdd491381d5991ec6101f
aa9b6d6141bed0c6d460ffe712816021c23405f8fca8d68056454459737b248c,MITDB_P222,222,1370000000,0,20260928,MODEL_V2_TCN_MEAN,1,-0.007884055376052856,0.4980289936065674,4,V2-004-D2-TCNMEAN-F00-S20260928,f219483150b0da6c9efc8908cf7aafee80feffd12bcfdd491381d5991ec6101f
aaacb084b3eb5e18208465787443b682cbd5b472e2dc3d0a5f5a101cabf86648,MITDB_P105,105,1800000000,0,20260928,MODEL_V2_TCN_MEAN,0,-5.206772804260254,0.005449468269944191,4,V2-004-D2-TCNMEAN-F00-S20260928,f219483150b0da6c9efc8908cf7aafee80feffd12bcfdd491381d5991ec6101f
aac2a1e4a6f4019447385909313d2ff4ff71702540527c3539d266028de1e4fd,MITDB_P209,209,795000000,0,20260928,MODEL_V2_TCN_MEAN,1,-2.4112348556518555,0.08231998234987259,4,V2-004-D2-TCNMEAN-F00-S20260928,f219483150b0da6c9efc8908cf7aafee80feffd12bcfdd491381d5991ec6101f
aac9389defdb4d501603109d55f37271fceba46e1acc514849826d20ab3f11d4,MITDB_P212,212,890000000,0,20260928,MODEL_V2_TCN_MEAN,0,-2.5947320461273193,0.06947822868824005,4,V2-004-D2-TCNMEAN-F00-S20260928,f219483150b0da6c9efc8908cf7aafee80feffd12bcfdd491381d5991ec6101f
ab11a125a15eb5953b017ef90b345ba96c890db73706e98baed443f7011a4970,MITDB_P212,212,760000000,0,20260928,MODEL_V2_TCN_MEAN,0,-0.9228119850158691,0.2843852639198303,4,V2-004-D2-TCNMEAN-F00-S20260928,f219483150b0da6c9efc8908cf7aafee80feffd12bcfdd491381d5991ec6101f
ab31fe4fa87e4adf41dab389618863d6d049748931d6b38a2d8076c7fa0416a0,MITDB_P209,209,1745000000,0,20260928,MODEL_V2_TCN_MEAN,1,-6.645709037780762,0.0012978998711332679,4,V2-004-D2-TCNMEAN-F00-S20260928,f219483150b0da6c9efc8908cf7aafee80feffd12bcfdd491381d5991ec6101f
ab3e7c074d9d40195692a89e19aaae7df9434f62ea7630069173780737893af0,MITDB_P105,105,1455000000,0,20260928,MODEL_V2_TCN_MEAN,0,-3.093193292617798,0.04338889941573143,4,V2-004-D2-TCNMEAN-F00-S20260928,f219483150b0da6c9efc8908cf7aafee80feffd12bcfdd491381d5991ec6101f
ab9cc4680f38ce0c4fa0d7fbbad59d610f443c185bde8b021b4f8b9c17f49455,MITDB_P209,209,1200000000,0,20260928,MODEL_V2_TCN_MEAN,1,-4.583449363708496,0.010116200894117355,4,V2-004-D2-TCNMEAN-F00-S20260928,f219483150b0da6c9efc8908cf7aafee80feffd12bcfdd491381d5991ec6101f
aba47130b7bc1311749b83a60ef7aeb298d8686122fff0f87cbd162244c99fb6,MITDB_P124,124,1135000000,0,20260928,MODEL_V2_TCN_MEAN,0,-2.152207136154175,0.10412514954805374,4,V2-004-D2-TCNMEAN-F00-S20260928,f219483150b0da6c9efc8908cf7aafee80feffd12bcfdd491381d5991ec6101f
aba7dd021bf21a6da616eb7277cf0e5d21120fe1d570302939e48f51b130e1b3,MITDB_P209,209,1735000000,0,20260928,MODEL_V2_TCN_MEAN,1,-3.8209338188171387,0.021437691524624825,4,V2-004-D2-TCNMEAN-F00-S20260928,f219483150b0da6c9efc8908cf7aafee80feffd12bcfdd491381d5991ec6101f
abbf8bd42d44fa74416a803e48de9790678213efa77effa811187d508d35d63f,MITDB_P212,212,1620000000,0,20260928,MODEL_V2_TCN_MEAN,0,-8.028146743774414,0.0003260457597207278,4,V2-004-D2-TCNMEAN-F00-S20260928,f219483150b0da6c9efc8908cf7aafee80feffd12bcfdd491381d5991ec6101f
abeb4ab7383a0855a77f7634ae8c2c465cb7cefa9a10c14a2c53344b512e38a6,MITDB_P222,222,1720000000,0,20260928,MODEL_V2_TCN_MEAN,0,0.8316844701766968,0.696711003780365,4,V2-004-D2-TCNMEAN-F00-S20260928,f219483150b0da6c9efc8908cf7aafee80feffd12bcfdd491381d5991ec6101f
abec6cb3cc5310106500c6fbc388967070d14d2e47dca8148165c18baecd3be1,MITDB_P209,209,530000000,0,20260928,MODEL_V2_TCN_MEAN,1,-4.768825054168701,0.008418871089816093,4,V2-004-D2-TCNMEAN-F00-S20260928,f219483150b0da6c9efc8908cf7aafee80feffd12bcfdd491381d5991ec6101f
abfe0966978ee566cb0e2945f31fbdceb1f2402d1025ed3dacd53a9498c22293,MITDB_P124,124,1610000000,0,20260928,MODEL_V2_TCN_MEAN,0,-7.347323417663574,0.0006438997224904597,4,V2-004-D2-TCNMEAN-F00-S20260928,f219483150b0da6c9efc8908cf7aafee80feffd12bcfdd491381d5991ec6101f
ac0dd038670a87178f6563f8a8d21dd59962a289c8e232bd933403854f0d7e04,MITDB_P222,222,1160000000,0,20260928,MODEL_V2_TCN_MEAN,1,3.905574321746826,0.9802677631378174,4,V2-004-D2-TCNMEAN-F00-S20260928,f219483150b0da6c9efc8908cf7aafee80feffd12bcfdd491381d5991ec6101f
ac28344c3c18da5413c38e7445e7bd0710de0612fa2035be86c8176265f95b76,MITDB_P124,124,715000000,0,20260928,MODEL_V2_TCN_MEAN,0,-7.141840934753418,0.0007906684186309576,4,V2-004-D2-TCNMEAN-F00-S20260928,f219483150b0da6c9efc8908cf7aafee80feffd12bcfdd491381d5991ec6101f
ac29cd2cce9de2d6e94ecc8ad6d6c1e019a4ab29d13cb920c6cdb6f10bb69b2a,MITDB_P203,203,1010000000,0,20260928,MODEL_V2_TCN_MEAN,1,7.807368755340576,0.9995934367179871,4,V2-004-D2-TCNMEAN-F00-S20260928,f219483150b0da6c9efc8908cf7aafee80feffd12bcfdd491381d5991ec6101f
ac8edca8b063b11b5c12252681be4deeee87684c8673a1d697c5210f33c53ef5,MITDB_P105,105,1365000000,0,20260928,MODEL_V2_TCN_MEAN,1,3.140580415725708,0.95853590965271,4,V2-004-D2-TCNMEAN-F00-S20260928,f219483150b0da6c9efc8908cf7aafee80feffd12bcfdd491381d5991ec6101f
acae2fc62ee64d202873ba1af5796110ec080762bd14dba71c717f49ff74658d,MITDB_P222,222,900000000,0,20260928,MODEL_V2_TCN_MEAN,1,2.2424755096435547,0.9039994478225708,4,V2-004-D2-TCNMEAN-F00-S20260928,f219483150b0da6c9efc8908cf7aafee80feffd12bcfdd491381d5991ec6101f
acae41a0dd821ec85707598c6169777ca9115d7fd5dc46f2009a01ed74b4a967,MITDB_P203,203,1025000000,0,20260928,MODEL_V2_TCN_MEAN,1,7.617419719696045,0.9995083808898926,4,V2-004-D2-TCNMEAN-F00-S20260928,f219483150b0da6c9efc8908cf7aafee80feffd12bcfdd491381d5991ec6101f
ace39b8378985dc90d92f817317ae6f7d308ca2e98dd659b13a7e3ed8a2c9083,MITDB_P105,105,315000000,0,20260928,MODEL_V2_TCN_MEAN,0,-5.464840888977051,0.0042151715606451035,4,V2-004-D2-TCNMEAN-F00-S20260928,f219483150b0da6c9efc8908cf7aafee80feffd12bcfdd491381d5991ec6101f
acf5baf5e98d0fb5ef1c9534c1cb64c347a8caf39055add53e355c21f057b15e,MITDB_P203,203,1680000000,0,20260928,MODEL_V2_TCN_MEAN,1,9.597023963928223,0.999932050704956,4,V2-004-D2-TCNMEAN-F00-S20260928,f219483150b0da6c9efc8908cf7aafee80feffd12bcfdd491381d5991ec6101f
acfbb47baa721bf105d80a53688b040c09f0fa6723b5cadaa5c5de387a19e2fe,MITDB_P124,124,1060000000,0,20260928,MODEL_V2_TCN_MEAN,1,2.1617181301116943,0.8967587947845459,4,V2-004-D2-TCNMEAN-F00-S20260928,f219483150b0da6c9efc8908cf7aafee80feffd12bcfdd491381d5991ec6101f
ad0c3472f3da2537e78b202e150ce53096fadf0afb4a7b2a1b3724294821c7f4,MITDB_P209,209,1695000000,0,20260928,MODEL_V2_TCN_MEAN,1,-3.3601174354553223,0.03356541320681572,4,V2-004-D2-TCNMEAN-F00-S20260928,f219483150b0da6c9efc8908cf7aafee80feffd12bcfdd491381d5991ec6101f
ad17b08aefdd8717e8a3fe5b761b5d54621e818fa81f4bb7c3c7dd7dfb583295,MITDB_P212,212,705000000,0,20260928,MODEL_V2_TCN_MEAN,0,-4.492823600769043,0.011065197177231312,4,V2-004-D2-TCNMEAN-F00-S20260928,f219483150b0da6c9efc8908cf7aafee80feffd12bcfdd491381d5991ec6101f
ad2d5fa7fc291e87a90044a4663e06cd88fc5fc2def92c6f25f0beebb8a28d29,MITDB_P222,222,710000000,0,20260928,MODEL_V2_TCN_MEAN,0,1.9298739433288574,0.8732354640960693,4,V2-004-D2-TCNMEAN-F00-S20260928,f219483150b0da6c9efc8908cf7aafee80feffd12bcfdd491381d5991ec6101f
ad3646c1fb1249224306f6e2b0262ab2d93b4b30aa18f3bc7b5688c3a4e270be,MITDB_P209,209,600000000,0,20260928,MODEL_V2_TCN_MEAN,1,-2.7772016525268555,0.05856866389513016,4,V2-004-D2-TCNMEAN-F00-S20260928,f219483150b0da6c9efc8908cf7aafee80feffd12bcfdd491381d5991ec6101f
ad3dca1e7e74c18ac70548dd0cdbc19146904c441790fd944da15449188777aa,MITDB_P212,212,1280000000,0,20260928,MODEL_V2_TCN_MEAN,0,-3.316488742828369,0.03500983864068985,4,V2-004-D2-TCNMEAN-F00-S20260928,f219483150b0da6c9efc8908cf7aafee80feffd12bcfdd491381d5991ec6101f
ad4621c060fa8144c6b1d8de83292db7044fa5ab3f694f0207a08a68e759ba71,MITDB_P222,222,1200000000,0,20260928,MODEL_V2_TCN_MEAN,1,4.124699592590332,0.9840888977050781,4,V2-004-D2-TCNMEAN-F00-S20260928,f219483150b0da6c9efc8908cf7aafee80feffd12bcfdd491381d5991ec6101f
ad6beaec82d52ed70fce5bb04c939adca38f3cc8b23f3666ccdf9ec2b2ec72e3,MITDB_P209,209,1640000000,0,20260928,MODEL_V2_TCN_MEAN,0,-4.475495338439941,0.01125643216073513,4,V2-004-D2-TCNMEAN-F00-S20260928,f219483150b0da6c9efc8908cf7aafee80feffd12bcfdd491381d5991ec6101f
ad72b09012b3e5bcc5eb420c6a90f9ca42a65cfbf645a81cabbc9383e88cc2ea,MITDB_P203,203,535000000,0,20260928,MODEL_V2_TCN_MEAN,1,9.2940673828125,0.9999080896377563,4,V2-004-D2-TCNMEAN-F00-S20260928,f219483150b0da6c9efc8908cf7aafee80feffd12bcfdd491381d5991ec6101f
ad80593ef5558b714f19d559d83414fb5a4b5deab74ff68742b437c842dc2aa0,MITDB_P203,203,780000000,0,20260928,MODEL_V2_TCN_MEAN,1,3.6151020526885986,0.973791241645813,4,V2-004-D2-TCNMEAN-F00-S20260928,f219483150b0da6c9efc8908cf7aafee80feffd12bcfdd491381d5991ec6101f
ade74a9724feb95cc2e731941729181b9473ab1b0f1c42e6a5613f72993a6d27,MITDB_P124,124,665000000,0,20260928,MODEL_V2_TCN_MEAN,0,-6.01705265045166,0.002430917462334037,4,V2-004-D2-TCNMEAN-F00-S20260928,f219483150b0da6c9efc8908cf7aafee80feffd12bcfdd491381d5991ec6101f
adf8c66a5c137f9e350d2909df3ee1dc9396d6a370cbd11ecb6478f7fa5e85b7,MITDB_P124,124,445000000,0,20260928,MODEL_V2_TCN_MEAN,0,-5.1653618812561035,0.005678565241396427,4,V2-004-D2-TCNMEAN-F00-S20260928,f219483150b0da6c9efc8908cf7aafee80feffd12bcfdd491381d5991ec6101f
ae5917185a765c6a798e3762c17c6a9d7890023814e3efdb23c2f9433711aad4,MITDB_P209,209,905000000,0,20260928,MODEL_V2_TCN_MEAN,0,-4.498674392700195,0.01100135687738657,4,V2-004-D2-TCNMEAN-F00-S20260928,f219483150b0da6c9efc8908cf7aafee80feffd12bcfdd491381d5991ec6101f
ae8962bff18aa8d79219e97522c9f5a32d411632556b205b301e4cc046702ff8,MITDB_P212,212,675000000,0,20260928,MODEL_V2_TCN_MEAN,0,-3.0531318187713623,0.0450824573636055,4,V2-004-D2-TCNMEAN-F00-S20260928,f219483150b0da6c9efc8908cf7aafee80feffd12bcfdd491381d5991ec6101f
ae89e75da2c51a31c4c0930356145ae79f584371ce95b06e07c829c05ace8f5f,MITDB_P124,124,1665000000,0,20260928,MODEL_V2_TCN_MEAN,1,-4.432762622833252,0.011742104776203632,4,V2-004-D2-TCNMEAN-F00-S20260928,f219483150b0da6c9efc8908cf7aafee80feffd12bcfdd491381d5991ec6101f
aeb92c4aff50711e9dee7ee3833b5e8fbee6529194f9cfdf9c076d03678cbf4d,MITDB_P124,124,205000000,0,20260928,MODEL_V2_TCN_MEAN,0,-2.730419397354126,0.06120206043124199,4,V2-004-D2-TCNMEAN-F00-S20260928,f219483150b0da6c9efc8908cf7aafee80feffd12bcfdd491381d5991ec6101f
aed1f379b8a899201dea88ca56cc65dc1df8fcd3d9680461a917398dfc0bccc8,MITDB_P212,212,1010000000,0,20260928,MODEL_V2_TCN_MEAN,0,-7.199693202972412,0.0007462576031684875,4,V2-004-D2-TCNMEAN-F00-S20260928,f219483150b0da6c9efc8908cf7aafee80feffd12bcfdd491381d5991ec6101f
aed29848bac51c5f47194c10efffa14da5dab285d976777ea2b2614d78864621,MITDB_P124,124,1460000000,0,20260928,MODEL_V2_TCN_MEAN,0,-7.677912712097168,0.0004627259913831949,4,V2-004-D2-TCNMEAN-F00-S20260928,f219483150b0da6c9efc8908cf7aafee80feffd12bcfdd491381d5991ec6101f
aee02efd061809076cfa7f3d675e2b7dddd5c31e175d00ae1c620da49ca3f099,MITDB_P105,105,435000000,0,20260928,MODEL_V2_TCN_MEAN,0,-5.764228343963623,0.00312800076790154,4,V2-004-D2-TCNMEAN-F00-S20260928,f219483150b0da6c9efc8908cf7aafee80feffd12bcfdd491381d5991ec6101f
aee492d026aeae7ad16d65ab6b1aed76ac57b188f5e3c927b615e2fe2e999eb1,MITDB_P222,222,635000000,0,20260928,MODEL_V2_TCN_MEAN,1,-0.32236263155937195,0.42010003328323364,4,V2-004-D2-TCNMEAN-F00-S20260928,f219483150b0da6c9efc8908cf7aafee80feffd12bcfdd491381d5991ec6101f
aeee78f07506a034b182140992465bfda8bdc952d1051b26a634565a2dd73de5,MITDB_P222,222,1245000000,0,20260928,MODEL_V2_TCN_MEAN,1,4.540026664733887,0.9894395470619202,4,V2-004-D2-TCNMEAN-F00-S20260928,f219483150b0da6c9efc8908cf7aafee80feffd12bcfdd491381d5991ec6101f
aefcd762bed777845a409ead9c97162df97b7856b565aedf34eb21c537f1b77a,MITDB_P105,105,1635000000,0,20260928,MODEL_V2_TCN_MEAN,0,-2.1764578819274902,0.10188458859920502,4,V2-004-D2-TCNMEAN-F00-S20260928,f219483150b0da6c9efc8908cf7aafee80feffd12bcfdd491381d5991ec6101f
af3ba5e0121cb64badf749b63e6c5dc8a565fb869290b9a86ee4db77f8b7fb03,MITDB_P203,203,1755000000,0,20260928,MODEL_V2_TCN_MEAN,0,1.9831557273864746,0.8790171146392822,4,V2-004-D2-TCNMEAN-F00-S20260928,f219483150b0da6c9efc8908cf7aafee80feffd12bcfdd491381d5991ec6101f
af4e9bdf640a036e5b9463dfe0ddb2fdf501341346d5686fc56354c18dda7528,MITDB_P124,124,1010000000,0,20260928,MODEL_V2_TCN_MEAN,0,-4.709023475646973,0.008933056145906448,4,V2-004-D2-TCNMEAN-F00-S20260928,f219483150b0da6c9efc8908cf7aafee80feffd12bcfdd491381d5991ec6101f
af909b362e8dd2e780ba07f45e5f1eaeb41cee72a1579ac414c13fad00071edf,MITDB_P124,124,615000000,0,20260928,MODEL_V2_TCN_MEAN,1,0.11009940505027771,0.5274971127510071,4,V2-004-D2-TCNMEAN-F00-S20260928,f219483150b0da6c9efc8908cf7aafee80feffd12bcfdd491381d5991ec6101f
af98a0eb93d7257ba9e1fb8b3fd845308dd7c89f0376ac2c19fdfa7ed01311cf,MITDB_P203,203,305000000,0,20260928,MODEL_V2_TCN_MEAN,1,6.694192886352539,0.9987634420394897,4,V2-004-D2-TCNMEAN-F00-S20260928,f219483150b0da6c9efc8908cf7aafee80feffd12bcfdd491381d5991ec6101f
af9c549ca46c7b2d50e7194cc89811a3365b2af0b8d4eb0243a5499e39249451,MITDB_P203,203,20000000,0,20260928,MODEL_V2_TCN_MEAN,1,-0.5954115390777588,0.3553941547870636,4,V2-004-D2-TCNMEAN-F00-S20260928,f219483150b0da6c9efc8908cf7aafee80feffd12bcfdd491381d5991ec6101f
afa74fb8e7737f00e7fc1f9a5f6c771cf29c5896f80aef63a7b6b4259cce016c,MITDB_P212,212,780000000,0,20260928,MODEL_V2_TCN_MEAN,0,-6.933282852172852,0.0009738461812958121,4,V2-004-D2-TCNMEAN-F00-S20260928,f219483150b0da6c9efc8908cf7aafee80feffd12bcfdd491381d5991ec6101f
b044df708be40eb4100cb186379f0abc857a6cb7ec70993226ad8d0c0365799e,MITDB_P212,212,1585000000,0,20260928,MODEL_V2_TCN_MEAN,0,-5.027499198913574,0.0065124924294650555,4,V2-004-D2-TCNMEAN-F00-S20260928,f219483150b0da6c9efc8908cf7aafee80feffd12bcfdd491381d5991ec6101f
b050668dbee25e9ddffdc61f0157e267d8d187af99fba4dc9b0101e137769cd0,MITDB_P209,209,190000000,0,20260928,MODEL_V2_TCN_MEAN,0,-5.453317165374756,0.004263818729668856,4,V2-004-D2-TCNMEAN-F00-S20260928,f219483150b0da6c9efc8908cf7aafee80feffd12bcfdd491381d5991ec6101f
b07b044c73a5d6e88c055b020f1220cfb082ac5c0f145c76d3f55ff6ffa8d23b,MITDB_P212,212,445000000,0,20260928,MODEL_V2_TCN_MEAN,0,-1.6529622077941895,0.16070899367332458,4,V2-004-D2-TCNMEAN-F00-S20260928,f219483150b0da6c9efc8908cf7aafee80feffd12bcfdd491381d5991ec6101f
b08d6158b27f454dc37aa82e9b19af8a39dee2f26ed9bb36f2696142eef0cf93,MITDB_P222,222,1090000000,0,20260928,MODEL_V2_TCN_MEAN,1,6.618736743927002,0.9986666440963745,4,V2-004-D2-TCNMEAN-F00-S20260928,f219483150b0da6c9efc8908cf7aafee80feffd12bcfdd491381d5991ec6101f
b095fda679582392d067e22cad2bc950f66dbbea5aacfec148af391661b475af,MITDB_P124,124,590000000,0,20260928,MODEL_V2_TCN_MEAN,0,-6.565959930419922,0.0014054940547794104,4,V2-004-D2-TCNMEAN-F00-S20260928,f219483150b0da6c9efc8908cf7aafee80feffd12bcfdd491381d5991ec6101f
b099d9d9a415815779f6414529d6a7907a49d462b32fb54a54ec5cc520684e69,MITDB_P124,124,495000000,0,20260928,MODEL_V2_TCN_MEAN,0,-5.747300624847412,0.003181231440976262,4,V2-004-D2-TCNMEAN-F00-S20260928,f219483150b0da6c9efc8908cf7aafee80feffd12bcfdd491381d5991ec6101f
b0a6b016aabed3524ed0a52a574ef07f360f0960dddf8ab50b7a443aa5628bd4,MITDB_P209,209,520000000,0,20260928,MODEL_V2_TCN_MEAN,1,-5.4667792320251465,0.004207043442875147,4,V2-004-D2-TCNMEAN-F00-S20260928,f219483150b0da6c9efc8908cf7aafee80feffd12bcfdd491381d5991ec6101f
b0d2e2bd633f0d86e53b92f2b57553fb5ad35544b6c1fd8714d992938611f9e2,MITDB_P203,203,110000000,0,20260928,MODEL_V2_TCN_MEAN,1,12.220084190368652,0.9999951124191284,4,V2-004-D2-TCNMEAN-F00-S20260928,f219483150b0da6c9efc8908cf7aafee80feffd12bcfdd491381d5991ec6101f
b0dabd51f7c51c3b9f5565b91d2c9899da6f3f86ea205f2d9368b5617bd7cbbd,MITDB_P212,212,1085000000,0,20260928,MODEL_V2_TCN_MEAN,0,-2.7345731258392334,0.06096383556723595,4,V2-004-D2-TCNMEAN-F00-S20260928,f219483150b0da6c9efc8908cf7aafee80feffd12bcfdd491381d5991ec6101f
b1029025e6c041c5048652dc579bb7cfd7e134d0a51de4fe3fec76c91fb1ca8c,MITDB_P222,222,325000000,0,20260928,MODEL_V2_TCN_MEAN,0,-3.310210704803467,0.03522256016731262,4,V2-004-D2-TCNMEAN-F00-S20260928,f219483150b0da6c9efc8908cf7aafee80feffd12bcfdd491381d5991ec6101f
b151bcd4822f5ee555a5191f0e501dbb33ba171c3dd1cee315793f8666d43f67,MITDB_P105,105,560000000,0,20260928,MODEL_V2_TCN_MEAN,1,-0.6023452281951904,0.35380735993385315,4,V2-004-D2-TCNMEAN-F00-S20260928,f219483150b0da6c9efc8908cf7aafee80feffd12bcfdd491381d5991ec6101f
b18db5fd48715f8a7141c73483c03b941c1699426775339c16aa521f5cf8061e,MITDB_P105,105,90000000,0,20260928,MODEL_V2_TCN_MEAN,0,-4.979066371917725,0.0068334657698869705,4,V2-004-D2-TCNMEAN-F00-S20260928,f219483150b0da6c9efc8908cf7aafee80feffd12bcfdd491381d5991ec6101f
b18dc03ff9b8db3fabc0fbf15cbf792923e5262b2d283fbc31c54e2b55e97b31,MITDB_P209,209,225000000,0,20260928,MODEL_V2_TCN_MEAN,0,-1.7145047187805176,0.1525803506374359,4,V2-004-D2-TCNMEAN-F00-S20260928,f219483150b0da6c9efc8908cf7aafee80feffd12bcfdd491381d5991ec6101f
b212162498b7c3f22223ef3e67ed3c56b92ff8ed05020d4d56d61db22eccbde8,MITDB_P209,209,1380000000,0,20260928,MODEL_V2_TCN_MEAN,0,-5.727041244506836,0.0032461269292980433,4,V2-004-D2-TCNMEAN-F00-S20260928,f219483150b0da6c9efc8908cf7aafee80feffd12bcfdd491381d5991ec6101f
b229c78e68eda73041954272d9e6cc759964d7d1ebb0b723c511911dd80d84c3,MITDB_P222,222,1795000000,0,20260928,MODEL_V2_TCN_MEAN,0,-0.28219327330589294,0.4299161434173584,4,V2-004-D2-TCNMEAN-F00-S20260928,f219483150b0da6c9efc8908cf7aafee80feffd12bcfdd491381d5991ec6101f
b23b0b681e265a66f7f11eb8ca40bb0d8c6546a9957c231ef4aaccfc2fa2f0ec,MITDB_P209,209,1015000000,0,20260928,MODEL_V2_TCN_MEAN,0,-5.459606647491455,0.004237199202179909,4,V2-004-D2-TCNMEAN-F00-S20260928,f219483150b0da6c9efc8908cf7aafee80feffd12bcfdd491381d5991ec6101f
b247fccda5995bb47617a9e37bbad4681c7ea7ddc07b123e883ac50aafac38a0,MITDB_P212,212,670000000,0,20260928,MODEL_V2_TCN_MEAN,0,-3.385315179824829,0.03275756537914276,4,V2-004-D2-TCNMEAN-F00-S20260928,f219483150b0da6c9efc8908cf7aafee80feffd12bcfdd491381d5991ec6101f
b24da68739615ec4886526dc4423c2ad7dac418f0cad48c3f40b114d2678e191,MITDB_P222,222,1470000000,0,20260928,MODEL_V2_TCN_MEAN,1,4.585407733917236,0.989903450012207,4,V2-004-D2-TCNMEAN-F00-S20260928,f219483150b0da6c9efc8908cf7aafee80feffd12bcfdd491381d5991ec6101f
b253c79b11064cefbd244a18c64af675a139feffca8f16d46b99e3aa68131263,MITDB_P124,124,1560000000,0,20260928,MODEL_V2_TCN_MEAN,0,-7.418459415435791,0.0005997130065225065,4,V2-004-D2-TCNMEAN-F00-S20260928,f219483150b0da6c9efc8908cf7aafee80feffd12bcfdd491381d5991ec6101f
b274d2d3244b67c51ec75a66176571617832b010c5e10ff5a7a646abb9af2807,MITDB_P124,124,680000000,0,20260928,MODEL_V2_TCN_MEAN,0,-3.4103024005889893,0.03197503834962845,4,V2-004-D2-TCNMEAN-F00-S20260928,f219483150b0da6c9efc8908cf7aafee80feffd12bcfdd491381d5991ec6101f
b28098652ff8d28600f40ee9ef3e3162aad6f3095ac86689e169a12cc76148dc,MITDB_P124,124,1575000000,0,20260928,MODEL_V2_TCN_MEAN,1,1.2048051357269287,0.7693784832954407,4,V2-004-D2-TCNMEAN-F00-S20260928,f219483150b0da6c9efc8908cf7aafee80feffd12bcfdd491381d5991ec6101f
b29ddd133316cfa4a5d1cdf875edfd24d4271c6cf21e6cf2079b0e5332348e4a,MITDB_P209,209,1340000000,0,20260928,MODEL_V2_TCN_MEAN,1,-5.949345588684082,0.0026007648557424545,4,V2-004-D2-TCNMEAN-F00-S20260928,f219483150b0da6c9efc8908cf7aafee80feffd12bcfdd491381d5991ec6101f
b2fabf6789c6266f905540a97626728742f160b3929f81de82516bb1dff74338,MITDB_P212,212,1650000000,0,20260928,MODEL_V2_TCN_MEAN,0,-7.008265018463135,0.0009035591501742601,4,V2-004-D2-TCNMEAN-F00-S20260928,f219483150b0da6c9efc8908cf7aafee80feffd12bcfdd491381d5991ec6101f
b377f7eb254bcd36ff53f1e9e499f3540188b1749b9b02e6e173f6974ba96d16,MITDB_P209,209,1000000000,0,20260928,MODEL_V2_TCN_MEAN,1,-6.631575584411621,0.0013163496041670442,4,V2-004-D2-TCNMEAN-F00-S20260928,f219483150b0da6c9efc8908cf7aafee80feffd12bcfdd491381d5991ec6101f
b3993d41e9efd835e55150b7a0f0ef09bda6aaca84cf68c34d2a7831d3486dff,MITDB_P124,124,1730000000,0,20260928,MODEL_V2_TCN_MEAN,0,-7.40633487701416,0.0006070240633562207,4,V2-004-D2-TCNMEAN-F00-S20260928,f219483150b0da6c9efc8908cf7aafee80feffd12bcfdd491381d5991ec6101f
b3a606bcf40dc241b8cd1b5dd974f336a27b3e1af8c30d0bfad642ad3f4f900b,MITDB_P212,212,1165000000,0,20260928,MODEL_V2_TCN_MEAN,0,-7.645429611206055,0.0004779962473548949,4,V2-004-D2-TCNMEAN-F00-S20260928,f219483150b0da6c9efc8908cf7aafee80feffd12bcfdd491381d5991ec6101f
b3e2af6b02cbc3154adfb45992959fc7be4b82b2dadc267194dbf7edbe96a80b,MITDB_P212,212,985000000,0,20260928,MODEL_V2_TCN_MEAN,0,-7.441240310668945,0.0005862133693881333,4,V2-004-D2-TCNMEAN-F00-S20260928,f219483150b0da6c9efc8908cf7aafee80feffd12bcfdd491381d5991ec6101f
b401889f678ef1dd0911e92219bf8761c6ae724e1882df7bc9c5e24f613131a0,MITDB_P203,203,435000000,0,20260928,MODEL_V2_TCN_MEAN,1,3.8562119007110596,0.9792900085449219,4,V2-004-D2-TCNMEAN-F00-S20260928,f219483150b0da6c9efc8908cf7aafee80feffd12bcfdd491381d5991ec6101f
b424cf619fb00adda6e565a5f5e4eb1c2984e08eeb8b2ac8cfb239e682ccd240,MITDB_P212,212,1720000000,0,20260928,MODEL_V2_TCN_MEAN,0,-7.209168910980225,0.0007392248953692615,4,V2-004-D2-TCNMEAN-F00-S20260928,f219483150b0da6c9efc8908cf7aafee80feffd12bcfdd491381d5991ec6101f
b4256daf431421d55c89eb019a53c66ad75acfda9ebad89950efcf8f4eb2cbf3,MITDB_P222,222,175000000,0,20260928,MODEL_V2_TCN_MEAN,0,-7.466541290283203,0.0005715760635212064,4,V2-004-D2-TCNMEAN-F00-S20260928,f219483150b0da6c9efc8908cf7aafee80feffd12bcfdd491381d5991ec6101f
b4576d94418dbe866fac8e6eac8c623d40b2d2fd873e5e2cd5116358176a9675,MITDB_P209,209,785000000,0,20260928,MODEL_V2_TCN_MEAN,1,4.914204120635986,0.9927120208740234,4,V2-004-D2-TCNMEAN-F00-S20260928,f219483150b0da6c9efc8908cf7aafee80feffd12bcfdd491381d5991ec6101f
b45fc69caed7ea61363ed11111d3f0f16eeb7a10e45bdedb1e8ec72111c050df,MITDB_P203,203,25000000,0,20260928,MODEL_V2_TCN_MEAN,0,-2.142612934112549,0.10502354055643082,4,V2-004-D2-TCNMEAN-F00-S20260928,f219483150b0da6c9efc8908cf7aafee80feffd12bcfdd491381d5991ec6101f
b483430cd70b6c3f42d8a4324a30a572a3a63c94efa6e06e0923e745cf987d64,MITDB_P105,105,1030000000,0,20260928,MODEL_V2_TCN_MEAN,0,-1.26703679561615,0.21976491808891296,4,V2-004-D2-TCNMEAN-F00-S20260928,f219483150b0da6c9efc8908cf7aafee80feffd12bcfdd491381d5991ec6101f
b484aeb9b01c6bfb9fe168d1edd7322da22d1b9d9ba88a8527981b15d3659c52,MITDB_P124,124,965000000,0,20260928,MODEL_V2_TCN_MEAN,0,-4.153319358825684,0.015469121746718884,4,V2-004-D2-TCNMEAN-F00-S20260928,f219483150b0da6c9efc8908cf7aafee80feffd12bcfdd491381d5991ec6101f
b497952ae2773a681dc2000dae2e4fbccaebea4e1508e4d5b59813d0d4496f68,MITDB_P209,209,480000000,0,20260928,MODEL_V2_TCN_MEAN,0,-5.103652000427246,0.0060378448106348515,4,V2-004-D2-TCNMEAN-F00-S20260928,f219483150b0da6c9efc8908cf7aafee80feffd12bcfdd491381d5991ec6101f
b49be76fbdc641685472e504da39b984923e99fd832d9b9aee0403c319a6fb61,MITDB_P212,212,375000000,0,20260928,MODEL_V2_TCN_MEAN,0,-2.39973783493042,0.08319269120693207,4,V2-004-D2-TCNMEAN-F00-S20260928,f219483150b0da6c9efc8908cf7aafee80feffd12bcfdd491381d5991ec6101f
b49e93b1c27fa65102f5355edfdb75ac70129c4a065d2d28f04b236487bcca1b,MITDB_P124,124,1145000000,0,20260928,MODEL_V2_TCN_MEAN,0,-2.691812753677368,0.06345819681882858,4,V2-004-D2-TCNMEAN-F00-S20260928,f219483150b0da6c9efc8908cf7aafee80feffd12bcfdd491381d5991ec6101f
b4d299fbc5bec9c5d611a8efb6cacbbf5735410e1b845cc52addf2ef87b02d1d,MITDB_P222,222,475000000,0,20260928,MODEL_V2_TCN_MEAN,0,-1.2823262214660645,0.21715451776981354,4,V2-004-D2-TCNMEAN-F00-S20260928,f219483150b0da6c9efc8908cf7aafee80feffd12bcfdd491381d5991ec6101f
b4d69c6df693a242e533e1dc9669f0b275437018bd25f8951e98848f2f0d0702,MITDB_P222,222,355000000,0,20260928,MODEL_V2_TCN_MEAN,0,-7.692933082580566,0.0004558307118713856,4,V2-004-D2-TCNMEAN-F00-S20260928,f219483150b0da6c9efc8908cf7aafee80feffd12bcfdd491381d5991ec6101f
b5109f73d8e19424cab6611dea08b9053f5f12addf394dfa2ba68c8df8b5e621,MITDB_P124,124,1440000000,0,20260928,MODEL_V2_TCN_MEAN,0,-7.267446517944336,0.0006974050193093717,4,V2-004-D2-TCNMEAN-F00-S20260928,f219483150b0da6c9efc8908cf7aafee80feffd12bcfdd491381d5991ec6101f
b5286fad084b6f61416789345e5db68fdf43bb9c7bffc39f808e89a66fcca0f7,MITDB_P212,212,1345000000,0,20260928,MODEL_V2_TCN_MEAN,0,-4.795730113983154,0.008197212591767311,4,V2-004-D2-TCNMEAN-F00-S20260928,f219483150b0da6c9efc8908cf7aafee80feffd12bcfdd491381d5991ec6101f
b53997b9096b1cab1c3a5c705b1d4dfc931aae5e2e00d1b617c5d822208858ca,MITDB_P105,105,830000000,0,20260928,MODEL_V2_TCN_MEAN,1,-0.09941795468330383,0.4751659333705902,4,V2-004-D2-TCNMEAN-F00-S20260928,f219483150b0da6c9efc8908cf7aafee80feffd12bcfdd491381d5991ec6101f
b56227c9b7c3c7a0d682f8eaf4c397af50ba67d9a6a1f2bd2fa8559269caa9c3,MITDB_P105,105,925000000,0,20260928,MODEL_V2_TCN_MEAN,0,-4.915359020233154,0.007279702462255955,4,V2-004-D2-TCNMEAN-F00-S20260928,f219483150b0da6c9efc8908cf7aafee80feffd12bcfdd491381d5991ec6101f
b57064537a0790207de483a55383679d74a2ab8825f71ead6e246ad7b12bbcf6,MITDB_P105,105,660000000,0,20260928,MODEL_V2_TCN_MEAN,0,-5.900753974914551,0.002729907399043441,4,V2-004-D2-TCNMEAN-F00-S20260928,f219483150b0da6c9efc8908cf7aafee80feffd12bcfdd491381d5991ec6101f
b57be15bb94d57c4352bbdfa434c25a4cb59122a1c28c2097cc778a6a9afeef6,MITDB_P105,105,1390000000,0,20260928,MODEL_V2_TCN_MEAN,0,-2.550520181655884,0.07239154726266861,4,V2-004-D2-TCNMEAN-F00-S20260928,f219483150b0da6c9efc8908cf7aafee80feffd12bcfdd491381d5991ec6101f
b5821586747b910fa2a8622ebb06e44f8685e72ecfaf1c690cab56931ae90b83,MITDB_P209,209,535000000,0,20260928,MODEL_V2_TCN_MEAN,0,-5.769853591918945,0.003110508667305112,4,V2-004-D2-TCNMEAN-F00-S20260928,f219483150b0da6c9efc8908cf7aafee80feffd12bcfdd491381d5991ec6101f
b626cbf48e645ae025568df583e3f3ed778b3841b861a771d57de328914a5b84,MITDB_P222,222,885000000,0,20260928,MODEL_V2_TCN_MEAN,1,3.8434081077575684,0.9790287613868713,4,V2-004-D2-TCNMEAN-F00-S20260928,f219483150b0da6c9efc8908cf7aafee80feffd12bcfdd491381d5991ec6101f
b67a241d5121e9b7ff3f0f443c3a6d1d18565c2c7cf030163bc7214c8a0d298c,MITDB_P203,203,1440000000,0,20260928,MODEL_V2_TCN_MEAN,1,5.843235015869141,0.9971089959144592,4,V2-004-D2-TCNMEAN-F00-S20260928,f219483150b0da6c9efc8908cf7aafee80feffd12bcfdd491381d5991ec6101f
b69740ba557d637519867e81d9f0c485d097fbac07511a0baed7831e32fa5e68,MITDB_P212,212,745000000,0,20260928,MODEL_V2_TCN_MEAN,0,-1.561536431312561,0.1734262853860855,4,V2-004-D2-TCNMEAN-F00-S20260928,f219483150b0da6c9efc8908cf7aafee80feffd12bcfdd491381d5991ec6101f
b6ceb5a50530d6f87ac8cb5524084abf63e2d802560e48e396233124f46485a5,MITDB_P212,212,700000000,0,20260928,MODEL_V2_TCN_MEAN,0,-2.173238754272461,0.10217952728271484,4,V2-004-D2-TCNMEAN-F00-S20260928,f219483150b0da6c9efc8908cf7aafee80feffd12bcfdd491381d5991ec6101f
b7060b36a4b925c9abd86f4b9245b2e8254bad392d097350dd65023121abdb00,MITDB_P209,209,1585000000,0,20260928,MODEL_V2_TCN_MEAN,0,-6.364030838012695,0.0017194484826177359,4,V2-004-D2-TCNMEAN-F00-S20260928,f219483150b0da6c9efc8908cf7aafee80feffd12bcfdd491381d5991ec6101f
b713e6c1d6885f5803ba1d5b41947a05b6212fbcbdc4b5518948ef87596319cb,MITDB_P203,203,660000000,0,20260928,MODEL_V2_TCN_MEAN,1,9.904085159301758,0.9999500513076782,4,V2-004-D2-TCNMEAN-F00-S20260928,f219483150b0da6c9efc8908cf7aafee80feffd12bcfdd491381d5991ec6101f
b7140a123191080889d82512d2ea4f372e3590f10866e481fa81542109668402,MITDB_P212,212,1740000000,0,20260928,MODEL_V2_TCN_MEAN,0,-3.6977627277374268,0.02417975291609764,4,V2-004-D2-TCNMEAN-F00-S20260928,f219483150b0da6c9efc8908cf7aafee80feffd12bcfdd491381d5991ec6101f
b72b809f562a3f16dc70999d7f42498e0b6691a3b6e59782e3fb892d6683053b,MITDB_P105,105,175000000,0,20260928,MODEL_V2_TCN_MEAN,0,-5.806523323059082,0.002998849144205451,4,V2-004-D2-TCNMEAN-F00-S20260928,f219483150b0da6c9efc8908cf7aafee80feffd12bcfdd491381d5991ec6101f
b73083f91d879b3d884af11b9049643e398cd640af9886014613048f12ee5db0,MITDB_P203,203,1085000000,0,20260928,MODEL_V2_TCN_MEAN,1,8.889820098876953,0.9998621940612793,4,V2-004-D2-TCNMEAN-F00-S20260928,f219483150b0da6c9efc8908cf7aafee80feffd12bcfdd491381d5991ec6101f
b746150c6845605d5015d5a3ce33ccb2125504b507769bc1b946c3551d1e6750,MITDB_P203,203,165000000,0,20260928,MODEL_V2_TCN_MEAN,1,7.463581085205078,0.9994267225265503,4,V2-004-D2-TCNMEAN-F00-S20260928,f219483150b0da6c9efc8908cf7aafee80feffd12bcfdd491381d5991ec6101f
b74d372e1aaf35a516e8e57615bb9f51e70c261ef6097db817a7656233991cec,MITDB_P209,209,445000000,0,20260928,MODEL_V2_TCN_MEAN,0,-5.607049942016602,0.0036584523040801287,4,V2-004-D2-TCNMEAN-F00-S20260928,f219483150b0da6c9efc8908cf7aafee80feffd12bcfdd491381d5991ec6101f
b751209debeab9194f4ddef516ff11b8885e01e2f5db8d6ac809caaf0bad95c6,MITDB_P212,212,350000000,0,20260928,MODEL_V2_TCN_MEAN,0,-2.2084171772003174,0.09899716824293137,4,V2-004-D2-TCNMEAN-F00-S20260928,f219483150b0da6c9efc8908cf7aafee80feffd12bcfdd491381d5991ec6101f
b763503a7455b361705196368766e43745a5b462c999f2bc8a797a3edbbda6a2,MITDB_P124,124,1455000000,0,20260928,MODEL_V2_TCN_MEAN,0,-7.461867332458496,0.0005742522771470249,4,V2-004-D2-TCNMEAN-F00-S20260928,f219483150b0da6c9efc8908cf7aafee80feffd12bcfdd491381d5991ec6101f
b7734c9e1944972e8943ba1ea941eeb938f03f48c220ed9f70437d71f5e1c691,MITDB_P203,203,805000000,0,20260928,MODEL_V2_TCN_MEAN,1,8.856038093566895,0.9998574256896973,4,V2-004-D2-TCNMEAN-F00-S20260928,f219483150b0da6c9efc8908cf7aafee80feffd12bcfdd491381d5991ec6101f
b7f89a53781ead6b2b15491202a1ad76c0f57bad5573129db6ab89c09fdf3156,MITDB_P222,222,1120000000,0,20260928,MODEL_V2_TCN_MEAN,0,-3.8705894947052,0.020420391112565994,4,V2-004-D2-TCNMEAN-F00-S20260928,f219483150b0da6c9efc8908cf7aafee80feffd12bcfdd491381d5991ec6101f
b8090217bc0ba3e58b118b63719bca39c8b212e36cb4ef6e99651d0b1b78acda,MITDB_P105,105,1020000000,0,20260928,MODEL_V2_TCN_MEAN,0,-5.2482380867004395,0.00522928312420845,4,V2-004-D2-TCNMEAN-F00-S20260928,f219483150b0da6c9efc8908cf7aafee80feffd12bcfdd491381d5991ec6101f
b845d91437ca177aa5a4caa90463304cbf8f1ebf73ac3be64f64845e0e8248e2,MITDB_P105,105,960000000,0,20260928,MODEL_V2_TCN_MEAN,0,-5.371617317199707,0.0046251192688941956,4,V2-004-D2-TCNMEAN-F00-S20260928,f219483150b0da6c9efc8908cf7aafee80feffd12bcfdd491381d5991ec6101f
b87f4999851a03ce5d2011a4ab29cc91ba8d3de8bbc8ea726f6345d32d5efbc0,MITDB_P212,212,1790000000,0,20260928,MODEL_V2_TCN_MEAN,0,-8.722987174987793,0.00016277364920824766,4,V2-004-D2-TCNMEAN-F00-S20260928,f219483150b0da6c9efc8908cf7aafee80feffd12bcfdd491381d5991ec6101f
b8bc91ec2cca2037cbb847941923b5e6b7c237e2c30090a6fedbb58350da9910,MITDB_P222,222,1280000000,0,20260928,MODEL_V2_TCN_MEAN,1,3.0058887004852295,0.9528394341468811,4,V2-004-D2-TCNMEAN-F00-S20260928,f219483150b0da6c9efc8908cf7aafee80feffd12bcfdd491381d5991ec6101f
b8c418877abedc151e9a0473c69083d00580e70d06552d1b7282d7f905352c86,MITDB_P209,209,625000000,0,20260928,MODEL_V2_TCN_MEAN,1,-0.6555265188217163,0.3417452275753021,4,V2-004-D2-TCNMEAN-F00-S20260928,f219483150b0da6c9efc8908cf7aafee80feffd12bcfdd491381d5991ec6101f
b8f3231dd0fffaf4cac3394b838a0e4eb1b1bbac986f3f375d4664b72633be32,MITDB_P203,203,1635000000,0,20260928,MODEL_V2_TCN_MEAN,1,1.1598501205444336,0.7613054513931274,4,V2-004-D2-TCNMEAN-F00-S20260928,f219483150b0da6c9efc8908cf7aafee80feffd12bcfdd491381d5991ec6101f
b907631130ea23e97945fc585e2d52f22302d1309226727adbde1cf73fb235c0,MITDB_P203,203,765000000,0,20260928,MODEL_V2_TCN_MEAN,1,11.19145679473877,0.9999861717224121,4,V2-004-D2-TCNMEAN-F00-S20260928,f219483150b0da6c9efc8908cf7aafee80feffd12bcfdd491381d5991ec6101f
b91afe7219263dbaf9302603411e08a165112ff5a5e6d71a70e270b58c61951c,MITDB_P203,203,1740000000,0,20260928,MODEL_V2_TCN_MEAN,1,8.588205337524414,0.9998137354850769,4,V2-004-D2-TCNMEAN-F00-S20260928,f219483150b0da6c9efc8908cf7aafee80feffd12bcfdd491381d5991ec6101f
b928fae36bfe1cf19839ff3b47788e9c880e290264cdd4483794a6ba67024def,MITDB_P203,203,1790000000,0,20260928,MODEL_V2_TCN_MEAN,0,0.5148146152496338,0.6259344220161438,4,V2-004-D2-TCNMEAN-F00-S20260928,f219483150b0da6c9efc8908cf7aafee80feffd12bcfdd491381d5991ec6101f
b9346ad49b0ef61986177299117ec7fcaab0b85badb35f3a11a501eca3642f16,MITDB_P209,209,815000000,0,20260928,MODEL_V2_TCN_MEAN,1,-2.1034016609191895,0.10876663774251938,4,V2-004-D2-TCNMEAN-F00-S20260928,f219483150b0da6c9efc8908cf7aafee80feffd12bcfdd491381d5991ec6101f
ba113d711e98b808e6602bc6129e90c653008b4888a20b85b3e5fd7af5f4f409,MITDB_P203,203,495000000,0,20260928,MODEL_V2_TCN_MEAN,0,1.439056396484375,0.8083085417747498,4,V2-004-D2-TCNMEAN-F00-S20260928,f219483150b0da6c9efc8908cf7aafee80feffd12bcfdd491381d5991ec6101f
ba34228f5e613e1962de6e1769b0db2aeec7aa4d707fe04857ff28400621f169,MITDB_P124,124,790000000,0,20260928,MODEL_V2_TCN_MEAN,0,-6.005825996398926,0.002458294853568077,4,V2-004-D2-TCNMEAN-F00-S20260928,f219483150b0da6c9efc8908cf7aafee80feffd12bcfdd491381d5991ec6101f
ba5d552ac08b7161fb658000c15428292e99a16cb7e442b2f361ad17301da292,MITDB_P209,209,1190000000,0,20260928,MODEL_V2_TCN_MEAN,1,-4.551316738128662,0.010443090461194515,4,V2-004-D2-TCNMEAN-F00-S20260928,f219483150b0da6c9efc8908cf7aafee80feffd12bcfdd491381d5991ec6101f
bac7dd8bb61ac61a884cc1ebe16787ab95a89c524c1489e45728195ddbbded92,MITDB_P212,212,1605000000,0,20260928,MODEL_V2_TCN_MEAN,0,-8.037237167358398,0.0003230962320230901,4,V2-004-D2-TCNMEAN-F00-S20260928,f219483150b0da6c9efc8908cf7aafee80feffd12bcfdd491381d5991ec6101f
bad16dac7a99ba1e9b627884203c3ecc52a6a6fde08688f6ee2168aec40630ef,MITDB_P203,203,1475000000,0,20260928,MODEL_V2_TCN_MEAN,0,0.7059727907180786,0.6695106625556946,4,V2-004-D2-TCNMEAN-F00-S20260928,f219483150b0da6c9efc8908cf7aafee80feffd12bcfdd491381d5991ec6101f
bad6b9a2cdfff116b71b203003a1edf388ea4a48730a31dc9c488f7f9a334049,MITDB_P222,222,95000000,0,20260928,MODEL_V2_TCN_MEAN,0,-6.8467230796813965,0.0010618044761940837,4,V2-004-D2-TCNMEAN-F00-S20260928,f219483150b0da6c9efc8908cf7aafee80feffd12bcfdd491381d5991ec6101f
baea7cd6e6b51d43e617bf6ed08bf79ba4ae88bd709c8c68100985a5db92c685,MITDB_P124,124,215000000,0,20260928,MODEL_V2_TCN_MEAN,0,-1.3530329465866089,0.20537497103214264,4,V2-004-D2-TCNMEAN-F00-S20260928,f219483150b0da6c9efc8908cf7aafee80feffd12bcfdd491381d5991ec6101f
bb1dbfb60b42575a59b7a4cc672e14113455f7fa82a3e86b85b083a99ab3f132,MITDB_P105,105,1425000000,0,20260928,MODEL_V2_TCN_MEAN,0,-2.0955142974853516,0.10953357815742493,4,V2-004-D2-TCNMEAN-F00-S20260928,f219483150b0da6c9efc8908cf7aafee80feffd12bcfdd491381d5991ec6101f
bb2b0ab430850488ba9ca4fa34d39c77991f0e1610be1f02c957edbb008a5363,MITDB_P222,222,1780000000,0,20260928,MODEL_V2_TCN_MEAN,0,-0.9062814712524414,0.2877613604068756,4,V2-004-D2-TCNMEAN-F00-S20260928,f219483150b0da6c9efc8908cf7aafee80feffd12bcfdd491381d5991ec6101f
bb352140e21ff0225d58539a8fa9868c8d6f3bc52696927ed96877ffd2ccf5a7,MITDB_P209,209,810000000,0,20260928,MODEL_V2_TCN_MEAN,1,1.6619172096252441,0.840495228767395,4,V2-004-D2-TCNMEAN-F00-S20260928,f219483150b0da6c9efc8908cf7aafee80feffd12bcfdd491381d5991ec6101f
bb3a565970e17eec3cb9474f2cabf3d33808113d0cb982b7b11a9627a3364e4c,MITDB_P203,203,1290000000,0,20260928,MODEL_V2_TCN_MEAN,1,5.207973957061768,0.9945570230484009,4,V2-004-D2-TCNMEAN-F00-S20260928,f219483150b0da6c9efc8908cf7aafee80feffd12bcfdd491381d5991ec6101f
bb6e2366d1edc7f3c2a1bddb8df89c4adf8e76b8a6f577226eb17de75915f664,MITDB_P222,222,70000000,0,20260928,MODEL_V2_TCN_MEAN,0,-5.711997985839844,0.003295166650786996,4,V2-004-D2-TCNMEAN-F00-S20260928,f219483150b0da6c9efc8908cf7aafee80feffd12bcfdd491381d5991ec6101f
bb8e01a662bb5cace2c2e8b6f23ad8df2e1bebb80a9fd38fc265a45a06d45ece,MITDB_P124,124,195000000,0,20260928,MODEL_V2_TCN_MEAN,0,-1.198160171508789,0.23180265724658966,4,V2-004-D2-TCNMEAN-F00-S20260928,f219483150b0da6c9efc8908cf7aafee80feffd12bcfdd491381d5991ec6101f
bb8ecdd87870175258182e1923f189e72839e0d36a830c5392c361920a82ac51,MITDB_P212,212,850000000,0,20260928,MODEL_V2_TCN_MEAN,0,-2.8979392051696777,0.052255529910326004,4,V2-004-D2-TCNMEAN-F00-S20260928,f219483150b0da6c9efc8908cf7aafee80feffd12bcfdd491381d5991ec6101f
bb93cb6ab590bd97c4fa5dad8bf5d018e66b56710bd63597cb561de27f8dca88,MITDB_P203,203,1020000000,0,20260928,MODEL_V2_TCN_MEAN,1,8.520936965942383,0.9998008608818054,4,V2-004-D2-TCNMEAN-F00-S20260928,f219483150b0da6c9efc8908cf7aafee80feffd12bcfdd491381d5991ec6101f
bba6a9d6d52932fecf9509e2778f592ad00b69454460802180a8ae3eaaad09b2,MITDB_P209,209,1760000000,0,20260928,MODEL_V2_TCN_MEAN,1,-3.5953197479248047,0.02671843208372593,4,V2-004-D2-TCNMEAN-F00-S20260928,f219483150b0da6c9efc8908cf7aafee80feffd12bcfdd491381d5991ec6101f
bba6ba199617daad84501670c4e6f38d26ed84bcc80caa10c29c3c9fcc6ce397,MITDB_P222,222,940000000,0,20260928,MODEL_V2_TCN_MEAN,0,-0.9781409502029419,0.27326080203056335,4,V2-004-D2-TCNMEAN-F00-S20260928,f219483150b0da6c9efc8908cf7aafee80feffd12bcfdd491381d5991ec6101f
bbaee460ca60911131df67a20fdf86f965ea2fdf541831a93ef267508bfae1e8,MITDB_P222,222,890000000,0,20260928,MODEL_V2_TCN_MEAN,0,2.6040356159210205,0.9311208128929138,4,V2-004-D2-TCNMEAN-F00-S20260928,f219483150b0da6c9efc8908cf7aafee80feffd12bcfdd491381d5991ec6101f
bbdab29d1e3416af7fbf7bcecd642dec05c26a6b1d3ed035b1a00b7c97442b4a,MITDB_P209,209,350000000,0,20260928,MODEL_V2_TCN_MEAN,1,0.4254508912563324,0.6047868728637695,4,V2-004-D2-TCNMEAN-F00-S20260928,f219483150b0da6c9efc8908cf7aafee80feffd12bcfdd491381d5991ec6101f
bc02c0074e2c4c82a1dc566f472b9bd38d8847b1abadbd7a85f9fbb43d1959a6,MITDB_P105,105,535000000,0,20260928,MODEL_V2_TCN_MEAN,0,-5.2069268226623535,0.0054486338049173355,4,V2-004-D2-TCNMEAN-F00-S20260928,f219483150b0da6c9efc8908cf7aafee80feffd12bcfdd491381d5991ec6101f
bc4f68baccfb1b100e79550940da004c1da796107b0518d066540ceee4a47120,MITDB_P212,212,1715000000,0,20260928,MODEL_V2_TCN_MEAN,0,-7.423149108886719,0.0005969088524580002,4,V2-004-D2-TCNMEAN-F00-S20260928,f219483150b0da6c9efc8908cf7aafee80feffd12bcfdd491381d5991ec6101f
bc7f836407e28c7d438c6463699580b1f2b3a78835d72ff3089d22c562fe88f7,MITDB_P222,222,155000000,0,20260928,MODEL_V2_TCN_MEAN,0,-5.5192060470581055,0.003993021324276924,4,V2-004-D2-TCNMEAN-F00-S20260928,f219483150b0da6c9efc8908cf7aafee80feffd12bcfdd491381d5991ec6101f
bc8dcce8bb771cf5bcd488519ea61309a88a9f41fdcafdc4ff980135803e3581,MITDB_P222,222,985000000,0,20260928,MODEL_V2_TCN_MEAN,0,0.13724389672279358,0.5342572331428528,4,V2-004-D2-TCNMEAN-F00-S20260928,f219483150b0da6c9efc8908cf7aafee80feffd12bcfdd491381d5991ec6101f
bcc15755b489ca9e6d3a5907a550def5b78cddec989887897fb200a93b1c342d,MITDB_P203,203,1220000000,0,20260928,MODEL_V2_TCN_MEAN,1,6.650296211242676,0.9987080097198486,4,V2-004-D2-TCNMEAN-F00-S20260928,f219483150b0da6c9efc8908cf7aafee80feffd12bcfdd491381d5991ec6101f
bcc93f7a2eb8135e2e7c58f003cd6d91ead4440baa388cfe5be1cdadf24512f0,MITDB_P222,222,380000000,0,20260928,MODEL_V2_TCN_MEAN,0,-5.436498641967773,0.0043358225375413895,4,V2-004-D2-TCNMEAN-F00-S20260928,f219483150b0da6c9efc8908cf7aafee80feffd12bcfdd491381d5991ec6101f
bcddc4bbd05fa831b876b4ce84afe4a2f62927e500b1fc87ff4828deb9361dde,MITDB_P105,105,545000000,0,20260928,MODEL_V2_TCN_MEAN,0,-5.860215187072754,0.0028425271157175303,4,V2-004-D2-TCNMEAN-F00-S20260928,f219483150b0da6c9efc8908cf7aafee80feffd12bcfdd491381d5991ec6101f
bd2704a3b4137c26cc0bc8ab27d5baf7d715c7ef9f54d98b833ba80085dfef8c,MITDB_P124,124,530000000,0,20260928,MODEL_V2_TCN_MEAN,0,-4.182772159576416,0.015026903711259365,4,V2-004-D2-TCNMEAN-F00-S20260928,f219483150b0da6c9efc8908cf7aafee80feffd12bcfdd491381d5991ec6101f
bd388cd580f5b74161245c45bd8f6155df7e027f55bd0c5caba4a90e6c7ab76c,MITDB_P222,222,1455000000,0,20260928,MODEL_V2_TCN_MEAN,1,3.680925130844116,0.9754197597503662,4,V2-004-D2-TCNMEAN-F00-S20260928,f219483150b0da6c9efc8908cf7aafee80feffd12bcfdd491381d5991ec6101f
bd4f61e68ecb7d8457f06fede769fb0f3644a777e83cc4bb449227f19a352be3,MITDB_P222,222,1515000000,0,20260928,MODEL_V2_TCN_MEAN,0,0.7947596311569214,0.6888524293899536,4,V2-004-D2-TCNMEAN-F00-S20260928,f219483150b0da6c9efc8908cf7aafee80feffd12bcfdd491381d5991ec6101f
bd7ef16bc82cc53751dfa265d1d26745d6136519f07614bb53424a16cfc71053,MITDB_P222,222,1440000000,0,20260928,MODEL_V2_TCN_MEAN,1,3.2899250984191895,0.9640815854072571,4,V2-004-D2-TCNMEAN-F00-S20260928,f219483150b0da6c9efc8908cf7aafee80feffd12bcfdd491381d5991ec6101f
bd9370f222435a1ce4387818c8297186fe45c22e4c7fdfcb537667d2bb9164fd,MITDB_P203,203,1695000000,0,20260928,MODEL_V2_TCN_MEAN,1,6.499879837036133,0.9984986782073975,4,V2-004-D2-TCNMEAN-F00-S20260928,f219483150b0da6c9efc8908cf7aafee80feffd12bcfdd491381d5991ec6101f
bd98eca43b616703bcd9cb47e6fb5d7daf094d3a4d9f78eb4b7a8fdd8332063e,MITDB_P212,212,535000000,0,20260928,MODEL_V2_TCN_MEAN,0,-6.099637985229492,0.0022386570926755667,4,V2-004-D2-TCNMEAN-F00-S20260928,f219483150b0da6c9efc8908cf7aafee80feffd12bcfdd491381d5991ec6101f
bdcccaf95bcee6acefd10f9ee776c752a359500e0aa78602a34b55ff6f05b922,MITDB_P203,203,275000000,0,20260928,MODEL_V2_TCN_MEAN,1,6.386007785797119,0.9983178377151489,4,V2-004-D2-TCNMEAN-F00-S20260928,f219483150b0da6c9efc8908cf7aafee80feffd12bcfdd491381d5991ec6101f
be0bccabf0d621108efbd1f6621341d9ad91a3b488ce4b2cfad26df2184c1717,MITDB_P203,203,1330000000,0,20260928,MODEL_V2_TCN_MEAN,1,8.005230903625488,0.9996664524078369,4,V2-004-D2-TCNMEAN-F00-S20260928,f219483150b0da6c9efc8908cf7aafee80feffd12bcfdd491381d5991ec6101f
be57577aacc302c6d5d2cf77f908472d71247c55c3cdcb729dba0d435cd618eb,MITDB_P209,209,1395000000,0,20260928,MODEL_V2_TCN_MEAN,0,-6.420225620269775,0.0016256418311968446,4,V2-004-D2-TCNMEAN-F00-S20260928,f219483150b0da6c9efc8908cf7aafee80feffd12bcfdd491381d5991ec6101f
be8e5e5b30dd8973b8805e29ea263a5388447d1e6722427759e1f1e40f0150ac,MITDB_P209,209,195000000,0,20260928,MODEL_V2_TCN_MEAN,1,-5.040670394897461,0.006427825428545475,4,V2-004-D2-TCNMEAN-F00-S20260928,f219483150b0da6c9efc8908cf7aafee80feffd12bcfdd491381d5991ec6101f
bed7ba9249d54a98eb4c980bfb8d772cb51371cd3fd153f35d3cc1202657d18b,MITDB_P124,124,305000000,0,20260928,MODEL_V2_TCN_MEAN,1,4.01401424407959,0.9822596311569214,4,V2-004-D2-TCNMEAN-F00-S20260928,f219483150b0da6c9efc8908cf7aafee80feffd12bcfdd491381d5991ec6101f
bedd6c9de6b3b61bb0901e29621f63a7fb9e1041e74cb7d7c4ad3d075abf66ab,MITDB_P105,105,405000000,0,20260928,MODEL_V2_TCN_MEAN,0,-6.170044898986816,0.0020867784041911364,4,V2-004-D2-TCNMEAN-F00-S20260928,f219483150b0da6c9efc8908cf7aafee80feffd12bcfdd491381d5991ec6101f
bf148573273f4cdbd795742e9662000e13e1dc518c081bcdecc4ea1e96e078c2,MITDB_P209,209,720000000,0,20260928,MODEL_V2_TCN_MEAN,1,-1.3586316108703613,0.20446279644966125,4,V2-004-D2-TCNMEAN-F00-S20260928,f219483150b0da6c9efc8908cf7aafee80feffd12bcfdd491381d5991ec6101f
bf19be32965c47370ad19e369fcee96990c0dab6e2e65d9599b951fdb73f5841,MITDB_P209,209,740000000,0,20260928,MODEL_V2_TCN_MEAN,1,0.02294120192527771,0.5057350397109985,4,V2-004-D2-TCNMEAN-F00-S20260928,f219483150b0da6c9efc8908cf7aafee80feffd12bcfdd491381d5991ec6101f
bf1dbc17b80d343413cfbe5b082693497f5cbe17ffbe7867aec22818e8d6ce60,MITDB_P222,222,695000000,0,20260928,MODEL_V2_TCN_MEAN,1,6.259163856506348,0.9980908036231995,4,V2-004-D2-TCNMEAN-F00-S20260928,f219483150b0da6c9efc8908cf7aafee80feffd12bcfdd491381d5991ec6101f
bf277bc3a1e5c3283a46bd9edd1d11fd18a1bac03ccfd3b1e80f889f2e93b0bc,MITDB_P124,124,1475000000,0,20260928,MODEL_V2_TCN_MEAN,0,-7.3706817626953125,0.000629042973741889,4,V2-004-D2-TCNMEAN-F00-S20260928,f219483150b0da6c9efc8908cf7aafee80feffd12bcfdd491381d5991ec6101f
bf4d1cea11dbdb21a027116611f8afdf30ad099b8656d8c079e985276231e611,MITDB_P203,203,600000000,0,20260928,MODEL_V2_TCN_MEAN,1,5.8838934898376465,0.9972238540649414,4,V2-004-D2-TCNMEAN-F00-S20260928,f219483150b0da6c9efc8908cf7aafee80feffd12bcfdd491381d5991ec6101f
bf91421b3b51a7bb499156cdb6f7b42bd8b7bce66dabff4c1bbc70cf9e3937a6,MITDB_P124,124,95000000,0,20260928,MODEL_V2_TCN_MEAN,0,-2.260810136795044,0.09442108124494553,4,V2-004-D2-TCNMEAN-F00-S20260928,f219483150b0da6c9efc8908cf7aafee80feffd12bcfdd491381d5991ec6101f
bfb8f84cf4c85d16c4e21e3a54c0f55ee4e22307c0551893594e378500f6b64c,MITDB_P105,105,1410000000,0,20260928,MODEL_V2_TCN_MEAN,0,-2.3542392253875732,0.08672939985990524,4,V2-004-D2-TCNMEAN-F00-S20260928,f219483150b0da6c9efc8908cf7aafee80feffd12bcfdd491381d5991ec6101f
bfc8573f4437752c49870b5cdfa0001389fa7c22e7e9c1276c018f2a8122838e,MITDB_P203,203,1055000000,0,20260928,MODEL_V2_TCN_MEAN,1,3.953420639038086,0.9811722636222839,4,V2-004-D2-TCNMEAN-F00-S20260928,f219483150b0da6c9efc8908cf7aafee80feffd12bcfdd491381d5991ec6101f
c042f623ee7da9926a6986eb7c2924426954a52be8ee75a902bb5b249eefb73f,MITDB_P105,105,1700000000,0,20260928,MODEL_V2_TCN_MEAN,1,3.760237455368042,0.9772512912750244,4,V2-004-D2-TCNMEAN-F00-S20260928,f219483150b0da6c9efc8908cf7aafee80feffd12bcfdd491381d5991ec6101f
c0436d871f5a756033874250e76b4f4176cec3b84ee0cdcdb5f0d9432a5e9041,MITDB_P105,105,1125000000,0,20260928,MODEL_V2_TCN_MEAN,0,-5.512786865234375,0.00401863269507885,4,V2-004-D2-TCNMEAN-F00-S20260928,f219483150b0da6c9efc8908cf7aafee80feffd12bcfdd491381d5991ec6101f
c050e8a80c4565b9ff880970e71e89fbd79ad4eb86fe35662f4f37f903b33d2c,MITDB_P124,124,1600000000,0,20260928,MODEL_V2_TCN_MEAN,0,-6.260712623596191,0.0019062436185777187,4,V2-004-D2-TCNMEAN-F00-S20260928,f219483150b0da6c9efc8908cf7aafee80feffd12bcfdd491381d5991ec6101f
c0ab883c8856507de019ad948b68c328324b9bc1fc47a67d992e701af6617868,MITDB_P105,105,1115000000,0,20260928,MODEL_V2_TCN_MEAN,0,0.645460844039917,0.6559869050979614,4,V2-004-D2-TCNMEAN-F00-S20260928,f219483150b0da6c9efc8908cf7aafee80feffd12bcfdd491381d5991ec6101f
c0afe184be99d672f60abec69a43222a035ec1c9a4816ff913b879fd9b6c64f0,MITDB_P203,203,1565000000,0,20260928,MODEL_V2_TCN_MEAN,1,5.2888946533203125,0.9949780106544495,4,V2-004-D2-TCNMEAN-F00-S20260928,f219483150b0da6c9efc8908cf7aafee80feffd12bcfdd491381d5991ec6101f
c0bbd5fc00adcc85eab7a9ca75cf41153320aee37f2d456eb8d538f17ce367b2,MITDB_P203,203,1400000000,0,20260928,MODEL_V2_TCN_MEAN,1,2.2561328411102295,0.9051782488822937,4,V2-004-D2-TCNMEAN-F00-S20260928,f219483150b0da6c9efc8908cf7aafee80feffd12bcfdd491381d5991ec6101f
c0d118446da4f68ec50bca7bd6a7e304b6e3ecbe725299a31f21fd557a5bed3e,MITDB_P105,105,1735000000,0,20260928,MODEL_V2_TCN_MEAN,0,-4.879745006561279,0.007541642524302006,4,V2-004-D2-TCNMEAN-F00-S20260928,f219483150b0da6c9efc8908cf7aafee80feffd12bcfdd491381d5991ec6101f
c0ec4865ec85ef956c1484ee573658b1612576addff2d2962691a72bc9e1ed67,MITDB_P105,105,685000000,0,20260928,MODEL_V2_TCN_MEAN,0,-5.781613349914551,0.0030742560047656298,4,V2-004-D2-TCNMEAN-F00-S20260928,f219483150b0da6c9efc8908cf7aafee80feffd12bcfdd491381d5991ec6101f
c10b9abac7d2a76f2ebc7b6d326c53eabaef4d6d4a379db39dd62f5a797e131b,MITDB_P222,222,1275000000,0,20260928,MODEL_V2_TCN_MEAN,1,4.364619255065918,0.9874402284622192,4,V2-004-D2-TCNMEAN-F00-S20260928,f219483150b0da6c9efc8908cf7aafee80feffd12bcfdd491381d5991ec6101f
c1247e488f37372d21061c507fb69e1ba934e0ea3ce20c4fd56a44e0598a6cd2,MITDB_P209,209,1525000000,0,20260928,MODEL_V2_TCN_MEAN,1,-6.039106369018555,0.0023780197370797396,4,V2-004-D2-TCNMEAN-F00-S20260928,f219483150b0da6c9efc8908cf7aafee80feffd12bcfdd491381d5991ec6101f
c14a2e4e600ec7228050d8d7c1dfbe72bd78c9d8c714f440e5af81a5755acdb0,MITDB_P212,212,640000000,0,20260928,MODEL_V2_TCN_MEAN,0,-2.5896549224853516,0.06980718672275543,4,V2-004-D2-TCNMEAN-F00-S20260928,f219483150b0da6c9efc8908cf7aafee80feffd12bcfdd491381d5991ec6101f
c162461e9d77cac7c6a8f1b0af5a99c31d183f1238faff0a147b03d638c967ae,MITDB_P212,212,870000000,0,20260928,MODEL_V2_TCN_MEAN,0,-2.5320258140563965,0.07364332675933838,4,V2-004-D2-TCNMEAN-F00-S20260928,f219483150b0da6c9efc8908cf7aafee80feffd12bcfdd491381d5991ec6101f
c17796f6289ef287acd282a0097c01aa66fab96366a55b221ac89e449c2fc8bb,MITDB_P124,124,1240000000,0,20260928,MODEL_V2_TCN_MEAN,0,-4.187993049621582,0.01494982372969389,4,V2-004-D2-TCNMEAN-F00-S20260928,f219483150b0da6c9efc8908cf7aafee80feffd12bcfdd491381d5991ec6101f
c1ae719c56feb6a4e258e18ec34e3a662dff2bd3b01d96c6b2c58715257e3008,MITDB_P124,124,1075000000,0,20260928,MODEL_V2_TCN_MEAN,1,-0.7659969329833984,0.31734567880630493,4,V2-004-D2-TCNMEAN-F00-S20260928,f219483150b0da6c9efc8908cf7aafee80feffd12bcfdd491381d5991ec6101f
c1c9564d6e6ae0aaf98937285cbb0375200a63324e9d5f92d75e6e808652c03c,MITDB_P124,124,1130000000,0,20260928,MODEL_V2_TCN_MEAN,0,-2.7732162475585938,0.05878879502415657,4,V2-004-D2-TCNMEAN-F00-S20260928,f219483150b0da6c9efc8908cf7aafee80feffd12bcfdd491381d5991ec6101f
c1d4834bc77449e7214b41ce79e58baa54740499b3fca2b48b197949c56334ca,MITDB_P105,105,1760000000,0,20260928,MODEL_V2_TCN_MEAN,0,-1.4605183601379395,0.18838804960250854,4,V2-004-D2-TCNMEAN-F00-S20260928,f219483150b0da6c9efc8908cf7aafee80feffd12bcfdd491381d5991ec6101f
c1f2dd7a071e4dc68b67f90b3aa688b9fdc2d528a772866e01f42dc8727717e1,MITDB_P203,203,430000000,0,20260928,MODEL_V2_TCN_MEAN,1,4.882846355438232,0.9924815893173218,4,V2-004-D2-TCNMEAN-F00-S20260928,f219483150b0da6c9efc8908cf7aafee80feffd12bcfdd491381d5991ec6101f
c2553b809fd449e053cc1a275b210b0b4e00d63e42c0ac8c8ee9db6b44573957,MITDB_P105,105,1750000000,0,20260928,MODEL_V2_TCN_MEAN,0,-1.7533804178237915,0.14762133359909058,4,V2-004-D2-TCNMEAN-F00-S20260928,f219483150b0da6c9efc8908cf7aafee80feffd12bcfdd491381d5991ec6101f
c27a35a85b977e4e956d28bc5a728b978a8f1ab33043026852efb7fed505463a,MITDB_P105,105,880000000,0,20260928,MODEL_V2_TCN_MEAN,0,-0.8082143068313599,0.3082711398601532,4,V2-004-D2-TCNMEAN-F00-S20260928,f219483150b0da6c9efc8908cf7aafee80feffd12bcfdd491381d5991ec6101f
c2cf49d16445f698b2c250eae5ef44490c9fa915a0b57e4e837c888cd96e9cf3,MITDB_P105,105,805000000,0,20260928,MODEL_V2_TCN_MEAN,0,-5.047791481018066,0.006382505875080824,4,V2-004-D2-TCNMEAN-F00-S20260928,f219483150b0da6c9efc8908cf7aafee80feffd12bcfdd491381d5991ec6101f
c2e62bbb2596692a18293a6b8d6ac5927c7273753639016161a961a7d49cbfad,MITDB_P105,105,1215000000,0,20260928,MODEL_V2_TCN_MEAN,1,-1.6287879943847656,0.16399645805358887,4,V2-004-D2-TCNMEAN-F00-S20260928,f219483150b0da6c9efc8908cf7aafee80feffd12bcfdd491381d5991ec6101f
c2e838cf34f94753272e09d44e384d518f63ae29032116396562317799b82d31,MITDB_P203,203,125000000,0,20260928,MODEL_V2_TCN_MEAN,0,5.427021026611328,0.9956230521202087,4,V2-004-D2-TCNMEAN-F00-S20260928,f219483150b0da6c9efc8908cf7aafee80feffd12bcfdd491381d5991ec6101f
c2e8ade1789579f27a0a1aba4c9d73d04c9a0a21884269cefb139d24bb9ae9be,MITDB_P212,212,195000000,0,20260928,MODEL_V2_TCN_MEAN,0,-3.2945404052734375,0.035758960992097855,4,V2-004-D2-TCNMEAN-F00-S20260928,f219483150b0da6c9efc8908cf7aafee80feffd12bcfdd491381d5991ec6101f
c313098cbb5274dcfb5217d32181ee41c5ee9ffa74c65231c18e7cd98786dcc0,MITDB_P212,212,140000000,0,20260928,MODEL_V2_TCN_MEAN,0,-4.800170421600342,0.008161191828548908,4,V2-004-D2-TCNMEAN-F00-S20260928,f219483150b0da6c9efc8908cf7aafee80feffd12bcfdd491381d5991ec6101f
c34c49d83239044a3367baa94f5ba11cc9ee7f1143c2aca09229d0dc38c8da53,MITDB_P124,124,1295000000,0,20260928,MODEL_V2_TCN_MEAN,0,-3.145960569381714,0.04125073552131653,4,V2-004-D2-TCNMEAN-F00-S20260928,f219483150b0da6c9efc8908cf7aafee80feffd12bcfdd491381d5991ec6101f
c35fe8647a1e42a9ab53282716ba0a82a29f9b0afe046f2b75869123c80cb191,MITDB_P105,105,110000000,0,20260928,MODEL_V2_TCN_MEAN,1,-1.7701574563980103,0.14552274346351624,4,V2-004-D2-TCNMEAN-F00-S20260928,f219483150b0da6c9efc8908cf7aafee80feffd12bcfdd491381d5991ec6101f
c36e6f390c118ceb090c3e48e4ebc11c6a8db3288d1f23eb4ba10926d41cca69,MITDB_P203,203,1250000000,0,20260928,MODEL_V2_TCN_MEAN,1,8.228947639465332,0.9997332692146301,4,V2-004-D2-TCNMEAN-F00-S20260928,f219483150b0da6c9efc8908cf7aafee80feffd12bcfdd491381d5991ec6101f
c376b8c602399636309007f4d1c1c8d760ec96e6552b46d2a5c91d7b42a7428f,MITDB_P105,105,270000000,0,20260928,MODEL_V2_TCN_MEAN,0,-4.865272521972656,0.007650741375982761,4,V2-004-D2-TCNMEAN-F00-S20260928,f219483150b0da6c9efc8908cf7aafee80feffd12bcfdd491381d5991ec6101f
c3c181bd05f7fb2a69def875efec906019d03843f9c542e901294790496e1ed3,MITDB_P212,212,1285000000,0,20260928,MODEL_V2_TCN_MEAN,0,-2.9890458583831787,0.04792320355772972,4,V2-004-D2-TCNMEAN-F00-S20260928,f219483150b0da6c9efc8908cf7aafee80feffd12bcfdd491381d5991ec6101f
c3f2f26c00794c6a4752575206596bd572067e222fc4ad05ae7b987b454a51a8,MITDB_P212,212,910000000,0,20260928,MODEL_V2_TCN_MEAN,0,-2.706733465194702,0.06257719546556473,4,V2-004-D2-TCNMEAN-F00-S20260928,f219483150b0da6c9efc8908cf7aafee80feffd12bcfdd491381d5991ec6101f
c3f9c2e0c56c1953a71cf6f1435816dfbdb3b93515168fd8b84d89277d7db8c1,MITDB_P209,209,1755000000,0,20260928,MODEL_V2_TCN_MEAN,1,-5.924937725067139,0.002664853585883975,4,V2-004-D2-TCNMEAN-F00-S20260928,f219483150b0da6c9efc8908cf7aafee80feffd12bcfdd491381d5991ec6101f
c4117856bafd88fa7ba8e6a7c5ffb7791281a48664fa5459afaec82e58a25c3b,MITDB_P222,222,855000000,0,20260928,MODEL_V2_TCN_MEAN,0,1.3191176652908325,0.7890348434448242,4,V2-004-D2-TCNMEAN-F00-S20260928,f219483150b0da6c9efc8908cf7aafee80feffd12bcfdd491381d5991ec6101f
c42ea26066014bc6469995f752c2567097543bbcc6ba3786891b966babed6e0a,MITDB_P222,222,800000000,0,20260928,MODEL_V2_TCN_MEAN,1,4.473268508911133,0.9887187480926514,4,V2-004-D2-TCNMEAN-F00-S20260928,f219483150b0da6c9efc8908cf7aafee80feffd12bcfdd491381d5991ec6101f
c430964eb1c6d067a661f771c57b12e74b7f7efcc9cc0412d193c53082e71210,MITDB_P212,212,1205000000,0,20260928,MODEL_V2_TCN_MEAN,0,-4.280611991882324,0.013645420782268047,4,V2-004-D2-TCNMEAN-F00-S20260928,f219483150b0da6c9efc8908cf7aafee80feffd12bcfdd491381d5991ec6101f
c448746ec9e1603138d90584f3e83bd9893e1688e863c116c416320341b8c37c,MITDB_P124,124,995000000,0,20260928,MODEL_V2_TCN_MEAN,0,-4.821171760559082,0.007992938160896301,4,V2-004-D2-TCNMEAN-F00-S20260928,f219483150b0da6c9efc8908cf7aafee80feffd12bcfdd491381d5991ec6101f
c4497ba5ee240bb048ff33315a2196cfa5945059910041083715fa390dda43ce,MITDB_P222,222,760000000,0,20260928,MODEL_V2_TCN_MEAN,1,2.0822625160217285,0.8891671895980835,4,V2-004-D2-TCNMEAN-F00-S20260928,f219483150b0da6c9efc8908cf7aafee80feffd12bcfdd491381d5991ec6101f
c470c9212482d2fc97790d9d8f4af387fd3f6c676eec47d5469b32108e4e82f6,MITDB_P222,222,975000000,0,20260928,MODEL_V2_TCN_MEAN,1,1.5626217126846313,0.8267292380332947,4,V2-004-D2-TCNMEAN-F00-S20260928,f219483150b0da6c9efc8908cf7aafee80feffd12bcfdd491381d5991ec6101f
c48367c759812b90f8cbab54bcf7456fbb6dbfaeffde8a4e67e0585fa9e85e88,MITDB_P222,222,1785000000,0,20260928,MODEL_V2_TCN_MEAN,0,-1.2081880569458008,0.23002180457115173,4,V2-004-D2-TCNMEAN-F00-S20260928,f219483150b0da6c9efc8908cf7aafee80feffd12bcfdd491381d5991ec6101f
c493ca18497c1ed73aeb322cd876db16e63ac67ba5fe096d74a1b232ce429db7,MITDB_P222,222,1570000000,0,20260928,MODEL_V2_TCN_MEAN,1,-3.260265350341797,0.03695976361632347,4,V2-004-D2-TCNMEAN-F00-S20260928,f219483150b0da6c9efc8908cf7aafee80feffd12bcfdd491381d5991ec6101f
c4f7f86c3156304a22d37eb8653bb3e86c7a54f08d02b9fd4927e2d7c379232b,MITDB_P105,105,475000000,0,20260928,MODEL_V2_TCN_MEAN,0,-6.021703720092773,0.0024196647573262453,4,V2-004-D2-TCNMEAN-F00-S20260928,f219483150b0da6c9efc8908cf7aafee80feffd12bcfdd491381d5991ec6101f
c509ddd1e99299d91929980747a0d0b8934d6b8c4a170e9e2d98ab2d4f3fab7e,MITDB_P105,105,350000000,0,20260928,MODEL_V2_TCN_MEAN,0,-5.181234836578369,0.005589641164988279,4,V2-004-D2-TCNMEAN-F00-S20260928,f219483150b0da6c9efc8908cf7aafee80feffd12bcfdd491381d5991ec6101f
c53d1c29e8bdde090e9e978fcaed40d7b398559f69bc9e05705f8bad6dbfae2a,MITDB_P124,124,1500000000,0,20260928,MODEL_V2_TCN_MEAN,0,-8.274110794067383,0.00025496972375549376,4,V2-004-D2-TCNMEAN-F00-S20260928,f219483150b0da6c9efc8908cf7aafee80feffd12bcfdd491381d5991ec6101f
c589c865705cde6d5fbeb5dd948780082e96ba0dab1f8d3fd216d3fe7b344f37,MITDB_P203,203,485000000,0,20260928,MODEL_V2_TCN_MEAN,1,10.005615234375,0.9999548196792603,4,V2-004-D2-TCNMEAN-F00-S20260928,f219483150b0da6c9efc8908cf7aafee80feffd12bcfdd491381d5991ec6101f
c5b10a4f1fdf06f259d2a966603dce9c1156d18a59db23b843dd4995b1d00a23,MITDB_P105,105,1260000000,0,20260928,MODEL_V2_TCN_MEAN,0,-1.1416712999343872,0.24201363325119019,4,V2-004-D2-TCNMEAN-F00-S20260928,f219483150b0da6c9efc8908cf7aafee80feffd12bcfdd491381d5991ec6101f
c5b80743b4e422c3eadfe7cf3b83563fe459a4dbe6bba69c98656bd91d06422c,MITDB_P124,124,905000000,0,20260928,MODEL_V2_TCN_MEAN,0,-5.235100746154785,0.0052980687469244,4,V2-004-D2-TCNMEAN-F00-S20260928,f219483150b0da6c9efc8908cf7aafee80feffd12bcfdd491381d5991ec6101f
c5badb4fd0e21b77816dae94a26dcfbfc0870b6b6f2a9131855641aa7035145b,MITDB_P212,212,855000000,0,20260928,MODEL_V2_TCN_MEAN,0,-2.1584484577178955,0.10354437679052353,4,V2-004-D2-TCNMEAN-F00-S20260928,f219483150b0da6c9efc8908cf7aafee80feffd12bcfdd491381d5991ec6101f
c6043fd8aad3aed3696586c1c3a7bbe44f9cc5a7f4a3df986f10e7037a7a8fcc,MITDB_P124,124,605000000,0,20260928,MODEL_V2_TCN_MEAN,0,-6.47119140625,0.0015449903439730406,4,V2-004-D2-TCNMEAN-F00-S20260928,f219483150b0da6c9efc8908cf7aafee80feffd12bcfdd491381d5991ec6101f
c60f32b48d5ad26f7629578dc772c322cfdf74febda302a89e484bcb61b62452,MITDB_P124,124,1345000000,0,20260928,MODEL_V2_TCN_MEAN,0,-5.263111114501953,0.005152481142431498,4,V2-004-D2-TCNMEAN-F00-S20260928,f219483150b0da6c9efc8908cf7aafee80feffd12bcfdd491381d5991ec6101f
c6131c8a0cd64230d8435f81c25b4b16bb38d01e60799daeada41a9c9f32813d,MITDB_P209,209,1605000000,0,20260928,MODEL_V2_TCN_MEAN,1,-4.663396835327148,0.009346185252070427,4,V2-004-D2-TCNMEAN-F00-S20260928,f219483150b0da6c9efc8908cf7aafee80feffd12bcfdd491381d5991ec6101f
c629386e9acfc43327d04e971b364c2bddd5ce4971e0178c52cc85796ad27e7b,MITDB_P105,105,1220000000,0,20260928,MODEL_V2_TCN_MEAN,0,0.1023608148097992,0.525567889213562,4,V2-004-D2-TCNMEAN-F00-S20260928,f219483150b0da6c9efc8908cf7aafee80feffd12bcfdd491381d5991ec6101f
c649b7edc3ca6b9e3481e117aab807a5a522771c3c8b345a3eb24c25fe5b6ef7,MITDB_P105,105,80000000,0,20260928,MODEL_V2_TCN_MEAN,0,-5.125532150268555,0.00590794300660491,4,V2-004-D2-TCNMEAN-F00-S20260928,f219483150b0da6c9efc8908cf7aafee80feffd12bcfdd491381d5991ec6101f
c65047d0cb48f3cdd0ece736e9d8d254c9478f02f209abf47d219b8da4d1dc93,MITDB_P212,212,680000000,0,20260928,MODEL_V2_TCN_MEAN,0,-2.142977237701416,0.10498929768800735,4,V2-004-D2-TCNMEAN-F00-S20260928,f219483150b0da6c9efc8908cf7aafee80feffd12bcfdd491381d5991ec6101f
c66089ba115fb5a1e216b16bac3fd99859c45cb4233fc60ed21c9e2d8986dfbb,MITDB_P105,105,1280000000,0,20260928,MODEL_V2_TCN_MEAN,0,3.2818946838378906,0.9638024568557739,4,V2-004-D2-TCNMEAN-F00-S20260928,f219483150b0da6c9efc8908cf7aafee80feffd12bcfdd491381d5991ec6101f
c669c16c325cf1f483fcaafc445dfb04313df44dfbe52d13696faeec34b3d4af,MITDB_P222,222,1225000000,0,20260928,MODEL_V2_TCN_MEAN,1,3.6588222980499268,0.9748842716217041,4,V2-004-D2-TCNMEAN-F00-S20260928,f219483150b0da6c9efc8908cf7aafee80feffd12bcfdd491381d5991ec6101f
c6a8274c67f87c665369e8c71bdfa6d7bf2406948cc694e5badef5393d0b0a6c,MITDB_P124,124,1590000000,0,20260928,MODEL_V2_TCN_MEAN,0,-6.383800506591797,0.001685845898464322,4,V2-004-D2-TCNMEAN-F00-S20260928,f219483150b0da6c9efc8908cf7aafee80feffd12bcfdd491381d5991ec6101f
c6a9a8156f558aa8754f5d48704495c0f0e06123e374e737c4a6502361c4c034,MITDB_P203,203,920000000,0,20260928,MODEL_V2_TCN_MEAN,1,3.7865636348724365,0.9778293371200562,4,V2-004-D2-TCNMEAN-F00-S20260928,f219483150b0da6c9efc8908cf7aafee80feffd12bcfdd491381d5991ec6101f
c6ac9b3dfb1e14603e354128a8a5ebe5147a8f52903e6b4175bc8e7990a5e7f1,MITDB_P222,222,540000000,0,20260928,MODEL_V2_TCN_MEAN,1,4.150986671447754,0.9844953417778015,4,V2-004-D2-TCNMEAN-F00-S20260928,f219483150b0da6c9efc8908cf7aafee80feffd12bcfdd491381d5991ec6101f
c715e1a3f3b4a5ad3820bbd80d1e56de1b8e661dc26ab3fc9c69159073f76da9,MITDB_P124,124,825000000,0,20260928,MODEL_V2_TCN_MEAN,1,0.43164846301078796,0.6062672138214111,4,V2-004-D2-TCNMEAN-F00-S20260928,f219483150b0da6c9efc8908cf7aafee80feffd12bcfdd491381d5991ec6101f
c7694f14c2938e54127e1b167d44fc7eb6bd69e678c5e7b6e5d6a35d97d93407,MITDB_P203,203,400000000,0,20260928,MODEL_V2_TCN_MEAN,1,1.7321048974990845,0.8496814966201782,4,V2-004-D2-TCNMEAN-F00-S20260928,f219483150b0da6c9efc8908cf7aafee80feffd12bcfdd491381d5991ec6101f
c776bf489fb0e3b7dd2594aefec1fa0ed6dcd6d481105b74e7cd333d5cf139a1,MITDB_P124,124,910000000,0,20260928,MODEL_V2_TCN_MEAN,0,-5.2779436111450195,0.005077006295323372,4,V2-004-D2-TCNMEAN-F00-S20260928,f219483150b0da6c9efc8908cf7aafee80feffd12bcfdd491381d5991ec6101f
c785d355e3442ec0c3e9732141b277664c09b6ed11828c361f307939a6ac9f2f,MITDB_P105,105,45000000,0,20260928,MODEL_V2_TCN_MEAN,1,-5.510199069976807,0.0040290034376084805,4,V2-004-D2-TCNMEAN-F00-S20260928,f219483150b0da6c9efc8908cf7aafee80feffd12bcfdd491381d5991ec6101f
c78eea80847693f40416f812ba1f0ce5151ab4f3dfa27da05908264018efa201,MITDB_P212,212,345000000,0,20260928,MODEL_V2_TCN_MEAN,0,-3.8876073360443115,0.020082741975784302,4,V2-004-D2-TCNMEAN-F00-S20260928,f219483150b0da6c9efc8908cf7aafee80feffd12bcfdd491381d5991ec6101f
c7c3fe9c33d0809323e5ff8584556c4df9b2a74e66b232c221950b797db99b0d,MITDB_P203,203,1415000000,0,20260928,MODEL_V2_TCN_MEAN,0,0.05101051926612854,0.5127498507499695,4,V2-004-D2-TCNMEAN-F00-S20260928,f219483150b0da6c9efc8908cf7aafee80feffd12bcfdd491381d5991ec6101f
c7d369dd5abbd867d45dea81b52829ca49bf5cfd399ed02c45fae8d646b559cb,MITDB_P212,212,1525000000,0,20260928,MODEL_V2_TCN_MEAN,0,-4.804480075836182,0.008126380853354931,4,V2-004-D2-TCNMEAN-F00-S20260928,f219483150b0da6c9efc8908cf7aafee80feffd12bcfdd491381d5991ec6101f
c7d5d8c3e1bd8918d46b9c158e2c6e79c320018d88f357b0b914b02567528e76,MITDB_P105,105,675000000,0,20260928,MODEL_V2_TCN_MEAN,1,0.19398221373558044,0.548344075679779,4,V2-004-D2-TCNMEAN-F00-S20260928,f219483150b0da6c9efc8908cf7aafee80feffd12bcfdd491381d5991ec6101f
c7e987ceaf142f1b1c4f1d7b0e60e584cb3036d2397c6db3557b4db40c6952b5,MITDB_P203,203,475000000,0,20260928,MODEL_V2_TCN_MEAN,1,5.024015426635742,0.9934648871421814,4,V2-004-D2-TCNMEAN-F00-S20260928,f219483150b0da6c9efc8908cf7aafee80feffd12bcfdd491381d5991ec6101f
c8334c44465226df6b320e440fc7e2332ecd9ca86a31e0867564bc1507f5ec1c,MITDB_P105,105,710000000,0,20260928,MODEL_V2_TCN_MEAN,1,-0.6414591073989868,0.34491679072380066,4,V2-004-D2-TCNMEAN-F00-S20260928,f219483150b0da6c9efc8908cf7aafee80feffd12bcfdd491381d5991ec6101f
c834964766d238da66d7cbbe6c0847a1ee9723d090b6c645857243b2e29a9633,MITDB_P209,209,1050000000,0,20260928,MODEL_V2_TCN_MEAN,0,-3.398240327835083,0.03235050290822983,4,V2-004-D2-TCNMEAN-F00-S20260928,f219483150b0da6c9efc8908cf7aafee80feffd12bcfdd491381d5991ec6101f
c8420cd90ffb66ef52378154b67969d0f54cabdf58f956d5a2dc3fece583fb5f,MITDB_P222,222,550000000,0,20260928,MODEL_V2_TCN_MEAN,1,3.206378221511841,0.961073637008667,4,V2-004-D2-TCNMEAN-F00-S20260928,f219483150b0da6c9efc8908cf7aafee80feffd12bcfdd491381d5991ec6101f
c8599817ce5fc80903841d48cf7b39158e58e23d1b9ea8d9eee0c24aad3bde7a,MITDB_P212,212,385000000,0,20260928,MODEL_V2_TCN_MEAN,0,-2.726529359817505,0.06142595037817955,4,V2-004-D2-TCNMEAN-F00-S20260928,f219483150b0da6c9efc8908cf7aafee80feffd12bcfdd491381d5991ec6101f
c8e2eec243d431deb3ace560ba6adc7881197ca5cc0b3ef4f2601c4ce952cfce,MITDB_P105,105,1560000000,0,20260928,MODEL_V2_TCN_MEAN,0,-2.4155328273773193,0.0819958820939064,4,V2-004-D2-TCNMEAN-F00-S20260928,f219483150b0da6c9efc8908cf7aafee80feffd12bcfdd491381d5991ec6101f
c8fa8286459950d314ae9469902a253b0a962cd6266968ccc8a445ef02ffbb1c,MITDB_P222,222,1220000000,0,20260928,MODEL_V2_TCN_MEAN,1,4.340333938598633,0.9871354699134827,4,V2-004-D2-TCNMEAN-F00-S20260928,f219483150b0da6c9efc8908cf7aafee80feffd12bcfdd491381d5991ec6101f
c92e3a76f47fdade7ccdc67cbc7bd13cc5c03cfb46097b22ef3295cb8819e733,MITDB_P209,209,925000000,0,20260928,MODEL_V2_TCN_MEAN,1,-4.330166816711426,0.01299427729099989,4,V2-004-D2-TCNMEAN-F00-S20260928,f219483150b0da6c9efc8908cf7aafee80feffd12bcfdd491381d5991ec6101f
c949b2d34b224d3d1e39431260f99841a69a89281c258f8a1256f4afb3bef481,MITDB_P203,203,255000000,0,20260928,MODEL_V2_TCN_MEAN,1,5.039902687072754,0.9935672879219055,4,V2-004-D2-TCNMEAN-F00-S20260928,f219483150b0da6c9efc8908cf7aafee80feffd12bcfdd491381d5991ec6101f
c94ea6751b94fff99b5e14318014a30d401a0fa63cd77c156936676e04f625bd,MITDB_P212,212,10000000,0,20260928,MODEL_V2_TCN_MEAN,0,-3.2155816555023193,0.03858355060219765,4,V2-004-D2-TCNMEAN-F00-S20260928,f219483150b0da6c9efc8908cf7aafee80feffd12bcfdd491381d5991ec6101f
c961e2e816ba8f897130095f6dfc29862aec0b6ac27d7df7b79713cb8adccecc,MITDB_P124,124,1660000000,0,20260928,MODEL_V2_TCN_MEAN,0,-6.533586502075195,0.0014516721712425351,4,V2-004-D2-TCNMEAN-F00-S20260928,f219483150b0da6c9efc8908cf7aafee80feffd12bcfdd491381d5991ec6101f
c96ed63bfbeaa85c185e42ff193b08370c14af2c320df2589d85cb554ab43151,MITDB_P203,203,960000000,0,20260928,MODEL_V2_TCN_MEAN,0,-2.5468685626983643,0.07263714075088501,4,V2-004-D2-TCNMEAN-F00-S20260928,f219483150b0da6c9efc8908cf7aafee80feffd12bcfdd491381d5991ec6101f
c97eaea8607c9693b86a3c6be1ce6010255e0015115e31d3cc32a871216b9291,MITDB_P203,203,85000000,0,20260928,MODEL_V2_TCN_MEAN,1,-1.9777098894119263,0.12156317383050919,4,V2-004-D2-TCNMEAN-F00-S20260928,f219483150b0da6c9efc8908cf7aafee80feffd12bcfdd491381d5991ec6101f
c9b25c78af025c6d9ae16b9edfa7744d41ba0a9bdfe36f6a89c64856fb620e7e,MITDB_P222,222,845000000,0,20260928,MODEL_V2_TCN_MEAN,1,2.4177989959716797,0.9181745648384094,4,V2-004-D2-TCNMEAN-F00-S20260928,f219483150b0da6c9efc8908cf7aafee80feffd12bcfdd491381d5991ec6101f
c9b5d0c9979728b85075089724526ef270f4c07f3314ad1cdc5443777327c24f,MITDB_P105,105,1480000000,0,20260928,MODEL_V2_TCN_MEAN,0,-2.5018017292022705,0.07573197036981583,4,V2-004-D2-TCNMEAN-F00-S20260928,f219483150b0da6c9efc8908cf7aafee80feffd12bcfdd491381d5991ec6101f
c9cbcffde8c7f856c03d9aba53fd2b87c1b9bf3e213824cff2be38b098913ff3,MITDB_P212,212,1155000000,0,20260928,MODEL_V2_TCN_MEAN,0,-7.48686408996582,0.0005600837175734341,4,V2-004-D2-TCNMEAN-F00-S20260928,f219483150b0da6c9efc8908cf7aafee80feffd12bcfdd491381d5991ec6101f
c9d5c607a0e96209f8bbc1da02f6685903257d7c4e8c1042670ba209f7711c51,MITDB_P209,209,360000000,0,20260928,MODEL_V2_TCN_MEAN,1,0.6182920932769775,0.6498300433158875,4,V2-004-D2-TCNMEAN-F00-S20260928,f219483150b0da6c9efc8908cf7aafee80feffd12bcfdd491381d5991ec6101f
c9e691acdc48e30c4727fdbce5345cc289d393fc8c86535350a1128a0a71c2d8,MITDB_P222,222,1610000000,0,20260928,MODEL_V2_TCN_MEAN,0,3.3683669567108154,0.9667011499404907,4,V2-004-D2-TCNMEAN-F00-S20260928,f219483150b0da6c9efc8908cf7aafee80feffd12bcfdd491381d5991ec6101f
ca128af2d302029dda90352bd0348f0397a7a452d7887d2534d9bfe9ad1a48df,MITDB_P209,209,15000000,0,20260928,MODEL_V2_TCN_MEAN,0,-5.537769794464111,0.0039198677986860275,4,V2-004-D2-TCNMEAN-F00-S20260928,f219483150b0da6c9efc8908cf7aafee80feffd12bcfdd491381d5991ec6101f
ca1f6414d4f59523b9097d686c81aabaf2c3e8ecd357f95c5dd442db91e4f22c,MITDB_P105,105,680000000,0,20260928,MODEL_V2_TCN_MEAN,1,-0.8884057998657227,0.2914389371871948,4,V2-004-D2-TCNMEAN-F00-S20260928,f219483150b0da6c9efc8908cf7aafee80feffd12bcfdd491381d5991ec6101f
ca46190b4f2807fe2bf195bfa1f419cef151876827d1cef271c0eeb6307f3359,MITDB_P203,203,625000000,0,20260928,MODEL_V2_TCN_MEAN,1,4.51900053024292,0.9892176389694214,4,V2-004-D2-TCNMEAN-F00-S20260928,f219483150b0da6c9efc8908cf7aafee80feffd12bcfdd491381d5991ec6101f
ca7cbbb603b643c4a16efcc8aabc815619661a404bec32c6d3d17c5e08e2b94e,MITDB_P203,203,1525000000,0,20260928,MODEL_V2_TCN_MEAN,1,10.144927024841309,0.9999607801437378,4,V2-004-D2-TCNMEAN-F00-S20260928,f219483150b0da6c9efc8908cf7aafee80feffd12bcfdd491381d5991ec6101f
ca80ccc4100867fd5bf6a45dd02f22cd70b799943fae345b095997c710d08535,MITDB_P209,209,1765000000,0,20260928,MODEL_V2_TCN_MEAN,1,-4.466160297393799,0.011360803619027138,4,V2-004-D2-TCNMEAN-F00-S20260928,f219483150b0da6c9efc8908cf7aafee80feffd12bcfdd491381d5991ec6101f
cab94b13f647cef60f05a36d0d537403adac6b1aa9a349fc2b94cb3faf9c8ecb,MITDB_P209,209,295000000,0,20260928,MODEL_V2_TCN_MEAN,0,-1.6512748003005981,0.16093672811985016,4,V2-004-D2-TCNMEAN-F00-S20260928,f219483150b0da6c9efc8908cf7aafee80feffd12bcfdd491381d5991ec6101f
cabcf7f3541bdb622296bb0402a819d5189066ac37516ec85bec3c766d63d739,MITDB_P209,209,1485000000,0,20260928,MODEL_V2_TCN_MEAN,0,-6.211555480957031,0.0020020981319248676,4,V2-004-D2-TCNMEAN-F00-S20260928,f219483150b0da6c9efc8908cf7aafee80feffd12bcfdd491381d5991ec6101f
cb051f9e8ad9b5b39590f72cfa9a63cfdebfaa87e2578132243f4f33edbc1c2c,MITDB_P209,209,1590000000,0,20260928,MODEL_V2_TCN_MEAN,0,-5.6698079109191895,0.003436676226556301,4,V2-004-D2-TCNMEAN-F00-S20260928,f219483150b0da6c9efc8908cf7aafee80feffd12bcfdd491381d5991ec6101f
cb2e5c6f36ccac8ba93708e7ed2559c4c0343d77b96b665ea51a0903e00e70cf,MITDB_P203,203,1665000000,0,20260928,MODEL_V2_TCN_MEAN,1,5.682188034057617,0.9966055154800415,4,V2-004-D2-TCNMEAN-F00-S20260928,f219483150b0da6c9efc8908cf7aafee80feffd12bcfdd491381d5991ec6101f
cb49baa755f25ad47e64b4b01599172831bbe6e6a6b19d5d7f7ebaf94a023447,MITDB_P203,203,620000000,0,20260928,MODEL_V2_TCN_MEAN,1,6.890740394592285,0.9989838004112244,4,V2-004-D2-TCNMEAN-F00-S20260928,f219483150b0da6c9efc8908cf7aafee80feffd12bcfdd491381d5991ec6101f
cb6aba03f8138599aa9c08cad4afe9eac8a73bb120e1774d68f0e4b9174c30e0,MITDB_P124,124,925000000,0,20260928,MODEL_V2_TCN_MEAN,0,-6.044543266296387,0.0023651563096791506,4,V2-004-D2-TCNMEAN-F00-S20260928,f219483150b0da6c9efc8908cf7aafee80feffd12bcfdd491381d5991ec6101f
cb923cc73c5ba4e05b18f7add072a9029c323a3eff7ed403670ce5784bdee238,MITDB_P124,124,1555000000,0,20260928,MODEL_V2_TCN_MEAN,0,-7.23297643661499,0.0007218461250886321,4,V2-004-D2-TCNMEAN-F00-S20260928,f219483150b0da6c9efc8908cf7aafee80feffd12bcfdd491381d5991ec6101f
cbcc34b967edfae24295a8a43b53705c006735e71518a62ad9ca0d92e96cf02e,MITDB_P203,203,630000000,0,20260928,MODEL_V2_TCN_MEAN,1,8.158538818359375,0.9997138381004333,4,V2-004-D2-TCNMEAN-F00-S20260928,f219483150b0da6c9efc8908cf7aafee80feffd12bcfdd491381d5991ec6101f
cbe059642648bf952a294e868161597f8f142f248c998be59ebab379457a256c,MITDB_P105,105,950000000,0,20260928,MODEL_V2_TCN_MEAN,0,-5.049319267272949,0.006372824776917696,4,V2-004-D2-TCNMEAN-F00-S20260928,f219483150b0da6c9efc8908cf7aafee80feffd12bcfdd491381d5991ec6101f
cbf1f4dac5375a9e7f9714fa4eeed85fad1515628529d6be2abc405383bcacf3,MITDB_P222,222,730000000,0,20260928,MODEL_V2_TCN_MEAN,1,2.165787935256958,0.8971349000930786,4,V2-004-D2-TCNMEAN-F00-S20260928,f219483150b0da6c9efc8908cf7aafee80feffd12bcfdd491381d5991ec6101f
cc04a15ee8f85a627252fc27f7cd0a0d3c9f2fd1d0e5a932422a903ad4a332b2,MITDB_P222,222,1805000000,0,20260928,MODEL_V2_TCN_MEAN,0,0.5529615879058838,0.634822428226471,4,V2-004-D2-TCNMEAN-F00-S20260928,f219483150b0da6c9efc8908cf7aafee80feffd12bcfdd491381d5991ec6101f
cc3055ddae31da8534e9a786d183a2124fa8235b98dfec62650e21efa1b0f508,MITDB_P212,212,1170000000,0,20260928,MODEL_V2_TCN_MEAN,0,-4.84196138381958,0.007829771377146244,4,V2-004-D2-TCNMEAN-F00-S20260928,f219483150b0da6c9efc8908cf7aafee80feffd12bcfdd491381d5991ec6101f
cc48c7f503aec10b2dc7a07d40440fa6cf7100c80505910706e1e916e4e5e265,MITDB_P212,212,1710000000,0,20260928,MODEL_V2_TCN_MEAN,0,-7.942382335662842,0.000355232652509585,4,V2-004-D2-TCNMEAN-F00-S20260928,f219483150b0da6c9efc8908cf7aafee80feffd12bcfdd491381d5991ec6101f
cc5789f48f7096500a1d669e12c1a3871c014100f64492360ba6574d8229190c,MITDB_P209,209,1635000000,0,20260928,MODEL_V2_TCN_MEAN,0,-4.599835395812988,0.009953423403203487,4,V2-004-D2-TCNMEAN-F00-S20260928,f219483150b0da6c9efc8908cf7aafee80feffd12bcfdd491381d5991ec6101f
cc8adc6f8d99d90948bc03e6365b7dd29ff67d9b0f425ab15c90cce481c8b0ae,MITDB_P203,203,1305000000,0,20260928,MODEL_V2_TCN_MEAN,1,-2.4990642070770264,0.07592380791902542,4,V2-004-D2-TCNMEAN-F00-S20260928,f219483150b0da6c9efc8908cf7aafee80feffd12bcfdd491381d5991ec6101f
cd42338498f96fb5dc51fa1548fb5b49b72185d263478c9c681f69fc2bdcbd3a,MITDB_P203,203,250000000,0,20260928,MODEL_V2_TCN_MEAN,1,3.8606088161468506,0.9793789386749268,4,V2-004-D2-TCNMEAN-F00-S20260928,f219483150b0da6c9efc8908cf7aafee80feffd12bcfdd491381d5991ec6101f
cd5d1ab6c53eb25982b481073a853650ab9a0711fdf516ea698614049185d67b,MITDB_P124,124,1100000000,0,20260928,MODEL_V2_TCN_MEAN,0,-3.435736894607544,0.03119707480072975,4,V2-004-D2-TCNMEAN-F00-S20260928,f219483150b0da6c9efc8908cf7aafee80feffd12bcfdd491381d5991ec6101f
cda3c659b24336f1b5b99d035c7ad192f0b59023904e52bd7d5576e2f33d70f6,MITDB_P105,105,1600000000,0,20260928,MODEL_V2_TCN_MEAN,0,-6.103836536407471,0.0022292984649538994,4,V2-004-D2-TCNMEAN-F00-S20260928,f219483150b0da6c9efc8908cf7aafee80feffd12bcfdd491381d5991ec6101f
cde3431c6fd55230f3d4e07409c82383019411fa9ed5d05ee684a387d52980ed,MITDB_P212,212,1095000000,0,20260928,MODEL_V2_TCN_MEAN,0,-1.8901690244674683,0.13122519850730896,4,V2-004-D2-TCNMEAN-F00-S20260928,f219483150b0da6c9efc8908cf7aafee80feffd12bcfdd491381d5991ec6101f
cdf54ced62f173df857bae63cbed18b5a4bc39190536d9a01b316b3ab5fb9786,MITDB_P203,203,790000000,0,20260928,MODEL_V2_TCN_MEAN,1,7.866822242736816,0.9996168613433838,4,V2-004-D2-TCNMEAN-F00-S20260928,f219483150b0da6c9efc8908cf7aafee80feffd12bcfdd491381d5991ec6101f
ce08f9423fb7fad3d50db96ba330f22c5ac60b667356cae687ffed95bb945714,MITDB_P124,124,410000000,0,20260928,MODEL_V2_TCN_MEAN,0,0.03625646233558655,0.5090631246566772,4,V2-004-D2-TCNMEAN-F00-S20260928,f219483150b0da6c9efc8908cf7aafee80feffd12bcfdd491381d5991ec6101f
ce2a338fd3ae16eac2269495b8b36486b56f2bd3bfc58883d15c0f15225e80ed,MITDB_P105,105,1045000000,0,20260928,MODEL_V2_TCN_MEAN,0,-2.6658308506011963,0.06501995772123337,4,V2-004-D2-TCNMEAN-F00-S20260928,f219483150b0da6c9efc8908cf7aafee80feffd12bcfdd491381d5991ec6101f
ce2c5ace970e82148840ef85107e30e7bb34a9d74593ea2197b6b56ef585732b,MITDB_P105,105,100000000,0,20260928,MODEL_V2_TCN_MEAN,0,-5.162013053894043,0.005697505548596382,4,V2-004-D2-TCNMEAN-F00-S20260928,f219483150b0da6c9efc8908cf7aafee80feffd12bcfdd491381d5991ec6101f
ce33f09126015e1b9b464ec08cdbdc624dee01da2977300ec0be7dde1fce626a,MITDB_P203,203,490000000,0,20260928,MODEL_V2_TCN_MEAN,1,6.937078475952148,0.9990298748016357,4,V2-004-D2-TCNMEAN-F00-S20260928,f219483150b0da6c9efc8908cf7aafee80feffd12bcfdd491381d5991ec6101f
ce342c317933cd08944f7296793252774546e19c2192afc3a21be2504ebcd1fb,MITDB_P212,212,830000000,0,20260928,MODEL_V2_TCN_MEAN,0,-2.916437864303589,0.05134693533182144,4,V2-004-D2-TCNMEAN-F00-S20260928,f219483150b0da6c9efc8908cf7aafee80feffd12bcfdd491381d5991ec6101f
ce513a435e093efea9998e72e20dfb3db012013fe4b1571500546a20acfd950d,MITDB_P212,212,1050000000,0,20260928,MODEL_V2_TCN_MEAN,0,-2.605213165283203,0.06880366057157516,4,V2-004-D2-TCNMEAN-F00-S20260928,f219483150b0da6c9efc8908cf7aafee80feffd12bcfdd491381d5991ec6101f
cea3c15e107561f2f293bb9b4a9712747988d3bfe1e98dbd5301bb58a655c6f6,MITDB_P203,203,1595000000,0,20260928,MODEL_V2_TCN_MEAN,1,10.54934310913086,0.9999737739562988,4,V2-004-D2-TCNMEAN-F00-S20260928,f219483150b0da6c9efc8908cf7aafee80feffd12bcfdd491381d5991ec6101f
cef24527b8d4dd4ec858ab88afb1e9128ab22d09bf283fae0c0b6aba929adbde,MITDB_P209,209,1560000000,0,20260928,MODEL_V2_TCN_MEAN,1,-6.151890754699707,0.0021249267738312483,4,V2-004-D2-TCNMEAN-F00-S20260928,f219483150b0da6c9efc8908cf7aafee80feffd12bcfdd491381d5991ec6101f
cef5023669a73f74759462f63b9e853ef62ff8a3b0686c50e9014e3b317f1270,MITDB_P105,105,1650000000,0,20260928,MODEL_V2_TCN_MEAN,0,0.05571219325065613,0.5139244794845581,4,V2-004-D2-TCNMEAN-F00-S20260928,f219483150b0da6c9efc8908cf7aafee80feffd12bcfdd491381d5991ec6101f
cf032bce65b593482cc32e8a7ab86315e4a5a09d2ca24edd8038b43c2b3a5b35,MITDB_P212,212,200000000,0,20260928,MODEL_V2_TCN_MEAN,0,-3.3961710929870605,0.03241534158587456,4,V2-004-D2-TCNMEAN-F00-S20260928,f219483150b0da6c9efc8908cf7aafee80feffd12bcfdd491381d5991ec6101f
cf1701dc65067ad480d44ceaac50a6b83578a31304fb23b501753658b11dfdf7,MITDB_P222,222,810000000,0,20260928,MODEL_V2_TCN_MEAN,1,1.8575953245162964,0.8650164008140564,4,V2-004-D2-TCNMEAN-F00-S20260928,f219483150b0da6c9efc8908cf7aafee80feffd12bcfdd491381d5991ec6101f
cf1fcc6385c3320d6f42e8d0b2dcb44759e97f6ffe5fee7c052495371fb23dc1,MITDB_P209,209,1785000000,0,20260928,MODEL_V2_TCN_MEAN,1,-5.667508125305176,0.0034445615019649267,4,V2-004-D2-TCNMEAN-F00-S20260928,f219483150b0da6c9efc8908cf7aafee80feffd12bcfdd491381d5991ec6101f
cf2da96609b59326a9ed07f7bcc5767c916c8a881b1e71ebc85654d32428892c,MITDB_P124,124,1390000000,0,20260928,MODEL_V2_TCN_MEAN,0,-7.127763748168945,0.0008018685039132833,4,V2-004-D2-TCNMEAN-F00-S20260928,f219483150b0da6c9efc8908cf7aafee80feffd12bcfdd491381d5991ec6101f
cf327dcffb017927412f1eeb14d59420f99a2abed74106e617a2f66b50cec48a,MITDB_P203,203,1775000000,0,20260928,MODEL_V2_TCN_MEAN,1,7.541690349578857,0.9994698166847229,4,V2-004-D2-TCNMEAN-F00-S20260928,f219483150b0da6c9efc8908cf7aafee80feffd12bcfdd491381d5991ec6101f
cf79ab15136e40e7a2f092719d45b1bae72e059d37a3243d82b47ea1c701cc7e,MITDB_P203,203,785000000,0,20260928,MODEL_V2_TCN_MEAN,1,7.966625213623047,0.9996532201766968,4,V2-004-D2-TCNMEAN-F00-S20260928,f219483150b0da6c9efc8908cf7aafee80feffd12bcfdd491381d5991ec6101f
cf8207568fd3469aadfeed3935c07adf276915f7b68043f9b0e1d4de3076b438,MITDB_P105,105,1360000000,0,20260928,MODEL_V2_TCN_MEAN,1,-1.3577378988265991,0.20460820198059082,4,V2-004-D2-TCNMEAN-F00-S20260928,f219483150b0da6c9efc8908cf7aafee80feffd12bcfdd491381d5991ec6101f
cf84d8189851799e6778ce0059c86203f408faacd95949639cae03e2cbca5b45,MITDB_P203,203,1295000000,0,20260928,MODEL_V2_TCN_MEAN,1,4.835369110107422,0.9921188354492188,4,V2-004-D2-TCNMEAN-F00-S20260928,f219483150b0da6c9efc8908cf7aafee80feffd12bcfdd491381d5991ec6101f
cfa1ed0989506c448d773ac1b120808918d1d5356f1b6e36ba4e330acaa7dc7b,MITDB_P124,124,1030000000,0,20260928,MODEL_V2_TCN_MEAN,0,-4.753347396850586,0.008549066260457039,4,V2-004-D2-TCNMEAN-F00-S20260928,f219483150b0da6c9efc8908cf7aafee80feffd12bcfdd491381d5991ec6101f
cfba564932d503e6d9ef6d5821d069645e73714544b54bdaa59272614eb56172,MITDB_P222,222,1560000000,0,20260928,MODEL_V2_TCN_MEAN,0,-3.2573816776275635,0.03706254065036774,4,V2-004-D2-TCNMEAN-F00-S20260928,f219483150b0da6c9efc8908cf7aafee80feffd12bcfdd491381d5991ec6101f
cfbe8bb49b8f41ae35203114c89e803a04622437a1e0d6196baf82ef56d93bb8,MITDB_P209,209,1145000000,0,20260928,MODEL_V2_TCN_MEAN,1,-5.447850227355957,0.0042870924808084965,4,V2-004-D2-TCNMEAN-F00-S20260928,f219483150b0da6c9efc8908cf7aafee80feffd12bcfdd491381d5991ec6101f
cfc209805e36308af8fdd4f1ae5badb3cdcd594e61178aea4b02ce634b78b9b8,MITDB_P203,203,100000000,0,20260928,MODEL_V2_TCN_MEAN,1,10.435382843017578,0.9999706745147705,4,V2-004-D2-TCNMEAN-F00-S20260928,f219483150b0da6c9efc8908cf7aafee80feffd12bcfdd491381d5991ec6101f
cfc88dac2ca3c6cd3f92f3acf8dac526f867386b764dfa547b55dc48015e6fca,MITDB_P105,105,935000000,0,20260928,MODEL_V2_TCN_MEAN,0,-4.432226657867432,0.01174832507967949,4,V2-004-D2-TCNMEAN-F00-S20260928,f219483150b0da6c9efc8908cf7aafee80feffd12bcfdd491381d5991ec6101f
cfd67e147c4b2bae0232a6b04fd295c2e40d9a3016c09cfed07a68b411c422c8,MITDB_P209,209,1750000000,0,20260928,MODEL_V2_TCN_MEAN,1,-5.728776931762695,0.0032405159436166286,4,V2-004-D2-TCNMEAN-F00-S20260928,f219483150b0da6c9efc8908cf7aafee80feffd12bcfdd491381d5991ec6101f
cfeb07f56ae2376345777d5c283bdb32255c7dbcd79bdb5d42256caebf7f42bb,MITDB_P203,203,1310000000,0,20260928,MODEL_V2_TCN_MEAN,1,6.159387588500977,0.9978908896446228,4,V2-004-D2-TCNMEAN-F00-S20260928,f219483150b0da6c9efc8908cf7aafee80feffd12bcfdd491381d5991ec6101f
cfff26a99b20bab54575af960d20fce556d18712d0a00e089b299682717c417b,MITDB_P209,209,310000000,0,20260928,MODEL_V2_TCN_MEAN,1,-1.0870401859283447,0.25217604637145996,4,V2-004-D2-TCNMEAN-F00-S20260928,f219483150b0da6c9efc8908cf7aafee80feffd12bcfdd491381d5991ec6101f
d0262b622b8d7c4e49ef55f6d03c1e5e10a1452e48dd02a8d131db7ca0036ebc,MITDB_P105,105,210000000,0,20260928,MODEL_V2_TCN_MEAN,1,2.9017562866210938,0.9479331970214844,4,V2-004-D2-TCNMEAN-F00-S20260928,f219483150b0da6c9efc8908cf7aafee80feffd12bcfdd491381d5991ec6101f
d02984c6e9fed2b08f417a518b71e4ba16ba253d0f6852b8c5cf9f400f10545f,MITDB_P124,124,405000000,0,20260928,MODEL_V2_TCN_MEAN,0,-4.265578746795654,0.013849242590367794,4,V2-004-D2-TCNMEAN-F00-S20260928,f219483150b0da6c9efc8908cf7aafee80feffd12bcfdd491381d5991ec6101f
d02f73572201dc730f74ed1d12e5c6e8fb4a2172827364dc61d46b7391acd3d2,MITDB_P212,212,795000000,0,20260928,MODEL_V2_TCN_MEAN,0,-5.828081130981445,0.0029350800905376673,4,V2-004-D2-TCNMEAN-F00-S20260928,f219483150b0da6c9efc8908cf7aafee80feffd12bcfdd491381d5991ec6101f
d045b1acff008eb760a41e0dbb958f4ee6a77aadf11c03d1ca9470864bb4b1c4,MITDB_P105,105,1275000000,0,20260928,MODEL_V2_TCN_MEAN,1,3.1830594539642334,0.9601917862892151,4,V2-004-D2-TCNMEAN-F00-S20260928,f219483150b0da6c9efc8908cf7aafee80feffd12bcfdd491381d5991ec6101f
d04b6121cdd96d898e3fa6bb06e8c2fafc9e8f1f707374b34e7aab62f2185922,MITDB_P203,203,1655000000,0,20260928,MODEL_V2_TCN_MEAN,0,-2.334144353866577,0.0883343443274498,4,V2-004-D2-TCNMEAN-F00-S20260928,f219483150b0da6c9efc8908cf7aafee80feffd12bcfdd491381d5991ec6101f
d0aa46d2502c9109422e5fb4b3a2fdbe18572631dc96c3e720241581d390b275,MITDB_P203,203,925000000,0,20260928,MODEL_V2_TCN_MEAN,1,4.340570449829102,0.9871384501457214,4,V2-004-D2-TCNMEAN-F00-S20260928,f219483150b0da6c9efc8908cf7aafee80feffd12bcfdd491381d5991ec6101f
d0af089ac0b1c6d04e0e09bfc7151f3578a424da9a0568d114b05699ec3603a2,MITDB_P203,203,1735000000,0,20260928,MODEL_V2_TCN_MEAN,1,8.15656852722168,0.9997132420539856,4,V2-004-D2-TCNMEAN-F00-S20260928,f219483150b0da6c9efc8908cf7aafee80feffd12bcfdd491381d5991ec6101f
d0bfc5a6e651b1f367cfd6db71188eec6b4ae31885e49b3a7d01cb1808b37bf7,MITDB_P124,124,585000000,0,20260928,MODEL_V2_TCN_MEAN,0,-4.896448135375977,0.007417646702378988,4,V2-004-D2-TCNMEAN-F00-S20260928,f219483150b0da6c9efc8908cf7aafee80feffd12bcfdd491381d5991ec6101f
d0da779840c54942bc749f45f480bade645bfc0abb73c7181fd5981cf054ed61,MITDB_P124,124,25000000,0,20260928,MODEL_V2_TCN_MEAN,0,-2.9156150817871094,0.05138703063130379,4,V2-004-D2-TCNMEAN-F00-S20260928,f219483150b0da6c9efc8908cf7aafee80feffd12bcfdd491381d5991ec6101f
d0df2b980e034934f237a8f342c735e8e2da2ae1adb4492ed1792910bc152a74,MITDB_P212,212,1730000000,0,20260928,MODEL_V2_TCN_MEAN,0,-7.351267337799072,0.0006413668743334711,4,V2-004-D2-TCNMEAN-F00-S20260928,f219483150b0da6c9efc8908cf7aafee80feffd12bcfdd491381d5991ec6101f
d10636ea307870ad224aec11b766f1c741687bec2ef8fa6072a154cd6aecc5f4,MITDB_P203,203,240000000,0,20260928,MODEL_V2_TCN_MEAN,1,2.985919237136841,0.9519338607788086,4,V2-004-D2-TCNMEAN-F00-S20260928,f219483150b0da6c9efc8908cf7aafee80feffd12bcfdd491381d5991ec6101f
d11bee80192006f69aa68b042698138b992759635ec99eaada06145e3887e357,MITDB_P124,124,975000000,0,20260928,MODEL_V2_TCN_MEAN,0,-3.8536884784698486,0.020761223509907722,4,V2-004-D2-TCNMEAN-F00-S20260928,f219483150b0da6c9efc8908cf7aafee80feffd12bcfdd491381d5991ec6101f
d13c161911df8df0101bbeac1c9f7f59ddc5cfe7fac1d2fa8b748b390fe4f40a,MITDB_P212,212,625000000,0,20260928,MODEL_V2_TCN_MEAN,0,-2.27272629737854,0.09340708702802658,4,V2-004-D2-TCNMEAN-F00-S20260928,f219483150b0da6c9efc8908cf7aafee80feffd12bcfdd491381d5991ec6101f
d1407d72c3e54ee34e198b8dfab66a9edb3df0b7cc053e3c82690c8a2c1872e9,MITDB_P105,105,1585000000,0,20260928,MODEL_V2_TCN_MEAN,1,-1.452383041381836,0.18963508307933807,4,V2-004-D2-TCNMEAN-F00-S20260928,f219483150b0da6c9efc8908cf7aafee80feffd12bcfdd491381d5991ec6101f
d166c6c0fa56155d563f58d636beeb37c53457d2ae0b551e602ffa7252d94686,MITDB_P212,212,1500000000,0,20260928,MODEL_V2_TCN_MEAN,0,-5.425748348236084,0.004382480401545763,4,V2-004-D2-TCNMEAN-F00-S20260928,f219483150b0da6c9efc8908cf7aafee80feffd12bcfdd491381d5991ec6101f
d1bcdbcf574b71ce30ed2106bc31ba892fb7bdcce35f22a9c89e410cc1cf6be6,MITDB_P222,222,285000000,0,20260928,MODEL_V2_TCN_MEAN,0,-6.650503158569336,0.00129170052241534,4,V2-004-D2-TCNMEAN-F00-S20260928,f219483150b0da6c9efc8908cf7aafee80feffd12bcfdd491381d5991ec6101f
d1d377b68d814e775a7c8c1b1acb3c691cca246cabaab86e61ebb4ebc4c67962,MITDB_P124,124,1755000000,0,20260928,MODEL_V2_TCN_MEAN,0,-5.624429702758789,0.0035956453066319227,4,V2-004-D2-TCNMEAN-F00-S20260928,f219483150b0da6c9efc8908cf7aafee80feffd12bcfdd491381d5991ec6101f
d1ffa4316ba44f36f654412529739a24fd08703f819fae4b2aabb130252cc0d3,MITDB_P124,124,1280000000,0,20260928,MODEL_V2_TCN_MEAN,0,-3.7986457347869873,0.021910274401307106,4,V2-004-D2-TCNMEAN-F00-S20260928,f219483150b0da6c9efc8908cf7aafee80feffd12bcfdd491381d5991ec6101f
d22b8d1d5cb598b0efa39111e55f0bcb9ad36480c17aceb4a0f0be3290e4246a,MITDB_P209,209,745000000,0,20260928,MODEL_V2_TCN_MEAN,1,-0.404592365026474,0.4002094566822052,4,V2-004-D2-TCNMEAN-F00-S20260928,f219483150b0da6c9efc8908cf7aafee80feffd12bcfdd491381d5991ec6101f
d24bf3e5b6871845f213a144465dbd8d1aa04b0e0748bc94409ce2f832562581,MITDB_P222,222,485000000,0,20260928,MODEL_V2_TCN_MEAN,0,-4.632654666900635,0.009635157883167267,4,V2-004-D2-TCNMEAN-F00-S20260928,f219483150b0da6c9efc8908cf7aafee80feffd12bcfdd491381d5991ec6101f
d2576373c67777ea9666a65ede38adea745062d41e760d8eba1bdcc03917a2f3,MITDB_P105,105,1475000000,0,20260928,MODEL_V2_TCN_MEAN,0,-3.889030694961548,0.02005475014448166,4,V2-004-D2-TCNMEAN-F00-S20260928,f219483150b0da6c9efc8908cf7aafee80feffd12bcfdd491381d5991ec6101f
d2a1f3b77f6ee9f9c97ddb69745c9f65c3331f03b939b2b81e0bdae03ac77172,MITDB_P105,105,515000000,0,20260928,MODEL_V2_TCN_MEAN,0,-4.968877792358398,0.006902961526066065,4,V2-004-D2-TCNMEAN-F00-S20260928,f219483150b0da6c9efc8908cf7aafee80feffd12bcfdd491381d5991ec6101f
d2aa8e8b496ed2db09e8a259fd2b9847ebf3cf7f48a75d122be49126d0ac192b,MITDB_P105,105,1490000000,0,20260928,MODEL_V2_TCN_MEAN,0,-2.7666311264038086,0.05915423482656479,4,V2-004-D2-TCNMEAN-F00-S20260928,f219483150b0da6c9efc8908cf7aafee80feffd12bcfdd491381d5991ec6101f
d2b4b969edabcdce562d391620ed5d5d57f9d0e6b994977b39a620c25b6eb47e,MITDB_P209,209,1490000000,0,20260928,MODEL_V2_TCN_MEAN,0,-5.495477199554443,0.004088512621819973,4,V2-004-D2-TCNMEAN-F00-S20260928,f219483150b0da6c9efc8908cf7aafee80feffd12bcfdd491381d5991ec6101f
d2cbe1153de2e9873e6fe0e779549fb7d55eb5777ee4260eac6565cdf43be3b5,MITDB_P209,209,1500000000,0,20260928,MODEL_V2_TCN_MEAN,0,-4.8899030685424805,0.0074659911915659904,4,V2-004-D2-TCNMEAN-F00-S20260928,f219483150b0da6c9efc8908cf7aafee80feffd12bcfdd491381d5991ec6101f
d2d01dd282b6cae411261bce08b3abd7286c9a604c3ecc8cf076219097ab18bc,MITDB_P203,203,1685000000,0,20260928,MODEL_V2_TCN_MEAN,1,9.180914878845215,0.9998970031738281,4,V2-004-D2-TCNMEAN-F00-S20260928,f219483150b0da6c9efc8908cf7aafee80feffd12bcfdd491381d5991ec6101f
d3037f58ce50c18081adfe2c11051712ff5300b4cc8b48a746dcb4929e18b97c,MITDB_P209,209,1135000000,0,20260928,MODEL_V2_TCN_MEAN,0,-4.541861534118652,0.01054125465452671,4,V2-004-D2-TCNMEAN-F00-S20260928,f219483150b0da6c9efc8908cf7aafee80feffd12bcfdd491381d5991ec6101f
d31f8164d5d873b325e5052550f42dc2f5d1d2a93950e295c3d6221e6f7c4715,MITDB_P203,203,455000000,0,20260928,MODEL_V2_TCN_MEAN,1,7.289854049682617,0.99931800365448,4,V2-004-D2-TCNMEAN-F00-S20260928,f219483150b0da6c9efc8908cf7aafee80feffd12bcfdd491381d5991ec6101f
d31f9af5bd373351fe42726b6c2db878ab7359c867601030706255100d29e4c2,MITDB_P209,209,1185000000,0,20260928,MODEL_V2_TCN_MEAN,1,-5.035957336425781,0.006457995623350143,4,V2-004-D2-TCNMEAN-F00-S20260928,f219483150b0da6c9efc8908cf7aafee80feffd12bcfdd491381d5991ec6101f
d3218b6d5f46dcfaf41d782c74dcc3d050a8e308406a628b9dd19f38be423981,MITDB_P124,124,20000000,0,20260928,MODEL_V2_TCN_MEAN,0,-0.812919020652771,0.30726882815361023,4,V2-004-D2-TCNMEAN-F00-S20260928,f219483150b0da6c9efc8908cf7aafee80feffd12bcfdd491381d5991ec6101f
d32d18ebf46aac5adfe9be13a41ac97955a6769f6e25eb1ddc36acf99c1042f8,MITDB_P209,209,1070000000,0,20260928,MODEL_V2_TCN_MEAN,0,-4.941546440124512,0.007092874962836504,4,V2-004-D2-TCNMEAN-F00-S20260928,f219483150b0da6c9efc8908cf7aafee80feffd12bcfdd491381d5991ec6101f
d34a401c2309bec02e2218e86333951ceb2f53310763b9860ce9915ac2809a68,MITDB_P209,209,1450000000,0,20260928,MODEL_V2_TCN_MEAN,0,-6.638092994689941,0.001307809492573142,4,V2-004-D2-TCNMEAN-F00-S20260928,f219483150b0da6c9efc8908cf7aafee80feffd12bcfdd491381d5991ec6101f
d358dd4f3387ca5c87ec42812259b6db2662f186156baf8d353ff9090942e136,MITDB_P209,209,165000000,0,20260928,MODEL_V2_TCN_MEAN,1,-0.9897667169570923,0.27095815539360046,4,V2-004-D2-TCNMEAN-F00-S20260928,f219483150b0da6c9efc8908cf7aafee80feffd12bcfdd491381d5991ec6101f
d37b631efa676d2d729eec88662c310786ce7104c6fcd6e46c7130c1e6e55ebf,MITDB_P203,203,30000000,0,20260928,MODEL_V2_TCN_MEAN,0,-1.6065815687179565,0.16706375777721405,4,V2-004-D2-TCNMEAN-F00-S20260928,f219483150b0da6c9efc8908cf7aafee80feffd12bcfdd491381d5991ec6101f
d3e97ac283cbbdaffb12c6f4b26c8fa8d659b3adf6b412895e364f8160e32c3b,MITDB_P105,105,1630000000,0,20260928,MODEL_V2_TCN_MEAN,0,-1.4410914182662964,0.19137638807296753,4,V2-004-D2-TCNMEAN-F00-S20260928,f219483150b0da6c9efc8908cf7aafee80feffd12bcfdd491381d5991ec6101f
d4145ab7a5db2f58c3f13a22cffd898af64eb7da317a85ffebac37a97a014a9b,MITDB_P105,105,1805000000,0,20260928,MODEL_V2_TCN_MEAN,0,-5.009721279144287,0.00662853242829442,4,V2-004-D2-TCNMEAN-F00-S20260928,f219483150b0da6c9efc8908cf7aafee80feffd12bcfdd491381d5991ec6101f
d422fde19007067469b23dc4134611fd04640397f4e024587b1eac53ad151eac,MITDB_P209,209,1405000000,0,20260928,MODEL_V2_TCN_MEAN,1,-3.7906458377838135,0.02208237163722515,4,V2-004-D2-TCNMEAN-F00-S20260928,f219483150b0da6c9efc8908cf7aafee80feffd12bcfdd491381d5991ec6101f
d45c9432b9f6e8e7a6748c33fa36703a0e9bacf7d0718ace0841d74a92e1d6ee,MITDB_P124,124,745000000,0,20260928,MODEL_V2_TCN_MEAN,0,-6.472807884216309,0.0015424988232553005,4,V2-004-D2-TCNMEAN-F00-S20260928,f219483150b0da6c9efc8908cf7aafee80feffd12bcfdd491381d5991ec6101f
d4ea0543f47af9378cf0f7123e18c56c5fe79de6386342dc2479b472ba6511e0,MITDB_P209,209,790000000,0,20260928,MODEL_V2_TCN_MEAN,1,3.4737939834594727,0.9699328541755676,4,V2-004-D2-TCNMEAN-F00-S20260928,f219483150b0da6c9efc8908cf7aafee80feffd12bcfdd491381d5991ec6101f
d4ecf4013d2a9de10bf3b44b08b1ec5e3d928cca68469866badd90f10da6297a,MITDB_P212,212,110000000,0,20260928,MODEL_V2_TCN_MEAN,0,-3.4715888500213623,0.030131515115499496,4,V2-004-D2-TCNMEAN-F00-S20260928,f219483150b0da6c9efc8908cf7aafee80feffd12bcfdd491381d5991ec6101f
d50ae4048e04932051ba47c7a7c672d8a37fc585b939be69bdef630f070c0675,MITDB_P105,105,500000000,0,20260928,MODEL_V2_TCN_MEAN,0,-5.275392532348633,0.005089908372610807,4,V2-004-D2-TCNMEAN-F00-S20260928,f219483150b0da6c9efc8908cf7aafee80feffd12bcfdd491381d5991ec6101f
d52fd555fc57d7a30766554a1265e99f21eb83aec6f78df0fb382ea96b0d112d,MITDB_P105,105,1520000000,0,20260928,MODEL_V2_TCN_MEAN,0,-2.7451531887054443,0.06036096811294556,4,V2-004-D2-TCNMEAN-F00-S20260928,f219483150b0da6c9efc8908cf7aafee80feffd12bcfdd491381d5991ec6101f
d53efd9971d6b8b8cdc7feb6b2fb6b8980b9ab31df44819c52ef030f18da0940,MITDB_P105,105,455000000,0,20260928,MODEL_V2_TCN_MEAN,1,-3.608231782913208,0.026384705677628517,4,V2-004-D2-TCNMEAN-F00-S20260928,f219483150b0da6c9efc8908cf7aafee80feffd12bcfdd491381d5991ec6101f
d587075f81b8a1c8ffd1f389e0003838e572a79bbb6413b3d99bafd1d5e4d48b,MITDB_P203,203,1260000000,0,20260928,MODEL_V2_TCN_MEAN,1,7.043403625488281,0.9991275668144226,4,V2-004-D2-TCNMEAN-F00-S20260928,f219483150b0da6c9efc8908cf7aafee80feffd12bcfdd491381d5991ec6101f
d59a0967d2ff8b3931badd79b9df0791c8bb842f193579385771c5b0c0fcd609,MITDB_P212,212,250000000,0,20260928,MODEL_V2_TCN_MEAN,0,-3.4248812198638916,0.031526848673820496,4,V2-004-D2-TCNMEAN-F00-S20260928,f219483150b0da6c9efc8908cf7aafee80feffd12bcfdd491381d5991ec6101f
d59c96b03c602e2b12f29288bfd22c989d1c20d87fc0193862e11ceed75d8507,MITDB_P209,209,205000000,0,20260928,MODEL_V2_TCN_MEAN,0,-4.932729244232178,0.007155240513384342,4,V2-004-D2-TCNMEAN-F00-S20260928,f219483150b0da6c9efc8908cf7aafee80feffd12bcfdd491381d5991ec6101f
d5bdc65e02b41b638d0936395ad352b505f8cb6d102be5b47fb8fc76118b3109,MITDB_P209,209,1355000000,0,20260928,MODEL_V2_TCN_MEAN,0,-6.3062286376953125,0.0018215784803032875,4,V2-004-D2-TCNMEAN-F00-S20260928,f219483150b0da6c9efc8908cf7aafee80feffd12bcfdd491381d5991ec6101f
d5cae65ef993d727a23352611e4b604710424ec51ae1d2109e3ddeb2be14e78e,MITDB_P124,124,820000000,0,20260928,MODEL_V2_TCN_MEAN,0,-5.213935852050781,0.0054107834585011005,4,V2-004-D2-TCNMEAN-F00-S20260928,f219483150b0da6c9efc8908cf7aafee80feffd12bcfdd491381d5991ec6101f
d5d1bd8b0e49281f3cf047a0a82a86285bd54621bdd5315d70afe021774e23a8,MITDB_P209,209,1315000000,0,20260928,MODEL_V2_TCN_MEAN,0,-6.323920726776123,0.001789691625162959,4,V2-004-D2-TCNMEAN-F00-S20260928,f219483150b0da6c9efc8908cf7aafee80feffd12bcfdd491381d5991ec6101f
d63fda57a655fc1bad4d1c310da0b11451052bbd82c4c85d12664e3430f2b046,MITDB_P212,212,1220000000,0,20260928,MODEL_V2_TCN_MEAN,0,-4.125503063201904,0.01589851826429367,4,V2-004-D2-TCNMEAN-F00-S20260928,f219483150b0da6c9efc8908cf7aafee80feffd12bcfdd491381d5991ec6101f
d6491f78cccea44e34172d520fbbfc8d8d568941606d089b0bb60d11d664c506,MITDB_P209,209,1780000000,0,20260928,MODEL_V2_TCN_MEAN,1,-4.554080963134766,0.010414563119411469,4,V2-004-D2-TCNMEAN-F00-S20260928,f219483150b0da6c9efc8908cf7aafee80feffd12bcfdd491381d5991ec6101f
d67c049bf3cdcb56a4420b3eb7781a9497db315a7238243ab148319f9084981e,MITDB_P203,203,245000000,0,20260928,MODEL_V2_TCN_MEAN,0,-1.7424306869506836,0.14900445938110352,4,V2-004-D2-TCNMEAN-F00-S20260928,f219483150b0da6c9efc8908cf7aafee80feffd12bcfdd491381d5991ec6101f
d67ce42e19bbf8bcfa9ffff0e24c86e50aeb2b94ad2a9618fd95b463e5337e77,MITDB_P212,212,1065000000,0,20260928,MODEL_V2_TCN_MEAN,0,-2.638343334197998,0.06671110540628433,4,V2-004-D2-TCNMEAN-F00-S20260928,f219483150b0da6c9efc8908cf7aafee80feffd12bcfdd491381d5991ec6101f
d68c046221acdfe30c129c42ac1779d10ea1371fe891edb10cdd003acafb9af7,MITDB_P124,124,230000000,0,20260928,MODEL_V2_TCN_MEAN,0,-0.35876497626304626,0.4112585783004761,4,V2-004-D2-TCNMEAN-F00-S20260928,f219483150b0da6c9efc8908cf7aafee80feffd12bcfdd491381d5991ec6101f
d697af01c63159cd52191b0a66dc8902a606d5aa23ed9b943c3baa0f6ebc657e,MITDB_P203,203,530000000,0,20260928,MODEL_V2_TCN_MEAN,1,1.9435006380081177,0.8747361898422241,4,V2-004-D2-TCNMEAN-F00-S20260928,f219483150b0da6c9efc8908cf7aafee80feffd12bcfdd491381d5991ec6101f
d6980be4e2c3f464bc5a8ca14a0003c053b037566cd4b78907b952158a50edcb,MITDB_P209,209,460000000,0,20260928,MODEL_V2_TCN_MEAN,0,-6.879583835601807,0.0010275151580572128,4,V2-004-D2-TCNMEAN-F00-S20260928,f219483150b0da6c9efc8908cf7aafee80feffd12bcfdd491381d5991ec6101f
d6b9bee03458e1027a7e31accea7b38bd1cbb1565d6ec5be6e0e7d3fc28f6431,MITDB_P124,124,1370000000,0,20260928,MODEL_V2_TCN_MEAN,0,-5.262850284576416,0.005153818521648645,4,V2-004-D2-TCNMEAN-F00-S20260928,f219483150b0da6c9efc8908cf7aafee80feffd12bcfdd491381d5991ec6101f
d6b9d43e68c1cc62efa765018d2b9cce9eab60ef56644f4b82cf21da6dc64a45,MITDB_P222,222,20000000,0,20260928,MODEL_V2_TCN_MEAN,0,-5.018754005432129,0.006569319870322943,4,V2-004-D2-TCNMEAN-F00-S20260928,f219483150b0da6c9efc8908cf7aafee80feffd12bcfdd491381d5991ec6101f
d6d54a6e403bea046e232d7132a0c0d4a32e805cdef7bc1f6dd9d56024ecb001,MITDB_P124,124,1670000000,0,20260928,MODEL_V2_TCN_MEAN,1,-0.41378262639045715,0.3980054557323456,4,V2-004-D2-TCNMEAN-F00-S20260928,f219483150b0da6c9efc8908cf7aafee80feffd12bcfdd491381d5991ec6101f
d6ea1e74f36c3915cafda4091654ed18a29ce8f004db8784f897304b8ab58497,MITDB_P124,124,240000000,0,20260928,MODEL_V2_TCN_MEAN,0,-0.6730443239212036,0.337815523147583,4,V2-004-D2-TCNMEAN-F00-S20260928,f219483150b0da6c9efc8908cf7aafee80feffd12bcfdd491381d5991ec6101f
d742316dddd2c828c4b7cf623dcc523e1fe0d336fd31e6e8d24d4d740a718420,MITDB_P124,124,1430000000,0,20260928,MODEL_V2_TCN_MEAN,0,-6.505609512329102,0.0014927975134924054,4,V2-004-D2-TCNMEAN-F00-S20260928,f219483150b0da6c9efc8908cf7aafee80feffd12bcfdd491381d5991ec6101f
d75c485f71188ed7a569bd1ff461c63eaee91ce3a582ccdb0f078830b0b6dfdc,MITDB_P203,203,895000000,0,20260928,MODEL_V2_TCN_MEAN,1,8.01062297821045,0.9996682405471802,4,V2-004-D2-TCNMEAN-F00-S20260928,f219483150b0da6c9efc8908cf7aafee80feffd12bcfdd491381d5991ec6101f
d78bb0593d94ce9651e0a201dddf58eb85c442719f3e1dd2f55f8a3a00c7f3dd,MITDB_P124,124,860000000,0,20260928,MODEL_V2_TCN_MEAN,0,-6.6958770751953125,0.0012344715651124716,4,V2-004-D2-TCNMEAN-F00-S20260928,f219483150b0da6c9efc8908cf7aafee80feffd12bcfdd491381d5991ec6101f
d7bbea64d7d161a982f27605a35bf4836101cb72bce38fd5743030ec5be90295,MITDB_P124,124,960000000,0,20260928,MODEL_V2_TCN_MEAN,0,-5.713909149169922,0.0032888955902308226,4,V2-004-D2-TCNMEAN-F00-S20260928,f219483150b0da6c9efc8908cf7aafee80feffd12bcfdd491381d5991ec6101f
d7e37ea6109e8ba7d24ca4caa58513de774471ca3f9a8c3fb4f189eef678b527,MITDB_P222,222,660000000,0,20260928,MODEL_V2_TCN_MEAN,0,-3.5210249423980713,0.028719890862703323,4,V2-004-D2-TCNMEAN-F00-S20260928,f219483150b0da6c9efc8908cf7aafee80feffd12bcfdd491381d5991ec6101f
d7e8afeeb4b9773415a77c960fd67d480024f07b9f126e5c2f3a4c189463b3a5,MITDB_P203,203,1600000000,0,20260928,MODEL_V2_TCN_MEAN,1,10.103968620300293,0.9999591112136841,4,V2-004-D2-TCNMEAN-F00-S20260928,f219483150b0da6c9efc8908cf7aafee80feffd12bcfdd491381d5991ec6101f
d8302f6e0bb05f6e06694f9e41bf7b5a6d800a36dac7a3f83f02d92ad0857ee7,MITDB_P212,212,990000000,0,20260928,MODEL_V2_TCN_MEAN,0,-7.3734917640686035,0.0006272789323702455,4,V2-004-D2-TCNMEAN-F00-S20260928,f219483150b0da6c9efc8908cf7aafee80feffd12bcfdd491381d5991ec6101f
d83579317512a82955c22fa52c894dd6d91ec8277a1fc6f72e0e0c656f7809ed,MITDB_P124,124,1550000000,0,20260928,MODEL_V2_TCN_MEAN,0,-6.6982622146606445,0.0012315342901274562,4,V2-004-D2-TCNMEAN-F00-S20260928,f219483150b0da6c9efc8908cf7aafee80feffd12bcfdd491381d5991ec6101f
d856b0253e22e424a8feb45bb4d111be9bdd7bbe4d2d9ccc24c39950d4416a29,MITDB_P203,203,1175000000,0,20260928,MODEL_V2_TCN_MEAN,1,5.698727607727051,0.9966609477996826,4,V2-004-D2-TCNMEAN-F00-S20260928,f219483150b0da6c9efc8908cf7aafee80feffd12bcfdd491381d5991ec6101f
d893d0369d24a78d00580c471dde14baa1706c3783455e41ba143a9f2f943edb,MITDB_P105,105,290000000,0,20260928,MODEL_V2_TCN_MEAN,1,-1.6041111946105957,0.1674077957868576,4,V2-004-D2-TCNMEAN-F00-S20260928,f219483150b0da6c9efc8908cf7aafee80feffd12bcfdd491381d5991ec6101f
d8c9c301f7862da08dc2c42e8c26fe187c6a73e706239c05765911a79bfc2425,MITDB_P212,212,1210000000,0,20260928,MODEL_V2_TCN_MEAN,0,-3.1855809688568115,0.039711955934762955,4,V2-004-D2-TCNMEAN-F00-S20260928,f219483150b0da6c9efc8908cf7aafee80feffd12bcfdd491381d5991ec6101f
d94317bdf75bdedcf506249a8c6d18a803b75d2bec363f96f80e6ef9746075b0,MITDB_P105,105,895000000,0,20260928,MODEL_V2_TCN_MEAN,0,-5.202556610107422,0.005472367163747549,4,V2-004-D2-TCNMEAN-F00-S20260928,f219483150b0da6c9efc8908cf7aafee80feffd12bcfdd491381d5991ec6101f
d9539409db9e6d233ce6ac8829aa1315d436ecece5d9407dc1c1dce7655eb5ba,MITDB_P203,203,570000000,0,20260928,MODEL_V2_TCN_MEAN,1,4.178563594818115,0.9849106669425964,4,V2-004-D2-TCNMEAN-F00-S20260928,f219483150b0da6c9efc8908cf7aafee80feffd12bcfdd491381d5991ec6101f
d9559deb994cff8375793459801e4457fc83704fd92bd59950e6d85fc9860065,MITDB_P124,124,65000000,0,20260928,MODEL_V2_TCN_MEAN,0,1.0712722539901733,0.7448387742042542,4,V2-004-D2-TCNMEAN-F00-S20260928,f219483150b0da6c9efc8908cf7aafee80feffd12bcfdd491381d5991ec6101f
d968a332511a12e64f51d5bce0d8f2e24a2668919de44f06ee64d0a6492327bd,MITDB_P105,105,1200000000,0,20260928,MODEL_V2_TCN_MEAN,0,0.7373385429382324,0.6764135956764221,4,V2-004-D2-TCNMEAN-F00-S20260928,f219483150b0da6c9efc8908cf7aafee80feffd12bcfdd491381d5991ec6101f
d9f46df2d915008c103dd0a0fa4bdb0838595ff008d3934d2d80e8abada2d81d,MITDB_P203,203,715000000,0,20260928,MODEL_V2_TCN_MEAN,1,11.762245178222656,0.9999922513961792,4,V2-004-D2-TCNMEAN-F00-S20260928,f219483150b0da6c9efc8908cf7aafee80feffd12bcfdd491381d5991ec6101f
d9f5763341385bef6cdbfb6469d7c09e7db74ef650627b40d230bd120e85b86f,MITDB_P203,203,1300000000,0,20260928,MODEL_V2_TCN_MEAN,1,2.447892904281616,0.920407235622406,4,V2-004-D2-TCNMEAN-F00-S20260928,f219483150b0da6c9efc8908cf7aafee80feffd12bcfdd491381d5991ec6101f
da0026da979689ee2e72a1eb0080af60cb6b623acad6d69d4e4c0b18e07a5e0f,MITDB_P209,209,1080000000,0,20260928,MODEL_V2_TCN_MEAN,1,-4.048342227935791,0.017151957377791405,4,V2-004-D2-TCNMEAN-F00-S20260928,f219483150b0da6c9efc8908cf7aafee80feffd12bcfdd491381d5991ec6101f
da00569dce458cf0bfac944c2eb402bb0675d6aecfc4992dd615f1e1a5d06fd0,MITDB_P222,222,705000000,0,20260928,MODEL_V2_TCN_MEAN,1,-0.09188529849052429,0.47704482078552246,4,V2-004-D2-TCNMEAN-F00-S20260928,f219483150b0da6c9efc8908cf7aafee80feffd12bcfdd491381d5991ec6101f
da2080ed67aca7ac9ae5b14cb079b92387db369e14827ea14be8b75308f572c1,MITDB_P203,203,1570000000,0,20260928,MODEL_V2_TCN_MEAN,1,3.805856704711914,0.9782437086105347,4,V2-004-D2-TCNMEAN-F00-S20260928,f219483150b0da6c9efc8908cf7aafee80feffd12bcfdd491381d5991ec6101f
da8aab93f99b3bd336e072dfe310c265be943016b40e4d2eb328027e5b396857,MITDB_P222,222,495000000,0,20260928,MODEL_V2_TCN_MEAN,0,-6.855195999145508,0.0010528553975746036,4,V2-004-D2-TCNMEAN-F00-S20260928,f219483150b0da6c9efc8908cf7aafee80feffd12bcfdd491381d5991ec6101f
da93dd20ff78a0308b4e766e3339231560fd4439e581a6b4cba6105f0b800a2b,MITDB_P124,124,460000000,0,20260928,MODEL_V2_TCN_MEAN,0,-6.124599456787109,0.002183588920161128,4,V2-004-D2-TCNMEAN-F00-S20260928,f219483150b0da6c9efc8908cf7aafee80feffd12bcfdd491381d5991ec6101f
daabecf1c87ea66e7d757f1f82db2c30da76769de011f8b49adeee78021fc3b7,MITDB_P124,124,175000000,0,20260928,MODEL_V2_TCN_MEAN,0,-2.136323928833008,0.10561613738536835,4,V2-004-D2-TCNMEAN-F00-S20260928,f219483150b0da6c9efc8908cf7aafee80feffd12bcfdd491381d5991ec6101f
dac8e3a4c44d822734630be1719cd8a1e48b14e5049c40a48dda89f34bc24933,MITDB_P212,212,1450000000,0,20260928,MODEL_V2_TCN_MEAN,0,-4.7863006591796875,0.008274231106042862,4,V2-004-D2-TCNMEAN-F00-S20260928,f219483150b0da6c9efc8908cf7aafee80feffd12bcfdd491381d5991ec6101f
daddf5520cf42c9dfc3ac654fa06fe39cadfa192fe34fff3635906265c8ca7d8,MITDB_P124,124,540000000,0,20260928,MODEL_V2_TCN_MEAN,0,-6.407726287841797,0.0016460551414638758,4,V2-004-D2-TCNMEAN-F00-S20260928,f219483150b0da6c9efc8908cf7aafee80feffd12bcfdd491381d5991ec6101f
daedae7c16a63d50f46330a65d91c308272c929d2a514d512b317c47d4db81aa,MITDB_P203,203,445000000,0,20260928,MODEL_V2_TCN_MEAN,1,10.115518569946289,0.9999595880508423,4,V2-004-D2-TCNMEAN-F00-S20260928,f219483150b0da6c9efc8908cf7aafee80feffd12bcfdd491381d5991ec6101f
daf592563c8af20c0f19bdf9163d078bbb867555b9ed8ccfcd2097c6cb898c81,MITDB_P212,212,825000000,0,20260928,MODEL_V2_TCN_MEAN,0,-2.3745453357696533,0.08513445407152176,4,V2-004-D2-TCNMEAN-F00-S20260928,f219483150b0da6c9efc8908cf7aafee80feffd12bcfdd491381d5991ec6101f
dafff53f9f0c62322946bdd088fd82ee2d5e1bd9076879655ddc1139ab433c2e,MITDB_P209,209,1390000000,0,20260928,MODEL_V2_TCN_MEAN,0,-6.270901679992676,0.0018869558116421103,4,V2-004-D2-TCNMEAN-F00-S20260928,f219483150b0da6c9efc8908cf7aafee80feffd12bcfdd491381d5991ec6101f
db04cc8e2ac8fd67231cb9bdcae6dc4e15b7a8ef1dc8d9541d8d2e21d1e6d313,MITDB_P209,209,120000000,0,20260928,MODEL_V2_TCN_MEAN,1,-3.5343213081359863,0.028351303189992905,4,V2-004-D2-TCNMEAN-F00-S20260928,f219483150b0da6c9efc8908cf7aafee80feffd12bcfdd491381d5991ec6101f
db0aef197916a3ad12533cf5f7d9d9ee012a00bbf006aece826cfd48cc8e1dcd,MITDB_P105,105,1210000000,0,20260928,MODEL_V2_TCN_MEAN,1,0.23145636916160583,0.557607114315033,4,V2-004-D2-TCNMEAN-F00-S20260928,f219483150b0da6c9efc8908cf7aafee80feffd12bcfdd491381d5991ec6101f
db14881fea807532bbccdd269e3e8ccce3d3884827d11c2dfc2ff3b68b47f9b9,MITDB_P124,124,1585000000,0,20260928,MODEL_V2_TCN_MEAN,0,-6.5391130447387695,0.001443682936951518,4,V2-004-D2-TCNMEAN-F00-S20260928,f219483150b0da6c9efc8908cf7aafee80feffd12bcfdd491381d5991ec6101f
db40b3a8257f0b49423b8e8ff0db74cf51b7da10379e7a82c00dc9a0f10c8196,MITDB_P124,124,725000000,0,20260928,MODEL_V2_TCN_MEAN,0,-6.066173076629639,0.0023146646562963724,4,V2-004-D2-TCNMEAN-F00-S20260928,f219483150b0da6c9efc8908cf7aafee80feffd12bcfdd491381d5991ec6101f
db489d446431c94b0c8798ccfd9cb9366597d46d90d14cedc624cfdaaa30f1c4,MITDB_P105,105,1175000000,0,20260928,MODEL_V2_TCN_MEAN,0,-5.689632415771484,0.003369443817064166,4,V2-004-D2-TCNMEAN-F00-S20260928,f219483150b0da6c9efc8908cf7aafee80feffd12bcfdd491381d5991ec6101f
dbb2c5106304ec3684803a9026aa454613443c56e211254f843b588079e33574,MITDB_P209,209,1250000000,0,20260928,MODEL_V2_TCN_MEAN,0,-5.44758939743042,0.004288205876946449,4,V2-004-D2-TCNMEAN-F00-S20260928,f219483150b0da6c9efc8908cf7aafee80feffd12bcfdd491381d5991ec6101f
dbb797f4a5cb38c6bfa076d0bd3ceee6c3b2d32c67e509f7454f78cb186c5403,MITDB_P212,212,1120000000,0,20260928,MODEL_V2_TCN_MEAN,0,-7.171575546264648,0.0007675220258533955,4,V2-004-D2-TCNMEAN-F00-S20260928,f219483150b0da6c9efc8908cf7aafee80feffd12bcfdd491381d5991ec6101f
dbc5ed00c34aeeb14ce79c160fff4117c183a673bd52030163d2ee5ba38113e8,MITDB_P105,105,1690000000,0,20260928,MODEL_V2_TCN_MEAN,0,5.137757301330566,0.994163453578949,4,V2-004-D2-TCNMEAN-F00-S20260928,f219483150b0da6c9efc8908cf7aafee80feffd12bcfdd491381d5991ec6101f
dbca6378a5c265ffb30913e4e6b66c7482423ab6a4236ec12277200fb7688b8f,MITDB_P222,222,965000000,0,20260928,MODEL_V2_TCN_MEAN,1,3.580561876296997,0.972895085811615,4,V2-004-D2-TCNMEAN-F00-S20260928,f219483150b0da6c9efc8908cf7aafee80feffd12bcfdd491381d5991ec6101f
dbea3c28d1dee772b85cc0a5f01a2102f54605cb518e80a3c89009145251c197,MITDB_P203,203,1805000000,0,20260928,MODEL_V2_TCN_MEAN,0,-2.803967237472534,0.057110171765089035,4,V2-004-D2-TCNMEAN-F00-S20260928,f219483150b0da6c9efc8908cf7aafee80feffd12bcfdd491381d5991ec6101f
dc5f8e1bde66604586e39613419a5cfdb1d3f016a7e0f16de3a34d54fc845628,MITDB_P212,212,405000000,0,20260928,MODEL_V2_TCN_MEAN,0,-2.3946337699890137,0.0835828185081482,4,V2-004-D2-TCNMEAN-F00-S20260928,f219483150b0da6c9efc8908cf7aafee80feffd12bcfdd491381d5991ec6101f
dcad39f7670bf6657edaaa11fa7407bc8c1056c5aaa501e33a74b18531b61cd3,MITDB_P203,203,1705000000,0,20260928,MODEL_V2_TCN_MEAN,1,7.413453102111816,0.9993972778320312,4,V2-004-D2-TCNMEAN-F00-S20260928,f219483150b0da6c9efc8908cf7aafee80feffd12bcfdd491381d5991ec6101f
dcb43f423b4118172160a1ffc70d532d6552f2eab24a53e74d2bfbd956f0585b,MITDB_P209,209,1385000000,0,20260928,MODEL_V2_TCN_MEAN,0,-6.467798709869385,0.001550232875160873,4,V2-004-D2-TCNMEAN-F00-S20260928,f219483150b0da6c9efc8908cf7aafee80feffd12bcfdd491381d5991ec6101f
dcd461fc64ab70854fc4462ebfa5731c2dfd05b430f7ba4237997d2d5a2317a5,MITDB_P124,124,830000000,0,20260928,MODEL_V2_TCN_MEAN,1,1.9264403581619263,0.8728549480438232,4,V2-004-D2-TCNMEAN-F00-S20260928,f219483150b0da6c9efc8908cf7aafee80feffd12bcfdd491381d5991ec6101f
dcd84fe4913067cb2cea964885b88d1f33f3fd7c76fcb9c165d5cb9632e761aa,MITDB_P105,105,485000000,0,20260928,MODEL_V2_TCN_MEAN,1,-1.5450129508972168,0.17580772936344147,4,V2-004-D2-TCNMEAN-F00-S20260928,f219483150b0da6c9efc8908cf7aafee80feffd12bcfdd491381d5991ec6101f
dce6ad091e7f80f553e55e669f473bc6d3108af465e71accaf9a3e75d73c4671,MITDB_P222,222,850000000,0,20260928,MODEL_V2_TCN_MEAN,1,4.502662658691406,0.9890419840812683,4,V2-004-D2-TCNMEAN-F00-S20260928,f219483150b0da6c9efc8908cf7aafee80feffd12bcfdd491381d5991ec6101f
dce8e94e50013829126fb729f99319517d1f8adf8451910029ab2e4c4863c193,MITDB_P212,212,790000000,0,20260928,MODEL_V2_TCN_MEAN,0,-7.003199100494385,0.0009081439930014312,4,V2-004-D2-TCNMEAN-F00-S20260928,f219483150b0da6c9efc8908cf7aafee80feffd12bcfdd491381d5991ec6101f
dcf8f1b8685055d53dde7a756c00330e24f135580976c25bf139e9fc429fed4c,MITDB_P209,209,1610000000,0,20260928,MODEL_V2_TCN_MEAN,1,-3.104525089263916,0.04292098432779312,4,V2-004-D2-TCNMEAN-F00-S20260928,f219483150b0da6c9efc8908cf7aafee80feffd12bcfdd491381d5991ec6101f
dd1d7217bef6d5a191ddc52ee722dfcf16f5e7006f44a4619c4803b395a4b751,MITDB_P222,222,1585000000,0,20260928,MODEL_V2_TCN_MEAN,0,1.7214419841766357,0.8483145236968994,4,V2-004-D2-TCNMEAN-F00-S20260928,f219483150b0da6c9efc8908cf7aafee80feffd12bcfdd491381d5991ec6101f
dd2b85dfaaec42e040bc3203176ad6b7319a0b16d1caa6f0cfd0b4eb6c8f83cf,MITDB_P209,209,1570000000,0,20260928,MODEL_V2_TCN_MEAN,0,-6.814292907714844,0.0010967650450766087,4,V2-004-D2-TCNMEAN-F00-S20260928,f219483150b0da6c9efc8908cf7aafee80feffd12bcfdd491381d5991ec6101f
dd6333697f259e96fb4ae97082932fd07b86754125c4273e5084c78385c54d3b,MITDB_P212,212,1185000000,0,20260928,MODEL_V2_TCN_MEAN,0,-2.9685542583465576,0.0488668754696846,4,V2-004-D2-TCNMEAN-F00-S20260928,f219483150b0da6c9efc8908cf7aafee80feffd12bcfdd491381d5991ec6101f
dd66ca58c2bd63758dcc35f2ad425fdde6edffd84860517b80369264017fef5a,MITDB_P212,212,905000000,0,20260928,MODEL_V2_TCN_MEAN,0,-3.3661954402923584,0.03336881101131439,4,V2-004-D2-TCNMEAN-F00-S20260928,f219483150b0da6c9efc8908cf7aafee80feffd12bcfdd491381d5991ec6101f
dd7e3fb41cd617c30705f6a874d68db71a4fc97f0c355da7009ffc5d6e9fce95,MITDB_P203,203,595000000,0,20260928,MODEL_V2_TCN_MEAN,1,7.657984733581543,0.9995279312133789,4,V2-004-D2-TCNMEAN-F00-S20260928,f219483150b0da6c9efc8908cf7aafee80feffd12bcfdd491381d5991ec6101f
dd9f71fd09c6cf16da9e122205834ee01562e4f85eb287f477c2e0f4cc717d67,MITDB_P203,203,440000000,0,20260928,MODEL_V2_TCN_MEAN,1,6.722192764282227,0.9987975358963013,4,V2-004-D2-TCNMEAN-F00-S20260928,f219483150b0da6c9efc8908cf7aafee80feffd12bcfdd491381d5991ec6101f
ddc13ab6e6bd5a3397d023f1509706c24b4e6bd3ffff92fb6099b83a7a8c7863,MITDB_P105,105,1615000000,0,20260928,MODEL_V2_TCN_MEAN,1,-1.2846624851226807,0.2167576104402542,4,V2-004-D2-TCNMEAN-F00-S20260928,f219483150b0da6c9efc8908cf7aafee80feffd12bcfdd491381d5991ec6101f
dde891ef4f6b4e54451662df8d9c97d2aeef98c29eb7b4749913d90f2da22af0,MITDB_P105,105,870000000,0,20260928,MODEL_V2_TCN_MEAN,1,-1.3996444940567017,0.19787253439426422,4,V2-004-D2-TCNMEAN-F00-S20260928,f219483150b0da6c9efc8908cf7aafee80feffd12bcfdd491381d5991ec6101f
ddf6e7c46684107f313f01431f5536227a5d2aa2e9bc2a60d0c43046f1693438,MITDB_P212,212,925000000,0,20260928,MODEL_V2_TCN_MEAN,0,-2.589980363845825,0.06978605687618256,4,V2-004-D2-TCNMEAN-F00-S20260928,f219483150b0da6c9efc8908cf7aafee80feffd12bcfdd491381d5991ec6101f
ddf826b22d34ee3f276e5d28f97e4fc90d093a03bd27bd3bbd40a4e661eb6de2,MITDB_P209,209,395000000,0,20260928,MODEL_V2_TCN_MEAN,1,-0.1653464138507843,0.45875731110572815,4,V2-004-D2-TCNMEAN-F00-S20260928,f219483150b0da6c9efc8908cf7aafee80feffd12bcfdd491381d5991ec6101f
de039e7d56a919b7bfa281443a166aa7e45083d33d6b24be2eb11146b954df65,MITDB_P124,124,1180000000,0,20260928,MODEL_V2_TCN_MEAN,0,-4.140006065368652,0.015673194080591202,4,V2-004-D2-TCNMEAN-F00-S20260928,f219483150b0da6c9efc8908cf7aafee80feffd12bcfdd491381d5991ec6101f
de09abcce8d113f8d1714f50a468500ec3b49c76300d88e0a5a3b99b1eeb863e,MITDB_P209,209,595000000,0,20260928,MODEL_V2_TCN_MEAN,1,-5.8449554443359375,0.002886109985411167,4,V2-004-D2-TCNMEAN-F00-S20260928,f219483150b0da6c9efc8908cf7aafee80feffd12bcfdd491381d5991ec6101f
de0bbaba3c6ea2a61bad77a57acfcddc7af0f83110f0e31e81a493ebe2a234da,MITDB_P222,222,1695000000,0,20260928,MODEL_V2_TCN_MEAN,0,-0.8996033668518066,0.2891320288181305,4,V2-004-D2-TCNMEAN-F00-S20260928,f219483150b0da6c9efc8908cf7aafee80feffd12bcfdd491381d5991ec6101f
de1fbfdee6c14ff613814239e652e5ce098d248cbcb52ac39fd5a89b2341d667,MITDB_P203,203,905000000,0,20260928,MODEL_V2_TCN_MEAN,1,8.865501403808594,0.9998588562011719,4,V2-004-D2-TCNMEAN-F00-S20260928,f219483150b0da6c9efc8908cf7aafee80feffd12bcfdd491381d5991ec6101f
de65d49c31a07a01b3e75da022190611cb0f82eace302d9fafe4137a46a356c7,MITDB_P203,203,775000000,0,20260928,MODEL_V2_TCN_MEAN,1,9.064308166503906,0.9998842477798462,4,V2-004-D2-TCNMEAN-F00-S20260928,f219483150b0da6c9efc8908cf7aafee80feffd12bcfdd491381d5991ec6101f
de7857e45e6267ce2f37923c385cf8a5a0be16708aa2fcf3bb40952f38a3f5e2,MITDB_P203,203,1240000000,0,20260928,MODEL_V2_TCN_MEAN,1,5.677205562591553,0.9965885877609253,4,V2-004-D2-TCNMEAN-F00-S20260928,f219483150b0da6c9efc8908cf7aafee80feffd12bcfdd491381d5991ec6101f
dedc2fab16b65d7c1594e9d4e68310cbe7e6ec4fc77e8bdecc7aba3dc731cc79,MITDB_P105,105,325000000,0,20260928,MODEL_V2_TCN_MEAN,0,-5.916028022766113,0.0026886388659477234,4,V2-004-D2-TCNMEAN-F00-S20260928,f219483150b0da6c9efc8908cf7aafee80feffd12bcfdd491381d5991ec6101f
df309fe51dbc3b4e7235fd01f9740f83299485f2503f421af761a81af4ae06a8,MITDB_P209,209,1480000000,0,20260928,MODEL_V2_TCN_MEAN,0,-6.430027484893799,0.0016098108608275652,4,V2-004-D2-TCNMEAN-F00-S20260928,f219483150b0da6c9efc8908cf7aafee80feffd12bcfdd491381d5991ec6101f
df3ca375f51d036c945475518d641c131adb90d479881382fad0b7d3d5c38d5a,MITDB_P212,212,270000000,0,20260928,MODEL_V2_TCN_MEAN,0,-2.3223202228546143,0.08929120749235153,4,V2-004-D2-TCNMEAN-F00-S20260928,f219483150b0da6c9efc8908cf7aafee80feffd12bcfdd491381d5991ec6101f
df3d4892c71aa7b9e2e78e1a18a45a228258dec16382b7bacea908a9135791b8,MITDB_P203,203,1245000000,0,20260928,MODEL_V2_TCN_MEAN,1,7.8559370040893555,0.9996127486228943,4,V2-004-D2-TCNMEAN-F00-S20260928,f219483150b0da6c9efc8908cf7aafee80feffd12bcfdd491381d5991ec6101f
df544169a16ae427383b751624f42cc62be5913f399447593f3f66e411ffab62,MITDB_P222,222,1115000000,0,20260928,MODEL_V2_TCN_MEAN,0,-3.6656486988067627,0.024949178099632263,4,V2-004-D2-TCNMEAN-F00-S20260928,f219483150b0da6c9efc8908cf7aafee80feffd12bcfdd491381d5991ec6101f
dfad57b304b0f786d201d16367d9a5817cf300e42e42543acdcb3c962f5bdfbc,MITDB_P222,222,1725000000,0,20260928,MODEL_V2_TCN_MEAN,0,-1.3525413274765015,0.2054552137851715,4,V2-004-D2-TCNMEAN-F00-S20260928,f219483150b0da6c9efc8908cf7aafee80feffd12bcfdd491381d5991ec6101f
dfb51b10d439d6bc7125b7e68b93d404bd717d23cb1af48b965e5fee92ceeb7e,MITDB_P209,209,1430000000,0,20260928,MODEL_V2_TCN_MEAN,0,-5.390335559844971,0.004539739806205034,4,V2-004-D2-TCNMEAN-F00-S20260928,f219483150b0da6c9efc8908cf7aafee80feffd12bcfdd491381d5991ec6101f
e00301a053dc49cd44ef8b849e988a239413945ca1f618eae1189de484d7fe51,MITDB_P222,222,260000000,0,20260928,MODEL_V2_TCN_MEAN,0,-4.983306407928467,0.006804749835282564,4,V2-004-D2-TCNMEAN-F00-S20260928,f219483150b0da6c9efc8908cf7aafee80feffd12bcfdd491381d5991ec6101f
e0110ccbb119ec11db81e045679170ddcc38dd1a04cf27e2d5911373f7499b67,MITDB_P105,105,910000000,0,20260928,MODEL_V2_TCN_MEAN,0,-5.193996906280518,0.005519150756299496,4,V2-004-D2-TCNMEAN-F00-S20260928,f219483150b0da6c9efc8908cf7aafee80feffd12bcfdd491381d5991ec6101f
e047e3656b9872367601451cf8e41b9a3313202d9e5407a95afdc72e841f54fd,MITDB_P124,124,1355000000,0,20260928,MODEL_V2_TCN_MEAN,0,-6.992740631103516,0.0009176827734336257,4,V2-004-D2-TCNMEAN-F00-S20260928,f219483150b0da6c9efc8908cf7aafee80feffd12bcfdd491381d5991ec6101f
e09975a134a907280ab2fc749cf37a9b9b23fb6df55c3057f22bb124cd7209b1,MITDB_P212,212,1625000000,0,20260928,MODEL_V2_TCN_MEAN,0,-8.86244010925293,0.00014158905833028257,4,V2-004-D2-TCNMEAN-F00-S20260928,f219483150b0da6c9efc8908cf7aafee80feffd12bcfdd491381d5991ec6101f
e0e61c928f4034955f6007503c18e37a28cfab48d48a9484a7e4d357734e0fd6,MITDB_P209,209,1345000000,0,20260928,MODEL_V2_TCN_MEAN,0,-6.60636043548584,0.0013499181950464845,4,V2-004-D2-TCNMEAN-F00-S20260928,f219483150b0da6c9efc8908cf7aafee80feffd12bcfdd491381d5991ec6101f
e12240a856c22b60a3baf1cbcfac639fcd7509a5e1e36e2cd60938c6da5ba87f,MITDB_P209,209,1065000000,0,20260928,MODEL_V2_TCN_MEAN,0,-5.476240158081055,0.004167594015598297,4,V2-004-D2-TCNMEAN-F00-S20260928,f219483150b0da6c9efc8908cf7aafee80feffd12bcfdd491381d5991ec6101f
e144cb37aa3a61618f865c29f0e6dfd103e81c8155660532138f43b8bde925b8,MITDB_P124,124,1515000000,0,20260928,MODEL_V2_TCN_MEAN,0,-5.020751953125,0.006556293461471796,4,V2-004-D2-TCNMEAN-F00-S20260928,f219483150b0da6c9efc8908cf7aafee80feffd12bcfdd491381d5991ec6101f
e15cc182e1bdf6fb10ae9ed3d68a738573266d69ce7ba0bfe93da8d2402c71eb,MITDB_P203,203,1195000000,0,20260928,MODEL_V2_TCN_MEAN,1,0.12938526272773743,0.5323012471199036,4,V2-004-D2-TCNMEAN-F00-S20260928,f219483150b0da6c9efc8908cf7aafee80feffd12bcfdd491381d5991ec6101f
e1b301a16729695609d8b551abc4e892817928eef7e1ae968d9e12eea3db39cc,MITDB_P222,222,125000000,0,20260928,MODEL_V2_TCN_MEAN,0,-2.729153871536255,0.06127481162548065,4,V2-004-D2-TCNMEAN-F00-S20260928,f219483150b0da6c9efc8908cf7aafee80feffd12bcfdd491381d5991ec6101f
e1ea8e55c1c0f1eea9688ed1a7bad4e7cf5d6364db5e8f8fcbfc703c6e3ec8f4,MITDB_P105,105,305000000,0,20260928,MODEL_V2_TCN_MEAN,1,-0.13195672631263733,0.46705859899520874,4,V2-004-D2-TCNMEAN-F00-S20260928,f219483150b0da6c9efc8908cf7aafee80feffd12bcfdd491381d5991ec6101f
e1eb62563a257ec892b30fbf2cc5b5fcc7af54d8402b4e18b51d11332562646a,MITDB_P124,124,1155000000,0,20260928,MODEL_V2_TCN_MEAN,0,-3.7709429264068604,0.022511880844831467,4,V2-004-D2-TCNMEAN-F00-S20260928,f219483150b0da6c9efc8908cf7aafee80feffd12bcfdd491381d5991ec6101f
e238d6406460b9172974e2700357490cc72efb8a29f180a5ecf3ef0ed911ce62,MITDB_P222,222,1595000000,0,20260928,MODEL_V2_TCN_MEAN,1,1.8142403364181519,0.8598735332489014,4,V2-004-D2-TCNMEAN-F00-S20260928,f219483150b0da6c9efc8908cf7aafee80feffd12bcfdd491381d5991ec6101f
e2438c18af6f75aaaae7c0472b89cd2e8d969609b4874de95266920f7fde5559,MITDB_P105,105,1165000000,0,20260928,MODEL_V2_TCN_MEAN,0,-4.300552845001221,0.013379618525505066,4,V2-004-D2-TCNMEAN-F00-S20260928,f219483150b0da6c9efc8908cf7aafee80feffd12bcfdd491381d5991ec6101f
e26cf6a04375fb1496b5e0d6cd616594c814b6f1ae05cf71b708048339c8bc29,MITDB_P212,212,1535000000,0,20260928,MODEL_V2_TCN_MEAN,0,-5.20989465713501,0.005432575009763241,4,V2-004-D2-TCNMEAN-F00-S20260928,f219483150b0da6c9efc8908cf7aafee80feffd12bcfdd491381d5991ec6101f
e288467651d5a52714d738582d515614db6ed00f80341da0ea28b97a1ecfec85,MITDB_P105,105,1015000000,0,20260928,MODEL_V2_TCN_MEAN,0,-4.456325531005859,0.011471797712147236,4,V2-004-D2-TCNMEAN-F00-S20260928,f219483150b0da6c9efc8908cf7aafee80feffd12bcfdd491381d5991ec6101f
e2ae3e6aaf1e37e3555e54b50bed0a203fd256b945b5ee7cf801ef50d6aea41f,MITDB_P209,209,20000000,0,20260928,MODEL_V2_TCN_MEAN,0,-5.673061370849609,0.0034255515784025192,4,V2-004-D2-TCNMEAN-F00-S20260928,f219483150b0da6c9efc8908cf7aafee80feffd12bcfdd491381d5991ec6101f
e2cb62f1af3a04650953056555b523014da22755f59f00979670294b62a0d620,MITDB_P124,124,1785000000,0,20260928,MODEL_V2_TCN_MEAN,0,-7.617300033569336,0.0004916262114420533,4,V2-004-D2-TCNMEAN-F00-S20260928,f219483150b0da6c9efc8908cf7aafee80feffd12bcfdd491381d5991ec6101f
e2d27437996e1ce308a53a1f802f0644fa17a131341020a5951cccdf17538925,MITDB_P203,203,510000000,0,20260928,MODEL_V2_TCN_MEAN,1,7.608860969543457,0.9995042085647583,4,V2-004-D2-TCNMEAN-F00-S20260928,f219483150b0da6c9efc8908cf7aafee80feffd12bcfdd491381d5991ec6101f
e2d29ca52eaae08d01831bad78e2cc43e7b29ba5636566daef01a2708fe65350,MITDB_P222,222,1420000000,0,20260928,MODEL_V2_TCN_MEAN,1,3.5142178535461426,0.9710896015167236,4,V2-004-D2-TCNMEAN-F00-S20260928,f219483150b0da6c9efc8908cf7aafee80feffd12bcfdd491381d5991ec6101f
e2f6bcb200fba3b95a3ab7f56332c7fc51668647bf2d55d4c2b8139489ae0ba6,MITDB_P124,124,1400000000,0,20260928,MODEL_V2_TCN_MEAN,0,-6.909348487854004,0.0009974122513085604,4,V2-004-D2-TCNMEAN-F00-S20260928,f219483150b0da6c9efc8908cf7aafee80feffd12bcfdd491381d5991ec6101f
e320ec408bb88a76e6ce2a2a0e975fe8d33e06cf339c8dcb72750960b42bdb74,MITDB_P203,203,795000000,0,20260928,MODEL_V2_TCN_MEAN,0,-1.006476640701294,0.2676699459552765,4,V2-004-D2-TCNMEAN-F00-S20260928,f219483150b0da6c9efc8908cf7aafee80feffd12bcfdd491381d5991ec6101f
e32896619633f464719d67dab40fede8bf23a360a3563e1bf78fea5fe2ee777f,MITDB_P209,209,1545000000,0,20260928,MODEL_V2_TCN_MEAN,1,-6.515120983123779,0.0014786870451644063,4,V2-004-D2-TCNMEAN-F00-S20260928,f219483150b0da6c9efc8908cf7aafee80feffd12bcfdd491381d5991ec6101f
e3a33084e46cdbc3832db06e343a351cfa82889e990aaf0b9e71ca760afb4847,MITDB_P203,203,1780000000,0,20260928,MODEL_V2_TCN_MEAN,1,8.116842269897461,0.9997015595436096,4,V2-004-D2-TCNMEAN-F00-S20260928,f219483150b0da6c9efc8908cf7aafee80feffd12bcfdd491381d5991ec6101f
e3a4297b2e45e31f85de58e3f960b82f84eb0048a52606843459e387bb8f2b2e,MITDB_P212,212,915000000,0,20260928,MODEL_V2_TCN_MEAN,0,-1.7947659492492676,0.14248940348625183,4,V2-004-D2-TCNMEAN-F00-S20260928,f219483150b0da6c9efc8908cf7aafee80feffd12bcfdd491381d5991ec6101f
e3b8537ec2be85742a5c212b5beb4a736f3d90deafd78bd7e9efc96c7e0f16e0,MITDB_P105,105,470000000,0,20260928,MODEL_V2_TCN_MEAN,1,-3.083996057510376,0.04377225041389465,4,V2-004-D2-TCNMEAN-F00-S20260928,f219483150b0da6c9efc8908cf7aafee80feffd12bcfdd491381d5991ec6101f
e3f3bad08b01fce356ab071a24031e3e46ba34c5de5710cbb02c3ed95d14b4f6,MITDB_P222,222,640000000,0,20260928,MODEL_V2_TCN_MEAN,0,0.5851315259933472,0.6422473192214966,4,V2-004-D2-TCNMEAN-F00-S20260928,f219483150b0da6c9efc8908cf7aafee80feffd12bcfdd491381d5991ec6101f
e425438565fa5fdae80ad5b0ce2eb977f7c7f5413f6eb3c8db67e4b05587f733,MITDB_P212,212,1785000000,0,20260928,MODEL_V2_TCN_MEAN,0,-8.25694751739502,0.0002593824465293437,4,V2-004-D2-TCNMEAN-F00-S20260928,f219483150b0da6c9efc8908cf7aafee80feffd12bcfdd491381d5991ec6101f
e43a5d42e34ca2237f1b3d88bf8a3b887695c142ce1bc94eb653d703dd4914ac,MITDB_P212,212,1665000000,0,20260928,MODEL_V2_TCN_MEAN,0,-7.904820919036865,0.00036882443237118423,4,V2-004-D2-TCNMEAN-F00-S20260928,f219483150b0da6c9efc8908cf7aafee80feffd12bcfdd491381d5991ec6101f
e445e1bf185bfec8d387c8c923c8c25ed5007847085fb409c8a3fc42292d03a5,MITDB_P105,105,1050000000,0,20260928,MODEL_V2_TCN_MEAN,0,-2.273399829864502,0.09335006773471832,4,V2-004-D2-TCNMEAN-F00-S20260928,f219483150b0da6c9efc8908cf7aafee80feffd12bcfdd491381d5991ec6101f
e446ca514890ccad32c85f0a4e154c8ec03fba016a50f617afbc6c5147531beb,MITDB_P222,222,785000000,0,20260928,MODEL_V2_TCN_MEAN,0,0.2746218144893646,0.5682271718978882,4,V2-004-D2-TCNMEAN-F00-S20260928,f219483150b0da6c9efc8908cf7aafee80feffd12bcfdd491381d5991ec6101f
e447f8633f27e05cd8f9c4c2e933e1de0d7b2391016a33f54423311db00074e9,MITDB_P209,209,170000000,0,20260928,MODEL_V2_TCN_MEAN,0,-5.087218284606934,0.006137274671345949,4,V2-004-D2-TCNMEAN-F00-S20260928,f219483150b0da6c9efc8908cf7aafee80feffd12bcfdd491381d5991ec6101f
e474defe8228136c46dc57147729106553053cf0b9604c1bd5f9404c1bb80e1a,MITDB_P203,203,310000000,0,20260928,MODEL_V2_TCN_MEAN,1,6.113938808441162,0.9977930784225464,4,V2-004-D2-TCNMEAN-F00-S20260928,f219483150b0da6c9efc8908cf7aafee80feffd12bcfdd491381d5991ec6101f
e47ea95842196662bc69f8cb195ac62a7becdf3327dd9dd8e4c05dde7bcd7780,MITDB_P203,203,335000000,0,20260928,MODEL_V2_TCN_MEAN,0,1.4500056505203247,0.8099992871284485,4,V2-004-D2-TCNMEAN-F00-S20260928,f219483150b0da6c9efc8908cf7aafee80feffd12bcfdd491381d5991ec6101f
e48a4b8507e158add844ac3dd47c5398d11d4e2824d93cad0f445808cecff8fe,MITDB_P212,212,1370000000,0,20260928,MODEL_V2_TCN_MEAN,0,-8.511436462402344,0.00020111422054469585,4,V2-004-D2-TCNMEAN-F00-S20260928,f219483150b0da6c9efc8908cf7aafee80feffd12bcfdd491381d5991ec6101f
e48af2bd1af182faf6a3f62e6633b5767cfce107c9c6f91acfae4ebec504a43d,MITDB_P222,222,1495000000,0,20260928,MODEL_V2_TCN_MEAN,0,0.13729992508888245,0.5342711806297302,4,V2-004-D2-TCNMEAN-F00-S20260928,f219483150b0da6c9efc8908cf7aafee80feffd12bcfdd491381d5991ec6101f
e4a7c1d171300580c2307ef6b4cc905e479ad2e81823262ee03ef77878fd0f60,MITDB_P105,105,60000000,0,20260928,MODEL_V2_TCN_MEAN,1,0.3130206763744354,0.5776224136352539,4,V2-004-D2-TCNMEAN-F00-S20260928,f219483150b0da6c9efc8908cf7aafee80feffd12bcfdd491381d5991ec6101f
e4a806639f288c1f4525145005120f37d02925528b013c43cdc08476acf9973a,MITDB_P203,203,55000000,0,20260928,MODEL_V2_TCN_MEAN,1,7.183763027191162,0.999241828918457,4,V2-004-D2-TCNMEAN-F00-S20260928,f219483150b0da6c9efc8908cf7aafee80feffd12bcfdd491381d5991ec6101f
e4bdf70fa1ee2df815776c95326562d0f51938e7f6e34097bf57d7bd0ff8944f,MITDB_P212,212,1320000000,0,20260928,MODEL_V2_TCN_MEAN,0,-5.106572151184082,0.006020344793796539,4,V2-004-D2-TCNMEAN-F00-S20260928,f219483150b0da6c9efc8908cf7aafee80feffd12bcfdd491381d5991ec6101f
e4c1679b71445cbde9527854790195232fceecf56da261a2723ac1dcdb90df49,MITDB_P209,209,155000000,0,20260928,MODEL_V2_TCN_MEAN,1,-2.8802061080932617,0.05314076319336891,4,V2-004-D2-TCNMEAN-F00-S20260928,f219483150b0da6c9efc8908cf7aafee80feffd12bcfdd491381d5991ec6101f
e501bc25aa36664bb1188f63b16a41b93063fc7e645bb83173c950eec8d767a4,MITDB_P222,222,1155000000,0,20260928,MODEL_V2_TCN_MEAN,1,2.776871919631958,0.941413164138794,4,V2-004-D2-TCNMEAN-F00-S20260928,f219483150b0da6c9efc8908cf7aafee80feffd12bcfdd491381d5991ec6101f
e5176ae90e293aee63f60473e97afabc98ed371aac0556ffe2b91dca2a9041b7,MITDB_P203,203,675000000,0,20260928,MODEL_V2_TCN_MEAN,1,4.950083255767822,0.9929670095443726,4,V2-004-D2-TCNMEAN-F00-S20260928,f219483150b0da6c9efc8908cf7aafee80feffd12bcfdd491381d5991ec6101f
e517d10708c4b337e3a5787c3587505a5849f06979ac07b628d84f2ed1ce6220,MITDB_P105,105,395000000,0,20260928,MODEL_V2_TCN_MEAN,0,-6.242762088775635,0.0019407036015763879,4,V2-004-D2-TCNMEAN-F00-S20260928,f219483150b0da6c9efc8908cf7aafee80feffd12bcfdd491381d5991ec6101f
e525895e9af11e0296f65ff8fa3a6494d963af0f7818c1ffc4c35646a1502328,MITDB_P203,203,910000000,0,20260928,MODEL_V2_TCN_MEAN,1,4.109904766082764,0.9838555455207825,4,V2-004-D2-TCNMEAN-F00-S20260928,f219483150b0da6c9efc8908cf7aafee80feffd12bcfdd491381d5991ec6101f
e5553d063a0c5aea74c28b235f3184fdef026e148efb36a28d7dac1049df02cf,MITDB_P105,105,1675000000,0,20260928,MODEL_V2_TCN_MEAN,0,-2.3854620456695557,0.08428802341222763,4,V2-004-D2-TCNMEAN-F00-S20260928,f219483150b0da6c9efc8908cf7aafee80feffd12bcfdd491381d5991ec6101f
e571ee943f50d05510edb033986e7c5a7347e652becf9c5a7181ca818da39165,MITDB_P124,124,1335000000,0,20260928,MODEL_V2_TCN_MEAN,0,-7.246679306030273,0.0007120292284525931,4,V2-004-D2-TCNMEAN-F00-S20260928,f219483150b0da6c9efc8908cf7aafee80feffd12bcfdd491381d5991ec6101f
e58660949dbaeb09f256d3757180185fb400d3e6f0afd60a5ae58c4dcc2ddc7b,MITDB_P203,203,1160000000,0,20260928,MODEL_V2_TCN_MEAN,1,8.137239456176758,0.9997076392173767,4,V2-004-D2-TCNMEAN-F00-S20260928,f219483150b0da6c9efc8908cf7aafee80feffd12bcfdd491381d5991ec6101f
e5c6518e7dfd339beb044b50f43cdc61217675580f8b5b350b715178a25c7680,MITDB_P222,222,1400000000,0,20260928,MODEL_V2_TCN_MEAN,1,4.264558792114258,0.986136794090271,4,V2-004-D2-TCNMEAN-F00-S20260928,f219483150b0da6c9efc8908cf7aafee80feffd12bcfdd491381d5991ec6101f
e5d51269348759ebf53f8497eb7fa0eca518be772f82b7ff52009dc2542f6201,MITDB_P222,222,165000000,0,20260928,MODEL_V2_TCN_MEAN,0,-7.038080215454102,0.0008770402637310326,4,V2-004-D2-TCNMEAN-F00-S20260928,f219483150b0da6c9efc8908cf7aafee80feffd12bcfdd491381d5991ec6101f
e5f57e3692c3677f003f820ae2d93fd31cba8878e98680a226b6bf9c29ca5c71,MITDB_P203,203,1225000000,0,20260928,MODEL_V2_TCN_MEAN,1,7.479331970214844,0.9994357228279114,4,V2-004-D2-TCNMEAN-F00-S20260928,f219483150b0da6c9efc8908cf7aafee80feffd12bcfdd491381d5991ec6101f
e5fea9c84d0942315d6155545e820d157f76bc1c2ab3e01d661a7ef42253f2e3,MITDB_P203,203,740000000,0,20260928,MODEL_V2_TCN_MEAN,1,-1.5806610584259033,0.17070187628269196,4,V2-004-D2-TCNMEAN-F00-S20260928,f219483150b0da6c9efc8908cf7aafee80feffd12bcfdd491381d5991ec6101f
e5ffde72eb694ae6edc586284d347d2e7c0cf576a37e6f6fcb49929f65d41d8b,MITDB_P105,105,70000000,0,20260928,MODEL_V2_TCN_MEAN,1,-0.07680514454841614,0.48080816864967346,4,V2-004-D2-TCNMEAN-F00-S20260928,f219483150b0da6c9efc8908cf7aafee80feffd12bcfdd491381d5991ec6101f
e602b6da24dd29332122d79e23cdbcbefba7817b5f57c89b329342fd1d6920c2,MITDB_P209,209,1400000000,0,20260928,MODEL_V2_TCN_MEAN,1,-4.043903350830078,0.017226947471499443,4,V2-004-D2-TCNMEAN-F00-S20260928,f219483150b0da6c9efc8908cf7aafee80feffd12bcfdd491381d5991ec6101f
e6209dc367c05da9d31f99c0471892587145c0cba115470f2df50dd0f016eb42,MITDB_P105,105,920000000,0,20260928,MODEL_V2_TCN_MEAN,0,-5.512890815734863,0.004018216393887997,4,V2-004-D2-TCNMEAN-F00-S20260928,f219483150b0da6c9efc8908cf7aafee80feffd12bcfdd491381d5991ec6101f
e6615e7fcd843614b53f9c0a08aebef5cbfb6cdea304b334ab452f22ce55e0f5,MITDB_P105,105,260000000,0,20260928,MODEL_V2_TCN_MEAN,0,-3.822004556655884,0.021415241062641144,4,V2-004-D2-TCNMEAN-F00-S20260928,f219483150b0da6c9efc8908cf7aafee80feffd12bcfdd491381d5991ec6101f
e6749c969548292234f3063b5e13605468f381a1bb0070d1714a2502af7251eb,MITDB_P222,222,630000000,0,20260928,MODEL_V2_TCN_MEAN,1,4.451565742492676,0.9884740710258484,4,V2-004-D2-TCNMEAN-F00-S20260928,f219483150b0da6c9efc8908cf7aafee80feffd12bcfdd491381d5991ec6101f
e677b8acadc3f69a649ede8467c5656b1d34db13d3e830c8281c0c3a475cdf4b,MITDB_P203,203,1230000000,0,20260928,MODEL_V2_TCN_MEAN,1,4.335304260253906,0.9870714545249939,4,V2-004-D2-TCNMEAN-F00-S20260928,f219483150b0da6c9efc8908cf7aafee80feffd12bcfdd491381d5991ec6101f
e678a46373df70ff44a07153939254df0c781807313bec6702b8240f520c7c19,MITDB_P124,124,395000000,0,20260928,MODEL_V2_TCN_MEAN,0,-6.900274276733398,0.0010064949747174978,4,V2-004-D2-TCNMEAN-F00-S20260928,f219483150b0da6c9efc8908cf7aafee80feffd12bcfdd491381d5991ec6101f
e6b2311af14f9e09589d705aa4fcf15215eb346850f4f4d6825e32fd1ebc8aeb,MITDB_P203,203,45000000,0,20260928,MODEL_V2_TCN_MEAN,1,1.972706913948059,0.8779016137123108,4,V2-004-D2-TCNMEAN-F00-S20260928,f219483150b0da6c9efc8908cf7aafee80feffd12bcfdd491381d5991ec6101f
e6dacb1d68cdb11ee93355cb6d47cb3c4787fe06a9502f4de05841ed05c093e9,MITDB_P209,209,1240000000,0,20260928,MODEL_V2_TCN_MEAN,1,-3.09552264213562,0.043292321264743805,4,V2-004-D2-TCNMEAN-F00-S20260928,f219483150b0da6c9efc8908cf7aafee80feffd12bcfdd491381d5991ec6101f
e740966d6ea37f6488a0967859fae56707b9ba6bb22f4d87afd16455d4e9bb8c,MITDB_P203,203,280000000,0,20260928,MODEL_V2_TCN_MEAN,1,5.988354682922363,0.9974984526634216,4,V2-004-D2-TCNMEAN-F00-S20260928,f219483150b0da6c9efc8908cf7aafee80feffd12bcfdd491381d5991ec6101f
e7576993ecdcd078d0c13e787517c6a1fedf6942f5246a4f4352646938707ade,MITDB_P209,209,1030000000,0,20260928,MODEL_V2_TCN_MEAN,1,-5.457612037658691,0.004245623014867306,4,V2-004-D2-TCNMEAN-F00-S20260928,f219483150b0da6c9efc8908cf7aafee80feffd12bcfdd491381d5991ec6101f
e758ba4e279a5a928e6566314eaa8cde80f9059581393531a14ff16b2017c242,MITDB_P222,222,795000000,0,20260928,MODEL_V2_TCN_MEAN,1,0.007342547178268433,0.5018356442451477,4,V2-004-D2-TCNMEAN-F00-S20260928,f219483150b0da6c9efc8908cf7aafee80feffd12bcfdd491381d5991ec6101f
e75940597da73560de182dc8ba426f49674149a9781d5540b4c5025e39280fbb,MITDB_P209,209,570000000,0,20260928,MODEL_V2_TCN_MEAN,1,-0.3028436601161957,0.42486247420310974,4,V2-004-D2-TCNMEAN-F00-S20260928,f219483150b0da6c9efc8908cf7aafee80feffd12bcfdd491381d5991ec6101f
e77f64823f4ec4cd8f26ce4a27ba1ead91a6d607504214c8709debec6024d9d1,MITDB_P209,209,800000000,0,20260928,MODEL_V2_TCN_MEAN,1,-0.8369953632354736,0.30216798186302185,4,V2-004-D2-TCNMEAN-F00-S20260928,f219483150b0da6c9efc8908cf7aafee80feffd12bcfdd491381d5991ec6101f
e785dd875c89076e185c2412ac4a4757c7026c4f00859bc06efbd79941377ad7,MITDB_P212,212,1510000000,0,20260928,MODEL_V2_TCN_MEAN,0,-4.672304630279541,0.009264069609344006,4,V2-004-D2-TCNMEAN-F00-S20260928,f219483150b0da6c9efc8908cf7aafee80feffd12bcfdd491381d5991ec6101f
e7af02828739b3cb79037ff515fe452fe81ef14b13a984899783a41f9df30422,MITDB_P222,222,1755000000,0,20260928,MODEL_V2_TCN_MEAN,0,-1.4925247430801392,0.18354307115077972,4,V2-004-D2-TCNMEAN-F00-S20260928,f219483150b0da6c9efc8908cf7aafee80feffd12bcfdd491381d5991ec6101f
e7cd492db9ea3f0efd320707d7b7303517d60b775d09219561fb1a98a2c8824a,MITDB_P222,222,1710000000,0,20260928,MODEL_V2_TCN_MEAN,0,-0.4868200123310089,0.38064295053482056,4,V2-004-D2-TCNMEAN-F00-S20260928,f219483150b0da6c9efc8908cf7aafee80feffd12bcfdd491381d5991ec6101f
e7dfd79800237e179c4c499a49c4ed65c3738fec14e9cad3cfd57c934158f956,MITDB_P203,203,1795000000,0,20260928,MODEL_V2_TCN_MEAN,1,6.569013595581055,0.9985987544059753,4,V2-004-D2-TCNMEAN-F00-S20260928,f219483150b0da6c9efc8908cf7aafee80feffd12bcfdd491381d5991ec6101f
e7ebfd598c33a370be0f967e3d2baa0b1b80277573446e8093ee5e2b9100d979,MITDB_P105,105,580000000,0,20260928,MODEL_V2_TCN_MEAN,0,-4.7362871170043945,0.008694888092577457,4,V2-004-D2-TCNMEAN-F00-S20260928,f219483150b0da6c9efc8908cf7aafee80feffd12bcfdd491381d5991ec6101f
e7ec213caeb21cec2e8628a3a3ae6d55fbfd43a8814c57a9ff1bef4665c8be74,MITDB_P212,212,740000000,0,20260928,MODEL_V2_TCN_MEAN,0,-2.9101266860961914,0.051655225455760956,4,V2-004-D2-TCNMEAN-F00-S20260928,f219483150b0da6c9efc8908cf7aafee80feffd12bcfdd491381d5991ec6101f
e81711286bcc418face340fe6a7749bde1aab204117ce82faae886ee08732a83,MITDB_P222,222,1325000000,0,20260928,MODEL_V2_TCN_MEAN,1,4.653703689575195,0.9905636310577393,4,V2-004-D2-TCNMEAN-F00-S20260928,f219483150b0da6c9efc8908cf7aafee80feffd12bcfdd491381d5991ec6101f
e855fe12294fff5692dd89694430b17a1432ef40004ab563fb28518854fc1f3b,MITDB_P209,209,1805000000,0,20260928,MODEL_V2_TCN_MEAN,1,-6.332326889038086,0.0017747366800904274,4,V2-004-D2-TCNMEAN-F00-S20260928,f219483150b0da6c9efc8908cf7aafee80feffd12bcfdd491381d5991ec6101f
e881861e81b36fece1971c99557fba2b28770a36e2af129422d3fb4a7685c8a9,MITDB_P124,124,1090000000,0,20260928,MODEL_V2_TCN_MEAN,0,-3.6233391761779785,0.02599938213825226,4,V2-004-D2-TCNMEAN-F00-S20260928,f219483150b0da6c9efc8908cf7aafee80feffd12bcfdd491381d5991ec6101f
e8a8a97e090807d824d643a6a536e8fff9e0aded0d2013435e42c252721c5212,MITDB_P222,222,1640000000,0,20260928,MODEL_V2_TCN_MEAN,0,-1.4421347379684448,0.19121499359607697,4,V2-004-D2-TCNMEAN-F00-S20260928,f219483150b0da6c9efc8908cf7aafee80feffd12bcfdd491381d5991ec6101f
e8b221361e878d2981ada081beac3212611f92cecfc6e700a909370563b2b5b2,MITDB_P209,209,945000000,0,20260928,MODEL_V2_TCN_MEAN,1,-5.170650959014893,0.005648779682815075,4,V2-004-D2-TCNMEAN-F00-S20260928,f219483150b0da6c9efc8908cf7aafee80feffd12bcfdd491381d5991ec6101f
e8c579fcf3cb9e6d741d1e4abb86db68f69541eeeb51ef2d4ebf14b9a25989e1,MITDB_P209,209,525000000,0,20260928,MODEL_V2_TCN_MEAN,1,-5.168461322784424,0.005661092232912779,4,V2-004-D2-TCNMEAN-F00-S20260928,f219483150b0da6c9efc8908cf7aafee80feffd12bcfdd491381d5991ec6101f
e8f280fb5bfdcf3ecfb14d744e6b19bd03ba1d647e451b75b41e65663341bac8,MITDB_P209,209,1460000000,0,20260928,MODEL_V2_TCN_MEAN,0,-6.078433990478516,0.002286522649228573,4,V2-004-D2-TCNMEAN-F00-S20260928,f219483150b0da6c9efc8908cf7aafee80feffd12bcfdd491381d5991ec6101f
e8f347499a2b9e7cc2392bdfc4a598e441ea7a4542c12eb050943e63147b1303,MITDB_P105,105,815000000,0,20260928,MODEL_V2_TCN_MEAN,0,-5.786348342895508,0.003059778129681945,4,V2-004-D2-TCNMEAN-F00-S20260928,f219483150b0da6c9efc8908cf7aafee80feffd12bcfdd491381d5991ec6101f
e909adbca7b9bcdf6b8101616fb858e194bc2c3eaf314aff79235fca9a70eab7,MITDB_P212,212,1580000000,0,20260928,MODEL_V2_TCN_MEAN,0,-5.3357439041137695,0.0047932397574186325,4,V2-004-D2-TCNMEAN-F00-S20260928,f219483150b0da6c9efc8908cf7aafee80feffd12bcfdd491381d5991ec6101f
e90f38da323ed4a20d3050655cb0c3721b083afe8baf13741234115bb9bbfe5e,MITDB_P209,209,475000000,0,20260928,MODEL_V2_TCN_MEAN,1,-5.781750679016113,0.0030738352797925472,4,V2-004-D2-TCNMEAN-F00-S20260928,f219483150b0da6c9efc8908cf7aafee80feffd12bcfdd491381d5991ec6101f
e916852fadf900cf767db4b6c23f168a5afda048e972ec368182be720ff4355c,MITDB_P124,124,285000000,0,20260928,MODEL_V2_TCN_MEAN,0,-5.713846206665039,0.0032891018781811,4,V2-004-D2-TCNMEAN-F00-S20260928,f219483150b0da6c9efc8908cf7aafee80feffd12bcfdd491381d5991ec6101f
e94abb7d18830be450de9aab4865e0cb9b332274b77ec183c06a0fd1c804aca2,MITDB_P222,222,255000000,0,20260928,MODEL_V2_TCN_MEAN,0,-4.956905364990234,0.006985523272305727,4,V2-004-D2-TCNMEAN-F00-S20260928,f219483150b0da6c9efc8908cf7aafee80feffd12bcfdd491381d5991ec6101f
e94f1199ac9af27f57e3d2cf8f00905ca717106013d622a0759906f4f12acc9f,MITDB_P209,209,135000000,0,20260928,MODEL_V2_TCN_MEAN,0,-5.041197299957275,0.006424461491405964,4,V2-004-D2-TCNMEAN-F00-S20260928,f219483150b0da6c9efc8908cf7aafee80feffd12bcfdd491381d5991ec6101f
e9b55d7a1aac5ac6dfb42f2d80bb5cb55b5302373e391ac7650f0b488280373f,MITDB_P203,203,1370000000,0,20260928,MODEL_V2_TCN_MEAN,0,-0.7248493432998657,0.32632601261138916,4,V2-004-D2-TCNMEAN-F00-S20260928,f219483150b0da6c9efc8908cf7aafee80feffd12bcfdd491381d5991ec6101f
e9c5aae7ae8fdbc1bd4ef2f878a33a7cf4f3f628ef6217436d899a6e1cd252bc,MITDB_P105,105,1495000000,0,20260928,MODEL_V2_TCN_MEAN,0,-2.7326407432556152,0.061074551194906235,4,V2-004-D2-TCNMEAN-F00-S20260928,f219483150b0da6c9efc8908cf7aafee80feffd12bcfdd491381d5991ec6101f
e9c67b3aee28cfdf45b211e870ec7b59fe697ed2d4d4545ae660daf29583a248,MITDB_P203,203,1070000000,0,20260928,MODEL_V2_TCN_MEAN,1,6.171501636505127,0.9979162812232971,4,V2-004-D2-TCNMEAN-F00-S20260928,f219483150b0da6c9efc8908cf7aafee80feffd12bcfdd491381d5991ec6101f
e9d698a3da985b3d851f5e87a9df87ba79ce9174ae8b9df631130b6fb1788bb7,MITDB_P105,105,1265000000,0,20260928,MODEL_V2_TCN_MEAN,0,0.5667290687561035,0.6380080580711365,4,V2-004-D2-TCNMEAN-F00-S20260928,f219483150b0da6c9efc8908cf7aafee80feffd12bcfdd491381d5991ec6101f
ea27fe9b9fe2430c7cf2c525ba20f77b45d33d01bb5ebd38ef002ee5e98af631,MITDB_P203,203,1510000000,0,20260928,MODEL_V2_TCN_MEAN,1,2.9113500118255615,0.9484046697616577,4,V2-004-D2-TCNMEAN-F00-S20260928,f219483150b0da6c9efc8908cf7aafee80feffd12bcfdd491381d5991ec6101f
ea2d6ede5206e5ce5bc6169ffa15c881391b6e1b57ed7f41192c6b1bd80ed954,MITDB_P222,222,40000000,0,20260928,MODEL_V2_TCN_MEAN,0,-5.249302864074707,0.005223746877163649,4,V2-004-D2-TCNMEAN-F00-S20260928,f219483150b0da6c9efc8908cf7aafee80feffd12bcfdd491381d5991ec6101f
ea3beea8c10873d08c156be643fb0ef666ec1a1f531f1d86b27e6df0b5e1fe05,MITDB_P124,124,420000000,0,20260928,MODEL_V2_TCN_MEAN,0,-4.322233200073242,0.013096422888338566,4,V2-004-D2-TCNMEAN-F00-S20260928,f219483150b0da6c9efc8908cf7aafee80feffd12bcfdd491381d5991ec6101f
ea5ba75c75e29921ed78c9f99a3e36854ead66525d6ba021bb80f4a16d52ce5b,MITDB_P105,105,1595000000,0,20260928,MODEL_V2_TCN_MEAN,0,-6.123762607574463,0.002185413148254156,4,V2-004-D2-TCNMEAN-F00-S20260928,f219483150b0da6c9efc8908cf7aafee80feffd12bcfdd491381d5991ec6101f
ea5c90a1a0746ec429bb9a3ed848626cde3f14141512398133492acee43b0029,MITDB_P222,222,235000000,0,20260928,MODEL_V2_TCN_MEAN,0,-2.4920921325683594,0.07641441375017166,4,V2-004-D2-TCNMEAN-F00-S20260928,f219483150b0da6c9efc8908cf7aafee80feffd12bcfdd491381d5991ec6101f
ea69c49df8778c282a11a7bb76f2b501bd572279d76083b18b0cb7957dab07b2,MITDB_P105,105,1725000000,0,20260928,MODEL_V2_TCN_MEAN,1,-0.30120018124580383,0.4252640902996063,4,V2-004-D2-TCNMEAN-F00-S20260928,f219483150b0da6c9efc8908cf7aafee80feffd12bcfdd491381d5991ec6101f
ea7330620a798289f5606ea6e1e7246edf8abb6c4fc3f65d3e3c63a008bee09d,MITDB_P209,209,1630000000,0,20260928,MODEL_V2_TCN_MEAN,0,-4.2895827293396,0.013525205664336681,4,V2-004-D2-TCNMEAN-F00-S20260928,f219483150b0da6c9efc8908cf7aafee80feffd12bcfdd491381d5991ec6101f
ea9e9a0915129b7bf5cb7f857aeed05b62499006ccf8326ca28580897c75381e,MITDB_P203,203,185000000,0,20260928,MODEL_V2_TCN_MEAN,0,1.2383774518966675,0.7752814292907715,4,V2-004-D2-TCNMEAN-F00-S20260928,f219483150b0da6c9efc8908cf7aafee80feffd12bcfdd491381d5991ec6101f
eabb7bc8b28312652edf3153aeaffc24299ff2d4e426238a2b266007de4ede82,MITDB_P124,124,1545000000,0,20260928,MODEL_V2_TCN_MEAN,0,-6.544686317443848,0.001435670885257423,4,V2-004-D2-TCNMEAN-F00-S20260928,f219483150b0da6c9efc8908cf7aafee80feffd12bcfdd491381d5991ec6101f
eaeed8bf571e4ae061fa1b08a68abd3aae2f361a0b2022627a56360d6688401d,MITDB_P222,222,860000000,0,20260928,MODEL_V2_TCN_MEAN,0,-4.926586627960205,0.0071990108117461205,4,V2-004-D2-TCNMEAN-F00-S20260928,f219483150b0da6c9efc8908cf7aafee80feffd12bcfdd491381d5991ec6101f
eb31861443df4c042814e9fbe4974b4acf548bfdcde8a8723f19182f0ec6f6ed,MITDB_P124,124,1375000000,0,20260928,MODEL_V2_TCN_MEAN,0,-7.177441596984863,0.00076303631067276,4,V2-004-D2-TCNMEAN-F00-S20260928,f219483150b0da6c9efc8908cf7aafee80feffd12bcfdd491381d5991ec6101f
eb353f8632ba8d46e8a7ec0c94040d7a1e41d312ab44c923e256b1bb35edc5db,MITDB_P212,212,895000000,0,20260928,MODEL_V2_TCN_MEAN,0,-3.1952500343322754,0.03934486582875252,4,V2-004-D2-TCNMEAN-F00-S20260928,f219483150b0da6c9efc8908cf7aafee80feffd12bcfdd491381d5991ec6101f
eb393f2f47fd4943d00a1d726ae816cfa9868eba9ae8e15206e42de9262e45c4,MITDB_P222,222,490000000,0,20260928,MODEL_V2_TCN_MEAN,0,-4.756133079528809,0.008525487035512924,4,V2-004-D2-TCNMEAN-F00-S20260928,f219483150b0da6c9efc8908cf7aafee80feffd12bcfdd491381d5991ec6101f
eb589bea4dfb64593d48c642b0aa4490c270d091a175954c25332ae3cc058595,MITDB_P222,222,1645000000,0,20260928,MODEL_V2_TCN_MEAN,0,-0.9191831350326538,0.28512436151504517,4,V2-004-D2-TCNMEAN-F00-S20260928,f219483150b0da6c9efc8908cf7aafee80feffd12bcfdd491381d5991ec6101f
eb64ce5122f07df394d0285b75602d1e737d8f13bc034dea81aae4f67febf956,MITDB_P105,105,1155000000,0,20260928,MODEL_V2_TCN_MEAN,0,-2.4630331993103027,0.07849065959453583,4,V2-004-D2-TCNMEAN-F00-S20260928,f219483150b0da6c9efc8908cf7aafee80feffd12bcfdd491381d5991ec6101f
ebb40d37eff2ee15a78e01c2d6e96591b5e197c70a057b0eed191fce5a2c10eb,MITDB_P203,203,355000000,0,20260928,MODEL_V2_TCN_MEAN,1,2.522080898284912,0.9256753325462341,4,V2-004-D2-TCNMEAN-F00-S20260928,f219483150b0da6c9efc8908cf7aafee80feffd12bcfdd491381d5991ec6101f
ebc091e9bab8a394e18dc7833f3f7ecb818881056281a7be9de960de7d5a0936,MITDB_P209,209,1130000000,0,20260928,MODEL_V2_TCN_MEAN,0,-5.223057270050049,0.005361917428672314,4,V2-004-D2-TCNMEAN-F00-S20260928,f219483150b0da6c9efc8908cf7aafee80feffd12bcfdd491381d5991ec6101f
ebde420850cd444fd7d129e4924318ae2acbc03bf3889f304a1eb83cbe5df957,MITDB_P203,203,1050000000,0,20260928,MODEL_V2_TCN_MEAN,1,5.531013011932373,0.9960536956787109,4,V2-004-D2-TCNMEAN-F00-S20260928,f219483150b0da6c9efc8908cf7aafee80feffd12bcfdd491381d5991ec6101f
ebeb327ebaf72c18db6b79db9c91b324c56eb0e640ef9caec30115d559dd02b4,MITDB_P209,209,1335000000,0,20260928,MODEL_V2_TCN_MEAN,1,-4.9498610496521,0.007034557405859232,4,V2-004-D2-TCNMEAN-F00-S20260928,f219483150b0da6c9efc8908cf7aafee80feffd12bcfdd491381d5991ec6101f
ebf289d4f3f4ebf9f1f6c499dc8f7cba12e5c510028469387bdf4bd6796ed818,MITDB_P105,105,1040000000,0,20260928,MODEL_V2_TCN_MEAN,1,0.2794777452945709,0.5694181323051453,4,V2-004-D2-TCNMEAN-F00-S20260928,f219483150b0da6c9efc8908cf7aafee80feffd12bcfdd491381d5991ec6101f
ec0fc543455c35ec5cd8165ae01023167fa2520e1ce311ddaea6c7fb091fbc03,MITDB_P203,203,10000000,0,20260928,MODEL_V2_TCN_MEAN,1,0.8241151571273804,0.6951091885566711,4,V2-004-D2-TCNMEAN-F00-S20260928,f219483150b0da6c9efc8908cf7aafee80feffd12bcfdd491381d5991ec6101f
ec2c7e6502323e2e1d2d001146d576d186b844c1f71321653e1bf584f215de57,MITDB_P209,209,620000000,0,20260928,MODEL_V2_TCN_MEAN,1,-1.1536391973495483,0.23982498049736023,4,V2-004-D2-TCNMEAN-F00-S20260928,f219483150b0da6c9efc8908cf7aafee80feffd12bcfdd491381d5991ec6101f
ec34700500a7ac67ccc8e5b7e33608f91993b472e4787b8125a97ebca921bc8a,MITDB_P203,203,845000000,0,20260928,MODEL_V2_TCN_MEAN,1,8.39388656616211,0.9997738003730774,4,V2-004-D2-TCNMEAN-F00-S20260928,f219483150b0da6c9efc8908cf7aafee80feffd12bcfdd491381d5991ec6101f
ec4e3e98622686be640f053a198ee86c2e483ecf548820001c84190ca2e87a09,MITDB_P124,124,970000000,0,20260928,MODEL_V2_TCN_MEAN,0,-3.632859468460083,0.02575938031077385,4,V2-004-D2-TCNMEAN-F00-S20260928,f219483150b0da6c9efc8908cf7aafee80feffd12bcfdd491381d5991ec6101f
ec973e900ba224320639acfe7b31d7ceaa3b27967a333ba6352bafb318e7bb67,MITDB_P209,209,75000000,0,20260928,MODEL_V2_TCN_MEAN,1,-2.99141001701355,0.04781544953584671,4,V2-004-D2-TCNMEAN-F00-S20260928,f219483150b0da6c9efc8908cf7aafee80feffd12bcfdd491381d5991ec6101f
ec9de39a61baaf30fa874fc55d998bdb1264216ec08f44bb95b0cbad511aae27,MITDB_P212,212,785000000,0,20260928,MODEL_V2_TCN_MEAN,0,-6.948534965515137,0.0009591198759153485,4,V2-004-D2-TCNMEAN-F00-S20260928,f219483150b0da6c9efc8908cf7aafee80feffd12bcfdd491381d5991ec6101f
ececd1eba739f83272179eaeb322d0b7ccf46896380ee7b345ba1f7ce45299f8,MITDB_P124,124,1230000000,0,20260928,MODEL_V2_TCN_MEAN,0,-2.912415027618408,0.05154324695467949,4,V2-004-D2-TCNMEAN-F00-S20260928,f219483150b0da6c9efc8908cf7aafee80feffd12bcfdd491381d5991ec6101f
ecee30c0b55c151bc9dbed4e6ba5352f888376fe8c98f2c0f3a0d0c576b3db85,MITDB_P105,105,1380000000,0,20260928,MODEL_V2_TCN_MEAN,0,-2.4304263591766357,0.080881766974926,4,V2-004-D2-TCNMEAN-F00-S20260928,f219483150b0da6c9efc8908cf7aafee80feffd12bcfdd491381d5991ec6101f
ed0b32509df4467a686a61626fce717083107859a0d5d4ef97cf99d16620d36d,MITDB_P212,212,1355000000,0,20260928,MODEL_V2_TCN_MEAN,0,-7.61452579498291,0.0004929913557134569,4,V2-004-D2-TCNMEAN-F00-S20260928,f219483150b0da6c9efc8908cf7aafee80feffd12bcfdd491381d5991ec6101f
ed0b63d7bacfd45d78a02a9392a4fe7365224565350a47b8d8d271a06e712429,MITDB_P105,105,1440000000,0,20260928,MODEL_V2_TCN_MEAN,0,-3.63754940032959,0.025641944259405136,4,V2-004-D2-TCNMEAN-F00-S20260928,f219483150b0da6c9efc8908cf7aafee80feffd12bcfdd491381d5991ec6101f
ed511e79105c7c403bb8e7c2795d1e8e8fb7b937d713a5fee86a317e16083b9f,MITDB_P222,222,560000000,0,20260928,MODEL_V2_TCN_MEAN,1,-0.7621554136276245,0.3181785047054291,4,V2-004-D2-TCNMEAN-F00-S20260928,f219483150b0da6c9efc8908cf7aafee80feffd12bcfdd491381d5991ec6101f
ed6c19f9c133bc79619b64e805b8f1ae6052c3187a7dcff6bb4e626a91b873ae,MITDB_P222,222,990000000,0,20260928,MODEL_V2_TCN_MEAN,0,0.22718599438667297,0.5565534830093384,4,V2-004-D2-TCNMEAN-F00-S20260928,f219483150b0da6c9efc8908cf7aafee80feffd12bcfdd491381d5991ec6101f
eddad1f5107bd7e69900eadea5c47ed12218fc4bb7703dac6c5bc20791d8d14b,MITDB_P124,124,1805000000,0,20260928,MODEL_V2_TCN_MEAN,0,-6.733086585998535,0.0011894352501258254,4,V2-004-D2-TCNMEAN-F00-S20260928,f219483150b0da6c9efc8908cf7aafee80feffd12bcfdd491381d5991ec6101f
edee8890cb20af310c5de2164641ff6a4a2af949ded7f593c50ec1591ac0204c,MITDB_P209,209,555000000,0,20260928,MODEL_V2_TCN_MEAN,1,-5.703034400939941,0.003324737073853612,4,V2-004-D2-TCNMEAN-F00-S20260928,f219483150b0da6c9efc8908cf7aafee80feffd12bcfdd491381d5991ec6101f
edfc9046da700f1881d598708998b726e45acace7817d38eed54b8947690bd1e,MITDB_P124,124,950000000,0,20260928,MODEL_V2_TCN_MEAN,0,-3.648892879486084,0.025360053405165672,4,V2-004-D2-TCNMEAN-F00-S20260928,f219483150b0da6c9efc8908cf7aafee80feffd12bcfdd491381d5991ec6101f
ee3515785e7808450aae84aaaa5857f258bef0ccaf8501ee94ddb7697b710733,MITDB_P124,124,35000000,0,20260928,MODEL_V2_TCN_MEAN,0,-2.976269245147705,0.04850953444838524,4,V2-004-D2-TCNMEAN-F00-S20260928,f219483150b0da6c9efc8908cf7aafee80feffd12bcfdd491381d5991ec6101f
ee49b1984ee1721a6393aa0cebc8d826ee444a9b8461089540e4730ab6c79dcc,MITDB_P124,124,1705000000,0,20260928,MODEL_V2_TCN_MEAN,0,-7.489994049072266,0.0005583344027400017,4,V2-004-D2-TCNMEAN-F00-S20260928,f219483150b0da6c9efc8908cf7aafee80feffd12bcfdd491381d5991ec6101f
ee5de16222af722914eb29394024307d7013097591b992168c05fd4a9edaa1a1,MITDB_P209,209,385000000,0,20260928,MODEL_V2_TCN_MEAN,1,-1.3774585723876953,0.2014174908399582,4,V2-004-D2-TCNMEAN-F00-S20260928,f219483150b0da6c9efc8908cf7aafee80feffd12bcfdd491381d5991ec6101f
ee6b5eb11dde405bb4f556a01edb4ed0784c25ed953a9cb5c11b28a2e910dbed,MITDB_P203,203,1800000000,0,20260928,MODEL_V2_TCN_MEAN,1,3.721036672592163,0.9763633012771606,4,V2-004-D2-TCNMEAN-F00-S20260928,f219483150b0da6c9efc8908cf7aafee80feffd12bcfdd491381d5991ec6101f
eea1913268a8e93a788839bc2d36822c9fd906cec83d76330faee2a9960ac902,MITDB_P222,222,690000000,0,20260928,MODEL_V2_TCN_MEAN,1,4.847987174987793,0.9922168254852295,4,V2-004-D2-TCNMEAN-F00-S20260928,f219483150b0da6c9efc8908cf7aafee80feffd12bcfdd491381d5991ec6101f
eebe5369ec41559446a5a265b95769bfb53033fee9de56aea4908d98b8a691ba,MITDB_P203,203,1040000000,0,20260928,MODEL_V2_TCN_MEAN,1,6.898486614227295,0.9989916682243347,4,V2-004-D2-TCNMEAN-F00-S20260928,f219483150b0da6c9efc8908cf7aafee80feffd12bcfdd491381d5991ec6101f
eedf769dee3726de783f6489b35b5c73d4825c366e093eb0e8b6b4c16a639f0f,MITDB_P212,212,1470000000,0,20260928,MODEL_V2_TCN_MEAN,0,-6.9869208335876465,0.0009230341529473662,4,V2-004-D2-TCNMEAN-F00-S20260928,f219483150b0da6c9efc8908cf7aafee80feffd12bcfdd491381d5991ec6101f
eef23b30e37146bf0969342e62578970a6b97e954a1fc52f69cc6e88cc73fb9b,MITDB_P209,209,880000000,0,20260928,MODEL_V2_TCN_MEAN,0,-2.232685089111328,0.09685350954532623,4,V2-004-D2-TCNMEAN-F00-S20260928,f219483150b0da6c9efc8908cf7aafee80feffd12bcfdd491381d5991ec6101f
ef0fd3ffdcd0b9a82d7775a4307b985f4bff741e5260c97a6cf6ca85f4770730,MITDB_P209,209,465000000,0,20260928,MODEL_V2_TCN_MEAN,0,-7.560028076171875,0.000520589470397681,4,V2-004-D2-TCNMEAN-F00-S20260928,f219483150b0da6c9efc8908cf7aafee80feffd12bcfdd491381d5991ec6101f
ef2b01ecf201efd1521a897fc05661219915c30e9b1dce0191e1bb4250f661ba,MITDB_P124,124,570000000,0,20260928,MODEL_V2_TCN_MEAN,0,-6.899691581726074,0.0010070810094475746,4,V2-004-D2-TCNMEAN-F00-S20260928,f219483150b0da6c9efc8908cf7aafee80feffd12bcfdd491381d5991ec6101f
ef32b697c98b8c9fd18d2518af182662a4b4a69cd1180efb31122a08e8d7636d,MITDB_P212,212,1655000000,0,20260928,MODEL_V2_TCN_MEAN,0,-8.36064624786377,0.00023383843654301018,4,V2-004-D2-TCNMEAN-F00-S20260928,f219483150b0da6c9efc8908cf7aafee80feffd12bcfdd491381d5991ec6101f
ef40cb422c9a8756d618e653ea7555c34de17ccc10bda43888b9f88295b8322b,MITDB_P203,203,520000000,0,20260928,MODEL_V2_TCN_MEAN,1,8.642313003540039,0.9998236298561096,4,V2-004-D2-TCNMEAN-F00-S20260928,f219483150b0da6c9efc8908cf7aafee80feffd12bcfdd491381d5991ec6101f
ef512adf04639b219b24606c5d6dd76ae345aa8fbcda4cd628d39404dbb1a4f5,MITDB_P124,124,730000000,0,20260928,MODEL_V2_TCN_MEAN,0,-4.757761001586914,0.008511737920343876,4,V2-004-D2-TCNMEAN-F00-S20260928,f219483150b0da6c9efc8908cf7aafee80feffd12bcfdd491381d5991ec6101f
efac1d638dec89e57eaa29bc5f70adb726e2077110b9884308a52564259bfebe,MITDB_P212,212,945000000,0,20260928,MODEL_V2_TCN_MEAN,0,-2.3279032707214355,0.08883823454380035,4,V2-004-D2-TCNMEAN-F00-S20260928,f219483150b0da6c9efc8908cf7aafee80feffd12bcfdd491381d5991ec6101f
efadfb43f84a99da58862fe55bd732a8a62fab5dd3c274407048e90da25cab67,MITDB_P203,203,1590000000,0,20260928,MODEL_V2_TCN_MEAN,1,6.317233085632324,0.9981983304023743,4,V2-004-D2-TCNMEAN-F00-S20260928,f219483150b0da6c9efc8908cf7aafee80feffd12bcfdd491381d5991ec6101f
efbb36fcdf0a56ae56c1f6ba07abefaebc76200fdeddc198dea3a6815a533661,MITDB_P222,222,435000000,0,20260928,MODEL_V2_TCN_MEAN,0,-0.6013532876968384,0.3540341258049011,4,V2-004-D2-TCNMEAN-F00-S20260928,f219483150b0da6c9efc8908cf7aafee80feffd12bcfdd491381d5991ec6101f
efc74b59f03192968189bdb00b09d180cf11bc72aff0f2fe4f97857a3e8f5ca7,MITDB_P209,209,985000000,0,20260928,MODEL_V2_TCN_MEAN,0,-6.38430643081665,0.0016849946696311235,4,V2-004-D2-TCNMEAN-F00-S20260928,f219483150b0da6c9efc8908cf7aafee80feffd12bcfdd491381d5991ec6101f
efc92485dd92723e0f4628d9c2e5587bff69da98ad125d6e55b02cc2d1022dc5,MITDB_P105,105,1195000000,0,20260928,MODEL_V2_TCN_MEAN,1,2.005248785018921,0.881347119808197,4,V2-004-D2-TCNMEAN-F00-S20260928,f219483150b0da6c9efc8908cf7aafee80feffd12bcfdd491381d5991ec6101f
eff9246f27ddf0bbe248bd46f893b3ebca37367deccd6ebbe535fa9af4dc4a17,MITDB_P222,222,1300000000,0,20260928,MODEL_V2_TCN_MEAN,1,-2.263367176055908,0.09420266002416611,4,V2-004-D2-TCNMEAN-F00-S20260928,f219483150b0da6c9efc8908cf7aafee80feffd12bcfdd491381d5991ec6101f
f0188e39d7597f5d7103b4a99ce21dcae07e3ce8eb657abd6434be4dd403bb05,MITDB_P203,203,415000000,0,20260928,MODEL_V2_TCN_MEAN,1,8.131114959716797,0.9997058510780334,4,V2-004-D2-TCNMEAN-F00-S20260928,f219483150b0da6c9efc8908cf7aafee80feffd12bcfdd491381d5991ec6101f
f01e76bf19e7931bf9a09e674d8b70d56532dc2cee9a60b3ec41f293ae4cd59f,MITDB_P203,203,375000000,0,20260928,MODEL_V2_TCN_MEAN,0,-1.2530646324157715,0.22217009961605072,4,V2-004-D2-TCNMEAN-F00-S20260928,f219483150b0da6c9efc8908cf7aafee80feffd12bcfdd491381d5991ec6101f
f03044a401e004f269a87c2fe5ac4c786294575232f6d7ff58f79cb70a463e96,MITDB_P222,222,465000000,0,20260928,MODEL_V2_TCN_MEAN,0,-3.6762399673461914,0.024692820385098457,4,V2-004-D2-TCNMEAN-F00-S20260928,f219483150b0da6c9efc8908cf7aafee80feffd12bcfdd491381d5991ec6101f
f0412d610fecc68537464f5768711aa44277f8928b9a220a40b9573e3f2cd708,MITDB_P203,203,970000000,0,20260928,MODEL_V2_TCN_MEAN,1,5.448118209838867,0.9957140684127808,4,V2-004-D2-TCNMEAN-F00-S20260928,f219483150b0da6c9efc8908cf7aafee80feffd12bcfdd491381d5991ec6101f
f052bacd089dc1db0361171710dbb54b4f2133c76aa06d0f8c9d492e0406b946,MITDB_P209,209,680000000,0,20260928,MODEL_V2_TCN_MEAN,0,-3.5996687412261963,0.026605570688843727,4,V2-004-D2-TCNMEAN-F00-S20260928,f219483150b0da6c9efc8908cf7aafee80feffd12bcfdd491381d5991ec6101f
f05c13f0ac615b330eed265b7de6a53909c879863cbdc2a227eec7f919966c42,MITDB_P222,222,305000000,0,20260928,MODEL_V2_TCN_MEAN,0,-4.254610061645508,0.013999846763908863,4,V2-004-D2-TCNMEAN-F00-S20260928,f219483150b0da6c9efc8908cf7aafee80feffd12bcfdd491381d5991ec6101f
f07c4ae61d2b46a3382e3bcb1ff5630a44e4fd5b9d2f85ec60803f1c54c62566,MITDB_P222,222,835000000,0,20260928,MODEL_V2_TCN_MEAN,1,0.9084607362747192,0.7126850485801697,4,V2-004-D2-TCNMEAN-F00-S20260928,f219483150b0da6c9efc8908cf7aafee80feffd12bcfdd491381d5991ec6101f
f08be11877eee3d335731b891cd417deb3e14683763d2e85d90c2515a8ba1b06,MITDB_P212,212,1245000000,0,20260928,MODEL_V2_TCN_MEAN,0,-3.817499876022339,0.021509848535060883,4,V2-004-D2-TCNMEAN-F00-S20260928,f219483150b0da6c9efc8908cf7aafee80feffd12bcfdd491381d5991ec6101f
f0b1c770db17cf7b16738fd0d7b557581474b085da0f6d12c387d2e8563149d6,MITDB_P203,203,1650000000,0,20260928,MODEL_V2_TCN_MEAN,1,3.920898199081421,0.9805620312690735,4,V2-004-D2-TCNMEAN-F00-S20260928,f219483150b0da6c9efc8908cf7aafee80feffd12bcfdd491381d5991ec6101f
f0c85798bf840f711a3838176b0678aff3ea0c5a7f5e256d7ae55fc242053f8f,MITDB_P209,209,1150000000,0,20260928,MODEL_V2_TCN_MEAN,0,-6.645305156707764,0.0012984235072508454,4,V2-004-D2-TCNMEAN-F00-S20260928,f219483150b0da6c9efc8908cf7aafee80feffd12bcfdd491381d5991ec6101f
f0de67b8c378828e8dfe30ffda015e3969fd8775b7bb922a6ccdb2ee29f141d6,MITDB_P222,222,295000000,0,20260928,MODEL_V2_TCN_MEAN,0,-5.435548782348633,0.004339925013482571,4,V2-004-D2-TCNMEAN-F00-S20260928,f219483150b0da6c9efc8908cf7aafee80feffd12bcfdd491381d5991ec6101f
f0f075972c48fbf853ea0d76dccc0851e84b9b43ff807ef20a195444c99e9200,MITDB_P105,105,745000000,0,20260928,MODEL_V2_TCN_MEAN,0,-6.419562816619873,0.001626717858016491,4,V2-004-D2-TCNMEAN-F00-S20260928,f219483150b0da6c9efc8908cf7aafee80feffd12bcfdd491381d5991ec6101f
f0f3eeba8d5d6d14444a7c2b79de0b73c9d831bf6ba0dd148ef9d51d4e9de179,MITDB_P203,203,150000000,0,20260928,MODEL_V2_TCN_MEAN,1,10.858046531677246,0.9999808073043823,4,V2-004-D2-TCNMEAN-F00-S20260928,f219483150b0da6c9efc8908cf7aafee80feffd12bcfdd491381d5991ec6101f
f105c69518310aa2740da9f04df42e4c12a051a646b38766666fef33ca5bfbf1,MITDB_P203,203,900000000,0,20260928,MODEL_V2_TCN_MEAN,1,8.716169357299805,0.9998360872268677,4,V2-004-D2-TCNMEAN-F00-S20260928,f219483150b0da6c9efc8908cf7aafee80feffd12bcfdd491381d5991ec6101f
f140980fda0a9d66308fa6fb7ba7fae59448c9952afa33d69cf773b0335ff3ac,MITDB_P124,124,375000000,0,20260928,MODEL_V2_TCN_MEAN,0,-7.476194381713867,0.0005660881870426238,4,V2-004-D2-TCNMEAN-F00-S20260928,f219483150b0da6c9efc8908cf7aafee80feffd12bcfdd491381d5991ec6101f
f1628bf71b435ae4ad17a2873d3e0d273106fbca626f00e0e2fd70b395807a8d,MITDB_P222,222,375000000,0,20260928,MODEL_V2_TCN_MEAN,0,-3.3806378841400146,0.03290608897805214,4,V2-004-D2-TCNMEAN-F00-S20260928,f219483150b0da6c9efc8908cf7aafee80feffd12bcfdd491381d5991ec6101f
f1a6b0f92593d2209e772055785a97f6087f8dcc3c2cb6caab141c50939113ed,MITDB_P212,212,310000000,0,20260928,MODEL_V2_TCN_MEAN,0,-3.4421708583831787,0.031003201380372047,4,V2-004-D2-TCNMEAN-F00-S20260928,f219483150b0da6c9efc8908cf7aafee80feffd12bcfdd491381d5991ec6101f
f1c66edb231ad532d7769899adb9879bdba934caaa63d51e4e5a9382369abd2a,MITDB_P222,222,320000000,0,20260928,MODEL_V2_TCN_MEAN,0,-6.858255386352539,0.0010496425675228238,4,V2-004-D2-TCNMEAN-F00-S20260928,f219483150b0da6c9efc8908cf7aafee80feffd12bcfdd491381d5991ec6101f
f1e0026a9eb4b79abc3c5dedc43323234079abaf8acb74e6f9241dd509c69540,MITDB_P124,124,255000000,0,20260928,MODEL_V2_TCN_MEAN,0,-3.3858211040496826,0.03274153918027878,4,V2-004-D2-TCNMEAN-F00-S20260928,f219483150b0da6c9efc8908cf7aafee80feffd12bcfdd491381d5991ec6101f
f211486dac7d9e9a0e9ce63a556c3237dbb13d52f33b4f447e23cb8281cb2d28,MITDB_P203,203,1115000000,0,20260928,MODEL_V2_TCN_MEAN,0,3.996234178543091,0.9819471836090088,4,V2-004-D2-TCNMEAN-F00-S20260928,f219483150b0da6c9efc8908cf7aafee80feffd12bcfdd491381d5991ec6101f
f233f3d0dd47c0de63ca121e68b541f3c4d8a21ae80068dac0a4dfef9bb70a60,MITDB_P222,222,715000000,0,20260928,MODEL_V2_TCN_MEAN,1,2.6859123706817627,0.9361902475357056,4,V2-004-D2-TCNMEAN-F00-S20260928,f219483150b0da6c9efc8908cf7aafee80feffd12bcfdd491381d5991ec6101f
f240376b1f49df7ac2388eae78876333a296861821b6beb7d25db2d761dce8ac,MITDB_P105,105,690000000,0,20260928,MODEL_V2_TCN_MEAN,0,-5.367977142333984,0.0046419077552855015,4,V2-004-D2-TCNMEAN-F00-S20260928,f219483150b0da6c9efc8908cf7aafee80feffd12bcfdd491381d5991ec6101f
f27d53dd5f9b05cda49edf250acbbacb71bae650d5363ebcb95146076f4f15ff,MITDB_P222,222,1575000000,0,20260928,MODEL_V2_TCN_MEAN,1,0.33579346537590027,0.5831683278083801,4,V2-004-D2-TCNMEAN-F00-S20260928,f219483150b0da6c9efc8908cf7aafee80feffd12bcfdd491381d5991ec6101f
f2eb96f7af4c7a9b7ddd6a4a0b6bf1014b349f03057ede4e7c66950adbf204ca,MITDB_P124,124,250000000,0,20260928,MODEL_V2_TCN_MEAN,0,-2.137718439102173,0.10548447072505951,4,V2-004-D2-TCNMEAN-F00-S20260928,f219483150b0da6c9efc8908cf7aafee80feffd12bcfdd491381d5991ec6101f
f2eef20b2ff9484ce6328c447082e2ae7b8466b51ee2f817eba887b81b0bc1d5,MITDB_P222,222,115000000,0,20260928,MODEL_V2_TCN_MEAN,0,-0.45103976130485535,0.38911357522010803,4,V2-004-D2-TCNMEAN-F00-S20260928,f219483150b0da6c9efc8908cf7aafee80feffd12bcfdd491381d5991ec6101f
f320e31b0b1fc7bac966997558a7875e215546f664cdef126c819128fe936467,MITDB_P105,105,1340000000,0,20260928,MODEL_V2_TCN_MEAN,0,1.4020158052444458,0.8025035262107849,4,V2-004-D2-TCNMEAN-F00-S20260928,f219483150b0da6c9efc8908cf7aafee80feffd12bcfdd491381d5991ec6101f
f326dc9d57d289c981c3f52b5d23dccc88f101db3fbcce4f78344c96da875336,MITDB_P209,209,275000000,0,20260928,MODEL_V2_TCN_MEAN,1,-1.1553823947906494,0.23950731754302979,4,V2-004-D2-TCNMEAN-F00-S20260928,f219483150b0da6c9efc8908cf7aafee80feffd12bcfdd491381d5991ec6101f
f33ff02be117ae3da59b080a5f306a2c433249fe4a1fffdbdd2aceb38bcbcb4b,MITDB_P212,212,865000000,0,20260928,MODEL_V2_TCN_MEAN,0,-2.790497064590454,0.05783986300230026,4,V2-004-D2-TCNMEAN-F00-S20260928,f219483150b0da6c9efc8908cf7aafee80feffd12bcfdd491381d5991ec6101f
f343f9f3d2f2a12cb47dd7060c7c1d1155b820792acecc0a46bfec588ac9844f,MITDB_P209,209,425000000,0,20260928,MODEL_V2_TCN_MEAN,1,0.22801414132118225,0.5567578673362732,4,V2-004-D2-TCNMEAN-F00-S20260928,f219483150b0da6c9efc8908cf7aafee80feffd12bcfdd491381d5991ec6101f
f3575367c94baffd2c1cb6cb71038f739a63217af11b1ec9f3ae60cd7452d778,MITDB_P105,105,595000000,0,20260928,MODEL_V2_TCN_MEAN,0,-5.832376480102539,0.0029225368052721024,4,V2-004-D2-TCNMEAN-F00-S20260928,f219483150b0da6c9efc8908cf7aafee80feffd12bcfdd491381d5991ec6101f
f3af4ebf86ab4062b52d03fe995c834fa1e9762556b9b1aac7a44784e5cc67ff,MITDB_P124,124,1675000000,0,20260928,MODEL_V2_TCN_MEAN,0,-7.21190881729126,0.0007372036925517023,4,V2-004-D2-TCNMEAN-F00-S20260928,f219483150b0da6c9efc8908cf7aafee80feffd12bcfdd491381d5991ec6101f
f3e0cf3cb0ea34c0a03ded74c0590f668d23dbe00f388b3108df9e073e0188c0,MITDB_P124,124,640000000,0,20260928,MODEL_V2_TCN_MEAN,1,-1.8836963176727295,0.13196487724781036,4,V2-004-D2-TCNMEAN-F00-S20260928,f219483150b0da6c9efc8908cf7aafee80feffd12bcfdd491381d5991ec6101f
f3e72670aa358a442316758070b75473d5456d482ce691f1662998a3c1b5c354,MITDB_P203,203,395000000,0,20260928,MODEL_V2_TCN_MEAN,1,1.293416142463684,0.7847248315811157,4,V2-004-D2-TCNMEAN-F00-S20260928,f219483150b0da6c9efc8908cf7aafee80feffd12bcfdd491381d5991ec6101f
f448481b2658e1227b74fa718c06d6098eb053056375b015f80fd1937169fce5,MITDB_P203,203,170000000,0,20260928,MODEL_V2_TCN_MEAN,0,-0.814403772354126,0.3069528639316559,4,V2-004-D2-TCNMEAN-F00-S20260928,f219483150b0da6c9efc8908cf7aafee80feffd12bcfdd491381d5991ec6101f
f4c29114e6b6723d841d62170aa2af1a6a272357d71d4900e7aa65b57a1684a6,MITDB_P124,124,845000000,0,20260928,MODEL_V2_TCN_MEAN,0,-5.370851993560791,0.004628643859177828,4,V2-004-D2-TCNMEAN-F00-S20260928,f219483150b0da6c9efc8908cf7aafee80feffd12bcfdd491381d5991ec6101f
f4c31010b182753f57315f3c7652f4dcf2d3a0b9a8d989dc71adca36a7db6b3a,MITDB_P203,203,75000000,0,20260928,MODEL_V2_TCN_MEAN,1,4.519007682800293,0.9892177581787109,4,V2-004-D2-TCNMEAN-F00-S20260928,f219483150b0da6c9efc8908cf7aafee80feffd12bcfdd491381d5991ec6101f
f4d6f8abda68b5ed19ae760fcb7ec23231421a5310f41a7140b52f495fe364da,MITDB_P105,105,235000000,0,20260928,MODEL_V2_TCN_MEAN,0,-5.675769805908203,0.0034163175150752068,4,V2-004-D2-TCNMEAN-F00-S20260928,f219483150b0da6c9efc8908cf7aafee80feffd12bcfdd491381d5991ec6101f
f4e10d6c1c396d0631aa740f9eebd265e99123ee4a245af4c9c593cbbd67dcef,MITDB_P212,212,545000000,0,20260928,MODEL_V2_TCN_MEAN,0,-5.169437408447266,0.005655599758028984,4,V2-004-D2-TCNMEAN-F00-S20260928,f219483150b0da6c9efc8908cf7aafee80feffd12bcfdd491381d5991ec6101f
f4feb5faaa21f06f12c9b113e5d74d8b1c8a1bee3f6577edfac597a998a69b19,MITDB_P209,209,1365000000,0,20260928,MODEL_V2_TCN_MEAN,0,-6.838252544403076,0.0010708270128816366,4,V2-004-D2-TCNMEAN-F00-S20260928,f219483150b0da6c9efc8908cf7aafee80feffd12bcfdd491381d5991ec6101f
f52aec114fef268d76a3573cd6c4b96887042b0132b26fd53f327521331dfe40,MITDB_P124,124,650000000,0,20260928,MODEL_V2_TCN_MEAN,0,-6.9955573081970215,0.0009151039994321764,4,V2-004-D2-TCNMEAN-F00-S20260928,f219483150b0da6c9efc8908cf7aafee80feffd12bcfdd491381d5991ec6101f
f551be6a20f075cea8013c90baf3b7a501486a5747df5b7634da78498f167576,MITDB_P124,124,980000000,0,20260928,MODEL_V2_TCN_MEAN,0,-4.509983062744141,0.010878992266952991,4,V2-004-D2-TCNMEAN-F00-S20260928,f219483150b0da6c9efc8908cf7aafee80feffd12bcfdd491381d5991ec6101f
f55e7f7695530509b6a9b48fcda94c2a0bb102a56b9e8d6740bf2f2c66f8dd8f,MITDB_P105,105,1090000000,0,20260928,MODEL_V2_TCN_MEAN,0,-5.605753421783447,0.0036631813272833824,4,V2-004-D2-TCNMEAN-F00-S20260928,f219483150b0da6c9efc8908cf7aafee80feffd12bcfdd491381d5991ec6101f
f56cb6175983faa467844323a94b234ee8155480f5a7a2cf5e400b77cd558ae0,MITDB_P222,222,1010000000,0,20260928,MODEL_V2_TCN_MEAN,0,0.23683318495750427,0.5589330792427063,4,V2-004-D2-TCNMEAN-F00-S20260928,f219483150b0da6c9efc8908cf7aafee80feffd12bcfdd491381d5991ec6101f
f58298a5f8df34dd005fa6af43ad30788c343d75490f8e13542d42b6e0dada12,MITDB_P222,222,955000000,0,20260928,MODEL_V2_TCN_MEAN,0,-0.44928696751594543,0.3895303010940552,4,V2-004-D2-TCNMEAN-F00-S20260928,f219483150b0da6c9efc8908cf7aafee80feffd12bcfdd491381d5991ec6101f
f58d63b91738cf769e8ba4ad91194e97cee887b5b5077e529a3f899ca275ac5b,MITDB_P105,105,30000000,0,20260928,MODEL_V2_TCN_MEAN,1,-1.9384719133377075,0.12581583857536316,4,V2-004-D2-TCNMEAN-F00-S20260928,f219483150b0da6c9efc8908cf7aafee80feffd12bcfdd491381d5991ec6101f
f5a2917ced45eb8d22090dee739668e7f39041ba8ebec77ba8e711764417fda1,MITDB_P203,203,730000000,0,20260928,MODEL_V2_TCN_MEAN,1,6.0168328285217285,0.9975685477256775,4,V2-004-D2-TCNMEAN-F00-S20260928,f219483150b0da6c9efc8908cf7aafee80feffd12bcfdd491381d5991ec6101f
f5c1ba1c07e031546ed0995695205d09488ca61403c2434e152c51e9fdc44d61,MITDB_P209,209,1330000000,0,20260928,MODEL_V2_TCN_MEAN,0,-5.1416730880737305,0.005813898518681526,4,V2-004-D2-TCNMEAN-F00-S20260928,f219483150b0da6c9efc8908cf7aafee80feffd12bcfdd491381d5991ec6101f
f5da8f35edf79125f6b02ef8eb8c71221f3e7f52c4d6ff09cba5aea4cc0300ef,MITDB_P105,105,775000000,0,20260928,MODEL_V2_TCN_MEAN,0,-5.529308319091797,0.003953044768422842,4,V2-004-D2-TCNMEAN-F00-S20260928,f219483150b0da6c9efc8908cf7aafee80feffd12bcfdd491381d5991ec6101f
f5e41c8cb7a4ee4c60eb2b16ea93a70fa01144ce11304858955bd5784e336411,MITDB_P124,124,1250000000,0,20260928,MODEL_V2_TCN_MEAN,0,-4.75899076461792,0.008501365780830383,4,V2-004-D2-TCNMEAN-F00-S20260928,f219483150b0da6c9efc8908cf7aafee80feffd12bcfdd491381d5991ec6101f
f5e50e49bea14cc2ef71a52b87494ac5d3fec5438cbe631b28d7d4f601b34258,MITDB_P203,203,1165000000,0,20260928,MODEL_V2_TCN_MEAN,1,7.804635047912598,0.9995923638343811,4,V2-004-D2-TCNMEAN-F00-S20260928,f219483150b0da6c9efc8908cf7aafee80feffd12bcfdd491381d5991ec6101f
f5e5ca94dad8351e34a35509226196100c56aed7dce450da874942fd68ed749e,MITDB_P212,212,1075000000,0,20260928,MODEL_V2_TCN_MEAN,0,-2.908796548843384,0.051720425486564636,4,V2-004-D2-TCNMEAN-F00-S20260928,f219483150b0da6c9efc8908cf7aafee80feffd12bcfdd491381d5991ec6101f
f5fd46a28ee05317bfbdbbbd85b9c92420c99d9b26db4e05385d02bbc22c02ad,MITDB_P209,209,235000000,0,20260928,MODEL_V2_TCN_MEAN,0,-3.2824149131774902,0.03617941215634346,4,V2-004-D2-TCNMEAN-F00-S20260928,f219483150b0da6c9efc8908cf7aafee80feffd12bcfdd491381d5991ec6101f
f5fe024d82f50f9745d51274132850397f0647b1600032f6d64415120d6fd845,MITDB_P212,212,495000000,0,20260928,MODEL_V2_TCN_MEAN,0,-3.081906795501709,0.04385978356003761,4,V2-004-D2-TCNMEAN-F00-S20260928,f219483150b0da6c9efc8908cf7aafee80feffd12bcfdd491381d5991ec6101f
f5fe24e34330099d2fd19d0f78ee706b661f69f208e209496acb1ceda5ca737e,MITDB_P212,212,130000000,0,20260928,MODEL_V2_TCN_MEAN,0,-5.821646213531494,0.0029539719689637423,4,V2-004-D2-TCNMEAN-F00-S20260928,f219483150b0da6c9efc8908cf7aafee80feffd12bcfdd491381d5991ec6101f
f61a69325aaf7643b886ca05c2b50b17732b5e592f3ad89a847145732672b90f,MITDB_P124,124,865000000,0,20260928,MODEL_V2_TCN_MEAN,0,-4.453865051269531,0.011499733664095402,4,V2-004-D2-TCNMEAN-F00-S20260928,f219483150b0da6c9efc8908cf7aafee80feffd12bcfdd491381d5991ec6101f
f650e1d7db15a48db834242ec0d3dbd5569214f62d1aacc1f2f7b27e67429b50,MITDB_P222,222,160000000,0,20260928,MODEL_V2_TCN_MEAN,0,-5.4746809005737305,0.004174069967120886,4,V2-004-D2-TCNMEAN-F00-S20260928,f219483150b0da6c9efc8908cf7aafee80feffd12bcfdd491381d5991ec6101f
f695414012c1ea07e1744cb92ef11867169da7e242f32fb048bd9b764ef6b02e,MITDB_P105,105,420000000,0,20260928,MODEL_V2_TCN_MEAN,0,-4.770117282867432,0.008408090099692345,4,V2-004-D2-TCNMEAN-F00-S20260928,f219483150b0da6c9efc8908cf7aafee80feffd12bcfdd491381d5991ec6101f
f69aed18c1d68a6cea7f8ce95cde4f9d86a9856954a7eb2464040775fe129870,MITDB_P203,203,1435000000,0,20260928,MODEL_V2_TCN_MEAN,1,3.22537899017334,0.9617782831192017,4,V2-004-D2-TCNMEAN-F00-S20260928,f219483150b0da6c9efc8908cf7aafee80feffd12bcfdd491381d5991ec6101f
f69e6f50b1a54b21474ba76ddb992e61a779eb0e0b538d14a7e426c51dc9fbb6,MITDB_P222,222,1135000000,0,20260928,MODEL_V2_TCN_MEAN,1,5.026789665222168,0.9934828877449036,4,V2-004-D2-TCNMEAN-F00-S20260928,f219483150b0da6c9efc8908cf7aafee80feffd12bcfdd491381d5991ec6101f
f6a1f21407d3e0b14d46bc7f8b729cd6bee99e80c1f4db94f2b8db914403af62,MITDB_P124,124,245000000,0,20260928,MODEL_V2_TCN_MEAN,0,-2.0276553630828857,0.11632973700761795,4,V2-004-D2-TCNMEAN-F00-S20260928,f219483150b0da6c9efc8908cf7aafee80feffd12bcfdd491381d5991ec6101f
f6b53182501e8eb4e0b991b69ae041f0ab98776f2170103e1d1b94ed9da795a6,MITDB_P212,212,50000000,0,20260928,MODEL_V2_TCN_MEAN,0,-3.6838717460632324,0.02450968697667122,4,V2-004-D2-TCNMEAN-F00-S20260928,f219483150b0da6c9efc8908cf7aafee80feffd12bcfdd491381d5991ec6101f
f6bd2e10231e6f4c5a239dc0a744ebd605dd0ae0c636f8d4b48f10cae5403cb0,MITDB_P124,124,545000000,0,20260928,MODEL_V2_TCN_MEAN,0,-5.442832946777344,0.004308563191443682,4,V2-004-D2-TCNMEAN-F00-S20260928,f219483150b0da6c9efc8908cf7aafee80feffd12bcfdd491381d5991ec6101f
f6e6977212bd1bcd89ec3e2ee143206bf2ae45ffa930a9166739d7c439341d00,MITDB_P212,212,580000000,0,20260928,MODEL_V2_TCN_MEAN,0,-2.084510087966919,0.11061149835586548,4,V2-004-D2-TCNMEAN-F00-S20260928,f219483150b0da6c9efc8908cf7aafee80feffd12bcfdd491381d5991ec6101f
f728343506511ed59895ae938e27593cc21fcbc69718e8aed3ba5a7fe1aafe4f,MITDB_P222,222,535000000,0,20260928,MODEL_V2_TCN_MEAN,1,-0.29322269558906555,0.4272150993347168,4,V2-004-D2-TCNMEAN-F00-S20260928,f219483150b0da6c9efc8908cf7aafee80feffd12bcfdd491381d5991ec6101f
f74b817d3564bdb726278944dc5d8624507f3d34f76be6ef2265445a7ae7ac25,MITDB_P212,212,730000000,0,20260928,MODEL_V2_TCN_MEAN,0,-5.437065601348877,0.004333375953137875,4,V2-004-D2-TCNMEAN-F00-S20260928,f219483150b0da6c9efc8908cf7aafee80feffd12bcfdd491381d5991ec6101f
f78df102ef8144498bdb75cfe3604862c827e420f402934d122c522f2ed00600,MITDB_P209,209,1120000000,0,20260928,MODEL_V2_TCN_MEAN,1,-2.1442439556121826,0.10487033426761627,4,V2-004-D2-TCNMEAN-F00-S20260928,f219483150b0da6c9efc8908cf7aafee80feffd12bcfdd491381d5991ec6101f
f7941c4b4677d63a129e2be6d9d0f57cfd53bf200cbfd9326c101c2c7b5d6030,MITDB_P209,209,630000000,0,20260928,MODEL_V2_TCN_MEAN,1,-4.921419620513916,0.007236034143716097,4,V2-004-D2-TCNMEAN-F00-S20260928,f219483150b0da6c9efc8908cf7aafee80feffd12bcfdd491381d5991ec6101f
f799d8b49a6c4a8a9f74065c1eb90a6b2bbe6e07a01286b3ff5efa2f6830dff9,MITDB_P212,212,420000000,0,20260928,MODEL_V2_TCN_MEAN,0,-2.3396522998809814,0.08789178729057312,4,V2-004-D2-TCNMEAN-F00-S20260928,f219483150b0da6c9efc8908cf7aafee80feffd12bcfdd491381d5991ec6101f
f7bbc297d4013bf8b7eeedcd9216f429de4e6fd4d84a4c8c485477866f568600,MITDB_P105,105,1765000000,0,20260928,MODEL_V2_TCN_MEAN,0,-2.097036838531494,0.1093851625919342,4,V2-004-D2-TCNMEAN-F00-S20260928,f219483150b0da6c9efc8908cf7aafee80feffd12bcfdd491381d5991ec6101f
f7d57bd1e42c84ab8ecf39e164e5fc4d9900aca1b537898d4b8a3dc469feccb8,MITDB_P124,124,1185000000,0,20260928,MODEL_V2_TCN_MEAN,0,-3.1818182468414307,0.03985569626092911,4,V2-004-D2-TCNMEAN-F00-S20260928,f219483150b0da6c9efc8908cf7aafee80feffd12bcfdd491381d5991ec6101f
f80710393f6227ecb25d824a2240d26818d89ddb0b5ee960a45fac69cc1f239c,MITDB_P105,105,1375000000,0,20260928,MODEL_V2_TCN_MEAN,0,-2.5582752227783203,0.07187251001596451,4,V2-004-D2-TCNMEAN-F00-S20260928,f219483150b0da6c9efc8908cf7aafee80feffd12bcfdd491381d5991ec6101f
f812a24da0993bf031e411551f7cd0491ac59f5510d46fb14323712803e977f7,MITDB_P124,124,1615000000,0,20260928,MODEL_V2_TCN_MEAN,0,-7.268562316894531,0.0006966278306208551,4,V2-004-D2-TCNMEAN-F00-S20260928,f219483150b0da6c9efc8908cf7aafee80feffd12bcfdd491381d5991ec6101f
f8267ce4a1b165ba12b4ebd34d5500892b5fc920dea359a0927a409e19cb08cd,MITDB_P222,222,1315000000,0,20260928,MODEL_V2_TCN_MEAN,1,1.730369210243225,0.849459707736969,4,V2-004-D2-TCNMEAN-F00-S20260928,f219483150b0da6c9efc8908cf7aafee80feffd12bcfdd491381d5991ec6101f
f8fefb0ecbeb1258defb67d161c948cdbacfcdd017319a814349dfaf873e4096,MITDB_P212,212,1660000000,0,20260928,MODEL_V2_TCN_MEAN,0,-7.304161071777344,0.00067228137049824,4,V2-004-D2-TCNMEAN-F00-S20260928,f219483150b0da6c9efc8908cf7aafee80feffd12bcfdd491381d5991ec6101f
f92aca238651b124bc74a5c9b5baa241667da0e29ba8dd6b75ec5f79860e409b,MITDB_P203,203,1720000000,0,20260928,MODEL_V2_TCN_MEAN,1,3.767047643661499,0.9774022698402405,4,V2-004-D2-TCNMEAN-F00-S20260928,f219483150b0da6c9efc8908cf7aafee80feffd12bcfdd491381d5991ec6101f
f952f37e13caf802ce605357075372c2928ab6d315e6746d36a9e8a17d115f3f,MITDB_P124,124,1620000000,0,20260928,MODEL_V2_TCN_MEAN,0,-5.674557685852051,0.0034204472322016954,4,V2-004-D2-TCNMEAN-F00-S20260928,f219483150b0da6c9efc8908cf7aafee80feffd12bcfdd491381d5991ec6101f
f967fc05574b71ba81b9b6d4c4264986984ff4572b47f1677a0a1063c70feb14,MITDB_P222,222,290000000,0,20260928,MODEL_V2_TCN_MEAN,0,-6.058389186859131,0.002332709962502122,4,V2-004-D2-TCNMEAN-F00-S20260928,f219483150b0da6c9efc8908cf7aafee80feffd12bcfdd491381d5991ec6101f
f97646c1354d2882eac25d8496f482ce1a66fe0d1e9943dc33b5cfd0e3640264,MITDB_P222,222,1380000000,0,20260928,MODEL_V2_TCN_MEAN,1,1.63515043258667,0.8368739485740662,4,V2-004-D2-TCNMEAN-F00-S20260928,f219483150b0da6c9efc8908cf7aafee80feffd12bcfdd491381d5991ec6101f
f9c78c80034e66d2a3ebe68ec96031cad0149e29b21bfb696f676140fd913a66,MITDB_P203,203,65000000,0,20260928,MODEL_V2_TCN_MEAN,1,4.90550422668457,0.9926486611366272,4,V2-004-D2-TCNMEAN-F00-S20260928,f219483150b0da6c9efc8908cf7aafee80feffd12bcfdd491381d5991ec6101f
f9cc85079fcbea6c7b97fc94aa9a6572559ca242cc760f0454fd27c5955c6941,MITDB_P212,212,1375000000,0,20260928,MODEL_V2_TCN_MEAN,0,-7.6669721603393555,0.0004678138648159802,4,V2-004-D2-TCNMEAN-F00-S20260928,f219483150b0da6c9efc8908cf7aafee80feffd12bcfdd491381d5991ec6101f
f9f558aae107b90520e4558a4dd4c68d591b2f0a6c4470fc4b47e9e5c5a0c3d5,MITDB_P124,124,1080000000,0,20260928,MODEL_V2_TCN_MEAN,0,-5.292143821716309,0.005005779676139355,4,V2-004-D2-TCNMEAN-F00-S20260928,f219483150b0da6c9efc8908cf7aafee80feffd12bcfdd491381d5991ec6101f
fa06496a9cd8dfbb456e67ba8f2a3c6961633d8f6332e5df30b640aba4661c53,MITDB_P105,105,780000000,0,20260928,MODEL_V2_TCN_MEAN,0,-5.92453670501709,0.002665919717401266,4,V2-004-D2-TCNMEAN-F00-S20260928,f219483150b0da6c9efc8908cf7aafee80feffd12bcfdd491381d5991ec6101f
fa064dde0db0383b46d12d53ecad55d04723d165dd19a8e542a4c5a43a6ded0d,MITDB_P222,222,330000000,0,20260928,MODEL_V2_TCN_MEAN,0,-2.003082752227783,0.11887963116168976,4,V2-004-D2-TCNMEAN-F00-S20260928,f219483150b0da6c9efc8908cf7aafee80feffd12bcfdd491381d5991ec6101f
fa2cf3f56e32062dd5000c54143f68eab4560847ba8564d3c8c4a89a21572623,MITDB_P209,209,1195000000,0,20260928,MODEL_V2_TCN_MEAN,1,-3.804378032684326,0.021787766367197037,4,V2-004-D2-TCNMEAN-F00-S20260928,f219483150b0da6c9efc8908cf7aafee80feffd12bcfdd491381d5991ec6101f
fa970aeee6657cd3cff7addefd351d11d1601b2b4cf2409d74db52f7f2508818,MITDB_P105,105,525000000,0,20260928,MODEL_V2_TCN_MEAN,0,-5.587612628936768,0.0037299904506653547,4,V2-004-D2-TCNMEAN-F00-S20260928,f219483150b0da6c9efc8908cf7aafee80feffd12bcfdd491381d5991ec6101f
fabbc1e89a308c8b10a81adb95fed5c2826fe39d0a531962cbaeecde1480e511,MITDB_P212,212,1780000000,0,20260928,MODEL_V2_TCN_MEAN,0,-6.89801549911499,0.0010087686823680997,4,V2-004-D2-TCNMEAN-F00-S20260928,f219483150b0da6c9efc8908cf7aafee80feffd12bcfdd491381d5991ec6101f
fabecac77faf7958aa3e3ff6b59de0019a16afd3f11746f94efca0c321017d36,MITDB_P203,203,705000000,0,20260928,MODEL_V2_TCN_MEAN,1,7.2468976974487305,0.9992881417274475,4,V2-004-D2-TCNMEAN-F00-S20260928,f219483150b0da6c9efc8908cf7aafee80feffd12bcfdd491381d5991ec6101f
facc4ba15842ab16a52df183525b15436a770ac2f7c4577dc41f8085c7ff2341,MITDB_P124,124,630000000,0,20260928,MODEL_V2_TCN_MEAN,1,-5.728094100952148,0.0032427222467958927,4,V2-004-D2-TCNMEAN-F00-S20260928,f219483150b0da6c9efc8908cf7aafee80feffd12bcfdd491381d5991ec6101f
faddb0187178647746e18bb506010c67cf19f84a04dae686ea2b7a7566344a8a,MITDB_P212,212,1275000000,0,20260928,MODEL_V2_TCN_MEAN,0,-4.1313629150390625,0.015807097777724266,4,V2-004-D2-TCNMEAN-F00-S20260928,f219483150b0da6c9efc8908cf7aafee80feffd12bcfdd491381d5991ec6101f
fae361b1dacb44b4d9e27ae3ec3d9ecd6db94fd7cccf6e13662ad622ad8231f5,MITDB_P209,209,175000000,0,20260928,MODEL_V2_TCN_MEAN,0,-5.1286444664001465,0.005889692343771458,4,V2-004-D2-TCNMEAN-F00-S20260928,f219483150b0da6c9efc8908cf7aafee80feffd12bcfdd491381d5991ec6101f
fb06bb4b06386d63316e57a2829845e06f3deabb1a8c6a499881e331c0895bc3,MITDB_P212,212,1360000000,0,20260928,MODEL_V2_TCN_MEAN,0,-8.90373706817627,0.00013586173008661717,4,V2-004-D2-TCNMEAN-F00-S20260928,f219483150b0da6c9efc8908cf7aafee80feffd12bcfdd491381d5991ec6101f
fb2e834f766eb6b68d256cec22528f4652e31b03282799ce29e827848f2c9232,MITDB_P105,105,855000000,0,20260928,MODEL_V2_TCN_MEAN,0,0.49362942576408386,0.62096107006073,4,V2-004-D2-TCNMEAN-F00-S20260928,f219483150b0da6c9efc8908cf7aafee80feffd12bcfdd491381d5991ec6101f
fb88d52ad62d90982f2890bfd809008a00102a1846647619e595f4b293a5bfbe,MITDB_P209,209,895000000,0,20260928,MODEL_V2_TCN_MEAN,1,-0.9938503503799438,0.2701522409915924,4,V2-004-D2-TCNMEAN-F00-S20260928,f219483150b0da6c9efc8908cf7aafee80feffd12bcfdd491381d5991ec6101f
fb9fa2e776052c5a2b483d34009046142709e1c21a565326d6d5e8c69d150243,MITDB_P212,212,490000000,0,20260928,MODEL_V2_TCN_MEAN,0,-2.1135077476501465,0.10779085755348206,4,V2-004-D2-TCNMEAN-F00-S20260928,f219483150b0da6c9efc8908cf7aafee80feffd12bcfdd491381d5991ec6101f
fba29395582b67d3434ef302cb91fff0b7811218630f91aa0cd5a688f16d3e9e,MITDB_P212,212,1235000000,0,20260928,MODEL_V2_TCN_MEAN,0,-4.302690029144287,0.013351434841752052,4,V2-004-D2-TCNMEAN-F00-S20260928,f219483150b0da6c9efc8908cf7aafee80feffd12bcfdd491381d5991ec6101f
fbb9411b217afaeba05b0ae3bd8964c2fc25f65a9d8f2dc407b5a9c240435de9,MITDB_P105,105,1695000000,0,20260928,MODEL_V2_TCN_MEAN,1,5.502221584320068,0.9959388971328735,4,V2-004-D2-TCNMEAN-F00-S20260928,f219483150b0da6c9efc8908cf7aafee80feffd12bcfdd491381d5991ec6101f
fbcb11de75a3802f13a94e5be544e534c98fb0c3a612f91653b427b406e082f8,MITDB_P203,203,1625000000,0,20260928,MODEL_V2_TCN_MEAN,1,8.228096008300781,0.999733030796051,4,V2-004-D2-TCNMEAN-F00-S20260928,f219483150b0da6c9efc8908cf7aafee80feffd12bcfdd491381d5991ec6101f
fc01a68fa4160f2b53e7aeb9273af4af01f037bf63c431022f0ceeb9b9798119,MITDB_P212,212,85000000,0,20260928,MODEL_V2_TCN_MEAN,0,-7.0705156326293945,0.0008490732870995998,4,V2-004-D2-TCNMEAN-F00-S20260928,f219483150b0da6c9efc8908cf7aafee80feffd12bcfdd491381d5991ec6101f
fc3a9d622f36233b3e11aff0af7eb3894755afc672ad27cd9635611bf55f3401,MITDB_P209,209,980000000,0,20260928,MODEL_V2_TCN_MEAN,0,-6.705780506134033,0.0012223211815580726,4,V2-004-D2-TCNMEAN-F00-S20260928,f219483150b0da6c9efc8908cf7aafee80feffd12bcfdd491381d5991ec6101f
fc41cc33b0d78533b60dfa585124891ec92f422fef9b638288f509f491338c18,MITDB_P222,222,1505000000,0,20260928,MODEL_V2_TCN_MEAN,1,-0.8837254047393799,0.2924063801765442,4,V2-004-D2-TCNMEAN-F00-S20260928,f219483150b0da6c9efc8908cf7aafee80feffd12bcfdd491381d5991ec6101f
fc59ef503815faad29d9c36af716156985d552d1e42fef07ab9c0e39c51738b9,MITDB_P222,222,1430000000,0,20260928,MODEL_V2_TCN_MEAN,1,-1.8488789796829224,0.13600456714630127,4,V2-004-D2-TCNMEAN-F00-S20260928,f219483150b0da6c9efc8908cf7aafee80feffd12bcfdd491381d5991ec6101f
fc5e7b45d0759422502d5ca396609612eb0dc018494e158592a4d9d216f5cfe2,MITDB_P105,105,1525000000,0,20260928,MODEL_V2_TCN_MEAN,0,-3.1572461128234863,0.040806710720062256,4,V2-004-D2-TCNMEAN-F00-S20260928,f219483150b0da6c9efc8908cf7aafee80feffd12bcfdd491381d5991ec6101f
fca937ee8bbcda76b8458b6d6b0b3bd91c8bedc4eb780fec294d051eb670d07c,MITDB_P124,124,1190000000,0,20260928,MODEL_V2_TCN_MEAN,0,-2.673091173171997,0.06457997858524323,4,V2-004-D2-TCNMEAN-F00-S20260928,f219483150b0da6c9efc8908cf7aafee80feffd12bcfdd491381d5991ec6101f
fd00dee32a52f332d092a843dab4af4fc33e68c6fc1e8c58820ec5860bf464dc,MITDB_P222,222,765000000,0,20260928,MODEL_V2_TCN_MEAN,0,2.3624372482299805,0.9139177799224854,4,V2-004-D2-TCNMEAN-F00-S20260928,f219483150b0da6c9efc8908cf7aafee80feffd12bcfdd491381d5991ec6101f
fd04c71856797a0ae310ce352f08d3d4eab29dea6b75db7162c5b18d9c0f4e30,MITDB_P203,203,1090000000,0,20260928,MODEL_V2_TCN_MEAN,1,8.786492347717285,0.9998471736907959,4,V2-004-D2-TCNMEAN-F00-S20260928,f219483150b0da6c9efc8908cf7aafee80feffd12bcfdd491381d5991ec6101f
fd16accec444fb103412ec6b65abc86398867d644eebe6d1f17230ad811e10ce,MITDB_P105,105,835000000,0,20260928,MODEL_V2_TCN_MEAN,0,-5.058249473571777,0.006316524930298328,4,V2-004-D2-TCNMEAN-F00-S20260928,f219483150b0da6c9efc8908cf7aafee80feffd12bcfdd491381d5991ec6101f
fd41c705793a39a218162d1c6c7008ba31a960e04870fe82dfdc274cd9c7a19f,MITDB_P105,105,1510000000,0,20260928,MODEL_V2_TCN_MEAN,0,-0.5442684888839722,0.367195188999176,4,V2-004-D2-TCNMEAN-F00-S20260928,f219483150b0da6c9efc8908cf7aafee80feffd12bcfdd491381d5991ec6101f
fd42036d7031867d801f609ad3a4774d702435432f24ae37f0b618d0738928e4,MITDB_P212,212,1145000000,0,20260928,MODEL_V2_TCN_MEAN,0,-6.94571590423584,0.0009618249023333192,4,V2-004-D2-TCNMEAN-F00-S20260928,f219483150b0da6c9efc8908cf7aafee80feffd12bcfdd491381d5991ec6101f
fd5a619a0009d1c838b8d1d4613990d13fdfa3c53c66555e53f5c6a3497df3c0,MITDB_P203,203,835000000,0,20260928,MODEL_V2_TCN_MEAN,0,-0.4686805307865143,0.3849285840988159,4,V2-004-D2-TCNMEAN-F00-S20260928,f219483150b0da6c9efc8908cf7aafee80feffd12bcfdd491381d5991ec6101f
fd78388e05d08296f1a0a352ffadf2d627b0d798d193be61a334ca1599cc8e2d,MITDB_P105,105,1295000000,0,20260928,MODEL_V2_TCN_MEAN,1,-0.44244900345802307,0.3911575675010681,4,V2-004-D2-TCNMEAN-F00-S20260928,f219483150b0da6c9efc8908cf7aafee80feffd12bcfdd491381d5991ec6101f
fd7ceecb6dde9fb858c3e3103ddef62111be62e2d88b653cc5ce276d4fa1e65e,MITDB_P124,124,805000000,0,20260928,MODEL_V2_TCN_MEAN,0,-5.446788311004639,0.0042916275560855865,4,V2-004-D2-TCNMEAN-F00-S20260928,f219483150b0da6c9efc8908cf7aafee80feffd12bcfdd491381d5991ec6101f
fda8ec0e59e986dbfa6a9b61ae7c98afed0359571a2d17f2afb44d451986c445,MITDB_P222,222,1375000000,0,20260928,MODEL_V2_TCN_MEAN,1,1.2312116622924805,0.7740305662155151,4,V2-004-D2-TCNMEAN-F00-S20260928,f219483150b0da6c9efc8908cf7aafee80feffd12bcfdd491381d5991ec6101f
fdde4928339448eae3042c95bd04e9392bbec323403b77dbf06d5f43879dbe7a,MITDB_P212,212,860000000,0,20260928,MODEL_V2_TCN_MEAN,0,-3.340282678604126,0.034214816987514496,4,V2-004-D2-TCNMEAN-F00-S20260928,f219483150b0da6c9efc8908cf7aafee80feffd12bcfdd491381d5991ec6101f
fde5fc2b7aad491eb6b7166896a912d420c48f4791106c2dac38334297f53b7f,MITDB_P212,212,210000000,0,20260928,MODEL_V2_TCN_MEAN,0,-2.9450414180755615,0.04997139051556587,4,V2-004-D2-TCNMEAN-F00-S20260928,f219483150b0da6c9efc8908cf7aafee80feffd12bcfdd491381d5991ec6101f
fe05ed20a6e3958c0bbb61e763d1e3be211423b451e9f96df7789477205c0677,MITDB_P124,124,1690000000,0,20260928,MODEL_V2_TCN_MEAN,0,-7.04366397857666,0.0008721610065549612,4,V2-004-D2-TCNMEAN-F00-S20260928,f219483150b0da6c9efc8908cf7aafee80feffd12bcfdd491381d5991ec6101f
fe0677239878ed8dc84801792e6bbbf11f16b636548d2af39228bbd294455f9d,MITDB_P212,212,1325000000,0,20260928,MODEL_V2_TCN_MEAN,0,-5.267034530639648,0.0051324088126420975,4,V2-004-D2-TCNMEAN-F00-S20260928,f219483150b0da6c9efc8908cf7aafee80feffd12bcfdd491381d5991ec6101f
fe135ea0c605aec4fe9635bc1f8b27d8d0a6b8d54ba2cac5c87ca6051f927a5d,MITDB_P203,203,720000000,0,20260928,MODEL_V2_TCN_MEAN,1,10.81057357788086,0.9999798536300659,4,V2-004-D2-TCNMEAN-F00-S20260928,f219483150b0da6c9efc8908cf7aafee80feffd12bcfdd491381d5991ec6101f
fe39456825e712473bc3c586160dc02e4d65ec79ae393cfc8c477f07879b1b0a,MITDB_P222,222,25000000,0,20260928,MODEL_V2_TCN_MEAN,0,-5.949536323547363,0.00260027009062469,4,V2-004-D2-TCNMEAN-F00-S20260928,f219483150b0da6c9efc8908cf7aafee80feffd12bcfdd491381d5991ec6101f
fe9ad4c3af4a14bc965e94304bc2ea5683939901117b1c808415e8c83c95a60d,MITDB_P212,212,1005000000,0,20260928,MODEL_V2_TCN_MEAN,0,-6.830759048461914,0.0010788727086037397,4,V2-004-D2-TCNMEAN-F00-S20260928,f219483150b0da6c9efc8908cf7aafee80feffd12bcfdd491381d5991ec6101f
fed18248f637b77522bc482ec22c30e9f896cc268fe0100fea04eca8fba51253,MITDB_P105,105,980000000,0,20260928,MODEL_V2_TCN_MEAN,0,-4.872109413146973,0.007599008735269308,4,V2-004-D2-TCNMEAN-F00-S20260928,f219483150b0da6c9efc8908cf7aafee80feffd12bcfdd491381d5991ec6101f
ff105afe5699d329e4ddb3620597cd007b65db4f9c9513e5bcf91cb8c9da42e2,MITDB_P203,203,855000000,0,20260928,MODEL_V2_TCN_MEAN,1,5.439640045166016,0.9956777691841125,4,V2-004-D2-TCNMEAN-F00-S20260928,f219483150b0da6c9efc8908cf7aafee80feffd12bcfdd491381d5991ec6101f
ff108cf76ba5e2a3d15428d3ff6e7a3e8c4aebfaf7cd673ee494f29813a7371c,MITDB_P203,203,1580000000,0,20260928,MODEL_V2_TCN_MEAN,1,5.629616737365723,0.9964228272438049,4,V2-004-D2-TCNMEAN-F00-S20260928,f219483150b0da6c9efc8908cf7aafee80feffd12bcfdd491381d5991ec6101f
ff187f9d2fff6d39aac4e2236ca3c247189b97d553797bb40c4a874d2dd745ce,MITDB_P212,212,1380000000,0,20260928,MODEL_V2_TCN_MEAN,0,-6.515191555023193,0.0014785827370360494,4,V2-004-D2-TCNMEAN-F00-S20260928,f219483150b0da6c9efc8908cf7aafee80feffd12bcfdd491381d5991ec6101f
ff29aa99704d15b80cd26c49f025c4672a277ea88f9cdb164a04c5e449356c0e,MITDB_P212,212,30000000,0,20260928,MODEL_V2_TCN_MEAN,0,-3.338449716567993,0.03427543491125107,4,V2-004-D2-TCNMEAN-F00-S20260928,f219483150b0da6c9efc8908cf7aafee80feffd12bcfdd491381d5991ec6101f
ff35aaa584f8aff6010fa28266ca5f396a3942e74540c54b37f289e961946338,MITDB_P222,222,1185000000,0,20260928,MODEL_V2_TCN_MEAN,1,3.7292630672454834,0.976552426815033,4,V2-004-D2-TCNMEAN-F00-S20260928,f219483150b0da6c9efc8908cf7aafee80feffd12bcfdd491381d5991ec6101f
ff38643811fe800c44f1c3aa121c8fdbaf78923df0aba9a2950786a32408aab0,MITDB_P212,212,1080000000,0,20260928,MODEL_V2_TCN_MEAN,0,-2.54518461227417,0.07275065779685974,4,V2-004-D2-TCNMEAN-F00-S20260928,f219483150b0da6c9efc8908cf7aafee80feffd12bcfdd491381d5991ec6101f
ff83d29c7dd61d37d54372b15b684db0027b64fd10d634dfe50b6e3e43cd33e2,MITDB_P212,212,1390000000,0,20260928,MODEL_V2_TCN_MEAN,0,-6.246029853820801,0.0019343844614923,4,V2-004-D2-TCNMEAN-F00-S20260928,f219483150b0da6c9efc8908cf7aafee80feffd12bcfdd491381d5991ec6101f
ffc7884d97a2be956a7a168901821cf1c4249cf1af6fcccad80a1518518ba1e6,MITDB_P212,212,1295000000,0,20260928,MODEL_V2_TCN_MEAN,0,-4.167446136474609,0.015255439095199108,4,V2-004-D2-TCNMEAN-F00-S20260928,f219483150b0da6c9efc8908cf7aafee80feffd12bcfdd491381d5991ec6101f
ffdc9b3d0ba9ccbb101d1f233d95b036064ac7b507b783f941aaf04af4ceb0fd,MITDB_P203,203,540000000,0,20260928,MODEL_V2_TCN_MEAN,1,7.825300693511963,0.9996007084846497,4,V2-004-D2-TCNMEAN-F00-S20260928,f219483150b0da6c9efc8908cf7aafee80feffd12bcfdd491381d5991ec6101f
fff20c3bc434c6056b8db951e27a83f30bd942fb0b451e7ce15b892fccaaf995,MITDB_P212,212,455000000,0,20260928,MODEL_V2_TCN_MEAN,0,-1.7915669679641724,0.14288072288036346,4,V2-004-D2-TCNMEAN-F00-S20260928,f219483150b0da6c9efc8908cf7aafee80feffd12bcfdd491381d5991ec6101f
