example_id,participant_group_id,record_id,prediction_timestamp_us,outer_fold,seed,label,raw_logit,raw_probability,selected_epoch,experiment_id,checkpoint_sha256,model_id
0041ac9e4bfeb0ab66c5b7a838056ac4625b87d4ace2d48006dc1b3174963124,MITDB_P215,215,1010000000,2,20260929,0,-4.692747592926025,0.009078308939933777,15,V2-002-F02-S20260929,4417c6668930e37bc9f0b71ff70d7ff9762182381c6fc54ae10e2b9c9d229143,MODEL_V1_CV_REFERENCE_V1
0045f7c87ba693c5ec910a70aec18a8428dcf4c605664c33720d358faa21411f,MITDB_P220,220,155000000,2,20260929,0,2.3221678733825684,0.9106964468955994,15,V2-002-F02-S20260929,4417c6668930e37bc9f0b71ff70d7ff9762182381c6fc54ae10e2b9c9d229143,MODEL_V1_CV_REFERENCE_V1
00664532504691139d0b14d98a01b641c604e3fec1fb60ce811bd05919245135,MITDB_P111,111,1345000000,2,20260929,0,-2.3570446968078613,0.08650744706392288,15,V2-002-F02-S20260929,4417c6668930e37bc9f0b71ff70d7ff9762182381c6fc54ae10e2b9c9d229143,MODEL_V1_CV_REFERENCE_V1
006fbab9c6fc9c387933791021586d529be3550f3efd48544277b6da07420998,MITDB_P232,232,480000000,2,20260929,1,0.39955052733421326,0.5985796451568604,15,V2-002-F02-S20260929,4417c6668930e37bc9f0b71ff70d7ff9762182381c6fc54ae10e2b9c9d229143,MODEL_V1_CV_REFERENCE_V1
0086eefceb5e9b53c8b961eeeb7a09a16369820b009fe6d732ab2316902c9c09,MITDB_P232,232,470000000,2,20260929,1,0.07414793223142624,0.5185285210609436,15,V2-002-F02-S20260929,4417c6668930e37bc9f0b71ff70d7ff9762182381c6fc54ae10e2b9c9d229143,MODEL_V1_CV_REFERENCE_V1
00abd843c5f781031f74f60bb8cca92adc77acc39de7a79bd624dd2cdbe2f813,MITDB_P215,215,1460000000,2,20260929,1,-1.4382095336914062,0.19182275235652924,15,V2-002-F02-S20260929,4417c6668930e37bc9f0b71ff70d7ff9762182381c6fc54ae10e2b9c9d229143,MODEL_V1_CV_REFERENCE_V1
00b59c61d0006b02f6a0a947269c4cb57bb85fdc7270429ee3a7fcda3252f22d,MITDB_P220,220,250000000,2,20260929,0,2.0329668521881104,0.8842151761054993,15,V2-002-F02-S20260929,4417c6668930e37bc9f0b71ff70d7ff9762182381c6fc54ae10e2b9c9d229143,MODEL_V1_CV_REFERENCE_V1
00e0174c5231197ef05975352a8f2fc2230309fb1fa92096b7aa9d1059786b6f,MITDB_P113,113,35000000,2,20260929,0,1.2798495292663574,0.7824241518974304,15,V2-002-F02-S20260929,4417c6668930e37bc9f0b71ff70d7ff9762182381c6fc54ae10e2b9c9d229143,MODEL_V1_CV_REFERENCE_V1
00e2f85fc90a938f08ec9e4f3508f036abd54726567bbfb34ff652a2b00149ef,MITDB_P220,220,1710000000,2,20260929,0,1.6423726081848145,0.8378575444221497,15,V2-002-F02-S20260929,4417c6668930e37bc9f0b71ff70d7ff9762182381c6fc54ae10e2b9c9d229143,MODEL_V1_CV_REFERENCE_V1
00ea0f157919f21c1c66e112f160f619fec79ac0a524f70a5fede11052e8ce7f,MITDB_P232,232,1060000000,2,20260929,1,0.9658610224723816,0.7242937684059143,15,V2-002-F02-S20260929,4417c6668930e37bc9f0b71ff70d7ff9762182381c6fc54ae10e2b9c9d229143,MODEL_V1_CV_REFERENCE_V1
0105b28980905152262bb4e6b5aeae0b4591e2ed93019555138494ac4739805a,MITDB_P232,232,620000000,2,20260929,1,0.018726788461208344,0.5046815872192383,15,V2-002-F02-S20260929,4417c6668930e37bc9f0b71ff70d7ff9762182381c6fc54ae10e2b9c9d229143,MODEL_V1_CV_REFERENCE_V1
0162a3926018750ff54bded6d4c3e6cd0c9c5d29f885aaf339e8c9a3d74acef3,MITDB_P232,232,255000000,2,20260929,1,0.25160568952560425,0.56257164478302,15,V2-002-F02-S20260929,4417c6668930e37bc9f0b71ff70d7ff9762182381c6fc54ae10e2b9c9d229143,MODEL_V1_CV_REFERENCE_V1
017df87dd3cbfb11fd8d8126f70e313cfb6fd6ab2977ef5f1ace2c67c6ae6e52,MITDB_P113,113,675000000,2,20260929,0,1.6982808113098145,0.8453100919723511,15,V2-002-F02-S20260929,4417c6668930e37bc9f0b71ff70d7ff9762182381c6fc54ae10e2b9c9d229143,MODEL_V1_CV_REFERENCE_V1
01d81b5b2b2d9bc78c92e019dec8ed633d14474348cacdf4bc53e52bc10c1fd9,MITDB_P111,111,390000000,2,20260929,0,-1.5717411041259766,0.17196832597255707,15,V2-002-F02-S20260929,4417c6668930e37bc9f0b71ff70d7ff9762182381c6fc54ae10e2b9c9d229143,MODEL_V1_CV_REFERENCE_V1
025eee00812fdc705542add6d867dfc73321076de7f186ff709a16c08bec0fb9,MITDB_P232,232,1300000000,2,20260929,1,0.47187340259552,0.6158270835876465,15,V2-002-F02-S20260929,4417c6668930e37bc9f0b71ff70d7ff9762182381c6fc54ae10e2b9c9d229143,MODEL_V1_CV_REFERENCE_V1
02835df384010998f257838f3f3dec498143d9c78305faad2faf47cf4e474cbc,MITDB_P111,111,365000000,2,20260929,0,-2.2763047218322754,0.09310449659824371,15,V2-002-F02-S20260929,4417c6668930e37bc9f0b71ff70d7ff9762182381c6fc54ae10e2b9c9d229143,MODEL_V1_CV_REFERENCE_V1
02b0893b005f92cb7825831f0a710f2df7e3674dab0e0dae97d4053406cd4a67,MITDB_P232,232,1145000000,2,20260929,1,0.5792292952537537,0.6408900618553162,15,V2-002-F02-S20260929,4417c6668930e37bc9f0b71ff70d7ff9762182381c6fc54ae10e2b9c9d229143,MODEL_V1_CV_REFERENCE_V1
02bc3d738e2e8a76710dfded658de132181e66313e29a065825f4f5ccf1a7ed9,MITDB_P220,220,55000000,2,20260929,1,1.9636523723602295,0.8769277334213257,15,V2-002-F02-S20260929,4417c6668930e37bc9f0b71ff70d7ff9762182381c6fc54ae10e2b9c9d229143,MODEL_V1_CV_REFERENCE_V1
02f0cccccc9ff2247e25a12933beb24dfb61910fe8562e5417ddb81443d48c80,MITDB_P113,113,620000000,2,20260929,0,1.325853705406189,0.790153980255127,15,V2-002-F02-S20260929,4417c6668930e37bc9f0b71ff70d7ff9762182381c6fc54ae10e2b9c9d229143,MODEL_V1_CV_REFERENCE_V1
03633de6631d4d50eef15a5ebb5e9d074c4bd749027162d7d903151fa6774aa0,MITDB_P232,232,1715000000,2,20260929,1,0.15364673733711243,0.5383362770080566,15,V2-002-F02-S20260929,4417c6668930e37bc9f0b71ff70d7ff9762182381c6fc54ae10e2b9c9d229143,MODEL_V1_CV_REFERENCE_V1
03a502aa94b2ae6ce23d227c306783387b1d50765b228a65a3b4eb1bd4df9676,MITDB_P232,232,1085000000,2,20260929,1,1.051154613494873,0.7409965395927429,15,V2-002-F02-S20260929,4417c6668930e37bc9f0b71ff70d7ff9762182381c6fc54ae10e2b9c9d229143,MODEL_V1_CV_REFERENCE_V1
040ea7b7da65f84b17d570d2785c3b5ab3c5242c85bff09629231f223a6e63f1,MITDB_P220,220,810000000,2,20260929,0,1.9980117082595825,0.880588173866272,15,V2-002-F02-S20260929,4417c6668930e37bc9f0b71ff70d7ff9762182381c6fc54ae10e2b9c9d229143,MODEL_V1_CV_REFERENCE_V1
041f695887b54d75a4054d76a8c068b339ff060e09fe091dd3e9567a9cee0712,MITDB_P111,111,95000000,2,20260929,0,-1.3089693784713745,0.2126593440771103,15,V2-002-F02-S20260929,4417c6668930e37bc9f0b71ff70d7ff9762182381c6fc54ae10e2b9c9d229143,MODEL_V1_CV_REFERENCE_V1
043a4e90da5cc59c9acfb1865bf6b928182f1e2a106dcfb30acf37108ab6376e,MITDB_P232,232,960000000,2,20260929,1,0.6457995176315308,0.6560632586479187,15,V2-002-F02-S20260929,4417c6668930e37bc9f0b71ff70d7ff9762182381c6fc54ae10e2b9c9d229143,MODEL_V1_CV_REFERENCE_V1
0453a03b72c491393be91b64b64e2125da8d376d7e7a640467cabc24da60c0fc,MITDB_P215,215,830000000,2,20260929,0,-4.7839674949646,0.008293398655951023,15,V2-002-F02-S20260929,4417c6668930e37bc9f0b71ff70d7ff9762182381c6fc54ae10e2b9c9d229143,MODEL_V1_CV_REFERENCE_V1
0476b63b7da87e537b9d0569caabb0f342a5b08b1c60e9e48a9f35c6c08a627c,MITDB_P220,220,480000000,2,20260929,0,2.138134479522705,0.8945547938346863,15,V2-002-F02-S20260929,4417c6668930e37bc9f0b71ff70d7ff9762182381c6fc54ae10e2b9c9d229143,MODEL_V1_CV_REFERENCE_V1
047d1a1fe58f6c26b36dc03d2e787e79d0f4759f451898a0ea9b6ebd3f64d64b,MITDB_P113,113,1635000000,2,20260929,0,1.1149280071258545,0.7530466914176941,15,V2-002-F02-S20260929,4417c6668930e37bc9f0b71ff70d7ff9762182381c6fc54ae10e2b9c9d229143,MODEL_V1_CV_REFERENCE_V1
0483b78211892fc4d39ca1c8658a67d83c4be025c758eae993f329a8bc1985a4,MITDB_P111,111,1115000000,2,20260929,0,-1.59330415725708,0.16891953349113464,15,V2-002-F02-S20260929,4417c6668930e37bc9f0b71ff70d7ff9762182381c6fc54ae10e2b9c9d229143,MODEL_V1_CV_REFERENCE_V1
04856f09635bbe0607987d282cd8429a4dac07cf53368cc8e10e3a8113772f2c,MITDB_P111,111,490000000,2,20260929,0,-1.091996431350708,0.2512425184249878,15,V2-002-F02-S20260929,4417c6668930e37bc9f0b71ff70d7ff9762182381c6fc54ae10e2b9c9d229143,MODEL_V1_CV_REFERENCE_V1
04b1a6ec27c2721210953ca483deb45de46329b631e99053b21f2cb977686c06,MITDB_P232,232,780000000,2,20260929,1,0.5895112156867981,0.643252968788147,15,V2-002-F02-S20260929,4417c6668930e37bc9f0b71ff70d7ff9762182381c6fc54ae10e2b9c9d229143,MODEL_V1_CV_REFERENCE_V1
04b202c15b70dbc0a1bdb72cc8c46a03d8df2bf6ede5a655b9be4fcb3c201e86,MITDB_P111,111,70000000,2,20260929,0,-1.1017119884490967,0.24941925704479218,15,V2-002-F02-S20260929,4417c6668930e37bc9f0b71ff70d7ff9762182381c6fc54ae10e2b9c9d229143,MODEL_V1_CV_REFERENCE_V1
04cb2cc69407a8ec7eadb29ffb779c11696b3cb528fcafda92d8c1de405d287b,MITDB_P113,113,1070000000,2,20260929,0,2.0065481662750244,0.8814828991889954,15,V2-002-F02-S20260929,4417c6668930e37bc9f0b71ff70d7ff9762182381c6fc54ae10e2b9c9d229143,MODEL_V1_CV_REFERENCE_V1
052afa5cc5d7fc1ae65f34b6d7c5968fa25181c2648fd758d8b393c095452828,MITDB_P220,220,1110000000,2,20260929,1,1.7506017684936523,0.8520287275314331,15,V2-002-F02-S20260929,4417c6668930e37bc9f0b71ff70d7ff9762182381c6fc54ae10e2b9c9d229143,MODEL_V1_CV_REFERENCE_V1
054180e5896f65ce7ebc8ac6464880359222b80a24a02ecc47b05b374366326b,MITDB_P113,113,810000000,2,20260929,0,1.1633244752883911,0.7619362473487854,15,V2-002-F02-S20260929,4417c6668930e37bc9f0b71ff70d7ff9762182381c6fc54ae10e2b9c9d229143,MODEL_V1_CV_REFERENCE_V1
054738e563a33485e6ca9900ea095ccba9d73f4a8d97840d783de6859c19b707,MITDB_P113,113,1670000000,2,20260929,0,1.0188851356506348,0.7347553968429565,15,V2-002-F02-S20260929,4417c6668930e37bc9f0b71ff70d7ff9762182381c6fc54ae10e2b9c9d229143,MODEL_V1_CV_REFERENCE_V1
05599ddd27dc7e858da7139283b15cd411c7d4cc86c9783122cbfbd2dddb0593,MITDB_P111,111,510000000,2,20260929,0,-1.3319756984710693,0.2088327556848526,15,V2-002-F02-S20260929,4417c6668930e37bc9f0b71ff70d7ff9762182381c6fc54ae10e2b9c9d229143,MODEL_V1_CV_REFERENCE_V1
05780dbd983abf69c21ea443943d0c5442b619208c0afd1d13779a435cd9081a,MITDB_P220,220,1615000000,2,20260929,0,1.6967540979385376,0.845110297203064,15,V2-002-F02-S20260929,4417c6668930e37bc9f0b71ff70d7ff9762182381c6fc54ae10e2b9c9d229143,MODEL_V1_CV_REFERENCE_V1
057e00d3aab5a257e7327b3be4223b13bd8cd43d39dba940b0dbd5592b43853c,MITDB_P111,111,250000000,2,20260929,0,-1.894040584564209,0.13078445196151733,15,V2-002-F02-S20260929,4417c6668930e37bc9f0b71ff70d7ff9762182381c6fc54ae10e2b9c9d229143,MODEL_V1_CV_REFERENCE_V1
05e4a238323b6e23d691aa69122467829d3b89685a8ddc3ca175ec7f510aff24,MITDB_P111,111,680000000,2,20260929,0,-0.7901462316513062,0.31213727593421936,15,V2-002-F02-S20260929,4417c6668930e37bc9f0b71ff70d7ff9762182381c6fc54ae10e2b9c9d229143,MODEL_V1_CV_REFERENCE_V1
060ba8221609adb1c43055f5773263ac0ea632c6f368645beb48c68e8cab08fc,MITDB_P215,215,1115000000,2,20260929,1,-4.11121129989624,0.016123678535223007,15,V2-002-F02-S20260929,4417c6668930e37bc9f0b71ff70d7ff9762182381c6fc54ae10e2b9c9d229143,MODEL_V1_CV_REFERENCE_V1
064b3e9b1846f4d936319fd8276ab3636fc7609e0447cfe7b6c3f6b4cf779adb,MITDB_P111,111,1630000000,2,20260929,0,-1.840341567993164,0.13701090216636658,15,V2-002-F02-S20260929,4417c6668930e37bc9f0b71ff70d7ff9762182381c6fc54ae10e2b9c9d229143,MODEL_V1_CV_REFERENCE_V1
065466205e4be62cff48e25f4875311a40b15a4aa0397cc09e6b23a85173d917,MITDB_P113,113,1260000000,2,20260929,0,1.1865239143371582,0.7661188244819641,15,V2-002-F02-S20260929,4417c6668930e37bc9f0b71ff70d7ff9762182381c6fc54ae10e2b9c9d229143,MODEL_V1_CV_REFERENCE_V1
065913e8f54e78cc8ce2644db8c4ceda621023958b962a7a3e418ec3650852cb,MITDB_P111,111,200000000,2,20260929,0,-1.143312692642212,0.24171265959739685,15,V2-002-F02-S20260929,4417c6668930e37bc9f0b71ff70d7ff9762182381c6fc54ae10e2b9c9d229143,MODEL_V1_CV_REFERENCE_V1
06c13640b9c3a29c49b33996966c8851138cfae1785efc8d28c9339d22ca1bb6,MITDB_P215,215,555000000,2,20260929,0,-4.2075276374816895,0.01466486044228077,15,V2-002-F02-S20260929,4417c6668930e37bc9f0b71ff70d7ff9762182381c6fc54ae10e2b9c9d229143,MODEL_V1_CV_REFERENCE_V1
06c583da56aa8f6a7b2ec58bd5c5c17057c8740f57fdf7f3af39ff95f59b5921,MITDB_P220,220,245000000,2,20260929,0,2.152674436569214,0.8959184288978577,15,V2-002-F02-S20260929,4417c6668930e37bc9f0b71ff70d7ff9762182381c6fc54ae10e2b9c9d229143,MODEL_V1_CV_REFERENCE_V1
06e24640a16d4270a9ea3b44222b6a612cb2794939737989560fa464fdb3e3f9,MITDB_P215,215,390000000,2,20260929,1,-1.3277907371520996,0.20952503383159637,15,V2-002-F02-S20260929,4417c6668930e37bc9f0b71ff70d7ff9762182381c6fc54ae10e2b9c9d229143,MODEL_V1_CV_REFERENCE_V1
07271cfb652c32a576469e5731c4546ebd71447d34dce479fb91c2a5669700a4,MITDB_P215,215,1080000000,2,20260929,1,-1.7039201259613037,0.15395396947860718,15,V2-002-F02-S20260929,4417c6668930e37bc9f0b71ff70d7ff9762182381c6fc54ae10e2b9c9d229143,MODEL_V1_CV_REFERENCE_V1
074ce2a8a2ea50e865b0349ac8720af4a6a11d2f5f03061637c0166a70619f04,MITDB_P220,220,1570000000,2,20260929,0,1.5560115575790405,0.8257802724838257,15,V2-002-F02-S20260929,4417c6668930e37bc9f0b71ff70d7ff9762182381c6fc54ae10e2b9c9d229143,MODEL_V1_CV_REFERENCE_V1
075c4093f50a06a78e06d195d2af0f86e42d898149562cd0a83fcfbcae95f7d9,MITDB_P215,215,1705000000,2,20260929,0,-4.755878448486328,0.008527640253305435,15,V2-002-F02-S20260929,4417c6668930e37bc9f0b71ff70d7ff9762182381c6fc54ae10e2b9c9d229143,MODEL_V1_CV_REFERENCE_V1
079944cb5e17e54182062ff54b89a34a0001b292de4e1019d181c04ade883555,MITDB_P220,220,1580000000,2,20260929,0,1.5149580240249634,0.8197948336601257,15,V2-002-F02-S20260929,4417c6668930e37bc9f0b71ff70d7ff9762182381c6fc54ae10e2b9c9d229143,MODEL_V1_CV_REFERENCE_V1
07e35bba0100f129ee52fe56fe0ec6fe0109542ca368ffc29f17f6ed0f57889b,MITDB_P111,111,1795000000,2,20260929,0,-1.2400691509246826,0.22442394495010376,15,V2-002-F02-S20260929,4417c6668930e37bc9f0b71ff70d7ff9762182381c6fc54ae10e2b9c9d229143,MODEL_V1_CV_REFERENCE_V1
08098ebc395b234f42b70d3a2567eb96af45d78e1251cee7703a4155ebff69aa,MITDB_P220,220,1525000000,2,20260929,0,1.9233272075653076,0.8725090026855469,15,V2-002-F02-S20260929,4417c6668930e37bc9f0b71ff70d7ff9762182381c6fc54ae10e2b9c9d229143,MODEL_V1_CV_REFERENCE_V1
081b73063020d4d5894c5831eced8cf7dad5ad76bf280eb11d3adf20b41a2b3d,MITDB_P111,111,1765000000,2,20260929,0,-1.5482776165008545,0.17533518373966217,15,V2-002-F02-S20260929,4417c6668930e37bc9f0b71ff70d7ff9762182381c6fc54ae10e2b9c9d229143,MODEL_V1_CV_REFERENCE_V1
089a190f565b7a30e95f7a865d3a9e22e7f5cf0e8b5521e6d8830a9a4ad489ec,MITDB_P113,113,845000000,2,20260929,0,2.0203697681427,0.8829192519187927,15,V2-002-F02-S20260929,4417c6668930e37bc9f0b71ff70d7ff9762182381c6fc54ae10e2b9c9d229143,MODEL_V1_CV_REFERENCE_V1
08b9c48dfc2ec3901a9c144d17c90db73e1c5d856052da69dcd7370dd70a2d45,MITDB_P111,111,845000000,2,20260929,0,-1.6440560817718506,0.1619139015674591,15,V2-002-F02-S20260929,4417c6668930e37bc9f0b71ff70d7ff9762182381c6fc54ae10e2b9c9d229143,MODEL_V1_CV_REFERENCE_V1
08bdd6872e64b6f34954a635799dc94e8b1b21d0a9373e62145531bf9b7ff60a,MITDB_P113,113,1340000000,2,20260929,1,1.4745603799819946,0.8137495517730713,15,V2-002-F02-S20260929,4417c6668930e37bc9f0b71ff70d7ff9762182381c6fc54ae10e2b9c9d229143,MODEL_V1_CV_REFERENCE_V1
08f53cab47d41fbb34688945011e9ba005b9a2fe8298256fb0baafba7505bf88,MITDB_P215,215,1465000000,2,20260929,1,0.4669153690338135,0.6146534085273743,15,V2-002-F02-S20260929,4417c6668930e37bc9f0b71ff70d7ff9762182381c6fc54ae10e2b9c9d229143,MODEL_V1_CV_REFERENCE_V1
08f6b49f2ea7bcc40d5b978fb8245bdf5a326f54589ca87a9178c7e5ad5aa1bc,MITDB_P215,215,850000000,2,20260929,0,-4.586767196655273,0.01008303090929985,15,V2-002-F02-S20260929,4417c6668930e37bc9f0b71ff70d7ff9762182381c6fc54ae10e2b9c9d229143,MODEL_V1_CV_REFERENCE_V1
090ec7799053cb2feadf6e33fe770952d180888151e0836ead0299bd2441853e,MITDB_P111,111,885000000,2,20260929,0,0.04181625694036484,0.5104525089263916,15,V2-002-F02-S20260929,4417c6668930e37bc9f0b71ff70d7ff9762182381c6fc54ae10e2b9c9d229143,MODEL_V1_CV_REFERENCE_V1
094f8979cec8244e132af253683d3a4886b7c7b4814cbcf716e8ba323b436972,MITDB_P111,111,1045000000,2,20260929,0,-0.8837099671363831,0.2924095690250397,15,V2-002-F02-S20260929,4417c6668930e37bc9f0b71ff70d7ff9762182381c6fc54ae10e2b9c9d229143,MODEL_V1_CV_REFERENCE_V1
098ffd280733270bb48f57503656426d9a4bad00d25cd0596bb2d0fdc7f4cada,MITDB_P113,113,390000000,2,20260929,0,1.7087639570236206,0.8466758728027344,15,V2-002-F02-S20260929,4417c6668930e37bc9f0b71ff70d7ff9762182381c6fc54ae10e2b9c9d229143,MODEL_V1_CV_REFERENCE_V1
09c20a30ce0a4eaebb019bf263a02b2672c1cf6bb137d2d012379e6389ffae67,MITDB_P220,220,300000000,2,20260929,0,1.6943445205688477,0.8447946310043335,15,V2-002-F02-S20260929,4417c6668930e37bc9f0b71ff70d7ff9762182381c6fc54ae10e2b9c9d229143,MODEL_V1_CV_REFERENCE_V1
09c9c02b1d43ec5dc71cfc7751f6d8fdecdf685914a663f8b3739d4801995c30,MITDB_P215,215,960000000,2,20260929,0,-4.1951212882995605,0.01484521385282278,15,V2-002-F02-S20260929,4417c6668930e37bc9f0b71ff70d7ff9762182381c6fc54ae10e2b9c9d229143,MODEL_V1_CV_REFERENCE_V1
09cf81d5d7c98d7fd40f475e108510e6aac5890f677598832b6a66095a8f8b50,MITDB_P232,232,800000000,2,20260929,1,0.599366307258606,0.6455113291740417,15,V2-002-F02-S20260929,4417c6668930e37bc9f0b71ff70d7ff9762182381c6fc54ae10e2b9c9d229143,MODEL_V1_CV_REFERENCE_V1
09f12da39b293508dfde870a64fc74b434bd140540b6b5a8e53b104251a8818d,MITDB_P111,111,1265000000,2,20260929,0,-2.1154727935791016,0.10760202258825302,15,V2-002-F02-S20260929,4417c6668930e37bc9f0b71ff70d7ff9762182381c6fc54ae10e2b9c9d229143,MODEL_V1_CV_REFERENCE_V1
09f247548a64a427ed2e46ace77dfa281917e533d1e6d61fae069db5bf20a575,MITDB_P220,220,1290000000,2,20260929,0,1.6553558111190796,0.8396136164665222,15,V2-002-F02-S20260929,4417c6668930e37bc9f0b71ff70d7ff9762182381c6fc54ae10e2b9c9d229143,MODEL_V1_CV_REFERENCE_V1
0a199ad9e266f2a868c1a412835c52337ebbf61c088b91633836d59746a7cca0,MITDB_P232,232,785000000,2,20260929,1,0.3188402056694031,0.579041600227356,15,V2-002-F02-S20260929,4417c6668930e37bc9f0b71ff70d7ff9762182381c6fc54ae10e2b9c9d229143,MODEL_V1_CV_REFERENCE_V1
0a61fca582095e91324521154678b86bf0b54b80831dcbb89232e6a7b02e54d5,MITDB_P232,232,20000000,2,20260929,1,1.647459626197815,0.83854740858078,15,V2-002-F02-S20260929,4417c6668930e37bc9f0b71ff70d7ff9762182381c6fc54ae10e2b9c9d229143,MODEL_V1_CV_REFERENCE_V1
0a7464841877add21e8935d02976e0ca467125f9b45c761946e5511e1c3c5e36,MITDB_P111,111,760000000,2,20260929,0,-1.2354503870010376,0.2252289056777954,15,V2-002-F02-S20260929,4417c6668930e37bc9f0b71ff70d7ff9762182381c6fc54ae10e2b9c9d229143,MODEL_V1_CV_REFERENCE_V1
0a8ec8d35eaf89852b12a5c6a792587ff1d9565f04f76b1f2f0fa7e278d0e5c7,MITDB_P113,113,630000000,2,20260929,0,1.5068893432617188,0.8185997009277344,15,V2-002-F02-S20260929,4417c6668930e37bc9f0b71ff70d7ff9762182381c6fc54ae10e2b9c9d229143,MODEL_V1_CV_REFERENCE_V1
0aa37216f712246c04a4ca46e7fe5710f8326e6ccfe6f18ca34605f00837d5e2,MITDB_P215,215,85000000,2,20260929,1,-0.23050770163536072,0.4426268935203552,15,V2-002-F02-S20260929,4417c6668930e37bc9f0b71ff70d7ff9762182381c6fc54ae10e2b9c9d229143,MODEL_V1_CV_REFERENCE_V1
0aa4c1dd00e596270cf58f66b44184414ed2d01b7b85c75336e09f4b3a70ace0,MITDB_P215,215,730000000,2,20260929,1,-0.03171700984239578,0.4920714199542999,15,V2-002-F02-S20260929,4417c6668930e37bc9f0b71ff70d7ff9762182381c6fc54ae10e2b9c9d229143,MODEL_V1_CV_REFERENCE_V1
0abd4da531542c8c1251e53b6a62a9a114aa0447e7342bd7323a580c85863de9,MITDB_P232,232,1785000000,2,20260929,1,-0.07419528812170029,0.48145970702171326,15,V2-002-F02-S20260929,4417c6668930e37bc9f0b71ff70d7ff9762182381c6fc54ae10e2b9c9d229143,MODEL_V1_CV_REFERENCE_V1
0ac0301d844470d0032b4c0a7f1af68cf9b672b5286960b788af2ced8a8fbd6b,MITDB_P111,111,110000000,2,20260929,0,-0.8222337961196899,0.30528968572616577,15,V2-002-F02-S20260929,4417c6668930e37bc9f0b71ff70d7ff9762182381c6fc54ae10e2b9c9d229143,MODEL_V1_CV_REFERENCE_V1
0ac20003795c71535dd9cd599770e58b382522268d3564099f8c4261a175796a,MITDB_P220,220,1535000000,2,20260929,0,1.7490124702453613,0.8518281579017639,15,V2-002-F02-S20260929,4417c6668930e37bc9f0b71ff70d7ff9762182381c6fc54ae10e2b9c9d229143,MODEL_V1_CV_REFERENCE_V1
0ad7725b076bce718377093d417c8ecf4341ff4629f9876b4aba88705b2f7b05,MITDB_P215,215,1510000000,2,20260929,1,-1.2147819995880127,0.22885602712631226,15,V2-002-F02-S20260929,4417c6668930e37bc9f0b71ff70d7ff9762182381c6fc54ae10e2b9c9d229143,MODEL_V1_CV_REFERENCE_V1
0ad93661d5cb669b4656f86fd19ec24e73d50caa388a1b2e2feabcb4ed2d17ca,MITDB_P232,232,370000000,2,20260929,1,0.2604764699935913,0.5647534132003784,15,V2-002-F02-S20260929,4417c6668930e37bc9f0b71ff70d7ff9762182381c6fc54ae10e2b9c9d229143,MODEL_V1_CV_REFERENCE_V1
0ae32a40fc47eda3e3d5e0ba620bc90170f9ac4701904a246ffee4e5491c7701,MITDB_P215,215,1570000000,2,20260929,0,-4.843348979949951,0.007818998768925667,15,V2-002-F02-S20260929,4417c6668930e37bc9f0b71ff70d7ff9762182381c6fc54ae10e2b9c9d229143,MODEL_V1_CV_REFERENCE_V1
0b08aa64fb8b88c5262503d45542414248309c0cc8e9f185bb75dbf66bc26713,MITDB_P232,232,1245000000,2,20260929,1,0.11862760037183762,0.5296221375465393,15,V2-002-F02-S20260929,4417c6668930e37bc9f0b71ff70d7ff9762182381c6fc54ae10e2b9c9d229143,MODEL_V1_CV_REFERENCE_V1
0b16dc35117e4c8309836399c56be0af1c4846df464ea2105a929d542d1c1ac6,MITDB_P220,220,1635000000,2,20260929,0,1.6607544422149658,0.8403393030166626,15,V2-002-F02-S20260929,4417c6668930e37bc9f0b71ff70d7ff9762182381c6fc54ae10e2b9c9d229143,MODEL_V1_CV_REFERENCE_V1
0b31c2b86b31ee9c081b934ddb764e2d0c95f9e45639e6e984494eae7449c412,MITDB_P232,232,1600000000,2,20260929,1,0.8582028746604919,0.7022850513458252,15,V2-002-F02-S20260929,4417c6668930e37bc9f0b71ff70d7ff9762182381c6fc54ae10e2b9c9d229143,MODEL_V1_CV_REFERENCE_V1
0b3796e822d711955b09b7841eb093ffd4162165ca73907cf52ff520f38ccef0,MITDB_P215,215,780000000,2,20260929,1,-1.7772586345672607,0.1446419656276703,15,V2-002-F02-S20260929,4417c6668930e37bc9f0b71ff70d7ff9762182381c6fc54ae10e2b9c9d229143,MODEL_V1_CV_REFERENCE_V1
0b37f7dc72c9472c45e1920bca29f6532021bdcefb8a716dacc18540c1173639,MITDB_P215,215,1560000000,2,20260929,1,-4.764564037322998,0.008454516530036926,15,V2-002-F02-S20260929,4417c6668930e37bc9f0b71ff70d7ff9762182381c6fc54ae10e2b9c9d229143,MODEL_V1_CV_REFERENCE_V1
0b7a4c1ea6f139ed847c74f096f632a19463f027ddffe4aadcc4f1804035dd6a,MITDB_P111,111,1735000000,2,20260929,0,-1.4263056516647339,0.1936749666929245,15,V2-002-F02-S20260929,4417c6668930e37bc9f0b71ff70d7ff9762182381c6fc54ae10e2b9c9d229143,MODEL_V1_CV_REFERENCE_V1
0ba401de5b804f8b95b0ca5ea12d3c0abf5e6a8117fa862e0a3b10d2d17d1715,MITDB_P232,232,875000000,2,20260929,1,0.04692374914884567,0.5117287635803223,15,V2-002-F02-S20260929,4417c6668930e37bc9f0b71ff70d7ff9762182381c6fc54ae10e2b9c9d229143,MODEL_V1_CV_REFERENCE_V1
0bcc63f1f18ebc812e52e3cf5ae5b7252c0156338ba78615caddfa25e3a0092a,MITDB_P220,220,1370000000,2,20260929,0,1.5441617965698242,0.8240689039230347,15,V2-002-F02-S20260929,4417c6668930e37bc9f0b71ff70d7ff9762182381c6fc54ae10e2b9c9d229143,MODEL_V1_CV_REFERENCE_V1
0c526314048827db6a8a6fcaae8ea3d6f53d6912042566fefff20baa1bded25f,MITDB_P113,113,950000000,2,20260929,0,0.8313038349151611,0.696630597114563,15,V2-002-F02-S20260929,4417c6668930e37bc9f0b71ff70d7ff9762182381c6fc54ae10e2b9c9d229143,MODEL_V1_CV_REFERENCE_V1
0cf068b6317ac9a9a5e1ec9f7c08e0a8b925e20196fc43a47ec336b47af7f4cc,MITDB_P111,111,1790000000,2,20260929,0,-1.0151100158691406,0.2659810185432434,15,V2-002-F02-S20260929,4417c6668930e37bc9f0b71ff70d7ff9762182381c6fc54ae10e2b9c9d229143,MODEL_V1_CV_REFERENCE_V1
0cf45c32603515e906e1c62398003d1911b8331d01bef45cfb684ae4194b5c6f,MITDB_P113,113,1345000000,2,20260929,1,1.8021140098571777,0.858406126499176,15,V2-002-F02-S20260929,4417c6668930e37bc9f0b71ff70d7ff9762182381c6fc54ae10e2b9c9d229143,MODEL_V1_CV_REFERENCE_V1
0cf92e8637d2394f32d09e725c7e3e53cfa3f851aef85f6386fa08cef517d00d,MITDB_P232,232,1765000000,2,20260929,1,0.4888267517089844,0.6198300123214722,15,V2-002-F02-S20260929,4417c6668930e37bc9f0b71ff70d7ff9762182381c6fc54ae10e2b9c9d229143,MODEL_V1_CV_REFERENCE_V1
0d07215ddc68c6a2bf4ca39d8b76b82c92f0d062948513a411067f3dc809a14b,MITDB_P232,232,680000000,2,20260929,1,0.8932235836982727,0.7095549702644348,15,V2-002-F02-S20260929,4417c6668930e37bc9f0b71ff70d7ff9762182381c6fc54ae10e2b9c9d229143,MODEL_V1_CV_REFERENCE_V1
0d16ae897edecdfc56325a4b9ae3dbc9816c6176652bde686fded5517c4d4f45,MITDB_P113,113,225000000,2,20260929,0,1.270355224609375,0.7808035016059875,15,V2-002-F02-S20260929,4417c6668930e37bc9f0b71ff70d7ff9762182381c6fc54ae10e2b9c9d229143,MODEL_V1_CV_REFERENCE_V1
0d946a299287cb174b390a449eb94b151939c84ab82002c4b6260f0df50a0355,MITDB_P111,111,465000000,2,20260929,0,-1.6066317558288574,0.16705676913261414,15,V2-002-F02-S20260929,4417c6668930e37bc9f0b71ff70d7ff9762182381c6fc54ae10e2b9c9d229143,MODEL_V1_CV_REFERENCE_V1
0d989d1088ffec441efe0e2da9b43e76d493ad439dd3fcf7c888db22d0407f55,MITDB_P215,215,480000000,2,20260929,0,-4.361964702606201,0.012592707760632038,15,V2-002-F02-S20260929,4417c6668930e37bc9f0b71ff70d7ff9762182381c6fc54ae10e2b9c9d229143,MODEL_V1_CV_REFERENCE_V1
0da504b59aa781dbf36acb6ca3d45a6407d9ef7b496135ce3e7e8dcc3a1aedd9,MITDB_P111,111,740000000,2,20260929,0,-1.7040274143218994,0.15393999218940735,15,V2-002-F02-S20260929,4417c6668930e37bc9f0b71ff70d7ff9762182381c6fc54ae10e2b9c9d229143,MODEL_V1_CV_REFERENCE_V1
0e239c7838cbf3fcea7ef238f45d7e4de4366c0455b7a0e8eb2500ddbb4e9751,MITDB_P215,215,165000000,2,20260929,1,-0.514337956905365,0.37417715787887573,15,V2-002-F02-S20260929,4417c6668930e37bc9f0b71ff70d7ff9762182381c6fc54ae10e2b9c9d229143,MODEL_V1_CV_REFERENCE_V1
0e403b039381db39290df4cc70551bd72669f7a68801033f53f15fd092c65f6f,MITDB_P113,113,1380000000,2,20260929,0,1.0072975158691406,0.7324909567832947,15,V2-002-F02-S20260929,4417c6668930e37bc9f0b71ff70d7ff9762182381c6fc54ae10e2b9c9d229143,MODEL_V1_CV_REFERENCE_V1
0e6668ab20ec0b56313f70de2de8514693950881edb641d377a2d7b64efab09a,MITDB_P111,111,1195000000,2,20260929,0,-1.0938657522201538,0.2508910298347473,15,V2-002-F02-S20260929,4417c6668930e37bc9f0b71ff70d7ff9762182381c6fc54ae10e2b9c9d229143,MODEL_V1_CV_REFERENCE_V1
0e8729a6c4cc3703d4dcad11a8e156aa8eaa4b2bdc9cab3b5216123a08bdbe60,MITDB_P111,111,1215000000,2,20260929,0,-1.4306538105010986,0.1929968297481537,15,V2-002-F02-S20260929,4417c6668930e37bc9f0b71ff70d7ff9762182381c6fc54ae10e2b9c9d229143,MODEL_V1_CV_REFERENCE_V1
0ecb7ef5d88f493face77efe18f10c664eebd75316addf01afe0f16c4d3fe9c7,MITDB_P215,215,1800000000,2,20260929,1,-1.5431902408599854,0.17607198655605316,15,V2-002-F02-S20260929,4417c6668930e37bc9f0b71ff70d7ff9762182381c6fc54ae10e2b9c9d229143,MODEL_V1_CV_REFERENCE_V1
0ef86b5dddb0e03bff696f92128cf1fa639826eda575b0cd0caeae6b2e73579a,MITDB_P113,113,1245000000,2,20260929,0,0.401203989982605,0.5989769101142883,15,V2-002-F02-S20260929,4417c6668930e37bc9f0b71ff70d7ff9762182381c6fc54ae10e2b9c9d229143,MODEL_V1_CV_REFERENCE_V1
0f715038b29d4df0198681d38505a21bad12a7a1a96de10211048e59f460d785,MITDB_P232,232,625000000,2,20260929,1,0.1409192979335785,0.535171627998352,15,V2-002-F02-S20260929,4417c6668930e37bc9f0b71ff70d7ff9762182381c6fc54ae10e2b9c9d229143,MODEL_V1_CV_REFERENCE_V1
0fda0d59fbb10bd5ae20274248f40a301f6339cbb4d14f5d6229600ce063a461,MITDB_P111,111,1700000000,2,20260929,0,-1.5197477340698242,0.17949865758419037,15,V2-002-F02-S20260929,4417c6668930e37bc9f0b71ff70d7ff9762182381c6fc54ae10e2b9c9d229143,MODEL_V1_CV_REFERENCE_V1
0fec5a2e2bf4aabedd77b0fde7b3c42dc9e04823c48fc16b107b1c4a4c5ad2b2,MITDB_P215,215,1015000000,2,20260929,1,-0.7043083906173706,0.33085769414901733,15,V2-002-F02-S20260929,4417c6668930e37bc9f0b71ff70d7ff9762182381c6fc54ae10e2b9c9d229143,MODEL_V1_CV_REFERENCE_V1
0ffc90d01bb0b923d9263374c9819f9cb9bc03923db099ab3f54c6cd2180f26a,MITDB_P215,215,1685000000,2,20260929,1,-0.5687052607536316,0.3615356385707855,15,V2-002-F02-S20260929,4417c6668930e37bc9f0b71ff70d7ff9762182381c6fc54ae10e2b9c9d229143,MODEL_V1_CV_REFERENCE_V1
10163ab77906c3f4f91718997b1955a5666761e4d1f405523bd2df5ef885c30a,MITDB_P111,111,1075000000,2,20260929,0,-2.1234469413757324,0.10683869570493698,15,V2-002-F02-S20260929,4417c6668930e37bc9f0b71ff70d7ff9762182381c6fc54ae10e2b9c9d229143,MODEL_V1_CV_REFERENCE_V1
101a575bd1287f5a74488b7737929dca1195b2dbd55de35cbd3bda48e5f3e0e4,MITDB_P215,215,1275000000,2,20260929,1,-1.360720157623291,0.20412328839302063,15,V2-002-F02-S20260929,4417c6668930e37bc9f0b71ff70d7ff9762182381c6fc54ae10e2b9c9d229143,MODEL_V1_CV_REFERENCE_V1
101cb5bd03732a1b170fc0014d5f695025376556f60acbfbd93a89eb667c007f,MITDB_P220,220,1085000000,2,20260929,0,2.047154188156128,0.8856597542762756,15,V2-002-F02-S20260929,4417c6668930e37bc9f0b71ff70d7ff9762182381c6fc54ae10e2b9c9d229143,MODEL_V1_CV_REFERENCE_V1
1073e3adce41b4ba321afd7e3d0ceb492f34091b780b95ea7d9e9f38045a7153,MITDB_P232,232,710000000,2,20260929,1,0.7125316262245178,0.6709603071212769,15,V2-002-F02-S20260929,4417c6668930e37bc9f0b71ff70d7ff9762182381c6fc54ae10e2b9c9d229143,MODEL_V1_CV_REFERENCE_V1
109f2b5c5d2a1a6d862908dd6e15047b49d1e8fd15ebd97867c40939ff128480,MITDB_P113,113,235000000,2,20260929,0,1.7762703895568848,0.855235755443573,15,V2-002-F02-S20260929,4417c6668930e37bc9f0b71ff70d7ff9762182381c6fc54ae10e2b9c9d229143,MODEL_V1_CV_REFERENCE_V1
10bc8df477b48c9ea68a9f08271407edfe555d569a9349932c88ec87a62d3f43,MITDB_P113,113,1705000000,2,20260929,0,-0.22998791933059692,0.4427551031112671,15,V2-002-F02-S20260929,4417c6668930e37bc9f0b71ff70d7ff9762182381c6fc54ae10e2b9c9d229143,MODEL_V1_CV_REFERENCE_V1
10eff7331f65a5c66ec73bba2edb3829faa1ba72b9773856a783fcded4a18064,MITDB_P111,111,615000000,2,20260929,0,-1.7679979801177979,0.14579147100448608,15,V2-002-F02-S20260929,4417c6668930e37bc9f0b71ff70d7ff9762182381c6fc54ae10e2b9c9d229143,MODEL_V1_CV_REFERENCE_V1
10f5dde4e5ed0e0d498baeec0104a6bdf2586f6fc7f09db90516821d71b437df,MITDB_P215,215,1455000000,2,20260929,1,0.5503207445144653,0.6342099905014038,15,V2-002-F02-S20260929,4417c6668930e37bc9f0b71ff70d7ff9762182381c6fc54ae10e2b9c9d229143,MODEL_V1_CV_REFERENCE_V1
10fc9315b597694315d6a822a0c928288cfe94c16e067570f73e8e2d27f9f244,MITDB_P232,232,385000000,2,20260929,1,0.5322785973548889,0.6300144195556641,15,V2-002-F02-S20260929,4417c6668930e37bc9f0b71ff70d7ff9762182381c6fc54ae10e2b9c9d229143,MODEL_V1_CV_REFERENCE_V1
1108d32900ca3e83c58a380944fa0e1ceaa29966b53803266d2cd471ee037fdf,MITDB_P215,215,550000000,2,20260929,0,-4.590205192565918,0.01004877220839262,15,V2-002-F02-S20260929,4417c6668930e37bc9f0b71ff70d7ff9762182381c6fc54ae10e2b9c9d229143,MODEL_V1_CV_REFERENCE_V1
11507b5e029373027bfcf8992e0f5f60c6d9d74823aafd1d97a4b3135d95f19d,MITDB_P215,215,1575000000,2,20260929,1,-1.5167968273162842,0.17993369698524475,15,V2-002-F02-S20260929,4417c6668930e37bc9f0b71ff70d7ff9762182381c6fc54ae10e2b9c9d229143,MODEL_V1_CV_REFERENCE_V1
120f99b783645419ab6dc33b868592d9230cdb36f55839a4779dd758e35127ba,MITDB_P220,220,215000000,2,20260929,0,2.085768699645996,0.889512300491333,15,V2-002-F02-S20260929,4417c6668930e37bc9f0b71ff70d7ff9762182381c6fc54ae10e2b9c9d229143,MODEL_V1_CV_REFERENCE_V1
121ecea0de795e3729ca23b77b080920c9b5a5136d6c48f73a7db97d10ed315a,MITDB_P113,113,1215000000,2,20260929,0,1.375935673713684,0.798337459564209,15,V2-002-F02-S20260929,4417c6668930e37bc9f0b71ff70d7ff9762182381c6fc54ae10e2b9c9d229143,MODEL_V1_CV_REFERENCE_V1
1220a32ed3c452153cbe07a461b7729d40facaf82230f8cabc1f2efecbab0633,MITDB_P215,215,885000000,2,20260929,1,-1.8313002586364746,0.13808344304561615,15,V2-002-F02-S20260929,4417c6668930e37bc9f0b71ff70d7ff9762182381c6fc54ae10e2b9c9d229143,MODEL_V1_CV_REFERENCE_V1
1275c780e15cbf0714f14d656b9344dde3ff0997709656fd4f86a30e9754463e,MITDB_P113,113,460000000,2,20260929,0,1.8395811319351196,0.8628991842269897,15,V2-002-F02-S20260929,4417c6668930e37bc9f0b71ff70d7ff9762182381c6fc54ae10e2b9c9d229143,MODEL_V1_CV_REFERENCE_V1
12886097f8bd7e9bf6b7d43c4a124b6f5a679ea98a7b045797a5a7cfcf4ae150,MITDB_P113,113,280000000,2,20260929,0,1.9041318893432617,0.8703584671020508,15,V2-002-F02-S20260929,4417c6668930e37bc9f0b71ff70d7ff9762182381c6fc54ae10e2b9c9d229143,MODEL_V1_CV_REFERENCE_V1
128ef195983195799be4bff398c5212d001919cd65bc1002e05379ae3978ae04,MITDB_P215,215,250000000,2,20260929,0,-2.1200170516967773,0.10716643929481506,15,V2-002-F02-S20260929,4417c6668930e37bc9f0b71ff70d7ff9762182381c6fc54ae10e2b9c9d229143,MODEL_V1_CV_REFERENCE_V1
12ea2991cc5dad38fceaf5595f7cd0971bb226498f7993ac8860209ca14ddaf8,MITDB_P232,232,965000000,2,20260929,1,0.8823181986808777,0.7073023915290833,15,V2-002-F02-S20260929,4417c6668930e37bc9f0b71ff70d7ff9762182381c6fc54ae10e2b9c9d229143,MODEL_V1_CV_REFERENCE_V1
13095b5d07f1e988f1b6f48c2b6c024ec75ec984977c41215940bcb3d839552a,MITDB_P220,220,980000000,2,20260929,0,1.7399070262908936,0.8506752252578735,15,V2-002-F02-S20260929,4417c6668930e37bc9f0b71ff70d7ff9762182381c6fc54ae10e2b9c9d229143,MODEL_V1_CV_REFERENCE_V1
135be9b74eb90ef7416ec6430e15d492dfe1e66c32ce3ba806220e7da48a4fc5,MITDB_P215,215,1190000000,2,20260929,0,-5.339682102203369,0.004774490371346474,15,V2-002-F02-S20260929,4417c6668930e37bc9f0b71ff70d7ff9762182381c6fc54ae10e2b9c9d229143,MODEL_V1_CV_REFERENCE_V1
135d7bb338ee1db100fb6a3c7ddc5ad189891b99b3e149a0b7a1d483e8dd198f,MITDB_P220,220,1790000000,2,20260929,1,1.360543966293335,0.7958480715751648,15,V2-002-F02-S20260929,4417c6668930e37bc9f0b71ff70d7ff9762182381c6fc54ae10e2b9c9d229143,MODEL_V1_CV_REFERENCE_V1
13abfaaeaa48f197b656d4e69d1ffb9190d1f10ba8a19c6b5bfa6d664e5f154f,MITDB_P113,113,425000000,2,20260929,0,1.8365833759307861,0.8625441193580627,15,V2-002-F02-S20260929,4417c6668930e37bc9f0b71ff70d7ff9762182381c6fc54ae10e2b9c9d229143,MODEL_V1_CV_REFERENCE_V1
13b9e037df130fc399bc4e6a2cdc005d127d56f185402e83e886f167d40290f5,MITDB_P215,215,360000000,2,20260929,0,-3.6249141693115234,0.025959527119994164,15,V2-002-F02-S20260929,4417c6668930e37bc9f0b71ff70d7ff9762182381c6fc54ae10e2b9c9d229143,MODEL_V1_CV_REFERENCE_V1
13ca5a31cb686fb1561b3f9320fe277c1c8fe1c4b9ad012d181fe31c43e756c3,MITDB_P220,220,380000000,2,20260929,0,1.8028664588928223,0.8584975600242615,15,V2-002-F02-S20260929,4417c6668930e37bc9f0b71ff70d7ff9762182381c6fc54ae10e2b9c9d229143,MODEL_V1_CV_REFERENCE_V1
13d2447e65a8d0751afe4490678f591b756869c75dc3b7bfade3ae72249f08c3,MITDB_P232,232,1275000000,2,20260929,1,-0.12721660733222961,0.4682386517524719,15,V2-002-F02-S20260929,4417c6668930e37bc9f0b71ff70d7ff9762182381c6fc54ae10e2b9c9d229143,MODEL_V1_CV_REFERENCE_V1
13dbdf71b9afdc8f1706faf1b63b37c09d9602d1fca1bf9bb049e786fa7ce4cf,MITDB_P232,232,35000000,2,20260929,1,0.7826762795448303,0.6862565875053406,15,V2-002-F02-S20260929,4417c6668930e37bc9f0b71ff70d7ff9762182381c6fc54ae10e2b9c9d229143,MODEL_V1_CV_REFERENCE_V1
140feae3a88a9b12a609b929dbb8ea29e0ffcdf1f03871cc882a6730557b89cd,MITDB_P111,111,230000000,2,20260929,0,-1.631725549697876,0.1635941118001938,15,V2-002-F02-S20260929,4417c6668930e37bc9f0b71ff70d7ff9762182381c6fc54ae10e2b9c9d229143,MODEL_V1_CV_REFERENCE_V1
141aaeb21cfe2e8936138b9b4a37ff0d506e3d449279a5e9b02f73774dc2d489,MITDB_P215,215,1795000000,2,20260929,1,0.41062068939208984,0.6012367010116577,15,V2-002-F02-S20260929,4417c6668930e37bc9f0b71ff70d7ff9762182381c6fc54ae10e2b9c9d229143,MODEL_V1_CV_REFERENCE_V1
142ac4ce62897f825453f0b3e5c775246ccf57bbe4e3307a55a4fa091e87a7f5,MITDB_P220,220,915000000,2,20260929,1,2.0205817222595215,0.8829411268234253,15,V2-002-F02-S20260929,4417c6668930e37bc9f0b71ff70d7ff9762182381c6fc54ae10e2b9c9d229143,MODEL_V1_CV_REFERENCE_V1
1471d75e218b9ad40acc18dac2704eee0a95c38b263838646d8567aeae6d5a3d,MITDB_P113,113,570000000,2,20260929,0,2.038161039352417,0.8847458362579346,15,V2-002-F02-S20260929,4417c6668930e37bc9f0b71ff70d7ff9762182381c6fc54ae10e2b9c9d229143,MODEL_V1_CV_REFERENCE_V1
14b5dcdf513f7c537b28fc9fdf535592e8a10447110cf089e437833764d89ee6,MITDB_P232,232,890000000,2,20260929,1,0.6502562761306763,0.6570682525634766,15,V2-002-F02-S20260929,4417c6668930e37bc9f0b71ff70d7ff9762182381c6fc54ae10e2b9c9d229143,MODEL_V1_CV_REFERENCE_V1
14b961aa1b538956262c23d18f1135cefb3c9ecbf230f76704fc35c71c9e689f,MITDB_P113,113,515000000,2,20260929,1,1.4406547546386719,0.8085560202598572,15,V2-002-F02-S20260929,4417c6668930e37bc9f0b71ff70d7ff9762182381c6fc54ae10e2b9c9d229143,MODEL_V1_CV_REFERENCE_V1
14c25ebc68b623fd7681104549db560904ea33579e83c0e112cc5bc61c3ffbde,MITDB_P113,113,1615000000,2,20260929,0,0.7155513167381287,0.671626627445221,15,V2-002-F02-S20260929,4417c6668930e37bc9f0b71ff70d7ff9762182381c6fc54ae10e2b9c9d229143,MODEL_V1_CV_REFERENCE_V1
14c31a32ef63ab48ccc23703d48ffa8f0519d71d127127cb39802e9dce59738c,MITDB_P111,111,210000000,2,20260929,0,-0.9501379728317261,0.2788570821285248,15,V2-002-F02-S20260929,4417c6668930e37bc9f0b71ff70d7ff9762182381c6fc54ae10e2b9c9d229143,MODEL_V1_CV_REFERENCE_V1
14c7d30d8d5f2a576a35ee5ad3c2c28be573092a94fe7fc7d8b21dd68517bd0f,MITDB_P232,232,1420000000,2,20260929,1,-0.1391032338142395,0.46528011560440063,15,V2-002-F02-S20260929,4417c6668930e37bc9f0b71ff70d7ff9762182381c6fc54ae10e2b9c9d229143,MODEL_V1_CV_REFERENCE_V1
14d971e496e4812041a4e7e2781327791ece9a42ee2023c9a2c14bead08c9adb,MITDB_P215,215,40000000,2,20260929,0,-4.350874423980713,0.012731353752315044,15,V2-002-F02-S20260929,4417c6668930e37bc9f0b71ff70d7ff9762182381c6fc54ae10e2b9c9d229143,MODEL_V1_CV_REFERENCE_V1
157eb2101120373f1e1ef16d0482d4ccab9f888203436ecca3e0c1efc381bd32,MITDB_P232,232,1115000000,2,20260929,1,0.27373793721199036,0.5680103302001953,15,V2-002-F02-S20260929,4417c6668930e37bc9f0b71ff70d7ff9762182381c6fc54ae10e2b9c9d229143,MODEL_V1_CV_REFERENCE_V1
15ce0a37a04c58c44dbe1287770443e8ca393c178e8e545abb5aa41de517717b,MITDB_P113,113,1270000000,2,20260929,1,1.114348292350769,0.7529388666152954,15,V2-002-F02-S20260929,4417c6668930e37bc9f0b71ff70d7ff9762182381c6fc54ae10e2b9c9d229143,MODEL_V1_CV_REFERENCE_V1
15d60ccd60e14dfb53de99da104cdb2768a9282c6effddeb3d0af1709a594879,MITDB_P215,215,795000000,2,20260929,0,-4.615175724029541,0.009803385473787785,15,V2-002-F02-S20260929,4417c6668930e37bc9f0b71ff70d7ff9762182381c6fc54ae10e2b9c9d229143,MODEL_V1_CV_REFERENCE_V1
15d88b61c0413c9f0196d5906794935867a5734d9de6872ff26db6edcf0069ab,MITDB_P111,111,605000000,2,20260929,0,-0.23551645874977112,0.44139158725738525,15,V2-002-F02-S20260929,4417c6668930e37bc9f0b71ff70d7ff9762182381c6fc54ae10e2b9c9d229143,MODEL_V1_CV_REFERENCE_V1
1600140e8aaa4aa2bd8ee893065c903ff65602c6c25ae57ab992ada8c86d0644,MITDB_P215,215,1165000000,2,20260929,0,-4.5660481452941895,0.010291947983205318,15,V2-002-F02-S20260929,4417c6668930e37bc9f0b71ff70d7ff9762182381c6fc54ae10e2b9c9d229143,MODEL_V1_CV_REFERENCE_V1
160180508d9161d6aabd6962664979c3f7c602650c2cc0fcfa22f26a6b74f28f,MITDB_P215,215,1120000000,2,20260929,1,-2.8194007873535156,0.05628475546836853,15,V2-002-F02-S20260929,4417c6668930e37bc9f0b71ff70d7ff9762182381c6fc54ae10e2b9c9d229143,MODEL_V1_CV_REFERENCE_V1
160ba8f6f602db79c5187cd4a7748d0f04cec5128d4aff99a03e1980e00cdc26,MITDB_P113,113,910000000,2,20260929,0,1.4433237314224243,0.8089688420295715,15,V2-002-F02-S20260929,4417c6668930e37bc9f0b71ff70d7ff9762182381c6fc54ae10e2b9c9d229143,MODEL_V1_CV_REFERENCE_V1
16319df7b2ae750dc9763696ec849acf98db2aba302376d4030909bc76f467da,MITDB_P232,232,1590000000,2,20260929,1,0.06856929510831833,0.5171356201171875,15,V2-002-F02-S20260929,4417c6668930e37bc9f0b71ff70d7ff9762182381c6fc54ae10e2b9c9d229143,MODEL_V1_CV_REFERENCE_V1
16391f2e700347bacf262510364bc0c5405b9f9e361f198516e975f537bb6f8f,MITDB_P220,220,495000000,2,20260929,0,1.9555972814559937,0.8760556578636169,15,V2-002-F02-S20260929,4417c6668930e37bc9f0b71ff70d7ff9762182381c6fc54ae10e2b9c9d229143,MODEL_V1_CV_REFERENCE_V1
163e275041a721b9b204ca15ff2ce3a6192ed82020b033a9b7ce71435117cc83,MITDB_P215,215,510000000,2,20260929,1,0.109038345515728,0.5272325873374939,15,V2-002-F02-S20260929,4417c6668930e37bc9f0b71ff70d7ff9762182381c6fc54ae10e2b9c9d229143,MODEL_V1_CV_REFERENCE_V1
166ab01515359778236cac7915e5c4e3c6b213cf6595c5d2e51268bce1a340bf,MITDB_P111,111,1355000000,2,20260929,0,-3.6719322204589844,0.024796776473522186,15,V2-002-F02-S20260929,4417c6668930e37bc9f0b71ff70d7ff9762182381c6fc54ae10e2b9c9d229143,MODEL_V1_CV_REFERENCE_V1
16894f3409af4688771cfd2789cfa087e1ece4cfff6c676e3396ccf43601f052,MITDB_P215,215,1155000000,2,20260929,0,-5.147216320037842,0.005781945772469044,15,V2-002-F02-S20260929,4417c6668930e37bc9f0b71ff70d7ff9762182381c6fc54ae10e2b9c9d229143,MODEL_V1_CV_REFERENCE_V1
1690fadf94d0adb449032f2223ecb1d8ba8cb6fe65a7a7ab456ec65ca4c028b0,MITDB_P111,111,1255000000,2,20260929,0,-2.5114030838012695,0.07506263256072998,15,V2-002-F02-S20260929,4417c6668930e37bc9f0b71ff70d7ff9762182381c6fc54ae10e2b9c9d229143,MODEL_V1_CV_REFERENCE_V1
16a99485935189206816b7da0e32fa4de0b9dabe51279b03caf6a0452e1d725c,MITDB_P111,111,870000000,2,20260929,0,-0.14743176102638245,0.4632086753845215,15,V2-002-F02-S20260929,4417c6668930e37bc9f0b71ff70d7ff9762182381c6fc54ae10e2b9c9d229143,MODEL_V1_CV_REFERENCE_V1
16ba5b0c222b11ff191701d3f16a717fa651314f9fa25b66e5322aa57d3c8286,MITDB_P232,232,180000000,2,20260929,1,0.5556485056877136,0.6354451179504395,15,V2-002-F02-S20260929,4417c6668930e37bc9f0b71ff70d7ff9762182381c6fc54ae10e2b9c9d229143,MODEL_V1_CV_REFERENCE_V1
16d51433a3dc812ded32750712187a323b1f3aa69c62574cc142eaddca9b5521,MITDB_P232,232,405000000,2,20260929,1,1.014257550239563,0.7338525056838989,15,V2-002-F02-S20260929,4417c6668930e37bc9f0b71ff70d7ff9762182381c6fc54ae10e2b9c9d229143,MODEL_V1_CV_REFERENCE_V1
16d838bca6026d165104670c76895bfa44b55e9bbe4746c570628b7b4483ebc8,MITDB_P113,113,1485000000,2,20260929,0,1.4963672161102295,0.817031979560852,15,V2-002-F02-S20260929,4417c6668930e37bc9f0b71ff70d7ff9762182381c6fc54ae10e2b9c9d229143,MODEL_V1_CV_REFERENCE_V1
170183e9dd40bc61c119a6de46dff749b722c27bae6e2c1edefa7dd27f28e7a9,MITDB_P220,220,1530000000,2,20260929,0,1.870995044708252,0.8665733933448792,15,V2-002-F02-S20260929,4417c6668930e37bc9f0b71ff70d7ff9762182381c6fc54ae10e2b9c9d229143,MODEL_V1_CV_REFERENCE_V1
1722c1fba6cdef684fa1c5c69af1b3d158b2463ee0081df4dc578d0f47826432,MITDB_P111,111,1335000000,2,20260929,0,-2.2399888038635254,0.09621652215719223,15,V2-002-F02-S20260929,4417c6668930e37bc9f0b71ff70d7ff9762182381c6fc54ae10e2b9c9d229143,MODEL_V1_CV_REFERENCE_V1
174f3efd519a76dc0680804b1222bef41a0d4f8f7e6657a58e81be308722586b,MITDB_P220,220,530000000,2,20260929,0,1.7815123796463013,0.8558834791183472,15,V2-002-F02-S20260929,4417c6668930e37bc9f0b71ff70d7ff9762182381c6fc54ae10e2b9c9d229143,MODEL_V1_CV_REFERENCE_V1
17794f5ac963b7f08d865fb816e62448594720f98b67a290c31e0ab0bae334cc,MITDB_P111,111,820000000,2,20260929,0,-1.4174301624298096,0.19506476819515228,15,V2-002-F02-S20260929,4417c6668930e37bc9f0b71ff70d7ff9762182381c6fc54ae10e2b9c9d229143,MODEL_V1_CV_REFERENCE_V1
179897a15bdc3baaeb7daea684f8b43225cbe5798977b19845e921646327ab6b,MITDB_P215,215,1280000000,2,20260929,1,0.7886325120925903,0.6875376105308533,15,V2-002-F02-S20260929,4417c6668930e37bc9f0b71ff70d7ff9762182381c6fc54ae10e2b9c9d229143,MODEL_V1_CV_REFERENCE_V1
17ee5a0123ba691e99798a84fd0e6e9e06d6be95149fb19e1e17000138aa4058,MITDB_P215,215,150000000,2,20260929,1,-1.2180969715118408,0.22827152907848358,15,V2-002-F02-S20260929,4417c6668930e37bc9f0b71ff70d7ff9762182381c6fc54ae10e2b9c9d229143,MODEL_V1_CV_REFERENCE_V1
181a71058c314b8f1b56b6bfabeadd62387f2bc4e48c08e36d49a5c79d0e4f8f,MITDB_P215,215,770000000,2,20260929,0,-4.296131134033203,0.01343811396509409,15,V2-002-F02-S20260929,4417c6668930e37bc9f0b71ff70d7ff9762182381c6fc54ae10e2b9c9d229143,MODEL_V1_CV_REFERENCE_V1
185598c831489f9ae19e1be406927505803951619a121359832eeef217da23fd,MITDB_P113,113,545000000,2,20260929,0,1.6123838424682617,0.8337421417236328,15,V2-002-F02-S20260929,4417c6668930e37bc9f0b71ff70d7ff9762182381c6fc54ae10e2b9c9d229143,MODEL_V1_CV_REFERENCE_V1
186f7e96a2df85370107c41c813532e3733a94030ecad92ea8cdcf2f99e68455,MITDB_P232,232,90000000,2,20260929,1,1.009936809539795,0.7330077886581421,15,V2-002-F02-S20260929,4417c6668930e37bc9f0b71ff70d7ff9762182381c6fc54ae10e2b9c9d229143,MODEL_V1_CV_REFERENCE_V1
18b3e920de51a5b42d5628090de04e4bc0b8fcf565962e2022e7a1d487aa7bfb,MITDB_P215,215,1635000000,2,20260929,1,0.5627488493919373,0.6370882987976074,15,V2-002-F02-S20260929,4417c6668930e37bc9f0b71ff70d7ff9762182381c6fc54ae10e2b9c9d229143,MODEL_V1_CV_REFERENCE_V1
18df1dc3630789a808cc8ee70c840eeee3815e5fc057a7b06c8bf59d7d97711a,MITDB_P220,220,985000000,2,20260929,0,1.9703614711761475,0.8776499629020691,15,V2-002-F02-S20260929,4417c6668930e37bc9f0b71ff70d7ff9762182381c6fc54ae10e2b9c9d229143,MODEL_V1_CV_REFERENCE_V1
18fc3cf323dc0e6ba6008445bce83b2c28f943af80384f4b6cca9362d3f7528c,MITDB_P111,111,1185000000,2,20260929,0,-1.9379551410675049,0.1258726865053177,15,V2-002-F02-S20260929,4417c6668930e37bc9f0b71ff70d7ff9762182381c6fc54ae10e2b9c9d229143,MODEL_V1_CV_REFERENCE_V1
1947e82f09db6c6e46897f90f233493f08d892a5ec229e78889faabadf727009,MITDB_P232,232,300000000,2,20260929,1,-0.1885242760181427,0.4530080258846283,15,V2-002-F02-S20260929,4417c6668930e37bc9f0b71ff70d7ff9762182381c6fc54ae10e2b9c9d229143,MODEL_V1_CV_REFERENCE_V1
195d09cf4f9fabd3d029ba02c1ff4e41fcb02972ee336b0ef8fcf7048c340f9d,MITDB_P215,215,425000000,2,20260929,0,-3.6436784267425537,0.025489259511232376,15,V2-002-F02-S20260929,4417c6668930e37bc9f0b71ff70d7ff9762182381c6fc54ae10e2b9c9d229143,MODEL_V1_CV_REFERENCE_V1
19845afb46177c7cc6d1c619a64c0567fdf0b26795692925f34170512eb060d4,MITDB_P220,220,1120000000,2,20260929,1,1.8337750434875488,0.8622108697891235,15,V2-002-F02-S20260929,4417c6668930e37bc9f0b71ff70d7ff9762182381c6fc54ae10e2b9c9d229143,MODEL_V1_CV_REFERENCE_V1
1993fa3f1fc49f5ab723c42de054b1f9a2ae2acfa27cf375ee0867b064a479e6,MITDB_P113,113,1210000000,2,20260929,0,1.8946915864944458,0.8692895770072937,15,V2-002-F02-S20260929,4417c6668930e37bc9f0b71ff70d7ff9762182381c6fc54ae10e2b9c9d229143,MODEL_V1_CV_REFERENCE_V1
199e7bd6f790644c36cadfd0196ea672156cd259f871c3a8a67f5d7b030bcabe,MITDB_P220,220,110000000,2,20260929,0,1.851972222328186,0.8643584847450256,15,V2-002-F02-S20260929,4417c6668930e37bc9f0b71ff70d7ff9762182381c6fc54ae10e2b9c9d229143,MODEL_V1_CV_REFERENCE_V1
19a6b388cf42bb18b756bc3e795d5415ac6f330414acc78fc8978d2b42798f3f,MITDB_P215,215,635000000,2,20260929,0,-4.407547473907471,0.01203833892941475,15,V2-002-F02-S20260929,4417c6668930e37bc9f0b71ff70d7ff9762182381c6fc54ae10e2b9c9d229143,MODEL_V1_CV_REFERENCE_V1
19faa6f89a57964cd65126a287f6195dada92d2166e28fbf5198cc635309b045,MITDB_P220,220,410000000,2,20260929,1,1.1998631954193115,0.7685004472732544,15,V2-002-F02-S20260929,4417c6668930e37bc9f0b71ff70d7ff9762182381c6fc54ae10e2b9c9d229143,MODEL_V1_CV_REFERENCE_V1
1a06ccfb455bd2b2156986dcd883aeb45f702c136205d488360f115123a3b286,MITDB_P111,111,540000000,2,20260929,0,-2.4511911869049072,0.07935148477554321,15,V2-002-F02-S20260929,4417c6668930e37bc9f0b71ff70d7ff9762182381c6fc54ae10e2b9c9d229143,MODEL_V1_CV_REFERENCE_V1
1a141490d201a3f4d034bb63c1973891cf39973914e44103a31099d71b627ebc,MITDB_P215,215,895000000,2,20260929,1,-2.0756897926330566,0.11148219555616379,15,V2-002-F02-S20260929,4417c6668930e37bc9f0b71ff70d7ff9762182381c6fc54ae10e2b9c9d229143,MODEL_V1_CV_REFERENCE_V1
1a298a07bad68684ec6db7feb0ecfdbc0ecd9e6f2688f4a09c663baa29ba21df,MITDB_P111,111,1440000000,2,20260929,0,-1.4645376205444336,0.18777428567409515,15,V2-002-F02-S20260929,4417c6668930e37bc9f0b71ff70d7ff9762182381c6fc54ae10e2b9c9d229143,MODEL_V1_CV_REFERENCE_V1
1a3c5dabed2148d3a1f98aca0f4751eb0cb34294abf489ce8b08506680b532bf,MITDB_P232,232,410000000,2,20260929,1,0.8056531548500061,0.6911824941635132,15,V2-002-F02-S20260929,4417c6668930e37bc9f0b71ff70d7ff9762182381c6fc54ae10e2b9c9d229143,MODEL_V1_CV_REFERENCE_V1
1a5eb43030dc89ad27b61a6afa73b8fc6972bc226cb6dd8bb77153121f9b9849,MITDB_P113,113,1050000000,2,20260929,0,1.9035439491271973,0.870292067527771,15,V2-002-F02-S20260929,4417c6668930e37bc9f0b71ff70d7ff9762182381c6fc54ae10e2b9c9d229143,MODEL_V1_CV_REFERENCE_V1
1a61f66ed7a41e8f443a4dcd7b84a676dc3ddab00ff5132bcde126d2bbe3854f,MITDB_P113,113,80000000,2,20260929,0,1.9962446689605713,0.8804022073745728,15,V2-002-F02-S20260929,4417c6668930e37bc9f0b71ff70d7ff9762182381c6fc54ae10e2b9c9d229143,MODEL_V1_CV_REFERENCE_V1
1a7526625fb69b4dafb2c545cffe2c7bb30712627767f30411136d01fbde6323,MITDB_P113,113,1475000000,2,20260929,0,-0.049590982496738434,0.4876047670841217,15,V2-002-F02-S20260929,4417c6668930e37bc9f0b71ff70d7ff9762182381c6fc54ae10e2b9c9d229143,MODEL_V1_CV_REFERENCE_V1
1a90b36cc0e938a675d4b5748c0c734d8848998a3950f0a5bb24c15023123e8d,MITDB_P220,220,330000000,2,20260929,1,1.2970417737960815,0.7853366732597351,15,V2-002-F02-S20260929,4417c6668930e37bc9f0b71ff70d7ff9762182381c6fc54ae10e2b9c9d229143,MODEL_V1_CV_REFERENCE_V1
1aaa4b717d637529ba5491132b9c9938dd4d27c60bbdaa6a210a48e15e917d2b,MITDB_P113,113,930000000,2,20260929,0,0.9662481546401978,0.724371075630188,15,V2-002-F02-S20260929,4417c6668930e37bc9f0b71ff70d7ff9762182381c6fc54ae10e2b9c9d229143,MODEL_V1_CV_REFERENCE_V1
1ace5a54493d6983330cf03678b09c8721f2aa788521118f827424241b57c257,MITDB_P111,111,305000000,2,20260929,0,-1.898648738861084,0.13026149570941925,15,V2-002-F02-S20260929,4417c6668930e37bc9f0b71ff70d7ff9762182381c6fc54ae10e2b9c9d229143,MODEL_V1_CV_REFERENCE_V1
1aed175d548a30e01c3712a042e073a9f0e5ccad6a1f119a86f18c3b25321e1e,MITDB_P113,113,140000000,2,20260929,0,1.6589347124099731,0.8400949835777283,15,V2-002-F02-S20260929,4417c6668930e37bc9f0b71ff70d7ff9762182381c6fc54ae10e2b9c9d229143,MODEL_V1_CV_REFERENCE_V1
1afc809cf43ba106f12477683743ca7790f060e4f60b8414b72c1cfc0c099ed6,MITDB_P215,215,1675000000,2,20260929,1,-1.4658453464508057,0.18757492303848267,15,V2-002-F02-S20260929,4417c6668930e37bc9f0b71ff70d7ff9762182381c6fc54ae10e2b9c9d229143,MODEL_V1_CV_REFERENCE_V1
1b1e03b4e44e9450e911eb40fbd15ab05f9bb44131ed49602b46d8ff674c5479,MITDB_P111,111,480000000,2,20260929,0,-0.06859619170427322,0.48285767436027527,15,V2-002-F02-S20260929,4417c6668930e37bc9f0b71ff70d7ff9762182381c6fc54ae10e2b9c9d229143,MODEL_V1_CV_REFERENCE_V1
1ba672a71c1ddb669301026ebd813ef029f33bb179b840a6dfa249a86ad86655,MITDB_P113,113,110000000,2,20260929,0,1.178555965423584,0.7646880745887756,15,V2-002-F02-S20260929,4417c6668930e37bc9f0b71ff70d7ff9762182381c6fc54ae10e2b9c9d229143,MODEL_V1_CV_REFERENCE_V1
1bd7d9c7e4d8eeadcc90434bfa3409803606b4d13e8971bb2afa4d7e2dcb2de3,MITDB_P220,220,1240000000,2,20260929,1,1.747281551361084,0.8516095876693726,15,V2-002-F02-S20260929,4417c6668930e37bc9f0b71ff70d7ff9762182381c6fc54ae10e2b9c9d229143,MODEL_V1_CV_REFERENCE_V1
1c10d1f3f62d4ca32b1f30e3b1024800674c93bf521c729833f13c9c839abf56,MITDB_P113,113,705000000,2,20260929,0,1.4038467407226562,0.8027936220169067,15,V2-002-F02-S20260929,4417c6668930e37bc9f0b71ff70d7ff9762182381c6fc54ae10e2b9c9d229143,MODEL_V1_CV_REFERENCE_V1
1c1858883b1a4c256d993e8bd1628ac69cdecc6a986bcaa1233da2f516f3c45a,MITDB_P111,111,1245000000,2,20260929,0,-2.0278210639953613,0.11631270498037338,15,V2-002-F02-S20260929,4417c6668930e37bc9f0b71ff70d7ff9762182381c6fc54ae10e2b9c9d229143,MODEL_V1_CV_REFERENCE_V1
1c22cdf13eff14a84a46b7080b39173b0f2a1ac4857511325a0052c3cdaebc25,MITDB_P113,113,1530000000,2,20260929,0,0.8356656432151794,0.6975515484809875,15,V2-002-F02-S20260929,4417c6668930e37bc9f0b71ff70d7ff9762182381c6fc54ae10e2b9c9d229143,MODEL_V1_CV_REFERENCE_V1
1c4f7c72144e42c46c4588dc1d68cdb93a1956b44bef08bf849af5099d65363a,MITDB_P111,111,380000000,2,20260929,0,-1.9567281007766724,0.12382157891988754,15,V2-002-F02-S20260929,4417c6668930e37bc9f0b71ff70d7ff9762182381c6fc54ae10e2b9c9d229143,MODEL_V1_CV_REFERENCE_V1
1c65ab59f746dcbda062a22f40ef413cf48bfc1a8b20b72c47e5bf8692b44fa0,MITDB_P113,113,1320000000,2,20260929,0,0.9224511981010437,0.7155412435531616,15,V2-002-F02-S20260929,4417c6668930e37bc9f0b71ff70d7ff9762182381c6fc54ae10e2b9c9d229143,MODEL_V1_CV_REFERENCE_V1
1c79f78e0a57f03aebc73924b388eaed61ec9b674d5edcd4917779f333a3bddf,MITDB_P232,232,1725000000,2,20260929,1,0.3083195388317108,0.5764750242233276,15,V2-002-F02-S20260929,4417c6668930e37bc9f0b71ff70d7ff9762182381c6fc54ae10e2b9c9d229143,MODEL_V1_CV_REFERENCE_V1
1c8d3e859614e19e17cf7bd5cb6f9a6dd614d761b59eb1c425cad6d394660803,MITDB_P220,220,520000000,2,20260929,0,1.7245028018951416,0.848707914352417,15,V2-002-F02-S20260929,4417c6668930e37bc9f0b71ff70d7ff9762182381c6fc54ae10e2b9c9d229143,MODEL_V1_CV_REFERENCE_V1
1cc4a806fd0a87d2a0430b7937f790e2e71e316e7fafcfbb6bd9ef784753bdc3,MITDB_P220,220,1650000000,2,20260929,0,1.7774405479431152,0.8553805351257324,15,V2-002-F02-S20260929,4417c6668930e37bc9f0b71ff70d7ff9762182381c6fc54ae10e2b9c9d229143,MODEL_V1_CV_REFERENCE_V1
1cd6b86b129991ff525ca908d2e72a29c06a8e5b66e6e80d9d52af2ea7d1fe40,MITDB_P220,220,130000000,2,20260929,0,2.227384567260742,0.902681827545166,15,V2-002-F02-S20260929,4417c6668930e37bc9f0b71ff70d7ff9762182381c6fc54ae10e2b9c9d229143,MODEL_V1_CV_REFERENCE_V1
1cd707c97b5ee1b5f71462bcfd4b57035d5a2ae7e26bd503126ebe78d114fe79,MITDB_P232,232,490000000,2,20260929,1,0.47962987422943115,0.6176604628562927,15,V2-002-F02-S20260929,4417c6668930e37bc9f0b71ff70d7ff9762182381c6fc54ae10e2b9c9d229143,MODEL_V1_CV_REFERENCE_V1
1cddd9a5ef1291e321857b87f925ff39e063bd2bcb3d05a4128650bbb3e35dfe,MITDB_P111,111,610000000,2,20260929,0,-0.8142476081848145,0.30698609352111816,15,V2-002-F02-S20260929,4417c6668930e37bc9f0b71ff70d7ff9762182381c6fc54ae10e2b9c9d229143,MODEL_V1_CV_REFERENCE_V1
1d2a664507dcd105db925ad1aa29d430da87b974b68e29bf88b1d8e6acaf29b4,MITDB_P220,220,830000000,2,20260929,1,1.9345455169677734,0.873751699924469,15,V2-002-F02-S20260929,4417c6668930e37bc9f0b71ff70d7ff9762182381c6fc54ae10e2b9c9d229143,MODEL_V1_CV_REFERENCE_V1
1d3ea657a517c42135a22b51ff73e27bbbaf471dd0fd922fa2deebae5d68134b,MITDB_P215,215,280000000,2,20260929,0,-3.131131649017334,0.04184121638536453,15,V2-002-F02-S20260929,4417c6668930e37bc9f0b71ff70d7ff9762182381c6fc54ae10e2b9c9d229143,MODEL_V1_CV_REFERENCE_V1
1d60582ba83f2f0dff0c937e7f359b7409e5e9cd616da12ce79ae26a5a95853a,MITDB_P113,113,1610000000,2,20260929,0,0.7542781829833984,0.6801101565361023,15,V2-002-F02-S20260929,4417c6668930e37bc9f0b71ff70d7ff9762182381c6fc54ae10e2b9c9d229143,MODEL_V1_CV_REFERENCE_V1
1d69e4b152d36712927a965406108f94b47ae4564f79a2799c9da7508f169c3a,MITDB_P232,232,1760000000,2,20260929,1,0.031935326755046844,0.5079831480979919,15,V2-002-F02-S20260929,4417c6668930e37bc9f0b71ff70d7ff9762182381c6fc54ae10e2b9c9d229143,MODEL_V1_CV_REFERENCE_V1
1d815146739e2e428d97d794051d4e0173e194cc6770db8eb9c6d9492ce84bad,MITDB_P220,220,1320000000,2,20260929,0,1.0265058279037476,0.7362379431724548,15,V2-002-F02-S20260929,4417c6668930e37bc9f0b71ff70d7ff9762182381c6fc54ae10e2b9c9d229143,MODEL_V1_CV_REFERENCE_V1
1d99c5b62f768d4587d9ea7ae204239ef59635e6611de84920e4cf26c3e13532,MITDB_P113,113,605000000,2,20260929,0,2.173879861831665,0.8978793025016785,15,V2-002-F02-S20260929,4417c6668930e37bc9f0b71ff70d7ff9762182381c6fc54ae10e2b9c9d229143,MODEL_V1_CV_REFERENCE_V1
1dace6dafd674389852632659973c705907a02aa75cabe823a2e00c670c4ee4f,MITDB_P215,215,275000000,2,20260929,0,-2.7993252277374268,0.05736065283417702,15,V2-002-F02-S20260929,4417c6668930e37bc9f0b71ff70d7ff9762182381c6fc54ae10e2b9c9d229143,MODEL_V1_CV_REFERENCE_V1
1db8e67af85eddaf3b13f7c0d349e74e410ac4fb28c7af88ef68694ceb559f2c,MITDB_P220,220,1625000000,2,20260929,0,1.476109266281128,0.813984215259552,15,V2-002-F02-S20260929,4417c6668930e37bc9f0b71ff70d7ff9762182381c6fc54ae10e2b9c9d229143,MODEL_V1_CV_REFERENCE_V1
1e363e9e326f57c422a441494d910d993268fd5fb3e3c7e65979687d0a46beb5,MITDB_P111,111,50000000,2,20260929,0,-1.7059352397918701,0.15369167923927307,15,V2-002-F02-S20260929,4417c6668930e37bc9f0b71ff70d7ff9762182381c6fc54ae10e2b9c9d229143,MODEL_V1_CV_REFERENCE_V1
1e50e0bb51228e52e579025fa5bcde55df621c29bd9b172940c5901b666f04fb,MITDB_P111,111,65000000,2,20260929,0,-1.2644702196121216,0.22020533680915833,15,V2-002-F02-S20260929,4417c6668930e37bc9f0b71ff70d7ff9762182381c6fc54ae10e2b9c9d229143,MODEL_V1_CV_REFERENCE_V1
1e80d2ff11faf6dbc1b696ae3ba421e0dd10ccfc03adb71112a95ed1c65b4f1a,MITDB_P215,215,180000000,2,20260929,1,0.0860847756266594,0.5215079188346863,15,V2-002-F02-S20260929,4417c6668930e37bc9f0b71ff70d7ff9762182381c6fc54ae10e2b9c9d229143,MODEL_V1_CV_REFERENCE_V1
1e8ad0e188fb2266f7cb0de2d96a18f3155b180b4bad24d036b8f6f94e83e831,MITDB_P113,113,300000000,2,20260929,0,1.9597973823547363,0.8765109777450562,15,V2-002-F02-S20260929,4417c6668930e37bc9f0b71ff70d7ff9762182381c6fc54ae10e2b9c9d229143,MODEL_V1_CV_REFERENCE_V1
1ea64ceaea0d92ac282407577fe4eac5204511db7d0d4495c550f0660acbd9d5,MITDB_P113,113,1275000000,2,20260929,1,0.5300828814506531,0.6295024752616882,15,V2-002-F02-S20260929,4417c6668930e37bc9f0b71ff70d7ff9762182381c6fc54ae10e2b9c9d229143,MODEL_V1_CV_REFERENCE_V1
1eb815a866c867b9ecd455f945770e992186f878b51282bf8fdc000c7873d001,MITDB_P113,113,40000000,2,20260929,0,1.557358741760254,0.8259740471839905,15,V2-002-F02-S20260929,4417c6668930e37bc9f0b71ff70d7ff9762182381c6fc54ae10e2b9c9d229143,MODEL_V1_CV_REFERENCE_V1
1ebf53396ad5dc684861524121f5c4fefe92e63cc632b860d09333b6df6da879,MITDB_P232,232,510000000,2,20260929,1,0.026010654866695404,0.5065022706985474,15,V2-002-F02-S20260929,4417c6668930e37bc9f0b71ff70d7ff9762182381c6fc54ae10e2b9c9d229143,MODEL_V1_CV_REFERENCE_V1
1ed29fb6c8983633aa5624c77b50f9fb328699f58ea0af0258cc1d6da6c71c01,MITDB_P220,220,1750000000,2,20260929,0,1.624614953994751,0.8354306221008301,15,V2-002-F02-S20260929,4417c6668930e37bc9f0b71ff70d7ff9762182381c6fc54ae10e2b9c9d229143,MODEL_V1_CV_REFERENCE_V1
1edc3c410101affffdaef2bd5548f4a575573e8db4be625b9ee1f0783187ab1f,MITDB_P232,232,145000000,2,20260929,1,0.25426945090293884,0.5632270574569702,15,V2-002-F02-S20260929,4417c6668930e37bc9f0b71ff70d7ff9762182381c6fc54ae10e2b9c9d229143,MODEL_V1_CV_REFERENCE_V1
1f2a34835514057e02f7ae3f92959583878310f8214bc83b7173fcae4c4ffe91,MITDB_P111,111,445000000,2,20260929,0,-1.428975224494934,0.19325841963291168,15,V2-002-F02-S20260929,4417c6668930e37bc9f0b71ff70d7ff9762182381c6fc54ae10e2b9c9d229143,MODEL_V1_CV_REFERENCE_V1
1f2f526dde768f03f94cc0bdbea49c43beb061b8e427e6a7f1180ac65b168d7a,MITDB_P113,113,610000000,2,20260929,0,2.045686721801758,0.885511040687561,15,V2-002-F02-S20260929,4417c6668930e37bc9f0b71ff70d7ff9762182381c6fc54ae10e2b9c9d229143,MODEL_V1_CV_REFERENCE_V1
1fa6a9dbf443a999460926e551fcff65313df7cb00a6458ca3b8fa3d67e18875,MITDB_P220,220,1515000000,2,20260929,0,1.833695650100708,0.8622013926506042,15,V2-002-F02-S20260929,4417c6668930e37bc9f0b71ff70d7ff9762182381c6fc54ae10e2b9c9d229143,MODEL_V1_CV_REFERENCE_V1
1fd35cfdb24951bd51d05e5ba9da1ce8881076cafe3ccee8ee4562ec88052ca4,MITDB_P220,220,1510000000,2,20260929,0,2.0673325061798096,0.8876873254776001,15,V2-002-F02-S20260929,4417c6668930e37bc9f0b71ff70d7ff9762182381c6fc54ae10e2b9c9d229143,MODEL_V1_CV_REFERENCE_V1
1ffb6b056ae6627fc796620768e08d291ece17908d96590070c857b04c37931c,MITDB_P111,111,320000000,2,20260929,0,-1.7335001230239868,0.1501404196023941,15,V2-002-F02-S20260929,4417c6668930e37bc9f0b71ff70d7ff9762182381c6fc54ae10e2b9c9d229143,MODEL_V1_CV_REFERENCE_V1
1ffc51db046c59065aac1e0cc3466b1f23d4ac47eef2a2570fc8fecb50b46c98,MITDB_P232,232,1355000000,2,20260929,1,0.5680038928985596,0.6383024454116821,15,V2-002-F02-S20260929,4417c6668930e37bc9f0b71ff70d7ff9762182381c6fc54ae10e2b9c9d229143,MODEL_V1_CV_REFERENCE_V1
201aed9ccad436cd540ff3fba5b6f32b8c96e8c71ad4be7a3feace218df12a81,MITDB_P111,111,1610000000,2,20260929,0,-2.500990867614746,0.07578874379396439,15,V2-002-F02-S20260929,4417c6668930e37bc9f0b71ff70d7ff9762182381c6fc54ae10e2b9c9d229143,MODEL_V1_CV_REFERENCE_V1
2068f283b94848da660931d8b63d6b73c726ac6eab802ae3d1d4b0c0f66dd47a,MITDB_P220,220,625000000,2,20260929,1,1.6352394819259644,0.8368861675262451,15,V2-002-F02-S20260929,4417c6668930e37bc9f0b71ff70d7ff9762182381c6fc54ae10e2b9c9d229143,MODEL_V1_CV_REFERENCE_V1
20a41fe93d19cd7820c8c675a870facc61b3d47293701062f289bbdd6afc2676,MITDB_P111,111,1085000000,2,20260929,0,-1.1847331523895264,0.23420220613479614,15,V2-002-F02-S20260929,4417c6668930e37bc9f0b71ff70d7ff9762182381c6fc54ae10e2b9c9d229143,MODEL_V1_CV_REFERENCE_V1
20a5ff607e68763f9c68533bea3f1fa9a13ba9a4e284d4b3b2e540412109bf7b,MITDB_P215,215,350000000,2,20260929,0,-3.212038040161133,0.038715213537216187,15,V2-002-F02-S20260929,4417c6668930e37bc9f0b71ff70d7ff9762182381c6fc54ae10e2b9c9d229143,MODEL_V1_CV_REFERENCE_V1
20d26788f8957a8446ecd539f31f3eb8a68cf34fde8b8c7a595f7efb276639c5,MITDB_P113,113,1265000000,2,20260929,0,1.209457278251648,0.7702029347419739,15,V2-002-F02-S20260929,4417c6668930e37bc9f0b71ff70d7ff9762182381c6fc54ae10e2b9c9d229143,MODEL_V1_CV_REFERENCE_V1
20d3d4326292d2be2771e26889e028fdaf57228ec92f8dee4623557499d218fe,MITDB_P232,232,1050000000,2,20260929,1,1.0273734331130981,0.7364063262939453,15,V2-002-F02-S20260929,4417c6668930e37bc9f0b71ff70d7ff9762182381c6fc54ae10e2b9c9d229143,MODEL_V1_CV_REFERENCE_V1
20ff12985017f971410b8980cdbd13b504368995c0eba9f4b9751d1ed46c3a6d,MITDB_P113,113,555000000,2,20260929,0,1.6515493392944336,0.8391003608703613,15,V2-002-F02-S20260929,4417c6668930e37bc9f0b71ff70d7ff9762182381c6fc54ae10e2b9c9d229143,MODEL_V1_CV_REFERENCE_V1
2106111da431b0e913697bc9e7cda06e72eaec1b32736019eccc2a977c6911aa,MITDB_P220,220,1300000000,2,20260929,1,1.5180195569992065,0.820246696472168,15,V2-002-F02-S20260929,4417c6668930e37bc9f0b71ff70d7ff9762182381c6fc54ae10e2b9c9d229143,MODEL_V1_CV_REFERENCE_V1
21238bc8d35c20b0b11b2dc2a842067e0ab3aa7cba94e7a0bfb1310520534ebd,MITDB_P111,111,865000000,2,20260929,0,-0.6426355838775635,0.3446509838104248,15,V2-002-F02-S20260929,4417c6668930e37bc9f0b71ff70d7ff9762182381c6fc54ae10e2b9c9d229143,MODEL_V1_CV_REFERENCE_V1
21264458fa649123fc1aba6d647e2cbfce9343d3433c61b85789ae87fea15085,MITDB_P232,232,1135000000,2,20260929,1,0.07723718136548996,0.5192996859550476,15,V2-002-F02-S20260929,4417c6668930e37bc9f0b71ff70d7ff9762182381c6fc54ae10e2b9c9d229143,MODEL_V1_CV_REFERENCE_V1
21653882b9a2e7a89563414cea4a1cd93b2a8ddcf6641db26eb64175fde52114,MITDB_P232,232,395000000,2,20260929,1,0.23319348692893982,0.5580356121063232,15,V2-002-F02-S20260929,4417c6668930e37bc9f0b71ff70d7ff9762182381c6fc54ae10e2b9c9d229143,MODEL_V1_CV_REFERENCE_V1
21921431d7d193c14a4cf46ef22e2da6fd8c6428af7b70814ceb83138215c273,MITDB_P111,111,375000000,2,20260929,0,-2.305856466293335,0.09063909202814102,15,V2-002-F02-S20260929,4417c6668930e37bc9f0b71ff70d7ff9762182381c6fc54ae10e2b9c9d229143,MODEL_V1_CV_REFERENCE_V1
21941e3f44aca0bfac004db4ad423849ede21cde4113c799fe30a79dfbdf8360,MITDB_P232,232,505000000,2,20260929,1,0.5014879107475281,0.6228089332580566,15,V2-002-F02-S20260929,4417c6668930e37bc9f0b71ff70d7ff9762182381c6fc54ae10e2b9c9d229143,MODEL_V1_CV_REFERENCE_V1
21bc9075ceadc51e3d5d758c33347c5e818a169aa9172bbe34939559baf791e2,MITDB_P111,111,550000000,2,20260929,0,-2.0631723403930664,0.11272814124822617,15,V2-002-F02-S20260929,4417c6668930e37bc9f0b71ff70d7ff9762182381c6fc54ae10e2b9c9d229143,MODEL_V1_CV_REFERENCE_V1
21c5a04ad2abcce1f9f9c2becd52b68313c23bda274708117f350d435b28f26d,MITDB_P232,232,1370000000,2,20260929,1,-0.028469838201999664,0.49288302659988403,15,V2-002-F02-S20260929,4417c6668930e37bc9f0b71ff70d7ff9762182381c6fc54ae10e2b9c9d229143,MODEL_V1_CV_REFERENCE_V1
21d6cfed1ec4080030100c9f79cf5b1ea1748b8f4ad32257fbf454b176fe05a6,MITDB_P111,111,60000000,2,20260929,0,-2.561946392059326,0.07162800431251526,15,V2-002-F02-S20260929,4417c6668930e37bc9f0b71ff70d7ff9762182381c6fc54ae10e2b9c9d229143,MODEL_V1_CV_REFERENCE_V1
21d6d0ca545a49fd2d088040bc3254eff3ea2da5c30bcc5e8505a15705e9e360,MITDB_P220,220,1355000000,2,20260929,0,1.785359263420105,0.8563573956489563,15,V2-002-F02-S20260929,4417c6668930e37bc9f0b71ff70d7ff9762182381c6fc54ae10e2b9c9d229143,MODEL_V1_CV_REFERENCE_V1
225db593de7338ce8f20ecbe9f9549c44d4c1d459894d2a2b036d086ee45a370,MITDB_P232,232,1660000000,2,20260929,1,0.4929946959018707,0.6208116412162781,15,V2-002-F02-S20260929,4417c6668930e37bc9f0b71ff70d7ff9762182381c6fc54ae10e2b9c9d229143,MODEL_V1_CV_REFERENCE_V1
228424b8512d39af977a5f5f941067534716ec4267cbd9319fb79af4f3df0662,MITDB_P220,220,1365000000,2,20260929,1,1.7414686679840088,0.8508735299110413,15,V2-002-F02-S20260929,4417c6668930e37bc9f0b71ff70d7ff9762182381c6fc54ae10e2b9c9d229143,MODEL_V1_CV_REFERENCE_V1
229cc1afdf0d1b6c036afecbe4cea545a37804354a2f95902be4c70ff858d06a,MITDB_P220,220,690000000,2,20260929,0,1.9892562627792358,0.8796643614768982,15,V2-002-F02-S20260929,4417c6668930e37bc9f0b71ff70d7ff9762182381c6fc54ae10e2b9c9d229143,MODEL_V1_CV_REFERENCE_V1
22dd8faeeb395d594536fc7099bbd47a4aca944fb7acc5ae5b92653aa24213c1,MITDB_P215,215,60000000,2,20260929,1,-2.3568058013916016,0.08652633428573608,15,V2-002-F02-S20260929,4417c6668930e37bc9f0b71ff70d7ff9762182381c6fc54ae10e2b9c9d229143,MODEL_V1_CV_REFERENCE_V1
2338d25969ffe9361d0221369c1ec061d3a4b2b3604c8bcb5a2f477bef329371,MITDB_P220,220,425000000,2,20260929,1,1.6655954122543335,0.8409876823425293,15,V2-002-F02-S20260929,4417c6668930e37bc9f0b71ff70d7ff9762182381c6fc54ae10e2b9c9d229143,MODEL_V1_CV_REFERENCE_V1
234e6fd6d294293d87ba7aa83c2fb773ff32160146dfb625430e8af9d45a1afe,MITDB_P113,113,205000000,2,20260929,0,2.3394558429718018,0.9120924472808838,15,V2-002-F02-S20260929,4417c6668930e37bc9f0b71ff70d7ff9762182381c6fc54ae10e2b9c9d229143,MODEL_V1_CV_REFERENCE_V1
234ec017f8e5385f13cf895d2cd1e758de07c0a5d279ee00f146448044d8ab06,MITDB_P220,220,675000000,2,20260929,0,1.8893802165985107,0.8686848282814026,15,V2-002-F02-S20260929,4417c6668930e37bc9f0b71ff70d7ff9762182381c6fc54ae10e2b9c9d229143,MODEL_V1_CV_REFERENCE_V1
23558976737ec5166e7b7949a622276c48a216acda36874c24cf808316c9b138,MITDB_P220,220,1670000000,2,20260929,1,1.4023268222808838,0.8025528192520142,15,V2-002-F02-S20260929,4417c6668930e37bc9f0b71ff70d7ff9762182381c6fc54ae10e2b9c9d229143,MODEL_V1_CV_REFERENCE_V1
236da63ba306351df6e810e202efed05de23d3d3dadac44b48ba17d8681b4132,MITDB_P232,232,515000000,2,20260929,1,0.18702393770217896,0.5466201901435852,15,V2-002-F02-S20260929,4417c6668930e37bc9f0b71ff70d7ff9762182381c6fc54ae10e2b9c9d229143,MODEL_V1_CV_REFERENCE_V1
237607258c7f4bf4e7df112500350f892e29c10e1a672135123574261efbd5c3,MITDB_P220,220,850000000,2,20260929,1,1.754603624343872,0.8525325059890747,15,V2-002-F02-S20260929,4417c6668930e37bc9f0b71ff70d7ff9762182381c6fc54ae10e2b9c9d229143,MODEL_V1_CV_REFERENCE_V1
23b54cbdc82fbe85ae0fa5e40b6ace2589e47b062092e3aec7297d7ef0a56a88,MITDB_P111,111,1250000000,2,20260929,0,-2.0440165996551514,0.11465837061405182,15,V2-002-F02-S20260929,4417c6668930e37bc9f0b71ff70d7ff9762182381c6fc54ae10e2b9c9d229143,MODEL_V1_CV_REFERENCE_V1
23dd637637f74d8ec34bf2483f719931410ca15bdee918513412792b8e84aec1,MITDB_P220,220,1375000000,2,20260929,0,1.7634787559509277,0.853644847869873,15,V2-002-F02-S20260929,4417c6668930e37bc9f0b71ff70d7ff9762182381c6fc54ae10e2b9c9d229143,MODEL_V1_CV_REFERENCE_V1
240c1ee306ec92b1dd499fe6467d1008c5ca5ed59c6d82cf5467c80d7ec5f986,MITDB_P113,113,1585000000,2,20260929,0,0.10617991536855698,0.5265200734138489,15,V2-002-F02-S20260929,4417c6668930e37bc9f0b71ff70d7ff9762182381c6fc54ae10e2b9c9d229143,MODEL_V1_CV_REFERENCE_V1
2441d2c156dda45ac675ada22089a60ee59d0fce35b23e951fbbed8b2fed6501,MITDB_P111,111,825000000,2,20260929,0,-1.159435749053955,0.23876981437206268,15,V2-002-F02-S20260929,4417c6668930e37bc9f0b71ff70d7ff9762182381c6fc54ae10e2b9c9d229143,MODEL_V1_CV_REFERENCE_V1
245b4be5695a495d424e3699150898b8cb737c2ac13c93efbe47184f4d1ce6ea,MITDB_P215,215,750000000,2,20260929,1,-2.4067935943603516,0.08265611529350281,15,V2-002-F02-S20260929,4417c6668930e37bc9f0b71ff70d7ff9762182381c6fc54ae10e2b9c9d229143,MODEL_V1_CV_REFERENCE_V1
247987adfb8dae7827efd4d586372654b6388eb5e3a6bf23aa50ff67374bba73,MITDB_P220,220,1140000000,2,20260929,0,2.1066651344299316,0.891549289226532,15,V2-002-F02-S20260929,4417c6668930e37bc9f0b71ff70d7ff9762182381c6fc54ae10e2b9c9d229143,MODEL_V1_CV_REFERENCE_V1
247dbf80e617b2da6d316e715d368d5024cf798095d4ecaa67ebc8d78355b004,MITDB_P113,113,1600000000,2,20260929,0,0.6912707090377808,0.6662495136260986,15,V2-002-F02-S20260929,4417c6668930e37bc9f0b71ff70d7ff9762182381c6fc54ae10e2b9c9d229143,MODEL_V1_CV_REFERENCE_V1
24873b1c6a119c7c08a550cc3e93846acb5b15ece5a59dced83038333392b84f,MITDB_P111,111,350000000,2,20260929,0,-1.7907955646514893,0.14297521114349365,15,V2-002-F02-S20260929,4417c6668930e37bc9f0b71ff70d7ff9762182381c6fc54ae10e2b9c9d229143,MODEL_V1_CV_REFERENCE_V1
24b938a2b2c2f62286f8c4c02850bca7d834609c1b477df14deda656551256ec,MITDB_P215,215,500000000,2,20260929,1,0.6104671359062195,0.6480473279953003,15,V2-002-F02-S20260929,4417c6668930e37bc9f0b71ff70d7ff9762182381c6fc54ae10e2b9c9d229143,MODEL_V1_CV_REFERENCE_V1
24def1f24578830817bda4f2327781cfda3888d1bc6d9280dbd4e3ccd89ad395,MITDB_P111,111,600000000,2,20260929,0,-0.5707858204841614,0.36105552315711975,15,V2-002-F02-S20260929,4417c6668930e37bc9f0b71ff70d7ff9762182381c6fc54ae10e2b9c9d229143,MODEL_V1_CV_REFERENCE_V1
25233a8b7b309eff40e170237bcc76ef37da92ccfb27cf3f82527f568b9477de,MITDB_P215,215,485000000,2,20260929,1,-0.8897258639335632,0.29116642475128174,15,V2-002-F02-S20260929,4417c6668930e37bc9f0b71ff70d7ff9762182381c6fc54ae10e2b9c9d229143,MODEL_V1_CV_REFERENCE_V1
254722252afadf9387ecf1b6bf080b329d29cd44c24102874bf1501203caecab,MITDB_P111,111,1040000000,2,20260929,0,-0.11269889026880264,0.4718550443649292,15,V2-002-F02-S20260929,4417c6668930e37bc9f0b71ff70d7ff9762182381c6fc54ae10e2b9c9d229143,MODEL_V1_CV_REFERENCE_V1
2593d1b84172b71934ae927b15fe25634e5e0feeb22f615a9288393c9114525e,MITDB_P232,232,485000000,2,20260929,1,0.46193772554397583,0.6134737133979797,15,V2-002-F02-S20260929,4417c6668930e37bc9f0b71ff70d7ff9762182381c6fc54ae10e2b9c9d229143,MODEL_V1_CV_REFERENCE_V1
25ce2ba3768623d019e4d178f871553127d92615199911819521b8fcdcf12aaf,MITDB_P111,111,1430000000,2,20260929,0,-2.5281102657318115,0.07391089200973511,15,V2-002-F02-S20260929,4417c6668930e37bc9f0b71ff70d7ff9762182381c6fc54ae10e2b9c9d229143,MODEL_V1_CV_REFERENCE_V1
2602b714ad7f85b6e433b3f10ee3cf01fd562c263144e0ec0ef6179eea10ea24,MITDB_P232,232,575000000,2,20260929,1,0.22313204407691956,0.5555527210235596,15,V2-002-F02-S20260929,4417c6668930e37bc9f0b71ff70d7ff9762182381c6fc54ae10e2b9c9d229143,MODEL_V1_CV_REFERENCE_V1
260d374b7918722c37e884cb9f07e8a75e99511715824fd574e8cfae1aa9e798,MITDB_P113,113,885000000,2,20260929,0,1.8239467144012451,0.8610389828681946,15,V2-002-F02-S20260929,4417c6668930e37bc9f0b71ff70d7ff9762182381c6fc54ae10e2b9c9d229143,MODEL_V1_CV_REFERENCE_V1
2652ec98ddecd3760e2131025c45e465972095682aeada125c69887b0b89a474,MITDB_P215,215,45000000,2,20260929,1,-0.684845507144928,0.33518069982528687,15,V2-002-F02-S20260929,4417c6668930e37bc9f0b71ff70d7ff9762182381c6fc54ae10e2b9c9d229143,MODEL_V1_CV_REFERENCE_V1
265fcf5e09c8d2d9bafd21dd3162fa2c4cbe646cbd4385d084c38daabe8256a8,MITDB_P111,111,635000000,2,20260929,0,-1.3887858390808105,0.1996016651391983,15,V2-002-F02-S20260929,4417c6668930e37bc9f0b71ff70d7ff9762182381c6fc54ae10e2b9c9d229143,MODEL_V1_CV_REFERENCE_V1
26695fa51ea68a3e2d2df8c13a92e0413f13ccdd99fbf7ce0c2a376703318619,MITDB_P220,220,1545000000,2,20260929,1,1.2517939805984497,0.7776102423667908,15,V2-002-F02-S20260929,4417c6668930e37bc9f0b71ff70d7ff9762182381c6fc54ae10e2b9c9d229143,MODEL_V1_CV_REFERENCE_V1
26ade79ec50c5bd9a842990bf2c0887813ea9f20b0c25b383acf23b57c2fa80a,MITDB_P215,215,1135000000,2,20260929,1,-1.6595722436904907,0.15981942415237427,15,V2-002-F02-S20260929,4417c6668930e37bc9f0b71ff70d7ff9762182381c6fc54ae10e2b9c9d229143,MODEL_V1_CV_REFERENCE_V1
26b9165adec69755abb46201238c566c112766669d39ecc5a974b7e2828e2bf6,MITDB_P111,111,1495000000,2,20260929,0,-2.099992275238037,0.10909757018089294,15,V2-002-F02-S20260929,4417c6668930e37bc9f0b71ff70d7ff9762182381c6fc54ae10e2b9c9d229143,MODEL_V1_CV_REFERENCE_V1
26c8b7e3678ebbfe9b4cfccf8d364c85587cb27cb3f4d6312b04bf340879c273,MITDB_P232,232,1015000000,2,20260929,1,0.690886914730072,0.666164219379425,15,V2-002-F02-S20260929,4417c6668930e37bc9f0b71ff70d7ff9762182381c6fc54ae10e2b9c9d229143,MODEL_V1_CV_REFERENCE_V1
26f4781ac6b9d7eeaa7f729a8d0339a30293d411ef91090024b65fa2a1e7251a,MITDB_P215,215,365000000,2,20260929,0,-3.6946451663970947,0.024253420531749725,15,V2-002-F02-S20260929,4417c6668930e37bc9f0b71ff70d7ff9762182381c6fc54ae10e2b9c9d229143,MODEL_V1_CV_REFERENCE_V1
276e272da13f9344f36fc96e054cb0d0874257c6699e7812f9c2c86fef8df5d7,MITDB_P215,215,985000000,2,20260929,1,-1.8963271379470825,0.13052473962306976,15,V2-002-F02-S20260929,4417c6668930e37bc9f0b71ff70d7ff9762182381c6fc54ae10e2b9c9d229143,MODEL_V1_CV_REFERENCE_V1
27a7350ec198e4014fe4ecf8a02ef5cb17d4936816ba479c27655412967fbe2d,MITDB_P113,113,1240000000,2,20260929,0,0.32890474796295166,0.5814928412437439,15,V2-002-F02-S20260929,4417c6668930e37bc9f0b71ff70d7ff9762182381c6fc54ae10e2b9c9d229143,MODEL_V1_CV_REFERENCE_V1
27bdea533e5e6b987f1afac2248017d39fbb99943f7c5bbab59122e3535bbe7e,MITDB_P220,220,180000000,2,20260929,0,2.028287172317505,0.883735179901123,15,V2-002-F02-S20260929,4417c6668930e37bc9f0b71ff70d7ff9762182381c6fc54ae10e2b9c9d229143,MODEL_V1_CV_REFERENCE_V1
27c4e20c2147bb2b99bdca8091dd4652ab2ce99604dbcd5918a80788a806fd4a,MITDB_P220,220,230000000,2,20260929,0,1.7336385250091553,0.8498772382736206,15,V2-002-F02-S20260929,4417c6668930e37bc9f0b71ff70d7ff9762182381c6fc54ae10e2b9c9d229143,MODEL_V1_CV_REFERENCE_V1
27f5eaaa9f7771ba9596365d3ac4eec94db66846dd094dd7380da515d9dd201c,MITDB_P220,220,515000000,2,20260929,0,1.4622688293457031,0.8118794560432434,15,V2-002-F02-S20260929,4417c6668930e37bc9f0b71ff70d7ff9762182381c6fc54ae10e2b9c9d229143,MODEL_V1_CV_REFERENCE_V1
282dfcbe1d509247c782b9502eaa5b2b8b4b2f9003576885c760058c46c1c45b,MITDB_P232,232,1630000000,2,20260929,1,0.6202709078788757,0.6502801775932312,15,V2-002-F02-S20260929,4417c6668930e37bc9f0b71ff70d7ff9762182381c6fc54ae10e2b9c9d229143,MODEL_V1_CV_REFERENCE_V1
282fff491775c841dedd44b5732452547fa4e3364f9898c1869ec0dc714df1bc,MITDB_P215,215,380000000,2,20260929,0,-3.607452392578125,0.02640473283827305,15,V2-002-F02-S20260929,4417c6668930e37bc9f0b71ff70d7ff9762182381c6fc54ae10e2b9c9d229143,MODEL_V1_CV_REFERENCE_V1
28783afdbacea1802fe52ae14db607068f82a2d6def8cacce70ea890899d148e,MITDB_P113,113,1470000000,2,20260929,0,-0.3283773362636566,0.4186354875564575,15,V2-002-F02-S20260929,4417c6668930e37bc9f0b71ff70d7ff9762182381c6fc54ae10e2b9c9d229143,MODEL_V1_CV_REFERENCE_V1
287fe38b9bbdf67b564a33f6da3fd1694a248488c0a32cb96461c39699d6f36b,MITDB_P215,215,825000000,2,20260929,0,-4.519073486328125,0.01078160759061575,15,V2-002-F02-S20260929,4417c6668930e37bc9f0b71ff70d7ff9762182381c6fc54ae10e2b9c9d229143,MODEL_V1_CV_REFERENCE_V1
28b2865fb655655bb1401cb2c75877e853a20612676d26aabcdda38cdb2d032e,MITDB_P111,111,330000000,2,20260929,0,-2.0616278648376465,0.11288271099328995,15,V2-002-F02-S20260929,4417c6668930e37bc9f0b71ff70d7ff9762182381c6fc54ae10e2b9c9d229143,MODEL_V1_CV_REFERENCE_V1
28bccdcfbc64e3c5ae5d64d3168cc2c84d1c03475e90fff675669ba006b34363,MITDB_P113,113,1665000000,2,20260929,0,1.1264357566833496,0.7551805377006531,15,V2-002-F02-S20260929,4417c6668930e37bc9f0b71ff70d7ff9762182381c6fc54ae10e2b9c9d229143,MODEL_V1_CV_REFERENCE_V1
28bfc61cfb2ee7b38a0aaffd69853d14104a55669521cd60e140905440398c71,MITDB_P113,113,1095000000,2,20260929,0,1.498749852180481,0.8173879384994507,15,V2-002-F02-S20260929,4417c6668930e37bc9f0b71ff70d7ff9762182381c6fc54ae10e2b9c9d229143,MODEL_V1_CV_REFERENCE_V1
29058079ecee48b53ad628859382c4b74ccfb685576a0b3df1d127aff59ac152,MITDB_P113,113,755000000,2,20260929,0,-0.3275264501571655,0.4188425838947296,15,V2-002-F02-S20260929,4417c6668930e37bc9f0b71ff70d7ff9762182381c6fc54ae10e2b9c9d229143,MODEL_V1_CV_REFERENCE_V1
291e72c58d4e55d9e5b7e7a65027cac184320a7691c655754899122758af0c22,MITDB_P111,111,1320000000,2,20260929,0,-2.451427936553955,0.07933419197797775,15,V2-002-F02-S20260929,4417c6668930e37bc9f0b71ff70d7ff9762182381c6fc54ae10e2b9c9d229143,MODEL_V1_CV_REFERENCE_V1
293cabf54f9bc2c1eba5eefe3d9b6e9213672fe8469f20339197cef11479f8fd,MITDB_P220,220,225000000,2,20260929,0,1.9453355073928833,0.8749371767044067,15,V2-002-F02-S20260929,4417c6668930e37bc9f0b71ff70d7ff9762182381c6fc54ae10e2b9c9d229143,MODEL_V1_CV_REFERENCE_V1
293d6accbb11b5ba54d711290422eba2d90d875a12742decab82fc7be33843cc,MITDB_P215,215,1475000000,2,20260929,1,-1.601388931274414,0.1677875816822052,15,V2-002-F02-S20260929,4417c6668930e37bc9f0b71ff70d7ff9762182381c6fc54ae10e2b9c9d229143,MODEL_V1_CV_REFERENCE_V1
295e69bc4a497194f329e23ee62474418394f8ab41d003518cd716140cd2c7fb,MITDB_P232,232,740000000,2,20260929,1,0.7242088913917542,0.6735332012176514,15,V2-002-F02-S20260929,4417c6668930e37bc9f0b71ff70d7ff9762182381c6fc54ae10e2b9c9d229143,MODEL_V1_CV_REFERENCE_V1
295edd94a113bec120e2a52119a9d7d91c81e3a70fc37c0dfb6e100428bdff0f,MITDB_P113,113,1675000000,2,20260929,0,1.0978665351867676,0.7498601078987122,15,V2-002-F02-S20260929,4417c6668930e37bc9f0b71ff70d7ff9762182381c6fc54ae10e2b9c9d229143,MODEL_V1_CV_REFERENCE_V1
29642c011f70ebe415dbde22365606dbe16f338f86906993d65219dec0d42dae,MITDB_P220,220,80000000,2,20260929,0,1.9224473237991333,0.8724111318588257,15,V2-002-F02-S20260929,4417c6668930e37bc9f0b71ff70d7ff9762182381c6fc54ae10e2b9c9d229143,MODEL_V1_CV_REFERENCE_V1
297343b878a9632d9ab48a94b56c2c8bbfd90668ce13f75cc48a72c847e4b4be,MITDB_P232,232,820000000,2,20260929,1,0.8757687211036682,0.7059446573257446,15,V2-002-F02-S20260929,4417c6668930e37bc9f0b71ff70d7ff9762182381c6fc54ae10e2b9c9d229143,MODEL_V1_CV_REFERENCE_V1
298f64792fa69ac75a543bd94f38f2893d2d9036b672e12f1ce43dd78e56eb30,MITDB_P232,232,1215000000,2,20260929,1,0.25712499022483826,0.5639294385910034,15,V2-002-F02-S20260929,4417c6668930e37bc9f0b71ff70d7ff9762182381c6fc54ae10e2b9c9d229143,MODEL_V1_CV_REFERENCE_V1
29900bdef6d0f6e8d180737aa49ce3e914a6ee7b47aede2b2446b6554a6af18e,MITDB_P220,220,545000000,2,20260929,0,2.2891571521759033,0.9079750180244446,15,V2-002-F02-S20260929,4417c6668930e37bc9f0b71ff70d7ff9762182381c6fc54ae10e2b9c9d229143,MODEL_V1_CV_REFERENCE_V1
299e97bbcf986cad2f38853813286e81a779f42d7415b6a9bb61f9a1564c9725,MITDB_P113,113,1500000000,2,20260929,0,1.2876501083374023,0.7837492227554321,15,V2-002-F02-S20260929,4417c6668930e37bc9f0b71ff70d7ff9762182381c6fc54ae10e2b9c9d229143,MODEL_V1_CV_REFERENCE_V1
29a1dfb64cf15bca1dc942bcd042a646450350c376d42fc60d1a7e6389d6f9f9,MITDB_P111,111,815000000,2,20260929,0,-2.036285877227783,0.11544547230005264,15,V2-002-F02-S20260929,4417c6668930e37bc9f0b71ff70d7ff9762182381c6fc54ae10e2b9c9d229143,MODEL_V1_CV_REFERENCE_V1
29af37adc95071ad0d033323dc866a2dd68dd2493bbaac0165f87ddad30eacb5,MITDB_P111,111,970000000,2,20260929,0,0.5556891560554504,0.6354544758796692,15,V2-002-F02-S20260929,4417c6668930e37bc9f0b71ff70d7ff9762182381c6fc54ae10e2b9c9d229143,MODEL_V1_CV_REFERENCE_V1
29ed6888be495ba16ea3cf8b7ef6554e4da0bd4cdad742108a6f958ee642b240,MITDB_P220,220,660000000,2,20260929,0,1.9194698333740234,0.8720793724060059,15,V2-002-F02-S20260929,4417c6668930e37bc9f0b71ff70d7ff9762182381c6fc54ae10e2b9c9d229143,MODEL_V1_CV_REFERENCE_V1
2a194f05788bd2c878a3aa2da096a7d608b6d9412cbce3a82d16508017afc015,MITDB_P232,232,675000000,2,20260929,1,-0.13159683346748352,0.46714818477630615,15,V2-002-F02-S20260929,4417c6668930e37bc9f0b71ff70d7ff9762182381c6fc54ae10e2b9c9d229143,MODEL_V1_CV_REFERENCE_V1
2a23b230bfdd6d57da163eb5104dbb0dd5d65d2111eaac0003909688466a452e,MITDB_P220,220,605000000,2,20260929,0,2.2627785205841064,0.9057471752166748,15,V2-002-F02-S20260929,4417c6668930e37bc9f0b71ff70d7ff9762182381c6fc54ae10e2b9c9d229143,MODEL_V1_CV_REFERENCE_V1
2a3bdf2e3e57f89ed4bb159fd752ca53deb341e74daf04b02ed6d5860ee1d63f,MITDB_P113,113,1550000000,2,20260929,0,0.7184807658195496,0.6722723841667175,15,V2-002-F02-S20260929,4417c6668930e37bc9f0b71ff70d7ff9762182381c6fc54ae10e2b9c9d229143,MODEL_V1_CV_REFERENCE_V1
2a487b4e11fdf25022f86a80a63796006aa20f63ce7213468bea00ff68aea349,MITDB_P215,215,1110000000,2,20260929,0,-4.383769512176514,0.012324445880949497,15,V2-002-F02-S20260929,4417c6668930e37bc9f0b71ff70d7ff9762182381c6fc54ae10e2b9c9d229143,MODEL_V1_CV_REFERENCE_V1
2b1c178b9262dfa9c61c2e2895e9ad2d36983f0389bd892a328553ca6cf4b044,MITDB_P111,111,415000000,2,20260929,0,-2.1520586013793945,0.10413900762796402,15,V2-002-F02-S20260929,4417c6668930e37bc9f0b71ff70d7ff9762182381c6fc54ae10e2b9c9d229143,MODEL_V1_CV_REFERENCE_V1
2b40af91f8700323ade48de68fdb3fd730a9a2f7ec56f795325f7230d72bfc76,MITDB_P232,232,1360000000,2,20260929,1,0.24536162614822388,0.5610345005989075,15,V2-002-F02-S20260929,4417c6668930e37bc9f0b71ff70d7ff9762182381c6fc54ae10e2b9c9d229143,MODEL_V1_CV_REFERENCE_V1
2b4f43d186f3b826b18be72a4f6b407f78b40ef32b4231617b2fef7cbc8b1d50,MITDB_P220,220,60000000,2,20260929,0,1.6868484020233154,0.8438092470169067,15,V2-002-F02-S20260929,4417c6668930e37bc9f0b71ff70d7ff9762182381c6fc54ae10e2b9c9d229143,MODEL_V1_CV_REFERENCE_V1
2b7326481c8eff66fd6042656f279d08d2b37be52d46f86cd0944dc8e5f36fca,MITDB_P220,220,355000000,2,20260929,0,2.072251081466675,0.8881767392158508,15,V2-002-F02-S20260929,4417c6668930e37bc9f0b71ff70d7ff9762182381c6fc54ae10e2b9c9d229143,MODEL_V1_CV_REFERENCE_V1
2b875d2b170094abf71a534722e8a96b5f26f9f1c5e8db1b152a01786f7a6c76,MITDB_P113,113,865000000,2,20260929,0,2.047672748565674,0.885712206363678,15,V2-002-F02-S20260929,4417c6668930e37bc9f0b71ff70d7ff9762182381c6fc54ae10e2b9c9d229143,MODEL_V1_CV_REFERENCE_V1
2b9f1b8c289f915f16780e941d9314ef288415645553f35fc376d63c75aa4616,MITDB_P232,232,1455000000,2,20260929,1,-0.23802119493484497,0.4407740533351898,15,V2-002-F02-S20260929,4417c6668930e37bc9f0b71ff70d7ff9762182381c6fc54ae10e2b9c9d229143,MODEL_V1_CV_REFERENCE_V1
2c987b284daa2a5a191aa33080e9fdb5d1cc12b30a2ea5e68bf0a951abdf15e5,MITDB_P111,111,1655000000,2,20260929,0,-1.4706701040267944,0.18684078752994537,15,V2-002-F02-S20260929,4417c6668930e37bc9f0b71ff70d7ff9762182381c6fc54ae10e2b9c9d229143,MODEL_V1_CV_REFERENCE_V1
2cd2f50383e1c00eccecacf2b92159b17901801732f84e27bb17d964961ffc78,MITDB_P111,111,495000000,2,20260929,0,-1.2460122108459473,0.22339120507240295,15,V2-002-F02-S20260929,4417c6668930e37bc9f0b71ff70d7ff9762182381c6fc54ae10e2b9c9d229143,MODEL_V1_CV_REFERENCE_V1
2cf2ab224a7dddf67180c68bb568d478a50226fea903ef0a51b56dfba28c24dc,MITDB_P111,111,630000000,2,20260929,0,-1.9161746501922607,0.12828874588012695,15,V2-002-F02-S20260929,4417c6668930e37bc9f0b71ff70d7ff9762182381c6fc54ae10e2b9c9d229143,MODEL_V1_CV_REFERENCE_V1
2d1a6eed867099452a499855076bc8b8539840e6079a393ce557de4de5740079,MITDB_P113,113,55000000,2,20260929,0,1.6678378582000732,0.8412873148918152,15,V2-002-F02-S20260929,4417c6668930e37bc9f0b71ff70d7ff9762182381c6fc54ae10e2b9c9d229143,MODEL_V1_CV_REFERENCE_V1
2d3fa5d1a4e93a404cb7f1a3ea1669cf2c7ea78bcb27e827737bf950b4233c52,MITDB_P215,215,845000000,2,20260929,1,-2.1998836994171143,0.09976093471050262,15,V2-002-F02-S20260929,4417c6668930e37bc9f0b71ff70d7ff9762182381c6fc54ae10e2b9c9d229143,MODEL_V1_CV_REFERENCE_V1
2d97ab5c137a284487623b4346b2ce0545d9c01e85d630103c5b58cd051521ff,MITDB_P113,113,1000000000,2,20260929,0,1.837725281715393,0.8626794815063477,15,V2-002-F02-S20260929,4417c6668930e37bc9f0b71ff70d7ff9762182381c6fc54ae10e2b9c9d229143,MODEL_V1_CV_REFERENCE_V1
2ddc9a66a13dc6c9e0f0603b4c68ac342082aa5700b9ee692caa62a1057cfd8e,MITDB_P113,113,525000000,2,20260929,0,1.307204246520996,0.787044882774353,15,V2-002-F02-S20260929,4417c6668930e37bc9f0b71ff70d7ff9762182381c6fc54ae10e2b9c9d229143,MODEL_V1_CV_REFERENCE_V1
2df9c5a095b7e133cb0699445d802d766bd5f3052fdc37ad0ec5d41b2d25d84c,MITDB_P111,111,695000000,2,20260929,0,-1.5039446353912354,0.18183793127536774,15,V2-002-F02-S20260929,4417c6668930e37bc9f0b71ff70d7ff9762182381c6fc54ae10e2b9c9d229143,MODEL_V1_CV_REFERENCE_V1
2dff2bb8f0f5030cd1f2eb6360c9e5cfe61afc3a13275344ab797551678e54a0,MITDB_P215,215,625000000,2,20260929,1,0.06587731093168259,0.5164633989334106,15,V2-002-F02-S20260929,4417c6668930e37bc9f0b71ff70d7ff9762182381c6fc54ae10e2b9c9d229143,MODEL_V1_CV_REFERENCE_V1
2e13099fdb7568152b9ff0e297154d0049013b52dc0b3f1e31722daf37bb1104,MITDB_P215,215,715000000,2,20260929,0,-4.206631183624268,0.014677818864583969,15,V2-002-F02-S20260929,4417c6668930e37bc9f0b71ff70d7ff9762182381c6fc54ae10e2b9c9d229143,MODEL_V1_CV_REFERENCE_V1
2e89f4b04897956103ec5de6b454d168c5c59a7b2df7f24ca0d9ce389bab5a77,MITDB_P111,111,1325000000,2,20260929,0,-1.6684951782226562,0.15862490236759186,15,V2-002-F02-S20260929,4417c6668930e37bc9f0b71ff70d7ff9762182381c6fc54ae10e2b9c9d229143,MODEL_V1_CV_REFERENCE_V1
2eafbb855e3656f28adb1bede07a3f71996713bc906388fb88f489ffd656cc46,MITDB_P232,232,1365000000,2,20260929,1,0.6171339750289917,0.6495664119720459,15,V2-002-F02-S20260929,4417c6668930e37bc9f0b71ff70d7ff9762182381c6fc54ae10e2b9c9d229143,MODEL_V1_CV_REFERENCE_V1
2eca7bacf9dffef31d1b0e666e2f99af508c80e358ddd708dc94382c36c56197,MITDB_P113,113,1510000000,2,20260929,0,0.5233099460601807,0.6279214024543762,15,V2-002-F02-S20260929,4417c6668930e37bc9f0b71ff70d7ff9762182381c6fc54ae10e2b9c9d229143,MODEL_V1_CV_REFERENCE_V1
2ed4187e01aeef1d72c401a474fcc14730d70e78e210e9947fd0c9fc4d7c9ad0,MITDB_P215,215,835000000,2,20260929,0,-4.222262382507324,0.014453462325036526,15,V2-002-F02-S20260929,4417c6668930e37bc9f0b71ff70d7ff9762182381c6fc54ae10e2b9c9d229143,MODEL_V1_CV_REFERENCE_V1
2ee7be7e27db83bf29c6d886452840772e27ff17f1396b7701bebd54b9584e81,MITDB_P232,232,1025000000,2,20260929,1,0.6188015341758728,0.6499459743499756,15,V2-002-F02-S20260929,4417c6668930e37bc9f0b71ff70d7ff9762182381c6fc54ae10e2b9c9d229143,MODEL_V1_CV_REFERENCE_V1
2ef5c12c880f2a70db590dc853f0cb5251dd772c0afea49f7594fcd266e5244f,MITDB_P220,220,1405000000,2,20260929,0,1.9388514757156372,0.8742259740829468,15,V2-002-F02-S20260929,4417c6668930e37bc9f0b71ff70d7ff9762182381c6fc54ae10e2b9c9d229143,MODEL_V1_CV_REFERENCE_V1
2f000db54b3f047b232e117cac3bdb45af2d62a044fb65cd65c2532869320fbc,MITDB_P215,215,95000000,2,20260929,1,-2.095869541168213,0.10949893295764923,15,V2-002-F02-S20260929,4417c6668930e37bc9f0b71ff70d7ff9762182381c6fc54ae10e2b9c9d229143,MODEL_V1_CV_REFERENCE_V1
2f0d1a3636eeda31fd5cf24207c0a9a19a64005852ac3ca637844972dcc67fab,MITDB_P111,111,545000000,2,20260929,0,-2.9305217266082764,0.050665225833654404,15,V2-002-F02-S20260929,4417c6668930e37bc9f0b71ff70d7ff9762182381c6fc54ae10e2b9c9d229143,MODEL_V1_CV_REFERENCE_V1
2f79c86b987ab21d0184ab552e0fc1b752aa5c9a56126c709a6fecc3cd861804,MITDB_P113,113,1505000000,2,20260929,0,0.804535448551178,0.6909438371658325,15,V2-002-F02-S20260929,4417c6668930e37bc9f0b71ff70d7ff9762182381c6fc54ae10e2b9c9d229143,MODEL_V1_CV_REFERENCE_V1
2fc24de5aca282cd6d58dc5e2dd5ec04bdc0da63f3e3112287169b24d6f72de1,MITDB_P215,215,1085000000,2,20260929,1,-1.4547576904296875,0.18927043676376343,15,V2-002-F02-S20260929,4417c6668930e37bc9f0b71ff70d7ff9762182381c6fc54ae10e2b9c9d229143,MODEL_V1_CV_REFERENCE_V1
2fe3c44be0fff764a34ee6fb8265d67afb5e727c08287269b841dbf8fbacf504,MITDB_P215,215,800000000,2,20260929,0,-5.058167457580566,0.006317039951682091,15,V2-002-F02-S20260929,4417c6668930e37bc9f0b71ff70d7ff9762182381c6fc54ae10e2b9c9d229143,MODEL_V1_CV_REFERENCE_V1
2ff22e0dfa18d9495fe4589975dcf76e0bcf48a70cd9ee08e1cb1902d1bbd460,MITDB_P232,232,1435000000,2,20260929,1,0.09917467087507248,0.524773359298706,15,V2-002-F02-S20260929,4417c6668930e37bc9f0b71ff70d7ff9762182381c6fc54ae10e2b9c9d229143,MODEL_V1_CV_REFERENCE_V1
300ce33c5bf6d3183fd5cf13dd3eb03e663f48c034bb8ee791a13f5d05f269fb,MITDB_P113,113,90000000,2,20260929,0,1.3644143342971802,0.7964761853218079,15,V2-002-F02-S20260929,4417c6668930e37bc9f0b71ff70d7ff9762182381c6fc54ae10e2b9c9d229143,MODEL_V1_CV_REFERENCE_V1
300e7f7732b2d25b39ed9534a2a520a40f570be6ac62dd39189a7ac0ba18cabd,MITDB_P113,113,1440000000,2,20260929,0,0.2376287579536438,0.5591292381286621,15,V2-002-F02-S20260929,4417c6668930e37bc9f0b71ff70d7ff9762182381c6fc54ae10e2b9c9d229143,MODEL_V1_CV_REFERENCE_V1
304ae042f455f302391da0f9249bd5a7f59c9330dff1c1819ff8cb8b69cff577,MITDB_P220,220,290000000,2,20260929,0,1.842671513557434,0.8632643222808838,15,V2-002-F02-S20260929,4417c6668930e37bc9f0b71ff70d7ff9762182381c6fc54ae10e2b9c9d229143,MODEL_V1_CV_REFERENCE_V1
307734ba0ea2d0cb0a18dcba425969276990c180c51209f97b43b18640ca2530,MITDB_P111,111,1675000000,2,20260929,0,-1.0022695064544678,0.26849544048309326,15,V2-002-F02-S20260929,4417c6668930e37bc9f0b71ff70d7ff9762182381c6fc54ae10e2b9c9d229143,MODEL_V1_CV_REFERENCE_V1
30a044027586a7e6a4646d49a2ea5b7f31a8772cd3a83c54f2eb0c6eddd28e0f,MITDB_P232,232,910000000,2,20260929,1,0.8007839918136597,0.6901421546936035,15,V2-002-F02-S20260929,4417c6668930e37bc9f0b71ff70d7ff9762182381c6fc54ae10e2b9c9d229143,MODEL_V1_CV_REFERENCE_V1
30db6a744e6ceec051f58886d85deb46bd062b00d49058478e5bb991ae3762b2,MITDB_P215,215,1765000000,2,20260929,1,-1.0994597673416138,0.2498411387205124,15,V2-002-F02-S20260929,4417c6668930e37bc9f0b71ff70d7ff9762182381c6fc54ae10e2b9c9d229143,MODEL_V1_CV_REFERENCE_V1
30f19d9f1f5da0e451183b119ca038832b00d20941afbc06acb128ad0d671ee0,MITDB_P215,215,1505000000,2,20260929,1,-0.13182085752487183,0.4670924246311188,15,V2-002-F02-S20260929,4417c6668930e37bc9f0b71ff70d7ff9762182381c6fc54ae10e2b9c9d229143,MODEL_V1_CV_REFERENCE_V1
313da2d5e368040cc6fba86bc25b8a59aed62f1465f53454a6e5fcef8cc5010e,MITDB_P232,232,1750000000,2,20260929,1,0.814033567905426,0.6929683685302734,15,V2-002-F02-S20260929,4417c6668930e37bc9f0b71ff70d7ff9762182381c6fc54ae10e2b9c9d229143,MODEL_V1_CV_REFERENCE_V1
313e0277f745b636bdbc93a15cceee307fea9b46272fcdfe660e3b0851d968e3,MITDB_P111,111,660000000,2,20260929,0,-1.6125004291534424,0.16624175012111664,15,V2-002-F02-S20260929,4417c6668930e37bc9f0b71ff70d7ff9762182381c6fc54ae10e2b9c9d229143,MODEL_V1_CV_REFERENCE_V1
315e31e0faa444322c82b4f954e291c7e62324a710bbfb460945b71ed74a7a23,MITDB_P113,113,985000000,2,20260929,0,1.8758388757705688,0.8671324253082275,15,V2-002-F02-S20260929,4417c6668930e37bc9f0b71ff70d7ff9762182381c6fc54ae10e2b9c9d229143,MODEL_V1_CV_REFERENCE_V1
315e843167171265c4dcf1d6f0e5ff9bd514dfe805f90e1eb02d2474000a45ed,MITDB_P232,232,895000000,2,20260929,1,1.063952088356018,0.7434450387954712,15,V2-002-F02-S20260929,4417c6668930e37bc9f0b71ff70d7ff9762182381c6fc54ae10e2b9c9d229143,MODEL_V1_CV_REFERENCE_V1
316af7e1a7a58fcb7c97e5559e40f9d7d49eab86b7244680663f2c6a6500ee83,MITDB_P113,113,70000000,2,20260929,0,1.894054651260376,0.8692171573638916,15,V2-002-F02-S20260929,4417c6668930e37bc9f0b71ff70d7ff9762182381c6fc54ae10e2b9c9d229143,MODEL_V1_CV_REFERENCE_V1
316d5dd341b13976aa3de293f12ebfef6ea943f9fda6087e2f06e7ac0d7a5e00,MITDB_P232,232,1000000000,2,20260929,1,1.0895938873291016,0.7483052611351013,15,V2-002-F02-S20260929,4417c6668930e37bc9f0b71ff70d7ff9762182381c6fc54ae10e2b9c9d229143,MODEL_V1_CV_REFERENCE_V1
316e2bb93a528be7160a627d95cfb8bf5c5303bd172bfb2fddf1e2ac83e2bd7d,MITDB_P215,215,1550000000,2,20260929,0,-4.13439416885376,0.015760008245706558,15,V2-002-F02-S20260929,4417c6668930e37bc9f0b71ff70d7ff9762182381c6fc54ae10e2b9c9d229143,MODEL_V1_CV_REFERENCE_V1
31936212504a43f7bc7aebe5c84437ffbb54a6ce48e6d6e69fd0562309e1f96d,MITDB_P215,215,650000000,2,20260929,1,-1.6240781545639038,0.16464321315288544,15,V2-002-F02-S20260929,4417c6668930e37bc9f0b71ff70d7ff9762182381c6fc54ae10e2b9c9d229143,MODEL_V1_CV_REFERENCE_V1
31a39e800153a79bd6d10545fa6935d9b5fe5679191adbf58f4bc85aca9ed013,MITDB_P232,232,345000000,2,20260929,1,0.8953105807304382,0.7099848985671997,15,V2-002-F02-S20260929,4417c6668930e37bc9f0b71ff70d7ff9762182381c6fc54ae10e2b9c9d229143,MODEL_V1_CV_REFERENCE_V1
31f1db0f9b00207f103be166f56106c6968e67e40989a0c36f4bcf699341c932,MITDB_P215,215,345000000,2,20260929,0,-4.1534881591796875,0.015466551296412945,15,V2-002-F02-S20260929,4417c6668930e37bc9f0b71ff70d7ff9762182381c6fc54ae10e2b9c9d229143,MODEL_V1_CV_REFERENCE_V1
32761277d9762410885033c06cf7a55850a747962cbed6708ecb59aadd5490b8,MITDB_P215,215,155000000,2,20260929,0,-4.594931125640869,0.010001868940889835,15,V2-002-F02-S20260929,4417c6668930e37bc9f0b71ff70d7ff9762182381c6fc54ae10e2b9c9d229143,MODEL_V1_CV_REFERENCE_V1
3288baa773307f5f62acf7c675f4e2bccb29602c503c4c795554042909bd8d79,MITDB_P113,113,1065000000,2,20260929,0,1.7250778675079346,0.8487817049026489,15,V2-002-F02-S20260929,4417c6668930e37bc9f0b71ff70d7ff9762182381c6fc54ae10e2b9c9d229143,MODEL_V1_CV_REFERENCE_V1
32b49e6540c9c16c4958a167bd97fa9db24f9703c955c81d23138b25313f16a6,MITDB_P215,215,1020000000,2,20260929,1,0.6666615605354309,0.6607552170753479,15,V2-002-F02-S20260929,4417c6668930e37bc9f0b71ff70d7ff9762182381c6fc54ae10e2b9c9d229143,MODEL_V1_CV_REFERENCE_V1
33050be41a35e755c90fee851ef54839729d5cb2620478b3280a1cf218ec92a4,MITDB_P220,220,1805000000,2,20260929,0,1.587625503540039,0.8302817344665527,15,V2-002-F02-S20260929,4417c6668930e37bc9f0b71ff70d7ff9762182381c6fc54ae10e2b9c9d229143,MODEL_V1_CV_REFERENCE_V1
33152e4c81fc864d4b90515b96dbaaff94ac721679ed52d4c8d62ac837746ef3,MITDB_P232,232,390000000,2,20260929,1,0.13531744480133057,0.5337778329849243,15,V2-002-F02-S20260929,4417c6668930e37bc9f0b71ff70d7ff9762182381c6fc54ae10e2b9c9d229143,MODEL_V1_CV_REFERENCE_V1
33303bac3efc470f5e2260a683fe6122cc00273275223a7cfb0961bb070b6f5e,MITDB_P111,111,360000000,2,20260929,0,-1.9593709707260132,0.12353513389825821,15,V2-002-F02-S20260929,4417c6668930e37bc9f0b71ff70d7ff9762182381c6fc54ae10e2b9c9d229143,MODEL_V1_CV_REFERENCE_V1
3382c489bb9096626f9169d1d719eb88683aba2a7c6f5ead975e961323b3b670,MITDB_P215,215,1415000000,2,20260929,0,-4.830001354217529,0.007923231460154057,15,V2-002-F02-S20260929,4417c6668930e37bc9f0b71ff70d7ff9762182381c6fc54ae10e2b9c9d229143,MODEL_V1_CV_REFERENCE_V1
33ae7109e939e01d782fff16630864cff689827879288661f0779e1dee7b0066,MITDB_P111,111,940000000,2,20260929,0,-1.54325270652771,0.1760629266500473,15,V2-002-F02-S20260929,4417c6668930e37bc9f0b71ff70d7ff9762182381c6fc54ae10e2b9c9d229143,MODEL_V1_CV_REFERENCE_V1
33bf49a5a476d8c96bc52ea802e624f8ccc97e91c104e047d4e9682ea47f3bf8,MITDB_P113,113,1175000000,2,20260929,0,0.7307409644126892,0.674967885017395,15,V2-002-F02-S20260929,4417c6668930e37bc9f0b71ff70d7ff9762182381c6fc54ae10e2b9c9d229143,MODEL_V1_CV_REFERENCE_V1
33c0fbbc3a574dc95599fa40903d6f29db7ab361402c8fb78577109ea631e50d,MITDB_P220,220,1345000000,2,20260929,0,1.2432899475097656,0.7761361002922058,15,V2-002-F02-S20260929,4417c6668930e37bc9f0b71ff70d7ff9762182381c6fc54ae10e2b9c9d229143,MODEL_V1_CV_REFERENCE_V1
33c78a1a1a1b9770654186a2a6fe02db97c55beca55d462bc06d123bfe05b4d6,MITDB_P113,113,1720000000,2,20260929,0,1.2646002769470215,0.7798169851303101,15,V2-002-F02-S20260929,4417c6668930e37bc9f0b71ff70d7ff9762182381c6fc54ae10e2b9c9d229143,MODEL_V1_CV_REFERENCE_V1
33df77f641ff9a9c22a0a010f78eab336a102baf2dd251c0dbdeea01c8a9c59f,MITDB_P232,232,1260000000,2,20260929,1,0.24641495943069458,0.56129390001297,15,V2-002-F02-S20260929,4417c6668930e37bc9f0b71ff70d7ff9762182381c6fc54ae10e2b9c9d229143,MODEL_V1_CV_REFERENCE_V1
3434af6f64dbfb87965695c4e6294e7ea67a167cdbbf732609524910f380cd3d,MITDB_P220,220,1220000000,2,20260929,1,1.6051647663116455,0.832738995552063,15,V2-002-F02-S20260929,4417c6668930e37bc9f0b71ff70d7ff9762182381c6fc54ae10e2b9c9d229143,MODEL_V1_CV_REFERENCE_V1
345ec3fb3da49309732aeaae6e691575da4262b3f64a8ef34f373d48a9ada28c,MITDB_P220,220,1025000000,2,20260929,1,2.146777391433716,0.8953672647476196,15,V2-002-F02-S20260929,4417c6668930e37bc9f0b71ff70d7ff9762182381c6fc54ae10e2b9c9d229143,MODEL_V1_CV_REFERENCE_V1
3469c892dfe0784a3226cfe673d2b4e5a5db4609437f8365c521553713ddef91,MITDB_P220,220,500000000,2,20260929,0,2.0372445583343506,0.8846523761749268,15,V2-002-F02-S20260929,4417c6668930e37bc9f0b71ff70d7ff9762182381c6fc54ae10e2b9c9d229143,MODEL_V1_CV_REFERENCE_V1
34e7c92653c0d8a59d73727d905797738377df3874ebaa85c51deaa03629ce86,MITDB_P111,111,1080000000,2,20260929,0,-1.2493743896484375,0.22280845046043396,15,V2-002-F02-S20260929,4417c6668930e37bc9f0b71ff70d7ff9762182381c6fc54ae10e2b9c9d229143,MODEL_V1_CV_REFERENCE_V1
3513dc493c822db152e1f9326b2c8f67478acbb76de95518c1b7b6b47a65da90,MITDB_P111,111,780000000,2,20260929,0,-1.3656227588653564,0.2033279836177826,15,V2-002-F02-S20260929,4417c6668930e37bc9f0b71ff70d7ff9762182381c6fc54ae10e2b9c9d229143,MODEL_V1_CV_REFERENCE_V1
351acde8d5dac41c5224fbc189b23346e82a11e35aa43d61e3cf1274c776b6e2,MITDB_P232,232,285000000,2,20260929,1,0.9738303422927856,0.7258822917938232,15,V2-002-F02-S20260929,4417c6668930e37bc9f0b71ff70d7ff9762182381c6fc54ae10e2b9c9d229143,MODEL_V1_CV_REFERENCE_V1
35238e144734634fa924a366d63cdb057d2615a7001ae7b640cc2f2ccca32915,MITDB_P232,232,860000000,2,20260929,1,0.8889360427856445,0.7086705565452576,15,V2-002-F02-S20260929,4417c6668930e37bc9f0b71ff70d7ff9762182381c6fc54ae10e2b9c9d229143,MODEL_V1_CV_REFERENCE_V1
352a2d1cd16f3e0e046fa3948184d037db399f1cc235f93b704701fa375c861b,MITDB_P111,111,1670000000,2,20260929,0,-1.1283552646636963,0.24446474015712738,15,V2-002-F02-S20260929,4417c6668930e37bc9f0b71ff70d7ff9762182381c6fc54ae10e2b9c9d229143,MODEL_V1_CV_REFERENCE_V1
353c43c901e1d969cb56d84c5784201043850badbe922fdf4e53ec9a62786481,MITDB_P232,232,185000000,2,20260929,1,0.5332270264625549,0.630235493183136,15,V2-002-F02-S20260929,4417c6668930e37bc9f0b71ff70d7ff9762182381c6fc54ae10e2b9c9d229143,MODEL_V1_CV_REFERENCE_V1
353f15170f56ba3ac0134f101930617883bcc2de382d1071515ad859e146a924,MITDB_P113,113,735000000,2,20260929,0,0.9035009145736694,0.7116684317588806,15,V2-002-F02-S20260929,4417c6668930e37bc9f0b71ff70d7ff9762182381c6fc54ae10e2b9c9d229143,MODEL_V1_CV_REFERENCE_V1
355d4a6ba697af7269ad1c622139c313e04e6850781ec4c2379dd68bd7f5c18d,MITDB_P111,111,280000000,2,20260929,0,-2.4645400047302246,0.07838174700737,15,V2-002-F02-S20260929,4417c6668930e37bc9f0b71ff70d7ff9762182381c6fc54ae10e2b9c9d229143,MODEL_V1_CV_REFERENCE_V1
35730b94b6fee933231b4f779d9734358a83345d5e63952e4440884b34d1ad1b,MITDB_P232,232,1110000000,2,20260929,1,0.7927798628807068,0.6884278655052185,15,V2-002-F02-S20260929,4417c6668930e37bc9f0b71ff70d7ff9762182381c6fc54ae10e2b9c9d229143,MODEL_V1_CV_REFERENCE_V1
35c16987ce8432d4066851e22e04e1a99b294d81587d7f7db89a25ca8716b21a,MITDB_P113,113,685000000,2,20260929,0,1.450570821762085,0.8100863099098206,15,V2-002-F02-S20260929,4417c6668930e37bc9f0b71ff70d7ff9762182381c6fc54ae10e2b9c9d229143,MODEL_V1_CV_REFERENCE_V1
35fb3e436341f1e27299e20e98670053595305f188704fab9196413d28bf3d5a,MITDB_P113,113,185000000,2,20260929,0,1.5472689867019653,0.8245189785957336,15,V2-002-F02-S20260929,4417c6668930e37bc9f0b71ff70d7ff9762182381c6fc54ae10e2b9c9d229143,MODEL_V1_CV_REFERENCE_V1
362e69c15b29311fd764ed7bd3448213370d413dd9e7faffe7fb305632e0522d,MITDB_P113,113,65000000,2,20260929,0,1.7127765417099,0.8471960425376892,15,V2-002-F02-S20260929,4417c6668930e37bc9f0b71ff70d7ff9762182381c6fc54ae10e2b9c9d229143,MODEL_V1_CV_REFERENCE_V1
363d71fe1692e27a80c8c57563d9f9ed2800ad657a3599b4031b066dfc8f965e,MITDB_P220,220,785000000,2,20260929,0,1.9300636053085327,0.8732564449310303,15,V2-002-F02-S20260929,4417c6668930e37bc9f0b71ff70d7ff9762182381c6fc54ae10e2b9c9d229143,MODEL_V1_CV_REFERENCE_V1
363d952dc8e4631c51bd2b624bbadc2c6f376f6ddb49d5d46151edaae71a7537,MITDB_P220,220,1590000000,2,20260929,0,1.51039719581604,0.8191201090812683,15,V2-002-F02-S20260929,4417c6668930e37bc9f0b71ff70d7ff9762182381c6fc54ae10e2b9c9d229143,MODEL_V1_CV_REFERENCE_V1
363e03319d66c458517cfd7dbedf57f200b9d5c83c5d3c3ede1cdf70c6403b16,MITDB_P215,215,1060000000,2,20260929,1,-1.3720462322235107,0.2022894322872162,15,V2-002-F02-S20260929,4417c6668930e37bc9f0b71ff70d7ff9762182381c6fc54ae10e2b9c9d229143,MODEL_V1_CV_REFERENCE_V1
363f2bc0bec632ce797574bbcf91fb4c4d1ae1c975c87eea5a6547d723dbc43e,MITDB_P215,215,175000000,2,20260929,1,-0.010985858738422394,0.49725356698036194,15,V2-002-F02-S20260929,4417c6668930e37bc9f0b71ff70d7ff9762182381c6fc54ae10e2b9c9d229143,MODEL_V1_CV_REFERENCE_V1
3651b45a3045f7949196f8a2ab8b29cac626a159b64940109718547bb1ea849b,MITDB_P113,113,25000000,2,20260929,1,1.6331721544265747,0.8366037011146545,15,V2-002-F02-S20260929,4417c6668930e37bc9f0b71ff70d7ff9762182381c6fc54ae10e2b9c9d229143,MODEL_V1_CV_REFERENCE_V1
36567f35b7c4101763165fb176217db6da34617f551684f0b48d840bf498a2a6,MITDB_P220,220,190000000,2,20260929,0,2.2605173587799072,0.9055538177490234,15,V2-002-F02-S20260929,4417c6668930e37bc9f0b71ff70d7ff9762182381c6fc54ae10e2b9c9d229143,MODEL_V1_CV_REFERENCE_V1
3658b4fa655373d91be1a78a4673fa9ec8a6923f3edfc4a4ed2219dc2936782b,MITDB_P215,215,970000000,2,20260929,1,-2.608309745788574,0.06860553473234177,15,V2-002-F02-S20260929,4417c6668930e37bc9f0b71ff70d7ff9762182381c6fc54ae10e2b9c9d229143,MODEL_V1_CV_REFERENCE_V1
365cf84605b32b89176ca9ebbb34ee76b1137bbbde3384b1ca95ff39baf665a9,MITDB_P113,113,1540000000,2,20260929,0,0.5066390037536621,0.6240182518959045,15,V2-002-F02-S20260929,4417c6668930e37bc9f0b71ff70d7ff9762182381c6fc54ae10e2b9c9d229143,MODEL_V1_CV_REFERENCE_V1
36bfd1d10b32135ba836fd3d1e6fc20717961c53d137ca0844875f5a3a44dcef,MITDB_P215,215,470000000,2,20260929,0,-3.511207103729248,0.028995031490921974,15,V2-002-F02-S20260929,4417c6668930e37bc9f0b71ff70d7ff9762182381c6fc54ae10e2b9c9d229143,MODEL_V1_CV_REFERENCE_V1
36e31228ac99b3a839496ce394a4d6c19dbcd87aa29c014550e976bc019ce130,MITDB_P232,232,425000000,2,20260929,1,0.467109739780426,0.6146994829177856,15,V2-002-F02-S20260929,4417c6668930e37bc9f0b71ff70d7ff9762182381c6fc54ae10e2b9c9d229143,MODEL_V1_CV_REFERENCE_V1
371d31db461324cba267776fe238525479e4659b760dc6c78a6294bbcea65094,MITDB_P220,220,385000000,2,20260929,0,2.203193426132202,0.9005358815193176,15,V2-002-F02-S20260929,4417c6668930e37bc9f0b71ff70d7ff9762182381c6fc54ae10e2b9c9d229143,MODEL_V1_CV_REFERENCE_V1
372bc6c4b435d9565349699ca61459fd95342d9779204f010ae64ff5f9d84879,MITDB_P111,111,1315000000,2,20260929,0,-2.882288932800293,0.05303606390953064,15,V2-002-F02-S20260929,4417c6668930e37bc9f0b71ff70d7ff9762182381c6fc54ae10e2b9c9d229143,MODEL_V1_CV_REFERENCE_V1
3773b88822120f1b7330685e18b1247f3d8165c7c3215fd0d84a974d3c09c88e,MITDB_P232,232,940000000,2,20260929,1,0.7384372353553772,0.676654040813446,15,V2-002-F02-S20260929,4417c6668930e37bc9f0b71ff70d7ff9762182381c6fc54ae10e2b9c9d229143,MODEL_V1_CV_REFERENCE_V1
37dd44ac18329ad1a989ea0a66e5e2017c9e10fe8f722ad632351c1562ba23a0,MITDB_P113,113,395000000,2,20260929,1,1.5526429414749146,0.825295090675354,15,V2-002-F02-S20260929,4417c6668930e37bc9f0b71ff70d7ff9762182381c6fc54ae10e2b9c9d229143,MODEL_V1_CV_REFERENCE_V1
37e3941b38d31b499e1349b302fb0def265f1adf9aaa0b570d86263df1ff6270,MITDB_P220,220,1715000000,2,20260929,0,1.5175098180770874,0.8201714754104614,15,V2-002-F02-S20260929,4417c6668930e37bc9f0b71ff70d7ff9762182381c6fc54ae10e2b9c9d229143,MODEL_V1_CV_REFERENCE_V1
37e484392a2dde3ff868ce7fd224c1abdfb5bc47874ab46ec9ec5e3135ec8d79,MITDB_P220,220,105000000,2,20260929,0,1.8135638236999512,0.8597919940948486,15,V2-002-F02-S20260929,4417c6668930e37bc9f0b71ff70d7ff9762182381c6fc54ae10e2b9c9d229143,MODEL_V1_CV_REFERENCE_V1
380577ad10e73b81e3ce8eb3bf79b0cd2cc8332dcff86e70567693a7898d1e9d,MITDB_P215,215,915000000,2,20260929,1,-1.4622447490692139,0.18812423944473267,15,V2-002-F02-S20260929,4417c6668930e37bc9f0b71ff70d7ff9762182381c6fc54ae10e2b9c9d229143,MODEL_V1_CV_REFERENCE_V1
3816304b74183cc22f0cb6d3f42734dc6ae02ccb7e8fa3938b00246b1c43994d,MITDB_P232,232,1655000000,2,20260929,1,0.22468522191047668,0.5559362173080444,15,V2-002-F02-S20260929,4417c6668930e37bc9f0b71ff70d7ff9762182381c6fc54ae10e2b9c9d229143,MODEL_V1_CV_REFERENCE_V1
38216687eac3c560901be2df76066add0290e607b88663b1032de0ef11307662,MITDB_P220,220,1260000000,2,20260929,1,1.8854221105575562,0.8682326674461365,15,V2-002-F02-S20260929,4417c6668930e37bc9f0b71ff70d7ff9762182381c6fc54ae10e2b9c9d229143,MODEL_V1_CV_REFERENCE_V1
387b098de9897018c446cac11f3a466166936754cbb5758b362882cda7528dd7,MITDB_P113,113,435000000,2,20260929,0,1.577735185623169,0.8288835287094116,15,V2-002-F02-S20260929,4417c6668930e37bc9f0b71ff70d7ff9762182381c6fc54ae10e2b9c9d229143,MODEL_V1_CV_REFERENCE_V1
3888398fe3a6d8cba48812fbc31677490c3e0b6816569869d46790a75fb81ab4,MITDB_P220,220,1470000000,2,20260929,0,1.528104543685913,0.8217288255691528,15,V2-002-F02-S20260929,4417c6668930e37bc9f0b71ff70d7ff9762182381c6fc54ae10e2b9c9d229143,MODEL_V1_CV_REFERENCE_V1
38a01457f5661639098c5cb4cb275d7a12b9671a33a9865b5f3ea2d67f74466b,MITDB_P232,232,265000000,2,20260929,1,0.271710604429245,0.5675128102302551,15,V2-002-F02-S20260929,4417c6668930e37bc9f0b71ff70d7ff9762182381c6fc54ae10e2b9c9d229143,MODEL_V1_CV_REFERENCE_V1
38a0bf4aec30b0fc59baaf6ea7bb8f568bf86830c5ebfbff4b2069f5c728ec51,MITDB_P232,232,1745000000,2,20260929,1,0.15160667896270752,0.5378292798995972,15,V2-002-F02-S20260929,4417c6668930e37bc9f0b71ff70d7ff9762182381c6fc54ae10e2b9c9d229143,MODEL_V1_CV_REFERENCE_V1
38b247dbd04c9eba5fb43c1c6cc3f3277b120da9dab11f746f41b16165d46311,MITDB_P215,215,580000000,2,20260929,1,-1.6578724384307861,0.16004779934883118,15,V2-002-F02-S20260929,4417c6668930e37bc9f0b71ff70d7ff9762182381c6fc54ae10e2b9c9d229143,MODEL_V1_CV_REFERENCE_V1
38c9a60256b656eb9875be6a59b4b0c322223d92f57e71edf86247cb39fc5206,MITDB_P215,215,630000000,2,20260929,0,-4.206838607788086,0.014674820005893707,15,V2-002-F02-S20260929,4417c6668930e37bc9f0b71ff70d7ff9762182381c6fc54ae10e2b9c9d229143,MODEL_V1_CV_REFERENCE_V1
38e713321dc0d557087f3e3d76643b59705540960a26e1a3c0033330e4aab362,MITDB_P113,113,1515000000,2,20260929,0,0.6040894389152527,0.646591305732727,15,V2-002-F02-S20260929,4417c6668930e37bc9f0b71ff70d7ff9762182381c6fc54ae10e2b9c9d229143,MODEL_V1_CV_REFERENCE_V1
38f62b3587227ef31db7212039d7f12ce5093adf9a32fb846b222400433dcd2d,MITDB_P220,220,590000000,2,20260929,0,2.043055534362793,0.8852440714836121,15,V2-002-F02-S20260929,4417c6668930e37bc9f0b71ff70d7ff9762182381c6fc54ae10e2b9c9d229143,MODEL_V1_CV_REFERENCE_V1
391909b50707f3ba080b2eaf1441d371d9ed798c10e3afd5b9a3cb073d696a59,MITDB_P111,111,1635000000,2,20260929,0,-2.4928102493286133,0.07636374980211258,15,V2-002-F02-S20260929,4417c6668930e37bc9f0b71ff70d7ff9762182381c6fc54ae10e2b9c9d229143,MODEL_V1_CV_REFERENCE_V1
39a4950752809ff332037958da133fa3e34691c97649b279edcb42ef98c02eee,MITDB_P232,232,60000000,2,20260929,1,1.0138293504714966,0.733768880367279,15,V2-002-F02-S20260929,4417c6668930e37bc9f0b71ff70d7ff9762182381c6fc54ae10e2b9c9d229143,MODEL_V1_CV_REFERENCE_V1
39cb97c776f17ea1898807e006d5229fecbf5a0390cdd1effa7bbca00298799a,MITDB_P111,111,795000000,2,20260929,0,-0.4043739140033722,0.40026193857192993,15,V2-002-F02-S20260929,4417c6668930e37bc9f0b71ff70d7ff9762182381c6fc54ae10e2b9c9d229143,MODEL_V1_CV_REFERENCE_V1
3a720a42259178eabfeee3447e935855c8da0308f8ae5dea8ae6f71da6db1654,MITDB_P215,215,1740000000,2,20260929,0,-4.751054286956787,0.00856852438300848,15,V2-002-F02-S20260929,4417c6668930e37bc9f0b71ff70d7ff9762182381c6fc54ae10e2b9c9d229143,MODEL_V1_CV_REFERENCE_V1
3a7753c5f9a7512197a6ac68c75360e6f7a2f8e244127137ba245a73bae08be1,MITDB_P215,215,535000000,2,20260929,1,0.9117240905761719,0.7133528590202332,15,V2-002-F02-S20260929,4417c6668930e37bc9f0b71ff70d7ff9762182381c6fc54ae10e2b9c9d229143,MODEL_V1_CV_REFERENCE_V1
3a826decba91febeab8f127329fea180b9cb08bf2e6bab050b9a30a7d3f2ad5f,MITDB_P215,215,1225000000,2,20260929,1,-1.803510069847107,0.14142432808876038,15,V2-002-F02-S20260929,4417c6668930e37bc9f0b71ff70d7ff9762182381c6fc54ae10e2b9c9d229143,MODEL_V1_CV_REFERENCE_V1
3ab7a1fb494a22e95555c3ced8783b2c3f5d080beacaabf9e3bc43837aefa4d1,MITDB_P232,232,230000000,2,20260929,1,0.4209672510623932,0.603714644908905,15,V2-002-F02-S20260929,4417c6668930e37bc9f0b71ff70d7ff9762182381c6fc54ae10e2b9c9d229143,MODEL_V1_CV_REFERENCE_V1
3b04f322268e241227445c53e4cd19ab83310c666148d36b0e624f80158c10db,MITDB_P232,232,670000000,2,20260929,1,0.11848735064268112,0.5295872688293457,15,V2-002-F02-S20260929,4417c6668930e37bc9f0b71ff70d7ff9762182381c6fc54ae10e2b9c9d229143,MODEL_V1_CV_REFERENCE_V1
3b4e3dc1c8155490028f60cb5e809aeb2a32d45bcb4360c42e047cf4854f5eae,MITDB_P113,113,1205000000,2,20260929,0,2.3719377517700195,0.91466224193573,15,V2-002-F02-S20260929,4417c6668930e37bc9f0b71ff70d7ff9762182381c6fc54ae10e2b9c9d229143,MODEL_V1_CV_REFERENCE_V1
3b6daa76eeed2816f1e5573f45bd06c013eb21482607886ea2cd08a7e1adb2d1,MITDB_P232,232,50000000,2,20260929,1,0.8074340224266052,0.6915624141693115,15,V2-002-F02-S20260929,4417c6668930e37bc9f0b71ff70d7ff9762182381c6fc54ae10e2b9c9d229143,MODEL_V1_CV_REFERENCE_V1
3bac91a9a0d6781b973f1730db5a340532dffe96ed5b01859559102fb7bb31ff,MITDB_P215,215,1205000000,2,20260929,1,-2.0335793495178223,0.11572213470935822,15,V2-002-F02-S20260929,4417c6668930e37bc9f0b71ff70d7ff9762182381c6fc54ae10e2b9c9d229143,MODEL_V1_CV_REFERENCE_V1
3bd79a80ef43e7c8e26b32dc82376a174a9adaf6831723bff83e8fa2749d5e52,MITDB_P113,113,1135000000,2,20260929,0,1.6711903810501099,0.8417344689369202,15,V2-002-F02-S20260929,4417c6668930e37bc9f0b71ff70d7ff9762182381c6fc54ae10e2b9c9d229143,MODEL_V1_CV_REFERENCE_V1
3c4d78b73e8a3c09824ff8a06a18d4c2949ccbfe174d531de8a49487d14509d1,MITDB_P111,111,1190000000,2,20260929,0,-1.6942212581634521,0.15522150695323944,15,V2-002-F02-S20260929,4417c6668930e37bc9f0b71ff70d7ff9762182381c6fc54ae10e2b9c9d229143,MODEL_V1_CV_REFERENCE_V1
3c4e611b5b55111c3e5bd27abefdacb3c159c3f476c9d45a99c62d754bccaf1b,MITDB_P220,220,1785000000,2,20260929,0,1.3470615148544312,0.7936488389968872,15,V2-002-F02-S20260929,4417c6668930e37bc9f0b71ff70d7ff9762182381c6fc54ae10e2b9c9d229143,MODEL_V1_CV_REFERENCE_V1
3c4fc8ea4ae25e1772a33b05ad098b332c1474f537de96df372e76c4d405d7f6,MITDB_P232,232,1040000000,2,20260929,1,0.9556732773780823,0.7222546339035034,15,V2-002-F02-S20260929,4417c6668930e37bc9f0b71ff70d7ff9762182381c6fc54ae10e2b9c9d229143,MODEL_V1_CV_REFERENCE_V1
3c669e42fe3cce595e7eda0b9c30f2d064905ab57a17a05114ccc9b6d34a54fc,MITDB_P215,215,90000000,2,20260929,1,-2.1288821697235107,0.10632115602493286,15,V2-002-F02-S20260929,4417c6668930e37bc9f0b71ff70d7ff9762182381c6fc54ae10e2b9c9d229143,MODEL_V1_CV_REFERENCE_V1
3c73ae76236ed7d253e9f213ce67ce479e4aa5fb4920880327729b1efd10204b,MITDB_P113,113,770000000,2,20260929,0,1.6909127235412598,0.8443441390991211,15,V2-002-F02-S20260929,4417c6668930e37bc9f0b71ff70d7ff9762182381c6fc54ae10e2b9c9d229143,MODEL_V1_CV_REFERENCE_V1
3cb95e2faa303d9f8150a2ef4add7963312de0ead62b67bba0b814c3b1d464d4,MITDB_P111,111,485000000,2,20260929,0,-0.6320592761039734,0.3470437526702881,15,V2-002-F02-S20260929,4417c6668930e37bc9f0b71ff70d7ff9762182381c6fc54ae10e2b9c9d229143,MODEL_V1_CV_REFERENCE_V1
3cc229ffee9ad44d73299fad3e6b9ca625bdd736b3ff8d897c98bdc4d5b68828,MITDB_P232,232,1475000000,2,20260929,1,0.5150455236434937,0.6259885430335999,15,V2-002-F02-S20260929,4417c6668930e37bc9f0b71ff70d7ff9762182381c6fc54ae10e2b9c9d229143,MODEL_V1_CV_REFERENCE_V1
3d362c577f5fdf907fe7744fc46ecd3e84a47f4a72e66bdd1ab4225fb23ca123,MITDB_P215,215,745000000,2,20260929,1,-2.2987418174743652,0.0912272110581398,15,V2-002-F02-S20260929,4417c6668930e37bc9f0b71ff70d7ff9762182381c6fc54ae10e2b9c9d229143,MODEL_V1_CV_REFERENCE_V1
3d40a18de5d8735751f2e568a41405c47e91d4704ce4e0b7019fa112ee44c6f7,MITDB_P113,113,650000000,2,20260929,0,1.4011536836624146,0.8023669123649597,15,V2-002-F02-S20260929,4417c6668930e37bc9f0b71ff70d7ff9762182381c6fc54ae10e2b9c9d229143,MODEL_V1_CV_REFERENCE_V1
3d43fff9afe2472b34cfe973bb6e8e1c77ffe381939b8aa2e0533fb1472ad8e4,MITDB_P111,111,1065000000,2,20260929,0,-2.1692185401916504,0.10254892706871033,15,V2-002-F02-S20260929,4417c6668930e37bc9f0b71ff70d7ff9762182381c6fc54ae10e2b9c9d229143,MODEL_V1_CV_REFERENCE_V1
3d49001dc209dc2970bbf1ca61cf8e2aad8e445c2a89859a1fece3e4eb9b51d6,MITDB_P113,113,1685000000,2,20260929,0,0.9986340403556824,0.7307898998260498,15,V2-002-F02-S20260929,4417c6668930e37bc9f0b71ff70d7ff9762182381c6fc54ae10e2b9c9d229143,MODEL_V1_CV_REFERENCE_V1
3dcf36e84ea8f5e921662e017c1d6980e392fc81a5c9bd1542e6341fdd904458,MITDB_P232,232,1225000000,2,20260929,1,0.308204710483551,0.5764470100402832,15,V2-002-F02-S20260929,4417c6668930e37bc9f0b71ff70d7ff9762182381c6fc54ae10e2b9c9d229143,MODEL_V1_CV_REFERENCE_V1
3e0adf48c00130731d6ecf0668da6a9d76febca3254c82577e353176df7e6351,MITDB_P232,232,1030000000,2,20260929,1,0.5816220641136169,0.6414405107498169,15,V2-002-F02-S20260929,4417c6668930e37bc9f0b71ff70d7ff9762182381c6fc54ae10e2b9c9d229143,MODEL_V1_CV_REFERENCE_V1
3e4471bd434a5f7eafc4784cab0970d421638c62879bcbc8df422f8d3763e466,MITDB_P220,220,965000000,2,20260929,0,1.938597559928894,0.8741979598999023,15,V2-002-F02-S20260929,4417c6668930e37bc9f0b71ff70d7ff9762182381c6fc54ae10e2b9c9d229143,MODEL_V1_CV_REFERENCE_V1
3e518be3d4fb9c333765ede3f4296618e91a05b851122c75ec946c8395557396,MITDB_P113,113,120000000,2,20260929,0,1.708317518234253,0.8466179370880127,15,V2-002-F02-S20260929,4417c6668930e37bc9f0b71ff70d7ff9762182381c6fc54ae10e2b9c9d229143,MODEL_V1_CV_REFERENCE_V1
3e6492877a0d9f9d17f8108050bbdedc6cc76e9f1f4b2576091663f6dc52db2b,MITDB_P113,113,535000000,2,20260929,0,1.7594331502914429,0.8531386852264404,15,V2-002-F02-S20260929,4417c6668930e37bc9f0b71ff70d7ff9762182381c6fc54ae10e2b9c9d229143,MODEL_V1_CV_REFERENCE_V1
3e778bbb1554c31420efa54c06cc6a6ebf90b59735a856f0cd7fd88c8226ef20,MITDB_P215,215,55000000,2,20260929,1,-0.031327374279499054,0.4921688139438629,15,V2-002-F02-S20260929,4417c6668930e37bc9f0b71ff70d7ff9762182381c6fc54ae10e2b9c9d229143,MODEL_V1_CV_REFERENCE_V1
3ec399514f9de2c78dc442b2618b0d8c6fdc6d14710072d66c8ca1299a5054b3,MITDB_P111,111,1000000000,2,20260929,0,-3.0855519771575928,0.043707169592380524,15,V2-002-F02-S20260929,4417c6668930e37bc9f0b71ff70d7ff9762182381c6fc54ae10e2b9c9d229143,MODEL_V1_CV_REFERENCE_V1
3ed57faf46ed892ab87413a43a6623cae84ef46ffa01a5d5235c2068f7130d1e,MITDB_P111,111,1015000000,2,20260929,0,-3.085643768310547,0.04370333254337311,15,V2-002-F02-S20260929,4417c6668930e37bc9f0b71ff70d7ff9762182381c6fc54ae10e2b9c9d229143,MODEL_V1_CV_REFERENCE_V1
3f118d58b354bede5d6967443e326541799be829c897b70faa86dbb44827fc2c,MITDB_P215,215,1595000000,2,20260929,1,-0.9267838001251221,0.28357768058776855,15,V2-002-F02-S20260929,4417c6668930e37bc9f0b71ff70d7ff9762182381c6fc54ae10e2b9c9d229143,MODEL_V1_CV_REFERENCE_V1
3f404cae627f28d658dc3e21c31d4edb04da5b24118dee4728e48eb3d6d5ac26,MITDB_P113,113,1020000000,2,20260929,0,0.6914876103401184,0.6662977933883667,15,V2-002-F02-S20260929,4417c6668930e37bc9f0b71ff70d7ff9762182381c6fc54ae10e2b9c9d229143,MODEL_V1_CV_REFERENCE_V1
3f65429f42f0362cecf7a16f83c5ed7e25dc467e242256f151dd4a9d0f9305d7,MITDB_P113,113,1105000000,2,20260929,0,1.4238779544830322,0.805945634841919,15,V2-002-F02-S20260929,4417c6668930e37bc9f0b71ff70d7ff9762182381c6fc54ae10e2b9c9d229143,MODEL_V1_CV_REFERENCE_V1
3fab1cb7657c3b3e31a09b7c4ec031705a53e1c6db00488ae1393f18c85458b4,MITDB_P111,111,1310000000,2,20260929,0,-2.7169013023376465,0.0619833841919899,15,V2-002-F02-S20260929,4417c6668930e37bc9f0b71ff70d7ff9762182381c6fc54ae10e2b9c9d229143,MODEL_V1_CV_REFERENCE_V1
3fc03a5be23938e16eb4bb85ca898cddf14935b3e2cff49a121fef53b7fa4eb8,MITDB_P220,220,370000000,2,20260929,0,1.9793682098388672,0.8786137700080872,15,V2-002-F02-S20260929,4417c6668930e37bc9f0b71ff70d7ff9762182381c6fc54ae10e2b9c9d229143,MODEL_V1_CV_REFERENCE_V1
3ffb2539d786705d8a5ebe5b0cc759b582e2423bdb6661fe49385e44b09defeb,MITDB_P111,111,450000000,2,20260929,0,-1.3351459503173828,0.20830944180488586,15,V2-002-F02-S20260929,4417c6668930e37bc9f0b71ff70d7ff9762182381c6fc54ae10e2b9c9d229143,MODEL_V1_CV_REFERENCE_V1
403178e252dac94e7af7c1779cf944d377e2b3f313643c2cc46edabd5debe9ca,MITDB_P232,232,1535000000,2,20260929,1,0.327120304107666,0.5810585618019104,15,V2-002-F02-S20260929,4417c6668930e37bc9f0b71ff70d7ff9762182381c6fc54ae10e2b9c9d229143,MODEL_V1_CV_REFERENCE_V1
40441db6d30631086044227280eb220a81b372854e5b3759a572682424cc6ae4,MITDB_P232,232,1290000000,2,20260929,1,0.36879539489746094,0.5911678671836853,15,V2-002-F02-S20260929,4417c6668930e37bc9f0b71ff70d7ff9762182381c6fc54ae10e2b9c9d229143,MODEL_V1_CV_REFERENCE_V1
405e3b1a4b009944a95e1797bfa201fd1355519ddd6977afad463001c7b61b46,MITDB_P215,215,1265000000,2,20260929,1,-2.99031662940979,0.047865260392427444,15,V2-002-F02-S20260929,4417c6668930e37bc9f0b71ff70d7ff9762182381c6fc54ae10e2b9c9d229143,MODEL_V1_CV_REFERENCE_V1
4075061906a504dadf0ed58b34642bd67698e41ccac5ee92a685fcc882654ff1,MITDB_P220,220,175000000,2,20260929,0,2.0279908180236816,0.8837047219276428,15,V2-002-F02-S20260929,4417c6668930e37bc9f0b71ff70d7ff9762182381c6fc54ae10e2b9c9d229143,MODEL_V1_CV_REFERENCE_V1
408589b7b01e3a62156d59b46da772e0c7f3415b282a1069a1f9963ff2c5eaf7,MITDB_P111,111,1595000000,2,20260929,0,-2.506032943725586,0.07543633133172989,15,V2-002-F02-S20260929,4417c6668930e37bc9f0b71ff70d7ff9762182381c6fc54ae10e2b9c9d229143,MODEL_V1_CV_REFERENCE_V1
40b87e3e6d829636ffe1b66a09bf16e7a80bcd51d900bcfd6bca68648a6f6a87,MITDB_P232,232,305000000,2,20260929,1,-0.018447794020175934,0.4953881800174713,15,V2-002-F02-S20260929,4417c6668930e37bc9f0b71ff70d7ff9762182381c6fc54ae10e2b9c9d229143,MODEL_V1_CV_REFERENCE_V1
40cec0c05d3164e8b8021eda5bf7247475b154a85e017e28fcf111b9201646fa,MITDB_P220,220,195000000,2,20260929,0,2.0670108795166016,0.8876551985740662,15,V2-002-F02-S20260929,4417c6668930e37bc9f0b71ff70d7ff9762182381c6fc54ae10e2b9c9d229143,MODEL_V1_CV_REFERENCE_V1
40e05cf39d1669d22da1231da2c97bad589187846d10159e510485f72a4a8a17,MITDB_P232,232,1430000000,2,20260929,1,0.3348352611064911,0.5829353928565979,15,V2-002-F02-S20260929,4417c6668930e37bc9f0b71ff70d7ff9762182381c6fc54ae10e2b9c9d229143,MODEL_V1_CV_REFERENCE_V1
40e7e76a3fa14d90f6e7eabe97352dd925f2940da0c0853dfaf85d81bc8b5917,MITDB_P220,220,555000000,2,20260929,0,2.0903189182281494,0.8899586796760559,15,V2-002-F02-S20260929,4417c6668930e37bc9f0b71ff70d7ff9762182381c6fc54ae10e2b9c9d229143,MODEL_V1_CV_REFERENCE_V1
4120a0481be97a057f6ff2ed993a3353914e081730aa5dae6f06c01ac80d737d,MITDB_P113,113,480000000,2,20260929,0,1.6264128684997559,0.8356776237487793,15,V2-002-F02-S20260929,4417c6668930e37bc9f0b71ff70d7ff9762182381c6fc54ae10e2b9c9d229143,MODEL_V1_CV_REFERENCE_V1
412b964e136fa2d97e82cf81c0c5d7bed593271cfce280c42a38e5b43e089b18,MITDB_P232,232,140000000,2,20260929,1,0.6145700812339783,0.6489826440811157,15,V2-002-F02-S20260929,4417c6668930e37bc9f0b71ff70d7ff9762182381c6fc54ae10e2b9c9d229143,MODEL_V1_CV_REFERENCE_V1
4166f93674e83d36e13febc610486d67a28bcae402ebaa4c5be6d883c5cb9a00,MITDB_P232,232,535000000,2,20260929,1,0.2812248468399048,0.5698464512825012,15,V2-002-F02-S20260929,4417c6668930e37bc9f0b71ff70d7ff9762182381c6fc54ae10e2b9c9d229143,MODEL_V1_CV_REFERENCE_V1
41964358dccdf9ace85b0f7a4146746f5b88cda24e3962ec7c99a29b5e1d13d2,MITDB_P220,220,805000000,2,20260929,0,1.9283379316329956,0.8730652928352356,15,V2-002-F02-S20260929,4417c6668930e37bc9f0b71ff70d7ff9762182381c6fc54ae10e2b9c9d229143,MODEL_V1_CV_REFERENCE_V1
41c80032d51c5a258c7974a7f60e9541aece11acf5e6d646d249bb734a2261fa,MITDB_P220,220,170000000,2,20260929,0,2.145404100418091,0.8952385187149048,15,V2-002-F02-S20260929,4417c6668930e37bc9f0b71ff70d7ff9762182381c6fc54ae10e2b9c9d229143,MODEL_V1_CV_REFERENCE_V1
42002ae915fb158556dc2547c8737e52fd6c18e440012cab3bf3c28b1927f479,MITDB_P113,113,1200000000,2,20260929,0,2.2843308448791504,0.907571017742157,15,V2-002-F02-S20260929,4417c6668930e37bc9f0b71ff70d7ff9762182381c6fc54ae10e2b9c9d229143,MODEL_V1_CV_REFERENCE_V1
4211c6c5df986eb81fc6ff11ee88b0d84ce4f09553050721b62648ebf666bda5,MITDB_P220,220,640000000,2,20260929,1,1.546019434928894,0.8243380784988403,15,V2-002-F02-S20260929,4417c6668930e37bc9f0b71ff70d7ff9762182381c6fc54ae10e2b9c9d229143,MODEL_V1_CV_REFERENCE_V1
424998a4e4fc52fe42cef605cef56860479a3b898f9000de769e1ad453b3dadb,MITDB_P215,215,295000000,2,20260929,1,-4.030580043792725,0.01745397038757801,15,V2-002-F02-S20260929,4417c6668930e37bc9f0b71ff70d7ff9762182381c6fc54ae10e2b9c9d229143,MODEL_V1_CV_REFERENCE_V1
4274db3181274ce830e5b7a205b38c66f95b9df31276e39778135ae7de329581,MITDB_P111,111,1165000000,2,20260929,0,-1.5248119831085205,0.1787540167570114,15,V2-002-F02-S20260929,4417c6668930e37bc9f0b71ff70d7ff9762182381c6fc54ae10e2b9c9d229143,MODEL_V1_CV_REFERENCE_V1
42770291503f7db397bee390c638cbb172a8c21a02ec9d2e68b51e7fc9cc8427,MITDB_P113,113,1005000000,2,20260929,0,2.1525158882141113,0.8959035873413086,15,V2-002-F02-S20260929,4417c6668930e37bc9f0b71ff70d7ff9762182381c6fc54ae10e2b9c9d229143,MODEL_V1_CV_REFERENCE_V1
42a0b989f4fca9c92d38f47aa20539e25f61ee1f90f86dbf42006250d8d68ba4,MITDB_P111,111,1545000000,2,20260929,0,-1.644423246383667,0.16186410188674927,15,V2-002-F02-S20260929,4417c6668930e37bc9f0b71ff70d7ff9762182381c6fc54ae10e2b9c9d229143,MODEL_V1_CV_REFERENCE_V1
42b3479d54326c197bb7bda553a41a688703dd96771d6e22998ac4e71d62f19d,MITDB_P220,220,25000000,2,20260929,0,2.013853073120117,0.8822439312934875,15,V2-002-F02-S20260929,4417c6668930e37bc9f0b71ff70d7ff9762182381c6fc54ae10e2b9c9d229143,MODEL_V1_CV_REFERENCE_V1
42f85e5417351f3bdad46a7128aec33ad420d6261675a19d002ce6c3f551debd,MITDB_P220,220,1245000000,2,20260929,1,1.6635713577270508,0.8407168388366699,15,V2-002-F02-S20260929,4417c6668930e37bc9f0b71ff70d7ff9762182381c6fc54ae10e2b9c9d229143,MODEL_V1_CV_REFERENCE_V1
42fb11f38846d8cdf8d2b123945597b3667f5a21dca546e9c2c29368b67223b2,MITDB_P111,111,25000000,2,20260929,0,-2.3749332427978516,0.08510424196720123,15,V2-002-F02-S20260929,4417c6668930e37bc9f0b71ff70d7ff9762182381c6fc54ae10e2b9c9d229143,MODEL_V1_CV_REFERENCE_V1
4338a77013f1fe087a1520135f87bd8873ff09cbc73f9d3721de3ce56e8ccff0,MITDB_P220,220,560000000,2,20260929,1,2.2106635570526123,0.9012030363082886,15,V2-002-F02-S20260929,4417c6668930e37bc9f0b71ff70d7ff9762182381c6fc54ae10e2b9c9d229143,MODEL_V1_CV_REFERENCE_V1
4346bbcca6ba675a261a97a523103fc8b9fcb9af14d4cf3e2b854c107b9e2df4,MITDB_P111,111,1420000000,2,20260929,0,-2.4229018688201904,0.08144290000200272,15,V2-002-F02-S20260929,4417c6668930e37bc9f0b71ff70d7ff9762182381c6fc54ae10e2b9c9d229143,MODEL_V1_CV_REFERENCE_V1
435697788e6c93f992e409e368efe0e579faa2679a1bd6d48a2fcacb2276258e,MITDB_P220,220,220000000,2,20260929,0,2.144162893295288,0.8951221108436584,15,V2-002-F02-S20260929,4417c6668930e37bc9f0b71ff70d7ff9762182381c6fc54ae10e2b9c9d229143,MODEL_V1_CV_REFERENCE_V1
4370147da1dc0d392b632b796fa3d7a7c0723d9d1821e23e50264b48499774ef,MITDB_P220,220,580000000,2,20260929,0,2.223012924194336,0.9022971391677856,15,V2-002-F02-S20260929,4417c6668930e37bc9f0b71ff70d7ff9762182381c6fc54ae10e2b9c9d229143,MODEL_V1_CV_REFERENCE_V1
4371c26020da4641b6581eec8e70be41eaf073de0bf9c553584d68f587cd8264,MITDB_P111,111,1175000000,2,20260929,0,-1.8273863792419434,0.13854992389678955,15,V2-002-F02-S20260929,4417c6668930e37bc9f0b71ff70d7ff9762182381c6fc54ae10e2b9c9d229143,MODEL_V1_CV_REFERENCE_V1
439321b5bfb4c4a3aa697f21f07bff04e14783561f7a327b67915db5455cb752,MITDB_P215,215,1490000000,2,20260929,1,-0.7749454975128174,0.3154102563858032,15,V2-002-F02-S20260929,4417c6668930e37bc9f0b71ff70d7ff9762182381c6fc54ae10e2b9c9d229143,MODEL_V1_CV_REFERENCE_V1
43b45df3e578477c2159135f101ca279dec95a6d2ce0481d4e245b5c52d7ec5b,MITDB_P111,111,1805000000,2,20260929,0,-1.0498056411743164,0.25926244258880615,15,V2-002-F02-S20260929,4417c6668930e37bc9f0b71ff70d7ff9762182381c6fc54ae10e2b9c9d229143,MODEL_V1_CV_REFERENCE_V1
43b7f59dd9e32e4e127e4afe1eca73e70df4d320499b4b886993ee38efe97123,MITDB_P113,113,245000000,2,20260929,0,1.572790503501892,0.8281810879707336,15,V2-002-F02-S20260929,4417c6668930e37bc9f0b71ff70d7ff9762182381c6fc54ae10e2b9c9d229143,MODEL_V1_CV_REFERENCE_V1
43c6e663b9af282078f479377edc9c9d3cd639a49130d4befcfd8095fb581d23,MITDB_P111,111,1570000000,2,20260929,0,-1.9168477058410645,0.12821350991725922,15,V2-002-F02-S20260929,4417c6668930e37bc9f0b71ff70d7ff9762182381c6fc54ae10e2b9c9d229143,MODEL_V1_CV_REFERENCE_V1
43cd521c77c6146a8ff6e7065cf12f53ec991b0566ead2021d7e2a5d1e90bf7d,MITDB_P220,220,1145000000,2,20260929,0,1.8542035818099976,0.8646199107170105,15,V2-002-F02-S20260929,4417c6668930e37bc9f0b71ff70d7ff9762182381c6fc54ae10e2b9c9d229143,MODEL_V1_CV_REFERENCE_V1
43f1138da98832899d2b4dbf6e8c6ac075c26f3084e430304907aeeeeadfea08,MITDB_P113,113,190000000,2,20260929,0,1.412745714187622,0.8041986227035522,15,V2-002-F02-S20260929,4417c6668930e37bc9f0b71ff70d7ff9762182381c6fc54ae10e2b9c9d229143,MODEL_V1_CV_REFERENCE_V1
442e6c45da069dc0b8c6abfc80ed257f148fa3dbecf487d0a2753675277a9489,MITDB_P113,113,330000000,2,20260929,0,1.3989461660385132,0.8020166158676147,15,V2-002-F02-S20260929,4417c6668930e37bc9f0b71ff70d7ff9762182381c6fc54ae10e2b9c9d229143,MODEL_V1_CV_REFERENCE_V1
4435c2da8e5eb7d2a841e47bebb572159fb8ad665c9a21cbe008337e72cb44ab,MITDB_P113,113,1395000000,2,20260929,0,1.517884612083435,0.8202267289161682,15,V2-002-F02-S20260929,4417c6668930e37bc9f0b71ff70d7ff9762182381c6fc54ae10e2b9c9d229143,MODEL_V1_CV_REFERENCE_V1
448a35a0cb78e2c110f835f939d5f256332dc4470ff73d3ed69f73cd79070aa1,MITDB_P232,232,1220000000,2,20260929,1,0.21043431758880615,0.5524153113365173,15,V2-002-F02-S20260929,4417c6668930e37bc9f0b71ff70d7ff9762182381c6fc54ae10e2b9c9d229143,MODEL_V1_CV_REFERENCE_V1
449aa5ed0d82f7e5fb6e7e45b58ac37db4f5a24d69eeafc47dc8b0f438f13a39,MITDB_P220,220,780000000,2,20260929,0,2.031573534011841,0.8840724229812622,15,V2-002-F02-S20260929,4417c6668930e37bc9f0b71ff70d7ff9762182381c6fc54ae10e2b9c9d229143,MODEL_V1_CV_REFERENCE_V1
44c784a97f9b7619bbc9ddbf8b07b4603b989cc5858170cca5a73f06195e0f3f,MITDB_P215,215,195000000,2,20260929,0,-1.797753095626831,0.14212480187416077,15,V2-002-F02-S20260929,4417c6668930e37bc9f0b71ff70d7ff9762182381c6fc54ae10e2b9c9d229143,MODEL_V1_CV_REFERENCE_V1
44df780da34a4dfa0c98b9de514298dae8e0c1d8b4f75dbfc2a5e616d1274057,MITDB_P113,113,1120000000,2,20260929,0,1.6137771606445312,0.8339351415634155,15,V2-002-F02-S20260929,4417c6668930e37bc9f0b71ff70d7ff9762182381c6fc54ae10e2b9c9d229143,MODEL_V1_CV_REFERENCE_V1
451e2b7dfe2ece530d7aa2f8633b52f924ecf37d4d4e6edd653bdc5902309775,MITDB_P220,220,335000000,2,20260929,1,1.869988203048706,0.866456925868988,15,V2-002-F02-S20260929,4417c6668930e37bc9f0b71ff70d7ff9762182381c6fc54ae10e2b9c9d229143,MODEL_V1_CV_REFERENCE_V1
4538d13b55153306b5cea227ab6d62f65bb537546b82a082c604232e928811d5,MITDB_P220,220,760000000,2,20260929,0,1.7552344799041748,0.852611780166626,15,V2-002-F02-S20260929,4417c6668930e37bc9f0b71ff70d7ff9762182381c6fc54ae10e2b9c9d229143,MODEL_V1_CV_REFERENCE_V1
45ef03002e0bb1effb1200b310d62e88a443347b44c5c09d348ae453d0ecfa93,MITDB_P232,232,1755000000,2,20260929,1,0.5825967788696289,0.6416646838188171,15,V2-002-F02-S20260929,4417c6668930e37bc9f0b71ff70d7ff9762182381c6fc54ae10e2b9c9d229143,MODEL_V1_CV_REFERENCE_V1
460083fb7e1d3d1fb60561399144116c8765b0ab810a5610db3ce163e6c76ac2,MITDB_P113,113,370000000,2,20260929,0,1.8481390476226807,0.8639084696769714,15,V2-002-F02-S20260929,4417c6668930e37bc9f0b71ff70d7ff9762182381c6fc54ae10e2b9c9d229143,MODEL_V1_CV_REFERENCE_V1
46457cc56a84b5017afe8a93b03087330767ea8dd2a561726b40ccbbcaa4240c,MITDB_P232,232,1690000000,2,20260929,1,0.13077381253242493,0.5326469540596008,15,V2-002-F02-S20260929,4417c6668930e37bc9f0b71ff70d7ff9762182381c6fc54ae10e2b9c9d229143,MODEL_V1_CV_REFERENCE_V1
46565bddba443deeb76adee2e3b621b0e9d7715a5fec827492e4265882ce6d1d,MITDB_P220,220,1225000000,2,20260929,1,1.7336856126785278,0.8498832583427429,15,V2-002-F02-S20260929,4417c6668930e37bc9f0b71ff70d7ff9762182381c6fc54ae10e2b9c9d229143,MODEL_V1_CV_REFERENCE_V1
468c73dfa0af33e8b3195023a740dab76e37e8dcf393ef464e15ad3212d21e16,MITDB_P215,215,1335000000,2,20260929,1,-2.0216445922851562,0.11694904416799545,15,V2-002-F02-S20260929,4417c6668930e37bc9f0b71ff70d7ff9762182381c6fc54ae10e2b9c9d229143,MODEL_V1_CV_REFERENCE_V1
46b25f510a439ad857baf4ca1765d84b991184f129e7c070c4a95bea15610721,MITDB_P215,215,1005000000,2,20260929,0,-4.688831806182861,0.00911360327154398,15,V2-002-F02-S20260929,4417c6668930e37bc9f0b71ff70d7ff9762182381c6fc54ae10e2b9c9d229143,MODEL_V1_CV_REFERENCE_V1
471f9f8b5cc16669943fb35a01ceac2cd18322178d98f6af8bbfdc3ad3f06673,MITDB_P232,232,120000000,2,20260929,1,0.2935997545719147,0.5728771686553955,15,V2-002-F02-S20260929,4417c6668930e37bc9f0b71ff70d7ff9762182381c6fc54ae10e2b9c9d229143,MODEL_V1_CV_REFERENCE_V1
4767340ec549e75020394c58c1ee14741d9886bc6b908fdaefac3a0b28cbfdf9,MITDB_P215,215,200000000,2,20260929,1,-0.2286432385444641,0.4430868923664093,15,V2-002-F02-S20260929,4417c6668930e37bc9f0b71ff70d7ff9762182381c6fc54ae10e2b9c9d229143,MODEL_V1_CV_REFERENCE_V1
47736c991d63ffbbf8a40f01e05000d3fb32a7b6cb03bda170c1fa642d21feab,MITDB_P111,111,135000000,2,20260929,0,-1.8341608047485352,0.13774335384368896,15,V2-002-F02-S20260929,4417c6668930e37bc9f0b71ff70d7ff9762182381c6fc54ae10e2b9c9d229143,MODEL_V1_CV_REFERENCE_V1
47bf7cb298e1f6b96c08783d0429612331b572fa6833b22eebfbb18275ffe1f5,MITDB_P220,220,890000000,2,20260929,0,2.196441173553467,0.8999294638633728,15,V2-002-F02-S20260929,4417c6668930e37bc9f0b71ff70d7ff9762182381c6fc54ae10e2b9c9d229143,MODEL_V1_CV_REFERENCE_V1
47ebf3d6a7858411e938b984cb49cc8d4d0cbf61262ccd5364eb56ecef2ba99c,MITDB_P220,220,1340000000,2,20260929,0,1.3658052682876587,0.7967016100883484,15,V2-002-F02-S20260929,4417c6668930e37bc9f0b71ff70d7ff9762182381c6fc54ae10e2b9c9d229143,MODEL_V1_CV_REFERENCE_V1
47f4e9baeca9e6434b821f270b3fa32e9a5cf2fcf75b8d9bb5ad7dca181c9dc9,MITDB_P220,220,65000000,2,20260929,0,1.7094132900238037,0.8467601537704468,15,V2-002-F02-S20260929,4417c6668930e37bc9f0b71ff70d7ff9762182381c6fc54ae10e2b9c9d229143,MODEL_V1_CV_REFERENCE_V1
48261cc002a448add196f6c7f9a75ff35f01593520a2b44593727d4638134662,MITDB_P111,111,435000000,2,20260929,0,-1.1145819425582886,0.24701765179634094,15,V2-002-F02-S20260929,4417c6668930e37bc9f0b71ff70d7ff9762182381c6fc54ae10e2b9c9d229143,MODEL_V1_CV_REFERENCE_V1
4854f2872052e33e21d12f99ce390bd5f28a8be7e06ef03d84a04c59b8055d8f,MITDB_P113,113,315000000,2,20260929,0,1.3898284435272217,0.8005648255348206,15,V2-002-F02-S20260929,4417c6668930e37bc9f0b71ff70d7ff9762182381c6fc54ae10e2b9c9d229143,MODEL_V1_CV_REFERENCE_V1
48591f782c592135177b2b4d67b52d8d54f6a2bf4ca6f2098c1ccb117d55ae2d,MITDB_P111,111,430000000,2,20260929,0,-1.3344120979309082,0.2084304690361023,15,V2-002-F02-S20260929,4417c6668930e37bc9f0b71ff70d7ff9762182381c6fc54ae10e2b9c9d229143,MODEL_V1_CV_REFERENCE_V1
488647c754a6f52c7929a283f17f40a1749b7c30460748e763256fef85311094,MITDB_P111,111,1145000000,2,20260929,0,-2.2036406993865967,0.09942402690649033,15,V2-002-F02-S20260929,4417c6668930e37bc9f0b71ff70d7ff9762182381c6fc54ae10e2b9c9d229143,MODEL_V1_CV_REFERENCE_V1
48d98792d7c7dce1bd9aa5367a8aa35e61ff4a095f95b02ce9395ad151fc107d,MITDB_P215,215,140000000,2,20260929,0,-3.556788444519043,0.0277389045804739,15,V2-002-F02-S20260929,4417c6668930e37bc9f0b71ff70d7ff9762182381c6fc54ae10e2b9c9d229143,MODEL_V1_CV_REFERENCE_V1
49016622c83fb36fddb2b056ee3a9a79574dea5baac292a4a1dfe58c3085c549,MITDB_P220,220,860000000,2,20260929,1,2.052305221557617,0.8861803412437439,15,V2-002-F02-S20260929,4417c6668930e37bc9f0b71ff70d7ff9762182381c6fc54ae10e2b9c9d229143,MODEL_V1_CV_REFERENCE_V1
4905f3cf88b80a46e1fffe3a4113d0640efaff0c9a89f2e445d62f4b262d5d45,MITDB_P111,111,300000000,2,20260929,0,-1.830012559890747,0.13823677599430084,15,V2-002-F02-S20260929,4417c6668930e37bc9f0b71ff70d7ff9762182381c6fc54ae10e2b9c9d229143,MODEL_V1_CV_REFERENCE_V1
492ebb7afcb9186b2ce2f75ce630f8e4a16296c68b0d769ae274089b233e5181,MITDB_P220,220,1725000000,2,20260929,0,1.4601792097091675,0.8115600943565369,15,V2-002-F02-S20260929,4417c6668930e37bc9f0b71ff70d7ff9762182381c6fc54ae10e2b9c9d229143,MODEL_V1_CV_REFERENCE_V1
4972bb7f138a6021f5a03f2914840b8289dbe33ab294e13b6b41d5ee20eb267c,MITDB_P113,113,940000000,2,20260929,0,1.1659902334213257,0.7624194622039795,15,V2-002-F02-S20260929,4417c6668930e37bc9f0b71ff70d7ff9762182381c6fc54ae10e2b9c9d229143,MODEL_V1_CV_REFERENCE_V1
498768fce47255b56146dff7921916c9625ff6196ff84dfd6c9dd862f3fe5337,MITDB_P220,220,1400000000,2,20260929,0,1.8292189836502075,0.8616686463356018,15,V2-002-F02-S20260929,4417c6668930e37bc9f0b71ff70d7ff9762182381c6fc54ae10e2b9c9d229143,MODEL_V1_CV_REFERENCE_V1
49f23665237d85539a911eab11e65c995053ee124e9c5c775f5d7f2e50fa139b,MITDB_P113,113,740000000,2,20260929,0,0.7040984630584717,0.6690958142280579,15,V2-002-F02-S20260929,4417c6668930e37bc9f0b71ff70d7ff9762182381c6fc54ae10e2b9c9d229143,MODEL_V1_CV_REFERENCE_V1
49f782fa2c1bbd1c5fd84cb6d8df412dfa62dc1e2728940df493ee8e0347411e,MITDB_P113,113,440000000,2,20260929,0,1.8823504447937012,0.8678808212280273,15,V2-002-F02-S20260929,4417c6668930e37bc9f0b71ff70d7ff9762182381c6fc54ae10e2b9c9d229143,MODEL_V1_CV_REFERENCE_V1
4a5263592d16d45f3f32a3e3a4b2fae52e4214da2d335230af9a38ce13ade76b,MITDB_P215,215,455000000,2,20260929,1,-1.3329874277114868,0.2086656540632248,15,V2-002-F02-S20260929,4417c6668930e37bc9f0b71ff70d7ff9762182381c6fc54ae10e2b9c9d229143,MODEL_V1_CV_REFERENCE_V1
4a6c5f86f526785e4129c3e120c4c03994706204e04632f30fc21824fde3b886,MITDB_P220,220,1760000000,2,20260929,0,1.4756351709365845,0.8139124512672424,15,V2-002-F02-S20260929,4417c6668930e37bc9f0b71ff70d7ff9762182381c6fc54ae10e2b9c9d229143,MODEL_V1_CV_REFERENCE_V1
4ac7a5af171959354ae59194e89d9e5e2be711ceeb7528af495398bdfdd9c983,MITDB_P232,232,990000000,2,20260929,1,0.7538252472877502,0.6800116300582886,15,V2-002-F02-S20260929,4417c6668930e37bc9f0b71ff70d7ff9762182381c6fc54ae10e2b9c9d229143,MODEL_V1_CV_REFERENCE_V1
4b30ce5cba49387a4559acc6eb53864a056bc56037f6603c9ec3e14c132076b2,MITDB_P215,215,1105000000,2,20260929,0,-4.275827407836914,0.013709967024624348,15,V2-002-F02-S20260929,4417c6668930e37bc9f0b71ff70d7ff9762182381c6fc54ae10e2b9c9d229143,MODEL_V1_CV_REFERENCE_V1
4b440c75f7047c8dafbb677381bdd0fcac7e5e8a2504aeab5d3f2ae9958203a1,MITDB_P111,111,925000000,2,20260929,0,-1.265451192855835,0.22003690898418427,15,V2-002-F02-S20260929,4417c6668930e37bc9f0b71ff70d7ff9762182381c6fc54ae10e2b9c9d229143,MODEL_V1_CV_REFERENCE_V1
4b4915c6c6075352485eed5606d520f99c86e0d51d6179654731fb5ed76549a8,MITDB_P215,215,710000000,2,20260929,0,-4.719307899475098,0.008842464536428452,15,V2-002-F02-S20260929,4417c6668930e37bc9f0b71ff70d7ff9762182381c6fc54ae10e2b9c9d229143,MODEL_V1_CV_REFERENCE_V1
4b598b7b5c00cd042ed1116de39670cf059ee1a5c1d6eab32b70ea1f53980ad0,MITDB_P215,215,1730000000,2,20260929,1,-1.4129939079284668,0.1957622617483139,15,V2-002-F02-S20260929,4417c6668930e37bc9f0b71ff70d7ff9762182381c6fc54ae10e2b9c9d229143,MODEL_V1_CV_REFERENCE_V1
4b5d1b061737d9f9c4afff135da6d7a4ce23e8503a70d8f496b4d32daab4aed2,MITDB_P220,220,885000000,2,20260929,0,1.9300615787506104,0.873256266117096,15,V2-002-F02-S20260929,4417c6668930e37bc9f0b71ff70d7ff9762182381c6fc54ae10e2b9c9d229143,MODEL_V1_CV_REFERENCE_V1
4b63625a2d17acf76cb2b75090a285ebc3d276313d07075c0c0af46a22f9576e,MITDB_P113,113,780000000,2,20260929,0,1.6796965599060059,0.8428643345832825,15,V2-002-F02-S20260929,4417c6668930e37bc9f0b71ff70d7ff9762182381c6fc54ae10e2b9c9d229143,MODEL_V1_CV_REFERENCE_V1
4b7b00550b69d6afc51d3a405233cbd12c5309417404b17e4c8e253c3b4dc2c5,MITDB_P113,113,100000000,2,20260929,0,1.457506775856018,0.8111510872840881,15,V2-002-F02-S20260929,4417c6668930e37bc9f0b71ff70d7ff9762182381c6fc54ae10e2b9c9d229143,MODEL_V1_CV_REFERENCE_V1
4b7be7e79d93d443699cc953a4a0c79cf2142be18f74e464ff061fa102e2ffb2,MITDB_P220,220,775000000,2,20260929,0,2.0651605129241943,0.8874706029891968,15,V2-002-F02-S20260929,4417c6668930e37bc9f0b71ff70d7ff9762182381c6fc54ae10e2b9c9d229143,MODEL_V1_CV_REFERENCE_V1
4b8c74948af60c31924ef2a461a05f861504d1ff816d86848c5c5a252a54920c,MITDB_P220,220,670000000,2,20260929,0,2.007493257522583,0.8815815448760986,15,V2-002-F02-S20260929,4417c6668930e37bc9f0b71ff70d7ff9762182381c6fc54ae10e2b9c9d229143,MODEL_V1_CV_REFERENCE_V1
4ba0c9f4bd0c6e2a8ed0526e71833e5e77b8c43e885ac54d607d9e1219b53579,MITDB_P220,220,1010000000,2,20260929,1,1.861493468284607,0.8654708862304688,15,V2-002-F02-S20260929,4417c6668930e37bc9f0b71ff70d7ff9762182381c6fc54ae10e2b9c9d229143,MODEL_V1_CV_REFERENCE_V1
4bc6382e6c5baaeaaf62a6b2b0c65882009a2f9d8a97c67a22fe49d4eb56a68a,MITDB_P111,111,425000000,2,20260929,0,-0.43697589635849,0.39246177673339844,15,V2-002-F02-S20260929,4417c6668930e37bc9f0b71ff70d7ff9762182381c6fc54ae10e2b9c9d229143,MODEL_V1_CV_REFERENCE_V1
4beb74898cf195fe3ed59d7c9eac586ff34f66dcdd37c4cfbb9e2551d4f0ad23,MITDB_P232,232,110000000,2,20260929,1,0.48325639963150024,0.6185165047645569,15,V2-002-F02-S20260929,4417c6668930e37bc9f0b71ff70d7ff9762182381c6fc54ae10e2b9c9d229143,MODEL_V1_CV_REFERENCE_V1
4bf0985bf186d420cb222ad35ec71197b5ea66b0d31fa4ae7b1220cffedd1ce4,MITDB_P113,113,850000000,2,20260929,0,2.302724599838257,0.9091024398803711,15,V2-002-F02-S20260929,4417c6668930e37bc9f0b71ff70d7ff9762182381c6fc54ae10e2b9c9d229143,MODEL_V1_CV_REFERENCE_V1
4c4735e46a7f373e1cf016d425457b57d51d06c3640cabb7d1e6d840eb9c1dc9,MITDB_P220,220,165000000,2,20260929,0,2.2060797214508057,0.9007942080497742,15,V2-002-F02-S20260929,4417c6668930e37bc9f0b71ff70d7ff9762182381c6fc54ae10e2b9c9d229143,MODEL_V1_CV_REFERENCE_V1
4c521fcd5eea2642e701aab56f4734a42cbd430fe193cd51f4046e046f410a06,MITDB_P232,232,695000000,2,20260929,1,1.9115384817123413,0.8711918592453003,15,V2-002-F02-S20260929,4417c6668930e37bc9f0b71ff70d7ff9762182381c6fc54ae10e2b9c9d229143,MODEL_V1_CV_REFERENCE_V1
4c839c1032dd51b2c4b96ee2745a94f9cf67ff1a735f38512e0f08182d32c9cb,MITDB_P232,232,1610000000,2,20260929,1,0.3653644919395447,0.5903383493423462,15,V2-002-F02-S20260929,4417c6668930e37bc9f0b71ff70d7ff9762182381c6fc54ae10e2b9c9d229143,MODEL_V1_CV_REFERENCE_V1
4c8cccb8a5608eddc9eb5ac88bf45bb458caabffd29a0101d00e88bebf52e488,MITDB_P220,220,320000000,2,20260929,1,1.72130286693573,0.848296582698822,15,V2-002-F02-S20260929,4417c6668930e37bc9f0b71ff70d7ff9762182381c6fc54ae10e2b9c9d229143,MODEL_V1_CV_REFERENCE_V1
4c9a7297380f7772ca04db77e146d4a80aa645502792467038620b0314183dc4,MITDB_P111,111,1695000000,2,20260929,0,-1.5474361181259155,0.17545688152313232,15,V2-002-F02-S20260929,4417c6668930e37bc9f0b71ff70d7ff9762182381c6fc54ae10e2b9c9d229143,MODEL_V1_CV_REFERENCE_V1
4cc9868d5cfe1d9a76729eb207e021be0958619079282fa4106c8f9fd8fb8c75,MITDB_P215,215,490000000,2,20260929,1,-1.275791883468628,0.21826739609241486,15,V2-002-F02-S20260929,4417c6668930e37bc9f0b71ff70d7ff9762182381c6fc54ae10e2b9c9d229143,MODEL_V1_CV_REFERENCE_V1
4d3cacd09af6d277f0e08843d7dd37b8e8f71f9a391669315a3bf27b594c991f,MITDB_P232,232,590000000,2,20260929,1,0.4298059642314911,0.6058273911476135,15,V2-002-F02-S20260929,4417c6668930e37bc9f0b71ff70d7ff9762182381c6fc54ae10e2b9c9d229143,MODEL_V1_CV_REFERENCE_V1
4d3fe0baebfb54a26fa0aedcb772cb1a130ef9677f82ad2fee4dcd88e0d68d27,MITDB_P220,220,120000000,2,20260929,0,1.8972668647766113,0.869581937789917,15,V2-002-F02-S20260929,4417c6668930e37bc9f0b71ff70d7ff9762182381c6fc54ae10e2b9c9d229143,MODEL_V1_CV_REFERENCE_V1
4d5948134ca7fb0f823316421f411a3b066a6957bd7a28143ff2480530706a68,MITDB_P215,215,1545000000,2,20260929,0,-4.415369033813477,0.011945667676627636,15,V2-002-F02-S20260929,4417c6668930e37bc9f0b71ff70d7ff9762182381c6fc54ae10e2b9c9d229143,MODEL_V1_CV_REFERENCE_V1
4d92adcc7a18b813acf1f5c407078d6252c5fed29f8958de45a3b5b62d39033d,MITDB_P111,111,990000000,2,20260929,0,-3.639951467514038,0.025581996887922287,15,V2-002-F02-S20260929,4417c6668930e37bc9f0b71ff70d7ff9762182381c6fc54ae10e2b9c9d229143,MODEL_V1_CV_REFERENCE_V1
4d9b9143569559f5356b970522b33946b57c894c4742cd2a0b5ebce7f5787870,MITDB_P215,215,810000000,2,20260929,0,-4.9693827629089355,0.006899500731378794,15,V2-002-F02-S20260929,4417c6668930e37bc9f0b71ff70d7ff9762182381c6fc54ae10e2b9c9d229143,MODEL_V1_CV_REFERENCE_V1
4dd2b1bffe783ef5f02de9390377fc993bed8b8f8037e2698a9b0cc60ffd2336,MITDB_P232,232,610000000,2,20260929,1,0.04362287372350693,0.5109039545059204,15,V2-002-F02-S20260929,4417c6668930e37bc9f0b71ff70d7ff9762182381c6fc54ae10e2b9c9d229143,MODEL_V1_CV_REFERENCE_V1
4de5665279912d815bd5e57bc98c753d4874177e5703f5440c17ff1bee142d9d,MITDB_P111,111,1485000000,2,20260929,0,-2.1911191940307617,0.1005508303642273,15,V2-002-F02-S20260929,4417c6668930e37bc9f0b71ff70d7ff9762182381c6fc54ae10e2b9c9d229143,MODEL_V1_CV_REFERENCE_V1
4e068ec6fc4556a98ba02610b45f6e318748ff1711064570605345a65db0910f,MITDB_P215,215,1395000000,2,20260929,1,-4.210360527038574,0.014623981900513172,15,V2-002-F02-S20260929,4417c6668930e37bc9f0b71ff70d7ff9762182381c6fc54ae10e2b9c9d229143,MODEL_V1_CV_REFERENCE_V1
4e0b042477f9901ec30eaeec77b02f15ccd1ba41f689193db9314da9a8a6d502,MITDB_P220,220,325000000,2,20260929,1,1.527312994003296,0.8216128349304199,15,V2-002-F02-S20260929,4417c6668930e37bc9f0b71ff70d7ff9762182381c6fc54ae10e2b9c9d229143,MODEL_V1_CV_REFERENCE_V1
4e137b7812e1bf4eeb37e3513d9855ba0eb815d15eb40d9fa7c0f1a3df410af7,MITDB_P111,111,30000000,2,20260929,0,-2.009913444519043,0.1181659996509552,15,V2-002-F02-S20260929,4417c6668930e37bc9f0b71ff70d7ff9762182381c6fc54ae10e2b9c9d229143,MODEL_V1_CV_REFERENCE_V1
4e5614e3ef34c0325e388bf48c0b80a20abf0e6dabdf2285e5f4c246cd1cc77e,MITDB_P113,113,345000000,2,20260929,0,2.20997953414917,0.9011420607566833,15,V2-002-F02-S20260929,4417c6668930e37bc9f0b71ff70d7ff9762182381c6fc54ae10e2b9c9d229143,MODEL_V1_CV_REFERENCE_V1
4e7b4f6e21f616637322270dd43263e6ac9b279616308376b2120b3af9d9b098,MITDB_P111,111,1535000000,2,20260929,0,-2.620677947998047,0.06781942397356033,15,V2-002-F02-S20260929,4417c6668930e37bc9f0b71ff70d7ff9762182381c6fc54ae10e2b9c9d229143,MODEL_V1_CV_REFERENCE_V1
4ea613f6e2c28d158f23e112679d2363ee449974df1872ebfe90f77db4b6d6a9,MITDB_P220,220,840000000,2,20260929,1,1.6706647872924805,0.8416644930839539,15,V2-002-F02-S20260929,4417c6668930e37bc9f0b71ff70d7ff9762182381c6fc54ae10e2b9c9d229143,MODEL_V1_CV_REFERENCE_V1
4ea8db0c5225ca9c8cd37fa4127b57788c82d21f6953507135fc927c66163192,MITDB_P215,215,1785000000,2,20260929,1,-2.05836820602417,0.1132095456123352,15,V2-002-F02-S20260929,4417c6668930e37bc9f0b71ff70d7ff9762182381c6fc54ae10e2b9c9d229143,MODEL_V1_CV_REFERENCE_V1
4eac45a7f94dda7b149ce4bf46d792de7c61d375a2a3519ba20aa3ba62a9321f,MITDB_P220,220,930000000,2,20260929,1,1.8062098026275635,0.8589031100273132,15,V2-002-F02-S20260929,4417c6668930e37bc9f0b71ff70d7ff9762182381c6fc54ae10e2b9c9d229143,MODEL_V1_CV_REFERENCE_V1
4eb5a16f1f518698d91d79a1c1634bd6cf243589a58e64acf18977d544e84ef6,MITDB_P111,111,1240000000,2,20260929,0,-1.5190210342407227,0.17960572242736816,15,V2-002-F02-S20260929,4417c6668930e37bc9f0b71ff70d7ff9762182381c6fc54ae10e2b9c9d229143,MODEL_V1_CV_REFERENCE_V1
4eba32ef83b6bf793bcf50d01904eb10a913e4b151e8ea23fdaa4ec76ee4140c,MITDB_P113,113,1335000000,2,20260929,0,1.3194680213928223,0.7890931963920593,15,V2-002-F02-S20260929,4417c6668930e37bc9f0b71ff70d7ff9762182381c6fc54ae10e2b9c9d229143,MODEL_V1_CV_REFERENCE_V1
4ec6b96a47734c6d8a11c8f78da3f79eba9d4049127ef367a6a465b9d20c82d3,MITDB_P220,220,1315000000,2,20260929,0,1.284439206123352,0.7832044959068298,15,V2-002-F02-S20260929,4417c6668930e37bc9f0b71ff70d7ff9762182381c6fc54ae10e2b9c9d229143,MODEL_V1_CV_REFERENCE_V1
4efb7bab954564c20495047f5e20927593624e154384745eebe79306d6ee983c,MITDB_P215,215,1630000000,2,20260929,1,0.44386422634124756,0.6091794371604919,15,V2-002-F02-S20260929,4417c6668930e37bc9f0b71ff70d7ff9762182381c6fc54ae10e2b9c9d229143,MODEL_V1_CV_REFERENCE_V1
4f4c99ae7d57e662fd3f51eedbc26a7ff7e322caa9546f1d901ffebf0509a937,MITDB_P232,232,1540000000,2,20260929,1,0.46405649185180664,0.6139760613441467,15,V2-002-F02-S20260929,4417c6668930e37bc9f0b71ff70d7ff9762182381c6fc54ae10e2b9c9d229143,MODEL_V1_CV_REFERENCE_V1
4f703400828699122c424a46fa12d4fbc0d8f657f2d8e94117db3595bb0ba170,MITDB_P111,111,1405000000,2,20260929,0,-1.7272683382034302,0.15093731880187988,15,V2-002-F02-S20260929,4417c6668930e37bc9f0b71ff70d7ff9762182381c6fc54ae10e2b9c9d229143,MODEL_V1_CV_REFERENCE_V1
4f75dc2eaf706504b5df6eee1e684bb7a01af4926a5da20c95b825d60be3b588,MITDB_P111,111,1235000000,2,20260929,0,-1.3017301559448242,0.2138739824295044,15,V2-002-F02-S20260929,4417c6668930e37bc9f0b71ff70d7ff9762182381c6fc54ae10e2b9c9d229143,MODEL_V1_CV_REFERENCE_V1
4fcc38545dcaa96cedef21f24a498045f77532448c77d2a3c969cca67689ac93,MITDB_P215,215,855000000,2,20260929,0,-4.773443698883057,0.008380401879549026,15,V2-002-F02-S20260929,4417c6668930e37bc9f0b71ff70d7ff9762182381c6fc54ae10e2b9c9d229143,MODEL_V1_CV_REFERENCE_V1
4fcd8bd6edb5f74f19a7a0db65b43968677cc4eb92dec0221e01c39dabe6cf47,MITDB_P113,113,1525000000,2,20260929,0,0.6962292790412903,0.6673511862754822,15,V2-002-F02-S20260929,4417c6668930e37bc9f0b71ff70d7ff9762182381c6fc54ae10e2b9c9d229143,MODEL_V1_CV_REFERENCE_V1
4fd824a949bfd8e5e15f262c876f7630d4320782c1f31924b4a1c86bc5c5514b,MITDB_P113,113,1030000000,2,20260929,0,2.304971694946289,0.9092879891395569,15,V2-002-F02-S20260929,4417c6668930e37bc9f0b71ff70d7ff9762182381c6fc54ae10e2b9c9d229143,MODEL_V1_CV_REFERENCE_V1
4ff3d25e56274d4327be846354514e53d627af7fdaca9627a95566acd324898c,MITDB_P220,220,1020000000,2,20260929,1,2.1650586128234863,0.8970675468444824,15,V2-002-F02-S20260929,4417c6668930e37bc9f0b71ff70d7ff9762182381c6fc54ae10e2b9c9d229143,MODEL_V1_CV_REFERENCE_V1
501b15257439301cf50c8733eabf4c723f471189fbddf6630546c66b79263160,MITDB_P220,220,1055000000,2,20260929,0,2.0076797008514404,0.8816009759902954,15,V2-002-F02-S20260929,4417c6668930e37bc9f0b71ff70d7ff9762182381c6fc54ae10e2b9c9d229143,MODEL_V1_CV_REFERENCE_V1
5025b5844f4140fe653ec4cdda4591203cf81b9e7699f05178a75b8c2fa2c7a7,MITDB_P113,113,355000000,2,20260929,0,2.3635854721069336,0.9140080809593201,15,V2-002-F02-S20260929,4417c6668930e37bc9f0b71ff70d7ff9762182381c6fc54ae10e2b9c9d229143,MODEL_V1_CV_REFERENCE_V1
502f282d21694260c97573ec8d3fbe59fb9d4c402e616b79c5caa634a4fa1f43,MITDB_P220,220,1060000000,2,20260929,0,2.215155601501465,0.9016022086143494,15,V2-002-F02-S20260929,4417c6668930e37bc9f0b71ff70d7ff9762182381c6fc54ae10e2b9c9d229143,MODEL_V1_CV_REFERENCE_V1
508468a419879ac1a96d22ae4dc1d3d53b45660541c37b3d955d549e97ea7183,MITDB_P111,111,1520000000,2,20260929,0,-2.467299461364746,0.0781826451420784,15,V2-002-F02-S20260929,4417c6668930e37bc9f0b71ff70d7ff9762182381c6fc54ae10e2b9c9d229143,MODEL_V1_CV_REFERENCE_V1
50969f05936bb7d5dec2f81f0aa2655ba3c1a0b192674b8be4d6bf0838c07cdd,MITDB_P215,215,945000000,2,20260929,0,-4.454146862030029,0.011496529914438725,15,V2-002-F02-S20260929,4417c6668930e37bc9f0b71ff70d7ff9762182381c6fc54ae10e2b9c9d229143,MODEL_V1_CV_REFERENCE_V1
509e16847f0451b42bbe0844ca7a48b29c2171653edce4e44fb8e96ef840ba11,MITDB_P111,111,115000000,2,20260929,0,-0.7471730709075928,0.3214375674724579,15,V2-002-F02-S20260929,4417c6668930e37bc9f0b71ff70d7ff9762182381c6fc54ae10e2b9c9d229143,MODEL_V1_CV_REFERENCE_V1
50ad4ba2e8fbad9af5c2ffd14ea7c0c158c4f2801c543b8656e32c69424fd6c3,MITDB_P215,215,465000000,2,20260929,0,-3.765068292617798,0.022641517221927643,15,V2-002-F02-S20260929,4417c6668930e37bc9f0b71ff70d7ff9762182381c6fc54ae10e2b9c9d229143,MODEL_V1_CV_REFERENCE_V1
50b3098c09ea10752546fe0dcd24633d921681e4b245d8843d50a3dbddccce05,MITDB_P111,111,1360000000,2,20260929,0,-2.858152389526367,0.05426143482327461,15,V2-002-F02-S20260929,4417c6668930e37bc9f0b71ff70d7ff9762182381c6fc54ae10e2b9c9d229143,MODEL_V1_CV_REFERENCE_V1
50d02c3bac76324ca5ec6478153dc075339ef07be78cd4eaa11bb59c135000ba,MITDB_P113,113,290000000,2,20260929,0,2.031125545501709,0.8840265274047852,15,V2-002-F02-S20260929,4417c6668930e37bc9f0b71ff70d7ff9762182381c6fc54ae10e2b9c9d229143,MODEL_V1_CV_REFERENCE_V1
50ec21f2b0a47f24eee96165006e4dc566a29f6a7a4f141225545ee3e8e60efe,MITDB_P232,232,165000000,2,20260929,1,0.5663463473320007,0.6379196643829346,15,V2-002-F02-S20260929,4417c6668930e37bc9f0b71ff70d7ff9762182381c6fc54ae10e2b9c9d229143,MODEL_V1_CV_REFERENCE_V1
50f4ded7765277b78f94a1fe933a2c62860821cb43f8b107181cf556a373c2c9,MITDB_P215,215,430000000,2,20260929,1,-0.9543766379356384,0.2780055105686188,15,V2-002-F02-S20260929,4417c6668930e37bc9f0b71ff70d7ff9762182381c6fc54ae10e2b9c9d229143,MODEL_V1_CV_REFERENCE_V1
5122fa49dde1ff4b8f42535b9bfbd70c7d044a8d30737e6068362e2b5ab4e14e,MITDB_P220,220,35000000,2,20260929,0,1.8050199747085571,0.8587589263916016,15,V2-002-F02-S20260929,4417c6668930e37bc9f0b71ff70d7ff9762182381c6fc54ae10e2b9c9d229143,MODEL_V1_CV_REFERENCE_V1
5140b93bcc2dd7e4f013246005b8d9bf398c9fbdb16a8e1300183e5c9b7bd714,MITDB_P113,113,750000000,2,20260929,0,-0.0886664167046547,0.4778478741645813,15,V2-002-F02-S20260929,4417c6668930e37bc9f0b71ff70d7ff9762182381c6fc54ae10e2b9c9d229143,MODEL_V1_CV_REFERENCE_V1
517234af9168b452180cc08dfa7be108436f2049ec66a209da2cf2ff2ae26320,MITDB_P111,111,945000000,2,20260929,0,-0.8417073488235474,0.3011753261089325,15,V2-002-F02-S20260929,4417c6668930e37bc9f0b71ff70d7ff9762182381c6fc54ae10e2b9c9d229143,MODEL_V1_CV_REFERENCE_V1
51962ba0473457f896c9897d227913a4b209a32e949348c398d00603d2d45183,MITDB_P220,220,645000000,2,20260929,1,1.8248625993728638,0.8611485362052917,15,V2-002-F02-S20260929,4417c6668930e37bc9f0b71ff70d7ff9762182381c6fc54ae10e2b9c9d229143,MODEL_V1_CV_REFERENCE_V1
51bba8b53c3fc24103f62fcdacf7c29c1c401d01833590e006443144f8f3bd10,MITDB_P232,232,170000000,2,20260929,1,0.44622015953063965,0.6097401976585388,15,V2-002-F02-S20260929,4417c6668930e37bc9f0b71ff70d7ff9762182381c6fc54ae10e2b9c9d229143,MODEL_V1_CV_REFERENCE_V1
51e09018f0816d0ad07d1d2a7ebe91ecc2dee0631a3935445896b3366ca31f20,MITDB_P111,111,325000000,2,20260929,0,-1.749450445175171,0.14811652898788452,15,V2-002-F02-S20260929,4417c6668930e37bc9f0b71ff70d7ff9762182381c6fc54ae10e2b9c9d229143,MODEL_V1_CV_REFERENCE_V1
52c2016e83d844813c2d9a05dd7a3a6b30085db517cdb97ddb862ef35594d4af,MITDB_P232,232,975000000,2,20260929,1,0.4002789556980133,0.5987546443939209,15,V2-002-F02-S20260929,4417c6668930e37bc9f0b71ff70d7ff9762182381c6fc54ae10e2b9c9d229143,MODEL_V1_CV_REFERENCE_V1
52ca0d550ffbce7122e9a0adff4c8f26ca1d34e4755bf20552d5bf910c7d26e4,MITDB_P111,111,640000000,2,20260929,0,-1.1793649196624756,0.23516641557216644,15,V2-002-F02-S20260929,4417c6668930e37bc9f0b71ff70d7ff9762182381c6fc54ae10e2b9c9d229143,MODEL_V1_CV_REFERENCE_V1
535c54a6cf1a7c07ab70c19ab755770c649bffb59972c63a76b448c748f54653,MITDB_P232,232,1210000000,2,20260929,1,0.661346971988678,0.659562885761261,15,V2-002-F02-S20260929,4417c6668930e37bc9f0b71ff70d7ff9762182381c6fc54ae10e2b9c9d229143,MODEL_V1_CV_REFERENCE_V1
537ec9364787649ceb33c70e2bc074c97e0908d4d562fa4c1a1ef3fc9293f6bd,MITDB_P232,232,1530000000,2,20260929,1,0.23271575570106506,0.5579177737236023,15,V2-002-F02-S20260929,4417c6668930e37bc9f0b71ff70d7ff9762182381c6fc54ae10e2b9c9d229143,MODEL_V1_CV_REFERENCE_V1
538c5bb8a55a5f6d5fcf524eac29c950ac529a47cb1629f21393ea0b4d77e61c,MITDB_P215,215,30000000,2,20260929,1,0.8707658648490906,0.7049050331115723,15,V2-002-F02-S20260929,4417c6668930e37bc9f0b71ff70d7ff9762182381c6fc54ae10e2b9c9d229143,MODEL_V1_CV_REFERENCE_V1
539e2e48ccc16fb85da829f3ee8f4e615d8133a04480a77140e43beab7b659be,MITDB_P232,232,1575000000,2,20260929,1,0.6521167159080505,0.6574872732162476,15,V2-002-F02-S20260929,4417c6668930e37bc9f0b71ff70d7ff9762182381c6fc54ae10e2b9c9d229143,MODEL_V1_CV_REFERENCE_V1
53c79703f4770e1e7d953b2e779c6fe0f6195a8c3cac8beb267920b06f75218e,MITDB_P232,232,450000000,2,20260929,1,0.26236069202423096,0.5652165412902832,15,V2-002-F02-S20260929,4417c6668930e37bc9f0b71ff70d7ff9762182381c6fc54ae10e2b9c9d229143,MODEL_V1_CV_REFERENCE_V1
53d9c1568c9d77933be13b57aa1e38d93fbc20b1cab25cde4404bd063b5657a0,MITDB_P111,111,1760000000,2,20260929,0,-2.6530890464782715,0.06579887121915817,15,V2-002-F02-S20260929,4417c6668930e37bc9f0b71ff70d7ff9762182381c6fc54ae10e2b9c9d229143,MODEL_V1_CV_REFERENCE_V1
53f0b30cc961136bcf171cec45c196798746db97637a649ff5dd0a1e799c25b0,MITDB_P111,111,475000000,2,20260929,0,-0.8794853091239929,0.29328444600105286,15,V2-002-F02-S20260929,4417c6668930e37bc9f0b71ff70d7ff9762182381c6fc54ae10e2b9c9d229143,MODEL_V1_CV_REFERENCE_V1
53f74b8d9d52f36b93fb4fadf1fe06df736128216225e1dc202780d2aeb3b647,MITDB_P113,113,600000000,2,20260929,0,1.573625087738037,0.8282998204231262,15,V2-002-F02-S20260929,4417c6668930e37bc9f0b71ff70d7ff9762182381c6fc54ae10e2b9c9d229143,MODEL_V1_CV_REFERENCE_V1
541334096130c29d2d73c7656dacf04f17fe470081afb26dcae91f666c4ac2d2,MITDB_P111,111,1645000000,2,20260929,0,-1.3952648639678955,0.19856856763362885,15,V2-002-F02-S20260929,4417c6668930e37bc9f0b71ff70d7ff9762182381c6fc54ae10e2b9c9d229143,MODEL_V1_CV_REFERENCE_V1
5422353439a9d3b754235fa089633e615377c6d2a413ab2aa28b300d136c0f43,MITDB_P111,111,1605000000,2,20260929,0,-2.2678823471069336,0.09381809085607529,15,V2-002-F02-S20260929,4417c6668930e37bc9f0b71ff70d7ff9762182381c6fc54ae10e2b9c9d229143,MODEL_V1_CV_REFERENCE_V1
545173430891c4da3842f8cbdfd5639bbb3de257e3b2af42d0d9fbe06213dd3d,MITDB_P113,113,340000000,2,20260929,0,1.6602298021316528,0.8402688503265381,15,V2-002-F02-S20260929,4417c6668930e37bc9f0b71ff70d7ff9762182381c6fc54ae10e2b9c9d229143,MODEL_V1_CV_REFERENCE_V1
5473f125493ee350e2acedec62b7340c2757e8eec6a8ce3c28262eb9ccf288ba,MITDB_P232,232,855000000,2,20260929,1,0.6036075353622437,0.6464812159538269,15,V2-002-F02-S20260929,4417c6668930e37bc9f0b71ff70d7ff9762182381c6fc54ae10e2b9c9d229143,MODEL_V1_CV_REFERENCE_V1
54aa7e844088606224b533223b72d5a30284fbdaac511c336080a9ceecccfc41,MITDB_P215,215,445000000,2,20260929,1,-1.184175968170166,0.23430216312408447,15,V2-002-F02-S20260929,4417c6668930e37bc9f0b71ff70d7ff9762182381c6fc54ae10e2b9c9d229143,MODEL_V1_CV_REFERENCE_V1
54ff8f6803e87183b61ac035cd26add1c39a159fc217f17aaa595adfc683813e,MITDB_P111,111,830000000,2,20260929,0,-1.4182559251785278,0.194935142993927,15,V2-002-F02-S20260929,4417c6668930e37bc9f0b71ff70d7ff9762182381c6fc54ae10e2b9c9d229143,MODEL_V1_CV_REFERENCE_V1
554473cfa816bc8abdc0be20bd169750a5c82d5892e74a41f11b146fc9eacdc6,MITDB_P220,220,1115000000,2,20260929,1,1.8511054515838623,0.8642567992210388,15,V2-002-F02-S20260929,4417c6668930e37bc9f0b71ff70d7ff9762182381c6fc54ae10e2b9c9d229143,MODEL_V1_CV_REFERENCE_V1
5555f03725d177baed12ef84345baaead182fcad1d9f0bfb47c73500929e1fa7,MITDB_P232,232,830000000,2,20260929,1,0.5212483406066895,0.6274396181106567,15,V2-002-F02-S20260929,4417c6668930e37bc9f0b71ff70d7ff9762182381c6fc54ae10e2b9c9d229143,MODEL_V1_CV_REFERENCE_V1
557598c838089e665da26c10948b9b1df9f538a3a59dc2ac096bc70b920fa660,MITDB_P113,113,1250000000,2,20260929,0,0.40744975209236145,0.6004762053489685,15,V2-002-F02-S20260929,4417c6668930e37bc9f0b71ff70d7ff9762182381c6fc54ae10e2b9c9d229143,MODEL_V1_CV_REFERENCE_V1
55edf8451391b3f808b5fdb2d3bb0fdc874a73afd59ae53795f9db58aee5e50f,MITDB_P215,215,760000000,2,20260929,0,-4.754037380218506,0.008543219417333603,15,V2-002-F02-S20260929,4417c6668930e37bc9f0b71ff70d7ff9762182381c6fc54ae10e2b9c9d229143,MODEL_V1_CV_REFERENCE_V1
560d50e554274e7557679e071ea3d9c10261510f47eb1d98aa2f9d81798c1208,MITDB_P113,113,1680000000,2,20260929,0,0.9752936959266663,0.7261733412742615,15,V2-002-F02-S20260929,4417c6668930e37bc9f0b71ff70d7ff9762182381c6fc54ae10e2b9c9d229143,MODEL_V1_CV_REFERENCE_V1
5631d1633449fe87a330ff2e579488c69affee9f447c2b9b6572e01297a3f7d3,MITDB_P113,113,1425000000,2,20260929,0,0.9677678942680359,0.7246743440628052,15,V2-002-F02-S20260929,4417c6668930e37bc9f0b71ff70d7ff9762182381c6fc54ae10e2b9c9d229143,MODEL_V1_CV_REFERENCE_V1
567ea8fc7d5117a06fe33214c7fbdfb512f8d6d0d03886e079dca8c484b7efd8,MITDB_P113,113,765000000,2,20260929,0,1.9889782667160034,0.8796350359916687,15,V2-002-F02-S20260929,4417c6668930e37bc9f0b71ff70d7ff9762182381c6fc54ae10e2b9c9d229143,MODEL_V1_CV_REFERENCE_V1
568c5d6c6f4e59d9857de0785588e4c950f8129f3f4935475717503d18a619c7,MITDB_P111,111,805000000,2,20260929,0,-1.425025224685669,0.1938749998807907,15,V2-002-F02-S20260929,4417c6668930e37bc9f0b71ff70d7ff9762182381c6fc54ae10e2b9c9d229143,MODEL_V1_CV_REFERENCE_V1
569cfc8efae1e7e1b4a50da499ba1a266c1be55c7170fd35345e4440c6227b3e,MITDB_P232,232,1240000000,2,20260929,1,0.28358161449432373,0.5704240798950195,15,V2-002-F02-S20260929,4417c6668930e37bc9f0b71ff70d7ff9762182381c6fc54ae10e2b9c9d229143,MODEL_V1_CV_REFERENCE_V1
570baf953ea3925e512021a4efc247250147be535e186345fd548871c0244520,MITDB_P113,113,680000000,2,20260929,0,1.5246479511260986,0.8212219476699829,15,V2-002-F02-S20260929,4417c6668930e37bc9f0b71ff70d7ff9762182381c6fc54ae10e2b9c9d229143,MODEL_V1_CV_REFERENCE_V1
57c7ef4977867fed0069958aa04872ff230113d3a22f1679eb61ae43a36d9cbd,MITDB_P220,220,1665000000,2,20260929,0,1.3655117750167847,0.7966540455818176,15,V2-002-F02-S20260929,4417c6668930e37bc9f0b71ff70d7ff9762182381c6fc54ae10e2b9c9d229143,MODEL_V1_CV_REFERENCE_V1
57f427b33ebf8ed64a6929bc38c044d5dc80862113e2f88d8c8a1472fafdb29f,MITDB_P111,111,155000000,2,20260929,0,-1.2329297065734863,0.22566905617713928,15,V2-002-F02-S20260929,4417c6668930e37bc9f0b71ff70d7ff9762182381c6fc54ae10e2b9c9d229143,MODEL_V1_CV_REFERENCE_V1
58194e8f75cc13c583a6df64b66f550460674fe7bdb9143af3568ff7c9272eba,MITDB_P113,113,295000000,2,20260929,0,2.3818016052246094,0.9154289960861206,15,V2-002-F02-S20260929,4417c6668930e37bc9f0b71ff70d7ff9762182381c6fc54ae10e2b9c9d229143,MODEL_V1_CV_REFERENCE_V1
582e661ef16cba1fc8132b21cbf45a367432996e77b6694d38d8aad12ca60058,MITDB_P215,215,145000000,2,20260929,1,-0.8947976231575012,0.2901207506656647,15,V2-002-F02-S20260929,4417c6668930e37bc9f0b71ff70d7ff9762182381c6fc54ae10e2b9c9d229143,MODEL_V1_CV_REFERENCE_V1
58bbdab22fca0c1009f409fdb397aba6b27848d8c3a1f9537bf82053d5caade0,MITDB_P220,220,1485000000,2,20260929,0,2.088627576828003,0.8897929191589355,15,V2-002-F02-S20260929,4417c6668930e37bc9f0b71ff70d7ff9762182381c6fc54ae10e2b9c9d229143,MODEL_V1_CV_REFERENCE_V1
58d3e57f36430d572dd64f43d9a28dabc5ad63d0a90663bba0625dddde0e289c,MITDB_P215,215,1180000000,2,20260929,0,-4.799684524536133,0.008165125735104084,15,V2-002-F02-S20260929,4417c6668930e37bc9f0b71ff70d7ff9762182381c6fc54ae10e2b9c9d229143,MODEL_V1_CV_REFERENCE_V1
58d92f75cc11c7c7df3bf342015918ee437e1321b66d87b0f8df3015b047b9e0,MITDB_P215,215,1285000000,2,20260929,1,-1.515472173690796,0.18012923002243042,15,V2-002-F02-S20260929,4417c6668930e37bc9f0b71ff70d7ff9762182381c6fc54ae10e2b9c9d229143,MODEL_V1_CV_REFERENCE_V1
58db9e1f4eb2d1d29207d0bf4d22b768722958904751965892760205ef9e1d57,MITDB_P113,113,305000000,2,20260929,0,1.5465773344039917,0.8244189023971558,15,V2-002-F02-S20260929,4417c6668930e37bc9f0b71ff70d7ff9762182381c6fc54ae10e2b9c9d229143,MODEL_V1_CV_REFERENCE_V1
590bdd2d35c849a7427549876c4af8a17d7bb2cc37febc8427b123c50a0c3599,MITDB_P215,215,1585000000,2,20260929,0,-4.280361175537109,0.013648796826601028,15,V2-002-F02-S20260929,4417c6668930e37bc9f0b71ff70d7ff9762182381c6fc54ae10e2b9c9d229143,MODEL_V1_CV_REFERENCE_V1
592fb87667413299b28a12dc4cacc7589efea922b6add9a1f36673944e171360,MITDB_P215,215,1690000000,2,20260929,1,-2.012596368789673,0.11788672208786011,15,V2-002-F02-S20260929,4417c6668930e37bc9f0b71ff70d7ff9762182381c6fc54ae10e2b9c9d229143,MODEL_V1_CV_REFERENCE_V1
594d761aa452ea54130675fab7e290cccb0a5d8e5a07f5e992f1af272375e2b6,MITDB_P111,111,10000000,2,20260929,0,-1.4145618677139282,0.19551552832126617,15,V2-002-F02-S20260929,4417c6668930e37bc9f0b71ff70d7ff9762182381c6fc54ae10e2b9c9d229143,MODEL_V1_CV_REFERENCE_V1
596d8e90cb8196a13a41b3e2338803d41debd0e590c92499798e58c5b3903006,MITDB_P215,215,1350000000,2,20260929,1,-1.8292546272277832,0.13832709193229675,15,V2-002-F02-S20260929,4417c6668930e37bc9f0b71ff70d7ff9762182381c6fc54ae10e2b9c9d229143,MODEL_V1_CV_REFERENCE_V1
5986cc65aa6e8262f7392af33b53b94fe2a25e7e004e5e13a9f8ffea5aa14fca,MITDB_P113,113,975000000,2,20260929,0,1.3607795238494873,0.7958863377571106,15,V2-002-F02-S20260929,4417c6668930e37bc9f0b71ff70d7ff9762182381c6fc54ae10e2b9c9d229143,MODEL_V1_CV_REFERENCE_V1
598c7908761089ee5999910b72ecea8489224cd81c054a8cd14469c3b97136a8,MITDB_P113,113,155000000,2,20260929,0,1.683350920677185,0.8433477282524109,15,V2-002-F02-S20260929,4417c6668930e37bc9f0b71ff70d7ff9762182381c6fc54ae10e2b9c9d229143,MODEL_V1_CV_REFERENCE_V1
59e85fae98520cc9bbe516b49da2906a1d3f88aa870dd72f35e63fed5de91a46,MITDB_P215,215,1210000000,2,20260929,1,-1.8890295028686523,0.1313551664352417,15,V2-002-F02-S20260929,4417c6668930e37bc9f0b71ff70d7ff9762182381c6fc54ae10e2b9c9d229143,MODEL_V1_CV_REFERENCE_V1
5a056c423c0993b6f2d92d73c21d2c83dc5f9749d1f265025ffd340e7a0613cf,MITDB_P215,215,1750000000,2,20260929,1,-1.6146650314331055,0.16594193875789642,15,V2-002-F02-S20260929,4417c6668930e37bc9f0b71ff70d7ff9762182381c6fc54ae10e2b9c9d229143,MODEL_V1_CV_REFERENCE_V1
5a0c20960ead3d0a15a27e2af0ea5aa5ec1bc5cd875824e096668314296ce637,MITDB_P232,232,445000000,2,20260929,1,0.14080214500427246,0.5351424813270569,15,V2-002-F02-S20260929,4417c6668930e37bc9f0b71ff70d7ff9762182381c6fc54ae10e2b9c9d229143,MODEL_V1_CV_REFERENCE_V1
5a297d4bec7c9439ab8d0d5583e3f3212bdc4297b4af1691e4eec824fe5e10d5,MITDB_P220,220,145000000,2,20260929,0,2.308272123336792,0.9095597863197327,15,V2-002-F02-S20260929,4417c6668930e37bc9f0b71ff70d7ff9762182381c6fc54ae10e2b9c9d229143,MODEL_V1_CV_REFERENCE_V1
5a31e38db708d8495edeb9c4ca34e2337b27831f2a2d74659a82ffdfad2ec943,MITDB_P232,232,1500000000,2,20260929,1,0.7782242298126221,0.6852972507476807,15,V2-002-F02-S20260929,4417c6668930e37bc9f0b71ff70d7ff9762182381c6fc54ae10e2b9c9d229143,MODEL_V1_CV_REFERENCE_V1
5a329cea476671d7309b4d747cc7f5ecb1c30409db9907225ff96a25a4152248,MITDB_P220,220,955000000,2,20260929,0,1.7005841732025146,0.8456109762191772,15,V2-002-F02-S20260929,4417c6668930e37bc9f0b71ff70d7ff9762182381c6fc54ae10e2b9c9d229143,MODEL_V1_CV_REFERENCE_V1
5a4c33dc4ba840b39dcfab6aaa73aa769a6b0ff07243b73b33003a12ebac381b,MITDB_P111,111,55000000,2,20260929,0,-1.9162259101867676,0.12828300893306732,15,V2-002-F02-S20260929,4417c6668930e37bc9f0b71ff70d7ff9762182381c6fc54ae10e2b9c9d229143,MODEL_V1_CV_REFERENCE_V1
5a7cd422e6573cb25a31b2e70735e4b709660fd4bf673c898718fad3cf18feae,MITDB_P111,111,1170000000,2,20260929,0,-1.6960947513580322,0.1549759954214096,15,V2-002-F02-S20260929,4417c6668930e37bc9f0b71ff70d7ff9762182381c6fc54ae10e2b9c9d229143,MODEL_V1_CV_REFERENCE_V1
5aa493a4b9033ef86a6c38b452e3a8962a62f2a3a7125c6ffbce18a70299b510,MITDB_P111,111,960000000,2,20260929,0,-0.2491457164287567,0.438033789396286,15,V2-002-F02-S20260929,4417c6668930e37bc9f0b71ff70d7ff9762182381c6fc54ae10e2b9c9d229143,MODEL_V1_CV_REFERENCE_V1
5aaf7bcb0e58b6013e473e9cd3b13348186ceee4d5543f214fcd6697afa47888,MITDB_P220,220,710000000,2,20260929,0,2.333061456680298,0.9115784168243408,15,V2-002-F02-S20260929,4417c6668930e37bc9f0b71ff70d7ff9762182381c6fc54ae10e2b9c9d229143,MODEL_V1_CV_REFERENCE_V1
5ac9b07d38775408459cb5f2cae8215a9c19b27f05be7893db320a06214baea8,MITDB_P111,111,235000000,2,20260929,0,-2.2316346168518066,0.09694543480873108,15,V2-002-F02-S20260929,4417c6668930e37bc9f0b71ff70d7ff9762182381c6fc54ae10e2b9c9d229143,MODEL_V1_CV_REFERENCE_V1
5acc28cd02549fd84643df0f669561941a025a9fecbc594ee38993c6c163427d,MITDB_P113,113,805000000,2,20260929,0,1.3029146194458008,0.7863250970840454,15,V2-002-F02-S20260929,4417c6668930e37bc9f0b71ff70d7ff9762182381c6fc54ae10e2b9c9d229143,MODEL_V1_CV_REFERENCE_V1
5afa586672fe9b9ba3ac5cd4966b377a08d87cef90e4197e423200b784946d95,MITDB_P232,232,1120000000,2,20260929,1,0.6053604483604431,0.6468816995620728,15,V2-002-F02-S20260929,4417c6668930e37bc9f0b71ff70d7ff9762182381c6fc54ae10e2b9c9d229143,MODEL_V1_CV_REFERENCE_V1
5b12a2483f1dee07e774350b240bfaa2783a160df20e761ed8ca4ad461be2f35,MITDB_P215,215,1330000000,2,20260929,0,-4.767435073852539,0.0084304828196764,15,V2-002-F02-S20260929,4417c6668930e37bc9f0b71ff70d7ff9762182381c6fc54ae10e2b9c9d229143,MODEL_V1_CV_REFERENCE_V1
5b4c3228ee10a348261dec24203f4bdeb5d6a5725741f9352fff5230937aa57b,MITDB_P113,113,775000000,2,20260929,0,2.1563124656677246,0.896257221698761,15,V2-002-F02-S20260929,4417c6668930e37bc9f0b71ff70d7ff9762182381c6fc54ae10e2b9c9d229143,MODEL_V1_CV_REFERENCE_V1
5b602c9c3796ca7bd9229a0a2bce99db2ec3b06d2725c21f191430b53a2e41c5,MITDB_P232,232,840000000,2,20260929,1,0.6800561547279358,0.6637512445449829,15,V2-002-F02-S20260929,4417c6668930e37bc9f0b71ff70d7ff9762182381c6fc54ae10e2b9c9d229143,MODEL_V1_CV_REFERENCE_V1
5b6675f2693ccf1419ac3f09c8230f2111308492b17df1d35b5ed95789da4c22,MITDB_P232,232,640000000,2,20260929,1,0.36867308616638184,0.5911383032798767,15,V2-002-F02-S20260929,4417c6668930e37bc9f0b71ff70d7ff9762182381c6fc54ae10e2b9c9d229143,MODEL_V1_CV_REFERENCE_V1
5b75271cb8c460d44ec3ce5922a47e71005eff830f98bb847c0ed25a8693c91e,MITDB_P232,232,1585000000,2,20260929,1,0.5039025545120239,0.6233760118484497,15,V2-002-F02-S20260929,4417c6668930e37bc9f0b71ff70d7ff9762182381c6fc54ae10e2b9c9d229143,MODEL_V1_CV_REFERENCE_V1
5bd631c35a92dee3dee3c1e69b929a1d3f881b8e6dfe6e177a588892c0f9f371,MITDB_P232,232,210000000,2,20260929,1,0.7514472603797913,0.6794939637184143,15,V2-002-F02-S20260929,4417c6668930e37bc9f0b71ff70d7ff9762182381c6fc54ae10e2b9c9d229143,MODEL_V1_CV_REFERENCE_V1
5bea21237ff23ca15af8536a4fff715874bfba1b6f739717da266fa957ed19db,MITDB_P113,113,800000000,2,20260929,0,1.9278453588485718,0.8730106949806213,15,V2-002-F02-S20260929,4417c6668930e37bc9f0b71ff70d7ff9762182381c6fc54ae10e2b9c9d229143,MODEL_V1_CV_REFERENCE_V1
5c0b4672e900f9cc7d23410238b8eb0781717a4202ffa7d9f6cbb5aa6d475c13,MITDB_P113,113,165000000,2,20260929,0,2.049015522003174,0.8858481049537659,15,V2-002-F02-S20260929,4417c6668930e37bc9f0b71ff70d7ff9762182381c6fc54ae10e2b9c9d229143,MODEL_V1_CV_REFERENCE_V1
5c40c281cb405d970ee80bf3980464370c8272f1c88d6c9961c9156db70df3c5,MITDB_P113,113,520000000,2,20260929,0,1.4602410793304443,0.8115695118904114,15,V2-002-F02-S20260929,4417c6668930e37bc9f0b71ff70d7ff9762182381c6fc54ae10e2b9c9d229143,MODEL_V1_CV_REFERENCE_V1
5c445f87f26c3d401be5588668a19b8379ab69c230afc87da6d7b52d4dbf6f13,MITDB_P215,215,105000000,2,20260929,1,-0.7990859150886536,0.3102210760116577,15,V2-002-F02-S20260929,4417c6668930e37bc9f0b71ff70d7ff9762182381c6fc54ae10e2b9c9d229143,MODEL_V1_CV_REFERENCE_V1
5c546bef1ec86052ec63ec393d027c0d6bbbb131cd779cbdf4b0d7b66fbac2ff,MITDB_P220,220,725000000,2,20260929,0,2.2153666019439697,0.9016210436820984,15,V2-002-F02-S20260929,4417c6668930e37bc9f0b71ff70d7ff9762182381c6fc54ae10e2b9c9d229143,MODEL_V1_CV_REFERENCE_V1
5c66da59cc66c41eab63687943edf5f88e8a9042303d483ab2121658a14454bb,MITDB_P220,220,770000000,2,20260929,0,1.9521715641021729,0.8756833076477051,15,V2-002-F02-S20260929,4417c6668930e37bc9f0b71ff70d7ff9762182381c6fc54ae10e2b9c9d229143,MODEL_V1_CV_REFERENCE_V1
5c6e2646f3dae08623ebc49892ac60237bf61cbe022253d95a19ff4501aaf4f3,MITDB_P215,215,1325000000,2,20260929,0,-4.775684833526611,0.008361798711121082,15,V2-002-F02-S20260929,4417c6668930e37bc9f0b71ff70d7ff9762182381c6fc54ae10e2b9c9d229143,MODEL_V1_CV_REFERENCE_V1
5cd01801c713e09c6b23dbb06f805121ffb11b529a51c3aa4eb98cb027a42b9f,MITDB_P220,220,1445000000,2,20260929,1,1.725630760192871,0.8488527536392212,15,V2-002-F02-S20260929,4417c6668930e37bc9f0b71ff70d7ff9762182381c6fc54ae10e2b9c9d229143,MODEL_V1_CV_REFERENCE_V1
5cf1f5acf29cf7db5dad3a5e1ad80599188693fde2cb7df40c904685cbe628f4,MITDB_P220,220,1000000000,2,20260929,0,2.275660514831543,0.9068410396575928,15,V2-002-F02-S20260929,4417c6668930e37bc9f0b71ff70d7ff9762182381c6fc54ae10e2b9c9d229143,MODEL_V1_CV_REFERENCE_V1
5d282391722bbc2a98496311df1cf0b9704a937fc96f301f113f7ff072c061c2,MITDB_P215,215,1075000000,2,20260929,1,-1.8227479457855225,0.1391044706106186,15,V2-002-F02-S20260929,4417c6668930e37bc9f0b71ff70d7ff9762182381c6fc54ae10e2b9c9d229143,MODEL_V1_CV_REFERENCE_V1
5d31234137e1b0ed98c1dff3902053a773122d142c44eba1b207be89e195cb5c,MITDB_P215,215,980000000,2,20260929,1,-0.7207986116409302,0.32721713185310364,15,V2-002-F02-S20260929,4417c6668930e37bc9f0b71ff70d7ff9762182381c6fc54ae10e2b9c9d229143,MODEL_V1_CV_REFERENCE_V1
5d8bb98c4ef41b8b78c1d524e29c67e4dfb48a5ed38d9418005ea73a222ec020,MITDB_P232,232,1250000000,2,20260929,1,0.26135265827178955,0.5649687647819519,15,V2-002-F02-S20260929,4417c6668930e37bc9f0b71ff70d7ff9762182381c6fc54ae10e2b9c9d229143,MODEL_V1_CV_REFERENCE_V1
5d9f57d9c16feef5561d00fc8c72b96e93d59b262d1b6b59133b341f7f7243e4,MITDB_P215,215,1215000000,2,20260929,1,-1.631596565246582,0.1636117547750473,15,V2-002-F02-S20260929,4417c6668930e37bc9f0b71ff70d7ff9762182381c6fc54ae10e2b9c9d229143,MODEL_V1_CV_REFERENCE_V1
5dcfefa3805cb15fa5e9fe02f6f84082371c3f65c32fb31486beef5312794647,MITDB_P215,215,860000000,2,20260929,0,-4.713332176208496,0.008894991129636765,15,V2-002-F02-S20260929,4417c6668930e37bc9f0b71ff70d7ff9762182381c6fc54ae10e2b9c9d229143,MODEL_V1_CV_REFERENCE_V1
5e16e581cf28bc9d8d901e512294e24ab157f5b35af94017f579bd6bf1ee0e26,MITDB_P113,113,95000000,2,20260929,0,1.0639219284057617,0.7434393167495728,15,V2-002-F02-S20260929,4417c6668930e37bc9f0b71ff70d7ff9762182381c6fc54ae10e2b9c9d229143,MODEL_V1_CV_REFERENCE_V1
5e4c190648a01b0eb1947a1cfb440100c6ccca23cbe534ca857f7ac214a962c8,MITDB_P232,232,205000000,2,20260929,1,0.6873165965080261,0.6653697490692139,15,V2-002-F02-S20260929,4417c6668930e37bc9f0b71ff70d7ff9762182381c6fc54ae10e2b9c9d229143,MODEL_V1_CV_REFERENCE_V1
5e66171ed2a1ee2c1e5caf15fa83c98f2f7c958ad409d66e50a63cf11b259656,MITDB_P220,220,1620000000,2,20260929,0,1.737323522567749,0.8503468036651611,15,V2-002-F02-S20260929,4417c6668930e37bc9f0b71ff70d7ff9762182381c6fc54ae10e2b9c9d229143,MODEL_V1_CV_REFERENCE_V1
5e8a26563b1c029ff753516509cc932c26637ef8a51e970ddea1adc090cf779b,MITDB_P113,113,1790000000,2,20260929,0,1.0107380151748657,0.7331645488739014,15,V2-002-F02-S20260929,4417c6668930e37bc9f0b71ff70d7ff9762182381c6fc54ae10e2b9c9d229143,MODEL_V1_CV_REFERENCE_V1
5e99fcfa03e7daa47003474fb366eddf40cdd3d96d5be7de99f4ff0b755b80d2,MITDB_P113,113,215000000,2,20260929,0,2.0310606956481934,0.8840199112892151,15,V2-002-F02-S20260929,4417c6668930e37bc9f0b71ff70d7ff9762182381c6fc54ae10e2b9c9d229143,MODEL_V1_CV_REFERENCE_V1
5ea5967e140e1d648f1cf0be872e9ec5382159cb94540cbbf789b107b994b32e,MITDB_P111,111,1395000000,2,20260929,0,-2.4404959678649902,0.08013634383678436,15,V2-002-F02-S20260929,4417c6668930e37bc9f0b71ff70d7ff9762182381c6fc54ae10e2b9c9d229143,MODEL_V1_CV_REFERENCE_V1
5eb46d122d0a9996bb6be752872e56027b7d3d57af1355f89e4f1e679673d9ef,MITDB_P220,220,1270000000,2,20260929,1,1.8060156106948853,0.8588796257972717,15,V2-002-F02-S20260929,4417c6668930e37bc9f0b71ff70d7ff9762182381c6fc54ae10e2b9c9d229143,MODEL_V1_CV_REFERENCE_V1
5ec8a734f1cde2c5351e35311c7ef70514f212a0a12731c7eaeaae3388fb370d,MITDB_P113,113,1690000000,2,20260929,0,1.388258695602417,0.8003141283988953,15,V2-002-F02-S20260929,4417c6668930e37bc9f0b71ff70d7ff9762182381c6fc54ae10e2b9c9d229143,MODEL_V1_CV_REFERENCE_V1
5edc6dba2ea52a3c2894a97e7965bb7da2ac3334fc386492213ecab2042de3e6,MITDB_P232,232,690000000,2,20260929,1,0.9522691369056702,0.7215712666511536,15,V2-002-F02-S20260929,4417c6668930e37bc9f0b71ff70d7ff9762182381c6fc54ae10e2b9c9d229143,MODEL_V1_CV_REFERENCE_V1
5ee18ecb6a03f4e3ff8b4e3f9623c1a328f4a590b24fc80b3f46f01c6acc423f,MITDB_P232,232,1035000000,2,20260929,1,0.8744681477546692,0.7056745886802673,15,V2-002-F02-S20260929,4417c6668930e37bc9f0b71ff70d7ff9762182381c6fc54ae10e2b9c9d229143,MODEL_V1_CV_REFERENCE_V1
5f1b3e6846d0a60d40e934a2ffd366efdb0fb7b98178605105bf924df3493492,MITDB_P220,220,1680000000,2,20260929,0,1.3726818561553955,0.7978130578994751,15,V2-002-F02-S20260929,4417c6668930e37bc9f0b71ff70d7ff9762182381c6fc54ae10e2b9c9d229143,MODEL_V1_CV_REFERENCE_V1
5f2134555c939baa3adf2977dac9773682235cc03514da6f51ae4bc7d7b7dccb,MITDB_P215,215,725000000,2,20260929,1,-0.02233148366212845,0.4944173991680145,15,V2-002-F02-S20260929,4417c6668930e37bc9f0b71ff70d7ff9762182381c6fc54ae10e2b9c9d229143,MODEL_V1_CV_REFERENCE_V1
5f7e64ad2abbe3b588ae1555b223166abe43d2ff60233fe6c7adff7ddd6a383b,MITDB_P220,220,440000000,2,20260929,1,1.1223138570785522,0.7544175982475281,15,V2-002-F02-S20260929,4417c6668930e37bc9f0b71ff70d7ff9762182381c6fc54ae10e2b9c9d229143,MODEL_V1_CV_REFERENCE_V1
5f7e7a8abc2e8c4bece65600160b63287ac6be40648ad3f1b9a10e73340be3ef,MITDB_P220,220,1170000000,2,20260929,0,1.9704458713531494,0.877659022808075,15,V2-002-F02-S20260929,4417c6668930e37bc9f0b71ff70d7ff9762182381c6fc54ae10e2b9c9d229143,MODEL_V1_CV_REFERENCE_V1
5fac932c3a40ba77032cd4b64cbfd834d484f4df8b1cfd487efbdf8585b02723,MITDB_P220,220,730000000,2,20260929,0,2.222464084625244,0.902248740196228,15,V2-002-F02-S20260929,4417c6668930e37bc9f0b71ff70d7ff9762182381c6fc54ae10e2b9c9d229143,MODEL_V1_CV_REFERENCE_V1
6009b43956a45cbfa82f5da63061e47a8108d2ec74720bacd989098f3af2a287,MITDB_P215,215,995000000,2,20260929,1,1.0323724746704102,0.7373755574226379,15,V2-002-F02-S20260929,4417c6668930e37bc9f0b71ff70d7ff9762182381c6fc54ae10e2b9c9d229143,MODEL_V1_CV_REFERENCE_V1
601bcf37fc1d563d3e63c6a0a8d8e474536af590919e7317b16dc3edeeeed7df,MITDB_P220,220,1305000000,2,20260929,1,1.390733003616333,0.8007092475891113,15,V2-002-F02-S20260929,4417c6668930e37bc9f0b71ff70d7ff9762182381c6fc54ae10e2b9c9d229143,MODEL_V1_CV_REFERENCE_V1
602c19dc7815edc706d2884b7fbddbef9b46d054325d9ac58fc49a26fc177584,MITDB_P111,111,915000000,2,20260929,0,-0.36352434754371643,0.41010671854019165,15,V2-002-F02-S20260929,4417c6668930e37bc9f0b71ff70d7ff9762182381c6fc54ae10e2b9c9d229143,MODEL_V1_CV_REFERENCE_V1
6072f6ffe49048410cdfe938bd1ee25c5c7a516f75eea2bf20431613a7f8aa9d,MITDB_P113,113,1420000000,2,20260929,0,1.0990111827850342,0.7500747442245483,15,V2-002-F02-S20260929,4417c6668930e37bc9f0b71ff70d7ff9762182381c6fc54ae10e2b9c9d229143,MODEL_V1_CV_REFERENCE_V1
60769f31ea3e91bced5627323f6045a354eb8effe520017f4e10516421994319,MITDB_P215,215,1680000000,2,20260929,1,-1.860839605331421,0.13460521399974823,15,V2-002-F02-S20260929,4417c6668930e37bc9f0b71ff70d7ff9762182381c6fc54ae10e2b9c9d229143,MODEL_V1_CV_REFERENCE_V1
609d1002fa05b418f283799fe6530f24db260934c1c501a0c45fad87bdcf1993,MITDB_P220,220,935000000,2,20260929,1,1.4287214279174805,0.8067020177841187,15,V2-002-F02-S20260929,4417c6668930e37bc9f0b71ff70d7ff9762182381c6fc54ae10e2b9c9d229143,MODEL_V1_CV_REFERENCE_V1
609ecc196ab5639292a76510133724a591728db2750fab70cc3b4c0c7d9e14d7,MITDB_P113,113,320000000,2,20260929,0,2.0440640449523926,0.8853464722633362,15,V2-002-F02-S20260929,4417c6668930e37bc9f0b71ff70d7ff9762182381c6fc54ae10e2b9c9d229143,MODEL_V1_CV_REFERENCE_V1
60b1f02095929ce82ede53115fd4a8e4502f1ef25aacbe661a1e393e393bca3a,MITDB_P215,215,1580000000,2,20260929,1,-1.1385506391525269,0.24258655309677124,15,V2-002-F02-S20260929,4417c6668930e37bc9f0b71ff70d7ff9762182381c6fc54ae10e2b9c9d229143,MODEL_V1_CV_REFERENCE_V1
6133cc2748e79e30e781aa4c3458d380d7bf0470dd8dc1abffcad9378f2ea2a7,MITDB_P111,111,995000000,2,20260929,0,-3.55959415435791,0.0276633370667696,15,V2-002-F02-S20260929,4417c6668930e37bc9f0b71ff70d7ff9762182381c6fc54ae10e2b9c9d229143,MODEL_V1_CV_REFERENCE_V1
616cb9a1da7561fe6cf349c9983494142940322dc114f054451f87ecf75275ad,MITDB_P220,220,240000000,2,20260929,0,2.056671142578125,0.8866199851036072,15,V2-002-F02-S20260929,4417c6668930e37bc9f0b71ff70d7ff9762182381c6fc54ae10e2b9c9d229143,MODEL_V1_CV_REFERENCE_V1
617852d1767c020b3ae2c9e9fe4fa8954f35e94eb56a114a4cd8ee78d4aa2964,MITDB_P220,220,1275000000,2,20260929,1,1.553755521774292,0.8254554867744446,15,V2-002-F02-S20260929,4417c6668930e37bc9f0b71ff70d7ff9762182381c6fc54ae10e2b9c9d229143,MODEL_V1_CV_REFERENCE_V1
61a9f20ad38cdc1c0a9b3a7dc1d15709f98d0e81841d484d7a47fd154e08dff4,MITDB_P220,220,1560000000,2,20260929,1,1.439435601234436,0.8083672523498535,15,V2-002-F02-S20260929,4417c6668930e37bc9f0b71ff70d7ff9762182381c6fc54ae10e2b9c9d229143,MODEL_V1_CV_REFERENCE_V1
61e1ed8a403f464013b94a85d25af391ab4fdb8000b253d0e33a7221ed114632,MITDB_P111,111,1070000000,2,20260929,0,-1.8430354595184326,0.13669268786907196,15,V2-002-F02-S20260929,4417c6668930e37bc9f0b71ff70d7ff9762182381c6fc54ae10e2b9c9d229143,MODEL_V1_CV_REFERENCE_V1
620341eaa1218212ea2e8e5dc0f1d78ef153121d7524a889cdcf87e82a565915,MITDB_P220,220,1330000000,2,20260929,0,1.580826997756958,0.8293216228485107,15,V2-002-F02-S20260929,4417c6668930e37bc9f0b71ff70d7ff9762182381c6fc54ae10e2b9c9d229143,MODEL_V1_CV_REFERENCE_V1
622867e0c8003edd11cac375c965fa8984b412ed94b4a6dc1dcb93462bc5a3f7,MITDB_P220,220,430000000,2,20260929,1,0.8766617774963379,0.7061299681663513,15,V2-002-F02-S20260929,4417c6668930e37bc9f0b71ff70d7ff9762182381c6fc54ae10e2b9c9d229143,MODEL_V1_CV_REFERENCE_V1
6241aac9050fafa5e403ab8c445a732d168727b928f969451a64c88f2a3e9938,MITDB_P111,111,650000000,2,20260929,0,-1.2910568714141846,0.21567396819591522,15,V2-002-F02-S20260929,4417c6668930e37bc9f0b71ff70d7ff9762182381c6fc54ae10e2b9c9d229143,MODEL_V1_CV_REFERENCE_V1
62422465c0daddfd988831d7eacfd3b7a418d492f4d1e8439f36a83ca9d22193,MITDB_P215,215,1470000000,2,20260929,1,0.38368064165115356,0.5947604775428772,15,V2-002-F02-S20260929,4417c6668930e37bc9f0b71ff70d7ff9762182381c6fc54ae10e2b9c9d229143,MODEL_V1_CV_REFERENCE_V1
626f73c71e49d2946c5c28fb5ac722e572f9dab9e4e140b1950657f4b42b7511,MITDB_P113,113,490000000,2,20260929,0,1.4175962209701538,0.8049613237380981,15,V2-002-F02-S20260929,4417c6668930e37bc9f0b71ff70d7ff9762182381c6fc54ae10e2b9c9d229143,MODEL_V1_CV_REFERENCE_V1
62870a29742c320e2bf2863ae8df698a7db10a0d96bb0e3beda74c6254ed7a7f,MITDB_P113,113,710000000,2,20260929,0,0.8163489103317261,0.6934608221054077,15,V2-002-F02-S20260929,4417c6668930e37bc9f0b71ff70d7ff9762182381c6fc54ae10e2b9c9d229143,MODEL_V1_CV_REFERENCE_V1
62c782455467ed3e6b720c480a9b111f45bf997df40e48e4c12311a20287ab44,MITDB_P232,232,1650000000,2,20260929,1,0.030460380017757416,0.5076144933700562,15,V2-002-F02-S20260929,4417c6668930e37bc9f0b71ff70d7ff9762182381c6fc54ae10e2b9c9d229143,MODEL_V1_CV_REFERENCE_V1
62fb51e4ca9607d96d6843b339b13ac9bb98d1e83f1d70ebf0e473893e32453c,MITDB_P111,111,620000000,2,20260929,0,-1.559006690979004,0.17378923296928406,15,V2-002-F02-S20260929,4417c6668930e37bc9f0b71ff70d7ff9762182381c6fc54ae10e2b9c9d229143,MODEL_V1_CV_REFERENCE_V1
63296912be7d56be07e53ae1503c8bca40aa85565c39b84d60616cada4d3fd8e,MITDB_P232,232,1425000000,2,20260929,1,0.20176464319229126,0.5502707362174988,15,V2-002-F02-S20260929,4417c6668930e37bc9f0b71ff70d7ff9762182381c6fc54ae10e2b9c9d229143,MODEL_V1_CV_REFERENCE_V1
636ab0b4c444156ebcfd1b961a3e206090280916530608d49bd1d196062d3eba,MITDB_P232,232,270000000,2,20260929,1,0.13737386465072632,0.534289538860321,15,V2-002-F02-S20260929,4417c6668930e37bc9f0b71ff70d7ff9762182381c6fc54ae10e2b9c9d229143,MODEL_V1_CV_REFERENCE_V1
6371c5110b81968e5aa31abbe810d8589deb581d1740ff24634793464d05034d,MITDB_P220,220,1050000000,2,20260929,0,1.9428824186325073,0.8746684789657593,15,V2-002-F02-S20260929,4417c6668930e37bc9f0b71ff70d7ff9762182381c6fc54ae10e2b9c9d229143,MODEL_V1_CV_REFERENCE_V1
63725d69cbeb4f62244211643f9ee674672aadf1aba97021826249de02e6ce04,MITDB_P111,111,1750000000,2,20260929,0,-1.8785945177078247,0.13255038857460022,15,V2-002-F02-S20260929,4417c6668930e37bc9f0b71ff70d7ff9762182381c6fc54ae10e2b9c9d229143,MODEL_V1_CV_REFERENCE_V1
63b4c7ec7d6f9ad77bb1a81ffe60ab172cde3a77235774dc6a9eb8aab21240d9,MITDB_P215,215,1375000000,2,20260929,0,-4.738605976104736,0.008674923330545425,15,V2-002-F02-S20260929,4417c6668930e37bc9f0b71ff70d7ff9762182381c6fc54ae10e2b9c9d229143,MODEL_V1_CV_REFERENCE_V1
63d1442755272496e6e0fe3af7681f7ae1f11ce24a672174adb070b54b937681,MITDB_P113,113,175000000,2,20260929,0,1.6050142049789429,0.832718014717102,15,V2-002-F02-S20260929,4417c6668930e37bc9f0b71ff70d7ff9762182381c6fc54ae10e2b9c9d229143,MODEL_V1_CV_REFERENCE_V1
63f1b5d3638a15db6ce5832fd0082e035082e9b70ccd384dceccfda230817693,MITDB_P113,113,85000000,2,20260929,0,1.611165165901184,0.8335731029510498,15,V2-002-F02-S20260929,4417c6668930e37bc9f0b71ff70d7ff9762182381c6fc54ae10e2b9c9d229143,MODEL_V1_CV_REFERENCE_V1
63f3b40db0849e172ba8ce7b8e0bd559a42fdcce65d3b5c9ad991e2f840703ce,MITDB_P232,232,1130000000,2,20260929,1,0.3161499500274658,0.5783856511116028,15,V2-002-F02-S20260929,4417c6668930e37bc9f0b71ff70d7ff9762182381c6fc54ae10e2b9c9d229143,MODEL_V1_CV_REFERENCE_V1
63fee098372b0cd4b3b060f4695c05631fb8b061e8e645085e40f8b25cbffa64,MITDB_P220,220,1695000000,2,20260929,0,1.5581519603729248,0.826088011264801,15,V2-002-F02-S20260929,4417c6668930e37bc9f0b71ff70d7ff9762182381c6fc54ae10e2b9c9d229143,MODEL_V1_CV_REFERENCE_V1
640b31d61a6ab68636e819e4aa3bf9b3ed6cace25880495f8de07152ea575774,MITDB_P113,113,565000000,2,20260929,0,1.8111979961395264,0.8595066070556641,15,V2-002-F02-S20260929,4417c6668930e37bc9f0b71ff70d7ff9762182381c6fc54ae10e2b9c9d229143,MODEL_V1_CV_REFERENCE_V1
640bc39f875742d3085333631b5256591205a79603f1546d2d678d9438a8774a,MITDB_P220,220,40000000,2,20260929,0,2.024087905883789,0.8833030462265015,15,V2-002-F02-S20260929,4417c6668930e37bc9f0b71ff70d7ff9762182381c6fc54ae10e2b9c9d229143,MODEL_V1_CV_REFERENCE_V1
642355bc093b2a0a579b63e933e550b3c42ae0e14e9093b5990dfdb4897b73bc,MITDB_P220,220,1235000000,2,20260929,1,1.6472344398498535,0.8385169506072998,15,V2-002-F02-S20260929,4417c6668930e37bc9f0b71ff70d7ff9762182381c6fc54ae10e2b9c9d229143,MODEL_V1_CV_REFERENCE_V1
64270031389e418c2f01c9dc5707e17e90c9124815f738e872f2447a7e12d132,MITDB_P215,215,1530000000,2,20260929,1,-1.713592767715454,0.15269829332828522,15,V2-002-F02-S20260929,4417c6668930e37bc9f0b71ff70d7ff9762182381c6fc54ae10e2b9c9d229143,MODEL_V1_CV_REFERENCE_V1
644eb5f0fa0b475b6e02b16f930e4703d7e9233d236645d264117ff2aa60fcb2,MITDB_P232,232,1740000000,2,20260929,1,0.40786993503570557,0.6005770564079285,15,V2-002-F02-S20260929,4417c6668930e37bc9f0b71ff70d7ff9762182381c6fc54ae10e2b9c9d229143,MODEL_V1_CV_REFERENCE_V1
6455c642b142bda29f3b683466c7ea9390ae196c4b2f08f7c10b7c39cb8e88c1,MITDB_P232,232,65000000,2,20260929,1,2.190985918045044,0.8994370698928833,15,V2-002-F02-S20260929,4417c6668930e37bc9f0b71ff70d7ff9762182381c6fc54ae10e2b9c9d229143,MODEL_V1_CV_REFERENCE_V1
647d3ab2cf2daa0508e06b303f2ae7db2aed8964c61fb9e3cad13d0b5f9db70c,MITDB_P113,113,795000000,2,20260929,0,1.7140867710113525,0.8473656177520752,15,V2-002-F02-S20260929,4417c6668930e37bc9f0b71ff70d7ff9762182381c6fc54ae10e2b9c9d229143,MODEL_V1_CV_REFERENCE_V1
64b093ffd2e0f76a648a72301ba9198af016d649cc53c734c6b36fc33091e09f,MITDB_P215,215,435000000,2,20260929,1,0.20156550407409668,0.5502214431762695,15,V2-002-F02-S20260929,4417c6668930e37bc9f0b71ff70d7ff9762182381c6fc54ae10e2b9c9d229143,MODEL_V1_CV_REFERENCE_V1
64bdc1b978faa29c2885d4798462499b936bcd5019c84b5901c7b950a10952f8,MITDB_P232,232,730000000,2,20260929,1,1.9421188831329346,0.8745847940444946,15,V2-002-F02-S20260929,4417c6668930e37bc9f0b71ff70d7ff9762182381c6fc54ae10e2b9c9d229143,MODEL_V1_CV_REFERENCE_V1
652b63b7ed85289de5ac6d9dd45d6ac78e32019df05ec863870105e2afe15b2a,MITDB_P111,111,1580000000,2,20260929,0,-1.3971915245056152,0.19826215505599976,15,V2-002-F02-S20260929,4417c6668930e37bc9f0b71ff70d7ff9762182381c6fc54ae10e2b9c9d229143,MODEL_V1_CV_REFERENCE_V1
654282ceef3cf32f58a5bc03996945e9d29000234e7b983aa818baa92c8c2560,MITDB_P220,220,870000000,2,20260929,0,1.8913637399673462,0.8689109683036804,15,V2-002-F02-S20260929,4417c6668930e37bc9f0b71ff70d7ff9762182381c6fc54ae10e2b9c9d229143,MODEL_V1_CV_REFERENCE_V1
655104af27520bcf23693a3b305d516376386db33b19e4ab4ce46bce1a0f2db3,MITDB_P113,113,285000000,2,20260929,0,1.982193112373352,0.8789147734642029,15,V2-002-F02-S20260929,4417c6668930e37bc9f0b71ff70d7ff9762182381c6fc54ae10e2b9c9d229143,MODEL_V1_CV_REFERENCE_V1
65bf6db5d2445ef394bfb33a04338d3aab3aacb5b330062a841228e3db36c496,MITDB_P232,232,1150000000,2,20260929,1,0.9272348880767822,0.716513991355896,15,V2-002-F02-S20260929,4417c6668930e37bc9f0b71ff70d7ff9762182381c6fc54ae10e2b9c9d229143,MODEL_V1_CV_REFERENCE_V1
65d9895f36605853c6c86ea7dab47244c5300e245e9c1645c5e6b98af4294d1a,MITDB_P111,111,1745000000,2,20260929,0,-1.1229753494262695,0.24545979499816895,15,V2-002-F02-S20260929,4417c6668930e37bc9f0b71ff70d7ff9762182381c6fc54ae10e2b9c9d229143,MODEL_V1_CV_REFERENCE_V1
65e29a52157e3570253f895a3740c5c947096a50a74184b20c69f6646c702d02,MITDB_P113,113,150000000,2,20260929,0,1.3669109344482422,0.7968806624412537,15,V2-002-F02-S20260929,4417c6668930e37bc9f0b71ff70d7ff9762182381c6fc54ae10e2b9c9d229143,MODEL_V1_CV_REFERENCE_V1
65ed4252458047d988e1ad76ff7cedb2ab57be44b495a959c46e0868e7020913,MITDB_P215,215,1805000000,2,20260929,1,-3.736440658569336,0.02328374609351158,15,V2-002-F02-S20260929,4417c6668930e37bc9f0b71ff70d7ff9762182381c6fc54ae10e2b9c9d229143,MODEL_V1_CV_REFERENCE_V1
65fa1a6c016cc8dd5ac411348646816410b82024206f7daada3040c058daf2f0,MITDB_P215,215,450000000,2,20260929,1,-1.5719407796859741,0.1719398945569992,15,V2-002-F02-S20260929,4417c6668930e37bc9f0b71ff70d7ff9762182381c6fc54ae10e2b9c9d229143,MODEL_V1_CV_REFERENCE_V1
6649e3df2393ff6cdae22fd033ca4beb51b13b4dca5a5318dd83a15fc7e967ca,MITDB_P220,220,570000000,2,20260929,0,2.254669666290283,0.9050525426864624,15,V2-002-F02-S20260929,4417c6668930e37bc9f0b71ff70d7ff9762182381c6fc54ae10e2b9c9d229143,MODEL_V1_CV_REFERENCE_V1
66639c444de1b916cd44aa7b13b111cfb15fb16e805226104411f85b88c54fd8,MITDB_P111,111,345000000,2,20260929,0,-1.873917579650879,0.133089080452919,15,V2-002-F02-S20260929,4417c6668930e37bc9f0b71ff70d7ff9762182381c6fc54ae10e2b9c9d229143,MODEL_V1_CV_REFERENCE_V1
66844a84b2d10a2f4d0987cd59014eb0530fd3d402b2f38efaf037eef961543b,MITDB_P232,232,10000000,2,20260929,1,1.6814616918563843,0.843097984790802,15,V2-002-F02-S20260929,4417c6668930e37bc9f0b71ff70d7ff9762182381c6fc54ae10e2b9c9d229143,MODEL_V1_CV_REFERENCE_V1
668d40a702175553d44450c52ee9d75a7a60724fa8b510bdb9b29b9809c5bdd4,MITDB_P220,220,895000000,2,20260929,0,2.0721499919891357,0.8881666660308838,15,V2-002-F02-S20260929,4417c6668930e37bc9f0b71ff70d7ff9762182381c6fc54ae10e2b9c9d229143,MODEL_V1_CV_REFERENCE_V1
66e1e7b6a00eab9226d11e9d59b8ad24596b6fd33a2d1352d36281d84ada505b,MITDB_P215,215,1090000000,2,20260929,0,-4.080214500427246,0.01662284880876541,15,V2-002-F02-S20260929,4417c6668930e37bc9f0b71ff70d7ff9762182381c6fc54ae10e2b9c9d229143,MODEL_V1_CV_REFERENCE_V1
66e9e8daba08a498a2b36e5369b2723ce89f3e6ebb6c67a56d9da01f720c1f17,MITDB_P111,111,1225000000,2,20260929,0,-2.214801788330078,0.0984291359782219,15,V2-002-F02-S20260929,4417c6668930e37bc9f0b71ff70d7ff9762182381c6fc54ae10e2b9c9d229143,MODEL_V1_CV_REFERENCE_V1
66f07eccde1b17fa220750d757587e8c6f4940b9a81c6ed3b97704851efe9729,MITDB_P232,232,195000000,2,20260929,1,0.45436742901802063,0.6116771101951599,15,V2-002-F02-S20260929,4417c6668930e37bc9f0b71ff70d7ff9762182381c6fc54ae10e2b9c9d229143,MODEL_V1_CV_REFERENCE_V1
670abb1bc487d4a8f72e4833d86e496921de62d54f2dec0d13085509f4ef19d8,MITDB_P232,232,1400000000,2,20260929,1,0.07502885907888412,0.51874840259552,15,V2-002-F02-S20260929,4417c6668930e37bc9f0b71ff70d7ff9762182381c6fc54ae10e2b9c9d229143,MODEL_V1_CV_REFERENCE_V1
6797752e248e8a796910de81eab041ff0fb50da148d676ed979636285354bb6c,MITDB_P111,111,720000000,2,20260929,0,-0.4652068018913269,0.3857513666152954,15,V2-002-F02-S20260929,4417c6668930e37bc9f0b71ff70d7ff9762182381c6fc54ae10e2b9c9d229143,MODEL_V1_CV_REFERENCE_V1
6803326f29a114f25f4092de7d8d7f8b08eca9ac702c445ebe27a39793d6bd1c,MITDB_P215,215,1790000000,2,20260929,1,-1.0973916053771973,0.2502289414405823,15,V2-002-F02-S20260929,4417c6668930e37bc9f0b71ff70d7ff9762182381c6fc54ae10e2b9c9d229143,MODEL_V1_CV_REFERENCE_V1
680ed1d53c88ffd7cdc112b1cb246b9a1e25e0cb76c5bc3c2908468a5b902750,MITDB_P215,215,560000000,2,20260929,1,-0.34248992800712585,0.4152047634124756,15,V2-002-F02-S20260929,4417c6668930e37bc9f0b71ff70d7ff9762182381c6fc54ae10e2b9c9d229143,MODEL_V1_CV_REFERENCE_V1
684dae1dee3214f494bad151d43b8d5eed6097e27044f6e82cb77f44da40deb0,MITDB_P232,232,70000000,2,20260929,1,1.7175313234329224,0.8478106260299683,15,V2-002-F02-S20260929,4417c6668930e37bc9f0b71ff70d7ff9762182381c6fc54ae10e2b9c9d229143,MODEL_V1_CV_REFERENCE_V1
688575605598cfb978afc3493d855481fa11f410f602b4b5dff998351ab141d5,MITDB_P232,232,885000000,2,20260929,1,0.563505232334137,0.6372632384300232,15,V2-002-F02-S20260929,4417c6668930e37bc9f0b71ff70d7ff9762182381c6fc54ae10e2b9c9d229143,MODEL_V1_CV_REFERENCE_V1
68b5e411b392936cb3bb7f1a905cfa869b584fa31949616ab5c09db7f273c472,MITDB_P232,232,1410000000,2,20260929,1,0.2885473072528839,0.5716404318809509,15,V2-002-F02-S20260929,4417c6668930e37bc9f0b71ff70d7ff9762182381c6fc54ae10e2b9c9d229143,MODEL_V1_CV_REFERENCE_V1
68cb8b1a0d09cc6b5aab8af88dbc6714ccb9960144a12fd5f630a51e7dc853b0,MITDB_P111,111,1180000000,2,20260929,0,-1.9131355285644531,0.12862899899482727,15,V2-002-F02-S20260929,4417c6668930e37bc9f0b71ff70d7ff9762182381c6fc54ae10e2b9c9d229143,MODEL_V1_CV_REFERENCE_V1
691adcafe389cc1c1d796a6c50cbb2dd7333a3a8c0f118eeb882250801d42c7e,MITDB_P215,215,1385000000,2,20260929,0,-4.8785834312438965,0.007550341542810202,15,V2-002-F02-S20260929,4417c6668930e37bc9f0b71ff70d7ff9762182381c6fc54ae10e2b9c9d229143,MODEL_V1_CV_REFERENCE_V1
6921bef3db1af1cfbfb7105ea1d9002aab21a00591b77d469e9d3b951a015e45,MITDB_P215,215,505000000,2,20260929,1,0.5391455888748169,0.6316136717796326,15,V2-002-F02-S20260929,4417c6668930e37bc9f0b71ff70d7ff9762182381c6fc54ae10e2b9c9d229143,MODEL_V1_CV_REFERENCE_V1
692703dbcaff1126a13e455fc28523e80042430e8bd4ef5e72c914bc1e130b4a,MITDB_P215,215,610000000,2,20260929,1,-0.638262152671814,0.3456394672393799,15,V2-002-F02-S20260929,4417c6668930e37bc9f0b71ff70d7ff9762182381c6fc54ae10e2b9c9d229143,MODEL_V1_CV_REFERENCE_V1
692c10b517417f3d7eb1b3bdbd9df8979f5f28c2bcdb92f03f8f10b836ffc6eb,MITDB_P220,220,1125000000,2,20260929,0,1.9975227117538452,0.8805367946624756,15,V2-002-F02-S20260929,4417c6668930e37bc9f0b71ff70d7ff9762182381c6fc54ae10e2b9c9d229143,MODEL_V1_CV_REFERENCE_V1
692de418cdc3604cb1f0ad362624fb34b2f022cf36edc15b314e5f68ad1128c2,MITDB_P232,232,1515000000,2,20260929,1,0.030244074761867523,0.5075604319572449,15,V2-002-F02-S20260929,4417c6668930e37bc9f0b71ff70d7ff9762182381c6fc54ae10e2b9c9d229143,MODEL_V1_CV_REFERENCE_V1
69725704c1721c4f9c831ee1de5470457f619c4176d622d58578ad7914bbe4c2,MITDB_P220,220,1465000000,2,20260929,0,1.9581904411315918,0.8763369917869568,15,V2-002-F02-S20260929,4417c6668930e37bc9f0b71ff70d7ff9762182381c6fc54ae10e2b9c9d229143,MODEL_V1_CV_REFERENCE_V1
697d9eadd2d4850d95d31337f59adea1a16a45056e3eb782289fe963632374b6,MITDB_P113,113,760000000,2,20260929,0,1.4549102783203125,0.8107529878616333,15,V2-002-F02-S20260929,4417c6668930e37bc9f0b71ff70d7ff9762182381c6fc54ae10e2b9c9d229143,MODEL_V1_CV_REFERENCE_V1
698fc00262002ea7a3df98e3162edc47975ffe070a941cdba0bc4c1ce738566a,MITDB_P232,232,420000000,2,20260929,1,-0.01824004203081131,0.49544012546539307,15,V2-002-F02-S20260929,4417c6668930e37bc9f0b71ff70d7ff9762182381c6fc54ae10e2b9c9d229143,MODEL_V1_CV_REFERENCE_V1
69dbd8898849d5a58197ddfb571f1ebbfe7fd50230a29cff2624d0dc601943cd,MITDB_P215,215,1270000000,2,20260929,0,-4.601586818695068,0.009936179965734482,15,V2-002-F02-S20260929,4417c6668930e37bc9f0b71ff70d7ff9762182381c6fc54ae10e2b9c9d229143,MODEL_V1_CV_REFERENCE_V1
69ef37705f406bad402d665ba3a29e1649c099cb6890553b8e9cd164bfbd147e,MITDB_P113,113,1140000000,2,20260929,0,2.2815098762512207,0.90733402967453,15,V2-002-F02-S20260929,4417c6668930e37bc9f0b71ff70d7ff9762182381c6fc54ae10e2b9c9d229143,MODEL_V1_CV_REFERENCE_V1
6a5fcfd854546503e4e1e360a31bc98ead1c1aa557230cc38339e78bddec8321,MITDB_P215,215,1185000000,2,20260929,0,-5.276106357574463,0.005086294841021299,15,V2-002-F02-S20260929,4417c6668930e37bc9f0b71ff70d7ff9762182381c6fc54ae10e2b9c9d229143,MODEL_V1_CV_REFERENCE_V1
6a7806a0e55393e06213f630ea13a750c5f0f2c9d3b2f2c3bbb0eb0f7f8cd52d,MITDB_P220,220,1215000000,2,20260929,1,1.68501615524292,0.8435675501823425,15,V2-002-F02-S20260929,4417c6668930e37bc9f0b71ff70d7ff9762182381c6fc54ae10e2b9c9d229143,MODEL_V1_CV_REFERENCE_V1
6a834497e412affc59565657ae53f2a280f3b6faeac465098a16eb7e5ba2ca91,MITDB_P220,220,1640000000,2,20260929,0,1.3953397274017334,0.801443338394165,15,V2-002-F02-S20260929,4417c6668930e37bc9f0b71ff70d7ff9762182381c6fc54ae10e2b9c9d229143,MODEL_V1_CV_REFERENCE_V1
6a8441735669f4c3cb5bf10914f4c21a6b117ab8e2c845240df35995e9321654,MITDB_P215,215,520000000,2,20260929,0,-4.317224979400635,0.013161311857402325,15,V2-002-F02-S20260929,4417c6668930e37bc9f0b71ff70d7ff9762182381c6fc54ae10e2b9c9d229143,MODEL_V1_CV_REFERENCE_V1
6a962fc974eb5117f5c01327d830af5d0c0ffc6d2ff858e9f5640484f71d1a41,MITDB_P232,232,125000000,2,20260929,1,0.4499664902687073,0.6106312870979309,15,V2-002-F02-S20260929,4417c6668930e37bc9f0b71ff70d7ff9762182381c6fc54ae10e2b9c9d229143,MODEL_V1_CV_REFERENCE_V1
6abb00fb587e048a0186091d1b5d2b22d449bac2ea4074300a3c33e1da3d0866,MITDB_P215,215,1645000000,2,20260929,1,-2.859900951385498,0.05417177826166153,15,V2-002-F02-S20260929,4417c6668930e37bc9f0b71ff70d7ff9762182381c6fc54ae10e2b9c9d229143,MODEL_V1_CV_REFERENCE_V1
6b14533967c5e2b106397000aee393a2d1ee36a8d4b964921544e6f5b45587df,MITDB_P215,215,1355000000,2,20260929,1,-2.0512053966522217,0.11393063515424728,15,V2-002-F02-S20260929,4417c6668930e37bc9f0b71ff70d7ff9762182381c6fc54ae10e2b9c9d229143,MODEL_V1_CV_REFERENCE_V1
6b2731c4f77dff49a93593b4e7f0e0ecd0e1f7a81c14eb80a7d563c14594b0da,MITDB_P111,111,1150000000,2,20260929,0,-1.812950849533081,0.14028187096118927,15,V2-002-F02-S20260929,4417c6668930e37bc9f0b71ff70d7ff9762182381c6fc54ae10e2b9c9d229143,MODEL_V1_CV_REFERENCE_V1
6b71f27d4721170c99ffad3f551b51ceca8b1e97ae005cd391e94ec394e964cc,MITDB_P111,111,1300000000,2,20260929,0,-1.6162567138671875,0.16572175920009613,15,V2-002-F02-S20260929,4417c6668930e37bc9f0b71ff70d7ff9762182381c6fc54ae10e2b9c9d229143,MODEL_V1_CV_REFERENCE_V1
6b9793856692d5054ad0dc0d47e9db50a8bc10e162904e3ec94a4f95b2dc5c51,MITDB_P215,215,1605000000,2,20260929,0,-4.461425304412842,0.01141410879790783,15,V2-002-F02-S20260929,4417c6668930e37bc9f0b71ff70d7ff9762182381c6fc54ae10e2b9c9d229143,MODEL_V1_CV_REFERENCE_V1
6ba6879134a37bda12615b85df49d8dca9d9ade999d4ad9248bce223499d1a87,MITDB_P113,113,1360000000,2,20260929,0,0.15911328792572021,0.539694607257843,15,V2-002-F02-S20260929,4417c6668930e37bc9f0b71ff70d7ff9762182381c6fc54ae10e2b9c9d229143,MODEL_V1_CV_REFERENCE_V1
6bc9c90fc8ef918437dbb9133ffb792835a7a6a9890a45b339e9dfa8bf6f34ef,MITDB_P111,111,645000000,2,20260929,0,-1.5310636758804321,0.17783811688423157,15,V2-002-F02-S20260929,4417c6668930e37bc9f0b71ff70d7ff9762182381c6fc54ae10e2b9c9d229143,MODEL_V1_CV_REFERENCE_V1
6be9ff1b542225898b61e913a043566295b70d9421f7f633fac57e8e32d550b7,MITDB_P113,113,1400000000,2,20260929,0,1.3177915811538696,0.7888140082359314,15,V2-002-F02-S20260929,4417c6668930e37bc9f0b71ff70d7ff9762182381c6fc54ae10e2b9c9d229143,MODEL_V1_CV_REFERENCE_V1
6c05656171a0c7d93044a3b78cdd8a1e24809dc8e73e1c46af66d6488f6d1d17,MITDB_P220,220,1565000000,2,20260929,0,1.4035567045211792,0.8027476668357849,15,V2-002-F02-S20260929,4417c6668930e37bc9f0b71ff70d7ff9762182381c6fc54ae10e2b9c9d229143,MODEL_V1_CV_REFERENCE_V1
6c4c6cbea0a7b36dcbdc771676acf8e61bf20faa65ece62907ec8ce99c043348,MITDB_P111,111,1625000000,2,20260929,0,-2.5967445373535156,0.06934823095798492,15,V2-002-F02-S20260929,4417c6668930e37bc9f0b71ff70d7ff9762182381c6fc54ae10e2b9c9d229143,MODEL_V1_CV_REFERENCE_V1
6c69630c3b466a6e0bb49ad6e6f7e504c45b922ae8da2658bc6dc4bc29bd9797,MITDB_P232,232,660000000,2,20260929,1,0.15089750289916992,0.5376529693603516,15,V2-002-F02-S20260929,4417c6668930e37bc9f0b71ff70d7ff9762182381c6fc54ae10e2b9c9d229143,MODEL_V1_CV_REFERENCE_V1
6c7572b1d9f000152c3dcbe011815421c3d373b91b6d49e3feb5b5e93cfbeb20,MITDB_P232,232,1045000000,2,20260929,1,0.8672683238983154,0.7041769623756409,15,V2-002-F02-S20260929,4417c6668930e37bc9f0b71ff70d7ff9762182381c6fc54ae10e2b9c9d229143,MODEL_V1_CV_REFERENCE_V1
6cab6d1e503c0ba78c9ead5efb0b39a4abe729c5b922f32c114b9189e50ffa1a,MITDB_P215,215,25000000,2,20260929,1,-1.0863910913467407,0.2522984743118286,15,V2-002-F02-S20260929,4417c6668930e37bc9f0b71ff70d7ff9762182381c6fc54ae10e2b9c9d229143,MODEL_V1_CV_REFERENCE_V1
6cb876153da68ccbefa3444c1ae0c2ebe0ac4ca2e40aee0017b62a77488c853b,MITDB_P215,215,935000000,2,20260929,0,-4.017287731170654,0.017683392390608788,15,V2-002-F02-S20260929,4417c6668930e37bc9f0b71ff70d7ff9762182381c6fc54ae10e2b9c9d229143,MODEL_V1_CV_REFERENCE_V1
6cd67e0d4b16e4292904ec0bc48ac9d0ad540c296fb8ff0c81b7d0bfa5e8d0ec,MITDB_P232,232,215000000,2,20260929,1,0.48431259393692017,0.6187657117843628,15,V2-002-F02-S20260929,4417c6668930e37bc9f0b71ff70d7ff9762182381c6fc54ae10e2b9c9d229143,MODEL_V1_CV_REFERENCE_V1
6cedd62653c0a9fadb83b0172b4a277cef0eb544f24197f5a4edd5ea4027814f,MITDB_P220,220,715000000,2,20260929,0,2.1537652015686035,0.8960200548171997,15,V2-002-F02-S20260929,4417c6668930e37bc9f0b71ff70d7ff9762182381c6fc54ae10e2b9c9d229143,MODEL_V1_CV_REFERENCE_V1
6d0b99d6e16cbe708104d58697b4f32e3571dc87b1c3fa2897826cb31584ac3a,MITDB_P111,111,1575000000,2,20260929,0,-1.9659926891326904,0.12281997501850128,15,V2-002-F02-S20260929,4417c6668930e37bc9f0b71ff70d7ff9762182381c6fc54ae10e2b9c9d229143,MODEL_V1_CV_REFERENCE_V1
6d0f64ece44d73e4baeb20e11204affcce4a43b97a23dc4b9a69126f866d4795,MITDB_P215,215,235000000,2,20260929,1,-0.37117668986320496,0.40825673937797546,15,V2-002-F02-S20260929,4417c6668930e37bc9f0b71ff70d7ff9762182381c6fc54ae10e2b9c9d229143,MODEL_V1_CV_REFERENCE_V1
6d2816925c55b92d8570c133064b2aad1f71f6072142f35874710f8557e1c554,MITDB_P111,111,705000000,2,20260929,0,-1.6467074155807495,0.16155444085597992,15,V2-002-F02-S20260929,4417c6668930e37bc9f0b71ff70d7ff9762182381c6fc54ae10e2b9c9d229143,MODEL_V1_CV_REFERENCE_V1
6d39f8e3a64c5e5185deb23460e92089a0968e3057cc3ae1f3729f32ee2b2217,MITDB_P220,220,505000000,2,20260929,0,1.6504149436950684,0.8389471173286438,15,V2-002-F02-S20260929,4417c6668930e37bc9f0b71ff70d7ff9762182381c6fc54ae10e2b9c9d229143,MODEL_V1_CV_REFERENCE_V1
6d584b593afeeed5178ee54b01e080a39a4f0fbfdab4ebabaf552054fe58a72a,MITDB_P232,232,615000000,2,20260929,1,-0.06144622713327408,0.48464328050613403,15,V2-002-F02-S20260929,4417c6668930e37bc9f0b71ff70d7ff9762182381c6fc54ae10e2b9c9d229143,MODEL_V1_CV_REFERENCE_V1
6d71b61ed1be9e8be0815b2d96d7e97a9f9776508379107d1c54d0e0f7ce5c99,MITDB_P113,113,75000000,2,20260929,0,2.052834987640381,0.8862336874008179,15,V2-002-F02-S20260929,4417c6668930e37bc9f0b71ff70d7ff9762182381c6fc54ae10e2b9c9d229143,MODEL_V1_CV_REFERENCE_V1
6d7bb2cad66c2afdd294f9552acb0dbbc207df2be8f7b94036bd92eaef2200e7,MITDB_P113,113,275000000,2,20260929,0,2.1811845302581787,0.8985471725463867,15,V2-002-F02-S20260929,4417c6668930e37bc9f0b71ff70d7ff9762182381c6fc54ae10e2b9c9d229143,MODEL_V1_CV_REFERENCE_V1
6d83365436607e71596a294fb59a6217d72a59aeae4730c43594a48d71247e22,MITDB_P111,111,1135000000,2,20260929,0,-2.9643940925598145,0.04906059801578522,15,V2-002-F02-S20260929,4417c6668930e37bc9f0b71ff70d7ff9762182381c6fc54ae10e2b9c9d229143,MODEL_V1_CV_REFERENCE_V1
6d9b6d9e84a978beccf7b24ed6768ffea72ca8ed69c9a6ff9771f5b65af1fcbd,MITDB_P113,113,980000000,2,20260929,0,1.8308069705963135,0.8618578314781189,15,V2-002-F02-S20260929,4417c6668930e37bc9f0b71ff70d7ff9762182381c6fc54ae10e2b9c9d229143,MODEL_V1_CV_REFERENCE_V1
6d9ed5f224462e71f297c1a3b6025d8be0e9f0b202ec11db0fc1e08d39efcca4,MITDB_P220,220,1285000000,2,20260929,0,1.7059428691864014,0.8463093638420105,15,V2-002-F02-S20260929,4417c6668930e37bc9f0b71ff70d7ff9762182381c6fc54ae10e2b9c9d229143,MODEL_V1_CV_REFERENCE_V1
6da456a1e0615a2196ebc4edd58ec63ba62178e2601699be2d90efea8ad251b0,MITDB_P220,220,865000000,2,20260929,1,1.9453686475753784,0.8749407529830933,15,V2-002-F02-S20260929,4417c6668930e37bc9f0b71ff70d7ff9762182381c6fc54ae10e2b9c9d229143,MODEL_V1_CV_REFERENCE_V1
6dda88eef0372e9072ed2f57588196ede42329ad39af92d9054f28b1b966d205,MITDB_P111,111,655000000,2,20260929,0,-1.2952483892440796,0.21496577560901642,15,V2-002-F02-S20260929,4417c6668930e37bc9f0b71ff70d7ff9762182381c6fc54ae10e2b9c9d229143,MODEL_V1_CV_REFERENCE_V1
6e93b3b0081de2cbcc3057b6d631a4f4ed632d5f981a69f3691023bab7200a3c,MITDB_P220,220,485000000,2,20260929,0,1.672333002090454,0.8418866395950317,15,V2-002-F02-S20260929,4417c6668930e37bc9f0b71ff70d7ff9762182381c6fc54ae10e2b9c9d229143,MODEL_V1_CV_REFERENCE_V1
6eaa1d15aee315da9900189c026ed45286019ef7ac75118f93500db114c8f1d4,MITDB_P113,113,1055000000,2,20260929,0,1.3594460487365723,0.7956696152687073,15,V2-002-F02-S20260929,4417c6668930e37bc9f0b71ff70d7ff9762182381c6fc54ae10e2b9c9d229143,MODEL_V1_CV_REFERENCE_V1
6ee2e8bf1de7ed4885ee0916ccb7986b690ba607f63386a0474bf71b53c14e3d,MITDB_P111,111,260000000,2,20260929,0,-2.556682586669922,0.07197882235050201,15,V2-002-F02-S20260929,4417c6668930e37bc9f0b71ff70d7ff9762182381c6fc54ae10e2b9c9d229143,MODEL_V1_CV_REFERENCE_V1
6ee5786c3d965ebe288d3d52da2bfc0c7bba7424821dd20572ffc5ea502855a1,MITDB_P220,220,1705000000,2,20260929,1,1.6325455904006958,0.8365180492401123,15,V2-002-F02-S20260929,4417c6668930e37bc9f0b71ff70d7ff9762182381c6fc54ae10e2b9c9d229143,MODEL_V1_CV_REFERENCE_V1
6f13719c880f79f89720f421c8fe16eeb603c4f3f091f35ef74d3a7a97620db5,MITDB_P111,111,130000000,2,20260929,0,-1.5297091007232666,0.17803624272346497,15,V2-002-F02-S20260929,4417c6668930e37bc9f0b71ff70d7ff9762182381c6fc54ae10e2b9c9d229143,MODEL_V1_CV_REFERENCE_V1
6f1ae7411f8109acaa57982a3d73ae1dbe60caa123d01b49a9ed90a55dc27e83,MITDB_P215,215,1720000000,2,20260929,1,-1.8459763526916504,0.1363460123538971,15,V2-002-F02-S20260929,4417c6668930e37bc9f0b71ff70d7ff9762182381c6fc54ae10e2b9c9d229143,MODEL_V1_CV_REFERENCE_V1
6f2deb0e772d1e9080c4b1f2d0da3cbb317bc10959049b354678e2b3d8186edd,MITDB_P113,113,1730000000,2,20260929,0,1.802463412284851,0.8584485650062561,15,V2-002-F02-S20260929,4417c6668930e37bc9f0b71ff70d7ff9762182381c6fc54ae10e2b9c9d229143,MODEL_V1_CV_REFERENCE_V1
6f315ed4b6c1082ef2fba494325fcdc9880b37b5b0423be09dc74be80b795030,MITDB_P215,215,405000000,2,20260929,0,-3.132904052734375,0.04177021607756615,15,V2-002-F02-S20260929,4417c6668930e37bc9f0b71ff70d7ff9762182381c6fc54ae10e2b9c9d229143,MODEL_V1_CV_REFERENCE_V1
6f444e5e6e2b54bd3fad2945b432cba3d4df8c068c29963eadd1eb9a63e89060,MITDB_P113,113,1060000000,2,20260929,0,1.4590141773223877,0.8113818764686584,15,V2-002-F02-S20260929,4417c6668930e37bc9f0b71ff70d7ff9762182381c6fc54ae10e2b9c9d229143,MODEL_V1_CV_REFERENCE_V1
6f4960f4f70512c8133380b868ec549c0f013f6c6209930ad12f5220b639f16b,MITDB_P215,215,1700000000,2,20260929,0,-4.497631549835205,0.011012708768248558,15,V2-002-F02-S20260929,4417c6668930e37bc9f0b71ff70d7ff9762182381c6fc54ae10e2b9c9d229143,MODEL_V1_CV_REFERENCE_V1
6f7e8b0fd6f22c10b491b5c96676cd41a30d24eaf52c193b0969f16cc7e31efc,MITDB_P111,111,1370000000,2,20260929,0,0.23948797583580017,0.5595874786376953,15,V2-002-F02-S20260929,4417c6668930e37bc9f0b71ff70d7ff9762182381c6fc54ae10e2b9c9d229143,MODEL_V1_CV_REFERENCE_V1
703b66fbaa627fce9d5136ee30234a9d3fb49be427ca5aaefde417edb8acdcda,MITDB_P113,113,1625000000,2,20260929,0,0.7482001781463623,0.6787863969802856,15,V2-002-F02-S20260929,4417c6668930e37bc9f0b71ff70d7ff9762182381c6fc54ae10e2b9c9d229143,MODEL_V1_CV_REFERENCE_V1
7044e955ec5df426d3a7bdb190017f22570fb5e72091fe1d96e125f9692b5f93,MITDB_P111,111,1050000000,2,20260929,0,-1.4154112339019775,0.19538195431232452,15,V2-002-F02-S20260929,4417c6668930e37bc9f0b71ff70d7ff9762182381c6fc54ae10e2b9c9d229143,MODEL_V1_CV_REFERENCE_V1
7047ba2b8170986cb219d56f5a6cf1694334dc58028068ba7144694621bd4b74,MITDB_P113,113,410000000,2,20260929,1,1.4146578311920166,0.8044995665550232,15,V2-002-F02-S20260929,4417c6668930e37bc9f0b71ff70d7ff9762182381c6fc54ae10e2b9c9d229143,MODEL_V1_CV_REFERENCE_V1
704db93d8e2f5162896ef0ee0cfb935ce21eee25eebb199afafc3d5e91604397,MITDB_P215,215,1425000000,2,20260929,1,-1.8864686489105225,0.13164763152599335,15,V2-002-F02-S20260929,4417c6668930e37bc9f0b71ff70d7ff9762182381c6fc54ae10e2b9c9d229143,MODEL_V1_CV_REFERENCE_V1
70b4824d20b3b274df2b40df2a227a2c045dcecae68245ebefb9bd9a33fe562b,MITDB_P113,113,1620000000,2,20260929,0,0.7289995551109314,0.6745857000350952,15,V2-002-F02-S20260929,4417c6668930e37bc9f0b71ff70d7ff9762182381c6fc54ae10e2b9c9d229143,MODEL_V1_CV_REFERENCE_V1
70bbe78306bc4563824248abf64627486da08a1b64f738393c2f6871ec0689bf,MITDB_P220,220,1685000000,2,20260929,0,1.4356846809387207,0.8077855110168457,15,V2-002-F02-S20260929,4417c6668930e37bc9f0b71ff70d7ff9762182381c6fc54ae10e2b9c9d229143,MODEL_V1_CV_REFERENCE_V1
70c77991d5bf6c54d02adfd3458a22aee36d41981f519e57326f7e7fc444e65e,MITDB_P215,215,1400000000,2,20260929,1,-1.8243266344070435,0.1389155238866806,15,V2-002-F02-S20260929,4417c6668930e37bc9f0b71ff70d7ff9762182381c6fc54ae10e2b9c9d229143,MODEL_V1_CV_REFERENCE_V1
70cde684f170efde2fe4540ce2be210db3540a2e2d3e8b7887926d956af18956,MITDB_P113,113,1040000000,2,20260929,0,2.2709949016571045,0.9064461588859558,15,V2-002-F02-S20260929,4417c6668930e37bc9f0b71ff70d7ff9762182381c6fc54ae10e2b9c9d229143,MODEL_V1_CV_REFERENCE_V1
70dec3ab8cf47f805d75c06b5fcc7fd41edf87d3ec73445160bac5b5d666733d,MITDB_P215,215,605000000,2,20260929,0,-4.2654643058776855,0.013850805349647999,15,V2-002-F02-S20260929,4417c6668930e37bc9f0b71ff70d7ff9762182381c6fc54ae10e2b9c9d229143,MODEL_V1_CV_REFERENCE_V1
71405927038bf063ba7ace41c34e96e5bc68458f6d1b952a89c9caec93932446,MITDB_P232,232,835000000,2,20260929,1,1.00613272190094,0.7322626113891602,15,V2-002-F02-S20260929,4417c6668930e37bc9f0b71ff70d7ff9762182381c6fc54ae10e2b9c9d229143,MODEL_V1_CV_REFERENCE_V1
719aba29f145c3a14133461addc8fb2b1ee59ea785d971f4b8af67be3f4c01d8,MITDB_P215,215,1040000000,2,20260929,1,0.14088261127471924,0.5351625084877014,15,V2-002-F02-S20260929,4417c6668930e37bc9f0b71ff70d7ff9762182381c6fc54ae10e2b9c9d229143,MODEL_V1_CV_REFERENCE_V1
719c80f43c3b21b9f73df3ab6b945d272791b5e26eda31c9973961de4e9b4335,MITDB_P111,111,1715000000,2,20260929,0,-1.865486741065979,0.13406480848789215,15,V2-002-F02-S20260929,4417c6668930e37bc9f0b71ff70d7ff9762182381c6fc54ae10e2b9c9d229143,MODEL_V1_CV_REFERENCE_V1
71a36d995de8d7c87525601996f4711b8c85dc197253558c6cbea5d5ef247ad8,MITDB_P113,113,240000000,2,20260929,0,1.5363242626190186,0.8229296803474426,15,V2-002-F02-S20260929,4417c6668930e37bc9f0b71ff70d7ff9762182381c6fc54ae10e2b9c9d229143,MODEL_V1_CV_REFERENCE_V1
71e787b7982bc9782828f36190d7ce1b103d06424dbc5849b85a874330c9274d,MITDB_P113,113,1570000000,2,20260929,0,0.8474029898643494,0.7000220417976379,15,V2-002-F02-S20260929,4417c6668930e37bc9f0b71ff70d7ff9762182381c6fc54ae10e2b9c9d229143,MODEL_V1_CV_REFERENCE_V1
71fae3baadee0ae0c4330cd78c2102b2735d8a13c5a8b13706a412fe7ecae521,MITDB_P215,215,1170000000,2,20260929,0,-4.683528423309326,0.009161620400846004,15,V2-002-F02-S20260929,4417c6668930e37bc9f0b71ff70d7ff9762182381c6fc54ae10e2b9c9d229143,MODEL_V1_CV_REFERENCE_V1
720fc9eb34ec8d101fbffcb4b57a0adac95d3232923c60a901891e929195906c,MITDB_P220,220,255000000,2,20260929,0,1.9797999858856201,0.8786599040031433,15,V2-002-F02-S20260929,4417c6668930e37bc9f0b71ff70d7ff9762182381c6fc54ae10e2b9c9d229143,MODEL_V1_CV_REFERENCE_V1
7263e10b4add5b15cd04e6bd07c1bb0807cb4a9db9078307621e676d2ebe2e4c,MITDB_P232,232,1565000000,2,20260929,1,0.12026118487119675,0.5300291180610657,15,V2-002-F02-S20260929,4417c6668930e37bc9f0b71ff70d7ff9762182381c6fc54ae10e2b9c9d229143,MODEL_V1_CV_REFERENCE_V1
7294a64bbb75f69c2c4ee2f080b334acfb03d80924b51e6ba12263a223257c9d,MITDB_P111,111,750000000,2,20260929,0,-1.8374238014221191,0.13735626637935638,15,V2-002-F02-S20260929,4417c6668930e37bc9f0b71ff70d7ff9762182381c6fc54ae10e2b9c9d229143,MODEL_V1_CV_REFERENCE_V1
7296f03a103f772801c7d5e7a16d40541d02260ea091f036286f76df0d582608,MITDB_P113,113,450000000,2,20260929,0,1.8192044496536255,0.8604706525802612,15,V2-002-F02-S20260929,4417c6668930e37bc9f0b71ff70d7ff9762182381c6fc54ae10e2b9c9d229143,MODEL_V1_CV_REFERENCE_V1
72ae0ee962d60c08fe9e15169ff19712fa2a5a859b8105416bb5cfd6e2a7cff7,MITDB_P215,215,115000000,2,20260929,1,-1.2944647073745728,0.2150980681180954,15,V2-002-F02-S20260929,4417c6668930e37bc9f0b71ff70d7ff9762182381c6fc54ae10e2b9c9d229143,MODEL_V1_CV_REFERENCE_V1
72e406386caeb1f5f237c305cfbef71da9ab814fb034e1c61e59d363f1a3e143,MITDB_P113,113,1495000000,2,20260929,0,2.1086957454681396,0.8917455077171326,15,V2-002-F02-S20260929,4417c6668930e37bc9f0b71ff70d7ff9762182381c6fc54ae10e2b9c9d229143,MODEL_V1_CV_REFERENCE_V1
733ee587aa080296caba5b00d84627514370842cae81e795b9551c332bc1a640,MITDB_P215,215,785000000,2,20260929,1,-1.890850305557251,0.13114754855632782,15,V2-002-F02-S20260929,4417c6668930e37bc9f0b71ff70d7ff9762182381c6fc54ae10e2b9c9d229143,MODEL_V1_CV_REFERENCE_V1
7349cfa89c1e4da0a2d572865307f876e6a6a898fd9acf43f2835ed2d4d71ac3,MITDB_P111,111,1680000000,2,20260929,0,-1.0944180488586426,0.25078722834587097,15,V2-002-F02-S20260929,4417c6668930e37bc9f0b71ff70d7ff9762182381c6fc54ae10e2b9c9d229143,MODEL_V1_CV_REFERENCE_V1
739e2a84b749fb75ab171f62ce0b987ba38b4cffc82adf16360f06f12cf02b86,MITDB_P220,220,315000000,2,20260929,0,1.6224265098571777,0.8351294994354248,15,V2-002-F02-S20260929,4417c6668930e37bc9f0b71ff70d7ff9762182381c6fc54ae10e2b9c9d229143,MODEL_V1_CV_REFERENCE_V1
73af9ac40ad3fafe6360ccc6004cd833af4bf090d82bfacbb24da841dab55e7e,MITDB_P220,220,815000000,2,20260929,0,2.0936074256896973,0.8902802467346191,15,V2-002-F02-S20260929,4417c6668930e37bc9f0b71ff70d7ff9762182381c6fc54ae10e2b9c9d229143,MODEL_V1_CV_REFERENCE_V1
73bac04eb5d8f2b8fb160803efe2dfb007dcb322b813fa4f2bfed2f626dd6e4e,MITDB_P220,220,1175000000,2,20260929,0,2.1414666175842285,0.8948686718940735,15,V2-002-F02-S20260929,4417c6668930e37bc9f0b71ff70d7ff9762182381c6fc54ae10e2b9c9d229143,MODEL_V1_CV_REFERENCE_V1
73e6c40e4ca0ada2af8112c195108407392593a22deddac0e243419eb0694531,MITDB_P113,113,475000000,2,20260929,0,1.9098265171051025,0.8709996342658997,15,V2-002-F02-S20260929,4417c6668930e37bc9f0b71ff70d7ff9762182381c6fc54ae10e2b9c9d229143,MODEL_V1_CV_REFERENCE_V1
73f345a8b11b1264195e0ac59b2c2ca81fc4c73c6d2b4d319650d5e8488bc33b,MITDB_P232,232,295000000,2,20260929,1,0.701989471912384,0.6686287522315979,15,V2-002-F02-S20260929,4417c6668930e37bc9f0b71ff70d7ff9762182381c6fc54ae10e2b9c9d229143,MODEL_V1_CV_REFERENCE_V1
73f8054efe71168880003f65b61a0ddf74a59fe8fb57879eabbdf7b6e364ffa0,MITDB_P111,111,355000000,2,20260929,0,-2.008410692214966,0.11832267045974731,15,V2-002-F02-S20260929,4417c6668930e37bc9f0b71ff70d7ff9762182381c6fc54ae10e2b9c9d229143,MODEL_V1_CV_REFERENCE_V1
74006d523e4b7c2ae883dc562e0fdf80083d69ffb22ce89db28a16d79d39a4d1,MITDB_P113,113,1725000000,2,20260929,0,1.4291672706604004,0.8067715167999268,15,V2-002-F02-S20260929,4417c6668930e37bc9f0b71ff70d7ff9762182381c6fc54ae10e2b9c9d229143,MODEL_V1_CV_REFERENCE_V1
742ec6491fff82c2a727a8327e23d97fb1d4949c703edae6cf0df51cffa17e10,MITDB_P111,111,220000000,2,20260929,0,-1.1883049011230469,0.23356223106384277,15,V2-002-F02-S20260929,4417c6668930e37bc9f0b71ff70d7ff9762182381c6fc54ae10e2b9c9d229143,MODEL_V1_CV_REFERENCE_V1
747f3332dbfa3fea2976c6484b1ca2ad61abfb2177826943902d84f2fcba1424,MITDB_P215,215,1240000000,2,20260929,1,-2.5042078495025635,0.07556372135877609,15,V2-002-F02-S20260929,4417c6668930e37bc9f0b71ff70d7ff9762182381c6fc54ae10e2b9c9d229143,MODEL_V1_CV_REFERENCE_V1
74912e91011d70bc517ddbbfb14f281f1bd57b127f3d24af07e13b25cfcbbddf,MITDB_P215,215,1310000000,2,20260929,1,-0.5563797354698181,0.3643855154514313,15,V2-002-F02-S20260929,4417c6668930e37bc9f0b71ff70d7ff9762182381c6fc54ae10e2b9c9d229143,MODEL_V1_CV_REFERENCE_V1
74cbc69c70120337de918626eeceab339c50148d891777e6b8c62c582804b23c,MITDB_P215,215,620000000,2,20260929,1,-0.34863197803497314,0.413714200258255,15,V2-002-F02-S20260929,4417c6668930e37bc9f0b71ff70d7ff9762182381c6fc54ae10e2b9c9d229143,MODEL_V1_CV_REFERENCE_V1
7502dc6c1833133075092da0d4af73ffb3773ca2214a3eed47ff6b339fff1452,MITDB_P215,215,1230000000,2,20260929,1,-1.6378707885742188,0.16275499761104584,15,V2-002-F02-S20260929,4417c6668930e37bc9f0b71ff70d7ff9762182381c6fc54ae10e2b9c9d229143,MODEL_V1_CV_REFERENCE_V1
7545209a5ed44fffbdb9087ba39f9313e0efc440987bb8585c07103b1c2b630b,MITDB_P232,232,745000000,2,20260929,1,0.2284296751022339,0.5568603873252869,15,V2-002-F02-S20260929,4417c6668930e37bc9f0b71ff70d7ff9762182381c6fc54ae10e2b9c9d229143,MODEL_V1_CV_REFERENCE_V1
755f6fc5be0913bf7149b0d2bcb5b7c1876e8edb270a2c940835db640ae6752a,MITDB_P232,232,1330000000,2,20260929,1,0.03395431488752365,0.5084877610206604,15,V2-002-F02-S20260929,4417c6668930e37bc9f0b71ff70d7ff9762182381c6fc54ae10e2b9c9d229143,MODEL_V1_CV_REFERENCE_V1
75ba22627f3eb008f4d0fa70a780c3cb4c7f1c220f50727379d45d22fcca2afd,MITDB_P220,220,1045000000,2,20260929,0,2.081348419189453,0.8890771269798279,15,V2-002-F02-S20260929,4417c6668930e37bc9f0b71ff70d7ff9762182381c6fc54ae10e2b9c9d229143,MODEL_V1_CV_REFERENCE_V1
75c8927f7bcf59c1acf1e4482e050e296a54eacbbe2cab8dc13a1f761a11baf0,MITDB_P220,220,1550000000,2,20260929,1,1.5241422653198242,0.8211476802825928,15,V2-002-F02-S20260929,4417c6668930e37bc9f0b71ff70d7ff9762182381c6fc54ae10e2b9c9d229143,MODEL_V1_CV_REFERENCE_V1
75dbdd1022be47d226e910e0c767492120bbbe4d022a54fdf73d1746fb87e4aa,MITDB_P111,111,1005000000,2,20260929,0,-3.1169180870056152,0.042414769530296326,15,V2-002-F02-S20260929,4417c6668930e37bc9f0b71ff70d7ff9762182381c6fc54ae10e2b9c9d229143,MODEL_V1_CV_REFERENCE_V1
75e21d94613537ebc5eac7729eb65f08748cd9fc9a1e2a5376b570b48a49b246,MITDB_P232,232,1680000000,2,20260929,1,-0.051498182117938995,0.48712825775146484,15,V2-002-F02-S20260929,4417c6668930e37bc9f0b71ff70d7ff9762182381c6fc54ae10e2b9c9d229143,MODEL_V1_CV_REFERENCE_V1
75ebd6f7577c9a3af5d95c919284dd4d5feddf3cd50a4bd993014ee80b69e8db,MITDB_P220,220,600000000,2,20260929,0,2.0533392429351807,0.8862845301628113,15,V2-002-F02-S20260929,4417c6668930e37bc9f0b71ff70d7ff9762182381c6fc54ae10e2b9c9d229143,MODEL_V1_CV_REFERENCE_V1
75f35b0452115d7c2bb5f55ee83a46c9cf36c0374e2061dec80cfae1a95d5a16,MITDB_P232,232,540000000,2,20260929,1,0.3290347158908844,0.5815244913101196,15,V2-002-F02-S20260929,4417c6668930e37bc9f0b71ff70d7ff9762182381c6fc54ae10e2b9c9d229143,MODEL_V1_CV_REFERENCE_V1
761607906c3183efa7dc6a0ac593e77998857c0bd3ce5c8a7facd371c44dab5b,MITDB_P111,111,580000000,2,20260929,0,-1.7170180082321167,0.15225566923618317,15,V2-002-F02-S20260929,4417c6668930e37bc9f0b71ff70d7ff9762182381c6fc54ae10e2b9c9d229143,MODEL_V1_CV_REFERENCE_V1
762eab41e93da677587a9b26f42a9467228311973cda1f2a039d11f0dc6bd6b3,MITDB_P215,215,475000000,2,20260929,0,-4.479825496673584,0.011208340525627136,15,V2-002-F02-S20260929,4417c6668930e37bc9f0b71ff70d7ff9762182381c6fc54ae10e2b9c9d229143,MODEL_V1_CV_REFERENCE_V1
7646d33d576ff51462b2817a78bc845040b4bb1543c0f638d66d511cfdbeb930,MITDB_P220,220,1205000000,2,20260929,0,1.6195778846740723,0.8347368836402893,15,V2-002-F02-S20260929,4417c6668930e37bc9f0b71ff70d7ff9762182381c6fc54ae10e2b9c9d229143,MODEL_V1_CV_REFERENCE_V1
76521b7ab45ceef58f2f8ce9eab0a8eb1a26905a0fa8a6028a3737a6eccb72a0,MITDB_P113,113,1630000000,2,20260929,0,0.833814799785614,0.6971609592437744,15,V2-002-F02-S20260929,4417c6668930e37bc9f0b71ff70d7ff9762182381c6fc54ae10e2b9c9d229143,MODEL_V1_CV_REFERENCE_V1
7661aad46c426e586d576284ff8b00ffbb8544e6d1167627726377b06504c8f4,MITDB_P220,220,620000000,2,20260929,0,2.1022863388061523,0.8911252021789551,15,V2-002-F02-S20260929,4417c6668930e37bc9f0b71ff70d7ff9762182381c6fc54ae10e2b9c9d229143,MODEL_V1_CV_REFERENCE_V1
76966a6c6b4d661ad2110ded8ba58e3b14a2717eeb7da47234a3b40d4367e53e,MITDB_P215,215,645000000,2,20260929,0,-4.663487911224365,0.0093453424051404,15,V2-002-F02-S20260929,4417c6668930e37bc9f0b71ff70d7ff9762182381c6fc54ae10e2b9c9d229143,MODEL_V1_CV_REFERENCE_V1
76a3f1108e7fe48a26db2c26b988a59cb03dc2134da016559376dd50a2301f0a,MITDB_P111,111,810000000,2,20260929,0,-1.857788324356079,0.13496103882789612,15,V2-002-F02-S20260929,4417c6668930e37bc9f0b71ff70d7ff9762182381c6fc54ae10e2b9c9d229143,MODEL_V1_CV_REFERENCE_V1
7718d70bc6a325c87515ece6a42ae65dfb8b4b362595276d699b73abfa8b9766,MITDB_P215,215,70000000,2,20260929,0,-3.5269646644592285,0.02855466678738594,15,V2-002-F02-S20260929,4417c6668930e37bc9f0b71ff70d7ff9762182381c6fc54ae10e2b9c9d229143,MODEL_V1_CV_REFERENCE_V1
775d78f434b119eacb68d2f4c2308aa4a4c991834d9ee5321bb69503c7960bf0,MITDB_P111,111,310000000,2,20260929,0,-2.030056953430176,0.11608307808637619,15,V2-002-F02-S20260929,4417c6668930e37bc9f0b71ff70d7ff9762182381c6fc54ae10e2b9c9d229143,MODEL_V1_CV_REFERENCE_V1
7771f3ef3827131e7311802347ad2630058a4cb757ddf127dd84910cf7b200ee,MITDB_P232,232,1470000000,2,20260929,1,0.7951352596282959,0.6889328956604004,15,V2-002-F02-S20260929,4417c6668930e37bc9f0b71ff70d7ff9762182381c6fc54ae10e2b9c9d229143,MODEL_V1_CV_REFERENCE_V1
77858b33789c98c47df26d95392ecde17088e2e997c6f7b782afebd714af45fe,MITDB_P111,111,255000000,2,20260929,0,-2.3033411502838135,0.09084662795066833,15,V2-002-F02-S20260929,4417c6668930e37bc9f0b71ff70d7ff9762182381c6fc54ae10e2b9c9d229143,MODEL_V1_CV_REFERENCE_V1
77938fe7e83c43008280777c09a9620548d4c9f4185d0ef31a7fa19add67951c,MITDB_P215,215,265000000,2,20260929,1,-0.4325774013996124,0.3935110569000244,15,V2-002-F02-S20260929,4417c6668930e37bc9f0b71ff70d7ff9762182381c6fc54ae10e2b9c9d229143,MODEL_V1_CV_REFERENCE_V1
77a19200c0afc0bdaf9b5aa56719bf0644660a0f148048ed88206ee178e46f6a,MITDB_P111,111,90000000,2,20260929,0,-2.0585618019104004,0.11319011449813843,15,V2-002-F02-S20260929,4417c6668930e37bc9f0b71ff70d7ff9762182381c6fc54ae10e2b9c9d229143,MODEL_V1_CV_REFERENCE_V1
77b141f712d47b36cc9f3401ab8a326483d863bc3f38c43a70be575c0f030137,MITDB_P220,220,95000000,2,20260929,0,1.795906901359558,0.8576499223709106,15,V2-002-F02-S20260929,4417c6668930e37bc9f0b71ff70d7ff9762182381c6fc54ae10e2b9c9d229143,MODEL_V1_CV_REFERENCE_V1
780c24c2b34a48014e89c858b0e8232be30c77cc69a70fb7db247aad4f690850,MITDB_P113,113,1160000000,2,20260929,0,0.4483937621116638,0.6102572679519653,15,V2-002-F02-S20260929,4417c6668930e37bc9f0b71ff70d7ff9762182381c6fc54ae10e2b9c9d229143,MODEL_V1_CV_REFERENCE_V1
78566b41210d8f32e2ee8cc6477052e9633aa7abf1cf3c97781e8200db083f67,MITDB_P215,215,525000000,2,20260929,0,-4.199260234832764,0.014784803614020348,15,V2-002-F02-S20260929,4417c6668930e37bc9f0b71ff70d7ff9762182381c6fc54ae10e2b9c9d229143,MODEL_V1_CV_REFERENCE_V1
786044a2ea584208f036301d6c32b7e12cea0d0deb2333c839a962099e8b8e8d,MITDB_P113,113,1325000000,2,20260929,0,1.1957459449768066,0.7677671909332275,15,V2-002-F02-S20260929,4417c6668930e37bc9f0b71ff70d7ff9762182381c6fc54ae10e2b9c9d229143,MODEL_V1_CV_REFERENCE_V1
7879b833de872b122f6647be3eca8a11bde1c4e05b34347bf718bd3f3a0ab198,MITDB_P232,232,1315000000,2,20260929,1,0.3278527557849884,0.5812368392944336,15,V2-002-F02-S20260929,4417c6668930e37bc9f0b71ff70d7ff9762182381c6fc54ae10e2b9c9d229143,MODEL_V1_CV_REFERENCE_V1
787ec464965880fc7e7f3ae770d6968c6f3fc2c2655f16ce799d1b3ff52d7e96,MITDB_P220,220,1380000000,2,20260929,0,1.7230815887451172,0.84852534532547,15,V2-002-F02-S20260929,4417c6668930e37bc9f0b71ff70d7ff9762182381c6fc54ae10e2b9c9d229143,MODEL_V1_CV_REFERENCE_V1
78ab50ecea260e41f89f467dc431ba2ef1f1e4d28d4971cb3fcbe3055f9166c1,MITDB_P111,111,85000000,2,20260929,0,-2.7246744632720947,0.06153297424316406,15,V2-002-F02-S20260929,4417c6668930e37bc9f0b71ff70d7ff9762182381c6fc54ae10e2b9c9d229143,MODEL_V1_CV_REFERENCE_V1
78addab29e767652c61dda509f5ad781b51ec8c3ff9108980527788746fa08d6,MITDB_P215,215,1235000000,2,20260929,1,-2.264586925506592,0.09409863501787186,15,V2-002-F02-S20260929,4417c6668930e37bc9f0b71ff70d7ff9762182381c6fc54ae10e2b9c9d229143,MODEL_V1_CV_REFERENCE_V1
78f5e1304e01ddcd0ed441b58b8418174443155a8399a598b3951958ea5d7f3a,MITDB_P232,232,645000000,2,20260929,1,-0.20820170640945435,0.4481367766857147,15,V2-002-F02-S20260929,4417c6668930e37bc9f0b71ff70d7ff9762182381c6fc54ae10e2b9c9d229143,MODEL_V1_CV_REFERENCE_V1
7911bed22e23b3b3c6e5dc9a34590cec38e8caac4942cc04dbc1145f68924e85,MITDB_P111,111,1615000000,2,20260929,0,-2.653975486755371,0.06574440747499466,15,V2-002-F02-S20260929,4417c6668930e37bc9f0b71ff70d7ff9762182381c6fc54ae10e2b9c9d229143,MODEL_V1_CV_REFERENCE_V1
791b07bfa758ab6f153759f38b42bc64d76404a654553578ea2114a70e9777ea,MITDB_P220,220,1350000000,2,20260929,0,1.6602627038955688,0.8402733206748962,15,V2-002-F02-S20260929,4417c6668930e37bc9f0b71ff70d7ff9762182381c6fc54ae10e2b9c9d229143,MODEL_V1_CV_REFERENCE_V1
79203b110437b22998eeeb1951e48934f3ec6462076e16b4a613dba5a3711d09,MITDB_P215,215,255000000,2,20260929,0,-2.8321712017059326,0.05561026185750961,15,V2-002-F02-S20260929,4417c6668930e37bc9f0b71ff70d7ff9762182381c6fc54ae10e2b9c9d229143,MODEL_V1_CV_REFERENCE_V1
7935cf9b8fca5241328459110be0b6a2401c49ea41336e148190b0cee8b346b8,MITDB_P220,220,1455000000,2,20260929,0,1.8519737720489502,0.86435866355896,15,V2-002-F02-S20260929,4417c6668930e37bc9f0b71ff70d7ff9762182381c6fc54ae10e2b9c9d229143,MODEL_V1_CV_REFERENCE_V1
79749dadaf6fcb1e134a23f6ce5191e6d8bd0bb1bf2cd82e0641d55d3795253b,MITDB_P232,232,275000000,2,20260929,1,0.6997845768928528,0.6681399941444397,15,V2-002-F02-S20260929,4417c6668930e37bc9f0b71ff70d7ff9762182381c6fc54ae10e2b9c9d229143,MODEL_V1_CV_REFERENCE_V1
798d65a7f25b6ded50fdcc78208553a0540b8275a8b53df144a5543835cc6ee6,MITDB_P215,215,1130000000,2,20260929,1,-1.9194366931915283,0.12792439758777618,15,V2-002-F02-S20260929,4417c6668930e37bc9f0b71ff70d7ff9762182381c6fc54ae10e2b9c9d229143,MODEL_V1_CV_REFERENCE_V1
7994577720147c8b825a824b5bb39402ddc8d15f03b555bf036a0dc9b3bdb136,MITDB_P220,220,415000000,2,20260929,1,1.2126988172531128,0.7707761526107788,15,V2-002-F02-S20260929,4417c6668930e37bc9f0b71ff70d7ff9762182381c6fc54ae10e2b9c9d229143,MODEL_V1_CV_REFERENCE_V1
79bcfe143bf695ed5ba6705735b4a59c4666682ace369137ca1fe25b9e7d237b,MITDB_P111,111,1100000000,2,20260929,0,-3.057753562927246,0.044883910566568375,15,V2-002-F02-S20260929,4417c6668930e37bc9f0b71ff70d7ff9762182381c6fc54ae10e2b9c9d229143,MODEL_V1_CV_REFERENCE_V1
79c5d77fa7775316de33f7e5b96c75fc05113e5cd954062be6f6296dd4c86ec9,MITDB_P111,111,1470000000,2,20260929,0,-2.2467634677886963,0.0956290066242218,15,V2-002-F02-S20260929,4417c6668930e37bc9f0b71ff70d7ff9762182381c6fc54ae10e2b9c9d229143,MODEL_V1_CV_REFERENCE_V1
79d1d10d62549179ce088a026e77e8eab064e7c30bef6c269680ffa405d71488,MITDB_P215,215,1290000000,2,20260929,0,-4.101470947265625,0.01627892628312111,15,V2-002-F02-S20260929,4417c6668930e37bc9f0b71ff70d7ff9762182381c6fc54ae10e2b9c9d229143,MODEL_V1_CV_REFERENCE_V1
79f137c8d6c92660d378f598c8280ccb5353c1dda8d80169e2341f77a1f571b0,MITDB_P215,215,240000000,2,20260929,1,-0.3233080804347992,0.4198697507381439,15,V2-002-F02-S20260929,4417c6668930e37bc9f0b71ff70d7ff9762182381c6fc54ae10e2b9c9d229143,MODEL_V1_CV_REFERENCE_V1
7a25793786206ca7c496f3e42f045f7cb902dc715ce3fed0347ad69d74be547c,MITDB_P220,220,550000000,2,20260929,0,2.061037063598633,0.8870581388473511,15,V2-002-F02-S20260929,4417c6668930e37bc9f0b71ff70d7ff9762182381c6fc54ae10e2b9c9d229143,MODEL_V1_CV_REFERENCE_V1
7ad4d5b04137dd81dacba22a5edd7486d3b40c3d7e83d58302217dd930285864,MITDB_P232,232,1230000000,2,20260929,1,0.7117519974708557,0.6707881689071655,15,V2-002-F02-S20260929,4417c6668930e37bc9f0b71ff70d7ff9762182381c6fc54ae10e2b9c9d229143,MODEL_V1_CV_REFERENCE_V1
7b21a2c26d7270ba2b65e591c6042402982d65263cce353342302529f4196e41,MITDB_P215,215,75000000,2,20260929,1,-1.2674381732940674,0.21969611942768097,15,V2-002-F02-S20260929,4417c6668930e37bc9f0b71ff70d7ff9762182381c6fc54ae10e2b9c9d229143,MODEL_V1_CV_REFERENCE_V1
7b52a92ce0bf68b6726b3626f0bb6e76b65f042d2cbafcf32e605d38632fb7c3,MITDB_P220,220,400000000,2,20260929,0,1.7564585208892822,0.8527655601501465,15,V2-002-F02-S20260929,4417c6668930e37bc9f0b71ff70d7ff9762182381c6fc54ae10e2b9c9d229143,MODEL_V1_CV_REFERENCE_V1
7b62b350b89cb83a713ebd0c195fd086bfe93ed9769a6981295d570b6b42504c,MITDB_P220,220,475000000,2,20260929,0,1.8326667547225952,0.8620790839195251,15,V2-002-F02-S20260929,4417c6668930e37bc9f0b71ff70d7ff9762182381c6fc54ae10e2b9c9d229143,MODEL_V1_CV_REFERENCE_V1
7b6a5862c84514ff5d3761b8cbfb4855610c3be973258b30983ae0a23450a810,MITDB_P111,111,525000000,2,20260929,1,-0.0253816619515419,0.49365493655204773,15,V2-002-F02-S20260929,4417c6668930e37bc9f0b71ff70d7ff9762182381c6fc54ae10e2b9c9d229143,MODEL_V1_CV_REFERENCE_V1
7b7d3980a52a110ccc30457c0549879a9c3e586b24acf75d3e16ea7718265479,MITDB_P215,215,1760000000,2,20260929,0,-4.115549087524414,0.01605500839650631,15,V2-002-F02-S20260929,4417c6668930e37bc9f0b71ff70d7ff9762182381c6fc54ae10e2b9c9d229143,MODEL_V1_CV_REFERENCE_V1
7bb8f1f9ff1781fc14aa6536a6ad8a1e122903c78a107292afd6a6cb85c7e1d9,MITDB_P111,111,670000000,2,20260929,0,-2.2895729541778564,0.09199021011590958,15,V2-002-F02-S20260929,4417c6668930e37bc9f0b71ff70d7ff9762182381c6fc54ae10e2b9c9d229143,MODEL_V1_CV_REFERENCE_V1
7bd63eaaa6e135209e27f333b18ebf41a1e80252968437f917b5f5d0d5ca256e,MITDB_P215,215,35000000,2,20260929,1,0.7428533434867859,0.677619457244873,15,V2-002-F02-S20260929,4417c6668930e37bc9f0b71ff70d7ff9762182381c6fc54ae10e2b9c9d229143,MODEL_V1_CV_REFERENCE_V1
7c1bb078bb3c2ce593858515ddf7ab7742714a7bd9289a9db60ac16924beb849,MITDB_P215,215,1755000000,2,20260929,1,-1.5955891609191895,0.1685989946126938,15,V2-002-F02-S20260929,4417c6668930e37bc9f0b71ff70d7ff9762182381c6fc54ae10e2b9c9d229143,MODEL_V1_CV_REFERENCE_V1
7c1c4430b0641754bd70f17e2d8e3cc8eb54b67a1d7b7b1e416c0ea69780535b,MITDB_P232,232,1775000000,2,20260929,1,0.056593410670757294,0.5141445994377136,15,V2-002-F02-S20260929,4417c6668930e37bc9f0b71ff70d7ff9762182381c6fc54ae10e2b9c9d229143,MODEL_V1_CV_REFERENCE_V1
7c2bade66e27fc7b875499396ac3bc2a29029299bc773e871f4731a693504da2,MITDB_P220,220,765000000,2,20260929,0,1.6909326314926147,0.8443467617034912,15,V2-002-F02-S20260929,4417c6668930e37bc9f0b71ff70d7ff9762182381c6fc54ae10e2b9c9d229143,MODEL_V1_CV_REFERENCE_V1
7c4397ce05f84d858288f00c941442d297f4f4499fe7d8679b80325c34ad3687,MITDB_P113,113,375000000,2,20260929,0,1.8467237949371338,0.8637419939041138,15,V2-002-F02-S20260929,4417c6668930e37bc9f0b71ff70d7ff9762182381c6fc54ae10e2b9c9d229143,MODEL_V1_CV_REFERENCE_V1
7c8521866fcd77acd53e69b62258dc65280c3fe08164879d8ed6c7ab81d1ceab,MITDB_P111,111,1095000000,2,20260929,0,-2.2700448036193848,0.09363441169261932,15,V2-002-F02-S20260929,4417c6668930e37bc9f0b71ff70d7ff9762182381c6fc54ae10e2b9c9d229143,MODEL_V1_CV_REFERENCE_V1
7cb7921516f024f833ee5fc6ab8a20d492822d8b2c704daec469fea53a9bcfc0,MITDB_P113,113,1535000000,2,20260929,0,0.5270315408706665,0.6287904977798462,15,V2-002-F02-S20260929,4417c6668930e37bc9f0b71ff70d7ff9762182381c6fc54ae10e2b9c9d229143,MODEL_V1_CV_REFERENCE_V1
7cc7b73a81b5b41076921a2dea40d31bd3b105aebad954433549cbcc658ec855,MITDB_P111,111,585000000,2,20260929,0,-1.2399282455444336,0.22444848716259003,15,V2-002-F02-S20260929,4417c6668930e37bc9f0b71ff70d7ff9762182381c6fc54ae10e2b9c9d229143,MODEL_V1_CV_REFERENCE_V1
7d0a0616b17ed3719cd36e609ea6130ab01ef207539d3b0a96de5b94a0abbeb0,MITDB_P111,111,225000000,2,20260929,0,-0.9352778792381287,0.28185516595840454,15,V2-002-F02-S20260929,4417c6668930e37bc9f0b71ff70d7ff9762182381c6fc54ae10e2b9c9d229143,MODEL_V1_CV_REFERENCE_V1
7d1330c1201b4bcc738dad92405c8b91969405e14dd7b8dac7f4ebaa5d1fa895,MITDB_P113,113,1155000000,2,20260929,0,0.8566033244132996,0.7019504904747009,15,V2-002-F02-S20260929,4417c6668930e37bc9f0b71ff70d7ff9762182381c6fc54ae10e2b9c9d229143,MODEL_V1_CV_REFERENCE_V1
7d459470a2c80ec49c26f5b57ec05a031f37d075d86de6712926c32f648bc448,MITDB_P232,232,495000000,2,20260929,1,0.9060928225517273,0.7121999263763428,15,V2-002-F02-S20260929,4417c6668930e37bc9f0b71ff70d7ff9762182381c6fc54ae10e2b9c9d229143,MODEL_V1_CV_REFERENCE_V1
7d4c454341b88e91dbde2b080c5f71b6334c25d6c5947aab2576af430f98d267,MITDB_P232,232,1770000000,2,20260929,1,-0.06252823024988174,0.4843730032444,15,V2-002-F02-S20260929,4417c6668930e37bc9f0b71ff70d7ff9762182381c6fc54ae10e2b9c9d229143,MODEL_V1_CV_REFERENCE_V1
7d87fccf26edf0aa6d68c283dcf982186d5d64d9b3e3776cca5c407c025555d8,MITDB_P215,215,100000000,2,20260929,1,-2.362682342529297,0.0860629752278328,15,V2-002-F02-S20260929,4417c6668930e37bc9f0b71ff70d7ff9762182381c6fc54ae10e2b9c9d229143,MODEL_V1_CV_REFERENCE_V1
7d8dc997f46bb4bd2cdf502ecd2bf0dc880713362552b97ff2e25c9ddb6ea747,MITDB_P232,232,1280000000,2,20260929,1,-0.21932628750801086,0.44538721442222595,15,V2-002-F02-S20260929,4417c6668930e37bc9f0b71ff70d7ff9762182381c6fc54ae10e2b9c9d229143,MODEL_V1_CV_REFERENCE_V1
7db577fc77d5bf09b3242647639fec1dfb6fd00af3c9c3605a8ac45444214d7c,MITDB_P111,111,935000000,2,20260929,0,-1.7472305297851562,0.14839684963226318,15,V2-002-F02-S20260929,4417c6668930e37bc9f0b71ff70d7ff9762182381c6fc54ae10e2b9c9d229143,MODEL_V1_CV_REFERENCE_V1
7dccb7288c211cf4998bd1bc2155aea7f7703de3c184cb2d0d9a0c21fcfeb2b3,MITDB_P111,111,335000000,2,20260929,0,-1.9228709936141968,0.12754175066947937,15,V2-002-F02-S20260929,4417c6668930e37bc9f0b71ff70d7ff9762182381c6fc54ae10e2b9c9d229143,MODEL_V1_CV_REFERENCE_V1
7dcdca88d77b9191544963e56eb93ff91e891e61a9755789172b9e9b6f094193,MITDB_P215,215,640000000,2,20260929,0,-4.702911853790283,0.008987327106297016,15,V2-002-F02-S20260929,4417c6668930e37bc9f0b71ff70d7ff9762182381c6fc54ae10e2b9c9d229143,MODEL_V1_CV_REFERENCE_V1
7e1258d28e70359445e542e01b89e416d9b8abe863e42b473daf44da2d5f3ec5,MITDB_P220,220,1585000000,2,20260929,0,1.5700968503952026,0.8277974724769592,15,V2-002-F02-S20260929,4417c6668930e37bc9f0b71ff70d7ff9762182381c6fc54ae10e2b9c9d229143,MODEL_V1_CV_REFERENCE_V1
7e2ac15b64776056311789cc2ddc05e80be46f1263f93965dd683d8513a35be4,MITDB_P232,232,250000000,2,20260929,1,0.23773562908172607,0.5591555237770081,15,V2-002-F02-S20260929,4417c6668930e37bc9f0b71ff70d7ff9762182381c6fc54ae10e2b9c9d229143,MODEL_V1_CV_REFERENCE_V1
7e2c455d2db2a3f6d03ab71a09a5f56d071708dcfd08b5741fec4036695c5127,MITDB_P111,111,370000000,2,20260929,0,-2.1353354454040527,0.10570954531431198,15,V2-002-F02-S20260929,4417c6668930e37bc9f0b71ff70d7ff9762182381c6fc54ae10e2b9c9d229143,MODEL_V1_CV_REFERENCE_V1
7e2ca6a3dae3e518a0d05cef9fad3e95ca490d562092389b65789a8f28adca5d,MITDB_P113,113,30000000,2,20260929,1,1.4313572645187378,0.8071126937866211,15,V2-002-F02-S20260929,4417c6668930e37bc9f0b71ff70d7ff9762182381c6fc54ae10e2b9c9d229143,MODEL_V1_CV_REFERENCE_V1
7e5fc92c6bd6f9e50f29941e54fc3f62d06c5b24da2bc8ef381ea7703acf0e49,MITDB_P220,220,720000000,2,20260929,0,1.9528754949569702,0.8757598996162415,15,V2-002-F02-S20260929,4417c6668930e37bc9f0b71ff70d7ff9762182381c6fc54ae10e2b9c9d229143,MODEL_V1_CV_REFERENCE_V1
7ed15ce0330cada8e8f88b0604c398fda80876c70697c459ad1e4ec6b24fe6bc,MITDB_P232,232,1205000000,2,20260929,1,1.131903886795044,0.7561901211738586,15,V2-002-F02-S20260929,4417c6668930e37bc9f0b71ff70d7ff9762182381c6fc54ae10e2b9c9d229143,MODEL_V1_CV_REFERENCE_V1
7f0c9c5d01544c15b31ad27d8a33e777ba878448f4fa5a477993a36915516d6f,MITDB_P220,220,1605000000,2,20260929,0,1.8207279443740845,0.8606534004211426,15,V2-002-F02-S20260929,4417c6668930e37bc9f0b71ff70d7ff9762182381c6fc54ae10e2b9c9d229143,MODEL_V1_CV_REFERENCE_V1
7f2091125c68bf3f0852455a25eb479da602b26ae9eae8c54936aed57625c81b,MITDB_P232,232,1190000000,2,20260929,1,0.8640486598014832,0.7035058736801147,15,V2-002-F02-S20260929,4417c6668930e37bc9f0b71ff70d7ff9762182381c6fc54ae10e2b9c9d229143,MODEL_V1_CV_REFERENCE_V1
7f2a81c7b01d317d3f1480c8e9937829a50ca3e3a51b161f604b768195a9fe0e,MITDB_P232,232,565000000,2,20260929,1,0.7574931979179382,0.6808092594146729,15,V2-002-F02-S20260929,4417c6668930e37bc9f0b71ff70d7ff9762182381c6fc54ae10e2b9c9d229143,MODEL_V1_CV_REFERENCE_V1
7f5476b51a621e0e27c51abc3878b32e787866761ff6568fa8987bbf10c6c4c4,MITDB_P113,113,1150000000,2,20260929,0,1.0132378339767456,0.7336533069610596,15,V2-002-F02-S20260929,4417c6668930e37bc9f0b71ff70d7ff9762182381c6fc54ae10e2b9c9d229143,MODEL_V1_CV_REFERENCE_V1
7f574689acb8de54c5f6bed355ede6cc4e8e1267d8dd8c98792eee354d064cec,MITDB_P215,215,315000000,2,20260929,1,-0.156358003616333,0.46098992228507996,15,V2-002-F02-S20260929,4417c6668930e37bc9f0b71ff70d7ff9762182381c6fc54ae10e2b9c9d229143,MODEL_V1_CV_REFERENCE_V1
7f7b8b75c2bd801ef040fb0a8e4886cfddbd9e76c146ab41979a56784a82872c,MITDB_P113,113,955000000,2,20260929,0,1.0473735332489014,0.74027019739151,15,V2-002-F02-S20260929,4417c6668930e37bc9f0b71ff70d7ff9762182381c6fc54ae10e2b9c9d229143,MODEL_V1_CV_REFERENCE_V1
7f9a841ab36b88567aaddc205f8e8add37193a7a3eb462482ed3109570df7454,MITDB_P220,220,1630000000,2,20260929,0,1.5807808637619019,0.8293150663375854,15,V2-002-F02-S20260929,4417c6668930e37bc9f0b71ff70d7ff9762182381c6fc54ae10e2b9c9d229143,MODEL_V1_CV_REFERENCE_V1
7fd10cd9bec4358c95584b0069c6158e85042448420bb61c26a80e58bec78d78,MITDB_P215,215,600000000,2,20260929,1,-2.2214205265045166,0.09784334152936935,15,V2-002-F02-S20260929,4417c6668930e37bc9f0b71ff70d7ff9762182381c6fc54ae10e2b9c9d229143,MODEL_V1_CV_REFERENCE_V1
7ff38d1a40f3a622b0f12fdf8dd3f973ca694553c85114915a64d243f643d3eb,MITDB_P113,113,1110000000,2,20260929,0,1.470528483390808,0.8131376504898071,15,V2-002-F02-S20260929,4417c6668930e37bc9f0b71ff70d7ff9762182381c6fc54ae10e2b9c9d229143,MODEL_V1_CV_REFERENCE_V1
7ff753de792c16c23d65b5541f31eb84869719058b7e23bb87dcf82b68587846,MITDB_P232,232,1805000000,2,20260929,1,0.3793201744556427,0.5937091708183289,15,V2-002-F02-S20260929,4417c6668930e37bc9f0b71ff70d7ff9762182381c6fc54ae10e2b9c9d229143,MODEL_V1_CV_REFERENCE_V1
8000620e27bf6e9c0df957b4b142bb93e4cbb38e92336f154c2d837385b8a970,MITDB_P113,113,635000000,2,20260929,0,1.3750799894332886,0.7981997132301331,15,V2-002-F02-S20260929,4417c6668930e37bc9f0b71ff70d7ff9762182381c6fc54ae10e2b9c9d229143,MODEL_V1_CV_REFERENCE_V1
800134505bcb68ff4a0a7a3e56068c000ed696c5e18ea8aa51d99a59813af00a,MITDB_P111,111,125000000,2,20260929,0,-1.7123172283172607,0.15286339819431305,15,V2-002-F02-S20260929,4417c6668930e37bc9f0b71ff70d7ff9762182381c6fc54ae10e2b9c9d229143,MODEL_V1_CV_REFERENCE_V1
8033dffcb75166c8ed5d5f1e74fd841ac814b5d4b7b845b131eef03b860fad1a,MITDB_P232,232,40000000,2,20260929,1,0.6154041290283203,0.6491725444793701,15,V2-002-F02-S20260929,4417c6668930e37bc9f0b71ff70d7ff9762182381c6fc54ae10e2b9c9d229143,MODEL_V1_CV_REFERENCE_V1
8042e5d7bb1fa8b539a961ca8f12a6eb1e4e8ce888093bb3e5078f21759faa77,MITDB_P220,220,1655000000,2,20260929,0,1.6128607988357544,0.833808183670044,15,V2-002-F02-S20260929,4417c6668930e37bc9f0b71ff70d7ff9762182381c6fc54ae10e2b9c9d229143,MODEL_V1_CV_REFERENCE_V1
805798dd5bb42a9fd4d6d43844e2b14ea0339e96831198683da168774befa0c0,MITDB_P232,232,1550000000,2,20260929,1,0.18185323476791382,0.5453384518623352,15,V2-002-F02-S20260929,4417c6668930e37bc9f0b71ff70d7ff9762182381c6fc54ae10e2b9c9d229143,MODEL_V1_CV_REFERENCE_V1
80a552f598702c267b4a5bb24ca2bcec166bfb88b5c60533eadc1c19c9e972bb,MITDB_P220,220,1610000000,2,20260929,0,1.5989134311676025,0.831866443157196,15,V2-002-F02-S20260929,4417c6668930e37bc9f0b71ff70d7ff9762182381c6fc54ae10e2b9c9d229143,MODEL_V1_CV_REFERENCE_V1
80dba6139e975df5112501643d2797097e37784a3aeea96b7e946d5cd512c60f,MITDB_P111,111,710000000,2,20260929,0,-1.226944088935852,0.22671672701835632,15,V2-002-F02-S20260929,4417c6668930e37bc9f0b71ff70d7ff9762182381c6fc54ae10e2b9c9d229143,MODEL_V1_CV_REFERENCE_V1
819ef4f2e8beb09723d2c9181e1cc5b266d6c5d509cced085438601dd5607646,MITDB_P113,113,1460000000,2,20260929,0,0.6625329256057739,0.6598291397094727,15,V2-002-F02-S20260929,4417c6668930e37bc9f0b71ff70d7ff9762182381c6fc54ae10e2b9c9d229143,MODEL_V1_CV_REFERENCE_V1
81a63993585eda71af59a0f0ca24b7791348d34d288e653fe7474f3764a1e972,MITDB_P232,232,1340000000,2,20260929,1,0.04616924375295639,0.5115402340888977,15,V2-002-F02-S20260929,4417c6668930e37bc9f0b71ff70d7ff9762182381c6fc54ae10e2b9c9d229143,MODEL_V1_CV_REFERENCE_V1
820062b60c896b67bad729f9a1432ef29f341451bdc40ec35dd578ce2e3c03d2,MITDB_P113,113,1180000000,2,20260929,0,1.9349638223648071,0.8737978339195251,15,V2-002-F02-S20260929,4417c6668930e37bc9f0b71ff70d7ff9762182381c6fc54ae10e2b9c9d229143,MODEL_V1_CV_REFERENCE_V1
821f8e7e63d18b0e4ee0953f14c4f214d4055786f8a786131f7149a5c56fcac1,MITDB_P220,220,1645000000,2,20260929,0,1.4099788665771484,0.8037625551223755,15,V2-002-F02-S20260929,4417c6668930e37bc9f0b71ff70d7ff9762182381c6fc54ae10e2b9c9d229143,MODEL_V1_CV_REFERENCE_V1
8246c7f948ecd755b8d75567ca392d55c0473fa0576803f6097ce0d8543c5354,MITDB_P215,215,340000000,2,20260929,1,-2.1063179969787598,0.10848426073789597,15,V2-002-F02-S20260929,4417c6668930e37bc9f0b71ff70d7ff9762182381c6fc54ae10e2b9c9d229143,MODEL_V1_CV_REFERENCE_V1
8277c02f5399ae16645aede0d43a0c928e31e1cde283fba5440754aff02149ef,MITDB_P215,215,50000000,2,20260929,1,0.9701798558235168,0.7251553535461426,15,V2-002-F02-S20260929,4417c6668930e37bc9f0b71ff70d7ff9762182381c6fc54ae10e2b9c9d229143,MODEL_V1_CV_REFERENCE_V1
82b9038da9e9969b0e18f6fb746d204c4a5a288739fa7fd2c45c22d3640079b1,MITDB_P220,220,1155000000,2,20260929,0,2.0889639854431152,0.8898259401321411,15,V2-002-F02-S20260929,4417c6668930e37bc9f0b71ff70d7ff9762182381c6fc54ae10e2b9c9d229143,MODEL_V1_CV_REFERENCE_V1
82c08a9650c142125853c711e7b142ee757efd0dd19870b19a6eb84239a5fca9,MITDB_P220,220,1460000000,2,20260929,0,1.8398391008377075,0.86292964220047,15,V2-002-F02-S20260929,4417c6668930e37bc9f0b71ff70d7ff9762182381c6fc54ae10e2b9c9d229143,MODEL_V1_CV_REFERENCE_V1
82cabaaeef1c74527dedc21195720042c7e122e49a8cd32c5335ea0cb93751f5,MITDB_P113,113,1100000000,2,20260929,0,1.2436244487762451,0.7761942744255066,15,V2-002-F02-S20260929,4417c6668930e37bc9f0b71ff70d7ff9762182381c6fc54ae10e2b9c9d229143,MODEL_V1_CV_REFERENCE_V1
82e0a575e1555f08b27541da14ed1eb2247cf41d09120355998a77c18e5cf151,MITDB_P111,111,905000000,2,20260929,0,-0.7509579658508301,0.3206126093864441,15,V2-002-F02-S20260929,4417c6668930e37bc9f0b71ff70d7ff9762182381c6fc54ae10e2b9c9d229143,MODEL_V1_CV_REFERENCE_V1
8314cf4f7654b6e60231afd2d651278d78c3885a6e1db88f3768c60f64e337be,MITDB_P232,232,365000000,2,20260929,1,-0.07231397181749344,0.4819294214248657,15,V2-002-F02-S20260929,4417c6668930e37bc9f0b71ff70d7ff9762182381c6fc54ae10e2b9c9d229143,MODEL_V1_CV_REFERENCE_V1
831857158d643d9965bb19b637d2f88bf094abba0447d054ffdea5b2408be488,MITDB_P113,113,1290000000,2,20260929,0,1.7692073583602905,0.8543590307235718,15,V2-002-F02-S20260929,4417c6668930e37bc9f0b71ff70d7ff9762182381c6fc54ae10e2b9c9d229143,MODEL_V1_CV_REFERENCE_V1
832296171780844f00b84546d65709e96f84c12217132dc8e724687e141cde9c,MITDB_P215,215,870000000,2,20260929,1,-2.0893120765686035,0.11013998091220856,15,V2-002-F02-S20260929,4417c6668930e37bc9f0b71ff70d7ff9762182381c6fc54ae10e2b9c9d229143,MODEL_V1_CV_REFERENCE_V1
832a567a586616346f612b5715a2a7c2ecd0bd7dd962bad6f63c5210a014af64,MITDB_P232,232,765000000,2,20260929,1,0.48256561160087585,0.618353545665741,15,V2-002-F02-S20260929,4417c6668930e37bc9f0b71ff70d7ff9762182381c6fc54ae10e2b9c9d229143,MODEL_V1_CV_REFERENCE_V1
83906bb57d0ce0892ba328709be5f1d8bb2916277d9dbdba5057d6b2d325962b,MITDB_P113,113,1545000000,2,20260929,0,1.2353768348693848,0.7747582197189331,15,V2-002-F02-S20260929,4417c6668930e37bc9f0b71ff70d7ff9762182381c6fc54ae10e2b9c9d229143,MODEL_V1_CV_REFERENCE_V1
8397f566f4a4db89428efc76fb1e064492cf7f221592612a3b0a8190361d350a,MITDB_P220,220,960000000,2,20260929,0,1.7253376245498657,0.8488150835037231,15,V2-002-F02-S20260929,4417c6668930e37bc9f0b71ff70d7ff9762182381c6fc54ae10e2b9c9d229143,MODEL_V1_CV_REFERENCE_V1
8398bb33de3479ee9e88576e60bd2d2991760768796298c9c5ba775dd04bfe57,MITDB_P232,232,1625000000,2,20260929,1,0.3950522840023041,0.59749835729599,15,V2-002-F02-S20260929,4417c6668930e37bc9f0b71ff70d7ff9762182381c6fc54ae10e2b9c9d229143,MODEL_V1_CV_REFERENCE_V1
83a50cd6cd27a74da8089a8115cdf2fe78af64addbb603230cee91d753acbf9c,MITDB_P220,220,205000000,2,20260929,0,1.871549129486084,0.8666374087333679,15,V2-002-F02-S20260929,4417c6668930e37bc9f0b71ff70d7ff9762182381c6fc54ae10e2b9c9d229143,MODEL_V1_CV_REFERENCE_V1
83ae6a0843777c2b6d6f4596a19ee8593337cbcb772fe7ed36524e0c98f67d7b,MITDB_P220,220,490000000,2,20260929,0,1.8318798542022705,0.8619855642318726,15,V2-002-F02-S20260929,4417c6668930e37bc9f0b71ff70d7ff9762182381c6fc54ae10e2b9c9d229143,MODEL_V1_CV_REFERENCE_V1
83e7f6688afe95feb144ececde538eedab082325f213c748f245095082e5a823,MITDB_P113,113,1575000000,2,20260929,0,0.6796292662620544,0.6636559367179871,15,V2-002-F02-S20260929,4417c6668930e37bc9f0b71ff70d7ff9762182381c6fc54ae10e2b9c9d229143,MODEL_V1_CV_REFERENCE_V1
842d4cbd26ee416bc0089f608e96245325ca9c2b2124fc2482a1371b612e063f,MITDB_P113,113,815000000,2,20260929,0,1.312381625175476,0.7879114747047424,15,V2-002-F02-S20260929,4417c6668930e37bc9f0b71ff70d7ff9762182381c6fc54ae10e2b9c9d229143,MODEL_V1_CV_REFERENCE_V1
843a015ae701b2dc3c2bf168edf8db5139afbc00327a7120edb5c4b4572481eb,MITDB_P215,215,1715000000,2,20260929,1,-2.039353370666504,0.11513258516788483,15,V2-002-F02-S20260929,4417c6668930e37bc9f0b71ff70d7ff9762182381c6fc54ae10e2b9c9d229143,MODEL_V1_CV_REFERENCE_V1
845821f19f8fa045844b60103ed204ea30bcd07e08027fbeec7b334d08b39e51,MITDB_P113,113,530000000,2,20260929,0,1.5399434566497803,0.8234564661979675,15,V2-002-F02-S20260929,4417c6668930e37bc9f0b71ff70d7ff9762182381c6fc54ae10e2b9c9d229143,MODEL_V1_CV_REFERENCE_V1
84a5f31d3d2ce36a41dbf642eabfc3928b6defc08e6de949880b7a7f7a9043a7,MITDB_P215,215,1370000000,2,20260929,0,-4.870091915130615,0.007614238187670708,15,V2-002-F02-S20260929,4417c6668930e37bc9f0b71ff70d7ff9762182381c6fc54ae10e2b9c9d229143,MODEL_V1_CV_REFERENCE_V1
84a90048a1d9fe0c667cafa9371b1b93829b2a58e5243fba03969d6f99f17607,MITDB_P232,232,560000000,2,20260929,1,0.6610623002052307,0.6594989895820618,15,V2-002-F02-S20260929,4417c6668930e37bc9f0b71ff70d7ff9762182381c6fc54ae10e2b9c9d229143,MODEL_V1_CV_REFERENCE_V1
85402e5f6fda07ebca18fb3ac9dd05df2a4ac653a93f10deb03c9f001eef1658,MITDB_P111,111,195000000,2,20260929,0,-1.4253727197647095,0.19382070004940033,15,V2-002-F02-S20260929,4417c6668930e37bc9f0b71ff70d7ff9762182381c6fc54ae10e2b9c9d229143,MODEL_V1_CV_REFERENCE_V1
856b0d7cda86a0c21b014c1c7eef944b87af7a89b00a05345fba8dd3f55c493d,MITDB_P113,113,160000000,2,20260929,0,2.0012052059173584,0.8809235692024231,15,V2-002-F02-S20260929,4417c6668930e37bc9f0b71ff70d7ff9762182381c6fc54ae10e2b9c9d229143,MODEL_V1_CV_REFERENCE_V1
85e968a794186e8550717705985ce4fa95eb6624b838ed4506070cd65a57fd9f,MITDB_P111,111,685000000,2,20260929,0,-1.2840168476104736,0.21686723828315735,15,V2-002-F02-S20260929,4417c6668930e37bc9f0b71ff70d7ff9762182381c6fc54ae10e2b9c9d229143,MODEL_V1_CV_REFERENCE_V1
8611ba2e77f94aec4b9ad0c6fc3e7b350fc1a734ba118c239716e89a57d7cd11,MITDB_P220,220,615000000,2,20260929,0,2.1664743423461914,0.8971982598304749,15,V2-002-F02-S20260929,4417c6668930e37bc9f0b71ff70d7ff9762182381c6fc54ae10e2b9c9d229143,MODEL_V1_CV_REFERENCE_V1
863a9c1fa490cae847f9de9626e0d3996500b0f3fe95144dce431762cd723b17,MITDB_P232,232,235000000,2,20260929,1,-0.13834232091903687,0.46546947956085205,15,V2-002-F02-S20260929,4417c6668930e37bc9f0b71ff70d7ff9762182381c6fc54ae10e2b9c9d229143,MODEL_V1_CV_REFERENCE_V1
865571550e524caff647af895b42b1e3ee2def5cae7273a3679fff9988e75d3b,MITDB_P220,220,655000000,2,20260929,1,2.2830231189727783,0.9074612259864807,15,V2-002-F02-S20260929,4417c6668930e37bc9f0b71ff70d7ff9762182381c6fc54ae10e2b9c9d229143,MODEL_V1_CV_REFERENCE_V1
86853fa561d8abc5ec88d52c70ebaf94a34e7befc80a331fad72ca8c208a387a,MITDB_P232,232,635000000,2,20260929,1,0.8943570256233215,0.70978844165802,15,V2-002-F02-S20260929,4417c6668930e37bc9f0b71ff70d7ff9762182381c6fc54ae10e2b9c9d229143,MODEL_V1_CV_REFERENCE_V1
8685a8ca7eb2409e5738ff1a3f936213cc53c4bf7ea71c17322eb3397f1a627f,MITDB_P232,232,1555000000,2,20260929,1,0.04700746387243271,0.5117496848106384,15,V2-002-F02-S20260929,4417c6668930e37bc9f0b71ff70d7ff9762182381c6fc54ae10e2b9c9d229143,MODEL_V1_CV_REFERENCE_V1
869307c0bd41435b9daf74d4ab49136053ed8a4e624b2d8b6dbd03f315908087,MITDB_P113,113,200000000,2,20260929,0,1.4398963451385498,0.8084385991096497,15,V2-002-F02-S20260929,4417c6668930e37bc9f0b71ff70d7ff9762182381c6fc54ae10e2b9c9d229143,MODEL_V1_CV_REFERENCE_V1
86cd70647a81b61efa6fd79ae48c1d2dc126206ae7f2b96dfdef5189b115578f,MITDB_P220,220,375000000,2,20260929,0,2.106600761413574,0.8915430307388306,15,V2-002-F02-S20260929,4417c6668930e37bc9f0b71ff70d7ff9762182381c6fc54ae10e2b9c9d229143,MODEL_V1_CV_REFERENCE_V1
86ef76a4f2608ff7ed86507a1951a2a7fd6229e06439de897352014a6a6c0632,MITDB_P111,111,1650000000,2,20260929,0,-1.2963910102844238,0.2147730141878128,15,V2-002-F02-S20260929,4417c6668930e37bc9f0b71ff70d7ff9762182381c6fc54ae10e2b9c9d229143,MODEL_V1_CV_REFERENCE_V1
8706038d3077b76d0dff55aa343ec4b1b14d411461151b0046bc2000701205d5,MITDB_P111,111,930000000,2,20260929,0,-1.3314812183380127,0.20891447365283966,15,V2-002-F02-S20260929,4417c6668930e37bc9f0b71ff70d7ff9762182381c6fc54ae10e2b9c9d229143,MODEL_V1_CV_REFERENCE_V1
87280bd4e678d53552f24db2b67f28eec2ffffdfa2a14552a434267212882d41,MITDB_P113,113,645000000,2,20260929,0,1.158852458000183,0.7611241340637207,15,V2-002-F02-S20260929,4417c6668930e37bc9f0b71ff70d7ff9762182381c6fc54ae10e2b9c9d229143,MODEL_V1_CV_REFERENCE_V1
876929f542fe498bf6b6c4250aa3af0c2f58da965e8a7c414b69e1fd935deb07,MITDB_P111,111,700000000,2,20260929,0,-1.3690868616104126,0.20276741683483124,15,V2-002-F02-S20260929,4417c6668930e37bc9f0b71ff70d7ff9762182381c6fc54ae10e2b9c9d229143,MODEL_V1_CV_REFERENCE_V1
876bf73da61acf601b35c793e470f4d627a755d62ab1aa308d8940474075d61f,MITDB_P232,232,380000000,2,20260929,1,0.6076274514198303,0.6473994255065918,15,V2-002-F02-S20260929,4417c6668930e37bc9f0b71ff70d7ff9762182381c6fc54ae10e2b9c9d229143,MODEL_V1_CV_REFERENCE_V1
879321e0364b82f21d74c10996f61b36e0e384d0daafea13f5fbf8d06aae165b,MITDB_P220,220,875000000,2,20260929,0,1.5913382768630981,0.8308043479919434,15,V2-002-F02-S20260929,4417c6668930e37bc9f0b71ff70d7ff9762182381c6fc54ae10e2b9c9d229143,MODEL_V1_CV_REFERENCE_V1
879a1a094d01632e7ca8de3aa7e12e7d137b135330a923965ea6647972e05aa0,MITDB_P232,232,715000000,2,20260929,1,0.9829240441322327,0.7276880145072937,15,V2-002-F02-S20260929,4417c6668930e37bc9f0b71ff70d7ff9762182381c6fc54ae10e2b9c9d229143,MODEL_V1_CV_REFERENCE_V1
87b0b8b2b1ebead4717881061468d78405dc01135b08b1f2b51b14c2f43202bf,MITDB_P215,215,420000000,2,20260929,0,-3.7701687812805176,0.02252892218530178,15,V2-002-F02-S20260929,4417c6668930e37bc9f0b71ff70d7ff9762182381c6fc54ae10e2b9c9d229143,MODEL_V1_CV_REFERENCE_V1
87bd2a64c65aef5ce5e77d3d44d0dc9b901e89f8017f33e0aed12b5fcac24655,MITDB_P220,220,160000000,2,20260929,0,2.2189998626708984,0.901942789554596,15,V2-002-F02-S20260929,4417c6668930e37bc9f0b71ff70d7ff9762182381c6fc54ae10e2b9c9d229143,MODEL_V1_CV_REFERENCE_V1
87ea403e12846755148b8961fa20525ee948d0eb93fe91380f6b2aa1c50be027,MITDB_P232,232,930000000,2,20260929,1,0.8538709282875061,0.7013785243034363,15,V2-002-F02-S20260929,4417c6668930e37bc9f0b71ff70d7ff9762182381c6fc54ae10e2b9c9d229143,MODEL_V1_CV_REFERENCE_V1
8800b3f047ab16609fd80958c08958e68f66173f1e6225e52d4c4f55bb29a1d5,MITDB_P215,215,955000000,2,20260929,0,-4.49933385848999,0.010994183830916882,15,V2-002-F02-S20260929,4417c6668930e37bc9f0b71ff70d7ff9762182381c6fc54ae10e2b9c9d229143,MODEL_V1_CV_REFERENCE_V1
88096b24083e9a21557b7b67236500e3215791d8fcbff2aad4962f0394f55ff8,MITDB_P220,220,405000000,2,20260929,1,1.4064279794692993,0.8032019138336182,15,V2-002-F02-S20260929,4417c6668930e37bc9f0b71ff70d7ff9762182381c6fc54ae10e2b9c9d229143,MODEL_V1_CV_REFERENCE_V1
8844ff1a94e2f1d7fa762f07034c3bd275664fa0bf9b7562a890c80ba8f00794,MITDB_P113,113,1185000000,2,20260929,0,2.280412435531616,0.9072417616844177,15,V2-002-F02-S20260929,4417c6668930e37bc9f0b71ff70d7ff9762182381c6fc54ae10e2b9c9d229143,MODEL_V1_CV_REFERENCE_V1
8845745ce208fd51ce874a7bee39f542af7a10e079dea44f6668b77407a60faa,MITDB_P220,220,1740000000,2,20260929,0,1.4705606698989868,0.8131425380706787,15,V2-002-F02-S20260929,4417c6668930e37bc9f0b71ff70d7ff9762182381c6fc54ae10e2b9c9d229143,MODEL_V1_CV_REFERENCE_V1
885439ba8d5189ebf0c5121e20ce44f2cb92d79f3e1aef14cd51bfbc2a47d8bd,MITDB_P220,220,820000000,2,20260929,0,2.288080930709839,0.9078851342201233,15,V2-002-F02-S20260929,4417c6668930e37bc9f0b71ff70d7ff9762182381c6fc54ae10e2b9c9d229143,MODEL_V1_CV_REFERENCE_V1
88b11899c28a446656fe8aeffa5a1e80ab430d62b3c7cc5b27962f88603e79ff,MITDB_P220,220,235000000,2,20260929,0,1.4869346618652344,0.8156177401542664,15,V2-002-F02-S20260929,4417c6668930e37bc9f0b71ff70d7ff9762182381c6fc54ae10e2b9c9d229143,MODEL_V1_CV_REFERENCE_V1
88c0de8ffc5e57629d2d174e96ed6327d685ee4645ba9b678db5d744660a0072,MITDB_P113,113,970000000,2,20260929,0,1.2746189832687378,0.7815324068069458,15,V2-002-F02-S20260929,4417c6668930e37bc9f0b71ff70d7ff9762182381c6fc54ae10e2b9c9d229143,MODEL_V1_CV_REFERENCE_V1
88c91f36d27d574077062d3e652ee5c3a4ec98875c3da96592b9f9391bcd1710,MITDB_P232,232,1080000000,2,20260929,1,0.2119220495223999,0.5527831315994263,15,V2-002-F02-S20260929,4417c6668930e37bc9f0b71ff70d7ff9762182381c6fc54ae10e2b9c9d229143,MODEL_V1_CV_REFERENCE_V1
890992da53eb79290e4c99004c0c08911c84312e68c852c290defdd14e80b866,MITDB_P232,232,845000000,2,20260929,1,0.939414918422699,0.7189814448356628,15,V2-002-F02-S20260929,4417c6668930e37bc9f0b71ff70d7ff9762182381c6fc54ae10e2b9c9d229143,MODEL_V1_CV_REFERENCE_V1
8984a8426404a5d72ac4ba2d920b643859a60d7b084c85f1d8a2ca33b80d7fe3,MITDB_P113,113,1145000000,2,20260929,0,1.518420934677124,0.8203058242797852,15,V2-002-F02-S20260929,4417c6668930e37bc9f0b71ff70d7ff9762182381c6fc54ae10e2b9c9d229143,MODEL_V1_CV_REFERENCE_V1
898600fa40e9af53fbe965aab72a645652700c1fd0aa5ae5d861b98a2af9f54a,MITDB_P215,215,320000000,2,20260929,0,-2.452070713043213,0.07928725332021713,15,V2-002-F02-S20260929,4417c6668930e37bc9f0b71ff70d7ff9762182381c6fc54ae10e2b9c9d229143,MODEL_V1_CV_REFERENCE_V1
8999b55f3fa4bcfb50d43baa224c60d671a7aacfb3d84abec8700bef217d0874,MITDB_P113,113,1225000000,2,20260929,0,1.0473383665084839,0.7402634620666504,15,V2-002-F02-S20260929,4417c6668930e37bc9f0b71ff70d7ff9762182381c6fc54ae10e2b9c9d229143,MODEL_V1_CV_REFERENCE_V1
89ad6fc91a8237bfe8c236ab747d1de765ae5e8d6ed8352b93e0a0f38f4244f2,MITDB_P232,232,725000000,2,20260929,1,1.4809637069702148,0.8147180676460266,15,V2-002-F02-S20260929,4417c6668930e37bc9f0b71ff70d7ff9762182381c6fc54ae10e2b9c9d229143,MODEL_V1_CV_REFERENCE_V1
89b1a7af6a80815bcbfe23d0f425d10df54fdac2be4bdf6e18023342d0199ebb,MITDB_P215,215,545000000,2,20260929,0,-5.124419689178467,0.005914479494094849,15,V2-002-F02-S20260929,4417c6668930e37bc9f0b71ff70d7ff9762182381c6fc54ae10e2b9c9d229143,MODEL_V1_CV_REFERENCE_V1
89ef61a41ab2642972db277e2a2600145565dc931c771fee1c891037b419a122,MITDB_P220,220,795000000,2,20260929,0,1.9935379028320312,0.880116879940033,15,V2-002-F02-S20260929,4417c6668930e37bc9f0b71ff70d7ff9762182381c6fc54ae10e2b9c9d229143,MODEL_V1_CV_REFERENCE_V1
89f5b008c4d3a1441b880422188ebcda0439750e7d8301ecbc74f9ee116c1f68,MITDB_P220,220,1690000000,2,20260929,0,1.2775070667266846,0.7820250988006592,15,V2-002-F02-S20260929,4417c6668930e37bc9f0b71ff70d7ff9762182381c6fc54ae10e2b9c9d229143,MODEL_V1_CV_REFERENCE_V1
89fa72f1b7feb3ea115be4791a1c36e217a58e38bc3210288b7dab650b0fa6aa,MITDB_P220,220,510000000,2,20260929,0,1.6647937297821045,0.8408804535865784,15,V2-002-F02-S20260929,4417c6668930e37bc9f0b71ff70d7ff9762182381c6fc54ae10e2b9c9d229143,MODEL_V1_CV_REFERENCE_V1
8a0de87541a73214613d83ba1469684dca169b9f39115998b93260096725288f,MITDB_P220,220,1075000000,2,20260929,0,2.0330915451049805,0.8842278718948364,15,V2-002-F02-S20260929,4417c6668930e37bc9f0b71ff70d7ff9762182381c6fc54ae10e2b9c9d229143,MODEL_V1_CV_REFERENCE_V1
8a1043759c6ccddd8eafa9b375264de46f97fbe9fffb0312992992eb9fe9b4c0,MITDB_P232,232,755000000,2,20260929,1,0.0648210272192955,0.5161995887756348,15,V2-002-F02-S20260929,4417c6668930e37bc9f0b71ff70d7ff9762182381c6fc54ae10e2b9c9d229143,MODEL_V1_CV_REFERENCE_V1
8a133b32ee92fd5872b7405106a77ada073ed9c7a085c4cf1c68e97bdb9235e0,MITDB_P113,113,50000000,2,20260929,0,1.7452925443649292,0.8513580560684204,15,V2-002-F02-S20260929,4417c6668930e37bc9f0b71ff70d7ff9762182381c6fc54ae10e2b9c9d229143,MODEL_V1_CV_REFERENCE_V1
8a20e65c9a15494904d8be994f6ff08d2f808a8726420e0510786de46cf248b7,MITDB_P111,111,1285000000,2,20260929,0,-1.7415826320648193,0.1491120159626007,15,V2-002-F02-S20260929,4417c6668930e37bc9f0b71ff70d7ff9762182381c6fc54ae10e2b9c9d229143,MODEL_V1_CV_REFERENCE_V1
8a3afb1bfb8a040ab631ebb902e2d177862a3d43ff0c9d0696261af779676f4a,MITDB_P220,220,525000000,2,20260929,0,1.9860016107559204,0.8793195486068726,15,V2-002-F02-S20260929,4417c6668930e37bc9f0b71ff70d7ff9762182381c6fc54ae10e2b9c9d229143,MODEL_V1_CV_REFERENCE_V1
8a43cc95ecbdad72e4a5138cd22eb49df9f9b07bb78065555b924c2d2734552d,MITDB_P113,113,1330000000,2,20260929,0,1.106162190437317,0.7514129281044006,15,V2-002-F02-S20260929,4417c6668930e37bc9f0b71ff70d7ff9762182381c6fc54ae10e2b9c9d229143,MODEL_V1_CV_REFERENCE_V1
8a52170c1c790bbff555ad0c4049b3b8d1544c491ea08c6e72ce51b0df5b64a1,MITDB_P111,111,595000000,2,20260929,0,-0.9624991416931152,0.2763781249523163,15,V2-002-F02-S20260929,4417c6668930e37bc9f0b71ff70d7ff9762182381c6fc54ae10e2b9c9d229143,MODEL_V1_CV_REFERENCE_V1
8a71e8eae95b9de4f445638937ac567c8712df1c3261f444a143ff25a4784c93,MITDB_P113,113,1295000000,2,20260929,0,2.1525793075561523,0.8959095478057861,15,V2-002-F02-S20260929,4417c6668930e37bc9f0b71ff70d7ff9762182381c6fc54ae10e2b9c9d229143,MODEL_V1_CV_REFERENCE_V1
8ac16ba9571c2742e81e4088be8c672487e2dc15bfa40eac0e3e7350e43140ba,MITDB_P232,232,705000000,2,20260929,1,0.46199893951416016,0.6134882569313049,15,V2-002-F02-S20260929,4417c6668930e37bc9f0b71ff70d7ff9762182381c6fc54ae10e2b9c9d229143,MODEL_V1_CV_REFERENCE_V1
8ac639d2d226e652b02e6a8584e714b627abbf6734d71e738dd0f2a2004a8163,MITDB_P220,220,1540000000,2,20260929,0,1.3721246719360352,0.7977231740951538,15,V2-002-F02-S20260929,4417c6668930e37bc9f0b71ff70d7ff9762182381c6fc54ae10e2b9c9d229143,MODEL_V1_CV_REFERENCE_V1
8ae289c5e2ebd7a1d2e829dae9eb4b8679e42993c0e73d69405bec37e7c25d05,MITDB_P215,215,990000000,2,20260929,1,0.9812477827072144,0.7273557186126709,15,V2-002-F02-S20260929,4417c6668930e37bc9f0b71ff70d7ff9762182381c6fc54ae10e2b9c9d229143,MODEL_V1_CV_REFERENCE_V1
8b468dc94bfc05f0c0b0edf34fb19d3b5a2f2fdb7c770a9a83423a9abb47952f,MITDB_P232,232,1195000000,2,20260929,1,0.5918354988098145,0.6437861919403076,15,V2-002-F02-S20260929,4417c6668930e37bc9f0b71ff70d7ff9762182381c6fc54ae10e2b9c9d229143,MODEL_V1_CV_REFERENCE_V1
8b4ce04fe2796e7d10c1caaa3eb00884503d505c0107243eea60b14a910ba385,MITDB_P232,232,915000000,2,20260929,1,0.7401512265205383,0.6770289540290833,15,V2-002-F02-S20260929,4417c6668930e37bc9f0b71ff70d7ff9762182381c6fc54ae10e2b9c9d229143,MODEL_V1_CV_REFERENCE_V1
8b8a8542ed720e7f7a7c9c278814ac150fb4fce9964a1835ad08745f84056667,MITDB_P215,215,910000000,2,20260929,1,-3.1581549644470215,0.04077114909887314,15,V2-002-F02-S20260929,4417c6668930e37bc9f0b71ff70d7ff9762182381c6fc54ae10e2b9c9d229143,MODEL_V1_CV_REFERENCE_V1
8bc98aad7ba825a7dce32f81629c32c1b733944231e80ba8823da6dacbb945e8,MITDB_P215,215,1300000000,2,20260929,0,-4.401881217956543,0.012105915695428848,15,V2-002-F02-S20260929,4417c6668930e37bc9f0b71ff70d7ff9762182381c6fc54ae10e2b9c9d229143,MODEL_V1_CV_REFERENCE_V1
8bda0ec6e37837211434a99e01642a70db98a29eb8f499a5bfb76073bbb5c43e,MITDB_P232,232,1180000000,2,20260929,1,0.7749965786933899,0.6846007704734802,15,V2-002-F02-S20260929,4417c6668930e37bc9f0b71ff70d7ff9762182381c6fc54ae10e2b9c9d229143,MODEL_V1_CV_REFERENCE_V1
8bdac5dd515a48f10f40b19341a8c8590b2dff6a1bcef3b12654ab87c6a252f6,MITDB_P113,113,1765000000,2,20260929,0,1.2429389953613281,0.7760751843452454,15,V2-002-F02-S20260929,4417c6668930e37bc9f0b71ff70d7ff9762182381c6fc54ae10e2b9c9d229143,MODEL_V1_CV_REFERENCE_V1
8c19c14e0095d9529e014018500570a2098689f4be646b4f0451b32a480a8611,MITDB_P111,111,1035000000,2,20260929,0,-1.0645134449005127,0.2564478814601898,15,V2-002-F02-S20260929,4417c6668930e37bc9f0b71ff70d7ff9762182381c6fc54ae10e2b9c9d229143,MODEL_V1_CV_REFERENCE_V1
8c279884c37722dde0a7733fc92ca6bc45514396684abf1a86b0ac346f92fee3,MITDB_P113,113,895000000,2,20260929,0,1.0306758880615234,0.7370468974113464,15,V2-002-F02-S20260929,4417c6668930e37bc9f0b71ff70d7ff9762182381c6fc54ae10e2b9c9d229143,MODEL_V1_CV_REFERENCE_V1
8c28965fa721e84f3d34f9c2fb2aa391492f7ce1a339e25d8fd2338b56cb7d61,MITDB_P220,220,1660000000,2,20260929,0,1.5781831741333008,0.8289470672607422,15,V2-002-F02-S20260929,4417c6668930e37bc9f0b71ff70d7ff9762182381c6fc54ae10e2b9c9d229143,MODEL_V1_CV_REFERENCE_V1
8c5020c0edb9b546f54ede672955f2510525af1e340f56aeb3321d232c665d82,MITDB_P215,215,305000000,2,20260929,0,-5.070860385894775,0.006237861700356007,15,V2-002-F02-S20260929,4417c6668930e37bc9f0b71ff70d7ff9762182381c6fc54ae10e2b9c9d229143,MODEL_V1_CV_REFERENCE_V1
8c755504a17fe7ec005708f394235013f65f08e9b4633925224f198161904007,MITDB_P232,232,160000000,2,20260929,1,0.838795006275177,0.6982113718986511,15,V2-002-F02-S20260929,4417c6668930e37bc9f0b71ff70d7ff9762182381c6fc54ae10e2b9c9d229143,MODEL_V1_CV_REFERENCE_V1
8cc01aa008424b1c53c9a68d7251f6ef6851f0d0f18302a9edeb8ecabb1a491d,MITDB_P111,111,1435000000,2,20260929,0,-2.150547981262207,0.104280024766922,15,V2-002-F02-S20260929,4417c6668930e37bc9f0b71ff70d7ff9762182381c6fc54ae10e2b9c9d229143,MODEL_V1_CV_REFERENCE_V1
8cceffc84fa5a0df474fb8479f0f8b537916ec803aa3219f949d8b91e390ec9e,MITDB_P111,111,725000000,2,20260929,0,-1.3560562133789062,0.20488202571868896,15,V2-002-F02-S20260929,4417c6668930e37bc9f0b71ff70d7ff9762182381c6fc54ae10e2b9c9d229143,MODEL_V1_CV_REFERENCE_V1
8ce92fba42c5fdc0017c4bbf0e8ea59a0b777c3aa8af0d3789a7aca559b0221d,MITDB_P111,111,840000000,2,20260929,0,-1.3842796087265015,0.20032255351543427,15,V2-002-F02-S20260929,4417c6668930e37bc9f0b71ff70d7ff9762182381c6fc54ae10e2b9c9d229143,MODEL_V1_CV_REFERENCE_V1
8d02dbf3f33a9556b6acc63d427766d88a4904889f94383c8ab27f53439e1878,MITDB_P232,232,1485000000,2,20260929,1,0.3867344260215759,0.5954963564872742,15,V2-002-F02-S20260929,4417c6668930e37bc9f0b71ff70d7ff9762182381c6fc54ae10e2b9c9d229143,MODEL_V1_CV_REFERENCE_V1
8d1f2688aa0de710aece7a2180bdb8983472f267110fc4bac7653573c7ab38e4,MITDB_P113,113,1285000000,2,20260929,0,1.1525650024414062,0.7599790692329407,15,V2-002-F02-S20260929,4417c6668930e37bc9f0b71ff70d7ff9762182381c6fc54ae10e2b9c9d229143,MODEL_V1_CV_REFERENCE_V1
8dc4629e32650907a0f12e493fa3fefd2ed1c823a788d66e7f354322f8bd6075,MITDB_P220,220,460000000,2,20260929,0,1.9430383443832397,0.8746855854988098,15,V2-002-F02-S20260929,4417c6668930e37bc9f0b71ff70d7ff9762182381c6fc54ae10e2b9c9d229143,MODEL_V1_CV_REFERENCE_V1
8dce5295805819889e351b4cafe54c38f50e77be08bf35b0bb6353e496b6b8e4,MITDB_P215,215,65000000,2,20260929,0,-3.9111335277557373,0.019624948501586914,15,V2-002-F02-S20260929,4417c6668930e37bc9f0b71ff70d7ff9762182381c6fc54ae10e2b9c9d229143,MODEL_V1_CV_REFERENCE_V1
8df29cdb7876bd03612aae01eae4ecb2f10369b5d2efabb83c0e2c8f37fda759,MITDB_P111,111,1455000000,2,20260929,0,-1.2890639305114746,0.21601128578186035,15,V2-002-F02-S20260929,4417c6668930e37bc9f0b71ff70d7ff9762182381c6fc54ae10e2b9c9d229143,MODEL_V1_CV_REFERENCE_V1
8df971d6c19902d60b1b784329fc9f9f71f975994bfb83c3fb3602afb72f9a73,MITDB_P220,220,835000000,2,20260929,1,2.01952862739563,0.8828322887420654,15,V2-002-F02-S20260929,4417c6668930e37bc9f0b71ff70d7ff9762182381c6fc54ae10e2b9c9d229143,MODEL_V1_CV_REFERENCE_V1
8e142a2951ce559b6236c74f703a89a1739bb2f9b1daa93efb2e2d97b8aede4e,MITDB_P215,215,1295000000,2,20260929,0,-4.452469825744629,0.011515604332089424,15,V2-002-F02-S20260929,4417c6668930e37bc9f0b71ff70d7ff9762182381c6fc54ae10e2b9c9d229143,MODEL_V1_CV_REFERENCE_V1
8e1e21e16c9f17d2cb2a98b62e77691ae82f2c3040e04f1513a8f2ab212a8546,MITDB_P111,111,955000000,2,20260929,0,2.1526877880096436,0.895919680595398,15,V2-002-F02-S20260929,4417c6668930e37bc9f0b71ff70d7ff9762182381c6fc54ae10e2b9c9d229143,MODEL_V1_CV_REFERENCE_V1
8e738da878fc998529e9f258a710e5bb6a5a1faa39b193c604d0eb3acf9fda06,MITDB_P220,220,1035000000,2,20260929,0,2.033022880554199,0.8842208981513977,15,V2-002-F02-S20260929,4417c6668930e37bc9f0b71ff70d7ff9762182381c6fc54ae10e2b9c9d229143,MODEL_V1_CV_REFERENCE_V1
8e89832a61bc81520ede7df7a34f1819179e365e5ee501299985e14c51b9c9d5,MITDB_P220,220,685000000,2,20260929,0,2.0157108306884766,0.8824367523193359,15,V2-002-F02-S20260929,4417c6668930e37bc9f0b71ff70d7ff9762182381c6fc54ae10e2b9c9d229143,MODEL_V1_CV_REFERENCE_V1
8ea49825fae320be9c4816f001397b52f1a24549f4ab926f4bafa92d9dc8e146,MITDB_P111,111,1280000000,2,20260929,0,-2.091292381286621,0.10994604229927063,15,V2-002-F02-S20260929,4417c6668930e37bc9f0b71ff70d7ff9762182381c6fc54ae10e2b9c9d229143,MODEL_V1_CV_REFERENCE_V1
8ec0c639a688bedc12a17dcb3116a08b4f088881acfa8e2fba3ed027a1fac48e,MITDB_P215,215,1345000000,2,20260929,1,-1.864037275314331,0.13423316180706024,15,V2-002-F02-S20260929,4417c6668930e37bc9f0b71ff70d7ff9762182381c6fc54ae10e2b9c9d229143,MODEL_V1_CV_REFERENCE_V1
8ecf339a2cda42f3c2e1e37768d6d1aa741580f62b7c6c4be18e616d11a97112,MITDB_P232,232,995000000,2,20260929,1,0.7582966685295105,0.68098384141922,15,V2-002-F02-S20260929,4417c6668930e37bc9f0b71ff70d7ff9762182381c6fc54ae10e2b9c9d229143,MODEL_V1_CV_REFERENCE_V1
8f48961481486d71e8361f5d77bbc77b436bca82dd19595196ffbea0ef3dc29e,MITDB_P232,232,775000000,2,20260929,1,0.2910120487213135,0.572243869304657,15,V2-002-F02-S20260929,4417c6668930e37bc9f0b71ff70d7ff9762182381c6fc54ae10e2b9c9d229143,MODEL_V1_CV_REFERENCE_V1
8f48bd0367aa525be6a861dd47b9deda07c1e5d18d63f73544573a548e199a17,MITDB_P220,220,790000000,2,20260929,0,2.0125739574432373,0.8821109533309937,15,V2-002-F02-S20260929,4417c6668930e37bc9f0b71ff70d7ff9762182381c6fc54ae10e2b9c9d229143,MODEL_V1_CV_REFERENCE_V1
8f4e154230d54326544307ffcc4894950ed2db62a2fba4896f42c5024cc8ebf0,MITDB_P113,113,1045000000,2,20260929,0,1.9987183809280396,0.8806625008583069,15,V2-002-F02-S20260929,4417c6668930e37bc9f0b71ff70d7ff9762182381c6fc54ae10e2b9c9d229143,MODEL_V1_CV_REFERENCE_V1
8f61fd85846e206211862b526fb6bd5654fcfbd0d58a02757027e5299d5b56a9,MITDB_P220,220,450000000,2,20260929,0,1.3957273960113525,0.8015050292015076,15,V2-002-F02-S20260929,4417c6668930e37bc9f0b71ff70d7ff9762182381c6fc54ae10e2b9c9d229143,MODEL_V1_CV_REFERENCE_V1
8f8b7ae6675803624544e8babb76992e60528189916687cf0a3f9ac3559aa764,MITDB_P113,113,835000000,2,20260929,0,1.6218401193618774,0.8350487351417542,15,V2-002-F02-S20260929,4417c6668930e37bc9f0b71ff70d7ff9762182381c6fc54ae10e2b9c9d229143,MODEL_V1_CV_REFERENCE_V1
8fb5acefda68cadd532557b2e07b4348bf588f7a0d6494428e004b9e2456cb86,MITDB_P232,232,360000000,2,20260929,1,0.25048768520355225,0.5622965693473816,15,V2-002-F02-S20260929,4417c6668930e37bc9f0b71ff70d7ff9762182381c6fc54ae10e2b9c9d229143,MODEL_V1_CV_REFERENCE_V1
8fe12be1aa4252d8860fbeb81d6ffa7e8b01ca459a5281662dfe1c8c4a770452,MITDB_P232,232,1295000000,2,20260929,1,-0.07041478902101517,0.48240354657173157,15,V2-002-F02-S20260929,4417c6668930e37bc9f0b71ff70d7ff9762182381c6fc54ae10e2b9c9d229143,MODEL_V1_CV_REFERENCE_V1
901e19a4a7e5e9a69b26f11282e79e15befcbcb90845f3c8309abf97ecf12f44,MITDB_P220,220,360000000,2,20260929,0,1.9967471361160278,0.8804550766944885,15,V2-002-F02-S20260929,4417c6668930e37bc9f0b71ff70d7ff9762182381c6fc54ae10e2b9c9d229143,MODEL_V1_CV_REFERENCE_V1
90242924dfdfddac399b828ae0fb1d6c40ab750d328c960ba67696fef808dd47,MITDB_P113,113,1590000000,2,20260929,0,0.4036024212837219,0.5995528697967529,15,V2-002-F02-S20260929,4417c6668930e37bc9f0b71ff70d7ff9762182381c6fc54ae10e2b9c9d229143,MODEL_V1_CV_REFERENCE_V1
90301e36c5933d2f8c0c78445cfac4e621173fada73fd516a4a6c8e197304014,MITDB_P111,111,410000000,2,20260929,0,-1.8247416019439697,0.1388658881187439,15,V2-002-F02-S20260929,4417c6668930e37bc9f0b71ff70d7ff9762182381c6fc54ae10e2b9c9d229143,MODEL_V1_CV_REFERENCE_V1
90338e273efbbcbb6f7b185cd4acdfe6cf580550ee2ecff7e53e102726bc043d,MITDB_P220,220,1360000000,2,20260929,1,1.6910381317138672,0.8443606495857239,15,V2-002-F02-S20260929,4417c6668930e37bc9f0b71ff70d7ff9762182381c6fc54ae10e2b9c9d229143,MODEL_V1_CV_REFERENCE_V1
9037b53b65ca2cdae22018b075f78f75f691a1b8c176acc949bffc92d3d826dc,MITDB_P113,113,115000000,2,20260929,0,1.3121109008789062,0.7878661751747131,15,V2-002-F02-S20260929,4417c6668930e37bc9f0b71ff70d7ff9762182381c6fc54ae10e2b9c9d229143,MODEL_V1_CV_REFERENCE_V1
9037ca5b0eca25209eb7e19ec261fac527d0f651c1bd7a092250709c4d27b561,MITDB_P111,111,1295000000,2,20260929,0,-2.217252731323242,0.0982118472456932,15,V2-002-F02-S20260929,4417c6668930e37bc9f0b71ff70d7ff9762182381c6fc54ae10e2b9c9d229143,MODEL_V1_CV_REFERENCE_V1
90a6d368e4bc364a281c39ba36f97c91adfc27d407e0c40d20b9ecbd3038af02,MITDB_P220,220,825000000,2,20260929,1,2.1168811321258545,0.8925331234931946,15,V2-002-F02-S20260929,4417c6668930e37bc9f0b71ff70d7ff9762182381c6fc54ae10e2b9c9d229143,MODEL_V1_CV_REFERENCE_V1
90ea477f36eddff2442079152af2e39fc7f266f6406893779066b1d9f7a1e56e,MITDB_P113,113,1755000000,2,20260929,0,1.6005685329437256,0.8320978283882141,15,V2-002-F02-S20260929,4417c6668930e37bc9f0b71ff70d7ff9762182381c6fc54ae10e2b9c9d229143,MODEL_V1_CV_REFERENCE_V1
91298906ad52623427c9b9d60015cd3a6176b7869069a8f71f495ca442f59e99,MITDB_P111,111,1770000000,2,20260929,0,-1.1316372156143188,0.24385908246040344,15,V2-002-F02-S20260929,4417c6668930e37bc9f0b71ff70d7ff9762182381c6fc54ae10e2b9c9d229143,MODEL_V1_CV_REFERENCE_V1
9155569a9337bf485f2d1c67f6bd708b38c823a84aba888d8fdbed42a71263ff,MITDB_P113,113,1375000000,2,20260929,0,1.290676236152649,0.7842615842819214,15,V2-002-F02-S20260929,4417c6668930e37bc9f0b71ff70d7ff9762182381c6fc54ae10e2b9c9d229143,MODEL_V1_CV_REFERENCE_V1
9198d903fef65a1ecbd407d611aa668b09f40e14f1e1ef8b94624881143478e0,MITDB_P113,113,1455000000,2,20260929,0,0.3278184235095978,0.581228494644165,15,V2-002-F02-S20260929,4417c6668930e37bc9f0b71ff70d7ff9762182381c6fc54ae10e2b9c9d229143,MODEL_V1_CV_REFERENCE_V1
91e72e2a89e6a725fe83f51f55cd8fee26ba61b9bee3a73b628f6924cca2e671,MITDB_P232,232,555000000,2,20260929,1,0.4707622528076172,0.6155641674995422,15,V2-002-F02-S20260929,4417c6668930e37bc9f0b71ff70d7ff9762182381c6fc54ae10e2b9c9d229143,MODEL_V1_CV_REFERENCE_V1
91fb4ac8efe22b0ac74a5815d5c99d97756f83ac4d652e200a42beb41da97cd5,MITDB_P215,215,1380000000,2,20260929,0,-4.8777666091918945,0.007556465454399586,15,V2-002-F02-S20260929,4417c6668930e37bc9f0b71ff70d7ff9762182381c6fc54ae10e2b9c9d229143,MODEL_V1_CV_REFERENCE_V1
920c246bc61a80ddb833c0f83ff9af24890d793b74c92ba9c038059f4532813c,MITDB_P232,232,95000000,2,20260929,1,1.2657638788223267,0.7800167202949524,15,V2-002-F02-S20260929,4417c6668930e37bc9f0b71ff70d7ff9762182381c6fc54ae10e2b9c9d229143,MODEL_V1_CV_REFERENCE_V1
923a23ef6e3bbc8fb30d956dc8eca441387b5b30f266ce448c83afb4a09ba56b,MITDB_P220,220,50000000,2,20260929,1,2.0891001224517822,0.889839231967926,15,V2-002-F02-S20260929,4417c6668930e37bc9f0b71ff70d7ff9762182381c6fc54ae10e2b9c9d229143,MODEL_V1_CV_REFERENCE_V1
926b0a93acb72b0bbc3810138b3236c996dd8d30a2d0297354ee1bf36af5ceb9,MITDB_P111,111,755000000,2,20260929,0,-1.924001693725586,0.1274159848690033,15,V2-002-F02-S20260929,4417c6668930e37bc9f0b71ff70d7ff9762182381c6fc54ae10e2b9c9d229143,MODEL_V1_CV_REFERENCE_V1
92a1bbf8054461a7183e261ca8af85171368c0999442ad940253d0795e7b7171,MITDB_P113,113,1695000000,2,20260929,0,1.0625137090682983,0.7431706190109253,15,V2-002-F02-S20260929,4417c6668930e37bc9f0b71ff70d7ff9762182381c6fc54ae10e2b9c9d229143,MODEL_V1_CV_REFERENCE_V1
92e67cbe46def21b199957c9470ff0db9257a7e0766152db2895fd09ac08b47b,MITDB_P113,113,540000000,2,20260929,0,1.543065071105957,0.8239098787307739,15,V2-002-F02-S20260929,4417c6668930e37bc9f0b71ff70d7ff9762182381c6fc54ae10e2b9c9d229143,MODEL_V1_CV_REFERENCE_V1
92fac35b1a9a198564c1b1303e4d475f62185ff5b9797916e27a619ec9b5d2a1,MITDB_P232,232,1020000000,2,20260929,1,1.021706461906433,0.7353048920631409,15,V2-002-F02-S20260929,4417c6668930e37bc9f0b71ff70d7ff9762182381c6fc54ae10e2b9c9d229143,MODEL_V1_CV_REFERENCE_V1
931b6d5276985c23e085c887bd48922391fc634cc23b6ebcd494f416b43ba5ad,MITDB_P232,232,1480000000,2,20260929,1,0.12382637709379196,0.5309171080589294,15,V2-002-F02-S20260929,4417c6668930e37bc9f0b71ff70d7ff9762182381c6fc54ae10e2b9c9d229143,MODEL_V1_CV_REFERENCE_V1
932b51bc50365d219147ef7e5daeef21fa2b8e38d3ae8f2031b92da545f26236,MITDB_P232,232,1005000000,2,20260929,1,0.6412206888198853,0.655029296875,15,V2-002-F02-S20260929,4417c6668930e37bc9f0b71ff70d7ff9762182381c6fc54ae10e2b9c9d229143,MODEL_V1_CV_REFERENCE_V1
935cd10356a6f560f2d3df617464d87aa516fecdbf4e9ccca8c67f8a0bc77dd9,MITDB_P215,215,905000000,2,20260929,1,-3.3178012371063232,0.034965526312589645,15,V2-002-F02-S20260929,4417c6668930e37bc9f0b71ff70d7ff9762182381c6fc54ae10e2b9c9d229143,MODEL_V1_CV_REFERENCE_V1
93678441771cd4a1d71207fd35e67fb719edf3b1ede116ddb71a80e4754e139b,MITDB_P220,220,90000000,2,20260929,0,1.8069424629211426,0.8589919805526733,15,V2-002-F02-S20260929,4417c6668930e37bc9f0b71ff70d7ff9762182381c6fc54ae10e2b9c9d229143,MODEL_V1_CV_REFERENCE_V1
93874bb9a284072c734d5a7cf698de83e735c9c7b65bf2cbd565c4ff629e77e4,MITDB_P215,215,685000000,2,20260929,1,-1.8644020557403564,0.13419078290462494,15,V2-002-F02-S20260929,4417c6668930e37bc9f0b71ff70d7ff9762182381c6fc54ae10e2b9c9d229143,MODEL_V1_CV_REFERENCE_V1
93cf683d650aad7f4d789f574baa070bf57d7020148370fc5eb7287c08520645,MITDB_P111,111,420000000,2,20260929,0,-0.3581813871860504,0.41139987111091614,15,V2-002-F02-S20260929,4417c6668930e37bc9f0b71ff70d7ff9762182381c6fc54ae10e2b9c9d229143,MODEL_V1_CV_REFERENCE_V1
93d583a235cd44976e607d825ef1def11570d6f195e897e158512e50bd43d12c,MITDB_P113,113,1035000000,2,20260929,0,2.453974723815918,0.9208515882492065,15,V2-002-F02-S20260929,4417c6668930e37bc9f0b71ff70d7ff9762182381c6fc54ae10e2b9c9d229143,MODEL_V1_CV_REFERENCE_V1
93d9cbdfcb3ecfeaf5a845e9bc17f94a043813a0a75bc0538f8959f5b785a579,MITDB_P232,232,315000000,2,20260929,1,0.2708602547645569,0.5673040747642517,15,V2-002-F02-S20260929,4417c6668930e37bc9f0b71ff70d7ff9762182381c6fc54ae10e2b9c9d229143,MODEL_V1_CV_REFERENCE_V1
93ddc4baff8f7a87af10f691b972c8aa3cd44e0ba5657986bf5d60b9de3f4e29,MITDB_P220,220,700000000,2,20260929,0,1.8797208070755005,0.8675790429115295,15,V2-002-F02-S20260929,4417c6668930e37bc9f0b71ff70d7ff9762182381c6fc54ae10e2b9c9d229143,MODEL_V1_CV_REFERENCE_V1
93e867c4419d6d0730cea63a5af5cc9e365be724f06d2132de7c117ef60652f7,MITDB_P215,215,1405000000,2,20260929,0,-3.0295474529266357,0.04610872641205788,15,V2-002-F02-S20260929,4417c6668930e37bc9f0b71ff70d7ff9762182381c6fc54ae10e2b9c9d229143,MODEL_V1_CV_REFERENCE_V1
93f2f6506e92b0da76fb5088018e55515a697d93775278004c1996ed8fe4a56c,MITDB_P232,232,865000000,2,20260929,1,0.9273956418037415,0.7165465950965881,15,V2-002-F02-S20260929,4417c6668930e37bc9f0b71ff70d7ff9762182381c6fc54ae10e2b9c9d229143,MODEL_V1_CV_REFERENCE_V1
942939c58aac59ec07608029aa7e800f9904d5ea743e1dd20260b25a41176b52,MITDB_P220,220,15000000,2,20260929,0,1.8365181684494019,0.8625363707542419,15,V2-002-F02-S20260929,4417c6668930e37bc9f0b71ff70d7ff9762182381c6fc54ae10e2b9c9d229143,MODEL_V1_CV_REFERENCE_V1
948902d2fd0213335d7ef167cb17bef8b95271e935414eddf6150230ffa8873a,MITDB_P111,111,1105000000,2,20260929,0,-2.8794655799865723,0.05317803472280502,15,V2-002-F02-S20260929,4417c6668930e37bc9f0b71ff70d7ff9762182381c6fc54ae10e2b9c9d229143,MODEL_V1_CV_REFERENCE_V1
9492f18e961da762c13df5cdaadd3b94ee20ba559cc407abb564f0601eb5dd1a,MITDB_P215,215,1610000000,2,20260929,1,-0.263601154088974,0.43447864055633545,15,V2-002-F02-S20260929,4417c6668930e37bc9f0b71ff70d7ff9762182381c6fc54ae10e2b9c9d229143,MODEL_V1_CV_REFERENCE_V1
94b383ebeb4cbd1995b1f896450debc95f20efe49cc75423085056a43549967f,MITDB_P220,220,1030000000,2,20260929,0,2.025672435760498,0.8834663033485413,15,V2-002-F02-S20260929,4417c6668930e37bc9f0b71ff70d7ff9762182381c6fc54ae10e2b9c9d229143,MODEL_V1_CV_REFERENCE_V1
94bfe34c215bf876b6f746ad5c462675bdf02b1b29f8174b4f7b5d81e262220a,MITDB_P232,232,905000000,2,20260929,1,0.9412980675697327,0.7193617820739746,15,V2-002-F02-S20260929,4417c6668930e37bc9f0b71ff70d7ff9762182381c6fc54ae10e2b9c9d229143,MODEL_V1_CV_REFERENCE_V1
94c814c7089f83401e4ec70cc8cc5b1e7d2ee025cb72019b69350f8aee09ffef,MITDB_P111,111,1275000000,2,20260929,0,-1.083292007446289,0.25288355350494385,15,V2-002-F02-S20260929,4417c6668930e37bc9f0b71ff70d7ff9762182381c6fc54ae10e2b9c9d229143,MODEL_V1_CV_REFERENCE_V1
94caa591c3541ed568bb75af8bf9db07714a56cef78e09b883ba44dc15bcd479,MITDB_P113,113,20000000,2,20260929,0,1.4338327646255493,0.8074977993965149,15,V2-002-F02-S20260929,4417c6668930e37bc9f0b71ff70d7ff9762182381c6fc54ae10e2b9c9d229143,MODEL_V1_CV_REFERENCE_V1
94f8b55b804555d4db04a47d12ccc81ec164a2456ddee006481b0cc657be46bd,MITDB_P220,220,755000000,2,20260929,0,1.7059524059295654,0.846310555934906,15,V2-002-F02-S20260929,4417c6668930e37bc9f0b71ff70d7ff9762182381c6fc54ae10e2b9c9d229143,MODEL_V1_CV_REFERENCE_V1
95116b4ef08f2666c967212f26b6485ed5447795d8794aafd35a937c5a2f0448,MITDB_P111,111,1425000000,2,20260929,0,-2.080319881439209,0.1110243946313858,15,V2-002-F02-S20260929,4417c6668930e37bc9f0b71ff70d7ff9762182381c6fc54ae10e2b9c9d229143,MODEL_V1_CV_REFERENCE_V1
955805468ae969c14cdf8042402be498f34b82774fa6146476e182f733a06f10,MITDB_P111,111,285000000,2,20260929,0,-2.3089160919189453,0.09038721770048141,15,V2-002-F02-S20260929,4417c6668930e37bc9f0b71ff70d7ff9762182381c6fc54ae10e2b9c9d229143,MODEL_V1_CV_REFERENCE_V1
959859e5583fa301d696a33b2d118c243e391e2333881f03ef178a9711d38edc,MITDB_P215,215,400000000,2,20260929,0,-3.514200448989868,0.02891087345778942,15,V2-002-F02-S20260929,4417c6668930e37bc9f0b71ff70d7ff9762182381c6fc54ae10e2b9c9d229143,MODEL_V1_CV_REFERENCE_V1
95a02fd5e297cdf56367359665083cdd38616a1197612ae5157a7d1b30ebbb86,MITDB_P232,232,1325000000,2,20260929,1,0.3534674644470215,0.5874581933021545,15,V2-002-F02-S20260929,4417c6668930e37bc9f0b71ff70d7ff9762182381c6fc54ae10e2b9c9d229143,MODEL_V1_CV_REFERENCE_V1
95b1a6fca175692e2d8daf93ee1a198b60567eb4736ba6e46af1c1299f32164c,MITDB_P215,215,10000000,2,20260929,0,-4.298918724060059,0.013401206582784653,15,V2-002-F02-S20260929,4417c6668930e37bc9f0b71ff70d7ff9762182381c6fc54ae10e2b9c9d229143,MODEL_V1_CV_REFERENCE_V1
96090b00315c6af2940944ed2e7ff92010aa774f11416028dd1c4085b8a02763,MITDB_P220,220,390000000,2,20260929,0,2.095477819442749,0.8904628753662109,15,V2-002-F02-S20260929,4417c6668930e37bc9f0b71ff70d7ff9762182381c6fc54ae10e2b9c9d229143,MODEL_V1_CV_REFERENCE_V1
960d663781b77a2363361a0f6d867cb3253f497f51b40bca90ea426acd01828a,MITDB_P220,220,465000000,2,20260929,0,2.000816583633423,0.8808827996253967,15,V2-002-F02-S20260929,4417c6668930e37bc9f0b71ff70d7ff9762182381c6fc54ae10e2b9c9d229143,MODEL_V1_CV_REFERENCE_V1
9615fb16d4711076cc296066fd505ac52c8c2035618d51d4ee5c864caa690024,MITDB_P215,215,1030000000,2,20260929,0,-3.8602099418640137,0.020629053935408592,15,V2-002-F02-S20260929,4417c6668930e37bc9f0b71ff70d7ff9762182381c6fc54ae10e2b9c9d229143,MODEL_V1_CV_REFERENCE_V1
962750fc77106fed79cac3f8a768ad16c4f20b67406c6aa79eb5c719ef1b7c80,MITDB_P113,113,965000000,2,20260929,0,1.1672372817993164,0.7626452445983887,15,V2-002-F02-S20260929,4417c6668930e37bc9f0b71ff70d7ff9762182381c6fc54ae10e2b9c9d229143,MODEL_V1_CV_REFERENCE_V1
962c69a4382f4081685cd1ef429922b0b7521fb960ccaa8ef948c11836ee475f,MITDB_P220,220,595000000,2,20260929,0,2.3410966396331787,0.9122239351272583,15,V2-002-F02-S20260929,4417c6668930e37bc9f0b71ff70d7ff9762182381c6fc54ae10e2b9c9d229143,MODEL_V1_CV_REFERENCE_V1
963a58a3a002cb0a98e3bec3c1c74761268b846f3b130de605e7ab1bd1a0ce8a,MITDB_P215,215,395000000,2,20260929,0,-3.5412867069244385,0.028160054236650467,15,V2-002-F02-S20260929,4417c6668930e37bc9f0b71ff70d7ff9762182381c6fc54ae10e2b9c9d229143,MODEL_V1_CV_REFERENCE_V1
964600cb7e20688c02ea00bbebafae31a5f78b204c9a16d0054bc60e266fde34,MITDB_P215,215,1440000000,2,20260929,1,-1.90336275100708,0.12972834706306458,15,V2-002-F02-S20260929,4417c6668930e37bc9f0b71ff70d7ff9762182381c6fc54ae10e2b9c9d229143,MODEL_V1_CV_REFERENCE_V1
967ba2dc2f5e7c7a9c5067b6e24d218032f68f0837eed7c90ec440391711e10a,MITDB_P220,220,435000000,2,20260929,1,1.1604214906692505,0.761409342288971,15,V2-002-F02-S20260929,4417c6668930e37bc9f0b71ff70d7ff9762182381c6fc54ae10e2b9c9d229143,MODEL_V1_CV_REFERENCE_V1
967c0ad93a18e56225d6521e1ce46a204d31efa0e79763ed445ee6dccc9b160d,MITDB_P113,113,135000000,2,20260929,0,1.8516491651535034,0.8643205761909485,15,V2-002-F02-S20260929,4417c6668930e37bc9f0b71ff70d7ff9762182381c6fc54ae10e2b9c9d229143,MODEL_V1_CV_REFERENCE_V1
968bf28f3221473e9d45ec49394020ec7c6c47b90d74cc952061b7ed9b2ece60,MITDB_P111,111,785000000,2,20260929,0,-1.1589617729187012,0.2388559877872467,15,V2-002-F02-S20260929,4417c6668930e37bc9f0b71ff70d7ff9762182381c6fc54ae10e2b9c9d229143,MODEL_V1_CV_REFERENCE_V1
96c2c730e3f8472f4d327389ac478344747e39aa3aa096907d51ce34157b2672,MITDB_P215,215,570000000,2,20260929,1,-1.2305519580841064,0.22608482837677002,15,V2-002-F02-S20260929,4417c6668930e37bc9f0b71ff70d7ff9762182381c6fc54ae10e2b9c9d229143,MODEL_V1_CV_REFERENCE_V1
96e35a0994c1dc39d12a1cd76dab0e3b365ab7285fde810d37c91bce407a2def,MITDB_P111,111,1785000000,2,20260929,0,-0.5736010074615479,0.3604063391685486,15,V2-002-F02-S20260929,4417c6668930e37bc9f0b71ff70d7ff9762182381c6fc54ae10e2b9c9d229143,MODEL_V1_CV_REFERENCE_V1
9715bc0f6e374ed9b518ca248abaa0245516bdf1cd8050bcba110c65ff85e490,MITDB_P220,220,1600000000,2,20260929,0,1.4955501556396484,0.8169098496437073,15,V2-002-F02-S20260929,4417c6668930e37bc9f0b71ff70d7ff9762182381c6fc54ae10e2b9c9d229143,MODEL_V1_CV_REFERENCE_V1
9717fed549bd6e0085aaab8510a0a3108fb30757e4f0d7dc62e56f71549a0747,MITDB_P113,113,1310000000,2,20260929,0,1.6900084018707275,0.844225287437439,15,V2-002-F02-S20260929,4417c6668930e37bc9f0b71ff70d7ff9762182381c6fc54ae10e2b9c9d229143,MODEL_V1_CV_REFERENCE_V1
971b16e506094d9b41582e89c2a1a51c051d0c09ee2248f60dc06d94ea21f85c,MITDB_P220,220,1720000000,2,20260929,0,1.5990374088287354,0.8318837881088257,15,V2-002-F02-S20260929,4417c6668930e37bc9f0b71ff70d7ff9762182381c6fc54ae10e2b9c9d229143,MODEL_V1_CV_REFERENCE_V1
974db82c4166465b56e34cd063b3f1575f64cf492cf4fc8498f7eb49daf27fd2,MITDB_P232,232,1700000000,2,20260929,1,0.5554642677307129,0.6354023814201355,15,V2-002-F02-S20260929,4417c6668930e37bc9f0b71ff70d7ff9762182381c6fc54ae10e2b9c9d229143,MODEL_V1_CV_REFERENCE_V1
9783df88e79323c1437fd5d76b1e5602546bd8824069b676c1d671a93812be13,MITDB_P220,220,30000000,2,20260929,0,2.0176596641540527,0.8826388120651245,15,V2-002-F02-S20260929,4417c6668930e37bc9f0b71ff70d7ff9762182381c6fc54ae10e2b9c9d229143,MODEL_V1_CV_REFERENCE_V1
97ba1be4ff83b20d8564b93002cb704463209184b59d51f2498cfa18d82266a7,MITDB_P113,113,1770000000,2,20260929,0,1.5511208772659302,0.825075626373291,15,V2-002-F02-S20260929,4417c6668930e37bc9f0b71ff70d7ff9762182381c6fc54ae10e2b9c9d229143,MODEL_V1_CV_REFERENCE_V1
97cc22e9eec3482770723356badbd56ed399f27ea0021b5844b5a3eca8a4934b,MITDB_P220,220,1730000000,2,20260929,0,1.6127413511276245,0.8337916731834412,15,V2-002-F02-S20260929,4417c6668930e37bc9f0b71ff70d7ff9762182381c6fc54ae10e2b9c9d229143,MODEL_V1_CV_REFERENCE_V1
97ce496f75d3953257031126358c55ea6d57f07e251fd43ab847dd5e28b70da0,MITDB_P111,111,665000000,2,20260929,0,-2.2334139347076416,0.09678977727890015,15,V2-002-F02-S20260929,4417c6668930e37bc9f0b71ff70d7ff9762182381c6fc54ae10e2b9c9d229143,MODEL_V1_CV_REFERENCE_V1
980c52b7d22a1859cbe978596a49c7fe73cd1640d06c26ab955afc658fca66c7,MITDB_P215,215,170000000,2,20260929,1,0.6394945979118347,0.6546391844749451,15,V2-002-F02-S20260929,4417c6668930e37bc9f0b71ff70d7ff9762182381c6fc54ae10e2b9c9d229143,MODEL_V1_CV_REFERENCE_V1
9826b89858f5d5a4161ef5471a52f349cf01887e7acb5bf74e8de391768710d3,MITDB_P113,113,405000000,2,20260929,0,1.7075368165969849,0.8465165495872498,15,V2-002-F02-S20260929,4417c6668930e37bc9f0b71ff70d7ff9762182381c6fc54ae10e2b9c9d229143,MODEL_V1_CV_REFERENCE_V1
9837c0a01b838260fcd96f2032426ebcc427af23db6dfe98737452d271a2b699,MITDB_P232,232,200000000,2,20260929,1,0.41136428713798523,0.6014149785041809,15,V2-002-F02-S20260929,4417c6668930e37bc9f0b71ff70d7ff9762182381c6fc54ae10e2b9c9d229143,MODEL_V1_CV_REFERENCE_V1
984ee76d10174076372bc12fe5a2a3136f4acba74d649b32086ca9ac38ee043d,MITDB_P111,111,240000000,2,20260929,0,-2.160027503967285,0.103397898375988,15,V2-002-F02-S20260929,4417c6668930e37bc9f0b71ff70d7ff9762182381c6fc54ae10e2b9c9d229143,MODEL_V1_CV_REFERENCE_V1
986d64a0517634b898b21deeaac5fcf5c86f58652b27262e69c121b80dba9839,MITDB_P220,220,1195000000,2,20260929,0,1.4968738555908203,0.8171077370643616,15,V2-002-F02-S20260929,4417c6668930e37bc9f0b71ff70d7ff9762182381c6fc54ae10e2b9c9d229143,MODEL_V1_CV_REFERENCE_V1
987882c40178304ac818a6e810626290535d355bc65dc2e2d7ff28bde8975295,MITDB_P220,220,135000000,2,20260929,0,2.346616506576538,0.9126648902893066,15,V2-002-F02-S20260929,4417c6668930e37bc9f0b71ff70d7ff9762182381c6fc54ae10e2b9c9d229143,MODEL_V1_CV_REFERENCE_V1
98a772f3ada84cde686c7cf87e9b0c8400170a64da8f822c35bd04c64416f59f,MITDB_P232,232,920000000,2,20260929,1,0.7216634750366211,0.6729732155799866,15,V2-002-F02-S20260929,4417c6668930e37bc9f0b71ff70d7ff9762182381c6fc54ae10e2b9c9d229143,MODEL_V1_CV_REFERENCE_V1
98e4833cb3c7d0a7df348d04b281474b6a514045b151189a467f74bdbd25943c,MITDB_P113,113,1795000000,2,20260929,0,1.3345612287521362,0.7915940880775452,15,V2-002-F02-S20260929,4417c6668930e37bc9f0b71ff70d7ff9762182381c6fc54ae10e2b9c9d229143,MODEL_V1_CV_REFERENCE_V1
98ef989a7dff29264625516584542cf8fd9a1212508b9d53f7e53cc748b4af2a,MITDB_P232,232,870000000,2,20260929,1,0.19901928305625916,0.5495912432670593,15,V2-002-F02-S20260929,4417c6668930e37bc9f0b71ff70d7ff9762182381c6fc54ae10e2b9c9d229143,MODEL_V1_CV_REFERENCE_V1
98fed4f13d6fd5ae6b3861db162a7275706c067305c244b0fc35fd3068dfac38,MITDB_P220,220,900000000,2,20260929,0,1.938655138015747,0.8742043375968933,15,V2-002-F02-S20260929,4417c6668930e37bc9f0b71ff70d7ff9762182381c6fc54ae10e2b9c9d229143,MODEL_V1_CV_REFERENCE_V1
99304652ed9fe7db91e75c075d9a9c3d9f8c269633f8ce8368087a9fa78772a3,MITDB_P113,113,1645000000,2,20260929,0,1.702746868133545,0.845893144607544,15,V2-002-F02-S20260929,4417c6668930e37bc9f0b71ff70d7ff9762182381c6fc54ae10e2b9c9d229143,MODEL_V1_CV_REFERENCE_V1
99571685122fed78e045b143f1fba0776701a994bbc1194e4248824a9f9a10f8,MITDB_P113,113,920000000,2,20260929,0,1.7103595733642578,0.8468828797340393,15,V2-002-F02-S20260929,4417c6668930e37bc9f0b71ff70d7ff9762182381c6fc54ae10e2b9c9d229143,MODEL_V1_CV_REFERENCE_V1
9957ee6b8285f77f3904f85f484608247b073f1545bcba9ce6e764b62af6775b,MITDB_P113,113,1710000000,2,20260929,0,-0.028697945177555084,0.492825984954834,15,V2-002-F02-S20260929,4417c6668930e37bc9f0b71ff70d7ff9762182381c6fc54ae10e2b9c9d229143,MODEL_V1_CV_REFERENCE_V1
99a8fdcfa0c9f5bf0338d058f3efb891263bef1bee0e87f191833bb1bc96d7f6,MITDB_P232,232,1735000000,2,20260929,1,0.3945990204811096,0.5973893404006958,15,V2-002-F02-S20260929,4417c6668930e37bc9f0b71ff70d7ff9762182381c6fc54ae10e2b9c9d229143,MODEL_V1_CV_REFERENCE_V1
9a27d0cf18481d6ce65c4a7e67934adab0d6f32e0b4d3f53a64f7e8c20290f44,MITDB_P113,113,125000000,2,20260929,0,1.3879060745239258,0.8002577424049377,15,V2-002-F02-S20260929,4417c6668930e37bc9f0b71ff70d7ff9762182381c6fc54ae10e2b9c9d229143,MODEL_V1_CV_REFERENCE_V1
9a8a8d7f4e0896d400eb5ebf4b7affc7abbc966e2b6bded120b1465ef57404c3,MITDB_P232,232,585000000,2,20260929,1,0.5305159687995911,0.6296034455299377,15,V2-002-F02-S20260929,4417c6668930e37bc9f0b71ff70d7ff9762182381c6fc54ae10e2b9c9d229143,MODEL_V1_CV_REFERENCE_V1
9a8eb33b93c12e88a00d03f675dcfa785e01f7831f7cda9e36699de71a29c350,MITDB_P220,220,1255000000,2,20260929,1,1.7751294374465942,0.8550944328308105,15,V2-002-F02-S20260929,4417c6668930e37bc9f0b71ff70d7ff9762182381c6fc54ae10e2b9c9d229143,MODEL_V1_CV_REFERENCE_V1
9aae01f73de4ef63ebe0624635a9f23ee9abe316a885bf3cb65465bdd54244e0,MITDB_P111,111,1530000000,2,20260929,0,-2.6112546920776367,0.06841759383678436,15,V2-002-F02-S20260929,4417c6668930e37bc9f0b71ff70d7ff9762182381c6fc54ae10e2b9c9d229143,MODEL_V1_CV_REFERENCE_V1
9ac380ce9abd59527723d9f00add2143b0493f478f9f29c88d956432400caf0a,MITDB_P111,111,735000000,2,20260929,0,-1.1578805446624756,0.23905259370803833,15,V2-002-F02-S20260929,4417c6668930e37bc9f0b71ff70d7ff9762182381c6fc54ae10e2b9c9d229143,MODEL_V1_CV_REFERENCE_V1
9ac7c5b1ce3a4391116b7d9514304da271f8e96d42bd726a7c49449346d0b412,MITDB_P113,113,400000000,2,20260929,1,1.2813345193862915,0.7826768159866333,15,V2-002-F02-S20260929,4417c6668930e37bc9f0b71ff70d7ff9762182381c6fc54ae10e2b9c9d229143,MODEL_V1_CV_REFERENCE_V1
9acb10a26fec5e03daefbcbf9f5497efa7f34d5db802eef472033a9a053a4469,MITDB_P220,220,20000000,2,20260929,0,1.8774046897888184,0.8673127293586731,15,V2-002-F02-S20260929,4417c6668930e37bc9f0b71ff70d7ff9762182381c6fc54ae10e2b9c9d229143,MODEL_V1_CV_REFERENCE_V1
9af5afbde549cb5a3f198dadd8738ea3d8c5fcee60721c8ba23b0dcd273d9a86,MITDB_P215,215,1150000000,2,20260929,1,-4.252603054046631,0.014027578756213188,15,V2-002-F02-S20260929,4417c6668930e37bc9f0b71ff70d7ff9762182381c6fc54ae10e2b9c9d229143,MODEL_V1_CV_REFERENCE_V1
9b05d82f74b537f0822531f85c8b7eea12736a6382c3fc24d2e8ab7463fd2f0d,MITDB_P220,220,210000000,2,20260929,0,2.042495012283325,0.8851870894432068,15,V2-002-F02-S20260929,4417c6668930e37bc9f0b71ff70d7ff9762182381c6fc54ae10e2b9c9d229143,MODEL_V1_CV_REFERENCE_V1
9b2a352e2b63c1aa5bf24883e31328eb566b40cd7d6df0874d316d730efb895c,MITDB_P220,220,1265000000,2,20260929,1,1.688249111175537,0.8439937829971313,15,V2-002-F02-S20260929,4417c6668930e37bc9f0b71ff70d7ff9762182381c6fc54ae10e2b9c9d229143,MODEL_V1_CV_REFERENCE_V1
9b6878795e7c01d6d809107f74aaa92c16b5a14466b7a89fb00c614b1912ea91,MITDB_P111,111,1200000000,2,20260929,0,1.0738792419433594,0.7453339099884033,15,V2-002-F02-S20260929,4417c6668930e37bc9f0b71ff70d7ff9762182381c6fc54ae10e2b9c9d229143,MODEL_V1_CV_REFERENCE_V1
9b6b3b0955a05cb8d663a7cb8ccea2726b0708b8978c83eb28426fdf7d247d06,MITDB_P232,232,1505000000,2,20260929,1,0.2527866065502167,0.5628622770309448,15,V2-002-F02-S20260929,4417c6668930e37bc9f0b71ff70d7ff9762182381c6fc54ae10e2b9c9d229143,MODEL_V1_CV_REFERENCE_V1
9b7ae40600c9ab468afa28f91666d813e5cd9f21bcca2d5b0dbb28a9f54b4821,MITDB_P220,220,270000000,2,20260929,0,1.7132738828659058,0.8472604751586914,15,V2-002-F02-S20260929,4417c6668930e37bc9f0b71ff70d7ff9762182381c6fc54ae10e2b9c9d229143,MODEL_V1_CV_REFERENCE_V1
9c0f30023264703d9e3b00f7ab4070bdc4f6e171a993d74f058f100e03bc4ae2,MITDB_P232,232,30000000,2,20260929,1,0.797709584236145,0.6894842982292175,15,V2-002-F02-S20260929,4417c6668930e37bc9f0b71ff70d7ff9762182381c6fc54ae10e2b9c9d229143,MODEL_V1_CV_REFERENCE_V1
9c1b312d48749ef111f884ee52c5a70321b7c7cd89771dea9ac60d8a36102bb6,MITDB_P113,113,1280000000,2,20260929,0,0.6814889907836914,0.6640709638595581,15,V2-002-F02-S20260929,4417c6668930e37bc9f0b71ff70d7ff9762182381c6fc54ae10e2b9c9d229143,MODEL_V1_CV_REFERENCE_V1
9c4cab185d6d5863c32f2012e682d2e74dc772852f6ae9a0090fc70fae9d086d,MITDB_P220,220,1500000000,2,20260929,0,2.0487828254699707,0.8858245611190796,15,V2-002-F02-S20260929,4417c6668930e37bc9f0b71ff70d7ff9762182381c6fc54ae10e2b9c9d229143,MODEL_V1_CV_REFERENCE_V1
9c612b2ed43358fd8227d8de211310ee82dc90ac296bbe5519f252ab15d28345,MITDB_P220,220,1435000000,2,20260929,0,1.957177996635437,0.8762272596359253,15,V2-002-F02-S20260929,4417c6668930e37bc9f0b71ff70d7ff9762182381c6fc54ae10e2b9c9d229143,MODEL_V1_CV_REFERENCE_V1
9c8181f8f0d3568093a82c90d6fd3982b2a56c496899a9e96e970b06ecb2b719,MITDB_P215,215,775000000,2,20260929,0,-4.437280178070068,0.011689797043800354,15,V2-002-F02-S20260929,4417c6668930e37bc9f0b71ff70d7ff9762182381c6fc54ae10e2b9c9d229143,MODEL_V1_CV_REFERENCE_V1
9caf0a7a9456d96e9217a7dfff83be766fcc082ef522f8f680ee523703b42ba1,MITDB_P215,215,655000000,2,20260929,1,0.6953134536743164,0.6671478748321533,15,V2-002-F02-S20260929,4417c6668930e37bc9f0b71ff70d7ff9762182381c6fc54ae10e2b9c9d229143,MODEL_V1_CV_REFERENCE_V1
9d2a49d478d7d64cbed664a38a5c27210102d8418351a6f26660976baf88388b,MITDB_P215,215,125000000,2,20260929,0,-4.315556526184082,0.013182999566197395,15,V2-002-F02-S20260929,4417c6668930e37bc9f0b71ff70d7ff9762182381c6fc54ae10e2b9c9d229143,MODEL_V1_CV_REFERENCE_V1
9da5cce56d6ade630a27f4c77ef4d2e1cd1752de3d7cbe672d495d12dbb0f538,MITDB_P220,220,125000000,2,20260929,0,2.1126749515533447,0.8921290040016174,15,V2-002-F02-S20260929,4417c6668930e37bc9f0b71ff70d7ff9762182381c6fc54ae10e2b9c9d229143,MODEL_V1_CV_REFERENCE_V1
9db3a4fa2233ba64a4e7dbf6c6da974f90edbba40ab1af0ad31535c606e93cb5,MITDB_P111,111,1290000000,2,20260929,0,-1.611196756362915,0.1664225310087204,15,V2-002-F02-S20260929,4417c6668930e37bc9f0b71ff70d7ff9762182381c6fc54ae10e2b9c9d229143,MODEL_V1_CV_REFERENCE_V1
9dcc67ff2cd48822746d95edd647ca7915d384726ba4e71a1558ef3e47ad78e9,MITDB_P232,232,925000000,2,20260929,1,0.948375403881073,0.720788300037384,15,V2-002-F02-S20260929,4417c6668930e37bc9f0b71ff70d7ff9762182381c6fc54ae10e2b9c9d229143,MODEL_V1_CV_REFERENCE_V1
9dd37995c4b55c44cfa2bd2aae108846b702d615cd3684b040c41ce36c6dee0d,MITDB_P215,215,300000000,2,20260929,0,-3.5014352798461914,0.02927142009139061,15,V2-002-F02-S20260929,4417c6668930e37bc9f0b71ff70d7ff9762182381c6fc54ae10e2b9c9d229143,MODEL_V1_CV_REFERENCE_V1
9e11a2e62bddce36baea8b873cc9455e9a26d279309383e77cf6d0af630de765,MITDB_P111,111,1710000000,2,20260929,0,-1.3738131523132324,0.20200449228286743,15,V2-002-F02-S20260929,4417c6668930e37bc9f0b71ff70d7ff9762182381c6fc54ae10e2b9c9d229143,MODEL_V1_CV_REFERENCE_V1
9e14d9e5f02b64056abcf9d53fb0f89604cb7f29bc593ccb8563f0c71c0009a9,MITDB_P113,113,880000000,2,20260929,0,1.991833209991455,0.879936933517456,15,V2-002-F02-S20260929,4417c6668930e37bc9f0b71ff70d7ff9762182381c6fc54ae10e2b9c9d229143,MODEL_V1_CV_REFERENCE_V1
9e45ae933f73452367aec95b2eaaab723eea7f65d677090c5558d44de407a8b2,MITDB_P215,215,1435000000,2,20260929,0,-4.116815090179443,0.01603502221405506,15,V2-002-F02-S20260929,4417c6668930e37bc9f0b71ff70d7ff9762182381c6fc54ae10e2b9c9d229143,MODEL_V1_CV_REFERENCE_V1
9e844a96704f089d9f228b6beb4a83cd478844feb1d430a30f97f7793f9c5825,MITDB_P232,232,1055000000,2,20260929,1,0.8728097081184387,0.705329954624176,15,V2-002-F02-S20260929,4417c6668930e37bc9f0b71ff70d7ff9762182381c6fc54ae10e2b9c9d229143,MODEL_V1_CV_REFERENCE_V1
9f2b6a28323541e26bc06bf64baf4e8e6110e4be99557306cb87ff2950084ed1,MITDB_P111,111,455000000,2,20260929,0,-1.2205950021743774,0.22783173620700836,15,V2-002-F02-S20260929,4417c6668930e37bc9f0b71ff70d7ff9762182381c6fc54ae10e2b9c9d229143,MODEL_V1_CV_REFERENCE_V1
9f2b83c8068139df5cc987323956da328fd4492a35294c5f20e0cdae2aecc09d,MITDB_P220,220,1505000000,2,20260929,0,1.9793407917022705,0.8786109089851379,15,V2-002-F02-S20260929,4417c6668930e37bc9f0b71ff70d7ff9762182381c6fc54ae10e2b9c9d229143,MODEL_V1_CV_REFERENCE_V1
9f4d5c807f67900022ad34374ef0c97cf4b9d8dbebb4408d25925527a41f4b94,MITDB_P232,232,825000000,2,20260929,1,0.477479487657547,0.6171525120735168,15,V2-002-F02-S20260929,4417c6668930e37bc9f0b71ff70d7ff9762182381c6fc54ae10e2b9c9d229143,MODEL_V1_CV_REFERENCE_V1
9f4f9c502d620d9650ea5173f4418de31257882f235fb831afda93115ca7fda9,MITDB_P220,220,990000000,2,20260929,0,2.159325122833252,0.8965370059013367,15,V2-002-F02-S20260929,4417c6668930e37bc9f0b71ff70d7ff9762182381c6fc54ae10e2b9c9d229143,MODEL_V1_CV_REFERENCE_V1
9f6051abca1935490aaf8ebc05bfaf16a25d6a523d0caf33113a781f4b32c06d,MITDB_P220,220,1230000000,2,20260929,1,1.4088715314865112,0.8035878539085388,15,V2-002-F02-S20260929,4417c6668930e37bc9f0b71ff70d7ff9762182381c6fc54ae10e2b9c9d229143,MODEL_V1_CV_REFERENCE_V1
9f8012e0403cdd65fbbf601ec9f387791771924b4298ad7672cb7b3cff5d0423,MITDB_P232,232,770000000,2,20260929,1,0.10159175843000412,0.5253761410713196,15,V2-002-F02-S20260929,4417c6668930e37bc9f0b71ff70d7ff9762182381c6fc54ae10e2b9c9d229143,MODEL_V1_CV_REFERENCE_V1
9f8c82fd2f60f5410d53aef8168a5b165da9910ec818507d6b3797ae68b79861,MITDB_P215,215,1260000000,2,20260929,1,-2.844714641571045,0.05495516583323479,15,V2-002-F02-S20260929,4417c6668930e37bc9f0b71ff70d7ff9762182381c6fc54ae10e2b9c9d229143,MODEL_V1_CV_REFERENCE_V1
9fc7e07efceea7874f7008f4e634c32af17d2a225e7b27c3faa6346c27030ecf,MITDB_P232,232,1095000000,2,20260929,1,0.7584633827209473,0.6810200214385986,15,V2-002-F02-S20260929,4417c6668930e37bc9f0b71ff70d7ff9762182381c6fc54ae10e2b9c9d229143,MODEL_V1_CV_REFERENCE_V1
9fdfee87409330473fa211f73d233eab438b240750b554b6093d88062e442a41,MITDB_P113,113,665000000,2,20260929,0,1.9385415315628052,0.8741917610168457,15,V2-002-F02-S20260929,4417c6668930e37bc9f0b71ff70d7ff9762182381c6fc54ae10e2b9c9d229143,MODEL_V1_CV_REFERENCE_V1
a022bfa01e87dffde4a38a6806552c67fe69a487af4a0858f39f1c7112fdcb14,MITDB_P220,220,950000000,2,20260929,0,1.6195827722549438,0.8347375988960266,15,V2-002-F02-S20260929,4417c6668930e37bc9f0b71ff70d7ff9762182381c6fc54ae10e2b9c9d229143,MODEL_V1_CV_REFERENCE_V1
a07e2dd676018806743f77c5850afc04ce84ccfa380f20dae8a1c0f91c242a46,MITDB_P215,215,415000000,2,20260929,1,0.2522948384284973,0.562741219997406,15,V2-002-F02-S20260929,4417c6668930e37bc9f0b71ff70d7ff9762182381c6fc54ae10e2b9c9d229143,MODEL_V1_CV_REFERENCE_V1
a0865074a16828c43f1bca22709bdf3ed1cfd79af199bddbcd80321c825bc84d,MITDB_P232,232,1800000000,2,20260929,1,0.17480167746543884,0.5435895323753357,15,V2-002-F02-S20260929,4417c6668930e37bc9f0b71ff70d7ff9762182381c6fc54ae10e2b9c9d229143,MODEL_V1_CV_REFERENCE_V1
a0891202b5029fe63b1b39c99b289bb94a57a89af8694545206120f83fcdeb98,MITDB_P111,111,1400000000,2,20260929,0,-2.263195276260376,0.09421732276678085,15,V2-002-F02-S20260929,4417c6668930e37bc9f0b71ff70d7ff9762182381c6fc54ae10e2b9c9d229143,MODEL_V1_CV_REFERENCE_V1
a09996b5a8c7ca4182ad3a7706bbd40af282af635923a7341f21299abd589dd2,MITDB_P215,215,1500000000,2,20260929,1,-2.615057945251465,0.06817557662725449,15,V2-002-F02-S20260929,4417c6668930e37bc9f0b71ff70d7ff9762182381c6fc54ae10e2b9c9d229143,MODEL_V1_CV_REFERENCE_V1
a0c52b313647919ec3248b37293f86aa1977c9e9158fbb0fda7fa5562509bff9,MITDB_P220,220,345000000,2,20260929,0,1.4742817878723145,0.8137072920799255,15,V2-002-F02-S20260929,4417c6668930e37bc9f0b71ff70d7ff9762182381c6fc54ae10e2b9c9d229143,MODEL_V1_CV_REFERENCE_V1
a0e77da02b88c9dff34bc2b0b2ea0d5d520f60a6ad3f7358943759f6ddc82343,MITDB_P113,113,890000000,2,20260929,0,1.4401822090148926,0.8084828853607178,15,V2-002-F02-S20260929,4417c6668930e37bc9f0b71ff70d7ff9762182381c6fc54ae10e2b9c9d229143,MODEL_V1_CV_REFERENCE_V1
a149f3bb47013baf4698ab1db508b8866d130d5587e7465b54a0dc935eb8ae6d,MITDB_P220,220,150000000,2,20260929,0,2.1518023014068604,0.895837128162384,15,V2-002-F02-S20260929,4417c6668930e37bc9f0b71ff70d7ff9762182381c6fc54ae10e2b9c9d229143,MODEL_V1_CV_REFERENCE_V1
a157cdab19a272748cc1cda73c96268112f64bb86c2e057c90d1ee279ef884a2,MITDB_P220,220,1395000000,2,20260929,0,1.5396586656570435,0.8234151005744934,15,V2-002-F02-S20260929,4417c6668930e37bc9f0b71ff70d7ff9762182381c6fc54ae10e2b9c9d229143,MODEL_V1_CV_REFERENCE_V1
a1901aeb435423479be3633c7524c109f117b73e7b6fc7166837ac79e546790a,MITDB_P232,232,1490000000,2,20260929,1,0.3554039001464844,0.5879274010658264,15,V2-002-F02-S20260929,4417c6668930e37bc9f0b71ff70d7ff9762182381c6fc54ae10e2b9c9d229143,MODEL_V1_CV_REFERENCE_V1
a1976b9951272b1000b3cda18dffe23f3e19293124eaa1c9e7948557f4040883,MITDB_P215,215,1175000000,2,20260929,0,-4.58506965637207,0.010099988430738449,15,V2-002-F02-S20260929,4417c6668930e37bc9f0b71ff70d7ff9762182381c6fc54ae10e2b9c9d229143,MODEL_V1_CV_REFERENCE_V1
a1a7c5f1d5f15bd5a4bb8e806a1f58574f781e767e971736487dbf33f10e6126,MITDB_P215,215,925000000,2,20260929,0,-4.3166913986206055,0.013168243691325188,15,V2-002-F02-S20260929,4417c6668930e37bc9f0b71ff70d7ff9762182381c6fc54ae10e2b9c9d229143,MODEL_V1_CV_REFERENCE_V1
a1b91263468432cc7b157c7b0030e9e124b15d8820db1e03cef35845bf2f5fa9,MITDB_P232,232,750000000,2,20260929,1,0.24307364225387573,0.5604709386825562,15,V2-002-F02-S20260929,4417c6668930e37bc9f0b71ff70d7ff9762182381c6fc54ae10e2b9c9d229143,MODEL_V1_CV_REFERENCE_V1
a1c379ec2ac0a87a65d2997d5e917867008bc9f9076d8b821b4fad04ce87eb7b,MITDB_P232,232,900000000,2,20260929,1,0.8804949522018433,0.7069247364997864,15,V2-002-F02-S20260929,4417c6668930e37bc9f0b71ff70d7ff9762182381c6fc54ae10e2b9c9d229143,MODEL_V1_CV_REFERENCE_V1
a1c688cdda5b70488bb4fe38671b4b1fe5a56e447580bf79d31f48d091c5cd91,MITDB_P220,220,1420000000,2,20260929,0,2.2711570262908936,0.9064599871635437,15,V2-002-F02-S20260929,4417c6668930e37bc9f0b71ff70d7ff9762182381c6fc54ae10e2b9c9d229143,MODEL_V1_CV_REFERENCE_V1
a1e68a5f238b7214babaa50d04397f41d66c77fac6664add0e3012b6d59d14db,MITDB_P232,232,735000000,2,20260929,1,1.5611525774002075,0.8265186548233032,15,V2-002-F02-S20260929,4417c6668930e37bc9f0b71ff70d7ff9762182381c6fc54ae10e2b9c9d229143,MODEL_V1_CV_REFERENCE_V1
a1ea6ebaeeeedc44c2de9b4c3c50866e3d25f9082433b70e887e8e6fe5fafcbc,MITDB_P113,113,1430000000,2,20260929,0,1.0282889604568481,0.7365840673446655,15,V2-002-F02-S20260929,4417c6668930e37bc9f0b71ff70d7ff9762182381c6fc54ae10e2b9c9d229143,MODEL_V1_CV_REFERENCE_V1
a20633602462911d0da8796f0487506977bcfc19cfd31d2187ff18819a3c7c88,MITDB_P113,113,1555000000,2,20260929,0,0.09843822568655014,0.5245897173881531,15,V2-002-F02-S20260929,4417c6668930e37bc9f0b71ff70d7ff9762182381c6fc54ae10e2b9c9d229143,MODEL_V1_CV_REFERENCE_V1
a209e27b3a46e399224b55ae332d06bf4de128f365e9a9cff265bf815c839f8e,MITDB_P111,111,470000000,2,20260929,0,-1.7203795909881592,0.1518222838640213,15,V2-002-F02-S20260929,4417c6668930e37bc9f0b71ff70d7ff9762182381c6fc54ae10e2b9c9d229143,MODEL_V1_CV_REFERENCE_V1
a214b932786c934f5a0383220351e35980b5538463e3bec428913319dbfda805,MITDB_P111,111,40000000,2,20260929,0,-2.2228832244873047,0.09771430492401123,15,V2-002-F02-S20260929,4417c6668930e37bc9f0b71ff70d7ff9762182381c6fc54ae10e2b9c9d229143,MODEL_V1_CV_REFERENCE_V1
a2c01d52981b5519ef7c207ac3554e4d22a69bd1fbaaff63fa616f44360d3b29,MITDB_P232,232,1640000000,2,20260929,1,0.21338775753974915,0.5531454086303711,15,V2-002-F02-S20260929,4417c6668930e37bc9f0b71ff70d7ff9762182381c6fc54ae10e2b9c9d229143,MODEL_V1_CV_REFERENCE_V1
a2d988df639f22dab395abc110428aad6e3954aa2ae96611111fd990f9dc4e29,MITDB_P220,220,1745000000,2,20260929,0,1.329073190689087,0.7906873226165771,15,V2-002-F02-S20260929,4417c6668930e37bc9f0b71ff70d7ff9762182381c6fc54ae10e2b9c9d229143,MODEL_V1_CV_REFERENCE_V1
a2fab96b8b8f97c979ad00decaf3a289b62cb82256f24c94f1c68fe90f24f339,MITDB_P215,215,590000000,2,20260929,0,-4.4112420082092285,0.011994477361440659,15,V2-002-F02-S20260929,4417c6668930e37bc9f0b71ff70d7ff9762182381c6fc54ae10e2b9c9d229143,MODEL_V1_CV_REFERENCE_V1
a305455db084bcbd6fa275a6d20bf86bfde24aedd57f133f972b65fba92318a1,MITDB_P215,215,1520000000,2,20260929,1,-2.2977802753448486,0.09130696207284927,15,V2-002-F02-S20260929,4417c6668930e37bc9f0b71ff70d7ff9762182381c6fc54ae10e2b9c9d229143,MODEL_V1_CV_REFERENCE_V1
a365faa24bb2bbe740bc23d6ec371c5709ca9e5393410ee20102a8cb0f233959,MITDB_P111,111,535000000,2,20260929,0,-2.1410892009735107,0.10516684502363205,15,V2-002-F02-S20260929,4417c6668930e37bc9f0b71ff70d7ff9762182381c6fc54ae10e2b9c9d229143,MODEL_V1_CV_REFERENCE_V1
a3dac690171e6b40b8ebd23e5efa654bac97c655cca4599cd15547a42003d94c,MITDB_P111,111,440000000,2,20260929,0,-1.5491982698440552,0.17520208656787872,15,V2-002-F02-S20260929,4417c6668930e37bc9f0b71ff70d7ff9762182381c6fc54ae10e2b9c9d229143,MODEL_V1_CV_REFERENCE_V1
a40c94e38c4404924d54c1d87b1e2faf02ddda67911daddb84e11e66b7a6167a,MITDB_P215,215,190000000,2,20260929,1,-1.4298005104064941,0.1931297779083252,15,V2-002-F02-S20260929,4417c6668930e37bc9f0b71ff70d7ff9762182381c6fc54ae10e2b9c9d229143,MODEL_V1_CV_REFERENCE_V1
a418b0b14af4c8604b274ae4b05428bbdc754cf8b3263a41e6c08b83751e2e72,MITDB_P113,113,105000000,2,20260929,0,1.5864026546478271,0.8301093578338623,15,V2-002-F02-S20260929,4417c6668930e37bc9f0b71ff70d7ff9762182381c6fc54ae10e2b9c9d229143,MODEL_V1_CV_REFERENCE_V1
a43ad2df824954310d34b18e2ff307691c3bc492f7c1681520b928d7b827fe42,MITDB_P113,113,430000000,2,20260929,0,1.568224310874939,0.8275303244590759,15,V2-002-F02-S20260929,4417c6668930e37bc9f0b71ff70d7ff9762182381c6fc54ae10e2b9c9d229143,MODEL_V1_CV_REFERENCE_V1
a44db44f3346ee3127ddd17d81f3375b4de6229cbce06dc3b2f57475b3f871bd,MITDB_P111,111,1500000000,2,20260929,0,-2.3749091625213623,0.08510611951351166,15,V2-002-F02-S20260929,4417c6668930e37bc9f0b71ff70d7ff9762182381c6fc54ae10e2b9c9d229143,MODEL_V1_CV_REFERENCE_V1
a485e2d80eca69dea78a3cf99ca7083f4f7416d9029fc3c9c0415e100157a2c7,MITDB_P220,220,1450000000,2,20260929,1,1.6237136125564575,0.8353066444396973,15,V2-002-F02-S20260929,4417c6668930e37bc9f0b71ff70d7ff9762182381c6fc54ae10e2b9c9d229143,MODEL_V1_CV_REFERENCE_V1
a4a1e760e90727d82a501033e6dbcf31f0460b1e181340156513963991ca9c66,MITDB_P111,111,880000000,2,20260929,0,0.01043679565191269,0.5026091933250427,15,V2-002-F02-S20260929,4417c6668930e37bc9f0b71ff70d7ff9762182381c6fc54ae10e2b9c9d229143,MODEL_V1_CV_REFERENCE_V1
a4b7d5f5136e295c68c54a728fba9b16c10dacb33cdb246641c93db843277488,MITDB_P215,215,880000000,2,20260929,1,-2.062406063079834,0.11280481517314911,15,V2-002-F02-S20260929,4417c6668930e37bc9f0b71ff70d7ff9762182381c6fc54ae10e2b9c9d229143,MODEL_V1_CV_REFERENCE_V1
a4fa6d46d21e9894eff6c2823e3f12ebae03849d889adabd685570aa2e911cf9,MITDB_P215,215,1535000000,2,20260929,0,-4.777541160583496,0.008346419781446457,15,V2-002-F02-S20260929,4417c6668930e37bc9f0b71ff70d7ff9762182381c6fc54ae10e2b9c9d229143,MODEL_V1_CV_REFERENCE_V1
a516a26ff13491fcd51c72b958d41903b96d818059d0a6ee1ad4912ef98f2123,MITDB_P111,111,875000000,2,20260929,0,0.008428774774074554,0.5021071434020996,15,V2-002-F02-S20260929,4417c6668930e37bc9f0b71ff70d7ff9762182381c6fc54ae10e2b9c9d229143,MODEL_V1_CV_REFERENCE_V1
a55ea3467e3ba78a3ea1ae124faef84458db182604c9a201782accbc938674c1,MITDB_P111,111,985000000,2,20260929,0,-3.541316509246826,0.028159236535429955,15,V2-002-F02-S20260929,4417c6668930e37bc9f0b71ff70d7ff9762182381c6fc54ae10e2b9c9d229143,MODEL_V1_CV_REFERENCE_V1
a560d1db16b383b3fd4c46508fec7a1bbbf0c149ddb54a8d808340ad7e1029c9,MITDB_P113,113,925000000,2,20260929,0,1.3210901021957397,0.7893630266189575,15,V2-002-F02-S20260929,4417c6668930e37bc9f0b71ff70d7ff9762182381c6fc54ae10e2b9c9d229143,MODEL_V1_CV_REFERENCE_V1
a572e7f3e5702de06a24380e5d2d82ddcd5d1d21c4a416cfd0e54288c7cef626,MITDB_P232,232,435000000,2,20260929,1,0.5255187749862671,0.628437340259552,15,V2-002-F02-S20260929,4417c6668930e37bc9f0b71ff70d7ff9762182381c6fc54ae10e2b9c9d229143,MODEL_V1_CV_REFERENCE_V1
a58746cdc44b4bb49464b4ff70a2d9bb0c9dbcac5571c6633f6d7e1a1c3275e9,MITDB_P232,232,1510000000,2,20260929,1,0.4141530394554138,0.6020832657814026,15,V2-002-F02-S20260929,4417c6668930e37bc9f0b71ff70d7ff9762182381c6fc54ae10e2b9c9d229143,MODEL_V1_CV_REFERENCE_V1
a59bf52093f9b9e9b770390a93c502608df29d10e558bd37df254da7b172abc8,MITDB_P111,111,35000000,2,20260929,0,-1.7354011535644531,0.14989802241325378,15,V2-002-F02-S20260929,4417c6668930e37bc9f0b71ff70d7ff9762182381c6fc54ae10e2b9c9d229143,MODEL_V1_CV_REFERENCE_V1
a68115b147e41d732367b7acd4943aae77fd14ec92962f7602772c8e5b9091f8,MITDB_P113,113,1490000000,2,20260929,0,2.3519277572631836,0.9130873084068298,15,V2-002-F02-S20260929,4417c6668930e37bc9f0b71ff70d7ff9762182381c6fc54ae10e2b9c9d229143,MODEL_V1_CV_REFERENCE_V1
a6869f1bf6df792cf484e5d670622585c6ca4e875088606821d236045923c015,MITDB_P111,111,290000000,2,20260929,0,-1.3304444551467896,0.2090858519077301,15,V2-002-F02-S20260929,4417c6668930e37bc9f0b71ff70d7ff9762182381c6fc54ae10e2b9c9d229143,MODEL_V1_CV_REFERENCE_V1
a6c3a55e9c23568d23aa5ddb3369f5db460559cbf9454ae788cf7535e938f6bd,MITDB_P232,232,1635000000,2,20260929,1,0.6887332201004028,0.6656851172447205,15,V2-002-F02-S20260929,4417c6668930e37bc9f0b71ff70d7ff9762182381c6fc54ae10e2b9c9d229143,MODEL_V1_CV_REFERENCE_V1
a6c60fb2e5f0f757c6d28a4c62c4e76868acaaaa8201e2a843b2d0b72ce9ddc0,MITDB_P215,215,965000000,2,20260929,1,-3.1653780937194824,0.040489595383405685,15,V2-002-F02-S20260929,4417c6668930e37bc9f0b71ff70d7ff9762182381c6fc54ae10e2b9c9d229143,MODEL_V1_CV_REFERENCE_V1
a6cb315632588747a3d8185a2599f2526a9c41e39b91ebabc7b33a8b631f5a97,MITDB_P220,220,1295000000,2,20260929,0,1.5438423156738281,0.824022650718689,15,V2-002-F02-S20260929,4417c6668930e37bc9f0b71ff70d7ff9762182381c6fc54ae10e2b9c9d229143,MODEL_V1_CV_REFERENCE_V1
a6ef569c4757791cb15128cb533f7328ca8642d315fc7ef62e040d6388a17def,MITDB_P215,215,530000000,2,20260929,1,-2.4386754035949707,0.08027064800262451,15,V2-002-F02-S20260929,4417c6668930e37bc9f0b71ff70d7ff9762182381c6fc54ae10e2b9c9d229143,MODEL_V1_CV_REFERENCE_V1
a77430e87cc244f30168fb1f3f44c8bf5287556ba1247709d1a6287180da925c,MITDB_P111,111,1540000000,2,20260929,0,-2.050102949142456,0.11404196918010712,15,V2-002-F02-S20260929,4417c6668930e37bc9f0b71ff70d7ff9762182381c6fc54ae10e2b9c9d229143,MODEL_V1_CV_REFERENCE_V1
a7b535e37e9311bf559d38e024a84f5112f991e92ffa2cc62c9d4771e643259c,MITDB_P113,113,1750000000,2,20260929,0,1.3489362001419067,0.7939556241035461,15,V2-002-F02-S20260929,4417c6668930e37bc9f0b71ff70d7ff9762182381c6fc54ae10e2b9c9d229143,MODEL_V1_CV_REFERENCE_V1
a7b8ea3376e2e93ecd05e96334eb1c422042144aecba4003d8b8de2fa5b2ab50,MITDB_P111,111,1560000000,2,20260929,0,-2.297194719314575,0.09135556221008301,15,V2-002-F02-S20260929,4417c6668930e37bc9f0b71ff70d7ff9762182381c6fc54ae10e2b9c9d229143,MODEL_V1_CV_REFERENCE_V1
a7c0e34a8f3398e375ffa2d9d18b749e21a1018e5917050afe4afacf4d449cd3,MITDB_P220,220,285000000,2,20260929,0,1.740529179573059,0.8507542610168457,15,V2-002-F02-S20260929,4417c6668930e37bc9f0b71ff70d7ff9762182381c6fc54ae10e2b9c9d229143,MODEL_V1_CV_REFERENCE_V1
a7c941306c704c0b2cb46cad9713d2a4d4f01e616de21e7948017e1fca3e888b,MITDB_P220,220,635000000,2,20260929,1,1.6347442865371704,0.836818516254425,15,V2-002-F02-S20260929,4417c6668930e37bc9f0b71ff70d7ff9762182381c6fc54ae10e2b9c9d229143,MODEL_V1_CV_REFERENCE_V1
a7dc7d43fc01ef40e993e8655ffe0d201a4ce041e4fa8aca0c90b954dde75b91,MITDB_P220,220,1200000000,2,20260929,0,1.7725499868392944,0.8547744750976562,15,V2-002-F02-S20260929,4417c6668930e37bc9f0b71ff70d7ff9762182381c6fc54ae10e2b9c9d229143,MODEL_V1_CV_REFERENCE_V1
a7e6edd1c499d3b6819bd835e8c7da2d98aaaf1aea6320a88f09a4b751ea802c,MITDB_P111,111,100000000,2,20260929,0,-0.9295408725738525,0.2830178737640381,15,V2-002-F02-S20260929,4417c6668930e37bc9f0b71ff70d7ff9762182381c6fc54ae10e2b9c9d229143,MODEL_V1_CV_REFERENCE_V1
a7fd408e14e8cdd4b7948344c35eccecdaf53e28b5c16974f9f49e7405bbc571,MITDB_P220,220,970000000,2,20260929,0,2.2218639850616455,0.9021957516670227,15,V2-002-F02-S20260929,4417c6668930e37bc9f0b71ff70d7ff9762182381c6fc54ae10e2b9c9d229143,MODEL_V1_CV_REFERENCE_V1
a802921c56797cff256ef1381eba6f9bafeda99dc71625ecfbc7129cbcbb1d16,MITDB_P215,215,230000000,2,20260929,1,-2.896575450897217,0.0523231141269207,15,V2-002-F02-S20260929,4417c6668930e37bc9f0b71ff70d7ff9762182381c6fc54ae10e2b9c9d229143,MODEL_V1_CV_REFERENCE_V1
a87b068aca2edda911cd900e24655c891c8383ed29809e230e4572247be56ee2,MITDB_P113,113,180000000,2,20260929,0,1.5814580917358398,0.8294109106063843,15,V2-002-F02-S20260929,4417c6668930e37bc9f0b71ff70d7ff9762182381c6fc54ae10e2b9c9d229143,MODEL_V1_CV_REFERENCE_V1
a88b96716839d56a179068bbb68920a50a6a3bc7fde955a9488611ac1928e827,MITDB_P111,111,1665000000,2,20260929,0,-0.32501643896102905,0.4194537103176117,15,V2-002-F02-S20260929,4417c6668930e37bc9f0b71ff70d7ff9762182381c6fc54ae10e2b9c9d229143,MODEL_V1_CV_REFERENCE_V1
a8942cdde425160dc8ae6951ebb934ba0283ea1af07e0bfe296c18cb1c09a8e1,MITDB_P113,113,1700000000,2,20260929,0,0.31135502457618713,0.5772159695625305,15,V2-002-F02-S20260929,4417c6668930e37bc9f0b71ff70d7ff9762182381c6fc54ae10e2b9c9d229143,MODEL_V1_CV_REFERENCE_V1
a89df7a92b831d82bcc87ea46eb77ec2576a720ef2097508ab5c562b50f181b7,MITDB_P215,215,1745000000,2,20260929,0,-4.740854263305664,0.008655610494315624,15,V2-002-F02-S20260929,4417c6668930e37bc9f0b71ff70d7ff9762182381c6fc54ae10e2b9c9d229143,MODEL_V1_CV_REFERENCE_V1
a8b8ce2cbe56268924ae6a85623ecc32a500c95203323885e9372889f83c489f,MITDB_P232,232,980000000,2,20260929,1,0.22840872406959534,0.5568552017211914,15,V2-002-F02-S20260929,4417c6668930e37bc9f0b71ff70d7ff9762182381c6fc54ae10e2b9c9d229143,MODEL_V1_CV_REFERENCE_V1
a91e7578730a6afdfa60b908635ccdc253cafbaaa771307b85595b700654e63b,MITDB_P111,111,1620000000,2,20260929,0,-2.984001398086548,0.04815388843417168,15,V2-002-F02-S20260929,4417c6668930e37bc9f0b71ff70d7ff9762182381c6fc54ae10e2b9c9d229143,MODEL_V1_CV_REFERENCE_V1
a96acf9a55128f981da152f2a4d00f2ea0e9926dc374c23af9d26521cab120fb,MITDB_P215,215,1725000000,2,20260929,1,-2.7255303859710693,0.06148357316851616,15,V2-002-F02-S20260929,4417c6668930e37bc9f0b71ff70d7ff9762182381c6fc54ae10e2b9c9d229143,MODEL_V1_CV_REFERENCE_V1
a972a29e8cbaee09e3d24c757a84ca50dd65061c0270774b2775e215b02964e4,MITDB_P113,113,230000000,2,20260929,0,1.6215990781784058,0.8350155353546143,15,V2-002-F02-S20260929,4417c6668930e37bc9f0b71ff70d7ff9762182381c6fc54ae10e2b9c9d229143,MODEL_V1_CV_REFERENCE_V1
a9bbe25b4cdbe287a77b2787854864f8fb881abc25107307854fe4905938a33d,MITDB_P220,220,445000000,2,20260929,1,1.4793853759765625,0.8144797682762146,15,V2-002-F02-S20260929,4417c6668930e37bc9f0b71ff70d7ff9762182381c6fc54ae10e2b9c9d229143,MODEL_V1_CV_REFERENCE_V1
a9be2a7a30bab958c6de8f3a66c79faad9d38dd53c24691f8f22b524feea5328,MITDB_P113,113,265000000,2,20260929,0,1.8007982969284058,0.8582460880279541,15,V2-002-F02-S20260929,4417c6668930e37bc9f0b71ff70d7ff9762182381c6fc54ae10e2b9c9d229143,MODEL_V1_CV_REFERENCE_V1
a9d0f62d2b54c18945d5e38e65c56c08885abe5df7393eddacc21026c5611447,MITDB_P215,215,370000000,2,20260929,1,-2.305152416229248,0.09069713950157166,15,V2-002-F02-S20260929,4417c6668930e37bc9f0b71ff70d7ff9762182381c6fc54ae10e2b9c9d229143,MODEL_V1_CV_REFERENCE_V1
a9dcf22a9448fbf86069f5c4f52942d2a55ead8ebc1bda23ffb23861f73f89bc,MITDB_P215,215,1485000000,2,20260929,1,-0.735223114490509,0.32404959201812744,15,V2-002-F02-S20260929,4417c6668930e37bc9f0b71ff70d7ff9762182381c6fc54ae10e2b9c9d229143,MODEL_V1_CV_REFERENCE_V1
aa1bd4b4c838115a33f5816aeff2bcef5e2151c9084bccaaf36c0236bc3374cd,MITDB_P215,215,330000000,2,20260929,1,-1.421877145767212,0.19436748325824738,15,V2-002-F02-S20260929,4417c6668930e37bc9f0b71ff70d7ff9762182381c6fc54ae10e2b9c9d229143,MODEL_V1_CV_REFERENCE_V1
aa24cd94364f9dda59c07be8f65c7217dbc144b76c04f7a470957454fc1eeb22,MITDB_P220,220,855000000,2,20260929,1,1.6901626586914062,0.8442455530166626,15,V2-002-F02-S20260929,4417c6668930e37bc9f0b71ff70d7ff9762182381c6fc54ae10e2b9c9d229143,MODEL_V1_CV_REFERENCE_V1
aa4e84a034e51f819a459e6fe079013552b1f5e359daf0002f534b219e301a94,MITDB_P232,232,320000000,2,20260929,1,0.08584391325712204,0.5214477777481079,15,V2-002-F02-S20260929,4417c6668930e37bc9f0b71ff70d7ff9762182381c6fc54ae10e2b9c9d229143,MODEL_V1_CV_REFERENCE_V1
aa5318334f22934950d5c470cbdc51219364e39eee0589050238cbe02de14356,MITDB_P215,215,1410000000,2,20260929,0,-4.479269027709961,0.01121450960636139,15,V2-002-F02-S20260929,4417c6668930e37bc9f0b71ff70d7ff9762182381c6fc54ae10e2b9c9d229143,MODEL_V1_CV_REFERENCE_V1
aa647d9aa79f74476ea52cd613aae49fb9da1375f5e5ba71cf97c1f9ceaf20a6,MITDB_P111,111,1800000000,2,20260929,0,-0.46177637577056885,0.3865645229816437,15,V2-002-F02-S20260929,4417c6668930e37bc9f0b71ff70d7ff9762182381c6fc54ae10e2b9c9d229143,MODEL_V1_CV_REFERENCE_V1
aa7207b164dd9006278ebc2f4695884c84d214570ea3092aa0cbccc56835611e,MITDB_P113,113,1350000000,2,20260929,0,0.9809299111366272,0.7272927165031433,15,V2-002-F02-S20260929,4417c6668930e37bc9f0b71ff70d7ff9762182381c6fc54ae10e2b9c9d229143,MODEL_V1_CV_REFERENCE_V1
aa8a3cc6b233cfccab1d71cf4c6dad3c0012ad16cb20e28ab3820483a95be86e,MITDB_P113,113,1450000000,2,20260929,0,0.20862972736358643,0.551969051361084,15,V2-002-F02-S20260929,4417c6668930e37bc9f0b71ff70d7ff9762182381c6fc54ae10e2b9c9d229143,MODEL_V1_CV_REFERENCE_V1
aaa263d30891348b3a71fb5c8eadb2e5cb9eb6a9f1dce2b33c9e1e7ba9484e54,MITDB_P220,220,910000000,2,20260929,0,2.056352138519287,0.8865878582000732,15,V2-002-F02-S20260929,4417c6668930e37bc9f0b71ff70d7ff9762182381c6fc54ae10e2b9c9d229143,MODEL_V1_CV_REFERENCE_V1
aaaaba348a69eded0bf2c508029c492d193ad7a7e76b623a444ffadaca215747,MITDB_P215,215,215000000,2,20260929,0,-2.2375872135162354,0.09642556309700012,15,V2-002-F02-S20260929,4417c6668930e37bc9f0b71ff70d7ff9762182381c6fc54ae10e2b9c9d229143,MODEL_V1_CV_REFERENCE_V1
ab0e74655e41ad71dd73a718a60d395e8f0dbe445944cff2ad3912a9dc1242c8,MITDB_P232,232,1170000000,2,20260929,1,0.5399556159973145,0.6318020820617676,15,V2-002-F02-S20260929,4417c6668930e37bc9f0b71ff70d7ff9762182381c6fc54ae10e2b9c9d229143,MODEL_V1_CV_REFERENCE_V1
ab0fcfac8489a8ff71ef07137dfc9da59e0919b78b2efe732b74c6100ff337af,MITDB_P220,220,455000000,2,20260929,0,1.5007448196411133,0.8176855444908142,15,V2-002-F02-S20260929,4417c6668930e37bc9f0b71ff70d7ff9762182381c6fc54ae10e2b9c9d229143,MODEL_V1_CV_REFERENCE_V1
ab5b98678adf5c5e7594a7676f8b5cf4057f9d01b5116417bb2a4724d3d66127,MITDB_P215,215,735000000,2,20260929,1,-1.7730895280838013,0.1451585441827774,15,V2-002-F02-S20260929,4417c6668930e37bc9f0b71ff70d7ff9762182381c6fc54ae10e2b9c9d229143,MODEL_V1_CV_REFERENCE_V1
ab9794b23a0a71e186b9fa3c2904408b762c97885bb8a63468d23e72cbe83168,MITDB_P113,113,170000000,2,20260929,0,1.6258704662322998,0.8356031179428101,15,V2-002-F02-S20260929,4417c6668930e37bc9f0b71ff70d7ff9762182381c6fc54ae10e2b9c9d229143,MODEL_V1_CV_REFERENCE_V1
abaa83e1b36dedc1fa9ecdc3ad78a5a0ab01c2de6226896b2aec38140ccdae76,MITDB_P220,220,1250000000,2,20260929,1,1.9410333633422852,0.8744656443595886,15,V2-002-F02-S20260929,4417c6668930e37bc9f0b71ff70d7ff9762182381c6fc54ae10e2b9c9d229143,MODEL_V1_CV_REFERENCE_V1
abcdb6b430d75099f29e1723ad9f8ee0c0ae5cbac61dc9fd19d539f854523e47,MITDB_P111,111,775000000,2,20260929,0,-0.8637328743934631,0.29656001925468445,15,V2-002-F02-S20260929,4417c6668930e37bc9f0b71ff70d7ff9762182381c6fc54ae10e2b9c9d229143,MODEL_V1_CV_REFERENCE_V1
abe0bd2dbc6b51a68e64ef9b84112ce7b2479739804dd400be557048bcad1c5b,MITDB_P220,220,340000000,2,20260929,1,1.7061184644699097,0.8463321328163147,15,V2-002-F02-S20260929,4417c6668930e37bc9f0b71ff70d7ff9762182381c6fc54ae10e2b9c9d229143,MODEL_V1_CV_REFERENCE_V1
abfebdb314aff861c24f3ddbf3abfb8b1c8fb5b6eefc693c929200afeca8ae32,MITDB_P113,113,1435000000,2,20260929,0,0.40249505639076233,0.5992869734764099,15,V2-002-F02-S20260929,4417c6668930e37bc9f0b71ff70d7ff9762182381c6fc54ae10e2b9c9d229143,MODEL_V1_CV_REFERENCE_V1
ac437dfa0afd4cac8e94e8efef1ded07d2271798839109025f38818541e4a2af,MITDB_P113,113,640000000,2,20260929,0,1.108390212059021,0.7518288493156433,15,V2-002-F02-S20260929,4417c6668930e37bc9f0b71ff70d7ff9762182381c6fc54ae10e2b9c9d229143,MODEL_V1_CV_REFERENCE_V1
ac5b27d8999808d50caa0a58ae6e8518b8578f316db903a3a73855d6ad1c45ee,MITDB_P220,220,610000000,2,20260929,0,2.357497453689575,0.913528323173523,15,V2-002-F02-S20260929,4417c6668930e37bc9f0b71ff70d7ff9762182381c6fc54ae10e2b9c9d229143,MODEL_V1_CV_REFERENCE_V1
ac6c7e76d93680524ab61bc73917d93b31d2e475c5e819e1c2928cbb79fced16,MITDB_P232,232,260000000,2,20260929,1,0.6357885599136353,0.6538008451461792,15,V2-002-F02-S20260929,4417c6668930e37bc9f0b71ff70d7ff9762182381c6fc54ae10e2b9c9d229143,MODEL_V1_CV_REFERENCE_V1
aca9d6c5e856d8b1c4d068dfb22e1140d5a5a82378203f4cf3cf0d3e3100ecf4,MITDB_P111,111,520000000,2,20260929,1,0.6597418189048767,0.6592023968696594,15,V2-002-F02-S20260929,4417c6668930e37bc9f0b71ff70d7ff9762182381c6fc54ae10e2b9c9d229143,MODEL_V1_CV_REFERENCE_V1
acea1b717e934991675288fd1f3960ec0469f8ab643b894c5dde2eba3c7c9c80,MITDB_P215,215,290000000,2,20260929,1,-4.784877300262451,0.008285919204354286,15,V2-002-F02-S20260929,4417c6668930e37bc9f0b71ff70d7ff9762182381c6fc54ae10e2b9c9d229143,MODEL_V1_CV_REFERENCE_V1
acf53378a17211f04399bafa89ab983e42eb5ed5b8cfc7c56a8807d846ea0b9d,MITDB_P215,215,1320000000,2,20260929,0,-3.989927291870117,0.01816498674452305,15,V2-002-F02-S20260929,4417c6668930e37bc9f0b71ff70d7ff9762182381c6fc54ae10e2b9c9d229143,MODEL_V1_CV_REFERENCE_V1
ad47ccd4f1421a781215ac646f86d06ef5643fc3646647146f5a54f1f5566ae9,MITDB_P232,232,520000000,2,20260929,1,0.5203396677970886,0.6272271871566772,15,V2-002-F02-S20260929,4417c6668930e37bc9f0b71ff70d7ff9762182381c6fc54ae10e2b9c9d229143,MODEL_V1_CV_REFERENCE_V1
ad5ad5cf41a082404bbc985ab18cf628b3cf150722c69707576a824a71b0a4e8,MITDB_P113,113,1745000000,2,20260929,0,1.238540768623352,0.7753098607063293,15,V2-002-F02-S20260929,4417c6668930e37bc9f0b71ff70d7ff9762182381c6fc54ae10e2b9c9d229143,MODEL_V1_CV_REFERENCE_V1
ad6b2156be56c0c07972d7d65e62dd947f2f545701270b8852b8837d45464c10,MITDB_P111,111,1350000000,2,20260929,0,-3.0498433113098145,0.04522423818707466,15,V2-002-F02-S20260929,4417c6668930e37bc9f0b71ff70d7ff9762182381c6fc54ae10e2b9c9d229143,MODEL_V1_CV_REFERENCE_V1
ad70ce0f76a9ce1e4b098f01f766615192c40b7e9a27f43b68251b688d466f5d,MITDB_P111,111,400000000,2,20260929,0,-2.0832252502441406,0.11073796451091766,15,V2-002-F02-S20260929,4417c6668930e37bc9f0b71ff70d7ff9762182381c6fc54ae10e2b9c9d229143,MODEL_V1_CV_REFERENCE_V1
ad94c9a25daf495437f3dbfaeab65455a2b9e79be182255c6a56095ba459421c,MITDB_P215,215,1655000000,2,20260929,1,-2.71754789352417,0.06194580718874931,15,V2-002-F02-S20260929,4417c6668930e37bc9f0b71ff70d7ff9762182381c6fc54ae10e2b9c9d229143,MODEL_V1_CV_REFERENCE_V1
ada6177e09e633eefaa46c520d672cb60923a29c5f6cdc0d0701e828d515d737,MITDB_P113,113,310000000,2,20260929,0,1.4630519151687622,0.8119989633560181,15,V2-002-F02-S20260929,4417c6668930e37bc9f0b71ff70d7ff9762182381c6fc54ae10e2b9c9d229143,MODEL_V1_CV_REFERENCE_V1
adda897128940f6b786d3dd051258372bbf5a9e99085538876e58c20dbc3d55d,MITDB_P220,220,1735000000,2,20260929,0,1.6133480072021484,0.8338757157325745,15,V2-002-F02-S20260929,4417c6668930e37bc9f0b71ff70d7ff9762182381c6fc54ae10e2b9c9d229143,MODEL_V1_CV_REFERENCE_V1
ae0557211df12c6f668d9680a6c3dab89ec837fcaa56ae6055c5fa9da23b3a62,MITDB_P232,232,935000000,2,20260929,1,0.5352379679679871,0.6307039856910706,15,V2-002-F02-S20260929,4417c6668930e37bc9f0b71ff70d7ff9762182381c6fc54ae10e2b9c9d229143,MODEL_V1_CV_REFERENCE_V1
ae0560a9a34ed9bb95281ade8ee83f76d21d12d7045395ce1e422c29c7b380af,MITDB_P215,215,1095000000,2,20260929,0,-4.013282299041748,0.017753103747963905,15,V2-002-F02-S20260929,4417c6668930e37bc9f0b71ff70d7ff9762182381c6fc54ae10e2b9c9d229143,MODEL_V1_CV_REFERENCE_V1
ae0e58509c1a92ffb69b1177bf3defecae16172532712dc178046ed5ccd6a784,MITDB_P111,111,205000000,2,20260929,0,-1.3465709686279297,0.2064315378665924,15,V2-002-F02-S20260929,4417c6668930e37bc9f0b71ff70d7ff9762182381c6fc54ae10e2b9c9d229143,MODEL_V1_CV_REFERENCE_V1
ae1a375ef117eeee63ba87da3155f3652e6ef99310536870ea0c13e88fd64c5c,MITDB_P232,232,1525000000,2,20260929,1,0.4194304049015045,0.6033469438552856,15,V2-002-F02-S20260929,4417c6668930e37bc9f0b71ff70d7ff9762182381c6fc54ae10e2b9c9d229143,MODEL_V1_CV_REFERENCE_V1
ae39c637b438296098cdc75f2aa106944d5d7174d5053737673cc20d28eb0129,MITDB_P220,220,1335000000,2,20260929,0,1.2838702201843262,0.7831078171730042,15,V2-002-F02-S20260929,4417c6668930e37bc9f0b71ff70d7ff9762182381c6fc54ae10e2b9c9d229143,MODEL_V1_CV_REFERENCE_V1
ae51ebe95a7ae46512e22c3c05e226616b69e5ada9fe61e527f84316b4cc0064,MITDB_P113,113,220000000,2,20260929,0,1.441352367401123,0.8086639642715454,15,V2-002-F02-S20260929,4417c6668930e37bc9f0b71ff70d7ff9762182381c6fc54ae10e2b9c9d229143,MODEL_V1_CV_REFERENCE_V1
ae6ac34e5fe9d73e91b451341bb9772508af3944e14cde5bbcfd9fda3ac855a3,MITDB_P215,215,285000000,2,20260929,0,-4.186685562133789,0.01496909186244011,15,V2-002-F02-S20260929,4417c6668930e37bc9f0b71ff70d7ff9762182381c6fc54ae10e2b9c9d229143,MODEL_V1_CV_REFERENCE_V1
ae8d820d6d27878f0f76d7cea02d6ec0264400bcebd2038e1f54eb6970d5eec9,MITDB_P111,111,180000000,2,20260929,0,-2.0306944847106934,0.11601767688989639,15,V2-002-F02-S20260929,4417c6668930e37bc9f0b71ff70d7ff9762182381c6fc54ae10e2b9c9d229143,MODEL_V1_CV_REFERENCE_V1
af02c8d44642fe992bd0065389537ef112e9b55dd5e65a865480752856555a5f,MITDB_P113,113,1025000000,2,20260929,0,0.8795464634895325,0.7067282199859619,15,V2-002-F02-S20260929,4417c6668930e37bc9f0b71ff70d7ff9762182381c6fc54ae10e2b9c9d229143,MODEL_V1_CV_REFERENCE_V1
af34f72f08ce60b3c75b59e4924729b14ac5562a17edbc34acf6e61d809c4e04,MITDB_P232,232,1620000000,2,20260929,1,0.4945748448371887,0.6211835741996765,15,V2-002-F02-S20260929,4417c6668930e37bc9f0b71ff70d7ff9762182381c6fc54ae10e2b9c9d229143,MODEL_V1_CV_REFERENCE_V1
af70ed6fb6377416affb6b82ffbcca953f6c651fccc58a811bf3f25e65353091,MITDB_P220,220,1425000000,2,20260929,1,2.301581859588623,0.9090079665184021,15,V2-002-F02-S20260929,4417c6668930e37bc9f0b71ff70d7ff9762182381c6fc54ae10e2b9c9d229143,MODEL_V1_CV_REFERENCE_V1
af8e1b1b28b07ba964afdf1b8f91b31cf71b718179bbd70806ecc5f9532f07f1,MITDB_P232,232,1790000000,2,20260929,1,-0.1721535623073578,0.4570675790309906,15,V2-002-F02-S20260929,4417c6668930e37bc9f0b71ff70d7ff9762182381c6fc54ae10e2b9c9d229143,MODEL_V1_CV_REFERENCE_V1
af8e43f4e48b27f40fc6b7026b3f0e49e0cb644e468adff52e85ce78d317fe42,MITDB_P232,232,1495000000,2,20260929,1,0.08877914398908615,0.5221801996231079,15,V2-002-F02-S20260929,4417c6668930e37bc9f0b71ff70d7ff9762182381c6fc54ae10e2b9c9d229143,MODEL_V1_CV_REFERENCE_V1
afa8bf2ddcceaee9b495d8ac367b9c0deacb26304c079eb94ce8da1abf5e7a4a,MITDB_P113,113,270000000,2,20260929,0,2.4361555576324463,0.9195431470870972,15,V2-002-F02-S20260929,4417c6668930e37bc9f0b71ff70d7ff9762182381c6fc54ae10e2b9c9d229143,MODEL_V1_CV_REFERENCE_V1
afb567f7362194df5e66b086e11ae3e208ef2d1c9b4c1835ae2ed45286565105,MITDB_P111,111,275000000,2,20260929,0,-1.9158904552459717,0.12832053005695343,15,V2-002-F02-S20260929,4417c6668930e37bc9f0b71ff70d7ff9762182381c6fc54ae10e2b9c9d229143,MODEL_V1_CV_REFERENCE_V1
afb902e705379338b65b08c5dfa5d07d0ae7c95bfb9a1cab5c0b9a7dec128649,MITDB_P220,220,1135000000,2,20260929,0,2.0510218143463135,0.886050820350647,15,V2-002-F02-S20260929,4417c6668930e37bc9f0b71ff70d7ff9762182381c6fc54ae10e2b9c9d229143,MODEL_V1_CV_REFERENCE_V1
afceee9e2c2b48a9f6657e9df0c1cfd74b86825073ccd6554ca9b2851a1bb6ff,MITDB_P215,215,185000000,2,20260929,1,-0.5988184809684753,0.3546140491962433,15,V2-002-F02-S20260929,4417c6668930e37bc9f0b71ff70d7ff9762182381c6fc54ae10e2b9c9d229143,MODEL_V1_CV_REFERENCE_V1
afdab912c9384ba48d47627585a61bb85c3c349d3d9bc62386b8931423f5ea36,MITDB_P113,113,615000000,2,20260929,0,1.3990727663040161,0.802036702632904,15,V2-002-F02-S20260929,4417c6668930e37bc9f0b71ff70d7ff9762182381c6fc54ae10e2b9c9d229143,MODEL_V1_CV_REFERENCE_V1
affbf5a076bca12e0498d2a1962aa90a139d726377c14b66bfb48b7b0ec5ee2f,MITDB_P113,113,915000000,2,20260929,0,1.7047759294509888,0.8461574912071228,15,V2-002-F02-S20260929,4417c6668930e37bc9f0b71ff70d7ff9762182381c6fc54ae10e2b9c9d229143,MODEL_V1_CV_REFERENCE_V1
affc1e5cef77dca9e6294c853353eddf3f111d75a10c27b2132b9f836869b61e,MITDB_P232,232,475000000,2,20260929,1,0.11740287393331528,0.5293170213699341,15,V2-002-F02-S20260929,4417c6668930e37bc9f0b71ff70d7ff9762182381c6fc54ae10e2b9c9d229143,MODEL_V1_CV_REFERENCE_V1
b009f4b8e930e3121166719fb5c805359aa744c8af83962235aa7c3cbfdfa69a,MITDB_P232,232,545000000,2,20260929,1,0.5341007113456726,0.630439043045044,15,V2-002-F02-S20260929,4417c6668930e37bc9f0b71ff70d7ff9762182381c6fc54ae10e2b9c9d229143,MODEL_V1_CV_REFERENCE_V1
b0280ae294fee728200fbe8dee4d479357c01df5a94ae509a91ef9422fffeaa9,MITDB_P111,111,565000000,2,20260929,0,-1.5911047458648682,0.16922852396965027,15,V2-002-F02-S20260929,4417c6668930e37bc9f0b71ff70d7ff9762182381c6fc54ae10e2b9c9d229143,MODEL_V1_CV_REFERENCE_V1
b042f17b1705e7a3bb00741066bcd49d3aa567d1e54decfb53ccbbfa892b347f,MITDB_P232,232,355000000,2,20260929,1,0.8152087330818176,0.6932183504104614,15,V2-002-F02-S20260929,4417c6668930e37bc9f0b71ff70d7ff9762182381c6fc54ae10e2b9c9d229143,MODEL_V1_CV_REFERENCE_V1
b05943338090a05821a294428618ccfd4a09c7a863050facda33e125e03cc148,MITDB_P215,215,585000000,2,20260929,0,-5.09316349029541,0.0061011179350316525,15,V2-002-F02-S20260929,4417c6668930e37bc9f0b71ff70d7ff9762182381c6fc54ae10e2b9c9d229143,MODEL_V1_CV_REFERENCE_V1
b062706c7ee7070ae8c3fcd842b468d329585fb14d225652d02922f7a571d70e,MITDB_P220,220,540000000,2,20260929,0,1.8621729612350464,0.8655500411987305,15,V2-002-F02-S20260929,4417c6668930e37bc9f0b71ff70d7ff9762182381c6fc54ae10e2b9c9d229143,MODEL_V1_CV_REFERENCE_V1
b07fc3825ad0fb5533c917cf1d846046f0642e31bcf9960a6ad4ff24328b1c7b,MITDB_P232,232,1285000000,2,20260929,1,0.6214865446090698,0.6505565643310547,15,V2-002-F02-S20260929,4417c6668930e37bc9f0b71ff70d7ff9762182381c6fc54ae10e2b9c9d229143,MODEL_V1_CV_REFERENCE_V1
b092cc7fddb25104109eb981051440e17c817a1313ba6102d2085f24b283dbfb,MITDB_P215,215,1220000000,2,20260929,0,-4.728180408477783,0.008765040896832943,15,V2-002-F02-S20260929,4417c6668930e37bc9f0b71ff70d7ff9762182381c6fc54ae10e2b9c9d229143,MODEL_V1_CV_REFERENCE_V1
b0b5ba6b01fae86003781283225eb4faf6f3fec7465fdd0dd4d15e13f82b4921,MITDB_P215,215,565000000,2,20260929,1,0.4263055920600891,0.6049911379814148,15,V2-002-F02-S20260929,4417c6668930e37bc9f0b71ff70d7ff9762182381c6fc54ae10e2b9c9d229143,MODEL_V1_CV_REFERENCE_V1
b0cfe964b2b955cd41c07c0a0971dccd031fe8bf63cf16a8752f54af9a1a3186,MITDB_P113,113,210000000,2,20260929,0,2.2703499794006348,0.9063915014266968,15,V2-002-F02-S20260929,4417c6668930e37bc9f0b71ff70d7ff9762182381c6fc54ae10e2b9c9d229143,MODEL_V1_CV_REFERENCE_V1
b0d768c374e5ce43e813426fd3f1b08c8d104aaf0616bf65f4235419e07b2a8c,MITDB_P113,113,785000000,2,20260929,0,1.6860482692718506,0.8437037467956543,15,V2-002-F02-S20260929,4417c6668930e37bc9f0b71ff70d7ff9762182381c6fc54ae10e2b9c9d229143,MODEL_V1_CV_REFERENCE_V1
b0dc01d077b5cfdb3274134b35271e0be822bf959303c6c7bf65f6cad5a8cde0,MITDB_P220,220,1795000000,2,20260929,1,1.3889646530151367,0.8004268407821655,15,V2-002-F02-S20260929,4417c6668930e37bc9f0b71ff70d7ff9762182381c6fc54ae10e2b9c9d229143,MODEL_V1_CV_REFERENCE_V1
b10729c2c3bc2f1c4c8b297fe46ab00310ac95459f9b88e9d5801e40c0f4a2f5,MITDB_P232,232,1010000000,2,20260929,1,0.46693795919418335,0.6146587133407593,15,V2-002-F02-S20260929,4417c6668930e37bc9f0b71ff70d7ff9762182381c6fc54ae10e2b9c9d229143,MODEL_V1_CV_REFERENCE_V1
b124ecce489becbc126effccc7b006267971b0550424057431c694c8046457d0,MITDB_P111,111,1775000000,2,20260929,0,-1.4037792682647705,0.19721707701683044,15,V2-002-F02-S20260929,4417c6668930e37bc9f0b71ff70d7ff9762182381c6fc54ae10e2b9c9d229143,MODEL_V1_CV_REFERENCE_V1
b13cf006c62eb6a0489924952111bd3e396552d99fb49ff5fcb1a760377b0c49,MITDB_P220,220,200000000,2,20260929,0,1.901798129081726,0.8700949549674988,15,V2-002-F02-S20260929,4417c6668930e37bc9f0b71ff70d7ff9762182381c6fc54ae10e2b9c9d229143,MODEL_V1_CV_REFERENCE_V1
b19f8fc88d14e249ee20a71a9501fada1ff226966244113a66968ac27eaa9f1f,MITDB_P113,113,1805000000,2,20260929,0,1.5335617065429688,0.8225268125534058,15,V2-002-F02-S20260929,4417c6668930e37bc9f0b71ff70d7ff9762182381c6fc54ae10e2b9c9d229143,MODEL_V1_CV_REFERENCE_V1
b1c5094aefdabd2710f5ff5b88824fc7a4bccd85b078f545689f850ed2535b6e,MITDB_P232,232,955000000,2,20260929,1,0.07662113755941391,0.5191459059715271,15,V2-002-F02-S20260929,4417c6668930e37bc9f0b71ff70d7ff9762182381c6fc54ae10e2b9c9d229143,MODEL_V1_CV_REFERENCE_V1
b2206c063695171ba78a0a4fc2e6ffbdbab92d28a5b6db770a04923a61126faf,MITDB_P232,232,1405000000,2,20260929,1,0.7381249666213989,0.6765857338905334,15,V2-002-F02-S20260929,4417c6668930e37bc9f0b71ff70d7ff9762182381c6fc54ae10e2b9c9d229143,MODEL_V1_CV_REFERENCE_V1
b23e482d537d7df6529e919a443659076fcca8d267cdb3f67c489628a484f4e2,MITDB_P232,232,1070000000,2,20260929,1,0.3010636270046234,0.5747025012969971,15,V2-002-F02-S20260929,4417c6668930e37bc9f0b71ff70d7ff9762182381c6fc54ae10e2b9c9d229143,MODEL_V1_CV_REFERENCE_V1
b27ea3a371b404f073f4ea4b55edafdd506126fe68b780c3bec5895544d120f4,MITDB_P111,111,1515000000,2,20260929,0,-2.396085023880005,0.08347172290086746,15,V2-002-F02-S20260929,4417c6668930e37bc9f0b71ff70d7ff9762182381c6fc54ae10e2b9c9d229143,MODEL_V1_CV_REFERENCE_V1
b2eb526964ea7880a6e37bdff87587443bd6dd6c5c3bd3faad15f1f34f2454b7,MITDB_P215,215,540000000,2,20260929,1,-0.2675841152667999,0.4335002601146698,15,V2-002-F02-S20260929,4417c6668930e37bc9f0b71ff70d7ff9762182381c6fc54ae10e2b9c9d229143,MODEL_V1_CV_REFERENCE_V1
b2fcf2d597ecbb3b0f2ce348aacff668148a17153d6c1b53e037a87b4d888a21,MITDB_P111,111,1755000000,2,20260929,0,-2.9916443824768066,0.047804780304431915,15,V2-002-F02-S20260929,4417c6668930e37bc9f0b71ff70d7ff9762182381c6fc54ae10e2b9c9d229143,MODEL_V1_CV_REFERENCE_V1
b30b661470e5dea68a5e7262db69c383412e5c675faef86ca4c91254404299f4,MITDB_P111,111,1020000000,2,20260929,0,-1.6197550296783447,0.1652386486530304,15,V2-002-F02-S20260929,4417c6668930e37bc9f0b71ff70d7ff9762182381c6fc54ae10e2b9c9d229143,MODEL_V1_CV_REFERENCE_V1
b36edf5be5daff4ac15bbb51c126a5348d505628be3863ce598dfd4726f68be0,MITDB_P220,220,280000000,2,20260929,0,2.0576586723327637,0.8867191672325134,15,V2-002-F02-S20260929,4417c6668930e37bc9f0b71ff70d7ff9762182381c6fc54ae10e2b9c9d229143,MODEL_V1_CV_REFERENCE_V1
b374c2e813f7c2e88ac33564670bee696a6c4dc798392dd32df70dcb4f0b015c,MITDB_P113,113,1775000000,2,20260929,0,1.3151559829711914,0.7883747220039368,15,V2-002-F02-S20260929,4417c6668930e37bc9f0b71ff70d7ff9762182381c6fc54ae10e2b9c9d229143,MODEL_V1_CV_REFERENCE_V1
b385a2b48f150e7912d21a9026ddb7e65996a0e64b915cabdea8b088a734ce9e,MITDB_P113,113,730000000,2,20260929,0,1.3339595794677734,0.7914948463439941,15,V2-002-F02-S20260929,4417c6668930e37bc9f0b71ff70d7ff9762182381c6fc54ae10e2b9c9d229143,MODEL_V1_CV_REFERENCE_V1
b39344e5ce1649e88c8211015815774f90d20b6d6966f504512d45cbf18aad79,MITDB_P232,232,525000000,2,20260929,1,0.32916679978370667,0.5815566182136536,15,V2-002-F02-S20260929,4417c6668930e37bc9f0b71ff70d7ff9762182381c6fc54ae10e2b9c9d229143,MODEL_V1_CV_REFERENCE_V1
b397d0388960ca92ca115fa6d2b421e07d5cdcd32892e2932821e478569c15b2,MITDB_P215,215,310000000,2,20260929,1,-1.1331045627593994,0.2435886412858963,15,V2-002-F02-S20260929,4417c6668930e37bc9f0b71ff70d7ff9762182381c6fc54ae10e2b9c9d229143,MODEL_V1_CV_REFERENCE_V1
b39d87b6f8de6e6a51ba6b6754093b0de6174ebe98b9e19e08a50c771f48d552,MITDB_P232,232,225000000,2,20260929,1,0.559905469417572,0.6364306807518005,15,V2-002-F02-S20260929,4417c6668930e37bc9f0b71ff70d7ff9762182381c6fc54ae10e2b9c9d229143,MODEL_V1_CV_REFERENCE_V1
b3b7472ac4a9be18d7733abda32fe9510f57a2e766b2a34ef01fff72626bb94b,MITDB_P113,113,595000000,2,20260929,0,1.5593525171279907,0.8262603878974915,15,V2-002-F02-S20260929,4417c6668930e37bc9f0b71ff70d7ff9762182381c6fc54ae10e2b9c9d229143,MODEL_V1_CV_REFERENCE_V1
b3bad78129058fb049b67db40d08436b20114f61161392298531ddce26bf1881,MITDB_P232,232,650000000,2,20260929,1,-0.15817773342132568,0.4605378210544586,15,V2-002-F02-S20260929,4417c6668930e37bc9f0b71ff70d7ff9762182381c6fc54ae10e2b9c9d229143,MODEL_V1_CV_REFERENCE_V1
b408f78f01ceb6402cb95cedb91833c4aa5a1b96593c4e4a61db923d3646739c,MITDB_P111,111,120000000,2,20260929,0,-1.283186435699463,0.2170083075761795,15,V2-002-F02-S20260929,4417c6668930e37bc9f0b71ff70d7ff9762182381c6fc54ae10e2b9c9d229143,MODEL_V1_CV_REFERENCE_V1
b4285523e2d77002f4adfd6b3b586d951a2af5a3fbb9f56c9360e896b6c16416,MITDB_P232,232,430000000,2,20260929,1,0.19885888695716858,0.5495515465736389,15,V2-002-F02-S20260929,4417c6668930e37bc9f0b71ff70d7ff9762182381c6fc54ae10e2b9c9d229143,MODEL_V1_CV_REFERENCE_V1
b43374598d5a792c2cf5b68c225cc16ec4c85f62bca91ed25332d8b9af40eac4,MITDB_P220,220,1520000000,2,20260929,0,2.0590944290161133,0.8868633508682251,15,V2-002-F02-S20260929,4417c6668930e37bc9f0b71ff70d7ff9762182381c6fc54ae10e2b9c9d229143,MODEL_V1_CV_REFERENCE_V1
b438834175530ca8cb018613c5b04c5aaf0ca3da29d713676499f83c6a015f01,MITDB_P111,111,1025000000,2,20260929,0,-1.507035732269287,0.18137851357460022,15,V2-002-F02-S20260929,4417c6668930e37bc9f0b71ff70d7ff9762182381c6fc54ae10e2b9c9d229143,MODEL_V1_CV_REFERENCE_V1
b461dc671c26841c602c61e512bc48e42f62ba7e9c396e2a1d47656eb07d300b,MITDB_P111,111,765000000,2,20260929,0,-0.2832493185997009,0.42965736985206604,15,V2-002-F02-S20260929,4417c6668930e37bc9f0b71ff70d7ff9762182381c6fc54ae10e2b9c9d229143,MODEL_V1_CV_REFERENCE_V1
b4a7af51ccc8d28caf5854c3cc092f5ee9e9c315dcd82bbef1932777edec429e,MITDB_P232,232,1665000000,2,20260929,1,0.7621551156044006,0.6818214654922485,15,V2-002-F02-S20260929,4417c6668930e37bc9f0b71ff70d7ff9762182381c6fc54ae10e2b9c9d229143,MODEL_V1_CV_REFERENCE_V1
b4c3ef2c1d5ce882bce9d5e91dc0747e5b726e38bbb374420576c047258f8766,MITDB_P232,232,175000000,2,20260929,1,0.40059155225753784,0.5988297462463379,15,V2-002-F02-S20260929,4417c6668930e37bc9f0b71ff70d7ff9762182381c6fc54ae10e2b9c9d229143,MODEL_V1_CV_REFERENCE_V1
b4cc47d6743c7c87fca9d97e3ab1576cbd69aac36958e3b5121b65854cda08cc,MITDB_P111,111,575000000,2,20260929,0,-1.6756819486618042,0.1576680988073349,15,V2-002-F02-S20260929,4417c6668930e37bc9f0b71ff70d7ff9762182381c6fc54ae10e2b9c9d229143,MODEL_V1_CV_REFERENCE_V1
b4f90d02647a7329209f903ba28f53f0f6619f432785090d45d2f16a98c25e36,MITDB_P220,220,1595000000,2,20260929,0,1.7644821405410767,0.8537700772285461,15,V2-002-F02-S20260929,4417c6668930e37bc9f0b71ff70d7ff9762182381c6fc54ae10e2b9c9d229143,MODEL_V1_CV_REFERENCE_V1
b5236fb2c5d7216b7cab4bcd29a25a2a3ecb8f8b5e4576bac9a853e0979933ca,MITDB_P111,111,1375000000,2,20260929,0,-1.6806224584579468,0.15701305866241455,15,V2-002-F02-S20260929,4417c6668930e37bc9f0b71ff70d7ff9762182381c6fc54ae10e2b9c9d229143,MODEL_V1_CV_REFERENCE_V1
b53ab741a2fd5868c933febfb64bab394bdb13a9dea7f73f347346c34b2ffcac,MITDB_P111,111,75000000,2,20260929,0,-2.3612096309661865,0.08617888391017914,15,V2-002-F02-S20260929,4417c6668930e37bc9f0b71ff70d7ff9762182381c6fc54ae10e2b9c9d229143,MODEL_V1_CV_REFERENCE_V1
b54360672b15275f59de9e8e9748057864db3f33fd6321b5ee1ad438cc86eea7,MITDB_P232,232,630000000,2,20260929,1,0.8924753665924072,0.7094007134437561,15,V2-002-F02-S20260929,4417c6668930e37bc9f0b71ff70d7ff9762182381c6fc54ae10e2b9c9d229143,MODEL_V1_CV_REFERENCE_V1
b5626fd3a05350a2ce6a2ceb65c5031f12a9c24e3a2d7cd6ca751189fd1228f5,MITDB_P113,113,855000000,2,20260929,0,1.9131971597671509,0.8713779449462891,15,V2-002-F02-S20260929,4417c6668930e37bc9f0b71ff70d7ff9762182381c6fc54ae10e2b9c9d229143,MODEL_V1_CV_REFERENCE_V1
b5ae204e4418b6cf67e97e13d28192b1a61d455fe996d11aaf28d2ab95fd5933,MITDB_P113,113,1015000000,2,20260929,0,1.191478967666626,0.767005443572998,15,V2-002-F02-S20260929,4417c6668930e37bc9f0b71ff70d7ff9762182381c6fc54ae10e2b9c9d229143,MODEL_V1_CV_REFERENCE_V1
b64103417eddf7dd9269c5316016722583720a0a3dca6f1bcf5bf856c529b7ba,MITDB_P232,232,1615000000,2,20260929,1,-0.05097533017396927,0.4872589409351349,15,V2-002-F02-S20260929,4417c6668930e37bc9f0b71ff70d7ff9762182381c6fc54ae10e2b9c9d229143,MODEL_V1_CV_REFERENCE_V1
b64c9c52e0d9e7400b07d0bca6e7483952343036d2c3db557c16d20db79b1914,MITDB_P220,220,420000000,2,20260929,1,1.4241925477981567,0.8059948086738586,15,V2-002-F02-S20260929,4417c6668930e37bc9f0b71ff70d7ff9762182381c6fc54ae10e2b9c9d229143,MODEL_V1_CV_REFERENCE_V1
b6767ecf901396cbe6c3a116ba6383211edae78202fbd8dc551229d6d0348444,MITDB_P111,111,1685000000,2,20260929,0,-2.089907646179199,0.11008162051439285,15,V2-002-F02-S20260929,4417c6668930e37bc9f0b71ff70d7ff9762182381c6fc54ae10e2b9c9d229143,MODEL_V1_CV_REFERENCE_V1
b689f658905589eb522c80aa5123125628e87ac3ce446153dca58f088917a6a6,MITDB_P215,215,1695000000,2,20260929,0,-4.313910007476807,0.01320443581789732,15,V2-002-F02-S20260929,4417c6668930e37bc9f0b71ff70d7ff9762182381c6fc54ae10e2b9c9d229143,MODEL_V1_CV_REFERENCE_V1
b692af781ac5ce8f1eb78481314f507b9dec7096fa71baecf3dfc055cbafc660,MITDB_P111,111,1120000000,2,20260929,0,-2.1622824668884277,0.10318903625011444,15,V2-002-F02-S20260929,4417c6668930e37bc9f0b71ff70d7ff9762182381c6fc54ae10e2b9c9d229143,MODEL_V1_CV_REFERENCE_V1
b698a61e11d001df025bd5299b9071f04f1f53f78b682f17e92a1a24ba7493f8,MITDB_P111,111,265000000,2,20260929,0,-2.4629640579223633,0.07849566638469696,15,V2-002-F02-S20260929,4417c6668930e37bc9f0b71ff70d7ff9762182381c6fc54ae10e2b9c9d229143,MODEL_V1_CV_REFERENCE_V1
b6a0e969de3ae0e3770a3dd050965456c1ea28aefa909cca4da8651d6d58a87b,MITDB_P113,113,715000000,2,20260929,0,0.11711093038320541,0.5292443037033081,15,V2-002-F02-S20260929,4417c6668930e37bc9f0b71ff70d7ff9762182381c6fc54ae10e2b9c9d229143,MODEL_V1_CV_REFERENCE_V1
b6be0be2ba5e76d459205711a06cc1b96680564cbb4688c704ff4d9695db1462,MITDB_P215,215,1480000000,2,20260929,1,-0.2143169641494751,0.44662490487098694,15,V2-002-F02-S20260929,4417c6668930e37bc9f0b71ff70d7ff9762182381c6fc54ae10e2b9c9d229143,MODEL_V1_CV_REFERENCE_V1
b70a7b640977834f61e2ea169a06fb57d6ef44f24ac92e339467ee8a40378507,MITDB_P113,113,820000000,2,20260929,0,1.1942262649536133,0.7674961090087891,15,V2-002-F02-S20260929,4417c6668930e37bc9f0b71ff70d7ff9762182381c6fc54ae10e2b9c9d229143,MODEL_V1_CV_REFERENCE_V1
b728003197e637f4ab79d845d7f1d9aa0d3eba81245e772edd2d243d7306e7db,MITDB_P113,113,1655000000,2,20260929,0,1.6303240060806274,0.836214005947113,15,V2-002-F02-S20260929,4417c6668930e37bc9f0b71ff70d7ff9762182381c6fc54ae10e2b9c9d229143,MODEL_V1_CV_REFERENCE_V1
b74b147f24aba3ce54f26f70e383d1e0ecf208a1b0367f48f80a780608dd567d,MITDB_P111,111,1160000000,2,20260929,0,-1.454463005065918,0.18931566178798676,15,V2-002-F02-S20260929,4417c6668930e37bc9f0b71ff70d7ff9762182381c6fc54ae10e2b9c9d229143,MODEL_V1_CV_REFERENCE_V1
b75748dd7447088f97452f11d82b3a41eb030cc76e28936002c60e0ad01e39d0,MITDB_P111,111,910000000,2,20260929,0,-0.3086658716201782,0.42344042658805847,15,V2-002-F02-S20260929,4417c6668930e37bc9f0b71ff70d7ff9762182381c6fc54ae10e2b9c9d229143,MODEL_V1_CV_REFERENCE_V1
b7680253bcc8c05f939acd317c5d176f09b6923e18bcadb956c7cf6277148e65,MITDB_P220,220,1775000000,2,20260929,1,1.4393913745880127,0.8083603978157043,15,V2-002-F02-S20260929,4417c6668930e37bc9f0b71ff70d7ff9762182381c6fc54ae10e2b9c9d229143,MODEL_V1_CV_REFERENCE_V1
b775dad6291337b66219f18ee66a1120c3be78c1a241b0dfc0bb4c35ee2718d5,MITDB_P113,113,1080000000,2,20260929,0,1.9097611904144287,0.8709923028945923,15,V2-002-F02-S20260929,4417c6668930e37bc9f0b71ff70d7ff9762182381c6fc54ae10e2b9c9d229143,MODEL_V1_CV_REFERENCE_V1
b7825b962f33914c3dd555d80abdbd59e6603daa5a8d6f6b28d73b7572fd5abf,MITDB_P111,111,1490000000,2,20260929,0,-2.310983180999756,0.09021741896867752,15,V2-002-F02-S20260929,4417c6668930e37bc9f0b71ff70d7ff9762182381c6fc54ae10e2b9c9d229143,MODEL_V1_CV_REFERENCE_V1
b7a2a5381e492f6a3a4740320947149d728d246f668f77131072b69a50770b54,MITDB_P113,113,625000000,2,20260929,0,1.5062487125396729,0.8185045719146729,15,V2-002-F02-S20260929,4417c6668930e37bc9f0b71ff70d7ff9762182381c6fc54ae10e2b9c9d229143,MODEL_V1_CV_REFERENCE_V1
b7e6b025211746c584b38612ef653871b3fb926236ce2449e3ddcd85e3a616f4,MITDB_P232,232,665000000,2,20260929,1,0.3411828577518463,0.5844778418540955,15,V2-002-F02-S20260929,4417c6668930e37bc9f0b71ff70d7ff9762182381c6fc54ae10e2b9c9d229143,MODEL_V1_CV_REFERENCE_V1
b80941238426e32fe1fdaaccd30dc0a123ef8c15a8138a9688ff9788f6bbe00d,MITDB_P232,232,1445000000,2,20260929,0,0.7251567840576172,0.6737415790557861,15,V2-002-F02-S20260929,4417c6668930e37bc9f0b71ff70d7ff9762182381c6fc54ae10e2b9c9d229143,MODEL_V1_CV_REFERENCE_V1
b81c011a31aefdf83c5f2ee0cd51c3dd8c051f4f9b6741d367a29c56cbd17610,MITDB_P232,232,945000000,2,20260929,1,0.7613717317581177,0.6816515326499939,15,V2-002-F02-S20260929,4417c6668930e37bc9f0b71ff70d7ff9762182381c6fc54ae10e2b9c9d229143,MODEL_V1_CV_REFERENCE_V1
b82dad7f7692e279cdedd6c44dc57c5b6b015fc746f098ad1f472a256a4e398e,MITDB_P111,111,975000000,2,20260929,0,-0.7543397545814514,0.31987640261650085,15,V2-002-F02-S20260929,4417c6668930e37bc9f0b71ff70d7ff9762182381c6fc54ae10e2b9c9d229143,MODEL_V1_CV_REFERENCE_V1
b83d1224fe1d618c555ce7b8055fc27500f279ae3ec069ba100443718975b9ea,MITDB_P113,113,745000000,2,20260929,0,0.9055152535438538,0.7120816111564636,15,V2-002-F02-S20260929,4417c6668930e37bc9f0b71ff70d7ff9762182381c6fc54ae10e2b9c9d229143,MODEL_V1_CV_REFERENCE_V1
b87cff10a6db885686cec70302644dfbb2eb87acd1c130db8dceebbffbd7fcb8,MITDB_P113,113,1520000000,2,20260929,0,0.5761070251464844,0.6401711106300354,15,V2-002-F02-S20260929,4417c6668930e37bc9f0b71ff70d7ff9762182381c6fc54ae10e2b9c9d229143,MODEL_V1_CV_REFERENCE_V1
b87ec8fa009897cab5eedf7442a9e0ece4e87812f018aef5b2804dcea3da535f,MITDB_P220,220,1150000000,2,20260929,0,1.8245079517364502,0.8611061573028564,15,V2-002-F02-S20260929,4417c6668930e37bc9f0b71ff70d7ff9762182381c6fc54ae10e2b9c9d229143,MODEL_V1_CV_REFERENCE_V1
b88eb46062f9f14596c639de82f022911201e96123243cb7eeba798fb76ac637,MITDB_P215,215,575000000,2,20260929,1,-0.4955471158027649,0.3785876929759979,15,V2-002-F02-S20260929,4417c6668930e37bc9f0b71ff70d7ff9762182381c6fc54ae10e2b9c9d229143,MODEL_V1_CV_REFERENCE_V1
b8b507145134ab0c44573c77413a0a7e6f4d2b47a77de4572b871e35384c5679,MITDB_P232,232,1605000000,2,20260929,1,0.6281018853187561,0.6520589590072632,15,V2-002-F02-S20260929,4417c6668930e37bc9f0b71ff70d7ff9762182381c6fc54ae10e2b9c9d229143,MODEL_V1_CV_REFERENCE_V1
b943bdf19e1c3678b4b2d86d32deefda9204876a102255f7edbd486009f10f6c,MITDB_P111,111,45000000,2,20260929,0,-1.639235496520996,0.16256912052631378,15,V2-002-F02-S20260929,4417c6668930e37bc9f0b71ff70d7ff9762182381c6fc54ae10e2b9c9d229143,MODEL_V1_CV_REFERENCE_V1
b96ed2c485b07b77cf220a3f9e819a35a3e6e36ae8b238c4afb321a30aef5241,MITDB_P111,111,1205000000,2,20260929,0,0.714710533618927,0.6714411973953247,15,V2-002-F02-S20260929,4417c6668930e37bc9f0b71ff70d7ff9762182381c6fc54ae10e2b9c9d229143,MODEL_V1_CV_REFERENCE_V1
b982edc69f42d72793e9b085e2a3b15092e0ce1e10c5c2db78c8f26d9638ab03,MITDB_P111,111,405000000,2,20260929,0,-2.069908857345581,0.11205610632896423,15,V2-002-F02-S20260929,4417c6668930e37bc9f0b71ff70d7ff9762182381c6fc54ae10e2b9c9d229143,MODEL_V1_CV_REFERENCE_V1
b987cf1f76cc0fd76d1d53c016d2d4090efe827cd5db84efc93975764fb4c0f0,MITDB_P111,111,460000000,2,20260929,0,-1.3324756622314453,0.2087501436471939,15,V2-002-F02-S20260929,4417c6668930e37bc9f0b71ff70d7ff9762182381c6fc54ae10e2b9c9d229143,MODEL_V1_CV_REFERENCE_V1
b99f7c44f2ec6548f3cf80e28b96a798f1afb5175ee767c3a65f301ecb2c01c7,MITDB_P215,215,1515000000,2,20260929,1,-2.807081699371338,0.05694269388914108,15,V2-002-F02-S20260929,4417c6668930e37bc9f0b71ff70d7ff9762182381c6fc54ae10e2b9c9d229143,MODEL_V1_CV_REFERENCE_V1
b9b38e90418a0ad5b540530f66692fc2071f45e469af146de020efc18a98ef3e,MITDB_P111,111,1640000000,2,20260929,0,-2.57824444770813,0.07055176049470901,15,V2-002-F02-S20260929,4417c6668930e37bc9f0b71ff70d7ff9762182381c6fc54ae10e2b9c9d229143,MODEL_V1_CV_REFERENCE_V1
b9eee5a038c584f662b97ba46be7fb0fa44b5e544b4f422934a6862bece23262,MITDB_P232,232,530000000,2,20260929,1,0.27623501420021057,0.5686229467391968,15,V2-002-F02-S20260929,4417c6668930e37bc9f0b71ff70d7ff9762182381c6fc54ae10e2b9c9d229143,MODEL_V1_CV_REFERENCE_V1
ba23b21a665c75768eaf9cb5d73a7dafb37ca5a9250c7902a10d6745a4ddb7dd,MITDB_P113,113,1650000000,2,20260929,0,1.950988531112671,0.8755543828010559,15,V2-002-F02-S20260929,4417c6668930e37bc9f0b71ff70d7ff9762182381c6fc54ae10e2b9c9d229143,MODEL_V1_CV_REFERENCE_V1
ba47a1bce69b601fccbda0fd43642bda1b09018f918dbf460bae1a63fa96d57a,MITDB_P232,232,570000000,2,20260929,1,0.7065142393112183,0.6696304678916931,15,V2-002-F02-S20260929,4417c6668930e37bc9f0b71ff70d7ff9762182381c6fc54ae10e2b9c9d229143,MODEL_V1_CV_REFERENCE_V1
ba4c7a594de31cfc665898cac4701f95d542e246db5d62ef4b095c33a11f5b98,MITDB_P232,232,440000000,2,20260929,1,0.6356943249702454,0.6537795066833496,15,V2-002-F02-S20260929,4417c6668930e37bc9f0b71ff70d7ff9762182381c6fc54ae10e2b9c9d229143,MODEL_V1_CV_REFERENCE_V1
ba67979a4f2f02edfcdabcb4be6bc884cf59179683e90c6bebe2d6b74bb1a0ac,MITDB_P111,111,1380000000,2,20260929,0,-1.7308251857757568,0.15048205852508545,15,V2-002-F02-S20260929,4417c6668930e37bc9f0b71ff70d7ff9762182381c6fc54ae10e2b9c9d229143,MODEL_V1_CV_REFERENCE_V1
baf7f38443a5c85b84012f1fce24311757ff53050e48dd76a024f3c519926809,MITDB_P113,113,1480000000,2,20260929,0,0.8406499624252319,0.6986020803451538,15,V2-002-F02-S20260929,4417c6668930e37bc9f0b71ff70d7ff9762182381c6fc54ae10e2b9c9d229143,MODEL_V1_CV_REFERENCE_V1
bb04c30c8e2ee3070bc936ecbe4736c309beb67105e72fd5f9fd82e1f19d683b,MITDB_P111,111,1060000000,2,20260929,0,-2.5251893997192383,0.07411106675863266,15,V2-002-F02-S20260929,4417c6668930e37bc9f0b71ff70d7ff9762182381c6fc54ae10e2b9c9d229143,MODEL_V1_CV_REFERENCE_V1
bb5059776d08d6abc64e425cdb69d75955c708fe13a0ca5b8a966c59f4ddd294,MITDB_P113,113,1165000000,2,20260929,0,0.3706715703010559,0.5916212201118469,15,V2-002-F02-S20260929,4417c6668930e37bc9f0b71ff70d7ff9762182381c6fc54ae10e2b9c9d229143,MODEL_V1_CV_REFERENCE_V1
bb56239abd90e16d596794e359933345f93cfa36a657eb1e259ae94fd875a284,MITDB_P113,113,1800000000,2,20260929,0,1.7595617771148682,0.853154718875885,15,V2-002-F02-S20260929,4417c6668930e37bc9f0b71ff70d7ff9762182381c6fc54ae10e2b9c9d229143,MODEL_V1_CV_REFERENCE_V1
bb5f6626c9011759b9f27b4a5813cdfe9fadec720d76cef8461585db062b3479,MITDB_P220,220,100000000,2,20260929,0,1.628490924835205,0.8359628319740295,15,V2-002-F02-S20260929,4417c6668930e37bc9f0b71ff70d7ff9762182381c6fc54ae10e2b9c9d229143,MODEL_V1_CV_REFERENCE_V1
bb7323b4546cd8eb989dfe7685281fdec8890c94b3b5f1ad9de3413e75137b4c,MITDB_P113,113,350000000,2,20260929,0,2.6941702365875244,0.9366817474365234,15,V2-002-F02-S20260929,4417c6668930e37bc9f0b71ff70d7ff9762182381c6fc54ae10e2b9c9d229143,MODEL_V1_CV_REFERENCE_V1
bb9c640d1641c7f9fd59468cdbb1ad9d9080b637c9bf9d976c7ae44e1cab9f64,MITDB_P232,232,810000000,2,20260929,1,0.702529788017273,0.6687484383583069,15,V2-002-F02-S20260929,4417c6668930e37bc9f0b71ff70d7ff9762182381c6fc54ae10e2b9c9d229143,MODEL_V1_CV_REFERENCE_V1
bb9c9b2870489b2c7d258fa76353346d2780afd83ead350e35e022e8b9cdef56,MITDB_P215,215,680000000,2,20260929,1,-0.7313165068626404,0.3249059021472931,15,V2-002-F02-S20260929,4417c6668930e37bc9f0b71ff70d7ff9762182381c6fc54ae10e2b9c9d229143,MODEL_V1_CV_REFERENCE_V1
bbccbf22793e2c326df7422d456350251c0159b9d2e89ef40b0fbe78038cf23b,MITDB_P220,220,140000000,2,20260929,0,2.1562659740448,0.8962528705596924,15,V2-002-F02-S20260929,4417c6668930e37bc9f0b71ff70d7ff9762182381c6fc54ae10e2b9c9d229143,MODEL_V1_CV_REFERENCE_V1
bbfe3308073fa44d03adeeea016c5616305984d4a6d1438871d5c578d0129645,MITDB_P215,215,690000000,2,20260929,1,-2.2790451049804688,0.09287337213754654,15,V2-002-F02-S20260929,4417c6668930e37bc9f0b71ff70d7ff9762182381c6fc54ae10e2b9c9d229143,MODEL_V1_CV_REFERENCE_V1
bc2bd8bb08163360580c46bdbe5a171c3cb6146da2668d0a65dcec9639cb8572,MITDB_P113,113,1315000000,2,20260929,0,1.2959222793579102,0.7851479053497314,15,V2-002-F02-S20260929,4417c6668930e37bc9f0b71ff70d7ff9762182381c6fc54ae10e2b9c9d229143,MODEL_V1_CV_REFERENCE_V1
bc72b7ef9f2b4760b55ac03bc974ef7be7227f45a976a4dc3c6ce18c26bfbc13,MITDB_P111,111,1600000000,2,20260929,0,-2.346585273742676,0.08733757585287094,15,V2-002-F02-S20260929,4417c6668930e37bc9f0b71ff70d7ff9762182381c6fc54ae10e2b9c9d229143,MODEL_V1_CV_REFERENCE_V1
bc984d8c115b5bf04a761d18944d8b0793cf8a82bbe1ebcd7d3326da9f83ddd8,MITDB_P220,220,1410000000,2,20260929,0,1.981916904449463,0.8788853287696838,15,V2-002-F02-S20260929,4417c6668930e37bc9f0b71ff70d7ff9762182381c6fc54ae10e2b9c9d229143,MODEL_V1_CV_REFERENCE_V1
bc9c4c8bf2127768f9cb5793d910b606955efbd8975a46a44bd255cb4549bbd6,MITDB_P215,215,375000000,2,20260929,1,-1.9583362340927124,0.12364721298217773,15,V2-002-F02-S20260929,4417c6668930e37bc9f0b71ff70d7ff9762182381c6fc54ae10e2b9c9d229143,MODEL_V1_CV_REFERENCE_V1
bcfff17b806bdf241816da8498909a8922cded27496d092567a53b90cb2216fc,MITDB_P215,215,670000000,2,20260929,0,-4.378329277038574,0.012390843592584133,15,V2-002-F02-S20260929,4417c6668930e37bc9f0b71ff70d7ff9762182381c6fc54ae10e2b9c9d229143,MODEL_V1_CV_REFERENCE_V1
bd37c8910ebdf597a3a30240bda85d65e5ae623866c1ab7524124f2b40340418,MITDB_P220,220,535000000,2,20260929,0,1.712451696395874,0.8471540212631226,15,V2-002-F02-S20260929,4417c6668930e37bc9f0b71ff70d7ff9762182381c6fc54ae10e2b9c9d229143,MODEL_V1_CV_REFERENCE_V1
bd6e832f3755e136a6f732d5eb6d81d024a89a8de481764866fdb79b8f9b2745,MITDB_P113,113,960000000,2,20260929,0,1.273299217224121,0.7813069820404053,15,V2-002-F02-S20260929,4417c6668930e37bc9f0b71ff70d7ff9762182381c6fc54ae10e2b9c9d229143,MODEL_V1_CV_REFERENCE_V1
bd7766a2e82a6b2f62ac799a719bcf85fe4dcfb9f737f55e631cdede1d90c3de,MITDB_P232,232,655000000,2,20260929,1,0.3416326940059662,0.584587037563324,15,V2-002-F02-S20260929,4417c6668930e37bc9f0b71ff70d7ff9762182381c6fc54ae10e2b9c9d229143,MODEL_V1_CV_REFERENCE_V1
bda58fc7c4b83137e09444ed2ec9b5c1b717662e6624e80677549ca8a55f6f59,MITDB_P113,113,1255000000,2,20260929,0,1.29292631149292,0.7846421003341675,15,V2-002-F02-S20260929,4417c6668930e37bc9f0b71ff70d7ff9762182381c6fc54ae10e2b9c9d229143,MODEL_V1_CV_REFERENCE_V1
bdf9c132f774fea170a631314cb8fdece467cb2eff68beb1737263e5e308db9a,MITDB_P111,111,625000000,2,20260929,0,-1.4630976915359497,0.18799400329589844,15,V2-002-F02-S20260929,4417c6668930e37bc9f0b71ff70d7ff9762182381c6fc54ae10e2b9c9d229143,MODEL_V1_CV_REFERENCE_V1
be0ba89be1eae60f80427299f6ea5c3c9ccce337b5c8730b899cfdbae0e755a2,MITDB_P113,113,1190000000,2,20260929,0,1.665668249130249,0.8409974575042725,15,V2-002-F02-S20260929,4417c6668930e37bc9f0b71ff70d7ff9762182381c6fc54ae10e2b9c9d229143,MODEL_V1_CV_REFERENCE_V1
be60a8c65686dca8d5704ef1c599ab28f7e0d10eb9f376f86201f6fa21f03421,MITDB_P220,220,1780000000,2,20260929,0,1.2758443355560303,0.7817416191101074,15,V2-002-F02-S20260929,4417c6668930e37bc9f0b71ff70d7ff9762182381c6fc54ae10e2b9c9d229143,MODEL_V1_CV_REFERENCE_V1
be74f94509f744c25eba1769e25628c324e7a82c770702b11b9cf979e5c71d0a,MITDB_P113,113,1780000000,2,20260929,0,1.3121845722198486,0.7878784537315369,15,V2-002-F02-S20260929,4417c6668930e37bc9f0b71ff70d7ff9762182381c6fc54ae10e2b9c9d229143,MODEL_V1_CV_REFERENCE_V1
be786ceba591da0e50f52550f7c3e277cb3698ecaf2739f9f7bc443826d0fe36,MITDB_P113,113,945000000,2,20260929,0,1.0195413827896118,0.7348832488059998,15,V2-002-F02-S20260929,4417c6668930e37bc9f0b71ff70d7ff9762182381c6fc54ae10e2b9c9d229143,MODEL_V1_CV_REFERENCE_V1
bebc1549df0b9c26f69689c462d0b0bc247d9e89c88aae66e16aa15733c3507b,MITDB_P113,113,660000000,2,20260929,0,2.024061918258667,0.8833003640174866,15,V2-002-F02-S20260929,4417c6668930e37bc9f0b71ff70d7ff9762182381c6fc54ae10e2b9c9d229143,MODEL_V1_CV_REFERENCE_V1
bf051ca4e47e89409464e8b8865afe7c748685ebe5f3dca78175b22e266fbc61,MITDB_P220,220,1005000000,2,20260929,1,2.011340379714966,0.8819826245307922,15,V2-002-F02-S20260929,4417c6668930e37bc9f0b71ff70d7ff9762182381c6fc54ae10e2b9c9d229143,MODEL_V1_CV_REFERENCE_V1
bf1c4a4627f3b775e73e8682474c405228977e66565678122e54635e560fd1e3,MITDB_P215,215,765000000,2,20260929,0,-4.667296886444092,0.009310144931077957,15,V2-002-F02-S20260929,4417c6668930e37bc9f0b71ff70d7ff9762182381c6fc54ae10e2b9c9d229143,MODEL_V1_CV_REFERENCE_V1
bf1fa742529e026a2eff53294481ebc3016b3c174c09d10f1cfc9b6aff024a25,MITDB_P232,232,1100000000,2,20260929,1,0.7269877195358276,0.67414391040802,15,V2-002-F02-S20260929,4417c6668930e37bc9f0b71ff70d7ff9762182381c6fc54ae10e2b9c9d229143,MODEL_V1_CV_REFERENCE_V1
bf26a3afaf7fd7816f04d91e9ba0fe7ef81017ed1c1bc73c8241ed60910892f6,MITDB_P111,111,1330000000,2,20260929,0,-1.9195244312286377,0.12791460752487183,15,V2-002-F02-S20260929,4417c6668930e37bc9f0b71ff70d7ff9762182381c6fc54ae10e2b9c9d229143,MODEL_V1_CV_REFERENCE_V1
bf6483f479822b71c5a98729714c9567ffdad892bcc089bfe500e3567804637b,MITDB_P232,232,1695000000,2,20260929,1,0.21002817153930664,0.5523148775100708,15,V2-002-F02-S20260929,4417c6668930e37bc9f0b71ff70d7ff9762182381c6fc54ae10e2b9c9d229143,MODEL_V1_CV_REFERENCE_V1
bf9d7cdfbfecc9c1eac4c170209ae41370ffd73a4bc88e4050fe43ca95786972,MITDB_P215,215,660000000,2,20260929,1,-0.009570606052875519,0.49760740995407104,15,V2-002-F02-S20260929,4417c6668930e37bc9f0b71ff70d7ff9762182381c6fc54ae10e2b9c9d229143,MODEL_V1_CV_REFERENCE_V1
bfde56daf0c762d1c498fc128ff467454e54d5b987798c606da9c20aa30333d6,MITDB_P232,232,340000000,2,20260929,1,0.23461955785751343,0.5583873391151428,15,V2-002-F02-S20260929,4417c6668930e37bc9f0b71ff70d7ff9762182381c6fc54ae10e2b9c9d229143,MODEL_V1_CV_REFERENCE_V1
c01debf20a16511452d245ba726623a739002c3cd42484a314024b98fe0c4e4f,MITDB_P232,232,1795000000,2,20260929,1,0.04255829006433487,0.5106379389762878,15,V2-002-F02-S20260929,4417c6668930e37bc9f0b71ff70d7ff9762182381c6fc54ae10e2b9c9d229143,MODEL_V1_CV_REFERENCE_V1
c01f4e8eceb50da6a8c0bfd7af651ff67bd255f0f00eae15d0ad56f18659e268,MITDB_P215,215,135000000,2,20260929,1,-1.788874626159668,0.1432107537984848,15,V2-002-F02-S20260929,4417c6668930e37bc9f0b71ff70d7ff9762182381c6fc54ae10e2b9c9d229143,MODEL_V1_CV_REFERENCE_V1
c028518350047e31d5f8e601f972e09ff964ccd0a740024e096916cafe6053b3,MITDB_P220,220,630000000,2,20260929,1,1.7611397504806519,0.8533523678779602,15,V2-002-F02-S20260929,4417c6668930e37bc9f0b71ff70d7ff9762182381c6fc54ae10e2b9c9d229143,MODEL_V1_CV_REFERENCE_V1
c03d56badb1a48d42e1e92e245bbe7ffc4bca0d60e774b2ca98dbadaf536321c,MITDB_P215,215,1045000000,2,20260929,1,-1.9075120687484741,0.1292606145143509,15,V2-002-F02-S20260929,4417c6668930e37bc9f0b71ff70d7ff9762182381c6fc54ae10e2b9c9d229143,MODEL_V1_CV_REFERENCE_V1
c04f88e2d512c7a9eecd098c58f4805a255341c18e2708632e02a3524fd670c3,MITDB_P111,111,555000000,2,20260929,0,-2.0184812545776367,0.11727611720561981,15,V2-002-F02-S20260929,4417c6668930e37bc9f0b71ff70d7ff9762182381c6fc54ae10e2b9c9d229143,MODEL_V1_CV_REFERENCE_V1
c0580ccdd6f76d211c0ef23dadda1b270f7f5b9383075ba4014c85b536ab9897,MITDB_P111,111,160000000,2,20260929,0,-1.2865214347839355,0.21644218266010284,15,V2-002-F02-S20260929,4417c6668930e37bc9f0b71ff70d7ff9762182381c6fc54ae10e2b9c9d229143,MODEL_V1_CV_REFERENCE_V1
c0832b323db180e81195cec4261f37b0fd9075dd343517373ffd69842e32e03f,MITDB_P215,215,1590000000,2,20260929,0,-4.744519233703613,0.008624219335615635,15,V2-002-F02-S20260929,4417c6668930e37bc9f0b71ff70d7ff9762182381c6fc54ae10e2b9c9d229143,MODEL_V1_CV_REFERENCE_V1
c097343252bc6911e8e41f54c9d6b7c6e5446e13b5dbda1286752722f19a5653,MITDB_P220,220,310000000,2,20260929,0,1.7788716554641724,0.8555575013160706,15,V2-002-F02-S20260929,4417c6668930e37bc9f0b71ff70d7ff9762182381c6fc54ae10e2b9c9d229143,MODEL_V1_CV_REFERENCE_V1
c0ba306e61aa6f6f33e76d842cbbc932465b853b4e09e5f3f1a374edd282a830,MITDB_P232,232,1780000000,2,20260929,1,-0.06369955092668533,0.4840805232524872,15,V2-002-F02-S20260929,4417c6668930e37bc9f0b71ff70d7ff9762182381c6fc54ae10e2b9c9d229143,MODEL_V1_CV_REFERENCE_V1
c0f24587c8c45a5d26f5b74aeec5ab16a795f278c4bf29f9c6fea854929fa562,MITDB_P111,111,1125000000,2,20260929,0,-2.8418359756469727,0.05510486289858818,15,V2-002-F02-S20260929,4417c6668930e37bc9f0b71ff70d7ff9762182381c6fc54ae10e2b9c9d229143,MODEL_V1_CV_REFERENCE_V1
c12ff9800c016377b07b0ba55fc180a34cfbdf40e9095e70113579cdb0c08b1a,MITDB_P232,232,1200000000,2,20260929,1,0.5981476902961731,0.6452324390411377,15,V2-002-F02-S20260929,4417c6668930e37bc9f0b71ff70d7ff9762182381c6fc54ae10e2b9c9d229143,MODEL_V1_CV_REFERENCE_V1
c137401dcd7239991e65b3d402a27b4be2c1c4f8e316449aa5958e170d0baa82,MITDB_P111,111,1140000000,2,20260929,0,-2.117722749710083,0.10738615691661835,15,V2-002-F02-S20260929,4417c6668930e37bc9f0b71ff70d7ff9762182381c6fc54ae10e2b9c9d229143,MODEL_V1_CV_REFERENCE_V1
c16c5c57a6ddff869df8b6c19c6f00937ff5e65bfcd34c512599a5bba31d01b1,MITDB_P111,111,790000000,2,20260929,0,-0.515899121761322,0.37381166219711304,15,V2-002-F02-S20260929,4417c6668930e37bc9f0b71ff70d7ff9762182381c6fc54ae10e2b9c9d229143,MODEL_V1_CV_REFERENCE_V1
c22fe29456e68c6cccda790d8bf61def5f95c87b398a4377d667a2b360d310bf,MITDB_P111,111,1510000000,2,20260929,0,-2.3370110988616943,0.0881037563085556,15,V2-002-F02-S20260929,4417c6668930e37bc9f0b71ff70d7ff9762182381c6fc54ae10e2b9c9d229143,MODEL_V1_CV_REFERENCE_V1
c23003937362c05fdcfc025ace94f53788be31c5c2f2304c075d155f064994e2,MITDB_P232,232,815000000,2,20260929,1,0.6128895878791809,0.6485996842384338,15,V2-002-F02-S20260929,4417c6668930e37bc9f0b71ff70d7ff9762182381c6fc54ae10e2b9c9d229143,MODEL_V1_CV_REFERENCE_V1
c27628ab0ae1801b9b2544b07987e6dbe3760c8823cf83f67cd70a80910f0eab,MITDB_P113,113,840000000,2,20260929,0,1.8790719509124756,0.8675044775009155,15,V2-002-F02-S20260929,4417c6668930e37bc9f0b71ff70d7ff9762182381c6fc54ae10e2b9c9d229143,MODEL_V1_CV_REFERENCE_V1
c29b0eee59a74653236bda5387ab07892f1f2d706352d311275b0074f37f6457,MITDB_P215,215,130000000,2,20260929,1,-2.036290407180786,0.11544500291347504,15,V2-002-F02-S20260929,4417c6668930e37bc9f0b71ff70d7ff9762182381c6fc54ae10e2b9c9d229143,MODEL_V1_CV_REFERENCE_V1
c2a9053bfb165515fd17db9636adbc8e13e663903358eb153abf6f88355c50aa,MITDB_P113,113,1235000000,2,20260929,0,0.7924794554710388,0.6883634924888611,15,V2-002-F02-S20260929,4417c6668930e37bc9f0b71ff70d7ff9762182381c6fc54ae10e2b9c9d229143,MODEL_V1_CV_REFERENCE_V1
c2c3c6608eda845ade11a12e196915e8ab2dbc7b9924cbd27a11eb3351670b8d,MITDB_P215,215,410000000,2,20260929,1,0.37486499547958374,0.5926340222358704,15,V2-002-F02-S20260929,4417c6668930e37bc9f0b71ff70d7ff9762182381c6fc54ae10e2b9c9d229143,MODEL_V1_CV_REFERENCE_V1
c2d38c71b2a1381a33b93bb06b91f11d6efe84e9ddfded0a0dd6b6f9c8a9d10f,MITDB_P113,113,1715000000,2,20260929,0,0.7517700791358948,0.6795642971992493,15,V2-002-F02-S20260929,4417c6668930e37bc9f0b71ff70d7ff9762182381c6fc54ae10e2b9c9d229143,MODEL_V1_CV_REFERENCE_V1
c2dd202fc6d4ee8a799133f18d046d826a1f933fd69e03c5fd9c8f3176aff757,MITDB_P232,232,150000000,2,20260929,1,0.42906540632247925,0.6056504845619202,15,V2-002-F02-S20260929,4417c6668930e37bc9f0b71ff70d7ff9762182381c6fc54ae10e2b9c9d229143,MODEL_V1_CV_REFERENCE_V1
c3113a2dfac834ff702e52cb80cf0470d95ac3fb27ad9e67a7fcf412fe09ad0d,MITDB_P232,232,1075000000,2,20260929,1,0.4706599712371826,0.6155399680137634,15,V2-002-F02-S20260929,4417c6668930e37bc9f0b71ff70d7ff9762182381c6fc54ae10e2b9c9d229143,MODEL_V1_CV_REFERENCE_V1
c32bc29e73a64b4ba1b4072c1626e6969673eb678a56b3982378d0418437c9b6,MITDB_P232,232,880000000,2,20260929,1,0.26220184564590454,0.5651774406433105,15,V2-002-F02-S20260929,4417c6668930e37bc9f0b71ff70d7ff9762182381c6fc54ae10e2b9c9d229143,MODEL_V1_CV_REFERENCE_V1
c334e48c997c67a8c74f70d5da47768bef5bb0b7f497ee5851651155e80033bd,MITDB_P232,232,460000000,2,20260929,1,0.05303411930799484,0.5132554173469543,15,V2-002-F02-S20260929,4417c6668930e37bc9f0b71ff70d7ff9762182381c6fc54ae10e2b9c9d229143,MODEL_V1_CV_REFERENCE_V1
c338ab215c0320a12c14092ed599d5d158c6df9b7b6d00de6a8ec58462250c0f,MITDB_P220,220,565000000,2,20260929,1,2.193850517272949,0.899695873260498,15,V2-002-F02-S20260929,4417c6668930e37bc9f0b71ff70d7ff9762182381c6fc54ae10e2b9c9d229143,MODEL_V1_CV_REFERENCE_V1
c33fa0f1209a16e3b0484366ad197ea88f7b78f5af89a9431438b0ac8b5e4c00,MITDB_P113,113,1390000000,2,20260929,0,1.5922752618789673,0.8309360146522522,15,V2-002-F02-S20260929,4417c6668930e37bc9f0b71ff70d7ff9762182381c6fc54ae10e2b9c9d229143,MODEL_V1_CV_REFERENCE_V1
c414364337631f2b69ec01f03d0d076b6ec0bf7a38d9660133a340fd182d8a25,MITDB_P215,215,615000000,2,20260929,1,-0.8381929993629456,0.3019154965877533,15,V2-002-F02-S20260929,4417c6668930e37bc9f0b71ff70d7ff9762182381c6fc54ae10e2b9c9d229143,MODEL_V1_CV_REFERENCE_V1
c46b365337bcf80f64401ae83b3409f1dcbdc11f19957243b4880e310eb26e8b,MITDB_P113,113,1115000000,2,20260929,0,1.4393140077590942,0.8083484172821045,15,V2-002-F02-S20260929,4417c6668930e37bc9f0b71ff70d7ff9762182381c6fc54ae10e2b9c9d229143,MODEL_V1_CV_REFERENCE_V1
c46c1c8fd96d89c3a266ca7275b6db030bc46e99edc59cdfacc81f8f79adc064,MITDB_P215,215,840000000,2,20260929,1,-2.131455659866333,0.10607688128948212,15,V2-002-F02-S20260929,4417c6668930e37bc9f0b71ff70d7ff9762182381c6fc54ae10e2b9c9d229143,MODEL_V1_CV_REFERENCE_V1
c482ba3203af91af58e1cfc4a73f3f1c1097a0b61d3f463cb6e6f164e7049158,MITDB_P232,232,1375000000,2,20260929,1,0.4006955325603485,0.5988547801971436,15,V2-002-F02-S20260929,4417c6668930e37bc9f0b71ff70d7ff9762182381c6fc54ae10e2b9c9d229143,MODEL_V1_CV_REFERENCE_V1
c4a331fd73988e6e1b4a7e06769df43e555ab6ff8b44065a145cc7f6b55818ad,MITDB_P111,111,590000000,2,20260929,0,-0.7815845012664795,0.31397849321365356,15,V2-002-F02-S20260929,4417c6668930e37bc9f0b71ff70d7ff9762182381c6fc54ae10e2b9c9d229143,MODEL_V1_CV_REFERENCE_V1
c4d1b74f623a54c70fbe58f8af163a5c57910699012aafd22fd1f800238fad44,MITDB_P111,111,1130000000,2,20260929,0,-2.6055374145507812,0.06878289580345154,15,V2-002-F02-S20260929,4417c6668930e37bc9f0b71ff70d7ff9762182381c6fc54ae10e2b9c9d229143,MODEL_V1_CV_REFERENCE_V1
c541fafe40313c05a2ff94bd2a800257de64a909155b6ce59c976ccde0ce5444,MITDB_P232,232,375000000,2,20260929,1,0.5227209329605103,0.6277838349342346,15,V2-002-F02-S20260929,4417c6668930e37bc9f0b71ff70d7ff9762182381c6fc54ae10e2b9c9d229143,MODEL_V1_CV_REFERENCE_V1
c54f644e706572448326da9b7bd666e695cae6c6d18884659c541cca996691b3,MITDB_P113,113,420000000,2,20260929,0,1.6157245635986328,0.8342046737670898,15,V2-002-F02-S20260929,4417c6668930e37bc9f0b71ff70d7ff9762182381c6fc54ae10e2b9c9d229143,MODEL_V1_CV_REFERENCE_V1
c5563e9bbdf612da2aa2ea290a033ef5ce13651fde75035961a4fa235a2df272,MITDB_P215,215,1145000000,2,20260929,1,-4.0243964195251465,0.017560333013534546,15,V2-002-F02-S20260929,4417c6668930e37bc9f0b71ff70d7ff9762182381c6fc54ae10e2b9c9d229143,MODEL_V1_CV_REFERENCE_V1
c5806f77eeb4d60eea91d9ce0f23f058b06a5943e8610cdd954c819a28cd3ba5,MITDB_P220,220,365000000,2,20260929,0,1.7787070274353027,0.8555371165275574,15,V2-002-F02-S20260929,4417c6668930e37bc9f0b71ff70d7ff9762182381c6fc54ae10e2b9c9d229143,MODEL_V1_CV_REFERENCE_V1
c5d85919c605fe223564fd4549505b6a1c57cb9358d6bb059e5cfebdbea1f36d,MITDB_P215,215,110000000,2,20260929,1,-0.2952912151813507,0.42670899629592896,15,V2-002-F02-S20260929,4417c6668930e37bc9f0b71ff70d7ff9762182381c6fc54ae10e2b9c9d229143,MODEL_V1_CV_REFERENCE_V1
c5e55baac534b3b348766875ce726ab62f447e288b0c461eeff61f69248ef453,MITDB_P111,111,1305000000,2,20260929,0,-2.105051040649414,0.10860686004161835,15,V2-002-F02-S20260929,4417c6668930e37bc9f0b71ff70d7ff9762182381c6fc54ae10e2b9c9d229143,MODEL_V1_CV_REFERENCE_V1
c5ef3673def661f88f9ba4b488917a0dc5f40ae8b60ecac81d2bdcd1d8265c3d,MITDB_P113,113,1410000000,2,20260929,0,1.2431119680404663,0.7761052250862122,15,V2-002-F02-S20260929,4417c6668930e37bc9f0b71ff70d7ff9762182381c6fc54ae10e2b9c9d229143,MODEL_V1_CV_REFERENCE_V1
c651b953f13b5fcc914260c15a94784d6622d94be6df8e557bcfb118a164add0,MITDB_P232,232,135000000,2,20260929,1,0.3731290400028229,0.592214822769165,15,V2-002-F02-S20260929,4417c6668930e37bc9f0b71ff70d7ff9762182381c6fc54ae10e2b9c9d229143,MODEL_V1_CV_REFERENCE_V1
c66625b876c5ed3e103f3db1f402be4b32c213becfb7201606d1c615d614c64a,MITDB_P111,111,835000000,2,20260929,0,-1.6232575178146362,0.16475610435009003,15,V2-002-F02-S20260929,4417c6668930e37bc9f0b71ff70d7ff9762182381c6fc54ae10e2b9c9d229143,MODEL_V1_CV_REFERENCE_V1
c68eefae634bcc24f1109c544704d9ac55cac13f8e0e864c4acda35fcedb5559,MITDB_P232,232,1350000000,2,20260929,1,-0.18309932947158813,0.45435261726379395,15,V2-002-F02-S20260929,4417c6668930e37bc9f0b71ff70d7ff9762182381c6fc54ae10e2b9c9d229143,MODEL_V1_CV_REFERENCE_V1
c695e7796eb49bdbb7c66f9cd5249a8b58e9bb8e1f15aad536b2d9611a67e205,MITDB_P215,215,665000000,2,20260929,1,-3.0183300971984863,0.046604614704847336,15,V2-002-F02-S20260929,4417c6668930e37bc9f0b71ff70d7ff9762182381c6fc54ae10e2b9c9d229143,MODEL_V1_CV_REFERENCE_V1
c6a31721c9f6b5239c0251ef7697b42c0567da0719ac18fe0aca69ca09a9fca9,MITDB_P113,113,905000000,2,20260929,0,0.8938633799552917,0.709686815738678,15,V2-002-F02-S20260929,4417c6668930e37bc9f0b71ff70d7ff9762182381c6fc54ae10e2b9c9d229143,MODEL_V1_CV_REFERENCE_V1
c6cd2cf3a24540fd3f62414d6014a3e35994ecf3a4f4cd3bfdeb306239434e28,MITDB_P113,113,870000000,2,20260929,0,1.5401676893234253,0.8234890699386597,15,V2-002-F02-S20260929,4417c6668930e37bc9f0b71ff70d7ff9762182381c6fc54ae10e2b9c9d229143,MODEL_V1_CV_REFERENCE_V1
c6d735400d6e7a84c1783e63e16c37cbefe4bbdaa5cd00479aae1b1066fd6a65,MITDB_P215,215,1565000000,2,20260929,1,-4.910239219665527,0.00731679517775774,15,V2-002-F02-S20260929,4417c6668930e37bc9f0b71ff70d7ff9762182381c6fc54ae10e2b9c9d229143,MODEL_V1_CV_REFERENCE_V1
c6d8caf212bdcba98e8d0c3bb71ab1676fc7ec957ae767def416e31540b449c6,MITDB_P232,232,1090000000,2,20260929,1,0.8622578978538513,0.703132152557373,15,V2-002-F02-S20260929,4417c6668930e37bc9f0b71ff70d7ff9762182381c6fc54ae10e2b9c9d229143,MODEL_V1_CV_REFERENCE_V1
c721e56deb6bbd02332be92e2198add4c0bb38b0454d3aeed88d349ed6da2e90,MITDB_P111,111,890000000,2,20260929,0,0.2850290834903717,0.5707787275314331,15,V2-002-F02-S20260929,4417c6668930e37bc9f0b71ff70d7ff9762182381c6fc54ae10e2b9c9d229143,MODEL_V1_CV_REFERENCE_V1
c72c0fe040207411d56b858820ed2fad59ead55784b30569803b45c4c8f52d14,MITDB_P215,215,1430000000,2,20260929,0,-4.504072666168213,0.010942775756120682,15,V2-002-F02-S20260929,4417c6668930e37bc9f0b71ff70d7ff9762182381c6fc54ae10e2b9c9d229143,MODEL_V1_CV_REFERENCE_V1
c72c874b0ea4a85537571b29926a64054250b76f211ba2c7700e632ef2d011c4,MITDB_P215,215,440000000,2,20260929,1,-0.9367024302482605,0.28156691789627075,15,V2-002-F02-S20260929,4417c6668930e37bc9f0b71ff70d7ff9762182381c6fc54ae10e2b9c9d229143,MODEL_V1_CV_REFERENCE_V1
c7645fe2678236adf3f2822bb4c3416313dca6d10d2db4aa88b2e8df280f8365,MITDB_P215,215,225000000,2,20260929,0,-3.2706527709960938,0.03659180924296379,15,V2-002-F02-S20260929,4417c6668930e37bc9f0b71ff70d7ff9762182381c6fc54ae10e2b9c9d229143,MODEL_V1_CV_REFERENCE_V1
c778ede00062846f9111c214aa7b271693b3344e5a75c8a6a46fb612ca810358,MITDB_P215,215,1050000000,2,20260929,0,-3.9758615493774414,0.018417557701468468,15,V2-002-F02-S20260929,4417c6668930e37bc9f0b71ff70d7ff9762182381c6fc54ae10e2b9c9d229143,MODEL_V1_CV_REFERENCE_V1
c796f01f0013b7235281a813092f0006b0fb73e987eca9309f5d6cfd2be0fa12,MITDB_P232,232,1165000000,2,20260929,1,1.13913094997406,0.7575200200080872,15,V2-002-F02-S20260929,4417c6668930e37bc9f0b71ff70d7ff9762182381c6fc54ae10e2b9c9d229143,MODEL_V1_CV_REFERENCE_V1
c7ca4a46139fd02f9af09403a2b3aa27ab395e0f9753a5a9af669970b535e838,MITDB_P220,220,70000000,2,20260929,0,1.6112186908721924,0.833580493927002,15,V2-002-F02-S20260929,4417c6668930e37bc9f0b71ff70d7ff9762182381c6fc54ae10e2b9c9d229143,MODEL_V1_CV_REFERENCE_V1
c7e7ff4a9f493df605005221dc3f041878c951e366365059ae5af91bfabd49a7,MITDB_P232,232,720000000,2,20260929,1,1.0074787139892578,0.7325264811515808,15,V2-002-F02-S20260929,4417c6668930e37bc9f0b71ff70d7ff9762182381c6fc54ae10e2b9c9d229143,MODEL_V1_CV_REFERENCE_V1
c7f01eb10ab644304b9e2689fe56ab6a359147c6c4dfbc23580ab94b22f29608,MITDB_P113,113,935000000,2,20260929,0,1.298289179801941,0.7855468988418579,15,V2-002-F02-S20260929,4417c6668930e37bc9f0b71ff70d7ff9762182381c6fc54ae10e2b9c9d229143,MODEL_V1_CV_REFERENCE_V1
c80b056400621f15542ccf166d0c54840aeef59d884f5fb7fd1f3877e77e2c54,MITDB_P232,232,1175000000,2,20260929,1,0.8273645043373108,0.695797324180603,15,V2-002-F02-S20260929,4417c6668930e37bc9f0b71ff70d7ff9762182381c6fc54ae10e2b9c9d229143,MODEL_V1_CV_REFERENCE_V1
c8671736ec2d4b800cf2b2297e14b7688d2d1772cdc512240092b98e620d2572,MITDB_P232,232,1310000000,2,20260929,1,0.1979576051235199,0.5493283867835999,15,V2-002-F02-S20260929,4417c6668930e37bc9f0b71ff70d7ff9762182381c6fc54ae10e2b9c9d229143,MODEL_V1_CV_REFERENCE_V1
c871bdd4d96b8284af1f89706dbf781804fb2e4b8c7d93387cff6bdf8db59029,MITDB_P111,111,500000000,2,20260929,0,-1.0688501596450806,0.2556218206882477,15,V2-002-F02-S20260929,4417c6668930e37bc9f0b71ff70d7ff9762182381c6fc54ae10e2b9c9d229143,MODEL_V1_CV_REFERENCE_V1
c885e5ce1b851738fd3ae6279848ba4139c392c59dd30c129480693743102ebb,MITDB_P220,220,1770000000,2,20260929,1,1.3912914991378784,0.8007983565330505,15,V2-002-F02-S20260929,4417c6668930e37bc9f0b71ff70d7ff9762182381c6fc54ae10e2b9c9d229143,MODEL_V1_CV_REFERENCE_V1
c8d9fad4afa746b717246823bddbc3d39f0496e60608621c14950a9e7aac0847,MITDB_P111,111,1155000000,2,20260929,0,-1.776768684387207,0.14470259845256805,15,V2-002-F02-S20260929,4417c6668930e37bc9f0b71ff70d7ff9762182381c6fc54ae10e2b9c9d229143,MODEL_V1_CV_REFERENCE_V1
c8fd2f1cf86429b25aae87a1bef8f16c3cd787f174b5237f9419fc9b05997892,MITDB_P111,111,515000000,2,20260929,0,-0.3751256763935089,0.4073030352592468,15,V2-002-F02-S20260929,4417c6668930e37bc9f0b71ff70d7ff9762182381c6fc54ae10e2b9c9d229143,MODEL_V1_CV_REFERENCE_V1
c906779b2eded735a084ed5b5f036b42a95cf9c2bd42bc77d3a716e3e95b551c,MITDB_P215,215,260000000,2,20260929,0,-2.9295363426208496,0.050712645053863525,15,V2-002-F02-S20260929,4417c6668930e37bc9f0b71ff70d7ff9762182381c6fc54ae10e2b9c9d229143,MODEL_V1_CV_REFERENCE_V1
c92811193fc89477a6d9863b0af2ab771495b0ddf341fbace2ae3b2390052c12,MITDB_P215,215,1125000000,2,20260929,1,-3.3358137607574463,0.03436279296875,15,V2-002-F02-S20260929,4417c6668930e37bc9f0b71ff70d7ff9762182381c6fc54ae10e2b9c9d229143,MODEL_V1_CV_REFERENCE_V1
c9321a242f3c809569ee3f6563d04fbc75b83bc299bd6220c9308fdad81eaca3,MITDB_P220,220,1390000000,2,20260929,0,1.614209532737732,0.8339950442314148,15,V2-002-F02-S20260929,4417c6668930e37bc9f0b71ff70d7ff9762182381c6fc54ae10e2b9c9d229143,MODEL_V1_CV_REFERENCE_V1
c97c4775dcbb8e0c3e33057a9fa7c10e36cce2b39cad5133a43bd75219e5ee9c,MITDB_P232,232,335000000,2,20260929,1,0.5787398219108582,0.6407774090766907,15,V2-002-F02-S20260929,4417c6668930e37bc9f0b71ff70d7ff9762182381c6fc54ae10e2b9c9d229143,MODEL_V1_CV_REFERENCE_V1
c9961ad887ac389c8aeca9a5164bd54ba4b09482125febaa3eff3ca298f8a61c,MITDB_P232,232,1580000000,2,20260929,1,0.17742285132408142,0.5442396998405457,15,V2-002-F02-S20260929,4417c6668930e37bc9f0b71ff70d7ff9762182381c6fc54ae10e2b9c9d229143,MODEL_V1_CV_REFERENCE_V1
c9a6f14eecc3c290cf43997ade94ee9f2f97e586c2c2aa2ef86847da397b7e8b,MITDB_P215,215,1055000000,2,20260929,1,-1.3457679748535156,0.20656313002109528,15,V2-002-F02-S20260929,4417c6668930e37bc9f0b71ff70d7ff9762182381c6fc54ae10e2b9c9d229143,MODEL_V1_CV_REFERENCE_V1
c9b1f28b597aa5fc3df2c9dfd8aec2a660fd7926b8ff380e93339e6c796ecf47,MITDB_P111,111,80000000,2,20260929,0,-2.342176914215088,0.087689608335495,15,V2-002-F02-S20260929,4417c6668930e37bc9f0b71ff70d7ff9762182381c6fc54ae10e2b9c9d229143,MODEL_V1_CV_REFERENCE_V1
c9d83061a9ce389fc7a97c8b3a46f349eeb2ed2469711a76991e0e286c66e263,MITDB_P215,215,1035000000,2,20260929,1,-1.5697829723358154,0.17224733531475067,15,V2-002-F02-S20260929,4417c6668930e37bc9f0b71ff70d7ff9762182381c6fc54ae10e2b9c9d229143,MODEL_V1_CV_REFERENCE_V1
c9ee25f1a1c347a34042ffdf0dd3b7b9c89669db078a9947c399b7e81b2a1068,MITDB_P111,111,560000000,2,20260929,0,-1.7561073303222656,0.1472785323858261,15,V2-002-F02-S20260929,4417c6668930e37bc9f0b71ff70d7ff9762182381c6fc54ae10e2b9c9d229143,MODEL_V1_CV_REFERENCE_V1
ca0392f3654b5e3dba12f1885a4a2fa6b0bafee1f664790ecd51e155ad8477da,MITDB_P232,232,1395000000,2,20260929,1,-0.030286617577075958,0.4924289584159851,15,V2-002-F02-S20260929,4417c6668930e37bc9f0b71ff70d7ff9762182381c6fc54ae10e2b9c9d229143,MODEL_V1_CV_REFERENCE_V1
ca0e26e905b3111469a3b7211c8491c7f2872f2c265d436bfcc868edf47f8070,MITDB_P215,215,700000000,2,20260929,0,-4.766174793243408,0.008441023528575897,15,V2-002-F02-S20260929,4417c6668930e37bc9f0b71ff70d7ff9762182381c6fc54ae10e2b9c9d229143,MODEL_V1_CV_REFERENCE_V1
ca1fa4e299dbe7472bdbdad7c988ba25358d093c683395d4c5dc31238ca4ad3e,MITDB_P220,220,745000000,2,20260929,0,2.078043222427368,0.8887507319450378,15,V2-002-F02-S20260929,4417c6668930e37bc9f0b71ff70d7ff9762182381c6fc54ae10e2b9c9d229143,MODEL_V1_CV_REFERENCE_V1
ca25533a1cfe6274efe8f5fdd6ff8ae8049a48e65d023bfbcaa0d653651cc54d,MITDB_P113,113,1130000000,2,20260929,0,1.6793408393859863,0.8428172469139099,15,V2-002-F02-S20260929,4417c6668930e37bc9f0b71ff70d7ff9762182381c6fc54ae10e2b9c9d229143,MODEL_V1_CV_REFERENCE_V1
ca62d5e90fa607c389d35ee91d887e91fac69e3e23a263f5987c21c5a6640ea1,MITDB_P215,215,675000000,2,20260929,1,-0.8485490679740906,0.2997373044490814,15,V2-002-F02-S20260929,4417c6668930e37bc9f0b71ff70d7ff9762182381c6fc54ae10e2b9c9d229143,MODEL_V1_CV_REFERENCE_V1
ca8004fbad38ef2154219468a13f188bf31a0d83cd6e3adebe6991912a57d500,MITDB_P111,111,1720000000,2,20260929,0,-1.5345239639282227,0.17733272910118103,15,V2-002-F02-S20260929,4417c6668930e37bc9f0b71ff70d7ff9762182381c6fc54ae10e2b9c9d229143,MODEL_V1_CV_REFERENCE_V1
ca86a25aa6be0bfcf96d81fad59be18288de3f47e920414ba4294bed51bcc830,MITDB_P215,215,1780000000,2,20260929,1,-0.051651544868946075,0.48708996176719666,15,V2-002-F02-S20260929,4417c6668930e37bc9f0b71ff70d7ff9762182381c6fc54ae10e2b9c9d229143,MODEL_V1_CV_REFERENCE_V1
cac6e5902610374d8b3668e54372206e88cdbe664a7d83948f6a78a93ea2a3e0,MITDB_P232,232,1730000000,2,20260929,1,-0.17095226049423218,0.4573656916618347,15,V2-002-F02-S20260929,4417c6668930e37bc9f0b71ff70d7ff9762182381c6fc54ae10e2b9c9d229143,MODEL_V1_CV_REFERENCE_V1
cb24852434e13ce36a3c251c10427e89d47a2f5f10b239d958c4b9182d4ce452,MITDB_P220,220,1765000000,2,20260929,0,1.4090683460235596,0.8036189675331116,15,V2-002-F02-S20260929,4417c6668930e37bc9f0b71ff70d7ff9762182381c6fc54ae10e2b9c9d229143,MODEL_V1_CV_REFERENCE_V1
cb63c2ea1b5a7bef0753a48388dded2a51bea216988e2943c706707c1bb3f02a,MITDB_P113,113,325000000,2,20260929,0,1.9795958995819092,0.8786380887031555,15,V2-002-F02-S20260929,4417c6668930e37bc9f0b71ff70d7ff9762182381c6fc54ae10e2b9c9d229143,MODEL_V1_CV_REFERENCE_V1
cb7d721f92edf3853217dabf8323b49c85a25e3e7d7ea7e2f0d595f869247c5e,MITDB_P220,220,905000000,2,20260929,0,2.1668179035186768,0.8972299098968506,15,V2-002-F02-S20260929,4417c6668930e37bc9f0b71ff70d7ff9762182381c6fc54ae10e2b9c9d229143,MODEL_V1_CV_REFERENCE_V1
cba6a73eae0d78195aa7ab88cf49f56e51b2ebe27ad502c68f2f6c4a5530800a,MITDB_P220,220,1100000000,2,20260929,1,2.335294723510742,0.9117582440376282,15,V2-002-F02-S20260929,4417c6668930e37bc9f0b71ff70d7ff9762182381c6fc54ae10e2b9c9d229143,MODEL_V1_CV_REFERENCE_V1
cbf46f56b6703410ea7ea9a1aaa62772ac893840f24c52db6fb744a276868594,MITDB_P113,113,655000000,2,20260929,0,1.77268648147583,0.8547914624214172,15,V2-002-F02-S20260929,4417c6668930e37bc9f0b71ff70d7ff9762182381c6fc54ae10e2b9c9d229143,MODEL_V1_CV_REFERENCE_V1
cbf83a82e9f0111af6127005ec1358bbc8af63595aa1d85570ce1166bc37ac8f,MITDB_P111,111,1705000000,2,20260929,0,-1.1083003282546997,0.24818789958953857,15,V2-002-F02-S20260929,4417c6668930e37bc9f0b71ff70d7ff9762182381c6fc54ae10e2b9c9d229143,MODEL_V1_CV_REFERENCE_V1
cc03eaf5f825ead201cb476832b81779f802caac5ecd0a64ad76b35dfe629567,MITDB_P232,232,25000000,2,20260929,1,0.629041314125061,0.6522720456123352,15,V2-002-F02-S20260929,4417c6668930e37bc9f0b71ff70d7ff9762182381c6fc54ae10e2b9c9d229143,MODEL_V1_CV_REFERENCE_V1
cc0daa3d7fa643c5a6b14d3e4f1790d5baa1e3dd8d2a5ea1ef19002997732e97,MITDB_P232,232,1140000000,2,20260929,1,0.08492844551801682,0.5212193727493286,15,V2-002-F02-S20260929,4417c6668930e37bc9f0b71ff70d7ff9762182381c6fc54ae10e2b9c9d229143,MODEL_V1_CV_REFERENCE_V1
cc261d867fc79c4d5128b724a361056e3cb7bcfc97fedacd5a10169895d2e5e1,MITDB_P111,111,570000000,2,20260929,0,-1.898149847984314,0.13031801581382751,15,V2-002-F02-S20260929,4417c6668930e37bc9f0b71ff70d7ff9762182381c6fc54ae10e2b9c9d229143,MODEL_V1_CV_REFERENCE_V1
cc395084b872a3a97b7d97aa6d3aca5129a17c2924e0a7b49cce8abf20bb0706,MITDB_P113,113,250000000,2,20260929,0,1.9255023002624512,0.8727507591247559,15,V2-002-F02-S20260929,4417c6668930e37bc9f0b71ff70d7ff9762182381c6fc54ae10e2b9c9d229143,MODEL_V1_CV_REFERENCE_V1
cc5524900fb49f51a5d892b4768c3f62738810fd073fd1e512705a131827ea7b,MITDB_P232,232,1685000000,2,20260929,1,0.07249765843153,0.5181164741516113,15,V2-002-F02-S20260929,4417c6668930e37bc9f0b71ff70d7ff9762182381c6fc54ae10e2b9c9d229143,MODEL_V1_CV_REFERENCE_V1
cc5cd72c25d7c46ad63c221905d3e950bf2351c04a622174621f9b0e0459e0f8,MITDB_P215,215,1250000000,2,20260929,1,-2.1711912155151367,0.10236752033233643,15,V2-002-F02-S20260929,4417c6668930e37bc9f0b71ff70d7ff9762182381c6fc54ae10e2b9c9d229143,MODEL_V1_CV_REFERENCE_V1
cc88cc00e24d86b6c345fc1aa287fe2c2e60440b024997526b6ba1c5a878a81b,MITDB_P111,111,1010000000,2,20260929,0,-3.3088252544403076,0.03526967018842697,15,V2-002-F02-S20260929,4417c6668930e37bc9f0b71ff70d7ff9762182381c6fc54ae10e2b9c9d229143,MODEL_V1_CV_REFERENCE_V1
cc8ccc9d4cc08055dc95386ccc54882f61b520773e06c0a2b1203297ca64204c,MITDB_P111,111,1555000000,2,20260929,0,-2.9942400455474854,0.04768676683306694,15,V2-002-F02-S20260929,4417c6668930e37bc9f0b71ff70d7ff9762182381c6fc54ae10e2b9c9d229143,MODEL_V1_CV_REFERENCE_V1
cd0dea7a922711608015bffcecebb02f957a68f561f4c628756d1d726bb08b07,MITDB_P232,232,760000000,2,20260929,1,0.6638969779014587,0.6601352691650391,15,V2-002-F02-S20260929,4417c6668930e37bc9f0b71ff70d7ff9762182381c6fc54ae10e2b9c9d229143,MODEL_V1_CV_REFERENCE_V1
cd20775a2ac916ac132bae0e6cfeea9493406f7147dd3afdab7040f9b7c741b5,MITDB_P111,111,1415000000,2,20260929,0,-2.1513404846191406,0.10420603305101395,15,V2-002-F02-S20260929,4417c6668930e37bc9f0b71ff70d7ff9762182381c6fc54ae10e2b9c9d229143,MODEL_V1_CV_REFERENCE_V1
cd4d9cc8e61f2116fba0c89f5a1aa469ed6f01396504716a500f57a0b9361259,MITDB_P220,220,995000000,2,20260929,0,2.142366409301758,0.8949532508850098,15,V2-002-F02-S20260929,4417c6668930e37bc9f0b71ff70d7ff9762182381c6fc54ae10e2b9c9d229143,MODEL_V1_CV_REFERENCE_V1
cd57a68d66449f0d52c5fb60f08ed938f6d4eb3a07c18695d0cded03d2d8df6d,MITDB_P215,215,205000000,2,20260929,1,-0.07807833701372147,0.4804903566837311,15,V2-002-F02-S20260929,4417c6668930e37bc9f0b71ff70d7ff9762182381c6fc54ae10e2b9c9d229143,MODEL_V1_CV_REFERENCE_V1
cd7724d50a68bf6854b0079c5347664a88d23457bbcea5499f9dd74710d51e82,MITDB_P111,111,1460000000,2,20260929,0,-2.227377414703369,0.09731879085302353,15,V2-002-F02-S20260929,4417c6668930e37bc9f0b71ff70d7ff9762182381c6fc54ae10e2b9c9d229143,MODEL_V1_CV_REFERENCE_V1
cd86cd479e260ef6c78f43b5699d14468578d9ab1b4d7fc02304e2dbd039ed2f,MITDB_P220,220,1495000000,2,20260929,1,1.922751784324646,0.8724449872970581,15,V2-002-F02-S20260929,4417c6668930e37bc9f0b71ff70d7ff9762182381c6fc54ae10e2b9c9d229143,MODEL_V1_CV_REFERENCE_V1
cdd53971599ddc08d7410a7da29aecdf78827aa4e57799d16424aa5cfc129b04,MITDB_P232,232,1160000000,2,20260929,1,0.7896684408187866,0.6877601742744446,15,V2-002-F02-S20260929,4417c6668930e37bc9f0b71ff70d7ff9762182381c6fc54ae10e2b9c9d229143,MODEL_V1_CV_REFERENCE_V1
ce4a221b8f79b2bdbbe4ee0a761fd950b8014cae472a544c2b0e8c49d274cadb,MITDB_P111,111,1030000000,2,20260929,0,-2.2575583457946777,0.09469948709011078,15,V2-002-F02-S20260929,4417c6668930e37bc9f0b71ff70d7ff9762182381c6fc54ae10e2b9c9d229143,MODEL_V1_CV_REFERENCE_V1
ce8b494a21ff78b9f81ae5e0c7bbcf45be3cfea3c4c9c8c3000231531e00cd8b,MITDB_P111,111,675000000,2,20260929,0,-1.3237125873565674,0.21020126342773438,15,V2-002-F02-S20260929,4417c6668930e37bc9f0b71ff70d7ff9762182381c6fc54ae10e2b9c9d229143,MODEL_V1_CV_REFERENCE_V1
cea0ef811105bea1efbd98fb0d7d05e28d92637aa11375827d41d2b06e6edc19,MITDB_P111,111,690000000,2,20260929,0,-1.8768858909606934,0.13274697959423065,15,V2-002-F02-S20260929,4417c6668930e37bc9f0b71ff70d7ff9762182381c6fc54ae10e2b9c9d229143,MODEL_V1_CV_REFERENCE_V1
cea6b173aa96ff9971f580a53ba717802a6aeadca191f073ff86824ef6ba464d,MITDB_P232,232,55000000,2,20260929,1,1.1271934509277344,0.7553206086158752,15,V2-002-F02-S20260929,4417c6668930e37bc9f0b71ff70d7ff9762182381c6fc54ae10e2b9c9d229143,MODEL_V1_CV_REFERENCE_V1
ceb93dd3cc5efb992022dbbf937ef9bd994c5df3b44652b55d84bb788e3fe782,MITDB_P220,220,945000000,2,20260929,0,1.5411497354507446,0.823631763458252,15,V2-002-F02-S20260929,4417c6668930e37bc9f0b71ff70d7ff9762182381c6fc54ae10e2b9c9d229143,MODEL_V1_CV_REFERENCE_V1
cedddb4a7812855837c0e891bc3cf1b36a5a651040159da3504bd6dd20e261f5,MITDB_P111,111,190000000,2,20260929,0,-2.4000818729400635,0.0831664502620697,15,V2-002-F02-S20260929,4417c6668930e37bc9f0b71ff70d7ff9762182381c6fc54ae10e2b9c9d229143,MODEL_V1_CV_REFERENCE_V1
cf1fc88815b63a6cd551976d0bf3090aa5819fdd8ae26e46c9f08f08a443cf60,MITDB_P113,113,360000000,2,20260929,0,2.043562650680542,0.8852955102920532,15,V2-002-F02-S20260929,4417c6668930e37bc9f0b71ff70d7ff9762182381c6fc54ae10e2b9c9d229143,MODEL_V1_CV_REFERENCE_V1
cf30c886cac2fea5ed71aa12fd33e7e6a1b20707f0b070781b75b951e4a4cbb8,MITDB_P111,111,800000000,2,20260929,0,-0.8485378623008728,0.29973965883255005,15,V2-002-F02-S20260929,4417c6668930e37bc9f0b71ff70d7ff9762182381c6fc54ae10e2b9c9d229143,MODEL_V1_CV_REFERENCE_V1
cf412470e4d77c732369317a464a002a250daaa0a54fd1c33ae89895eb00da40,MITDB_P113,113,1740000000,2,20260929,0,1.2955974340438843,0.7850930690765381,15,V2-002-F02-S20260929,4417c6668930e37bc9f0b71ff70d7ff9762182381c6fc54ae10e2b9c9d229143,MODEL_V1_CV_REFERENCE_V1
cf6c37d4b654d23d7366b1dee5d3760927954d4e4deb37f8fe91cea4b5d15172,MITDB_P113,113,1735000000,2,20260929,0,1.614227294921875,0.8339974284172058,15,V2-002-F02-S20260929,4417c6668930e37bc9f0b71ff70d7ff9762182381c6fc54ae10e2b9c9d229143,MODEL_V1_CV_REFERENCE_V1
cf6cdbb9f5236d46c48a14000436008d917e1322d8a0e75e161aa7a623983638,MITDB_P215,215,245000000,2,20260929,0,-2.1854653358459473,0.1010633185505867,15,V2-002-F02-S20260929,4417c6668930e37bc9f0b71ff70d7ff9762182381c6fc54ae10e2b9c9d229143,MODEL_V1_CV_REFERENCE_V1
cfca891ece3d9be11579914e4f2faf3c2679b8a3d85b484235c97f1d760930d0,MITDB_P220,220,1555000000,2,20260929,1,1.5836310386657715,0.8297181129455566,15,V2-002-F02-S20260929,4417c6668930e37bc9f0b71ff70d7ff9762182381c6fc54ae10e2b9c9d229143,MODEL_V1_CV_REFERENCE_V1
cffa20b31cd2e545d41e6c30fcb43bf84d3dfecdcf62ca4ef4ef1feaaf96a192,MITDB_P113,113,590000000,2,20260929,0,1.5013054609298706,0.8177690505981445,15,V2-002-F02-S20260929,4417c6668930e37bc9f0b71ff70d7ff9762182381c6fc54ae10e2b9c9d229143,MODEL_V1_CV_REFERENCE_V1
d0a83fcb1a6541d1503a53beb3e3e78970ca5aaa1b682a63d54d4c2c60329bbd,MITDB_P215,215,210000000,2,20260929,1,-0.9091079831123352,0.28718242049217224,15,V2-002-F02-S20260929,4417c6668930e37bc9f0b71ff70d7ff9762182381c6fc54ae10e2b9c9d229143,MODEL_V1_CV_REFERENCE_V1
d0dcc85ba969081993a3d4cb74fe529a6ae90ba5d5795a3431731c2f974ed094,MITDB_P215,215,930000000,2,20260929,0,-4.2362470626831055,0.014255602844059467,15,V2-002-F02-S20260929,4417c6668930e37bc9f0b71ff70d7ff9762182381c6fc54ae10e2b9c9d229143,MODEL_V1_CV_REFERENCE_V1
d0f1738eb310d6182ade5dd5f5e91b181bfa7c7b2ffd169194e3255616dfc81c,MITDB_P232,232,190000000,2,20260929,1,0.7271715402603149,0.674184262752533,15,V2-002-F02-S20260929,4417c6668930e37bc9f0b71ff70d7ff9762182381c6fc54ae10e2b9c9d229143,MODEL_V1_CV_REFERENCE_V1
d1145fc1b989fbdaa4d25dac6c8e357af678c194e1d201e5c3c8d45bbc5f8d4a,MITDB_P215,215,355000000,2,20260929,0,-3.435087203979492,0.031216716393828392,15,V2-002-F02-S20260929,4417c6668930e37bc9f0b71ff70d7ff9762182381c6fc54ae10e2b9c9d229143,MODEL_V1_CV_REFERENCE_V1
d11aa15d8bdb4df3548c6d7aeefb784939bdfb1137f5c787771f237d14bca97d,MITDB_P232,232,100000000,2,20260929,1,0.7672767043113708,0.6829314827919006,15,V2-002-F02-S20260929,4417c6668930e37bc9f0b71ff70d7ff9762182381c6fc54ae10e2b9c9d229143,MODEL_V1_CV_REFERENCE_V1
d16a4f84ce58338357250f63cc917f6f69d844ef918b6987232aa212e214be64,MITDB_P113,113,900000000,2,20260929,0,0.7360386252403259,0.6761289834976196,15,V2-002-F02-S20260929,4417c6668930e37bc9f0b71ff70d7ff9762182381c6fc54ae10e2b9c9d229143,MODEL_V1_CV_REFERENCE_V1
d172fbc31b60fbb595f13f888193d812bfd64115ec5542a1d5f5d98d4f60315a,MITDB_P215,215,1140000000,2,20260929,0,-4.611243724822998,0.00984162837266922,15,V2-002-F02-S20260929,4417c6668930e37bc9f0b71ff70d7ff9762182381c6fc54ae10e2b9c9d229143,MODEL_V1_CV_REFERENCE_V1
d19ab15dc3f651a3f3d48d0fa3fbaca8e8a927b7604c1dc487f30fd2002c20d2,MITDB_P232,232,1305000000,2,20260929,1,0.3354629576206207,0.5830879807472229,15,V2-002-F02-S20260929,4417c6668930e37bc9f0b71ff70d7ff9762182381c6fc54ae10e2b9c9d229143,MODEL_V1_CV_REFERENCE_V1
d1e04bf45154c1cd6e75683190ec5e001686dbde310e373bacfb1af629d3877a,MITDB_P215,215,1670000000,2,20260929,1,-1.3689525127410889,0.20278914272785187,15,V2-002-F02-S20260929,4417c6668930e37bc9f0b71ff70d7ff9762182381c6fc54ae10e2b9c9d229143,MODEL_V1_CV_REFERENCE_V1
d1e2f44bb450f8760cb9da28bd37e7fe38dce5023560d7deed1eca28d4ed4af0,MITDB_P113,113,725000000,2,20260929,0,1.2381659746170044,0.7752445936203003,15,V2-002-F02-S20260929,4417c6668930e37bc9f0b71ff70d7ff9762182381c6fc54ae10e2b9c9d229143,MODEL_V1_CV_REFERENCE_V1
d24671c59c28bbd819bd49246f0e36769417aa04ccb3eff59e1eb7553407c5a8,MITDB_P111,111,1270000000,2,20260929,0,-1.3463929891586304,0.20646069943904877,15,V2-002-F02-S20260929,4417c6668930e37bc9f0b71ff70d7ff9762182381c6fc54ae10e2b9c9d229143,MODEL_V1_CV_REFERENCE_V1
d28df0cae6b885ec1937732f299676535d72cbe429f9b6c4dddc6d323082af37,MITDB_P220,220,305000000,2,20260929,0,1.6393444538116455,0.8374456763267517,15,V2-002-F02-S20260929,4417c6668930e37bc9f0b71ff70d7ff9762182381c6fc54ae10e2b9c9d229143,MODEL_V1_CV_REFERENCE_V1
d29e3c5416a81571f312e6025890f4016e38ea2fadcd76a5929a5b36612c24dc,MITDB_P215,215,820000000,2,20260929,1,-1.8017854690551758,0.14163385331630707,15,V2-002-F02-S20260929,4417c6668930e37bc9f0b71ff70d7ff9762182381c6fc54ae10e2b9c9d229143,MODEL_V1_CV_REFERENCE_V1
d2b5e6411f35035e2bcaeff6ed9c29db0e6ef46badb2be7fc747f653dc3a2828,MITDB_P215,215,1100000000,2,20260929,0,-4.46558141708374,0.011367307044565678,15,V2-002-F02-S20260929,4417c6668930e37bc9f0b71ff70d7ff9762182381c6fc54ae10e2b9c9d229143,MODEL_V1_CV_REFERENCE_V1
d2da939f6dbaccc151f7c7957d0489a65ccbf67f8cbfe883676c0ce63dff8437,MITDB_P220,220,800000000,2,20260929,0,2.14799165725708,0.8954809904098511,15,V2-002-F02-S20260929,4417c6668930e37bc9f0b71ff70d7ff9762182381c6fc54ae10e2b9c9d229143,MODEL_V1_CV_REFERENCE_V1
d32f873897a4465a36e70edfc6ab36d74eae207351a4e9aac960f978850720b7,MITDB_P111,111,730000000,2,20260929,0,-1.1082082986831665,0.2482050508260727,15,V2-002-F02-S20260929,4417c6668930e37bc9f0b71ff70d7ff9762182381c6fc54ae10e2b9c9d229143,MODEL_V1_CV_REFERENCE_V1
d332db3db9c3085d56ee7f0a31d89d4c17a0e81484346df30ff032e47fbfb378,MITDB_P220,220,470000000,2,20260929,0,1.8755601644515991,0.8671003580093384,15,V2-002-F02-S20260929,4417c6668930e37bc9f0b71ff70d7ff9762182381c6fc54ae10e2b9c9d229143,MODEL_V1_CV_REFERENCE_V1
d335a14738c44a60552307e37bdb62fd907f6dc1a2fd97beea040656bbc04997,MITDB_P111,111,1260000000,2,20260929,0,-2.1855056285858154,0.10105966031551361,15,V2-002-F02-S20260929,4417c6668930e37bc9f0b71ff70d7ff9762182381c6fc54ae10e2b9c9d229143,MODEL_V1_CV_REFERENCE_V1
d33681ec4850e00f64c1296c61c3aed36d286c6eed96307d6d8f8adf750f58de,MITDB_P215,215,1390000000,2,20260929,0,-5.132932186126709,0.005864640697836876,15,V2-002-F02-S20260929,4417c6668930e37bc9f0b71ff70d7ff9762182381c6fc54ae10e2b9c9d229143,MODEL_V1_CV_REFERENCE_V1
d354ead5be9abc7cb868553b756523b4fc0fd702cafd5c14bc95b8051a8e4eb8,MITDB_P111,111,715000000,2,20260929,0,-0.6485983729362488,0.34330543875694275,15,V2-002-F02-S20260929,4417c6668930e37bc9f0b71ff70d7ff9762182381c6fc54ae10e2b9c9d229143,MODEL_V1_CV_REFERENCE_V1
d418d0917401781d8304b4eb67f1d5d5d40355afb21b1c04869ee1e04b6ac3af,MITDB_P113,113,15000000,2,20260929,0,1.8125351667404175,0.8596680164337158,15,V2-002-F02-S20260929,4417c6668930e37bc9f0b71ff70d7ff9762182381c6fc54ae10e2b9c9d229143,MODEL_V1_CV_REFERENCE_V1
d4469c27d9c937b22c565bd08843b4e186e6e52d8f67d30ce362541e4f950edf,MITDB_P215,215,815000000,2,20260929,1,-2.022152900695801,0.11689656972885132,15,V2-002-F02-S20260929,4417c6668930e37bc9f0b71ff70d7ff9762182381c6fc54ae10e2b9c9d229143,MODEL_V1_CV_REFERENCE_V1
d47f01f2ad8fdb712a7d611c10b7483592408803876c7c8467a9eb0d68efa12a,MITDB_P113,113,585000000,2,20260929,0,1.4006056785583496,0.8022799491882324,15,V2-002-F02-S20260929,4417c6668930e37bc9f0b71ff70d7ff9762182381c6fc54ae10e2b9c9d229143,MODEL_V1_CV_REFERENCE_V1
d4be8355e79ccb72598b623c393222f71e0332830033b1294f99d9636fb302fa,MITDB_P111,111,1365000000,2,20260929,0,-0.3370184302330017,0.4165339171886444,15,V2-002-F02-S20260929,4417c6668930e37bc9f0b71ff70d7ff9762182381c6fc54ae10e2b9c9d229143,MODEL_V1_CV_REFERENCE_V1
d5069ad02021b6462c89e13a40044d26eb2b21d135b52ead5f7bf532663bba74,MITDB_P111,111,1730000000,2,20260929,0,-1.8482029438018799,0.13608402013778687,15,V2-002-F02-S20260929,4417c6668930e37bc9f0b71ff70d7ff9762182381c6fc54ae10e2b9c9d229143,MODEL_V1_CV_REFERENCE_V1
d56a4ae1d272d967012282a0407fa8b37c38bd2bca07e83e141e58c543c88853,MITDB_P220,220,10000000,2,20260929,0,2.1746721267700195,0.8979518413543701,15,V2-002-F02-S20260929,4417c6668930e37bc9f0b71ff70d7ff9762182381c6fc54ae10e2b9c9d229143,MODEL_V1_CV_REFERENCE_V1
d5b62504c882e986d98d0e246d95fe68c8b0ae7f8aefb68084d52e4fa2d4085e,MITDB_P220,220,1190000000,2,20260929,0,2.0894055366516113,0.8898691534996033,15,V2-002-F02-S20260929,4417c6668930e37bc9f0b71ff70d7ff9762182381c6fc54ae10e2b9c9d229143,MODEL_V1_CV_REFERENCE_V1
d5dc622544d3223a094799f63109cf190f8496ed867be44fa90d1bc09662b34c,MITDB_P232,232,1415000000,2,20260929,1,-0.18273746967315674,0.4544423520565033,15,V2-002-F02-S20260929,4417c6668930e37bc9f0b71ff70d7ff9762182381c6fc54ae10e2b9c9d229143,MODEL_V1_CV_REFERENCE_V1
d5e2c2ee57f252ffc4ae30a94097fe3c6a81a38a3988b55ffff4055f70cec4c6,MITDB_P232,232,985000000,2,20260929,1,0.918267011642456,0.7146888971328735,15,V2-002-F02-S20260929,4417c6668930e37bc9f0b71ff70d7ff9762182381c6fc54ae10e2b9c9d229143,MODEL_V1_CV_REFERENCE_V1
d62b7771ece808ecd8a1ad54edae77fd8f94d45251467644ef65ea08f4850a30,MITDB_P220,220,1165000000,2,20260929,1,1.8790299892425537,0.8674996495246887,15,V2-002-F02-S20260929,4417c6668930e37bc9f0b71ff70d7ff9762182381c6fc54ae10e2b9c9d229143,MODEL_V1_CV_REFERENCE_V1
d62ce171595a5379f8855deb2bed30a5119f3ff06bf53e8e0736583a7b90daa5,MITDB_P232,232,1595000000,2,20260929,1,-0.0035960450768470764,0.4991009831428528,15,V2-002-F02-S20260929,4417c6668930e37bc9f0b71ff70d7ff9762182381c6fc54ae10e2b9c9d229143,MODEL_V1_CV_REFERENCE_V1
d66be432bc08ef38bb8a555d35088ad65f265b7f54eaa4814cdc7b2fdc0c0173,MITDB_P215,215,220000000,2,20260929,0,-3.5236051082611084,0.028648005798459053,15,V2-002-F02-S20260929,4417c6668930e37bc9f0b71ff70d7ff9762182381c6fc54ae10e2b9c9d229143,MODEL_V1_CV_REFERENCE_V1
d6831c28f3289fb7b99d2314bf38202c2ace60b46170fc751069d107cb9277a1,MITDB_P215,215,1420000000,2,20260929,1,-2.1379168033599854,0.10546575486660004,15,V2-002-F02-S20260929,4417c6668930e37bc9f0b71ff70d7ff9762182381c6fc54ae10e2b9c9d229143,MODEL_V1_CV_REFERENCE_V1
d6923a3b11d6c0fc27bcaca9669191a4ebd25fb34a8329f4b065c586f1322d00,MITDB_P215,215,495000000,2,20260929,1,-1.3980921506881714,0.19811902940273285,15,V2-002-F02-S20260929,4417c6668930e37bc9f0b71ff70d7ff9762182381c6fc54ae10e2b9c9d229143,MODEL_V1_CV_REFERENCE_V1
d69e7ea2d976667e86e19bd3bea0d88bd7be8222d1a0866f50fa804b4464e3f0,MITDB_P232,232,310000000,2,20260929,1,-0.061829663813114166,0.4845474660396576,15,V2-002-F02-S20260929,4417c6668930e37bc9f0b71ff70d7ff9762182381c6fc54ae10e2b9c9d229143,MODEL_V1_CV_REFERENCE_V1
d6a775d1fd22e6c1897dcea3add4c4d734ac0d7d49586950ed6e80add5de0b51,MITDB_P111,111,920000000,2,20260929,0,-1.274939775466919,0.21841281652450562,15,V2-002-F02-S20260929,4417c6668930e37bc9f0b71ff70d7ff9762182381c6fc54ae10e2b9c9d229143,MODEL_V1_CV_REFERENCE_V1
d6aa09c8cf85368bd20047d66b1c009c809622548982d99f2f77c7c6d645942e,MITDB_P220,220,1310000000,2,20260929,0,1.4016339778900146,0.8024430274963379,15,V2-002-F02-S20260929,4417c6668930e37bc9f0b71ff70d7ff9762182381c6fc54ae10e2b9c9d229143,MODEL_V1_CV_REFERENCE_V1
d6e54e5aa5b05295e3c79e0df15944ee3f704df24df15a961db1651551d6d84b,MITDB_P113,113,1415000000,2,20260929,0,1.0765615701675415,0.7458427548408508,15,V2-002-F02-S20260929,4417c6668930e37bc9f0b71ff70d7ff9762182381c6fc54ae10e2b9c9d229143,MODEL_V1_CV_REFERENCE_V1
d6fc1bc2ec140784e064d256e146141deb5bdb2e978264351c8b0d092cbc87a6,MITDB_P220,220,1180000000,2,20260929,0,2.1522040367126465,0.8958745002746582,15,V2-002-F02-S20260929,4417c6668930e37bc9f0b71ff70d7ff9762182381c6fc54ae10e2b9c9d229143,MODEL_V1_CV_REFERENCE_V1
d74733f7e3f5585cf61758abaf66723f04b295e44104b65aa5094bc4ed091a09,MITDB_P215,215,1735000000,2,20260929,1,-1.6496379375457764,0.16115789115428925,15,V2-002-F02-S20260929,4417c6668930e37bc9f0b71ff70d7ff9762182381c6fc54ae10e2b9c9d229143,MODEL_V1_CV_REFERENCE_V1
d77c51ef82d39260a93e716a64aade9feac0526ab2422f4963155862412b98a8,MITDB_P220,220,265000000,2,20260929,0,1.9871960878372192,0.8794462084770203,15,V2-002-F02-S20260929,4417c6668930e37bc9f0b71ff70d7ff9762182381c6fc54ae10e2b9c9d229143,MODEL_V1_CV_REFERENCE_V1
d7d37dc92ba2b694dceaa78b0e28e9e0d7c3ddce3071d41a7b9b0ac4f1da7fc1,MITDB_P111,111,295000000,2,20260929,0,-1.279111385345459,0.21770153939723969,15,V2-002-F02-S20260929,4417c6668930e37bc9f0b71ff70d7ff9762182381c6fc54ae10e2b9c9d229143,MODEL_V1_CV_REFERENCE_V1
d7e64ab0ad1478cf69ea0446e3ef672ff9b9a53c5a9cffe2b1ad439f8d59d093,MITDB_P113,113,830000000,2,20260929,0,1.1420186758041382,0.7580500841140747,15,V2-002-F02-S20260929,4417c6668930e37bc9f0b71ff70d7ff9762182381c6fc54ae10e2b9c9d229143,MODEL_V1_CV_REFERENCE_V1
d82cc4cf019a05566b19edaa594e64e806ff072dddb03527e9c1485c30335004,MITDB_P113,113,825000000,2,20260929,0,1.3076447248458862,0.7871187329292297,15,V2-002-F02-S20260929,4417c6668930e37bc9f0b71ff70d7ff9762182381c6fc54ae10e2b9c9d229143,MODEL_V1_CV_REFERENCE_V1
d84b9561f525e26edfd06f1a544ada2d59fcfb152ae204cac18ceaf8e01479df,MITDB_P220,220,1490000000,2,20260929,1,1.867318868637085,0.8661477565765381,15,V2-002-F02-S20260929,4417c6668930e37bc9f0b71ff70d7ff9762182381c6fc54ae10e2b9c9d229143,MODEL_V1_CV_REFERENCE_V1
d8752b04ed88ed13ae70454ee49a6b5f71a38188b1498c45d67cc34f0303d21b,MITDB_P113,113,255000000,2,20260929,0,1.6379458904266357,0.8372552990913391,15,V2-002-F02-S20260929,4417c6668930e37bc9f0b71ff70d7ff9762182381c6fc54ae10e2b9c9d229143,MODEL_V1_CV_REFERENCE_V1
d8821d47e657967355c5bcf57e932a03cdcc313e0533bc3ab8b2bd2de2f2ab54,MITDB_P113,113,60000000,2,20260929,0,1.3869649171829224,0.8001073002815247,15,V2-002-F02-S20260929,4417c6668930e37bc9f0b71ff70d7ff9762182381c6fc54ae10e2b9c9d229143,MODEL_V1_CV_REFERENCE_V1
d899a331ac7b895de52a8340dfb997698547f6dbac0c4110f8605802aeb8df55,MITDB_P113,113,1300000000,2,20260929,0,2.4828126430511475,0.9229280948638916,15,V2-002-F02-S20260929,4417c6668930e37bc9f0b71ff70d7ff9762182381c6fc54ae10e2b9c9d229143,MODEL_V1_CV_REFERENCE_V1
d8aba1d5122a56ab8ab692ee9da81d7d6bf6084d74d104f8cdfc202c7d5d684f,MITDB_P111,111,1230000000,2,20260929,0,-1.8732997179031372,0.13316038250923157,15,V2-002-F02-S20260929,4417c6668930e37bc9f0b71ff70d7ff9762182381c6fc54ae10e2b9c9d229143,MODEL_V1_CV_REFERENCE_V1
d8aca280160052e922bd241b6ae4de806d0cd225b81d53e08c4fedc0686e602e,MITDB_P215,215,460000000,2,20260929,1,-1.2821155786514282,0.21719032526016235,15,V2-002-F02-S20260929,4417c6668930e37bc9f0b71ff70d7ff9762182381c6fc54ae10e2b9c9d229143,MODEL_V1_CV_REFERENCE_V1
d8b423c83fd25a2e5746f409d51f5c1b4cf502ef51bae53e31f5e1e8c709cc70,MITDB_P232,232,600000000,2,20260929,1,0.0021038874983787537,0.500525951385498,15,V2-002-F02-S20260929,4417c6668930e37bc9f0b71ff70d7ff9762182381c6fc54ae10e2b9c9d229143,MODEL_V1_CV_REFERENCE_V1
d8b6553785e4b40faf0974a915e3eb45d6836e9cc598e73fdca7818f0ad24d08,MITDB_P113,113,580000000,2,20260929,0,1.5132169723510742,0.8195375204086304,15,V2-002-F02-S20260929,4417c6668930e37bc9f0b71ff70d7ff9762182381c6fc54ae10e2b9c9d229143,MODEL_V1_CV_REFERENCE_V1
d8bcf292e352cbb9802c2505d62afb0551f138dcc73c1e2f13cec9a4cccda776,MITDB_P111,111,745000000,2,20260929,0,-1.5600917339324951,0.17363348603248596,15,V2-002-F02-S20260929,4417c6668930e37bc9f0b71ff70d7ff9762182381c6fc54ae10e2b9c9d229143,MODEL_V1_CV_REFERENCE_V1
d8d1f58a975724ce59d1707af53c7ececc05a7247acea4c0de25ea8282089ff4,MITDB_P220,220,1160000000,2,20260929,1,1.968489170074463,0.8774487376213074,15,V2-002-F02-S20260929,4417c6668930e37bc9f0b71ff70d7ff9762182381c6fc54ae10e2b9c9d229143,MODEL_V1_CV_REFERENCE_V1
d932477f1cee61c808a05c2a496774031dd6e2512ef465666c1f76b13ac3cea1,MITDB_P215,215,160000000,2,20260929,1,-3.543660879135132,0.028095150366425514,15,V2-002-F02-S20260929,4417c6668930e37bc9f0b71ff70d7ff9762182381c6fc54ae10e2b9c9d229143,MODEL_V1_CV_REFERENCE_V1
d9835a9c02605cf9036793e91399568e63e09c3280c5d11889deb4aedcb67c86,MITDB_P232,232,1705000000,2,20260929,1,0.7144917845726013,0.6713929176330566,15,V2-002-F02-S20260929,4417c6668930e37bc9f0b71ff70d7ff9762182381c6fc54ae10e2b9c9d229143,MODEL_V1_CV_REFERENCE_V1
d9b63bdcb6ba2e0136bcdbc0f60bb71403ddd9f2655f64cddf4ed5bb03ec36eb,MITDB_P215,215,1620000000,2,20260929,0,-4.616982936859131,0.009785857982933521,15,V2-002-F02-S20260929,4417c6668930e37bc9f0b71ff70d7ff9762182381c6fc54ae10e2b9c9d229143,MODEL_V1_CV_REFERENCE_V1
d9d27126495a92cd6100b9a6f64901ea9f2c1bed358c8d6d64624a7356fe4324,MITDB_P215,215,1200000000,2,20260929,1,-0.012153394520282745,0.49696168303489685,15,V2-002-F02-S20260929,4417c6668930e37bc9f0b71ff70d7ff9762182381c6fc54ae10e2b9c9d229143,MODEL_V1_CV_REFERENCE_V1
d9dc824502239e7075e06d4a3541228f323462cdef3e8ccb99ce2d8a7cde03c0,MITDB_P220,220,395000000,2,20260929,0,1.7227386236190796,0.8484812378883362,15,V2-002-F02-S20260929,4417c6668930e37bc9f0b71ff70d7ff9762182381c6fc54ae10e2b9c9d229143,MODEL_V1_CV_REFERENCE_V1
d9e39fa4c308e5b0bb994c7f2741885f7ed3acd6a42f4de6a29da8ca3dbe2e4f,MITDB_P113,113,445000000,2,20260929,0,2.2832295894622803,0.9074785113334656,15,V2-002-F02-S20260929,4417c6668930e37bc9f0b71ff70d7ff9762182381c6fc54ae10e2b9c9d229143,MODEL_V1_CV_REFERENCE_V1
da006c7932231959e42ac4e0ed9b99b220dc3712e824d61e8d454ae0a5e6750f,MITDB_P111,111,170000000,2,20260929,0,-1.6397199630737305,0.1625031679868698,15,V2-002-F02-S20260929,4417c6668930e37bc9f0b71ff70d7ff9762182381c6fc54ae10e2b9c9d229143,MODEL_V1_CV_REFERENCE_V1
da2a3adbec6711f6a23c05268d0ee51f7005d798e20639c1d7b335423d0bad81,MITDB_P232,232,700000000,2,20260929,1,0.3657730221748352,0.5904371738433838,15,V2-002-F02-S20260929,4417c6668930e37bc9f0b71ff70d7ff9762182381c6fc54ae10e2b9c9d229143,MODEL_V1_CV_REFERENCE_V1
da441bb86bdc757c1067afee0c0ae5920053af1245939baff3100c709d9c95e7,MITDB_P113,113,1230000000,2,20260929,0,1.1612013578414917,0.7615509629249573,15,V2-002-F02-S20260929,4417c6668930e37bc9f0b71ff70d7ff9762182381c6fc54ae10e2b9c9d229143,MODEL_V1_CV_REFERENCE_V1
da575d6045de4bd22ef0c527489a3074265534741a3be73fb9c70f6bbe822a77,MITDB_P111,111,215000000,2,20260929,0,-1.2464449405670166,0.22331613302230835,15,V2-002-F02-S20260929,4417c6668930e37bc9f0b71ff70d7ff9762182381c6fc54ae10e2b9c9d229143,MODEL_V1_CV_REFERENCE_V1
da688e478a5549b379fd55cf3c925c3d80e4ca017654f63ba66230a62c657cee,MITDB_P232,232,790000000,2,20260929,1,0.24397635459899902,0.5606933236122131,15,V2-002-F02-S20260929,4417c6668930e37bc9f0b71ff70d7ff9762182381c6fc54ae10e2b9c9d229143,MODEL_V1_CV_REFERENCE_V1
da8388dcbcaa69c723a1bc0347775b0a0b65a5185a41e03e29b3150e57949fad,MITDB_P113,113,670000000,2,20260929,0,1.5665130615234375,0.827285885810852,15,V2-002-F02-S20260929,4417c6668930e37bc9f0b71ff70d7ff9762182381c6fc54ae10e2b9c9d229143,MODEL_V1_CV_REFERENCE_V1
db4617f2ce48702d496332c83886ce8ab809a4cc29f70e37065c2720af6f5087,MITDB_P220,220,1040000000,2,20260929,0,2.073178291320801,0.888268768787384,15,V2-002-F02-S20260929,4417c6668930e37bc9f0b71ff70d7ff9762182381c6fc54ae10e2b9c9d229143,MODEL_V1_CV_REFERENCE_V1
db5aef9a43c81ae6b9addf6beedbde1783c35d4189288bea50269762ff883244,MITDB_P113,113,1090000000,2,20260929,0,1.506069540977478,0.818477988243103,15,V2-002-F02-S20260929,4417c6668930e37bc9f0b71ff70d7ff9762182381c6fc54ae10e2b9c9d229143,MODEL_V1_CV_REFERENCE_V1
db631f2c42e7509c1d59f093cd9a87fa36bdcc645c7e1bb86eae3cc53fe92ff1,MITDB_P111,111,1445000000,2,20260929,0,-1.2318010330200195,0.22586636245250702,15,V2-002-F02-S20260929,4417c6668930e37bc9f0b71ff70d7ff9762182381c6fc54ae10e2b9c9d229143,MODEL_V1_CV_REFERENCE_V1
db77987516a013fbd3479572e36ee0af9fec77ad2590cc6806ec3bac9fc98234,MITDB_P111,111,175000000,2,20260929,0,-2.023545026779175,0.11675292253494263,15,V2-002-F02-S20260929,4417c6668930e37bc9f0b71ff70d7ff9762182381c6fc54ae10e2b9c9d229143,MODEL_V1_CV_REFERENCE_V1
dba7f119fe925f3c97faac0fafcdef773af8c46597b81a5e9fbc3deedccaa6f3,MITDB_P215,215,1625000000,2,20260929,1,-2.664368152618408,0.06510894000530243,15,V2-002-F02-S20260929,4417c6668930e37bc9f0b71ff70d7ff9762182381c6fc54ae10e2b9c9d229143,MODEL_V1_CV_REFERENCE_V1
dc0bb7efb08b194859e08e3c9a472cfc111524a4b296bad004ffbca118b17260,MITDB_P232,232,280000000,2,20260929,1,0.4537329077720642,0.6115264296531677,15,V2-002-F02-S20260929,4417c6668930e37bc9f0b71ff70d7ff9762182381c6fc54ae10e2b9c9d229143,MODEL_V1_CV_REFERENCE_V1
dc183f2e1642be742ddd988d9bc590dbbfa30b99759a0cf170af4cd75c9ef7f5,MITDB_P113,113,465000000,2,20260929,0,2.0668678283691406,0.8876409530639648,15,V2-002-F02-S20260929,4417c6668930e37bc9f0b71ff70d7ff9762182381c6fc54ae10e2b9c9d229143,MODEL_V1_CV_REFERENCE_V1
dc25c8596f61dfb43655d196d61520f5244cdf2b1ea2939b6b64b6db6bef83ad,MITDB_P113,113,485000000,2,20260929,0,1.43242609500885,0.8072790503501892,15,V2-002-F02-S20260929,4417c6668930e37bc9f0b71ff70d7ff9762182381c6fc54ae10e2b9c9d229143,MODEL_V1_CV_REFERENCE_V1
dc6b425489a4987072409f733ce6057be16e541942d1da9101e9f99adde1d5ac,MITDB_P220,220,85000000,2,20260929,0,1.7071396112442017,0.8464649319648743,15,V2-002-F02-S20260929,4417c6668930e37bc9f0b71ff70d7ff9762182381c6fc54ae10e2b9c9d229143,MODEL_V1_CV_REFERENCE_V1
dc717d67955b69e2bb6a590c79a1df6f80fcd6e6a0a9a5930f988ca96467725f,MITDB_P220,220,1440000000,2,20260929,0,2.0200979709625244,0.8828911185264587,15,V2-002-F02-S20260929,4417c6668930e37bc9f0b71ff70d7ff9762182381c6fc54ae10e2b9c9d229143,MODEL_V1_CV_REFERENCE_V1
dc8c4ee4e000acab4717ccf199d01f7aa3943a09c86460f2b170ff3c1d7c4086,MITDB_P111,111,165000000,2,20260929,0,-1.5623817443847656,0.17330513894557953,15,V2-002-F02-S20260929,4417c6668930e37bc9f0b71ff70d7ff9762182381c6fc54ae10e2b9c9d229143,MODEL_V1_CV_REFERENCE_V1
dcb1557a30fa70abdaf9a77e0d4f2fed67c1b70f392ffede42a968131a57c322,MITDB_P111,111,1340000000,2,20260929,0,-2.129304885864258,0.10628099739551544,15,V2-002-F02-S20260929,4417c6668930e37bc9f0b71ff70d7ff9762182381c6fc54ae10e2b9c9d229143,MODEL_V1_CV_REFERENCE_V1
dcc59e27a4b29381170c04c54ab51acbf36e932ddabdc82226ab9e4277ef6073,MITDB_P113,113,1365000000,2,20260929,0,0.6515797972679138,0.6573663949966431,15,V2-002-F02-S20260929,4417c6668930e37bc9f0b71ff70d7ff9762182381c6fc54ae10e2b9c9d229143,MODEL_V1_CV_REFERENCE_V1
dcd0dc88008da968fbdab952c99f261363cade2febe53fdb3b0b1caa805ce1a1,MITDB_P220,220,1475000000,2,20260929,0,1.6482264995574951,0.8386512398719788,15,V2-002-F02-S20260929,4417c6668930e37bc9f0b71ff70d7ff9762182381c6fc54ae10e2b9c9d229143,MODEL_V1_CV_REFERENCE_V1
dcf68df49fc63d874952071de917d80e2a5375e57ff5e2c605a0487aa8dcd804,MITDB_P111,111,395000000,2,20260929,0,-2.1787328720092773,0.10167660564184189,15,V2-002-F02-S20260929,4417c6668930e37bc9f0b71ff70d7ff9762182381c6fc54ae10e2b9c9d229143,MODEL_V1_CV_REFERENCE_V1
dd1511d2a472bdaaee2160076c3fb464a1faa3998bf5ed54b47e7a1db4da30d9,MITDB_P111,111,530000000,2,20260929,0,-1.0578343868255615,0.25772354006767273,15,V2-002-F02-S20260929,4417c6668930e37bc9f0b71ff70d7ff9762182381c6fc54ae10e2b9c9d229143,MODEL_V1_CV_REFERENCE_V1
dd32471b74e767b3743a6d649ab0138fba1d1b384cc85d5ac59791a1076adcb4,MITDB_P232,232,1645000000,2,20260929,1,0.06435581296682358,0.5160834193229675,15,V2-002-F02-S20260929,4417c6668930e37bc9f0b71ff70d7ff9762182381c6fc54ae10e2b9c9d229143,MODEL_V1_CV_REFERENCE_V1
dd656ad5954a9cf02e9bae1c4d421595257d6d126a6054dd97cdb5bc87271e63,MITDB_P232,232,1185000000,2,20260929,1,0.511261522769928,0.6251021027565002,15,V2-002-F02-S20260929,4417c6668930e37bc9f0b71ff70d7ff9762182381c6fc54ae10e2b9c9d229143,MODEL_V1_CV_REFERENCE_V1
dd8c96a546b67b8ed514c94be7bb3c8b05aef563fc9ff3a8c859f9dbaefc8133,MITDB_P220,220,1130000000,2,20260929,0,1.8684895038604736,0.8662834167480469,15,V2-002-F02-S20260929,4417c6668930e37bc9f0b71ff70d7ff9762182381c6fc54ae10e2b9c9d229143,MODEL_V1_CV_REFERENCE_V1
ddc36a72b84e5965722c18ebc387805540e933d185404d66b7aed666cc5973c6,MITDB_P232,232,1380000000,2,20260929,1,0.6212114691734314,0.6504939794540405,15,V2-002-F02-S20260929,4417c6668930e37bc9f0b71ff70d7ff9762182381c6fc54ae10e2b9c9d229143,MODEL_V1_CV_REFERENCE_V1
ddc4211047e4c507f82053e14a1e51dfedfdf15e1e25457d96000efbf3e81c9c,MITDB_P232,232,1385000000,2,20260929,1,0.052625708281993866,0.5131534337997437,15,V2-002-F02-S20260929,4417c6668930e37bc9f0b71ff70d7ff9762182381c6fc54ae10e2b9c9d229143,MODEL_V1_CV_REFERENCE_V1
ddd401db99860eac8508bcd367b27422bdf8c9d187bc027be12ee64f1351e72f,MITDB_P220,220,275000000,2,20260929,0,1.887338399887085,0.868451714515686,15,V2-002-F02-S20260929,4417c6668930e37bc9f0b71ff70d7ff9762182381c6fc54ae10e2b9c9d229143,MODEL_V1_CV_REFERENCE_V1
dde72fd02139548c9f0a206cb78ea89ac6581c6b09a2957b107ddb44a51ed668,MITDB_P232,232,970000000,2,20260929,1,0.8051332831382751,0.6910714507102966,15,V2-002-F02-S20260929,4417c6668930e37bc9f0b71ff70d7ff9762182381c6fc54ae10e2b9c9d229143,MODEL_V1_CV_REFERENCE_V1
ddeee84d6a45f66a178c64cf0f97a94b49295df560b389f7f3cd3dcd7dfcd580,MITDB_P111,111,140000000,2,20260929,0,-1.4259990453720093,0.19372284412384033,15,V2-002-F02-S20260929,4417c6668930e37bc9f0b71ff70d7ff9762182381c6fc54ae10e2b9c9d229143,MODEL_V1_CV_REFERENCE_V1
de465adc4aa9d17e1f679ab06ccdfef92d5064c481ffe4c4f8f4841457cc2ac4,MITDB_P113,113,1445000000,2,20260929,0,0.524641752243042,0.6282325387001038,15,V2-002-F02-S20260929,4417c6668930e37bc9f0b71ff70d7ff9762182381c6fc54ae10e2b9c9d229143,MODEL_V1_CV_REFERENCE_V1
de88bb2f45eb70131d6cf0068dc6d9265174e34e8eccc44832309903e3a55bf8,MITDB_P113,113,1355000000,2,20260929,0,0.4183361828327179,0.6030850410461426,15,V2-002-F02-S20260929,4417c6668930e37bc9f0b71ff70d7ff9762182381c6fc54ae10e2b9c9d229143,MODEL_V1_CV_REFERENCE_V1
de98fd43674d4ea417f4679567083534181ebdd0f00ae9e7e0528db17959722a,MITDB_P232,232,465000000,2,20260929,1,0.0540403351187706,0.5135067701339722,15,V2-002-F02-S20260929,4417c6668930e37bc9f0b71ff70d7ff9762182381c6fc54ae10e2b9c9d229143,MODEL_V1_CV_REFERENCE_V1
de9df1d7c829e9094a554ff1d594913fbd41258f3c4ee0d9d9bca476ef2cff8f,MITDB_P215,215,695000000,2,20260929,0,-4.670663356781006,0.009279144927859306,15,V2-002-F02-S20260929,4417c6668930e37bc9f0b71ff70d7ff9762182381c6fc54ae10e2b9c9d229143,MODEL_V1_CV_REFERENCE_V1
dea102e04cea9038ca407012f4b4d780c103998e27119f704b801cd7b10f258c,MITDB_P220,220,585000000,2,20260929,0,2.336026668548584,0.9118171334266663,15,V2-002-F02-S20260929,4417c6668930e37bc9f0b71ff70d7ff9762182381c6fc54ae10e2b9c9d229143,MODEL_V1_CV_REFERENCE_V1
dea7351bc85caa2ad17706d100a25fed2818382a2c3384d35d31fc4f160344f6,MITDB_P111,111,895000000,2,20260929,0,0.03326355665922165,0.5083151459693909,15,V2-002-F02-S20260929,4417c6668930e37bc9f0b71ff70d7ff9762182381c6fc54ae10e2b9c9d229143,MODEL_V1_CV_REFERENCE_V1
def675cb22cfac10f83f11daf25342d99769f3417ead910906f399b97e5acd37,MITDB_P232,232,550000000,2,20260929,1,0.4614095091819763,0.6133484840393066,15,V2-002-F02-S20260929,4417c6668930e37bc9f0b71ff70d7ff9762182381c6fc54ae10e2b9c9d229143,MODEL_V1_CV_REFERENCE_V1
df16dca5adb9a914e58d18033596871aa7fb3fcd40f238747009de7833d21823,MITDB_P232,232,245000000,2,20260929,1,0.41955268383026123,0.6033762097358704,15,V2-002-F02-S20260929,4417c6668930e37bc9f0b71ff70d7ff9762182381c6fc54ae10e2b9c9d229143,MODEL_V1_CV_REFERENCE_V1
df1ed69114c5d7d144eb197ae11cef9fc133a1421aaa69b4cb2dbf2089d72003,MITDB_P232,232,1065000000,2,20260929,1,0.38217613101005554,0.5943978428840637,15,V2-002-F02-S20260929,4417c6668930e37bc9f0b71ff70d7ff9762182381c6fc54ae10e2b9c9d229143,MODEL_V1_CV_REFERENCE_V1
df4d364491c63dbd864370a630c609b7acfa57bf19396fa1d753ed1376df8957,MITDB_P113,113,500000000,2,20260929,0,1.5471476316452026,0.8245013952255249,15,V2-002-F02-S20260929,4417c6668930e37bc9f0b71ff70d7ff9762182381c6fc54ae10e2b9c9d229143,MODEL_V1_CV_REFERENCE_V1
df57113c59ddbf98928ea116fc8deb1b93097b4ba1ec9e18a01732316ccf35c1,MITDB_P113,113,385000000,2,20260929,0,1.673221468925476,0.8420048356056213,15,V2-002-F02-S20260929,4417c6668930e37bc9f0b71ff70d7ff9762182381c6fc54ae10e2b9c9d229143,MODEL_V1_CV_REFERENCE_V1
df7506ea1c80804c0d65387358c90d7cee6b871e03a374d3802c7457840f74b2,MITDB_P113,113,10000000,2,20260929,0,2.0513815879821777,0.8860871195793152,15,V2-002-F02-S20260929,4417c6668930e37bc9f0b71ff70d7ff9762182381c6fc54ae10e2b9c9d229143,MODEL_V1_CV_REFERENCE_V1
dfa146d20de2c83d6ab9e976222f57a334fa1419353e9975489257fa4784d66d,MITDB_P232,232,325000000,2,20260929,1,0.11653318256139755,0.5291003584861755,15,V2-002-F02-S20260929,4417c6668930e37bc9f0b71ff70d7ff9762182381c6fc54ae10e2b9c9d229143,MODEL_V1_CV_REFERENCE_V1
dfd2ac57f0faa869cb89e6ae84ce5910761750d051588aca50e28abbe7afc9e4,MITDB_P215,215,1640000000,2,20260929,1,-0.3838376998901367,0.40520161390304565,15,V2-002-F02-S20260929,4417c6668930e37bc9f0b71ff70d7ff9762182381c6fc54ae10e2b9c9d229143,MODEL_V1_CV_REFERENCE_V1
dfddedffa3b7ad6c52dbc64926a826ee351a6b1b48f7c250d5fee8d596156a42,MITDB_P220,220,115000000,2,20260929,0,1.737475037574768,0.8503660559654236,15,V2-002-F02-S20260929,4417c6668930e37bc9f0b71ff70d7ff9762182381c6fc54ae10e2b9c9d229143,MODEL_V1_CV_REFERENCE_V1
e0152845df76edff96e52363850b4edd5e1b8f50e5d8f6badce3bc7c56a703d0,MITDB_P220,220,665000000,2,20260929,0,2.179988145828247,0.898438036441803,15,V2-002-F02-S20260929,4417c6668930e37bc9f0b71ff70d7ff9762182381c6fc54ae10e2b9c9d229143,MODEL_V1_CV_REFERENCE_V1
e02e082cd41187698ffa89c0fc986d4b9af0d5fd5a6c38b89c21783a8a0c4409,MITDB_P113,113,45000000,2,20260929,0,1.671234130859375,0.8417403101921082,15,V2-002-F02-S20260929,4417c6668930e37bc9f0b71ff70d7ff9762182381c6fc54ae10e2b9c9d229143,MODEL_V1_CV_REFERENCE_V1
e0317d65c7b2784b2baf40c34f1b4e5cc3891644519bb35215c7672de8e1f938,MITDB_P232,232,1560000000,2,20260929,1,0.3025803565979004,0.5750731825828552,15,V2-002-F02-S20260929,4417c6668930e37bc9f0b71ff70d7ff9762182381c6fc54ae10e2b9c9d229143,MODEL_V1_CV_REFERENCE_V1
e043b8734730027a67ec84a8039c7399b96d756758656fb804ef02a7354b03b7,MITDB_P232,232,155000000,2,20260929,1,0.7604755759239197,0.681456983089447,15,V2-002-F02-S20260929,4417c6668930e37bc9f0b71ff70d7ff9762182381c6fc54ae10e2b9c9d229143,MODEL_V1_CV_REFERENCE_V1
e0503ac934c398788e3b391052145c69992341f4c71c1bbb8794b862ee6aed12,MITDB_P113,113,1465000000,2,20260929,0,0.38222330808639526,0.5944092273712158,15,V2-002-F02-S20260929,4417c6668930e37bc9f0b71ff70d7ff9762182381c6fc54ae10e2b9c9d229143,MODEL_V1_CV_REFERENCE_V1
e0b63ced93ba8af3555740bd43ca7ef2d5a0c7ceef606d8934478515cbeed52f,MITDB_P220,220,925000000,2,20260929,0,1.944213628768921,0.8748143315315247,15,V2-002-F02-S20260929,4417c6668930e37bc9f0b71ff70d7ff9762182381c6fc54ae10e2b9c9d229143,MODEL_V1_CV_REFERENCE_V1
e0c673ce4b4e286d0748124dd5a05c8d9035ff744193b5100bb606386f8c9d27,MITDB_P113,113,990000000,2,20260929,0,0.5879119634628296,0.6428859233856201,15,V2-002-F02-S20260929,4417c6668930e37bc9f0b71ff70d7ff9762182381c6fc54ae10e2b9c9d229143,MODEL_V1_CV_REFERENCE_V1
e0f9c1ddd28c43ec3a080cff847b9fb5d7d5f800593c374de881093f3d250a6f,MITDB_P220,220,1480000000,2,20260929,0,1.898429036140442,0.8697136044502258,15,V2-002-F02-S20260929,4417c6668930e37bc9f0b71ff70d7ff9762182381c6fc54ae10e2b9c9d229143,MODEL_V1_CV_REFERENCE_V1
e100f3febccf742bba29861ba42cb18d59cb883bb7b4e7f99a2bda4978b6a9c2,MITDB_P113,113,1785000000,2,20260929,0,1.3821449279785156,0.799335241317749,15,V2-002-F02-S20260929,4417c6668930e37bc9f0b71ff70d7ff9762182381c6fc54ae10e2b9c9d229143,MODEL_V1_CV_REFERENCE_V1
e10eeee6d4df12630951265e934a36e9e08798ce7c6c556e9f821df3f17912d2,MITDB_P220,220,650000000,2,20260929,1,1.9834882020950317,0.879052460193634,15,V2-002-F02-S20260929,4417c6668930e37bc9f0b71ff70d7ff9762182381c6fc54ae10e2b9c9d229143,MODEL_V1_CV_REFERENCE_V1
e113d64277da359e1bd4da4896ec758b2a310180f43344399c815a9dc9e71dd5,MITDB_P232,232,950000000,2,20260929,1,0.4164576828479767,0.6026353240013123,15,V2-002-F02-S20260929,4417c6668930e37bc9f0b71ff70d7ff9762182381c6fc54ae10e2b9c9d229143,MODEL_V1_CV_REFERENCE_V1
e11777f9a28625622be7d0336c959f0795edc8cf220d932e95f36df5d5c6598e,MITDB_P232,232,1265000000,2,20260929,1,-0.023354120552539825,0.4941617250442505,15,V2-002-F02-S20260929,4417c6668930e37bc9f0b71ff70d7ff9762182381c6fc54ae10e2b9c9d229143,MODEL_V1_CV_REFERENCE_V1
e126b73bfb8f6ac282e36e6d2394c889aed6a75dd0bc8a3e754352fb2d7bfe6f,MITDB_P232,232,455000000,2,20260929,1,0.4232657849788666,0.6042644381523132,15,V2-002-F02-S20260929,4417c6668930e37bc9f0b71ff70d7ff9762182381c6fc54ae10e2b9c9d229143,MODEL_V1_CV_REFERENCE_V1
e12864b04c3e582a43028a22d2097d7fa6b3c1becf8436098902b6a8d7074bba,MITDB_P232,232,850000000,2,20260929,1,0.8034275770187378,0.6907072067260742,15,V2-002-F02-S20260929,4417c6668930e37bc9f0b71ff70d7ff9762182381c6fc54ae10e2b9c9d229143,MODEL_V1_CV_REFERENCE_V1
e136a9a1526f547cc63fcef7c316281da4706442e756e6f556209d12bfbacae5,MITDB_P111,111,1110000000,2,20260929,0,-2.2552695274353027,0.09489589184522629,15,V2-002-F02-S20260929,4417c6668930e37bc9f0b71ff70d7ff9762182381c6fc54ae10e2b9c9d229143,MODEL_V1_CV_REFERENCE_V1
e164bedefa686ccbe3e8d30bc3e4eb246764120db8dc61ff70afc3567dc34bf3,MITDB_P111,111,1590000000,2,20260929,0,-2.5008325576782227,0.07579983025789261,15,V2-002-F02-S20260929,4417c6668930e37bc9f0b71ff70d7ff9762182381c6fc54ae10e2b9c9d229143,MODEL_V1_CV_REFERENCE_V1
e1a5ba4d98294b9eb53c18980f8249e35959baf338f5ba75b3b002aa44cb8707,MITDB_P215,215,1445000000,2,20260929,1,-1.6141313314437866,0.16601581871509552,15,V2-002-F02-S20260929,4417c6668930e37bc9f0b71ff70d7ff9762182381c6fc54ae10e2b9c9d229143,MODEL_V1_CV_REFERENCE_V1
e1c79ff63ed24e167443c5e24a775b3cb79c8ae2dd92b81a062e28a5fb7aac80,MITDB_P232,232,595000000,2,20260929,1,0.08016090840101242,0.5200294852256775,15,V2-002-F02-S20260929,4417c6668930e37bc9f0b71ff70d7ff9762182381c6fc54ae10e2b9c9d229143,MODEL_V1_CV_REFERENCE_V1
e1cf3a00b17c980ea87b684b82f7d5cea5fb809521ea5cc2fcac96500b6eb781,MITDB_P113,113,720000000,2,20260929,0,0.6107310056686401,0.6481075286865234,15,V2-002-F02-S20260929,4417c6668930e37bc9f0b71ff70d7ff9762182381c6fc54ae10e2b9c9d229143,MODEL_V1_CV_REFERENCE_V1
e1d51be057a4fd8f843a8dcf60ddd0da8f94f522db57a05e9a29f9a5fdfa2e4a,MITDB_P113,113,1385000000,2,20260929,0,1.0025053024291992,0.7315508723258972,15,V2-002-F02-S20260929,4417c6668930e37bc9f0b71ff70d7ff9762182381c6fc54ae10e2b9c9d229143,MODEL_V1_CV_REFERENCE_V1
e1fa9ba49090ad14093fddfd8208c7c346ac6bea7618406c7c1f46dd7e9a3a33,MITDB_P111,111,1740000000,2,20260929,0,-0.4916963577270508,0.3794940412044525,15,V2-002-F02-S20260929,4417c6668930e37bc9f0b71ff70d7ff9762182381c6fc54ae10e2b9c9d229143,MODEL_V1_CV_REFERENCE_V1
e21946be82d2b496a6cda77dd387724006d31d4b138cb0beee6f853cffd39eb7,MITDB_P111,111,1660000000,2,20260929,0,-0.7389957308769226,0.3232237696647644,15,V2-002-F02-S20260929,4417c6668930e37bc9f0b71ff70d7ff9762182381c6fc54ae10e2b9c9d229143,MODEL_V1_CV_REFERENCE_V1
e251a4fe394f6b9c46770cb33b62ad9e433980d3e8ede7f22ddcd90d1c317ec6,MITDB_P113,113,875000000,2,20260929,0,1.585134506225586,0.8299304246902466,15,V2-002-F02-S20260929,4417c6668930e37bc9f0b71ff70d7ff9762182381c6fc54ae10e2b9c9d229143,MODEL_V1_CV_REFERENCE_V1
e2643c3c510991ea34fc6a16db40bd4b1fb3885150f2cb2e83f7c9434d6d6605,MITDB_P220,220,1280000000,2,20260929,1,1.5061222314834595,0.8184857964515686,15,V2-002-F02-S20260929,4417c6668930e37bc9f0b71ff70d7ff9762182381c6fc54ae10e2b9c9d229143,MODEL_V1_CV_REFERENCE_V1
e26722b092f7aa57b2784d7642bdfca7a4f83ebf66912e07c6396aa68531c4fe,MITDB_P215,215,270000000,2,20260929,1,-0.3228861093521118,0.4199725389480591,15,V2-002-F02-S20260929,4417c6668930e37bc9f0b71ff70d7ff9762182381c6fc54ae10e2b9c9d229143,MODEL_V1_CV_REFERENCE_V1
e296772e2e04d74556d2a4f3ff70d960b95d22f8a73279a5a9470611caa32e31,MITDB_P113,113,1640000000,2,20260929,0,1.8386932611465454,0.8627941012382507,15,V2-002-F02-S20260929,4417c6668930e37bc9f0b71ff70d7ff9762182381c6fc54ae10e2b9c9d229143,MODEL_V1_CV_REFERENCE_V1
e2c802955efc81b20fa95c7488cf7f652b1412e156bb5ac600b658f337f23f86,MITDB_P113,113,860000000,2,20260929,0,2.3229403495788574,0.9107592105865479,15,V2-002-F02-S20260929,4417c6668930e37bc9f0b71ff70d7ff9762182381c6fc54ae10e2b9c9d229143,MODEL_V1_CV_REFERENCE_V1
e2d41bfcbde60719a0a47d4715b72e65964ac0b20858df013aaddf060249c74b,MITDB_P215,215,1245000000,2,20260929,0,-4.730407238006592,0.008745715022087097,15,V2-002-F02-S20260929,4417c6668930e37bc9f0b71ff70d7ff9762182381c6fc54ae10e2b9c9d229143,MODEL_V1_CV_REFERENCE_V1
e345255a74e0ec0eff4ae0d51def3b194e73ede5679877df2f5c81930f848750,MITDB_P232,232,220000000,2,20260929,1,-0.06116212159395218,0.48471423983573914,15,V2-002-F02-S20260929,4417c6668930e37bc9f0b71ff70d7ff9762182381c6fc54ae10e2b9c9d229143,MODEL_V1_CV_REFERENCE_V1
e36db79ae836fdac867a4e549d13fe77d0747692633b551613375bdbc6b9e4b1,MITDB_P232,232,85000000,2,20260929,1,0.5424380898475647,0.632379412651062,15,V2-002-F02-S20260929,4417c6668930e37bc9f0b71ff70d7ff9762182381c6fc54ae10e2b9c9d229143,MODEL_V1_CV_REFERENCE_V1
e3f84e7dc4951eafd3fced6f638c90222f2d57425505517c04e0aa978f36f6d6,MITDB_P113,113,195000000,2,20260929,0,0.7509868144989014,0.6793936491012573,15,V2-002-F02-S20260929,4417c6668930e37bc9f0b71ff70d7ff9762182381c6fc54ae10e2b9c9d229143,MODEL_V1_CV_REFERENCE_V1
e4167473289659c5bfcbe16cb3e01884ba6d71dcdb6d1a61965e101e44c54ff0,MITDB_P232,232,400000000,2,20260929,1,0.35253453254699707,0.5872321128845215,15,V2-002-F02-S20260929,4417c6668930e37bc9f0b71ff70d7ff9762182381c6fc54ae10e2b9c9d229143,MODEL_V1_CV_REFERENCE_V1
e420453904bfbce6a1b90a421afa3c3c2dac2f089107d5a80568707c606109e1,MITDB_P111,111,270000000,2,20260929,0,-1.5056028366088867,0.18159136176109314,15,V2-002-F02-S20260929,4417c6668930e37bc9f0b71ff70d7ff9762182381c6fc54ae10e2b9c9d229143,MODEL_V1_CV_REFERENCE_V1
e4265f6c780ad5ba575d5a217e3c27eef8b197f955ffdd9ecd19f1ce26f68ede,MITDB_P113,113,700000000,2,20260929,0,1.2214819192886353,0.7723242044448853,15,V2-002-F02-S20260929,4417c6668930e37bc9f0b71ff70d7ff9762182381c6fc54ae10e2b9c9d229143,MODEL_V1_CV_REFERENCE_V1
e48a7512805c4a6990fb54c9dff4d7a41a4fb451143b630e103f1a5b83ada663,MITDB_P113,113,1580000000,2,20260929,0,0.1626356542110443,0.540569543838501,15,V2-002-F02-S20260929,4417c6668930e37bc9f0b71ff70d7ff9762182381c6fc54ae10e2b9c9d229143,MODEL_V1_CV_REFERENCE_V1
e48c370e51d07b082972e8abf0cdce7a873b96fbbef1c9b048b85221cbe846f3,MITDB_P220,220,880000000,2,20260929,0,1.6764705181121826,0.8424366116523743,15,V2-002-F02-S20260929,4417c6668930e37bc9f0b71ff70d7ff9762182381c6fc54ae10e2b9c9d229143,MODEL_V1_CV_REFERENCE_V1
e4c09b590d5eeb1514bbc6731fafe3edec6e74dc8c343a24e491128baf6cecc5,MITDB_P215,215,1025000000,2,20260929,1,-1.593830943107605,0.16884557902812958,15,V2-002-F02-S20260929,4417c6668930e37bc9f0b71ff70d7ff9762182381c6fc54ae10e2b9c9d229143,MODEL_V1_CV_REFERENCE_V1
e509e24510acabe93fc6411d1732ceb48b2f2d9d290223d837fb1eff980ea935,MITDB_P111,111,315000000,2,20260929,0,-2.194051742553711,0.10028591752052307,15,V2-002-F02-S20260929,4417c6668930e37bc9f0b71ff70d7ff9762182381c6fc54ae10e2b9c9d229143,MODEL_V1_CV_REFERENCE_V1
e537615ead3463d116c894bc4f54a0e73ee0ec6156787cab10f5d713ef89c6f7,MITDB_P215,215,1600000000,2,20260929,1,-0.8938451409339905,0.29031696915626526,15,V2-002-F02-S20260929,4417c6668930e37bc9f0b71ff70d7ff9762182381c6fc54ae10e2b9c9d229143,MODEL_V1_CV_REFERENCE_V1
e5473c30f9473ebc1c8096248787c8bf64cf629025b1f62c1a0404a5bc2ae724,MITDB_P215,215,875000000,2,20260929,0,-4.5641937255859375,0.010310853831470013,15,V2-002-F02-S20260929,4417c6668930e37bc9f0b71ff70d7ff9762182381c6fc54ae10e2b9c9d229143,MODEL_V1_CV_REFERENCE_V1
e55150681b67c20b03a0fc8b78673f22ebd994f47e526f0681509af805c9ffbd,MITDB_P113,113,455000000,2,20260929,0,2.034756660461426,0.8843982815742493,15,V2-002-F02-S20260929,4417c6668930e37bc9f0b71ff70d7ff9762182381c6fc54ae10e2b9c9d229143,MODEL_V1_CV_REFERENCE_V1
e5636d69b57942db3819b222632f5918f9757dec13f9a574e7f4e668dafe05c4,MITDB_P113,113,130000000,2,20260929,0,1.3182456493377686,0.7888897061347961,15,V2-002-F02-S20260929,4417c6668930e37bc9f0b71ff70d7ff9762182381c6fc54ae10e2b9c9d229143,MODEL_V1_CV_REFERENCE_V1
e5d3324949f09f3be3865a7a42371a37c21d58d5edad99bdf8b58d9f23f8304b,MITDB_P215,215,1255000000,2,20260929,1,-1.9413340091705322,0.1255013793706894,15,V2-002-F02-S20260929,4417c6668930e37bc9f0b71ff70d7ff9762182381c6fc54ae10e2b9c9d229143,MODEL_V1_CV_REFERENCE_V1
e5db06494f77c7fc5fa058079c27431fa3861e48d6874f4480390600a73279f0,MITDB_P111,111,1690000000,2,20260929,0,-1.9572501182556152,0.12376494705677032,15,V2-002-F02-S20260929,4417c6668930e37bc9f0b71ff70d7ff9762182381c6fc54ae10e2b9c9d229143,MODEL_V1_CV_REFERENCE_V1
e6078c91f94eaeed03de397b3bd3c33e32fdeac72aa306fd9aede024beca4115,MITDB_P220,220,940000000,2,20260929,0,1.7566975355148315,0.8527955412864685,15,V2-002-F02-S20260929,4417c6668930e37bc9f0b71ff70d7ff9762182381c6fc54ae10e2b9c9d229143,MODEL_V1_CV_REFERENCE_V1
e613d50bcc2a70d1df610e2fe5f87ac20f07d3231109a8b053aebf83cd1e8a19,MITDB_P111,111,1480000000,2,20260929,0,-2.0253453254699707,0.11656740307807922,15,V2-002-F02-S20260929,4417c6668930e37bc9f0b71ff70d7ff9762182381c6fc54ae10e2b9c9d229143,MODEL_V1_CV_REFERENCE_V1
e629fae1f3503c0ecb6fd8584a505ecdf58e5ec0fdd6d13ec713ced495f51c3a,MITDB_P215,215,900000000,2,20260929,0,-4.310762882232666,0.013245507143437862,15,V2-002-F02-S20260929,4417c6668930e37bc9f0b71ff70d7ff9762182381c6fc54ae10e2b9c9d229143,MODEL_V1_CV_REFERENCE_V1
e67d2d369c895816d1b2e3a675fba4c471d694bc4ec7b162aed9a22af93db096,MITDB_P232,232,1105000000,2,20260929,1,1.112192988395691,0.752537727355957,15,V2-002-F02-S20260929,4417c6668930e37bc9f0b71ff70d7ff9762182381c6fc54ae10e2b9c9d229143,MODEL_V1_CV_REFERENCE_V1
e68d8ac3542990f6d7c97fefe1c544e1ec865e22e496589150e8863158e54358,MITDB_P232,232,1675000000,2,20260929,1,0.05811168998479843,0.5145238041877747,15,V2-002-F02-S20260929,4417c6668930e37bc9f0b71ff70d7ff9762182381c6fc54ae10e2b9c9d229143,MODEL_V1_CV_REFERENCE_V1
e6af709997a84b8f7ecd2e5fd518212b188c80186d65cbddb812abd1c09fc8b5,MITDB_P220,220,185000000,2,20260929,0,2.268451690673828,0.9062303304672241,15,V2-002-F02-S20260929,4417c6668930e37bc9f0b71ff70d7ff9762182381c6fc54ae10e2b9c9d229143,MODEL_V1_CV_REFERENCE_V1
e6c4b15da740aecbeb2feeaa60c81b9b6db8b4269a2bfaf259d4a569dbc44263,MITDB_P232,232,1670000000,2,20260929,1,0.24501857161521912,0.560949981212616,15,V2-002-F02-S20260929,4417c6668930e37bc9f0b71ff70d7ff9762182381c6fc54ae10e2b9c9d229143,MODEL_V1_CV_REFERENCE_V1
e6d68d8a677acb35a16a100bb0175f509109150c234b7af4029b0639766dc44a,MITDB_P215,215,80000000,2,20260929,1,1.1499459743499756,0.759501039981842,15,V2-002-F02-S20260929,4417c6668930e37bc9f0b71ff70d7ff9762182381c6fc54ae10e2b9c9d229143,MODEL_V1_CV_REFERENCE_V1
e6fb5a596eff9cbe1c032ee6ceee4e4db77e033956fcaac8dc3b505a2327196a,MITDB_P111,111,1725000000,2,20260929,0,-1.3212077617645264,0.21061742305755615,15,V2-002-F02-S20260929,4417c6668930e37bc9f0b71ff70d7ff9762182381c6fc54ae10e2b9c9d229143,MODEL_V1_CV_REFERENCE_V1
e70b2fb8887ee133c32f7109551022042928d1f86ff8e9fe31d7fbd5bae6e50d,MITDB_P232,232,1125000000,2,20260929,1,0.599717915058136,0.6455917954444885,15,V2-002-F02-S20260929,4417c6668930e37bc9f0b71ff70d7ff9762182381c6fc54ae10e2b9c9d229143,MODEL_V1_CV_REFERENCE_V1
e71211e05ba01622f31656cd292d3c711529df9922f04792b58734020874258b,MITDB_P111,111,385000000,2,20260929,0,-1.5034151077270508,0.1819167286157608,15,V2-002-F02-S20260929,4417c6668930e37bc9f0b71ff70d7ff9762182381c6fc54ae10e2b9c9d229143,MODEL_V1_CV_REFERENCE_V1
e71926d32a0cd05b43e154c731deaab06965f776e61717699a6987882a63e99b,MITDB_P215,215,975000000,2,20260929,1,-1.746725082397461,0.1484607309103012,15,V2-002-F02-S20260929,4417c6668930e37bc9f0b71ff70d7ff9762182381c6fc54ae10e2b9c9d229143,MODEL_V1_CV_REFERENCE_V1
e7261f4f8d37840d87222087c3cbf14457aa13e2dda25feaff6e442a8d340131,MITDB_P111,111,1465000000,2,20260929,0,-2.0294907093048096,0.1161411926150322,15,V2-002-F02-S20260929,4417c6668930e37bc9f0b71ff70d7ff9762182381c6fc54ae10e2b9c9d229143,MODEL_V1_CV_REFERENCE_V1
e729b4b152e044e71c13488fae309d1446431b112012a6acaf15ad2927e31641,MITDB_P111,111,850000000,2,20260929,0,-1.8291354179382324,0.1383412927389145,15,V2-002-F02-S20260929,4417c6668930e37bc9f0b71ff70d7ff9762182381c6fc54ae10e2b9c9d229143,MODEL_V1_CV_REFERENCE_V1
e72cd0d41baeed79b0f0982957ba09a6d28f6cc541c559f9ce3de649433ec14d,MITDB_P215,215,950000000,2,20260929,0,-4.84470272064209,0.007808503694832325,15,V2-002-F02-S20260929,4417c6668930e37bc9f0b71ff70d7ff9762182381c6fc54ae10e2b9c9d229143,MODEL_V1_CV_REFERENCE_V1
e7377d296f69397334fe6c60a22fbf631f270ad7f624eda1b044876119640c54,MITDB_P111,111,505000000,2,20260929,0,-0.948207437992096,0.2792454659938812,15,V2-002-F02-S20260929,4417c6668930e37bc9f0b71ff70d7ff9762182381c6fc54ae10e2b9c9d229143,MODEL_V1_CV_REFERENCE_V1
e75f339ad3a86ef95ca46a93165af55e87e077cb54153f57663e25dc374d8bfb,MITDB_P215,215,20000000,2,20260929,1,-0.33247631788253784,0.41763824224472046,15,V2-002-F02-S20260929,4417c6668930e37bc9f0b71ff70d7ff9762182381c6fc54ae10e2b9c9d229143,MODEL_V1_CV_REFERENCE_V1
e782e5f6a31a0a6fec34f9dc27955160b00a8186e997f5e8dad705cfdbad8d98,MITDB_P113,113,505000000,2,20260929,0,1.641766905784607,0.8377752304077148,15,V2-002-F02-S20260929,4417c6668930e37bc9f0b71ff70d7ff9762182381c6fc54ae10e2b9c9d229143,MODEL_V1_CV_REFERENCE_V1
e7a09a3cfffb54b8d38892160132c43102012a19301cb6cfa56c5dc18c93c627,MITDB_P232,232,1545000000,2,20260929,1,0.6633099913597107,0.6600035429000854,15,V2-002-F02-S20260929,4417c6668930e37bc9f0b71ff70d7ff9762182381c6fc54ae10e2b9c9d229143,MODEL_V1_CV_REFERENCE_V1
e7a2066b0fccf072cf5db93e24f03807a0bb8d9acc14cd967d86c1656a258a3a,MITDB_P232,232,330000000,2,20260929,1,0.226080060005188,0.5562805533409119,15,V2-002-F02-S20260929,4417c6668930e37bc9f0b71ff70d7ff9762182381c6fc54ae10e2b9c9d229143,MODEL_V1_CV_REFERENCE_V1
e7b0b437a35517b60a5c638a5126ad959bdf39fb38ca9cb55360755940e5d24b,MITDB_P232,232,1465000000,2,20260929,1,0.48768875002861023,0.6195617914199829,15,V2-002-F02-S20260929,4417c6668930e37bc9f0b71ff70d7ff9762182381c6fc54ae10e2b9c9d229143,MODEL_V1_CV_REFERENCE_V1
e7d4ec4c6c7fbeef373454a9eba70caafb80e49f4260600cdb2e53b5f80b82af,MITDB_P220,220,1105000000,2,20260929,1,1.7652709484100342,0.8538685441017151,15,V2-002-F02-S20260929,4417c6668930e37bc9f0b71ff70d7ff9762182381c6fc54ae10e2b9c9d229143,MODEL_V1_CV_REFERENCE_V1
e7dbaabefe1cae8f6839dd72c605185ab2bac127f05309f59a817507a8235a51,MITDB_P220,220,1675000000,2,20260929,1,1.4404785633087158,0.8085287809371948,15,V2-002-F02-S20260929,4417c6668930e37bc9f0b71ff70d7ff9762182381c6fc54ae10e2b9c9d229143,MODEL_V1_CV_REFERENCE_V1
e830a7c23321f97b497610e95c7175070e7b29cfe93de02ab8bfe06dbf26edbd,MITDB_P232,232,80000000,2,20260929,1,0.843890368938446,0.6992839574813843,15,V2-002-F02-S20260929,4417c6668930e37bc9f0b71ff70d7ff9762182381c6fc54ae10e2b9c9d229143,MODEL_V1_CV_REFERENCE_V1
e833fd1a94f006e314d7e8810fca36265a5cabf42f91374848df5cc7c4ed9a8f,MITDB_P113,113,995000000,2,20260929,0,0.4979352653026581,0.621973991394043,15,V2-002-F02-S20260929,4417c6668930e37bc9f0b71ff70d7ff9762182381c6fc54ae10e2b9c9d229143,MODEL_V1_CV_REFERENCE_V1
e85891cb317c7e4d0a1f60b84fc2f36ce36a31d0590247db7f58d15085f112cd,MITDB_P232,232,500000000,2,20260929,1,0.3988190293312073,0.5984039306640625,15,V2-002-F02-S20260929,4417c6668930e37bc9f0b71ff70d7ff9762182381c6fc54ae10e2b9c9d229143,MODEL_V1_CV_REFERENCE_V1
e87946127e83ba12aea1f5fb8031731fd453f502ecc78ffdcef8d8418e4d9e04,MITDB_P232,232,1570000000,2,20260929,1,0.21961131691932678,0.554683268070221,15,V2-002-F02-S20260929,4417c6668930e37bc9f0b71ff70d7ff9762182381c6fc54ae10e2b9c9d229143,MODEL_V1_CV_REFERENCE_V1
e8c022f37ef078437749fe5083281a7556e4cb554458d40b1f79d0768ae85599,MITDB_P232,232,45000000,2,20260929,1,0.5230060815811157,0.6278504133224487,15,V2-002-F02-S20260929,4417c6668930e37bc9f0b71ff70d7ff9762182381c6fc54ae10e2b9c9d229143,MODEL_V1_CV_REFERENCE_V1
e8e40da2fa2ac511169bfe482bb641338c7df625b8c299d1338a0734be936691,MITDB_P113,113,335000000,2,20260929,0,1.5893927812576294,0.8305306434631348,15,V2-002-F02-S20260929,4417c6668930e37bc9f0b71ff70d7ff9762182381c6fc54ae10e2b9c9d229143,MODEL_V1_CV_REFERENCE_V1
e971e00ec92883d081358271f0a7a34a947661bbb67306fa9441db765c4bd624,MITDB_P113,113,1405000000,2,20260929,0,1.3406630754470825,0.7925989627838135,15,V2-002-F02-S20260929,4417c6668930e37bc9f0b71ff70d7ff9762182381c6fc54ae10e2b9c9d229143,MODEL_V1_CV_REFERENCE_V1
e973ad75fcbeb2a5fa4b4887218a2e14c4791eb0d609d402d0299fb111222a7b,MITDB_P232,232,415000000,2,20260929,1,0.2641776204109192,0.5656629800796509,15,V2-002-F02-S20260929,4417c6668930e37bc9f0b71ff70d7ff9762182381c6fc54ae10e2b9c9d229143,MODEL_V1_CV_REFERENCE_V1
e9777c743dff603f80c0b3d96cc9d30e3cc6f447b1e8515a1cb39cb1338b548e,MITDB_P232,232,685000000,2,20260929,1,1.1456058025360107,0.7587074041366577,15,V2-002-F02-S20260929,4417c6668930e37bc9f0b71ff70d7ff9762182381c6fc54ae10e2b9c9d229143,MODEL_V1_CV_REFERENCE_V1
e97cffc48422e75ac02bb518ab1530e7de8d06a2af678f2844ec44369fef9a03,MITDB_P220,220,1755000000,2,20260929,0,1.638487458229065,0.8373289704322815,15,V2-002-F02-S20260929,4417c6668930e37bc9f0b71ff70d7ff9762182381c6fc54ae10e2b9c9d229143,MODEL_V1_CV_REFERENCE_V1
e9b3e5162b69113757b9efdec9a238f6dec1fcfd2e248f1180d9417e363fbcf6,MITDB_P215,215,805000000,2,20260929,0,-4.963664531707764,0.006938792299479246,15,V2-002-F02-S20260929,4417c6668930e37bc9f0b71ff70d7ff9762182381c6fc54ae10e2b9c9d229143,MODEL_V1_CV_REFERENCE_V1
e9ba1f39a7e9159c1932d36a1a150bd96c71c164834b7e43ffd66f4b749ce008,MITDB_P232,232,240000000,2,20260929,1,0.033415161073207855,0.5083529949188232,15,V2-002-F02-S20260929,4417c6668930e37bc9f0b71ff70d7ff9762182381c6fc54ae10e2b9c9d229143,MODEL_V1_CV_REFERENCE_V1
e9ce17534134f63713d10771358b9e5def188e147e1ec9e116dc6281753a02dd,MITDB_P111,111,1565000000,2,20260929,0,-2.1999034881591797,0.09975916147232056,15,V2-002-F02-S20260929,4417c6668930e37bc9f0b71ff70d7ff9762182381c6fc54ae10e2b9c9d229143,MODEL_V1_CV_REFERENCE_V1
e9de7f50130e8324455f1a27d0a4044c8f20a41a91fed715d105bc448dc2afb7,MITDB_P111,111,900000000,2,20260929,0,-0.3436819911003113,0.41491538286209106,15,V2-002-F02-S20260929,4417c6668930e37bc9f0b71ff70d7ff9762182381c6fc54ae10e2b9c9d229143,MODEL_V1_CV_REFERENCE_V1
ea1dd9fe34e08f747ad964f5d97b148dac265bf82c37e8f4be9038327c89aa04,MITDB_P220,220,1325000000,2,20260929,0,1.3612263202667236,0.795958936214447,15,V2-002-F02-S20260929,4417c6668930e37bc9f0b71ff70d7ff9762182381c6fc54ae10e2b9c9d229143,MODEL_V1_CV_REFERENCE_V1
ea212ee9c028513cd343578295f31c52374f58c94244049a8163a226db9aa3bc,MITDB_P111,111,1385000000,2,20260929,0,-1.312927484512329,0.211997389793396,15,V2-002-F02-S20260929,4417c6668930e37bc9f0b71ff70d7ff9762182381c6fc54ae10e2b9c9d229143,MODEL_V1_CV_REFERENCE_V1
ea5fe00196bbe37ca4f6c6aa84032586a3f6c0fcd3e819aca938192841f04afa,MITDB_P215,215,1775000000,2,20260929,1,-1.4502530097961426,0.18996264040470123,15,V2-002-F02-S20260929,4417c6668930e37bc9f0b71ff70d7ff9762182381c6fc54ae10e2b9c9d229143,MODEL_V1_CV_REFERENCE_V1
ea723e2c648c3168a480bd5b5b81465798fdf0a5ded0e4ba2eb06b08a149e817,MITDB_P220,220,1095000000,2,20260929,1,2.2039434909820557,0.9006030559539795,15,V2-002-F02-S20260929,4417c6668930e37bc9f0b71ff70d7ff9762182381c6fc54ae10e2b9c9d229143,MODEL_V1_CV_REFERENCE_V1
ea76bf2d03844eb7d7ac83593a3b66c1b9f3f3b95e9f843923c94f6d3ec06390,MITDB_P113,113,495000000,2,20260929,0,1.592519998550415,0.8309703469276428,15,V2-002-F02-S20260929,4417c6668930e37bc9f0b71ff70d7ff9762182381c6fc54ae10e2b9c9d229143,MODEL_V1_CV_REFERENCE_V1
ead33ccaab7719e1d1a08f64c0b8904238e3bd8a99b3b1382c3ffc373059dba3,MITDB_P113,113,1125000000,2,20260929,0,1.7972228527069092,0.8578104972839355,15,V2-002-F02-S20260929,4417c6668930e37bc9f0b71ff70d7ff9762182381c6fc54ae10e2b9c9d229143,MODEL_V1_CV_REFERENCE_V1
eb2f43be9f1f974761cf3daad0e974409da16598fd6abe2e3bf3b2636776bcaf,MITDB_P215,215,1305000000,2,20260929,1,-0.9171642661094666,0.2855360507965088,15,V2-002-F02-S20260929,4417c6668930e37bc9f0b71ff70d7ff9762182381c6fc54ae10e2b9c9d229143,MODEL_V1_CV_REFERENCE_V1
eb69f2d54b3bbcc27ecb4b666b41e85093b515487af5483c0332d5c4740010b7,MITDB_P232,232,605000000,2,20260929,1,-0.014859236776828766,0.49628522992134094,15,V2-002-F02-S20260929,4417c6668930e37bc9f0b71ff70d7ff9762182381c6fc54ae10e2b9c9d229143,MODEL_V1_CV_REFERENCE_V1
eb8792d70f3ee416789360556e243e2d4486ebaf1b45687667d07eb774937a83,MITDB_P232,232,1460000000,2,20260929,1,0.09486206620931625,0.5236977338790894,15,V2-002-F02-S20260929,4417c6668930e37bc9f0b71ff70d7ff9762182381c6fc54ae10e2b9c9d229143,MODEL_V1_CV_REFERENCE_V1
ec41c858c783b23a6c961a983f973c88262d8ff01b66eb60fdbe99df86f81798,MITDB_P113,113,1760000000,2,20260929,0,1.2449764013290405,0.7764290571212769,15,V2-002-F02-S20260929,4417c6668930e37bc9f0b71ff70d7ff9762182381c6fc54ae10e2b9c9d229143,MODEL_V1_CV_REFERENCE_V1
ec41c88dbf23e447a2f67733ca03bb731a304b35a1ba601ded7232c0b08fb77b,MITDB_P215,215,385000000,2,20260929,1,-1.1935662031173706,0.23262174427509308,15,V2-002-F02-S20260929,4417c6668930e37bc9f0b71ff70d7ff9762182381c6fc54ae10e2b9c9d229143,MODEL_V1_CV_REFERENCE_V1
ec66a771801b2e783cfaf7b2341c0e428c21ec98ca6fff26cb3076f1e7cacbf9,MITDB_P111,111,770000000,2,20260929,0,-0.20595240592956543,0.4486931264400482,15,V2-002-F02-S20260929,4417c6668930e37bc9f0b71ff70d7ff9762182381c6fc54ae10e2b9c9d229143,MODEL_V1_CV_REFERENCE_V1
ec8fe433652d4e265c2f83c613b9152b4277dd9356f049f5c821dfdae25b8c18,MITDB_P215,215,790000000,2,20260929,0,-4.448525428771973,0.01156059093773365,15,V2-002-F02-S20260929,4417c6668930e37bc9f0b71ff70d7ff9762182381c6fc54ae10e2b9c9d229143,MODEL_V1_CV_REFERENCE_V1
ec9394ef9db981d4ac67f2cb29f6ee50f97708e0da8b7c0d5f3ef0884e7bca97,MITDB_P220,220,1415000000,2,20260929,0,2.0549373626708984,0.8864455223083496,15,V2-002-F02-S20260929,4417c6668930e37bc9f0b71ff70d7ff9762182381c6fc54ae10e2b9c9d229143,MODEL_V1_CV_REFERENCE_V1
eca0321c5e419685b0c03ca0a6ad8059bf2035950c7f941df1bb69759b4a05df,MITDB_P215,215,865000000,2,20260929,1,-1.779007077217102,0.14442577958106995,15,V2-002-F02-S20260929,4417c6668930e37bc9f0b71ff70d7ff9762182381c6fc54ae10e2b9c9d229143,MODEL_V1_CV_REFERENCE_V1
ecd07882448df414991f3626f304120ab30ec42b052038f703166fe39ddedc0b,MITDB_P215,215,1000000000,2,20260929,1,-3.5463778972625732,0.028021058067679405,15,V2-002-F02-S20260929,4417c6668930e37bc9f0b71ff70d7ff9762182381c6fc54ae10e2b9c9d229143,MODEL_V1_CV_REFERENCE_V1
ecd18a185c7315276562245b2d570b4784a034e9fd816cc4d9e64ed48255b12e,MITDB_P220,220,575000000,2,20260929,0,2.4640157222747803,0.9215803742408752,15,V2-002-F02-S20260929,4417c6668930e37bc9f0b71ff70d7ff9762182381c6fc54ae10e2b9c9d229143,MODEL_V1_CV_REFERENCE_V1
ed12013978b53aa1316ad6200db7e14c35f5ddb26a3780d2043f89aed3d6d176,MITDB_P113,113,550000000,2,20260929,0,1.6571036577224731,0.8398488163948059,15,V2-002-F02-S20260929,4417c6668930e37bc9f0b71ff70d7ff9762182381c6fc54ae10e2b9c9d229143,MODEL_V1_CV_REFERENCE_V1
ed3fbd0abb8c7b4def6b3bfcd2e0f1738f91f67f957c34ce48478d43076c9bfc,MITDB_P220,220,1015000000,2,20260929,1,2.204563617706299,0.9006586074829102,15,V2-002-F02-S20260929,4417c6668930e37bc9f0b71ff70d7ff9762182381c6fc54ae10e2b9c9d229143,MODEL_V1_CV_REFERENCE_V1
ed4c480132f4dc1eb5c1ed1b6c98d56db6bf43fc2a6e34c5ed1e70d7a697af62,MITDB_P111,111,855000000,2,20260929,0,-1.8272879123687744,0.1385616809129715,15,V2-002-F02-S20260929,4417c6668930e37bc9f0b71ff70d7ff9762182381c6fc54ae10e2b9c9d229143,MODEL_V1_CV_REFERENCE_V1
eda3c5338069e1b975fc8bd1893375afa478a2d18d2ea36b821065e961b059e7,MITDB_P113,113,365000000,2,20260929,0,1.7032755613327026,0.8459620475769043,15,V2-002-F02-S20260929,4417c6668930e37bc9f0b71ff70d7ff9762182381c6fc54ae10e2b9c9d229143,MODEL_V1_CV_REFERENCE_V1
edb68eec93ba5dd1e35d0902fb17147cb431515b3e6f12fdd18ec62f9433768f,MITDB_P232,232,1255000000,2,20260929,1,0.48872342705726624,0.619805634021759,15,V2-002-F02-S20260929,4417c6668930e37bc9f0b71ff70d7ff9762182381c6fc54ae10e2b9c9d229143,MODEL_V1_CV_REFERENCE_V1
eddd8ee3230c830ca0c936f0c86a265abe79c451849b771c90d9f5e85e9b8df0,MITDB_P215,215,1710000000,2,20260929,1,-3.829099416732788,0.021267060190439224,15,V2-002-F02-S20260929,4417c6668930e37bc9f0b71ff70d7ff9762182381c6fc54ae10e2b9c9d229143,MODEL_V1_CV_REFERENCE_V1
ee3fbf7333eda274a8182bcf28b8a666459147dde6132ef83c32d5a9aa08c012,MITDB_P113,113,790000000,2,20260929,0,1.4495611190795898,0.8099308609962463,15,V2-002-F02-S20260929,4417c6668930e37bc9f0b71ff70d7ff9762182381c6fc54ae10e2b9c9d229143,MODEL_V1_CV_REFERENCE_V1
ee408c9f288ab516db46c5ba6b1c98e9837fbbf05a212bcc9b1d9a3cf2614a15,MITDB_P215,215,1660000000,2,20260929,1,-2.2601985931396484,0.09447337687015533,15,V2-002-F02-S20260929,4417c6668930e37bc9f0b71ff70d7ff9762182381c6fc54ae10e2b9c9d229143,MODEL_V1_CV_REFERENCE_V1
ee5fc82a828ee021c33d4892975f7614a66d26dd11079aab3e3db37cad19f5d8,MITDB_P232,232,290000000,2,20260929,1,1.4284300804138184,0.806656539440155,15,V2-002-F02-S20260929,4417c6668930e37bc9f0b71ff70d7ff9762182381c6fc54ae10e2b9c9d229143,MODEL_V1_CV_REFERENCE_V1
ee67815c52bd3654e709342081fb82b0f2017362fc7e30eee844c9160be81132,MITDB_P215,215,15000000,2,20260929,0,-3.707333564758301,0.023954953998327255,15,V2-002-F02-S20260929,4417c6668930e37bc9f0b71ff70d7ff9762182381c6fc54ae10e2b9c9d229143,MODEL_V1_CV_REFERENCE_V1
ee8d06e01d24c902d2d735f9d568e1065133781049b759857049dbdadb8a231e,MITDB_P113,113,1660000000,2,20260929,0,1.6252079010009766,0.8355120420455933,15,V2-002-F02-S20260929,4417c6668930e37bc9f0b71ff70d7ff9762182381c6fc54ae10e2b9c9d229143,MODEL_V1_CV_REFERENCE_V1
ee9cf8259f49e2a4b69955be83df0e69a34e573f186ec66ae7daafd5700ccd87,MITDB_P215,215,1555000000,2,20260929,0,-4.254454612731934,0.014001993462443352,15,V2-002-F02-S20260929,4417c6668930e37bc9f0b71ff70d7ff9762182381c6fc54ae10e2b9c9d229143,MODEL_V1_CV_REFERENCE_V1
eeb729e0cc9e9ded06fe98c3c5559481747ba656e44b01ad6344638d55250c35,MITDB_P113,113,380000000,2,20260929,0,1.427200198173523,0.8064647316932678,15,V2-002-F02-S20260929,4417c6668930e37bc9f0b71ff70d7ff9762182381c6fc54ae10e2b9c9d229143,MODEL_V1_CV_REFERENCE_V1
ef0ed0fd29eb5ed0caecdf5c5ec8ecf32db0943bbe7eef91bcb1364d0af02ee8,MITDB_P220,220,750000000,2,20260929,0,2.0578536987304688,0.8867387771606445,15,V2-002-F02-S20260929,4417c6668930e37bc9f0b71ff70d7ff9762182381c6fc54ae10e2b9c9d229143,MODEL_V1_CV_REFERENCE_V1
ef5cd80e6d2f557472359487aa9cf4c300d71b42d9a69e024d7032ec675a7923,MITDB_P111,111,150000000,2,20260929,0,-0.7718775868415833,0.31607308983802795,15,V2-002-F02-S20260929,4417c6668930e37bc9f0b71ff70d7ff9762182381c6fc54ae10e2b9c9d229143,MODEL_V1_CV_REFERENCE_V1
ef68ca23238c50e4d7b56a4f5d1279589572455b153e4447da530d0907098800,MITDB_P113,113,1220000000,2,20260929,0,1.3476126194000244,0.7937390208244324,15,V2-002-F02-S20260929,4417c6668930e37bc9f0b71ff70d7ff9762182381c6fc54ae10e2b9c9d229143,MODEL_V1_CV_REFERENCE_V1
efb4b96d0066f4db38ad8acede1f8b6e373a38e2ace0560007706f792f1e04b6,MITDB_P232,232,15000000,2,20260929,1,2.490889310836792,0.923500657081604,15,V2-002-F02-S20260929,4417c6668930e37bc9f0b71ff70d7ff9762182381c6fc54ae10e2b9c9d229143,MODEL_V1_CV_REFERENCE_V1
efe86d6750ae98e3647ba5187b91bb3ab448393448af30c26e15de975288e680,MITDB_P215,215,595000000,2,20260929,1,-1.8834121227264404,0.13199743628501892,15,V2-002-F02-S20260929,4417c6668930e37bc9f0b71ff70d7ff9762182381c6fc54ae10e2b9c9d229143,MODEL_V1_CV_REFERENCE_V1
f00ac2e4924363e3e19152b97c188f77d1dab7d82c80f8c6a7390a6edeab71ad,MITDB_P220,220,1575000000,2,20260929,0,1.554754614830017,0.8255993723869324,15,V2-002-F02-S20260929,4417c6668930e37bc9f0b71ff70d7ff9762182381c6fc54ae10e2b9c9d229143,MODEL_V1_CV_REFERENCE_V1
f012c141e26b10a6560cc3c9bb073b4630685517c37a570615d089803e8c3b3e,MITDB_P215,215,1450000000,2,20260929,1,-1.2422488927841187,0.2240447849035263,15,V2-002-F02-S20260929,4417c6668930e37bc9f0b71ff70d7ff9762182381c6fc54ae10e2b9c9d229143,MODEL_V1_CV_REFERENCE_V1
f02068d211000aa96c16c94e7749da67976cc056124fb28cc5e18cf9bb2174de,MITDB_P111,111,1410000000,2,20260929,0,-1.9447252750396729,0.12512965500354767,15,V2-002-F02-S20260929,4417c6668930e37bc9f0b71ff70d7ff9762182381c6fc54ae10e2b9c9d229143,MODEL_V1_CV_REFERENCE_V1
f05c66b578ad8fc380dbb9147f3ae408db26ef80fb09aae7a4e303b43d7c7cf9,MITDB_P113,113,1010000000,2,20260929,0,1.4738458395004272,0.8136412501335144,15,V2-002-F02-S20260929,4417c6668930e37bc9f0b71ff70d7ff9762182381c6fc54ae10e2b9c9d229143,MODEL_V1_CV_REFERENCE_V1
f05ec265339a36133a766c909380f7262c9e5c63ca3902a02b82f70d93591a05,MITDB_P220,220,1430000000,2,20260929,1,1.9842928647994995,0.8791380524635315,15,V2-002-F02-S20260929,4417c6668930e37bc9f0b71ff70d7ff9762182381c6fc54ae10e2b9c9d229143,MODEL_V1_CV_REFERENCE_V1
f0874b72247979d4138346e27eb8d5455128dad10302f08c71bdab70010d68fd,MITDB_P220,220,1385000000,2,20260929,0,1.5918421745300293,0.8308750987052917,15,V2-002-F02-S20260929,4417c6668930e37bc9f0b71ff70d7ff9762182381c6fc54ae10e2b9c9d229143,MODEL_V1_CV_REFERENCE_V1
f089997fb8a69c63f2c75c1d04c732f877697f75db6e0b566c08014c0f56ce4e,MITDB_P111,111,340000000,2,20260929,0,-1.7219386100769043,0.15162162482738495,15,V2-002-F02-S20260929,4417c6668930e37bc9f0b71ff70d7ff9762182381c6fc54ae10e2b9c9d229143,MODEL_V1_CV_REFERENCE_V1
f0c430661288270ec3373e8f6e28aa0ac2bedeec3d0301eeb591c92eca0a1b46,MITDB_P220,220,1080000000,2,20260929,0,2.0014638900756836,0.8809506893157959,15,V2-002-F02-S20260929,4417c6668930e37bc9f0b71ff70d7ff9762182381c6fc54ae10e2b9c9d229143,MODEL_V1_CV_REFERENCE_V1
f0c5e49fa85271e5d495ebb0afa6ba7c10715b66f7f3229f3c86c074239a1263,MITDB_P220,220,45000000,2,20260929,0,2.0534632205963135,0.8862971067428589,15,V2-002-F02-S20260929,4417c6668930e37bc9f0b71ff70d7ff9762182381c6fc54ae10e2b9c9d229143,MODEL_V1_CV_REFERENCE_V1
f0c9aa31e22bbfeb093e40a1bfa9cb48b9628ca0afd0dba26ed5aa7218b615cd,MITDB_P215,215,1525000000,2,20260929,1,-1.5615204572677612,0.17342858016490936,15,V2-002-F02-S20260929,4417c6668930e37bc9f0b71ff70d7ff9762182381c6fc54ae10e2b9c9d229143,MODEL_V1_CV_REFERENCE_V1
f116c613379cc87aacfbf3f930b788723215bdf7ea7b223cd4da1cb70b62bfa5,MITDB_P113,113,1370000000,2,20260929,0,1.4506816864013672,0.8101033568382263,15,V2-002-F02-S20260929,4417c6668930e37bc9f0b71ff70d7ff9762182381c6fc54ae10e2b9c9d229143,MODEL_V1_CV_REFERENCE_V1
f11a3f618cb6e8d697d19b5ad803afd5418de6c9b28862a37a741b12a2bdc0e4,MITDB_P111,111,980000000,2,20260929,0,-3.0253658294677734,0.046292997896671295,15,V2-002-F02-S20260929,4417c6668930e37bc9f0b71ff70d7ff9762182381c6fc54ae10e2b9c9d229143,MODEL_V1_CV_REFERENCE_V1
f12803f3a526420e2dc4cd55e8f1ba2fd82e5628207d8308bb22af6f74df47ef,MITDB_P232,232,1320000000,2,20260929,1,0.5818538069725037,0.6414938569068909,15,V2-002-F02-S20260929,4417c6668930e37bc9f0b71ff70d7ff9762182381c6fc54ae10e2b9c9d229143,MODEL_V1_CV_REFERENCE_V1
f143f99d07f78e4b7202d1bd67baa9977cbecdee367a15614e086764c2ba3103,MITDB_P215,215,1615000000,2,20260929,1,0.07025229185819626,0.517555832862854,15,V2-002-F02-S20260929,4417c6668930e37bc9f0b71ff70d7ff9762182381c6fc54ae10e2b9c9d229143,MODEL_V1_CV_REFERENCE_V1
f156aca5e03bd394db6ed1a122ec81a12ba70feb92ce994390458549f27bec72,MITDB_P215,215,940000000,2,20260929,0,-4.26413106918335,0.01386902667582035,15,V2-002-F02-S20260929,4417c6668930e37bc9f0b71ff70d7ff9762182381c6fc54ae10e2b9c9d229143,MODEL_V1_CV_REFERENCE_V1
f15950ece3d9526b0fd39c04c0244e5423270227846de6da64f1d2c07b459435,MITDB_P111,111,1055000000,2,20260929,0,-1.918761968612671,0.1279996931552887,15,V2-002-F02-S20260929,4417c6668930e37bc9f0b71ff70d7ff9762182381c6fc54ae10e2b9c9d229143,MODEL_V1_CV_REFERENCE_V1
f19f5ffd73be6f8ba8867fef959e94340b6daf1bef966a2ee69112caa27276ea,MITDB_P215,215,1065000000,2,20260929,0,-4.151125431060791,0.015502570196986198,15,V2-002-F02-S20260929,4417c6668930e37bc9f0b71ff70d7ff9762182381c6fc54ae10e2b9c9d229143,MODEL_V1_CV_REFERENCE_V1
f1a6f8d599e607df0bbabe88dac218c9038d1a3d1736617896a06cb2d20113eb,MITDB_P232,232,105000000,2,20260929,1,0.5189212560653687,0.6268954873085022,15,V2-002-F02-S20260929,4417c6668930e37bc9f0b71ff70d7ff9762182381c6fc54ae10e2b9c9d229143,MODEL_V1_CV_REFERENCE_V1
f1cbc2cda5eca3658e32b152d5ac043d680dbce7cdfd968673e0d73e08ff2903,MITDB_P111,111,1210000000,2,20260929,0,-1.9138355255126953,0.12855055928230286,15,V2-002-F02-S20260929,4417c6668930e37bc9f0b71ff70d7ff9762182381c6fc54ae10e2b9c9d229143,MODEL_V1_CV_REFERENCE_V1
f1e9430b1094952eaf21d57179ba8cd02202a072fb9205ef0d4a40a56250dd34,MITDB_P111,111,1525000000,2,20260929,0,-2.655533790588379,0.06564875692129135,15,V2-002-F02-S20260929,4417c6668930e37bc9f0b71ff70d7ff9762182381c6fc54ae10e2b9c9d229143,MODEL_V1_CV_REFERENCE_V1
f22f7bf3e3177ec7125963cfbf46066c9ab28f674175e83f50ab275696bcc33b,MITDB_P232,232,1450000000,2,20260929,1,0.028828464448451996,0.5072066187858582,15,V2-002-F02-S20260929,4417c6668930e37bc9f0b71ff70d7ff9762182381c6fc54ae10e2b9c9d229143,MODEL_V1_CV_REFERENCE_V1
f28b6723cb651019fdf71b7e4f61d9077a1697b76e8be4823987e11fa1499aee,MITDB_P113,113,690000000,2,20260929,0,1.6359031200408936,0.8369767069816589,15,V2-002-F02-S20260929,4417c6668930e37bc9f0b71ff70d7ff9762182381c6fc54ae10e2b9c9d229143,MODEL_V1_CV_REFERENCE_V1
f28f1fe8476ef81b7e2082a7d228073cbbb4e37ae18a6df5e0593d9cb91195e1,MITDB_P232,232,795000000,2,20260929,1,0.8174245357513428,0.6936893463134766,15,V2-002-F02-S20260929,4417c6668930e37bc9f0b71ff70d7ff9762182381c6fc54ae10e2b9c9d229143,MODEL_V1_CV_REFERENCE_V1
f2a4f4ea0b56c4c9758c2d1fa98027a4f8352d9985368facd4a291c516a16888,MITDB_P232,232,1345000000,2,20260929,1,-0.46476733684539795,0.385855495929718,15,V2-002-F02-S20260929,4417c6668930e37bc9f0b71ff70d7ff9762182381c6fc54ae10e2b9c9d229143,MODEL_V1_CV_REFERENCE_V1
f2c925ae352b728a45f44590193e201be25d9e02b47e567b8939f97bd24bc42e,MITDB_P215,215,1665000000,2,20260929,0,-3.495195150375366,0.029449252411723137,15,V2-002-F02-S20260929,4417c6668930e37bc9f0b71ff70d7ff9762182381c6fc54ae10e2b9c9d229143,MODEL_V1_CV_REFERENCE_V1
f305138212f62140b3d17d1c483f41cb46a4fe8a263e983c4fa836584378ddcd,MITDB_P113,113,260000000,2,20260929,0,1.5931024551391602,0.8310521245002747,15,V2-002-F02-S20260929,4417c6668930e37bc9f0b71ff70d7ff9762182381c6fc54ae10e2b9c9d229143,MODEL_V1_CV_REFERENCE_V1
f36b3d7a70ff8e1f3a7d9e0c9fd8b9106761901b05d6fbd8af4539cf63285a05,MITDB_P220,220,350000000,2,20260929,0,1.8120710849761963,0.859611988067627,15,V2-002-F02-S20260929,4417c6668930e37bc9f0b71ff70d7ff9762182381c6fc54ae10e2b9c9d229143,MODEL_V1_CV_REFERENCE_V1
f3cba9e280e006b40a2850953c404ae03cc5e1508a162c1a473b53fe24ace486,MITDB_P215,215,1360000000,2,20260929,0,-5.04511833190918,0.00639948109164834,15,V2-002-F02-S20260929,4417c6668930e37bc9f0b71ff70d7ff9762182381c6fc54ae10e2b9c9d229143,MODEL_V1_CV_REFERENCE_V1
f3cbfad509e27293e6a59913212ec6473c078c20efd6dbcf3bdd082d50fff243,MITDB_P220,220,75000000,2,20260929,0,1.6196625232696533,0.8347485661506653,15,V2-002-F02-S20260929,4417c6668930e37bc9f0b71ff70d7ff9762182381c6fc54ae10e2b9c9d229143,MODEL_V1_CV_REFERENCE_V1
f3d8c7199d4cb6bbbbfa61561509c575db00e6237492731125f977cd52cf91a1,MITDB_P220,220,975000000,2,20260929,0,2.057501792907715,0.8867034316062927,15,V2-002-F02-S20260929,4417c6668930e37bc9f0b71ff70d7ff9762182381c6fc54ae10e2b9c9d229143,MODEL_V1_CV_REFERENCE_V1
f3f50a4111995e5a7bdc7a407394fd84c15bc7f2834355a6951bea5759ccf42d,MITDB_P113,113,1085000000,2,20260929,0,1.7973687648773193,0.8578283190727234,15,V2-002-F02-S20260929,4417c6668930e37bc9f0b71ff70d7ff9762182381c6fc54ae10e2b9c9d229143,MODEL_V1_CV_REFERENCE_V1
f404cba619b19d110ec134c49a50593c9612d17b87c70cd2b48959dac26257e8,MITDB_P215,215,720000000,2,20260929,0,-4.962429046630859,0.006947311107069254,15,V2-002-F02-S20260929,4417c6668930e37bc9f0b71ff70d7ff9762182381c6fc54ae10e2b9c9d229143,MODEL_V1_CV_REFERENCE_V1
f4a6d23e3ce912a1b244e1788fd0ef60172ecb54f2c9aebedf93305198483d02,MITDB_P113,113,1595000000,2,20260929,0,0.41859906911849976,0.6031479835510254,15,V2-002-F02-S20260929,4417c6668930e37bc9f0b71ff70d7ff9762182381c6fc54ae10e2b9c9d229143,MODEL_V1_CV_REFERENCE_V1
f4eac27c4a45c30e369a7d4c0388c6b3c2d606b4903854cfb25f40ebccd7839b,MITDB_P113,113,470000000,2,20260929,0,2.268463611602783,0.9062312841415405,15,V2-002-F02-S20260929,4417c6668930e37bc9f0b71ff70d7ff9762182381c6fc54ae10e2b9c9d229143,MODEL_V1_CV_REFERENCE_V1
f516eb5d3c518b3002b9a0c8196a33425cee5825bac42691c00249148d8affe8,MITDB_P232,232,1155000000,2,20260929,1,0.5838080048561096,0.6419432163238525,15,V2-002-F02-S20260929,4417c6668930e37bc9f0b71ff70d7ff9762182381c6fc54ae10e2b9c9d229143,MODEL_V1_CV_REFERENCE_V1
f55c0c207b30bd87d861dca6a5ede01b80633a3fbb8f32a756ae32e3f09a3148,MITDB_P113,113,145000000,2,20260929,0,1.190886378288269,0.7668995261192322,15,V2-002-F02-S20260929,4417c6668930e37bc9f0b71ff70d7ff9762182381c6fc54ae10e2b9c9d229143,MODEL_V1_CV_REFERENCE_V1
f5eea5bf3f1b921d271474d49a370d32e29ded07bc7a4d63db16a3143676f2f0,MITDB_P111,111,15000000,2,20260929,0,-2.1970510482788086,0.10001561045646667,15,V2-002-F02-S20260929,4417c6668930e37bc9f0b71ff70d7ff9762182381c6fc54ae10e2b9c9d229143,MODEL_V1_CV_REFERENCE_V1
f5ff07ee35b3efca864271d4a91d0bc0df89ee3a11e2ae4655f1abac9718db08,MITDB_P215,215,1195000000,2,20260929,1,-1.7426600456237793,0.14897537231445312,15,V2-002-F02-S20260929,4417c6668930e37bc9f0b71ff70d7ff9762182381c6fc54ae10e2b9c9d229143,MODEL_V1_CV_REFERENCE_V1
f61384c643e6abeea4a8a0c50fa820c739f3e0034f5153ceba35649e77a8043f,MITDB_P111,111,1090000000,2,20260929,0,-1.6880788803100586,0.1560286581516266,15,V2-002-F02-S20260929,4417c6668930e37bc9f0b71ff70d7ff9762182381c6fc54ae10e2b9c9d229143,MODEL_V1_CV_REFERENCE_V1
f6405a0116edc5666e6e44e307b88104bcbfe125b8aa3d76d92834dbbabaa67e,MITDB_P215,215,335000000,2,20260929,1,-0.18650996685028076,0.4535072147846222,15,V2-002-F02-S20260929,4417c6668930e37bc9f0b71ff70d7ff9762182381c6fc54ae10e2b9c9d229143,MODEL_V1_CV_REFERENCE_V1
f686e98724a016323550c02cded2a67be94ee590a67dc1a8141ed51527dd5739,MITDB_P111,111,1505000000,2,20260929,0,-2.1746578216552734,0.10204942524433136,15,V2-002-F02-S20260929,4417c6668930e37bc9f0b71ff70d7ff9762182381c6fc54ae10e2b9c9d229143,MODEL_V1_CV_REFERENCE_V1
f69151a2305a3ec3f75272980c6264d4e5b625adf809301d2ee4a33de8cb4413,MITDB_P111,111,145000000,2,20260929,0,-0.9938612580299377,0.2701500952243805,15,V2-002-F02-S20260929,4417c6668930e37bc9f0b71ff70d7ff9762182381c6fc54ae10e2b9c9d229143,MODEL_V1_CV_REFERENCE_V1
f6931d983a522f7b6f8cecceb5b40d43216032b0d9df654ce2f9716a00c3c356,MITDB_P111,111,1450000000,2,20260929,0,-0.7591281533241272,0.318835586309433,15,V2-002-F02-S20260929,4417c6668930e37bc9f0b71ff70d7ff9762182381c6fc54ae10e2b9c9d229143,MODEL_V1_CV_REFERENCE_V1
f6dc964dc6f8fd8b11943963481e896d3aa737e81c8085c96af5881bae94e7ba,MITDB_P111,111,1585000000,2,20260929,0,-2.02927303314209,0.11616354435682297,15,V2-002-F02-S20260929,4417c6668930e37bc9f0b71ff70d7ff9762182381c6fc54ae10e2b9c9d229143,MODEL_V1_CV_REFERENCE_V1
f6ea5b5292813224c46ec9a82c015465f75718f81b995037f3b220859e1e5f86,MITDB_P113,113,1075000000,2,20260929,0,1.9213099479675293,0.872284471988678,15,V2-002-F02-S20260929,4417c6668930e37bc9f0b71ff70d7ff9762182381c6fc54ae10e2b9c9d229143,MODEL_V1_CV_REFERENCE_V1
f7649fcfa469ed4a7005e0a7b17ee54e057f900cbc429688d4c2888a36f45944,MITDB_P232,232,580000000,2,20260929,1,0.12514400482177734,0.531245231628418,15,V2-002-F02-S20260929,4417c6668930e37bc9f0b71ff70d7ff9762182381c6fc54ae10e2b9c9d229143,MODEL_V1_CV_REFERENCE_V1
f77b52cd7f41b048a9728b290c2016faccd96ab14add3243c36fd549e4ead896,MITDB_P215,215,325000000,2,20260929,0,-2.801175355911255,0.05726069211959839,15,V2-002-F02-S20260929,4417c6668930e37bc9f0b71ff70d7ff9762182381c6fc54ae10e2b9c9d229143,MODEL_V1_CV_REFERENCE_V1
f77f8c668cd7d0c110f2f95cb0197d4577ac879f30662cd75ecaa70ba704b323,MITDB_P220,220,735000000,2,20260929,0,1.9172648191452026,0.871833086013794,15,V2-002-F02-S20260929,4417c6668930e37bc9f0b71ff70d7ff9762182381c6fc54ae10e2b9c9d229143,MODEL_V1_CV_REFERENCE_V1
f7b478770f072d629de08a6a455b3047d81dbc97cdaf4c25f638eef83b5a32e1,MITDB_P232,232,115000000,2,20260929,1,0.44940799474716187,0.6104984879493713,15,V2-002-F02-S20260929,4417c6668930e37bc9f0b71ff70d7ff9762182381c6fc54ae10e2b9c9d229143,MODEL_V1_CV_REFERENCE_V1
f7cd03b1b4cc72bce96118eea2ad66db2eeba89e49ea7f8e35364f5586b5c6bc,MITDB_P232,232,75000000,2,20260929,1,1.4495902061462402,0.8099353313446045,15,V2-002-F02-S20260929,4417c6668930e37bc9f0b71ff70d7ff9762182381c6fc54ae10e2b9c9d229143,MODEL_V1_CV_REFERENCE_V1
f7f2be2c1cfc80cc3899ee3d3dde9c84aa19f0ea6af1c80ea2c64348c15f39a3,MITDB_P232,232,805000000,2,20260929,1,0.5175760388374329,0.6265807747840881,15,V2-002-F02-S20260929,4417c6668930e37bc9f0b71ff70d7ff9762182381c6fc54ae10e2b9c9d229143,MODEL_V1_CV_REFERENCE_V1
f833471b2e899d928e5d5efaf366720dacaac504e8d67551a4d75824a4459bdc,MITDB_P220,220,920000000,2,20260929,1,1.9924750328063965,0.8800047039985657,15,V2-002-F02-S20260929,4417c6668930e37bc9f0b71ff70d7ff9762182381c6fc54ae10e2b9c9d229143,MODEL_V1_CV_REFERENCE_V1
f89508f545bbcb58dd6dff2059263c3de4c7c17ae406b7f551ab852f25d3dc21,MITDB_P215,215,705000000,2,20260929,0,-4.565990924835205,0.010292530991137028,15,V2-002-F02-S20260929,4417c6668930e37bc9f0b71ff70d7ff9762182381c6fc54ae10e2b9c9d229143,MODEL_V1_CV_REFERENCE_V1
f896e4bbf89df040d53ca00931bab704a0bd29b4e12c85929d5404e5353a1aa0,MITDB_P111,111,1220000000,2,20260929,0,-1.7588324546813965,0.14693662524223328,15,V2-002-F02-S20260929,4417c6668930e37bc9f0b71ff70d7ff9762182381c6fc54ae10e2b9c9d229143,MODEL_V1_CV_REFERENCE_V1
f89fe184025608835a61e98bca03bdd6c7539fd67cb2054b8a2ca60bbb86e616,MITDB_P215,215,1495000000,2,20260929,1,-1.9031949043273926,0.12974730134010315,15,V2-002-F02-S20260929,4417c6668930e37bc9f0b71ff70d7ff9762182381c6fc54ae10e2b9c9d229143,MODEL_V1_CV_REFERENCE_V1
f8ca1b4b068f7fd5c0d1645db6690a8823358b03c19967bb4667b8b4901c449a,MITDB_P220,220,740000000,2,20260929,0,1.9312231540679932,0.8733847141265869,15,V2-002-F02-S20260929,4417c6668930e37bc9f0b71ff70d7ff9762182381c6fc54ae10e2b9c9d229143,MODEL_V1_CV_REFERENCE_V1
f8cfdae1b29b84c08b8e443f468fce1664fcc16eb9b2bb2a2c85ae33f8e35804,MITDB_P220,220,1090000000,2,20260929,0,1.984776496887207,0.8791893720626831,15,V2-002-F02-S20260929,4417c6668930e37bc9f0b71ff70d7ff9762182381c6fc54ae10e2b9c9d229143,MODEL_V1_CV_REFERENCE_V1
f8db960a107d80748834733862a0ff9f4d2b14b2c3b8669ac4e2690fef3bfb66,MITDB_P215,215,120000000,2,20260929,0,-3.819692611694336,0.021463746204972267,15,V2-002-F02-S20260929,4417c6668930e37bc9f0b71ff70d7ff9762182381c6fc54ae10e2b9c9d229143,MODEL_V1_CV_REFERENCE_V1
f95c8dbb7762939aeb3f533a8d8a6c0b9d24484bd911ec54660e8d4d5e3a1886,MITDB_P113,113,1565000000,2,20260929,0,0.677514910697937,0.6631838083267212,15,V2-002-F02-S20260929,4417c6668930e37bc9f0b71ff70d7ff9762182381c6fc54ae10e2b9c9d229143,MODEL_V1_CV_REFERENCE_V1
f9648d8cc16ea33da2f62d8cc3a13cad1a96c211d6e3045289e2b3d20053b031,MITDB_P220,220,1065000000,2,20260929,0,2.034841775894165,0.8844069838523865,15,V2-002-F02-S20260929,4417c6668930e37bc9f0b71ff70d7ff9762182381c6fc54ae10e2b9c9d229143,MODEL_V1_CV_REFERENCE_V1
f96a0f20cf829bd5f4b8d852833a95da1f48f6bf2cf92ef6931dbdbb99bac1db,MITDB_P232,232,130000000,2,20260929,1,0.450139582157135,0.6106724143028259,15,V2-002-F02-S20260929,4417c6668930e37bc9f0b71ff70d7ff9762182381c6fc54ae10e2b9c9d229143,MODEL_V1_CV_REFERENCE_V1
f96c5833f73bf3f90c95caaf3f4166e760261a777041b16fd41fc8be832a653f,MITDB_P215,215,1540000000,2,20260929,0,-4.804042339324951,0.008129909634590149,15,V2-002-F02-S20260929,4417c6668930e37bc9f0b71ff70d7ff9762182381c6fc54ae10e2b9c9d229143,MODEL_V1_CV_REFERENCE_V1
f9a2fad2756aaaf6eb3b38faf3fb9769dc7d9de73883d3b9d1355618718f3d02,MITDB_P215,215,515000000,2,20260929,1,-1.6909382343292236,0.1556524932384491,15,V2-002-F02-S20260929,4417c6668930e37bc9f0b71ff70d7ff9762182381c6fc54ae10e2b9c9d229143,MODEL_V1_CV_REFERENCE_V1
f9afebc0240d2fd74bbd74d8d6607ab25ba4e83b7a4fa357876a82fdec1425ea,MITDB_P113,113,1605000000,2,20260929,0,0.7278684973716736,0.6743373274803162,15,V2-002-F02-S20260929,4417c6668930e37bc9f0b71ff70d7ff9762182381c6fc54ae10e2b9c9d229143,MODEL_V1_CV_REFERENCE_V1
f9be7706fc2b42725a15f92c34e4c6da2550a049be097629a3b6612c519e986b,MITDB_P232,232,1270000000,2,20260929,1,0.037016771733760834,0.5092531442642212,15,V2-002-F02-S20260929,4417c6668930e37bc9f0b71ff70d7ff9762182381c6fc54ae10e2b9c9d229143,MODEL_V1_CV_REFERENCE_V1
f9efbecfb76c8b870c9b058d2208a9cfcf80f0e30201f44dfa314517aec14f0d,MITDB_P111,111,20000000,2,20260929,0,-2.2864975929260254,0.09224741160869598,15,V2-002-F02-S20260929,4417c6668930e37bc9f0b71ff70d7ff9762182381c6fc54ae10e2b9c9d229143,MODEL_V1_CV_REFERENCE_V1
f9fa3b6bb98f82037765c60e24cf59585374b39ded9e96f40f22d999b4162e59,MITDB_P111,111,105000000,2,20260929,0,-1.309647798538208,0.21254579722881317,15,V2-002-F02-S20260929,4417c6668930e37bc9f0b71ff70d7ff9762182381c6fc54ae10e2b9c9d229143,MODEL_V1_CV_REFERENCE_V1
fa069feed7b2cb8d2cf804b51d2271384d9bf3e5ba32e95e4eda4598080154a8,MITDB_P113,113,510000000,2,20260929,1,1.6904408931732178,0.8442820906639099,15,V2-002-F02-S20260929,4417c6668930e37bc9f0b71ff70d7ff9762182381c6fc54ae10e2b9c9d229143,MODEL_V1_CV_REFERENCE_V1
fa11f3daf01ce27e27daa8e0313f5d6e7a111b57874bda4a8f2a40db0dd2d9f6,MITDB_P215,215,755000000,2,20260929,0,-4.658348083496094,0.009393047541379929,15,V2-002-F02-S20260929,4417c6668930e37bc9f0b71ff70d7ff9762182381c6fc54ae10e2b9c9d229143,MODEL_V1_CV_REFERENCE_V1
fa618378a84df173f1d47284e13d31f1494577277c22e9c2bea0920f06aa01c2,MITDB_P215,215,1770000000,2,20260929,1,-1.119288444519043,0.24614329636096954,15,V2-002-F02-S20260929,4417c6668930e37bc9f0b71ff70d7ff9762182381c6fc54ae10e2b9c9d229143,MODEL_V1_CV_REFERENCE_V1
fa61a6a0a6d416043abbe991773e90fe8985a7b07bf957e0a6d76dcca3ca0d59,MITDB_P215,215,890000000,2,20260929,1,-2.034562349319458,0.11562158912420273,15,V2-002-F02-S20260929,4417c6668930e37bc9f0b71ff70d7ff9762182381c6fc54ae10e2b9c9d229143,MODEL_V1_CV_REFERENCE_V1
fae07abe9a60bd413135f871002e8d55abee813b6b9ebc39bb86d076310d336d,MITDB_P232,232,350000000,2,20260929,1,1.0448609590530396,0.7397868633270264,15,V2-002-F02-S20260929,4417c6668930e37bc9f0b71ff70d7ff9762182381c6fc54ae10e2b9c9d229143,MODEL_V1_CV_REFERENCE_V1
fae5bf33a5445edec2a7e0d1cc7180a447753971897b242704a3e4e97ec3c987,MITDB_P220,220,705000000,2,20260929,0,1.966363549232483,0.8772199749946594,15,V2-002-F02-S20260929,4417c6668930e37bc9f0b71ff70d7ff9762182381c6fc54ae10e2b9c9d229143,MODEL_V1_CV_REFERENCE_V1
fafb6b97f68d599820d8c4e54b3b6f9c2c370237d75208c7edb965a562c561bd,MITDB_P111,111,1780000000,2,20260929,0,-1.1042158603668213,0.24895079433918,15,V2-002-F02-S20260929,4417c6668930e37bc9f0b71ff70d7ff9762182381c6fc54ae10e2b9c9d229143,MODEL_V1_CV_REFERENCE_V1
fb519a48f93ac7d9e1259be50eafb8f16996e9ded7e92fadef7bd70e4e2e9cc5,MITDB_P111,111,1475000000,2,20260929,0,-2.66422438621521,0.06511769443750381,15,V2-002-F02-S20260929,4417c6668930e37bc9f0b71ff70d7ff9762182381c6fc54ae10e2b9c9d229143,MODEL_V1_CV_REFERENCE_V1
fb633a6f0e48f725617317d327528224eab9c624fe699e8a96266e3f90c8253c,MITDB_P220,220,680000000,2,20260929,0,1.9877073764801025,0.8795003890991211,15,V2-002-F02-S20260929,4417c6668930e37bc9f0b71ff70d7ff9762182381c6fc54ae10e2b9c9d229143,MODEL_V1_CV_REFERENCE_V1
fb9d007d5da9df6d827717608b199c1fab89f26286b79d7f9336feb6f617042a,MITDB_P220,220,260000000,2,20260929,0,2.2628509998321533,0.9057533144950867,15,V2-002-F02-S20260929,4417c6668930e37bc9f0b71ff70d7ff9762182381c6fc54ae10e2b9c9d229143,MODEL_V1_CV_REFERENCE_V1
fbbf70dfad1c02c910beab49dac04a39831e27e440947fe7bfc437934c3ec98a,MITDB_P215,215,920000000,2,20260929,1,-1.2797505855560303,0.21759268641471863,15,V2-002-F02-S20260929,4417c6668930e37bc9f0b71ff70d7ff9762182381c6fc54ae10e2b9c9d229143,MODEL_V1_CV_REFERENCE_V1
fbf5ebeb08d87812c959763e0a07eac26133b95ad39bb0f4b1780b22ba097cd9,MITDB_P113,113,575000000,2,20260929,0,1.7883195877075195,0.8567211031913757,15,V2-002-F02-S20260929,4417c6668930e37bc9f0b71ff70d7ff9762182381c6fc54ae10e2b9c9d229143,MODEL_V1_CV_REFERENCE_V1
fc10bf0e49dd13d27cf84caf103a49686f5423084524f5258efc4e9487dc6f14,MITDB_P220,220,1800000000,2,20260929,1,1.4813058376312256,0.8147697448730469,15,V2-002-F02-S20260929,4417c6668930e37bc9f0b71ff70d7ff9762182381c6fc54ae10e2b9c9d229143,MODEL_V1_CV_REFERENCE_V1
fc17dda56eef9c70a8e154169c6bcfada5941efd6a534671341d531b132b0523,MITDB_P232,232,1520000000,2,20260929,1,0.09627868980169296,0.5240510702133179,15,V2-002-F02-S20260929,4417c6668930e37bc9f0b71ff70d7ff9762182381c6fc54ae10e2b9c9d229143,MODEL_V1_CV_REFERENCE_V1
fc2a97cf376650f32d958fd240b2316d3bdde2a5426386abf7ac190105cb7fd2,MITDB_P220,220,1700000000,2,20260929,1,1.4441969394683838,0.8091037273406982,15,V2-002-F02-S20260929,4417c6668930e37bc9f0b71ff70d7ff9762182381c6fc54ae10e2b9c9d229143,MODEL_V1_CV_REFERENCE_V1
fc3ffebcca8856b7a64aa0b06a05c22b62c3916eb7c5bbd48b5cd5ecada5c7b8,MITDB_P220,220,1185000000,2,20260929,0,2.048952579498291,0.8858417868614197,15,V2-002-F02-S20260929,4417c6668930e37bc9f0b71ff70d7ff9762182381c6fc54ae10e2b9c9d229143,MODEL_V1_CV_REFERENCE_V1
fc5bd2095fffc46aca7788569dfc61460373b368979a656d30039de879fbcd53,MITDB_P232,232,1335000000,2,20260929,1,-0.11593500524759293,0.47104865312576294,15,V2-002-F02-S20260929,4417c6668930e37bc9f0b71ff70d7ff9762182381c6fc54ae10e2b9c9d229143,MODEL_V1_CV_REFERENCE_V1
fc81b9c7a127a5dfd65c98cb881a87680db243738d29132f61cf89392e7f24fc,MITDB_P111,111,245000000,2,20260929,0,-1.6365628242492676,0.16293330490589142,15,V2-002-F02-S20260929,4417c6668930e37bc9f0b71ff70d7ff9762182381c6fc54ae10e2b9c9d229143,MODEL_V1_CV_REFERENCE_V1
fcb59ca808136e799b1ecb76c3d3d4806c6ea6a42fe90267058589d6f823e7e3,MITDB_P215,215,1340000000,2,20260929,1,-0.46172595024108887,0.38657647371292114,15,V2-002-F02-S20260929,4417c6668930e37bc9f0b71ff70d7ff9762182381c6fc54ae10e2b9c9d229143,MODEL_V1_CV_REFERENCE_V1
fce8fb485fe826e3973ea331e1dc8b93482f4611a724278936ad8932d1d9b097,MITDB_P220,220,695000000,2,20260929,0,2.0839591026306152,0.8893342614173889,15,V2-002-F02-S20260929,4417c6668930e37bc9f0b71ff70d7ff9762182381c6fc54ae10e2b9c9d229143,MODEL_V1_CV_REFERENCE_V1
fcf347cf209564fadf18df6aff8b7a920bd6ec1192a60255165d6956f6bcd768,MITDB_P215,215,740000000,2,20260929,1,-1.7197818756103516,0.15189926326274872,15,V2-002-F02-S20260929,4417c6668930e37bc9f0b71ff70d7ff9762182381c6fc54ae10e2b9c9d229143,MODEL_V1_CV_REFERENCE_V1
fcf6368ad15d4771337b0fa05f438bed822bf189228ac3e43f7c977fbf8105b9,MITDB_P215,215,1160000000,2,20260929,0,-4.544075012207031,0.010518192313611507,15,V2-002-F02-S20260929,4417c6668930e37bc9f0b71ff70d7ff9762182381c6fc54ae10e2b9c9d229143,MODEL_V1_CV_REFERENCE_V1
fcfd5b417fdc1a434fccbb04f323d6b86c8034de22f67378b7c3bb68cef927d9,MITDB_P113,113,1170000000,2,20260929,0,0.009327434003353119,0.5023318529129028,15,V2-002-F02-S20260929,4417c6668930e37bc9f0b71ff70d7ff9762182381c6fc54ae10e2b9c9d229143,MODEL_V1_CV_REFERENCE_V1
fd0056d9021fd9bfe835c75d323301f5cd3c1fdc397eea0410ec47c365b29ed0,MITDB_P111,111,185000000,2,20260929,0,-2.6704256534576416,0.06474118679761887,15,V2-002-F02-S20260929,4417c6668930e37bc9f0b71ff70d7ff9762182381c6fc54ae10e2b9c9d229143,MODEL_V1_CV_REFERENCE_V1
fd09a66410ac01c2a27e71b8bee9aa27067bf00e99cbdd512bc1759effeaa8d1,MITDB_P232,232,1235000000,2,20260929,1,0.4248044192790985,0.6046323180198669,15,V2-002-F02-S20260929,4417c6668930e37bc9f0b71ff70d7ff9762182381c6fc54ae10e2b9c9d229143,MODEL_V1_CV_REFERENCE_V1
fd2c3116e18ef312b2b83ba63713be60d510ed7d31853b1f23137861f5e82254,MITDB_P113,113,1560000000,2,20260929,0,0.5000990629196167,0.6224825978279114,15,V2-002-F02-S20260929,4417c6668930e37bc9f0b71ff70d7ff9762182381c6fc54ae10e2b9c9d229143,MODEL_V1_CV_REFERENCE_V1
fd673c32df17156baa0ffffecd8983077607d46c3e737209946ce81a655196de,MITDB_P111,111,950000000,2,20260929,0,2.094393730163574,0.8903570771217346,15,V2-002-F02-S20260929,4417c6668930e37bc9f0b71ff70d7ff9762182381c6fc54ae10e2b9c9d229143,MODEL_V1_CV_REFERENCE_V1
fd8aeec1ca4918a3978d0287eeff8aa68f9d676e3165c1ca0d0bb1a8fbd4a0aa,MITDB_P113,113,1305000000,2,20260929,0,2.1411335468292236,0.8948373794555664,15,V2-002-F02-S20260929,4417c6668930e37bc9f0b71ff70d7ff9762182381c6fc54ae10e2b9c9d229143,MODEL_V1_CV_REFERENCE_V1
fd8f4cd203d4046de8c934f40db3f3f0d7aebaa0e2d6632c1fbbdbee869eef90,MITDB_P220,220,295000000,2,20260929,0,1.7632719278335571,0.8536190390586853,15,V2-002-F02-S20260929,4417c6668930e37bc9f0b71ff70d7ff9762182381c6fc54ae10e2b9c9d229143,MODEL_V1_CV_REFERENCE_V1
fe038099358e442d8efb16712cb90ccda10267cf23383349392df8ae30c517f9,MITDB_P113,113,560000000,2,20260929,0,1.5375254154205322,0.8231046795845032,15,V2-002-F02-S20260929,4417c6668930e37bc9f0b71ff70d7ff9762182381c6fc54ae10e2b9c9d229143,MODEL_V1_CV_REFERENCE_V1
fe2a354d5864ea34c04348748c35451df0147074d1a2f2a26edea503fc998206,MITDB_P113,113,1195000000,2,20260929,0,2.1104791164398193,0.8919174671173096,15,V2-002-F02-S20260929,4417c6668930e37bc9f0b71ff70d7ff9762182381c6fc54ae10e2b9c9d229143,MODEL_V1_CV_REFERENCE_V1
fe5295373a8ade12265b8702291732206aba387b80f064ac5a6c0b4306c5ed0f,MITDB_P215,215,1315000000,2,20260929,0,-3.774661064147949,0.022430207580327988,15,V2-002-F02-S20260929,4417c6668930e37bc9f0b71ff70d7ff9762182381c6fc54ae10e2b9c9d229143,MODEL_V1_CV_REFERENCE_V1
fe9319adbd11aebf7be089fef55c398f9229feea94fabcc13e2d1c1be29398fc,MITDB_P232,232,1390000000,2,20260929,1,0.19247812032699585,0.5479715466499329,15,V2-002-F02-S20260929,4417c6668930e37bc9f0b71ff70d7ff9762182381c6fc54ae10e2b9c9d229143,MODEL_V1_CV_REFERENCE_V1
fea14b1709f5ed1e36d0908dc9f672ceb3eece0099c804f7331ade55e6b39d81,MITDB_P215,215,1070000000,2,20260929,1,-1.779141902923584,0.14440912008285522,15,V2-002-F02-S20260929,4417c6668930e37bc9f0b71ff70d7ff9762182381c6fc54ae10e2b9c9d229143,MODEL_V1_CV_REFERENCE_V1
febefb231b0411ad604219eea0e2c309c67317f68f94d995b2c2ec85d7f5d798,MITDB_P220,220,845000000,2,20260929,0,1.4895271062850952,0.8160073161125183,15,V2-002-F02-S20260929,4417c6668930e37bc9f0b71ff70d7ff9762182381c6fc54ae10e2b9c9d229143,MODEL_V1_CV_REFERENCE_V1
fed4d8722c9e3aa9c7bfc27111c5fb81e1e5f831f08ed104578b4bd78039863d,MITDB_P111,111,1550000000,2,20260929,0,-2.648670196533203,0.06607101857662201,15,V2-002-F02-S20260929,4417c6668930e37bc9f0b71ff70d7ff9762182381c6fc54ae10e2b9c9d229143,MODEL_V1_CV_REFERENCE_V1
ff098e28cd95b47f6001626caef115317f030bd16a6f775722fc863022e7be19,MITDB_P113,113,695000000,2,20260929,0,1.3373088836669922,0.7920470237731934,15,V2-002-F02-S20260929,4417c6668930e37bc9f0b71ff70d7ff9762182381c6fc54ae10e2b9c9d229143,MODEL_V1_CV_REFERENCE_V1
ff0f7967e72852b63dac903e739ee3bd76573211e0cd65a59275d2e85d78b33d,MITDB_P215,215,1650000000,2,20260929,0,-4.626892566680908,0.00969029776751995,15,V2-002-F02-S20260929,4417c6668930e37bc9f0b71ff70d7ff9762182381c6fc54ae10e2b9c9d229143,MODEL_V1_CV_REFERENCE_V1
ff160c58f9a397ff3ab46659a0b4f1c3eb4048db43041398198166b4285c5205,MITDB_P111,111,965000000,2,20260929,0,0.7064828276634216,0.6696234941482544,15,V2-002-F02-S20260929,4417c6668930e37bc9f0b71ff70d7ff9762182381c6fc54ae10e2b9c9d229143,MODEL_V1_CV_REFERENCE_V1
ff1f64607b9c785a2b83dd6618cfbf73ea7e758f9cac2564e55761381425edf3,MITDB_P113,113,415000000,2,20260929,1,1.2508875131607056,0.7774534821510315,15,V2-002-F02-S20260929,4417c6668930e37bc9f0b71ff70d7ff9762182381c6fc54ae10e2b9c9d229143,MODEL_V1_CV_REFERENCE_V1
ff2b4dd8c6b9aba16677fdb636358f34476fb7bcfe6c23f264d2bbc987e2afae,MITDB_P111,111,1390000000,2,20260929,0,-1.8243048191070557,0.13891813158988953,15,V2-002-F02-S20260929,4417c6668930e37bc9f0b71ff70d7ff9762182381c6fc54ae10e2b9c9d229143,MODEL_V1_CV_REFERENCE_V1
ff44c41c2dbef0d235571d0aff5cda604bebc5ab1463a539cc57334c3e8c2f99,MITDB_P232,232,1710000000,2,20260929,1,0.3874015212059021,0.5956569910049438,15,V2-002-F02-S20260929,4417c6668930e37bc9f0b71ff70d7ff9762182381c6fc54ae10e2b9c9d229143,MODEL_V1_CV_REFERENCE_V1
ff55c620b884e332efdb2e3ad9132ffde10996557ddd9f21c418ef0c789cb12e,MITDB_P220,220,1210000000,2,20260929,0,1.7172921895980835,0.8477796912193298,15,V2-002-F02-S20260929,4417c6668930e37bc9f0b71ff70d7ff9762182381c6fc54ae10e2b9c9d229143,MODEL_V1_CV_REFERENCE_V1
ff961aa3df62c623cd8c7b25687eac2b3f1f2449df35e763900b7e556f15dfee,MITDB_P111,111,860000000,2,20260929,0,-1.3602497577667236,0.20419973134994507,15,V2-002-F02-S20260929,4417c6668930e37bc9f0b71ff70d7ff9762182381c6fc54ae10e2b9c9d229143,MODEL_V1_CV_REFERENCE_V1
ffd29dcb9eb863fc5478605d45b4589f50ecb8e174a622608ef6c1957498d1fa,MITDB_P215,215,1365000000,2,20260929,0,-5.280366897583008,0.00506477989256382,15,V2-002-F02-S20260929,4417c6668930e37bc9f0b71ff70d7ff9762182381c6fc54ae10e2b9c9d229143,MODEL_V1_CV_REFERENCE_V1
ffecbbb025c40e71b4af015d856707ac34257fad6b7bd970002fa173c8ccb78e,MITDB_P220,220,1070000000,2,20260929,0,2.072376251220703,0.8881891369819641,15,V2-002-F02-S20260929,4417c6668930e37bc9f0b71ff70d7ff9762182381c6fc54ae10e2b9c9d229143,MODEL_V1_CV_REFERENCE_V1
